datetime,date,open,high,low,close,quantity,turnover
2026-09-02,2026-09-02,347.4,350.24,341.5,349.96,9997,3473873.38
2026-09-01,2026-09-01,362.7,362.74,344.44,351.54,5632,1979069.64
2026-08-31,2026-08-31,361.84,362.1,355.72,356.42,3797,1362161.08
2026-08-28,2026-08-28,364.66,372.52,361.18,370.98,8120.0,2982931
2026-08-27,2026-08-27,359.82,365.54,357.74,362.36,11559,4183664.9
2026-08-26,2026-08-26,350.5,353.34,346.66,350.6,4015,1403184.84
2026-08-25,2026-08-25,351.98,355.9,348.68,351.48,4190.0,1477616.66
2026-08-24,2026-08-24,346.96,350.74,338.32,345.98,6498,2246253.78
2026-08-21,2026-08-21,355,360.06,350.1,355.84,8154,2899925.34
2026-08-20,2026-08-20,364.36,365.3,349.88,351.96,6881,2447416.98
2026-08-19,2026-08-19,363.06,369.14,356.22,362.38,6480.0,2345477.38
2026-08-18,2026-08-18,376.92,377.48,362.4,365.06,7435,2742703.7
2026-08-17,2026-08-17,392.52,392.52,387.06,390.46,4911,1914515.12
2026-08-14,2026-08-14,390.06,393.92,383.12,383.68,8604,3355986
2026-08-13,2026-08-13,378.2,392.54,376.48,389.22,10702,4131978.26
2026-08-12,2026-08-12,373.74,381.56,372.88,376.74,7707,2914720.36
2026-08-11,2026-08-11,374,379.06,370.06,370.92,7591,2849852.24
2026-08-10,2026-08-10,379.34,381.7,371.92,373.7,5664,2137240.56
2026-08-07,2026-08-07,366.68,376.84,366.6,376.18,9753,3626908.5
2026-08-06,2026-08-06,365.12,372.1,354.14,367.84,10267,3735471.24
2026-08-05,2026-08-05,381.96,387.88,372.98,376.56,14301,5429324.58
2026-08-04,2026-08-04,351.7,374.38,348.96,371.18,14231,5129585.9
2026-08-03,2026-08-03,334.6,341.7,326.46,340.46,10191,3391485.24
2026-07-31,2026-07-31,331.56,338.5,318.12,320.94,14486,4776601.68
2026-07-30,2026-07-30,299.64,323.2,295,316.22,24876,7636315.76
2026-07-29,2026-07-29,315.08,320.82,303.1,304.56,13741,4303104.48
2026-07-28,2026-07-28,317.66,320.28,304,318.34,11611,3648686.52
2026-07-27,2026-07-27,342.38,344.7,317.1,319.24,7542,2490349.4
2026-07-24,2026-07-24,338.74,343.88,328.46,336.68,11146,3749417.54
2026-07-23,2026-07-23,355.92,358.16,334.86,337.02,9606,3324314.16
2026-07-22,2026-07-22,357.36,365.66,353,365.16,3617,1296574.3
2026-07-21,2026-07-21,359.32,365.52,356.64,365.02,3847,1385866.58
2026-07-20,2026-07-20,346.84,360,346.48,355.08,4949,1747051.94
2026-07-17,2026-07-17,344.56,348.8,334.34,344.96,14358,4913294.7
2026-07-16,2026-07-16,377.72,377.72,363.04,369.76,9895,3672280.1
2026-07-15,2026-07-15,393.62,393.62,373.88,377.06,5988,2310839.3
2026-07-14,2026-07-14,377.4,391.56,375.88,385.32,5441,2071702.66
2026-07-13,2026-07-13,379.16,385.4,374.9,380.74,3751,1428790.84
2026-07-10,2026-07-10,385.3,392.48,382.42,390.76,4609,1780676.28
2026-07-09,2026-07-09,378.02,389.96,376.66,387.54,6343,2429293.54
2026-07-08,2026-07-08,366.28,372.54,352.5,360.26,10409,3736302.24
2026-07-07,2026-07-07,381.6,382.38,363.18,365.38,7756,2896698.66
2026-07-06,2026-07-06,387.8,394.88,386,394.7,6593,2576566.66
2026-07-03,2026-07-03,386.14,390.22,385.68,388.7,5257,2038265.56
2026-07-02,2026-07-02,391.18,403.66,376.12,384.78,11826,4612962.2
2026-07-01,2026-07-01,409.1,411.38,400,407.4,5444,2213912.06
2026-06-30,2026-06-30,398.9,410.82,394.6,409.92,12278,4945312.52
2026-06-29,2026-06-29,378.72,387,368.92,383.76,5542,2104255.22
2026-06-26,2026-06-26,375,379.74,362.64,378.96,6031,2252400.58
2026-06-25,2026-06-25,400.38,403.5,370.32,381.08,8931,3464242.94
2026-06-24,2026-06-24,388.12,392.5,377.98,388.6,6212,2407202.88
2026-06-23,2026-06-23,396.1,397.8,380.8,386.94,6928,2706599.38
2026-06-22,2026-06-22,425.08,433.12,417,418.74,6160.0,2609935.92
2026-06-19,2026-06-19,417.28,421.76,415.94,421.2,5820.0,2434335.72
2026-06-18,2026-06-18,410.02,421,408.98,416.78,4354,1798667.34
2026-06-17,2026-06-17,412.1,413.36,404.52,407.84,3330.0,1360736.76
2026-06-16,2026-06-16,424.46,430.68,410.52,413,3959,1670951.32
2026-06-15,2026-06-15,412.64,425.72,412.64,423.84,11109,4619146.34
2026-06-12,2026-06-12,378.64,395,371.68,393.06,8459,3276343.06
2026-06-11,2026-06-11,360.56,367.8,353.14,362.04,2105,764225.56
2026-06-10,2026-06-10,366.06,377,353.7,358.98,5571,2019817.26
2026-06-09,2026-06-09,394.98,399.78,361.84,361.84,4643,1775319.36
2026-06-08,2026-06-08,374.36,397.72,373.32,391.02,11453,4390185.36
2026-06-05,2026-06-05,412.36,417.48,396.92,398.38,4212,1709149.9
2026-06-04,2026-06-04,431.58,431.8,415.6,426.46,8360.0,3533784.34
2026-06-03,2026-06-03,438.66,442.56,431,436.12,1729,756686.12
2026-06-02,2026-06-02,429.16,436.38,424.4,436.38,1508,651651.54
2026-06-01,2026-06-01,431.16,431.16,420.94,430.94,6207,2656642.84
2026-05-29,2026-05-29,421.14,430,419.5,423.98,3987,1683328.32
2026-05-28,2026-05-28,405.86,419.3,404.12,419.3,2246,923369.22
2026-05-27,2026-05-27,411.7,423.6,404.26,405.78,5180.0,2140925.72
2026-05-26,2026-05-26,401.26,412.46,400,408.74,2349,954142.22
2026-05-25,2026-05-25,406.72,407.72,403.68,405.82,4584,1862423.04
2026-05-22,2026-05-22,391.92,397.86,388.8,397.66,10846,4263645.76
2026-05-21,2026-05-21,380.16,388.4,377.5,378.7,2454,934391.5
2026-05-20,2026-05-20,371.48,383.54,369.88,381.94,4966,1866438.78
2026-05-19,2026-05-19,370.16,373.1,358.72,362.34,3462,1267959.92
2026-05-18,2026-05-18,374.14,384.3,368.62,370.16,4208,1581400.32
2026-05-15,2026-05-15,385.2,387.84,376,383.76,6655,2537402.38
2026-05-14,2026-05-14,390.56,398.98,385.5,397.88,28265,1.096804136E7
2026-05-13,2026-05-13,378.34,384.64,370.9,379.92,15885,6020354.78
2026-05-12,2026-05-12,374.42,378,361.26,362.88,10099,3757960.32
2026-05-11,2026-05-11,378.02,381.64,376.16,381.48,9374,3540043.44
2026-05-08,2026-05-08,360.48,373.46,360.48,373.46,8894,3245190.06
2026-05-07,2026-05-07,357.02,363.14,355.74,362.36,5446,1950796.72
2026-05-06,2026-05-06,343.44,352.12,341.76,351.24,8181,2848987.56
2026-05-05,2026-05-05,329.06,337.04,328.68,336.8,6928,2310259.02
2026-05-04,2026-05-04,329.22,329.66,320.38,322.64,11151,3648806.44
2026-04-30,2026-04-30,308.7,316.34,304.64,310.94,9228,2864396.82
2026-04-29,2026-04-29,307.68,308.54,303.4,308.08,6830.0,2094420.22
2026-04-28,2026-04-28,309.88,310.06,298.56,298.56,8982,2719341.16
2026-04-27,2026-04-27,312.1,313.94,308.18,309.28,4268,1326824.54
2026-04-24,2026-04-24,302.8,310,301.96,309.54,14757,4508790.42
2026-04-23,2026-04-23,298.14,303.26,296,303.26,6573,1970479.82
2026-04-22,2026-04-22,292.04,297.84,290.8,297.76,7866,2310606.18
2026-04-21,2026-04-21,291.18,293.2,287.66,288.38,7085,2069409.78
2026-04-20,2026-04-20,287.46,290.68,283.1,285.9,10932,3144228.44
2026-04-17,2026-04-17,280.62,291.86,280.38,291.86,17069,4890969.38
2026-04-16,2026-04-16,279.36,281,274.58,280.88,10497,2927743.06
2026-04-15,2026-04-15,265.18,270.88,264.06,270.64,12922,3444686.06
2026-04-14,2026-04-14,253.72,260.78,253.72,260.78,9272,2387867.92
2026-04-13,2026-04-13,242.08,247.66,240.86,246.82,7453,1813526.74
2026-04-10,2026-04-10,245.26,249.26,244.7,247.14,9915,2444463.36
2026-04-09,2026-04-09,239.54,241.6,237.76,241.6,2549,610852.08
2026-04-08,2026-04-08,243.22,244.84,237.2,239.52,12209,2968708.94
2026-04-07,2026-04-07,221.3,225.8,213.78,215.68,5184,1142659.7
2026-04-02,2026-04-02,209.64,220.96,205.96,219.04,14721,3193202.1
2026-04-01,2026-04-01,217.48,220.66,213.66,220.66,11108,2407865.14
2026-03-31,2026-03-31,198.02,203.62,196.56,201.96,10619,
2026-03-30,2026-03-30,199.16,203.48,198.27,200.6,7698,1539804.19
2026-03-27,2026-03-27,212.1,212.1,201.5,201.96,11378,
2026-03-26,2026-03-26,222.8,222.8,215.66,215.86,6718,1480627.32
2026-03-25,2026-03-25,226.78,228.64,224,227.3,7182,1627234.1
2026-03-24,2026-03-24,227.22,227.58,219.54,222.36,7323,1643809.5
2026-03-23,2026-03-23,212.46,236.72,212.32,225.24,19105,4280568.04
2026-03-20,2026-03-20,231.68,232.48,222.96,222.96,8190.0,1871139.22
2026-03-19,2026-03-19,233.1,234.52,226.02,229.28,10253,2377150.84
2026-03-18,2026-03-18,249.48,250,240.16,240.16,8591,2112250.38
2026-03-17,2026-03-17,239.18,247.62,237.92,244.8,10635,2604309
2026-03-16,2026-03-16,240.12,244.18,238.04,241.6,9849,2385487.14
2026-03-13,2026-03-13,236.16,245.66,235.42,237.26,11319,2704895.82
2026-03-12,2026-03-12,247.82,248.52,239.04,242.06,10710.0,2600402.06
2026-03-11,2026-03-11,250.16,253.86,247.46,250.42,3723,928164.34
2026-03-10,2026-03-10,251.04,254.18,246.46,253.54,14127,3555089.2
2026-03-09,2026-03-09,229.16,241.74,228.84,241.44,13221,3103410.7
2026-03-06,2026-03-06,253.56,253.56,240,245.7,10063,2467017.6
2026-03-05,2026-03-05,251,255.44,249.52,251.46,3383,853161.92
2026-03-04,2026-03-04,240.1,254.02,239.44,253.4,11405,2830600.62
2026-03-03,2026-03-03,240.14,240.14,232.6,239.5,17704,4178966.18
2026-03-02,2026-03-02,233.82,248.68,233.08,246.44,9295,2246377.94
2026-02-27,2026-02-27,248.62,249.2,240.38,245.94,6633,1624814.48
2026-02-26,2026-02-26,257.12,258.62,242.96,248.76,6209,1579329.54
2026-02-25,2026-02-25,248.9,257.2,248.9,255.64,7440.0,1890495.8
2026-02-24,2026-02-24,241.6,248,240.56,246.64,4919,1201785.76
2026-02-23,2026-02-23,243.26,247,237.82,239.9,4273,1041161.7
2026-02-20,2026-02-20,246.22,251.08,239.24,248.16,10543,2586678.08
2026-02-19,2026-02-19,247.74,248.52,242.92,244.66,4118,1010842.12
2026-02-18,2026-02-18,242.28,249.7,240,249.7,5482,1348928.38
2026-02-17,2026-02-17,237.8,240.5,231.16,238.94,5215,1231435.44
2026-02-16,2026-02-16,241.82,243.4,237.18,237.68,5055,1217596.44
2026-02-13,2026-02-13,239.48,242.5,234.42,241.76,16729,3994204.64
2026-02-12,2026-02-12,256.84,257.88,241.7,242.42,4690.0,1191641.72
2026-02-11,2026-02-11,253.34,259.92,249.34,251.94,5536,1401895.72
2026-02-10,2026-02-10,255.42,258.84,253.36,256.18,6228,1595393.94
2026-02-09,2026-02-09,252.26,256.4,244.5,256.18,9839,2478214.48
2026-02-06,2026-02-06,234.32,248.78,234.32,248.78,12346,2963556.62
2026-02-05,2026-02-05,250.24,251.88,235.28,242.66,11744,2875974.18
2026-02-04,2026-02-04,262.04,262.66,249.9,250.52,12004,3107478
2026-02-03,2026-02-03,279.42,279.7,263.28,264.36,11991,3247595.06
2026-02-02,2026-02-02,258.3,276.3,257.98,275.76,13998,3732588.22
2026-01-30,2026-01-30,267.96,275.06,266.66,271.8,11129,3011787.56
2026-01-29,2026-01-29,283.16,284.2,262,266.34,16145,4378368.3
2026-01-28,2026-01-28,285.38,285.5,281.42,281.42,6934,1970666.3
2026-01-27,2026-01-27,278.08,279,274.7,278.22,4638,1287008.26
2026-01-26,2026-01-26,269.7,274.76,265.54,274.76,9883,2685548.36
2026-01-23,2026-01-23,271.42,275.62,267.14,273.76,8475,2300199.02
2026-01-22,2026-01-22,270.06,273.5,267.3,270.72,6252,1694645.72
2026-01-21,2026-01-21,257.26,265.58,251.86,263.74,9924,2576510.18
2026-01-20,2026-01-20,259.36,263.52,254.08,263.3,7363,1905941.22
2026-01-19,2026-01-19,264,265.3,260,263.2,10819,2848328.8
2026-01-16,2026-01-16,279.96,280.92,273.44,276.5,9664,2683731.04
2026-01-15,2026-01-15,274.62,283.34,274.62,281.82,13524,3784202.82
2026-01-14,2026-01-14,280.14,280.14,267.4,268.72,11637,3192217.18
2026-01-13,2026-01-13,281.16,284.92,278.6,282.86,8422,2367157.42
2026-01-12,2026-01-12,275.26,282,271.72,281.8,9050.0,2504925.46
2026-01-09,2026-01-09,273.98,280.72,273.86,279.92,6694,1852008.06
2026-01-08,2026-01-08,275.98,277.9,270.78,271.78,6730.0,1833954.82
2026-01-07,2026-01-07,276.08,281,274.82,280.38,9787,2721452.12
2026-01-06,2026-01-06,270.6,276.18,268.82,273.6,8735,2379587.36
2026-01-05,2026-01-05,267.14,273.2,267.14,272.7,6671,1800725.24
2026-01-02,2026-01-02,271.06,275.18,261,263.36,11415,3085935.22
2025-12-30,2025-12-30,272.38,273.24,271.82,272.96,5560.0,1516344.36
2025-12-29,2025-12-29,274.52,275,269.06,272.16,10762,2936969.08
2025-12-23,2025-12-23,271.24,273.26,268.98,273.1,5246,1424373.08
2025-12-22,2025-12-22,273.14,274.76,270.52,272.26,9451,2577268.1
2025-12-19,2025-12-19,263.14,268.8,261.44,268.48,7269,1933153.34
2025-12-18,2025-12-18,252.14,263.36,252,262.82,11718,3008675.88
2025-12-17,2025-12-17,264.48,267.04,251.64,251.64,4736,1234438.04
2025-12-16,2025-12-16,255.02,262,247.06,258.82,6836,1753288.22
2025-12-15,2025-12-15,266.8,271.32,260.04,263.78,12292,3281302.22
2025-12-12,2025-12-12,280.48,280.96,263.46,264.36,7112,1935931.48
2025-12-11,2025-12-11,276.02,281.88,271.94,274.58,10841,3010807.12
2025-12-10,2025-12-10,284.3,284.76,279.1,281.84,6964,1963296.66
2025-12-09,2025-12-09,283.86,284.04,279.98,283.98,2097,593602.78
2025-12-08,2025-12-08,286.62,287.36,282.2,282.2,5147,1471680.32
2025-12-05,2025-12-05,284.58,288.2,281.32,283.72,10836,3086063.88
2025-12-04,2025-12-04,281.58,284.24,277.74,279.92,9172,
2025-12-03,2025-12-03,282.38,282.38,275,280.4,7319,2041313.7
2025-12-02,2025-12-02,273.24,282.7,273,276.38,6724,1863516.32
2025-12-01,2025-12-01,270.96,274.8,268.18,274.34,8565,2324796.46
2025-11-28,2025-11-28,274.8,277.08,274.42,275.56,1773,488770.08
2025-11-27,2025-11-27,272.7,272.78,271.78,272,2693,732953.56
2025-11-26,2025-11-26,269.24,273.28,267,273.28,10234,2756498.3
2025-11-25,2025-11-25,261.36,262,252.88,258.44,16163,4168052.02
2025-11-24,2025-11-24,248.22,260.14,244.84,259.44,13989,3514652.8
2025-11-21,2025-11-21,238.88,243.12,232.32,241.16,22459,5355453.36
2025-11-20,2025-11-20,270.04,273.8,259.82,259.82,10325,2784246.26
2025-11-19,2025-11-19,251.28,263.62,250.76,254.6,6916,1768018.06
2025-11-18,2025-11-18,255.62,258.78,244.4,252.22,14040.0,3546887.96
2025-11-17,2025-11-17,273.7,274.62,261.96,266.38,10078,2705900.4
2025-11-14,2025-11-14,262.52,271.46,251.16,270.36,21380.0,5546766.12
2025-11-13,2025-11-13,285.24,285.42,268.92,270.08,5567,1549255.5
2025-11-12,2025-11-12,289.32,291.06,281.24,282.92,3488,1002671.7
2025-11-11,2025-11-11,286.44,286.74,279.36,280.56,7394,2100345.32
2025-11-10,2025-11-10,279.64,286.16,279.5,280.98,8192,2309836.88
2025-11-07,2025-11-07,276.74,277.08,257.32,258.52,13682,3641028.9
2025-11-06,2025-11-06,287.3,292.46,273.66,273.66,8758,2478588.74
2025-11-05,2025-11-05,282.5,291.66,280.34,291.58,8041,2291303.44
2025-11-04,2025-11-04,291.64,296.82,288.2,292.76,6492,1894703.78
2025-11-03,2025-11-03,300.8,308.82,300.76,301.78,6974,2122240.68
2025-10-31,2025-10-31,306.04,307.36,298.82,301.42,6117,1862648.74
2025-10-30,2025-10-30,307.3,307.3,297.38,300.56,8802,2668093.8
2025-10-29,2025-10-29,307.72,308.12,302.38,305.14,3274,1001279.46
2025-10-28,2025-10-28,295.18,301.4,294.46,300.1,12118,3607295.36
2025-10-27,2025-10-27,290.48,294.32,289.92,294.32,7573,2208998.78
2025-10-24,2025-10-24,277.04,282.26,275.74,281.86,16575,4637832.12
2025-10-23,2025-10-23,269.06,271.34,264,271.34,4341,1164183.02
2025-10-22,2025-10-22,274.72,275.26,264.12,265.7,3250.0,882785.86
2025-10-21,2025-10-21,273.52,275.36,272.3,274.68,7259,1988592.28
2025-10-20,2025-10-20,268.06,274.64,266.3,274.5,10901,2940407.22
2025-10-17,2025-10-17,248.34,261.12,245.66,255.02,15806,3984085.06
2025-10-16,2025-10-16,265.96,269.74,264.48,265.86,4245,1131747.2
2025-10-15,2025-10-15,262.08,268.74,261.26,264.58,4877,1290653.76
2025-10-14,2025-10-14,256.34,258.34,250,258.34,9061,2310805.7
2025-10-13,2025-10-13,260.84,263.8,258.16,262.98,15885,4155063.36
2025-10-10,2025-10-10,278.46,280.58,258.46,258.46,8594,2383456.72
2025-10-09,2025-10-09,278.08,278.26,274.5,275.26,6079,1686937.82
2025-10-08,2025-10-08,268.48,274.42,268.48,274.42,4604,1247009.58
2025-10-07,2025-10-07,270.38,274.56,267.52,267.52,7965,2163323.12
2025-10-06,2025-10-06,268.66,272.7,267.58,270.64,5264,1420897.94
2025-10-03,2025-10-03,270.74,270.98,265.76,268.84,7759,2083090.28
2025-10-02,2025-10-02,266.44,270,266,266.6,5026,1346806.92
2025-10-01,2025-10-01,253.26,261.96,253.02,261.96,4559,1171703.56
2025-09-30,2025-09-30,258.18,259.5,256.44,257.84,3481,897052.68
2025-09-29,2025-09-29,259.58,263.36,259.52,260.08,7538,1965198.5
2025-09-26,2025-09-26,254.44,256.58,251.08,253.4,7373,1870928.86
2025-09-25,2025-09-25,255.52,256.92,247.52,254.64,10305,2601583.18
2025-09-24,2025-09-24,259.44,261.24,257.24,257.24,6292,1632801.4
2025-09-23,2025-09-23,263.16,264,261.34,262.04,5402,1420008.82
2025-09-22,2025-09-22,258.9,261.78,256.68,260.72,6290.0,1619980.08
2025-09-19,2025-09-19,253.9,258,253.56,256,12957,3312753.52
2025-09-18,2025-09-18,251.58,257,251.46,256.88,16184,4111717.5
2025-09-17,2025-09-17,247.94,248.64,244.04,244.46,3218,791245.98
2025-09-16,2025-09-16,250.68,252.36,247.22,247.52,5521,1376948.42
2025-09-15,2025-09-15,246.12,249,243.9,248.54,9390.0,2319500.36
2025-09-12,2025-09-12,242,245,241,244.5,6011,1459811.78
2025-09-11,2025-09-11,239.9,242.62,238.06,242.62,4113,991444.64
2025-09-10,2025-09-10,240.34,242.8,239.04,239.76,6606,1590198.02
2025-09-09,2025-09-09,236.52,237.24,234.2,234.86,4376,1032392.96
2025-09-08,2025-09-08,234.72,237.6,234.12,237.4,5690.0,1341436.76
2025-09-05,2025-09-05,235.48,238.52,228,230.78,9162,2154005.22
2025-09-04,2025-09-04,227.9,230.04,225.82,229.68,7788,1779744.94
2025-09-03,2025-09-03,224.48,228.74,224.12,225.94,6380.0,1443778.78
2025-09-02,2025-09-02,226.28,226.28,215.88,215.88,11949,2638935.7
2025-09-01,2025-09-01,226.04,227.74,225.86,227.74,6228,1409377.08
2025-08-29,2025-08-29,235.28,235.28,225.5,226.54,23015,5301940.5
2025-08-28,2025-08-28,232.46,235.24,231.22,234.74,6499,1513681.48
2025-08-27,2025-08-27,232.42,233.32,230,232.5,9411,2189311.22
2025-08-26,2025-08-26,228.36,229.72,227.16,228.82,1812,413216.58
2025-08-25,2025-08-25,228.72,231.28,226.9,230.88,3346,763705.26
2025-08-22,2025-08-22,220.22,233.02,220.22,231.52,16760.0,
2025-08-21,2025-08-21,224.64,225.1,220.36,223.74,4377,979226.62
2025-08-20,2025-08-20,226,227.48,215.44,221.6,9448,
2025-08-19,2025-08-19,236.5,237.5,229.48,230.9,4886,1135769.94
2025-08-18,2025-08-18,237.2,237.26,234.34,235.36,4005,946913.98
2025-08-15,2025-08-15,242.5,242.5,236.28,237.06,7591,1822917.62
2025-08-14,2025-08-14,240.84,243.4,238.7,240.82,5682,1368344.38
2025-08-13,2025-08-13,242.1,244.84,240.52,240.54,9865,2390784.06
2025-08-12,2025-08-12,234.52,239.56,233.06,238.62,7784,1848050.58
2025-08-11,2025-08-11,236.88,237.96,234.78,237.2,8053,1904514.92
2025-08-08,2025-08-08,230.48,234.94,230.38,233.12,9002,2090551.18
2025-08-07,2025-08-07,228.24,234.1,228.24,230.08,10388,2412854.62
2025-08-06,2025-08-06,222.52,224.92,219.24,224.92,9828,2175927.32
2025-08-05,2025-08-05,227.94,228.58,220.52,220.52,9216,2073736.68
2025-08-04,2025-08-04,216.52,223.82,216.52,223.12,10994,2400865.32
2025-08-01,2025-08-01,227.48,227.48,211.16,214.82,15994,3525591.8
2025-07-31,2025-07-31,242.42,244.36,234,236,13200.0,3182504.02
2025-07-30,2025-07-30,231.86,234.38,231.16,233.16,4559,1060004.52
2025-07-29,2025-07-29,233.6,236.44,231.08,231.48,12913,3022269.5
2025-07-28,2025-07-28,230.04,230.94,229.28,230.06,7780.0,1791142.6
2025-07-25,2025-07-25,224.68,226,223.82,225.96,10675,2401759.52
2025-07-24,2025-07-24,223.82,225.5,222.98,224.08,4213,943578.92
2025-07-23,2025-07-23,221.32,222.06,218.54,220.36,10336,2281096.84
2025-07-22,2025-07-22,224.2,224.9,218.12,220.26,5472,1215723.24
2025-07-21,2025-07-21,223.86,227,221.96,226.02,14011,3151784.8
2025-07-18,2025-07-18,224.42,224.6,221.38,222.28,8785,1963434.8
2025-07-17,2025-07-17,220.66,223.8,219.36,223.32,8903,1964472.2
2025-07-16,2025-07-16,215.56,219.08,211,211,6748,1459554.28
2025-07-15,2025-07-15,219.18,221.38,219,220.82,9539,2098013.42
2025-07-14,2025-07-14,210.74,215.2,209.98,215.02,9517,2017156.08
2025-07-11,2025-07-11,213.88,215.32,211.7,214.02,5697,1213312.54
2025-07-10,2025-07-10,213.86,217.48,213.5,215.54,9964,2145216.08
2025-07-09,2025-07-09,211.42,217.46,211,214.08,6538,1401081.36
2025-07-08,2025-07-08,211.98,213.02,211.16,211.4,2067,439213.18
2025-07-07,2025-07-07,212.56,214.26,211.42,212,6118,1302847.82
2025-07-04,2025-07-04,213.5,213.5,210.52,211.58,8403,1781817.78
2025-07-03,2025-07-03,210.22,216.06,208.76,216.06,8479,1798726.1
2025-07-02,2025-07-02,207.58,209.26,203.02,208.82,16892,3484888.76
2025-07-01,2025-07-01,209.78,209.78,203.1,205.02,14772,3072075.08
2025-06-30,2025-06-30,210.94,212.34,209.3,209.56,7997,1683501.22
2025-06-27,2025-06-27,207.46,209.54,206.58,209.54,13266,2760526.08
2025-06-26,2025-06-26,202.44,204.26,201.96,203.94,7320.0,1486562.26
2025-06-25,2025-06-25,200.86,203.6,200.62,201.28,13279,2680108.64
2025-06-24,2025-06-24,199.39,199.94,196.72,199.58,25982,5152836.81
2025-06-23,2025-06-23,187.14,191.2,187.14,189.82,3184,600902.41
2025-06-20,2025-06-20,188.95,195,186.06,189.27,6053,1155703.61
2025-06-19,2025-06-19,189.11,189.43,183.36,184.55,4244,793249.03
2025-06-18,2025-06-18,191.78,194.09,190.8,192.85,10453,2013144.25
2025-06-17,2025-06-17,193,194.57,190.83,193.89,6978,1343398.41
2025-06-16,2025-06-16,190.85,196.02,189.85,195.54,8746,1689617.8
2025-06-13,2025-06-13,187.05,192.1,185.88,191.55,23566,4440754.5
2025-06-12,2025-06-12,194.16,196,190,194.8,12220.0,2358269.1
2025-06-11,2025-06-11,197.23,200.84,196.13,199.04,20345,4037993.54
2025-06-10,2025-06-10,195,196.1,193.72,194.14,5629,1098562.58
2025-06-09,2025-06-09,193.53,196.71,193,195.5,9541,1850632.41
2025-06-06,2025-06-06,190.6,196.37,190.21,194.07,24460.0,4709838.56
2025-06-05,2025-06-05,193.39,197.16,190.74,197.1,13046,2531380.5
2025-06-04,2025-06-04,192,194.46,191.02,193.03,9200.0,1771865.12
2025-06-03,2025-06-03,185.71,191.93,184.18,191.71,5958,1123307.2
2025-06-02,2025-06-02,180.47,185.58,178.32,183.04,6870.0,1241874.03
2025-05-30,2025-05-30,183.81,185.91,181.59,183.31,9225,1700720.69
2025-05-29,2025-05-29,195.97,198,184.71,186.23,17335,3311469.85
2025-05-28,2025-05-28,186.75,190.1,185.5,187.17,14827,2778718.24
2025-05-27,2025-05-27,181.51,185.31,179.11,185.09,10716,1955711.07
2025-05-26,2025-05-26,180.63,182.14,180.44,181.25,8793,1591231.55
2025-05-23,2025-05-23,179.95,181.3,169,174.92,22493,3907966.99
2025-05-22,2025-05-22,181.08,184.46,177.55,182.48,13913,2518115.72
2025-05-21,2025-05-21,183.68,189,181.16,188.36,13634,2501788.46
2025-05-20,2025-05-20,187.19,189.36,186,187.59,7327,1376985.61
2025-05-19,2025-05-19,182,189,179.81,187.81,11683,2138565.72
2025-05-16,2025-05-16,187.6,190.71,187.12,189.67,15130.0,2852169.15
2025-05-15,2025-05-15,186.39,188.84,183,188.5,8841,1635514.94
2025-05-14,2025-05-14,186.8,187.58,183.39,187.58,13265,2459349.25
2025-05-13,2025-05-13,175.44,185.86,175,185.25,30979,5586944.67
2025-05-12,2025-05-12,175.12,179.52,172,174.71,19705,3468913.84
2025-05-09,2025-05-09,158.32,160,154.94,157.05,11118,1760689.93
2025-05-08,2025-05-08,157.65,159.46,152.95,158.17,16393,2577125.16
2025-05-07,2025-05-07,152.04,152.83,148,148.32,9769,1469975.35
2025-05-06,2025-05-06,152.1,152.1,146.62,151.35,14069,2099943.44
2025-05-05,2025-05-05,154.1,155.44,152,155.05,9615,1472349.55
2025-05-02,2025-05-02,151.76,156.84,149.76,156.33,14824,2277623.35
2025-04-30,2025-04-30,142.59,143.69,132.7,140.05,18391,2527211.52
2025-04-29,2025-04-29,141.81,143.47,137.59,141.3,8897,1264339.9
2025-04-28,2025-04-28,141.97,144.05,137.5,137.82,12371,1755508.62
2025-04-25,2025-04-25,140.97,140.97,134.78,138.15,10258,1418443.83
2025-04-24,2025-04-24,125.49,135.49,123.2,134.54,19164,2491723.73
2025-04-23,2025-04-23,125.3,133.33,125.3,128.87,27203,3500482.75
2025-04-22,2025-04-22,113.32,117.99,111.01,116.67,10054,1149175.94
2025-04-17,2025-04-17,123.23,124.87,117.41,119.09,15570.0,1884079.91
2025-04-16,2025-04-16,124.13,129.42,122,126.04,14369,1794881.38
2025-04-15,2025-04-15,131.6,136,129.62,133.37,11957,1589042.92
2025-04-14,2025-04-14,134,138,131.28,131.28,20878,2807855.15
2025-04-11,2025-04-11,126.25,126.43,118,121.16,33761,4139009.98
2025-04-10,2025-04-10,139.95,140.11,123.08,123.08,51163,6860062.01
2025-04-09,2025-04-09,105.98,112,98.485,107.31,39368,4170625.305
2025-04-08,2025-04-08,117.84,128.68,115.75,122.45,44769,5484936.9
2025-04-07,2025-04-07,94.345,117,92.8,108.95,88378,9237302.005
2025-04-04,2025-04-04,135.3,136.35,115.01,120.73,173194,2.102575054E7
2025-04-03,2025-04-03,146.24,149.46,137,140.88,37489,5352618.44
2025-04-02,2025-04-02,161.72,164.7,156,164.62,35929,5812424.75
2025-04-01,2025-04-01,158.85,162.74,155.05,161.82,21403,3397574.93
2025-03-31,2025-03-31,152.7,154.2,145.33,153.38,26648,4037308.34
2025-03-28,2025-03-28,170.73,172.93,159.65,160.73,24044,3959888.11
2025-03-27,2025-03-27,175.88,178.43,172.2,175.8,37892,6651827.84
2025-03-26,2025-03-26,186.48,186.6,178.06,179.03,23534,4300101.14
2025-03-25,2025-03-25,183,186.27,181.6,184.42,14810.0,2721751.89
2025-03-24,2025-03-24,178.59,183.38,178,182.94,37039,6710625.85
2025-03-21,2025-03-21,169.51,170.09,164,169.03,12246,2042120.85
2025-03-20,2025-03-20,173.85,175.44,166.92,170.41,30246,5212036
2025-03-19,2025-03-19,164.03,170.5,164.03,169.7,14632,2438759.34
2025-03-18,2025-03-18,171.23,172.28,162.62,165.22,27052,4497612.94
2025-03-17,2025-03-17,167.63,173.39,167.21,169.24,26804,4564974.51
2025-03-14,2025-03-14,163.15,170.33,163.15,169.29,21219,3524673.49
2025-03-13,2025-03-13,165.04,168.79,160.47,162.07,39370.0,6479913.49
2025-03-12,2025-03-12,164.76,173.21,162.55,170.75,46989,7889343.98
2025-03-11,2025-03-11,165.44,167.6,159.5,163.52,35087,5770423.82
2025-03-10,2025-03-10,182.89,182.89,167.24,169.01,35683,6164991.81
2025-03-07,2025-03-07,185.11,186.48,176.07,176.07,10281,1878578.51
2025-03-06,2025-03-06,196.55,196.55,187.75,191.77,25789,4951712.92
2025-03-05,2025-03-05,199.11,200.58,189,189.07,26154,5106487.75
2025-03-04,2025-03-04,201.14,202.18,187.69,191.94,20329,4001188.07
2025-03-03,2025-03-03,217.86,220.4,209.6,213.5,19597,4240213.38
2025-02-28,2025-02-28,207.22,211.52,202.82,209.52,32570.0,6772131.94
2025-02-27,2025-02-27,226.28,230.5,216,222.36,16659,3756313.84
2025-02-26,2025-02-26,226.28,229.4,223.44,228.76,16754,3806187.04
2025-02-25,2025-02-25,229.2,231.4,217.8,217.96,22746,5100821.4
2025-02-24,2025-02-24,241.58,244.18,232,237.1,18217,4370542.24
2025-02-21,2025-02-21,254.8,258.96,249.42,251.54,13255,3378504.68
2025-02-20,2025-02-20,257.18,259.02,249.8,251.88,9990.0,2552996.22
2025-02-19,2025-02-19,260.46,260.52,256.28,259.76,6420.0,1663568.9
2025-02-18,2025-02-18,261.04,262.4,255.88,257.18,10999,2864332.06
2025-02-17,2025-02-17,259.3,259.68,258,258.62,7425,1922475.64
2025-02-14,2025-02-14,255.72,256.06,252.6,254.9,15484,3944892.42
2025-02-13,2025-02-13,247.44,253.64,245,252.5,14251,3553974.92
2025-02-12,2025-02-12,247.1,248.12,237.9,242.58,15094,3646701.84
2025-02-11,2025-02-11,246.28,249.5,243.9,248.86,7997,1969989.72
2025-02-10,2025-02-10,244.68,250.9,244.02,250.02,6780.0,1685886.96
2025-02-07,2025-02-07,248.68,252,242.12,242.62,15093,3750126.54
2025-02-06,2025-02-06,246.18,248.52,244.48,246.68,8649,2136203.8
2025-02-05,2025-02-05,237.14,240.52,234.7,240.52,8558,2028958.28
2025-02-04,2025-02-04,235.02,243.16,232.9,243.16,8284,1976955.08
2025-02-03,2025-02-03,229.5,237.28,226.9,236.22,32566,7522753.3
2025-01-31,2025-01-31,245.58,252.04,245.58,250.82,17983,4472491.32
2025-01-30,2025-01-30,241.7,244,234.72,237.48,16080.0,3873886.72
2025-01-29,2025-01-29,241.84,242.5,234.72,236.42,16389,3934797.9
2025-01-28,2025-01-28,231.3,235.2,225.76,233.06,19575,4540142.56
2025-01-27,2025-01-27,227.44,232.22,210,225.3,50527,1.116641802E7
2025-01-24,2025-01-24,252.7,254.62,251.18,252.1,20224,5115661.1
2025-01-23,2025-01-23,251.36,252.52,250,252.24,7376,1849616.08
2025-01-22,2025-01-22,249.52,255.76,249.2,255.76,17011,4289779.8
2025-01-21,2025-01-21,241.96,245.82,239.06,242.04,3452,836873.5
2025-01-20,2025-01-20,243.2,246.02,241.34,244.7,4993,1217033.46
2025-01-17,2025-01-17,233.3,245,233.06,243.76,13815,3323366.54
2025-01-16,2025-01-16,241.24,241.28,235,235.96,16347,3902950.3
2025-01-15,2025-01-15,221.2,236.58,221.2,233.88,17976,4168941.06
2025-01-14,2025-01-14,227,229.24,220.62,221.42,6490.0,1468573.88
2025-01-13,2025-01-13,222.6,222.76,216.16,219.8,10797,2368087.86
2025-01-10,2025-01-10,233.22,235.86,221.72,223.04,15590.0,3520421.84
2025-01-09,2025-01-09,232.74,235.22,232.34,234.38,1535,359281.36
2025-01-08,2025-01-08,236.46,238.48,231.52,235.88,14428,3402957.72
2025-01-07,2025-01-07,246,248.52,237.26,239.26,11046,2693140.54
2025-01-06,2025-01-06,242.04,251.68,242.04,250.7,9390.0,2331077.42
2025-01-03,2025-01-03,233.62,239.4,232,239.4,19273,4523313.98
2025-01-02,2025-01-02,236.06,239.26,229.68,235.76,5762,1357608.38
2024-12-30,2024-12-30,242.86,243.76,235.72,236.6,6499,1562940.5
2024-12-27,2024-12-27,251.76,252.98,239.1,242.78,12060.0,3003313.26
2024-12-23,2024-12-23,244.3,244.48,237.6,241.5,9931,2411716.1
2024-12-20,2024-12-20,231.66,244.64,221.9,244.64,36563,8392764.08
2024-12-19,2024-12-19,238.64,243.92,237,240.42,26622,6399121.64
2024-12-18,2024-12-18,264.06,265.72,260.22,264.1,6494,1715025.22
2024-12-17,2024-12-17,265.02,267,260.8,265.5,18786,4979123.62
2024-12-16,2024-12-16,256.32,264.5,255.76,263.82,45910.0,1.200360076E7
2024-12-13,2024-12-13,254.66,259.4,252.08,254.46,26455,6783298.94
2024-12-12,2024-12-12,254.56,254.56,250.06,252.6,9697,2457777.44
2024-12-11,2024-12-11,243.04,254.94,243.04,254.94,19655,4962073.96
2024-12-10,2024-12-10,243.36,248.86,243.14,244.5,4537,1113587
2024-12-09,2024-12-09,250.76,251.04,241.56,244.34,7644,1898945.4
2024-12-06,2024-12-06,243.26,249,242.46,248.58,12856,3174367.36
2024-12-05,2024-12-05,244.8,246.4,244,245.46,11140.0,2734187.38
2024-12-04,2024-12-04,240.3,244.9,240.3,243.96,17594,4269002.92
2024-12-03,2024-12-03,236.84,236.84,233.22,236.62,8096,1908577.32
2024-12-02,2024-12-02,227.8,236,227.02,235.66,10522,2442391.4
2024-11-29,2024-11-29,224.46,227.86,222.38,227.24,4110.0,924535.08
2024-11-28,2024-11-28,223.94,224.9,223.18,224.5,5406,1211558.02
2024-11-27,2024-11-27,228.1,228.1,218.26,219.52,4589,1021394.54
2024-11-26,2024-11-26,225.84,229.38,224.4,228.3,9701,2190291.22
2024-11-25,2024-11-25,229.08,231.16,226,226.62,4024,915265.1
2024-11-22,2024-11-22,223.66,226.7,221.58,223.98,12072,2708020.0
2024-11-21,2024-11-21,218.5,225,213.68,221.76,7881,1730356.68
2024-11-20,2024-11-20,221.3,222.04,212.54,214.92,12186,2675505.48
2024-11-19,2024-11-19,217.36,217.5,207.94,217.5,9103,1950138.66
2024-11-18,2024-11-18,215.12,218.22,211.72,218.22,10744,2309903.02
2024-11-15,2024-11-15,223.52,223.52,213.66,213.96,18990.0,4166455.14
2024-11-14,2024-11-14,232.62,234.76,229.8,231.54,8043,1871761.84
2024-11-13,2024-11-13,231.06,233.44,230.7,233.12,8574,1988687.82
2024-11-12,2024-11-12,233.14,234.74,231.58,233.28,8999,2099534.86
2024-11-11,2024-11-11,235.08,237.32,231.62,233.06,22765,5344596.24
2024-11-08,2024-11-08,231.74,231.9,227.88,231.58,16783,3867275.2
2024-11-07,2024-11-07,221.78,228.6,221.68,228.6,17485,3933924.52
2024-11-06,2024-11-06,214.7,219,212.9,218.36,26732,5779706.22
2024-11-05,2024-11-05,195.49,201.04,195.21,201.04,5608,1103960.93
2024-11-04,2024-11-04,197.01,198.23,192.28,196.48,8102,1587358.96
2024-11-01,2024-11-01,195.64,200.8,194.4,200.12,23486,4643233.79
2024-10-31,2024-10-31,201.82,204.12,193.54,194.96,17779,3528909.49
2024-10-30,2024-10-30,215.86,216,209.7,212.34,9682,2069865.84
2024-10-29,2024-10-29,209.12,212.8,207.16,211.34,11766,2474803.64
2024-10-28,2024-10-28,212,213.6,209.1,209.1,10918,2304989.44
2024-10-25,2024-10-25,205.1,214,205,212.66,19035,4013746.16
2024-10-24,2024-10-24,203.82,206,203.18,203.9,6845,1402550.08
2024-10-23,2024-10-23,209.4,210.1,203.52,203.82,10207,2121367.84
2024-10-22,2024-10-22,206.82,209.24,204.58,207.82,7556,1563801.28
2024-10-21,2024-10-21,206.32,208.38,203.84,204.56,2721,559545.7
2024-10-18,2024-10-18,206.1,208.12,206.04,207.62,7731,1603030.26
2024-10-17,2024-10-17,205.94,211.32,205.18,206.82,6837,1414362.94
2024-10-16,2024-10-16,203.52,204,198.91,201.74,7094,1430635.66
2024-10-15,2024-10-15,210.2,211.62,202,204.8,8336,1726898.14
2024-10-14,2024-10-14,204.88,212.12,204.5,208.68,9326,1947328.48
2024-10-11,2024-10-11,204.28,205.36,201.46,204.6,7909,1609886.36
2024-10-10,2024-10-10,204.8,205.5,200.6,204.86,12522,2544736.16
2024-10-09,2024-10-09,197.48,203.4,197.42,203.4,19160.0,3836377.66
2024-10-08,2024-10-08,190.35,198.65,189.84,197.75,8134,1593305.86
2024-10-07,2024-10-07,197.2,197.6,193.24,196.1,13363,2616142.72
2024-10-04,2024-10-04,190.4,199,190.4,193.34,19266,3742589.17
2024-10-03,2024-10-03,189.43,192.84,186.83,191.24,6431,1212306.48
2024-10-02,2024-10-02,188,192,185.7,192,5685,1075756.78
2024-10-01,2024-10-01,196.31,198.44,184.49,187.79,17255,3295162.23
2024-09-30,2024-09-30,193.8,195.22,190.9,194.02,11187,2164333.09
2024-09-27,2024-09-27,197.04,199.13,195.21,195.21,10627,2098334.39
2024-09-26,2024-09-26,201.68,204.26,194.47,194.99,20233,4077975.87
2024-09-25,2024-09-25,190.23,195.17,190.1,194.74,4473,862956.28
2024-09-24,2024-09-24,192.83,193.5,187.69,192.05,10223,1954638.27
2024-09-23,2024-09-23,190.18,191.8,188.57,191.8,5688,1083538.87
2024-09-20,2024-09-20,189.14,190.36,185,186.75,8467,1599498.52
2024-09-19,2024-09-19,185.78,192.8,185.47,192.09,11868,2233905.96
2024-09-18,2024-09-18,181.52,181.52,178.98,178.98,3067,554201.17
2024-09-17,2024-09-17,180.57,184.47,180.57,182.38,6544,1195117.97
2024-09-16,2024-09-16,181.57,182.32,176.05,178.33,12809,2304836.43
2024-09-13,2024-09-13,181.09,183.09,179.62,183.09,7666,1390337.46
2024-09-12,2024-09-12,177.8,179.87,174.48,177.41,6558,1166258.2
2024-09-11,2024-09-11,163.98,167.4,159,161.97,9704,1583563.7
2024-09-10,2024-09-10,159.48,164.75,159.1,163.69,9733,1584832.48
2024-09-09,2024-09-09,158.42,161.55,156.34,158.88,9150.0,1451637.31
2024-09-06,2024-09-06,164.32,169.48,155.84,156.37,13600.0,2196687.19
2024-09-05,2024-09-05,166.97,172.78,164.51,166.03,8202,1374702.48
2024-09-04,2024-09-04,166.45,171.66,165.66,169.59,10969,1836934.28
2024-09-03,2024-09-03,186.98,186.98,174.56,176.22,8679,1562998.07
2024-09-02,2024-09-02,185.76,188.46,184.44,188.04,2250.0,420760.7
2024-08-30,2024-08-30,183.35,187.2,182.75,182.99,3638,671999.83
2024-08-29,2024-08-29,178.8,189.22,178.8,187.63,6660.0,1234523.69
2024-08-28,2024-08-28,186.8,187.85,178.8,180,7524,1381279.3
2024-08-27,2024-08-27,185.64,187.57,182.02,185.24,9785,1805145.62
2024-08-26,2024-08-26,190.25,192,182.32,185.11,7624,1432274.57
2024-08-23,2024-08-23,188.62,193.65,187.74,189.71,16724,3197909.5
2024-08-22,2024-08-22,195.11,198,191.73,191.73,8330.0,1634592.27
2024-08-21,2024-08-21,192.3,197.09,191.94,193.45,11650.0,2268495.01
2024-08-20,2024-08-20,195.31,196.37,191.75,192.71,10879,2119232.56
2024-08-19,2024-08-19,186.9,189.35,185.94,189.01,10191,1920093.16
2024-08-16,2024-08-16,190.57,190.79,184.35,186.79,18766,3529460.74
2024-08-15,2024-08-15,176.3,186.47,175,186.06,14824,2682406.79
2024-08-14,2024-08-14,174.8,175.5,170,175.33,16233,2820563.64
2024-08-13,2024-08-13,166.55,172.25,164.44,172.25,17799,3018593.05
2024-08-12,2024-08-12,163.45,166.91,160.94,162.99,10291,1691067.34
2024-08-09,2024-08-09,159.91,164,157.51,160.44,10104,1633192.65
2024-08-08,2024-08-08,147.76,158.69,144.88,157.88,16183,2439077.52
2024-08-07,2024-08-07,155.11,161.3,153.66,159.84,19256,3033804.03
2024-08-06,2024-08-06,154.35,156.18,147.43,153.79,19152,2921857.54
2024-08-05,2024-08-05,139.1,152,131.42,150.02,37860.0,5357850.24
2024-08-02,2024-08-02,167.87,169.44,157.74,161.48,37171,6080839.08
2024-08-01,2024-08-01,194.03,195.62,183.15,183.15,25227,4822115.6
2024-07-31,2024-07-31,182.37,190.35,182.37,190.35,11717,2179311.37
2024-07-30,2024-07-30,182.76,185.1,176.83,176.87,8434,1544945.99
2024-07-29,2024-07-29,185.07,187.82,180.86,180.86,10162,1880790.9
2024-07-26,2024-07-26,180.16,182.57,178.15,179.59,20599,3727224.19
2024-07-25,2024-07-25,183.97,184.26,173.5,182.36,17187,3098107.23
2024-07-24,2024-07-24,198.42,199.32,187.53,188.18,18508,3598650.25
2024-07-23,2024-07-23,203.94,209,202.76,208.86,13679,2825772.84
2024-07-22,2024-07-22,199.55,206.66,199,200.8,19114,3873065.02
2024-07-19,2024-07-19,201.88,205.42,198,198,9624,1940106
2024-07-18,2024-07-18,209.54,210.04,200,200,7276,1498886.42
2024-07-17,2024-07-17,220.08,220.08,208.58,209,20086,4321472.44
2024-07-16,2024-07-16,225.98,227.6,222.26,223.7,3942,884532.38
2024-07-15,2024-07-15,226.28,231.08,225.38,228.84,6873,1558589.3
2024-07-12,2024-07-12,220.62,227.66,219.14,226.72,11694,2595042.02
2024-07-11,2024-07-11,236.26,239.54,223.78,223.78,14311,3338800.14
2024-07-10,2024-07-10,231.18,233.2,231.08,232.74,3562,828609.82
2024-07-09,2024-07-09,231.52,233,230.54,231.1,9596,2223797.28
2024-07-08,2024-07-08,227.02,229.48,227.02,229.3,8952,2041036.8
2024-07-05,2024-07-05,222.76,226.4,220,226.38,15041,3362284.54
2024-07-04,2024-07-04,221.74,222.1,220.52,220.98,2990.0,662933.74
2024-07-03,2024-07-03,217.02,219.98,215.92,219.5,3915,855388.54
2024-07-02,2024-07-02,209.06,214.26,208,214.26,2958,622791.62
2024-07-01,2024-07-01,209.62,209.78,204.04,208.84,6978,1448565.32
2024-06-28,2024-06-28,214.04,218.6,212.74,213.7,5182,1118486.14
2024-06-27,2024-06-27,209.72,212.88,209.3,209.3,2825,594520.82
2024-06-26,2024-06-26,210.82,212.78,208.76,209.48,13281,2807847.02
2024-06-25,2024-06-25,202.52,208.28,201.96,208.26,11591,2371563.62
2024-06-24,2024-06-24,210.42,210.46,204.36,206.84,5278,1096496.64
2024-06-21,2024-06-21,212.24,212.42,209.36,210.6,10180.0,2147665.24
2024-06-20,2024-06-20,219.9,221.28,214.04,216.72,16728,3660464.88
2024-06-19,2024-06-19,217.1,217.4,216.6,217.4,2182,473744.58
2024-06-18,2024-06-18,216,217.9,213.96,214.7,9281,2008578.96
2024-06-17,2024-06-17,210.06,210.98,207.8,210.58,6395,1342110.26
2024-06-14,2024-06-14,206.96,208,204.32,207.14,5504,1139554.46
2024-06-13,2024-06-13,205.62,206.5,203.34,204.98,8903,1824874.16
2024-06-12,2024-06-12,194.8,201.98,194.8,201.22,12247,2429807.48
2024-06-11,2024-06-11,189.73,191.4,188.5,190.97,7099,1348857.12
2024-06-10,2024-06-10,187.51,190.22,186.79,190.22,8374,1578793.39
2024-06-07,2024-06-07,187.82,189.5,184.6,188.57,8885,1667892.6
2024-06-06,2024-06-06,187.33,188.56,186.9,187.01,12091,2268902.08
2024-06-05,2024-06-05,177.07,184.65,177,184.65,6558,1183690.17
2024-06-04,2024-06-04,173.53,175.31,171.73,173.53,946,164268.31
2024-06-03,2024-06-03,175.7,178.2,172.95,174.64,5613,989835.87
2024-05-31,2024-05-31,173.27,175.61,166.3,166.84,6837,1177280.66
2024-05-30,2024-05-30,177.26,179.57,175.5,176.59,2961,526500.5
2024-05-29,2024-05-29,181.77,182.74,178.94,181.6,3537,638531.31
2024-05-28,2024-05-28,183.55,184.82,182.48,182.94,5217,955910.32
2024-05-27,2024-05-27,182.21,183.52,181.72,183.52,5689,1035749.92
2024-05-24,2024-05-24,178.1,183.31,177.42,182.64,8542,1529530.9
2024-05-23,2024-05-23,184.29,186.4,180.68,183.33,15181,2803429.21
2024-05-22,2024-05-22,179.81,181.32,178.96,181.01,13557,2445371.1
2024-05-21,2024-05-21,178.13,178.61,176.53,178.23,2903,516358.55
2024-05-20,2024-05-20,175.72,178.7,175.11,178.5,9467,1678177.32
2024-05-17,2024-05-17,175.76,176.62,175,175.13,5863,1028873.01
2024-05-16,2024-05-16,177.09,178.4,176.4,178.06,9241,1641060.83
2024-05-15,2024-05-15,169.32,174.2,169.31,174.03,17367,2992322.7
2024-05-14,2024-05-14,166.9,168.4,164.82,167.52,7388,1234236.52
2024-05-13,2024-05-13,167.09,167.79,165.8,166.62,2916,486657.52
2024-05-10,2024-05-10,166.46,168,164.5,165.46,6790.0,1132780.88
2024-05-09,2024-05-09,163.73,165.6,162.56,165.56,2921,480627.71
2024-05-08,2024-05-08,165.14,166.25,161.64,164.61,8064,1325422.75
2024-05-07,2024-05-07,164.18,166,163.56,165.95,9111,1498860.75
2024-05-06,2024-05-06,160.12,162.12,159.65,162.12,9985,1606417.03
2024-05-03,2024-05-03,153.19,160,153.01,158.78,11180.0,1746442.42
2024-05-02,2024-05-02,148.76,150.43,145.54,148.28,4610.0,685095.56
2024-04-30,2024-04-30,158.11,158.11,154.6,154.84,3823,596716.78
2024-04-29,2024-04-29,157.68,159.19,156.49,156.49,6397,1010766.26
2024-04-26,2024-04-26,153.85,157.63,152.2,156.75,14016,2173326.87
2024-04-25,2024-04-25,146.6,147.79,143.25,144.85,5549,807232.35
2024-04-24,2024-04-24,154.01,155,151.88,152.57,6113,937708.7
2024-04-23,2024-04-23,145.2,150.21,144.83,150.1,17826,2613112.11
2024-04-22,2024-04-22,143.27,144.6,140.34,141.58,11869,1697525.07
2024-04-19,2024-04-19,147.4,149.79,144.4,144.4,9059,1336578.66
2024-04-18,2024-04-18,155.18,155.18,150.78,153.94,17217,2643788.18
2024-04-17,2024-04-17,158.46,161.36,155.25,155.25,6139,972971.52
2024-04-16,2024-04-16,158.6,160.08,157.17,159.63,18434,2927612.52
2024-04-15,2024-04-15,169.68,171.29,166.58,168.26,4442,752226.35
2024-04-12,2024-04-12,175.2,175.3,168.4,169.92,9254,1589035.58
2024-04-11,2024-04-11,166.5,168.72,164.7,168.37,14532,2424011.88
2024-04-10,2024-04-10,169.39,170.9,161.26,165.38,9633,1592596.1
2024-04-09,2024-04-09,167.84,169.3,163.67,165.27,8508,1425660.98
2024-04-08,2024-04-08,167.28,169.32,166.81,167.89,11466,1927570.77
2024-04-05,2024-04-05,163.18,168.2,161.69,167.66,7536,1232916.13
2024-04-04,2024-04-04,171.2,174.6,171.2,173.21,3605,623470.12
2024-04-03,2024-04-03,168.57,172,166.9,171.82,6461,1089793.95
2024-04-02,2024-04-02,174.6,175.32,166.42,168.32,9424,1595262.34
2024-03-28,2024-03-28,174.16,174.51,172.69,173.05,4038,701502.04
2024-03-27,2024-03-27,173.46,175.6,170.77,171.98,5906,1016534.54
2024-03-26,2024-03-26,175.3,176.05,174.39,175.38,3198,560284.85
2024-03-25,2024-03-25,174.81,175.26,170.99,174.06,4807,830550.23
2024-03-22,2024-03-22,175.47,176.15,173.25,174.5,3269,572900.06
2024-03-21,2024-03-21,175.36,178.6,174.63,178.28,10414,1841193.18
2024-03-20,2024-03-20,166.25,168.28,165.89,166.41,20098,3344347.24
2024-03-19,2024-03-19,164.53,165.8,161.1,165.11,7597,1243831.13
2024-03-18,2024-03-18,163.25,168.48,162.86,166.69,15461,2573861.28
2024-03-15,2024-03-15,165.01,167.5,158.44,160.31,4372,720036.94
2024-03-14,2024-03-14,169,169.5,164.91,167,1512,253359.42
2024-03-13,2024-03-13,171.41,171.41,166.04,166.87,6558,1114632.66
2024-03-12,2024-03-12,167.17,170.91,163.6,168.67,8761,1465539.31
2024-03-11,2024-03-11,164.35,165.55,162.35,164.53,12938,2124877.21
2024-03-08,2024-03-08,173.33,176.7,170,170.64,17243,3008488.8
2024-03-07,2024-03-07,164.82,173.06,163.91,172.53,6223,1057401.22
2024-03-06,2024-03-06,166.51,168.92,165.92,167.9,9381,1567996.45
2024-03-05,2024-03-05,171.71,171.71,163.68,164.59,10866,1824411.25
2024-03-04,2024-03-04,176.11,177,174.2,174.33,6275,1102691.49
2024-03-01,2024-03-01,171.1,173.4,168.1,172.95,13636,2329419.12
2024-02-29,2024-02-29,163.54,168.2,162.12,166.23,3745,618028.48
2024-02-28,2024-02-28,166.3,166.3,164.5,165.68,1672,275812.15
2024-02-27,2024-02-27,165.93,167.38,165.11,166.04,3248,541038.91
2024-02-26,2024-02-26,165.45,167.2,165.4,166.99,2673,443899.28
2024-02-23,2024-02-23,167.68,170.47,165.97,167.03,12564,2109158.06
2024-02-22,2024-02-22,162.72,166.54,162.72,166.54,9915,1635716.35
2024-02-21,2024-02-21,155.76,155.76,152.55,153.47,4240.0,656055.09
2024-02-20,2024-02-20,160.18,160.18,154,154.75,6333,992997.72
2024-02-19,2024-02-19,161.41,162.53,161.02,162.04,1483,239765.44
2024-02-16,2024-02-16,167.35,168.8,161,164.47,14339,2375746.21
2024-02-15,2024-02-15,166.62,166.62,162.5,163.8,7729,1277716.59
2024-02-14,2024-02-14,162,164.11,160.79,162.34,9248,1506809.46
2024-02-13,2024-02-13,166.81,166.95,158.35,161.6,15222,2479067.07
2024-02-12,2024-02-12,169,171.21,168.64,171.21,7920.0,1342989.24
2024-02-09,2024-02-09,165.44,168,164.8,167.39,6169,1027718.4
2024-02-08,2024-02-08,163.87,165.21,162.96,164.91,16160.0,2654696.14
2024-02-07,2024-02-07,158.34,164.7,158.34,162.98,14907,2412180.77
2024-02-06,2024-02-06,161.69,161.9,157.77,158.73,9439,1511807.62
2024-02-05,2024-02-05,159.79,161.13,157.62,158.58,8575,1373770.45
2024-02-02,2024-02-02,155.54,159.21,154,159.21,14750.0,2298331.74
2024-02-01,2024-02-01,150.05,150.63,147.89,148.18,5572,834785.47
2024-01-31,2024-01-31,152.98,153.25,147.62,149.17,10541,1593024.25
2024-01-30,2024-01-30,158.75,159.87,157.32,157.85,8907,1414464.74
2024-01-29,2024-01-29,155.36,156.39,155,155.85,4628,720190.33
2024-01-26,2024-01-26,153.52,156.88,153,156.39,12049,1857978.79
2024-01-25,2024-01-25,156.43,159.9,156.08,159.78,8857,1401384.53
2024-01-24,2024-01-24,156.52,159.8,156.52,158.61,5833,919705.41
2024-01-23,2024-01-23,152.34,153.67,151.11,152.13,24614,3731685.59
2024-01-22,2024-01-22,153.4,154.85,151.61,153.01,11662,1793096.76
2024-01-19,2024-01-19,145.12,147.25,144.88,146.46,11350.0,1657133.61
2024-01-18,2024-01-18,138.04,143.07,138.04,143.07,10329,1453346.55
2024-01-17,2024-01-17,136.68,137.84,133.69,136.89,7553,1025198.82
2024-01-16,2024-01-16,135.83,141.42,135.83,140.77,9696,1349535.63
2024-01-15,2024-01-15,139.41,139.75,138.56,138.89,3809,530129.35
2024-01-12,2024-01-12,137.61,140.15,137.35,138.63,15112,2095241.86
2024-01-11,2024-01-11,139.7,140.5,134.69,134.69,16587,2279114.4
2024-01-10,2024-01-10,136.27,137.2,135.12,136.22,8828,1202948.33
2024-01-09,2024-01-09,133.69,134.72,131.55,134.59,7154,951641.58
2024-01-08,2024-01-08,126.78,131.35,125.41,131.14,11536,1477509.8
2024-01-05,2024-01-05,125.99,129.21,124.54,128.2,16279,2061543.68
2024-01-04,2024-01-04,129.55,129.85,126.67,129.01,32704,4210180.4
2024-01-03,2024-01-03,132.42,132.64,129.55,130.01,11384,1496747.18
2024-01-02,2024-01-02,139.21,139.42,132,133.95,15802,2142978.89
2023-12-29,2023-12-29,140.81,141.32,140.02,140.27,5493,774621.74
2023-12-28,2023-12-28,141.13,141.6,140.26,140.83,6687,943384.72
2023-12-27,2023-12-27,141.95,141.95,138.93,139.64,10298,1443306.57
2023-12-22,2023-12-22,137.2,139.52,136.6,138.55,14018,1930108.7
2023-12-21,2023-12-21,136.92,137.78,136,136.84,14266,1951302.31
2023-12-20,2023-12-20,139.93,141.35,138.75,140.59,13291,1859029.33
2023-12-19,2023-12-19,138.17,139.7,138.17,139.48,9626,1336615.91
2023-12-18,2023-12-18,136.02,137.7,135.67,137.62,6680.0,913931.43
2023-12-15,2023-12-15,134.28,137.31,134.28,137.31,5189,703898.11
2023-12-14,2023-12-14,137.08,137.5,133.13,133.59,10758,1462148.73
2023-12-13,2023-12-13,132.2,133.4,132,132.25,30873,4089818.5
2023-12-12,2023-12-12,129,130.2,127.77,129.62,23538,3035656.31
2023-12-11,2023-12-11,124.78,127.89,124.43,126.22,9629,1209206.47
2023-12-08,2023-12-08,122.99,125.65,121.5,124.55,10666,1319062.18
2023-12-07,2023-12-07,119.19,123,118.79,122.86,24054,2898796.93
2023-12-06,2023-12-06,122.29,123.5,120.34,120.49,25944,3167488.67
2023-12-05,2023-12-05,117.81,121.46,117.19,120.37,35199,4162558.85
2023-12-04,2023-12-04,120.93,121.95,116.35,117.33,15813,1883436.87
2023-12-01,2023-12-01,120.75,121.67,119.94,121,11274,1362260.99
2023-11-30,2023-11-30,122.61,123.18,118.83,119.14,4544,548677.52
2023-11-29,2023-11-29,122.04,125.32,121.87,122.2,8289,1024404.33
2023-11-28,2023-11-28,120.42,122,119.88,122,9241,1114918.95
2023-11-27,2023-11-27,120.71,122.22,120.65,121.99,7420.0,899469.82
2023-11-24,2023-11-24,122.16,123.2,121,121.61,6582,799386.11
2023-11-23,2023-11-23,123.28,123.28,122.96,123.15,2042,251274.22
2023-11-22,2023-11-22,120.69,125.53,120.69,123.2,21731,2655620.91
2023-11-21,2023-11-21,122.78,123,119.48,120.02,8633,1053994.49
2023-11-20,2023-11-20,118.43,121.45,118.4,121.26,7566,908858.37
2023-11-17,2023-11-17,119.76,120.12,118,118.58,8075,962984.97
2023-11-16,2023-11-16,118.94,119.43,117.75,117.75,4624,548078.34
2023-11-15,2023-11-15,120,122.46,119.85,120.59,21927,2651342.44
2023-11-14,2023-11-14,114.48,119.92,114.04,119.06,23332,2736597.12
2023-11-13,2023-11-13,113.46,114.46,112.24,114.04,16559,1874700.51
2023-11-10,2023-11-10,108.16,111.9,106.82,111.4,26517,2881819.74
2023-11-09,2023-11-09,110.15,111.04,109.54,110.85,16803,1854224.28
2023-11-08,2023-11-08,109.72,111.06,109.18,109.54,15021,1655792.31
2023-11-07,2023-11-07,106.08,110.57,106.08,110.57,10758,1160391.53
2023-11-06,2023-11-06,105.85,107,105.55,106.2,15165,1607978.33
2023-11-03,2023-11-03,102.05,105.83,101.6,105.83,24645,2541016.37
2023-11-02,2023-11-02,99.585,102.17,99.56,102.05,20455,2057993.65
2023-11-01,2023-11-01,93.01,96.655,92.375,95.74,10320.0,979125.895
2023-10-31,2023-10-31,90.25,92.015,89.885,91.55,30686,2799738.875
2023-10-30,2023-10-30,91.25,92.52,89.985,90.805,33298,3036432.15
2023-10-27,2023-10-27,89.905,91.7,89.6,90.825,36384,3289669.93
2023-10-26,2023-10-26,89.815,93.065,89.495,89.735,54367,4940103.045
2023-10-25,2023-10-25,98.635,99.525,95.625,96.165,35903,3506719.5
2023-10-24,2023-10-24,99.005,101.01,98.21,99.64,65607,6538868.955
2023-10-23,2023-10-23,97.755,98.13,94.17,98.13,35931,3440558.925
2023-10-20,2023-10-20,100.15,101.48,97.04,97.225,23140.0,2305247.08
2023-10-19,2023-10-19,104.57,106.22,102.31,104.63,12232,1279618.31
2023-10-18,2023-10-18,107.79,108.17,106.34,107.3,13036,1399644.02
2023-10-17,2023-10-17,110.12,110.38,105.39,109.17,13274,1438747.74
2023-10-16,2023-10-16,107.9,111,106.31,110.54,26532,2847675.35
2023-10-13,2023-10-13,111.28,112.11,107.97,108.31,60097,6666860.44
2023-10-12,2023-10-12,112.73,114.07,111.95,113.07,45538,5131986.96
2023-10-11,2023-10-11,109.85,111.63,109.49,110.29,50603,5604104.99
2023-10-10,2023-10-10,108.6,111.3,107.7,111.3,23585,2566002.29
2023-10-09,2023-10-09,104.5,105.22,103.05,105.02,78159,8141137.54
2023-10-06,2023-10-06,101.55,103.53,98.12,103.53,80250.0,8095614.61
2023-10-05,2023-10-05,102.55,103.53,98.89,99.815,87836,8899596.87
2023-10-04,2023-10-04,97.125,101.44,97,101.26,65676,6568642.985
2023-10-03,2023-10-03,104.71,105.51,99.46,99.46,28408,2908380.955
2023-10-02,2023-10-02,103.43,106,101.52,105.02,79389,8216713.29
2023-09-29,2023-09-29,102.26,105.2,102.11,102.97,39209,4041517.51
2023-09-28,2023-09-28,99.685,101.24,97.87,101.24,43197,4286055.825
2023-09-27,2023-09-27,99.235,100.15,98.37,99.01,39838,3955586.35
2023-09-26,2023-09-26,100.65,101.57,98.42,98.795,72413,7224421.91
2023-09-25,2023-09-25,101.84,102.27,99.5,101.99,62480.0,6299655.2
2023-09-22,2023-09-22,100.02,103.6,100.02,103.53,31116,3188699.19
2023-09-21,2023-09-21,105.77,105.77,102.21,102.72,24252,2509088.22
2023-09-20,2023-09-20,111.09,112.2,109.8,110.13,26181,2907778.97
2023-09-19,2023-09-19,111.51,112.32,108.48,109.26,30655,3370050.55
2023-09-18,2023-09-18,112.03,112.83,110.35,112.28,42987,4794851.39
2023-09-15,2023-09-15,118.61,118.61,112.11,112.11,9637,1111818.27
2023-09-14,2023-09-14,115.64,118.11,115.13,117.42,17735,2062554.72
2023-09-13,2023-09-13,113.17,115.09,112.34,115.09,12240.0,1390445.46
2023-09-12,2023-09-12,116.87,116.94,114.01,114.37,11270.0,1305644.17
2023-09-11,2023-09-11,114.72,116.34,114,115.03,5432,625810.65
2023-09-08,2023-09-08,113.83,115.25,112.1,114.83,13857,1575465.54
2023-09-07,2023-09-07,114.27,114.27,110.9,112.6,33876,3794875.35
2023-09-06,2023-09-06,117.24,117.88,114.6,115.27,9082,1057776.03
2023-09-05,2023-09-05,116.77,119.55,114.52,118.33,9367,1096040.98
2023-09-04,2023-09-04,118.06,118.5,117.33,117.47,5259,621071.68
2023-09-01,2023-09-01,116.81,119.35,115.06,117.1,11999,1409255.29
2023-08-31,2023-08-31,115.7,118.99,115.56,117.53,14334,1672977.6
2023-08-30,2023-08-30,114.17,115.23,112.89,114.95,18063,2055319.31
2023-08-29,2023-08-29,108.53,113.4,107.19,113.4,12263,1351970.27
2023-08-28,2023-08-28,105.55,107.84,105.55,106.73,9645,1029374.79
2023-08-25,2023-08-25,102.6,106.37,101.35,103.55,13694,1423299.03
2023-08-24,2023-08-24,114.66,114.66,105.71,105.71,24195,2659952.02
2023-08-23,2023-08-23,106.32,109.57,105.27,109.49,25034,2675404.75
2023-08-22,2023-08-22,105.17,107.7,105.17,106.23,30775,3258251.13
2023-08-21,2023-08-21,100.38,103.82,100.38,101.8,58012,5907058.25
2023-08-18,2023-08-18,100.56,100.8,97.98,98.925,27656,2757470.19
2023-08-17,2023-08-17,105,105.4,102.5,102.74,12524,1305533.61
2023-08-16,2023-08-16,107.71,108.29,106.65,107.24,15851,1704871.65
2023-08-15,2023-08-15,111.32,111.32,107.87,109.01,9713,1060921.3
2023-08-14,2023-08-14,106.68,110.2,106.01,109.52,5274,567253.82
2023-08-11,2023-08-11,109.09,110.59,105.86,105.86,20449,2194538.69
2023-08-10,2023-08-10,109.72,113.18,109.72,111.07,3885,432224.81
2023-08-09,2023-08-09,113.49,113.49,108,108.5,8948,991369.98
2023-08-08,2023-08-08,113.47,114,109.83,110.11,10299,1152433.33
2023-08-07,2023-08-07,113.5,114.46,111.86,112.19,10362,1175946.53
2023-08-04,2023-08-04,115.81,117,113,115.81,11054,1275513.75
2023-08-03,2023-08-03,113.63,115.03,112.52,114.71,16129,1828503.18
2023-08-02,2023-08-02,119.29,120.04,115.56,115.97,9722,1146308.31
2023-08-01,2023-08-01,122.81,123.07,121.14,122.71,12055,1474062.65
2023-07-31,2023-07-31,122.51,123.8,121.54,122.71,15630.0,1918022.16
2023-07-28,2023-07-28,119.01,123.16,118.49,123.16,17041,2051963
2023-07-27,2023-07-27,119.28,124.08,119.26,122.86,26932,3266437.6
2023-07-26,2023-07-26,118.47,118.82,115.11,115.97,8018,938484.16
2023-07-25,2023-07-25,116.58,118.5,116.58,118.5,9026,1061737.24
2023-07-24,2023-07-24,115.09,117,114.5,115.5,35371,4108181.22
2023-07-21,2023-07-21,116.58,118.65,115.54,116.59,19900.0,2336413.17
2023-07-20,2023-07-20,121.25,122.35,118.42,119.88,20824,2515102.64
2023-07-19,2023-07-19,123.87,125.63,123.67,125.56,11762,1462950.4
2023-07-18,2023-07-18,119.79,120.47,118.74,119.63,12933,1549470.36
2023-07-17,2023-07-17,117.14,119.23,117.02,119.23,11598,1367094.87
2023-07-14,2023-07-14,117.8,120.5,117.44,120.08,12599,1489567.02
2023-07-13,2023-07-13,113.95,116,113.95,115.75,8885,1023569.12
2023-07-12,2023-07-12,110.4,114,110.4,112.8,7374,830535.88
2023-07-11,2023-07-11,109.16,109.87,108.56,108.56,5942,650147.51
2023-07-10,2023-07-10,107.25,109.12,107,108.43,8614,933839.49
2023-07-07,2023-07-07,109.91,111.2,109.29,110.46,8125,897662.31
2023-07-06,2023-07-06,112.06,112.41,108.55,109.15,16099,1771200.07
2023-07-05,2023-07-05,112.02,114.9,111.22,113.55,7213,810464.72
2023-07-04,2023-07-04,113.08,113.34,112.91,113.34,3849,435447.9
2023-07-03,2023-07-03,113.29,114.04,112.34,112.43,8772,993116.91
2023-06-30,2023-06-30,108.82,113.02,108.82,112.27,19017,2109072.94
2023-06-29,2023-06-29,108.62,109.45,107.37,108.27,5125,556936.67
2023-06-28,2023-06-28,106.16,109.92,105.76,108.97,12076,1298302.88
2023-06-27,2023-06-27,104.02,104.76,103.07,104.76,12247,1266089.8
2023-06-26,2023-06-26,106.97,108.63,105.27,106.06,7899,847415.28
2023-06-23,2023-06-23,108.78,109.67,106.4,106.54,11095,1188819.14
2023-06-22,2023-06-22,104.72,108.51,104.43,108.1,18350.0,1947530.4
2023-06-21,2023-06-21,110.45,110.99,105.78,106.58,6586,708450.37
2023-06-20,2023-06-20,110.29,112.26,108.78,109.73,17539,1935831.43
2023-06-19,2023-06-19,111.64,112.5,110.62,110.64,8936,991691.47
2023-06-16,2023-06-16,112.88,114.99,112.79,113.19,13749,1566262.14
2023-06-15,2023-06-15,110.23,112.01,107.78,112.01,14504,1588075.69
2023-06-14,2023-06-14,108.78,110.83,108.3,110.45,6784,742223.89
2023-06-13,2023-06-13,107.95,109.93,106.15,108.51,25590.0,2761533.92
2023-06-12,2023-06-12,102.88,103.98,102.58,103.98,18125,1866030.67
2023-06-09,2023-06-09,100.31,104.18,99.9,101.78,13539,1367822.13
2023-06-08,2023-06-08,96.47,100.19,96.4,100.19,14872,1461604.255
2023-06-07,2023-06-07,102.58,104.31,100,100.92,7648,783843.74
2023-06-06,2023-06-06,102.67,103.15,101.37,102.72,12642,1295530.42
2023-06-05,2023-06-05,101.88,104.63,101.87,104.63,9552,983137.97
2023-06-02,2023-06-02,100.68,103.15,100.01,102.34,31335,3182601.09
2023-06-01,2023-06-01,97.08,98.67,96,98.61,10971,1063659.77
2023-05-31,2023-05-31,97.87,99.185,96.39,96.39,11547,1130711.62
2023-05-30,2023-05-30,99.18,102.14,98.985,99.8,18196,1823607.215
2023-05-29,2023-05-29,98.925,99.08,98.52,98.52,21143,2091297.625
2023-05-26,2023-05-26,90.49,96.175,90.02,96.175,23842,2205791.525
2023-05-25,2023-05-25,88.45,90.5,87.945,90.08,22422,2006350.395
2023-05-24,2023-05-24,85.105,85.375,82.685,83.47,44711,3771694.63
2023-05-23,2023-05-23,88.625,88.755,87.67,87.97,7987,704541.66
2023-05-22,2023-05-22,87.795,89.275,87.04,88.66,25579,2250620.87
2023-05-19,2023-05-19,88.6,89.14,87.38,87.38,37174,3297029.71
2023-05-18,2023-05-18,83.6,87.415,83.6,87.24,21185,1796387.25
2023-05-17,2023-05-17,80.795,82,80.675,81.645,9660.0,786386.32
2023-05-16,2023-05-16,79.685,81.22,79.42,81.05,20889,1676380.83
2023-05-15,2023-05-15,79.465,79.605,78.1,79.54,13721,1085944.1
2023-05-12,2023-05-12,79.835,80.235,78.51,78.51,12933,1033006.215
2023-05-11,2023-05-11,79.315,79.6,78.125,79.255,24529,1937197.49
2023-05-10,2023-05-10,76.105,78.55,75.295,77.83,20110.0,1557988.015
2023-05-09,2023-05-09,76.815,76.815,75.86,76.415,14278,1090151.3
2023-05-08,2023-05-08,76.185,76.5,75.45,76.11,4027,306670.16
2023-05-05,2023-05-05,72.835,75.81,72.635,75.615,7312,541923.42
2023-05-04,2023-05-04,73.165,73.575,71.41,72.625,23414,1702770.115
2023-05-03,2023-05-03,74.555,74.82,74.045,74.09,33812,2522291.94
2023-05-02,2023-05-02,76.77,77.04,73.465,73.735,17089,1289116.89
2023-04-28,2023-04-28,74.75,76.165,74.4,74.945,12226,916178.55
2023-04-27,2023-04-27,71.06,73.6,71.06,73.6,26539,1914553.185
2023-04-26,2023-04-26,70.755,71.075,69.43,70.84,18956,1331005.845
2023-04-25,2023-04-25,71.335,71.71,70.67,70.67,3999,285025
2023-04-24,2023-04-24,72.23,73,71.465,71.475,1811,130461.54
2023-04-21,2023-04-21,72.99,73.175,71.675,72.86,3029,218322.78
2023-04-20,2023-04-20,73.825,74.07,72.29,73.63,10498,769416.26
2023-04-19,2023-04-19,73.995,74.49,73.16,74.3,11553,851887.425
2023-04-18,2023-04-18,75.03,76.68,74.55,75.015,11164,841892.01
2023-04-17,2023-04-17,74.985,75.15,73.715,73.715,2414,179778.235
2023-04-14,2023-04-14,74.255,75.585,73.345,73.925,8315,618549.4
2023-04-13,2023-04-13,71.795,73.515,71.03,73.33,16679,1197931.505
2023-04-12,2023-04-12,73.035,75.7,71.725,72.055,27453,2016305.85
2023-04-11,2023-04-11,75.355,75.695,73.15,73.305,12096,905229.635
2023-04-06,2023-04-06,73.2,73.66,71.7,73.64,21626,1577173.615
2023-04-05,2023-04-05,75.835,75.9,72.63,73.12,21439,1584682.42
2023-04-04,2023-04-04,76.555,78.075,75.68,75.9,28925,2234977.32
2023-04-03,2023-04-03,76.66,76.775,75.405,75.45,13861,1057589.17
2023-03-31,2023-03-31,73.9,75.805,73.6,75.805,9053,677756.765
2023-03-30,2023-03-30,72.61,74,72.58,73.58,22381,1635423.145
2023-03-29,2023-03-29,70.175,71.395,70.035,71.19,2277,160819.125
2023-03-28,2023-03-28,70.245,70.245,67.295,68.04,11078,757806.74
2023-03-27,2023-03-27,72,72.5,70.555,70.81,34802,2503570.47
2023-03-24,2023-03-24,71.195,71.195,69.095,69.775,20016,1407072.335
2023-03-23,2023-03-23,69.595,72.6,69.405,72.02,25818,1816862.715
2023-03-22,2023-03-22,70.515,72.26,70.175,71.335,34896,2470694.21
2023-03-21,2023-03-21,68.99,70.635,68.745,69.66,37900.0,2634857.7
2023-03-20,2023-03-20,67.495,68.645,66.12,67.365,56603,3826333.605
2023-03-17,2023-03-17,69.79,71.065,67.34,68.4,50771,3509805.71
2023-03-16,2023-03-16,65.165,68.8,63.93,68.175,44604,2952152.135
2023-03-15,2023-03-15,63.285,63.285,60.25,62.68,37688,2331860.83
2023-03-14,2023-03-14,59.67,63.265,59.125,63.13,35384,2158764.3
2023-03-13,2023-03-13,60.34,60.9,55.84,59.84,24792,1457318.77
2023-03-10,2023-03-10,60.28,62.05,58.57,61.41,41119,2489120.415
2023-03-09,2023-03-09,64.145,66.49,63.435,65.545,20585,1340643.495
2023-03-08,2023-03-08,63.785,64.6,63.14,63.77,14827,948879.555
2023-03-07,2023-03-07,65.715,66.37,63.835,64.66,19931,1302744.32
2023-03-06,2023-03-06,65.93,67.935,65.395,67.545,17292,1155835.95
2023-03-03,2023-03-03,61.7,64.1,61.58,64.025,9918,625517.115
2023-03-02,2023-03-02,58.435,59.63,58.37,59.34,20119,1190228.77
2023-03-01,2023-03-01,62.23,62.755,59.57,59.88,13729,838316.9
2023-02-28,2023-02-28,61.62,62.87,61.62,62.255,4082,253927.75
2023-02-27,2023-02-27,62.165,63.605,62.06,62.27,14090.0,882337.735
2023-02-24,2023-02-24,63.55,63.55,60.25,60.71,7256,445292.59
2023-02-23,2023-02-23,63.795,64.875,62.335,62.335,12539,799170.31
2023-02-22,2023-02-22,62.645,63.29,61.345,62.405,52250.0,3270270.48
2023-02-21,2023-02-21,65.665,65.865,63.2,63.29,17135,1103719.37
2023-02-20,2023-02-20,66.575,67.1,66.325,66.57,8860.0,589621.555
2023-02-17,2023-02-17,67.04,67.335,65.5,65.615,25350.0,1687122.315
2023-02-16,2023-02-16,72.565,72.81,68.8,70.805,30707,2179794.065
2023-02-15,2023-02-15,68.975,70.795,68.975,70.605,11925,831224.895
2023-02-14,2023-02-14,68.98,70.88,66.86,67.685,22383,1542343.95
2023-02-13,2023-02-13,65.925,68.9,65.835,68.585,10213,687010.425
2023-02-10,2023-02-10,66.915,67.41,64.91,65.88,25188,1658002.705
2023-02-09,2023-02-09,70.63,71.52,69.58,69.58,8527,603422.395
2023-02-08,2023-02-08,73.03,73.03,69.01,69.21,35889,2586018.125
2023-02-07,2023-02-07,68.99,70.265,68.47,70.265,8777,606151.52
2023-02-06,2023-02-06,69.375,69.955,67.92,69.955,20279,1399500.435
2023-02-03,2023-02-03,69.055,74.07,68.7,74.07,58182,4081984.34
2023-02-02,2023-02-02,67.6,72.9,67.6,72.9,36579,2556593.47
2023-02-01,2023-02-01,61.985,62.58,61.08,61.915,11633,720750.575
2023-01-31,2023-01-31,60.085,61.6,58.82,61.545,11748,703637.905
2023-01-30,2023-01-30,62.13,62.16,59.925,61.22,49724,3056725.42
2023-01-27,2023-01-27,60.79,63.09,60.16,63.09,16354,1005717.31
2023-01-26,2023-01-26,59.25,61.23,59.095,59.745,27898,1666613.27
2023-01-25,2023-01-25,58.09,58.09,54.555,56.16,14604,826064.875
2023-01-24,2023-01-24,59.18,59.295,57.945,59.065,11739,689822.445
2023-01-23,2023-01-23,55.885,59.575,55.37,58.94,28699,1625346.045
2023-01-20,2023-01-20,52.37,53.93,51.885,53.93,10021,526669.9
2023-01-19,2023-01-19,53.065,53.225,51.28,51.28,21453,1124909.365
2023-01-18,2023-01-18,55.635,57,54.22,54.22,16333,904689.02
2023-01-17,2023-01-17,54.34,55.9,54.22,55.205,8980.0,494320.06
2023-01-16,2023-01-16,54.75,55.085,53.78,54.675,5626,305136.86
2023-01-13,2023-01-13,53.66,53.95,52.3,53.355,11053,589455.445
2023-01-12,2023-01-12,53.435,54.49,51.64,52.86,45799,2436840.595
2023-01-11,2023-01-11,50.725,52.24,50.7,52.01,13063,675088.725
2023-01-10,2023-01-10,49.524,50.675,48.684,49.696,15044,750388.846
2023-01-09,2023-01-09,49.218,52.12,49.218,52.02,23223,1173496.68
2023-01-06,2023-01-06,46.174,48.002,45.5,48.002,23436,1085642.46
2023-01-05,2023-01-05,47.458,48.508,45.986,46.548,23790.0,1119060.748
2023-01-04,2023-01-04,48.158,48.67,46.644,48.666,22231,1066307.38
2023-01-03,2023-01-03,49.108,50.435,46.834,46.834,20698,1013447.612
2023-01-02,2023-01-02,49.2,50.9,49.2,50.735,4918,246383.949
2022-12-30,2022-12-30,47.494,47.882,46.772,46.772,6771,321292.212
2022-12-29,2022-12-29,45.798,48.26,45.564,48.26,22972,1085417.604
2022-12-28,2022-12-28,47.37,47.534,45.558,45.628,8235,387149.288
2022-12-27,2022-12-27,50.035,50.4,47,47.518,38177,1906430.486
2022-12-23,2022-12-23,48.994,49.676,47.5,48.55,8082,395435.988
2022-12-22,2022-12-22,52.915,53.14,48.146,48.288,35054,1813786.215
2022-12-21,2022-12-21,51.165,53.115,50.85,52.89,13881,719265.19
2022-12-20,2022-12-20,49.586,50.9,49.48,49.936,6184,310967.864
2022-12-19,2022-12-19,53.175,53.78,51.03,51.03,21488,1141140.805
2022-12-16,2022-12-16,54.06,54.28,52.505,52.94,41097,2192623.625
2022-12-15,2022-12-15,59.02,59.025,54.56,55.14,58483,3359490.24
2022-12-14,2022-12-14,62.11,63.305,61.565,63.075,8524,529301.68
2022-12-13,2022-12-13,60.93,67.75,60.545,64.34,65559,4217746.965
2022-12-12,2022-12-12,58.4,58.875,57.845,58.46,3933,229928.94
2022-12-09,2022-12-09,60.24,60.665,58.12,60.265,17676,1058411.66
2022-12-08,2022-12-08,57.885,59.56,57.69,59.15,9082,530029.5
2022-12-07,2022-12-07,58.935,58.95,56.57,57.395,24722,1421783.2
2022-12-06,2022-12-06,62.47,62.925,59.04,59.635,9932,604392.165
2022-12-05,2022-12-05,64.595,65.055,63.205,63.205,10206,658931.55
2022-12-02,2022-12-02,65.83,66.375,62.33,64.445,17755,1146953.31
2022-12-01,2022-12-01,66.77,67.48,64.96,66.335,22996,1524046.005
2022-11-30,2022-11-30,59.54,60.1,59.2,59.975,13750.0,821194.075
2022-11-29,2022-11-29,61.415,61.785,58.565,58.795,19238,1148408.01
2022-11-28,2022-11-28,61.71,61.985,60.8,61.64,7826,480418.7
2022-11-25,2022-11-25,64.83,64.83,63.105,63.105,20536,1310310.195
2022-11-24,2022-11-24,64.705,65.32,64.58,65.175,15033,975256.085
2022-11-23,2022-11-23,63.04,64.825,62.88,64.37,13536,863012.435
2022-11-22,2022-11-22,60.535,61.695,59.88,61.24,10838,656936.375
2022-11-21,2022-11-21,61.995,62.5,61,61.115,10679,656215.19
2022-11-18,2022-11-18,61.935,64.2,61.38,62.195,22410.0,1406284.64
2022-11-17,2022-11-17,63.65,63.7,59.62,61.455,16151,982902.655
2022-11-16,2022-11-16,65.825,65.86,61.8,62.825,22333,1436487.015
2022-11-15,2022-11-15,64.015,68.06,64.015,67.215,18074,1191676.08
2022-11-14,2022-11-14,63.62,64.13,62.745,63.74,19491,1235322.5
2022-11-11,2022-11-11,63.285,63.83,60.745,61.83,40330.0,2533029.01
2022-11-10,2022-11-10,52.345,60,52,60,52390.0,2978396.09
2022-11-09,2022-11-09,56,56.045,53.63,53.63,6287,345184.68
2022-11-08,2022-11-08,53.935,57.19,53.89,57.19,21913,1207334.605
2022-11-07,2022-11-07,52.35,53.96,52.35,53.46,17568,936965.575
2022-11-04,2022-11-04,52.215,54,50.5,51.41,39866,2105495.54
2022-11-03,2022-11-03,55.19,55.19,51.71,52.96,28553,1531760.245
2022-11-02,2022-11-02,61.12,61.16,58.5,58.5,10741,645763.595
2022-11-01,2022-11-01,63.755,64.705,60.535,60.535,13946,870187.355
2022-10-31,2022-10-31,63.505,63.6,61.56,62.65,47581,2997288.04
2022-10-28,2022-10-28,56.83,62.535,56.25,62.175,11395,670805.58
2022-10-27,2022-10-27,61.85,61.915,59.225,60.385,13280.0,809518.125
2022-10-26,2022-10-26,63.075,65.535,62.2,65.34,26785,1700686.975
2022-10-25,2022-10-25,63.475,66.105,63.12,66.105,12721,824377.15
2022-10-24,2022-10-24,61.975,62.7,59.6,61.75,30075,1846205.01
2022-10-21,2022-10-21,57.1,58.86,56.01,58.68,22023,1267450.54
2022-10-20,2022-10-20,57.725,61.13,57.54,60.765,9528,562925.825
2022-10-19,2022-10-19,60.05,60.6,58.38,59.065,19099,1133210.465
2022-10-18,2022-10-18,60.68,62.16,57.82,57.82,25435,1551644.26
2022-10-17,2022-10-17,55.12,58.355,54.46,57.74,32233,1804325.815
2022-10-14,2022-10-14,59.135,60.235,54.995,55.28,32493,1877020.225
2022-10-13,2022-10-13,54.605,56.375,50,56.375,38035,1973079.275
2022-10-12,2022-10-12,55.985,56.79,54.805,55.45,17932,1002761.8
2022-10-11,2022-10-11,55.515,56.905,54.485,56.415,13558,754231.745
2022-10-10,2022-10-10,58.145,59.555,56.5,57.045,20904,1218034.225
2022-10-07,2022-10-07,65.375,65.795,60.485,60.485,16144,1018552.81
2022-10-06,2022-10-06,67.365,68.375,65.45,67.645,13305,888479.98
2022-10-05,2022-10-05,65.295,65.795,62.945,63.875,15924,1022858.99
2022-10-04,2022-10-04,63.95,67.24,63.94,66.76,33463,2198959.51
2022-10-03,2022-10-03,57.43,60.95,56.66,60.545,28140.0,1663462.895
2022-09-30,2022-09-30,62.24,63.1,60.48,62.6,20219,1257427.675
2022-09-29,2022-09-29,65.54,66.015,60.66,61.365,23980.0,1514767.06
2022-09-28,2022-09-28,63.23,66.48,61.8,65.78,23969,1532829.935
2022-09-27,2022-09-27,66.185,68.205,65.245,65.245,23954,1602172.16
2022-09-26,2022-09-26,63.785,67.23,63.16,65.495,25671,1676038.74
2022-09-23,2022-09-23,66.315,66.795,63.8,64.705,19602,1269249.39
2022-09-22,2022-09-22,67.915,70.25,66.275,66.875,25839,1779675.05
2022-09-21,2022-09-21,72.155,73.89,72.155,73.875,7637,559834.005
2022-09-20,2022-09-20,74.245,74.88,71.765,72.96,5407,399954.82
2022-09-19,2022-09-19,70.935,73.075,70.25,71.57,9977,711384.965
2022-09-16,2022-09-16,71.745,72.08,70,70.245,7851,557034.19
2022-09-15,2022-09-15,78.14,78.38,73.865,74.625,12123,930773.635
2022-09-14,2022-09-14,77,77.785,75.525,77.295,28237,2173259.89
2022-09-13,2022-09-13,90.465,91.58,78.96,79.38,27412,2325836.395
2022-09-12,2022-09-12,87.27,89.925,86.88,89.365,13502,1190714.485
2022-09-09,2022-09-09,83.22,86.98,83.025,86.835,10343,879046.49
2022-09-08,2022-09-08,82.06,83.7,78.79,83.63,25182,2041864.765
2022-09-07,2022-09-07,76.96,79.42,76.69,79.085,21498,1672775.975
2022-09-06,2022-09-06,80.355,80.665,75.81,78.76,14266,1117894.92
2022-09-05,2022-09-05,79.52,79.52,78.11,79.395,7728,610097.23
2022-09-02,2022-09-02,81.735,85.17,81.04,84.275,21404,1774095.615
2022-09-01,2022-09-01,79.02,80.475,77.51,78.245,10641,841671.155
2022-08-31,2022-08-31,84.76,85.735,81.925,82.695,9879,827558.075
2022-08-30,2022-08-30,87.14,89.08,81.7,83.115,9646,844279.755
2022-08-29,2022-08-29,86.7,88.07,85.4,86.17,13228,1142865.165
2022-08-26,2022-08-26,100.66,102,92.8,93.315,21493,2107099.875
2022-08-25,2022-08-25,98.975,99.98,97.12,98.57,6402,631979.54
2022-08-24,2022-08-24,95.59,97.65,94.82,97.285,7340.0,703839.045
2022-08-23,2022-08-23,95.535,97.6,95.25,96.19,12056,1164409.225
2022-08-22,2022-08-22,101.56,101.83,96.855,97.645,15487,1545693.975
2022-08-19,2022-08-19,107.11,107.34,103.26,103.26,9981,1057063.47
2022-08-18,2022-08-18,106.2,109.64,106.16,109.64,9477,1021409.16
2022-08-17,2022-08-17,111.07,111.1,106.2,106.48,4981,544483.34
2022-08-16,2022-08-16,111.6,112.51,108.37,111.17,6002,666869.26
2022-08-15,2022-08-15,108.11,110.73,107.37,110.33,5802,631469.69
2022-08-12,2022-08-12,102.89,106.65,102.89,106.65,6978,728570.97
2022-08-11,2022-08-11,105.47,107.82,104.2,104.84,9511,1009268.86
2022-08-10,2022-08-10,96.255,103.26,96.255,102.81,5205,528282.815
2022-08-09,2022-08-09,101.08,101.2,95.82,97.015,9809,954839.155
2022-08-08,2022-08-08,103.3,105.9,102.18,102.9,9751,1009091.78
2022-08-05,2022-08-05,104.04,104.31,99.51,99.51,11945,1213147.16
2022-08-04,2022-08-04,102.38,104.19,100.84,101.55,14355,1474664.71
2022-08-03,2022-08-03,94.855,101.43,94.815,101.43,12299,1214366.37
2022-08-02,2022-08-02,94.17,96.095,92.26,95.75,2063,193086.305
2022-08-01,2022-08-01,95.015,98.09,93.84,97.18,10361,982181.725
2022-07-29,2022-07-29,94.46,95.21,92.085,92.8,7790.0,733394.74
2022-07-28,2022-07-28,87.155,89.84,85.6,89.66,16955,1479683.31
2022-07-27,2022-07-27,82.37,85.835,82.03,85.26,5785,485472.375
2022-07-26,2022-07-26,82.62,83,79.975,79.975,4925,404179.675
2022-07-25,2022-07-25,85.125,86,82.04,83.86,15293,1292331.565
2022-07-22,2022-07-22,87.7,89.44,85.535,85.535,10234,903401.675
2022-07-21,2022-07-21,85.655,87.535,84.45,87.535,10029,864580.23
2022-07-20,2022-07-20,83.08,86.375,81.68,86.375,7042,591320.265
2022-07-19,2022-07-19,76.42,80.22,74.91,80.22,8228,632817.86
2022-07-18,2022-07-18,79.925,81.01,79.56,80.245,10124,809625.445
2022-07-15,2022-07-15,74.39,77.6,74.39,77.495,7309,559247.37
2022-07-14,2022-07-14,72.9,73.135,69.96,71.48,15456,1099126.13
2022-07-13,2022-07-13,74.96,74.96,69.105,73.105,9933,715902.015
2022-07-12,2022-07-12,75.095,78.44,74.435,76.5,8436,644090.9
2022-07-11,2022-07-11,78.345,79.55,75.695,76.765,7076,546335.24
2022-07-08,2022-07-08,79.205,81.37,77.16,81.26,11721,923753.21
2022-07-07,2022-07-07,75.79,78.86,75.735,78.455,4134,315978.855
2022-07-06,2022-07-06,73.795,74.24,73,73.3,5183,382214.095
2022-07-05,2022-07-05,69.61,69.915,65.96,68.04,4490.0,302266.78
2022-07-04,2022-07-04,67.615,67.94,67,67.75,2777,187369.76
2022-07-01,2022-07-01,64.745,68.3,64.745,67.12,17044,1135350.04
2022-06-30,2022-06-30,66.83,68.14,64.34,67.305,13975,929940.28
2022-06-29,2022-06-29,68.985,70.465,67.66,70.14,11054,766234.575
2022-06-28,2022-06-28,76.985,78.39,72.935,72.935,15766,1209394.115
2022-06-27,2022-06-27,78.085,79.825,75.505,77.025,12377,970011.08
2022-06-24,2022-06-24,72.575,76.38,72.22,75.465,12279,913381.76
2022-06-23,2022-06-23,67.015,70.18,66.68,69.65,31873,2190288.52
2022-06-22,2022-06-22,64.865,69.86,63.595,69.64,42355,2758964.825
2022-06-21,2022-06-21,65.94,69.19,65.94,68.82,33184,2248122.71
2022-06-20,2022-06-20,64.635,65.26,64.28,64.925,16581,1073047.33
2022-06-17,2022-06-17,62.075,64.04,61.04,63.195,31511,1965010.945
2022-06-16,2022-06-16,67.685,67.685,61,61.715,46286,2987558.815
2022-06-15,2022-06-15,66.165,69,65.66,68.27,14448,966720.33
2022-06-14,2022-06-14,68.02,68.135,64.15,65.57,25671,1698156.27
2022-06-13,2022-06-13,70.15,70.18,65.66,67.13,13139,895782.12
2022-06-10,2022-06-10,82.835,84.095,74.55,74.55,19714,1590400.815
2022-06-09,2022-06-09,88.87,90.94,87.125,88.81,10791,959497.975
2022-06-08,2022-06-08,90.205,92.26,89.81,92.035,4006,361958.385
2022-06-07,2022-06-07,87,90.81,86.09,88.83,8665,764815.52
2022-06-06,2022-06-06,90.16,93.04,89.96,90.095,6875,626372.12
2022-06-03,2022-06-03,94.435,94.48,87,87.99,12506,1156989.545
2022-06-02,2022-06-02,89.275,91,86.54,90.235,8632,774359.865
2022-06-01,2022-06-01,90.57,94,88.455,88.455,18524,1701923.275
2022-05-31,2022-05-31,90.895,91.96,87.99,89.18,7808,701066.355
2022-05-30,2022-05-30,94.63,94.78,92.19,93.4,12638,1185686.89
2022-05-27,2022-05-27,82.62,88.975,82.04,88.975,16764,1432921.945
2022-05-26,2022-05-26,75.82,81.96,75.81,81.215,5461,435389.93
2022-05-25,2022-05-25,75.185,76.4,72.26,74.475,9748,728142.32
2022-05-24,2022-05-24,73.855,75.215,69.74,70.58,11174,815694.92
2022-05-23,2022-05-23,78.65,78.65,75.6,77.84,9493,730479.86
2022-05-20,2022-05-20,78.495,80.705,73.74,74.425,8610.0,668792.455
2022-05-19,2022-05-19,77.305,78.78,73.9,78.78,18035,1375423.605
2022-05-18,2022-05-18,90.46,90.655,82.96,82.96,15780.0,1412429.53
2022-05-17,2022-05-17,87.745,91.62,87.27,89.98,6887,611518.685
2022-05-16,2022-05-16,87.21,88.9,85.13,85.275,13666,1185929.115
2022-05-13,2022-05-13,83.21,88.27,83.21,88.27,14873,1269719.075
2022-05-12,2022-05-12,78.68,83.01,75.5,80.89,59910.0,4677894.185
2022-05-11,2022-05-11,89.395,91.995,83.24,86.715,49701,4329568.325
2022-05-10,2022-05-10,88.46,91.195,84.53,85.33,32906,2902343.42
2022-05-09,2022-05-09,94.295,94.5,86.66,86.86,26434,2362551.725
2022-05-06,2022-05-06,99.445,99.86,91.8,97.69,9316,881607.16
2022-05-05,2022-05-05,114.33,114.64,101.15,102.2,15649,1732108.71
2022-05-04,2022-05-04,107.53,107.53,101.82,101.82,1102,114566.02
2022-05-03,2022-05-03,106.95,107.42,104.51,106.9,7742,821226.2
2022-05-02,2022-05-02,103.51,105,99,101.97,8226,838439.56
2022-04-29,2022-04-29,113.77,115.48,109.62,110.47,7102,802405.94
2022-04-28,2022-04-28,111.3,113.6,107.66,109.86,8728,971405.68
2022-04-27,2022-04-27,107.04,109.36,104.15,109.36,11435,1225413.41
2022-04-26,2022-04-26,117,118.26,107.5,107.6,13091,1441846
2022-04-25,2022-04-25,110.91,115.45,109.15,112.86,12582,1405127.75
2022-04-22,2022-04-22,122.76,123.11,118.77,118.77,13478,1630243.4
2022-04-21,2022-04-21,130.95,136.04,130.95,131.02,7365,975779.89
2022-04-20,2022-04-20,132,137.64,130,130.77,17082,2299600.23
2022-04-19,2022-04-19,129.53,134.75,126.03,134.75,7665,980688.39
2022-04-14,2022-04-14,136.41,136.47,131.3,131.6,5834,788914.7
2022-04-13,2022-04-13,131.77,134.17,128.61,134.17,4889,641830.06
2022-04-12,2022-04-12,128.71,137.21,127.65,134.71,5486,726180.65
2022-04-11,2022-04-11,136.62,138,130.5,131.86,22197,2982627.81
2022-04-08,2022-04-08,147.19,148.3,139.42,141.4,13516,1930802.54
2022-04-07,2022-04-07,144.69,147.39,141.31,141.31,10219,1478209.86
2022-04-06,2022-04-06,153.97,154.19,142.5,142.89,4275,624036.83
2022-04-05,2022-04-05,163.9,164.8,157.2,157.2,2128,342575.47
2022-04-04,2022-04-04,154.43,161.63,152.74,161.31,14766,2323160.17
2022-04-01,2022-04-01,155.66,156,151.55,151.55,16170.0,2482757.63
2022-03-31,2022-03-31,160.97,162.6,157.45,158.47,6778,1083965.48
2022-03-30,2022-03-30,163.42,163.42,159.75,161.13,14775,2394456.24
2022-03-29,2022-03-29,159.34,163.7,158.64,161.76,12581,2025295.47
2022-03-28,2022-03-28,150.98,154.88,150.54,151.96,7199,1102514.12
2022-03-25,2022-03-25,151.73,153.56,146.5,148.27,12774,1920597.21
2022-03-24,2022-03-24,145.04,147.86,142.7,146.64,4057,590556.75
2022-03-23,2022-03-23,148.28,149.5,143.33,147.03,6494,956086.27
2022-03-22,2022-03-22,141.18,148.96,140.78,147.26,6164,897726.74
2022-03-21,2022-03-21,139.42,142.29,136.09,137.66,2282,317816.51
2022-03-18,2022-03-18,129.98,137.51,129.42,137.51,13651,1813122.01
2022-03-17,2022-03-17,128.71,129,125,127.95,10967,1399186.97
2022-03-16,2022-03-16,121.05,125.81,120.53,124.45,12662,1546969.53
2022-03-15,2022-03-15,106.14,114.94,103.78,114.65,14132,1538065.53
2022-03-14,2022-03-14,114.12,116,108.5,108.5,13753,1557855.86
2022-03-11,2022-03-11,120.14,126.48,116.81,116.81,20918,2561387.93
2022-03-10,2022-03-10,122.05,122.05,115,115.04,11831,1417800.14
2022-03-09,2022-03-09,115.87,121.7,115.65,121.13,13783,1649218.87
2022-03-08,2022-03-08,113.35,116.72,110,110.77,8946,1023581.98
2022-03-07,2022-03-07,123.08,129.8,121.34,121.74,25430.0,3168284
2022-03-04,2022-03-04,131.78,132.1,126.45,126.45,6753,870533.16
2022-03-03,2022-03-03,137.63,142.68,133.73,134.7,13412,1859147.22
2022-03-02,2022-03-02,131.06,136.69,130.42,136.69,21118,2826446.16
2022-03-01,2022-03-01,137.99,138.57,132.88,133.72,41086,5582941.22
2022-02-28,2022-02-28,130.87,137.78,129.04,137.78,22993,3010168.56
2022-02-25,2022-02-25,126.15,133.7,124.34,133.7,20419,2605332.45
2022-02-24,2022-02-24,108.15,119.31,105,117.92,23628,2566613.93
2022-02-23,2022-02-23,128.63,130.4,122.59,123.48,16410.0,2104429.89
2022-02-22,2022-02-22,120.51,131.19,120.51,126.71,15001,1887755.67
2022-02-21,2022-02-21,131.93,132.5,123.46,124.12,10869,1391851.71
2022-02-18,2022-02-18,136.38,138.15,129.88,130.66,4711,630026.52
2022-02-17,2022-02-17,145.96,145.96,139.72,140.79,5743,824692.2
2022-02-16,2022-02-16,145.92,148.5,141.02,142.37,4500.0,651327.73
2022-02-15,2022-02-15,139.22,146.73,139.22,145.64,11679,1684737.15
2022-02-14,2022-02-14,136.69,141,132.3,141,12069,1638079.84
2022-02-11,2022-02-11,148.38,152.23,146,146,6784,1011319.69
2022-02-10,2022-02-10,160.86,161.49,150.7,154.83,10242,1603316.17
2022-02-09,2022-02-09,153.52,158.37,153.2,158.37,9768,1525319.02
2022-02-08,2022-02-08,147.14,150.32,144.43,150.32,12283,1808420.75
2022-02-07,2022-02-07,151.15,153.16,148.75,148.81,9037,1359930.49
2022-02-04,2022-02-04,152.39,152.39,140.96,147.54,14188,2080000.53
2022-02-03,2022-02-03,158.27,158.47,151.51,152.55,29003,4470695.12
2022-02-02,2022-02-02,168.99,171.41,162.76,162.78,23031,3864337
2022-02-01,2022-02-01,160.69,162.7,155.76,160.64,12280.0,1973437.73
2022-01-31,2022-01-31,148.03,156.19,147.7,155.72,14077,2111193.18
2022-01-28,2022-01-28,138.93,142.35,131.48,141.28,15437,2074609.07
2022-01-27,2022-01-27,134.69,146.07,134.66,144.77,12586,1781670.14
2022-01-26,2022-01-26,140.85,147.61,140.85,146.76,11717,1704871.89
2022-01-25,2022-01-25,141.94,144.66,135.27,135.93,13394,1881315.34
2022-01-24,2022-01-24,149.71,150.59,132.93,132.93,8300.0,1158452.3
2022-01-21,2022-01-21,155.55,159.8,149.47,157.92,19451,3035305.77
2022-01-20,2022-01-20,168.56,175.49,166.5,174.29,8226,1402460.87
2022-01-19,2022-01-19,168.44,176.21,166.78,168.18,16609,2864646.44
2022-01-18,2022-01-18,178.58,178.75,173,173.98,26502,4657546.22
2022-01-17,2022-01-17,182.63,184.9,182.13,183.87,1383,254351.82
2022-01-14,2022-01-14,180.27,183.38,174,181.32,9134,1628117.38
2022-01-13,2022-01-13,193.39,196.34,189.04,191.28,4745,919885.42
2022-01-12,2022-01-12,195.03,198.68,192,194.88,7395,1451995.05
2022-01-11,2022-01-11,186.32,191.31,182.5,191.31,26327,4918480.36
2022-01-10,2022-01-10,187.7,187.85,170.78,175.5,6989,1236313.73
2022-01-07,2022-01-07,191.21,194,183.57,186.68,9161,1723103.92
2022-01-06,2022-01-06,191.81,196.24,187.02,193.59,6465,1242952.23
2022-01-05,2022-01-05,210.32,210.66,206.98,207.02,3600.0,749385.54
2022-01-04,2022-01-04,222.5,223.48,208.98,210.7,1703,370742.3
2022-01-03,2022-01-03,216.86,219.22,214,217.66,1121,243467.48
2021-12-30,2021-12-30,221.34,222.66,221.18,221.76,463,102889.76
2021-12-29,2021-12-29,223.26,224,217.86,218.5,3770.0,835485.7
2021-12-28,2021-12-28,223.24,226.86,221.32,221.4,2815,631673.8
2021-12-27,2021-12-27,213.8,222,213.8,221.24,3017,665581.08
2021-12-23,2021-12-23,208.7,214.12,208.22,214.12,908,190651.12
2021-12-22,2021-12-22,201.04,206.62,199.9,206.62,2462,494953.78
2021-12-21,2021-12-21,194.11,195.93,189.1,193.71,2537,490523.27
2021-12-20,2021-12-20,187.71,188.85,184.66,184.66,3600.0,673466.95
2021-12-17,2021-12-17,197.14,201.12,190.21,197.29,12154,2351569.87
2021-12-16,2021-12-16,217.44,221.18,203.42,203.42,7346,1553133.28
2021-12-15,2021-12-15,202.28,202.28,195.92,195.92,791,158464.15
2021-12-14,2021-12-14,208.82,208.84,195.69,195.69,3131,627378.56
2021-12-13,2021-12-13,217.62,219.8,209.74,210.02,5684,1241164.66
2021-12-10,2021-12-10,210.58,215.62,209.88,210.32,5160.0,1097521.94
2021-12-09,2021-12-09,218.68,219.34,214.7,216.98,2601,564865.12
2021-12-08,2021-12-08,218.92,220,213.72,215.4,4923,1067444.94
2021-12-07,2021-12-07,206.08,217.52,206.08,216.42,2711,563888.12
2021-12-06,2021-12-06,195.87,197.06,189.86,194.94,7569,1461249.2
2021-12-03,2021-12-03,203.86,207.94,191.2,193.89,20104,4084684.92
2021-12-02,2021-12-02,201.2,203.78,196.92,200.18,9479,1908438
2021-12-01,2021-12-01,218.42,220.68,215.66,220.68,1478,321218.74
2021-11-30,2021-11-30,217.14,221.28,210.98,210.98,4002,870921.34
2021-11-29,2021-11-29,213.7,218.48,212.2,218.48,2749,587526.32
2021-11-26,2021-11-26,214.38,215.86,206.64,208.2,4802,1020571.08
2021-11-25,2021-11-25,223.8,224.42,222.76,223.2,830,185812.5
2021-11-24,2021-11-24,219.58,220.1,214.78,219.8,1444,313708.12
2021-11-23,2021-11-23,219.24,221.5,212.84,214.54,7413,1623038.24
2021-11-22,2021-11-22,231.24,237.14,230.7,231.62,3967,927118.72
2021-11-19,2021-11-19,226.94,229.7,226.9,229.7,4009,914405.96
2021-11-18,2021-11-18,220.02,221.42,217.4,221.34,1766,388996.74
2021-11-17,2021-11-17,217.86,219.6,217.48,219.52,3606,787534.48
2021-11-16,2021-11-16,212.28,217.14,211.5,217.14,1496,319300.08
2021-11-15,2021-11-15,211.68,213.52,210.5,211,3785,804110.84
2021-11-12,2021-11-12,205.8,210.42,204.68,210.42,3452,710479.62
2021-11-11,2021-11-11,203.78,206.4,203,206.24,4198,858884.1
2021-11-10,2021-11-10,210.44,210.44,202.96,207.68,6203,1287570.04
2021-11-09,2021-11-09,212.7,216.22,208.82,210.42,2485,529587.66
2021-11-08,2021-11-08,213.56,215.14,213.14,215.14,10009,2143387.66
2021-11-05,2021-11-05,214.08,219,214.08,217.52,11917,2599410.98
2021-11-04,2021-11-04,208.6,214.4,208,213.26,6283,1327187.32
2021-11-03,2021-11-03,200.26,200.9,199.74,200.9,2982,597330.16
2021-11-02,2021-11-02,195.98,200,195.85,199.06,7249,1434979.05
2021-11-01,2021-11-01,197.17,198.25,193.86,195.7,5519,1081665.26
2021-10-29,2021-10-29,186.37,192.04,186.37,192.04,2414,454925.94
2021-10-28,2021-10-28,186.7,191.01,186.7,189.94,3477,658066.92
2021-10-27,2021-10-27,185.65,188.31,183.74,187.95,5016,929534.39
2021-10-26,2021-10-26,185.42,189.83,185.42,186.81,6719,1251598.99
2021-10-25,2021-10-25,177.99,179.89,177.5,179.89,1311,233768.76
2021-10-22,2021-10-22,179.5,180.96,176.38,176.38,310,55813.05
2021-10-21,2021-10-21,176.13,180.33,176.13,178.99,103,18424.74
2021-10-20,2021-10-20,178.29,180,178.29,178.9,1528,273045.63
2021-10-19,2021-10-19,176.16,178.16,175.44,178.16,1231,217551.83
2021-10-18,2021-10-18,168.49,172.79,168.1,172.79,4032,686553.95
2021-10-15,2021-10-15,168.29,169.87,167.81,169.54,795,134223.12
2021-10-14,2021-10-14,161.77,166.06,161.44,166.06,422,68333.08
2021-10-13,2021-10-13,154.73,158.44,154.73,155.98,3831,605231.32
2021-10-12,2021-10-12,154.12,159.33,154.12,156.24,1725,273847.22
2021-10-11,2021-10-11,158.26,162.56,157.33,162.28,996,159777.63
2021-10-08,2021-10-08,163.56,166.18,161.19,161.19,1326,216231.61
2021-10-07,2021-10-07,163.24,166.26,162.86,166.14,738,121155.42
2021-10-06,2021-10-06,152.5,155.69,148.8,154.4,1899,286199.34
2021-10-05,2021-10-05,150.82,156.68,150,156.58,3080.0,465769.51
2021-10-04,2021-10-04,155.66,156.94,147.88,147.88,5681,884012.66
2021-10-01,2021-10-01,152.72,158.15,152.58,156.53,7055,1103570.19
2021-09-30,2021-09-30,162.04,162.29,160,160.07,4188,674563.85
2021-09-29,2021-09-29,160.81,163.32,159.41,159.41,3710.0,601610.97
2021-09-28,2021-09-28,168.16,168.16,158.64,159.47,12630.0,2090345.56
2021-09-27,2021-09-27,178.22,178.22,169.22,171.58,7138,1236402.8
2021-09-24,2021-09-24,173.36,174.32,172.06,172.9,5205,901234.88
2021-09-23,2021-09-23,173.07,176.33,172.21,175.14,11053,1930996.69
2021-09-22,2021-09-22,168.46,170.82,166.34,170.82,4094,685692.04
2021-09-21,2021-09-21,168.32,170.79,165.52,169.06,9020.0,1529764.86
2021-09-20,2021-09-20,172.91,172.92,165.59,165.59,14574,2468503.39
2021-09-17,2021-09-17,183.23,183.23,176.35,176.35,2926,528320.62
2021-09-16,2021-09-16,180.89,181.6,177.96,178.15,720,130483.73
2021-09-15,2021-09-15,178.47,178.66,175.93,176.15,1341,238865.61
2021-09-14,2021-09-14,178.55,181.28,178.49,179.45,1030.0,186218.35
2021-09-13,2021-09-13,181.52,183.2,177.39,177.39,2868,516078.13
2021-09-10,2021-09-10,184.57,185.43,183.13,183.13,190,34998.57
2021-09-09,2021-09-09,183.26,186.76,183.26,185.44,1026,191307.53
2021-09-08,2021-09-08,186.95,187.52,183,183.62,3227,598246.02
2021-09-07,2021-09-07,187.14,187.14,185.22,186.24,814,152042.64
2021-09-06,2021-09-06,187.15,187.67,187.15,187.59,224,41995.9
2021-09-03,2021-09-03,184.35,185.73,184.35,185.73,4307,796767.07
2021-09-02,2021-09-02,185.24,186.7,185.24,185.96,1890.0,352415.54
2021-09-01,2021-09-01,186.36,187.1,185.17,187.1,1208,224666.12
2021-08-31,2021-08-31,187.03,187.03,182.85,184.24,2062,382493.36
2021-08-30,2021-08-30,179.51,184.45,179.36,184.34,4711,857595.98
2021-08-27,2021-08-27,175.86,178.58,175.86,178.15,84,14850.74
2021-08-26,2021-08-26,175.79,177.34,175.32,175.54,56,9846.52
2021-08-25,2021-08-25,178.07,178.38,177.06,177.62,3411,606398.59
2021-08-24,2021-08-24,177.99,178.3,176.28,177.04,4097,726123.27
2021-08-23,2021-08-23,170.81,175.2,170.04,175.2,4663,806394.38
2021-08-20,2021-08-20,163.84,168.63,162.84,168.63,6,978
2021-08-19,2021-08-19,159.37,164.55,157.04,163.92,1022,163275.98
2021-08-18,2021-08-18,166.65,166.9,165.13,165.13,245,40709.2
2021-08-17,2021-08-17,168.68,168.68,165.99,165.99,1918,322168.9
2021-08-16,2021-08-16,168.31,168.99,162.95,164.96,891,149477.44
2021-08-13,2021-08-13,168.88,169,168.28,168.74,1586,267703.4
2021-08-12,2021-08-12,165.83,168.08,165,168.08,87,14392.8
2021-08-11,2021-08-11,167.57,167.57,165.6,165.6,497,82814.92
2021-08-10,2021-08-10,170.19,171.12,166.97,167.58,183,31040.78
2021-08-09,2021-08-09,167.78,169.82,167.78,169.54,126,21275.67
2021-08-06,2021-08-06,169.78,170.24,167.87,168.31,1282,217207.07
2021-08-05,2021-08-05,167.15,169.74,167.15,169.72,1289,218311.9
2021-08-04,2021-08-04,166.28,166.47,165.93,166.47,2166,360184.79
2021-08-03,2021-08-03,163.61,163.61,160.22,161.65,1359,221849.67
2021-08-02,2021-08-02,165.81,165.81,164.28,165.42,664,109537.71
2021-07-30,2021-07-30,158.73,162.5,158.73,161.56,88,14089.01
2021-07-29,2021-07-29,164.32,166.42,163.67,166.01,2175,361945.24
2021-07-28,2021-07-28,163.58,165.88,163.58,165.88,3067,504734.28
2021-07-27,2021-07-27,168.51,169.68,159.01,159.01,5814,962422.11
2021-07-26,2021-07-26,169.07,169.07,167,168.48,1620.0,271291.7
2021-07-23,2021-07-23,165.04,167.98,164.89,167.98,4426,733967.32
2021-07-22,2021-07-22,161.39,162.93,159.86,162.29,690,111185.3
2021-07-21,2021-07-21,157.13,158.51,156.14,158.26,1174,184791.14
2021-07-20,2021-07-20,153.97,155.28,151.18,155.28,424,64925.38
2021-07-19,2021-07-19,154.25,154.25,149.23,152.01,3561,541580.66
2021-07-16,2021-07-16,158.11,160.81,156.53,156.74,1653,263033.37
2021-07-15,2021-07-15,162.44,163.4,159.38,159.38,3963,646418.9
2021-07-14,2021-07-14,161.64,164.32,161.64,162.63,6749,1108658.68
2021-07-13,2021-07-13,160.25,164.9,159.28,164.9,7913,1273925.89
2021-07-12,2021-07-12,158.56,160.43,157.61,159.27,2601,413155.59
2021-07-09,2021-07-09,155.86,158.15,154.4,158.15,220,34145.3
2021-07-08,2021-07-08,157.47,157.47,151.65,152.62,7701,1177178.92
2021-07-07,2021-07-07,158.63,162.11,157.44,157.44,8176,1312046.66
2021-07-06,2021-07-06,154.22,157.43,154.22,156.95,457,71484.52
2021-07-05,2021-07-05,154.82,155.11,154.45,154.92,2684,415570.54
2021-07-02,2021-07-02,150.27,154.33,150.27,153.44,3028,463120.17
2021-07-01,2021-07-01,150.56,151.95,148.72,148.94,3458,519516.44
2021-06-30,2021-06-30,150.52,151.07,149.52,150.61,1696,254360.0
2021-06-29,2021-06-29,147.66,148.45,147.66,148.32,665,98594.2
2021-06-28,2021-06-28,143.78,147.26,143.78,146.99,3900.0,573950.4
2021-06-25,2021-06-25,143.64,144.09,143.25,143.7,233,33451.4
2021-06-24,2021-06-24,142.09,145.05,142.09,144.74,2601,376710.0
2021-06-23,2021-06-23,142,142,140.69,140.96,5395,763986.49
2021-06-22,2021-06-22,137.12,139.81,136.11,139.81,3833,529881.63
2021-06-21,2021-06-21,135.59,137.29,133.8,136.37,1086,147828.58
2021-06-18,2021-06-18,139.26,139.26,135.35,135.35,2338,319449.91
2021-06-17,2021-06-17,130.07,138.74,130,138.74,3794,511961.2
2021-06-16,2021-06-16,132.42,133.51,132.3,132.3,97,12889.46
2021-06-15,2021-06-15,135.25,135.25,132.25,132.25,1094,147479.46
2021-06-14,2021-06-14,132.18,132.54,131.02,131.91,166,21845.63
2021-06-11,2021-06-11,129.46,130.59,129.46,130.48,4417,575449.15
2021-06-10,2021-06-10,125.29,128.8,124.67,128.04,1109,141153.1
2021-06-09,2021-06-09,125.56,126.45,125.56,125.95,150,18949.5
2021-06-08,2021-06-08,125.67,127.7,124.36,124.36,1800.0,227887.74
2021-06-07,2021-06-07,124,124,123.01,123.01,84,10384.15
2021-06-04,2021-06-04,118.39,124.14,118.39,124.14,1920.0,236657.79
2021-06-03,2021-06-03,121.51,121.51,117.61,119.4,4280.0,513497.3
2021-06-02,2021-06-02,120.87,122.29,120.8,122.29,1131,137166.44
2021-06-01,2021-06-01,122.34,123.28,120.42,121,446,54375.47
2021-05-31,2021-05-31,122.49,122.49,121.3,121.3,2133,260237.99
2021-05-28,2021-05-28,121.9,123.45,121.9,123.45,17,2089.64
2021-05-27,2021-05-27,121.3,122.83,120.54,122.02,287,34964.37
2021-05-26,2021-05-26,122.21,122.71,121.37,122.11,1391,169655.13
2021-05-25,2021-05-25,122.6,122.6,120.09,120.09,4612,564115.16
2021-05-21,2021-05-21,117.54,118.33,115.99,115.99,2628,309306.16
2021-05-20,2021-05-20,110.31,116.55,109.19,116.55,1000.0,110851.55
2021-05-19,2021-05-19,108.09,108.09,104.34,107.6,6974,743424.68
2021-05-18,2021-05-18,115.38,115.38,113.45,113.45,215,24558.15
2021-05-17,2021-05-17,114.61,115.1,111.7,111.7,1838,208064.38
2021-05-14,2021-05-14,111.14,114.18,111.14,114.18,5330.0,598748.54
2021-05-13,2021-05-13,106.48,110.48,105.29,108.99,439,48134.87
2021-05-12,2021-05-12,113.61,114.27,107.42,107.42,5274,579764.93
2021-05-11,2021-05-11,111.8,113.57,107.99,113.57,9230.0,1017982.67
2021-05-10,2021-05-10,123.27,123.27,117.68,118.13,12367,1475419.08
2021-05-07,2021-05-07,122.74,127.18,122.74,126.36,2547,320266.52
2021-05-06,2021-05-06,120.98,120.98,117.1,120.29,594,70409.57
2021-05-05,2021-05-05,121.46,123.46,121.33,123.46,4000.0,487737.77
2021-05-04,2021-05-04,127.4,127.4,118.48,118.48,5778,712466.67
2021-05-03,2021-05-03,130.51,131.47,127.28,128.24,2672,348569.4
2021-04-30,2021-04-30,130.49,130.88,129.07,130.88,2761,357328.1
2021-04-29,2021-04-29,133.11,134.15,130,130.29,1554,205891.12
2021-04-28,2021-04-28,132.52,132.52,130.63,131.1,3641,477329.38
2021-04-27,2021-04-27,134.47,134.47,132.15,132.15,1474,197684.6
2021-04-26,2021-04-26,130.89,132.96,129.78,132.92,582,76212.98
2021-04-23,2021-04-23,126.89,131.13,126.89,131.13,52,6715.32
2021-04-22,2021-04-22,131.56,132.09,130.52,132.09,2623,344176.28
2021-04-21,2021-04-21,127.65,130.01,126.67,130.01,2338,298039.48
2021-04-20,2021-04-20,130.83,131.22,126.5,126.5,2733,355880.11
2021-04-19,2021-04-19,135.68,135.68,130.96,130.96,1120.0,150648.9
2021-04-16,2021-04-16,134.3,135.35,133.51,134.57,11137,1496239.45
2021-04-15,2021-04-15,130.72,134.5,130.72,133.97,2797,372062.44
2021-04-14,2021-04-14,134.25,135.39,131.58,131.58,1982,266304.73
2021-04-13,2021-04-13,129.95,133.37,129.86,132.44,1174,153116.74
2021-04-12,2021-04-12,130.2,130.64,128.38,129.04,4055,527614.1
2021-04-09,2021-04-09,128.01,128.56,126.69,128.56,1704,218270.8
2021-04-08,2021-04-08,127.96,128.36,127.7,128,513,65694.03
2021-04-07,2021-04-07,124.9,124.9,122.54,124.66,857,105387.01
2021-04-06,2021-04-06,124.36,126.09,123.96,125.99,4032,502554.16
2021-04-01,2021-04-01,115.01,118.5,115.01,117.69,1211,141677.13
2021-03-31,2021-03-31,107.78,113.44,107.78,113.42,4258,471172.5
2021-03-30,2021-03-30,108.31,108.34,107.07,108.34,1196,128430.37
2021-03-29,2021-03-29,107.63,109.61,106.35,107.66,4267,457225.43
2021-03-26,2021-03-26,106,106.4,102.52,106.4,1057,111512.52
2021-03-25,2021-03-25,105.19,106.7,101.56,104.07,4135,429931.26
2021-03-24,2021-03-24,111.47,112.95,109.11,109.11,723,81520.84
2021-03-23,2021-03-23,110.77,114.14,110.18,112.17,1906,212372.79
2021-03-22,2021-03-22,107.11,112.55,107.11,112.55,3627,402432.96
2021-03-19,2021-03-19,106.06,106.64,104.62,106.09,2875,304993.2
2021-03-18,2021-03-18,111.15,111.15,108,108.76,17593,1918626.64
2021-03-17,2021-03-17,113.24,113.24,108.96,109.57,2156,236625.26
2021-03-16,2021-03-16,112.64,117.02,112.16,115.16,6451,740366.03
2021-03-15,2021-03-15,106.84,109.33,106.84,108.38,4162,450309.72
2021-03-12,2021-03-12,105.87,106.42,103.88,104.91,17340.0,1830215.32
2021-03-11,2021-03-11,107.58,110.79,107.58,110.79,5293,578409.03
2021-03-10,2021-03-10,104.3,108.71,103.56,105.26,1978,213229.17
2021-03-09,2021-03-09,98.035,103.84,98.035,103.84,20776,2068616.14
2021-03-08,2021-03-08,96.98,102.76,96.98,100.72,422,42957.96
2021-03-05,2021-03-05,96.055,100.24,93.005,93.365,9592,927078.05
2021-03-04,2021-03-04,101.73,103.52,98,102.74,9767,995495.18
2021-03-03,2021-03-03,114.01,114.01,107.27,108.33,5950.0,659624.44
2021-03-02,2021-03-02,115.42,116.62,112.8,112.88,3552,407713.1
2021-03-01,2021-03-01,112.72,115.1,111.86,115.1,4050.0,460637.02
2021-02-26,2021-02-26,105,109.83,104.34,109.83,11066,1167727.04
2021-02-25,2021-02-25,116.94,116.94,111.1,111.1,7792,898528.95
2021-02-24,2021-02-24,113.54,117.13,109.14,114.56,15297,1725348.96
2021-02-23,2021-02-23,117.52,117.52,105.91,111.03,5469,606496.19
2021-02-22,2021-02-22,121.3,121.3,117.98,118.84,1690.0,203359.85
2021-02-19,2021-02-19,127.21,128.78,127.21,128.78,5654,723967.54
2021-02-18,2021-02-18,127.93,128.15,124,125.39,427,53130.69
2021-02-17,2021-02-17,130.91,130.99,125.76,125.76,1092,142243.81
2021-02-16,2021-02-16,133.74,133.74,132.19,132.19,1162,155379.55
2021-02-15,2021-02-15,132.95,133.44,132.85,133.44,2639,350838.16
2021-02-12,2021-02-12,129.2,130.12,129.15,130.12,161,20842.73
2021-02-11,2021-02-11,128.14,129.97,128.14,129.97,4915,634596.95
2021-02-10,2021-02-10,130.55,130.55,126.6,126.6,1115,145145.6
2021-02-09,2021-02-09,128.67,129.39,128.44,129.39,50,6469.5
2021-02-08,2021-02-08,128.61,129.09,127.83,127.83,4767,613055.57
2021-02-05,2021-02-05,127.77,127.77,126,126.36,55,6945.45
2021-02-04,2021-02-04,122.72,123.75,122.72,123.75,1420.0,175085.52
2021-02-03,2021-02-03,126.53,126.53,122.8,122.98,5427,676798.98
2021-02-02,2021-02-02,119.27,122.62,119.27,122.46,5143,621811.12
2021-02-01,2021-02-01,110.81,115.27,110.81,115.27,1245,141158.35
2021-01-29,2021-01-29,109.87,113.48,109.87,109.91,324,36285.95
2021-01-28,2021-01-28,111.5,118.24,109.6,118.24,305,34007.91
2021-01-27,2021-01-27,125.21,125.75,117.87,117.87,3446,427169.92
2021-01-26,2021-01-26,121.89,123.63,121.89,123.41,1625,198514.26
2021-01-25,2021-01-25,122.98,125.6,115.62,120.68,8971,1089025.52
2021-01-22,2021-01-22,119.84,119.84,118.7,119.5,1038,123546.32
2021-01-21,2021-01-21,120.76,120.76,119.9,120.51,4287,515510.98
2021-01-20,2021-01-20,112.28,117.5,112.28,117.48,4718,542756.62
2021-01-19,2021-01-19,109.58,109.58,108.12,108.12,3399,370199.36
2021-01-18,2021-01-18,106.34,107.16,106.34,107.01,3753,401083.57
2021-01-15,2021-01-15,108.3,109.5,105.4,108.13,1904,204603.58
2021-01-14,2021-01-14,110.04,111.62,109.9,110.74,263,29308.76
2021-01-13,2021-01-13,108.8,110.63,107.52,110.63,3953,430800.76
2021-01-12,2021-01-12,109.56,109.76,108.13,108.67,761,83056.09
2021-01-11,2021-01-11,112.63,112.63,108.92,110.61,1648,182291.06
2021-01-08,2021-01-08,110.35,111.8,110.34,111,483,53876.82
2021-01-07,2021-01-07,103.16,107.91,103.16,107.91,4210.0,443857.12
2021-01-06,2021-01-06,99.72,104.88,98.32,104.44,7170.0,722231.12
2021-01-05,2021-01-05,102.58,104.03,101.5,104.03,8758,900058.64
2021-01-04,2021-01-04,109.01,109.16,103.04,103.04,2784,301884.46
2020-12-30,2020-12-30,107.81,107.86,107.48,107.55,224,24134.2
2020-12-29,2020-12-29,108.15,108.15,107.41,107.41,1207,130171.9
2020-12-28,2020-12-28,105.46,106.88,105.46,106.48,1757,186681.82
2020-12-23,2020-12-23,104.68,104.98,103.29,103.29,2662,276000.69
2020-12-22,2020-12-22,103.13,104.7,102.2,102.2,9240.0,958753.68
2020-12-21,2020-12-21,104.26,104.3,98.2,100.31,12076,1201486.11
2020-12-18,2020-12-18,104.04,104.63,103.12,103.12,1097,114195.38
2020-12-17,2020-12-17,104.19,104.24,103.53,103.53,7261,753705.32
2020-12-16,2020-12-16,101.83,102.51,101.81,102.51,754,76817.52
2020-12-15,2020-12-15,99.06,100.32,99.06,99.16,1395,139043.08
2020-12-14,2020-12-14,97.94,100.36,97.94,99.94,59,5921.24
2020-12-11,2020-12-11,96.475,96.475,94.49,94.535,2209,211221.25
2020-12-10,2020-12-10,95.365,97.885,94.9,97.885,4466,429861.65
2020-12-09,2020-12-09,103.15,103.15,101.83,102.03,8304,852975.79
2020-12-08,2020-12-08,101.67,101.95,99.97,101.51,6844,693988.66
2020-12-07,2020-12-07,100.28,101.78,99.595,101.78,1010.0,101169.89
2020-12-04,2020-12-04,99.795,99.95,98.8,99.95,1170.0,115774.84
2020-12-03,2020-12-03,98.985,99.315,98.95,99.315,1333,131963.6
2020-12-02,2020-12-02,98.21,98.825,95.965,98.125,1050.0,101244.01
2020-12-01,2020-12-01,98.075,98.94,97.32,98.94,1446,141045.76
2020-11-30,2020-11-30,94.53,95.445,92.67,92.91,301,28032.335
2020-11-27,2020-11-27,94.035,96.485,94.035,96.17,251,24087.075
2020-11-26,2020-11-26,94.16,94.71,94.095,94.455,4468,421241.445
2020-11-25,2020-11-25,92.72,93.145,92,92.755,228,21101.525
2020-11-24,2020-11-24,90.03,90.51,88.915,90.405,1820.0,162960.0
2020-11-23,2020-11-23,88.965,89.31,86.835,87,13665,1212877.73
2020-11-20,2020-11-20,89.8,90.525,89.715,90.455,660,59527.535
2020-11-19,2020-11-19,87.78,89.45,86.43,89.45,11088,971151.01
2020-11-18,2020-11-18,89.465,90.285,88.82,89.775,171,15327.355
2020-11-17,2020-11-17,91.33,91.43,89.875,89.875,56,5096.82
2020-11-16,2020-11-16,90.57,90.605,87.67,90.335,1605,143178.095
2020-11-13,2020-11-13,88.86,89.275,86.905,86.97,2296,203333.225
2020-11-12,2020-11-12,87.29,89.8,87.29,88.665,10168,905948.5
2020-11-11,2020-11-11,82.525,87.4,82.525,87.275,4456,384523.39
2020-11-10,2020-11-10,86.645,88,80.48,83.09,882,73709.23
2020-11-09,2020-11-09,97.86,97.86,92.21,95.065,805,77526.7
2020-11-06,2020-11-06,82.471295,83.307153,80.199943,83.307153,9047.472816,740375.2
2020-11-05,2020-11-05,84.021872,85.081836,83.222356,84.06427,4622.796329,389646.4
2020-11-04,2020-11-04,72.556084,79.345914,72.556084,79.200547,11523.97085,873532.4
2020-11-03,2020-11-03,66.917073,71.114533,66.917073,70.678433,6736.074652,455444.2
2020-11-02,2020-11-02,66.801991,68.855294,66.777764,66.777764,14165.568753,968362.6
2020-10-30,2020-10-30,67.189635,69.73355,64.990966,66.390119,13141.949565,883015.6
2020-10-29,2020-10-29,70.018226,71.471892,68.2496,71.27807,29189.656823,2024869.2
2020-10-28,2020-10-28,74.966746,74.966746,69.037002,69.448874,21396.943011,1508149.2
2020-10-27,2020-10-27,74.778981,75.590611,74.518533,75.160568,4358.636539,326882.8
2020-10-26,2020-10-26,75.439188,77.662085,73.240518,73.240518,15915.627363,1221324.4
2020-10-23,2020-10-23,76.904967,77.662085,75.802604,75.826832,5877.555333,450837.6
2020-10-22,2020-10-22,76.614234,78.025501,75.142398,76.056996,5745.475438,441447.2
2020-10-21,2020-10-21,78.176925,78.176925,76.850455,77.637857,2080.258348,160089.4
2020-10-20,2020-10-20,78.915871,79.188434,76.468868,76.904967,6240.775045,485999.8
2020-10-19,2020-10-19,83.440405,83.864391,80.944946,80.944946,7429.494101,619243.4
2020-10-16,2020-10-16,82.822598,85.511879,82.822598,83.482804,9245.592659,775949.6
2020-10-15,2020-10-15,81.883772,82.180562,80.254455,81.623323,10401.291741,846665
2020-10-14,2020-10-14,88.334413,88.334413,86.153915,86.153915,2839.717745,248047.2
2020-10-13,2020-10-13,85.98432,89.236897,85.98432,88.77657,4160.516697,362169.8
2020-10-12,2020-10-12,80.109088,85.154519,80.109088,85.154519,7363.454153,609840.6
2020-10-09,2020-10-09,76.311387,77.983103,76.238704,77.983103,9674.852318,741461.8
2020-10-08,2020-10-08,76.323501,76.60212,75.439188,75.439188,8354.053367,638134.8
2020-10-07,2020-10-07,71.895878,73.731131,71.811081,73.731131,10632.431558,766958.6
2020-10-06,2020-10-06,74.38528,74.409508,73.179949,73.179949,5151.11591,379513.4
2020-10-05,2020-10-05,72.331977,73.63422,71.786853,73.63422,9542.772423,689600.8
2020-10-02,2020-10-02,73.325316,74.403451,72.023074,72.598483,23213.041569,1691695.4
2020-10-01,2020-10-01,75.318049,76.699031,75.305935,76.547608,1617.978715,123770.6
2020-09-30,2020-09-30,70.533066,74.954633,70.381643,74.954633,7231.374258,525787.4
2020-09-29,2020-09-29,73.616049,73.719017,72.550027,72.798362,10170.151925,744660.0
2020-09-28,2020-09-28,71.011565,73.391942,71.011565,72.132098,8288.013419,600297.2
2020-09-25,2020-09-25,65.154504,67.528824,64.167222,67.528824,14958.048123,967544.2
2020-09-24,2020-09-24,62.78624,66.1115,61.308347,66.1115,22090.36246,1400896.4
2020-09-23,2020-09-23,69.382248,70.987337,67.553052,67.553052,5250.175831,366952.4
2020-09-22,2020-09-22,65.784425,68.019436,65.784425,66.711137,9212.572685,617554.2
2020-09-21,2020-09-21,64.591208,64.591208,60.872247,61.914041,20109.164033,1259326.2
2020-09-18,2020-09-18,68.195087,69.00066,64.669948,64.669948,13241.009487,870689
2020-09-17,2020-09-17,67.389514,68.782611,66.523372,67.765045,13439.129329,911511.2
2020-09-16,2020-09-16,75.427074,75.705693,73.555479,74.354995,4226.556644,317564.4
2020-09-15,2020-09-15,71.889821,74.936462,71.889821,74.936462,3301.997378,242368.6
2020-09-14,2020-09-14,70.975223,72.24718,69.65481,72.24718,2971.79764,208851.8
2020-09-11,2020-09-11,71.726283,72.556084,68.70387,68.800781,792.479371,55378.4
2020-09-10,2020-09-10,74.361052,76.493095,72.077586,74.82138,10896.591348,818460.8
2020-09-09,2020-09-09,69.182369,73.603935,69.182369,73.470682,12613.629985,910533.2
2020-09-08,2020-09-08,77.668142,77.668142,71.096362,71.526404,5943.595281,427830.6
2020-09-07,2020-09-07,74.457963,76.953423,74.457963,76.771715,5646.415517,429276.4
2020-09-04,2020-09-04,79.3338,82.895281,71.253842,73.628163,47581.78222,3842218.8
2020-09-03,2020-09-03,96.808072,97.341083,83.143615,83.924961,17929.845764,1573754.8
2020-09-02,2020-09-02,96.378029,98.140599,93.50704,93.50704,22420.562198,2181675.4
2020-09-01,2020-09-01,91.096378,92.653011,91.096378,92.113944,8188.953498,752946.8
2020-08-31,2020-08-31,88.976449,89.109701,88.195103,88.47978,4424.676487,391467.6
2020-08-28,2020-08-28,87.268392,87.456157,86.626356,87.456157,13075.909618,1136320.6
2020-08-27,2020-08-27,87.462214,88.655431,86.680868,88.655431,7099.294363,618308.6
2020-08-26,2020-08-26,82.616662,85.408911,82.616662,85.408911,6438.894888,542892.2
2020-08-25,2020-08-25,81.586982,81.586982,79.479167,80.951003,34604.932524,2766319.8
2020-08-24,2020-08-24,80.424049,81.84743,79.448882,79.460996,10368.271768,835625.4
2020-08-21,2020-08-21,77.425864,78.455544,76.995821,78.382861,25260.279943,1961985.8
2020-08-20,2020-08-20,72.998241,75.796547,72.998241,75.796547,19052.524872,1425096.2
2020-08-19,2020-08-19,75.166625,75.669351,75.166625,75.669351,5019.036015,379254.4
2020-08-18,2020-08-18,72.986127,74.239914,72.986127,74.239914,21231.843142,1562810.6
2020-08-17,2020-08-17,71.641486,72.871045,71.641486,72.689337,2872.737719,209161.6
2020-08-14,2020-08-14,72.150269,72.150269,70.636034,71.120589,6835.134573,486403.4
2020-08-13,2020-08-13,70.781401,72.513686,70.096967,72.513686,6306.814992,447424.2
2020-08-12,2020-08-12,67.946753,70.805629,67.946753,70.557294,9608.812371,663702.6
2020-08-11,2020-08-11,71.035792,71.338639,68.11029,69.79412,14264.628674,993604.6
2020-08-10,2020-08-10,70.714775,71.332582,69.012774,69.012774,1551.938768,109941
2020-08-07,2020-08-07,72.368319,73.391942,72.368319,72.725679,4622.796329,338531.2
2020-08-06,2020-08-06,69.79412,70.811686,69.509443,70.811686,1056.639161,73446.4
2020-08-05,2020-08-05,70.896483,70.896483,69.485216,70.042454,3599.177142,251141.8
2020-08-04,2020-08-04,70.30896,70.30896,69.188426,69.418589,165.099869,11600.0
2020-08-03,2020-08-03,67.619678,69.993999,67.619678,69.612411,15750.527494,1090809
2020-07-31,2020-07-31,66.256867,66.76565,63.937059,65.00308,14858.988202,977760.4
2020-07-30,2020-07-30,62.162375,62.301685,60.290781,62.301685,24434.780599,1488516.1
2020-07-29,2020-07-29,61.641478,62.471279,61.641478,62.265343,11325.851007,707133.6
2020-07-28,2020-07-28,63.961286,63.961286,62.035179,62.519735,6207.755071,385947.8
2020-07-27,2020-07-27,60.872247,61.798959,60.527001,60.527001,5976.615255,366784.4
2020-07-24,2020-07-24,59.781998,60.938873,58.27382,60.738994,16741.126708,997400.4
2020-07-23,2020-07-23,68.564561,68.564561,66.753536,66.753536,33.019974,2263.4
2020-07-22,2020-07-22,68.03155,68.207201,66.62634,67.123009,32227.494411,2165790.2
2020-07-21,2020-07-21,71.883764,72.398604,68.582732,68.582732,11424.910929,825845
2020-07-20,2020-07-20,63.198112,67.425856,63.198112,67.425856,62605.870291,4120193
2020-07-17,2020-07-17,64.040027,64.500354,63.706895,64.197507,9047.472816,580546.6
2020-07-16,2020-07-16,63.846205,63.89466,62.459165,62.459165,33317.153546,2101694
2020-07-15,2020-07-15,65.881336,66.692966,64.778973,65.148447,56431.135194,3714649.4
2020-07-14,2020-07-14,65.869223,65.869223,61.265948,63.803806,60987.891576,3867539.6
2020-07-13,2020-07-13,70.218105,73.064867,70.218105,73.064867,24368.740651,1734025.2
2020-07-10,2020-07-10,66.220525,67.65602,66.220525,67.310774,3301.997378,223400.0
2020-07-09,2020-07-09,65.844995,66.850447,64.827429,65.269585,9839.952187,653127.8
2020-07-08,2020-07-08,64.094539,65.330155,64.027913,64.027913,3929.37688,252967.4
2020-07-07,2020-07-07,64.482183,66.135728,64.082425,66.135728,14198.588726,923833.6
2020-07-06,2020-07-06,62.919493,65.069706,62.755955,65.069706,66.039948,4162.8
2020-07-03,2020-07-03,61.374973,61.496112,60.690539,60.690539,1750.05861,107246.8
2020-07-02,2020-07-02,60.024275,61.768674,60.024275,60.999443,12778.729854,775430.2
2020-07-01,2020-07-01,57.132087,58.449471,56.850439,58.449471,0,0
2020-06-30,2020-06-30,55.099983,56.120578,54.403435,56.081207,15090.128018,840152.1
2020-06-29,2020-06-29,52.59241,53.201132,50.838926,53.201132,26713.15879,1383557.6
2020-06-26,2020-06-26,56.68993,57.192656,53.470666,54.13693,10731.491479,582655.1
2020-06-25,2020-06-25,54.712339,55.642079,53.80077,54.76988,10434.311715,568086.9
2020-06-24,2020-06-24,58.51004,58.51004,55.109069,55.109069,33086.01373,1907070.3
2020-06-23,2020-06-23,57.398592,59.006709,57.350136,59.006709,8254.993446,480557.8
2020-06-22,2020-06-22,55.154496,56.153891,55.154496,56.153891,7066.274389,393327
2020-06-19,2020-06-19,56.256859,56.759585,56.229602,56.759585,6769.094625,381670.1
2020-06-18,2020-06-18,54.966731,55.451286,54.603314,55.090898,10335.251794,568193.4
2020-06-17,2020-06-17,54.969759,55.651165,54.969759,55.124211,24963.100179,1382972.8
2020-06-16,2020-06-16,52.622695,53.670545,52.622695,53.48278,1188.719056,63032.1
2020-06-15,2020-06-15,46.172054,48.967331,46.172054,48.967331,99.059921,4609.2
2020-06-12,2020-06-12,49.727477,51.48399,49.64268,49.64268,1717.038637,87051
2020-06-11,2020-06-11,54.760795,54.760795,53.022453,53.022453,0,0
2020-06-10,2020-06-10,55.215065,55.993382,54.954617,55.993382,33.019974,1848.9
2020-06-09,2020-06-09,53.77957,54.51246,52.895257,54.397378,12745.70988,681483.1
2020-06-08,2020-06-08,52.419787,52.704463,51.78078,52.462186,10467.331689,547449.4
2020-06-05,2020-06-05,49.975812,52.422816,49.600282,52.422816,4556.756382,229030.4
2020-06-04,2020-06-04,50.584534,51.308339,49.984897,49.984897,1122.679109,57479.6
2020-06-03,2020-06-03,50.708702,50.999435,50.669332,50.669332,5448.295674,276932
2020-06-02,2020-06-02,50.00004,50.729901,48.824993,48.824993,4688.836277,234823.5
2020-05-29,2020-05-29,47.359214,47.758972,47.032139,47.186591,7858.75376,372753.7
2020-05-28,2020-05-28,47.328929,48.434321,47.107851,48.434321,29750.996378,1428786
2020-05-27,2020-05-27,48.718997,49.003673,45.28774,45.28774,3301.997378,161585.7
2020-05-26,2020-05-26,50.690531,50.690531,48.346495,48.346495,3070.857562,152842.5
2020-05-25,2020-05-25,48.93099,49.918271,48.93099,49.918271,0,0
2020-05-22,2020-05-22,46.005488,47.334986,45.814694,47.334986,594.359528,27999.6
2020-05-21,2020-05-21,47.90131,48.764424,47.598463,47.598463,330.199738,16102
2020-05-20,2020-05-20,47.05031,48.876477,47.05031,48.876477,8453.113288,407725.7
2020-05-19,2020-05-19,47.719602,47.855883,46.611182,47.758972,6075.675176,284198.1
2020-05-18,2020-05-18,45.542132,47.165392,45.542132,47.138136,7957.813681,366132.3
2020-05-15,2020-05-15,44.500338,44.500338,41.898882,42.374352,99.059921,4234
2020-05-14,2020-05-14,42.637829,42.989132,41.989737,41.995793,2278.378191,96168.1
2020-05-13,2020-05-13,44.067267,45.202943,43.207181,43.207181,3962.396854,176821.8
2020-05-12,2020-05-12,46.347705,47.210819,46.347705,47.01094,2971.79764,139628.8
2020-05-11,2020-05-11,46.156911,46.638438,45.281683,46.453701,8717.273078,403597.5
2020-05-08,2020-05-08,45.433107,45.514876,45.136317,45.218086,33.019974,1490.4
2020-05-07,2020-05-07,43.240495,44.02184,43.240495,44.02184,2344.418139,102563.7
2020-05-06,2020-05-06,42.531833,43.010331,42.341039,43.010331,8354.053367,356562.4
2020-05-05,2020-05-05,40.533042,42.192644,40.533042,42.192644,1816.098558,75834.7
2020-05-04,2020-05-04,37.937644,39.07332,37.404633,39.07332,6802.114599,257051
2020-04-30,2020-04-30,43.812875,44.036982,42.038192,42.038192,15783.547468,682316.7
2020-04-29,2020-04-29,40.708694,41.801971,39.975804,41.723231,759.459397,30515.6
2020-04-28,2020-04-28,40.669324,41.729288,39.557875,39.557875,231.139816,9387.7
2020-04-27,2020-04-27,40.872231,41.278046,40.336192,41.029712,6240.775045,252977
2020-04-24,2020-04-24,37.556056,38.503968,37.556056,38.273804,330.199738,12567
2020-04-23,2020-04-23,38.413113,39.530619,37.695366,39.530619,3467.097247,133022.6
2020-04-22,2020-04-22,36.456722,37.610569,36.396152,37.610569,5646.415517,211253.8
2020-04-21,2020-04-21,39.218687,39.218687,34.648725,34.648725,1254.759004,48184.9
2020-04-20,2020-04-20,39.878893,40.911601,39.288341,40.911601,2707.63785,107520.9
2020-04-17,2020-04-17,41.805,42.39858,39.660843,39.660843,4391.656513,184643.4
2020-04-16,2020-04-16,38.73716,39.788039,37.937644,39.788039,10566.39161,404235
2020-04-15,2020-04-15,38.461569,38.461569,36.396152,37.086644,16840.186629,624057.7
2020-04-14,2020-04-14,36.12359,37.592398,36.04485,37.365263,198.119843,7447.8
2020-04-09,2020-04-09,33.576647,33.876465,32.132067,32.943697,3268.977404,108382.6
2020-04-08,2020-04-08,31.259867,32.792273,31.256839,32.792273,16146.767179,516639.6
2020-04-07,2020-04-07,32.474284,33.861323,32.474284,32.737761,462.279633,15141.5
2020-04-06,2020-04-06,29.279248,29.613894,28.897661,29.556353,2113.278322,61450.1
2020-04-03,2020-04-03,26.435515,26.953383,26.238664,26.238664,1419.858873,38033.7
2020-04-02,2020-04-02,26.13721,26.547568,24.800141,26.547568,231.139816,5911.4
2020-04-01,2020-04-01,26.515769,27.057865,26.075127,27.057865,462.279633,12137.3
2020-03-31,2020-03-31,29.738061,30.430067,28.95823,30.430067,4952.996067,148899.6
2020-03-30,2020-03-30,26.761075,28.850719,26.078155,28.850719,396.239685,10427.8
2020-03-27,2020-03-27,28.045146,28.045146,27.026066,27.026066,2938.777667,80735.4
2020-03-26,2020-03-26,25.016676,28.441876,24.424611,28.441876,264.15979,6681.3
2020-03-25,2020-03-25,27.684759,28.77955,26.30529,27.34557,759.459397,20497
2020-03-24,2020-03-24,24.69263,26.52334,24.295901,26.52334,759.459397,19005.15
2020-03-23,2020-03-23,19.916733,22.686269,19.916733,21.243203,33.019974,657.65
2020-03-20,2020-03-20,28.238969,28.238969,24.22776,24.248959,759.459397,18709.2
2020-03-19,2020-03-19,23.546354,23.658408,23.057256,23.057256,66.039948,1552.5
2020-03-18,2020-03-18,22.236541,23.12994,22.06089,22.740781,1089.659135,25125.9
2020-03-17,2020-03-17,24.819826,26.196266,22.713525,25.770765,2674.617876,65245.75
2020-03-16,2020-03-16,23.381303,29.043027,22.549988,27.495479,16939.24655,399502.9
2020-03-13,2020-03-13,30.007595,30.829825,27.510621,27.510621,2179.31827,65453.75
2020-03-12,2020-03-12,31.820134,31.820134,28.831034,28.831034,8651.233131,265411.7
2020-03-11,2020-03-11,38.549395,38.982466,37.089672,37.534857,4853.936146,185362
2020-03-10,2020-03-10,38.594822,40.905544,36.923106,36.923106,9443.712502,368862.2
2020-03-09,2020-03-09,36.614202,38.195064,35.399786,38.195064,1452.878846,53715
2020-03-06,2020-03-06,45.875264,45.875264,42.338011,43.912815,4853.936146,217594.1
2020-03-05,2020-03-05,50.3362,50.642075,47.874054,50.411912,792.479371,38819.4
2020-03-04,2020-03-04,49.015787,50.272602,48.458548,49.709307,3169.917483,157815.2
2020-03-03,2020-03-03,51.011549,52.450072,49.60331,49.60331,2641.597903,136590.4
2020-03-02,2020-03-02,47.889196,48.404036,44.739587,48.404036,2278.378191,106172.6
2020-02-28,2020-02-28,43.655395,44.012755,41.129651,44.012755,5679.435491,241328.1
2020-02-27,2020-02-27,52.347104,52.904342,48.391922,49.309549,27901.877846,1407787.4
2020-02-26,2020-02-26,54.573029,56.57182,53.361641,56.05698,6967.214468,389769.1
2020-02-25,2020-02-25,60.393749,60.78745,56.238688,56.238688,3731.257037,222283.4
2020-02-24,2020-02-24,61.617251,61.653592,58.764432,58.764432,14925.02815,898353.8
2020-02-21,2020-02-21,68.291999,69.20054,66.795934,67.213863,858.519318,58565
2020-02-20,2020-02-20,72.319864,72.319864,68.358625,68.358625,0,0
2020-02-19,2020-02-19,70.817742,72.356205,70.799572,72.356205,3500.117221,247943.796875
2020-02-18,2020-02-18,67.958867,69.679038,67.625735,69.255052,4292.596592,291892.8125
2020-02-17,2020-02-17,70.678433,70.751116,70.539123,70.60575,495.299607,35011.199219
2020-02-14,2020-02-14,69.963714,70.103024,69.745664,69.836518,231.139816,16142.799805
2020-02-13,2020-02-13,68.158746,69.648753,67.43797,69.648753,5877.555333,402223.8125
2020-02-12,2020-02-12,67.89224,68.903749,67.89224,68.903749,0,0
2020-02-11,2020-02-11,67.861956,68.691757,67.710532,68.176917,429.259659,29162.599609
2020-02-10,2020-02-10,64.645721,66.014589,64.354988,66.014589,264.15979,17000.0
2020-02-07,2020-02-07,64.978852,65.433123,64.70629,65.433123,0,0
2020-02-06,2020-02-06,64.936454,65.033365,64.046084,64.887998,1155.699082,74560.796875
2020-02-05,2020-02-05,64.506411,64.506411,62.986119,62.986119,11556.990824,736437
2020-02-04,2020-02-04,59.554863,62.204774,59.554863,62.204774,1254.759004,75935.203125
2020-02-03,2020-02-03,57.286539,58.715976,56.162976,58.258677,858.519318,49322.5
2020-01-31,2020-01-31,59.848624,59.848624,56.653588,56.653588,0,0
2020-01-30,2020-01-30,56.459766,57.559101,56.459766,57.559101,990.599213,56346.5
2020-01-29,2020-01-29,58.567581,59.239902,58.319247,58.616037,693.419449,40954.398438
2020-01-28,2020-01-28,56.856496,57.961887,56.632389,57.961887,495.299607,28216
2020-01-27,2020-01-27,57.250197,57.250197,55.433115,55.729905,2905.757693,163247.40625
2020-01-24,2020-01-24,61.399201,61.695991,60.738994,60.738994,660.399476,40700.0
2020-01-23,2020-01-23,59.809254,60.042446,59.32167,59.939478,4721.856251,280823
2020-01-22,2020-01-22,60.466432,60.896475,60.466432,60.636026,1816.098558,110264
2020-01-21,2020-01-21,58.513069,59.733542,58.385873,59.733542,5118.095936,299425.5
2020-01-20,2020-01-20,59.576062,59.576062,59.221731,59.370126,165.099869,9777.5
2020-01-17,2020-01-17,58.585752,59.345898,58.585752,58.752318,1650.998689,97980.0
2020-01-16,2020-01-16,57.428877,57.553044,57.428877,57.519731,0,0
2020-01-15,2020-01-15,56.904951,57.241111,56.871638,57.241111,990.599213,56343
2020-01-14,2020-01-14,57.041232,57.495503,56.977635,57.06546,3368.037326,192712.796875
2020-01-13,2020-01-13,56.078179,56.535478,56.078179,56.535478,165.099869,9295.200195
2020-01-10,2020-01-10,56.662674,56.926151,56.359827,56.359827,627.379502,35526.898438
2020-01-09,2020-01-09,55.602709,56.111492,55.578481,56.111492,462.279633,25692.800781
2020-01-08,2020-01-08,52.783204,54.100588,52.783204,54.100588,0,0
2020-01-07,2020-01-07,53.070908,53.546378,53.070908,53.546378,1287.778978,68714.398438
2020-01-06,2020-01-06,51.52336,52.522755,51.053947,52.522755,66.039948,3402.600098
2020-01-03,2020-01-03,51.971574,52.444015,51.490047,52.444015,1650.998689,85695.796875
2020-01-02,2020-01-02,51.759581,52.210823,51.759581,52.104826,1320.798951,68823.101563
2019-12-30,2019-12-30,51.950374,51.950374,51.677812,51.677812,33.019974,1714.599976
2019-12-27,2019-12-27,52.583325,52.801374,51.938261,52.33499,594.359528,31295.199219
2019-12-23,2019-12-23,50.872239,51.262912,50.872239,51.184171,660.399476,33674.601563
2019-12-20,2019-12-20,49.951584,50.799556,49.951584,50.799556,1155.699082,58043.300781
2019-12-19,2019-12-19,49.067271,49.591196,49.033958,49.591196,0,0
2019-12-18,2019-12-18,48.755339,49.273207,48.755339,49.273207,33.019974,1613.900024
2019-12-17,2019-12-17,48.918876,48.918876,48.564545,48.691741,1155.699082,56331
2019-12-16,2019-12-16,47.858911,48.840136,47.858911,48.840136,495.299607,23898
2019-12-13,2019-12-13,47.474296,47.731716,47.141164,47.141164,3500.117221,166875
2019-12-12,2019-12-12,46.066057,47.192648,46.066057,46.53547,396.239685,18631.599609
2019-12-11,2019-12-11,45.614815,45.720812,45.614815,45.720812,0,0
2019-12-10,2019-12-10,45.445221,45.642071,44.757758,45.642071,165.099869,7418
2019-12-09,2019-12-09,46.044858,46.078171,45.963089,46.078171,198.119843,9115.200195
2019-12-06,2019-12-06,44.869812,46.0812,44.869812,46.0812,0,0
2019-12-05,2019-12-05,44.724445,44.966723,44.088466,44.088466,0,0
2019-12-04,2019-12-04,43.364662,44.627534,43.364662,44.627534,132.079895,5884
2019-12-03,2019-12-03,44.869812,44.869812,42.689313,42.689313,264.15979,11296.299805
2019-12-02,2019-12-02,47.044253,47.044253,44.136922,44.182349,66.039948,2914.800049
2019-11-29,2019-11-29,46.795918,47.062424,46.71415,46.71415,0,0
2019-11-28,2019-11-28,46.914029,47.141164,46.914029,47.141164,0,0
2019-11-27,2019-11-27,46.738378,46.974598,46.738378,46.974598,99.059921,4645.200195
2019-11-26,2019-11-26,46.056972,46.299249,46.017602,46.299249,0,0
2019-11-25,2019-11-25,44.827413,45.817723,44.827413,45.817723,33.019974,1502.599976
2019-11-22,2019-11-22,44.473082,44.642676,44.055153,44.055153,66.039948,2948.199951
2019-11-21,2019-11-21,44.027897,44.227776,43.879502,43.879502,0,0
2019-11-20,2019-11-20,44.666904,45.036377,44.666904,45.036377,0,0
2019-11-19,2019-11-19,45.599673,45.611787,45.166602,45.166602,165.099869,7500.0
2019-11-18,2019-11-18,45.093918,45.28774,44.836498,44.836498,99.059921,4484.700195
2019-11-15,2019-11-15,44.730502,44.927352,44.730502,44.927352,0,0
2019-11-14,2019-11-14,44.188406,44.188406,43.864359,43.864359,231.139816,10187.799805
2019-11-13,2019-11-13,44.203548,44.312573,43.828018,44.312573,0,0
2019-11-12,2019-11-12,44.10058,44.709303,44.088466,44.709303,0,0
2019-11-11,2019-11-11,43.564541,43.640253,43.473687,43.640253,0,0
2019-11-08,2019-11-08,43.370719,43.718993,43.370719,43.718993,0,0
2019-11-07,2019-11-07,43.755335,44.17932,43.676594,44.17932,0,0
2019-11-06,2019-11-06,43.201125,43.264722,42.95279,42.95279,165.099869,7127.600098
2019-11-05,2019-11-05,43.282893,43.482772,43.282893,43.410089,0,0
2019-11-04,2019-11-04,42.471263,42.889192,42.471263,42.889192,0,0
2019-11-01,2019-11-01,41.293188,41.847398,41.175078,41.535466,3202.937457,132955.203125
2019-10-31,2019-10-31,41.50821,41.50821,40.705665,40.705665,264.15979,10791.200195
2019-10-30,2019-10-30,40.566356,40.748064,40.566356,40.620868,0,0
2019-10-29,2019-10-29,41.529409,41.529409,41.047882,41.047882,0,0
2019-10-28,2019-10-28,40.751092,41.556665,40.751092,41.544551,99.059921,4072.199951
2019-10-25,2019-10-25,38.988523,40.308936,38.967323,40.308936,0,0
2019-10-24,2019-10-24,38.725046,39.485192,38.725046,39.485192,0,0
2019-10-23,2019-10-23,37.501544,38.231405,37.501544,38.231405,0,0
2019-10-22,2019-10-22,39.127832,39.127832,38.809843,38.809843,264.15979,10316.299805
2019-10-21,2019-10-21,38.10421,38.718989,38.10421,38.718989,0,0
2019-10-18,2019-10-18,38.882526,39.040007,38.325288,38.325288,0,0
2019-10-17,2019-10-17,39.100576,39.494277,38.952181,38.952181,0,0
2019-10-16,2019-10-16,39.391309,39.391309,38.921896,38.921896,0,0
2019-10-15,2019-10-15,38.740188,39.182345,38.388886,39.182345,33.019974,1279.5
2019-10-14,2019-10-14,38.14358,38.243519,37.62874,38.243519,33.019974,1257
2019-10-11,2019-10-11,37.316807,38.685676,37.316807,38.685676,198.119843,7576.100098
2019-10-10,2019-10-10,35.64812,36.97459,35.64812,36.97459,1122.679109,40256
2019-10-09,2019-10-09,34.912202,35.875256,34.912202,35.841942,0,0
2019-10-08,2019-10-08,36.992761,36.992761,35.369501,35.369501,0,0
2019-10-07,2019-10-07,36.508206,37.126014,36.508206,37.126014,0,0
2019-10-04,2019-10-04,35.545152,36.541519,35.109053,36.541519,0,0
2019-10-02,2019-10-02,36.278042,36.278042,34.052117,34.052117,792.479371,27847.800781
2019-10-01,2019-10-01,38.086039,38.086039,36.998818,36.998818,0,0
2019-09-30,2019-09-30,36.698999,37.107843,36.511234,37.107843,759.459397,27794.099609
2019-09-27,2019-09-27,37.610569,37.867989,37.444003,37.444003,0,0
2019-09-26,2019-09-26,37.674167,38.079982,37.068473,37.068473,0,0
2019-09-25,2019-09-25,36.617231,36.850423,36.178103,36.850423,0,0
2019-09-24,2019-09-24,38.579679,38.767444,37.677195,37.677195,0,0
2019-09-23,2019-09-23,38.552423,38.552423,38.176893,38.225348,33.019974,1260.599976
2019-09-20,2019-09-20,39.252,39.385252,38.964295,38.964295,0,0
2019-09-19,2019-09-19,38.282889,39.724441,38.282889,39.724441,0,0
2019-09-18,2019-09-18,38.758359,38.809843,38.628135,38.628135,66.039948,2554.800049
2019-09-17,2019-09-17,38.231405,38.573622,38.231405,38.573622,33.019974,1262.400024
2019-09-16,2019-09-16,38.092096,38.619049,38.092096,38.619049,99.059921,3775.800049
2019-09-13,2019-09-13,39.50942,39.751697,39.094519,39.094519,0,0
2019-09-12,2019-09-12,39.62753,39.739583,39.485192,39.739583,0,0
2019-09-11,2019-09-11,38.098153,38.958238,37.946729,38.958238,0,0
2019-09-10,2019-09-10,38.031526,38.058782,37.104814,37.104814,0,0
2019-09-09,2019-09-09,38.918868,38.918868,38.612993,38.706875,33.019974,1275
2019-09-06,2019-09-06,38.718989,38.879498,38.603907,38.603907,792.479371,30628.800781
2019-09-05,2019-09-05,37.731708,38.694761,37.731708,38.694761,99.059921,3813.300049
2019-09-04,2019-09-04,36.529405,36.529405,36.275014,36.34164,0,0
2019-09-03,2019-09-03,35.599665,35.714747,35.533039,35.68749,297.179764,10559.700195
2019-09-02,2019-09-02,35.823772,36.368896,35.823772,36.059992,0,0
2019-08-30,2019-08-30,36.38101,37.241096,36.126619,36.126619,0,0
2019-08-29,2019-08-29,34.418562,36.529405,34.418562,36.529405,0,0
2019-08-28,2019-08-28,34.545757,34.685067,33.700814,34.685067,264.15979,8986.099609
2019-08-27,2019-08-27,34.291366,34.921288,34.291366,34.63964,0,0
2019-08-26,2019-08-26,33.979433,34.709295,33.979433,34.245939,3037.837588,104205.898438
2019-08-23,2019-08-23,37.171441,37.171441,34.16417,34.16417,0,0
2019-08-22,2019-08-22,36.838309,36.853451,36.335583,36.335583,0,0
2019-08-21,2019-08-21,36.723227,37.132071,36.723227,37.132071,33.019974,1221.699951
2019-08-20,2019-08-20,36.850423,36.850423,36.729284,36.732313,0,0
2019-08-19,2019-08-19,36.2629,36.85648,36.129647,36.85648,99.059921,3579.600098
2019-08-16,2019-08-16,34.206569,35.063626,34.206569,35.063626,33.019974,1151.599976
2019-08-15,2019-08-15,34.112686,34.112686,32.928554,33.503964,627.379502,20829.699219
2019-08-14,2019-08-14,36.644487,36.644487,34.30348,34.30348,0,0
2019-08-13,2019-08-13,34.139942,36.471864,34.139942,36.471864,0,0
2019-08-12,2019-08-12,36.265928,36.265928,34.781978,34.781978,0,0
2019-08-09,2019-08-09,36.232615,36.34164,34.981857,34.981857,792.479371,28800.0
2019-08-08,2019-08-08,34.748665,35.920683,34.645697,35.920683,66.039948,2366.199951
2019-08-07,2019-08-07,33.628131,34.542729,33.397967,33.397967,165.099869,5703
2019-08-06,2019-08-06,32.607536,33.304085,32.571195,32.89827,495.299607,16321.299805
2019-08-05,2019-08-05,35.254419,35.496697,33.358597,33.358597,1485.89882,52644.5
2019-08-02,2019-08-02,38.137523,38.137523,36.408266,36.408266,1386.838899,52229.199219
2019-08-01,2019-08-01,39.188402,41.480954,39.188402,41.480954,792.479371,31296
2019-07-31,2019-07-31,40.823776,40.999427,40.823776,40.929772,0,0
2019-07-30,2019-07-30,41.19022,41.19022,40.623897,40.672352,0,0
2019-07-29,2019-07-29,41.320445,41.535466,40.848003,40.848003,495.299607,20302.5
2019-07-26,2019-07-26,41.293188,41.599064,41.232619,41.599064,132.079895,5446
2019-07-25,2019-07-25,41.514267,41.677804,40.57847,40.57847,1023.619187,42000.699219
2019-07-24,2019-07-24,40.454302,40.87526,40.314993,40.87526,495.299607,20079.199219
2019-07-23,2019-07-23,40.045459,40.511843,40.039402,40.039402,495.299607,20065.5
2019-07-22,2019-07-22,38.712932,39.427651,38.712932,39.427651,99.059921,3894.899902
2019-07-19,2019-07-19,40.0818,40.0818,39.781982,39.781982,0,0
2019-07-18,2019-07-18,38.47974,39.006694,38.47974,38.673562,0,0
2019-07-17,2019-07-17,40.275623,40.275623,39.848608,39.848608,66.039948,2654.399902
2019-07-16,2019-07-16,40.63601,40.73595,40.442188,40.442188,0,0
2019-07-15,2019-07-15,40.29985,40.32105,40.245338,40.32105,0,0
2019-07-12,2019-07-12,39.642672,39.984889,39.642672,39.984889,132.079895,5252
2019-07-11,2019-07-11,39.945519,40.027288,39.945519,40.027288,66.039948,2640.0
2019-07-10,2019-07-10,38.273804,39.715356,38.273804,39.258057,759.459397,29770.199219
2019-07-09,2019-07-09,37.29258,37.444003,37.29258,37.444003,0,0
2019-07-08,2019-07-08,38.243519,38.30106,37.901302,37.901302,0,0
2019-07-05,2019-07-05,39.233829,39.233829,38.295003,38.388886,231.139816,8858.900391
2019-07-04,2019-07-04,39.055149,39.309541,39.055149,39.309541,99.059921,3868.800049
2019-07-03,2019-07-03,38.30106,38.728074,38.30106,38.728074,132.079895,5088
2019-07-02,2019-07-02,37.619654,37.686281,37.386462,37.540914,4292.596592,161739
2019-07-01,2019-07-01,38.022441,38.022441,37.501544,37.737765,660.399476,24788.800781
2019-06-28,2019-06-28,35.872227,35.90554,35.811658,35.811658,0,0
2019-06-27,2019-06-27,36.102391,36.153875,35.536067,35.536067,1650.998689,59690.0
2019-06-26,2019-06-26,35.157508,35.854056,35.157508,35.587551,561.339554,20126.300781
2019-06-25,2019-06-25,36.417352,36.596031,35.805601,35.805601,1122.679109,40699.699219
2019-06-24,2019-06-24,37.265323,37.265323,36.953391,36.953391,0,0
2019-06-21,2019-06-21,37.092701,37.453088,37.001846,37.453088,0,0
2019-06-20,2019-06-20,37.504572,37.698395,36.97459,36.97459,198.119843,7443
2019-06-19,2019-06-19,36.356782,36.356782,36.014565,36.014565,627.379502,22728.099609
2019-06-18,2019-06-18,34.660839,36.889793,34.660839,36.659629,363.219712,13377.099609
2019-06-17,2019-06-17,34.209597,34.60027,34.033946,34.60027,0,0
2019-06-14,2019-06-14,33.806811,33.958234,33.625102,33.958234,66.039948,2232.600098
2019-06-13,2019-06-13,33.497907,34.230796,33.497907,34.215654,0,0
2019-06-12,2019-06-12,33.606932,33.782583,33.591789,33.591789,0,0
2019-06-11,2019-06-11,34.46096,34.712323,34.270167,34.270167,66.039948,2292.199951
2019-06-07,2019-06-07,31.323465,32.792273,31.323465,32.792273,0,0
2019-06-06,2019-06-06,30.642059,30.944906,30.642059,30.735942,924.559266,28420.0
2019-06-05,2019-06-05,30.013652,30.605718,30.013652,30.261986,0,0
2019-06-04,2019-06-04,27.68173,29.536668,27.68173,29.536668,0,0
2019-06-03,2019-06-03,29.20505,29.20505,28.952173,28.952173,0,0
2019-05-31,2019-05-31,30.490636,30.490636,30.039394,30.396753,99.059921,2988.600098
2019-05-30,2019-05-30,31.262896,31.262896,31.084216,31.114501,0,0
2019-05-29,2019-05-29,31.05696,31.081188,30.832853,30.832853,0,0
2019-05-28,2019-05-28,32.328917,32.328917,31.965501,32.307718,0,0
2019-05-27,2019-05-27,32.098754,32.098754,31.980643,32.001842,0,0
2019-05-24,2019-05-24,32.471255,32.577252,32.210807,32.210807,0,0
2019-05-23,2019-05-23,32.852843,32.852843,32.116924,32.116924,99.059921,3225.5
2019-05-22,2019-05-22,33.86738,33.86738,33.734127,33.852238,0,0
2019-05-21,2019-05-21,33.682643,34.088458,33.682643,34.088458,0,0
2019-05-20,2019-05-20,35.006085,35.006085,33.201117,33.201117,0,0
2019-05-17,2019-05-17,35.660234,35.872227,35.290761,35.872227,0,0
2019-05-16,2019-05-16,34.57907,36.344668,34.57907,36.344668,66.039948,2283.600098
2019-05-15,2019-05-15,33.840124,34.60027,33.31317,34.60027,957.57924,31900.0
2019-05-14,2019-05-14,32.510625,33.7099,32.510625,33.7099,66.039948,2221.800049
2019-05-13,2019-05-13,34.709295,34.709295,32.447028,32.447028,1948.178453,66555.101563
2019-05-10,2019-05-10,35.902512,35.902512,33.912807,33.912807,0,0
2019-05-09,2019-05-09,35.78743,35.990337,34.736551,34.736551,0,0
2019-05-08,2019-05-08,37.177498,37.201725,36.368896,36.820138,231.139816,8536
2019-05-07,2019-05-07,38.861327,38.861327,37.138128,37.138128,0,0
2019-05-06,2019-05-06,37.598455,38.673562,37.598455,38.673562,0,0
2019-05-03,2019-05-03,38.661448,39.530619,38.661448,39.530619,66.039948,2583.800049
2019-05-02,2019-05-02,38.679619,38.752302,38.307117,38.307117,0,0
2019-04-30,2019-04-30,39.188402,39.188402,38.425227,38.425227,0,0
2019-04-29,2019-04-29,39.897064,40.018203,39.730498,40.018203,297.179764,11868.200195
2019-04-26,2019-04-26,39.373138,39.457936,39.373138,39.451879,0,0
2019-04-25,2019-04-25,39.857694,40.33922,39.857694,40.048487,396.239685,15912
2019-04-24,2019-04-24,39.406452,39.791067,39.406452,39.791067,33.019974,1310.900024
2019-04-23,2019-04-23,38.113295,39.248971,37.910387,39.248971,2311.398165,87685.601563
2019-04-18,2019-04-18,36.977619,37.401605,36.977619,37.401605,660.399476,24687.5
2019-04-17,2019-04-17,37.210811,37.316807,37.119957,37.119957,165.099869,6153
2019-04-16,2019-04-16,36.808024,37.020017,36.808024,37.020017,0,0
2019-04-15,2019-04-15,36.52032,36.644487,36.22353,36.22353,9641.832344,353246.40625
2019-04-12,2019-04-12,36.20233,36.586946,36.20233,36.226558,33.019974,1208.099976
2019-04-11,2019-04-11,36.568775,36.683857,36.44158,36.44158,0,0
2019-04-10,2019-04-10,36.011537,36.429466,36.011537,36.429466,0,0
2019-04-09,2019-04-09,36.232615,36.232615,36.108448,36.108448,495.299607,17926.900391
2019-04-08,2019-04-08,36.059992,36.069078,36.035765,36.069078,198.119843,7139.5
2019-04-05,2019-04-05,35.854056,36.150846,35.775316,36.150846,33.019974,1181.5
2019-04-04,2019-04-04,35.675377,35.796515,35.536067,35.536067,99.059921,3546
2019-04-03,2019-04-03,35.666291,36.187188,35.581494,36.187188,66.039948,2354
2019-04-02,2019-04-02,34.694152,34.933401,34.694152,34.933401,0,0
2019-04-01,2019-04-01,34.315594,34.454903,34.212626,34.454903,363.219712,12465.299805
2019-03-29,2019-03-29,33.101177,33.243515,33.101177,33.243515,33.019974,1096.099976
2019-03-28,2019-03-28,32.289547,32.604508,32.289547,32.380401,0,0
2019-03-27,2019-03-27,33.240487,33.240487,31.920074,32.138124,33.019974,1054
2019-03-26,2019-03-26,32.677191,33.558476,32.677191,33.061807,594.359528,19922.699219
2019-03-25,2019-03-25,32.195665,32.331946,32.174465,32.174465,33.019974,1063.099976
2019-03-22,2019-03-22,34.781978,34.781978,33.146604,33.219287,330.199738,11046.5
2019-03-21,2019-03-21,32.989124,34.100572,32.686277,34.040003,891.539292,30030.0
2019-03-20,2019-03-20,32.892213,32.892213,32.471255,32.471255,264.15979,8645.599609
2019-03-19,2019-03-19,32.674163,33.192031,32.674163,33.192031,0,0
2019-03-18,2019-03-18,32.507597,32.507597,32.247149,32.247149,0,0
2019-03-15,2019-03-15,31.835277,32.577252,31.835277,32.577252,0,0
2019-03-14,2019-03-14,31.90796,32.020013,31.820134,31.820134,0,0
2019-03-13,2019-03-13,31.162956,31.953387,31.162956,31.953387,297.179764,9311.400391
2019-03-12,2019-03-12,30.981248,31.265924,30.772284,31.265924,0,0
2019-03-11,2019-03-11,29.244421,30.539091,29.244421,30.539091,0,0
2019-03-08,2019-03-08,28.597842,28.644783,28.573614,28.575129,1485.89882,42465.5
2019-03-07,2019-03-07,29.609351,29.747147,29.609351,29.619951,0,0
2019-03-06,2019-03-06,30.569376,30.569376,30.07725,30.07725,0,0
2019-03-05,2019-03-05,30.38464,30.663259,30.299842,30.663259,66.039948,2008.800049
2019-03-04,2019-03-04,30.866166,30.866166,30.278643,30.278643,0,0
2019-03-01,2019-03-01,30.154476,30.40281,29.834972,29.834972,66.039948,2007.199951
2019-02-28,2019-02-28,29.30499,29.797116,29.30499,29.797116,0,0
2019-02-27,2019-02-27,29.582095,29.632065,29.571495,29.571495,0,0
2019-02-26,2019-02-26,29.626008,30.124191,29.626008,30.003052,9278.612633,279431.25
2019-02-25,2019-02-25,30.021223,30.42401,30.021223,30.42401,0,0
2019-02-22,2019-02-22,29.003657,29.695663,29.003657,29.695663,33.019974,958.700012
2019-02-21,2019-02-21,29.592695,29.592695,29.024856,29.024856,33.019974,975.900024
2019-02-20,2019-02-20,29.347389,29.556353,29.347389,29.556353,19811.984269,582115
2019-02-19,2019-02-19,29.55181,29.55181,29.224736,29.395844,594.359528,17484.949219
2019-02-18,2019-02-18,29.447328,29.506383,29.335275,29.506383,0,0
2019-02-15,2019-02-15,28.460047,29.270163,28.460047,29.155081,627.379502,18363.349609
2019-02-14,2019-02-14,29.285305,29.285305,28.658412,28.658412,0,0
2019-02-13,2019-02-13,29.198994,29.224736,28.949145,28.949145,1320.798951,38560.0
2019-02-12,2019-02-12,28.279853,28.67204,28.279853,28.67204,0,0
2019-02-11,2019-02-11,27.46368,27.883123,27.46368,27.713529,0,0
2019-02-08,2019-02-08,26.968525,26.968525,26.69142,26.839815,1188.719056,31754.699219
2019-02-07,2019-02-07,28.164771,28.164771,26.927641,26.927641,1518.918794,42768.300781
2019-02-06,2019-02-06,28.508502,28.641755,28.473675,28.544844,4094.476749,117153.5
2019-02-05,2019-02-05,27.519707,28.628127,27.519707,28.506988,4820.916172,136696.65625
2019-02-04,2019-02-04,26.903413,27.677187,26.777732,27.677187,33.019974,884.200012
2019-02-01,2019-02-01,27.071493,27.124492,26.78076,27.124492,1287.778978,34765.898438
2019-01-31,2019-01-31,26.606623,27.182032,26.468828,27.182032,264.15979,7064.549805
2019-01-30,2019-01-30,24.668402,25.116616,24.635089,25.116616,99.059921,2443.25
2019-01-29,2019-01-29,24.557863,24.915223,24.233817,24.236845,495.299607,12197
2019-01-28,2019-01-28,25.640541,25.695054,24.645689,24.648717,1452.878846,36192.351563
2019-01-25,2019-01-25,25.460347,25.946417,25.439148,25.946417,132.079895,3370.5
2019-01-24,2019-01-24,24.741086,25.098445,24.741086,24.971249,99.059921,2477.100098
2019-01-23,2019-01-23,24.454895,25.210499,24.40644,24.457924,594.359528,14760.099609
2019-01-22,2019-01-22,25.508803,25.610257,25.287725,25.361922,330.199738,8403.75
2019-01-21,2019-01-21,25.855563,25.896447,25.699596,25.822249,759.459397,19581.800781
2019-01-18,2019-01-18,25.484575,26.390088,25.484575,26.390088,627.379502,16525.099609
2019-01-17,2019-01-17,24.239874,25.033333,24.192933,25.033333,297.179764,7348.049805
2019-01-16,2019-01-16,24.892509,25.190813,24.736543,25.190813,792.479371,19651.75
2019-01-15,2019-01-15,23.77349,24.506379,23.59481,24.506379,0,0
2019-01-14,2019-01-14,23.225336,23.528183,23.163253,23.528183,858.519318,20023
2019-01-11,2019-01-11,23.961255,23.961255,23.744719,23.749262,0,0
2019-01-10,2019-01-10,23.207166,23.847687,23.167796,23.847687,429.259659,9945
2019-01-09,2019-01-09,23.460043,23.835573,23.460043,23.778032,396.239685,9402.049805
2019-01-08,2019-01-08,23.008801,23.351018,22.830121,22.830121,231.139816,5292
2019-01-07,2019-01-07,22.316795,22.710497,21.930666,22.710497,594.359528,13307.549805
2019-01-04,2019-01-04,20.573911,21.861011,20.419459,21.861011,693.419449,14730.0
2019-01-03,2019-01-03,20.242293,20.473971,19.816793,20.473971,6967.214468,140307.15625
2019-01-02,2019-01-02,20.480028,21.826183,19.916733,21.611162,1485.89882,30940.099609
2018-12-28,2018-12-28,20.963069,21.523336,20.844959,21.370399,429.259659,9022.650391
2018-12-27,2018-12-27,20.351318,20.351318,19.69414,19.69414,528.319581,10468
2018-12-21,2018-12-21,21.334057,21.334057,20.446715,20.604196,495.299607,10361.849609
2018-12-20,2018-12-20,21.515765,22.201714,21.187176,21.187176,1783.078584,38488.851563
2018-12-19,2018-12-19,23.705349,24.080879,23.705349,24.068765,165.099869,3975.75
2018-12-18,2018-12-18,23.643265,23.906742,23.600867,23.885543,330.199738,7874.5
2018-12-17,2018-12-17,25.149929,25.149929,24.074822,24.996991,330.199738,8160.600098
2018-12-14,2018-12-14,26.123582,26.241693,25.867677,26.241693,297.179764,7715.25
2018-12-13,2018-12-13,27.763499,27.763499,27.100264,27.100264,33.019974,903.450012
2018-12-12,2018-12-12,26.808016,27.91038,26.808016,27.91038,231.139816,6344.350098
2018-12-11,2018-12-11,25.917646,26.957926,25.917646,26.724734,198.119843,5154
2018-12-10,2018-12-10,25.018191,25.018191,24.794084,24.794084,165.099869,4105
2018-12-07,2018-12-07,27.157805,27.619646,26.196266,26.196266,330.199738,9102.5
2018-12-06,2018-12-06,26.659621,26.659621,25.816193,25.987301,3500.117221,90994.101563
2018-12-05,2018-12-05,28.05726,28.105716,27.807412,27.807412,198.119843,5557.200195
2018-12-04,2018-12-04,30.305899,30.305899,30.20596,30.20596,0,0
2018-11-30,2018-11-30,29.062712,29.062712,29.062712,29.062712,0,0
2018-11-29,2018-11-29,28.685668,28.685668,28.685668,28.685668,0,0
2018-11-28,2018-11-28,27.159319,27.159319,27.159319,27.159319,0,0
2018-11-27,2018-11-27,26.736847,26.736847,26.736847,26.736847,0,0
2018-11-26,2018-11-26,25.938846,25.938846,25.681426,25.681426,198.119843,5138.600098
2018-11-23,2018-11-23,25.110559,25.110559,25.110559,25.110559,0,0
2018-11-22,2018-11-22,24.467009,24.467009,24.467009,24.467009,0,0
2018-11-21,2018-11-21,25.675369,25.675369,25.675369,25.675369,0,0
2018-11-20,2018-11-20,24.420068,25.013648,24.420068,25.013648,66.039948,1612.699951
2018-11-19,2018-11-19,29.009714,29.009714,26.745933,26.745933,66.039948,1914.150024
2018-11-16,2018-11-16,28.199598,28.447933,28.199598,28.447933,132.079895,3724.600098
2018-11-15,2018-11-15,28.437333,28.437333,28.102687,28.198084,297.179764,8395.75
2018-11-14,2018-11-14,28.426734,29.235335,28.175371,28.175371,363.219712,10351.849609
2018-11-13,2018-11-13,29.327703,29.804688,28.824977,29.804688,2410.458086,69869.203125
2018-11-12,2018-11-12,28.89009,28.89009,28.89009,28.89009,0,0
2018-11-09,2018-11-09,32.36223,32.36223,31.281067,31.281067,891.539292,28732.699219
2018-11-08,2018-11-08,32.983067,32.983067,32.934611,32.934611,297.179764,9801.900391
2018-11-07,2018-11-07,31.777736,32.431885,31.777736,32.431885,693.419449,22035.300781
2018-11-06,2018-11-06,30.260472,30.260472,30.260472,30.260472,33.019974,999.200012
2018-11-05,2018-11-05,30.177189,30.177189,29.230792,29.230792,132.079895,3985.800049
2018-11-02,2018-11-02,31.193241,31.193241,30.177189,30.177189,33.019974,1030.0
2018-11-01,2018-11-01,31.072102,31.072102,31.072102,31.072102,0,0
2018-10-31,2018-10-31,30.623889,30.623889,30.623889,30.623889,0,0
2018-10-30,2018-10-30,27.790755,27.790755,27.790755,27.790755,0,0
2018-10-29,2018-10-29,28.544844,28.544844,28.544844,28.544844,0,0
2018-10-26,2018-10-26,28.900689,29.065741,27.510621,29.065741,2311.398165,65486.300781
2018-10-25,2018-10-25,29.350417,30.841938,29.350417,30.841938,3731.257037,110369.5
2018-10-24,2018-10-24,32.068469,32.189608,31.020618,31.020618,2575.557955,82902.203125
2018-10-23,2018-10-23,31.505173,31.5506,30.520921,31.035761,10170.151925,317218.1875
2018-10-22,2018-10-22,32.707476,33.631159,32.707476,33.370711,4127.496723,137880.5
2018-10-19,2018-10-19,33.824981,33.824981,33.216259,33.216259,4952.996067,167535
2018-10-18,2018-10-18,32.992152,32.992152,32.992152,32.992152,0,0
2018-10-17,2018-10-17,34.675982,34.675982,34.312565,34.312565,792.479371,27480.0
2018-10-16,2018-10-16,33.782583,33.782583,33.782583,33.782583,0,0
2018-10-15,2018-10-15,32.389487,32.880099,32.150238,32.61965,6306.814992,204186.90625
2018-10-12,2018-10-12,32.655992,32.710504,32.622679,32.622679,3533.137195,115532.296875
2018-10-11,2018-10-11,31.414319,31.414319,30.823768,30.987305,1684.018663,52309.398438
2018-10-10,2018-10-10,33.937035,34.088458,33.937035,34.088458,99.059921,3361.800049
2018-10-09,2018-10-09,36.505177,37.398576,36.505177,37.398576,594.359528,22020.599609
2018-10-08,2018-10-08,37.007903,37.404633,36.169017,36.169017,1750.05861,65263.800781
2018-10-05,2018-10-05,38.446427,38.446427,37.15327,37.15327,660.399476,25390.0
2018-10-04,2018-10-04,38.909783,38.909783,38.909783,38.909783,0,0
2018-10-02,2018-10-02,40.481558,41.353758,40.481558,41.353758,5778.495412,233922.5
2018-10-01,2018-10-01,41.477925,41.538495,41.477925,41.538495,825.499345,34240.0
2018-09-28,2018-09-28,40.230195,40.590583,40.230195,40.590583,825.499345,33210.0
2018-09-27,2018-09-27,40.502758,40.502758,40.502758,40.502758,0,0
2018-09-26,2018-09-26,39.394338,39.769868,39.394338,39.769868,1650.998689,65270.0
2018-09-25,2018-09-25,39.106633,39.106633,38.612993,38.867384,3929.37688,152947.5
2018-09-24,2018-09-24,38.497911,38.497911,38.497911,38.497911,0,0
2018-09-21,2018-09-21,39.557875,39.557875,39.173259,39.173259,4952.996067,195410.0
2018-09-20,2018-09-20,38.346487,39.19143,38.346487,39.19143,1650.998689,63310.0
2018-09-19,2018-09-19,37.977014,37.977014,37.977014,37.977014,0,0
2018-09-18,2018-09-18,37.453088,38.743217,37.453088,38.743217,66.039948,2474.899902
2018-09-17,2018-09-17,38.924925,38.924925,37.922501,37.922501,66.039948,2570.600098
2018-09-14,2018-09-14,39.70627,39.70627,39.436736,39.436736,9905.992135,392640.0
2018-09-13,2018-09-13,39.327711,39.327711,39.327711,39.327711,0,0
2018-09-12,2018-09-12,38.00427,38.34043,37.940672,38.34043,1882.138506,71514.601563
2018-09-11,2018-09-11,37.795306,38.370715,37.659024,38.370715,6603.994756,248925
2018-09-10,2018-09-10,38.401,38.401,37.819533,37.819533,99.059921,3776.600098
2018-09-07,2018-09-07,37.58937,38.537281,37.58937,38.537281,66.039948,2482.399902
2018-09-06,2018-09-06,38.846185,38.846185,37.822562,37.822562,6603.994756,252530.0
2018-09-05,2018-09-05,40.47853,40.47853,38.69779,38.69779,11292.831033,447577.1875
2018-09-04,2018-09-04,41.44764,41.44764,40.996398,40.996398,33.019974,1368.599976
2018-09-03,2018-09-03,41.514267,41.514267,41.514267,41.514267,0,0
2018-08-31,2018-08-31,41.123594,41.123594,41.123594,41.123594,0,0
2018-08-30,2018-08-30,41.023655,41.023655,41.023655,41.023655,0,0
2018-08-29,2018-08-29,39.915235,40.726865,39.915235,40.726865,33.019974,1318
2018-08-28,2018-08-28,39.373138,39.373138,39.373138,39.373138,0,0
2018-08-27,2018-08-27,39.067263,39.376167,39.067263,39.376167,165.099869,6451.600098
2018-08-24,2018-08-24,38.546366,38.546366,38.546366,38.546366,0,0
2018-08-23,2018-08-23,37.734736,37.734736,37.66811,37.66811,33.019974,1246
2018-08-22,2018-08-22,37.674167,37.674167,37.674167,37.674167,0,0
2018-08-21,2018-08-21,37.855875,37.855875,37.855875,37.855875,0,0
2018-08-20,2018-08-20,38.028498,38.028498,37.253209,37.253209,495.299607,18835.5
2018-08-17,2018-08-17,37.135099,37.135099,37.135099,37.135099,0,0
2018-08-16,2018-08-16,38.246548,38.246548,38.246548,38.246548,0,0
2018-08-15,2018-08-15,38.843156,38.843156,37.428861,37.428861,462.279633,17956.400391
2018-08-14,2018-08-14,38.703847,38.703847,38.703847,38.703847,0,0
2018-08-13,2018-08-13,37.855875,38.267747,37.855875,38.267747,66.039948,2500.0
2018-08-10,2018-08-10,38.410085,38.410085,38.410085,38.410085,0,0
2018-08-09,2018-08-09,38.431284,38.746245,38.431284,38.746245,1849.118532,71099
2018-08-08,2018-08-08,38.564537,38.564537,38.564537,38.564537,0,0
2018-08-07,2018-08-07,38.092096,38.092096,38.092096,38.092096,0,0
2018-08-06,2018-08-06,37.368291,37.604512,37.368291,37.604512,264.15979,9871.200195
2018-08-03,2018-08-03,36.932192,36.932192,36.932192,36.932192,0,0
2018-08-02,2018-08-02,36.196273,36.196273,36.196273,36.196273,0,0
2018-08-01,2018-08-01,35.102996,35.102996,35.102996,35.102996,1650.998689,57955
2018-07-31,2018-07-31,34.033946,34.633583,34.033946,34.633583,2476.498034,84285
2018-07-30,2018-07-30,34.209597,34.209597,34.209597,34.209597,0,0
2018-07-27,2018-07-27,37.916444,37.916444,36.783797,36.874651,924.559266,34078.199219
2018-07-26,2018-07-26,37.029103,37.598455,37.029103,37.501544,2509.518007,93191.398438
2018-07-25,2018-07-25,37.780163,37.780163,37.780163,37.780163,0,0
2018-07-24,2018-07-24,37.671138,37.671138,37.66811,37.66811,2476.498034,93292.5
2018-07-23,2018-07-23,36.496092,36.496092,36.496092,36.496092,0,0
2018-07-20,2018-07-20,37.05333,37.05333,37.05333,37.05333,0,0
2018-07-19,2018-07-19,36.859508,37.171441,36.859508,37.171441,33.019974,1217.099976
2018-07-18,2018-07-18,37.33195,37.33195,37.33195,37.33195,0,0
2018-07-17,2018-07-17,36.665686,36.665686,36.665686,36.665686,0,0
2018-07-16,2018-07-16,36.892822,36.892822,36.689914,36.708085,429.259659,15769.599609
2018-07-13,2018-07-13,37.189612,37.189612,37.189612,37.189612,0,0
2018-07-12,2018-07-12,35.363444,36.208387,35.363444,36.208387,4952.996067,176155
2018-07-11,2018-07-11,34.60027,35.043941,34.60027,35.043941,1684.018663,58603.398438
2018-07-10,2018-07-10,35.62995,35.62995,35.481555,35.481555,99.059921,3529.5
2018-07-09,2018-07-09,34.88646,34.88646,34.88646,34.88646,0,0
2018-07-06,2018-07-06,33.052722,34.070288,33.052722,34.070288,33.019974,1091.400024
2018-07-05,2018-07-05,32.101782,32.584823,32.101782,32.584823,330.199738,10650.0
2018-07-04,2018-07-04,32.013956,32.013956,32.013956,32.013956,0,0
2018-07-03,2018-07-03,33.367682,33.367682,32.954296,32.954296,33.019974,1101.800049
2018-07-02,2018-07-02,32.285004,32.285004,32.285004,32.285004,0,0
2018-06-29,2018-06-29,33.05575,33.05575,32.914926,32.914926,33.019974,1091.5
2018-06-28,2018-06-28,31.953387,32.135095,31.547572,32.135095,132.079895,4180.200195
2018-06-27,2018-06-27,33.151147,33.151147,33.151147,33.151147,0,0
2018-06-26,2018-06-26,32.755932,32.792273,32.755932,32.792273,33.019974,1081.599976
2018-06-25,2018-06-25,34.030917,34.030917,32.141152,32.141152,561.339554,18401.099609
2018-06-22,2018-06-22,35.190821,35.190821,34.895546,34.895546,33.019974,1162
2018-06-21,2018-06-21,36.535462,36.535462,35.716261,35.716261,33.019974,1206.400024
2018-06-20,2018-06-20,35.660234,36.109962,35.614807,36.109962,99.059921,3529.5
2018-06-19,2018-06-19,34.370106,34.703238,34.370106,34.703238,1750.05861,60218.300781
2018-06-18,2018-06-18,35.525467,35.525467,35.525467,35.525467,0,0
2018-06-15,2018-06-15,35.539095,35.539095,35.539095,35.539095,0,0
2018-06-14,2018-06-14,34.654782,35.947939,34.654782,35.947939,1056.639161,36638.699219
2018-06-13,2018-06-13,35.293789,35.293789,35.293789,35.293789,0,0
2018-06-12,2018-06-12,34.276223,34.276223,34.276223,34.276223,0,0
2018-06-11,2018-06-11,33.646302,33.840124,33.646302,33.840124,99.059921,3333
2018-06-08,2018-06-08,33.404024,33.455508,32.801359,33.455508,2509.518007,82946.398438
2018-06-07,2018-06-07,34.630554,34.630554,33.479736,33.664473,396.239685,13608
2018-06-06,2018-06-06,34.285309,34.285309,34.285309,34.285309,0,0
2018-06-05,2018-06-05,34.027889,34.027889,34.027889,34.027889,0,0
2018-06-04,2018-06-04,33.43128,33.516077,33.222316,33.516077,1254.759004,41937.699219
2018-06-01,2018-06-01,33.052722,33.052722,33.052722,33.052722,0,0
2018-05-31,2018-05-31,31.741394,31.82922,31.741394,31.82922,132.079895,4192.399902
2018-05-30,2018-05-30,31.814077,31.814077,31.814077,31.814077,0,0
2018-05-29,2018-05-29,31.229583,31.514259,31.229583,31.514259,198.119843,6204.600098
2018-05-28,2018-05-28,31.980643,31.980643,31.980643,31.980643,0,0
2018-05-25,2018-05-25,31.804992,31.804992,31.804992,31.804992,0,0
2018-05-24,2018-05-24,31.323465,31.323465,30.735942,30.735942,462.279633,14372.200195
2018-05-23,2018-05-23,30.357383,30.357383,30.357383,30.357383,0,0
2018-05-22,2018-05-22,30.454294,30.58149,30.454294,30.58149,198.119843,6039.299805
2018-05-18,2018-05-18,30.348298,30.348298,30.348298,30.348298,0,0
2018-05-17,2018-05-17,30.926736,30.926736,30.926736,30.926736,0,0
2018-05-16,2018-05-16,30.219588,30.42401,30.219588,30.42401,165.099869,4989.25
2018-05-15,2018-05-15,30.729885,30.729885,29.824373,29.824373,1617.978715,48627.898438
2018-05-14,2018-05-14,31.169013,31.169013,31.169013,31.169013,0,0
2018-05-11,2018-05-11,30.829825,30.829825,30.711714,30.711714,231.139816,7126
2018-05-10,2018-05-10,30.696572,30.696572,30.696572,30.696572,0,0
2018-05-09,2018-05-09,29.341332,29.341332,29.277734,29.277734,165.099869,4844.25
2018-05-08,2018-05-08,28.788636,29.085426,28.788636,29.085426,3103.877536,89356.398438
2018-05-07,2018-05-07,29.279248,29.279248,29.279248,29.279248,0,0
2018-05-04,2018-05-04,28.131458,28.131458,28.131458,28.131458,0,0
2018-05-03,2018-05-03,25.776822,25.776822,25.776822,25.776822,0,0
2018-05-02,2018-05-02,27.490936,27.490936,27.244116,27.244116,231.139816,6354.25
2018-04-30,2018-04-30,26.873129,26.873129,26.873129,26.873129,0,0
2018-04-27,2018-04-27,27.752899,28.075431,26.804988,26.804988,6802.114599,188721.15625
2018-04-26,2018-04-26,25.517888,26.349203,25.517888,26.349203,1122.679109,29324.949219
2018-04-25,2018-04-25,24.909166,24.909166,24.909166,24.909166,0,0
2018-04-24,2018-04-24,25.720796,25.720796,25.720796,25.720796,0,0
2018-04-23,2018-04-23,26.564225,27.171433,26.493056,27.171433,1783.078584,47823.449219
2018-04-20,2018-04-20,26.774703,26.774703,26.774703,26.774703,0,0
2018-04-19,2018-04-19,28.142057,28.142057,27.645388,27.645388,10863.571374,303028.8125
2018-04-18,2018-04-18,28.447933,28.447933,28.252597,28.425219,3863.336933,109544.351563
2018-04-17,2018-04-17,27.425824,28.039089,27.268344,28.039089,7561.573996,207067
2018-04-16,2018-04-16,26.314376,26.57331,26.184152,26.235636,25326.319891,667258.75
2018-04-13,2018-04-13,26.273491,26.57331,26.093298,26.284091,2509.518007,66179.546875
2018-04-12,2018-04-12,26.503655,26.503655,26.503655,26.503655,0,0
2018-04-11,2018-04-11,25.695054,25.695054,25.695054,25.695054,0,0
2018-04-10,2018-04-10,25.681426,25.68294,25.681426,25.68294,99.059921,2544
2018-04-09,2018-04-09,24.722915,25.445205,24.644175,25.445205,4325.616565,106926.25
2018-04-06,2018-04-06,25.531516,25.531516,25.106016,25.187785,198.119843,4988.049805
2018-04-05,2018-04-05,26.290148,26.409773,26.290148,26.409773,330.199738,8681
2018-04-04,2018-04-04,23.072399,24.236845,23.072399,24.236845,1783.078584,42627.101563
2018-04-03,2018-04-03,24.011224,24.011224,24.011224,24.011224,0,0
2018-03-29,2018-03-29,25.040904,25.460347,25.040904,25.136301,1650.998689,41775.5
2018-03-28,2018-03-28,24.510922,24.601776,24.383726,24.394326,462.279633,11296.400391
2018-03-27,2018-03-27,28.457018,28.502445,27.715043,27.755928,1254.759004,35145.949219
2018-03-26,2018-03-26,26.426429,26.632365,25.572401,25.854048,3929.37688,103947.398438
2018-03-23,2018-03-23,26.543025,26.543025,26.543025,26.543025,0,0
2018-03-22,2018-03-22,28.867376,28.885547,27.719586,28.357079,2674.617876,76799.046875
2018-03-21,2018-03-21,29.795602,30.260472,29.795602,30.260472,1221.73903,36516.75
2018-03-20,2018-03-20,29.739575,30.110563,29.739575,30.110563,264.15979,7887.799805
2018-03-19,2018-03-19,30.787426,30.829825,29.261077,29.261077,5745.475438,176988.703125
2018-03-16,2018-03-16,31.932188,31.932188,31.932188,31.932188,0,0
2018-03-15,2018-03-15,32.132067,32.132067,32.132067,32.132067,0,0
2018-03-14,2018-03-14,32.10481,32.10481,31.820134,32.038184,1320.798951,42357
2018-03-13,2018-03-13,33.464594,33.513049,32.528796,32.528796,3335.017352,111650.101563
2018-03-12,2018-03-12,33.41311,33.631159,33.41311,33.47065,2773.677798,93032.601563
2018-03-09,2018-03-09,31.156899,32.325889,31.156899,32.325889,1056.639161,32955.398438
2018-03-08,2018-03-08,31.008504,31.008504,31.008504,31.008504,0,0
2018-03-07,2018-03-07,29.356474,29.98791,29.308018,29.98791,3004.817614,89264.453125
2018-03-06,2018-03-06,29.853143,29.853143,29.853143,29.853143,0,0
2018-03-05,2018-03-05,28.983972,29.465499,28.983972,29.465499,198.119843,5742.299805
2018-03-02,2018-03-02,28.413106,28.413106,27.890694,27.890694,264.15979,7489.649902
2018-03-01,2018-03-01,30.490636,30.490636,29.877371,29.877371,660.399476,20136
2018-02-28,2018-02-28,30.835882,30.835882,30.732914,30.732914,561.339554,17309.400391
2018-02-27,2018-02-27,31.059988,31.059988,31.059988,31.059988,0,0
2018-02-26,2018-02-26,30.608746,31.111472,30.578462,31.111472,1188.719056,36370.199219
2018-02-23,2018-02-23,29.471556,29.471556,29.471556,29.471556,0,0
2018-02-22,2018-02-22,29.162652,29.162652,29.162652,29.162652,0,0
2018-02-21,2018-02-21,29.853143,29.853143,29.853143,29.853143,0,0
2018-02-20,2018-02-20,28.685668,29.338303,28.685668,29.338303,66.039948,1894.400024
2018-02-19,2018-02-19,28.547872,28.547872,28.547872,28.547872,0,0
2018-02-16,2018-02-16,29.005171,29.005171,29.005171,29.005171,0,0
2018-02-15,2018-02-15,27.77107,27.77107,27.77107,27.77107,0,0
2018-02-14,2018-02-14,26.57331,26.57331,26.57331,26.57331,0,0
2018-02-13,2018-02-13,25.443691,25.443691,25.443691,25.443691,0,0
2018-02-12,2018-02-12,24.760771,25.520917,24.760771,25.520917,1386.838899,34917.199219
2018-02-09,2018-02-09,23.747748,23.747748,23.747748,23.747748,0,0
2018-02-08,2018-02-08,25.561801,25.561801,25.561801,25.561801,0,0
2018-02-07,2018-02-07,27.2956,27.993662,27.232002,27.993662,1320.798951,35989
2018-02-06,2018-02-06,25.45429,25.707168,24.598748,25.095417,13373.089382,337261.40625
2018-02-05,2018-02-05,28.27531,28.764408,27.834668,28.764408,561.339554,15725.75
2018-02-01,2018-02-01,31.223526,31.223526,31.172042,31.172042,990.599213,30930.0
2018-01-31,2018-01-31,31.402205,31.402205,31.402205,31.402205,0,0
2018-01-30,2018-01-30,31.190213,31.329522,30.851024,31.329522,693.419449,21616.699219
2018-01-29,2018-01-29,32.301661,32.301661,32.020013,32.24412,38567.329378,1239246.75
2018-01-26,2018-01-26,31.535458,31.735337,31.535458,31.735337,231.139816,7289.100098
2018-01-25,2018-01-25,31.196269,31.196269,31.196269,31.196269,0,0
2018-01-24,2018-01-24,31.141757,31.141757,31.141757,31.141757,0,0
2018-01-23,2018-01-23,31.801963,31.998814,31.414319,31.998814,528.319581,16615.900391
2018-01-22,2018-01-22,30.808625,30.808625,30.808625,30.808625,0,0
2018-01-19,2018-01-19,30.290757,30.36344,30.224131,30.224131,297.179764,9004.200195
2018-01-18,2018-01-18,30.025766,30.025766,30.025766,30.025766,0,0
2018-01-17,2018-01-17,29.592695,29.716862,29.592695,29.597237,2245.358217,66610.203125
2018-01-16,2018-01-16,29.789545,30.051508,29.789545,30.006081,1023.619187,30647.199219
2018-01-15,2018-01-15,29.626008,29.626008,29.477613,29.52304,14627.848385,431622.75
2018-01-12,2018-01-12,29.454899,29.454899,29.454899,29.454899,0,0
2018-01-11,2018-01-11,28.850719,28.850719,28.850719,28.850719,0,0
2018-01-10,2018-01-10,28.899175,28.899175,28.5933,28.5933,66.039948,1908.5
2018-01-09,2018-01-09,29.164166,29.258049,29.164166,29.258049,132.079895,3856.399902
2018-01-08,2018-01-08,28.708381,29.029399,28.708381,29.029399,561.339554,16126.849609
2018-01-05,2018-01-05,28.372221,28.372221,28.372221,28.372221,0,0
2018-01-04,2018-01-04,27.740785,27.740785,27.68173,27.68173,132.079895,3664
2018-01-03,2018-01-03,27.495479,27.495479,27.495479,27.495479,0,0
2018-01-02,2018-01-02,25.567858,26.515769,25.567858,26.515769,363.219712,9286.75
2017-12-29,2017-12-29,26.251081,26.251081,26.251081,26.251081,0,0
2017-12-28,2017-12-28,26.19142,26.197174,26.067253,26.136605,27010.338554,707301.8125
2017-12-27,2017-12-27,26.400687,26.400687,26.245024,26.245024,3500.117221,92132.796875
2017-12-22,2017-12-22,26.758652,26.758652,26.685969,26.685969,66.039948,1767.140015
2017-12-21,2017-12-21,26.572704,26.982759,26.572704,26.982759,99.059921,2632.290039
2017-12-20,2017-12-20,27.170827,27.170827,26.555139,26.555139,198.119843,5383.080078
2017-12-19,2017-12-19,27.559077,27.559077,27.059682,27.059682,3301.997378,91000.0
2017-12-18,2017-12-18,27.349204,27.349204,27.349204,27.349204,0,0
2017-12-15,2017-12-15,26.601475,26.601475,26.601475,26.601475,0,0
2017-12-14,2017-12-14,26.260166,26.260166,26.253049,26.253049,132.079895,3468.439941
2017-12-13,2017-12-13,26.261075,26.261075,26.223219,26.223219,132.079895,3468.560059
2017-12-12,2017-12-12,26.04787,26.212468,26.026974,26.212468,1849.118532,48131.980469
2017-12-11,2017-12-11,25.489421,25.664769,25.489421,25.664769,33.019974,841.659973
2017-12-08,2017-12-08,25.503352,25.503352,25.503352,25.503352,0,0
2017-12-07,2017-12-07,25.106622,25.152049,25.106622,25.152049,990.599213,24870.599609
2017-12-06,2017-12-06,24.660226,24.660226,24.660226,24.660226,0,0
2017-12-05,2017-12-05,24.263193,25.126004,24.212012,25.126004,5316.215779,128949.5
2017-12-04,2017-12-04,25.590572,25.590572,24.70429,24.70429,396.239685,10061.31
2017-12-01,2017-12-01,25.018796,25.271371,25.018796,25.271371,66.039948,1660.579956
2017-11-30,2017-11-30,25.029699,25.4128,25.007591,25.238058,6339.834966,160336.984375
2017-11-29,2017-11-29,24.958833,25.03515,24.765313,24.765313,759.459397,18977.900391
2017-11-28,2017-11-28,26.252595,26.252595,26.252595,26.252595,0,0
2017-11-27,2017-11-27,25.843146,25.843146,25.843146,25.843146,0,0
2017-11-24,2017-11-24,25.85738,25.90523,25.85738,25.90523,2410.458086,62328.128906
2017-11-23,2017-11-23,25.906441,25.906441,25.769857,25.769857,66.039948,1710.859985
2017-11-22,2017-11-22,25.870402,25.870402,25.870402,25.870402,0,0
2017-11-21,2017-11-21,25.164466,25.992147,25.164466,25.961559,1816.098558,45848.710938
2017-11-20,2017-11-20,25.173248,25.173248,25.173248,25.173248,0,0
2017-11-17,2017-11-17,25.278942,25.278942,25.278942,25.278942,0,0
2017-11-16,2017-11-16,24.835574,25.365253,24.835574,25.365253,132.079895,3280.280029
2017-11-15,2017-11-15,24.327094,24.597233,24.327094,24.597233,66.039948,1606.560059
2017-11-14,2017-11-14,25.127216,25.127216,24.905532,24.905532,1650.998689,41485
2017-11-13,2017-11-13,25.349202,25.380396,25.281365,25.380396,396.239685,10020.580078
2017-11-10,2017-11-10,25.129033,25.129033,25.129033,25.129033,0,0
2017-11-09,2017-11-09,25.156895,25.156895,25.156895,25.156895,0,0
2017-11-08,2017-11-08,25.669917,25.669917,25.669917,25.669917,0,0
2017-11-07,2017-11-07,25.647507,25.647507,25.405532,25.557258,1221.73903,31230.220703
2017-11-06,2017-11-06,25.168403,25.413103,25.168403,25.413103,33.019974,831.059998
2017-11-03,2017-11-03,24.679305,24.921885,24.679305,24.921885,99.059921,2444.72998
2017-11-02,2017-11-02,24.329214,24.329214,24.329214,24.329214,0,0
2017-11-01,2017-11-01,24.976095,24.976095,24.72988,24.72988,33.019974,824.710022
2017-10-30,2017-10-30,24.245022,24.31074,24.245022,24.31074,990.599213,24036.800781
2017-10-27,2017-10-27,24.088148,24.088148,24.088148,24.088148,0,0
2017-10-26,2017-10-26,22.34708,22.34708,22.343143,22.343143,2476.498034,55342.5
2017-10-25,2017-10-25,21.928546,21.928546,21.928546,21.928546,0,0
2017-10-24,2017-10-24,22.461556,22.573004,22.461556,22.573004,660.399476,14833.599609
2017-10-23,2017-10-23,22.751078,22.751078,22.751078,22.751078,0,0
2017-10-20,2017-10-20,22.828001,22.869794,22.828001,22.869794,165.099869,3768.899902
2017-10-19,2017-10-19,22.42582,22.42582,22.42582,22.42582,0,0
2017-10-18,2017-10-18,22.946414,22.946414,22.946414,22.946414,0,0
2017-10-17,2017-10-17,22.936723,22.936723,22.936723,22.936723,0,0
2017-10-16,2017-10-16,22.7641,22.800745,22.7641,22.796808,1452.878846,33124.300781
2017-10-13,2017-10-13,22.555742,22.555742,22.555742,22.555742,165.099869,3723.949951
2017-10-12,2017-10-12,22.394627,22.477001,22.394627,22.477001,66.039948,1478.939941
2017-10-11,2017-10-11,22.231998,22.231998,22.231998,22.231998,0,0
2017-10-10,2017-10-10,22.211405,22.211405,22.211405,22.211405,0,0
2017-10-09,2017-10-09,22.53636,22.53636,22.512435,22.512435,990.599213,22324.5
2017-10-06,2017-10-06,22.341932,22.341932,22.341932,22.341932,0,0
2017-10-05,2017-10-05,21.726849,22.118733,21.726849,22.118733,66.039948,1434.839966
2017-10-04,2017-10-04,21.594808,21.688994,21.594808,21.688994,66.039948,1426.119995
2017-10-02,2017-10-02,21.686268,21.719884,21.569672,21.569672,2113.278322,45895.71875
2017-09-29,2017-09-29,21.263494,21.263494,21.263494,21.263494,0,0
2017-09-28,2017-09-28,20.886146,20.886146,20.886146,20.886146,0,0
2017-09-27,2017-09-27,20.833148,20.833148,20.78651,20.78651,462.279633,9630.740234
2017-09-26,2017-09-26,20.316188,20.316188,20.235025,20.235025,2707.63785,55008.878906
2017-09-25,2017-09-25,20.122366,20.122366,20.122366,20.122366,0,0
2017-09-22,2017-09-22,20.548472,20.548472,20.548472,20.548472,0,0
2017-09-21,2017-09-21,20.94823,20.94823,20.94823,20.94823,0,0
2017-09-20,2017-09-20,21.216552,21.216552,20.953984,20.953984,1320.798951,28022.800781
2017-09-19,2017-09-19,21.134481,21.244717,21.134481,21.244717,330.199738,6978.600098
2017-09-18,2017-09-18,21.445505,21.499411,21.445505,21.499411,330.199738,7081.299805
2017-09-15,2017-09-15,21.065129,21.45883,21.065129,21.356165,5217.155858,110914.0625
2017-09-14,2017-09-14,21.435208,21.435208,21.435208,21.435208,0,0
2017-09-13,2017-09-13,21.245626,21.390992,21.245626,21.390992,33.019974,701.530029
2017-09-12,2017-09-12,21.217461,21.217461,21.217461,21.217461,0,0
2017-09-11,2017-09-11,21.077848,21.077848,21.077848,21.077848,0,0
2017-09-08,2017-09-08,20.639023,20.639023,20.639023,20.639023,0,0
2017-09-07,2017-09-07,20.992445,20.992445,20.992445,20.992445,0,0
2017-09-06,2017-09-06,20.669005,20.669005,20.669005,20.669005,0,0
2017-09-05,2017-09-05,21.327394,21.327394,20.977303,20.977303,990.599213,21126.900391
2017-09-04,2017-09-04,21.204136,21.204136,21.204136,21.204136,0,0
2017-09-01,2017-09-01,21.493354,21.495172,21.466704,21.466704,2641.597903,56779.800781
2017-08-31,2017-08-31,21.228666,21.228666,21.228666,21.228666,0,0
2017-08-30,2017-08-30,20.589356,20.589356,20.589356,20.589356,0,0
2017-08-29,2017-08-29,19.658404,19.658404,19.658404,19.658404,0,0
2017-08-28,2017-08-28,19.939749,19.939749,19.939749,19.939749,0,0
2017-08-25,2017-08-25,19.755013,19.755013,19.755013,19.755013,0,0
2017-08-24,2017-08-24,19.806194,19.806194,19.806194,19.806194,0,0
2017-08-23,2017-08-23,20.166279,20.166279,20.166279,20.166279,0,0
2017-08-22,2017-08-22,20.356467,20.356467,20.356467,20.356467,0,0
2017-08-21,2017-08-21,19.459131,19.459131,19.459131,19.459131,0,0
2017-08-18,2017-08-18,19.672638,19.924001,19.672638,19.924001,396.239685,7795.080078
2017-08-17,2017-08-17,20.475486,20.475486,20.475486,20.475486,0,0
2017-08-16,2017-08-16,21.217764,21.217764,21.217764,21.217764,0,0
2017-08-15,2017-08-15,20.986691,20.986691,20.986691,20.986691,0,0
2017-08-14,2017-08-14,20.778333,20.778333,20.778333,20.778333,0,0
2017-08-11,2017-08-11,19.91855,19.91855,19.91855,19.91855,0,0
2017-08-10,2017-08-10,20.282269,20.282269,20.282269,20.282269,0,0
2017-08-09,2017-08-09,20.760162,20.859193,20.760162,20.859193,33.019974,685.5
2017-08-08,2017-08-08,21.396141,21.396141,21.396141,21.396141,0,0
2017-08-07,2017-08-07,21.060889,21.060889,21.060889,21.060889,0,0
2017-08-04,2017-08-04,20.844656,20.844656,20.844656,20.844656,0,0
2017-08-03,2017-08-03,20.581482,20.581482,20.581482,20.581482,0,0
2017-08-02,2017-08-02,20.396745,20.396745,20.396745,20.396745,0,0
2017-08-01,2017-08-01,20.945504,20.945504,20.665674,20.665674,1915.158479,40113.960938
2017-07-31,2017-07-31,21.117218,21.117218,20.68445,20.68445,33.019974,697.289978
2017-07-28,2017-07-28,20.840719,20.840719,20.840719,20.840719,0,0
2017-07-27,2017-07-27,22.033331,22.033331,22.033331,22.033331,0,0
2017-07-26,2017-07-26,21.525456,21.525456,21.525456,21.525456,0,0
2017-07-25,2017-07-25,21.36737,21.36737,21.36737,21.36737,0,0
2017-07-24,2017-07-24,21.264402,21.264402,21.264402,21.264402,0,0
2017-07-21,2017-07-21,21.017582,21.126001,21.017582,21.126001,990.599213,20820.0
2017-07-20,2017-07-20,21.20565,21.20565,21.20565,21.20565,0,0
2017-07-19,2017-07-19,21.41734,21.41734,21.41734,21.41734,0,0
2017-07-18,2017-07-18,20.810434,20.810434,20.810434,20.810434,0,0
2017-07-17,2017-07-17,20.764402,20.764402,20.764402,20.764402,0,0
2017-07-14,2017-07-14,20.500319,20.500319,20.500319,20.500319,0,0
2017-07-13,2017-07-13,20.400985,20.400985,20.400985,20.400985,0,0
2017-07-12,2017-07-12,20.069065,20.069065,20.069065,20.069065,0,0
2017-07-11,2017-07-11,19.251075,19.251075,19.251075,19.251075,0,0
2017-07-10,2017-07-10,19.264703,19.264703,19.264703,19.264703,0,0
2017-07-07,2017-07-07,19.003044,19.003044,19.003044,19.003044,0,0
2017-07-06,2017-07-06,18.593897,18.673243,18.593897,18.593897,99.059921,1841.910034
2017-07-05,2017-07-05,18.657192,18.890384,18.657192,18.657192,99.059921,1848.180054
2017-06-30,2017-06-30,19.014552,19.014552,19.014552,19.014552,0,0
2017-06-29,2017-06-29,18.92824,18.92824,18.92824,18.92824,0,0
2017-06-28,2017-06-28,19.701712,19.701712,19.701712,19.701712,0,0
2017-06-27,2017-06-27,20.187175,20.187175,20.187175,20.187175,0,0
2017-06-26,2017-06-26,20.586933,20.586933,20.586933,20.586933,0,0
2017-06-23,2017-06-23,20.68445,20.810737,20.68445,20.810737,198.119843,4098
2017-06-22,2017-06-22,20.892203,20.892203,20.863433,20.863433,528.319581,11037.759766
2017-06-21,2017-06-21,20.23018,20.625092,20.109344,20.625092,363.219712,7317.209961
2017-06-20,2017-06-20,20.759859,20.759859,20.538781,20.538781,99.059921,2056.469971
2017-06-19,2017-06-19,20.098138,20.596322,20.098138,20.596322,198.119843,3981.840088
2017-06-16,2017-06-16,19.672033,19.672033,19.672033,19.672033,0,0
2017-06-15,2017-06-15,19.700803,19.700803,19.700803,19.700803,0,0
2017-06-14,2017-06-14,20.469429,20.469429,20.3919,20.442778,1320.798951,26959.199219
2017-06-13,2017-06-13,20.180513,20.180513,20.180513,20.180513,0,0
2017-06-12,2017-06-12,19.720488,20.019701,19.720488,20.019701,99.059921,1953.51001
2017-06-09,2017-06-09,21.910072,21.910072,21.910072,21.910072,0,0
2017-06-08,2017-06-08,21.854348,21.854348,21.854348,21.854348,0,0
2017-06-07,2017-06-07,21.626304,21.702622,21.600562,21.702622,792.479371,17125.650391
2017-06-06,2017-06-06,21.884633,21.918854,21.819824,21.819824,396.239685,8680.599609
2017-06-02,2017-06-02,21.531513,21.531513,21.531513,21.531513,0,0
2017-05-31,2017-05-31,21.14508,21.14508,20.764402,20.764402,264.15979,5585.680176
2017-05-30,2017-05-30,21.07058,21.07058,21.07058,21.07058,0,0
2017-05-29,2017-05-29,21.039387,21.060283,21.039387,21.060283,198.119843,4168.319824
2017-05-26,2017-05-26,20.957012,21.007588,20.949138,20.949138,561.339554,11784.040039
2017-05-25,2017-05-25,20.764099,20.764099,20.764099,20.764099,0,0
2017-05-24,2017-05-24,20.214129,20.214129,20.214129,20.214129,0,0
2017-05-23,2017-05-23,20.018792,20.018792,20.018792,20.018792,0,0
2017-05-22,2017-05-22,19.830119,19.830119,19.830119,19.830119,0,0
2017-05-19,2017-05-19,19.615703,19.615703,19.615703,19.615703,0,0
2017-05-18,2017-05-18,18.949742,19.351318,18.949742,19.351318,165.099869,3128.600098
2017-05-17,2017-05-17,19.691415,19.691415,19.406739,19.406739,528.319581,10403.360352
2017-05-16,2017-05-16,20.392506,20.392506,20.392506,20.392506,0,0
2017-05-15,2017-05-15,20.422185,20.422185,20.422185,20.422185,0,0
2017-05-12,2017-05-12,20.352227,20.352227,20.352227,20.352227,0,0
2017-05-11,2017-05-11,20.134177,20.134177,20.134177,20.134177,0,0
2017-05-10,2017-05-10,20.342233,20.342233,20.342233,20.342233,0,0
2017-05-09,2017-05-09,20.412191,20.412191,20.412191,20.412191,0,0
2017-05-08,2017-05-08,19.924607,19.924607,19.924607,19.924607,0,0
2017-05-05,2017-05-05,19.590264,19.590264,19.590264,19.590264,0,0
2017-05-04,2017-05-04,19.742293,19.742293,19.742293,19.742293,0,0
2017-05-03,2017-05-03,19.693838,19.693838,19.693838,19.693838,0,0
2017-05-02,2017-05-02,19.92491,19.92491,19.92491,19.92491,0,0
2017-04-28,2017-04-28,19.53454,19.53454,19.303165,19.303165,165.099869,3225.149902
2017-04-27,2017-04-27,19.234419,19.234419,19.234419,19.234419,0,0
2017-04-26,2017-04-26,19.135085,19.135085,19.135085,19.135085,0,0
2017-04-25,2017-04-25,18.871305,18.871305,18.871305,18.871305,0,0
2017-04-24,2017-04-24,18.623273,18.623273,18.623273,18.623273,0,0
2017-04-21,2017-04-21,18.354648,18.354648,18.354648,18.354648,0,0
2017-04-20,2017-04-20,18.029996,18.029996,18.029996,18.029996,0,0
2017-04-19,2017-04-19,18.177483,18.177483,18.177483,18.177483,0,0
2017-04-18,2017-04-18,17.751983,17.751983,17.751983,17.751983,0,0
2017-04-13,2017-04-13,17.973969,17.973969,17.973969,17.973969,0,0
2017-04-12,2017-04-12,17.812552,17.812552,17.812552,17.812552,0,0
2017-04-11,2017-04-11,18.276816,18.276816,17.827089,17.827089,99.059921,1810.5
2017-04-10,2017-04-10,18.30165,18.30165,18.30165,18.30165,0,0
2017-04-07,2017-04-07,18.278936,18.278936,18.278936,18.278936,0,0
2017-04-06,2017-04-06,18.341323,18.341323,18.341323,18.341323,0,0
2017-04-05,2017-04-05,18.681117,18.681117,18.681117,18.681117,0,0
2017-04-04,2017-04-04,18.250469,18.304073,18.250469,18.304073,99.059921,1807.890015
2017-04-03,2017-04-03,18.226544,18.226544,18.226544,18.226544,0,0
2017-03-31,2017-03-31,18.418852,18.418852,18.418852,18.418852,0,0
2017-03-30,2017-03-30,18.288022,18.288022,18.288022,18.288022,0,0
2017-03-29,2017-03-29,18.023636,18.023636,18.023636,18.023636,0,0
2017-03-28,2017-03-28,17.530601,17.530601,17.530601,17.530601,0,0
2017-03-27,2017-03-27,17.294986,17.294986,17.294986,17.294986,0,0
2017-03-24,2017-03-24,17.600862,17.600862,17.600862,17.600862,0,0
2017-03-23,2017-03-23,17.54423,17.54423,17.54423,17.54423,0,0
2017-03-22,2017-03-22,17.35707,17.35707,17.35707,17.35707,0,0
2017-03-21,2017-03-21,17.418851,17.418851,17.418851,17.418851,0,0
2017-03-20,2017-03-20,18.064521,18.064521,18.064521,18.064521,0,0
2017-03-17,2017-03-17,18.059069,18.059069,18.059069,18.059069,0,0
2017-03-16,2017-03-16,18.036962,18.036962,18.036962,18.036962,0,0
2017-03-15,2017-03-15,17.983358,17.983358,17.983358,17.983358,0,0
2017-03-14,2017-03-14,17.791958,17.791958,17.791958,17.791958,0,0
2017-03-13,2017-03-13,17.873727,17.873727,17.873727,17.873727,0,0
2017-03-10,2017-03-10,17.872213,17.872213,17.872213,17.872213,0,0
2017-03-09,2017-03-09,17.829511,17.829511,17.829511,17.829511,0,0
2017-03-08,2017-03-08,17.888264,17.888264,17.888264,17.888264,0,0
2017-03-07,2017-03-07,17.71443,17.71443,17.71443,17.71443,0,0
2017-03-06,2017-03-06,17.608736,17.608736,17.608736,17.608736,0,0
2017-03-03,2017-03-03,17.787719,17.787719,17.787719,17.787719,0,0
2017-03-02,2017-03-02,17.947925,17.947925,17.947925,17.947925,0,0
2017-03-01,2017-03-01,18.035447,18.035447,18.035447,18.035447,0,0
2017-02-28,2017-02-28,17.578754,17.578754,17.559069,17.559069,528.319581,9287.200195
2017-02-27,2017-02-27,17.566035,17.566035,17.512128,17.512128,6603.994756,116006
2017-02-24,2017-02-24,17.341625,17.341625,17.341625,17.341625,0,0
2017-02-23,2017-02-23,17.441262,17.441262,17.441262,17.441262,0,0
2017-02-22,2017-02-22,17.797712,17.797712,17.751074,17.751074,99.059921,1763.040039
2017-02-21,2017-02-21,17.665066,17.665066,17.665066,17.665066,0,0
2017-02-20,2017-02-20,17.532419,17.532419,17.532419,17.532419,0,0
2017-02-17,2017-02-17,17.180207,17.180207,17.180207,17.180207,0,0
2017-02-16,2017-02-16,17.03151,17.03151,17.03151,17.03151,0,0
2017-02-15,2017-02-15,17.072091,17.082388,17.072091,17.082388,1155.699082,19730.199219
2017-02-14,2017-02-14,16.758947,16.785598,16.758947,16.785598,99.059921,1660.140015
2017-02-13,2017-02-13,16.703829,16.703829,16.703829,16.703829,0,0
2017-02-10,2017-02-10,16.336476,16.336476,16.336476,16.336476,0,0
2017-02-09,2017-02-09,16.290443,16.290443,16.290443,16.290443,0,0
2017-02-08,2017-02-08,15.974876,15.974876,15.974876,15.974876,0,0
2017-02-07,2017-02-07,15.94338,15.94338,15.94338,15.94338,0,0
2017-02-06,2017-02-06,15.684446,15.684446,15.684446,15.684446,0,0
2017-02-03,2017-02-03,15.490018,15.490018,15.490018,15.490018,0,0
2017-02-02,2017-02-02,15.487898,15.487898,15.487898,15.487898,0,0
2017-02-01,2017-02-01,15.355857,15.355857,15.355857,15.355857,0,0
2017-01-31,2017-01-31,14.891593,14.891593,14.891593,14.891593,0,0
2017-01-30,2017-01-30,15.26258,15.26258,15.26258,15.26258,0,0
2017-01-27,2017-01-27,15.739564,15.739564,15.739564,15.739564,0,0
2017-01-26,2017-01-26,15.732296,15.732296,15.732296,15.732296,0,0
2017-01-25,2017-01-25,15.394016,15.394016,15.394016,15.394016,0,0
2017-01-24,2017-01-24,14.868576,14.868576,14.868576,14.868576,0,0
2017-01-23,2017-01-23,14.653555,14.653555,14.653555,14.653555,0,0
2017-01-20,2017-01-20,14.910672,14.910672,14.910672,14.910672,0,0
2017-01-19,2017-01-19,14.901889,14.901889,14.901889,14.901889,0,0
2017-01-18,2017-01-18,14.708067,14.708067,14.708067,14.708067,0,0
2017-01-17,2017-01-17,14.68384,14.68384,14.68384,14.68384,0,0
2017-01-16,2017-01-16,14.918546,14.918546,14.918546,14.918546,0,0
2017-01-13,2017-01-13,14.952465,14.952465,14.952465,14.952465,0,0
2017-01-12,2017-01-12,14.399769,14.399769,14.399769,14.399769,0,0
2017-01-11,2017-01-11,14.732295,14.732295,14.732295,14.732295,0,0
2017-01-10,2017-01-10,14.8392,14.8392,14.8392,14.8392,0,0
2017-01-09,2017-01-09,14.664155,14.664155,14.664155,14.664155,0,0
2017-01-06,2017-01-06,14.453373,14.453373,14.453373,14.453373,0,0
2017-01-05,2017-01-05,14.006068,14.006068,14.006068,14.006068,0,0
2017-01-04,2017-01-04,14.050889,14.050889,14.050889,14.050889,0,0
2017-01-03,2017-01-03,13.779539,13.916425,13.779539,13.851616,12547.590037,173758.796875
2017-01-02,2017-01-02,13.877358,13.877358,13.877358,13.877358,0,0
2016-12-30,2016-12-30,13.933385,13.973966,13.933385,13.973966,825.499345,11502
2016-12-29,2016-12-29,13.937322,13.961247,13.873724,13.873724,1155.699082,16131.049805
2016-12-28,2016-12-28,14.314669,14.314669,14.314669,14.314669,0,0
2016-12-27,2016-12-27,14.506068,14.506068,14.506068,14.506068,0,0
2016-12-23,2016-12-23,14.050284,14.050284,14.050284,14.050284,0,0
2016-12-22,2016-12-22,14.070877,14.070877,14.070877,14.070877,0,0
2016-12-21,2016-12-21,14.247437,14.247437,14.247437,14.247437,0,0
2016-12-20,2016-12-20,14.365245,14.365245,14.365245,14.365245,0,0
2016-12-19,2016-12-19,14.268939,14.268939,14.268939,14.268939,0,0
2016-12-16,2016-12-16,14.010005,14.010005,14.010005,14.010005,0,0
2016-12-15,2016-12-15,14.101465,14.364639,14.059672,14.364639,2971.79764,41844.601563
2016-12-14,2016-12-14,13.875844,13.875844,13.875844,13.875844,0,0
2016-12-13,2016-12-13,14.012731,14.012731,14.012731,14.012731,0,0
2016-12-12,2016-12-12,13.394923,13.394923,13.394923,13.394923,0,0
2016-12-09,2016-12-09,13.653251,13.653251,13.653251,13.653251,0,0
2016-12-08,2016-12-08,13.297103,13.297103,13.297103,13.297103,0,0
2016-12-07,2016-12-07,12.533323,12.533323,12.533323,12.533323,0,0
2016-12-06,2016-12-06,12.553614,12.553614,12.478508,12.478508,4952.996067,62178
2016-12-05,2016-12-05,12.551494,12.551494,12.530295,12.530295,4952.996067,62167.5
2016-12-02,2016-12-02,12.381597,12.381597,12.381597,12.381597,0,0
2016-12-01,2016-12-01,12.439138,12.439138,12.439138,12.439138,0,0
2016-11-30,2016-11-30,13.256825,13.256825,13.256825,13.256825,0,0
2016-11-29,2016-11-29,13.582082,13.582082,13.582082,13.582082,0,0
2016-11-28,2016-11-28,13.46912,13.46912,13.46912,13.46912,0,0
2016-11-25,2016-11-25,13.410065,13.410065,13.410065,13.410065,0,0
2016-11-24,2016-11-24,13.388563,13.388563,13.388563,13.388563,0,0
2016-11-23,2016-11-23,13.328902,13.337382,13.176267,13.176267,11556.990824,154098
2016-11-22,2016-11-22,13.369181,13.369181,13.369181,13.369181,0,0
2016-11-21,2016-11-21,13.246831,13.246831,13.246831,13.246831,0,0
2016-11-18,2016-11-18,12.950041,12.950041,12.950041,12.950041,0,0
2016-11-17,2016-11-17,12.684747,12.891894,12.684747,12.891894,6603.994756,83770.0
2016-11-16,2016-11-16,12.747739,12.747739,12.747739,12.747739,0,0
2016-11-15,2016-11-15,11.89795,12.393408,11.89795,12.393408,34043.592969,406765.375
2016-11-14,2016-11-14,11.920966,11.920966,11.920966,11.920966,0,0
2016-11-11,2016-11-11,12.056945,12.056945,12.056945,12.056945,0,0
2016-11-10,2016-11-10,12.010306,12.010306,12.010306,12.010306,0,0
2016-11-09,2016-11-09,12.297102,12.687169,12.297102,12.687169,6603.994756,81210.0
2016-11-08,2016-11-08,12.332233,12.332233,12.332233,12.332233,0,0
2016-11-07,2016-11-07,12.156581,12.156581,12.156581,12.156581,0,0
2016-11-04,2016-11-04,11.481233,11.481233,11.481233,11.481233,0,0
2016-11-03,2016-11-03,11.753492,11.754098,11.537259,11.537259,7924.793708,92956.601563
2016-11-02,2016-11-02,11.90007,11.90007,11.90007,11.90007,0,0
2016-11-01,2016-11-01,12.104795,12.104795,12.104795,12.104795,0,0
2016-10-31,2016-10-31,12.627206,12.627206,12.627206,12.627206,0,0
2016-10-28,2016-10-28,12.829507,12.829507,12.829507,12.829507,0,0
2016-10-27,2016-10-27,12.961246,12.961246,12.961246,12.961246,0,0
2016-10-26,2016-10-26,13.154159,13.154159,13.154159,13.154159,0,0
2016-10-25,2016-10-25,13.375238,13.375238,13.375238,13.375238,0,0
2016-10-24,2016-10-24,13.38402,13.38402,13.38402,13.38402,0,0
2016-10-21,2016-10-21,12.963669,12.963669,12.963669,12.963669,0,0
2016-10-20,2016-10-20,12.691712,12.691712,12.691712,12.691712,0,0
2016-10-19,2016-10-19,12.789532,12.789532,12.789532,12.789532,0,0
2016-10-18,2016-10-18,12.851615,12.851615,12.851615,12.851615,0,0
2016-10-17,2016-10-17,12.49153,12.49153,12.49153,12.49153,0,0
2016-10-14,2016-10-14,12.635988,12.635988,12.635988,12.635988,0,0
2016-10-13,2016-10-13,12.323753,12.323753,12.323753,12.323753,0,0
2016-10-12,2016-10-12,12.653553,12.653553,12.653553,12.653553,0,0
2016-10-11,2016-10-11,12.709883,12.709883,12.709883,12.709883,0,0
2016-10-10,2016-10-10,13.096619,13.096619,13.096619,13.096619,0,0
2016-10-07,2016-10-07,12.774389,12.774389,12.774389,12.774389,0,0
2016-10-06,2016-10-06,12.78408,12.78408,12.78408,12.78408,0,0
2016-10-05,2016-10-05,12.918847,12.918847,12.918847,12.918847,0,0
2016-10-04,2016-10-04,12.933081,12.933081,12.91703,12.91703,16509.986891,213525
2016-09-30,2016-09-30,12.827085,12.827085,12.827085,12.827085,0,0
2016-09-29,2016-09-29,12.619332,12.619332,12.619332,12.619332,0,0
2016-09-28,2016-09-28,12.687472,12.687472,12.687472,12.687472,0,0
2016-09-27,2016-09-27,12.67445,12.67445,12.67445,12.67445,0,0
2016-09-26,2016-09-26,12.334353,12.334353,12.334353,12.334353,0,0
2016-09-23,2016-09-23,12.882203,12.882203,12.882203,12.882203,0,0
2016-09-22,2016-09-22,12.914607,12.914607,12.914607,12.914607,0,0
2016-09-21,2016-09-21,12.419755,12.419755,12.419755,12.419755,0,0
2016-09-20,2016-09-20,12.376448,12.376448,12.376448,12.376448,0,0
2016-09-19,2016-09-19,12.498799,12.498799,12.498799,12.498799,0,0
2016-09-16,2016-09-16,12.359489,12.359489,12.359489,12.359489,0,0
2016-09-15,2016-09-15,12.334353,12.334353,12.334353,12.334353,0,0
2016-09-14,2016-09-14,11.920966,11.920966,11.920966,11.920966,0,0
2016-09-13,2016-09-13,11.590863,11.590863,11.590863,11.590863,0,0
2016-09-12,2016-09-12,11.142044,11.715939,11.142044,11.715939,66.039948,735.820007
2016-09-09,2016-09-09,11.924601,11.924601,11.924601,11.924601,0,0
2016-09-08,2016-09-08,12.337381,12.337381,12.337381,12.337381,0,0
2016-09-07,2016-09-07,12.500616,12.500616,12.500616,12.500616,0,0
2016-09-06,2016-09-06,12.374026,12.407642,12.374026,12.407642,990.599213,12257.700195
2016-09-05,2016-09-05,12.316787,12.316787,12.316787,12.316787,0,0
2016-09-02,2016-09-02,12.40855,12.40855,12.40855,12.40855,0,0
2016-09-01,2016-09-01,12.090561,12.090561,12.090561,12.090561,0,0
2016-08-31,2016-08-31,12.15961,12.15961,12.15961,12.15961,0,0
2016-08-30,2016-08-30,12.195649,12.195649,12.195649,12.195649,0,0
2016-08-29,2016-08-29,12.337078,12.337078,12.337078,12.337078,0,0
2016-08-26,2016-08-26,12.364032,12.364032,12.364032,12.364032,0,0
2016-08-25,2016-08-25,12.192317,12.192317,12.192317,12.192317,0,0
2016-08-24,2016-08-24,12.380385,12.380385,12.380385,12.380385,0,0
2016-08-23,2016-08-23,12.444892,12.444892,12.444892,12.444892,0,0
2016-08-22,2016-08-22,12.196254,12.196254,12.196254,12.196254,0,0
2016-08-19,2016-08-19,12.339501,12.339501,12.339501,12.339501,0,0
2016-08-18,2016-08-18,12.304674,12.304674,12.304674,12.304674,0,0
2016-08-17,2016-08-17,12.093286,12.093286,12.093286,12.093286,0,0
2016-08-16,2016-08-16,12.371906,12.371906,12.31921,12.31921,198.119843,2450.76001
2016-08-15,2016-08-15,12.648405,12.648405,12.648405,12.648405,0,0
2016-08-12,2016-08-12,12.402493,12.402493,12.402493,12.402493,0,0
2016-08-11,2016-08-11,12.461851,12.461851,12.461851,12.461851,0,0
2016-08-10,2016-08-10,12.187169,12.187169,12.187169,12.187169,0,0
2016-08-09,2016-08-09,12.40219,12.50849,12.40219,12.50849,198.119843,2466.060059
2016-08-08,2016-08-08,12.341015,12.341015,12.341015,12.341015,0,0
2016-08-05,2016-08-05,12.496679,12.496679,12.496679,12.496679,0,0
2016-08-04,2016-08-04,11.995467,11.995467,11.995467,11.995467,0,0
2016-08-03,2016-08-03,11.749252,11.749252,11.749252,11.749252,0,0
2016-08-02,2016-08-02,11.606611,11.606611,11.606611,11.606611,0,0
2016-08-01,2016-08-01,12.104492,12.104492,12.104492,12.104492,0,0
2016-07-29,2016-07-29,11.919755,11.919755,11.919755,11.919755,0,0
2016-07-28,2016-07-28,11.755309,11.755309,11.755309,11.755309,0,0
2016-07-27,2016-07-27,11.836169,11.836169,11.836169,11.836169,0,0
2016-07-26,2016-07-26,11.531808,11.531808,11.531808,11.531808,0,0
2016-07-25,2016-07-25,11.549373,11.549373,11.549373,11.549373,0,0
2016-07-22,2016-07-22,11.55543,11.55543,11.55543,11.55543,0,0
2016-07-21,2016-07-21,11.504249,11.504249,11.504249,11.504249,0,0
2016-07-20,2016-07-20,11.497889,11.497889,11.497889,11.497889,0,0
2016-07-19,2016-07-19,11.150524,11.150524,11.150524,11.150524,0,0
2016-07-18,2016-07-18,11.175357,11.175357,11.175357,11.175357,0,0
2016-07-15,2016-07-15,10.960639,10.960639,10.960639,10.960639,0,0
2016-07-14,2016-07-14,10.938531,10.938531,10.938531,10.938531,0,0
2016-07-13,2016-07-13,10.78953,10.78953,10.78953,10.78953,0,0
2016-07-12,2016-07-12,10.874327,10.925811,10.874327,10.925811,330.199738,3590.699951
2016-07-11,2016-07-11,10.801644,10.801644,10.801644,10.801644,0,0
2016-07-08,2016-07-08,10.461547,10.461547,10.461547,10.461547,0,0
2016-07-07,2016-07-07,10.022116,10.022116,10.022116,10.022116,0,0
2016-07-06,2016-07-06,9.828294,9.828294,9.828294,9.828294,0,0
2016-07-05,2016-07-05,9.671116,9.671116,9.671116,9.671116,0,0
2016-07-04,2016-07-04,9.860698,9.860698,9.860698,9.860698,0,0
2016-07-01,2016-07-01,9.891286,9.891286,9.891286,9.891286,0,0
2016-06-30,2016-06-30,9.611758,9.611758,9.611758,9.611758,0,0
2016-06-29,2016-06-29,9.348887,9.348887,9.348887,9.348887,0,0
2016-06-28,2016-06-28,8.762272,8.762272,8.762272,8.762272,0,0
2016-06-27,2016-06-27,8.469722,8.469722,8.469722,8.469722,0,0
2016-06-24,2016-06-24,9.245313,9.245313,9.245313,9.245313,0,0
2016-06-23,2016-06-23,9.837379,9.837379,9.837379,9.837379,0,0
2016-06-22,2016-06-22,9.782261,9.782261,9.782261,9.782261,0,0
2016-06-21,2016-06-21,9.619632,9.619632,9.619632,9.619632,0,0
2016-06-20,2016-06-20,9.659002,9.830111,9.659002,9.830111,2674.617876,25893.660156
2016-06-17,2016-06-17,9.393405,9.39704,9.393405,9.394314,4952.996067,46532.5
2016-06-16,2016-06-16,9.571479,9.571479,9.571479,9.571479,0,0
2016-06-15,2016-06-15,9.767119,9.767119,9.767119,9.767119,0,0
2016-06-14,2016-06-14,9.662334,9.662334,9.662334,9.662334,0,0
2016-06-13,2016-06-13,9.869481,9.869481,9.869481,9.869481,0,0
2016-06-10,2016-06-10,10.096313,10.096313,10.096313,10.096313,0,0
2016-06-09,2016-06-09,10.291952,10.291952,10.291952,10.291952,0,0
2016-06-08,2016-06-08,10.302855,10.302855,10.302855,10.302855,0,0
2016-06-07,2016-06-07,10.39492,10.39492,10.39492,10.39492,0,0
2016-06-06,2016-06-06,10.37251,10.37251,10.37251,10.37251,0,0
2016-06-03,2016-06-03,10.223812,10.223812,10.223812,10.223812,0,0
2016-06-02,2016-06-02,10.458518,10.458518,10.458518,10.458518,0,0
2016-06-01,2016-06-01,10.494254,10.494254,10.494254,10.494254,0,0
2016-05-31,2016-05-31,10.532413,10.532413,10.532413,10.532413,0,0
2016-05-30,2016-05-30,10.567846,10.567846,10.567846,10.567846,0,0
2016-05-27,2016-05-27,10.486683,10.486683,10.486683,10.486683,0,0
2016-05-26,2016-05-26,10.272267,10.272267,10.272267,10.272267,0,0
2016-05-25,2016-05-25,10.205944,10.205944,10.205944,10.205944,0,0
2016-05-24,2016-05-24,9.935199,9.935199,9.935199,9.935199,0,0
2016-05-23,2016-05-23,9.483048,9.483048,9.483048,9.483048,0,0
2016-05-20,2016-05-20,9.548766,9.548766,9.548766,9.548766,0,0
2016-05-19,2016-05-19,8.972751,8.972751,8.972751,8.972751,0,0
2016-05-18,2016-05-18,9.295889,9.295889,9.295889,9.295889,0,0
2016-05-17,2016-05-17,9.336773,9.336773,9.336773,9.336773,0,0
2016-05-13,2016-05-13,9.346161,9.346161,9.346161,9.346161,0,0
2016-05-12,2016-05-12,9.058457,9.058457,9.058457,9.058457,0,0
2016-05-11,2016-05-11,9.452461,9.452461,9.452461,9.452461,0,0
2016-05-10,2016-05-10,9.427627,9.427627,9.427627,9.427627,0,0
2016-05-09,2016-05-09,9.163847,9.163847,9.163847,9.163847,0,0
2016-05-06,2016-05-06,8.83859,8.83859,8.83859,8.83859,0,0
2016-05-05,2016-05-05,9.07057,9.07057,9.07057,9.07057,0,0
2016-05-04,2016-05-04,9.018784,9.018784,8.892496,8.892496,99.059921,893.400024
2016-05-03,2016-05-03,9.007275,9.007275,9.007275,9.007275,0,0
2016-05-02,2016-05-02,9.093587,9.093587,9.093587,9.093587,0,0
2016-04-29,2016-04-29,8.930655,8.930655,8.930655,8.930655,0,0
2016-04-28,2016-04-28,9.911274,9.911274,9.911274,9.911274,0,0
2016-04-26,2016-04-26,9.975477,9.975477,9.975477,9.975477,0,0
2016-04-25,2016-04-25,10.043012,10.043012,10.043012,10.043012,0,0
2016-04-22,2016-04-22,10.026961,10.026961,10.026961,10.026961,0,0
2016-04-21,2016-04-21,10.642044,10.642044,10.642044,10.642044,0,0
2016-04-20,2016-04-20,10.686865,10.686865,10.686865,10.686865,0,0
2016-04-19,2016-04-19,10.558761,10.558761,10.558761,10.558761,0,0
2016-04-18,2016-04-18,10.644164,10.644164,10.644164,10.644164,0,0
2016-04-15,2016-04-15,10.698676,10.698676,10.698676,10.698676,0,0
2016-04-14,2016-04-14,10.740772,10.740772,10.740772,10.740772,0,0
2016-04-13,2016-04-13,10.672328,10.672328,10.672328,10.672328,0,0
2016-04-12,2016-04-12,10.105702,10.105702,10.105702,10.105702,0,0
2016-04-11,2016-04-11,10.088136,10.088136,10.088136,10.088136,0,0
2016-04-08,2016-04-08,10.088439,10.088439,10.088439,10.088439,0,0
2016-04-07,2016-04-07,10.20655,10.20655,10.20655,10.20655,0,0
2016-04-06,2016-04-06,10.327688,10.327688,10.327688,10.327688,0,0
2016-04-05,2016-04-05,10.127809,10.127809,10.127809,10.127809,0,0
2016-04-04,2016-04-04,10.370996,10.370996,10.370996,10.370996,0,0
2016-04-01,2016-04-01,10.375538,10.375538,10.375538,10.375538,0,0
2016-03-31,2016-03-31,10.226235,10.226235,10.226235,10.226235,0,0
2016-03-30,2016-03-30,10.226235,10.226235,10.226235,10.226235,0,0
2016-03-29,2016-03-29,9.690195,9.871298,9.690195,9.871298,1353.818925,13118.769531
2016-03-24,2016-03-24,9.69171,9.69171,9.69171,9.69171,0,0
2016-03-23,2016-03-23,9.888863,9.888863,9.888863,9.888863,0,0
2016-03-22,2016-03-22,9.967906,9.996071,9.967906,9.996071,9080.49279,90513.5
2016-03-21,2016-03-21,9.828597,9.828597,9.828597,9.828597,0,0
2016-03-18,2016-03-18,9.767724,9.767724,9.767724,9.767724,0,0
2016-03-17,2016-03-17,9.716846,9.716846,9.716846,9.716846,0,0
2016-03-16,2016-03-16,9.732291,9.732291,9.732291,9.732291,0,0
2016-03-15,2016-03-15,9.572994,9.572994,9.572994,9.572994,0,0
2016-03-14,2016-03-14,9.668996,9.668996,9.668996,9.668996,0,0
2016-03-11,2016-03-11,9.399159,9.399159,9.399159,9.399159,0,0
2016-03-10,2016-03-10,8.892799,8.892799,8.892799,8.892799,0,0
2016-03-09,2016-03-09,9.180807,9.180807,9.180807,9.180807,0,0
2016-03-08,2016-03-08,9.158093,9.158093,9.158093,9.158093,0,0
2016-03-04,2016-03-04,9.539378,9.539378,9.539378,9.539378,0,0
2016-03-03,2016-03-03,9.337984,9.337984,9.337984,9.337984,0,0
2016-03-02,2016-03-02,9.532109,9.532109,9.532109,9.532109,0,0
2016-03-01,2016-03-01,9.382503,9.382503,9.382503,9.382503,0,0
2016-02-29,2016-02-29,9.172024,9.172024,9.172024,9.172024,0,0
2016-02-26,2016-02-26,8.989408,8.989408,8.989408,8.989408,0,0
2016-02-25,2016-02-25,8.659304,8.659304,8.659304,8.659304,0,0
2016-02-24,2016-02-24,8.096615,8.096615,8.096615,8.096615,0,0
2016-02-23,2016-02-23,8.533623,8.533623,8.533623,8.533623,0,0
2016-02-22,2016-02-22,8.849795,8.849795,8.849795,8.849795,0,0
2016-02-19,2016-02-19,8.441557,8.441557,8.441557,8.441557,0,0
2016-02-18,2016-02-18,8.473962,8.473962,8.473962,8.473962,0,0
2016-02-17,2016-02-17,8.484864,8.484864,8.484864,8.484864,0,0
2016-02-16,2016-02-16,7.845857,7.845857,7.845857,7.845857,0,0
2016-02-15,2016-02-15,7.900673,7.900673,7.900673,7.900673,0,0
2016-02-12,2016-02-12,7.505154,7.505154,7.505154,7.505154,0,0
2016-02-05,2016-02-05,7.754095,7.754095,7.754095,7.754095,0,0
2016-02-04,2016-02-04,8.392193,8.392193,8.392193,8.392193,0,0
2016-02-03,2016-02-03,8.303156,8.303156,8.303156,8.303156,0,0
2016-02-02,2016-02-02,9.210789,9.210789,9.210789,9.210789,0,0
2016-02-01,2016-02-01,9.3822,9.3822,9.3822,9.3822,0,0
2016-01-29,2016-01-29,8.943375,9.141437,8.943375,9.141437,132.079895,1181.23999
2016-01-27,2016-01-27,8.916119,8.916119,8.916119,8.916119,0,0
2016-01-26,2016-01-26,9.068753,9.068753,9.068753,9.068753,0,0
2016-01-25,2016-01-25,9.243496,9.243496,9.243496,9.243496,0,0
2016-01-22,2016-01-22,9.17687,9.17687,9.17687,9.17687,0,0
2016-01-21,2016-01-21,8.761061,8.761061,8.761061,8.761061,0,0
2016-01-20,2016-01-20,7.999704,7.999704,7.999704,7.999704,0,0
2016-01-19,2016-01-19,8.693526,8.693526,8.693526,8.693526,0,0
2016-01-18,2016-01-18,8.594798,8.594798,8.594798,8.594798,0,0
2016-01-15,2016-01-15,8.514543,8.514543,8.514543,8.514543,0,0
2016-01-13,2016-01-13,10.136289,10.136289,9.893406,9.893406,825.499345,8367.5
2016-01-12,2016-01-12,9.784684,9.784684,9.784684,9.784684,0,0
2016-01-11,2016-01-11,9.386743,9.386743,9.386743,9.386743,0,0
2016-01-08,2016-01-08,9.597827,9.597827,9.597827,9.597827,0,0
2016-01-07,2016-01-07,10.07784,10.308003,10.07784,10.308003,7759.693839,78254.773438
2016-01-06,2016-01-06,11.000917,11.000917,11.000917,11.000917,0,0
2016-01-05,2016-01-05,11.315272,11.315272,11.315272,11.315272,0,0
2016-01-04,2016-01-04,10.895829,10.895829,10.895829,10.895829,0,0
2015-12-30,2015-12-30,12.665062,12.665062,12.605098,12.605098,825.499345,10455
2015-12-29,2015-12-29,12.609338,12.609338,12.609338,12.609338,0,0
2015-12-28,2015-12-28,11.758943,11.758943,11.758943,11.758943,0,0
2015-12-23,2015-12-23,12.039682,12.039682,12.039682,12.039682,0,0
2015-12-22,2015-12-22,11.628719,11.628719,11.628719,11.628719,0,0
2015-12-21,2015-12-21,11.3395,11.3395,11.3395,11.3395,0,0
2015-12-18,2015-12-18,11.85646,11.85646,11.73411,11.73411,6637.01473,78609.5
2015-12-17,2015-12-17,12.263486,12.263486,12.263486,12.263486,0,0
2015-12-16,2015-12-16,11.957611,11.957611,11.957611,11.957611,0,0
2015-12-15,2015-12-15,12.064213,12.064213,12.064213,12.064213,0,0
2015-12-14,2015-12-14,10.987289,10.987289,10.987289,10.987289,0,0
2015-12-11,2015-12-11,11.59904,11.59904,11.59904,11.59904,0,0
2015-12-10,2015-12-10,12.28408,12.28408,12.28408,12.28408,0,0
2015-12-09,2015-12-09,12.426115,12.426115,12.426115,12.426115,0,0
2015-12-08,2015-12-08,12.722602,12.722602,12.722602,12.722602,0,0
2015-12-07,2015-12-07,12.718363,12.718363,12.718363,12.718363,0,0
2015-12-04,2015-12-04,12.66173,12.66173,12.66173,12.66173,0,0
2015-12-03,2015-12-03,12.617817,12.617817,12.617817,12.617817,0,0
2015-12-02,2015-12-02,13.455795,13.455795,13.455795,13.455795,0,0
2015-12-01,2015-12-01,13.159005,13.159005,13.159005,13.159005,0,0
2015-11-30,2015-11-30,12.976691,12.976691,12.976691,12.976691,0,0
2015-11-27,2015-11-27,13.134777,13.134777,13.134777,13.134777,0,0
2015-11-26,2015-11-26,13.199284,13.199284,13.199284,13.199284,0,
2015-11-25,2015-11-25,12.984868,12.984868,12.984868,12.984868,0,0
2015-11-24,2015-11-24,12.785897,12.785897,12.785897,12.785897,0,0
2015-11-23,2015-11-23,13.14144,13.14144,13.14144,13.14144,0,0
2015-11-20,2015-11-20,13.036352,13.036352,13.036352,13.036352,0,0
2015-11-19,2015-11-19,12.727145,12.727145,12.727145,12.727145,0,0
2015-11-18,2015-11-18,12.446406,12.446406,12.446406,12.446406,0,0
2015-11-17,2015-11-17,12.317999,12.317999,12.317999,12.317999,0,0
2015-11-16,2015-11-16,11.463365,11.463365,11.463365,11.463365,0,0
2015-11-13,2015-11-13,11.761366,11.761366,11.761366,11.761366,0,0
2015-11-12,2015-11-12,12.408853,12.408853,12.408853,12.408853,0,0
2015-11-11,2015-11-11,12.658702,12.658702,12.658702,12.658702,0,0
2015-11-10,2015-11-10,12.574207,12.574207,12.574207,12.574207,0,0
2015-11-09,2015-11-09,12.503341,12.503341,12.503341,12.503341,0,0
2015-11-06,2015-11-06,13.038472,13.038472,13.038472,13.038472,0,0
2015-11-05,2015-11-05,12.856764,12.856764,12.856764,12.856764,0,0
2015-11-04,2015-11-04,12.950041,12.950041,12.950041,12.950041,0,0
2015-11-03,2015-11-03,12.827085,12.885534,12.827085,12.885534,297.179764,3811.949951
2015-11-02,2015-11-02,12.587836,12.587836,12.587836,12.587836,0,0
2015-10-30,2015-10-30,12.557854,12.557854,12.499404,12.499404,297.179764,3731.939941
2015-10-29,2015-10-29,12.560276,12.560276,12.560276,12.560276,0,0
2015-10-28,2015-10-28,12.360397,12.360397,12.313759,12.313759,1551.938768,19170.880859
2015-10-27,2015-10-27,12.10964,12.10964,12.10964,12.10964,0,0
2015-10-26,2015-10-26,12.125691,12.125691,12.125691,12.125691,0,0
2015-10-23,2015-10-23,11.671421,12.0203,11.671421,12.0203,990.599213,11561.700195
2015-10-22,2015-10-22,10.917634,10.917634,10.917634,10.917634,0,0
2015-10-21,2015-10-21,10.587228,10.587228,10.587228,10.587228,0,0
2015-10-20,2015-10-20,10.506065,10.506065,10.506065,10.506065,0,0
2015-10-19,2015-10-19,10.608428,10.608428,10.608428,10.608428,0,0
2015-10-16,2015-10-16,10.383412,10.383412,10.383412,10.383412,0,0
2015-10-15,2015-10-15,9.981534,9.981534,9.981534,9.981534,0,0
2015-10-14,2015-10-14,9.677173,9.677173,9.677173,9.677173,0,0
2015-10-13,2015-10-13,10.078748,10.078748,10.078748,10.078748,0,0
2015-10-12,2015-10-12,10.053612,10.053612,10.053612,10.053612,0,0
2015-10-09,2015-10-09,9.943678,9.943678,9.943678,9.943678,0,0
2015-10-08,2015-10-08,9.55452,9.55452,9.55452,9.55452,0,0
2015-10-07,2015-10-07,9.543012,9.543012,9.543012,9.543012,0,0
2015-10-06,2015-10-06,9.555731,9.555731,9.555731,9.555731,0,0
2015-10-05,2015-10-05,9.683533,9.683533,9.683533,9.683533,0,0
2015-10-02,2015-10-02,8.826476,8.826476,8.826476,8.826476,0,0
2015-10-01,2015-10-01,8.716542,8.716542,8.716542,8.716542,0,0
2015-09-30,2015-09-30,8.632048,8.809214,8.632048,8.809214,66.039948,570.059998
2015-09-29,2015-09-29,8.469722,8.469722,8.469722,8.469722,0,0
2015-09-28,2015-09-28,8.660516,8.660516,8.660516,8.660516,0,0
2015-09-25,2015-09-25,9.636894,9.636894,9.636894,9.636894,0,0
2015-09-24,2015-09-24,9.029686,9.029686,9.029686,9.029686,0,0
2015-09-23,2015-09-23,9.557548,9.557548,9.557548,9.557548,0,0
2015-09-22,2015-09-22,9.408851,9.408851,9.408851,9.408851,0,0
2015-09-21,2015-09-21,10.075417,10.075417,10.075417,10.075417,0,0
2015-09-18,2015-09-18,9.95337,9.95337,9.95337,9.95337,0,0
2015-09-17,2015-09-17,10.218966,10.218966,10.218966,10.218966,0,0
2015-09-16,2015-09-16,10.121147,10.121147,10.121147,10.121147,0,0
2015-09-15,2015-09-15,9.957912,9.957912,9.957912,9.957912,0,0
2015-09-14,2015-09-14,9.616906,9.616906,9.616906,9.616906,0,0
2015-09-11,2015-09-11,9.444587,9.444587,9.444587,9.444587,0,0
2015-09-10,2015-09-10,9.547857,9.547857,9.547857,9.547857,0,0
2015-09-09,2015-09-09,9.867664,9.867664,9.867664,9.867664,0,0
2015-09-08,2015-09-08,9.529081,9.529081,9.529081,9.529081,0,0
2015-09-07,2015-09-07,9.398857,9.398857,9.232291,9.232291,66.039948,620.700012
2015-09-04,2015-09-04,9.048766,9.048766,9.048766,9.048766,0,0
2015-09-03,2015-09-03,9.703218,9.703218,9.703218,9.703218,0,0
2015-09-02,2015-09-02,9.006367,9.006367,9.006367,9.006367,0,0
2015-09-01,2015-09-01,9.155671,9.155671,9.155671,9.155671,0,0
2015-08-31,2015-08-31,9.818603,9.818603,9.818603,9.818603,0,0
2015-08-28,2015-08-28,10.072994,10.072994,10.072994,10.072994,0,0
2015-08-27,2015-08-27,9.768027,9.768027,9.768027,9.768027,0,0
2015-08-26,2015-08-26,8.246524,8.246524,8.246524,8.246524,0,0
2015-08-25,2015-08-25,8.959123,8.959123,8.959123,8.959123,0,0
2015-08-24,2015-08-24,8.196554,8.196554,8.196554,8.196554,33.019974,270.649994
2015-08-21,2015-08-21,9.683836,9.683836,9.683836,9.683836,0,0
2015-08-20,2015-08-20,10.915514,10.915514,10.915514,10.915514,0,0
2015-08-19,2015-08-19,11.91491,11.91491,11.608126,11.608126,165.099869,1967.150024
2015-08-18,2015-08-18,12.082081,12.082081,12.082081,12.082081,0,0
2015-08-17,2015-08-17,12.002432,12.002432,12.002432,12.002432,0,0
2015-08-14,2015-08-14,11.702008,11.702008,11.637199,11.637199,165.099869,1932
2015-08-13,2015-08-13,11.839198,11.839198,11.839198,11.839198,0,0
2015-08-12,2015-08-12,11.252583,11.252583,11.252583,11.252583,0,0
2015-08-11,2015-08-11,12.103886,12.103886,11.835261,11.835261,165.099869,1998.349976
2015-08-10,2015-08-10,12.257429,12.257429,12.257429,12.257429,0,0
2015-08-07,2015-08-07,11.687169,11.687169,11.687169,11.687169,0,0
2015-08-06,2015-08-06,11.977902,11.977902,11.977902,11.977902,0,0
2015-08-05,2015-08-05,12.933081,12.933081,12.933081,12.933081,0,0
2015-08-04,2015-08-04,12.260761,12.260761,12.260761,12.260761,0,0
2015-08-03,2015-08-03,12.546951,12.546951,12.546951,12.546951,0,0
2015-07-31,2015-07-31,12.499707,12.499707,12.499707,12.499707,0,0
2015-07-30,2015-07-30,12.409459,12.409459,12.409459,12.409459,0,0
2015-07-29,2015-07-29,12.245316,12.245316,12.245316,12.245316,0,0
2015-07-28,2015-07-28,11.919452,11.919452,11.919452,11.919452,0,0
2015-07-27,2015-07-27,11.816181,11.816181,11.816181,11.816181,0,0
2015-07-24,2015-07-24,12.599344,12.599344,12.599344,12.599344,0,0
2015-07-23,2015-07-23,12.79256,12.79256,12.79256,12.79256,0,0
2015-07-22,2015-07-22,12.839199,12.839199,12.839199,12.839199,0,0
2015-07-21,2015-07-21,13.213215,13.213215,13.213215,13.213214,0,0
2015-07-20,2015-07-20,13.319817,13.319817,13.319817,13.319817,0,0
2015-07-17,2015-07-17,13.076933,13.076933,13.076933,13.076933,0,0
2015-07-16,2015-07-16,12.500616,12.500616,12.500616,12.500615,0,0
2015-07-15,2015-07-15,12.006066,12.125085,12.006066,12.125085,66.039948,792.880005
2015-07-14,2015-07-14,11.811033,11.942166,11.811033,11.942165,66.039948,780
2015-07-13,2015-07-13,11.614788,11.614788,11.614788,11.614788,0,0
2015-07-10,2015-07-10,10.968513,10.968513,10.968513,10.968512,0,0
2015-07-09,2015-07-09,10.963061,10.963061,10.902795,10.902795,66.039948,724
2015-07-08,2015-07-08,10.776205,10.776205,10.776205,10.776204,0,0
2015-07-07,2015-07-07,10.63417,10.63417,10.63417,10.63417,0,0
2015-07-06,2015-07-06,11.116302,11.116302,11.116302,11.116302,0,0
2015-07-03,2015-07-03,11.214424,11.214424,11.119028,11.119027,66.039948,740.599976
2015-07-02,2015-07-02,11.108731,11.108731,11.108731,11.108731,0,0
2015-07-01,2015-07-01,11.164455,11.164455,11.164455,11.164454,0,0
2015-06-30,2015-06-30,10.932777,10.932777,10.841014,10.841014,66.039948,722
2015-06-29,2015-06-29,11.026054,11.026054,11.026054,11.026053,0,0
2015-06-26,2015-06-26,11.638713,11.638713,11.638713,11.638713,0,0
2015-06-25,2015-06-25,11.929749,11.929749,11.929749,11.929749,0,0
2015-06-24,2015-06-24,11.999404,11.999404,11.999404,11.999404,0,0
2015-06-23,2015-06-23,11.917029,11.917029,11.917029,11.917029,0,0
2015-06-22,2015-06-22,11.833444,11.833444,11.833444,11.833443,0,0
2015-06-19,2015-06-19,11.685049,11.685049,11.685049,11.685049,0,0
2015-06-18,2015-06-18,11.639319,11.639319,11.639319,11.639318,0,0
2015-06-17,2015-06-17,11.238349,11.238349,11.238349,11.238349,0,0
2015-06-16,2015-06-16,11.136593,11.136593,11.136593,11.136593,0,0
2015-06-15,2015-06-15,10.937622,10.937622,10.937622,10.937622,0,0
2015-06-12,2015-06-12,11.21927,11.21927,11.21927,11.21927,0,0
2015-06-11,2015-06-11,11.541196,11.541196,11.541196,11.541196,0,0
2015-06-10,2015-06-10,11.402795,11.402795,11.402795,11.402795,0,0
2015-06-09,2015-06-09,10.966696,10.966696,10.966696,10.966695,0,0
2015-06-08,2015-06-08,11.240469,11.240469,11.240469,11.240469,0,0
2015-06-05,2015-06-05,11.533625,11.559973,11.533625,11.559973,66.039948,761.679993
2015-06-04,2015-06-04,11.556944,11.556944,11.556944,11.556944,0,0
2015-06-03,2015-06-03,11.826175,11.826175,11.808005,11.808004,66.039948,781
2015-06-02,2015-06-02,11.752281,11.752281,11.752281,11.752281,0,0
2015-06-01,2015-06-01,12.073904,12.073904,12.011821,12.011821,66.039948,797.359985
2015-05-29,2015-05-29,11.924298,11.924298,11.924298,11.924297,0,0
2015-05-28,2015-05-28,12.238653,12.238653,12.238653,12.238653,0,0
2015-05-27,2015-05-27,12.122663,12.122663,12.122663,12.122663,0,0
2015-05-26,2015-05-26,11.85646,11.85646,11.785897,11.785897,66.039948,783
2015-05-22,2015-05-22,12.049071,12.049071,12.049071,12.04907,0,0
2015-05-21,2015-05-21,11.956097,11.956097,11.956097,11.956097,0,0
2015-05-20,2015-05-20,11.775903,11.775903,11.775903,11.775903,0,0
2015-05-19,2015-05-19,11.846769,11.846769,11.779234,11.779234,66.039948,782.359985
2015-05-18,2015-05-18,11.521814,11.521814,11.521814,11.521814,0,0
2015-05-15,2015-05-15,11.300433,11.300433,11.300433,11.300433,0,0
2015-05-14,2015-05-14,11.287713,11.287713,11.287713,11.287713,0,0
2015-05-13,2015-05-13,10.977598,10.977598,10.977598,10.977598,0,0
2015-05-12,2015-05-12,11.009094,11.009094,11.009094,11.009094,0,0
2015-05-11,2015-05-11,11.311638,11.311638,11.311638,11.311639,0,0
2015-05-08,2015-05-08,11.316181,11.316181,11.316181,11.316181,0,0
2015-05-07,2015-05-07,10.817998,10.817998,10.817998,10.817997,0,0
2015-05-06,2015-05-06,10.670814,10.670814,10.670814,10.670814,0,0
2015-05-05,2015-05-05,11.043013,11.043013,11.043013,11.043013,0,0
2015-05-04,2015-05-04,11.618422,11.618422,11.618422,11.618423,0,0
2015-04-30,2015-04-30,11.332535,11.332535,11.332535,11.332535,0,0
2015-04-29,2015-04-29,11.642347,11.642347,11.642347,11.642347,0,0
2015-04-28,2015-04-28,12.096921,12.096921,12.096921,12.096921,0,0
2015-04-27,2015-04-27,12.404007,12.404007,12.404007,12.404007,0,0
2015-04-24,2015-04-24,12.302554,12.302554,12.302554,12.302554,0,0
2015-04-23,2015-04-23,11.765,11.765,11.765,11.765001,0,0
2015-04-22,2015-04-22,11.722299,11.722299,11.722299,11.722299,0,0
2015-04-21,2015-04-21,11.661729,11.661729,11.661729,11.66173,0,0
2015-04-20,2015-04-20,11.474873,11.474873,11.474873,11.474873,0,0
2015-04-17,2015-04-17,10.987592,10.987592,10.987592,10.987592,0,0
2015-04-16,2015-04-16,11.571178,11.571178,11.571178,11.571178,0,0
2015-04-15,2015-04-15,11.589955,11.589955,11.589955,11.589955,0,0
2015-04-14,2015-04-14,11.38735,11.38735,11.38735,11.38735,0,0
2015-04-13,2015-04-13,11.888562,11.888562,11.888562,11.888562,0,0
2015-04-10,2015-04-10,11.663244,11.663244,11.663244,11.663244,0,0
2015-04-09,2015-04-09,11.233504,11.233504,11.233504,11.233504,0,0
2015-04-08,2015-04-08,11.109639,11.109639,11.109639,11.109639,0,0
2015-04-07,2015-04-07,11.068755,11.068755,11.068755,11.068755,0,0
2015-04-02,2015-04-02,10.666271,10.666271,10.666271,10.666272,0,0
2015-04-01,2015-04-01,10.612365,10.612365,10.612365,10.612365,0,0
2015-03-31,2015-03-31,11.151432,11.151432,11.151432,11.151432,0,0
2015-03-30,2015-03-30,11.094194,11.094194,11.094194,11.094194,0,0
2015-03-27,2015-03-27,10.639621,10.639621,10.639621,10.639621,0,0
2015-03-26,2015-03-26,10.594497,10.594497,10.594497,10.594496,0,0
2015-03-25,2015-03-25,10.890075,10.890075,10.890075,10.890075,0,0
2015-03-24,2015-03-24,11.656581,11.656581,11.656581,11.656581,0,0
2015-03-23,2015-03-23,11.687774,11.687774,11.687774,11.687774,0,0
2015-03-20,2015-03-20,11.858277,11.858277,11.858277,11.858277,0,0
2015-03-19,2015-03-19,11.751069,11.751069,11.751069,11.751069,0,0
2015-03-18,2015-03-18,11.239864,11.239864,11.239864,11.239864,0,0
2015-03-17,2015-03-17,11.313455,11.313455,11.313455,11.313456,0,0
2015-03-16,2015-03-16,11.234715,11.234715,11.234715,11.234715,0,0
2015-03-13,2015-03-13,10.93096,10.93096,10.93096,10.93096,0,0
2015-03-12,2015-03-12,11.024236,11.024236,11.024236,11.024236,0,0
2015-03-11,2015-03-11,11.050584,11.050584,11.050584,11.050585,0,0
2015-03-10,2015-03-10,11.010003,11.010003,11.010003,11.010002,0,0
2015-03-09,2015-03-09,11.303159,11.351614,11.303159,11.351614,66.039948,746.460022
2015-03-06,2015-03-06,11.462153,11.462153,11.462153,11.462154,0,0
2015-03-05,2015-03-05,11.594497,11.594497,11.594497,11.594498,0,0
2015-03-04,2015-03-04,11.475479,11.475479,11.475479,11.475479,0,0
2015-03-03,2015-03-03,11.29589,11.29589,11.29589,11.29589,0,0
2015-03-02,2015-03-02,11.61176,11.61176,11.61176,11.61176,0,0
2015-02-27,2015-02-27,11.415818,11.415818,11.410366,11.410366,66.039948,753.900024
2015-02-26,2015-02-26,11.420058,11.420058,11.420058,11.420057,0,0
2015-02-25,2015-02-25,11.246223,11.246223,11.246223,11.246224,0,0
2015-02-24,2015-02-24,11.265606,11.265606,11.265606,11.265605,0,0
2015-02-23,2015-02-23,11.195648,11.195648,11.195648,11.195648,0,0
2015-02-20,2015-02-20,10.977901,10.977901,10.977901,10.977901,0,0
2015-02-19,2015-02-19,10.910366,10.910366,10.910366,10.910366,0,0
2015-02-18,2015-02-18,10.736532,10.736532,10.736532,10.736532,0,0
2015-02-17,2015-02-17,10.702916,10.702916,10.702916,10.702916,0,0
2015-02-16,2015-02-16,10.737138,10.737138,10.737138,10.737138,0,0
2015-02-13,2015-02-13,10.516665,10.516665,10.516665,10.516665,0,0
2015-02-12,2015-02-12,10.309518,10.309518,10.309518,10.309518,0,0
2015-02-11,2015-02-11,10.163848,10.163848,10.163848,10.163848,0,0
2015-02-10,2015-02-10,9.843133,9.843133,9.843133,9.843133,0,0
2015-02-09,2015-02-09,9.64598,9.64598,9.64598,9.64598,0,0
2015-02-06,2015-02-06,9.916119,9.916119,9.916119,9.916119,0,0
2015-02-05,2015-02-05,9.68535,9.68535,9.68535,9.68535,0,0
2015-02-04,2015-02-04,9.628415,9.628415,9.628415,9.628414,0,0
2015-02-03,2015-02-03,9.232896,9.232896,9.232896,9.232896,0,0
2015-02-02,2015-02-02,9.221388,9.221388,9.221388,9.221388,0,0
2015-01-30,2015-01-30,9.356761,9.356761,9.356761,9.356761,0,0
2015-01-29,2015-01-29,8.992436,8.992436,8.992436,8.992436,0,0
2015-01-28,2015-01-28,9.414908,9.414908,9.414908,9.414908,0,0
2015-01-27,2015-01-27,9.291649,9.291649,9.291649,9.291649,0,0
2015-01-26,2015-01-26,9.970632,9.970632,9.970632,9.970632,0,0
2015-01-23,2015-01-23,10.071177,10.071177,10.071177,10.071177,0,0
2015-01-22,2015-01-22,9.672025,9.672025,9.672025,9.672024,0,0
2015-01-21,2015-01-21,9.296494,9.296494,9.296494,9.296494,0,0
2015-01-20,2015-01-20,8.874023,8.874023,8.874023,8.874022,0,0
2015-01-19,2015-01-19,8.872811,8.872811,8.872811,8.872812,0,0
2015-01-16,2015-01-16,8.73229,8.73229,8.73229,8.73229,0,0
2015-01-15,2015-01-15,8.750461,8.750461,8.750461,8.750461,0,0
2015-01-14,2015-01-14,8.684441,8.684441,8.684441,8.684441,0,0
2015-01-13,2015-01-13,9.427627,9.427627,9.427627,9.427627,0,0
2015-01-12,2015-01-12,9.01303,9.01303,9.01303,9.013029,0,0
2015-01-09,2015-01-09,9.129323,9.129323,9.129323,9.129323,0,0
2015-01-08,2015-01-08,9.378263,9.378263,9.378263,9.378263,0,0
2015-01-07,2015-01-07,8.769843,8.769843,8.769843,8.769843,0,0
2015-01-06,2015-01-06,8.551491,8.551491,8.551491,8.551491,0,0
2015-01-05,2015-01-05,8.927324,8.927324,8.927324,8.927324,0,0
2015-01-02,2015-01-02,9.105701,9.105701,9.105701,9.105701,0,0
2014-12-30,2014-12-30,9.598736,9.598736,9.598736,9.598736,0,0
2014-12-29,2014-12-29,9.680504,9.680504,9.680504,9.680504,0,0
2014-12-23,2014-12-23,9.449129,9.449129,9.449129,9.44913,0,0
2014-12-22,2014-12-22,9.45458,9.45458,9.45458,9.454581,0,0
2014-12-19,2014-12-19,9.410971,9.410971,9.410971,9.410971,0,0
2014-12-18,2014-12-18,8.990316,8.990316,8.990316,8.990316,0,0
2014-12-17,2014-12-17,8.23017,8.23017,8.23017,8.23017,0,0
2014-12-16,2014-12-16,8.601158,8.601158,8.601158,8.601158,0,0
2014-12-12,2014-12-12,8.916421,8.916421,8.916421,8.916422,0,0
2014-12-11,2014-12-11,9.359487,9.359487,9.359487,9.359486,0,0
2014-12-10,2014-12-10,9.206852,9.206852,9.206852,9.206852,0,0
2014-12-09,2014-12-09,9.083593,9.083593,9.083593,9.083593,0,0
2014-12-08,2014-12-08,9.562697,9.562697,9.562697,9.562697,0,0
2014-12-05,2014-12-05,9.59813,9.59813,9.59813,9.59813,0,0
2014-12-04,2014-12-04,9.402188,9.402188,9.402188,9.402188,0,0
2014-12-03,2014-12-03,9.513333,9.513333,9.513333,9.513333,0,0
2014-12-02,2014-12-02,9.41733,9.41733,9.41733,9.41733,0,0
2014-11-28,2014-11-28,9.696858,9.696858,9.696858,9.696858,0,0
2014-11-27,2014-11-27,9.549372,9.549372,9.549372,9.549372,0,0
2014-11-26,2014-11-26,9.378566,9.378566,9.378566,9.378566,0,0
2014-11-25,2014-11-25,9.319511,9.319511,9.319511,9.319511,0,0
2014-11-24,2014-11-24,9.221994,9.221994,9.221994,9.221994,0,0
2014-11-17,2014-11-17,8.717451,8.717451,8.717451,8.717451,0,0
