datetime,date,open,high,low,close,quantity,turnover
2026-09-02,2026-09-02,1443,1445,1434,1444,7124,1.02531766E7
2026-09-01,2026-09-01,1460.6,1461,1436.4,1446.2,10099,1.46259474E7
2026-08-31,2026-08-31,1460.2,1461,1450.6,1451,7986,11625518
2026-08-28,2026-08-28,1458.8,1471.8,1456,1470.6,5140.0,7519200.0
2026-08-27,2026-08-27,1451,1459.4,1448,1455.2,15971,23246743
2026-08-26,2026-08-26,1437,1442.4,1432.4,1438.2,6898,9911571.6
2026-08-25,2026-08-25,1439.4,1444.8,1432.6,1437.6,15905,2.28862922E7
2026-08-24,2026-08-24,1431.2,1436.8,1422.4,1430.4,12913,1.84754522E7
2026-08-21,2026-08-21,1440.2,1447.6,1433.6,1442.8,16407,2.366891E7
2026-08-20,2026-08-20,1453.8,1454.6,1434,1437.2,10829,15630164
2026-08-19,2026-08-19,1458.6,1464.4,1443,1452.8,12190.0,17744029
2026-08-18,2026-08-18,1478.6,1479.2,1459.4,1462.6,17664,2.59491096E7
2026-08-17,2026-08-17,1497,1497.6,1489,1494.6,12197,18226533
2026-08-14,2026-08-14,1497.6,1499.4,1485.6,1485.6,7061,1.05561286E7
2026-08-13,2026-08-13,1483.8,1501.6,1480.4,1497,7936,1.18342618E7
2026-08-12,2026-08-12,1475.8,1485.8,1474.8,1479.8,10962,1.62192286E7
2026-08-11,2026-08-11,1476,1481.6,1469,1471.6,15518,2.29193378E7
2026-08-10,2026-08-10,1481.8,1484,1472.4,1475,7736,1.14374848E7
2026-08-07,2026-08-07,1467.4,1476.8,1464.2,1476.8,7028,1.03357442E7
2026-08-06,2026-08-06,1463,1472.8,1450.0,1468.2,12777,1.86737848E7
2026-08-05,2026-08-05,1484.6,1490.2,1474,1477.6,17097,2.53325176E7
2026-08-04,2026-08-04,1445.8,1473.2,1442,1471.6,19129,2.78042642E7
2026-08-03,2026-08-03,1419,1431,1404.2,1430.0,12633,1.79080574E7
2026-07-31,2026-07-31,1413.8,1429,1397.6,1401,26774,3.79280078E7
2026-07-30,2026-07-30,1372.4,1401.8,1366.4,1393,15315,2.12149474E7
2026-07-29,2026-07-29,1399.2,1406.4,1379.8,1384.8,17154,2.39519626E7
2026-07-28,2026-07-28,1404.6,1409.2,1386.8,1403.8,25342,35397717
2026-07-27,2026-07-27,1438.4,1441.6,1403.8,1406.6,11556,1.64583908E7
2026-07-24,2026-07-24,1433.2,1441,1419,1430.4,7131,10204791
2026-07-23,2026-07-23,1453.4,1458.2,1428.6,1433.2,11472,16597363
2026-07-22,2026-07-22,1455.6,1467.6,1450.0,1466.6,8872,1.29334124E7
2026-07-21,2026-07-21,1456.6,1466.6,1453.4,1465.6,10138,1.47898556E7
2026-07-20,2026-07-20,1438.4,1459,1437.6,1451.8,13381,1.93729724E7
2026-07-17,2026-07-17,1432.4,1441.6,1418.4,1434.4,31840.0,4.56164376E7
2026-07-16,2026-07-16,1476,1476,1458.2,1467.8,6005,8815366
2026-07-15,2026-07-15,1500.2,1500.8,1473.6,1476.8,8922,13295007
2026-07-14,2026-07-14,1481.8,1489.8,1474.4,1488.2,7878,1.16822512E7
2026-07-13,2026-07-13,1482.4,1487.4,1475,1486,12996,19267693
2026-07-10,2026-07-10,1487,1496.4,1483,1493.8,14110.0,2.10125484E7
2026-07-09,2026-07-09,1476.8,1492,1476,1489.8,18358,27195169
2026-07-08,2026-07-08,1462.2,1468.4,1445,1456,15054,2.19450124E7
2026-07-07,2026-07-07,1481.4,1482.4,1456.2,1462,15928,2.34659916E7
2026-07-06,2026-07-06,1489.2,1500.2,1485.8,1499,13031,1.94273742E7
2026-07-03,2026-07-03,1484.4,1491.4,1483.8,1488.8,10850.0,1.61466126E7
2026-07-02,2026-07-02,1495.6,1507,1474.6,1481.6,14396,2.15162892E7
2026-07-01,2026-07-01,1516.8,1520.8,1504.4,1516,14602,2.21194474E7
2026-06-30,2026-06-30,1502.8,1517.8,1497.6,1515.4,8139,1.22556572E7
2026-06-29,2026-06-29,1476,1486.8,1459.8,1481.2,13800.0,2.03956424E7
2026-06-26,2026-06-26,1472.6,1477.4,1454,1475,12461,1.82797522E7
2026-06-25,2026-06-25,1507.8,1515.2,1467,1480.4,20733,3.10016428E7
2026-06-24,2026-06-24,1491.6,1498.4,1481,1492.8,10242,1.527946E7
2026-06-23,2026-06-23,1494,1501,1479,1487.6,17170.0,2.55935482E7
2026-06-22,2026-06-22,1526.2,1539.2,1517.8,1520.0,15279,23353739
2026-06-19,2026-06-19,1517.6,1521.8,1513.6,1520.6,5963,9055688.8
2026-06-18,2026-06-18,1501,1518.6,1499.8,1512.8,13775,2.07476588E7
2026-06-17,2026-06-17,1496,1497.4,1486,1491.8,16126,2.40586754E7
2026-06-16,2026-06-16,1511.8,1517.2,1493.6,1497,26051,3.93593782E7
2026-06-15,2026-06-15,1495,1511.2,1493.4,1509.6,18929,2.83601706E7
2026-06-12,2026-06-12,1454.4,1474.8,1451.8,1472.8,13317,1.94833548E7
2026-06-11,2026-06-11,1431.2,1445,1424,1435.8,15867,2.27610576E7
2026-06-10,2026-06-10,1437.8,1450.6,1422.6,1427.6,13569,1.94215928E7
2026-06-09,2026-06-09,1474.8,1479.2,1431.8,1432.4,15763,2.30754836E7
2026-06-08,2026-06-08,1450.2,1477.2,1449.6,1470.2,15904,2.32250392E7
2026-06-05,2026-06-05,1485.2,1490.0,1474.4,1475,15445,22914054
2026-06-04,2026-06-04,1508,1508.6,1486,1500.8,18501,2.76544958E7
2026-06-03,2026-06-03,1515,1521.8,1507.4,1513.4,12751,19340863
2026-06-02,2026-06-02,1502.2,1511.2,1498.8,1511.2,7583,1.14072786E7
2026-06-01,2026-06-01,1503.2,1506,1493,1506,14662,21989609
2026-05-29,2026-05-29,1492.2,1502,1489.4,1492,10068,1.503198E7
2026-05-28,2026-05-28,1476.6,1488.4,1473.4,1488.4,19301,2.85406434E7
2026-05-27,2026-05-27,1480.6,1493.2,1470.0,1474.6,10884,1.61383126E7
2026-05-26,2026-05-26,1467.8,1483.4,1464.4,1479,10675,1.57175502E7
2026-05-25,2026-05-25,1474.4,1475.8,1471.4,1472.4,6080.0,8961001
2026-05-22,2026-05-22,1457.8,1466,1453.6,1465.8,8104,1.18279204E7
2026-05-21,2026-05-21,1442.6,1450.2,1439.4,1443.4,16041,2.31639776E7
2026-05-20,2026-05-20,1433,1446.8,1432.2,1442.8,9923,1.42551338E7
2026-05-19,2026-05-19,1427.2,1433,1413.6,1420.8,12711,1.80807998E7
2026-05-18,2026-05-18,1432.2,1444.8,1423,1426,17110.0,2.455147E7
2026-05-15,2026-05-15,1446.4,1448.2,1432.6,1445,17341,2.50053852E7
2026-05-14,2026-05-14,1445.4,1459.2,1440.0,1456.8,15670.0,2.26653578E7
2026-05-13,2026-05-13,1430.0,1438.6,1421.2,1432.2,17992,25751824
2026-05-12,2026-05-12,1422,1427,1407.8,1409.4,11864,1.68560506E7
2026-05-11,2026-05-11,1425,1429,1419.8,1428,9562,1.36236452E7
2026-05-08,2026-05-08,1403.2,1417.6,1401,1417.6,6786,9541148.6
2026-05-07,2026-05-07,1398,1405.6,1393.2,1402.8,9260.0,1.29483328E7
2026-05-06,2026-05-06,1380.8,1390.2,1379,1389.8,16971,2.34931574E7
2026-05-05,2026-05-05,1363.8,1374.2,1363,1373.6,10853,1.48592898E7
2026-05-04,2026-05-04,1360.8,1364,1351.8,1354.6,21574,2.93277002E7
2026-04-30,2026-04-30,1336.2,1346.2,1326.4,1334.2,11542,1.54320122E7
2026-04-29,2026-04-29,1331.4,1334.6,1326.6,1333.4,15259,2.03239208E7
2026-04-28,2026-04-28,1335.4,1336.2,1318,1318,16990.0,2.25638652E7
2026-04-27,2026-04-27,1335.2,1337.4,1328.4,1331.2,11793,1.57322528E7
2026-04-24,2026-04-24,1324.8,1333.4,1323,1333.4,18422,2.44627934E7
2026-04-23,2026-04-23,1317,1323.2,1312.8,1323.2,11393,1.50309228E7
2026-04-22,2026-04-22,1303.6,1315.2,1301.2,1314,10541,1.37880466E7
2026-04-21,2026-04-21,1300.4,1304.8,1295,1298.4,6380.0,8298404.4
2026-04-20,2026-04-20,1295.4,1300.0,1288.2,1291,8546,1.10675002E7
2026-04-17,2026-04-17,1283,1298.6,1282.2,1298.6,20551,2.64703358E7
2026-04-16,2026-04-16,1279.6,1284.2,1274.2,1283.6,10801,1.38124096E7
2026-04-15,2026-04-15,1257.8,1266.2,1256.6,1265.6,11189,1.40923452E7
2026-04-14,2026-04-14,1238.8,1249.4,1238.6,1249.4,10310.0,1.28171182E7
2026-04-13,2026-04-13,1226.2,1235,1223.6,1233,7970.0,9794432.4
2026-04-10,2026-04-10,1231.6,1234.8,1229,1231.8,4786,5893096.8
2026-04-09,2026-04-09,1223.4,1224.6,1218.2,1224,5650.0,6902700.0
2026-04-08,2026-04-08,1228.2,1231.8,1215.8,1221,19557,2.40005556E7
2026-04-07,2026-04-07,1197.2,1203,1180.0,1185.8,16725,1.99346106E7
2026-04-02,2026-04-02,1177.6,1196.2,1170.8,1193,8614,1.01814294E7
2026-04-01,2026-04-01,1188.2,1191.8,1180.0,1191.8,12296,1.45758132E7
2026-03-31,2026-03-31,1156.6,1164.6,1154.6,1162.4,8353,
2026-03-30,2026-03-30,1157.2,1167.2,1155.8,1163.8,6661,7731023
2026-03-27,2026-03-27,1179.6,1179.6,1158,1160.4,8828,
2026-03-26,2026-03-26,1196.2,1196.8,1184.8,1184.8,5909,7034244.6
2026-03-25,2026-03-25,1199.8,1204.8,1195,1202,10477,1.25728944E7
2026-03-24,2026-03-24,1199.8,1200.6,1187,1192,13872,1.65629266E7
2026-03-23,2026-03-23,1178.2,1214,1177.6,1197,18585,2.22304618E7
2026-03-20,2026-03-20,1208.4,1210.2,1194.8,1194.8,11181,1.34290304E7
2026-03-19,2026-03-19,1219.8,1222,1206,1206,12084,1.46580088E7
2026-03-18,2026-03-18,1241.4,1242.8,1226.6,1227.2,7954,9809174.4
2026-03-17,2026-03-17,1227,1237.8,1223.2,1233.8,8240.0,1.01551364E7
2026-03-16,2026-03-16,1231,1235.4,1226.6,1231.4,13659,1.68239462E7
2026-03-13,2026-03-13,1223.6,1238,1222.8,1226.2,12834,1.57882178E7
2026-03-12,2026-03-12,1236,1236.8,1224,1228,12259,15077907
2026-03-11,2026-03-11,1234.4,1243.4,1231.6,1238.6,11390.0,1.40808624E7
2026-03-10,2026-03-10,1233.4,1239,1227.2,1237.8,17864,2.20304458E7
2026-03-09,2026-03-09,1204.8,1222.4,1203.4,1221,18244,2.20971334E7
2026-03-06,2026-03-06,1239.4,1240.0,1220.6,1226.4,13846,1.70303526E7
2026-03-05,2026-03-05,1236.4,1244.4,1233.4,1238.4,14381,1.78044876E7
2026-03-04,2026-03-04,1216.4,1237.6,1215.8,1236.8,22977,2.81654086E7
2026-03-03,2026-03-03,1214.2,1220.0,1204.4,1217.4,21070.0,2.55339998E7
2026-03-02,2026-03-02,1199.2,1225.8,1197.4,1222.2,14502,1.75182396E7
2026-02-27,2026-02-27,1215.8,1217.6,1202,1210.8,10022,12125935
2026-02-26,2026-02-26,1230.0,1233.2,1209.4,1216.6,6815,8347055.4
2026-02-25,2026-02-25,1216.2,1231.4,1216,1227.2,7696,9420205.2
2026-02-24,2026-02-24,1205.4,1216.6,1200.4,1213.8,8413,1.01753084E7
2026-02-23,2026-02-23,1205.4,1214.6,1197.8,1200.6,8016,9682586.4
2026-02-20,2026-02-20,1214,1220.0,1201.4,1216.4,10425,1.26230532E7
2026-02-19,2026-02-19,1213.4,1214.4,1205,1210.2,7479,9049572.8
2026-02-18,2026-02-18,1201.6,1215.6,1199.2,1215.4,9032,1.08898094E7
2026-02-17,2026-02-17,1194.4,1200.0,1184,1195.8,10698,1.27443184E7
2026-02-16,2026-02-16,1198.2,1201.6,1191,1192.4,6457,7731765.2
2026-02-13,2026-02-13,1194.4,1201.8,1185.6,1197,17033,2.03201628E7
2026-02-12,2026-02-12,1221.4,1223.8,1196.4,1198.4,8104,9830047.4
2026-02-11,2026-02-11,1212,1226.8,1206,1213.2,10856,1.31989588E7
2026-02-10,2026-02-10,1216,1221.6,1211.8,1217.4,6629,8070842
2026-02-09,2026-02-09,1213.8,1218.2,1197.6,1218,11385,13761892
2026-02-06,2026-02-06,1188.4,1211.4,1188.4,1211.4,22315,2.67474972E7
2026-02-05,2026-02-05,1213.4,1216.2,1188.6,1201.2,19999,2.40378886E7
2026-02-04,2026-02-04,1229.8,1232.6,1213.4,1214,16500.0,2.02044976E7
2026-02-03,2026-02-03,1257,1258.8,1233,1234.6,9989,12478716
2026-02-02,2026-02-02,1221.8,1253.4,1221,1252.4,10418,1.28256646E7
2026-01-30,2026-01-30,1230.4,1245.2,1228.6,1241.2,18802,2.32519012E7
2026-01-29,2026-01-29,1250.6,1253.8,1221.6,1228.4,20023,2.47906856E7
2026-01-28,2026-01-28,1252.8,1256.8,1249.4,1251.6,12723,1.59337558E7
2026-01-27,2026-01-27,1250.6,1251.4,1238.4,1243,7881,9815934
2026-01-26,2026-01-26,1238.8,1244.2,1230.4,1243.6,9503,1.17697714E7
2026-01-23,2026-01-23,1248.8,1254.4,1241.2,1250.0,8298,1.03432732E7
2026-01-22,2026-01-22,1250.0,1255,1242.6,1246.6,14666,1.83301872E7
2026-01-21,2026-01-21,1227,1242,1217,1237.2,14698,1.80478464E7
2026-01-20,2026-01-20,1231.4,1235.6,1220.6,1235.6,12135,1.49034482E7
2026-01-19,2026-01-19,1244,1246.4,1236.6,1240.8,14733,1.83067098E7
2026-01-16,2026-01-16,1269,1270.6,1259.2,1264.2,9007,1.14078204E7
2026-01-15,2026-01-15,1259.2,1275.4,1259,1271.4,13635,17297998
2026-01-14,2026-01-14,1265.8,1266.4,1245.8,1248,12841,1.61309332E7
2026-01-13,2026-01-13,1266.2,1272.2,1263,1270.0,11927,1.51111934E7
2026-01-12,2026-01-12,1255.4,1267,1250.6,1266,14172,17826285
2026-01-09,2026-01-09,1256,1267.6,1255.2,1266.2,9848,1.24154306E7
2026-01-08,2026-01-08,1256.8,1261.2,1249.4,1252,11956,1.50163284E7
2026-01-07,2026-01-07,1256.4,1264.2,1253.2,1263,12954,16282438
2026-01-06,2026-01-06,1244.4,1255.8,1239.6,1251.6,8430.0,1.05301282E7
2026-01-05,2026-01-05,1241.6,1251,1241.6,1248.4,8445,1.05238354E7
2026-01-02,2026-01-02,1244.6,1252,1226.8,1231.4,15617,1.94175248E7
2025-12-30,2025-12-30,1243.2,1245,1242,1244.8,4378,5445526.8
2025-12-29,2025-12-29,1245.4,1247,1239.4,1243.4,12996,1.61692848E7
2025-12-23,2025-12-23,1239.4,1243.4,1235.8,1242.6,5678,7041228
2025-12-22,2025-12-22,1245.4,1246.8,1239,1242.2,4184,5204821.8
2025-12-19,2025-12-19,1231.2,1240.0,1226.6,1239.2,16848,2.07519342E7
2025-12-18,2025-12-18,1211.8,1231.6,1211.4,1229,9423,1.14940518E7
2025-12-17,2025-12-17,1232,1236.6,1206.2,1209,7859,
2025-12-16,2025-12-16,1214,1226.8,1213.4,1218.2,9918,
2025-12-15,2025-12-15,1234.2,1239.4,1220.6,1228,9436,1.16211952E7
2025-12-12,2025-12-12,1253.4,1254.4,1227.6,1229.6,10125,1.26107624E7
2025-12-11,2025-12-11,1249.8,1257.2,1239.8,1244.2,10260.0,1.28199536E7
2025-12-10,2025-12-10,1265.2,1267,1257,1261.8,8243,
2025-12-09,2025-12-09,1264.6,1266,1258.4,1265.2,9222,
2025-12-08,2025-12-08,1267.4,1271,1258.6,1263.8,6236,
2025-12-05,2025-12-05,1263.4,1271,1257.6,1264,6891,
2025-12-04,2025-12-04,1259,1262.8,1252.4,1256.6,6395,8043829
2025-12-03,2025-12-03,1261.8,1262.4,1247.6,1256.8,8904,11176057
2025-12-02,2025-12-02,1249.4,1265.6,1248.4,1256,10123,
2025-12-01,2025-12-01,1246.4,1251.4,1238.8,1249.8,9224,
2025-11-28,2025-11-28,1252.4,1259,1251.6,1253.8,8526,1.06983806E7
2025-11-27,2025-11-27,1249.4,1251.4,1247.8,1248.4,3751,4685446.2
2025-11-26,2025-11-26,1245,1249.6,1241.4,1249.6,6616,8240336.4
2025-11-25,2025-11-25,1236.6,1237,1216,1229.6,9818,1.20631252E7
2025-11-24,2025-11-24,1214.6,1234.6,1207.2,1233,10992,13394512
2025-11-21,2025-11-21,1196.6,1206,1187,1203.6,12685,15176029
2025-11-20,2025-11-20,1248.6,1255,1231,1231,12548,1.56457506E7
2025-11-19,2025-11-19,1213.2,1235.6,1212.6,1221.8,8459,1.03289254E7
2025-11-18,2025-11-18,1218.8,1225.4,1203,1216.6,10524,1.27907024E7
2025-11-17,2025-11-17,1246.2,1248.8,1229,1236,9546,1.18275876E7
2025-11-14,2025-11-14,1227.4,1242,1209.4,1240.2,12676,1.55145122E7
2025-11-13,2025-11-13,1262.2,1263,1236.4,1236.8,6235,7798104
2025-11-12,2025-11-12,1270.4,1274.4,1255.8,1260.0,6689,8480576.2
2025-11-11,2025-11-11,1267.8,1268.2,1255,1256.4,6300.0,7949670.2
2025-11-10,2025-11-10,1257,1267.8,1255.2,1259.8,9915,1.24957544E7
2025-11-07,2025-11-07,1254.2,1255,1221,1221.8,13772,1.71059244E7
2025-11-06,2025-11-06,1270.6,1277.6,1249.4,1249.4,9085,1.15011666E7
2025-11-05,2025-11-05,1264.8,1279.2,1262,1279,7743,9813314.8
2025-11-04,2025-11-04,1275.2,1286.2,1271.6,1279,11865,1.51610612E7
2025-11-03,2025-11-03,1287.2,1301.6,1287.2,1289.8,11386,1.47079436E7
2025-10-31,2025-10-31,1292.8,1296.6,1284,1286.8,6670.0,8611395
2025-10-30,2025-10-30,1290.0,1292,1279,1284,20709,2.66935252E7
2025-10-29,2025-10-29,1289,1290.0,1281,1283.2,7955,1.02355994E7
2025-10-28,2025-10-28,1269.4,1278.8,1268.2,1275.8,10430.0,1.32755278E7
2025-10-27,2025-10-27,1265,1269.4,1263.2,1269,11335,1.43466056E7
2025-10-24,2025-10-24,1244,1252.2,1242.2,1251,8147,1.015308E7
2025-10-23,2025-10-23,1234.4,1236.2,1225.2,1236.2,7817,9631279.4
2025-10-22,2025-10-22,1241,1244,1226.8,1227,4332,5365803.2
2025-10-21,2025-10-21,1237,1242.4,1236.6,1240.2,5707,7072748.4
2025-10-20,2025-10-20,1226.6,1237,1223.8,1236.6,5949,7310052
2025-10-17,2025-10-17,1193.2,1219,1187.2,1205.2,9381,1.12508638E7
2025-10-16,2025-10-16,1223.2,1228.2,1220.0,1221.4,10317,1.26313908E7
2025-10-15,2025-10-15,1218.2,1229.8,1216.4,1222,8466,1.03607936E7
2025-10-14,2025-10-14,1213.2,1217.2,1200.4,1215.4,7839,9505443.4
2025-10-13,2025-10-13,1217.2,1225.2,1215,1223.8,13931,17000308
2025-10-10,2025-10-10,1245,1249,1212,1212.4,8568,1.06360094E7
2025-10-09,2025-10-09,1241.4,1242.8,1238,1240.8,6132,7606253
2025-10-08,2025-10-08,1226.4,1236,1224,1235.6,5785,7108209.4
2025-10-07,2025-10-07,1224.2,1231.6,1220.8,1220.8,6361,7806726.2
2025-10-06,2025-10-06,1219.8,1228.2,1217.2,1222.6,12640.0,15467466
2025-10-03,2025-10-03,1221.2,1222,1212.4,1217.2,5779,7043230.8
2025-10-02,2025-10-02,1213.2,1219.4,1212.4,1216.8,13835,1.68161918E7
2025-10-01,2025-10-01,1190.8,1207.4,1189,1207.4,14790.0,1.77185438E7
2025-09-30,2025-09-30,1200.8,1203.4,1196.8,1200.6,6247,7496485.8
2025-09-29,2025-09-29,1203.4,1208.6,1202.2,1203.8,6158,7423612.6
2025-09-26,2025-09-26,1198.4,1203.8,1192,1195,7099,8495983.6
2025-09-25,2025-09-25,1195.2,1199.2,1186,1199,8608,1.02740358E7
2025-09-24,2025-09-24,1197.8,1204.2,1196.8,1198.2,6405,7686173
2025-09-23,2025-09-23,1203.8,1205,1199.2,1201.8,6489,7803573.8
2025-09-22,2025-09-22,1199.8,1202.4,1192.8,1200.8,8755,1.04904204E7
2025-09-19,2025-09-19,1190.4,1197.6,1188.6,1195.8,7016,8374298
2025-09-18,2025-09-18,1184,1195,1181.2,1194,8749,1.03910418E7
2025-09-17,2025-09-17,1174.8,1176.6,1168.6,1169.2,4333,5082370.0
2025-09-16,2025-09-16,1183,1185.6,1174,1174.4,11665,1.37621724E7
2025-09-15,2025-09-15,1179.6,1182.4,1174.2,1181,7871,9271755.6
2025-09-12,2025-09-12,1171.6,1178,1170.6,1177.6,4412,5181859.4
2025-09-11,2025-09-11,1171.4,1175.4,1167.2,1172.6,9402,11020401
2025-09-10,2025-09-10,1171.8,1175.2,1167.8,1168.4,5728,6709847.8
2025-09-09,2025-09-09,1160.4,1164,1158,1160.8,5701,6619968.4
2025-09-08,2025-09-08,1159.8,1164.4,1158,1163.4,6026,6994078.2
2025-09-05,2025-09-05,1165,1166.8,1147,1152,6425,7441055.8
2025-09-04,2025-09-04,1152.4,1158,1150.4,1156.4,4678,5401698
2025-09-03,2025-09-03,1148.6,1153.8,1146.6,1147.2,5805,6676106.4
2025-09-02,2025-09-02,1145.8,1147.4,1132,1132,8143,9283656.2
2025-09-01,2025-09-01,1144.2,1148.8,1143.8,1148.8,6340.0,7261813.6
2025-08-29,2025-08-29,1162.8,1163.2,1144.6,1146.8,7152,8246173.2
2025-08-28,2025-08-28,1159.8,1164,1155.6,1162,6044,7011406
2025-08-27,2025-08-27,1161,1165.6,1158.6,1162.2,5501,6395681.8
2025-08-26,2025-08-26,1153.2,1155,1149,1152.6,4303,4959569.8
2025-08-25,2025-08-25,1147.6,1154.2,1145,1154.2,5934,6814344.2
2025-08-22,2025-08-22,1141.4,1154.6,1140.8,1152.8,8044,
2025-08-21,2025-08-21,1147.4,1147.6,1138.4,1145,5009,5728157.2
2025-08-20,2025-08-20,1148.2,1150.2,1128,1138.8,5969,
2025-08-19,2025-08-19,1162.6,1164.2,1150.4,1153.6,6086,7047679.8
2025-08-18,2025-08-18,1162.8,1164.6,1160.2,1161.2,5885,6840267.8
2025-08-15,2025-08-15,1171.4,1171.4,1159.6,1160.6,6683,7792184
2025-08-14,2025-08-14,1168,1174.2,1164,1171,4349,5088086.8
2025-08-13,2025-08-13,1170.0,1173.4,1164.4,1164.8,6667,7793636
2025-08-12,2025-08-12,1162,1168,1156.8,1164.6,4940.0,5745293.8
2025-08-11,2025-08-11,1162.2,1168.8,1159,1167,6100.0,7099722.4
2025-08-08,2025-08-08,1152.2,1160.0,1151.2,1155.6,3745,4324743.8
2025-08-07,2025-08-07,1146.8,1159,1146.2,1152.8,5618,6476742.8
2025-08-06,2025-08-06,1142.8,1143.8,1135.8,1143.6,5373,6121393.8
2025-08-05,2025-08-05,1154,1156.4,1139.4,1139.4,5079,5847562
2025-08-04,2025-08-04,1132,1145.4,1132,1143.8,9299,1.05868328E7
2025-08-01,2025-08-01,1159.8,1159.8,1122.6,1130.8,14537,1.66604154E7
2025-07-31,2025-07-31,1183.4,1188,1169.2,1173,10240.0,1.20867128E7
2025-07-30,2025-07-30,1157.8,1168.4,1156.2,1166.2,6508,7561210.8
2025-07-29,2025-07-29,1161.8,1169,1158.6,1159,5580.0,6485720.0
2025-07-28,2025-07-28,1144.8,1151.4,1143.6,1150.4,8768,1.00731982E7
2025-07-25,2025-07-25,1133.2,1137.2,1131.2,1136.2,6537,7414889.6
2025-07-24,2025-07-24,1131,1134,1126,1130.4,5011,5668120.8
2025-07-23,2025-07-23,1127.8,1129.6,1122.6,1127,8138,9176816.8
2025-07-22,2025-07-22,1135.4,1137.2,1124.4,1125.6,6522,7376642.8
2025-07-21,2025-07-21,1137.6,1141,1133.4,1136.8,5085,5786247.6
2025-07-18,2025-07-18,1139.8,1139.8,1132,1133.8,5851,6645979.6
2025-07-17,2025-07-17,1135.4,1140.8,1132,1139.4,7076,8033909
2025-07-16,2025-07-16,1123.8,1133.4,1111.2,1111.2,8928,10064222
2025-07-15,2025-07-15,1127.2,1134.2,1125.4,1134.2,7126,8048729.2
2025-07-14,2025-07-14,1113.2,1120.4,1110.4,1118.8,5075,5656465.8
2025-07-11,2025-07-11,1117.2,1119.6,1110.2,1116,6108,6809854.4
2025-07-10,2025-07-10,1113.6,1121,1113.2,1119.8,5718,6388316
2025-07-09,2025-07-09,1109.4,1122,1108.4,1114.8,4666,5194217.6
2025-07-08,2025-07-08,1108.8,1114,1107.8,1110.6,4407,4893915.6
2025-07-07,2025-07-07,1108.8,1114.2,1107.6,1108.8,5961,6617642.4
2025-07-04,2025-07-04,1109,1109,1104,1105.2,5980.0,6614393.2
2025-07-03,2025-07-03,1101.6,1114.6,1099.4,1114,8174,9045569.4
2025-07-02,2025-07-02,1097.4,1102.6,1090.4,1099.8,7081,7755685.8
2025-07-01,2025-07-01,1102.4,1102.4,1089.6,1093.4,18192,1.99660994E7
2025-06-30,2025-06-30,1105.6,1109.6,1101.6,1103,6262,6924502.8
2025-06-27,2025-06-27,1100.6,1104.8,1097.4,1104.6,6499,7158583.8
2025-06-26,2025-06-26,1093,1097.2,1089,1095.2,8623,9423707.6
2025-06-25,2025-06-25,1095.8,1102.4,1095.2,1095.4,8045,8837138.4
2025-06-24,2025-06-24,1092.2,1093.2,1087.8,1092,6346,6923739.8
2025-06-23,2025-06-23,1075.6,1085,1075.2,1077.8,6728,7264511
2025-06-20,2025-06-20,1079,1089.8,1073,1077.8,4840.0,5229596.4
2025-06-19,2025-06-19,1081.6,1082,1069.4,1073.2,2786,3000452.8
2025-06-18,2025-06-18,1082.6,1088.6,1081.6,1084.4,6084,6603928.2
2025-06-17,2025-06-17,1082.2,1087.6,1078,1085.8,4268,4617676.2
2025-06-16,2025-06-16,1076.8,1086.8,1074.6,1085.2,10027,1.08177378E7
2025-06-13,2025-06-13,1071.2,1083,1070.4,1078.8,6874,7397909
2025-06-12,2025-06-12,1085.8,1086.8,1070.0,1084,6337,6840662
2025-06-11,2025-06-11,1098.4,1102,1094.4,1096.6,7089,7786959.8
2025-06-10,2025-06-10,1094.8,1096.8,1090.8,1091.8,4934,5397541.6
2025-06-09,2025-06-09,1090.2,1098.2,1088.8,1094.2,3978,4348997.8
2025-06-06,2025-06-06,1084.4,1098,1083.4,1093.4,10928,1.19015406E7
2025-06-05,2025-06-05,1089.8,1095.6,1080.6,1095,8083,8814724.6
2025-06-04,2025-06-04,1090.0,1093.2,1083,1089,6394,6968408
2025-06-03,2025-06-03,1074.6,1089.8,1070.8,1089,6416,6929341
2025-06-02,2025-06-02,1065.8,1074.4,1059.6,1069,9005,9594175.6
2025-05-30,2025-05-30,1075.8,1080.4,1069,1074.2,6078,6539007.6
2025-05-29,2025-05-29,1103.4,1107.6,1076.2,1078.6,8665,9489911.4
2025-05-28,2025-05-28,1082.8,1089.6,1078.2,1085,5500.0,5959057
2025-05-27,2025-05-27,1068.2,1078,1065,1078,6415,6876295.6
2025-05-26,2025-05-26,1063.6,1069.2,1062.8,1066.6,9624,1.02614592E7
2025-05-23,2025-05-23,1067.6,1069.6,1045.2,1056.8,17487,1.84715186E7
2025-05-22,2025-05-22,1069.6,1078,1062,1075.4,5508,5899989
2025-05-21,2025-05-21,1074.2,1083.8,1066.6,1082.8,6888,7404397
2025-05-20,2025-05-20,1085.6,1090.6,1083,1085.4,6500.0,7062677.8
2025-05-19,2025-05-19,1077.8,1088.2,1069.2,1086.6,13143,1.41798068E7
2025-05-16,2025-05-16,1088,1096.8,1087.6,1096.8,8795,9610217.8
2025-05-15,2025-05-15,1085.4,1092.4,1078.8,1092.4,7335,7956062.6
2025-05-14,2025-05-14,1087.6,1089,1076.6,1088,11419,1.237671E7
2025-05-13,2025-05-13,1069.6,1088.4,1068.6,1086.2,10017,1.08011768E7
2025-05-12,2025-05-12,1066,1080.6,1060.6,1067.6,18052,1.93178046E7
2025-05-09,2025-05-09,1024.2,1028.2,1014.6,1020.0,11438,1.17174556E7
2025-05-08,2025-05-08,1020.2,1024,1009.8,1022,7053,7178915.4
2025-05-07,2025-05-07,1002.6,1005.4,992.9,995.8,4749,4754496.3
2025-05-06,2025-05-06,1004.2,1004.8,991,1001.8,7771,7763538.3
2025-05-05,2025-05-05,1009.4,1012,1002.2,1010.6,6263,6310703.6
2025-05-02,2025-05-02,1002.6,1013,998.3,1013,12300.0,1.23632317E7
2025-04-30,2025-04-30,979.5,982.6,957.6,976.6,9411,9156807.4
2025-04-29,2025-04-29,976.9,981.1,967.8,975.2,6919,6755692.3
2025-04-28,2025-04-28,979.6,982.5,966.1,967.8,6808,6652341.4
2025-04-25,2025-04-25,976.3,976.4,963.6,968.4,8797,8534192.9
2025-04-24,2025-04-24,938.2,962.8,930,960.2,7924,7474639.8
2025-04-23,2025-04-23,936.3,960,935,945.7,15299,1.44745468E7
2025-04-22,2025-04-22,896.8,911.4,892.6,909.2,7784,6996194.4
2025-04-17,2025-04-17,929.3,933.6,913,918.7,5847,5415123.2
2025-04-16,2025-04-16,929.9,945.2,924.9,936.1,9542,8888379.2
2025-04-15,2025-04-15,952.1,963.4,945,956.7,7914,7544437.2
2025-04-14,2025-04-14,951.2,968.6,947,948.1,18423,1.76083365E7
2025-04-11,2025-04-11,938.2,938.5,910.4,924.3,14938,1.38142522E7
2025-04-10,2025-04-10,986.8,989.2,935.9,935.9,24265,2.34100319E7
2025-04-09,2025-04-09,887.3,905.4,865.8,891.9,27529,2.44220729E7
2025-04-08,2025-04-08,919.6,955.8,919.6,939.3,22900.0,2.13566542E7
2025-04-07,2025-04-07,857.6,955,851.8,903.6,59606,5.27865707E7
2025-04-04,2025-04-04,956.2,962.5,914,925,46443,4.34626476E7
2025-04-03,2025-04-03,985.7,991.1,956.1,967.1,20179,1.96214085E7
2025-04-02,2025-04-02,1028.4,1030.2,1013,1029.2,7061,7231321
2025-04-01,2025-04-01,1021.2,1029,1011.2,1026.8,10336,1.05433378E7
2025-03-31,2025-03-31,1004.2,1010.4,995.7,1009.4,15931,1.60062056E7
2025-03-28,2025-03-28,1044.4,1050.8,1020.2,1022,8700.0,9037749.8
2025-03-27,2025-03-27,1056.4,1061,1047.8,1055,8736,9222300.6
2025-03-26,2025-03-26,1075.6,1076.8,1059.4,1060.8,10762,1.15311416E7
2025-03-25,2025-03-25,1068.8,1074.2,1065.4,1071,8909,9521045.2
2025-03-24,2025-03-24,1056.8,1069,1054.2,1068.2,16795,1.78549802E7
2025-03-21,2025-03-21,1037.8,1040.2,1026.2,1038.8,6459,6669831.4
2025-03-20,2025-03-20,1043.6,1052.4,1031.4,1039.4,10232,1.06683496E7
2025-03-19,2025-03-19,1022.6,1037.2,1022.2,1035.2,8736,8985850.0
2025-03-18,2025-03-18,1033.6,1036.6,1017,1022,10654,1.09562116E7
2025-03-17,2025-03-17,1030.8,1041.2,1028,1030.8,9628,9945047
2025-03-14,2025-03-14,1023,1036.2,1019.6,1033.2,12158,1.24718034E7
2025-03-13,2025-03-13,1024,1034.2,1015.2,1018.4,9973,1.02208372E7
2025-03-12,2025-03-12,1020.8,1038.2,1016.2,1032.4,20685,2.12217806E7
2025-03-11,2025-03-11,1022.6,1027,1009,1016,37939,38679483
2025-03-10,2025-03-10,1059.6,1060.2,1028.6,1033,25850.0,2.70012928E7
2025-03-07,2025-03-07,1064,1065.8,1045.4,1045.8,15137,16029789
2025-03-06,2025-03-06,1086.4,1087.2,1067.6,1076.6,14094,1.51729254E7
2025-03-05,2025-03-05,1099.6,1101,1073.4,1073.4,20741,2.25964666E7
2025-03-04,2025-03-04,1114.2,1116.4,1090.8,1095.8,36397,4.01931742E7
2025-03-03,2025-03-03,1150.8,1152,1132.2,1136,15666,1.79348136E7
2025-02-28,2025-02-28,1132.2,1140.0,1122,1135.6,15249,1.72748612E7
2025-02-27,2025-02-27,1158.8,1170.0,1145,1155.6,9743,1.13106788E7
2025-02-26,2025-02-26,1156.8,1163,1152.8,1160.4,9910.0,1.14717286E7
2025-02-25,2025-02-25,1164,1166.2,1141,1142.4,13653,1.577756E7
2025-02-24,2025-02-24,1183,1188,1168.6,1176.6,16948,2.00170638E7
2025-02-21,2025-02-21,1202.4,1211.8,1197,1200.8,11494,1.38457396E7
2025-02-20,2025-02-20,1211,1213.6,1197,1200.6,8145,9832427.4
2025-02-19,2025-02-19,1214.2,1217.2,1208.6,1216.6,5572,6762299.8
2025-02-18,2025-02-18,1214.2,1218,1206,1209,6626,8030542.8
2025-02-17,2025-02-17,1210.0,1211.6,1207.2,1209.4,5406,6540899.4
2025-02-14,2025-02-14,1205.6,1206.2,1198,1200.8,7320.0,8798192.6
2025-02-13,2025-02-13,1195,1205.4,1190.6,1202,5332,6384998.6
2025-02-12,2025-02-12,1197.2,1200.0,1185.2,1192,7833,9351948.8
2025-02-11,2025-02-11,1201.6,1204.4,1196.2,1202.2,5067,6084494.2
2025-02-10,2025-02-10,1198,1208,1196,1207.2,7730.0,9284300.2
2025-02-07,2025-02-07,1198.6,1204.2,1190.0,1193,7741,9271289
2025-02-06,2025-02-06,1194,1199.4,1193.4,1195.6,5996,7174317
2025-02-05,2025-02-05,1177.2,1182,1171.6,1182,10767,12663232
2025-02-04,2025-02-04,1180.4,1189.2,1174,1187.8,14748,1.74229194E7
2025-02-03,2025-02-03,1179.6,1184.2,1170.8,1182.2,31645,3.72739952E7
2025-01-31,2025-01-31,1191,1202.6,1190.8,1199,12647,1.51307304E7
2025-01-30,2025-01-30,1183,1186.8,1168.6,1175.2,12457,1.47030118E7
2025-01-29,2025-01-29,1183,1185.6,1170.4,1173.4,8404,9918819.8
2025-01-28,2025-01-28,1163.8,1171,1153.4,1167.4,13565,1.57828364E7
2025-01-27,2025-01-27,1157.2,1160.0,1124.2,1147.6,29384,33647632
2025-01-24,2025-01-24,1194.4,1196.6,1187.4,1190.2,8568,1.02216184E7
2025-01-23,2025-01-23,1197.4,1200.0,1193.6,1198,8218,9830825.2
2025-01-22,2025-01-22,1192.8,1202.8,1188.6,1202.6,9483,1.133316E7
2025-01-21,2025-01-21,1184.2,1192.6,1177.6,1180.6,9130.0,1.08245074E7
2025-01-20,2025-01-20,1190.2,1191.6,1181.2,1185.8,12723,1.51180612E7
2025-01-17,2025-01-17,1174.8,1197.2,1173.6,1191.2,9084,1.07552614E7
2025-01-16,2025-01-16,1188.2,1188.6,1177,1178,8302,9838867.2
2025-01-15,2025-01-15,1151.6,1178.2,1151.4,1176.2,11010.0,1.28380808E7
2025-01-14,2025-01-14,1165.8,1168.8,1151.4,1154,11080.0,1.28889062E7
2025-01-13,2025-01-13,1160.2,1160.8,1149.8,1156,7659,8852463
2025-01-10,2025-01-10,1172.8,1177.2,1156,1160.4,10880.0,1.26981828E7
2025-01-09,2025-01-09,1170.8,1179.8,1170.2,1174,6273,7359357.2
2025-01-08,2025-01-08,1174.2,1179.2,1168.6,1175.8,8456,9936526.8
2025-01-07,2025-01-07,1182.6,1189.2,1171.8,1175.8,11619,13732453
2025-01-06,2025-01-06,1183.4,1195.2,1180.4,1191.8,12048,1.43015108E7
2025-01-03,2025-01-03,1171.4,1180.4,1168,1180.4,5673,6648022.6
2025-01-02,2025-01-02,1168.8,1178.8,1163,1178,13741,1.61010284E7
2024-12-30,2024-12-30,1174.6,1177.8,1162.6,1163.6,5924,6948537.8
2024-12-27,2024-12-27,1192,1192,1168.4,1175,12900.0,1.52613522E7
2024-12-23,2024-12-23,1177,1178,1168.4,1174.6,9807,11518255
2024-12-20,2024-12-20,1158.2,1177,1141,1177,20868,2.40553182E7
2024-12-19,2024-12-19,1169,1177.8,1166.4,1173.8,14992,1.75597286E7
2024-12-18,2024-12-18,1200.4,1203.2,1194.2,1201.2,11557,13865255
2024-12-17,2024-12-17,1200.2,1205.4,1193.6,1201,10910.0,1.309581E7
2024-12-16,2024-12-16,1186,1199.6,1184,1198.2,9898,1.17791614E7
2024-12-13,2024-12-13,1186.8,1192.4,1179.8,1183.6,20706,2.45658138E7
2024-12-12,2024-12-12,1182.2,1185.2,1176.4,1180.6,10091,1.19131934E7
2024-12-11,2024-12-11,1165.4,1184.2,1164,1183.8,6816,7992245.2
2024-12-10,2024-12-10,1161.8,1173.8,1161,1167,7430.0,8668563.4
2024-12-09,2024-12-09,1172.2,1173,1155.8,1160.4,7565,8826342.4
2024-12-06,2024-12-06,1158.2,1170.6,1154.8,1167.8,10954,1.27238992E7
2024-12-05,2024-12-05,1163.6,1167,1159.4,1162.6,11622,13520002
2024-12-04,2024-12-04,1158.6,1168,1158,1162.6,10221,1.18931346E7
2024-12-03,2024-12-03,1152.8,1153,1145,1152.4,11824,13592399
2024-12-02,2024-12-02,1139,1154.6,1134.6,1153,10186,1.16452872E7
2024-11-29,2024-11-29,1126.8,1134,1123.8,1133.6,8299,9369903.2
2024-11-28,2024-11-28,1129.6,1130.0,1126,1128.6,4781,5393151.2
2024-11-27,2024-11-27,1137.2,1137.2,1116.2,1118.6,5279,5965619.2
2024-11-26,2024-11-26,1135.4,1140.6,1130.2,1139,5576,6332277.6
2024-11-25,2024-11-25,1141.6,1142.6,1131,1135.6,8347,9495650.8
2024-11-22,2024-11-22,1130.0,1144.4,1129.8,1138,10086,1.14577658E7
2024-11-21,2024-11-21,1118,1130.8,1110.0,1127.2,16992,1.90398046E7
2024-11-20,2024-11-20,1120.8,1123,1108.6,1114,8123,9091930.8
2024-11-19,2024-11-19,1112.6,1113.8,1097,1113.8,9735,10776209
2024-11-18,2024-11-18,1110.6,1115.2,1103.8,1115.2,9574,1.06274588E7
2024-11-15,2024-11-15,1123.8,1123.8,1108.2,1109.2,10876,1.21563462E7
2024-11-14,2024-11-14,1138.8,1146.8,1132.4,1135.4,8173,9308781.4
2024-11-13,2024-11-13,1133,1137.8,1128.4,1137.8,7534,8536444.4
2024-11-12,2024-11-12,1134.4,1138.2,1131.8,1135.8,6776,7690342.4
2024-11-11,2024-11-11,1132.6,1139,1129.6,1132.6,9992,1.13377258E7
2024-11-08,2024-11-08,1121.6,1124.8,1113.4,1124.8,8223,9205718
2024-11-07,2024-11-07,1106.2,1115,1104.4,1114.8,8150.0,9029108
2024-11-06,2024-11-06,1093.8,1103.4,1090.2,1100.8,15969,1.74910108E7
2024-11-05,2024-11-05,1049.8,1058.8,1048.8,1058,6974,7345726.8
2024-11-04,2024-11-04,1052.8,1054.8,1043.4,1051.4,4957,5208125.2
2024-11-01,2024-11-01,1051,1061.6,1047.2,1060.2,8486,8943675.4
2024-10-31,2024-10-31,1062.2,1066.2,1048,1050.0,13229,1.39958868E7
2024-10-30,2024-10-30,1088.6,1088.6,1077.2,1079.6,6455,6995345.4
2024-10-29,2024-10-29,1077.2,1084.4,1074.8,1082.6,6910.0,7453242.2
2024-10-28,2024-10-28,1082.8,1085,1076.6,1077.4,6694,7234323.4
2024-10-25,2024-10-25,1069.8,1084.2,1068.6,1082.6,5275,5680314.8
2024-10-24,2024-10-24,1070.0,1073.8,1066.6,1069,8750.0,9361170.0
2024-10-23,2024-10-23,1078.4,1080.0,1068,1069.2,8865,9531533.2
2024-10-22,2024-10-22,1071.4,1076.6,1067.6,1073.8,3426,3671186.8
2024-10-21,2024-10-21,1068,1074.2,1063,1067.6,6266,6690291.2
2024-10-18,2024-10-18,1068.8,1071.4,1066.8,1070.2,3961,4234881.8
2024-10-17,2024-10-17,1067,1079.2,1065.6,1070.2,4989,5340111
2024-10-16,2024-10-16,1061,1062,1051.8,1058.4,5552,5877420.4
2024-10-15,2024-10-15,1072,1072.6,1057.2,1061,8867,9476069.8
2024-10-14,2024-10-14,1059.6,1072.8,1059,1067,7219,7699667.2
2024-10-11,2024-10-11,1057,1060.0,1052.8,1057.6,3950.0,4170479.4
2024-10-10,2024-10-10,1059,1060.0,1051,1059.8,4424,4674760.8
2024-10-09,2024-10-09,1045,1055.4,1043.4,1055.4,4418,4627050.2
2024-10-08,2024-10-08,1029,1045.6,1028.8,1044.4,4315,4473057.4
2024-10-07,2024-10-07,1042.4,1042.6,1035.8,1040.2,6003,6234780.8
2024-10-04,2024-10-04,1026,1045.8,1025.6,1034.8,7342,7619679.6
2024-10-03,2024-10-03,1023.6,1035.2,1018.8,1028,2649,2714027.8
2024-10-02,2024-10-02,1019.4,1028.8,1015.6,1028.2,7245,7390906.6
2024-10-01,2024-10-01,1029.8,1036.4,1013.2,1018.6,9449,9711691
2024-09-30,2024-09-30,1022.4,1025.8,1015.6,1025.2,6783,6939030.4
2024-09-27,2024-09-27,1029.2,1032,1024.4,1025.4,5676,5840881.2
2024-09-26,2024-09-26,1036.8,1042.2,1022.6,1023.8,7713,7985695
2024-09-25,2024-09-25,1014.2,1024.6,1013.4,1024.6,3649,3711865
2024-09-24,2024-09-24,1023.2,1024,1011.8,1019.6,5533,5645192.6
2024-09-23,2024-09-23,1016,1022,1014,1020.0,4049,4126716
2024-09-20,2024-09-20,1012.8,1015.4,1008,1011,4529,4584834.8
2024-09-19,2024-09-19,1008.8,1022.8,1007.6,1020.0,8387,8519932
2024-09-18,2024-09-18,1000.4,1001.4,996.6,997,3691,3686358.2
2024-09-17,2024-09-17,999.2,1006.6,999.1,1002.6,4461,4473447.3
2024-09-16,2024-09-16,1001.6,1003.4,990.5,995,4883,4874470.4
2024-09-13,2024-09-13,1002.6,1006,999.1,1005.4,3315,3321850.2
2024-09-12,2024-09-12,1001.2,1003,992.8,997.8,4961,4958440.1
2024-09-11,2024-09-11,971,979.3,962,968.9,5606,5445298.2
2024-09-10,2024-09-10,961.7,973.9,960.9,971,4440.0,4290043.9
2024-09-09,2024-09-09,958.7,966.9,955.5,960.7,6590.0,6329805.8
2024-09-06,2024-09-06,965.7,974.7,949.6,951.6,9517,9166264.4
2024-09-05,2024-09-05,973.2,983.2,966,970.7,5038,4901594.2
2024-09-04,2024-09-04,973.3,982.8,969.4,978.1,5516,5377166.7
2024-09-03,2024-09-03,1010.2,1011.6,988.5,992.1,4152,4163398.8
2024-09-02,2024-09-02,1007.2,1012.6,1005,1011.6,3746,3775223
2024-08-30,2024-08-30,1001.2,1008.6,1000.6,1002.6,5699,5724545.4
2024-08-29,2024-08-29,990.8,1012.6,990.8,1009.4,5314,5321027.6
2024-08-28,2024-08-28,1003.2,1006.6,989.7,992.1,3744,3749973
2024-08-27,2024-08-27,999.9,1003.8,992.8,999.6,3153,3148095.3
2024-08-26,2024-08-26,1006.6,1010.8,993.3,998.9,4577,4603466.7
2024-08-23,2024-08-23,1006.8,1015,999.9,1005.2,6998,7056400.6
2024-08-22,2024-08-22,1016.6,1024,1013.2,1013.2,4220.0,4297275.6
2024-08-21,2024-08-21,1013.2,1021,1012,1014.4,3358,3410162.8
2024-08-20,2024-08-20,1021,1023.4,1010.6,1014.8,6987,7105637.2
2024-08-19,2024-08-19,1008.6,1011.8,1005,1010.4,4267,4304003.4
2024-08-16,2024-08-16,1018.2,1018.4,1006,1010.4,5422,5490151
2024-08-15,2024-08-15,989.2,1010.2,986.5,1009.6,7007,6981165.9
2024-08-14,2024-08-14,987.1,987.9,973.2,986.5,8633,8484091.4
2024-08-13,2024-08-13,974.5,984.4,970.1,984.4,7646,7471516.7
2024-08-12,2024-08-12,969,974.6,963.5,967.1,5814,5642504.1
2024-08-09,2024-08-09,961.2,970.3,957.4,962.8,7611,7341452.2
2024-08-08,2024-08-08,935.5,960.1,928.7,957.8,14951,1.41986886E7
2024-08-07,2024-08-07,951,964.7,947.5,959.8,11608,1.11076007E7
2024-08-06,2024-08-06,948.2,952,933.8,947.7,13759,1.30026215E7
2024-08-05,2024-08-05,916.8,940.7,896.3,937.9,37779,3.47591741E7
2024-08-02,2024-08-02,982.2,984.6,956,962.8,10503,1.02086419E7
2024-08-01,2024-08-01,1027.8,1032.4,1011.6,1011.6,7814,8025028.2
2024-07-31,2024-07-31,1005.8,1020.4,1005,1020.2,3693,3737246.4
2024-07-30,2024-07-30,1005.8,1011.8,995.9,996.5,3463,3486628.5
2024-07-29,2024-07-29,1007.6,1015.4,1002,1002,5823,5873913.4
2024-07-26,2024-07-26,997,1003.2,993.3,997.2,6028,6026816.7
2024-07-25,2024-07-25,1006,1006,986.9,1002,12063,1.20445681E7
2024-07-24,2024-07-24,1029.8,1032,1010.6,1011.2,9101,9305947.2
2024-07-23,2024-07-23,1036.2,1047,1034.2,1046,4583,4766965.8
2024-07-22,2024-07-22,1029,1041,1028.2,1030.6,5553,5739476.4
2024-07-19,2024-07-19,1031,1037.2,1026,1026,6523,6732120.6
2024-07-18,2024-07-18,1041.4,1044.2,1027.6,1027.6,8585,8923367.2
2024-07-17,2024-07-17,1060.4,1060.4,1039,1040.8,6683,7004435
2024-07-16,2024-07-16,1069.4,1074.4,1064.8,1066.8,3549,3794993.8
2024-07-15,2024-07-15,1071,1077.2,1066.6,1073.2,4844,5186761.8
2024-07-12,2024-07-12,1063.2,1071,1057.4,1070.2,6416,6813788.8
2024-07-11,2024-07-11,1089.2,1089.4,1067.2,1067.4,6421,6949844.6
2024-07-10,2024-07-10,1080.8,1085.2,1080.6,1083.2,6272,6789520.0
2024-07-09,2024-07-09,1080.6,1084.2,1080.2,1081.4,3906,4226589.2
2024-07-08,2024-07-08,1075,1077.2,1072.8,1077,5283,5676345.6
2024-07-05,2024-07-05,1067.2,1072.8,1064,1072.6,5075,5415371.8
2024-07-04,2024-07-04,1067,1068,1064,1064.8,4443,4737920.2
2024-07-03,2024-07-03,1062,1063.8,1056.8,1062.8,4933,5234563
2024-07-02,2024-07-02,1049.8,1058.6,1047.8,1058.6,4123,4333355.4
2024-07-01,2024-07-01,1048.2,1049.8,1039.8,1049.6,7891,8256906.4
2024-06-28,2024-06-28,1060.0,1067.4,1057,1058.8,4761,5049085.8
2024-06-27,2024-06-27,1052.6,1057.4,1051,1051,4572,4814697
2024-06-26,2024-06-26,1053.8,1057.6,1050.0,1053,6288,6632551.8
2024-06-25,2024-06-25,1038.2,1049.2,1036.2,1048.6,4991,5205667.6
2024-06-24,2024-06-24,1052.4,1053,1040.2,1044.8,6337,6641799.4
2024-06-21,2024-06-21,1055.2,1057,1049.8,1054.2,5103,5380812
2024-06-20,2024-06-20,1066,1068.4,1056.4,1061,5869,6244140.8
2024-06-19,2024-06-19,1060.8,1061.4,1058.6,1060.6,5873,6228105.4
2024-06-18,2024-06-18,1059,1063.6,1055,1056.2,5627,5962962.2
2024-06-17,2024-06-17,1051.2,1052.6,1046,1050.6,8448,8866238
2024-06-14,2024-06-14,1044,1049.8,1040.0,1046.2,6233,6513505.6
2024-06-13,2024-06-13,1037,1038.6,1033.2,1038,7792,8077430.0
2024-06-12,2024-06-12,1021.8,1029.2,1019.8,1026.4,7442,7615445.6
2024-06-11,2024-06-11,1010.8,1017.2,1009.2,1015.4,4182,4230036.2
2024-06-10,2024-06-10,1007.8,1012.8,1005.4,1012.8,4382,4418734.8
2024-06-07,2024-06-07,999,1006.8,996.7,1005.8,3306,3302992.1
2024-06-06,2024-06-06,999,1001.8,996,998.2,4899,4898293.3
2024-06-05,2024-06-05,980.3,994.2,979.2,994,3861,3803525.6
2024-06-04,2024-06-04,971.7,977,969.7,972.6,3824,3721217.1
2024-06-03,2024-06-03,978.9,983.6,972,974.3,6346,6213865.7
2024-05-31,2024-05-31,975.3,976.7,961.1,961.8,3796,3681881.8
2024-05-30,2024-05-30,984.3,987.3,977.8,980.1,5261,5180486.8
2024-05-29,2024-05-29,989.2,992.7,984.1,991.4,3389,3348698.9
2024-05-28,2024-05-28,990.5,993,986.1,989.5,7452,7383103
2024-05-27,2024-05-27,989.3,991.2,987.8,991.2,3062,3028767.6
2024-05-24,2024-05-24,983.4,990.7,981.9,990.4,5793,5701189.1
2024-05-23,2024-05-23,994.2,996.6,987.5,992.6,5478,5443830.9
2024-05-22,2024-05-22,983.6,987.9,983,987.4,4898,4827403.9
2024-05-21,2024-05-21,980.4,981.5,977.4,981.2,2259,2213494.1
2024-05-20,2024-05-20,974.6,981.1,974.3,981.1,3090.0,3017685.5
2024-05-17,2024-05-17,975.7,978.7,974,974,4945,4826084.3
2024-05-16,2024-05-16,977.3,980.1,976.3,979.2,5074,4961996.6
2024-05-15,2024-05-15,965.1,971.6,963.9,971.2,5307,5130847
2024-05-14,2024-05-14,962.1,964,956.4,962,3492,3357043.9
2024-05-13,2024-05-13,963.7,964.1,959.1,961.5,3757,3616189.2
2024-05-10,2024-05-10,961.7,964.6,959,960.5,4298,4135314.4
2024-05-09,2024-05-09,958.6,961.1,954.9,959.9,2002,1919660.0
2024-05-08,2024-05-08,961.2,962.1,954.1,959.7,4123,3957124.6
2024-05-07,2024-05-07,958.3,960.8,955.9,959.7,3696,3540227.1
2024-05-06,2024-05-06,949.3,952.9,948.3,952.9,3202,3042030.5
2024-05-03,2024-05-03,937,947.6,936,945.6,3323,3126845.8
2024-05-02,2024-05-02,928.2,932.8,923.5,927.9,7423,6898338.2
2024-04-30,2024-04-30,947.2,947.8,941.1,941.8,4273,4035341.6
2024-04-29,2024-04-29,946,950.4,943.6,943.6,4297,4065518.9
2024-04-26,2024-04-26,935.5,947.7,933.7,945.4,4398,4129998
2024-04-25,2024-04-25,922.2,924.9,916.9,918.2,4957,4565830.2
2024-04-24,2024-04-24,938.5,942,934,935.2,5758,5399077.8
2024-04-23,2024-04-23,922.4,931,918.8,930.1,7962,7363238.6
2024-04-22,2024-04-22,917.5,921.2,911.9,915.2,9336,8561027.9
2024-04-19,2024-04-19,925.5,930.4,918,918,8202,7587042.9
2024-04-18,2024-04-18,940,941,931.8,938.7,5054,4741138.1
2024-04-17,2024-04-17,948.7,953.8,942.2,942.2,3773,3579656.4
2024-04-16,2024-04-16,950.7,952.7,946.4,951.7,6348,6032298.2
2024-04-15,2024-04-15,969.6,974.6,965.1,967.1,9919,9612689.8
2024-04-12,2024-04-12,977.8,978.2,967.2,970.7,7597,7409631.4
2024-04-11,2024-04-11,957.4,963.7,953.6,963,3935,3769254
2024-04-10,2024-04-10,955.8,958,946.1,954.7,6415,6107357.8
2024-04-09,2024-04-09,952.6,954.4,944.2,947.7,4264,4055214.1
2024-04-08,2024-04-08,952.6,956.3,950,952.8,8677,8272703
2024-04-05,2024-04-05,943.6,955.8,942,953.2,6324,5987129.5
2024-04-04,2024-04-04,959,963.9,958,961,4089,3923669
2024-04-03,2024-04-03,958,961.3,953.4,960.6,6217,5958746.1
2024-04-02,2024-04-02,972.3,973,953.6,957.4,8737,8425180.1
2024-03-28,2024-03-28,965.9,967.6,962.8,964.3,4308,4158902.9
2024-03-27,2024-03-27,963.1,967.5,958.4,960.3,9845,9466670.0
2024-03-26,2024-03-26,965,966.8,962.6,965.2,3913,3775184.4
2024-03-25,2024-03-25,966,967.2,957.5,963,8575,8254431.4
2024-03-22,2024-03-22,966,968.7,962,965.6,3589,3466602.9
2024-03-21,2024-03-21,960.4,969.9,959,969.2,6295,6063796
2024-03-20,2024-03-20,946.4,951.2,945.7,946.9,2974,2819233.3
2024-03-19,2024-03-19,942.6,946.6,936,943.7,2960.0,2785717.6
2024-03-18,2024-03-18,938.3,949.3,936.7,946.6,4608,4343642.3
2024-03-15,2024-03-15,942.6,946.6,931.8,932.8,5126,4814679.5
2024-03-14,2024-03-14,946.3,947.8,938.8,945,3392,3202582.7
2024-03-13,2024-03-13,951.2,951.2,940,941.7,4869,4608460.7
2024-03-12,2024-03-12,942.9,950.8,937.3,946.4,4727,4456468.7
2024-03-11,2024-03-11,938.4,939.8,933.6,938,7986,7484789.5
2024-03-08,2024-03-08,953.6,959,947.2,947.7,6834,6519926.4
2024-03-07,2024-03-07,939.3,953.2,937.5,952,7434,7046858.4
2024-03-06,2024-03-06,944.2,947.8,939.7,944.9,8319,7863431.1
2024-03-05,2024-03-05,954.3,954.5,937.9,940.6,6760.0,6421636.2
2024-03-04,2024-03-04,962.3,964.4,958.4,958.6,14945,1.43523693E7
2024-03-01,2024-03-01,955.3,958.7,949.6,957.7,7151,6820183.7
2024-02-29,2024-02-29,939.1,948,936,945.4,8835,8318745.4
2024-02-28,2024-02-28,945,945.7,939,943,3611,3403523.2
2024-02-27,2024-02-27,942.4,945.5,939.8,942.6,3617,3412869
2024-02-26,2024-02-26,942.6,945.8,941.8,944.8,4972,4689828.9
2024-02-23,2024-02-23,946.9,952,943.9,946,3439,3256925.3
2024-02-22,2024-02-22,935.6,945,933.4,945,7752,7278373
2024-02-21,2024-02-21,923.4,923.5,917.1,919.3,5108,4703722.1
2024-02-20,2024-02-20,934,934.3,917.7,920.3,7737,7169346
2024-02-19,2024-02-19,935.9,939.4,934.5,938.2,3764,3526685.4
2024-02-16,2024-02-16,948.6,951.1,936,941.7,7196,6814118.2
2024-02-15,2024-02-15,948.4,948.5,938.5,941.6,11048,1.04357824E7
2024-02-14,2024-02-14,940.8,944.4,936.8,939.5,5787,5451693.6
2024-02-13,2024-02-13,945.9,946.3,931.6,940,9173,8614802.3
2024-02-12,2024-02-12,948.1,953.7,947.9,953.7,7389,7024090.4
2024-02-09,2024-02-09,942.6,947.2,941,945.7,6799,6416949
2024-02-08,2024-02-08,939.2,943.3,938.3,942.4,5319,4998760.5
2024-02-07,2024-02-07,929.1,940.8,928.7,938.1,7671,7164447.7
2024-02-06,2024-02-06,936.6,938.3,929.3,930.9,8403,7857910.1
2024-02-05,2024-02-05,930.2,936,928,932,12102,1.12761475E7
2024-02-02,2024-02-02,916.3,929,915.2,929,9039,8309742.5
2024-02-01,2024-02-01,910.1,911.9,902.7,903.8,9638,8757082.1
2024-01-31,2024-01-31,914.3,914.9,901.6,905,8068,7330119.1
2024-01-30,2024-01-30,924.9,927.5,921,922.1,5861,5417082.7
2024-01-29,2024-01-29,917.3,920.8,916.4,920,3435,3155569.7
2024-01-26,2024-01-26,914.4,918.4,911.8,917.5,4900.0,4481597
2024-01-25,2024-01-25,916.1,925.9,915,925.9,7152,6578685.7
2024-01-24,2024-01-24,917.1,921.8,913.9,919.3,6983,6403895.3
2024-01-23,2024-01-23,906.6,913,904.8,910,6456,5870791.1
2024-01-22,2024-01-22,910.3,912.9,906.3,909.4,8800.0,8009851
2024-01-19,2024-01-19,893.3,897.1,892.6,896,6400.0,5729318.2
2024-01-18,2024-01-18,877.7,890.2,877.7,890.2,5330.0,4715834.2
2024-01-17,2024-01-17,875.5,878.8,869.9,876.8,11914,1.04367159E7
2024-01-16,2024-01-16,871.5,884.5,870.9,883.2,6471,5683976.1
2024-01-15,2024-01-15,876.9,877.4,874.9,876.4,6123,5365022.2
2024-01-12,2024-01-12,871.7,877,871,874.2,4338,3790257.3
2024-01-11,2024-01-11,875.9,877.7,866.3,866.9,10195,8899695.2
2024-01-10,2024-01-10,870.9,871.8,867.5,869.3,13808,1.20007756E7
2024-01-09,2024-01-09,863.6,867.5,859.5,867.2,4665,4028450.8
2024-01-08,2024-01-08,849.1,857.7,846.3,857.2,4972,4236616.9
2024-01-05,2024-01-05,847.8,852.2,846.3,850.3,6658,5649086.9
2024-01-04,2024-01-04,855,855.3,848,853,5511,4694077.9
2024-01-03,2024-01-03,860.1,860.8,855.6,857.3,6902,5921974.1
2024-01-02,2024-01-02,870.4,870.9,859.3,862.9,9345,8103153.8
2023-12-29,2023-12-29,871.1,873.6,869.3,871.3,2674,2330035.1
2023-12-28,2023-12-28,869.5,872,867.8,870,3156,2742790.7
2023-12-27,2023-12-27,871.4,874.9,864.3,866.8,3075,2672883.9
2023-12-22,2023-12-22,865.9,870.5,864.2,868.7,3836,3324824.7
2023-12-21,2023-12-21,868.2,869.3,863.9,866,5842,5066464.6
2023-12-20,2023-12-20,873.6,876.2,871,874.8,5681,4960692.2
2023-12-19,2023-12-19,871.6,873.1,869.3,871.2,6217,5419121.5
2023-12-18,2023-12-18,867.4,871,865.9,870.7,4955,4304611.4
2023-12-15,2023-12-15,859.6,870.1,859.2,870.1,7054,6098404.3
2023-12-14,2023-12-14,871,871.5,856.5,857,13682,1.18486483E7
2023-12-13,2023-12-13,865.9,867.6,864.6,865.1,7545,6532496.4
2023-12-12,2023-12-12,859,860.1,855.6,859.6,27540.0,2.36238636E7
2023-12-11,2023-12-11,850.6,858.1,848.5,854.7,8222,7013786.6
2023-12-08,2023-12-08,844.5,851.4,841.2,849.8,6136,5192273
2023-12-07,2023-12-07,835.5,844.1,834.7,844.1,3353,2812488.9
2023-12-06,2023-12-06,842.3,845,837.3,838.1,4678,3935589.3
2023-12-05,2023-12-05,830.3,840,827.5,837.4,9000.0,7478455.2
2023-12-04,2023-12-04,835.1,837,827,829,5518,4593388.4
2023-12-01,2023-12-01,832.7,836.7,831,834.4,6621,5518221.2
2023-11-30,2023-11-30,833.5,837,828,828.6,6289,5232425.2
2023-11-29,2023-11-29,830.9,838.5,830.4,831.5,4997,4170934.6
2023-11-28,2023-11-28,829.3,830.5,826,830,5302,4393576.1
2023-11-27,2023-11-27,829.7,833.8,828.6,833.2,8141,6763632.7
2023-11-24,2023-11-24,835,837.1,830,831.9,8515,7088626.3
2023-11-23,2023-11-23,836.7,837.6,834.7,837,1983,1658743.3
2023-11-22,2023-11-22,830.5,842.4,830.3,839.1,3844,3216548.3
2023-11-21,2023-11-21,833.3,834.6,826,828.3,6810.0,5667388
2023-11-20,2023-11-20,824.6,830.8,824,830.7,5668,4686792.8
2023-11-17,2023-11-17,832.2,833,825.3,827.5,3640.0,3019705.4
2023-11-16,2023-11-16,830,830.2,824.8,826.4,7181,5948516.3
2023-11-15,2023-11-15,830.8,835,830.3,832.8,8621,7177071.5
2023-11-14,2023-11-14,825.4,832.2,823.4,828.6,9088,7530611.8
2023-11-13,2023-11-13,823.8,827.2,821.8,825.1,5101,4207008.4
2023-11-10,2023-11-10,811.2,820.8,807.4,820,5812,4720444
2023-11-09,2023-11-09,814.3,816.8,812.5,815.8,5567,4535858.7
2023-11-08,2023-11-08,814.5,817.7,811.8,812.5,4075,3322013.4
2023-11-07,2023-11-07,804.4,816,804.1,816,5060.0,4107750.9
2023-11-06,2023-11-06,801.3,803.9,800.5,802.1,6211,4980264
2023-11-03,2023-11-03,796.8,801.3,794.7,801.3,4696,3744113.8
2023-11-02,2023-11-02,791.6,797.6,791.2,797.6,9099,7225883.3
2023-11-01,2023-11-01,774.9,785.4,773.8,784.1,8991,7013746.5
2023-10-31,2023-10-31,764.9,771.8,764,771.1,6160.0,4729136
2023-10-30,2023-10-30,770.6,772.4,763.2,766.1,6039,4633979.3
2023-10-27,2023-10-27,766.2,769.6,764,767.1,6684,5124394
2023-10-26,2023-10-26,766.9,774.1,765.3,767,6099,4686913.2
2023-10-25,2023-10-25,787.6,790.6,780.4,781.3,3429,2698407.6
2023-10-24,2023-10-24,783.2,792.9,783,790.1,5475,4309590.1
2023-10-23,2023-10-23,784.7,785.8,774.8,783.4,5535,4309950.0
2023-10-20,2023-10-20,792,794.4,782.9,782.9,6548,5175854.8
2023-10-19,2023-10-19,804.5,807.2,800.2,803.3,4890.0,3935063.4
2023-10-18,2023-10-18,810.7,814,809.3,812.1,3778,3063281.6
2023-10-17,2023-10-17,818.6,819.3,806,814.6,4952,4029011.2
2023-10-16,2023-10-16,812.9,820.2,809.1,819.5,4946,4021389.5
2023-10-13,2023-10-13,821,823.7,814.7,815.5,4464,3657165.9
2023-10-12,2023-10-12,819,827,818.9,824.9,5302,4359159.2
2023-10-11,2023-10-11,813.6,817.5,812.5,814,3123,2543902.4
2023-10-10,2023-10-10,812.3,817.5,808.8,817.5,5888,4777881.4
2023-10-09,2023-10-09,803.2,805.3,800,804.7,5787,4648571.9
2023-10-06,2023-10-06,795.6,797.7,788,797.7,6444,5109399.2
2023-10-05,2023-10-05,799.1,801.3,788.8,790.5,3379,2689762.4
2023-10-04,2023-10-04,787.7,796.9,785.6,795.4,9775,7733732.9
2023-10-03,2023-10-03,806.1,807.2,793,793.4,5865,4697926.2
2023-10-02,2023-10-02,797.3,806.7,793.7,805.2,10232,8164989.3
2023-09-29,2023-09-29,793,801.4,792.6,795.9,6968,5543997.7
2023-09-28,2023-09-28,790.8,791.9,783,791.9,3916,3082180.2
2023-09-27,2023-09-27,785.9,791.3,785.7,788.2,4513,3558417.3
2023-09-26,2023-09-26,789.8,790.5,782.6,784.8,7643,6018547
2023-09-25,2023-09-25,788.7,792.8,784,792.1,4080.0,3211692.8
2023-09-22,2023-09-22,787.1,792.8,786.5,792.6,6718,5310160.3
2023-09-21,2023-09-21,798.5,798.5,788.7,789.5,10778,8543560.9
2023-09-20,2023-09-20,809.4,811.1,804.7,805.1,1773,1433637
2023-09-19,2023-09-19,810.2,812.5,802.3,805.1,6888,5573254
2023-09-18,2023-09-18,812.6,813.6,808.4,811.8,4039,3279199.9
2023-09-15,2023-09-15,828.2,828.2,812.2,812.5,5996,4928700.1
2023-09-14,2023-09-14,816.6,826.2,814.8,824.6,5454,4470591.7
2023-09-13,2023-09-13,810.4,815.4,807.4,815.4,4887,3960099
2023-09-12,2023-09-12,819.8,820.4,812.7,814.6,3061,2504430.4
2023-09-11,2023-09-11,814.1,818,812,814.1,4703,3832451.2
2023-09-08,2023-09-08,813,815.3,809.1,815.3,4309,3498699.5
2023-09-07,2023-09-07,813.4,813.6,806,810.5,3584,2903239.3
2023-09-06,2023-09-06,820.2,820.6,814.7,816.3,6185,5064772
2023-09-05,2023-09-05,816.8,825.7,815.3,823,5260.0,4310472.2
2023-09-04,2023-09-04,818.4,819.8,816.9,817.3,6247,5110322.5
2023-09-01,2023-09-01,812.6,818.2,811.8,816.3,4036,3287455.7
2023-08-31,2023-08-31,806.7,817.2,806.7,814.7,6933,5625351.2
2023-08-30,2023-08-30,805,805.4,798.5,803.8,4074,3269089.6
2023-08-29,2023-08-29,794,803.6,791.3,803.6,2648,2112118.7
2023-08-28,2023-08-28,786.2,794.4,786.2,789.1,6661,5254390.5
2023-08-25,2023-08-25,780,787.3,777.7,782.4,2382,1862827.3
2023-08-24,2023-08-24,804.9,805.3,785.3,785.6,5307,4244219.1
2023-08-23,2023-08-23,785.1,794.1,785,793.4,3986,3142923.6
2023-08-22,2023-08-22,778.6,788,778.6,785.2,5844,4583444.4
2023-08-21,2023-08-21,769,777.1,768.6,772.3,4633,3577391.5
2023-08-18,2023-08-18,769.7,770.3,761.6,765.4,10279,7870026.4
2023-08-17,2023-08-17,779.7,780.9,773.8,774.4,4434,3447070.2
2023-08-16,2023-08-16,784.5,785.9,782.6,784,2008,1574827.3
2023-08-15,2023-08-15,792.4,792.5,782.8,787.1,5101,4019822.9
2023-08-14,2023-08-14,780.6,791.3,780.5,788.6,3913,3068390.5
2023-08-11,2023-08-11,784.2,784.9,777.5,777.7,4824,3764649.6
2023-08-10,2023-08-10,784.8,791.8,783.5,787.3,7398,5817918.3
2023-08-09,2023-08-09,795.2,795.2,781.6,782.5,4266,3365660.8
2023-08-08,2023-08-08,793.6,795.8,786.8,787.6,3218,2548880.2
2023-08-07,2023-08-07,794.2,796.3,789,790.2,5419,4302506.9
2023-08-04,2023-08-04,801.3,803.7,791.2,796.6,8166,6525813.6
2023-08-03,2023-08-03,797,800.6,794,798.1,7737,6168936.3
2023-08-02,2023-08-02,806.3,809,800.9,801.4,7035,5661764.9
2023-08-01,2023-08-01,816,816,811.2,815.3,7691,6261779.4
2023-07-31,2023-07-31,811.6,814,809,811.9,6314,5128463.7
2023-07-28,2023-07-28,805.2,813,804.9,812.8,7343,5932387.5
2023-07-27,2023-07-27,799.8,816.4,799.7,813.2,6730.0,5429500.8
2023-07-26,2023-07-26,799.5,799.9,791.9,793.7,4579,3650832.5
2023-07-25,2023-07-25,794.6,801.6,793.8,800.7,5199,4145865.3
2023-07-24,2023-07-24,788.5,794.8,788,791.9,24552,1.94629702E7
2023-07-21,2023-07-21,791.3,796.7,790,793.1,5683,4510274.5
2023-07-20,2023-07-20,797.7,802,795,798.6,5739,4580062.8
2023-07-19,2023-07-19,803.2,809.1,802,808.1,5543,4457245
2023-07-18,2023-07-18,792.4,794.8,791,793.6,4565,3617105.7
2023-07-17,2023-07-17,787.8,793.2,786.9,792.1,3829,3020999.1
2023-07-14,2023-07-14,789.9,796,787.7,793.6,5874,4642808.9
2023-07-13,2023-07-13,783.6,787,783.6,785.5,2504,1965399
2023-07-12,2023-07-12,780.6,786.7,780.6,781.9,2570.0,2012832.1
2023-07-11,2023-07-11,778.4,781.6,775.4,778.1,2563,1995936.4
2023-07-10,2023-07-10,776.7,781.9,775.1,778,4883,3799815.8
2023-07-07,2023-07-07,786.2,789.3,782.3,784.1,5918,4654307.3
2023-07-06,2023-07-06,792.3,793.7,783.2,785.1,4610.0,3637659.3
2023-07-05,2023-07-05,791,798.5,788.8,795.2,5210.0,4125103.7
2023-07-04,2023-07-04,791.7,793.7,791.7,793,2756,2184696.9
2023-07-03,2023-07-03,793.6,795.7,790,790.3,26041,2.06775229E7
2023-06-30,2023-06-30,783.4,791.5,783.4,790,5407,4259032
2023-06-29,2023-06-29,780.7,783.5,778,781.7,2293,1790923.7
2023-06-28,2023-06-28,773.4,783.9,771.1,781.9,4581,3547622.4
2023-06-27,2023-06-27,766.9,769.1,764.4,769.1,3611,2767304
2023-06-26,2023-06-26,776.7,780.7,772,773.7,5051,3924016
2023-06-23,2023-06-23,779.7,784.6,773.9,776.1,6401,4984746.8
2023-06-22,2023-06-22,767.2,776.4,764.8,776.4,5799,4454154.8
2023-06-21,2023-06-21,783.6,785,769.8,772.2,5292,4116637.2
2023-06-20,2023-06-20,783,788.2,779.4,782,5161,4035692.1
2023-06-19,2023-06-19,785.3,786.6,783,783.5,1912,1500201.4
2023-06-16,2023-06-16,787.9,793,786.9,789.2,5932,4685645.2
2023-06-15,2023-06-15,787.9,788.5,778.6,786,11693,9166012.1
2023-06-14,2023-06-14,784.9,787.4,779.6,786.3,8124,6373933.1
2023-06-13,2023-06-13,782.8,786.2,778.9,784.4,11830.0,9256587.2
2023-06-12,2023-06-12,772.2,774.2,769.5,774.2,5143,3969481.7
2023-06-09,2023-06-09,764,774,762.7,769.1,6052,4634722.5
2023-06-08,2023-06-08,757,763.8,756,763,8153,6183673.4
2023-06-07,2023-06-07,773.9,776.6,766,768.1,5676,4378851.6
2023-06-06,2023-06-06,771.9,775.6,771.1,773.6,5725,4429028.8
2023-06-05,2023-06-05,771.2,778,770.8,777.2,7240.0,5597142.1
2023-06-02,2023-06-02,764.4,772.4,763.7,771.4,16358,1.25375783E7
2023-06-01,2023-06-01,759,761.6,754,760.3,8270.0,6270145.1
2023-05-31,2023-05-31,761.1,764.5,758.3,758.3,6707,5103273.6
2023-05-30,2023-05-30,764,768.8,761,764.1,35424,2.71494246E7
2023-05-29,2023-05-29,761.5,762.6,760.6,761.4,9337,7103902.3
2023-05-26,2023-05-26,738.4,755.5,736.4,754.8,14885,1.10673837E7
2023-05-25,2023-05-25,732.6,739,731.2,737.5,9548,7011235.4
2023-05-24,2023-05-24,720.4,721.6,714.4,716.8,6835,4912142
2023-05-23,2023-05-23,729.1,730.9,726.9,728.7,4034,2940581.1
2023-05-22,2023-05-22,726.2,730.4,723.9,729.1,6463,4694389
2023-05-19,2023-05-19,729.7,731.5,724.7,724.7,11070.0,8072463.8
2023-05-18,2023-05-18,713.2,727,713.2,726.5,4360.0,3137566.4
2023-05-17,2023-05-17,704,708.6,703.5,707.6,3115,2201006.1
2023-05-16,2023-05-16,699.9,705.1,698.3,704.7,4243,2972446.4
2023-05-15,2023-05-15,699.3,700.6,694.8,699.4,5537,3869865
2023-05-12,2023-05-12,697.7,700.8,696.6,696.6,3689,2576805.9
2023-05-11,2023-05-11,696.1,697.8,692.2,696.7,4917,3418971.1
2023-05-10,2023-05-10,684.6,691.3,681.7,689.7,6149,4230583.3
2023-05-09,2023-05-09,685.1,686.9,684.2,686.1,2776,1903233.9
2023-05-08,2023-05-08,681.6,683.2,679.2,682.6,4088,2786871.5
2023-05-05,2023-05-05,670.9,682,670.4,680.6,3328,2254581.1
2023-05-04,2023-05-04,670.8,673.1,666.6,672.1,4214,2826383.4
2023-05-03,2023-05-03,676.7,678,673.9,674.6,4932,3332530.0
2023-05-02,2023-05-02,684.5,687,674.9,675.9,8194,5589929
2023-04-28,2023-04-28,677.5,681.5,674.9,677,3507,2378126.4
2023-04-27,2023-04-27,664,673.5,663.3,673.1,9239,6182280.7
2023-04-26,2023-04-26,664.9,665.4,657.1,663.3,5937,3926121.1
2023-04-25,2023-04-25,665,667.4,663.9,665.2,2489,1656371.2
2023-04-24,2023-04-24,670.3,672.6,665.6,665.6,5462,3659368.5
2023-04-21,2023-04-21,673.4,673.7,669,672.4,2879,1933717.2
2023-04-20,2023-04-20,675.2,676,670.2,674.6,4615,3107954.1
2023-04-19,2023-04-19,675.6,677.5,673.5,676.6,5310.0,3584486
2023-04-18,2023-04-18,679.3,684.3,676.9,678.7,4134,2814418.3
2023-04-17,2023-04-17,677.5,680.5,676,677,4240.0,2873817.1
2023-04-14,2023-04-14,671.9,678.2,669.5,674.3,4727,3186234.5
2023-04-13,2023-04-13,667.2,670.1,663.4,669.5,8907,5931448.4
2023-04-12,2023-04-12,673.4,678.9,666.8,668.5,4713,3177305.8
2023-04-11,2023-04-11,681.7,682,674.4,674.7,4458,3029337.8
2023-04-06,2023-04-06,674.4,675.4,670.2,674.7,7946,5347269.9
2023-04-05,2023-04-05,680.3,680.8,672.4,673.5,3663,2480364.1
2023-04-04,2023-04-04,684.1,688.5,679.2,680.7,5162,3535530.8
2023-04-03,2023-04-03,688.5,688.7,681.1,681.9,7393,5072758
2023-03-31,2023-03-31,676.2,684,675.8,683.6,6756,4582241.1
2023-03-30,2023-03-30,674.1,676.4,672.5,675.1,6256,4217154.4
2023-03-29,2023-03-29,667.6,670.6,665,670,3484,2329311.8
2023-03-28,2023-03-28,667.7,667.7,657.5,659.4,6169,4087013.2
2023-03-27,2023-03-27,676.4,676.6,670,670.3,9396,6337365.4
2023-03-24,2023-03-24,670,672,667,668.7,7923,5309164.6
2023-03-23,2023-03-23,661.7,672.4,661.7,670.3,16981,1.13421918E7
2023-03-22,2023-03-22,669.6,674.4,668.6,671.4,7064,4742294.1
2023-03-21,2023-03-21,666.7,669.6,663.9,667.3,9331,6217546.3
2023-03-20,2023-03-20,664.5,667.3,657,661,11451,7591621.8
2023-03-17,2023-03-17,671.6,676.5,665,666.8,8998,6042803.4
2023-03-16,2023-03-16,658.4,677,655.1,668.5,40841,2.73080955E7
2023-03-15,2023-03-15,645.2,657.3,640,652.4,19540.0,1.26564305E7
2023-03-14,2023-03-14,635.1,646.9,632.2,646.1,8148,5198896.4
2023-03-13,2023-03-13,636.1,638.7,620.6,634.3,12091,7642526
2023-03-10,2023-03-10,642.8,649.9,632.2,642.9,9591,6150135.6
2023-03-09,2023-03-09,655.9,662.5,652,659.3,5186,3405606.7
2023-03-08,2023-03-08,654.9,657.6,653,654.5,6662,4364522.7
2023-03-07,2023-03-07,655.6,658.3,652.5,656,6621,4345547.6
2023-03-06,2023-03-06,657.5,662.7,656.1,661.8,6378,4199266.6
2023-03-03,2023-03-03,644,653.5,643,652.7,5073,3291589.9
2023-03-02,2023-03-02,631.4,638,631.2,636.1,5641,3576414.7
2023-03-01,2023-03-01,645.3,645.6,618,635.5,32858,2.08689517E7
2023-02-28,2023-02-28,644.2,648.4,643.3,646,3631,2342913.3
2023-02-27,2023-02-27,647.6,651.3,645.8,646.7,5039,3266565.3
2023-02-24,2023-02-24,650.6,650.6,641,642.5,3877,2505583.3
2023-02-23,2023-02-23,650.4,654.3,645.7,646.3,4403,2869138.4
2023-02-22,2023-02-22,644.5,647.1,640.6,645.5,13093,8439268.6
2023-02-21,2023-02-21,654,654,645.5,645.7,6711,4359747.3
2023-02-20,2023-02-20,655.3,658.4,654.9,656.1,3318,2177669.9
2023-02-17,2023-02-17,659.5,660.8,652.6,652.6,5435,3572616.7
2023-02-16,2023-02-16,674.7,675,664,669.5,9179,6152123.6
2023-02-15,2023-02-15,662.4,669.4,662.2,669.3,7306,4859192.3
2023-02-14,2023-02-14,661.6,665.3,655,657.2,10117,6684837.1
2023-02-13,2023-02-13,652.5,661.4,652.5,660.7,4142,2720169.3
2023-02-10,2023-02-10,653.2,656.1,649.1,653.1,8123,5304076.3
2023-02-09,2023-02-09,665.5,667.6,661.6,661.7,12213,8125996.3
2023-02-08,2023-02-08,672,672.8,660.7,661.1,8319,5568774.9
2023-02-07,2023-02-07,660.8,665.7,659.4,665.7,8587,5685708.2
2023-02-06,2023-02-06,659.1,663.4,654.8,663.4,7698,5065710.6
2023-02-03,2023-02-03,653.9,671.2,653,671.2,17781,11714131
2023-02-02,2023-02-02,643.5,664.6,643.5,664.6,26089,1.70236761E7
2023-02-01,2023-02-01,629.7,630.9,625.3,627.9,9242,5816627.4
2023-01-31,2023-01-31,624.3,628.9,619.8,628.4,9142,5709269.5
2023-01-30,2023-01-30,629.9,629.9,622.6,627,8920.0,5590195.2
2023-01-27,2023-01-27,625,633.6,623.6,633.6,8122,5086250.5
2023-01-26,2023-01-26,617.6,625.4,617.4,621.9,10639,6601099.2
2023-01-25,2023-01-25,614.7,614.7,601.9,608.3,5771,3511361.1
2023-01-24,2023-01-24,618.2,621.1,615.3,618.4,6173,3812428.6
2023-01-23,2023-01-23,604.6,620.5,603.3,618.6,12829,7801696.3
2023-01-20,2023-01-20,594.6,600.8,591.9,600.6,7191,4289440.6
2023-01-19,2023-01-19,598.2,598.9,592,592,10826,6456506.2
2023-01-18,2023-01-18,606.6,611.1,602.2,602.2,10813,6556157.9
2023-01-17,2023-01-17,601.7,609.2,600,606.3,26398,1.59183826E7
2023-01-16,2023-01-16,603.5,605.5,600.3,603.7,6892,4159381.4
2023-01-13,2023-01-13,598.8,600.5,594.4,598.7,4973,2973864.7
2023-01-12,2023-01-12,600.9,603.1,592.8,596.9,14488,8682244.1
2023-01-11,2023-01-11,591.1,596.3,590.7,595.5,6971,4138997.7
2023-01-10,2023-01-10,586.1,591.7,583.3,587.1,9215,5408513.8
2023-01-09,2023-01-09,586.9,597,586.6,595.9,14654,8653251
2023-01-06,2023-01-06,579.8,586,575,584.4,17950.0,1.04285916E7
2023-01-05,2023-01-05,581.6,586.4,578,581.5,6402,3725814.2
2023-01-04,2023-01-04,584.7,586.7,578.8,586.6,11798,6889462.6
2023-01-03,2023-01-03,588.3,596.6,581.6,581.6,8269,4890303.3
2023-01-02,2023-01-02,587.2,593.5,587,593.5,3152,1855669.3
2022-12-30,2022-12-30,579.7,580.7,576.2,576.3,3832,2218463.7
2022-12-29,2022-12-29,573.3,582.6,572,582.3,12645,7300291.9
2022-12-28,2022-12-28,579.1,580,572.4,572.8,5938,3429977.7
2022-12-27,2022-12-27,590.7,591.2,577,579.3,5193,3036578.2
2022-12-23,2022-12-23,585.9,589.8,579.3,584.2,11549,6761102.7
2022-12-22,2022-12-22,600.5,601.5,583.6,584.8,7917,4697731.7
2022-12-21,2022-12-21,594,602.7,592.8,601.5,6388,3805636.3
2022-12-20,2022-12-20,587.6,593.9,586.4,589,8221,4849754.6
2022-12-19,2022-12-19,601,604.3,593.9,593.9,5666,3406266.1
2022-12-16,2022-12-16,603.8,606,597.8,601.3,11937,7179246.2
2022-12-15,2022-12-15,621.5,621.5,605.3,607.1,16480.0,1.01236111E7
2022-12-14,2022-12-14,632.1,635.3,628.6,634.2,4166,2633256.3
2022-12-13,2022-12-13,630.5,648.8,629.9,640,36752,2.37000862E7
2022-12-12,2022-12-12,623.1,624.7,620.8,622.7,2337,1454179.1
2022-12-09,2022-12-09,627.3,630,621.4,628.4,5518,3459689
2022-12-08,2022-12-08,620.7,626.7,619,624.1,23622,1.46741211E7
2022-12-07,2022-12-07,627.2,627.2,615.9,620.1,6728,4179347.2
2022-12-06,2022-12-06,637.2,639.5,624.3,627.1,5718,3632061.3
2022-12-05,2022-12-05,642.6,644.4,639.1,639.1,7220.0,4631579
2022-12-02,2022-12-02,647.8,649.7,637,643.4,7246,4670530.6
2022-12-01,2022-12-01,655.1,655.3,645.3,649.6,9968,6506792.3
2022-11-30,2022-11-30,631.6,634.8,628.7,634.8,7945,5018255.5
2022-11-29,2022-11-29,637.3,638.7,628.3,629.2,3900.0,2466177.4
2022-11-28,2022-11-28,637.7,639,629.9,637.8,5368,3399955.9
2022-11-25,2022-11-25,647,647,641.8,641.8,5154,3323151.1
2022-11-24,2022-11-24,646.2,650.1,645.7,648.3,5013,3248345.5
2022-11-23,2022-11-23,643.9,649,643.5,647.3,5252,3390978.8
2022-11-22,2022-11-22,638,641.6,635.7,640.2,5871,3751564.2
2022-11-21,2022-11-21,642.5,645.4,639.5,640.6,6049,3886577.8
2022-11-18,2022-11-18,638.2,646.7,636,639.6,8110.0,5213008.6
2022-11-17,2022-11-17,642.7,643.2,632.1,637.9,15714,1.00459287E7
2022-11-16,2022-11-16,649.9,649.9,636.5,639.8,12950.0,8322315.3
2022-11-15,2022-11-15,643.9,655.3,642.8,655.1,31933,20667563
2022-11-14,2022-11-14,645.3,648.3,642,645.2,8430.0,5436690.6
2022-11-11,2022-11-11,647.3,648.2,636.7,639,15387,9907741
2022-11-10,2022-11-10,614,637.8,613.6,637.8,21493,13546604
2022-11-09,2022-11-09,624.7,625.5,616.5,617.2,13781,8570248.1
2022-11-08,2022-11-08,620,628.8,619.8,628.8,6511,4068964.9
2022-11-07,2022-11-07,616.4,621,614.5,618.4,12862,7946569.4
2022-11-04,2022-11-04,622.3,626.5,610.7,612.8,9221,5733353.4
2022-11-03,2022-11-03,631.8,633,621,625.8,10073,6328762.7
2022-11-02,2022-11-02,649.7,650,641.2,641.2,10283,6644465.5
2022-11-01,2022-11-01,656.6,660,648.3,649,13523,8847624.4
2022-10-31,2022-10-31,656.1,657.5,649.3,654.7,12273,8023532.9
2022-10-28,2022-10-28,629.5,652.1,628.1,650.2,22431,1.43461174E7
2022-10-27,2022-10-27,643,646.8,635.9,640.6,13896,8908440.5
2022-10-26,2022-10-26,651.2,655.6,645.6,654.4,9640.0,6259502.9
2022-10-25,2022-10-25,658,661.7,654.6,661.3,9571,6289753.7
2022-10-24,2022-10-24,652.2,657,642.3,650.2,7313,4751646.4
2022-10-21,2022-10-21,636.6,645.7,634.5,642.2,11684,7462096
2022-10-20,2022-10-20,639.3,650,636.5,648.3,16217,1.04223799E7
2022-10-19,2022-10-19,645.8,649.3,641.1,643.8,9382,6046838.8
2022-10-18,2022-10-18,646.3,653.2,637.7,637.7,25314,1.64290484E7
2022-10-17,2022-10-17,629.9,640.7,626.8,637.6,21859,1.38609584E7
2022-10-14,2022-10-14,643.2,649,629.5,630.3,10246,6565438
2022-10-13,2022-10-13,629.5,635.3,612.7,632.4,24120.0,1.49991055E7
2022-10-12,2022-10-12,633.1,637.1,630,631.7,10127,6415864.5
2022-10-11,2022-10-11,632.6,636.5,627.7,634.1,8428,5327343.3
2022-10-10,2022-10-10,641.1,646.6,635.8,638.5,8689,5578283.9
2022-10-07,2022-10-07,662.4,664.4,645.7,646.1,9884,6510715.6
2022-10-06,2022-10-06,662.9,671.9,657.8,668,16248,10783775
2022-10-05,2022-10-05,653.9,657.9,651,654.2,10103,6613383.5
2022-10-04,2022-10-04,653.6,661.2,652.6,658.6,25732,1.69476554E7
2022-10-03,2022-10-03,633.7,645,629.3,642.4,14209,9062490.3
2022-09-30,2022-09-30,649.3,654,644,651.1,35320.0,2.29231081E7
2022-09-29,2022-09-29,666.7,667.3,646.3,647,24161,1.58311568E7
2022-09-28,2022-09-28,663,669.8,657.9,668.1,15407,1.02185751E7
2022-09-27,2022-09-27,669.1,676.3,667.3,667.3,14082,9462290.0
2022-09-26,2022-09-26,660,672.7,658,667.7,19042,1.26299281E7
2022-09-23,2022-09-23,662.5,664.5,657,659.9,12727,8395691.7
2022-09-22,2022-09-22,666.7,671,660.8,662.1,18595,1.24070548E7
2022-09-21,2022-09-21,676.1,682.6,675.2,682.5,7022,4768967.3
2022-09-20,2022-09-20,676.7,678.6,671.7,674.4,10952,7385706.3
2022-09-19,2022-09-19,668.6,673.5,665.9,669,10308,6895261.3
2022-09-16,2022-09-16,670,673,663.6,664.7,7018,4696231.5
2022-09-15,2022-09-15,691.1,691.3,675.6,678.8,9572,6576145.6
2022-09-14,2022-09-14,686.9,689.3,681,686.8,22983,1.57514178E7
2022-09-13,2022-09-13,714,716.6,690,691.5,24523,1.72730412E7
2022-09-12,2022-09-12,704.7,713.1,702.5,711.7,6311,4460846.7
2022-09-09,2022-09-09,697.2,709,696,709,6265,4389632.1
2022-09-08,2022-09-08,697.2,703.5,689.3,703,11705,8138814.3
2022-09-07,2022-09-07,686.3,692.2,685.6,690.8,10748,7403428.8
2022-09-06,2022-09-06,692.9,696.7,684.1,691.3,18386,12735338
2022-09-05,2022-09-05,693.8,693.8,688.3,692.8,5590.0,3867027.4
2022-09-02,2022-09-02,697.2,704.4,693.4,701.4,11498,8013959.6
2022-09-01,2022-09-01,687.7,693,684,688.3,14609,1.00500466E7
2022-08-31,2022-08-31,702.9,707.3,692.6,695.2,7650.0,5376237
2022-08-30,2022-08-30,710.6,714.4,695,698.1,25608,1.81793246E7
2022-08-29,2022-08-29,711.8,712.4,705.5,707.6,8404,5963056
2022-08-26,2022-08-26,746,746.3,724.8,726,5539,4078108.9
2022-08-25,2022-08-25,738.8,742.8,735.1,739.9,4820.0,3556644
2022-08-24,2022-08-24,733,737.6,729.2,735.8,4516,3314730.0
2022-08-23,2022-08-23,734.8,738.3,729.7,732.5,6069,4461942.2
2022-08-22,2022-08-22,744.3,744.7,735,738.5,6394,4726312.2
2022-08-19,2022-08-19,753.9,755,746.6,746.6,5838,4384096.3
2022-08-18,2022-08-18,747.5,757,747.3,757,8835,6629753
2022-08-17,2022-08-17,758.8,758.8,747.3,747.8,7912,5964077.8
2022-08-16,2022-08-16,760.4,764.1,751.2,757.9,8294,6299397.3
2022-08-15,2022-08-15,748.3,755.8,745.7,755.1,8959,6726908.6
2022-08-12,2022-08-12,731.9,743.6,731.7,743.6,9351,6886538.7
2022-08-11,2022-08-11,737.6,741.5,732.8,734.9,5733,4223578.2
2022-08-10,2022-08-10,719.6,732.6,718.7,730,10316,7490865.3
2022-08-09,2022-08-09,731.9,732.2,717.2,721.3,8290.0,6002365.3
2022-08-08,2022-08-08,738.4,742.9,734.6,735.3,15842,1.16921935E7
2022-08-05,2022-08-05,737.3,739.3,729.2,730.3,7165,5266767.8
2022-08-04,2022-08-04,735.9,740.7,730.7,731.6,9367,6896934
2022-08-03,2022-08-03,717.2,735.4,715.7,735.2,6659,4824991.3
2022-08-02,2022-08-02,711.8,719.3,708,717.8,9357,6654553.4
2022-08-01,2022-08-01,714.2,720.2,709.4,717.6,12831,9177758.4
2022-07-29,2022-07-29,712.2,718.6,708.9,710,7743,5517256.3
2022-07-28,2022-07-28,695.1,703.9,691.3,703.5,5926,4131516.8
2022-07-27,2022-07-27,684.2,694.3,681.9,692.9,5037,3466270.5
2022-07-26,2022-07-26,681.3,686.5,677.6,677.8,4639,3164611.9
2022-07-25,2022-07-25,688.5,690.4,678.8,684.3,9911,6788268.9
2022-07-22,2022-07-22,694.2,701.1,688.7,688.7,7388,5147011.9
2022-07-21,2022-07-21,688.9,694.6,687.2,694.6,5128,3537778
2022-07-20,2022-07-20,678.4,691.1,677.1,691.1,8853,6035546.9
2022-07-19,2022-07-19,663.8,672.6,656.9,672.6,3779,2507160.7
2022-07-18,2022-07-18,676.6,679.3,670.2,675.3,4974,3358905.5
2022-07-15,2022-07-15,664.7,672.1,660.8,670.5,10455,6961348.3
2022-07-14,2022-07-14,660.1,660.5,652.8,656,10798,7095685.8
2022-07-13,2022-07-13,665,666.7,647.4,657.6,16886,1.10689916E7
2022-07-12,2022-07-12,665.8,674.8,663.6,668.3,9706,6489736.7
2022-07-11,2022-07-11,670.5,677.2,665.6,668.4,12558,8416888.8
2022-07-08,2022-07-08,671.7,678.4,667.1,676.4,15004,1.01023644E7
2022-07-07,2022-07-07,659.8,670,658.1,669.5,5909,3914034.9
2022-07-06,2022-07-06,650,658.6,648.1,654,9665,6309971.4
2022-07-05,2022-07-05,631.2,638.5,627,634.4,11711,7391941.6
2022-07-04,2022-07-04,625.8,626.4,623.3,626.4,3241,2024825.8
2022-07-01,2022-07-01,615.9,629.3,615.6,624.7,6330.0,3928359.6
2022-06-30,2022-06-30,622.8,628.1,615,623,12871,8007928.4
2022-06-29,2022-06-29,625.3,632.1,623,631.2,7019,4402865.5
2022-06-28,2022-06-28,645.8,652.4,636.3,636.4,7875,5085413.6
2022-06-27,2022-06-27,649.1,654,642,644.7,24144,1.57231543E7
2022-06-24,2022-06-24,632.7,646.8,632.7,641.8,9803,6249017.3
2022-06-23,2022-06-23,616.2,628.9,615.4,625.9,7790.0,4856381.6
2022-06-22,2022-06-22,613.3,626,608.6,623.4,21133,1.29198052E7
2022-06-21,2022-06-21,613.6,623.9,612.2,622.2,11930.0,7365883
2022-06-20,2022-06-20,609.9,611.4,608,611,4306,2626367.6
2022-06-17,2022-06-17,603,610.3,600.8,607.4,27865,1.68384925E7
2022-06-16,2022-06-16,622.4,622.8,598.7,601.2,10925,6685303.8
2022-06-15,2022-06-15,615.3,625.6,613,624.5,11786,7294157.9
2022-06-14,2022-06-14,622.1,622.4,611,615.9,13871,8552708.4
2022-06-13,2022-06-13,626.8,626.8,614.5,618.8,29821,1.85199077E7
2022-06-10,2022-06-10,655.2,659.1,636.5,636.8,17242,1.12188251E7
2022-06-09,2022-06-09,665.4,672.2,660,667.7,7800.0,5206130.1
2022-06-08,2022-06-08,669.7,672.7,666.3,672.4,7506,5030774.8
2022-06-07,2022-06-07,662,671.5,658.7,666.4,8008,5320212.7
2022-06-06,2022-06-06,667.3,677.2,667.3,669.4,3788,2547587.3
2022-06-03,2022-06-03,676.9,677.2,660.3,662.8,10597,7096177.9
2022-06-02,2022-06-02,666.9,669.4,659.2,667.8,15097,1.00535443E7
2022-06-01,2022-06-01,668.1,677.2,663.8,666.3,13813,9257870.1
2022-05-31,2022-05-31,668.4,671.4,660.1,664.6,6724,4475917.7
2022-05-30,2022-05-30,676.1,677.5,669.6,672.4,29613,1.99791345E7
2022-05-27,2022-05-27,646.3,664.6,643.9,664.6,8587,5627149.9
2022-05-26,2022-05-26,630,645.3,629.2,643.2,3870.0,2460314.7
2022-05-25,2022-05-25,628.4,631,620,626.4,7967,4978876.7
2022-05-24,2022-05-24,622.4,626.8,611,613.5,7275,4521924.2
2022-05-23,2022-05-23,640,640.4,626,635.5,10125,6429546.1
2022-05-20,2022-05-20,640.8,647,628.2,631.2,6980.0,4468849.6
2022-05-19,2022-05-19,642.6,642.7,631.5,640.9,11716,7459390.5
2022-05-18,2022-05-18,672.5,672.7,654.2,654.2,5380.0,3574722.6
2022-05-17,2022-05-17,668.3,677.1,662.5,669.7,9119,6123999.2
2022-05-16,2022-05-16,668.4,672.2,663.5,664.1,7142,4770555.1
2022-05-13,2022-05-13,657.7,672.1,656.8,670.6,10009,6671963.5
2022-05-12,2022-05-12,641.1,658.6,636,651,17083,1.097894E7
2022-05-11,2022-05-11,665.5,672.3,651,659.1,13270.0,8773205.4
2022-05-10,2022-05-10,663.7,672.1,653.4,655.8,18072,11975344
2022-05-09,2022-05-09,678.1,679.1,658.3,659.5,9893,6609094.9
2022-05-06,2022-05-06,691.1,691.3,669.5,683.7,15770.0,10782952
2022-05-05,2022-05-05,717.5,720,693.2,695.9,8617,6108121.1
2022-05-04,2022-05-04,705,706.1,690.5,691.2,5110.0,3585140.9
2022-05-03,2022-05-03,704.8,705.3,695.8,703.2,8187,5742456.3
2022-05-02,2022-05-02,695,698.3,686.5,693.3,12066,8360690.5
2022-04-29,2022-04-29,715.8,720.7,706,708.8,7242,5167201.5
2022-04-28,2022-04-28,710.3,717,702.3,707.8,4580.0,3259193.8
2022-04-27,2022-04-27,696.2,710,693,705.1,7401,5176367.8
2022-04-26,2022-04-26,713.1,715.9,695.5,695.8,26888,1.88036914E7
2022-04-25,2022-04-25,698.8,709.6,695,705.1,8480.0,5928645.2
2022-04-22,2022-04-22,718.1,719.7,711.3,712.5,7551,5405647.6
2022-04-21,2022-04-21,730.7,741.7,729.7,731.8,7007,5157924
2022-04-20,2022-04-20,736.5,746.3,730.8,732.5,8511,6285297.4
2022-04-19,2022-04-19,732.6,742.3,724.7,741.9,4824,3523932.6
2022-04-14,2022-04-14,738.9,743.8,734.1,735.8,4458,3289873.6
2022-04-13,2022-04-13,734.1,737.8,728.3,737.1,8287,6073258.2
2022-04-12,2022-04-12,727,741.3,724.7,738.3,5180.0,3799055.6
2022-04-11,2022-04-11,740.1,741.5,728.5,731.7,8412,6180915.2
2022-04-08,2022-04-08,759.8,760.9,744.5,748.8,6817,5133302.5
2022-04-07,2022-04-07,752.4,757.5,747.6,747.7,5197,3910462.9
2022-04-06,2022-04-06,769.3,770.3,748.9,749.9,7417,5598404.3
2022-04-05,2022-04-05,780.6,782.5,771,772.1,8440.0,6551784.2
2022-04-04,2022-04-04,762.3,776.2,759.6,775.7,5348,4107400.6
2022-04-01,2022-04-01,762.9,765.1,757.7,757.7,7415,5652372
2022-03-31,2022-03-31,766.3,771.2,763.6,765.8,10374,7955950.8
2022-03-30,2022-03-30,772.4,772.6,764.7,766.7,13065,1.00571356E7
2022-03-29,2022-03-29,771.4,774,765.2,770.2,9755,7513068.5
2022-03-28,2022-03-28,759.5,768.6,757,760.6,23629,1.80023396E7
2022-03-25,2022-03-25,757.9,762,748.7,753.9,7631,5772888.7
2022-03-24,2022-03-24,748.3,753.3,744,750.3,4533,3393873
2022-03-23,2022-03-23,751.6,754.9,745.7,750.7,8372,6286326.7
2022-03-22,2022-03-22,741,752.9,737,749.9,9069,6740304.1
2022-03-21,2022-03-21,734.8,740.5,729,732.7,8953,6582102.1
2022-03-18,2022-03-18,716.5,730.9,715.6,730.5,7450.0,5387273.6
2022-03-17,2022-03-17,715,715.6,706.5,710.7,7328,5217471.1
2022-03-16,2022-03-16,702.9,711.4,701,707.9,12126,8556480.0
2022-03-15,2022-03-15,668.1,691,665.5,690.3,9819,6604647.3
2022-03-14,2022-03-14,690.5,691.8,676,676.3,7406,5083368.4
2022-03-11,2022-03-11,698.9,710,695.1,695.1,9610.0,6770288.8
2022-03-10,2022-03-10,700.5,701.6,687.5,688.7,9507,6614208.3
2022-03-09,2022-03-09,692.9,700.1,691.3,696.6,11452,7979203.9
2022-03-08,2022-03-08,687.9,695.1,682,684.1,9421,6493354.2
2022-03-07,2022-03-07,706,718.1,704.1,707.2,7387,5246325.3
2022-03-04,2022-03-04,717.8,724.2,711.4,712.6,7117,5108378.6
2022-03-03,2022-03-03,724.9,733.7,718.7,721.5,11196,8140754.8
2022-03-02,2022-03-02,713.2,723.7,711.3,722,8205,5894367.9
2022-03-01,2022-03-01,719.7,723.9,712.4,716.5,15115,1.08315941E7
2022-02-28,2022-02-28,708.3,719,704.5,719,7421,5258697.9
2022-02-25,2022-02-25,697,710.7,695.8,710.7,13237,9282600.2
2022-02-24,2022-02-24,659.8,688.2,659.4,684.5,21049,1.40132033E7
2022-02-23,2022-02-23,696.3,701,686,687.8,6114,4257474.9
2022-02-22,2022-02-22,682.6,704,682.5,692.3,12631,8684120.2
2022-02-21,2022-02-21,700.2,701,687,687.8,9967,6913840.3
2022-02-18,2022-02-18,708.5,711,698,699.7,5912,4168700.1
2022-02-17,2022-02-17,723.1,723.9,713.7,715.5,5310.0,3825560.9
2022-02-16,2022-02-16,724,727.8,715.9,718.2,18389,1.32670956E7
2022-02-15,2022-02-15,714.5,726.3,714.3,723.5,9987,7209274.4
2022-02-14,2022-02-14,711.6,719,701.8,717.4,16523,11694479
2022-02-11,2022-02-11,726.6,732.5,721.5,721.5,9477,6888581.3
2022-02-10,2022-02-10,743.6,743.8,731.2,731.2,6828,5046034
2022-02-09,2022-02-09,732.7,740.7,732,739.3,10732,7900185.8
2022-02-08,2022-02-08,722.4,727.6,717.3,727.6,6286,4540827.1
2022-02-07,2022-02-07,727.5,732.4,722.7,723.9,6242,4540354.3
2022-02-04,2022-02-04,729.1,730.1,710.4,720.7,12442,8951816.7
2022-02-03,2022-02-03,743.1,743.8,728.2,728.2,17980.0,1.32231003E7
2022-02-02,2022-02-02,760,763.7,748.3,750.1,17121,1.29810307E7
2022-02-01,2022-02-01,748.6,751.6,740.5,749.6,18252,1.36420422E7
2022-01-31,2022-01-31,731.5,743.8,728.7,742.7,14596,1.07312077E7
2022-01-28,2022-01-28,717.6,721.7,702.8,719.8,18811,1.33778896E7
2022-01-27,2022-01-27,706.4,730.1,705.8,726.7,19544,1.40877208E7
2022-01-26,2022-01-26,713.7,727.2,713.7,723.9,17059,1.23176734E7
2022-01-25,2022-01-25,710.9,720,704.5,704.8,28933,2.06514126E7
2022-01-24,2022-01-24,725.6,727.8,699,699.1,35541,25379106
2022-01-21,2022-01-21,735.8,740.1,724,737.6,22180.0,1.62635508E7
2022-01-20,2022-01-20,753,764,749.5,762.9,13042,9847593.7
2022-01-19,2022-01-19,751.3,765.6,751.3,753.7,11754,8917953.4
2022-01-18,2022-01-18,765.3,768,757.9,761.9,128791,9.79572282E7
2022-01-17,2022-01-17,769.8,774.7,768.7,772.4,5726,4420656.5
2022-01-14,2022-01-14,763.3,771.1,756.7,768,13855,1.05781093E7
2022-01-13,2022-01-13,782,786.9,775.9,779.4,12756,10001559
2022-01-12,2022-01-12,789.5,792.4,782.6,786.4,21339,1.68333816E7
2022-01-11,2022-01-11,778.4,784.6,773.2,783.9,20783,1.61996207E7
2022-01-10,2022-01-10,780.3,780.6,756.9,763.3,16104,1.23904434E7
2022-01-07,2022-01-07,786.4,791,773.2,778.2,11362,8910385.5
2022-01-06,2022-01-06,788.5,794.5,779.7,790,10197,8035809.3
2022-01-05,2022-01-05,811.3,812.4,803.7,805.6,9317,7526723.2
2022-01-04,2022-01-04,827,829.4,808,812.1,15272,1.25898781E7
2022-01-03,2022-01-03,817.1,822.3,814,820.7,12485,1.02154762E7
2021-12-30,2021-12-30,824,826.7,823.2,823.9,2394,1974831.3
2021-12-29,2021-12-29,827.3,829.3,815.2,819.1,4418,3636928.6
2021-12-28,2021-12-28,826.4,830.4,824,824.2,5297,4390705.9
2021-12-27,2021-12-27,813.5,824.9,813.5,823.4,7485,6132961.5
2021-12-23,2021-12-23,807,815,806.3,815,4730.0,3831544.1
2021-12-22,2021-12-22,799.7,804.6,795.5,804.6,4552,3637902.1
2021-12-21,2021-12-21,788.9,791.9,782.8,789.3,7150.0,5628583.2
2021-12-20,2021-12-20,782.9,783,775.9,775.9,13149,1.02554551E7
2021-12-17,2021-12-17,791.3,799.9,781.6,793.6,13012,1.02348192E7
2021-12-16,2021-12-16,818.6,823,799.7,799.7,10973,8909980.1
2021-12-15,2021-12-15,799.9,799.9,792.2,792.2,11098,8838352.4
2021-12-14,2021-12-14,808.5,808.8,790.2,791.4,11316,9021999.1
2021-12-13,2021-12-13,818.6,822.5,808,808,9855,8055394
2021-12-10,2021-12-10,809.1,817.4,806.7,807.7,6144,4981034.1
2021-12-09,2021-12-09,817.6,819.5,814.1,817.2,8591,7011700.9
2021-12-08,2021-12-08,819.7,823.8,810.1,813.1,7823,6396554.7
2021-12-07,2021-12-07,801.6,818.9,801.6,818.8,11346,9194505.8
2021-12-06,2021-12-06,789.5,790.7,779.5,788.3,21331,1.67637494E7
2021-12-03,2021-12-03,799.5,804.6,781.9,785.6,16423,1.30625357E7
2021-12-02,2021-12-02,794.6,798.6,787,793.5,11090.0,8795577.3
2021-12-01,2021-12-01,814.7,818.9,810.6,817.9,10475,8537679.6
2021-11-30,2021-11-30,813.4,817.7,808.7,808.7,11162,9067108.1
2021-11-29,2021-11-29,812.7,818.3,809.4,818.3,14024,1.140193E7
2021-11-26,2021-11-26,814.2,815.9,800.3,803.1,12727,1.03086305E7
2021-11-25,2021-11-25,826.9,827.3,824.7,826.3,5179,4279216.4
2021-11-24,2021-11-24,820.3,823.2,812.5,822.9,8240.0,6737546.6
2021-11-23,2021-11-23,820,824.4,809.5,812.9,8937,7312402.8
2021-11-22,2021-11-22,833.4,841.5,832.4,834.1,8871,7409995.7
2021-11-19,2021-11-19,824.4,831,824.4,829,9620.0,7959411.8
2021-11-18,2021-11-18,816.4,818.2,812,817.2,5090.0,4153714.5
2021-11-17,2021-11-17,815,817.5,812.4,816.8,7315,5959826.2
2021-11-16,2021-11-16,804.5,812.4,803.2,812.4,8617,6947148.1
2021-11-15,2021-11-15,800.5,803.4,798.3,800.8,11025,8826179.9
2021-11-12,2021-11-12,792.8,798.9,790.9,798.9,10819,8583291.1
2021-11-11,2021-11-11,789.5,794.4,788.2,792.6,8923,7066844.6
2021-11-10,2021-11-10,792.7,794.2,783.9,791.9,11465,9058717.7
2021-11-09,2021-11-09,794.8,799.2,789,792.6,11657,9273489.8
2021-11-08,2021-11-08,797.2,800.1,794.9,797.8,19201,15320574
2021-11-05,2021-11-05,798.2,806.1,798.2,802.3,8332,6693428.2
2021-11-04,2021-11-04,791,799.1,789.3,797.6,253139,2.005029439E8
2021-11-03,2021-11-03,779.2,780.7,777.9,779.5,6915,5387746.3
2021-11-02,2021-11-02,772.6,778.8,772.5,777.7,14388,1.11578832E7
2021-11-01,2021-11-01,776,777.1,770.8,772.9,16138,1.24886187E7
2021-10-29,2021-10-29,757.1,769.4,753.5,769.4,20334,1.54496726E7
2021-10-28,2021-10-28,760.3,764.9,757.9,760.8,6735,5127120.7
2021-10-27,2021-10-27,758.4,763,755.2,762.3,9877,7495530.4
2021-10-26,2021-10-26,758.5,764.3,757.6,761,8907,6772950.6
2021-10-25,2021-10-25,746.1,750.8,744.6,750.1,10998,8228258.5
2021-10-22,2021-10-22,748.2,750.7,744.3,744.3,5981,4476418.4
2021-10-21,2021-10-21,743.4,749.2,743.2,747.6,3862,2880860.3
2021-10-20,2021-10-20,746.6,749.2,746.4,746.9,9476,7089223.7
2021-10-19,2021-10-19,742.7,746.4,742.1,746.4,8414,6259662.9
2021-10-18,2021-10-18,735.5,740.7,732.8,740.2,17021,1.25249759E7
2021-10-15,2021-10-15,733.4,736.2,731.9,735.7,8931,6557076.6
2021-10-14,2021-10-14,723.4,731.4,723.1,731.1,8116,5901320.1
2021-10-13,2021-10-13,715,722,714.5,716.6,7335,5268907.6
2021-10-12,2021-10-12,713.4,723.2,713.4,718.3,8002,5752365.1
2021-10-11,2021-10-11,719.6,726.8,717.4,726.1,10814,7824698.3
2021-10-08,2021-10-08,728.9,733,723.7,724.3,14631,1.06391028E7
2021-10-07,2021-10-07,727.3,732.6,726.5,731.9,8888,6484394
2021-10-06,2021-10-06,710.7,718.2,706,715.3,16194,1.15303596E7
2021-10-05,2021-10-05,707.1,716.3,705,715.6,8915,6323149.5
2021-10-04,2021-10-04,714.4,716.2,700.3,701,6498,4613734
2021-10-01,2021-10-01,710.3,717.8,708.8,715.5,10366,7387684.4
2021-09-30,2021-09-30,723.7,725.1,720.3,721.5,8931,6458677.5
2021-09-29,2021-09-29,718.9,724,718.5,718.7,7973,5748998.1
2021-09-28,2021-09-28,728.6,729.6,714.9,716,7423,5361813.2
2021-09-27,2021-09-27,741.8,741.8,729.2,732.7,8529,6264347
2021-09-24,2021-09-24,733.7,736,732.4,734.3,9458,6940484.1
2021-09-23,2021-09-23,733.9,737.6,731.5,736,16210.0,1.18996542E7
2021-09-22,2021-09-22,727,729.8,723.8,729.8,9091,6602501.6
2021-09-21,2021-09-21,726.6,730.1,721.9,727.9,15779,1.14605799E7
2021-09-20,2021-09-20,733.4,734.1,721.8,722.2,17134,1.24758668E7
2021-09-17,2021-09-17,744.9,744.9,737.4,737.4,6044,4491542.7
2021-09-16,2021-09-16,741.5,743,738,738.8,3604,2671711.5
2021-09-15,2021-09-15,737.4,737.6,731.7,733.7,6114,4498687.1
2021-09-14,2021-09-14,736.7,740.4,735,737.9,9021,6656291
2021-09-13,2021-09-13,742.2,744.5,734.2,735.3,12390.0,9158602.6
2021-09-10,2021-09-10,744.3,747.9,742,742.6,8810.0,6560476.1
2021-09-09,2021-09-09,743.5,748.6,742.7,745.9,7676,5721645.4
2021-09-08,2021-09-08,747.4,748.8,743,744,7253,5415892.3
2021-09-07,2021-09-07,746.3,746.9,742.6,746.4,10372,7727062.2
2021-09-06,2021-09-06,746.2,747.6,746.1,747.2,3495,2609573.2
2021-09-03,2021-09-03,742,744.1,738.6,744,10437,7742176.8
2021-09-02,2021-09-02,744.9,746.6,743.6,745.1,6073,4526423.8
2021-09-01,2021-09-01,747.8,748,745,747.2,8219,6136847
2021-08-31,2021-08-31,747.8,748,741.5,745.4,11540.0,8586655.9
2021-08-30,2021-08-30,738.8,746.7,738.4,745.6,8468,6286571.7
2021-08-27,2021-08-27,735,738.4,733.4,737.5,8544,6289689
2021-08-26,2021-08-26,735.1,737.7,733,734.8,8080.0,5942982.6
2021-08-25,2021-08-25,739.6,740.7,736.9,738,5467,4036497.3
2021-08-24,2021-08-24,739.1,740.2,736,737.4,4382,3232591.6
2021-08-23,2021-08-23,729.7,735.5,727.2,735.5,7590.0,5541005.7
2021-08-20,2021-08-20,721.1,730,717.9,727.9,5599,4058506.4
2021-08-19,2021-08-19,712.8,721.6,710.2,720.7,7793,5567063.6
2021-08-18,2021-08-18,723.7,724.5,721.5,722.1,10686,7728571
2021-08-17,2021-08-17,724.4,725.2,719.4,722.9,8750.0,6325511.9
2021-08-16,2021-08-16,723.1,724.4,714.8,718.3,7096,5115499.3
2021-08-13,2021-08-13,726.1,726.2,723,723.1,5065,3670214.3
2021-08-12,2021-08-12,721.4,724.8,719.5,724.8,4377,3159835.2
2021-08-11,2021-08-11,725.2,727,720,721.4,5875,4255101.1
2021-08-10,2021-08-10,727.7,730.3,722.9,724.8,6376,4638153.7
2021-08-09,2021-08-09,723.2,727.2,723.2,726.3,9588,6951802.9
2021-08-06,2021-08-06,723.6,725.9,722.6,723.9,4911,3555116.3
2021-08-05,2021-08-05,719.7,723.5,719,722.6,9379,6754877.5
2021-08-04,2021-08-04,716.1,717.6,713.3,717.4,8980.0,6430177.3
2021-08-03,2021-08-03,712.4,714,707.3,710.1,5283,3756891.2
2021-08-02,2021-08-02,714.9,715.4,710,714.8,8693,6202984.2
2021-07-30,2021-07-30,705,712,704.2,710.6,11444,8097886.6
2021-07-29,2021-07-29,714.8,716.5,711.8,715.3,7259,5183281.8
2021-07-28,2021-07-28,714.1,721.7,713.5,718.5,8944,6419074.9
2021-07-27,2021-07-27,723.3,724.7,708,708,9492,6821484.5
2021-07-26,2021-07-26,724.2,724.2,720,722.7,12071,8710251.9
2021-07-23,2021-07-23,718.6,723.3,717,723.3,6367,4579005.9
2021-07-22,2021-07-22,711.8,714.6,708.4,714.5,4673,3323856.6
2021-07-21,2021-07-21,707.2,708.5,703.8,707.3,35343,2.49469148E7
2021-07-20,2021-07-20,701.5,704.3,697,704,43217,3.02392533E7
2021-07-19,2021-07-19,701.4,702.5,690.5,697.2,13297,9271483.2
2021-07-16,2021-07-16,706.7,710.7,703.3,704.2,11787,8342853.8
2021-07-15,2021-07-15,711.8,713.1,705.4,708.2,7731,5493232.3
2021-07-14,2021-07-14,712.5,716,711.7,712.5,7344,5241957.5
2021-07-13,2021-07-13,707.4,716.4,707.3,716.3,6069,4315204.7
2021-07-12,2021-07-12,705.7,709,703,706.3,5664,3998374.2
2021-07-09,2021-07-09,702.3,704.7,698,704.5,7659,5369016.2
2021-07-08,2021-07-08,706.3,706.3,693.9,697.5,10415,7271443.4
2021-07-07,2021-07-07,706.7,711.2,705.5,706.2,9956,7055176.6
2021-07-06,2021-07-06,697.5,705.1,696.9,703.9,6596,4632052.3
2021-07-05,2021-07-05,699.4,700,698.2,699.5,5020.0,3509886.4
2021-07-02,2021-07-02,693.6,699.6,693.6,697.9,4542,3162869.5
2021-07-01,2021-07-01,693.2,695.5,690,690.6,8916,6174883.4
2021-06-30,2021-06-30,692,694.1,690,693.4,6115,4231639.5
2021-06-29,2021-06-29,686.1,689.7,686.1,688.1,10072,6930090.6
2021-06-28,2021-06-28,679.2,685.4,679,684.7,5042,3441279.8
2021-06-25,2021-06-25,678.8,681,675.8,678.6,6698,4544852.7
2021-06-24,2021-06-24,676.6,682.1,676.5,681.3,5380.0,3654784.8
2021-06-23,2021-06-23,676.7,676.9,673.5,674.4,6135,4139901.8
2021-06-22,2021-06-22,669.6,674.2,668.1,674.1,13304,8927344.4
2021-06-21,2021-06-21,668.2,670.6,662,668.3,92408,6.17200302E7
2021-06-18,2021-06-18,673.3,674.1,667.7,668.5,13277,8899986.1
2021-06-17,2021-06-17,655.1,671.6,655.1,671.6,14534,9604745.8
2021-06-16,2021-06-16,653.9,656.4,652.9,654,6100.0,3992914.1
2021-06-15,2021-06-15,657.8,659.3,653.5,653.5,10958,7195143.4
2021-06-14,2021-06-14,654.1,654.4,650,653.1,5704,3720760.8
2021-06-11,2021-06-11,646.5,651.6,646,651.4,6833,4434191.4
2021-06-10,2021-06-10,640.2,646.6,637.4,645.3,6562,4205053.6
2021-06-09,2021-06-09,640.2,642.1,639.4,640.6,5117,3279280.8
2021-06-08,2021-06-08,640.3,644.7,637,638.1,10897,6990412.8
2021-06-07,2021-06-07,638.4,638.4,634.9,635.3,7969,5073899.8
2021-06-04,2021-06-04,629.6,638.5,629.2,637.8,7285,4604383.6
2021-06-03,2021-06-03,632.5,632.9,625.9,630.2,15686,9872978.8
2021-06-02,2021-06-02,630.7,634.1,629.6,632.9,11358,7185244.2
2021-06-01,2021-06-01,632.7,635.3,627.1,629.6,11656,7362122.7
2021-05-31,2021-05-31,634.1,634.3,630.6,630.9,2962,1873429
2021-05-28,2021-05-28,633.6,637.3,633.3,635.6,6284,3993645.4
2021-05-27,2021-05-27,631.7,634.6,630,634,4768,3014281
2021-05-26,2021-05-26,631.5,633.5,630.4,632.8,6372,4028119.8
2021-05-25,2021-05-25,631.9,632.2,628.3,628.3,5806,3664156
2021-05-21,2021-05-21,623.5,627.1,622.5,623,7267,4540784
2021-05-20,2021-05-20,611.9,622.6,609.4,622.5,6917,4249111.1
2021-05-19,2021-05-19,604.7,607.3,599,605.9,10664,6425368.8
2021-05-18,2021-05-18,620.9,621.5,614.8,617.1,7469,4616516.5
2021-05-17,2021-05-17,621.4,622.2,615.4,615.8,7998,4950851.6
2021-05-14,2021-05-14,615.3,620.7,613.8,620.7,15075,9287574.1
2021-05-13,2021-05-13,607.2,617.7,603.7,613,13345,8149431.4
2021-05-12,2021-05-12,618.9,619.8,609.5,609.7,19491,11972216
2021-05-11,2021-05-11,615.3,617.8,605.9,617.8,34156,2.08969444E7
2021-05-10,2021-05-10,634.7,635.8,624.6,625.7,17645,1.113872E7
2021-05-07,2021-05-07,637,642.4,634.5,640.3,11707,7486299.9
2021-05-06,2021-05-06,635.5,636.4,627.1,633.1,10286,6490566
2021-05-05,2021-05-05,637.1,642.1,637.1,640.4,20664,1.32175949E7
2021-05-04,2021-05-04,646.1,646.8,624.4,631.3,19534,1.24456132E7
2021-05-03,2021-05-03,651.2,652.3,644.6,646.2,10257,6666622
2021-04-30,2021-04-30,648.4,652.1,645.8,651.4,8041,5218346.4
2021-04-29,2021-04-29,652.4,654.2,647.2,647.8,7905,5155899.9
2021-04-28,2021-04-28,653.5,653.5,648.7,649.7,4822,3140672.9
2021-04-27,2021-04-27,656,656.9,649.8,652,5045,3296701.3
2021-04-26,2021-04-26,649,653.7,647.1,653.2,6918,4493829.3
2021-04-23,2021-04-23,644.7,651.2,643.7,651.1,9177,5946990.6
2021-04-22,2021-04-22,651.7,654.6,650.3,654,5973,3894783.6
2021-04-21,2021-04-21,646.1,649.6,644.7,649.6,5319,3439340.4
2021-04-20,2021-04-20,649.9,651.8,643.8,643.8,9856,6396303.8
2021-04-19,2021-04-19,660.9,661.3,650.4,651.3,5400.0,3539957
2021-04-16,2021-04-16,659.3,661.6,657.7,659,14548,9587865.6
2021-04-15,2021-04-15,652.8,661.1,652.8,659.2,7569,4972908.6
2021-04-14,2021-04-14,659.1,662.1,653.3,654.3,9852,6485620.6
2021-04-13,2021-04-13,654.7,659.4,654,657.4,7060.0,4635455.6
2021-04-12,2021-04-12,655.4,656.8,651.6,652.5,7212,4714431.1
2021-04-09,2021-04-09,651,652.4,649.1,652.3,7600.0,4949527.8
2021-04-08,2021-04-08,651.4,653.3,649.6,650.9,10292,6699805.1
2021-04-07,2021-04-07,646.4,646.8,641.3,645.3,11237,7243196.9
2021-04-06,2021-04-06,648.1,650,646,649.5,15557,1.00735661E7
2021-04-01,2021-04-01,633.7,640.1,633.5,637.1,17771,1.13048165E7
2021-03-31,2021-03-31,620.2,630.7,619.6,630.7,11012,6877742.4
2021-03-30,2021-03-30,620.4,621.1,615.9,621,9464,5857115
2021-03-29,2021-03-29,617.7,622.1,614.5,618.1,15393,9521377.6
2021-03-26,2021-03-26,614.6,615.2,607.7,614.7,5912,3619208.4
2021-03-25,2021-03-25,612,614.5,604.4,611.6,15335,9349904.5
2021-03-24,2021-03-24,623.6,626.6,617,618.2,8814,5493559.6
2021-03-23,2021-03-23,619,625.7,617.2,623,13126,8148655.9
2021-03-22,2021-03-22,612.5,621.2,611.9,621.2,20510.0,1.26242998E7
2021-03-19,2021-03-19,608.3,610.9,603,610.1,25775,1.56721981E7
2021-03-18,2021-03-18,616.9,618.1,611.8,613.3,17881,10989274
2021-03-17,2021-03-17,622.7,623.2,613,615.9,9470.0,5856921.1
2021-03-16,2021-03-16,620.9,630.2,619.8,626.5,9491,5917479.6
2021-03-15,2021-03-15,609.7,614.6,609.7,612.5,8232,5038400.3
2021-03-12,2021-03-12,607.6,611.4,603.6,605.6,16009,9716774.2
2021-03-11,2021-03-11,610.6,615.8,608.9,615.8,8077,4941903.6
2021-03-10,2021-03-10,605.6,614,602.7,607.7,18950.0,1.15262071E7
2021-03-09,2021-03-09,592.7,605,592.1,604,16148,9637256.4
2021-03-08,2021-03-08,589.6,603.4,588.2,598.4,16185,9644650.0
2021-03-05,2021-03-05,585.3,596.3,578,581.9,33086,1.93889368E7
2021-03-04,2021-03-04,594.4,597.6,586.8,595.7,23501,1.39297742E7
2021-03-03,2021-03-03,614.9,615.5,599.8,604.5,11083,6760439.2
2021-03-02,2021-03-02,619.9,622.7,612.9,613.3,7861,4868911
2021-03-01,2021-03-01,612.4,617.6,610.9,617.5,7858,4823169.9
2021-02-26,2021-02-26,593,606,592.9,606,22962,1.37467086E7
2021-02-25,2021-02-25,615,615,602.7,603.7,10829,6586458.2
2021-02-24,2021-02-24,609.9,616.7,603,612,20146,1.22878704E7
2021-02-23,2021-02-23,616.4,616.6,593.9,605.6,25779,1.55603133E7
2021-02-22,2021-02-22,624.4,625.2,617.1,619.1,13831,8608406.6
2021-02-19,2021-02-19,634.7,638,633.7,636.2,5992,3809733.2
2021-02-18,2021-02-18,637.9,638.3,629.8,632.8,7446,4718917.2
2021-02-17,2021-02-17,642.1,643.4,634.7,635.1,10941,7001549
2021-02-16,2021-02-16,644.5,646,641.3,642.8,7212,4645114.5
2021-02-15,2021-02-15,643,644.7,642.3,644.2,4878,3138576.2
2021-02-12,2021-02-12,637.8,639.3,636.5,639.2,3635,2320523.2
2021-02-11,2021-02-11,635.6,638.6,635.5,638.6,10269,6543133.9
2021-02-10,2021-02-10,639.5,639.6,628.6,632.7,6856,4359619.7
2021-02-09,2021-02-09,638,640.3,635.7,638.4,5433,3463912.9
2021-02-08,2021-02-08,639.8,640.6,637.4,637.4,10370.0,6630205.8
2021-02-05,2021-02-05,640.3,640.7,634.3,635.9,7689,4908217.1
2021-02-04,2021-02-04,630,633.7,630,633.1,10114,6391452.2
2021-02-03,2021-02-03,635.8,635.9,629.1,630.2,13804,8748736.4
2021-02-02,2021-02-02,622.2,629.7,622,629.1,10730.0,6722616.2
2021-02-01,2021-02-01,605,614.9,605,614.9,12638,7691433
2021-01-29,2021-01-29,605.2,611.2,602.8,603.1,11631,7055931.6
2021-01-28,2021-01-28,606.8,619,601.3,617.8,16422,10010338
2021-01-27,2021-01-27,628.2,630.2,615.9,617.7,13339,8321419.8
2021-01-26,2021-01-26,623.9,626.7,623,625.1,5233,3268510.5
2021-01-25,2021-01-25,623.7,630,613,621.3,18681,1.16598817E7
2021-01-22,2021-01-22,619,620.5,615.8,617.8,8350.0,5155041.3
2021-01-21,2021-01-21,621.8,623.7,616.7,620.6,8178,5069740.5
2021-01-20,2021-01-20,605.2,617.2,605.2,616.5,5748,3511509.6
2021-01-19,2021-01-19,601.6,602,597.5,598.8,9062,5435617.4
2021-01-18,2021-01-18,597.1,598.6,596.7,598.1,2596,1551986.5
2021-01-15,2021-01-15,598.9,601.4,594.4,599.4,11731,7020244.3
2021-01-14,2021-01-14,601.4,605.4,599.4,602.8,6049,3645165.5
2021-01-13,2021-01-13,597.4,601.9,594.4,601.9,6229,3724505.5
2021-01-12,2021-01-12,600,601.4,596.3,598.6,7490.0,4487020.9
2021-01-11,2021-01-11,604.5,605.2,599,601.8,6367,3838771.6
2021-01-08,2021-01-08,598.9,601.2,597.1,599.4,4417,2644189.2
2021-01-07,2021-01-07,582.6,593.8,580.4,592.8,8892,5206060.6
2021-01-06,2021-01-06,575.2,586.8,571.2,585.8,12862,7408054.2
2021-01-05,2021-01-05,583.1,587.7,580.1,584.9,8322,4856702
2021-01-04,2021-01-04,594.6,596.1,583.1,584,16145,9550921.2
2020-12-30,2020-12-30,592.8,593.1,591.2,591.3,3116,1846171.9
2020-12-29,2020-12-29,593.6,594.2,590,592.2,9579,5678637.8
2020-12-28,2020-12-28,589.7,592.4,587.6,591.6,4817,2840404.3
2020-12-23,2020-12-23,588.7,589.6,584.1,585.7,3174,1864846.6
2020-12-22,2020-12-22,585.3,588.9,585,585,5220.0,3064543.4
2020-12-21,2020-12-21,588.5,589,575.7,579.7,23984,1.39416166E7
2020-12-18,2020-12-18,585.8,588.2,583.5,584.8,7586,4441922.4
2020-12-17,2020-12-17,586.5,587,584.4,585,8989,5265549.7
2020-12-16,2020-12-16,584.3,585.2,580.5,585.1,15354,8959742.5
2020-12-15,2020-12-15,579.7,583.1,578,579.4,12722,7389451.6
2020-12-14,2020-12-14,576.1,582.3,575.1,581.2,19456,1.12730806E7
2020-12-11,2020-12-11,574.7,574.7,571,571.5,9323,5341204.5
2020-12-10,2020-12-10,574.8,578.8,569.6,578.2,8247,4735094.9
2020-12-09,2020-12-09,587.5,588.4,585.8,587,6539,3839877.8
2020-12-08,2020-12-08,585.3,585.8,581.9,584.8,6421,3750242.9
2020-12-07,2020-12-07,582.6,585.5,581,584.7,7998,4657365.6
2020-12-04,2020-12-04,580.2,581.1,576.7,581.1,7181,4159741.7
2020-12-03,2020-12-03,579.2,580.8,577.4,579.2,7653,4432795.3
2020-12-02,2020-12-02,579.9,582,574.7,578.9,8429,4879943.7
2020-12-01,2020-12-01,582.4,583.7,579.6,582.1,11752,6839028.2
2020-11-30,2020-11-30,575.5,578.2,569.3,572.7,10167,5839268.5
2020-11-27,2020-11-27,575.7,580.5,575.7,579.1,7062,4075771.1
2020-11-26,2020-11-26,575.9,578.4,575.9,577.3,7797,4500430.2
2020-11-25,2020-11-25,573.4,574.7,572,573.7,6275,3597097.9
2020-11-24,2020-11-24,568.8,569.8,564.7,569.5,5979,3390990.1
2020-11-23,2020-11-23,567,569.1,563.5,564,7113,4030630.2
2020-11-20,2020-11-20,568.3,570.6,567.6,570.3,6389,3637859.9
2020-11-19,2020-11-19,564.9,568.6,562.9,568.6,4267,2412612.4
2020-11-18,2020-11-18,567.3,570.2,565.8,568.3,6827,3880390.3
2020-11-17,2020-11-17,572.3,572.3,568.1,568.8,8801,5024411.4
2020-11-16,2020-11-16,570.5,572.5,566,570.7,17567,1.00085496E7
2020-11-13,2020-11-13,568.4,569.7,563.6,564.3,6067,3438744.7
2020-11-12,2020-11-12,566.7,571.6,565.8,567.9,10004,5687994.8
2020-11-11,2020-11-11,554.7,567.6,553.8,566.1,22289,1.25221531E7
2020-11-10,2020-11-10,564.3,565.4,549.1,555.4,23076,1.28609319E7
2020-11-09,2020-11-09,583.5,586.2,563.2,580.5,25107,1.45324241E7
2020-11-06,2020-11-06,570.7,572.3,564.8,571.1,22556,12810138
2020-11-05,2020-11-05,575.6,578,570.4,575,23114,1.33089277E7
2020-11-04,2020-11-04,551,567.2,550,566.9,15184,8500987.4
2020-11-03,2020-11-03,536.2,545.3,534.1,544.2,11587,6256628.4
2020-11-02,2020-11-02,537,543.2,536.3,536.6,30289,1.63673714E7
2020-10-30,2020-10-30,536.6,543.9,530.4,535.1,29360.0,1.57295937E7
2020-10-29,2020-10-29,541.4,547.7,537.7,547.1,18187,9858778.1
2020-10-28,2020-10-28,552.2,552.2,538,538.9,29887,1.62868797E7
2020-10-27,2020-10-27,549.4,552.7,547.8,550.6,17056,9396569.5
2020-10-26,2020-10-26,551,557.6,546.1,546.1,15762,8702735.4
2020-10-23,2020-10-23,555.4,556.6,551.5,551.5,3978,2203826.2
2020-10-22,2020-10-22,553.4,559,549.6,552.2,4626,2564955.3
2020-10-21,2020-10-21,556.7,559.6,551.2,555.2,5026,2790938.7
2020-10-20,2020-10-20,561.1,562,553,554.8,6561,3665909.7
2020-10-19,2020-10-19,573.5,574.6,563,565.5,8928,5079774.4
2020-10-16,2020-10-16,572.4,577.6,571.1,573.2,7834,4497592
2020-10-15,2020-10-15,568.9,571.7,564.8,569.8,11314,6424101.9
2020-10-14,2020-10-14,583.1,583.6,577.5,577.5,6851,3980029.9
2020-10-13,2020-10-13,576.7,585.3,576.3,584,11111,6461387.6
2020-10-12,2020-10-12,561.6,573.7,561.6,573.7,8651,4908445
2020-10-09,2020-10-09,553.9,556.8,551.8,556.4,4579,2536646.9
2020-10-08,2020-10-08,554,555.9,552.3,552.4,8021,4444305.2
2020-10-07,2020-10-07,543.6,547.8,542.5,547.8,4407,2399658.1
2020-10-06,2020-10-06,548.2,549.7,544.6,545.7,6920.0,3781753.1
2020-10-05,2020-10-05,545.2,547,542.1,546.5,7302,3972039.3
2020-10-02,2020-10-02,546.7,551.9,542.6,545.6,16171,8838973.1
2020-10-01,2020-10-01,551.2,555.5,551,554.1,12282,6795607.6
2020-09-30,2020-09-30,539.7,551.4,538.8,550.4,4741,2580431.9
2020-09-29,2020-09-29,549.2,549.4,543.5,545.1,6456,3528842.9
2020-09-28,2020-09-28,543.9,548.9,543.6,545.9,9023,4929409.7
2020-09-25,2020-09-25,526.7,535,524.5,534.8,8121,4294291.4
2020-09-24,2020-09-24,521.3,529.4,517.4,529.4,8048,4207352.7
2020-09-23,2020-09-23,536.7,540.3,532.6,532.6,9288,4995318.7
2020-09-22,2020-09-22,525.5,531.7,524.6,528.9,6243,3296651.2
2020-09-21,2020-09-21,518.8,519.5,512.4,515.8,13193,6798588.4
2020-09-18,2020-09-18,527.8,531,519.1,519.1,11274,5919435.5
2020-09-17,2020-09-17,529.3,533.1,520.4,528.1,9309,4911807.9
2020-09-16,2020-09-16,546.3,547.7,541.4,543.9,6691,3648781.9
2020-09-15,2020-09-15,536.5,545.5,535.8,545,12152,6571891.9
2020-09-14,2020-09-14,535.3,538.3,531,537.8,7563,4043788.8
2020-09-11,2020-09-11,537.5,539.7,528,530.2,7029,3759978.3
2020-09-10,2020-09-10,543.5,547.4,536.6,543.6,10751,5832531.1
2020-09-09,2020-09-09,532.7,543.5,532.2,542.1,17381,9339127.8
2020-09-08,2020-09-08,550.4,550.5,531.9,535.8,10893,5877034.2
2020-09-07,2020-09-07,542.4,548.4,542.2,548,10297,5613370.7
2020-09-04,2020-09-04,553.6,564.1,531.7,542.2,28340.0,1.55725123E7
2020-09-03,2020-09-03,590.7,591.5,559.6,563.6,22032,12684355
2020-09-02,2020-09-02,587.5,591.7,582.6,582.6,11755,6915864.4
2020-09-01,2020-09-01,573.2,577.8,570.2,576.3,7119,4092570.7
2020-08-31,2020-08-31,570.9,570.9,565.7,568.2,4694,2667612.1
2020-08-28,2020-08-28,567.8,568.9,564.6,567.6,4706,2664614.2
2020-08-27,2020-08-27,569.8,574.3,567.6,573.3,9346,5331226.4
2020-08-26,2020-08-26,559.6,565.7,559.3,565.7,5927,3328049.8
2020-08-25,2020-08-25,557.3,557.4,551.5,555.5,4837,2681145.3
2020-08-24,2020-08-24,554.5,557.9,550,552.6,12711,7056201.6
2020-08-21,2020-08-21,545.4,552.4,545,550.6,6363,3491822.3
2020-08-20,2020-08-20,535.8,542.1,535.4,541.8,5742,3095647.8
2020-08-19,2020-08-19,538.1,540.6,535.2,540.6,3226,1737815.6
2020-08-18,2020-08-18,534.3,536.4,533,536.1,4227,2259867.2
2020-08-17,2020-08-17,531.6,534.7,531.2,534,5094,2714045.9
2020-08-14,2020-08-14,534.2,535.5,529.5,531.4,5799,3089215.5
2020-08-13,2020-08-13,530.4,535.7,528.3,534.8,5624,2984841.3
2020-08-12,2020-08-12,525.9,531.4,522.7,530.9,5307,2797757.8
2020-08-11,2020-08-11,533.3,533.9,524.2,528.9,11929,6335969.1
2020-08-10,2020-08-10,531.4,533.4,524,527.3,4376,2322013.4
2020-08-07,2020-08-07,533.4,538.2,532.5,535.8,3897,2085944
2020-08-06,2020-08-06,526.1,530.5,525.9,529.3,4309,2271902.2
2020-08-05,2020-08-05,530.4,530.8,524.4,525.9,3898,2059154.4
2020-08-04,2020-08-04,530.2,531.7,525.2,528.3,3237,1709196.7
2020-08-03,2020-08-03,524.1,531.7,522.1,529.6,11124,5859217.1
2020-07-31,2020-07-31,516.3,519.7,509.8,514.7,11673,6004278.6
2020-07-30,2020-07-30,508.8,509.1,503.4,508.5,10205,5160268.6
2020-07-29,2020-07-29,507.3,509.9,506.6,508.8,4654,2364936.6
2020-07-28,2020-07-28,513.3,514.5,507.5,510.7,5096,2608855.7
2020-07-27,2020-07-27,506.4,509.1,504.2,504.3,3850.0,1950389.7
2020-07-24,2020-07-24,506.5,510.1,500,508.3,21472,1.08575946E7
2020-07-23,2020-07-23,530,530.9,524.7,525,7974,4215049.3
2020-07-22,2020-07-22,530.5,530.8,523.5,526.4,3156,1665898.5
2020-07-21,2020-07-21,542.6,544.8,533.4,533.4,31656,1.71639211E7
2020-07-20,2020-07-20,519.5,531.3,519.3,531.3,6337,3320883.6
2020-07-17,2020-07-17,523.8,525.4,519.4,522.8,4521,2366408.8
2020-07-16,2020-07-16,522.8,523.9,516.9,517.8,8793,4579286.7
2020-07-15,2020-07-15,528.2,530.3,524.2,525.6,14133,7456930.0
2020-07-14,2020-07-14,530.2,530.4,512.5,522.3,37939,1.97445327E7
2020-07-13,2020-07-13,542,548.2,541.4,548.2,9181,4993974.2
2020-07-10,2020-07-10,533.4,535.4,530,534.3,7345,3918543.3
2020-07-09,2020-07-09,528.8,534.1,527.6,529.4,8080.0,4291181.4
2020-07-08,2020-07-08,527,528.7,523.6,525.1,9377,4943961.3
2020-07-07,2020-07-07,527.5,533.3,526.2,531.9,11810.0,6242392.2
2020-07-06,2020-07-06,522.9,528.5,520.5,528.5,5424,2834326.7
2020-07-03,2020-07-03,520.4,520.8,517,518.2,4332,2251511.2
2020-07-02,2020-07-02,515.1,520.8,514.3,519,7821,4035683.1
2020-07-01,2020-07-01,508.9,511.7,507,511.1,16088,8192033.2
2020-06-30,2020-06-30,502.1,505,499.45,504.1,7375,3701357.35
2020-06-29,2020-06-29,493.05,495.75,487.1,495.55,10051,4948515.7
2020-06-26,2020-06-26,506.7,507.7,496.5,499.3,5814,2928028.6
2020-06-25,2020-06-25,499.65,503.8,496.95,501,9712,4854921.95
2020-06-24,2020-06-24,508.3,510.2,499.9,500.1,9698,4903990.45
2020-06-23,2020-06-23,506.2,509.9,505.5,509.9,7599,3854208.1
2020-06-22,2020-06-22,502.2,503.7,500.7,503.3,5221,2623990.2
2020-06-19,2020-06-19,504.6,507.9,504.4,507.2,7378,3732958
2020-06-18,2020-06-18,499.75,502.9,495.8,500.9,6294,3149754.05
2020-06-17,2020-06-17,498.1,502.8,498.1,502.8,7252,3633647.25
2020-06-16,2020-06-16,490.4,500,489.55,495.75,9453,4682718.45
2020-06-15,2020-06-15,472.1,481,470.9,480.4,9974,4734201.6
2020-06-12,2020-06-12,481.6,489.2,479.55,484.05,11927,5781175.1
2020-06-11,2020-06-11,494.8,495.05,488,488.45,8436,4150904.7
2020-06-10,2020-06-10,495.85,499.2,493.75,498.2,4502,2234708.1
2020-06-09,2020-06-09,493.5,494.15,490,493.25,8167,4014395.35
2020-06-08,2020-06-08,488.7,490.6,485.5,488.95,11308,5526090.1
2020-06-05,2020-06-05,478.65,488.7,477.7,488.7,7582,3651649.1
2020-06-04,2020-06-04,485.25,486.9,479.1,480.25,9688,4692640.75
2020-06-03,2020-06-03,485.45,487,484.45,484.75,28162,1.368183715E7
2020-06-02,2020-06-02,485.85,486.85,477.9,480.55,9769,4717273.95
2020-05-29,2020-05-29,477.75,480,474.7,476.55,6641,3168141.9
2020-05-28,2020-05-28,480,483.5,476.5,482.7,9099,4379017.5
2020-05-27,2020-05-27,486.35,487.75,469.9,474.45,14532,6989609.85
2020-05-26,2020-05-26,494.4,494.65,484.6,484.6,13004,6381376.05
2020-05-25,2020-05-25,489.5,492.45,488.95,492.2,7939,3895173.45
2020-05-22,2020-05-22,478.35,485,476.75,483.65,3973,1913172.8
2020-05-21,2020-05-21,483.25,486.8,481.25,482.75,2622,1268938.05
2020-05-20,2020-05-20,480.25,485.85,480.05,485.85,10550.0,5096015.95
2020-05-19,2020-05-19,483.15,483.85,477.5,483.75,6224,2994151.55
2020-05-18,2020-05-18,479.35,483.75,479.05,482.9,27343,1.31648377E7
2020-05-15,2020-05-15,475.8,475.9,464.15,467.65,7924,3732271.8
2020-05-14,2020-05-14,468,470.25,461.95,466.5,16093,7486458.7
2020-05-13,2020-05-13,473.1,476.85,468.85,471.05,13934,6595642.7
2020-05-12,2020-05-12,481.35,484.95,478.7,482.25,10769,5194594.5
2020-05-11,2020-05-11,480.3,482.1,474.75,481.9,6375,3055443.2
2020-05-08,2020-05-08,477.9,478.95,474,476.3,5613,2677487.4
2020-05-07,2020-05-07,471.05,475.15,471.05,474.05,9818,4647764.5
2020-05-06,2020-05-06,467.65,471.25,466.25,470,7777,3643925.85
2020-05-05,2020-05-05,458.15,466.3,458,465.8,8382,3869961.4
2020-05-04,2020-05-04,446.6,452.2,443.85,451.85,14756,6586758.25
2020-04-30,2020-04-30,469.7,471.5,461.05,461.05,8423,3938531.25
2020-04-29,2020-04-29,457.75,463.65,455.6,462.9,7753,3559390.35
2020-04-28,2020-04-28,459.45,462.75,451.85,454.2,8726,3998827.45
2020-04-27,2020-04-27,459.3,461.7,458,460.2,10602,4880108.1
2020-04-24,2020-04-24,448.55,452.35,447.65,450.55,7815,3519858.2
2020-04-23,2020-04-23,450.55,456.55,448.55,454.7,6037,2731054.8
2020-04-22,2020-04-22,441.35,447.25,440.5,446.7,6364,2819500.15
2020-04-21,2020-04-21,452.35,452.4,432.7,433.7,12508,5569061.15
2020-04-20,2020-04-20,454.9,457.35,450.8,457.35,14108,6399906.4
2020-04-17,2020-04-17,462.5,465.15,451.5,451.95,19866,9165273.5
2020-04-16,2020-04-16,448.55,455.4,445,454,17569,7900812.55
2020-04-15,2020-04-15,445.35,445.35,439.85,441.45,22878,1.01147994E7
2020-04-14,2020-04-14,436.4,441.8,434.5,440.9,15823,6921416.6
2020-04-09,2020-04-09,427,428.6,420,422.95,15562,6597860.05
2020-04-08,2020-04-08,417.4,423.55,414.7,423.55,13456,5652540.6
2020-04-07,2020-04-07,423.5,429.1,416.95,422.95,18570.0,7885297.6
2020-04-06,2020-04-06,407.5,410.6,405.7,409.9,18075,7381456.55
2020-04-03,2020-04-03,393.5,400,392.2,393,6918,2737651.6
2020-04-02,2020-04-02,389.4,393.9,383,393.05,13739,5333018.2
2020-04-01,2020-04-01,390.95,396,388,393,21768,8532399.85
2020-03-31,2020-03-31,403.85,410,399.45,408.25,16017,6489645.35
2020-03-30,2020-03-30,387.4,399,381.55,398.7,10566,4119151.85
2020-03-27,2020-03-27,394,396.1,386.35,387.8,17135,6719420.9
2020-03-26,2020-03-26,379.85,396.3,377,395.75,10335,4007079.5
2020-03-25,2020-03-25,396.9,403.2,384.95,393.85,14680.0,5818105.95
2020-03-24,2020-03-24,380.25,391.45,377,391.45,9436,3610940.1
2020-03-23,2020-03-23,357,380.4,354.3,362.6,14344,5196260.0
2020-03-20,2020-03-20,399.2,403.3,377.65,379.95,19533,7618419
2020-03-19,2020-03-19,372.45,389.85,369.05,382.7,11004,4133117.95
2020-03-18,2020-03-18,359.5,377.3,354.75,368.3,11420.0,4159695.1
2020-03-17,2020-03-17,368.75,386.55,355,379.35,15331,5637331.35
2020-03-16,2020-03-16,378.2,381.95,350,375.65,26540.0,9847575.9
2020-03-13,2020-03-13,380.55,391.3,369.3,378.25,17697,6764723.2
2020-03-12,2020-03-12,383.75,383.75,362,374.45,19179,7249779.05
2020-03-11,2020-03-11,405,410.85,400.35,403.7,16166,6546773.45
2020-03-10,2020-03-10,403.9,413.4,393.5,399.1,19554,7941863.6
2020-03-09,2020-03-09,390,405.6,371.65,398.6,25147,9894371.4
2020-03-06,2020-03-06,429.45,429.55,411,420.4,14484,6070375
2020-03-05,2020-03-05,445.6,445.6,435.85,443.2,7535,3316314.1
2020-03-04,2020-03-04,438,444.85,437,442.1,9615,4242660.4
2020-03-03,2020-03-03,444.9,454.8,439,440.5,26789,1.197911395E7
2020-03-02,2020-03-02,437.1,437.8,423.25,436.05,13097,5660081.35
2020-02-28,2020-02-28,424.75,427.65,413.15,426.1,36626,1.542036265E7
2020-02-27,2020-02-27,451.6,453.85,434.5,442.1,15997,7141315.9
2020-02-26,2020-02-26,459.7,466.8,449,463.85,20241,9273380.7
2020-02-25,2020-02-25,476.2,476.2,461.95,464.25,15119,7138563.85
2020-02-24,2020-02-24,478.3,478.5,468.6,471.25,27961,1.326258225E7
2020-02-21,2020-02-21,496.6,498.75,489.95,492,5807,2874228.5
2020-02-20,2020-02-20,506.2,506.2,496.9,496.9,13553,6831337
2020-02-19,2020-02-19,502.3,506.3,501.4,506.3,6276,3156848
2020-02-18,2020-02-18,494.65,499.6,494.2,498.1,10544,5229342
2020-02-17,2020-02-17,500.8,501,499.95,500.6,5178,2591280.75
2020-02-14,2020-02-14,498.9,499.45,496.6,498.6,9487,4729647
2020-02-13,2020-02-13,493.4,497.85,490.4,497.85,7693,3797795
2020-02-12,2020-02-12,491.75,494.65,491.1,494.6,8493,4185589.75
2020-02-11,2020-02-11,491.6,493.9,490.65,492.1,8296,4080274.25
2020-02-10,2020-02-10,482.65,487.05,481.1,487.05,5656,2732359.5
2020-02-07,2020-02-07,482.75,484.3,480.2,484.3,3611,1740814.875
2020-02-06,2020-02-06,481.5,482.8,477.9,481.95,6423,3087407.5
2020-02-05,2020-02-05,480.45,482.05,475.15,476.45,5982,2862898.75
2020-02-04,2020-02-04,466.25,473.85,465.45,473.85,4891,2297167
2020-02-03,2020-02-03,459.55,464.65,457.2,462.65,6956,3203262.75
2020-01-31,2020-01-31,467.5,467.55,457.05,457.7,5735,2664421
2020-01-30,2020-01-30,459.45,463.6,459.15,461.25,5353,2464193
2020-01-29,2020-01-29,464.7,466.8,462.65,464.8,5478,2549875.25
2020-01-28,2020-01-28,459.55,462.95,456.9,462.95,6573,3021709.25
2020-01-27,2020-01-27,459.7,460.2,454.25,456.4,12320.0,5629393.5
2020-01-24,2020-01-24,470.25,471.7,468.85,469.3,6469,3046653.25
2020-01-23,2020-01-23,465.05,467.9,463.7,466.75,5921,2758134.75
2020-01-22,2020-01-22,466.8,468.45,465.85,467.2,4652,2171954.25
2020-01-21,2020-01-21,461.45,464.65,460.65,464.65,5946,2745295.75
2020-01-20,2020-01-20,463.2,464.35,463,463.95,3871,1793987.125
2020-01-17,2020-01-17,460.5,463.65,460.35,461.95,5495,2540384
2020-01-16,2020-01-16,457,458.5,456.2,457.5,8223,3764073.5
2020-01-15,2020-01-15,456.25,457.3,454.6,456.15,4268,1945583.625
2020-01-14,2020-01-14,456.1,458.55,455,456.7,5195,2373298.25
2020-01-13,2020-01-13,454.05,455.25,453.8,454.7,4692,2132508.75
2020-01-10,2020-01-10,456.2,457.35,454.7,454.7,2855,1303379.25
2020-01-09,2020-01-09,453,455.25,452.7,454.55,4525,2052927.375
2020-01-08,2020-01-08,444.2,448.55,443.7,448.55,4115,1837979.25
2020-01-07,2020-01-07,444.2,446.9,444,446.65,8628,3837366.5
2020-01-06,2020-01-06,440.05,442.35,437.2,442.25,2065,906485.9375
2020-01-03,2020-01-03,441.7,444.05,439.7,442.35,5241,2315700.0
2020-01-02,2020-01-02,439.45,443.45,439.45,441.15,6260.0,2762833
2019-12-30,2019-12-30,440.3,441,438.85,439.7,1786,785699.125
2019-12-27,2019-12-27,443.5,445.6,440.65,441.85,5544,2459264
2019-12-23,2019-12-23,439.95,441.55,439.7,440.5,3079,1356080.75
2019-12-20,2019-12-20,436.35,439.9,435.85,439.9,8070.0,3534357.5
2019-12-19,2019-12-19,433.4,435.05,432.7,435.05,2563,1111179.125
2019-12-18,2019-12-18,432.25,434.35,432.15,434.2,16475,7131618.5
2019-12-17,2019-12-17,432.45,432.5,430.65,431.5,5796,2502005
2019-12-16,2019-12-16,429.3,432.5,429.2,432.35,9270.0,3996246.75
2019-12-13,2019-12-13,427.45,430.1,424,427.3,10302,4397966
2019-12-12,2019-12-12,423.95,428.45,422.55,425.9,6291,2675921.5
2019-12-11,2019-12-11,423.95,424.7,423.2,423.95,1236,523972.90625
2019-12-10,2019-12-10,423.55,425.05,420.8,423.55,3115,1317711.75
2019-12-09,2019-12-09,425.8,426.9,424.8,425.65,3556,1513840.625
2019-12-06,2019-12-06,420.85,426.35,420.75,426.2,3237,1372406.25
2019-12-05,2019-12-05,421.1,421.9,418.3,418.7,3556,1495210.75
2019-12-04,2019-12-04,416.7,420.9,416.7,420.65,8248,3460805.25
2019-12-03,2019-12-03,421.45,421.8,413.85,414.6,4234,1768921.75
2019-12-02,2019-12-02,429.75,431.2,418.95,419.2,5251,2237975.75
2019-11-29,2019-11-29,429.1,430.7,428.75,428.85,3741,1606956.625
2019-11-28,2019-11-28,429.35,430.3,429.1,430.15,2730.0,1173535.875
2019-11-27,2019-11-27,429,430.05,428.45,429.85,2536,1088409.625
2019-11-26,2019-11-26,426.45,427.2,426,427.2,3686,1572526.5
2019-11-25,2019-11-25,422.3,426.15,422.2,425.95,3949,1672978.75
2019-11-22,2019-11-22,420.3,421.1,418.65,419.75,4570.0,1921261.75
2019-11-21,2019-11-21,418.65,420.05,417.9,418.2,13161,5514155.5
2019-11-20,2019-11-20,420.7,422.65,420.35,421.85,3229,1361682.375
2019-11-19,2019-11-19,422.7,423.8,420.7,421.9,3471,1468245.5
2019-11-18,2019-11-18,423.7,423.7,419.8,420.75,2490.0,1050259.75
2019-11-15,2019-11-15,421.95,422.15,420.55,421.85,2002,844185.625
2019-11-14,2019-11-14,420.55,421.15,419.3,419.3,6730.0,2826765
2019-11-13,2019-11-13,420.7,421.2,418.3,420.9,2348,985314.1875
2019-11-12,2019-11-12,419.8,422.2,419.05,422.1,2968,1248543.625
2019-11-11,2019-11-11,418.05,418.55,416.85,417.95,3843,1605120.0
2019-11-08,2019-11-08,416.75,418.85,416.4,418.55,4306,1796178.375
2019-11-07,2019-11-07,417.6,419.65,416.9,419.55,7331,3062406.25
2019-11-06,2019-11-06,415.5,415.9,413.95,414.85,2466,1022900.875
2019-11-05,2019-11-05,414.25,416.6,413.9,416.5,3383,1404909.375
2019-11-04,2019-11-04,411.05,413.35,411,412.9,4539,1871125.625
2019-11-01,2019-11-01,407.15,409.75,406.7,407.75,3480.0,1419139.25
2019-10-31,2019-10-31,407.75,407.8,404.9,405.45,1478,600635.3125
2019-10-30,2019-10-30,405.8,407.2,404.9,405.75,2144,870428.1875
2019-10-29,2019-10-29,409.7,409.7,406.55,407.6,4627,1889329.125
2019-10-28,2019-10-28,406.95,409.75,406.7,409.4,2673,1091609.75
2019-10-25,2019-10-25,400.45,406,399.5,405.45,2272,910233.0625
2019-10-24,2019-10-24,398.85,402.4,398.45,402.4,2094,835714.9375
2019-10-23,2019-10-23,395,397.55,394.8,397.55,4551,1799193.375
2019-10-22,2019-10-22,399.85,401.75,398.95,398.95,1952,781117.4375
2019-10-21,2019-10-21,396.1,398.75,395.9,398.5,1799,713409.125
2019-10-18,2019-10-18,399.7,399.75,396.9,396.9,2564,1023205.75
2019-10-17,2019-10-17,401.5,402.45,399.6,399.6,2901,1165177.875
2019-10-16,2019-10-16,403.1,403.35,400.5,400.85,4631,1861933.125
2019-10-15,2019-10-15,401,403.4,400.15,402.45,4253,1708613.875
2019-10-14,2019-10-14,399.3,399.75,395.85,399.5,1832,729438
2019-10-11,2019-10-11,396.3,400.5,396.3,400.5,8509,3393333.25
2019-10-10,2019-10-10,391.2,395.8,389.75,395.35,5571,2186757
2019-10-09,2019-10-09,388.65,393.2,388.65,391.8,4235,1656919.25
2019-10-08,2019-10-08,395.7,395.8,389.2,390.75,7301,2862270.5
2019-10-07,2019-10-07,394.1,395.95,393.65,395.9,5307,2094697.25
2019-10-04,2019-10-04,390.25,394.15,388.55,394.15,6224,2437018.75
2019-10-02,2019-10-02,394.1,394.45,385.35,385.35,4708,1833337.5
2019-10-01,2019-10-01,401.65,402.6,396.15,396.45,7945,3181260.25
2019-09-30,2019-09-30,395.15,397.65,395,397.65,5434,2153264.5
2019-09-27,2019-09-27,398.85,400.35,396.05,397.6,6091,2428273.75
2019-09-26,2019-09-26,398.25,402.4,395.95,396.55,3087,1230129.75
2019-09-25,2019-09-25,393.35,395.75,389.7,395.35,3172,1245556
2019-09-24,2019-09-24,400.25,401.05,396.95,396.95,2088,834602.375
2019-09-23,2019-09-23,399.65,400.15,397.5,398.9,9428,3758283.5
2019-09-20,2019-09-20,401,403.15,400.3,401.3,6339,2546117
2019-09-19,2019-09-19,398,403.05,397.8,402.85,5496,2194694.25
2019-09-18,2019-09-18,399.05,400.15,398.55,398.55,4203,1677358.5
2019-09-17,2019-09-17,398.85,399.65,398.1,398.55,6539,2607067.25
2019-09-16,2019-09-16,396.6,400.75,395.7,400,5352,2136347
2019-09-13,2019-09-13,400.75,401.95,398.9,399.85,1938,776571.6875
2019-09-12,2019-09-12,403,407.1,401.6,402.8,9679,3905942.5
2019-09-11,2019-09-11,396.55,401.25,396.25,401.25,5773,2301297
2019-09-10,2019-09-10,396.6,397.1,393.4,393.4,9993,3945126.5
2019-09-09,2019-09-09,400.3,400.3,397.6,398.75,4412,1760920.625
2019-09-06,2019-09-06,399.1,400.5,397.6,398.95,6201,2476302.75
2019-09-05,2019-09-05,395.75,399.2,394.35,398.9,8161,3231189.5
2019-09-04,2019-09-04,392.65,394,389.9,390.95,3789,1482022.5
2019-09-03,2019-09-03,390.1,392.2,388.15,390,12546,4899604.5
2019-09-02,2019-09-02,390.1,392.65,389.9,391.35,2808,1098561.25
2019-08-30,2019-08-30,390.5,394,389.65,390.9,9404,3679385
2019-08-29,2019-08-29,382.4,390.6,382.4,390.6,2989,1161573.375
2019-08-28,2019-08-28,382.45,383.25,379.3,383.25,4767,1821023.625
2019-08-27,2019-08-27,381.05,386.6,380.5,383.2,9101,3481134
2019-08-26,2019-08-26,380.3,383.75,377.95,380.7,6410.0,2443667.75
2019-08-23,2019-08-23,392,392.35,379.5,379.5,7760.0,3019664
2019-08-22,2019-08-22,390.5,392.6,387,388.7,5525,2150309
2019-08-21,2019-08-21,389.35,391.4,388.95,391.1,6469,2522661.75
2019-08-20,2019-08-20,390.6,391.6,388.35,389.8,2638,1027015
2019-08-19,2019-08-19,388.05,390.3,386.5,390.15,6655,2587162.75
2019-08-16,2019-08-16,380.15,384.35,380.15,383.55,6975,
2019-08-15,2019-08-15,378.75,379.35,371.1,377.65,7057,2659818.5
2019-08-14,2019-08-14,387,387,378.25,379.3,6160.0,2355274.75
2019-08-13,2019-08-13,377.1,389.35,375.25,385.2,14699,
2019-08-12,2019-08-12,385.05,386,377.75,378.85,3351,
2019-08-09,2019-08-09,384.7,385.25,379.6,379.95,6188,2370333.5
2019-08-08,2019-08-08,378.9,382.95,377.5,382.95,5802,2209446
2019-08-07,2019-08-07,374.5,378.5,368.05,373.35,16555,6187390.5
2019-08-06,2019-08-06,370.3,376.45,369.65,371.8,8864,3300680.5
2019-08-05,2019-08-05,383.9,383.9,372.6,373.5,21573,8121784
2019-08-02,2019-08-02,391.5,393.05,385.6,386.15,27744,10812794
2019-08-01,2019-08-01,397.45,404.7,396.3,404.45,6493,2594869.5
2019-07-31,2019-07-31,400.5,401.1,399.65,400.8,3194,1279845.875
2019-07-30,2019-07-30,401.5,401.5,397.85,399.65,2694,1076416.75
2019-07-29,2019-07-29,402.3,403.65,399.4,400.45,5869,2362110.5
2019-07-26,2019-07-26,401.7,403.25,401.05,403.25,8501,3418138.5
2019-07-25,2019-07-25,402.5,404,398.1,398.45,6307,2523597
2019-07-24,2019-07-24,398.5,400.45,397.7,400.3,2735,1092424.375
2019-07-23,2019-07-23,396.1,398.15,395.65,397.05,3945,1565812.5
2019-07-22,2019-07-22,391.05,393.7,390.85,393.3,2496,979883.625
2019-07-19,2019-07-19,394.55,396.6,394.15,394.55,6662,2630971
2019-07-18,2019-07-18,390.15,393.25,390,390.7,4571,1791285.375
2019-07-17,2019-07-17,396.45,396.55,394.2,394.5,2312,914989.375
2019-07-16,2019-07-16,396.4,397.85,396.3,396.7,3225,1280469.25
2019-07-15,2019-07-15,394.8,395.65,394,395.25,5236,2068750.625
2019-07-12,2019-07-12,392.65,394.1,392.5,394.1,6945,2727577
2019-07-11,2019-07-11,393.6,394.4,393,394.15,13163,5181557
2019-07-10,2019-07-10,389.45,394.5,388.75,391.7,6642,2599583.25
2019-07-09,2019-07-09,386,389.95,385.7,389.3,1797,696642.875
2019-07-08,2019-07-08,388.95,389.5,386.8,387.95,3044,1183432.75
2019-07-05,2019-07-05,391.05,391.05,388.05,389.6,14261,5554686.5
2019-07-04,2019-07-04,390.1,391.05,389.65,390.9,1399,546205.1875
2019-07-03,2019-07-03,387.75,389.15,387.5,389.15,4102,1592375.25
2019-07-02,2019-07-02,384.8,385.4,383.1,384.5,25789,9903037
2019-07-01,2019-07-01,385.45,386.1,383.65,384.85,13619,5235974.5
2019-06-28,2019-06-28,376.85,377.9,375.7,376.6,10007,3765076
2019-06-27,2019-06-27,377.9,378.15,375.4,375.95,12880.0,4850130.0
2019-06-26,2019-06-26,374.9,377.8,374.6,376,11910.0,4490110.0
2019-06-25,2019-06-25,378.45,379.55,376.25,376.6,9372,3538192.25
2019-06-24,2019-06-24,381.5,381.65,379.9,380.1,3045,1160613.25
2019-06-21,2019-06-21,382.8,384.3,381.1,383.5,32858,12555764
2019-06-20,2019-06-20,384.65,385.6,382.75,382.75,8352,3207499.75
2019-06-19,2019-06-19,382.45,382.6,380.25,380.75,7943,3030112
2019-06-18,2019-06-18,375.25,384.55,374.55,383.5,16191,6172544.5
2019-06-17,2019-06-17,374.45,376.1,373,375.1,3273,1225091.25
2019-06-14,2019-06-14,371.1,373.2,369.9,373.05,1729,641439.875
2019-06-13,2019-06-13,369.6,373.8,369.6,372.1,2544,946170.875
2019-06-12,2019-06-12,368.95,370.8,368.85,369.6,4138,1529238.75
2019-06-11,2019-06-11,372.35,375.25,372,372,6389,2388887
2019-06-07,2019-06-07,361.95,367.25,360.15,366.1,16821,6096468.5
2019-06-06,2019-06-06,360,361.55,357.9,358.9,3705,1331921.25
2019-06-05,2019-06-05,356.75,359.3,355.4,358.05,7497,2680202.75
2019-06-04,2019-06-04,346.8,354.8,346.55,354.8,6530.0,2284330.25
2019-06-03,2019-06-03,354.8,356,351,353.25,9303,3291196.25
2019-05-31,2019-05-31,360.5,360.5,357.6,360,4074,1462079.25
2019-05-30,2019-05-30,363.75,365.15,362.95,363.5,3173,1156688.75
2019-05-29,2019-05-29,362.25,364.05,361.65,362.3,5082,1841539.25
2019-05-28,2019-05-28,366.75,367.65,364.5,366.55,5181,1896986.75
2019-05-27,2019-05-27,365.5,365.85,364.85,365.2,2130.0,778323.875
2019-05-24,2019-05-24,367,368.25,364.8,365.6,6019,2208736.5
2019-05-23,2019-05-23,369.2,369.5,366.05,366.05,8279,3044820.0
2019-05-22,2019-05-22,372.95,373.65,369.65,372.65,16877,6275954.5
2019-05-21,2019-05-21,372.25,374.35,370.7,373.55,6044,2255040.0
2019-05-20,2019-05-20,376.85,377,368.7,369.75,10121,3766314.25
2019-05-17,2019-05-17,378.45,380.3,375.55,379.6,18305,6908146.5
2019-05-16,2019-05-16,373.8,380.85,372.7,380.85,4434,1668662.75
2019-05-15,2019-05-15,371.2,374.45,367.1,374.1,15146,5648592
2019-05-14,2019-05-14,365.3,370.7,365.3,370.7,4476,1643313.75
2019-05-13,2019-05-13,373.4,373.4,364.8,365.2,11339,4180611.75
2019-05-10,2019-05-10,377.3,378.2,369.5,370.2,4029,1508355.75
2019-05-09,2019-05-09,377.75,378.65,371.85,373.2,5584,2088249.375
2019-05-08,2019-05-08,382.25,383.2,378.8,381.1,17541,6673725
2019-05-07,2019-05-07,387.75,387.85,382,383,2741,1056385.75
2019-05-06,2019-05-06,383.55,387.85,382.75,387.35,11235,4313385
2019-05-03,2019-05-03,388,390.95,387.75,390.25,4771,1857982.5
2019-05-02,2019-05-02,387.4,389,385.9,386.45,3558,1377292.75
2019-04-30,2019-04-30,389,389,385.65,386,2961,1148821.625
2019-04-29,2019-04-29,391.95,392.7,391.5,392.2,4016,1574201.5
2019-04-26,2019-04-26,390.6,392.2,388.7,390.45,4521,1769841.875
2019-04-25,2019-04-25,393.8,395.6,390.15,393,4831,1896361.875
2019-04-24,2019-04-24,389.3,390.75,388.85,390.75,3879,1512587.375
2019-04-23,2019-04-23,383.7,388.45,382.75,388.45,3893,1500721.875
2019-04-18,2019-04-18,378.8,382.5,378.8,381.4,4140.0,1577567.25
2019-04-17,2019-04-17,379.25,381.45,378.9,379.15,3974,1510041.5
2019-04-16,2019-04-16,377.9,379.35,377.9,379,3598,1363081.5
2019-04-15,2019-04-15,376.3,377.6,374.6,375.95,4393,1653522.875
2019-04-12,2019-04-12,376.3,377.6,375.5,376.05,2869,1080579.75
2019-04-11,2019-04-11,377.55,378.7,376.6,377.5,3805,1436791.5
2019-04-10,2019-04-10,375.9,377.9,375.6,377.4,3042,1144943.25
2019-04-09,2019-04-09,376.85,376.85,374.7,376.1,3895,1465069.5
2019-04-08,2019-04-08,376.95,377,374.15,376.2,3395,1277180.125
2019-04-05,2019-04-05,376.1,377.65,375.6,377.45,5037,1897472.375
2019-04-04,2019-04-04,375.35,377.35,374.5,375.1,4616,1734015.75
2019-04-03,2019-04-03,375.55,377.15,374.5,377.15,6679,2506460.0
2019-04-02,2019-04-02,372.55,373.95,372.4,373.6,4326,1613429.5
2019-04-01,2019-04-01,370.45,371.55,369.9,371.35,4145,1535446.625
2019-03-29,2019-03-29,365.95,366.95,365.2,366.55,1226,448261.65625
2019-03-28,2019-03-28,362.65,365.65,362.3,363.4,1439,523305.84375
2019-03-27,2019-03-27,365.85,365.85,360.35,361.9,1585,576757.375
2019-03-26,2019-03-26,362.4,366.2,362.3,364.55,2481,904865.125
2019-03-25,2019-03-25,360.45,362.45,358.8,360.35,1766,636906
2019-03-22,2019-03-22,368.1,370,364.5,364.75,6357,2338689.25
2019-03-21,2019-03-21,361,366.65,360.4,366.25,1358,494681.5625
2019-03-20,2019-03-20,362.15,362.45,360.35,360.35,2216,801092.625
2019-03-19,2019-03-19,361.2,363.65,361.1,363.05,2005,726525.25
2019-03-18,2019-03-18,360.7,361.35,359.65,359.9,1597,575722.5625
2019-03-15,2019-03-15,358.5,361.5,358.4,361.4,15473,5561649
2019-03-14,2019-03-14,358.85,359.95,358.2,358.85,5300.0,1902792.625
2019-03-13,2019-03-13,356.85,359.85,356.55,359.3,1591,569806.4375
2019-03-12,2019-03-12,356.4,357.25,354.8,357,2525,898941.1875
2019-03-11,2019-03-11,349.9,355.35,349.3,355.3,1620.0,571131.1875
2019-03-08,2019-03-08,348.05,348.9,345.25,347.35,5060.0,1757146.375
2019-03-07,2019-03-07,350.05,352.85,349.45,351.75,3811,1335512.375
2019-03-06,2019-03-06,353.8,354.1,351.4,351.55,3383,1194231.125
2019-03-05,2019-03-05,352.55,354.2,351.65,354.2,2561,903830.0
2019-03-04,2019-03-04,353.9,355.4,352.15,352.15,3903,1382717
2019-03-01,2019-03-01,350.75,351.7,349.25,349.25,4894,1712853.5
2019-02-28,2019-02-28,347.05,349.05,346.7,348.95,1605,558326.4375
2019-02-27,2019-02-27,348,348.55,346.55,348.4,5532,1917776.625
2019-02-26,2019-02-26,348.95,350.7,348.25,349.85,1906,665309.375
2019-02-25,2019-02-25,350.3,352.55,349.8,351.85,2666,936435.125
2019-02-22,2019-02-22,346.45,349.4,346.4,349.3,1018,354248.3125
2019-02-21,2019-02-21,349,349,344.75,346.75,3388,1177004.5
2019-02-20,2019-02-20,347.85,349.1,347,348.1,2531,881572.0625
2019-02-19,2019-02-19,349.1,349.1,346.95,348.15,5280.0,1840033.5
2019-02-18,2019-02-18,348.85,349.1,347.65,348.9,1209,421143.1875
2019-02-15,2019-02-15,345.45,350.5,345.45,348.35,4457,1551214.75
2019-02-14,2019-02-14,348.75,349.4,345,346.25,1141,396551.40625
2019-02-13,2019-02-13,347.65,348.95,346.6,347.2,3279,1140568.875
2019-02-12,2019-02-12,344.35,345.95,343.35,345.5,3980.0,1371508.625
2019-02-11,2019-02-11,340.5,344.05,340.35,342.2,2981,1021736.4375
2019-02-08,2019-02-08,338,338.9,336.7,337.6,1356,458600.15625
2019-02-07,2019-02-07,342.4,343.3,337.65,337.65,2720.0,928396.375
2019-02-06,2019-02-06,343.25,344.25,341.9,343.4,3200.0,1096887.75
2019-02-05,2019-02-05,338.4,343.45,338.4,342.65,8661,2950844.75
2019-02-04,2019-02-04,335.35,338.85,334.8,338.75,4166,1400292.5
2019-02-01,2019-02-01,336.05,337.15,333.7,335.55,3972,1331265.5
2019-01-31,2019-01-31,332.95,336.25,332,336.2,3727,1243351.5
2019-01-30,2019-01-30,325.7,328.55,325.5,327.8,2406,787009.5
2019-01-29,2019-01-29,325,327.8,323.2,323.7,4822,1571424
2019-01-28,2019-01-28,330.35,330.6,324.85,325.35,6723,2210237
2019-01-25,2019-01-25,331,332.1,330.3,331.4,2585,855824.3125
2019-01-24,2019-01-24,326.8,329.65,326.6,328.35,6150.0,2022432
2019-01-23,2019-01-23,325.75,329.45,325.25,325.25,2016,660273.375
2019-01-22,2019-01-22,330.3,331.3,329.2,329.6,3801,1254831.625
2019-01-21,2019-01-21,331.25,332.1,330.6,331.35,3322,1099640.5
2019-01-18,2019-01-18,329.45,334,329,333.85,12269,4052813.25
2019-01-17,2019-01-17,324.05,327.55,323.85,327.5,3868,1258052.125
2019-01-16,2019-01-16,326.5,328.85,325.5,327.9,16628,5428006.5
2019-01-15,2019-01-15,320.25,324.9,319.75,324.9,3373,1084072.875
2019-01-14,2019-01-14,317.65,319.25,317,318.85,980,311768.65625
2019-01-11,2019-01-11,319.8,320.25,318.55,319.95,1931,616651.875
2019-01-10,2019-01-10,316.25,319.6,315.55,319.6,807,255847.046875
2019-01-09,2019-01-09,318.95,320.55,317.85,319.05,3368,1076012.875
2019-01-08,2019-01-08,316.95,320.55,315.1,316.15,3292,1048716.125
2019-01-07,2019-01-07,314.1,315.2,311.95,315.2,3041,952185.6875
2019-01-04,2019-01-04,305.6,312.4,304.25,312.1,3298,1010238.6875
2019-01-03,2019-01-03,304.8,308.5,302.4,305.2,10820.0,3297173.25
2019-01-02,2019-01-02,303.2,311.2,299.95,311.15,4060.0,1227609.5
2018-12-28,2018-12-28,305.8,309,305.8,307.7,1257,386513.40625
2018-12-27,2018-12-27,303.8,304,297.4,300.7,12173,3671119
2018-12-21,2018-12-21,305.9,308.45,303,303.6,5993,1835582.125
2018-12-20,2018-12-20,308,309.75,305.95,305.95,3480.0,1072628.5
2018-12-19,2018-12-19,317.75,320,317.2,318.9,1374,437603.15625
2018-12-18,2018-12-18,318.05,319.65,317.55,319.25,3172,1010053.75
2018-12-17,2018-12-17,325.5,325.8,319.9,324.35,4957,1610251
2018-12-14,2018-12-14,328.65,330.95,328.3,330.3,2530.0,839315.0625
2018-12-13,2018-12-13,334.65,335.3,331.9,332.6,1057,340305.9375
2018-12-12,2018-12-12,331.95,335.9,331.95,335.9,695,229590.703125
2018-12-11,2018-12-11,327.2,333.7,327.1,331.75,2775,947541.875
2018-12-10,2018-12-10,322.4,325.4,321.35,322.5,5673,1834478.25
2018-12-07,2018-12-07,332.05,334.35,327.65,327.65,7196,2396107.75
2018-12-06,2018-12-06,330.9,330.9,325.65,327.3,2842,948685.8125
2018-12-05,2018-12-05,336.25,337.1,334.85,334.85,1425,460001.6875
2018-12-04,2018-12-04,343.6,345.35,342.05,343.7,1795,619006
2018-12-03,2018-12-03,349.65,350.2,345.55,346.45,9188,3248753
2018-11-30,2018-11-30,338.05,340.85,337.2,339.65,2379,805219.0625
2018-11-29,2018-11-29,337.7,338.05,335.7,337.1,3348,1128742.5
2018-11-28,2018-11-28,332.1,333.65,331.8,332.55,3816,1272208.125
2018-11-27,2018-11-27,328.15,330.9,325.6,330.65,2192,721647.625
2018-11-26,2018-11-26,324,326.9,324,325.05,2808,913356.1875
2018-11-23,2018-11-23,319.65,323.45,319,322.6,4822,1549442.25
2018-11-22,2018-11-22,321.25,321.25,317.9,318.7,2152,688019.875
2018-11-21,2018-11-21,321.35,324.3,321.15,323.9,4511,1456696.375
2018-11-20,2018-11-20,321.7,322.5,315.7,321.65,7469,2386348.5
2018-11-19,2018-11-19,336.55,337.85,326.5,326.5,2590.0,866202.125
2018-11-16,2018-11-16,336.9,336.9,332.45,334.3,2138,715157.875
2018-11-15,2018-11-15,335.5,336,332.05,335.05,988,330370.84375
2018-11-14,2018-11-14,336.35,340.8,334.5,334.85,2416,815913.875
2018-11-13,2018-11-13,341.25,342.6,338,341.4,2880.0,978258.8125
2018-11-12,2018-11-12,349.8,349.8,338.35,338.95,528,181827.75
2018-11-09,2018-11-09,349.9,350,345.65,346.05,3175,1104260.75
2018-11-08,2018-11-08,350.9,351.6,348.85,349.9,1206,422157.40625
2018-11-07,2018-11-07,342.15,347.45,342.15,347.05,6023,2071918.125
2018-11-06,2018-11-06,338.5,341.85,337.25,339.7,1887,640378.625
2018-11-05,2018-11-05,340.85,342.5,335.5,336.45,2213,746225.4375
2018-11-02,2018-11-02,346.1,346.4,338.75,340.15,4429,1517708.625
2018-11-01,2018-11-01,341.15,343.75,339.5,343.25,2338,797530.25
2018-10-31,2018-10-31,337,345.25,337,343.05,3910.0,1333149.25
2018-10-30,2018-10-30,331.8,332.25,326.35,330.95,6005,1985031.25
2018-10-29,2018-10-29,336.7,341.55,333.45,333.45,5541,1877207.875
2018-10-26,2018-10-26,335.55,336.65,329.85,335.5,5457,1817489.25
2018-10-25,2018-10-25,334.5,342.05,334.2,342.05,4405,1484279.875
2018-10-24,2018-10-24,343.25,348.95,341.1,341.1,2508,867384.125
2018-10-23,2018-10-23,342,342.55,337.5,339.6,8252,2809843
2018-10-22,2018-10-22,344.35,348.95,344.1,348.05,1535,529832.5
2018-10-19,2018-10-19,348.25,350.1,346.65,347.1,6404,2227381.5
2018-10-18,2018-10-18,352,352.4,345.75,345.75,4438,1550507.125
2018-10-17,2018-10-17,353.85,354.1,349.05,349.45,3832,1350356.375
2018-10-16,2018-10-16,341.25,346.45,341,346.45,7386,2528580.75
2018-10-15,2018-10-15,341.9,343.65,338.95,342.55,17585,5992856.5
2018-10-12,2018-10-12,342.7,345.25,341.35,342.75,10783,3698410.0
2018-10-11,2018-10-11,337.15,341.1,334.35,336.95,17383,5839386.5
2018-10-10,2018-10-10,357.6,357.6,347.65,347.65,8998,3184951.25
2018-10-09,2018-10-09,357.35,360.1,356.4,359.25,2233,799233.9375
2018-10-08,2018-10-08,357.9,359.65,355.7,355.7,1511,540857.375
2018-10-05,2018-10-05,362.25,362.8,358.05,358.05,3388,1223807.375
2018-10-04,2018-10-04,368.65,368.85,363,363.3,8952,3281276.75
2018-10-02,2018-10-02,368,369.65,367.9,369.65,1475,543485.125
2018-10-01,2018-10-01,369.1,370.15,368.6,370.1,3575,1320870.25
2018-09-28,2018-09-28,365.45,366.55,365.15,366,3936,1439557.625
2018-09-27,2018-09-27,360.45,365.2,359.95,364.75,1153,417802.40625
2018-09-26,2018-09-26,359.6,360.9,359.2,360.7,1430.0,514178.40625
2018-09-25,2018-09-25,358,358.55,356.2,357.6,2809,1004083.5625
2018-09-24,2018-09-24,355.3,356.55,351.6,356.25,1065,377183.90625
2018-09-21,2018-09-21,358.9,360,358.3,359,1876,673500.375
2018-09-20,2018-09-20,357,359,356.3,359,946,338127.5625
2018-09-19,2018-09-19,357.8,357.8,356.1,356.4,1271,453552.3125
2018-09-18,2018-09-18,354.45,358.7,353.7,358.7,2808,998636.875
2018-09-17,2018-09-17,360.4,360.4,356.05,356.05,1154,413248.84375
2018-09-14,2018-09-14,361.25,361.65,360.5,361.15,4475,1616685.375
2018-09-13,2018-09-13,358.4,360.65,358.4,360.55,4208,1514477.625
2018-09-12,2018-09-12,361.4,361.9,356.2,358.25,2234,808256.125
2018-09-11,2018-09-11,358.1,359.6,356.6,359.4,1074,383994.5
2018-09-10,2018-09-10,359.7,359.85,356.4,357.2,1116,401015.84375
2018-09-07,2018-09-07,356.4,359.9,355.7,359.9,4513,1609662.5
2018-09-06,2018-09-06,360,360.95,355.85,356.8,2668,959686.375
2018-09-05,2018-09-05,366.3,366.55,359.3,359.75,1502,546843.75
2018-09-04,2018-09-04,369.5,369.85,366.7,367.8,3035,1118905.875
2018-09-03,2018-09-03,367.55,368.05,367.1,367.95,2170.0,797940.125
2018-08-31,2018-08-31,364.7,367.45,364.1,366.95,1094,400043.90625
2018-08-30,2018-08-30,364,366.35,363.8,365.8,2073,756433.25
2018-08-29,2018-08-29,361.8,363.9,361.65,363.9,1612,583655.125
2018-08-28,2018-08-28,360.8,360.85,359.45,359.45,2578,928759
2018-08-27,2018-08-27,360.9,360.9,359.35,360.3,5100.0,1839132.5
2018-08-24,2018-08-24,357.65,358.65,356.95,358.65,1754,627330.5625
2018-08-23,2018-08-23,357.35,359.4,356.75,356.9,1400.0,501704.34375
2018-08-22,2018-08-22,355,356.6,353.45,356.55,1141,404564.1875
2018-08-21,2018-08-21,356.9,358.45,356.75,358.45,960,343581
2018-08-20,2018-08-20,360.95,361.5,357.75,358.2,1545,556820.5
2018-08-17,2018-08-17,360.85,360.85,358,358.4,1641,591370.0625
2018-08-16,2018-08-16,361.95,363.4,361.3,362.4,5596,2024080.25
2018-08-15,2018-08-15,365.35,365.9,360,361.15,1902,692392.0625
2018-08-14,2018-08-14,362.7,364.45,361.95,364.45,2033,737987.875
2018-08-13,2018-08-13,360.9,363.2,360.7,362.15,1476,534139.375
2018-08-10,2018-08-10,360.5,362.25,360.1,362.25,17361,6260940.5
2018-08-09,2018-08-09,358.15,360,358.15,360,1511,541869.8125
2018-08-08,2018-08-08,357.35,358.75,357.05,358.75,2361,844517.1875
2018-08-07,2018-08-07,358.55,358.8,357.4,357.45,1058,378664.8125
2018-08-06,2018-08-06,356.55,357.25,355.65,356.5,785,279595.09375
2018-08-03,2018-08-03,354.15,355.35,353.45,353.45,1379,489004.25
2018-08-02,2018-08-02,346.1,350.95,345.4,350.95,997,345102.6875
2018-08-01,2018-08-01,346,347.15,344.9,346.1,2630.0,909677.625
2018-07-31,2018-07-31,342.05,344.15,341.4,343.85,3622,1239201.5
2018-07-30,2018-07-30,346.8,347.45,341.65,342.2,7282,2508791
2018-07-27,2018-07-27,355.05,356.6,351.5,352,5882,2093346.625
2018-07-26,2018-07-26,350.9,354.3,350.7,353.75,6158,2171145.25
2018-07-25,2018-07-25,352.3,354.4,351.75,354.4,2710.0,954680.625
2018-07-24,2018-07-24,353.65,355.1,352.8,353.3,4081,1442685.375
2018-07-23,2018-07-23,347.45,349.45,347.05,349.45,1888,656941.625
2018-07-20,2018-07-20,352.45,352.85,349.6,351.2,1818,639277.8125
2018-07-19,2018-07-19,353.05,353.95,352.05,353.55,1770.0,624708.625
2018-07-18,2018-07-18,354.05,354.7,351.9,353.35,2129,753267.875
2018-07-17,2018-07-17,345.65,350.5,345.65,350.15,4191,1458144.5
2018-07-16,2018-07-16,350.95,351.6,350,350.05,1804,632638.3125
2018-07-13,2018-07-13,353,353.7,351.5,352.2,1585,558728.75
2018-07-12,2018-07-12,346.15,349.15,345.7,348.7,1033,358375
2018-07-11,2018-07-11,341.55,345,341.4,343.85,11857,4075667.75
2018-07-10,2018-07-10,345.45,346.65,345.325,345.325,1043,361170.75
2018-07-09,2018-07-09,342.35,343.2,342,343.025,1168,399944.65625
2018-07-06,2018-07-06,337.9,340.175,336.5,340.175,2381,804257.3125
2018-07-05,2018-07-05,333.45,336.05,333.45,335.975,2426,812875.5625
2018-07-04,2018-07-04,334.7,336.1,334.45,335.2,776,260018.296875
2018-07-03,2018-07-03,339.8,340.8,337.55,338.1,1340.0,455668.15625
2018-07-02,2018-07-02,333.95,337.6,333.7,336.75,3866,1293369.25
2018-06-29,2018-06-29,338,339.3,337.4,337.7,1541,520468.9375
2018-06-28,2018-06-28,337.05,337.8,333.2,336.6,4487,1506823
2018-06-27,2018-06-27,336.05,340.35,334.2,339.925,8719,2941934.75
2018-06-26,2018-06-26,336.1,337.95,335.5,336.125,24244,8145803
2018-06-25,2018-06-25,342.35,342.35,334.35,334.425,13981,4713665.5
2018-06-22,2018-06-22,344.75,346.15,343.4,344.525,4868,1676971
2018-06-21,2018-06-21,352,352.25,345.15,347.7,9625,3354576.75
2018-06-20,2018-06-20,348.35,349.95,348.15,349.4,5068,1769000.25
2018-06-19,2018-06-19,343.85,346.15,343.15,345.075,17775,6124206.5
2018-06-18,2018-06-18,346.65,347.35,344.65,347,6873,2376100.25
2018-06-15,2018-06-15,350.35,350.35,346.05,346.3,19595,6801625.5
2018-06-14,2018-06-14,338.1,348,338.1,347.7,2162,742155.125
2018-06-13,2018-06-13,341.65,342.9,341.1,342.8,2060.0,703746.4375
2018-06-12,2018-06-12,339.3,339.6,337.6,339.3,7410.0,2505563.5
2018-06-11,2018-06-11,336.65,337.6,336.65,337.45,2089,704807.875
2018-06-08,2018-06-08,336.8,337.6,334.65,337.1,2525,850401.8125
2018-06-07,2018-06-07,340.05,340.15,336.1,336.5,2971,1007860.5
2018-06-06,2018-06-06,341.1,341.1,337.2,339.65,2524,856306.75
2018-06-05,2018-06-05,339.05,342.25,339.05,340.5,2644,900943.625
2018-06-04,2018-06-04,338.35,338.95,336.2,338.95,1405,474022.5
2018-06-01,2018-06-01,333,337.1,332.35,337.1,5250.0,1758996.75
2018-05-31,2018-05-31,332.85,333.2,331.6,333.2,8098,2693675.75
2018-05-30,2018-05-30,334,334.2,332.45,333,4722,1573853.75
2018-05-29,2018-05-29,333.3,334.7,332.45,334.2,4479,1492267.75
2018-05-28,2018-05-28,332.1,334.45,332.1,334.1,1575,524603.75
2018-05-25,2018-05-25,331.4,332.95,330.8,332.85,3353,1112967.5
2018-05-24,2018-05-24,329.85,330.4,326.75,327.85,11247,3703580.0
2018-05-23,2018-05-23,325.2,326.9,323.85,326.9,2784,904085.5
2018-05-22,2018-05-22,326.8,327.4,325.2,326.1,3168,1033220.8125
2018-05-18,2018-05-18,325.75,326.55,324,325.65,3241,1052652
2018-05-17,2018-05-17,325.4,327.15,324.8,327.1,1813,591889.125
2018-05-16,2018-05-16,323.55,326,323.55,325.9,1212,393424.15625
2018-05-15,2018-05-15,323.65,325,321.85,321.85,3899,1262900.25
2018-05-14,2018-05-14,324.05,325.15,323,324.55,18601,6015374
2018-05-11,2018-05-11,324.8,324.85,322.9,323.6,2524,818234.125
2018-05-10,2018-05-10,323.35,324.4,321.85,324.25,2938,948976.4375
2018-05-09,2018-05-09,320.1,320.85,319.15,319.75,5626,1800238.75
2018-05-08,2018-05-08,318.1,320,317.8,318.95,8590.0,2735172.25
2018-05-07,2018-05-07,317.05,318.95,316.8,318.65,7107,2255918.25
2018-05-04,2018-05-04,308.6,314.1,308.3,314.1,3979,1236018.25
2018-05-03,2018-05-03,307.7,308.15,304.1,304.65,4673,1433425.125
2018-05-02,2018-05-02,310.65,311.2,309.1,309.95,2645,821359.375
2018-04-30,2018-04-30,306.6,308.55,306.6,306.6,1098,337405.40625
2018-04-27,2018-04-27,309.9,311.25,304.5,306,14119,4342716
2018-04-26,2018-04-26,299.55,304.45,299.55,304.15,4864,1473295.5
2018-04-25,2018-04-25,296.1,297.3,293.4,297.2,11361,3355297.75
2018-04-24,2018-04-24,303.55,305.2,298.35,299.45,3800.0,1151552.5
2018-04-23,2018-04-23,301.95,305.35,301.65,305.1,16341,4962569
2018-04-20,2018-04-20,304.2,305.8,302.45,302.45,14705,4484075
2018-04-19,2018-04-19,306.6,307.1,304.3,304.95,2628,802282.875
2018-04-18,2018-04-18,307.05,307.65,304.8,306.8,2867,879141
2018-04-17,2018-04-17,301.5,305.9,301.1,305.9,8527,2576362.75
2018-04-16,2018-04-16,299.6,299.9,298.4,298.7,6949,2079204
2018-04-13,2018-04-13,299.8,301.9,298.9,299.8,8217,2464375.25
2018-04-12,2018-04-12,296.05,301.5,296,300.55,4129,1233939.125
2018-04-11,2018-04-11,295.6,297.45,293.5,296.35,16047,4740438.5
2018-04-10,2018-04-10,297.7,297.7,294.3,296.9,9816,2903685.5
2018-04-09,2018-04-09,294.25,296.25,292.35,296.25,7516,2211652
2018-04-06,2018-04-06,296.35,298.05,295,295.65,14924,4420142
2018-04-05,2018-04-05,300.15,301.2,298.25,301.2,12536,3759964.75
2018-04-04,2018-04-04,290,291.4,284.8,291.4,23167,6658168
2018-04-03,2018-04-03,289.55,292.6,287.85,290.95,41062,11930032
2018-03-29,2018-03-29,293.2,295.55,289.95,294.6,3082,899242.5
2018-03-28,2018-03-28,293.2,294.05,288.5,290.7,12969,3782791.5
2018-03-27,2018-03-27,303.65,305.65,301.55,302.3,22995,6972359
2018-03-26,2018-03-26,297.4,298,292.15,294,4754,1411545.75
2018-03-23,2018-03-23,300.05,301.9,296.95,298,35714,10692259
2018-03-22,2018-03-22,305.75,306.45,302.95,304.95,29739,9080273
2018-03-21,2018-03-21,311.8,312.7,310.25,312.55,12188,3788304.25
2018-03-20,2018-03-20,309.15,312.1,308.6,312,15125,4703286.5
2018-03-19,2018-03-19,315.55,315.55,307.7,308.1,70378,2.196467E7
2018-03-16,2018-03-16,317.55,319.5,317.25,317.5,16780.0,5343726.5
2018-03-15,2018-03-15,316.45,318.05,315.5,317.65,10175,3219835.25
2018-03-14,2018-03-14,316.8,318.55,315.7,316.25,21010.0,6670585.5
2018-03-13,2018-03-13,321.95,322.25,316.6,317.35,4899,1560694.625
2018-03-12,2018-03-12,321.55,322.15,321.2,321.9,5225,1680901.25
2018-03-09,2018-03-09,314.4,318.05,314.25,318.05,13704,4336591
2018-03-08,2018-03-08,310.7,313.75,310.55,313.5,6339,1977385.25
2018-03-07,2018-03-07,306.65,309.35,305.55,308.9,5467,1678396.375
2018-03-06,2018-03-06,310.6,310.7,307.7,308.1,17808,5520205.5
2018-03-05,2018-03-05,305.35,307.95,304.8,307.95,32504,9939524
2018-03-02,2018-03-02,306.05,306.1,300.5,302.7,4954,1497394.375
2018-03-01,2018-03-01,313.25,313.8,310.3,311.5,25973,8112555
2018-02-28,2018-02-28,314.35,316.1,314.15,314.35,2779,874151.875
2018-02-27,2018-02-27,314.65,315.9,314.2,314.8,1370.0,431638.84375
2018-02-26,2018-02-26,311.2,313.9,311,313.65,2310.0,720401.625
2018-02-23,2018-02-23,307.45,308.3,306.7,308.3,544,167137.34375
2018-02-22,2018-02-22,304.15,306.65,303.55,306.65,1928,587395.75
2018-02-21,2018-02-21,306.45,309.35,305.25,309.35,1352,413974.84375
2018-02-20,2018-02-20,304,306.9,302.25,306.9,9077,2758306.75
2018-02-19,2018-02-19,304.35,305,303,303.25,1868,569227.4375
2018-02-16,2018-02-16,303.15,304.25,302.8,304,5479,1661456.125
2018-02-15,2018-02-15,298.85,299.75,297,298.8,3102,927025.75
2018-02-14,2018-02-14,295.7,296.45,293.1,295.55,1941,574537.875
2018-02-13,2018-02-13,293.3,293.3,291.2,292.15,1134,331355.0625
2018-02-12,2018-02-12,291.05,294,291.05,293.7,2192,642508
2018-02-09,2018-02-09,287.8,290,285.75,287.1,1631,469512.0625
2018-02-08,2018-02-08,297.85,298.7,292.6,293.6,812,241735.453125
2018-02-07,2018-02-07,295.25,302.5,294.8,302.1,1855,552066.0625
2018-02-06,2018-02-06,290.3,295.9,285.3,289.85,10373,3009540.75
2018-02-05,2018-02-05,300,303.05,297.9,301.7,9609,2882616.75
2018-02-02,2018-02-02,306.65,306.8,304.3,304.3,6290.0,1919178.5
2018-02-01,2018-02-01,311.65,311.65,307.65,308.85,1689,523182.5
2018-01-31,2018-01-31,310.1,310.9,309.45,310.1,1854,574525.4375
2018-01-30,2018-01-30,312.55,312.55,308.1,310.75,949,294488.09375
2018-01-29,2018-01-29,313.45,314.4,312.4,314.3,2829,886667.375
2018-01-26,2018-01-26,308.65,311.25,308.35,311.25,2690.0,832735.4375
2018-01-25,2018-01-25,309.25,311.3,307.15,308.4,6721,2078233.25
2018-01-24,2018-01-24,313.65,313.65,310.15,310.15,4618,1444060.5
2018-01-23,2018-01-23,314.25,314.85,313.25,314.35,826,259312.203125
2018-01-22,2018-01-22,309.55,311.3,308.9,311.05,1022,316130.9375
2018-01-19,2018-01-19,307.8,309.85,307.8,309.35,2400.0,740729.3125
2018-01-18,2018-01-18,309.1,309.1,307.65,308.45,1550.0,478406.9375
2018-01-17,2018-01-17,306.75,308,305.85,307.15,4121,1265862.875
2018-01-16,2018-01-16,307.2,309.3,307.2,308.6,1149,354463.4375
2018-01-15,2018-01-15,307.9,307.9,305.7,306.25,1006,308305.34375
2018-01-12,2018-01-12,309.5,309.5,306.1,308.3,940,289173.25
2018-01-11,2018-01-11,310.3,310.3,307.1,307.6,1251,386963.0625
2018-01-10,2018-01-10,309.6,309.6,307,307.9,1138,351143.25
2018-01-09,2018-01-09,310.3,311.6,309.8,311.05,3104,964504.3125
2018-01-08,2018-01-08,308.35,309.35,307.7,309.35,2024,624259.4375
2018-01-05,2018-01-05,303.85,306.05,303.85,306.05,3712,1132463.875
2018-01-04,2018-01-04,303.95,303.95,302.55,302.9,2061,625093.0625
2018-01-03,2018-01-03,300.2,303,300.2,302.9,10107,3057737.5
2018-01-02,2018-01-02,295.35,298.9,294.05,298.8,4383,1301230.375
2017-12-29,2017-12-29,298.85,298.85,298.23,298.65,170,50766.578125
2017-12-28,2017-12-28,299.28,300.17,298.79,298.91,714,214118.609375
2017-12-27,2017-12-27,301.04,301.04,299.55,300.31,505,151697.25
2017-12-22,2017-12-22,303.59,303.59,302.67,302.67,718,217601.6875
2017-12-21,2017-12-21,302.12,303.25,301.76,303.25,1348,407785.8125
2017-12-20,2017-12-20,304.45,304.91,301.38,301.63,1459,443102.25
2017-12-19,2017-12-19,306.47,306.51,304.15,304.46,1008,308593.25
2017-12-18,2017-12-18,306.64,306.67,305.53,305.78,2595,794330.75
2017-12-15,2017-12-15,301.27,303.595,300.83,303.595,531,159803.75
2017-12-14,2017-12-14,300.51,302.085,299.45,302.085,786,236008.515625
2017-12-13,2017-12-13,302.2,302.22,301.35,301.975,141,42526.871094
2017-12-12,2017-12-12,301.48,302.775,300.83,302.775,604,182142.40625
2017-12-11,2017-12-11,298.89,299.28,298.11,299.235,1116,333203.78125
2017-12-08,2017-12-08,299.5,300.61,299.305,299.305,3008,902053.9375
2017-12-07,2017-12-07,296.63,297.53,295.61,297.275,2498,741139.8125
2017-12-06,2017-12-06,292.96,295.74,292.53,295.415,5105,1497815.375
2017-12-05,2017-12-05,292.84,296.79,291.15,296.79,2487,726787.75
2017-12-04,2017-12-04,297.32,298.69,294.485,294.485,2484,739303.44
2017-12-01,2017-12-01,295.98,296.59,291.93,291.93,2645,782685.4375
2017-11-30,2017-11-30,294.7,296.29,294.7,295.49,561,165859.515625
2017-11-29,2017-11-29,299.84,300.8,295.37,295.37,620,185999.6875
2017-11-28,2017-11-28,298.25,299.45,298.25,299.45,241,72064.523438
2017-11-27,2017-11-27,297.75,298.26,297.52,297.52,174,51833.289063
2017-11-24,2017-11-24,299.15,299.15,297.5,297.5,596,177933.09375
2017-11-23,2017-11-23,298.82,299.25,298.57,298.57,2264,676959.25
2017-11-22,2017-11-22,300.7,301.47,299.74,299.8,479,144000.0625
2017-11-21,2017-11-21,299.6,300.97,299.6,300.97,383,114868.46875
2017-11-20,2017-11-20,296.75,298.11,295.98,297.87,620,184058.234375
2017-11-17,2017-11-17,297.93,297.93,297.45,297.45,175,52114.449219
2017-11-16,2017-11-16,295.75,298.14,295.28,298.13,3732,1105898.375
2017-11-15,2017-11-15,293.77,294.75,292.46,294.75,161,47249.789063
2017-11-14,2017-11-14,299.1,299.1,295.84,296.24,588,175362.359375
2017-11-13,2017-11-13,300.62,300.63,298.3,300.03,1377,412251.65625
2017-11-10,2017-11-10,300.15,300.15,298.92,299.12,958,286522.59375
2017-11-09,2017-11-09,302.46,302.52,299.47,299.47,503,150921.140625
2017-11-08,2017-11-08,301.99,302.27,301.54,302.27,571,172303.765625
2017-11-07,2017-11-07,302.28,302.62,301.4,302.01,770,232661.203125
2017-11-06,2017-11-06,299.89,301.84,299.89,301.22,536,161057.46875
2017-11-03,2017-11-03,297.23,299.12,296.92,299.12,908,270134.4375
2017-11-02,2017-11-02,296.48,296.78,294.2,295.68,2105,620289.875
2017-11-01,2017-11-01,298.34,299.2,297.72,297.94,872,260657.59375
2017-10-30,2017-10-30,296.01,297.94,295.64,296.14,830,246835.09375
2017-10-27,2017-10-27,290.54,295.98,290.54,295.98,1851,543236.4375
2017-10-26,2017-10-26,283.9,286.97,283.85,286.51,813,231766.0625
2017-10-25,2017-10-25,285.81,285.87,282.25,282.95,281,80152.171875
2017-10-24,2017-10-24,286.13,286.37,286,286.37,195,55788.789063
2017-10-23,2017-10-23,287.6,288.78,287.41,287.41,437,126110.992188
2017-10-20,2017-10-20,286.49,287.38,286.47,287.38,1182,338854.9375
2017-10-19,2017-10-19,286.27,286.27,283.14,284.41,11329,3221111
2017-10-18,2017-10-18,288.51,288.91,287.6,287.81,851,245597.265625
2017-10-17,2017-10-17,288.04,288.13,287.88,288.13,1468,422695.40625
2017-10-16,2017-10-16,286.71,286.82,286.31,286.53,1204,345123.75
2017-10-13,2017-10-13,284.45,285.09,284.18,285.09,5692,1618390.875
2017-10-12,2017-10-12,283.97,284.61,283.55,284.61,2024,575334.5
2017-10-11,2017-10-11,284.15,284.15,283.2,283.6,609,172760.1875
2017-10-10,2017-10-10,285.33,285.56,283.91,283.91,1174,334866.4375
2017-10-09,2017-10-09,286.74,286.8,286.26,286.36,1982,567633.5625
2017-10-06,2017-10-06,286.91,287.31,285.8,285.8,1148,329303.15625
2017-10-05,2017-10-05,282.42,285.11,282.19,285.11,3393,958998.0625
2017-10-04,2017-10-04,282.33,282.49,281.41,282.49,588,165712.71875
2017-10-02,2017-10-02,281.46,282.83,281.46,282.14,2586,730528.25
2017-09-29,2017-09-29,278.62,279.57,278.56,279.57,147,40970.121094
2017-09-28,2017-09-28,280.15,280.15,277.98,278.43,720,200947.1875
2017-09-27,2017-09-27,277.89,279.75,277.89,278.38,68,18947.419922
2017-09-26,2017-09-26,274.35,276.3,274.35,276.3,904,249029.4375
2017-09-25,2017-09-25,275.43,275.88,273.67,273.73,1054,289088.0625
2017-09-22,2017-09-22,273.59,274.44,273.34,274.02,1024,280662.75
2017-09-21,2017-09-21,277.89,277.89,275.66,275.72,485,133918.046875
2017-09-20,2017-09-20,276.27,276.54,275.13,275.42,551,152162.515625
2017-09-19,2017-09-19,275.63,276.99,275.63,276.99,2675,740245.375
2017-09-18,2017-09-18,278.29,278.76,277.47,278.33,468,130155.859375
2017-09-15,2017-09-15,276.92,277.77,276,277.63,146,40465.039063
2017-09-14,2017-09-14,279,279.29,278.84,278.99,1993,556078.125
2017-09-13,2017-09-13,276.88,278.84,276.3,278.84,644,178249.796875
2017-09-12,2017-09-12,277.05,278.26,276.85,276.92,471,130692.867188
2017-09-11,2017-09-11,274.24,276.62,274.19,276.06,426,117239.09375
2017-09-08,2017-09-08,272.97,273.59,272.97,273.25,38,10383.009766
2017-09-07,2017-09-07,275.82,275.82,274.79,274.79,132,36348.660156
2017-09-06,2017-09-06,275.58,276.25,274.72,274.72,219,60340.820313
2017-09-05,2017-09-05,277.81,278.69,276.38,276.38,937,260635.984375
2017-09-04,2017-09-04,277.11,277.67,277.06,277.46,908,251717.96875
2017-09-01,2017-09-01,279.47,279.47,278.04,279.2,1884,525482.875
2017-08-31,2017-08-31,276.51,278.1,276.48,278.1,199,55184.21875
2017-08-30,2017-08-30,272.59,274.18,272.33,274.18,2175,594653.3125
2017-08-29,2017-08-29,267.08,269.36,265.5,269.02,8401,2237188.5
2017-08-28,2017-08-28,269.35,270.63,269.32,270.31,750,202092.75
2017-08-25,2017-08-25,274.5,274.96,271.41,271.41,1229,337638.28125
2017-08-24,2017-08-24,274.66,275.32,272.4,272.4,514,141347.703125
2017-08-23,2017-08-23,276.21,276.83,274.02,274.66,355,97656.37
2017-08-22,2017-08-22,273.46,275.86,272.93,275.86,1489,408537.78125
2017-08-21,2017-08-21,272.75,273.1,269.86,270.89,1392,379185.9375
2017-08-18,2017-08-18,273.01,274.33,272.5,274.2,1928,526855.875
2017-08-17,2017-08-17,278.04,279.21,276.46,276.46,1396,387592.4375
2017-08-16,2017-08-16,279.28,280.48,279.28,280.48,973,272102.59375
2017-08-15,2017-08-15,279.42,280.22,278.51,279.17,1053,294164.84375
2017-08-14,2017-08-14,274.1,277.74,274.1,277.21,4211,1156924.25
2017-08-11,2017-08-11,271.87,273.46,270.91,272.76,7721,2099038.75
2017-08-10,2017-08-10,278.48,278.48,274.75,275.26,25662,7117043.5
2017-08-09,2017-08-09,277.93,278.23,276.74,277.84,982,272422.71875
2017-08-08,2017-08-08,278.08,280.28,277.3,280.28,1967,548376.625
2017-08-07,2017-08-07,277.97,278.02,276.82,278.02,771,213986.578125
2017-08-04,2017-08-04,274.07,278,274.07,277.81,386,106338.460938
2017-08-03,2017-08-03,275.49,276.34,274.46,274.46,2721,750336.75
2017-08-02,2017-08-02,277.57,277.59,273.77,273.9,697,193300.109375
2017-08-01,2017-08-01,276.56,276.88,275,276.05,825,227835.640625
2017-07-31,2017-07-31,278.92,279.42,275.84,276.15,3693,1028133.25
2017-07-28,2017-07-28,277.11,277.77,276.41,277.45,805,222924.359375
2017-07-27,2017-07-27,282.11,284.23,281.89,284.23,2085,588781.875
2017-07-26,2017-07-26,281.91,283.1,281.91,282.34,823,232333.1875
2017-07-25,2017-07-25,281.15,281.97,279.88,281.28,844,237520.75
2017-07-24,2017-07-24,280.62,281.39,280.26,281.08,1404,394151.03125
2017-07-21,2017-07-21,280.52,281.38,279.96,280.27,979,275087.0625
2017-07-20,2017-07-20,284.04,285.44,280.73,280.73,761,215567.53125
2017-07-19,2017-07-19,282.79,283.78,282.62,283.78,813,230008.859375
2017-07-18,2017-07-18,280.81,280.95,278.64,279.96,1849,516604.5625
2017-07-17,2017-07-17,282.45,282.79,281.58,281.63,2517,710883.375
2017-07-14,2017-07-14,280.32,281.16,280.2,280.61,1163,326405.90625
2017-07-13,2017-07-13,280.05,281.69,280.05,281.14,990,278158.875
2017-07-12,2017-07-12,275.97,279.44,275.8,279.3,1072,297238
2017-07-11,2017-07-11,276.64,276.64,274.77,275.05,829,228836.46875
2017-07-10,2017-07-10,275.27,275.99,274.53,275.71,1750.0,481636.53125
2017-07-07,2017-07-07,271.61,274.51,271.03,274.51,1116,303303.71875
2017-07-06,2017-07-06,275.21,275.21,271.25,272.76,1021,279369.96875
2017-07-05,2017-07-05,271.59,274.91,271.58,274.91,1759,480231.4375
2017-07-04,2017-07-04,271.18,273.53,271.04,272.01,3512,956498.125
2017-07-03,2017-07-03,274.83,276.57,273.48,274.95,1612,443552.375
2017-06-30,2017-06-30,272.82,275.25,272.78,274.13,4412,1210526.875
2017-06-29,2017-06-29,279.18,279.25,273.3,273.3,1537,427147.3125
2017-06-28,2017-06-28,275.77,278.65,273.62,277.99,3365,928689.875
2017-06-27,2017-06-27,284.69,284.69,281,281.38,1655,468018.96875
2017-06-26,2017-06-26,287.79,288.61,284.58,284.58,1877,540239.5
2017-06-23,2017-06-23,286.63,286.92,285.15,285.66,1388,397337.21875
2017-06-22,2017-06-22,287.16,287.16,286.22,286.71,1139,326430.75
2017-06-21,2017-06-21,283.82,285.95,282.83,285.78,1062,301170.5625
2017-06-20,2017-06-20,286.21,286.5,285.3,285.52,2627,751774.6875
2017-06-19,2017-06-19,281.98,285.2,281.98,285.15,1808,511566.09375
2017-06-16,2017-06-16,283.53,283.53,279.98,280.28,1416,399905
2017-06-15,2017-06-15,280.91,281.27,280.01,281.27,1890.0,529835.75
2017-06-14,2017-06-14,283.29,284.59,281.73,282.34,2373,671800.0625
2017-06-13,2017-06-13,282.68,282.88,282.11,282.46,1943,549012
2017-06-12,2017-06-12,281.98,281.98,278.46,281.55,8326,2336544.25
2017-06-09,2017-06-09,290.82,291.49,290.13,290.13,2862,833501
2017-06-08,2017-06-08,289.26,290.21,289.08,289.49,5324,1542458.5
2017-06-07,2017-06-07,287.6,289.3,287.6,288.57,4235,1221174.625
2017-06-06,2017-06-06,288.06,288.9,288,288.48,3971,1145580.5
2017-06-02,2017-06-02,287.67,288.01,286,287.02,2587,742577.1875
2017-06-01,2017-06-01,285.36,286.1,285.32,285.62,1971,563454
2017-05-31,2017-05-31,286.61,286.73,284.25,284.25,2094,599086.25
2017-05-30,2017-05-30,287.34,287.48,286.25,286.45,2112,605765.0625
2017-05-29,2017-05-29,286.9,286.9,286.54,286.59,1984,568811.9375
2017-05-26,2017-05-26,284.96,286.24,284.55,286.16,3136,893002.5
2017-05-25,2017-05-25,283.22,284.31,283.22,284.27,388,109939.71875
2017-05-24,2017-05-24,282.25,282.55,282.25,282.55,1626,459105.71875
2017-05-23,2017-05-23,280.35,281.23,280.16,280.53,7435,2087027.125
2017-05-22,2017-05-22,279.61,279.84,278.02,279.82,3370.0,940605.4375
2017-05-19,2017-05-19,279.56,279.81,279.14,279.59,4105,1147090.5
2017-05-18,2017-05-18,277.76,279.4,275.69,279.24,8223,2277042
2017-05-17,2017-05-17,283.13,284.17,278.97,279.23,4900.0,1378316.25
2017-05-16,2017-05-16,286.01,286.01,284.42,284.97,4425,1261941.625
2017-05-15,2017-05-15,287.78,287.84,286.24,286.72,1413,405858.90625
2017-05-12,2017-05-12,288,288.05,287.14,287.44,1457,419067.78125
2017-05-11,2017-05-11,288.02,288.03,286.93,287.3,2294,660378.8125
2017-05-10,2017-05-10,287.87,288.4,287.7,288.24,525,151178.171875
2017-05-09,2017-05-09,286.49,288.31,286.1,288.1,1475,423873.8125
2017-05-08,2017-05-08,283.82,285.3,283.82,285.2,1723,490327.375
2017-05-05,2017-05-05,282.76,283.85,282.32,282.32,430,121845.476563
2017-05-04,2017-05-04,285.28,285.28,283.66,283.99,729,207550.390625
2017-05-03,2017-05-03,284.48,284.81,284.16,284.23,785,223358.484375
2017-05-02,2017-05-02,285.12,285.49,284.86,285.44,725,206789.3125
2017-04-28,2017-04-28,283.47,283.5,282.25,282.49,2374,671287
2017-04-27,2017-04-27,280.42,282.95,280.23,282.71,2446,688199.5
2017-04-26,2017-04-26,280.54,282.17,280.54,282.16,3374,949759.4375
2017-04-25,2017-04-25,279.53,280.04,279.53,279.68,1828,511742.53125
2017-04-24,2017-04-24,280.04,280.15,279.5,279.51,1691,472821.59375
2017-04-21,2017-04-21,280.82,281.19,280.43,281.1,278,78085.257813
2017-04-20,2017-04-20,277.92,278.3,277.5,278.05,652,181079.625
2017-04-19,2017-04-19,277.69,279.88,277.57,279.88,2408,671266.375
2017-04-18,2017-04-18,279.84,279.84,277.57,277.57,245,68388.679688
2017-04-13,2017-04-13,278.7,280.35,277.97,280.27,2825,788077
2017-04-12,2017-04-12,280.5,280.86,279.36,279.36,75,21040.349609
2017-04-11,2017-04-11,282.44,282.59,279.4,279.4,981,276728.53125
2017-04-10,2017-04-10,283.02,283.02,282.35,282.35,2060.0,582956.6875
2017-04-07,2017-04-07,280.4,281.84,280.4,281.84,4104,1155018.25
2017-04-06,2017-04-06,280.41,281.61,280.41,281.61,56,15703.44043
2017-04-05,2017-04-05,281.02,283.21,281.02,283.08,2017,569709.1875
2017-04-04,2017-04-04,280.99,281.37,280.49,281.14,2880.0,809309.5625
2017-04-03,2017-04-03,281.84,282.13,280.91,280.93,17628,4958076.5
2017-03-31,2017-03-31,280.43,281.07,280.1,281.07,596,167165.046875
2017-03-30,2017-03-30,279.32,280.1,279.32,280.1,464,129724.929688
2017-03-29,2017-03-29,276.87,278.06,276.32,278,2609,721783.4375
2017-03-28,2017-03-28,273.73,273.99,273.73,273.86,97,26558.679688
2017-03-27,2017-03-27,270.5,272.08,269.87,272.08,12109,3272248
2017-03-24,2017-03-24,274.76,275.47,274.44,274.98,1639,450916.84375
2017-03-23,2017-03-23,274.2,275.15,273.99,275.15,317,87018.3125
2017-03-22,2017-03-22,271.83,273.88,271.76,273.88,1823,496753.65625
2017-03-21,2017-03-21,277.93,277.93,273.88,273.88,823,227443.125
2017-03-20,2017-03-20,276.97,278.36,276.82,278.2,381,105774.679688
2017-03-17,2017-03-17,277.55,278.27,277.45,278.27,2289,636709.1875
2017-03-16,2017-03-16,279.61,279.92,278.25,278.25,482,134748.703125
2017-03-15,2017-03-15,279.67,280.03,279.33,279.92,942,263657.78125
2017-03-14,2017-03-14,279.89,279.89,278.64,278.64,814,227330.4375
2017-03-13,2017-03-13,277.97,278.9,277.97,278.9,867,241432.6875
2017-03-10,2017-03-10,280.06,280.35,278.7,278.7,332,92932.890625
2017-03-09,2017-03-09,280.51,280.56,279.3,279.86,500,140189.296875
2017-03-08,2017-03-08,279.3,280.69,279.3,280.69,778,217608.015625
2017-03-07,2017-03-07,278.95,279.46,278.95,279.29,150,41887.410156
2017-03-06,2017-03-06,278.49,278.69,277.9,278.65,1083,301405.09375
2017-03-03,2017-03-03,280.89,280.89,279.55,280.09,1006,281751.84375
2017-03-02,2017-03-02,282.1,283.24,281.63,281.63,837,236263.625
2017-03-01,2017-03-01,279.94,281.47,279.94,281.19,5126,1439509.375
2017-02-28,2017-02-28,278.86,278.86,277.4,277.78,1288,357625
2017-02-27,2017-02-27,278.78,279.02,277.27,277.27,1054,292892.4375
2017-02-24,2017-02-24,277.24,277.89,275.58,277.24,1759,487609.03125
2017-02-23,2017-02-23,279.7,280.33,277.8,277.8,851,237553.578125
2017-02-22,2017-02-22,281.11,281.16,279.93,280.01,1192,334634.65625
2017-02-21,2017-02-21,278.29,280.14,278.29,279.24,713,199223.953125
2017-02-20,2017-02-20,277.58,277.58,276.9,277.29,440,121936.476563
2017-02-17,2017-02-17,274.45,275.51,274,275.51,659,180824.1875
2017-02-16,2017-02-16,275.91,275.91,273.74,273.74,2975,819726.5
2017-02-15,2017-02-15,275.54,276.11,275.26,275.4,1577,434756.0625
2017-02-14,2017-02-14,273.37,274.1,273.2,274.08,6527,1784073.25
2017-02-13,2017-02-13,271.29,273.22,271,273.22,826,224138.015625
2017-02-10,2017-02-10,270.74,271.49,270.41,270.41,1953,529281.5
2017-02-09,2017-02-09,268.1,269.9,267.7,269.9,450,120740.351563
2017-02-08,2017-02-08,268.42,268.73,266.55,267.48,1165,311737.125
2017-02-07,2017-02-07,266.74,268.05,266.74,267.53,3318,887783.125
2017-02-06,2017-02-06,264.6,265.27,264.6,265.27,546,144583.421875
2017-02-03,2017-02-03,263.74,264.15,263.34,263.34,1844,486608.3125
2017-02-02,2017-02-02,261.96,263.04,261.63,263.04,67,17532.279297
2017-02-01,2017-02-01,262.56,263.42,262.47,263.08,1512,397218.15625
2017-01-31,2017-01-31,263.17,263.8,259.92,259.92,215,56519.921875
2017-01-30,2017-01-30,265.73,265.73,263.47,263.47,537,142515.59375
2017-01-27,2017-01-27,266.14,266.35,265.6,266.21,3799,1009755.9375
2017-01-26,2017-01-26,265.1,266.63,265.1,266.63,3365,893883.4375
2017-01-25,2017-01-25,262.85,263.63,262.38,263.47,990,260210.390625
2017-01-24,2017-01-24,259.91,260.37,259.87,260.37,1635,425323.96875
2017-01-23,2017-01-23,258.64,259.56,258.64,259.28,152,39377.140625
2017-01-20,2017-01-20,261.14,262.99,261.14,261.59,1575,412601.6875
2017-01-19,2017-01-19,262.01,263.57,261,262.46,385,100816.007813
2017-01-18,2017-01-18,260.88,260.88,260.15,260.34,365,95098.46875
2017-01-17,2017-01-17,261,261,259.12,259.71,7264,1888410.375
2017-01-16,2017-01-16,262.21,263.34,262.21,262.85,279,73345.789063
2017-01-13,2017-01-13,261.13,262.9,260.9,262.82,515,134661.65625
2017-01-12,2017-01-12,260.92,261.17,258.88,258.88,405,105527.40625
2017-01-11,2017-01-11,263.06,266.01,262.81,263.16,4196,1110588.75
2017-01-10,2017-01-10,261.34,262.87,261.13,262.87,4453,1165047.125
2017-01-09,2017-01-09,262.64,262.68,261.99,261.99,3516,921648.4375
2017-01-06,2017-01-06,258.61,260.67,257.94,260.67,345,89090.367188
2017-01-05,2017-01-05,257.34,259.22,257.34,257.49,790,204636.5625
2017-01-04,2017-01-04,260.11,260.12,259.41,259.45,6231,1619261.125
2017-01-03,2017-01-03,257.87,261.96,257.87,259.07,1074,279022.875
2017-01-02,2017-01-02,255,259.19,255,257.93,828,213611.734375
2016-12-30,2016-12-30,258.51,258.51,257.37,257.89,287,74068.398438
2016-12-29,2016-12-29,259.56,259.56,258.17,258.17,306,79250.828125
2016-12-28,2016-12-28,261.86,264.03,261.86,262.34,6207,1637056.625
2016-12-27,2016-12-27,261.01,263,260.4,262.27,164,42892.859375
2016-12-23,2016-12-23,260.26,260.38,259.69,259.69,115,29923.160156
2016-12-22,2016-12-22,260.58,260.82,259.35,259.83,562,146140.875
2016-12-21,2016-12-21,262.67,262.67,261.35,261.35,987,258261.515625
2016-12-20,2016-12-20,261.84,263.36,261.84,262.69,615,161734.484375
2016-12-19,2016-12-19,259.36,261.11,259,261.11,164,42538.480469
2016-12-16,2016-12-16,260.27,260.87,259.85,259.85,3057,796242.4375
2016-12-15,2016-12-15,259.05,262.52,258.68,262.52,1275,332984.03125
2016-12-14,2016-12-14,255.41,256.22,255.24,255.24,408,104372.210938
2016-12-13,2016-12-13,252.64,256.24,252.64,256.24,3923,1002785.125
2016-12-12,2016-12-12,254.62,254.62,252.58,253.37,2294,581589.5625
2016-12-09,2016-12-09,252.4,255.68,252.4,255.68,396,100636.726563
2016-12-08,2016-12-08,248.4,252.71,247.46,252.32,995,248266.9375
2016-12-07,2016-12-07,246.21,246.41,244.98,245.22,1345,330711.03125
2016-12-06,2016-12-06,244.69,245.6,244.69,245.06,67,16436.919922
2016-12-05,2016-12-05,246.48,246.8,244.11,245.87,436,107351.992188
2016-12-02,2016-12-02,243.9,245.34,243.21,245.34,211,51457.660156
2016-12-01,2016-12-01,249.45,250.21,246.44,246.44,1312,327736.84375
2016-11-30,2016-11-30,252.81,253.75,252.16,252.64,2117,535464.6875
2016-11-29,2016-11-29,253.27,253.77,253.27,253.77,780,197558.59375
2016-11-28,2016-11-28,251.31,253.31,250.36,253.31,991,249192.375
2016-11-25,2016-11-25,252.26,252.88,252,252.88,2308,582674.5
2016-11-24,2016-11-24,252.87,253.16,252.69,253.16,6335,1602325.25
2016-11-23,2016-11-23,253.66,253.66,252.08,252.08,584,147921.875
2016-11-22,2016-11-22,253.33,253.6,252.25,252.25,978,247333.3125
2016-11-21,2016-11-21,249.83,251.78,249.25,251.78,4230.0,1057228.5
2016-11-18,2016-11-18,250.94,251.05,250.01,250.17,452,113264.140625
2016-11-17,2016-11-17,246.45,248.59,246.03,248.59,2720.0,670298.1875
2016-11-16,2016-11-16,245.13,247.26,243.84,247.26,304,74631.453125
2016-11-15,2016-11-15,240.06,244.48,240.05,244.31,9637,2324568.5
2016-11-14,2016-11-14,243.84,243.84,241.49,241.49,1129,273894.34375
2016-11-11,2016-11-11,238.78,240.33,237.92,240.33,1161,277184.71875
2016-11-10,2016-11-10,244.85,246.7,239.33,239.33,3657,897205.0625
2016-11-09,2016-11-09,231.76,242.69,231.01,242.69,2142,502733.09375
2016-11-08,2016-11-08,237.76,238.99,237.22,238.99,3784,898443.3125
2016-11-07,2016-11-07,235.64,237.91,235.26,237.91,893,210676.78125
2016-11-04,2016-11-04,231.91,232.2,231.39,232.14,1828,423816.90625
2016-11-03,2016-11-03,233.3,235.17,232.97,232.97,581,136240.3125
2016-11-02,2016-11-02,235.98,236.55,234.94,234.94,534,126005.59375
2016-11-01,2016-11-01,241.31,241.31,237.69,237.69,165,39604.121094
2016-10-31,2016-10-31,242.42,242.42,241.71,241.86,219,53031.640625
2016-10-28,2016-10-28,242.48,243.55,242.42,243.55,325,78886.007813
2016-10-27,2016-10-27,245.03,245.03,244.6,244.6,905,221520.203125
2016-10-26,2016-10-26,245.13,245.77,245,245.77,92,22550.720703
2016-10-25,2016-10-25,248.82,248.82,247.58,247.58,213,52990.460938
2016-10-24,2016-10-24,245.95,247.74,245.95,247.74,2109,520507.4375
2016-10-21,2016-10-21,244.68,245.33,244.68,245.33,174,42590.320313
2016-10-20,2016-10-20,242.9,243.06,242.59,242.59,64,15552
2016-10-19,2016-10-19,241.39,242.61,241.39,242.61,88,21306.060547
2016-10-18,2016-10-18,240.94,242.65,240.94,242.65,613,148306.203125
2016-10-17,2016-10-17,240.3,240.3,240.05,240.25,67,16095.549805
2016-10-14,2016-10-14,239.77,241.3,239.77,241.3,257,61805.988281
2016-10-13,2016-10-13,239.34,239.35,237.95,238.51,2023,481681.6875
2016-10-12,2016-10-12,240.11,241.15,240.08,241.15,933,224227.328125
2016-10-11,2016-10-11,241.85,242.87,240.61,240.61,405,97787.460938
2016-10-10,2016-10-10,240.02,241.73,239.84,241.73,101,24264.820313
2016-10-07,2016-10-07,240.34,240.97,239.16,239.6,278,66704.507813
2016-10-06,2016-10-06,239.97,239.97,239.39,239.39,144,34535.191406
2016-10-05,2016-10-05,238.25,239.77,238.25,239.77,2374,567891.125
2016-10-04,2016-10-04,239.93,241.01,239.93,240.5,7998,1924910.25
2016-09-30,2016-09-30,237.45,238.82,237.45,238.76,460,109482.226563
2016-09-29,2016-09-29,238.74,238.99,237.35,237.35,279,66587.882813
2016-09-28,2016-09-28,238.72,238.88,238.46,238.46,827,197534.375
2016-09-27,2016-09-27,236.29,238.29,236.23,238.29,215,50806.378906
2016-09-26,2016-09-26,237.01,237.01,235.12,235.12,692,163401.21875
2016-09-23,2016-09-23,239.95,240,239.1,239.15,162,38829.488281
2016-09-22,2016-09-22,237.49,239.18,237.49,239.18,4975,1186417
2016-09-21,2016-09-21,238.04,238.1,237.23,237.23,555,132084.515625
2016-09-20,2016-09-20,236.14,236.92,235.96,236.71,1467,347322.34375
2016-09-19,2016-09-19,238.13,238.48,236.95,237.43,225,53506.441406
2016-09-16,2016-09-16,235.51,237.22,235.51,236.84,490,115602.757813
2016-09-15,2016-09-15,232.1,235.14,232.1,235.14,190,44434.621094
2016-09-14,2016-09-14,231.86,232.38,231.7,232.33,489,113391.421875
2016-09-13,2016-09-13,232.17,232.27,230.31,230.31,1132,262697.6875
2016-09-12,2016-09-12,227.32,231.45,226.8,231.45,454,103576.5625
2016-09-09,2016-09-09,233.46,233.49,232.69,232.69,5041,1177005.125
2016-09-08,2016-09-08,236,236.1,233.76,234.7,6494,1519270.125
2016-09-07,2016-09-07,236.3,236.51,236.07,236.07,3619,855498.1875
2016-09-06,2016-09-06,236.39,237.1,235.07,235.53,1310.0,308415.09375
2016-09-05,2016-09-05,236.5,236.5,236.19,236.19,451,106624.953125
2016-09-02,2016-09-02,235.15,236.61,235.15,236.61,62,14624.769531
2016-09-01,2016-09-01,236.2,236.2,233.69,234,308,72331.46875
2016-08-31,2016-08-31,235.67,235.84,235.15,235.15,141,33235.191406
2016-08-30,2016-08-30,235.58,235.69,235.37,235.37,474,111688.742188
2016-08-29,2016-08-29,234.97,235.91,234.91,235.86,219,51480.699219
2016-08-26,2016-08-26,232.77,235.03,232.76,235.03,172,40138.730469
2016-08-25,2016-08-25,233.62,233.62,232.74,233.46,53,12344.110352
2016-08-24,2016-08-24,234.41,235.06,234.41,235.06,44,10326.379883
2016-08-23,2016-08-23,234.15,234.4,234,234.4,1035,242201.25
2016-08-22,2016-08-22,234.02,234.02,232.91,232.91,2,468.040009
2016-08-19,2016-08-19,232.92,233.73,232.75,233.73,1180.0,274758.09375
2016-08-18,2016-08-18,233.33,233.56,233.18,233.36,192,44805.320313
2016-08-17,2016-08-17,234.48,234.48,232.95,232.95,264,61786.398438
2016-08-16,2016-08-16,235.76,235.76,234.21,234.21,814,191747.515625
2016-08-15,2016-08-15,236.87,237.32,236.82,237.32,663,157243.5
2016-08-12,2016-08-12,236.61,236.84,235.42,236.09,142,33557.058594
2016-08-11,2016-08-11,235.89,237.09,235.89,236.5,727,171893.84375
2016-08-10,2016-08-10,236.14,236.14,234.82,234.82,112,26428.269531
2016-08-09,2016-08-09,237.25,237.75,237.04,237.7,459,108964.4375
2016-08-08,2016-08-08,237.68,238.19,237.09,237.09,1040.0,247449.03125
2016-08-05,2016-08-05,234.64,238.24,234.35,238.15,1970.0,467443.25
2016-08-04,2016-08-04,233.36,234.18,233.29,233.99,176,41152.519531
2016-08-03,2016-08-03,230.98,232.35,230.98,231.77,267,61845.71875
2016-08-02,2016-08-02,232.44,232.81,230.16,230.16,2577,598341.5625
2016-08-01,2016-08-01,233.32,234.06,232.8,234.06,100,23287.289063
2016-07-29,2016-07-29,233.93,233.93,232.94,232.94,698,163263.34375
2016-07-28,2016-07-28,233.44,233.44,232.98,232.98,126,29400.949219
2016-07-27,2016-07-27,234.56,234.87,234.56,234.84,1979,464699.03125
2016-07-26,2016-07-26,232.79,234.05,232.57,233.01,182,42411.699219
2016-07-25,2016-07-25,233.19,233.21,232.99,233.14,488,113806.710938
2016-07-22,2016-07-22,232.2,233.25,232.2,233.25,108,25074.089844
2016-07-21,2016-07-21,231.63,232.49,231.63,232.49,695,161233.375
2016-07-20,2016-07-20,231,232.38,230.56,232.38,173,39892.089844
2016-07-19,2016-07-19,228.62,230.12,228.61,229.83,628,144100.59375
2016-07-18,2016-07-18,228.12,229.22,228.05,229.08,215,49152
2016-07-15,2016-07-15,226.51,228.39,226.25,227.8,201,45523.328125
2016-07-14,2016-07-14,227.21,227.58,227.03,227.03,400,90978.757813
2016-07-13,2016-07-13,227.39,227.4,225.96,225.96,2122,481484.4375
2016-07-12,2016-07-12,226.24,227.47,226.1,227.47,306,69365.820313
2016-07-11,2016-07-11,226.12,226.88,225.97,226.88,3356,759107.8125
2016-07-08,2016-07-08,221.21,224.51,221.21,224.51,2852,635357
2016-07-07,2016-07-07,221.14,221.14,221.02,221.02,36,7961.040039
2016-07-06,2016-07-06,218.07,219.3,216.93,219.3,199,43362.660156
2016-07-05,2016-07-05,218.59,218.59,216.67,217.9,1238,269054.3125
2016-07-04,2016-07-04,219.83,219.83,218.69,218.69,45,9892.349609
2016-07-01,2016-07-01,217.4,218.92,217.4,218.92,244,53098.871094
2016-06-30,2016-06-30,215.4,217.42,215.4,217.42,834,180032.6875
2016-06-29,2016-06-29,213.61,215.18,213.61,215.18,590,126148.7
2016-06-28,2016-06-28,210.1,211.77,209.65,211.35,4672,982619.875
2016-06-27,2016-06-27,212.13,212.13,209.34,209.34,1615,342472.71875
2016-06-24,2016-06-24,210.47,214.23,210.47,213.75,764,162232.796875
2016-06-23,2016-06-23,214.78,214.78,214.78,214.78,0,0
2016-06-22,2016-06-22,214.4,215.8,214.4,215.8,48,10314.040039
2016-06-21,2016-06-21,213.76,215.48,213.76,214.69,196,42074.988281
2016-06-20,2016-06-20,213.88,215.73,213.88,215.59,184,39673.96875
2016-06-17,2016-06-17,215.99,216.14,212.93,212.93,1473,317820.71875
2016-06-16,2016-06-16,213.45,215.71,213.45,215.71,848,181606.46875
2016-06-15,2016-06-15,216.6,216.96,215.8,215.8,86,18639.009766
2016-06-14,2016-06-14,216.08,216.72,215.56,215.56,830,179201.53125
2016-06-13,2016-06-13,216.33,216.49,216.01,216.01,520,112553.84375
2016-06-10,2016-06-10,217.51,217.78,217.51,217.76,110,23938.25
2016-06-09,2016-06-09,217.68,218.47,217.67,218.47,5280.0,1149484.75
2016-06-08,2016-06-08,218.02,218.02,217.22,217.82,315,68455.226563
2016-06-07,2016-06-07,218.89,219.39,218.89,218.93,158,34645.46875
2016-06-06,2016-06-06,218.73,218.73,218.41,218.62,207,45296.589844
2016-06-03,2016-06-03,222.86,223.25,217.5,217.87,838,183790.09375
2016-06-02,2016-06-02,221.27,221.85,221.23,221.85,708,156803.703125
2016-06-01,2016-06-01,223.23,223.23,221.49,221.85,625,138759.9375
2016-05-31,2016-05-31,222.45,222.67,221.94,222.67,601,133563.15625
2016-05-30,2016-05-30,222.85,222.92,222.85,222.92,124,27634.099609
2016-05-27,2016-05-27,220.56,222.5,220.56,222.5,200,44250.25
2016-05-26,2016-05-26,219.59,220.19,219.59,220.19,106,23276.539063
2016-05-25,2016-05-25,219.9,220.43,219.52,219.94,405,89060.070313
2016-05-24,2016-05-24,213.48,218.14,213.48,218.14,719,154256.171875
2016-05-23,2016-05-23,213.54,214.04,213.54,214.04,12610.0,2693059.75
2016-05-20,2016-05-20,212.31,214.52,212.31,214.52,768,164471.125
2016-05-19,2016-05-19,211.42,211.82,210.13,210.13,25,5279.759766
2016-05-18,2016-05-18,210.17,211.66,209.61,211.66,6016,1261022.125
2016-05-17,2016-05-17,212.84,212.84,211.11,211.11,213,45273.800781
2016-05-13,2016-05-13,208.53,211.82,208.53,211.82,1424,299524.875
2016-05-12,2016-05-12,208.46,208.46,208.24,208.24,5,1042.300049
2016-05-11,2016-05-11,211.15,211.15,210.53,210.53,199,41977.691406
2016-05-10,2016-05-10,209.92,210.97,209.92,210.97,444,93390.992188
2016-05-09,2016-05-09,208.79,208.79,208.77,208.77,14,2923.060059
2016-05-06,2016-05-06,206.07,206.07,206.07,206.07,30,6182.970215
2016-05-05,2016-05-05,207.11,208.2,206.96,208.05,6395,1326713.25
2016-05-04,2016-05-04,206.47,206.47,205.49,205.49,165,34049.339844
2016-05-03,2016-05-03,207.34,207.34,205.24,206.25,4643,954675.375
2016-05-02,2016-05-02,207.45,207.45,206.94,206.94,297,61607.769531
2016-04-29,2016-04-29,210.82,210.82,206.3,206.3,287,60014.550781
2016-04-28,2016-04-28,215.22,215.22,215.17,215.17,180,38739.601563
2016-04-27,2016-04-27,214.05,214.05,213.28,213.28,23,4923.149902
2016-04-26,2016-04-26,218.09,218.09,215.91,215.91,2095,454751.90625
2016-04-25,2016-04-25,218.39,218.39,216.59,216.76,959,208518.125
2016-04-22,2016-04-22,218.51,219.09,217.15,217.15,398,87112.132813
2016-04-21,2016-04-21,220.69,220.69,219.63,220.64,212,46602.789063
2016-04-20,2016-04-20,218.79,220.58,218.1,220.58,1068,233592.484375
2016-04-19,2016-04-19,220.9,221.66,218.89,218.89,217,47980.609375
2016-04-18,2016-04-18,219.8,220.52,219.8,220.26,268,58968.921875
2016-04-15,2016-04-15,221.74,221.74,221,221,514,113872.171875
2016-04-14,2016-04-14,221.7,221.92,221.41,221.92,309,68502.226563
2016-04-13,2016-04-13,221.17,221.17,221.17,221.17,0,0
2016-04-12,2016-04-12,213.81,215.61,213.8,215.61,1000.0,213800.296875
2016-04-11,2016-04-11,214.69,216.37,214.3,215.03,35,7521.97998
2016-04-08,2016-04-08,217.28,217.37,215.24,215.24,180,39115.53125
2016-04-07,2016-04-07,217.56,217.56,216.3,216.3,48,10442.879883
2016-04-06,2016-04-06,216.72,216.99,216.72,216.99,35,7584.740234
2016-04-05,2016-04-05,216.58,216.58,215.5,215.5,1394,301310.4375
2016-04-04,2016-04-04,218.48,219.21,217.38,217.38,281,61429.550781
2016-04-01,2016-04-01,214.8,217.42,214.52,217.42,6844,1469197.875
2016-03-31,2016-03-31,216.13,216.54,215.9,216.22,249,53908.699219
2016-03-30,2016-03-30,217.1,218,217.03,217.03,4497,978884.1875
2016-03-29,2016-03-29,216.48,216.48,214.38,216.09,1321,284041.28125
2016-03-24,2016-03-24,214.83,216.06,214.83,215.17,600,129006.546875
2016-03-23,2016-03-23,217.67,217.68,216.03,216.64,944,204762.5
2016-03-22,2016-03-22,215.07,216.76,214.98,216.76,2611,564517.3125
2016-03-21,2016-03-21,213.72,215.06,213.7,215.06,3870.0,828869.5625
2016-03-18,2016-03-18,213.9,214.44,213.9,214.32,6,1286.099976
2016-03-17,2016-03-17,211.38,213.29,211.38,213.29,72,15255.05957
2016-03-16,2016-03-16,216.38,216.75,216.38,216.61,336,72812.507813
2016-03-15,2016-03-15,214.05,215.33,214.05,215.1,2404,516371.125
2016-03-14,2016-03-14,214.08,215.67,213.97,215.67,1482,317868.34375
2016-03-11,2016-03-11,214.22,214.22,212.1,212.77,1430.0,305286.03125
2016-03-10,2016-03-10,218.74,219.59,208.82,208.82,85,18524.939453
2016-03-09,2016-03-09,214,214.5,212.98,212.98,581,124411.257813
2016-03-08,2016-03-08,212.95,212.95,211.58,212.47,5264,1113879.875
2016-03-07,2016-03-07,215.29,215.75,214.79,215.09,2425,522432.65625
2016-03-04,2016-03-04,214.08,215.75,214.08,215.75,177,38050.289063
2016-03-03,2016-03-03,218.55,218.75,214.81,214.81,1566,341317.09375
2016-03-02,2016-03-02,218.9,219.37,218.16,218.16,1096,239510.53125
2016-03-01,2016-03-01,212.51,216.68,212.51,216.68,328,69893.570313
2016-02-29,2016-02-29,209.41,214.8,209.41,214.8,145,30444.25
2016-02-26,2016-02-26,211.96,213.58,211.96,212.95,855,182380.3125
2016-02-25,2016-02-25,208.3,209.16,208.3,208.5,4492,935820.0
2016-02-24,2016-02-24,207.45,207.45,203.62,203.86,265,54190.039063
2016-02-23,2016-02-23,209.06,209.56,207.44,207.45,337,70516.46875
2016-02-22,2016-02-22,207.84,209.75,207.84,209.75,10036,2099099.75
2016-02-19,2016-02-19,204.77,205.23,204.77,205.23,12,2457.23999
2016-02-18,2016-02-18,206.8,208.59,205.9,206.12,808,167568.046875
2016-02-17,2016-02-17,203.67,205.31,203.5,205.31,982,199513.140625
2016-02-16,2016-02-16,201.35,201.35,199.14,200.04,4775,952614.6875
2016-02-15,2016-02-15,198.42,200.47,198.42,200.36,2765,553302.9375
2016-02-12,2016-02-12,193.74,195.89,192.81,195.89,3083,599840.25
2016-02-11,2016-02-11,191.6,191.6,187.4,188.04,9247,1749923
2016-02-10,2016-02-10,191.56,197.72,191.56,195,15925,3112578
2016-02-09,2016-02-09,193.74,194.41,189.81,191.25,8687,1672195.625
2016-02-08,2016-02-08,198.32,198.32,191.7,191.7,15774,3057535
2016-02-05,2016-02-05,202.95,203.61,199.14,199.34,3439,687091.3125
2016-02-04,2016-02-04,206.71,206.8,203.35,203.35,2207,456258.71875
2016-02-03,2016-02-03,210.32,211.46,203.18,204.26,9894,2050567.625
2016-02-02,2016-02-02,213.83,213.99,212.96,213.31,4146,886722.0625
2016-02-01,2016-02-01,214.72,214.8,213.31,214.8,2157,460259.75
2016-01-29,2016-01-29,211,213.9,210.1,213.9,535,113594.5
2016-01-28,2016-01-28,210.27,210.29,206.37,207.32,4207,874509.5625
2016-01-27,2016-01-27,211.33,211.33,210.15,211.04,1684,354159.3125
2016-01-26,2016-01-26,209.39,213.4,209.39,212.73,3930.0,835006.4375
2016-01-25,2016-01-25,214.44,214.44,213.52,214.21,907,194250.5
2016-01-22,2016-01-22,211.47,214.52,211.47,213.86,2267,482121.3125
2016-01-21,2016-01-21,206.59,211.77,206.59,210.28,1866,388216.3125
2016-01-20,2016-01-20,203.95,204.1,201.7,203.43,4409,895344.9375
2016-01-19,2016-01-19,211.4,211.94,208.81,208.81,1278,270819.125
2016-01-18,2016-01-18,209.06,209.57,207.74,208.11,2982,622151.125
2016-01-15,2016-01-15,211.67,211.67,206.11,206.55,36053,7487730.5
2016-01-14,2016-01-14,212.29,213.15,208.44,211.99,5202,1094577.875
2016-01-13,2016-01-13,220.71,220.89,218.06,218.06,3863,849599.75
2016-01-12,2016-01-12,214.94,218.92,214.94,217.18,1308,284857.53125
2016-01-11,2016-01-11,214.6,216.19,213.76,213.76,4094,879266.375
2016-01-08,2016-01-08,218.64,219.05,214.87,214.87,2993,652473.25
2016-01-07,2016-01-07,222.02,222.02,217.57,220.61,729,159670.734375
2016-01-06,2016-01-06,226.29,226.83,224.3,226.83,3268,735962.0625
2016-01-05,2016-01-05,228.31,230.02,227.53,229.46,1518,346614.15625
2016-01-04,2016-01-04,227.24,227.24,224.84,225.85,6532,1472755.375
2015-12-30,2015-12-30,234.25,235.08,234.25,234.53,1598,374521.84375
2015-12-29,2015-12-29,231.1,234.9,231.1,234.9,4057,941507.625
2015-12-28,2015-12-28,230.36,230.36,228.26,228.36,6973,1595545.25
2015-12-23,2015-12-23,230.55,231.68,230.5,231.68,4654,1077029.25
2015-12-22,2015-12-22,227.95,228.48,227.51,227.76,7075,1613967.875
2015-12-21,2015-12-21,227.75,229.46,226.23,226.23,3408,780778.9375
2015-12-18,2015-12-18,230.53,232.19,229.22,230.03,6048,1398060.875
2015-12-17,2015-12-17,234.66,236.47,233.65,233.9,3623,851756.8125
2015-12-16,2015-12-16,231.42,231.58,230.05,230.08,884,204312.125
2015-12-15,2015-12-15,228.12,231.38,227.92,230.99,1405,323917.34375
2015-12-14,2015-12-14,227.64,228.68,222.33,222.33,6884,1554413
2015-12-11,2015-12-11,232.14,232.14,226.83,226.83,1050.0,240933.203125
2015-12-10,2015-12-10,230.21,232.26,229.99,231.96,2362,546462.3125
2015-12-09,2015-12-09,235.4,235.4,232.15,232.15,2891,675781.8125
2015-12-08,2015-12-08,235.5,235.56,233.49,235.55,409,95835.5625
2015-12-07,2015-12-07,236.99,239.26,236,236,579,138041.40625
2015-12-04,2015-12-04,232.88,234.9,231.1,234.9,1125,261351.65625
2015-12-03,2015-12-03,244.14,244.83,234.37,234.37,4459,1068830.875
2015-12-02,2015-12-02,243.04,244.98,243.04,244.28,2320.0,566810.75
2015-12-01,2015-12-01,242.48,242.48,241.43,241.74,804,194361.109375
2015-11-30,2015-11-30,241.35,242.96,241.35,241.56,684,165777.6875
2015-11-27,2015-11-27,240.75,242.49,240.75,242.03,2025,489858.65625
2015-11-26,2015-11-26,241.65,242.17,241.59,242.17,1243,300657.46875
2015-11-25,2015-11-25,239.42,241.58,239.42,240.87,1531,368720.875
2015-11-24,2015-11-24,240.3,240.3,237.93,239.05,1364,325597.0625
2015-11-23,2015-11-23,241.18,241.9,240.75,241.83,3040.0,733014.375
2015-11-20,2015-11-20,238.97,240.48,238.39,240.48,481,114973.578125
2015-11-19,2015-11-19,238.88,240.18,237.09,237.09,1816,433737.6875
2015-11-18,2015-11-18,234.2,236.92,233.42,236.92,1879,440443.96875
2015-11-17,2015-11-17,233.82,235.93,233.82,235.93,3687,865254.125
2015-11-16,2015-11-16,228.23,230.27,228.23,229.42,979,224836.6875
2015-11-13,2015-11-13,232.92,233.05,230.46,231.04,2136,496389.0625
2015-11-12,2015-11-12,235.82,237.74,234.52,234.52,1390.0,326810.3125
2015-11-11,2015-11-11,236.32,238.01,235.82,236.47,4215,996412.125
2015-11-10,2015-11-10,236.22,237,236.14,236.58,1157,273356.25
2015-11-09,2015-11-09,238.8,238.8,234.93,234.93,1160.0,275889.5625
2015-11-06,2015-11-06,236.05,239.4,235.83,238.72,1093,260263.40625
2015-11-05,2015-11-05,237.3,237.59,235.62,235.62,11466,2720854.75
2015-11-04,2015-11-04,236.01,237.3,235.96,236.43,731,173361.328125
2015-11-03,2015-11-03,232.89,234.84,232.89,234.84,286,66847.523438
2015-11-02,2015-11-02,229.19,231.96,229.19,231.96,1240.0,286088.03125
2015-10-30,2015-10-30,231.7,231.7,230.5,231.36,1208,278940.5
2015-10-29,2015-10-29,232.68,233.23,232.01,232.61,1567,364414.6875
2015-10-28,2015-10-28,230.22,230.22,228.95,229.46,187,42896.839844
2015-10-27,2015-10-27,228.23,229.08,228.23,228.74,2425,553725
2015-10-26,2015-10-26,229,230.75,227.84,228.78,4409,1008885.3125
2015-10-23,2015-10-23,225.35,229.05,224.9,228.44,1577,357253.03125
2015-10-22,2015-10-22,213.12,219.18,213.12,219.18,1563,335529.5625
2015-10-21,2015-10-21,214.13,214.42,214.13,214.42,130,27836.900391
2015-10-20,2015-10-20,215.12,215.12,213.94,213.94,463,99252.578125
2015-10-19,2015-10-19,213.63,215.01,213.3,215.01,1574,335982
2015-10-16,2015-10-16,212.64,213.06,212.34,213.06,282,59977.789063
2015-10-15,2015-10-15,207.81,210.13,207.81,209.6,404,84654.71875
2015-10-14,2015-10-14,207.56,208.27,206.98,206.98,1320.0,274552.8125
2015-10-13,2015-10-13,210.35,210.85,208.77,210.59,817,171351.703125
2015-10-12,2015-10-12,210.24,210.61,209.57,210.61,538,112986.921875
2015-10-09,2015-10-09,209.66,209.8,209.27,209.71,4202,880875.5
2015-10-08,2015-10-08,208,209.37,207.98,207.98,611,127357.703125
2015-10-07,2015-10-07,210,210.79,208.03,208.03,8983,1883304.625
2015-10-06,2015-10-06,210.13,210.36,208.02,208.02,1042,218801.453125
2015-10-05,2015-10-05,208.71,209.62,207.92,209.62,4678,974411.0625
2015-10-02,2015-10-02,205.92,206.21,199.99,203,2231,449206.34375
2015-10-01,2015-10-01,207.24,207.24,201.43,202.45,4403,901681.25
2015-09-30,2015-09-30,200.96,203.47,200.96,203.47,37,7453.049805
2015-09-29,2015-09-29,199.4,201,199,199.73,2758,551086.25
2015-09-28,2015-09-28,207.41,207.41,201.3,201.3,1509,310396.03125
2015-09-25,2015-09-25,209.6,211.84,208.7,209,4282,900936.75
2015-09-24,2015-09-24,207.45,208.38,203.56,203.64,2257,463594.65625
2015-09-23,2015-09-23,209.8,210.68,208.1,208.97,5379,1127520.125
2015-09-22,2015-09-22,210.23,210.5,207.96,207.98,1683,351857.21875
2015-09-21,2015-09-21,208.6,212.98,208.47,212.12,2031,427414.96875
2015-09-18,2015-09-18,209.57,209.57,206.75,208.95,2834,589833.125
2015-09-17,2015-09-17,211,211.85,211,211.73,333,70374.75
2015-09-16,2015-09-16,211.45,211.45,210.8,211.03,595,125643.578125
2015-09-15,2015-09-15,208.3,210.35,208.04,210.35,513,107271.203125
2015-09-14,2015-09-14,207.84,209.25,207.34,207.34,917,191197.53125
2015-09-11,2015-09-11,207.46,207.46,206.05,206.25,4994,1032762.25
2015-09-10,2015-09-10,208.21,209.64,207.46,207.46,1653,344761.625
2015-09-09,2015-09-09,213.33,213.33,210.5,211.03,1054,223273.953125
2015-09-08,2015-09-08,208.32,209.17,207.72,208.17,2507,522599.40625
2015-09-07,2015-09-07,207.93,207.93,206.06,206.13,710,146629
2015-09-04,2015-09-04,206.52,206.52,205,205.32,1282,263652.84375
2015-09-03,2015-09-03,207.33,210.29,207.33,210.29,2931,615312.6875
2015-09-02,2015-09-02,202.67,203.38,202.46,203.38,900,182496
2015-09-01,2015-09-01,202.87,204.97,201.27,204.1,3576,727336.1875
2015-08-31,2015-08-31,210,210.21,208.61,209.52,957,200408.34375
2015-08-28,2015-08-28,209.6,211.32,207.97,211.32,803,167730.4375
2015-08-27,2015-08-27,205.63,208.63,205.23,208.63,15744,3258369
2015-08-26,2015-08-26,192.93,198.93,192.93,195.22,1471,291109
2015-08-25,2015-08-25,192.19,200.7,192.19,200.12,3602,706675.6875
2015-08-24,2015-08-24,192.41,194.7,185.07,192.48,3532,676311.625
2015-08-21,2015-08-21,210.44,211.48,205.42,205.42,5969,1255011.375
2015-08-20,2015-08-20,220.55,220.55,215.48,215.48,3151,689499.875
2015-08-19,2015-08-19,223.86,224,221.54,221.56,1759,392562.6875
2015-08-18,2015-08-18,224.52,225.52,224.51,225.15,855,192160.40625
2015-08-17,2015-08-17,222.93,223.89,221.51,223.89,138,30747.099609
2015-08-14,2015-08-14,220.96,221.31,219.9,221.1,14652,3222450.5
2015-08-13,2015-08-13,223.53,223.53,221.93,221.98,1734,386095.65625
2015-08-12,2015-08-12,220.9,220.9,216.65,217.56,584,127113.023438
2015-08-11,2015-08-11,227.08,227.08,223.05,223.05,11308,2538757.25
2015-08-10,2015-08-10,225.26,226.68,225.26,226.68,490,110649.398438
2015-08-07,2015-08-07,225.9,226.73,223.65,223.65,357,80912.539063
2015-08-06,2015-08-06,229.58,230.28,225.9,225.9,366,84271.28125
2015-08-05,2015-08-05,229.46,232.3,229.12,232.3,217,50187
2015-08-04,2015-08-04,227.87,227.87,226.79,226.79,285,64850.199219
2015-08-03,2015-08-03,227.29,228.65,227.29,228.65,866,197686.296875
2015-07-31,2015-07-31,228.97,229.82,227.2,227.2,445,101689.851563
2015-07-30,2015-07-30,227.65,228.3,226.92,228.3,2839,645713.375
2015-07-29,2015-07-29,225.65,225.94,225.14,225.89,874,197342.796875
2015-07-28,2015-07-28,223.69,224.88,223.59,223.59,516,115546.5625
2015-07-27,2015-07-27,223.87,223.87,221.98,221.98,645,143852.453125
2015-07-24,2015-07-24,230.14,230.14,228.73,228.81,158,36380.480469
2015-07-23,2015-07-23,229.75,230.08,229.75,229.84,1184,272410.0625
2015-07-22,2015-07-22,230.5,232.07,230.41,231.21,798,184923.28125
2015-07-21,2015-07-21,236.1,236.1,233.01,233.009995,932,219186.765625
2015-07-20,2015-07-20,234.23,235,234.05,234.710007,1005,235402.65625
2015-07-17,2015-07-17,231.19,233.21,231.19,233.210007,8018,1858689.25
2015-07-16,2015-07-16,228,229.12,227.91,229.119995,4921,1123478.75
2015-07-15,2015-07-15,224.15,225.87,224.15,225.869995,790,177855.703125
2015-07-14,2015-07-14,223.07,224.02,222.21,224.020004,181,40294.210938
2015-07-13,2015-07-13,216.47,221.66,216.47,221.660004,1,216.470001
2015-07-10,2015-07-10,215.91,215.99,214.68,215.990005,2236,480665.65625
2015-07-09,2015-07-09,216.77,217.54,216.77,216.910004,1909,414348.53125
2015-07-08,2015-07-08,217.83,217.83,215.1,215.360001,3096,670444.9375
2015-07-07,2015-07-07,220.8,220.8,216.21,216.210007,5715,1260666.75
2015-07-06,2015-07-06,216.72,217.83,216.24,217.789993,646,139735.46875
2015-07-03,2015-07-03,217.75,217.89,217.33,217.330002,3493,759973.1875
2015-07-02,2015-07-02,218.24,218.24,217.23,217.229996,3039,662880.3125
2015-07-01,2015-07-01,216.34,218.55,216.34,217.619995,5485,1198075
2015-06-30,2015-06-30,214.41,215.59,213.86,214.880005,3539,758471.1875
2015-06-29,2015-06-29,217.54,218.72,215.57,215.570007,15116,3297754.75
2015-06-26,2015-06-26,219.46,219.84,219.41,219.839996,5622,1234229.125
2015-06-25,2015-06-25,220.53,221.61,220.53,221.039993,1054,233006.875
2015-06-24,2015-06-24,221.5,222.29,220.6,221.770004,10705,2363000.0
2015-06-23,2015-06-23,220.63,222.55,220.53,221.029999,260,57635.089844
2015-06-22,2015-06-22,217.23,218.92,217.23,218.110001,6041,1318680.25
2015-06-19,2015-06-19,218.55,219.09,217.76,217.759995,5085,1111268.625
2015-06-18,2015-06-18,214.38,216.5,213.29,216.5,1251,268218.6875
2015-06-17,2015-06-17,216.13,216.16,215.98,215.979996,646,139626.015625
2015-06-16,2015-06-16,213.73,215.46,213.38,215.460007,1647,353045.1875
2015-06-15,2015-06-15,215.65,215.65,213.4,214.020004,11333,2425929
2015-06-12,2015-06-12,217.08,217.35,215.55,215.550003,11172,2423894.75
2015-06-11,2015-06-11,216.61,218.28,216.6,217.869995,11487,2492100.0
2015-06-10,2015-06-10,213.51,216.15,213.43,216.149994,1182,253513.390625
2015-06-09,2015-06-09,213.19,213.84,213.19,213.710007,617,131654.703125
2015-06-08,2015-06-08,218.88,218.88,216.22,216.220001,3172,692892.5
2015-06-05,2015-06-05,217.39,219.93,217.39,219.649994,2092,459591.53125
2015-06-04,2015-06-04,218.02,218.35,217.54,217.539993,1106,240794.71875
2015-06-03,2015-06-03,220.52,222.26,218.92,219.149994,13030.0,2873849
2015-06-02,2015-06-02,223.32,223.61,219.48,220.770004,14661,3246689.25
2015-06-01,2015-06-01,224.97,226.2,223.82,225.160004,5353,1204122.875
2015-05-29,2015-05-29,224.47,225.6,223.82,223.820007,6009,1350919.875
2015-05-28,2015-05-28,226.05,227.17,226,226.580002,5799,1313136.125
2015-05-27,2015-05-27,224,226.44,224,226.179993,12730.0,2873794.75
2015-05-26,2015-05-26,226.38,226.38,224,224.059998,7693,1733544.125
2015-05-22,2015-05-22,221.64,224.45,220.6,223.589996,3146,704804.25
2015-05-21,2015-05-21,220.65,221.75,219.35,221.75,1182,260078.703125
2015-05-20,2015-05-20,221.93,221.93,220.19,221.160004,1783,393618.3125
2015-05-19,2015-05-19,220.43,220.73,220.02,220.449997,4911,1080631
2015-05-18,2015-05-18,213.67,216.29,213.52,216.289993,6106,1307918.75
2015-05-15,2015-05-15,215,216.13,213.8,213.800003,4670.0,1003091.3125
2015-05-14,2015-05-14,212.74,214.63,212.71,214.630005,2603,553802.25
2015-05-13,2015-05-13,212.74,213.29,212.41,212.410004,670,142827.296875
2015-05-12,2015-05-12,215.67,215.67,212.4,214.279999,1028,220182.734375
2015-05-11,2015-05-11,216.62,217.77,216.62,217.270004,80,17367.349609
2015-05-08,2015-05-08,213.82,216.29,213.82,216.229996,1821,391401.3125
2015-05-07,2015-05-07,209.05,212.72,207.53,212.179993,2949,619511
2015-05-06,2015-05-06,213.22,213.41,210.37,210.740005,686,145679.6875
2015-05-05,2015-05-05,219.47,220.37,214.74,214.740005,1737,377458.59375
2015-05-04,2015-05-04,218.06,219.03,217.88,219.029999,1191,260415.6875
2015-04-30,2015-04-30,217.97,218.87,215.76,216.589996,2230.0,485239.0625
2015-04-29,2015-04-29,223.34,223.34,219.17,219.169998,2612,577764.6875
2015-04-28,2015-04-28,226.51,226.51,224.05,224.289993,1354,304783.78125
2015-04-27,2015-04-27,228.49,228.65,227.2,227.199997,4735,1081598.375
2015-04-24,2015-04-24,225.78,227.45,224.85,227.149994,14528,3294698.75
2015-04-23,2015-04-23,227.26,227.26,224.26,224.600006,35,7872.799805
2015-04-22,2015-04-22,224.74,225.52,222.55,225.520004,132,29542.449219
2015-04-21,2015-04-21,226.19,226.19,224.47,224.470001,839,188738.78125
2015-04-20,2015-04-20,220.48,223.26,220.48,223.259995,361,79979.679688
2015-04-17,2015-04-17,222.89,222.89,219.47,219.580002,5639,1245244.5
2015-04-16,2015-04-16,225.87,225.87,223.3,224.119995,17036,3814812.75
2015-04-15,2015-04-15,224.92,226.93,224.92,225.949997,19166,4342021
2015-04-14,2015-04-14,226.82,226.82,223.34,223.729996,13818,3099769.75
2015-04-13,2015-04-13,226.82,228.16,226.82,228.160004,492,111967.953125
2015-04-10,2015-04-10,225.5,226.7,225.4,226.429993,3027,682562.875
2015-04-09,2015-04-09,220.92,222.64,220.92,222.429993,787,174073.171875
2015-04-08,2015-04-08,217.19,220.07,217.18,220.070007,2442,531782.4375
2015-04-07,2015-04-07,216.96,219.19,216.96,219.190002,768,167590.09375
2015-04-02,2015-04-02,216.42,217.11,216.1,216.220001,2226,483088.28125
2015-04-01,2015-04-01,219.85,219.85,217.1,217.2,5544,1208525.49
2015-03-31,2015-03-31,220.71,221.77,220.71,221.009995,4095,906014.625
2015-03-30,2015-03-30,219.56,219.77,219.16,219.729996,3645,799462.9375
2015-03-27,2015-03-27,217.51,217.51,215.58,215.580002,1408,304678.5625
2015-03-26,2015-03-26,212.02,215.19,210.89,215.100006,9392,1998194.75
2015-03-25,2015-03-25,220.64,220.64,216.13,216.130005,962,211029.4375
2015-03-24,2015-03-24,220.36,221.92,220.21,221.919998,3075,680060.875
2015-03-23,2015-03-23,224.74,224.74,221.69,221.770004,5301,1176667.625
2015-03-20,2015-03-20,226.54,226.6,224.12,224.119995,1153,260773.9375
2015-03-19,2015-03-19,225.74,226.73,225.74,226.330002,1660.0,375968.59375
2015-03-18,2015-03-18,224.53,224.76,222.91,222.910004,1779,398341.65625
2015-03-17,2015-03-17,223.69,224.07,223.15,224.070007,593,132676.5625
2015-03-16,2015-03-16,222.85,224.15,222.52,223.479996,15601,3480886.25
2015-03-13,2015-03-13,221.84,224.34,221.84,222.429993,15002,3340278.5
2015-03-12,2015-03-12,220.92,221.88,220.34,221.880005,1425,314944.3125
2015-03-11,2015-03-11,222.43,223.5,222.28,222.289993,1180.0,263003.4375
2015-03-10,2015-03-10,221.72,222.36,220.1,220.289993,6401,1419283.75
2015-03-09,2015-03-09,220.11,220.88,219.52,220.490005,1059,233079.234375
2015-03-06,2015-03-06,219.69,222.79,219.69,221.059998,2335,516502.5
2015-03-05,2015-03-05,218.75,219.87,218.7,219.679993,1620.0,355179.6875
2015-03-04,2015-03-04,217.33,218.32,216.59,218.320007,3124,678645.875
2015-03-03,2015-03-03,217.49,218,215.66,215.660004,1178,256473.03125
2015-03-02,2015-03-02,216.55,217.63,215.32,217.630005,3315,715342.0625
2015-02-27,2015-02-27,216.34,216.77,215.62,216.009995,6425,1388422.875
2015-02-26,2015-02-26,212.87,216.11,212.71,216.110001,7846,1679610.125
2015-02-25,2015-02-25,212.69,213.17,212.51,213.169998,917,195005.796875
2015-02-24,2015-02-24,213.69,213.83,213.37,213.660004,93,19857.949219
2015-02-23,2015-02-23,212.7,213.46,212.58,213,13508,2876990.5
2015-02-20,2015-02-20,211.44,212.65,211.44,211.449997,5396,1144415.25
2015-02-19,2015-02-19,208.63,210.67,208.26,210.669998,315,65848.203125
2015-02-18,2015-02-18,209.25,209.86,209.25,209.860001,181,37920.558594
2015-02-17,2015-02-17,209.43,209.43,208.45,209.050003,639,133589.234375
2015-02-16,2015-02-16,208.38,209.41,208.31,209.410004,323,67405.65625
2015-02-13,2015-02-13,207.41,207.91,207.4,207.660004,5500.0,1140851
2015-02-12,2015-02-12,206.68,207.24,206.36,206.419998,1440.0,297665.9375
2015-02-11,2015-02-11,205.31,206.62,205.31,206.600006,375,77124.6875
2015-02-10,2015-02-10,202.51,204.34,202.51,204.339996,750,152483.0625
2015-02-09,2015-02-09,202.09,202.76,201.6,202.759995,335,67770.148438
2015-02-06,2015-02-06,202.09,204.36,201.9,204.360001,6109,1242069.75
2015-02-05,2015-02-05,201.07,202.03,200.49,202.029999,7482,1504805.125
2015-02-04,2015-02-04,199.73,201.52,199.56,201.520004,1756,350637.625
2015-02-03,2015-02-03,201.24,201.4,197.93,197.929993,2379,478234.625
2015-02-02,2015-02-02,199.31,199.55,197.43,199.550003,2766,549105.3125
2015-01-30,2015-01-30,200.47,202.06,199.94,200.990005,14472,2910431.5
2015-01-29,2015-01-29,198.68,198.84,196.5,198.110001,1740.0,345125.125
2015-01-28,2015-01-28,202.33,202.85,200.33,200.899994,904,182684.375
2015-01-27,2015-01-27,206.36,206.36,197.72,199.559998,2496,503179.125
2015-01-26,2015-01-26,206.55,206.6,205.18,205.179993,967,199401.890625
2015-01-23,2015-01-23,204.3,208.03,204.3,206.059998,2645,545557.625
2015-01-22,2015-01-22,197.06,201.49,195.93,201.490005,9899,1955554.125
2015-01-21,2015-01-21,196.09,197.15,194.03,196.839996,1672,328361.15625
2015-01-20,2015-01-20,194.85,194.98,193.79,194.080002,1506,292299.46875
2015-01-19,2015-01-19,194.17,194.17,192.91,193.350006,1322,255804.234375
2015-01-16,2015-01-16,190.4,193.83,190.18,193.440002,2244,428946.5625
2015-01-15,2015-01-15,193.11,194.12,192,193.029999,457,88167.546875
2015-01-14,2015-01-14,190.99,192.56,189,190,9247,1756210.125
2015-01-13,2015-01-13,191.42,196.19,191.42,195.5,3734,725855.0625
2015-01-12,2015-01-12,193.28,194.92,191.28,192.229996,1479,286964.4375
2015-01-09,2015-01-09,196.13,196.13,192.32,193.059998,7580.0,1464310.875
2015-01-08,2015-01-08,192.44,195.38,192.36,194.929993,7276,1412746
2015-01-07,2015-01-07,188.42,191.07,188.42,190.570007,3570.0,680481.8125
2015-01-06,2015-01-06,189.64,190.43,187.66,187.660004,1709,323829.78125
2015-01-05,2015-01-05,191.23,192,190.29,190.289993,3408,650951.9375
2015-01-02,2015-01-02,191.89,193,190.6,190.600006,1400.0,268569.3125
2014-12-30,2014-12-30,192.16,192.59,192.16,192.440002,922,177354.8125
2014-12-29,2014-12-29,192.55,192.55,191.59,192.5,2125,407437.0625
2014-12-23,2014-12-23,190.56,191.5,190.56,191.169998,369,70497.28125
2014-12-22,2014-12-22,189.92,190.29,189.57,190.070007,28147,5348634.5
2014-12-19,2014-12-19,189.85,190.25,188.87,190.25,398,75505.34375
2014-12-18,2014-12-18,184.19,187.31,184.19,186.710007,2784,518988.4375
2014-12-17,2014-12-17,178.62,180.09,178.42,180.089996,705,126074.203125
2014-12-16,2014-12-16,180.88,181.83,178.11,181.830002,13439,2410123.5
2014-12-15,2014-12-15,183.6,184.62,181.28,181.279999,4036,742431.375
2014-12-12,2014-12-12,184.11,184.53,183.15,184.210007,7945,1455781.625
2014-12-11,2014-12-11,184.36,188.1,184.36,188.080002,2848,528520.625
2014-12-10,2014-12-10,188.08,188.36,186.11,186.619995,1604,300078.0625
2014-12-09,2014-12-09,187.34,187.62,184.16,185.960007,2408,446586.90625
2014-12-08,2014-12-08,190.61,190.8,190,190.25,663,126194.953125
2014-12-05,2014-12-05,189.25,190.43,189.25,190.429993,1047,199021.65625
2014-12-04,2014-12-04,190.5,190.5,187.84,187.839996,3798,722932.4375
2014-12-03,2014-12-03,188.95,189.8,188.95,189.75,1458,276394
2014-12-02,2014-12-02,187.29,188.33,187.29,188.330002,415,77901.710938
2014-12-01,2014-12-01,189.17,189.17,186.62,186.619995,1165,219434.25
2014-11-28,2014-11-28,188.97,189.73,188.25,189.729996,346,65247.859375
2014-11-27,2014-11-27,187.7,188.37,187.63,188.270004,2914,547576.0625
2014-11-26,2014-11-26,186.94,187.31,186.47,186.899994,855,159646.453125
2014-11-25,2014-11-25,187.27,187.65,186.76,186.759995,898,168194.3125
2014-11-24,2014-11-24,186.23,186.42,186.23,186.410004,897,167132.953125
2014-11-21,2014-11-21,185.53,187.29,185.53,186.350006,3136,586174.625
2014-11-20,2014-11-20,182.56,183.87,182.09,183.869995,485,88377.617188
2014-11-19,2014-11-19,183.35,183.65,182.29,182.289993,1721,315546.1875
2014-11-18,2014-11-18,183.18,183.23,182.6,183.229996,3105,568680.0625
2014-11-17,2014-11-17,182.46,183.48,182.46,182.710007,1022,187201.125
2014-11-14,2014-11-14,183.6,184.27,182.82,183.479996,25643,4695649.5
2014-11-13,2014-11-13,183.57,183.87,183,183,1582,290247.40625
2014-11-12,2014-11-12,180.85,182.47,180.85,182.470001,404,73530.179688
2014-11-11,2014-11-11,182.86,182.86,182.23,182.229996,3338,609657.625
2014-11-10,2014-11-10,180.62,182.43,180.62,182.429993,209,37783.128906
2014-11-07,2014-11-07,182.79,183.01,181.65,181.649994,833,152154.25
2014-11-06,2014-11-06,179.67,181.5,179.5,181.5,1089,196788.984375
2014-11-05,2014-11-05,180.84,181.38,180.02,180.589996,1990.0,360441.8125
2014-11-04,2014-11-04,180.2,180.84,178.8,178.800003,5795,1044998.0625
2014-11-03,2014-11-03,180.25,181.17,179.83,181.020004,2158,388956.78125
2014-10-31,2014-10-31,179.5,179.59,179.36,179.589996,784,140645.203125
2014-10-30,2014-10-30,176.18,176.51,175.31,175.669998,126,22132.259766
2014-10-29,2014-10-29,174.3,174.64,173.77,173.770004,2468,429931.40625
2014-10-28,2014-10-28,173.85,173.89,173.55,173.589996,866,150414.5625
2014-10-27,2014-10-27,173.95,173.95,172.18,172.360001,1549,267449
2014-10-24,2014-10-24,171.78,172.49,170.96,172.160004,2451,421166.21875
2014-10-23,2014-10-23,170.14,172.44,170.14,172.169998,987,168699.84375
2014-10-22,2014-10-22,169.69,170.83,169.69,170.830002,1852,314727
2014-10-21,2014-10-21,163.28,168.07,163.28,168.070007,1001,166262.09375
2014-10-20,2014-10-20,164.41,164.41,162.63,162.850006,68,11076.639648
2014-10-17,2014-10-17,158.93,163.309,158.93,163.229996,2838,457588.3125
2014-10-16,2014-10-16,159.69,159.69,156.79,159.539993,3261,515222.6875
2014-10-15,2014-10-15,163.37,163.38,159,159.630005,2252,364943.15625
2014-10-14,2014-10-14,163.429,165,163.01,164.589996,2851,466510.96875
2014-10-13,2014-10-13,163.94,165.68,162.98,165.100006,2542,418343.40625
2014-10-10,2014-10-10,169.57,169.7,168.18,168.179993,3860.0,652415
2014-10-09,2014-10-09,172.1,172.25,171.14,172.25,590,101337.078125
2014-10-08,2014-10-08,170.06,170.28,169.52,169.520004,2195,372974.8125
2014-10-07,2014-10-07,171.7,172.44,171.11,171.110001,849,146057.78125
2014-10-06,2014-10-06,174.8,174.8,173.49,173.490005,262,45713.769531
2014-10-02,2014-10-02,171.1,172.88,169.41,169.410004,1036,177553.859375
2014-10-01,2014-10-01,174.18,174.18,171.74,172.600006,1323,228616.109375
2014-09-30,2014-09-30,174,175.16,173.56,174.820007,3731,652269.4375
2014-09-29,2014-09-29,172.68,172.72,171.6,172.720001,76,13109.299805
2014-09-26,2014-09-26,170.94,171.49,170.93,171.490005,1375,235286.6875
2014-09-25,2014-09-25,174.68,174.68,171.44,171.440002,291,50744.53125
2014-09-24,2014-09-24,170.43,172.97,170.43,172.970001,1349,231985.265625
2014-09-23,2014-09-23,170.38,171.28,170.02,171.279999,2401,408608.84375
2014-09-22,2014-09-22,172.6,172.6,171.49,171.550003,591,101405.257813
2014-09-19,2014-09-19,173.11,173.8,173.11,173.139999,999,173398.359375
2014-09-18,2014-09-18,171.95,171.96,171.95,171.949997,109,18742.619141
2014-09-17,2014-09-17,170,170.07,169.76,170.070007,1398,237505.453125
2014-09-16,2014-09-16,168.47,169.24,168.18,169.240005,612,103007.59375
2014-09-15,2014-09-15,170.49,170.59,168.89,168.889999,317,54074.328125
2014-09-12,2014-09-12,171.64,171.74,170.72,170.759995,1271,218046.5625
2014-09-11,2014-09-11,171.58,171.59,170.46,171.039993,876,149919.796875
2014-09-10,2014-09-10,170.93,171.05,170.05,171.050003,1420.0,241984.984375
2014-09-09,2014-09-09,172.39,172.39,171.55,171.550003,260,44788.828125
2014-09-08,2014-09-08,171.77,171.91,170.77,171.779999,1316,226040.9375
2014-09-05,2014-09-05,171.69,171.69,169.42,169.839996,815,138791.3125
2014-09-04,2014-09-04,168.1,170.99,167.42,170.990005,1326,222165.640625
2014-09-03,2014-09-03,169.31,170.07,168.26,168.259995,876,148557.40625
2014-09-02,2014-09-02,169.19,169.19,168.93,168.929993,160,27054.880859
2014-09-01,2014-09-01,168.22,168.58,168.21,168.580002,150,25249.429688
2014-08-29,2014-08-29,167.81,168.3,167.58,168.300003,138,23152.960938
2014-08-28,2014-08-28,167.04,167.24,167.04,167.240005,70,11694.459961
2014-08-27,2014-08-27,168.32,168.32,167.2,167.300003,172,28865.050781
2014-08-26,2014-08-26,167.56,167.56,167.14,167.369995,125,20896.490234
2014-08-25,2014-08-25,167.5,167.52,165.77,167.369995,945,157710.6875
2014-08-22,2014-08-22,165,166.15,165,166.149994,515,85338.242188
2014-08-21,2014-08-21,165,165.479,164.7,165.070007,520,85798.328125
2014-08-20,2014-08-20,164.96,164.96,164.41,164.880005,885,145798.875
2014-08-19,2014-08-19,163.5,164.04,163.46,164.039993,995,162720.734375
2014-08-18,2014-08-18,162.3,163,162.3,163,1169,190146.1875
2014-08-15,2014-08-15,161.43,161.779,160.45,160.449997,387,62452.941406
2014-08-14,2014-08-14,160.61,160.61,159.809,160.229996,170,27253.660156
2014-08-13,2014-08-13,158.95,160.07,158.95,160.070007,235,37415.75
2014-08-12,2014-08-12,158.88,158.88,158.07,158.070007,410,65103
2014-08-11,2014-08-11,157.83,158.619,157.64,158.610001,533,84120.5625
2014-08-08,2014-08-08,156.1,156.23,156.1,156.229996,22,3434.199951
2014-08-07,2014-08-07,157.41,157.5,157.41,157.5,1020.0,160558.203125
2014-08-06,2014-08-06,157.03,157.71,156.33,157.710007,961,150782.265625
2014-08-05,2014-08-05,157.311,157.73,157.311,157.729996,544,85770.46875
2014-08-04,2014-08-04,155.42,157.44,155.42,157.039993,276,43313.199219
2014-08-01,2014-08-01,156.64,157.05,155.83,156.289993,4302,672203.1875
2014-07-31,2014-07-31,159.56,159.56,158.1,158.100006,697,110842.4375
2014-07-30,2014-07-30,160.65,161.5,160.55,160.660004,10803,1735030.25
2014-07-29,2014-07-29,159.46,160.05,159.46,159.740005,945,150833.171875
2014-07-28,2014-07-28,159.46,159.8,158.98,159.610001,1937,308813.9375
2014-07-25,2014-07-25,159.73,159.92,159.28,159.279999,1210.0,193374.609375
2014-07-24,2014-07-24,160.17,160.44,160.17,160.440002,36,5767.5
2014-07-23,2014-07-23,159.4,160.49,159.4,160.270004,246,39449.761719
2014-07-22,2014-07-22,158.34,159.23,158.34,159.229996,668,105822.796875
2014-07-21,2014-07-21,157.98,157.98,157.23,157.229996,127,20063.460938
2014-07-18,2014-07-18,155.44,157.12,155.44,156.910004,128,20072.480469
2014-07-17,2014-07-17,157.3,157.3,156.41,156.410004,165,25954.5
2014-07-16,2014-07-16,156.6,157.41,156.6,157.289993,190,29858.900391
2014-07-15,2014-07-15,156.3,156.32,155.87,155.869995,3025,472867.5
2014-07-14,2014-07-14,156.26,156.26,155.92,156.220001,212,33063.261719
2014-07-11,2014-07-11,154.51,155.02,154.51,155.020004,200,30902
2014-07-10,2014-07-10,153.49,154.3,153.47,154.300003,1270.0,195049.59375
2014-07-09,2014-07-09,153.89,154.14,153.89,154.139999,65,10002.849609
2014-07-08,2014-07-08,153.46,153.46,153.46,153.460007,0,0
2014-07-07,2014-07-07,155.72,155.89,155.64,155.639999,368,57355.960938
2014-07-04,2014-07-04,156.5,156.96,156.1,156.100006,2017,316277.46875
2014-07-03,2014-07-03,154.77,155.7,154.77,155.699997,518,80191.96875
2014-07-02,2014-07-02,154.59,154.79,154.5,154.619995,845,130582.109375
2014-07-01,2014-07-01,152.51,153.99,152.5,153.990005,210,32026.189453
2014-06-30,2014-06-30,152.21,152.38,152.21,152.380005,185,28161.070313
2014-06-27,2014-06-27,151.9,152.1,151.53,152.100006,126,19111.279297
2014-06-26,2014-06-26,151.72,151.86,151.72,151.860001,176,26702.720703
2014-06-25,2014-06-25,150.88,151.32,150.63,151.320007,4169,628740.6875
2014-06-24,2014-06-24,151.5,152.74,151.23,152.740005,156,23628.599609
2014-06-23,2014-06-23,151.34,151.34,150.99,151.139999,3047,460157.34375
2014-06-20,2014-06-20,151.68,151.69,151.43,151.429993,1016,154112.125
2014-06-19,2014-06-19,151.26,151.26,150.88,150.880005,24,3630.23999
2014-06-18,2014-06-18,151.66,151.66,150.63,150.630005,40,6052.899902
2014-06-17,2014-06-17,151.4,151.42,150.99,150.990005,10000.0,1514128.875
2014-06-16,2014-06-16,151.97,151.97,150.09,150.089996,558,84338.007813
2014-06-13,2014-06-13,150.58,150.99,150.53,150.990005,235,35378.710938
2014-06-12,2014-06-12,151.95,151.95,151.26,151.259995,72,10940.400391
2014-06-11,2014-06-11,151.77,152.09,151.25,151.940002,596,90333.71875
2014-06-10,2014-06-10,151.84,152,151.43,151.759995,326,49493.941406
2014-06-09,2014-06-09,150.5,151.34,150.5,151.339996,54,8148.390137
2014-06-06,2014-06-06,149.9,150.43,149.85,150.429993,1343,201482.046875
2014-06-05,2014-06-05,148.92,149.72,148.67,149.429993,715,106785.648438
2014-06-04,2014-06-04,148.3,148.7,147.86,148.699997,622,92215.453125
2014-06-03,2014-06-03,148.31,148.31,147.599,147.889999,831,123005.75
2014-06-02,2014-06-02,148.61,148.7,148.18,148.369995,1561,231610.625
2014-05-30,2014-05-30,148.49,148.5,148.29,148.289993,198,29402.25
2014-05-29,2014-05-29,148.1,148.2,148.1,148.199997,510,75531
2014-05-28,2014-05-28,147.97,148.22,147.78,148.169998,1028,152112.65625
2014-05-27,2014-05-27,146.25,147.43,146.25,147.179993,10550.0,1546355.25
2014-05-26,2014-05-26,146.24,146.27,146.169,146.270004,3756,549278
2014-05-23,2014-05-23,145.14,145.45,145.14,145.449997,38,5515.319824
2014-05-22,2014-05-22,143.89,144.85,143.89,144.850006,955,137498.296875
2014-05-21,2014-05-21,143.22,143.22,143.22,143.220001,0,0
2014-05-20,2014-05-20,142.77,142.95,142.77,142.889999,550,78613.5
2014-05-19,2014-05-19,141.27,142.47,141.27,142.470001,50,7063.5
2014-05-16,2014-05-16,140.54,140.54,140.54,140.539993,0,0
2014-05-15,2014-05-15,142.52,142.52,140.24,140.240005,95,13539.400391
2014-05-14,2014-05-14,142.579,142.579,142.18,142.210007,84,11952.709961
2014-05-13,2014-05-13,142.11,142.6,142.099,142.600006,386,54875.261719
2014-05-12,2014-05-12,139.81,141.63,139.81,141.630005,200,27962
2014-05-09,2014-05-09,138.82,138.82,138.82,138.820007,0,0
2014-05-08,2014-05-08,137.65,139.7,136.7,139.699997,8200.0,1124198.75
2014-05-07,2014-05-07,136.61,136.81,136.38,136.809998,520,70943.203125
2014-05-06,2014-05-06,140.34,140.34,139.04,139.039993,1063,148780.140625
2014-05-05,2014-05-05,139.93,139.93,139.93,139.929993,0,0
2014-05-02,2014-05-02,140.08,140.08,140.08,140.080002,0,0
2014-04-30,2014-04-30,139.08,139.08,139.08,139.080002,0,0
2014-04-29,2014-04-29,139.05,139.36,139.05,139.360001,4,556.200012
2014-04-28,2014-04-28,138.249,138.47,137.92,137.919998,77,10660.639648
2014-04-25,2014-04-25,138.93,138.93,138.53,138.529999,10,1389.300049
2014-04-24,2014-04-24,140.19,141.37,140.19,140.449997,130,18320.300781
2014-04-23,2014-04-23,139.45,139.59,139.45,139.589996,530,73908.898438
2014-04-22,2014-04-22,140.63,140.63,140.63,140.630005,0,0
2014-04-17,2014-04-17,137.01,138.11,137.01,137.929993,359,49369.089844
2014-04-16,2014-04-16,137.05,137.4,136.89,137.100006,7825,1071943.25
2014-04-15,2014-04-15,135.56,136.32,135.21,135.210007,1640.0,223386.40625
2014-04-14,2014-04-14,134.98,136.48,134.98,136.479996,120,16241.599609
2014-04-11,2014-04-11,135.74,135.92,134.83,135.919998,571,77047.789063
2014-04-10,2014-04-10,140.62,140.62,137.58,137.580002,438,61341.789063
2014-04-09,2014-04-09,139.03,139.51,139.03,139.229996,908,126589.21875
2014-04-08,2014-04-08,138.07,138.34,137.61,138.339996,3604,495979.1875
2014-04-07,2014-04-07,139.64,139.64,138.3,138.85,11252,1558590.0
2014-04-04,2014-04-04,141.34,141.34,141.34,141.339996,0,0
2014-04-03,2014-04-03,143.94,144.89,143.89,143.889999,1644,237984.90625
2014-04-02,2014-04-02,143.47,143.74,143.42,143.740005,45,6454.649902
2014-04-01,2014-04-01,141,142.56,141,142.559998,158,22282.480469
2014-03-31,2014-03-31,140.81,141.12,140.81,141.119995,43,6056.27002
2014-03-28,2014-03-28,140.04,141.33,140.04,141.330002,229,32298.300781
2014-03-27,2014-03-27,141.12,141.12,139.02,140.179993,2024,284005.46875
2014-03-26,2014-03-26,142.64,142.64,142.18,142.179993,10,1426.400024
2014-03-25,2014-03-25,141.9,143.18,141.6,141.600006,792,113066.703125
2014-03-24,2014-03-24,143.76,143.76,140.66,140.660004,350,50200.5
2014-03-21,2014-03-21,145.081,145.081,143.53,144.190002,521,74796.1875
2014-03-20,2014-03-20,144.85,144.85,144.85,144.850006,0,0
2014-03-19,2014-03-19,143.81,143.81,143.7,143.699997,85,12223.849609
2014-03-18,2014-03-18,141.67,143.61,141.67,143.5,123,17629.109375
2014-03-17,2014-03-17,142.8,142.8,141.85,142.429993,65,9248.75
2014-03-14,2014-03-14,141.5,142.34,141.32,141.320007,16522,2348005.25
2014-03-13,2014-03-13,143.57,143.57,142.5,142.5,82,11752.740234
2014-03-12,2014-03-12,143.47,143.59,142.68,143.589996,682,97618.9375
2014-03-11,2014-03-11,144.4,144.4,144.4,144.399994,0,0
2014-03-10,2014-03-10,144.26,144.26,143.99,143.990005,390,56214.480469
2014-03-07,2014-03-07,145.37,145.49,143.97,143.970001,1271,184812.828125
2014-03-06,2014-03-06,146.86,146.87,145.62,145.619995,1353,198709.21875
2014-03-05,2014-03-05,146.249,146.48,146.21,146.389999,342,50048.851563
2014-03-04,2014-03-04,145.19,146.06,144.96,146.059998,13519,1963090.75
2014-03-03,2014-03-03,144.47,144.47,143.39,143.389999,12369,1780858.375
2014-02-28,2014-02-28,145.86,145.86,145.43,145.429993,95,13836.900391
2014-02-27,2014-02-27,145.8,145.8,145.09,145.289993,514,74690.59375
2014-02-26,2014-02-26,145.48,146.16,145.1,146.160004,5880.0,855481.875
2014-02-25,2014-02-25,145.16,145.16,145.16,145.160004,0,0
2014-02-24,2014-02-24,144.27,145.29,143.97,145.289993,9813,1415400.25
2014-02-21,2014-02-21,144.92,144.92,144.83,144.830002,109,15796.280273
2014-02-20,2014-02-20,144.29,144.29,143.75,144.220001,150,21616.5
2014-02-19,2014-02-19,144.25,144.25,144.25,144.25,0,0
2014-02-18,2014-02-18,144.38,144.49,144.2,144.490005,170,24526.599609
2014-02-17,2014-02-17,144.76,144.76,144.57,144.570007,2500.0,361900.0
2014-02-14,2014-02-14,143.95,144.26,143.95,144.229996,6466,932351.375
2014-02-13,2014-02-13,142.64,143.87,142.16,143.869995,20409,2912235
2014-02-12,2014-02-12,143.55,144.38,143.55,143.899994,247,35538.050781
2014-02-11,2014-02-11,142.34,142.34,142.25,142.25,200,28468
2014-02-10,2014-02-10,141,141.43,141,141.300003,258,36380.148438
2014-02-07,2014-02-07,139,140.09,139,140.089996,805,112226.296875
2014-02-06,2014-02-06,138.49,138.99,138.35,138.759995,1650.0,228657.09375
2014-02-05,2014-02-05,137.92,138.17,137.4,137.399994,254,35089.929688
2014-02-04,2014-02-04,137.88,138.52,137.39,138.520004,2781,382940.3125
2014-02-03,2014-02-03,140.83,140.83,138.74,138.740005,540,76017
2014-01-31,2014-01-31,140.12,140.53,139.32,140.380005,345,48237.691406
2014-01-30,2014-01-30,139.03,140.54,139.03,140.539993,410,57194.699219
2014-01-29,2014-01-29,139.24,139.24,137.99,137.990005,248,34325.921875
2014-01-28,2014-01-28,138.3,138.34,137.5,137.860001,1532,210897.359375
2014-01-27,2014-01-27,139.61,139.8,138.61,138.610001,735,102210.75
2014-01-24,2014-01-24,142.36,142.36,140.35,140.350006,490,69755.203125
2014-01-23,2014-01-23,141.74,141.95,141.74,141.949997,10,1417.400024
2014-01-22,2014-01-22,143.87,144.12,143.87,144.119995,842,121160.726563
2014-01-21,2014-01-21,143.41,143.83,142.92,142.919998,518,74301.632813
2014-01-20,2014-01-20,142.89,142.97,142.8,142.899994,645,92184
2014-01-17,2014-01-17,143.03,143.32,142.9,143.300003,639,91437
2014-01-16,2014-01-16,142.96,142.96,142.86,142.899994,55,7859.299805
2014-01-15,2014-01-15,141.64,143.29,141.64,143,571,81363.140625
2014-01-14,2014-01-14,138.78,140.49,138.78,140.490005,82,11379.959961
2014-01-13,2014-01-13,140.55,141.24,140.4,141.139999,479,67398.726563
2014-01-10,2014-01-10,141.49,141.49,139.54,139.539993,417,58967.789063
2014-01-09,2014-01-09,142.1,142.239,140.8,140.800003,300,42567.289063
2014-01-08,2014-01-08,140.89,141.74,140.89,141.740005,11722,1654551.75
2014-01-07,2014-01-07,140.87,140.87,140.87,140.869995,0,0
2014-01-06,2014-01-06,139.01,139.01,139.01,139.009995,0,0
2014-01-03,2014-01-03,140.38,140.38,140.38,140.38,0,0
2014-01-02,2014-01-02,142.58,142.88,140.72,140.72,590,83461.0469
2013-12-30,2013-12-30,139.98,140.2,139.98,140.2,161,22567.3594
2013-12-27,2013-12-27,140.03,140.08,140.03,140.08,67,9382.0098
2013-12-23,2013-12-23,140.27,140.39,140.08,140.24,1835,257335.2969
2013-12-20,2013-12-20,138.47,139.26,138.47,139.26,84,11631.4805
2013-12-19,2013-12-19,137.62,138.09,137.62,138.09,1090.0,150118.5
2013-12-18,2013-12-18,135.39,135.39,135.39,135.39,0,0
2013-12-17,2013-12-17,135.92,135.99,135.72,135.72,285,38738.9492
2013-12-16,2013-12-16,136.5,136.5,136.5,136.5,0,0
2013-12-13,2013-12-13,136.05,136.26,135.91,135.91,69,9397.3203
2013-12-12,2013-12-12,135.78,135.81,135.78,135.81,1800.0,244404
2013-12-11,2013-12-11,137.45,137.45,136.67,136.67,108,14844.5996
2013-12-10,2013-12-10,138.21,138.21,137.44,137.7,240,33097.25
2013-12-09,2013-12-09,138.11,138.37,138.11,138.37,165,22790.75
2013-12-06,2013-12-06,137.61,137.93,137.61,137.93,20,2752.2
2013-12-05,2013-12-05,138.04,138.45,137.02,137.02,1000.0,137700.0938
2013-12-04,2013-12-04,138.1,138.44,138.1,138.44,217,30015.4902
2013-12-03,2013-12-03,138.53,138.53,137.74,137.74,695,96188.7031
2013-12-02,2013-12-02,138.73,138.94,138.72,138.73,793,110013.3203
2013-11-29,2013-11-29,138.01,138.4,138.01,138.4,160,22081.5996
2013-11-28,2013-11-28,137.83,138.08,137.83,138.08,40,5513.2002
2013-11-27,2013-11-27,136.84,138.34,136.84,137.74,712,98085.2188
2013-11-26,2013-11-26,136.73,136.73,136.73,136.73,0,0
2013-11-25,2013-11-25,136.9,137.04,136.9,137.04,36,4928.3999
2013-11-22,2013-11-22,135.58,136.17,135.58,136.1,775,105511.1016
2013-11-21,2013-11-21,135.65,135.65,135.65,135.65,0,0
2013-11-20,2013-11-20,134.6,136.04,134.6,136.04,100,13465
2013-11-19,2013-11-19,134.91,135.6,134.91,135.09,4865,656963.6875
2013-11-18,2013-11-18,136.1,136.1,136.1,136.1,0,0
2013-11-15,2013-11-15,136.989,136.989,136.46,136.46,50,6842.0801
2013-11-14,2013-11-14,136.26,136.27,136.26,136.27,11,1498.86
2013-11-13,2013-11-13,134.82,135.01,134.82,135.01,100,13482
2013-11-12,2013-11-12,134.91,135.02,134.91,134.93,33,4455.3301
2013-11-11,2013-11-11,134.88,134.88,134.88,134.88,0,0
2013-11-08,2013-11-08,135.3,135.3,135.3,135.3,0,0
2013-11-07,2013-11-07,134.55,134.55,134.55,134.55,0,0
2013-11-06,2013-11-06,135.54,135.54,134.61,134.61,1800.0,243972
2013-11-05,2013-11-05,134.44,135.16,134.44,135.16,30,4033.2
2013-11-04,2013-11-04,134.47,134.47,134.47,134.47,0,0
2013-11-01,2013-11-01,135.02,135.02,134.74,134.74,60,8101.2002
2013-10-31,2013-10-31,133.34,134.49,133.31,134.49,151,20165.8809
2013-10-30,2013-10-30,133.25,133.25,132.57,132.57,5950.0,792640.6875
2013-10-29,2013-10-29,132.19,132.82,132.19,132.82,194,25646.9395
2013-10-28,2013-10-28,132.08,132.08,132.08,132.08,0,0
2013-10-25,2013-10-25,131.68,132.46,131.68,131.93,781,103180.0
2013-10-24,2013-10-24,131.16,131.16,131.16,131.16,0,0
2013-10-23,2013-10-23,130.89,130.89,130.48,130.48,50,6544.5
2013-10-22,2013-10-22,132.41,132.41,131.23,131.23,150,19861.5
2013-10-21,2013-10-21,132.1,132.76,131.89,132.32,307,40543.3516
2013-10-18,2013-10-18,130.65,131.25,130.65,131.25,980,128078.7969
2013-10-17,2013-10-17,129.16,129.62,128.93,129.62,23,2966.0801
2013-10-16,2013-10-16,129.26,130.82,129.26,130.82,127,16430.4199
2013-10-15,2013-10-15,130.33,130.33,130.33,130.33,0,0
2013-10-14,2013-10-14,127.96,127.96,127.96,127.96,0,0
2013-10-11,2013-10-11,127.77,127.86,127.67,127.86,630,80471.1016
2013-10-10,2013-10-10,125.98,127.33,125.98,127.07,7648,971338.8125
2013-10-09,2013-10-09,125.98,126.07,124.51,124.51,1860.0,233302.9844
2013-10-08,2013-10-08,127.29,127.29,125.57,125.57,724,91385.7813
2013-10-07,2013-10-07,127.28,128.03,127.28,128.03,1243,158638.7031
2013-10-04,2013-10-04,127.32,127.76,127.32,127.76,84,10695.6797
2013-10-03,2013-10-03,127.17,127.17,127.17,127.17,0,0
2013-10-02,2013-10-02,128.86,128.86,128.43,128.43,12,1546.3199
2013-10-01,2013-10-01,129.07,129.07,129.07,129.07,0,0
2013-09-30,2013-09-30,127.82,128.06,127.82,128.06,345,44097.8984
2013-09-27,2013-09-27,128.3,128.3,128.3,128.3,0,0
2013-09-26,2013-09-26,128.27,128.68,128.27,128.68,21,2693.6699
2013-09-25,2013-09-25,128.13,128.13,128.13,128.13,0,0
2013-09-24,2013-09-24,128.91,128.91,128.91,128.91,0,0
2013-09-23,2013-09-23,128.08,128.08,128.08,128.08,0,0
2013-09-20,2013-09-20,128.84,128.84,128.84,128.84,0,0
2013-09-19,2013-09-19,128.64,128.85,128.33,128.55,832,106881.2422
2013-09-18,2013-09-18,128.75,128.75,128.66,128.73,292,37574.5703
2013-09-17,2013-09-17,127.44,128.34,127.44,128.34,690,88406.1016
2013-09-16,2013-09-16,129.52,129.52,128.42,128.42,51,6605.52
2013-09-13,2013-09-13,128.6,128.6,128.6,128.6,0,0
2013-09-12,2013-09-12,128.739,129.01,128.36,128.36,315,40617.8281
2013-09-11,2013-09-11,128.22,128.22,128.22,128.22,0,0
2013-09-10,2013-09-10,129.41,129.41,129.27,129.27,200,25882
2013-09-09,2013-09-09,128.18,128.18,128.02,128.02,130,16663.4004
2013-09-06,2013-09-06,128.35,128.35,128.35,128.35,0,0
2013-09-05,2013-09-05,128.49,128.49,128.49,128.49,0,0
2013-09-04,2013-09-04,126.95,126.95,126.95,126.95,0,0
2013-09-03,2013-09-03,127.12,127.12,126.68,126.68,240,30508.8008
2013-09-02,2013-09-02,126.64,126.91,126.64,126.91,20,2532.8
2013-08-30,2013-08-30,125.76,125.76,125.24,125.24,300,37728
2013-08-29,2013-08-29,124.66,126.3,124.66,126.3,6007,748838.9375
2013-08-28,2013-08-28,123.2,123.95,123.2,123.95,42,5174.3999
2013-08-27,2013-08-27,124.45,124.45,124.15,124.15,7,871.15
2013-08-26,2013-08-26,125.5,126.33,125.5,126.33,600,75300.0
2013-08-23,2013-08-23,124.85,125.49,124.85,125.14,5369,673520.3125
2013-08-22,2013-08-22,124.62,124.62,124.62,124.62,0,0
2013-08-21,2013-08-21,124.05,124.05,124.05,124.05,0,0
2013-08-20,2013-08-20,123.17,123.75,123.17,123.75,728,90022.7109
2013-08-19,2013-08-19,124.06,124.78,124.06,124.78,30,3721.8
2013-08-16,2013-08-16,124.11,124.55,123.91,124.55,644,79928.1094
2013-08-15,2013-08-15,125.389,125.389,125.28,125.28,55,6896.3999
2013-08-14,2013-08-14,127.439,127.45,127.13,127.13,25,3186.1399
2013-08-13,2013-08-13,126.84,126.84,126.84,126.84,0,0
2013-08-12,2013-08-12,126.349998,126.349998,126.349998,126.349998,0,0
2013-08-09,2013-08-09,125.85,125.85,125.52,125.52,1405,176627
2013-08-08,2013-08-08,125.8,125.8,125.56,125.58,2050.0,257830.0
2013-08-07,2013-08-07,124.95,125.12,124.95,125.12,20,2499
2013-08-06,2013-08-06,127.16,127.16,126.01,126.01,750,95331.8984
2013-08-05,2013-08-05,127.15,127.15,127.15,127.15,0,0
2013-08-02,2013-08-02,126.51,126.52,126.44,126.44,1973,249605.9531
2013-08-01,2013-08-01,125.81,126.55,125.81,126.55,3860.0,485662.5938
2013-07-31,2013-07-31,125.38,125.38,125.38,125.38,0,0
2013-07-30,2013-07-30,124.52,125.35,124.52,125.35,65,8093.7998
2013-07-29,2013-07-29,123.97,124.24,123.97,124.24,500,61985
2013-07-26,2013-07-26,123.4,123.69,123.4,123.69,65,8021
2013-07-25,2013-07-25,124.31,124.31,123.47,123.47,49,6091.1899
2013-07-24,2013-07-24,123.91,123.91,123.91,123.91,0,0
2013-07-23,2013-07-23,123.58,123.58,123.58,123.58,0,0
2013-07-22,2013-07-22,124.1,124.33,124.1,124.33,605,75084.4531
2013-07-19,2013-07-19,124.94,124.94,124.46,124.46,1800.0,224892
2013-07-18,2013-07-18,126.18,126.8,126.18,126.8,354,44671.3203
2013-07-17,2013-07-17,126.2,126.2,126.2,126.2,0,0
2013-07-16,2013-07-16,125.57,125.57,125.57,125.57,0,0
2013-07-15,2013-07-15,126.74,126.74,126.74,126.74,64,8099.2002
2013-07-12,2013-07-12,126.17,126.17,125.8,125.8,400,50468
2013-07-11,2013-07-11,125.42,125.42,125.42,125.42,80,10033.5996
2013-07-10,2013-07-10,124.91,125.08,124.91,125.08,7,874.37
2013-07-09,2013-07-09,125.43,125.43,125.43,125.43,0,0
2013-07-08,2013-07-08,124.53,124.6,123.62,123.62,4605,573369
2013-07-05,2013-07-05,123.47,123.52,123.15,123.15,99,12223.9805
2013-07-04,2013-07-04,123.41,123.41,123.41,123.41,0,0
2013-07-03,2013-07-03,120.69,121.28,120.69,121.17,200,24238.3008
2013-07-02,2013-07-02,120.61,121.27,120.61,121.15,1012,122681.3203
2013-07-01,2013-07-01,120.62,121.09,120.12,121.09,13014,1566830.0
2013-06-28,2013-06-28,119.29,120.36,119.29,120.36,55,6560.9502
2013-06-27,2013-06-27,119.27,120.2,119.27,120.2,50,5963.5
2013-06-26,2013-06-26,118.33,119.26,118.33,119.26,80,9466.4004
2013-06-25,2013-06-25,117.65,117.65,117.55,117.55,200,23530.0
2013-06-24,2013-06-24,116,116,116,116,0,0
2013-06-21,2013-06-21,117.999,117.999,116.9,116.9,100,11799.9004
2013-06-20,2013-06-20,119.56,119.68,118.51,118.51,9160.0,1088556.25
2013-06-19,2013-06-19,119.98,119.98,119.98,119.98,0,0
2013-06-18,2013-06-18,119.45,120.09,119.45,120.09,3800.0,454010.0
2013-06-17,2013-06-17,120.21,120.21,120.21,120.21,0,0
2013-06-14,2013-06-14,118.7,118.7,118.7,118.7,0,0
2013-06-13,2013-06-13,118.05,118.05,118.05,118.05,0,0
2013-06-12,2013-06-12,119.04,119.04,119.04,119.04,0,0
2013-06-11,2013-06-11,119.82,120.7,119.82,120.7,6000.0,718920.0
2013-06-10,2013-06-10,121.64,121.64,121.64,121.64,0,0
2013-06-07,2013-06-07,121.16,121.16,121.16,121.16,0,0
2013-06-06,2013-06-06,119.9,119.9,119.35,119.35,17468,2094413.25
2013-06-05,2013-06-05,121.8,121.8,120.98,120.98,200,24360.0
2013-06-04,2013-06-04,122.67,123.7,122.67,123.07,360,44326
2013-06-03,2013-06-03,122.98,123.12,121.18,121.18,1319,162339.4219
2013-05-31,2013-05-31,125,125,125,125,0,0
2013-05-30,2013-05-30,124.13,124.13,124.13,124.13,0,0
2013-05-29,2013-05-29,123.96,123.96,123.81,123.81,50,6198
2013-05-28,2013-05-28,126.09,126.09,126.09,126.09,0,0
2013-05-27,2013-05-27,124.57,124.57,124.57,124.57,0,0
2013-05-24,2013-05-24,123.7,123.7,123.61,123.61,27,3339.8999
2013-05-23,2013-05-23,123.58,124.42,123.42,124.42,305,37651.8203
2013-05-22,2013-05-22,125.7,126.58,125.7,126.58,50,6285
2013-05-21,2013-05-21,125.75,125.75,125.75,125.75,0,0
2013-05-20,2013-05-20,126.34,126.34,126.34,126.34,0,0
2013-05-17,2013-05-17,125.26,125.99,125.26,125.99,147,18479.2207
2013-05-16,2013-05-16,125.15,125.42,125.15,125.42,50,6257.5
2013-05-15,2013-05-15,125.24,125.24,125.24,125.24,0,0
2013-05-14,2013-05-14,123.35,124.14,123.35,124.14,90,11101.5
2013-05-13,2013-05-13,122.68,123.2,122.68,123.2,100,12268
2013-05-10,2013-05-10,122.46,123.07,122.46,123.07,80,9796.7998
2013-05-09,2013-05-09,121.33,121.33,121.33,121.33,0,0
2013-05-08,2013-05-08,120.73,120.73,120.6,120.6,1026,123868.9766
2013-05-07,2013-05-07,121.06,121.06,120.93,120.93,170,20580.1992
2013-05-06,2013-05-06,120.89,120.89,120.89,120.89,0,0
2013-05-03,2013-05-03,120.37,120.46,120.37,120.46,200,24074
2013-05-02,2013-05-02,116.93,119.35,116.93,119.35,776,90758.9766
2013-04-30,2013-04-30,116.96,116.96,116.96,116.96,0,0
2013-04-29,2013-04-29,117.25,117.25,117.24,117.24,1380.0,161805
2013-04-26,2013-04-26,117.08,117.08,116.63,116.63,1578,184600.875
2013-04-25,2013-04-25,117.64,117.65,117.64,117.65,230,27057.1992
2013-04-24,2013-04-24,116.66,116.66,116.66,116.66,0,0
2013-04-23,2013-04-23,114.82,117,114.82,117,121,13893.2197
2013-04-22,2013-04-22,114.71,114.71,114.71,114.71,0,0
2013-04-19,2013-04-19,114,114,114,114,0,0
2013-04-18,2013-04-18,114.37,114.709,113.07,113.07,564,64507.7305
2013-04-17,2013-04-17,114.72,114.72,114.2,114.2,5560.0,634962.375
2013-04-16,2013-04-16,115.01,115.18,115.01,115.18,227,26107.2695
2013-04-15,2013-04-15,116.35,116.35,116.35,116.35,0,0
2013-04-12,2013-04-12,116.76,116.76,116.32,116.32,195,22768.1992
2013-04-11,2013-04-11,116.94,117.2,116.53,116.82,1810.0,211589.2031
2013-04-10,2013-04-10,115.13,116.87,115.13,116.87,4424,512356.9063
2013-04-09,2013-04-09,115,115,114.02,114.02,29,3332.48
2013-04-08,2013-04-08,113.93,113.93,113.93,113.93,0,0
2013-04-05,2013-04-05,113.47,113.47,113.47,113.47,0,0
2013-04-04,2013-04-04,116.21,116.21,116.21,116.21,0,0
2013-04-03,2013-04-03,117.18,117.18,117.18,117.18,0,0
2013-04-02,2013-04-02,116.71,117.97,116.71,117.97,4525,528450.375
2013-03-28,2013-03-28,117.41,117.41,117.41,117.41,0,0
2013-03-27,2013-03-27,117.54,117.54,117.46,117.46,80,9403.2002
2013-03-26,2013-03-26,116.67,116.67,116.67,116.67,0,0
2013-03-25,2013-03-25,116.12,116.12,116.12,116.12,0,0
2013-03-22,2013-03-22,115.29,115.29,115.29,115.29,0,0
2013-03-21,2013-03-21,115.41,115.41,115.41,115.41,0,0
2013-03-20,2013-03-20,115.77,115.77,115.77,115.77,0,0
2013-03-19,2013-03-19,115.47,115.47,115.47,115.47,0,0
2013-03-18,2013-03-18,114.38,115.47,114.37,115.47,13000.0,1489548
2013-03-15,2013-03-15,115.4,115.4,114.65,114.97,122,14066.1904
2013-03-14,2013-03-14,115.86,115.86,115.86,115.86,0,0
2013-03-13,2013-03-13,115.21,115.85,115.21,115.85,435,50116.3516
2013-03-12,2013-03-12,114.93,114.93,114.93,114.93,0,0
2013-03-11,2013-03-11,115.34,115.34,115.34,115.34,0,0
2013-03-08,2013-03-08,114.56,115.58,114.56,115.58,214,24515.8398
2013-03-07,2013-03-07,114.95,114.95,114.46,114.46,280,32053.6992
2013-03-06,2013-03-06,115.26,115.26,115.12,115.12,220,25357.1992
2013-03-05,2013-03-05,114.28,115.03,114.28,115.03,1083,123765.2422
2013-03-04,2013-03-04,113.14,113.14,113.14,113.14,0,0
2013-03-01,2013-03-01,112.34,112.99,112.34,112.99,442,49654.2813
2013-02-28,2013-02-28,112.61,112.61,112.61,112.61,0,0
2013-02-27,2013-02-27,111.94,111.94,111.94,111.94,0,0
2013-02-26,2013-02-26,110.55,110.55,110.55,110.55,0,0
2013-02-25,2013-02-25,110.92,111.35,110.92,111.35,2,221.84
2013-02-22,2013-02-22,110.73,110.73,110.73,110.73,0,0
2013-02-21,2013-02-21,110.7,110.7,110.02,110.02,380,42066
2013-02-20,2013-02-20,110.62,111.2,110.46,110.93,8344,922295.875
2013-02-19,2013-02-19,110.86,110.93,110.86,110.93,15,1662.9
2013-02-18,2013-02-18,110.86,110.93,110.84,110.91,1641,181967.1406
2013-02-15,2013-02-15,111.04,111.04,111.04,111.04,0,0
2013-02-14,2013-02-14,110.78,111.18,110.78,111.18,233,25824.5195
2013-02-13,2013-02-13,110.07,110.4,110.07,110.33,146,16071.21
2013-02-12,2013-02-12,110.76,110.76,110.06,110.06,35,3876.6001
2013-02-11,2013-02-11,110.63,110.63,110.63,110.63,0,0
2013-02-08,2013-02-08,111.07,111.07,111.07,111.07,0,0
2013-02-07,2013-02-07,108.08,108.65,108.08,108.65,40,4323.2002
2013-02-06,2013-02-06,108.9,108.9,108.58,108.83,1600.0,174160.0
2013-02-05,2013-02-05,107.77,108.07,107.61,108.07,391,42127.5508
2013-02-04,2013-02-04,108.64,108.64,107.82,107.82,105,11386.2002
2013-02-01,2013-02-01,107.17,107.46,107.17,107.46,1017,109065.6875
2013-01-31,2013-01-31,107.84,107.84,107.47,107.47,340,36660.1992
2013-01-30,2013-01-30,108.74,108.74,108.22,108.4,1120.0,121268.7969
2013-01-29,2013-01-29,108.88,108.88,108.88,108.88,0,0
2013-01-28,2013-01-28,108.73,109.13,108.68,109.13,215,23371.9492
2013-01-25,2013-01-25,108.73,108.83,108.58,108.58,7000.0,760975
2013-01-24,2013-01-24,109.46,109.77,109.15,109.77,902,98739.75
2013-01-23,2013-01-23,110.46,110.94,110.46,110.94,45,4970.7002
2013-01-22,2013-01-22,110.37,110.37,109.69,109.69,65,7174.0498
2013-01-21,2013-01-21,110.21,110.4,110.15,110.4,360,39659.3984
2013-01-18,2013-01-18,109.86,109.86,109.86,109.86,0,0
2013-01-17,2013-01-17,110.03,110.03,110.03,110.03,0,0
2013-01-16,2013-01-16,109.85,109.85,109.85,109.85,0,0
2013-01-15,2013-01-15,108.97,108.97,108.97,108.97,0,0
2013-01-14,2013-01-14,109.28,109.28,109.28,109.28,0,0
2013-01-11,2013-01-11,109.72,109.72,109.72,109.72,0,0
2013-01-10,2013-01-10,110.3,110.3,110.3,110.3,0,0
2013-01-09,2013-01-09,111.22,111.8,111.22,111.8,45,5004.8999
2013-01-08,2013-01-08,110.7,110.95,110.7,110.7,818,90645.3516
2013-01-07,2013-01-07,111.41,111.41,111.15,111.15,130,14483.2998
2013-01-04,2013-01-04,112.5,112.5,111.66,111.66,85,9562.5
2013-01-03,2013-01-03,111.92,112.14,111.92,112.14,42,4700.6401
2013-01-02,2013-01-02,107.98,110.33,107.98,110.33,140,15302.5996
2012-12-28,2012-12-28,105.97,105.97,105.97,105.97,0,0
2012-12-27,2012-12-27,106.17,106.17,105.83,105.83,12000.0,1274040.0
2012-12-21,2012-12-21,107.6,107.6,107.6,107.6,0,0
2012-12-20,2012-12-20,108.6,108.6,108.49,108.49,10,1086
2012-12-19,2012-12-19,109.33,109.33,109.33,109.33,0,0
2012-12-18,2012-12-18,108.89,108.89,108.89,108.89,0,0
2012-12-17,2012-12-17,106.39,107.48,106.29,107.48,20185,2147363.75
2012-12-14,2012-12-14,107.13,107.13,107.13,107.13,0,0
2012-12-13,2012-12-13,109.09,109.09,109.09,109.09,0,0
2012-12-12,2012-12-12,109.93,109.93,109.93,109.93,0,0
2012-12-11,2012-12-11,109.611,110.76,109.611,110.76,45,4932.5
2012-12-10,2012-12-10,109.79,109.79,109.79,109.79,0,0
2012-12-07,2012-12-07,109.01,109.01,109.01,109.01,0,0
2012-12-06,2012-12-06,108.59,109.52,108.59,109.52,5400.0,586986
2012-12-05,2012-12-05,108.39,108.39,108.16,108.16,13800.0,1495402
2012-12-04,2012-12-04,108.73,108.73,108.73,108.73,0,0
2012-12-03,2012-12-03,109.86,109.86,109.86,109.86,0,0
2012-11-30,2012-11-30,110.56,110.56,109.74,109.74,244,26881.3008
2012-11-29,2012-11-29,110.25,110.39,110.25,110.39,400,44100.0
2012-11-28,2012-11-28,109.28,109.28,109.28,109.28,0,0
2012-11-27,2012-11-27,109.5,109.6,109.5,109.6,910,99645
2012-11-26,2012-11-26,108.6,108.6,108.48,108.48,154,16724.4004
2012-11-23,2012-11-23,108.63,108.63,108.63,108.63,0,0
2012-11-22,2012-11-22,108.1,108.1,107.88,107.88,25000.0,2701290.0
2012-11-21,2012-11-21,108.16,108.16,108.16,108.16,0,0
2012-11-20,2012-11-20,108.24,108.24,108.24,108.24,0,0
2012-11-19,2012-11-19,106.57,107.53,106.57,107.53,185,19715.4492
2012-11-16,2012-11-16,105.18,105.18,105.18,105.18,0,0
2012-11-15,2012-11-15,105.47,105.47,105.47,105.47,0,0
2012-11-14,2012-11-14,108.2,108.2,107.22,107.22,50,5410.0
2012-11-13,2012-11-13,108.4,108.4,108.4,108.4,0,0
2012-11-12,2012-11-12,108.31,108.31,108.31,108.31,0,0
2012-11-09,2012-11-09,108.08,109.01,107.96,109.01,25000.0,2700830.0
2012-11-08,2012-11-08,109.69,109.69,108.92,108.92,1800.0,197442
2012-11-07,2012-11-07,109.21,109.21,109.21,109.21,0,0
2012-11-06,2012-11-06,111.89,111.89,111.39,111.39,135,15105.1504
2012-11-05,2012-11-05,110.42,111.11,110.42,111.11,76,8391.9199
2012-11-02,2012-11-02,111.48,111.48,111.48,111.48,0,0
2012-11-01,2012-11-01,110.71,110.71,110.71,110.71,0,0
2012-10-31,2012-10-31,108.6,108.6,108.6,108.6,0,0
2012-10-30,2012-10-30,109.51,109.51,109.51,109.51,0,0
2012-10-29,2012-10-29,109.71,109.71,109.62,109.62,90,9873.9004
2012-10-26,2012-10-26,109.38,109.38,109.38,109.38,0,0
2012-10-25,2012-10-25,109.27,109.27,109.27,109.27,0,0
2012-10-24,2012-10-24,109.5,109.5,109.5,109.5,0,0
2012-10-23,2012-10-23,109.77,109.77,109.77,109.77,0,0
2012-10-22,2012-10-22,109.47,109.5,109.47,109.5,230,25178.0996
2012-10-19,2012-10-19,110.65,110.65,110.65,110.65,100,11065
2012-10-18,2012-10-18,112.74,112.79,112.74,112.79,1800.0,202932
2012-10-17,2012-10-17,112.92,112.92,112.92,112.92,0,0
2012-10-16,2012-10-16,113.26,113.26,113.26,113.26,0,0
2012-10-15,2012-10-15,112.44,112.44,112.44,112.44,0,0
2012-10-12,2012-10-12,111.92,111.92,111.92,111.92,0,0
2012-10-11,2012-10-11,112.82,112.82,112.82,112.82,0,0
2012-10-10,2012-10-10,113.57,113.57,113.26,113.26,14400.0,1635408
2012-10-09,2012-10-09,113.52,113.52,113.52,113.52,0,0
2012-10-08,2012-10-08,115.19,115.22,114.41,114.41,20,2304.1001
2012-10-05,2012-10-05,115.7,115.7,115.7,115.7,0,0
2012-10-04,2012-10-04,115.68,115.68,115.68,115.68,0,0
2012-10-03,2012-10-03,116.33,116.33,116.33,116.33,0,0
2012-10-02,2012-10-02,115.97,115.97,115.1,115.1,9300.0,1078521
2012-10-01,2012-10-01,116.06,116.32,116.06,116.32,10000.0,1160600.0
2012-09-28,2012-09-28,115.92,116.11,115.92,116.11,970,112442.3984
2012-09-27,2012-09-27,115.97,115.97,115.97,115.97,0,0
2012-09-26,2012-09-26,115.08,115.08,115.08,115.08,0,0
2012-09-25,2012-09-25,117.49,117.49,117.49,117.49,0,0
2012-09-24,2012-09-24,117.25,117.25,117.25,117.25,0,0
2012-09-21,2012-09-21,117.76,117.8,117.76,117.8,141,16604.1602
2012-09-20,2012-09-20,117.46,117.54,117.46,117.54,83,9749.1797
2012-09-19,2012-09-19,116.73,116.73,116.73,116.73,0,0
2012-09-18,2012-09-18,116.58,116.58,116.58,116.58,0,0
2012-09-17,2012-09-17,115.98,115.98,115.78,115.78,170,19716.5996
2012-09-14,2012-09-14,115.93,115.93,115.93,115.93,0,0
2012-09-13,2012-09-13,115.15,115.6,115.15,115.6,51,5872.6499
2012-09-12,2012-09-12,115.36,115.39,115.11,115.11,420,48456.3008
2012-09-11,2012-09-11,115.87,115.87,115.87,115.87,0,0
2012-09-10,2012-09-10,117.12,117.12,117.01,117.01,20,2342.3999
2012-09-07,2012-09-07,117.66,117.66,117.66,117.66,0,0
2012-09-06,2012-09-06,117.5,118.92,117.5,118.92,22,2585
2012-09-05,2012-09-05,117.28,117.28,117.28,117.28,0,0
2012-09-04,2012-09-04,116.65,116.65,116.65,116.65,0,0
2012-09-03,2012-09-03,117.54,117.54,117.54,117.54,0,0
2012-08-31,2012-08-31,117.52,117.52,117.52,117.52,36,4230.7202
2012-08-30,2012-08-30,117.52,117.52,117.52,117.52,0,0
2012-08-29,2012-08-29,117.97,117.99,117.97,117.99,85,10027.4502
2012-08-28,2012-08-28,118.51,118.51,117.99,117.99,1100.0,130323
2012-08-27,2012-08-27,118.82,118.82,118.82,118.82,0,0
2012-08-24,2012-08-24,118.07,118.07,117.92,117.92,15,1771.05
2012-08-23,2012-08-23,117.63,117.63,117.63,117.63,0,0
2012-08-22,2012-08-22,118.29,118.29,118.29,118.29,0,0
2012-08-21,2012-08-21,119.67,119.67,118.87,118.87,1,119.67
2012-08-20,2012-08-20,119.77,119.77,119.77,119.77,0,0
2012-08-17,2012-08-17,120.08,120.08,120.08,120.08,0,0
2012-08-16,2012-08-16,118.5,118.88,118.5,118.88,178,21093
2012-08-15,2012-08-15,118.55,118.55,118.55,118.55,0,0
2012-08-14,2012-08-14,118.52,118.52,118.52,118.52,0,0
2012-08-13,2012-08-13,117.48,117.48,117.08,117.08,260,30544.8008
2012-08-10,2012-08-10,117.56,117.56,117.56,117.56,0,0
2012-08-09,2012-08-09,117.82,117.82,117.82,117.82,0,0
2012-08-08,2012-08-08,116.98,116.98,116.98,116.98,0,0
2012-08-07,2012-08-07,116.39,116.39,116.39,116.39,0,0
2012-08-06,2012-08-06,115.6,115.6,115.6,115.6,0,0
2012-08-03,2012-08-03,115.42,115.42,115.42,115.42,0,0
2012-08-02,2012-08-02,114.32,114.89,114.32,114.89,1000.0,114320.0
2012-08-01,2012-08-01,114.62,114.62,114.38,114.38,70,8023.3999
2012-07-31,2012-07-31,114.72,114.72,114.72,114.72,0,0
2012-07-30,2012-07-30,114.79,114.79,114.79,114.79,0,0
2012-07-27,2012-07-27,112.72,112.72,112.72,112.72,0,0
2012-07-26,2012-07-26,111.52,111.52,111.52,111.52,0,0
2012-07-25,2012-07-25,111.39,111.73,111.39,111.73,70,7806.2998
2012-07-24,2012-07-24,113.75,113.75,113.75,113.75,0,0
2012-07-23,2012-07-23,112.79,112.79,112.79,112.79,0,0
2012-07-20,2012-07-20,115.21,115.21,115.21,115.21,0,0
2012-07-19,2012-07-19,115.19,115.19,115.19,115.19,0,0
2012-07-18,2012-07-18,113.73,113.73,113.73,113.73,0,0
2012-07-17,2012-07-17,111.94,111.94,111.94,111.94,0,0
2012-07-16,2012-07-16,112.05,112.05,112.05,112.05,0,0
2012-07-13,2012-07-13,111.87,111.87,111.87,111.87,0,0
2012-07-12,2012-07-12,110.48,110.57,110.48,110.53,115,12711.5
2012-07-11,2012-07-11,111.77,111.77,111.77,111.77,0,0
2012-07-10,2012-07-10,112.85,112.85,112.85,112.85,0,0
2012-07-09,2012-07-09,112.6,112.6,112.6,112.6,0,0
2012-07-06,2012-07-06,112.56,112.56,112.56,112.56,0,0
2012-07-05,2012-07-05,113.11,114.03,113.11,114.03,3,339.33
2012-07-04,2012-07-04,111.69,112.42,111.69,112.42,179,20057.3105
2012-07-03,2012-07-03,111.43,111.43,111.43,111.43,0,0
2012-07-02,2012-07-02,110.64,110.64,110.64,110.64,0,0
2012-06-29,2012-06-29,108.5,109.19,108.5,109.19,3509,380726.5
2012-06-28,2012-06-28,108.07,108.07,108.07,108.07,0,0
2012-06-27,2012-06-27,108.96,109.77,108.95,109.77,12000.0,1307500.0
2012-06-26,2012-06-26,108.33,108.33,108.33,108.33,0,0
2012-06-25,2012-06-25,107.74,107.74,107.74,107.74,0,0
2012-06-22,2012-06-22,108.95,108.95,108.95,108.95,0,0
2012-06-21,2012-06-21,109.55,109.55,109.55,109.55,0,0
2012-06-20,2012-06-20,109.96,109.96,109.78,109.78,230,25290.8008
2012-06-19,2012-06-19,109.8,109.8,109.8,109.8,0,0
2012-06-18,2012-06-18,108.34,109.23,108.34,109.23,140,15167.5996
2012-06-15,2012-06-15,107.79,107.79,107.79,107.79,0,0
2012-06-14,2012-06-14,107.29,107.29,107.29,107.29,0,0
2012-06-13,2012-06-13,107.9,107.9,107.9,107.9,0,0
2012-06-12,2012-06-12,108.22,108.22,108.22,108.22,0,0
2012-06-11,2012-06-11,108.71,108.71,108.71,108.71,0,0
2012-06-08,2012-06-08,108.41,108.41,108.41,108.41,0,0
2012-06-07,2012-06-07,108.03,108.05,108.03,108.05,150,16204.5
2012-06-06,2012-06-06,106.72,107.78,106.72,107.78,40,4268.7998
2012-06-05,2012-06-05,105.57,105.86,105.54,105.86,2140.0,225915.5938
2012-06-04,2012-06-04,104.8,104.8,104.47,104.47,505,52797.8984
2012-06-01,2012-06-01,106.38,106.38,106.38,106.38,0,0
2012-05-31,2012-05-31,108.4,108.4,108.4,108.4,0,0
2012-05-30,2012-05-30,108.61,108.61,108.61,108.61,0,0
2012-05-29,2012-05-29,108.07,108.6,108.07,108.6,11,1188.77
2012-05-28,2012-05-28,107.73,107.73,107.73,107.73,0,0
2012-05-25,2012-05-25,107.74,107.74,107.25,107.25,25,2693.5
2012-05-24,2012-05-24,107.15,107.15,107.15,107.15,0,0
2012-05-23,2012-05-23,106.01,106.03,106.01,106.03,50,5300.5
2012-05-22,2012-05-22,106.01,106.8,106.01,106.8,140,14841.4004
2012-05-21,2012-05-21,104.65,104.65,104.65,104.65,0,0
2012-05-18,2012-05-18,104.31,104.31,104.31,104.31,0,0
2012-05-17,2012-05-17,107.14,107.14,106.22,106.22,3,321.42
2012-05-16,2012-05-16,107.77,107.77,107.71,107.71,2,215.54
2012-05-15,2012-05-15,108.31,108.31,108.31,108.31,0,0
2012-05-14,2012-05-14,107.55,107.73,107.55,107.73,46,4947.2998
2012-05-11,2012-05-11,107.54,108.5,107.54,108.5,1055,113491.5469
2012-05-10,2012-05-10,107.3,107.3,107.3,107.3,0,0
2012-05-09,2012-05-09,107.55,107.55,107.55,107.55,0,0
2012-05-08,2012-05-08,106.11,106.11,106.11,106.11,0,0
2012-05-07,2012-05-07,107.41,107.41,107.41,107.41,0,0
2012-05-04,2012-05-04,107.48,107.48,107.48,107.48,0,0
2012-05-03,2012-05-03,110.669,110.669,110.06,110.06,20,2213.3799
2012-05-02,2012-05-02,109.74,110.05,109.74,110.05,270,29629.8008
2012-04-30,2012-04-30,109.35,109.35,109.35,109.35,0,0
2012-04-27,2012-04-27,109.63,109.9,109.63,109.9,30,3288.8999
2012-04-26,2012-04-26,108.95,108.95,108.83,108.83,50,5447.5
2012-04-25,2012-04-25,108.64,108.64,108.64,108.64,0,0
2012-04-24,2012-04-24,107.42,107.42,106.53,106.53,3,322.26
2012-04-20,2012-04-20,108.69,108.69,108.69,108.69,0,0
2012-04-19,2012-04-19,110.29,110.29,109.86,109.86,1040.0,114696.3984
2012-04-18,2012-04-18,109.81,109.81,109.81,109.81,0,0
2012-04-17,2012-04-17,109.64,109.64,109.64,109.64,0,0
2012-04-16,2012-04-16,109.5,109.5,108.58,108.58,4000.0,437990.0
2012-04-13,2012-04-13,110.28,110.28,109.92,109.92,150,16542
2012-04-12,2012-04-12,110.43,110.43,110.43,110.43,0,0
2012-04-11,2012-04-11,109.84,110.25,109.84,110.25,4,439.36
2012-04-10,2012-04-10,111.27,111.28,111.27,111.28,13000.0,1446540.0
2012-04-05,2012-04-05,111.04,112.1,111.04,112.1,24,2663.3601
2012-04-04,2012-04-04,111.47,111.54,110.72,110.72,4000.0,445714
2012-04-03,2012-04-03,110.85,110.85,110.85,110.85,0,0
2012-04-02,2012-04-02,110.42,110.63,110.42,110.63,789,87121.3828
2012-03-30,2012-03-30,110.52,110.52,109.97,109.97,100,11052
2012-03-29,2012-03-29,110.07,110.07,110.07,110.07,0,0
2012-03-28,2012-03-28,110.9,111.02,110.74,110.74,5227,579701.5625
2012-03-27,2012-03-27,110.96,110.96,110.96,110.96,0,0
2012-03-26,2012-03-26,109.97,109.97,109.97,109.97,0,0
2012-03-23,2012-03-23,109.1,109.1,109.1,109.1,0,0
2012-03-22,2012-03-22,109.84,110.05,109.84,110.05,1150.0,126316
2012-03-21,2012-03-21,110.41,110.41,110.41,110.41,0,0
2012-03-20,2012-03-20,109.16,109.16,109.16,109.16,0,0
2012-03-19,2012-03-19,109.55,109.55,109.55,109.55,0,0
2012-03-16,2012-03-16,110.24,110.24,109.49,109.49,90,9913.0996
2012-03-15,2012-03-15,110.43,110.43,110.43,110.43,0,0
2012-03-14,2012-03-14,109.75,110.199997,109.75,110.199997,17,1865.75
2012-03-13,2012-03-13,107.599998,108.400002,107.599998,108.400002,5,538
2012-03-12,2012-03-12,106.68,106.68,106.68,106.68,0,0
2012-03-09,2012-03-09,107.220001,107.220001,107.220001,107.220001,0,0
2012-03-08,2012-03-08,105.330002,105.330002,105.330002,105.330002,0,0
2012-03-07,2012-03-07,104.949997,105.300003,104.949997,105.300003,275,28861.25
2012-03-06,2012-03-06,104.75,104.75,104.629997,104.629997,250,26187.5
2012-03-05,2012-03-05,105.93,105.93,104.760002,104.959999,5000.0,528150.0
2012-03-02,2012-03-02,106.5,106.5,106.5,106.5,0,0
2012-03-01,2012-03-01,104.980003,104.980003,104.980003,104.980003,0,0
2012-02-29,2012-02-29,103.849998,104.5,103.849998,104.400002,468,48663
2012-02-28,2012-02-28,103.61,103.61,103.61,103.61,0,0
2012-02-27,2012-02-27,103.290001,103.389999,103.290001,103.389999,250,25822.5
2012-02-24,2012-02-24,102.739998,102.739998,102.739998,102.739998,0,0
2012-02-23,2012-02-23,102.949997,103.550003,102.949997,103.550003,63,6485.8501
2012-02-22,2012-02-22,103.870003,103.959999,103.419998,103.419998,270,28058.4004
2012-02-21,2012-02-21,103.75,104,103.75,104,350,36320.0
2012-02-20,2012-02-20,104.309998,104.309998,103.879997,103.879997,271,28248.0098
2012-02-17,2012-02-17,104.029999,104.029999,104.029999,104.029999,0,0
2012-02-16,2012-02-16,104.18,104.18,104.18,104.18,0,0
2012-02-15,2012-02-15,105.379997,105.379997,105.379997,105.379997,0,0
2012-02-14,2012-02-14,103.559998,103.559998,103.559998,103.559998,0,0
2012-02-13,2012-02-13,102.849998,102.849998,102.849998,102.849998,0,0
2012-02-10,2012-02-10,102.559998,102.559998,102.559998,102.559998,0,0
2012-02-09,2012-02-09,102.010002,102.010002,102.010002,102.010002,0,0
2012-02-08,2012-02-08,101.260002,101.260002,101.260002,101.260002,0,0
2012-02-07,2012-02-07,101.559998,101.559998,101.559998,101.559998,0,0
2012-02-06,2012-02-06,102.150002,102.150002,102.129997,102.129997,50,5107.5
2012-02-03,2012-02-03,102.25,102.25,102.25,102.25,0,0
2012-02-02,2012-02-02,100.82,100.82,100.650002,100.699997,138,13893.6104
2012-02-01,2012-02-01,99.910004,100,99.910004,100,15,1498.65
2012-01-31,2012-01-31,99.730003,99.730003,99.690002,99.690002,3509,349952.5625
2012-01-30,2012-01-30,99.559998,99.559998,99.559998,99.559998,0,0
2012-01-27,2012-01-27,99.010002,99.010002,99.010002,99.010002,0,0
2012-01-26,2012-01-26,99.349998,99.349998,99.349998,99.349998,0,0
2012-01-25,2012-01-25,100.300003,100.300003,100.300003,100.300003,0,0
2012-01-24,2012-01-24,99.489998,99.489998,99.470001,99.470001,550,54719.5
2012-01-23,2012-01-23,99.800003,99.800003,99.25,99.25,610,60878
2012-01-20,2012-01-20,99.830002,99.830002,99.709999,99.709999,75,7487.25
2012-01-19,2012-01-19,100.470001,100.470001,100.470001,100.470001,0,0
2012-01-18,2012-01-18,99.150002,99.830002,99.150002,99.830002,50,4957.5
2012-01-17,2012-01-17,100.099998,100.099998,99.669998,100.010002,154,15392.1797
2012-01-16,2012-01-16,99.900002,99.900002,99.900002,99.900002,0,0
2012-01-13,2012-01-13,98.040001,99.110001,98.040001,99.110001,9481,938123.75
2012-01-12,2012-01-12,98.040001,98.18,98.040001,98.18,1000.0,98040.0
2012-01-11,2012-01-11,99.239998,99.239998,99.239998,99.239998,0,0
2012-01-10,2012-01-10,98.589996,98.610001,98.589996,98.610001,8233,811691.5
2012-01-09,2012-01-09,97.839996,97.839996,97.839996,97.839996,0,0
2012-01-06,2012-01-06,98.209999,98.209999,97.209999,98.209999,61,5929.8101
2012-01-05,2012-01-05,96.739998,96.739998,96.739998,96.739998,0,0
2012-01-04,2012-01-04,95.279999,95.279999,95.279999,95.279999,1,94.62
2012-01-03,2012-01-03,94.870003,94.870003,94.639999,94.639999,3000.0,284360.0
2012-01-02,2012-01-02,95.650002,95.650002,95.650002,95.650002,0,0
2011-12-30,2011-12-30,93.769997,93.769997,93.769997,93.769997,0,0
2011-12-29,2011-12-29,93.449997,93.449997,93.449997,93.449997,0,0
2011-12-28,2011-12-28,93.190002,93.190002,93.190002,93.190002,0,0
2011-12-27,2011-12-27,93.019997,93.019997,93.019997,93.019997,0,0
2011-12-23,2011-12-23,92.75,92.75,92.75,92.75,0,0
2011-12-22,2011-12-22,91.849998,91.900002,91.849998,91.900002,519,47690.1484
2011-12-21,2011-12-21,91.419998,91.419998,90.980003,90.980003,481,43973.0195
2011-12-20,2011-12-20,91.800003,92.160004,91.800003,92.160004,1000.0,91800.0
2011-12-19,2011-12-19,90.980003,90.980003,90.980003,90.980003,0,0
2011-12-16,2011-12-16,91.809998,91.809998,91.809998,91.809998,0,0
2011-12-15,2011-12-15,91.080002,91.080002,91.080002,91.080002,0,0
2011-12-14,2011-12-14,91.470001,91.470001,90.980003,90.980003,140,12805.7998
2011-12-13,2011-12-13,93.050003,93.050003,93.050003,93.050003,0,0
2011-12-12,2011-12-12,92.620003,92.620003,91.699997,91.900002,3550.0,326041
2011-12-09,2011-12-09,91.860001,91.860001,91.860001,91.860001,0,0
2011-12-08,2011-12-08,91.980003,91.980003,91.980003,91.980003,0,0
2011-12-07,2011-12-07,92.629997,92.629997,91.169998,91.830002,2700.0,249809
2011-12-06,2011-12-06,92.440002,92.440002,92,92,3500.0,323540.0
2011-12-05,2011-12-05,92.190002,92.190002,92.190002,92.190002,0,0
2011-12-02,2011-12-02,91.93,91.93,91.93,91.93,0,0
2011-12-01,2011-12-01,90.610001,90.610001,90.610001,90.610001,0,0
2011-11-30,2011-11-30,90.32,90.32,90.32,90.32,0,0
2011-11-29,2011-11-29,88.760002,88.760002,88.760002,88.760002,0,0
2011-11-28,2011-11-28,88.629997,88.629997,88.629997,88.629997,0,0
2011-11-25,2011-11-25,86.879997,86.879997,86.879997,86.879997,0,0
2011-11-24,2011-11-24,85.839996,85.839996,85.839996,85.839996,0,0
2011-11-23,2011-11-23,86.540001,86.540001,86.540001,86.540001,25,2165
2011-11-22,2011-11-22,86.389999,86.389999,86.389999,86.389999,0,0
2011-11-18,2011-11-18,88.849998,88.849998,88.849998,88.849998,0,0
2011-11-17,2011-11-17,90.239998,90.239998,90.239998,90.239998,3560.0,322328.5313
2011-11-16,2011-11-16,92.669998,92.669998,92.669998,92.669998,0,0
2011-11-15,2011-11-15,91.699997,91.699997,91.699997,91.699997,0,0
2011-11-14,2011-11-14,91.559998,91.559998,91.559998,91.559998,0,0
2011-11-11,2011-11-11,90.629997,90.629997,90.629997,90.629997,0,0
2011-11-10,2011-11-10,91.150002,91.150002,90.230003,90.230003,12,1093.8
2011-11-09,2011-11-09,91.389999,91.610001,91.389999,91.610001,9992,913168.875
2011-11-08,2011-11-08,91.040001,91.040001,91.040001,91.040001,0,0
2011-11-07,2011-11-07,90.160004,90.160004,90.160004,90.160004,0,0
2011-11-04,2011-11-04,90.410004,90.410004,90.410004,90.410004,0,0
2011-11-03,2011-11-03,90.279999,90.279999,90.279999,90.279999,0,0
2011-11-02,2011-11-02,89.139999,89.139999,89.139999,89.139999,0,0
2011-11-01,2011-11-01,89.029999,89.029999,89.029999,89.029999,0,0
2011-10-31,2011-10-31,90.330002,90.330002,90.230003,90.230003,615,55552.9492
2011-10-28,2011-10-28,89.629997,89.629997,89.629997,89.629997,0,0
2011-10-27,2011-10-27,89.550003,89.550003,89.550003,89.550003,6000.0,537980.0
2011-10-26,2011-10-26,88.43,88.43,88.43,88.43,0,0
2011-10-25,2011-10-25,89.870003,89.870003,89.870003,89.870003,0,0
2011-10-24,2011-10-24,90.599998,90.599998,90.599998,90.599998,0,0
2011-10-21,2011-10-21,89.339996,89.339996,89.339996,89.339996,10000.0,891700.0
2011-10-20,2011-10-20,88.760002,88.760002,88.760002,88.760002,0,0
2011-10-19,2011-10-19,90.410004,90.410004,90.129997,90.410004,17,1532.21
2011-10-18,2011-10-18,90.370003,90.370003,90.370003,90.370003,0,0
2011-10-17,2011-10-17,90.699997,90.699997,90.699997,90.699997,0,0
2011-10-14,2011-10-14,89.739998,89.739998,89.739998,89.739998,0,0
2011-10-13,2011-10-13,89.160004,89.160004,89.160004,89.160004,0,0
2011-10-12,2011-10-12,89.330002,89.330002,89.330002,89.330002,0,0
2011-10-11,2011-10-11,88.889999,88.919998,88.889999,88.889999,13000.0,1778300.0
2011-10-10,2011-10-10,88.029999,88.029999,88.029999,88.029999,0,0
2011-10-07,2011-10-07,86.489998,86.489998,86.489998,86.489998,0,0
2011-10-06,2011-10-06,87.010002,87.010002,87.010002,87.010002,0,0
2011-10-03,2011-10-03,85.470001,85.470001,24.129999,85.470001,0,0
2011-09-30,2011-09-30,85.370003,86.080002,85.370003,86.080002,6000.0,512520.0
2011-09-29,2011-09-29,86.25,86.25,86.25,86.25,0,0
2011-09-28,2011-09-28,88.300003,88.300003,88.300003,88.300003,110,9713
2011-09-27,2011-09-27,88.209999,88.300003,88.209999,88.300003,6000.0,705504.1875
2011-09-26,2011-09-26,86.290001,86.290001,86.290001,86.290001,0,0
2011-09-23,2011-09-23,86.139999,86.139999,86.139999,86.139999,12,1030.4399
2011-09-22,2011-09-22,87.610001,87.610001,86.639999,86.639999,180,15769.7998
2011-09-21,2011-09-21,88.989998,89.120003,88.989998,89.120003,10000.0,889900.0
2011-09-20,2011-09-20,90.139999,90.139999,90.139999,90.139999,0,0
2011-09-19,2011-09-19,88.730003,88.730003,88.730003,88.730003,0,0
2011-09-16,2011-09-16,87.610001,88.260002,87.610001,88.260002,2500.0,219025
2011-09-15,2011-09-15,87.029999,87.029999,86.82,86.82,10000.0,870300.0
2011-09-14,2011-09-14,86,86.470001,86,86,100,8600.0
2011-09-13,2011-09-13,85.120003,85.120003,85.120003,85.120003,0,0
2011-09-12,2011-09-12,83.589996,84.279999,83.589996,84.279999,120,10030.7998
2011-09-09,2011-09-09,84.620003,84.620003,84.620003,84.620003,0,0
2011-09-08,2011-09-08,83.940002,84.699997,83.940002,84.699997,190,15948.5996
2011-09-06,2011-09-06,80.839996,80.839996,80.839996,80.839996,0,0
2011-09-02,2011-09-02,82.480003,82.480003,81.410004,82.480003,60,4948.7998
2011-09-01,2011-09-01,83.419998,83.419998,83.419998,83.419998,0,0
2011-08-26,2011-08-26,77.889999,77.889999,77.010002,77.010002,5509,428180.9063
2011-08-25,2011-08-25,78.410004,78.410004,78.410004,78.410004,0,0
2011-08-23,2011-08-23,76.220001,76.480003,76.220001,76.220001,130,9908.5996
2011-08-22,2011-08-22,75.389999,75.389999,75.389999,75.389999,0,0
2011-08-17,2011-08-17,80.5,80.599998,80.199997,80.199997,3000.0,241320.0
2011-08-16,2011-08-16,80.279999,80.849998,80.279999,80.849998,12,963.36
2011-08-15,2011-08-15,79.970001,79.970001,79.970001,79.970001,0,0
2011-08-11,2011-08-11,79.480003,79.480003,79.480003,79.480003,0,0
2011-08-10,2011-08-10,79.43,79.43,79.43,79.43,250,19857
2011-08-09,2011-08-09,78.809998,78.809998,78.809998,78.809998,0,0
2011-08-08,2011-08-08,79.019997,79.019997,79.019997,79.019997,380,30027.5996
2011-08-04,2011-08-04,85.620003,85.620003,85.339996,85.339996,4739,404690.6563
2011-08-03,2011-08-03,85.43,85.43,84.889999,84.889999,751,64142.9297
2011-08-02,2011-08-02,86.910004,86.910004,86.910004,86.910004,0,0
2011-08-01,2011-08-01,88.050003,88.050003,87.18,87.18,440,38701
2011-07-29,2011-07-29,87.449997,87.480003,86.889999,87.480003,10240.0,889888
2011-07-28,2011-07-28,88.629997,88.629997,88.629997,88.629997,0,0
2011-07-27,2011-07-27,88.739998,88.739998,88.139999,88.139999,0,0
2011-07-26,2011-07-26,89.449997,89.449997,88.739998,88.739998,0,0
2011-07-25,2011-07-25,89.449997,89.449997,89.449997,89.449997,0,0
2011-07-22,2011-07-22,88.779999,88.779999,88.779999,88.779999,0,0
2011-07-21,2011-07-21,88.510002,88.510002,88.510002,88.510002,0,0
2011-07-18,2011-07-18,87.949997,87.949997,87.790001,87.830002,10157,891707.008
2011-07-15,2011-07-15,87.809998,87.809998,87.809998,87.809998,0,0
2011-07-14,2011-07-14,87.599998,87.599998,87.599998,87.599998,0,0
2011-07-13,2011-07-13,88.690002,88.690002,88.690002,88.690002,0,0
2011-07-12,2011-07-12,89.389999,89.389999,89.110001,89.110001,3509,313668.992
2011-07-11,2011-07-11,89.290001,89.290001,89.290001,89.290001,0,0
2011-07-08,2011-07-08,88.589996,88.589996,88.589996,88.589996,0,0
2011-07-07,2011-07-07,88.669998,88.68,88.620003,88.68,1005,89113
2011-07-06,2011-07-06,87.220001,87.610001,87.220001,87.610001,7421,647294.016
2011-07-05,2011-07-05,86.589996,86.589996,86.589996,86.589996,0,0
2011-07-04,2011-07-04,86.419998,86.419998,86.309998,86.309998,864,8.642E8
2011-07-01,2011-07-01,85.580002,85.580002,85.580002,85.580002,0,0
2011-06-30,2011-06-30,84.690002,84.690002,84.690002,84.690002,0,0
2011-06-29,2011-06-29,84.379997,84.419998,84.110001,84.110001,1096,1.09697E9
2011-06-28,2011-06-28,83.739998,83.739998,83.739998,83.739998,0,0
2011-06-27,2011-06-27,82.660004,83.139999,82.660004,83.139999,1117,1.11711E9
2011-06-24,2011-06-24,83.650002,83.650002,83.190002,83.190002,1669,1.6693E9
2011-06-23,2011-06-23,82.849998,82.849998,82.849998,82.849998,0,0
2011-06-22,2011-06-22,82.470001,82.470001,82.470001,82.470001,0,0
2011-06-21,2011-06-21,81.809998,82.480003,81.809998,82.480003,818,8.181E8
2011-06-20,2011-06-20,81.220001,81.220001,81.220001,81.220001,0,0
2011-06-16,2011-06-16,82.769997,82.769997,82.769997,82.769997,0,0
2011-06-15,2011-06-15,82.68,82.68,82.68,82.68,0,0
2011-06-14,2011-06-14,82.269997,82.269997,82.269997,82.269997,0,0
2011-06-13,2011-06-13,81.900002,81.900002,81.900002,81.900002,0,0
2011-06-10,2011-06-10,82.080002,82.080002,82.080002,82.080002,0,0
2011-06-09,2011-06-09,81.720001,82.269997,81.720001,82.269997,81,8.172E7
2011-06-08,2011-06-08,81.980003,81.980003,81.980003,81.980003,0,0
2011-06-06,2011-06-06,83.129997,83.129997,83.129997,83.129997,0,0
2011-06-01,2011-06-01,86.190002,86.190002,86.190002,86.190002,0,0
2011-05-31,2011-05-31,86.639999,86.639999,86.580002,86.580002,304,3.04019E8
2011-05-30,2011-05-30,86.510002,86.510002,86.510002,86.510002,0,0
2011-05-27,2011-05-27,86.610001,86.610001,86.610001,86.610001,0,0
2011-05-26,2011-05-26,86.870003,86.870003,86.870003,86.870003,0,0
2011-05-25,2011-05-25,86.739998,86.739998,86.629997,86.629997,99,9.9751E7
2011-05-24,2011-05-24,86.580002,86.580002,86.580002,86.580002,0,0
2011-05-23,2011-05-23,87.099998,87.099998,87.099998,87.099998,0,0
2011-05-20,2011-05-20,87.720001,87.720001,87.720001,87.720001,0,0
2011-05-19,2011-05-19,87.480003,87.480003,87.480003,87.480003,0,0
2011-05-18,2011-05-18,87.059998,87.059998,87.059998,87.059998,0,0
2011-05-17,2011-05-17,87.190002,87.190002,86.839996,86.839996,1,1482000.0
2011-05-13,2011-05-13,89.059998,89.059998,89.059998,89.059998,0,0
2011-05-12,2011-05-12,89.010002,89.010002,88.900002,88.900002,24,2.4922E7
2011-05-11,2011-05-11,89.029999,89.029999,89.029999,89.029999,0,0
2011-05-10,2011-05-10,88.330002,88.330002,88.330002,88.330002,0,0
2011-05-04,2011-05-04,84.410004,84.410004,84.410004,84.410004,0,0
2011-05-03,2011-05-03,85.209999,85.209999,85.209999,85.209999,0,0
2011-05-02,2011-05-02,85.5,85.5,85.5,85.5,0,0
2011-04-29,2011-04-29,85.75,85.75,85.75,85.75,0,0
2011-04-28,2011-04-28,85.900002,85.900002,85.900002,85.900002,0,0
2011-04-27,2011-04-27,86.309998,86.309998,86.309998,86.309998,0,0
2011-04-19,2011-04-19,84.57,84.57,84.57,84.57,0,0
2011-04-18,2011-04-18,84.510002,84.510002,84.209999,84.209999,1394,1.39498E9
2011-04-15,2011-04-15,84.559998,84.559998,84.559998,84.559998,0,0
2011-04-14,2011-04-14,84.080002,84.080002,84.080002,84.080002,0,0
2011-04-13,2011-04-13,84.510002,84.510002,84.510002,84.510002,0,0
2011-04-11,2011-04-11,84.879997,84.879997,84.879997,84.879997,0,0
2011-04-08,2011-04-08,85.419998,85.419998,85.419998,85.419998,0,0
2011-04-07,2011-04-07,85.889999,85.889999,85.889999,85.889999,0,0
2011-04-06,2011-04-06,86.620003,86.739998,85.82,85.82,1039,1.03958E9
2011-04-05,2011-04-05,86.889999,86.889999,86.889999,86.889999,0,0
2011-04-04,2011-04-04,86.910004,86.910004,86.910004,86.910004,0,0
2011-03-31,2011-03-31,86.860001,86.860001,86.860001,86.860001,0,0
2011-03-30,2011-03-30,87.480003,87.480003,87.480003,87.480003,0,0
2011-03-29,2011-03-29,87.080002,87.080002,87.080002,87.080002,0,0
2011-03-28,2011-03-28,86.849998,86.849998,86.849998,86.849998,0,0
2011-03-24,2011-03-24,85.389999,85.739998,85.389999,85.739998,899,8.99883E8
2011-03-23,2011-03-23,84.68,84.68,84.68,84.68,0,0
2011-03-22,2011-03-22,83.919998,84.18,83.910004,84.150002,3498,2147483647
2011-03-21,2011-03-21,83.82,84.360001,83.82,84.360001,351,3.51704E8
2011-03-17,2011-03-17,84.230003,84.480003,84.230003,84.480003,2065,2.06583E9
2011-03-15,2011-03-15,84.540001,85.269997,84.540001,85.269997,3073,2147483647
2011-03-11,2011-03-11,87.300003,87.300003,87.300003,87.300003,0,0
2011-03-10,2011-03-10,87.660004,87.660004,87.660004,87.660004,0,0
2011-03-09,2011-03-09,88.080002,88.080002,88.080002,88.080002,0,0
2011-03-08,2011-03-08,89.029999,89.029999,89.029999,89.029999,1000.0,0
2011-03-04,2011-03-04,89.43,89.43,89.43,89.43,0,0
2011-03-02,2011-03-02,88.699997,88.809998,88.699997,88.809998,13,1.3127E7
2011-03-01,2011-03-01,89.449997,89.449997,89.449997,89.449997,0,0
2011-02-28,2011-02-28,89.580002,90.160004,89.580002,90.07,585,5.85111E8
2011-02-22,2011-02-22,91.860001,91.860001,91.860001,91.860001,56,5.6493E7
2011-02-18,2011-02-18,92.839996,92.839996,92.839996,92.839996,0,0
2011-02-17,2011-02-17,93.099998,93.099998,93.099998,93.099998,0,0
2011-02-16,2011-02-16,93.18,93.599998,93.18,93.599998,242,2.2549E7
2011-02-15,2011-02-15,93.199997,93.199997,93.199997,93.199997,0,0
2011-02-11,2011-02-11,92.43,92.43,92.43,92.43,0,0
2011-02-10,2011-02-10,91.709999,91.709999,91.709999,91.709999,0,0
2011-02-09,2011-02-09,91.029999,91.029999,91.029999,91.029999,0,0
2011-02-08,2011-02-08,90.910004,90.910004,90.910004,90.910004,0,0
2011-02-04,2011-02-04,90.5,90.5,90.5,90.5,0,0
2011-02-03,2011-02-03,89.540001,89.739998,89.540001,89.540001,220,1.96988E7
2011-02-02,2011-02-02,88.57,89,88.57,89,5040.0,4.47813E8
2011-02-01,2011-02-01,88.139999,88.800003,88.139999,88.800003,160,1.41024E7
2011-01-31,2011-01-31,87.779999,87.779999,87.779999,87.779999,0,0
2011-01-28,2011-01-28,88.580002,88.580002,88.580002,88.580002,0,0
2011-01-27,2011-01-27,89.410004,89.410004,89.410004,89.410004,0,0
2011-01-26,2011-01-26,89.220001,89.260002,88.940002,88.940002,1115,9.92003E7
2011-01-25,2011-01-25,88.800003,88.800003,88.800003,88.800003,0,0
2011-01-24,2011-01-24,88.43,88.43,88.43,88.43,0,0
2011-01-21,2011-01-21,89.730003,89.730003,88.910004,88.910004,4500.0,4.0376E8
2011-01-19,2011-01-19,90.660004,90.660004,90.660004,90.660004,0,0
2011-01-18,2011-01-18,91.099998,91.370003,91.099998,91.370003,275,2.50525E7
2011-01-17,2011-01-17,91.029999,91.029999,90.93,90.93,11000.0,6.81906E8
2011-01-13,2011-01-13,92.699997,92.699997,92.699997,92.699997,134,1.24218E7
2011-01-12,2011-01-12,93.099998,93.099998,93.099998,93.099998,0,0
2011-01-11,2011-01-11,93.290001,93.290001,93.290001,93.290001,0,0
2011-01-10,2011-01-10,92.75,92.75,92.730003,92.730003,53,4915000.0
2011-01-04,2011-01-04,89.110001,89.110001,89.110001,89.110001,0,0
2011-01-03,2011-01-03,89.5,89.5,89.5,89.5,0,0
2010-12-30,2010-12-30,88.690002,88.690002,88.690002,88.690002,0,0
2010-12-29,2010-12-29,89.629997,89.629997,89.629997,89.629997,0,0
2010-12-28,2010-12-28,89.75,89.75,89.75,89.75,0,0
2010-12-27,2010-12-27,88.949997,88.949997,88.949997,88.949997,0,0
2010-12-23,2010-12-23,89.860001,89.860001,89.839996,89.839996,3509,3.15319E8
2010-12-22,2010-12-22,90.209999,90.209999,90.209999,90.209999,0,0
2010-12-17,2010-12-17,87.870003,87.870003,87.870003,87.870003,340,2.98758E7
2010-12-16,2010-12-16,88.050003,88.050003,88.050003,88.050003,20,1761000.0
2010-12-15,2010-12-15,87.900002,87.900002,87.900002,87.900002,0,0
2010-12-14,2010-12-14,87.540001,87.540001,87.540001,87.540001,0,0
2010-12-13,2010-12-13,87.68,87.68,87.68,87.68,0,0
2010-12-10,2010-12-10,88.129997,88.129997,88.129997,88.129997,0,0
2010-12-09,2010-12-09,88.07,88.07,88.07,88.07,0,0
2010-12-08,2010-12-08,87.529999,87.529999,87.529999,87.529999,0,0
2010-12-07,2010-12-07,87.279999,87.279999,87.279999,87.279999,0,0
2010-12-06,2010-12-06,86.980003,86.980003,86.980003,86.980003,0,0
2010-12-03,2010-12-03,86.190002,86.190002,86.190002,86.190002,0,0
2010-12-02,2010-12-02,86.989998,86.989998,86.989998,86.989998,0,0
2010-12-01,2010-12-01,86.120003,86.120003,86.120003,86.120003,1000.0,8.612E7
2010-11-30,2010-11-30,85.830002,85.830002,85.809998,85.830002,1000.0,0
2010-11-29,2010-11-29,85.93,85.93,85.629997,85.629997,3509,3.01528E8
2010-11-26,2010-11-26,86.080002,86.080002,86.080002,86.080002,0,0
2010-11-25,2010-11-25,85.620003,85.620003,85.440002,85.440002,340,2.91108E7
2010-11-23,2010-11-23,83.18,83.18,83.18,83.18,0,0
2010-11-22,2010-11-22,83,83,83,83,0,0
2010-11-19,2010-11-19,82.5,82.5,82.5,82.5,0,0
2010-11-18,2010-11-18,82.25,83.059998,82.25,83.059998,3509,2.88615E8
2010-11-17,2010-11-17,82.230003,82.230003,82.230003,82.230003,0,0
2010-11-16,2010-11-16,82.050003,82.139999,81.849998,82.050003,3509,2.87913E8
2010-11-15,2010-11-15,82.949997,82.949997,82.949997,82.949997,0,0
2010-11-12,2010-11-12,82.709999,82.709999,82.709999,82.709999,0,0
2010-11-11,2010-11-11,83.040001,83.449997,83.040001,83.449997,64,5314560.0
2010-11-10,2010-11-10,83.669998,83.669998,83.669998,83.669998,0,0
2010-11-09,2010-11-09,83.25,83.25,83.25,83.25,0,0
2010-11-08,2010-11-08,82.989998,82.989998,82.989998,82.989998,0,0
2010-11-05,2010-11-05,82.040001,82.040001,82.040001,82.040001,0,0
2010-11-04,2010-11-04,80.629997,81.160004,80.629997,81.160004,2000.0,1.6126E8
2010-11-03,2010-11-03,80.580002,80.580002,80.580002,80.580002,0,0
2010-11-02,2010-11-02,80.730003,80.730003,80.730003,80.730003,0,0
2010-11-01,2010-11-01,81.419998,81.449997,81.010002,81.010002,17500.0,1.42505E9
2010-10-29,2010-10-29,112.190002,112.190002,112.190002,112.190002,0,0
2010-10-28,2010-10-28,112.010002,112.010002,112.010002,112.010002,0,0
2010-10-27,2010-10-27,111.290001,111.290001,111.290001,111.290001,0,0
2010-10-26,2010-10-26,111.470001,111.660004,111.470001,111.660004,187,2.08449E7
2010-10-25,2010-10-25,111.860001,111.860001,111.860001,111.860001,0,0
2010-10-22,2010-10-22,110.68,110.839996,110.68,110.68,134,1.48311E7
2010-10-21,2010-10-21,110.739998,110.739998,110.739998,110.739998,0,0
2010-10-20,2010-10-20,110.5,110.5,110.5,110.5,0,0
2010-10-19,2010-10-19,109.699997,109.699997,109.699997,109.699997,0,0
2010-10-18,2010-10-18,110.489998,110.489998,110.489998,110.489998,0,0
2010-10-15,2010-10-15,110.059998,110.059998,110.059998,110.059998,0,0
2010-10-14,2010-10-14,108.489998,108.489998,108.489998,108.489998,0,0
2010-10-13,2010-10-13,108.839996,108.839996,108.839996,108.839996,0,0
2010-10-12,2010-10-12,107.330002,107.330002,107.330002,107.330002,0,0
2010-10-11,2010-10-11,107.269997,107.269997,107.269997,107.269997,0,0
2010-10-08,2010-10-08,105.150002,107,105.150002,107,12000.0,7.3714E8
2010-10-04,2010-10-04,104.089996,104.089996,104.089996,104.089996,0,0
2010-10-01,2010-10-01,105.330002,105.330002,105.330002,105.330002,0,0
2010-09-30,2010-09-30,105.669998,105.669998,104.889999,104.889999,2745,2.90064E8
2010-09-16,2010-09-16,102.190002,102.190002,102.190002,102.190002,0,0
2010-09-15,2010-09-15,101.900002,101.900002,101.900002,101.900002,0,0
2010-09-14,2010-09-14,101.209999,101.269997,101.209999,101.269997,1650.0,1.11364E8
2010-09-13,2010-09-13,101.290001,101.290001,101.290001,101.290001,0,0
2010-09-10,2010-09-10,99.75,99.75,99.75,99.75,0,0
2010-09-09,2010-09-09,99.669998,100.220001,99.669998,100.220001,550,5.48185E7
2010-09-08,2010-09-08,99.360001,99.360001,99.360001,99.360001,0,0
2010-09-07,2010-09-07,98.029999,98.029999,98.029999,98.029999,550,5.39165E7
2010-09-06,2010-09-06,98.709999,98.709999,98.709999,98.709999,0,0
2010-09-03,2010-09-03,97.370003,97.989998,97.370003,97.989998,550,5.35535E7
2010-09-02,2010-09-02,96.57,96.57,96.57,96.57,0,0
2010-09-01,2010-09-01,96.269997,96.269997,96.269997,96.269997,0,0
2010-08-31,2010-08-31,93.730003,93.730003,93.730003,93.730003,0,0
2010-08-30,2010-08-30,94.440002,94.440002,94.440002,94.440002,0,0
2010-08-27,2010-08-27,94.169998,94.169998,94.169998,94.169998,0,0
2010-08-26,2010-08-26,94.379997,94.379997,94.379997,94.379997,0,0
2010-08-25,2010-08-25,93.839996,93.839996,93.839996,93.839996,0,0
2010-08-24,2010-08-24,94.529999,94.529999,94.529999,94.529999,0,0
2010-08-23,2010-08-23,95.75,95.75,95.75,95.75,0,0
2010-08-20,2010-08-20,95.639999,95.639999,95.639999,95.639999,0,0
2010-08-19,2010-08-19,96.040001,96.040001,96.040001,96.040001,0,0
2010-08-18,2010-08-18,97.440002,97.440002,97.440002,97.440002,0,0
2010-08-17,2010-08-17,97.830002,97.830002,97.830002,97.830002,0,0
2010-08-16,2010-08-16,96.419998,96.419998,96.419998,96.419998,0,0
2010-08-13,2010-08-13,96.010002,96.010002,96.010002,96.010002,0,0
2010-08-12,2010-08-12,96.870003,96.870003,96.870003,96.870003,0,0
2010-08-11,2010-08-11,97.389999,97.389999,97.389999,97.389999,0,0
2010-08-10,2010-08-10,99.93,99.93,99.93,99.93,0,0
2010-08-09,2010-08-09,100.900002,100.900002,100.900002,100.900002,0,0
2010-08-06,2010-08-06,99.239998,99.239998,99.239998,99.239998,0,0
2010-08-05,2010-08-05,100.209999,100.209999,100.209999,100.209999,0,0
2010-08-04,2010-08-04,100.379997,100.379997,100.379997,100.379997,0,0
2010-08-03,2010-08-03,99.980003,99.980003,99.980003,99.980003,0,0
2010-08-02,2010-08-02,100.18,100.18,100.18,100.18,0,0
2010-07-30,2010-07-30,97.940002,97.940002,97.940002,97.940002,0,0
2010-07-29,2010-07-29,97.610001,97.610001,97.610001,97.610001,0,0
2010-07-28,2010-07-28,99.290001,99.290001,99.290001,99.290001,0,0
2010-07-27,2010-07-27,99.389999,99.389999,99.389999,99.389999,0,0
2010-07-26,2010-07-26,99.370003,99.370003,99.370003,99.370003,0,0
2010-07-23,2010-07-23,97.989998,97.989998,97.989998,97.989998,0,0
2010-07-22,2010-07-22,98.339996,98.339996,98.339996,98.339996,0,0
2010-07-21,2010-07-21,96.610001,96.610001,96.610001,96.610001,0,0
2010-07-20,2010-07-20,95.25,95.25,95.25,95.25,0,0
2010-07-19,2010-07-19,95.330002,95.330002,95.330002,95.330002,0,0
2010-07-16,2010-07-16,96.080002,96.080002,96.080002,96.080002,0,0
2010-07-15,2010-07-15,97.050003,97.050003,97.050003,97.050003,0,0
2010-07-14,2010-07-14,98.120003,98.120003,98.120003,98.120003,0,0
2010-07-13,2010-07-13,97.18,97.18,97.18,97.18,0,0
2010-07-12,2010-07-12,95.580002,95.580002,95.580002,95.580002,0,0
2010-07-09,2010-07-09,95.139999,95.139999,95.139999,95.139999,0,0
2010-07-08,2010-07-08,94.459999,94.459999,94.459999,94.459999,0,0
2010-07-07,2010-07-07,92.900002,92.900002,92.900002,92.900002,0,0
2010-07-06,2010-07-06,92.620003,92.620003,92.620003,92.620003,0,0
2010-07-05,2010-07-05,91,91,91,91,0,0
2010-07-02,2010-07-02,91.040001,91.040001,91.040001,91.040001,0,0
2010-07-01,2010-07-01,91.790001,91.790001,91.790001,91.790001,2745,2.51964E8
2010-06-30,2010-06-30,93.610001,93.610001,93.610001,93.610001,0,0
2010-06-29,2010-06-29,93.959999,93.959999,93.959999,93.959999,0,0
2010-06-28,2010-06-28,97.620003,97.620003,97.620003,97.620003,0,0
2010-06-25,2010-06-25,96.919998,96.919998,96.919998,96.919998,0,0
2010-06-24,2010-06-24,97.550003,97.550003,97.550003,97.550003,0,0
2010-06-23,2010-06-23,98.480003,98.480003,98.480003,98.480003,0,0
2010-06-22,2010-06-22,100.910004,100.910004,100.910004,100.910004,0,0
2010-06-21,2010-06-21,101.540001,101.540001,101.540001,101.540001,0,0
2010-06-18,2010-06-18,101.220001,101.220001,101.220001,101.220001,0,0
2010-06-17,2010-06-17,100.529999,100.529999,100.529999,100.529999,0,0
2010-06-16,2010-06-16,100.360001,100.360001,100.360001,100.360001,0,0
2010-06-15,2010-06-15,98.690002,98.690002,98.690002,98.690002,0,0
2010-06-14,2010-06-14,98.809998,98.809998,98.809998,98.809998,0,0
2010-06-11,2010-06-11,96.449997,96.449997,96.449997,96.449997,0,0
2010-06-10,2010-06-10,95.620003,95.620003,95.620003,95.620003,0,0
2010-06-09,2010-06-09,96.099998,96.099998,96.099998,96.099998,0,0
2010-06-08,2010-06-08,94.57,94.57,94.57,94.57,0,0
2010-06-07,2010-06-07,95.900002,95.900002,95.900002,95.900002,0,0
2010-06-04,2010-06-04,98.190002,98.190002,98.190002,98.190002,0,0
2010-06-03,2010-06-03,99.5,99.5,99.5,99.5,0,0
2010-06-02,2010-06-02,97.82,97.82,97.82,97.82,0,0
2010-06-01,2010-06-01,98.360001,98.360001,98.360001,98.360001,0,0
2010-05-31,2010-05-31,98.220001,98.220001,98.220001,98.220001,0,0
2010-05-28,2010-05-28,97.68,97.68,97.68,97.68,0,0
2010-05-27,2010-05-27,97.300003,97.300003,97.300003,97.300003,0,0
2010-05-26,2010-05-26,96.610001,96.610001,96.610001,96.610001,0,0
2010-05-25,2010-05-25,93.800003,93.800003,93.800003,93.800003,0,0
2010-05-21,2010-05-21,96.290001,96.290001,96.290001,96.290001,0,0
2010-05-20,2010-05-20,96.370003,96.370003,96.370003,96.370003,0,0
2010-05-19,2010-05-19,98.209999,98.209999,98.209999,98.209999,0,0
2010-05-18,2010-05-18,100.739998,100.739998,100.739998,100.739998,0,0
2010-05-17,2010-05-17,99.949997,99.949997,99.949997,99.949997,0,0
2010-05-14,2010-05-14,99.959999,99.959999,99.959999,99.959999,0,0
2010-05-12,2010-05-12,103.5,103.5,103.5,103.5,0,0
2010-05-11,2010-05-11,102.660004,102.660004,102.660004,102.660004,0,0
2010-05-10,2010-05-10,102.019997,102.019997,102.019997,102.019997,0,0
2010-05-07,2010-05-07,97.839996,97.839996,97.839996,97.839996,0,0
