datetime,date,open,high,low,close,quantity,turnover
2026-09-02,2026-09-02,105.16,105.26,104.4,104.96,96749,1.013943368E7
2026-09-01,2026-09-01,105.72,105.88,104.84,105.18,193351,2.035147484E7
2026-08-31,2026-08-31,106.38,106.42,105.56,105.56,81500.0,8647067.02
2026-08-28,2026-08-28,106.48,106.54,106.24,106.42,55850.0,5941524.56
2026-08-27,2026-08-27,106.58,106.64,105.68,105.92,121999,1.29676188E7
2026-08-26,2026-08-26,106.86,107.06,106.58,106.6,47150.0,5037079.06
2026-08-25,2026-08-25,106.7,106.92,106.46,106.72,111961,1.194994234E7
2026-08-24,2026-08-24,106.2,106.5,106.1,106.28,67957,7224233.12
2026-08-21,2026-08-21,105.76,106.38,105.74,106.32,59208,6275751.8
2026-08-20,2026-08-20,105.86,105.9,105.3,105.66,81126,8575776.42
2026-08-19,2026-08-19,105.98,106.26,105.8,105.8,52822,5595713.6
2026-08-18,2026-08-18,106.44,106.52,105.92,105.94,44217,4696730.9
2026-08-17,2026-08-17,107.14,107.26,106.7,106.7,50264,5376965.26
2026-08-14,2026-08-14,107.12,107.22,106.82,106.84,48183,5157532.94
2026-08-13,2026-08-13,107.32,107.4,107.04,107.08,40399,4333678.06
2026-08-12,2026-08-12,107.28,107.42,106.86,107.02,26528,2843024.98
2026-08-11,2026-08-11,107.3,107.58,106.92,107.16,88269,9469162.32
2026-08-10,2026-08-10,107.16,107.38,106.9,107.14,46598,4992737.68
2026-08-07,2026-08-07,107,107.58,106.92,107.1,56152,6020514.8
2026-08-06,2026-08-06,106.86,107.22,106.8,106.8,36895,3947370.24
2026-08-05,2026-08-05,107,107.04,106.34,106.6,53945,5753026.1
2026-08-04,2026-08-04,106.38,106.64,106.02,106.56,47373,5038329.96
2026-08-03,2026-08-03,105.62,105.88,105.4,105.76,100225,1.058971636E7
2026-07-31,2026-07-31,106,106.5,104.9,105.28,93366,9883114.46
2026-07-30,2026-07-30,104.68,105.6,104.52,105.4,39741,4177665.94
2026-07-29,2026-07-29,105.18,105.34,104.34,104.6,95177,9979971.04
2026-07-28,2026-07-28,104.64,104.98,104.36,104.98,71517,7485134.8
2026-07-27,2026-07-27,105.04,105.62,104.54,104.54,157484,1.659807068E7
2026-07-24,2026-07-24,103.62,104.56,103.62,104.56,31983,3331432.54
2026-07-23,2026-07-23,104.28,104.4,103.28,103.62,67306,7000094.1
2026-07-22,2026-07-22,103.94,105.14,103.82,104.88,65034,6808849.3
2026-07-21,2026-07-21,103.96,104.24,103.48,104.24,67317,6996074.86
2026-07-20,2026-07-20,103.72,104.34,103.58,103.66,54284,5638881.36
2026-07-17,2026-07-17,103.68,103.98,103.38,103.94,29896,3099041.66
2026-07-16,2026-07-16,104.16,104.28,103.2,104.28,53916,5592923.28
2026-07-15,2026-07-15,104.08,104.36,103.7,104.22,147659,1.53745711E7
2026-07-14,2026-07-14,103.36,104.1,103.04,103.98,88291,9149046.08
2026-07-13,2026-07-13,103.86,104.08,103.52,103.98,68609,7122300.78
2026-07-10,2026-07-10,104.08,104.22,103.84,104.02,63101,6567380.48
2026-07-09,2026-07-09,103.8,104.08,103.24,103.98,96947,1.004750404E7
2026-07-08,2026-07-08,104.04,104.14,102.76,103.16,99699,1.032341518E7
2026-07-07,2026-07-07,105.4,105.72,104.78,104.78,51788,5455644.5
2026-07-06,2026-07-06,105.84,106.14,105.12,105.46,173021,1.824951198E7
2026-07-03,2026-07-03,105.56,105.88,105.1,105.84,66006,6961846.68
2026-07-02,2026-07-02,103.58,105.44,103.54,105.18,66657,6965313.3
2026-07-01,2026-07-01,103.86,104.14,103.34,103.72,121082,1.256662086E7
2026-06-30,2026-06-30,103.8,104.42,103.68,104.24,115252,1.19961383E7
2026-06-29,2026-06-29,103,103.34,102.72,103.16,83532,8608511.8
2026-06-26,2026-06-26,103.26,103.36,102.22,103,81969,8428923.58
2026-06-25,2026-06-25,103.04,103.96,103.04,103.68,55236,5714818.36
2026-06-24,2026-06-24,102.76,102.98,102.52,102.88,49343,5068957.98
2026-06-23,2026-06-23,102.62,103.14,102.22,102.82,63778,6547596.08
2026-06-22,2026-06-22,103.08,103.66,102.7,103.48,112011,1.156187384E7
2026-06-19,2026-06-19,103.2,103.42,102.84,102.84,36742,3790318.5
2026-06-18,2026-06-18,103.5,103.54,102.8,103.1,78935,8142045.64
2026-06-17,2026-06-17,102.84,103.44,102.78,103.44,64414,6645007.7
2026-06-16,2026-06-16,102.86,103.22,102.62,102.86,36944,3804139.02
2026-06-15,2026-06-15,103.72,103.72,102.5,102.56,116243,1.198704608E7
2026-06-12,2026-06-12,101.58,102.46,101.48,102.36,244897,2.498478746E7
2026-06-11,2026-06-11,100,101.02,100,100.58,53920.0,5421973.37
2026-06-10,2026-06-10,100.08,100.32,98.95,99.83,88694,8842158.71
2026-06-09,2026-06-09,100.52,101.34,99.92,100,98249,9900050.98
2026-06-08,2026-06-08,99.8,100.86,99.74,100.46,180104,1.807025736E7
2026-06-05,2026-06-05,100.74,101.22,100.5,100.6,99462,1.003758084E7
2026-06-04,2026-06-04,100.34,100.88,100.04,100.88,45804,4599428.04
2026-06-03,2026-06-03,100.9,100.92,100.28,100.28,40437,4068391.46
2026-06-02,2026-06-02,100.94,101.28,100.7,101.04,92012,9293137.36
2026-06-01,2026-06-01,100.98,101.08,99.9,100.44,162815,1.639298025E7
2026-05-29,2026-05-29,101.08,101.62,100.96,101,111786,1.131805746E7
2026-05-28,2026-05-28,100.9,101.02,100.4,100.88,95463,9621159.6
2026-05-27,2026-05-27,101.52,101.86,100.98,101.22,116450.0,1.182297616E7
2026-05-26,2026-05-26,101.9,102,101.28,101.28,67664,6877704.86
2026-05-25,2026-05-25,101.84,102.68,101.48,102.6,26245,2681583.14
2026-05-22,2026-05-22,100.54,100.92,100.36,100.84,159134,1.60123791E7
2026-05-21,2026-05-21,99.66,100.28,99.24,99.95,119784,1.195402726E7
2026-05-20,2026-05-20,98.22,100.12,98.13,99.8,110747,1.094631536E7
2026-05-19,2026-05-19,98.37,99.1,98.16,98.28,104063,1.027558404E7
2026-05-18,2026-05-18,96.99,98.46,96.85,98.21,84219,8211657.66
2026-05-15,2026-05-15,98.25,98.41,97.26,97.39,97542,9543087.75
2026-05-14,2026-05-14,98.75,99.24,98.61,99.16,56501,5589820.05
2026-05-13,2026-05-13,98.09,98.22,97.32,98.22,57758,5651762.18
2026-05-12,2026-05-12,97.1,97.76,97.05,97.3,78442,7643704.53
2026-05-11,2026-05-11,98.19,98.34,97.86,98.29,56801,5573156.9
2026-05-08,2026-05-08,98.11,98.46,97.83,98.16,73408,7202724.52
2026-05-07,2026-05-07,99.88,100.06,98.64,98.64,94971,9458124.2
2026-05-06,2026-05-06,98.71,100.28,98.71,99.77,109288,1.088924621E7
2026-05-05,2026-05-05,96.81,97.61,96.77,97.6,93608,9115366.37
2026-05-04,2026-05-04,97.97,98.06,96.48,96.62,200771,1.958927699E7
2026-04-30,2026-04-30,95.88,97.82,95.8,97.8,122998,1.193662552E7
2026-04-29,2026-04-29,97.15,97.16,96.18,96.38,54180.0,5236774.16
2026-04-28,2026-04-28,97.09,97.54,96.57,96.85,63645,6184284.55
2026-04-27,2026-04-27,97.76,98.19,97.26,97.33,175499,1.714307547E7
2026-04-24,2026-04-24,97.86,98.22,97.22,97.64,62151,6070296.31
2026-04-23,2026-04-23,97.76,98.28,97.48,98.1,80641,7892641.6
2026-04-22,2026-04-22,98.74,98.8,97.97,97.98,63288,6226360.43
2026-04-21,2026-04-21,99.31,99.63,98.3,98.3,83103,8246211.79
2026-04-20,2026-04-20,99.14,99.33,98.86,99.21,60405,5987260.37
2026-04-17,2026-04-17,98.33,100,98.26,99.94,106509,1.052505555E7
2026-04-16,2026-04-16,98.7,98.95,98.28,98.37,122075,1.203726225E7
2026-04-15,2026-04-15,98.95,99.02,98.42,98.42,66975,6617822.27
2026-04-14,2026-04-14,98.48,98.91,98.45,98.88,86951,8581716.77
2026-04-13,2026-04-13,97.36,98.01,97.11,97.96,42807,4172565.9
2026-04-10,2026-04-10,97.89,99.6,97.87,98.01,39671,3896851.07
2026-04-09,2026-04-09,97.79,97.79,97.1,97.77,92785,9040906.3
2026-04-08,2026-04-08,97.63,98.4,97.35,97.88,193306,1.891398227E7
2026-04-07,2026-04-07,96.03,98.33,93.87,94.12,180120.0,1.71650224E7
2026-04-02,2026-04-02,94.1,95.31,93.7,95.24,64475,6080024.37
2026-04-01,2026-04-01,95.31,95.46,94.54,95.31,127086,1.208686353E7
2026-03-31,2026-03-31,92.64,93.47,92.38,93,139162,
2026-03-30,2026-03-30,91.42,92.62,91.35,92.62,104403,9606603.4
2026-03-27,2026-03-27,92.41,92.43,91.12,91.62,105090.0,
2026-03-26,2026-03-26,92.93,93.08,92.2,92.43,67833,6276007.71
2026-03-25,2026-03-25,93.32,93.8,92.89,93.52,210547,1.966837139E7
2026-03-24,2026-03-24,92.18,92.37,91.08,92.06,114390.0,1.049403453E7
2026-03-23,2026-03-23,89.7,93.3,88.98,91.82,136617,1.238763071E7
2026-03-20,2026-03-20,93.54,93.72,91.13,91.13,93843,8695491.17
2026-03-19,2026-03-19,93.91,94.06,92.3,92.73,142804,1.331770983E7
2026-03-18,2026-03-18,96.3,96.44,94.77,95.09,76794,7364292.63
2026-03-17,2026-03-17,95.22,96.26,95.14,95.84,42587,4077287.31
2026-03-16,2026-03-16,95.06,95.72,94.4,95.26,53723,5111648.32
2026-03-13,2026-03-13,94.57,95.97,94.2,94.86,68528,6506415.3
2026-03-12,2026-03-12,95.5,95.92,94.69,95.32,100663,9600298.67
2026-03-11,2026-03-11,95.68,96.12,95.23,95.87,155565,1.486309765E7
2026-03-10,2026-03-10,96.52,96.83,95.8,96.42,121254,1.169415846E7
2026-03-09,2026-03-09,93.17,94.68,92.81,94.67,114607,1.071705605E7
2026-03-06,2026-03-06,96.35,96.75,94.34,95.28,133329,12754362
2026-03-05,2026-03-05,97.16,98.11,96.05,96.12,139586,1.35745524E7
2026-03-04,2026-03-04,96.54,97.71,96.16,97.43,146082,1.417649542E7
2026-03-03,2026-03-03,97.77,97.81,95.52,96.16,154031,1.48548264E7
2026-03-02,2026-03-02,99.06,99.57,98.79,99.09,189954,1.882603637E7
2026-02-27,2026-02-27,100.72,101.1,100.44,100.72,89907,9059128.4
2026-02-26,2026-02-26,100.68,100.92,100.3,100.6,66710.0,6718021.04
2026-02-25,2026-02-25,100.46,100.72,100.28,100.72,70472,7081332.66
2026-02-24,2026-02-24,99.53,100.36,99.45,100.04,95037,9488338.24
2026-02-23,2026-02-23,99.94,100.3,99.57,99.74,172170.0,1.720392343E7
2026-02-20,2026-02-20,99.68,100.4,99.48,100.24,82077,8194874.23
2026-02-19,2026-02-19,99.77,99.8,99.05,99.35,121533,1.207628047E7
2026-02-18,2026-02-18,99.1,99.93,99.09,99.83,73892,7351581.62
2026-02-17,2026-02-17,98.21,98.71,97.95,98.71,110906,1.090304287E7
2026-02-16,2026-02-16,98.29,98.44,98.1,98.13,64397,6327918.18
2026-02-13,2026-02-13,98.07,98.16,97.52,98,94615,9264389.35
2026-02-12,2026-02-12,99.18,99.26,97.93,98.1,69519,6866754.96
2026-02-11,2026-02-11,98.54,98.85,98.07,98.58,71802,7070966.01
2026-02-10,2026-02-10,98.33,98.6,98.28,98.43,103515,1.019107067E7
2026-02-09,2026-02-09,98.09,98.42,97.65,98.42,133397,1.30708735E7
2026-02-06,2026-02-06,96.66,97.81,96.44,97.76,93183,9054242.48
2026-02-05,2026-02-05,97.71,97.95,96.53,96.9,166757,1.622485516E7
2026-02-04,2026-02-04,97.69,98.59,97.62,97.93,138815,1.362728283E7
2026-02-03,2026-02-03,98.48,98.72,97.54,97.94,143828,1.410110294E7
2026-02-02,2026-02-02,96.32,97.97,96.28,97.93,179213,1.740297844E7
2026-01-30,2026-01-30,96.35,97.01,96.3,96.98,112441,1.088377345E7
2026-01-29,2026-01-29,96.68,97.18,96.09,96.21,76014,7348493.13
2026-01-28,2026-01-28,97.25,97.34,96.32,96.35,111995,1.083550185E7
2026-01-27,2026-01-27,96.89,97.29,96.7,97.15,88380.0,8571310.71
2026-01-26,2026-01-26,96.52,96.86,96.2,96.62,158206,1.526518915E7
2026-01-23,2026-01-23,96.35,96.57,96.11,96.46,194623,1.874712633E7
2026-01-22,2026-01-22,96.66,96.88,96.31,96.48,175482,1.695552138E7
2026-01-21,2026-01-21,95.43,95.77,94.8,95.54,107964,1.030112391E7
2026-01-20,2026-01-20,95.55,95.67,94.89,95.64,147588,1.405997929E7
2026-01-19,2026-01-19,96.24,96.74,96.1,96.26,195053,1.878919825E7
2026-01-16,2026-01-16,97.45,97.54,97.14,97.47,64735,6302616.59
2026-01-15,2026-01-15,97.35,97.57,97.25,97.46,57835,5633165.01
2026-01-14,2026-01-14,97.06,97.22,96.89,96.89,252599,2.449172822E7
2026-01-13,2026-01-13,97.01,97.05,96.63,96.86,99125,9601994.64
2026-01-12,2026-01-12,96.53,96.97,96.34,96.92,108456,1.04837494E7
2026-01-09,2026-01-09,96.04,96.74,96.03,96.71,66731,6430019.66
2026-01-08,2026-01-08,95.68,95.93,95.48,95.73,111178,1.063860997E7
2026-01-07,2026-01-07,96.12,96.13,95.74,95.93,140135,1.344996937E7
2026-01-06,2026-01-06,95.78,96.26,95.51,96.06,127188,1.218642783E7
2026-01-05,2026-01-05,94.93,95.56,94.78,95.52,155474,1.477922784E7
2026-01-02,2026-01-02,94.01,94.82,94.01,94.6,216096,2.042056415E7
2025-12-30,2025-12-30,93.48,94,93.46,94,67886,6368618.77
2025-12-29,2025-12-29,93.41,93.6,93.28,93.46,67503,6305759.46
2025-12-23,2025-12-23,93.21,93.5,93.12,93.39,42806,3993760.93
2025-12-22,2025-12-22,93.12,93.25,92.8,93.05,54091,5032123.63
2025-12-19,2025-12-19,92.78,93.3,92.68,93.2,84298,7837430.44
2025-12-18,2025-12-18,91.94,92.81,91.9,92.76,97058,8969099.63
2025-12-17,2025-12-17,92.17,92.42,91.78,91.94,56631,
2025-12-16,2025-12-16,92.22,92.58,91.77,91.99,61950.0,5708374.46
2025-12-15,2025-12-15,92.1,92.53,92.03,92.39,91269,8434097.72
2025-12-12,2025-12-12,92.54,92.82,91.69,91.69,78471,7237019.12
2025-12-11,2025-12-11,91.63,92.53,91.5,92.3,43802,
2025-12-10,2025-12-10,91.56,91.82,91.43,91.82,77989,
2025-12-09,2025-12-09,91.92,92.11,91.65,91.78,76682,7040279.96
2025-12-08,2025-12-08,91.79,91.93,91.65,91.83,92618,
2025-12-05,2025-12-05,91.98,92.25,91.84,91.84,51004,
2025-12-04,2025-12-04,91.65,91.97,91.45,91.9,83452,7659927.54
2025-12-03,2025-12-03,91.57,91.75,91.21,91.45,107352,9820993.1
2025-12-02,2025-12-02,91.16,91.63,91.11,91.31,61526,5618146.36
2025-12-01,2025-12-01,91.05,91.35,90.83,91.17,209679,
2025-11-28,2025-11-28,91.29,91.51,91.07,91.49,65371,5971977.73
2025-11-27,2025-11-27,91.01,91.25,90.93,91.15,66653,6071805.07
2025-11-26,2025-11-26,90.45,91.12,90.18,91.11,33956,3078675.33
2025-11-25,2025-11-25,89.53,90.14,89.17,90.11,60354,5416698.81
2025-11-24,2025-11-24,89.68,89.86,89.07,89.32,62107,5558390.72
2025-11-21,2025-11-21,88.48,89.31,88.4,89.24,61182,5441842.04
2025-11-20,2025-11-20,90.07,90.21,89.44,89.44,42054,3780514.63
2025-11-19,2025-11-19,89.23,89.78,88.96,89.13,60232,5372080.4
2025-11-18,2025-11-18,89.71,89.9,88.9,89.22,52677,4710549.51
2025-11-17,2025-11-17,91.37,91.41,90.65,90.8,60569,5512673.85
2025-11-14,2025-11-14,91.51,91.54,90.44,91.29,55347,5035019.33
2025-11-13,2025-11-13,92.99,93.09,92.18,92.18,38165,3536701.22
2025-11-12,2025-11-12,92.45,92.93,92.45,92.77,77260.0,7161958.37
2025-11-11,2025-11-11,91.34,92.15,91.34,92.05,75493,6920591.03
2025-11-10,2025-11-10,90.61,91.36,90.42,91.36,56468,5126407.43
2025-11-07,2025-11-07,90.3,90.31,89.31,89.59,84739,7591211.15
2025-11-06,2025-11-06,90.52,90.69,90,90.03,72448,6543681.15
2025-11-05,2025-11-05,89.83,90.87,89.82,90.72,46510.0,4200113.71
2025-11-04,2025-11-04,89.72,90.49,89.2,90.46,59952,5386399.15
2025-11-03,2025-11-03,90.68,91.1,90.62,90.65,91443,8303860.78
2025-10-31,2025-10-31,91.04,91.08,90.49,90.68,81957,7436119.1
2025-10-30,2025-10-30,91.06,91.12,90.62,91.1,31729,2885599.57
2025-10-29,2025-10-29,91.16,91.5,91.06,91.16,35881,3274797.24
2025-10-28,2025-10-28,91.24,91.32,91.07,91.18,76241,6954159.49
2025-10-27,2025-10-27,91.33,91.41,91.12,91.4,40252,3674134.27
2025-10-24,2025-10-24,91.28,91.34,90.77,91.17,33307,3031569.58
2025-10-23,2025-10-23,90.92,91.08,90.78,91,37821,3439032.63
2025-10-22,2025-10-22,90.65,91.03,90.63,90.7,48701,4425263.35
2025-10-21,2025-10-21,90.82,91.04,90.64,90.92,57040.0,5179854.09
2025-10-20,2025-10-20,90.33,90.8,90.21,90.73,60025,5427237.58
2025-10-17,2025-10-17,89.39,90.22,88.95,89.78,58944,5279357.3
2025-10-16,2025-10-16,90.13,90.68,89.96,90.68,52565,4742128.7
2025-10-15,2025-10-15,90.17,90.22,89.86,89.97,49881,4492067.88
2025-10-14,2025-10-14,89.12,89.57,88.82,89.57,47087,4201968.28
2025-10-13,2025-10-13,89.62,89.99,89.42,89.8,50910.0,4566918.33
2025-10-10,2025-10-10,90.54,90.6,89.24,89.25,50656,4560611.93
2025-10-09,2025-10-09,90.84,90.92,90.47,90.47,77605,7039584.43
2025-10-08,2025-10-08,90.39,91.04,90.33,90.93,89766,8147596.89
2025-10-07,2025-10-07,90.32,90.54,90.17,90.23,56911,5141025.5
2025-10-06,2025-10-06,90.3,90.58,89.98,90.37,149030.0,1.346877899E7
2025-10-03,2025-10-03,90.24,90.39,90.14,90.37,57712,5210154.5
2025-10-02,2025-10-02,90.07,90.27,89.85,89.98,83272,7495588.29
2025-10-01,2025-10-01,88.43,89.54,88.28,89.43,86731,7710193.86
2025-09-30,2025-09-30,87.86,88.37,87.6,88.29,101723,8951674.11
2025-09-29,2025-09-29,88.02,88.2,87.79,87.95,53333,4693849.44
2025-09-26,2025-09-26,87.36,87.89,87.32,87.85,49711,4350443.5
2025-09-25,2025-09-25,87.33,87.51,86.98,87.13,39052,3405413.42
2025-09-24,2025-09-24,87.65,87.86,87.32,87.61,230497,2.017783141E7
2025-09-23,2025-09-23,87.73,88.17,87.66,87.84,71462,6287391.82
2025-09-22,2025-09-22,87.74,87.74,87.38,87.58,65068,5698755.42
2025-09-19,2025-09-19,87.81,88.13,87.71,87.77,44627,3922151.92
2025-09-18,2025-09-18,87.32,87.93,87.32,87.84,46149,4047786.2
2025-09-17,2025-09-17,87.2,87.35,87,87.12,63442,5529740.16
2025-09-16,2025-09-16,88.03,88.08,87.09,87.11,52294,4586963.13
2025-09-15,2025-09-15,88.01,88.29,87.9,88.11,113330.0,9990870.2
2025-09-12,2025-09-12,87.88,87.98,87.52,87.74,52300.0,4589142.68
2025-09-11,2025-09-11,87.55,87.9,87.39,87.83,70921,6219375.34
2025-09-10,2025-09-10,87.74,87.91,87.3,87.38,55698,4881195.24
2025-09-09,2025-09-09,87.45,87.65,87.19,87.39,47830.0,4181407.81
2025-09-08,2025-09-08,87.24,87.45,87.03,87.32,71435,6228853.06
2025-09-05,2025-09-05,87.28,87.43,86.78,86.94,33551,2926476.59
2025-09-04,2025-09-04,86.5,87.11,86.48,87,102107,8876270.25
2025-09-03,2025-09-03,86.34,86.6,85.98,86.47,62861,5433261.44
2025-09-02,2025-09-02,87.04,87.04,85.84,85.84,82513,7128104.15
2025-09-01,2025-09-01,87.25,87.32,87.01,87.2,120355,1.048860625E7
2025-08-29,2025-08-29,87.33,87.46,86.91,86.95,55737,4853976.99
2025-08-28,2025-08-28,87.9,87.97,87.35,87.49,46727,4095946.73
2025-08-27,2025-08-27,87.83,87.86,87.44,87.63,57932,5077594.51
2025-08-26,2025-08-26,87.7,87.9,87.38,87.54,76374,6696354.32
2025-08-25,2025-08-25,88.43,88.6,88.15,88.16,65602,5800432.21
2025-08-22,2025-08-22,88.2,88.9,88.15,88.66,49924,
2025-08-21,2025-08-21,88.27,88.29,87.88,88.29,55712,4910544.09
2025-08-20,2025-08-20,87.84,88.41,87.79,88.26,56828,
2025-08-19,2025-08-19,87.6,88.16,87.54,88.02,82086,7220119.04
2025-08-18,2025-08-18,87.47,87.48,87.2,87.48,63525,5548207.65
2025-08-15,2025-08-15,87.86,87.86,87.4,87.46,68956,6045138.45
2025-08-14,2025-08-14,86.98,87.47,86.97,87.47,37050.0,3229716.07
2025-08-13,2025-08-13,86.63,86.89,86.63,86.81,66395,5758078.68
2025-08-12,2025-08-12,86.45,86.48,86.07,86.29,43255,3732472.05
2025-08-11,2025-08-11,86.5,86.5,86.06,86.13,79600.0,6863469.18
2025-08-08,2025-08-08,86.15,86.26,86,86.16,59036,5085293.42
2025-08-07,2025-08-07,85.28,86.13,85.23,86.02,51669,4427439.33
2025-08-06,2025-08-06,85.51,85.59,85.02,85.18,88077,7509856.44
2025-08-05,2025-08-05,85.54,85.61,85.16,85.22,130106,1.111757287E7
2025-08-04,2025-08-04,84.42,85.16,84.41,85.16,133458,1.132835352E7
2025-08-01,2025-08-01,85.07,85.14,83.75,84.02,120372,1.017140661E7
2025-07-31,2025-07-31,86.93,87.11,86,86.06,83243,7194362.69
2025-07-30,2025-07-30,86.51,86.87,86.42,86.68,36456,3159655.79
2025-07-29,2025-07-29,86.76,87.37,86.64,86.69,91616,7964409.52
2025-07-28,2025-07-28,87.49,87.5,86.4,86.54,42722,3720055.89
2025-07-25,2025-07-25,86.5,86.77,86.36,86.67,36077,3120945.22
2025-07-24,2025-07-24,87.1,87.3,86.75,86.83,39818,3468358.7
2025-07-23,2025-07-23,86.51,86.86,86.42,86.68,32240.0,2792581.63
2025-07-22,2025-07-22,85.98,85.98,85.58,85.78,35474,3042745.84
2025-07-21,2025-07-21,86.23,86.25,85.89,86.11,38750.0,3335796.15
2025-07-18,2025-07-18,86.51,86.64,86.11,86.16,69873,6039465.52
2025-07-17,2025-07-17,85.99,86.29,85.9,86.27,45981,3957828.19
2025-07-16,2025-07-16,85.68,86.03,85.3,85.3,52931,4542826.68
2025-07-15,2025-07-15,86.46,86.54,85.91,85.92,81643,7048958.2
2025-07-14,2025-07-14,85.84,86.25,85.81,86.25,33391,2872294.77
2025-07-11,2025-07-11,86.95,86.97,86.19,86.27,69609,6019164.44
2025-07-10,2025-07-10,87.12,87.3,87.03,87.24,56955,4963802.64
2025-07-09,2025-07-09,86.27,86.79,86.12,86.76,67083,5808711.05
2025-07-08,2025-07-08,85.74,86.11,85.51,86.11,105928,9076853.15
2025-07-07,2025-07-07,85.35,85.76,85.29,85.76,49208,4207403.09
2025-07-04,2025-07-04,85.43,85.47,84.97,85.32,56745,4838426.32
2025-07-03,2025-07-03,85.68,85.73,85.35,85.73,53552,4582166.88
2025-07-02,2025-07-02,85.59,85.72,85,85.39,64977,5552105.07
2025-07-01,2025-07-01,85.56,85.56,84.73,85.1,127620.0,1.086822058E7
2025-06-30,2025-06-30,85.93,85.95,85.26,85.34,160051,13686501
2025-06-27,2025-06-27,85.29,85.79,85.23,85.79,50162,4286337.14
2025-06-26,2025-06-26,85,85.1,84.55,84.78,64839,5499905.76
2025-06-25,2025-06-25,85.52,85.65,84.66,84.68,66503,5661871.84
2025-06-24,2025-06-24,85.64,85.64,85.19,85.31,82634,7056471.85
2025-06-23,2025-06-23,84.31,84.74,83.86,84.4,127884,1.078482991E7
2025-06-20,2025-06-20,84.91,85.25,84.6,84.74,108382,9213197.91
2025-06-19,2025-06-19,84.81,85.01,84.5,84.5,30767,2609245.5
2025-06-18,2025-06-18,85.45,85.55,85.07,85.19,39517,3373765.56
2025-06-17,2025-06-17,85.56,86.2,85.25,85.53,57582,4925664.92
2025-06-16,2025-06-16,86.14,86.38,85.94,86.21,58930.0,5077466.5
2025-06-13,2025-06-13,85.85,86.3,85.72,85.94,55827,4800258.51
2025-06-12,2025-06-12,86.68,86.91,86.16,86.71,64237,5561045.12
2025-06-11,2025-06-11,87.32,87.39,87,87.01,54528,4755493.47
2025-06-10,2025-06-10,87.29,87.37,87,87.18,85251,7436167.72
2025-06-09,2025-06-09,87.4,87.46,87.06,87.26,64315,5614680.78
2025-06-06,2025-06-06,87.08,87.76,86.97,87.37,44894,3913294.49
2025-06-05,2025-06-05,87.04,87.5,86.6,87.04,78450.0,6833116.42
2025-06-04,2025-06-04,86.72,87.05,86.59,86.87,75665,6572284.53
2025-06-03,2025-06-03,86.61,86.64,85.95,86.48,90876,7832324.25
2025-06-02,2025-06-02,86.34,86.45,85.79,86.39,123738,1.067177174E7
2025-05-30,2025-05-30,86.42,86.94,86.28,86.53,91288,7910088.12
2025-05-29,2025-05-29,86.96,87.04,86.26,86.29,57517,4993474.1
2025-05-28,2025-05-28,87.02,87.14,86.39,86.39,48868,4240107.41
2025-05-27,2025-05-27,86.89,87.28,86.8,87.03,50447,4391888
2025-05-26,2025-05-26,86.85,86.96,86.63,86.92,64902,5635205.88
2025-05-23,2025-05-23,86.86,86.92,84.67,85.87,76028,6520218.11
2025-05-22,2025-05-22,86.78,86.81,86.07,86.63,72180.0,6232654.41
2025-05-21,2025-05-21,87.07,87.23,86.62,87.18,48047,4179387.87
2025-05-20,2025-05-20,86.74,87.33,86.6,87.19,66286,5764179.13
2025-05-19,2025-05-19,86.17,86.55,85.76,86.55,152897,1.314606788E7
2025-05-16,2025-05-16,86.29,86.55,85.89,86.27,71314,6148467.79
2025-05-15,2025-05-15,85.06,85.99,84.92,85.99,146972,1.257283317E7
2025-05-14,2025-05-14,85.52,85.59,85.07,85.31,60549,5171226.8
2025-05-13,2025-05-13,85.43,85.67,85.4,85.52,53287,4558378.33
2025-05-12,2025-05-12,85.16,85.47,84.72,85.47,134726,1.147876086E7
2025-05-09,2025-05-09,84.25,84.48,84.18,84.34,68866,5806964.16
2025-05-08,2025-05-08,83.92,84.41,83.75,83.97,75305,6325727.02
2025-05-07,2025-05-07,83.75,83.86,83.45,83.46,77118,6450051.79
2025-05-06,2025-05-06,84.26,84.27,83.4,83.97,119046,9992652.26
2025-05-05,2025-05-05,84.01,84.37,83.93,84.37,104776,8809172.75
2025-05-02,2025-05-02,83.24,84,83.12,83.95,117504,9809702.5
2025-04-30,2025-04-30,82.42,82.53,81.55,82.53,266237,2.184418626E7
2025-04-29,2025-04-29,81.94,82.08,81.68,82,84437,6918008.41
2025-04-28,2025-04-28,81.71,81.95,81.56,81.68,87718,7174774.73
2025-04-25,2025-04-25,81.44,81.54,81,81.32,79286,6447447.53
2025-04-24,2025-04-24,80.48,81.16,80.06,81.16,67133,5416083.63
2025-04-23,2025-04-23,80.41,81.03,80.31,80.62,106185,8563463.93
2025-04-22,2025-04-22,78.72,79.28,78.39,79.27,113555,8931142.29
2025-04-17,2025-04-17,78.87,79.05,78.44,78.72,58591,4611089.18
2025-04-16,2025-04-16,78.55,79.1,78.05,78.93,135216,1.063056541E7
2025-04-15,2025-04-15,78.37,79.23,78.2,79.18,131674,1.035516468E7
2025-04-14,2025-04-14,77.36,78.16,77.04,77.92,119962,9294023.22
2025-04-11,2025-04-11,76.55,76.61,74.75,76.22,150460.0,1.139165016E7
2025-04-10,2025-04-10,78.43,78.57,75.91,75.91,137136,1.059061041E7
2025-04-09,2025-04-09,73.76,74.31,72.34,73.05,98691,7249234.03
2025-04-08,2025-04-08,74.56,76.68,74.28,76.02,258368,1.942534021E7
2025-04-07,2025-04-07,72.76,77.25,72.15,73.79,346855,2.549713716E7
2025-04-04,2025-04-04,80.5,80.75,76.58,77.39,183788,1.439244642E7
2025-04-03,2025-04-03,82.16,82.47,81.05,81.24,90679,7415312.5
2025-04-02,2025-04-02,83.53,83.53,82.84,83.44,96746,8054243.89
2025-04-01,2025-04-01,83.76,84.05,83.29,83.95,96896,8115367.63
2025-03-31,2025-03-31,83.46,83.53,82.64,83.01,77268,6416143.51
2025-03-28,2025-03-28,84.66,84.88,84,84.23,74609,6306848.04
2025-03-27,2025-03-27,84.57,84.95,84.26,84.83,40630.0,3438269.18
2025-03-26,2025-03-26,85.86,85.92,85.07,85.12,72822,6215289.27
2025-03-25,2025-03-25,85.53,86.05,85.32,85.71,47481,4072651.75
2025-03-24,2025-03-24,85.88,85.88,84.96,85.18,105545,9007204.74
2025-03-21,2025-03-21,85.45,85.56,84.9,85.21,71756,6115693.03
2025-03-20,2025-03-20,86.21,86.37,85.29,85.68,302216,2.591721614E7
2025-03-19,2025-03-19,85.8,86.3,85.7,86.17,69245,5949447.51
2025-03-18,2025-03-18,85.78,86.27,85.72,86,97003,8342074.02
2025-03-17,2025-03-17,84.9,85.55,84.85,85.55,109364,9317611.4
2025-03-14,2025-03-14,83.89,84.91,83.8,84.85,76461,6455634.45
2025-03-13,2025-03-13,83.99,84.49,83.7,83.88,140803,1.183546143E7
2025-03-12,2025-03-12,83.91,84.52,83.46,84.03,184046,1.546354215E7
2025-03-11,2025-03-11,84.58,84.79,83.09,83.28,198364,1.668577301E7
2025-03-10,2025-03-10,86.18,86.21,84.66,84.71,106338,9079371.84
2025-03-07,2025-03-07,85.85,86.13,85.43,85.93,129767,1.112053735E7
2025-03-06,2025-03-06,86.62,86.71,85.56,86.24,123071,1.06023556E7
2025-03-05,2025-03-05,86.37,87,86.27,86.27,142323,1.232998886E7
2025-03-04,2025-03-04,86.81,86.9,85.55,85.74,171615,1.480280068E7
2025-03-03,2025-03-03,86.95,87.77,86.38,87.57,204607,1.784874812E7
2025-02-28,2025-02-28,86,86.56,85.75,86.56,66601,5746991.98
2025-02-27,2025-02-27,86.37,86.69,86.06,86.55,70362,6084560.08
2025-02-26,2025-02-26,86.43,86.97,86.31,86.89,92802,8045507.73
2025-02-25,2025-02-25,85.86,86.43,85.79,85.98,66906,5759309.37
2025-02-24,2025-02-24,86.03,86.18,85.47,85.91,98588,8472532.37
2025-02-21,2025-02-21,85.65,86.06,85.65,86,70183,6026477.48
2025-02-20,2025-02-20,85.73,85.97,85.42,85.54,40858,3504896.03
2025-02-19,2025-02-19,86.44,86.47,85.49,85.63,81536,6998546.36
2025-02-18,2025-02-18,86.31,86.51,86,86.42,86151,7425180.21
2025-02-17,2025-02-17,85.75,86.17,85.72,86.14,89798,7719210.82
2025-02-14,2025-02-14,85.81,86.01,85.5,85.68,58178,4991643.97
2025-02-13,2025-02-13,85.43,86,85.1,86,79883,6833142.81
2025-02-12,2025-02-12,84.94,84.99,84.45,84.88,69480.0,5892303.33
2025-02-11,2025-02-11,84.63,84.84,84.49,84.82,41605,3520437.32
2025-02-10,2025-02-10,84.29,84.76,84.27,84.76,37398,3159183.2
2025-02-07,2025-02-07,84.4,84.8,84,84.11,71330.0,6012089.36
2025-02-06,2025-02-06,83.89,84.53,83.86,84.53,101720.0,8560906.67
2025-02-05,2025-02-05,83.05,83.48,82.89,83.48,143443,1.193681752E7
2025-02-04,2025-02-04,82.81,83.14,82.28,83.14,110791,9182809.82
2025-02-03,2025-02-03,82.34,82.87,82.27,82.86,97904,8086525.22
2025-01-31,2025-01-31,83.59,83.91,83.42,83.58,56453,4724025.35
2025-01-30,2025-01-30,82.88,83.47,82.88,83.4,29396,2446912.11
2025-01-29,2025-01-29,82.63,82.91,82.55,82.75,40592,3358382.34
2025-01-28,2025-01-28,82.27,82.61,82.16,82.28,27564,2273111.27
2025-01-27,2025-01-27,81.65,82.13,81.34,82.03,35372,2892314.35
2025-01-24,2025-01-24,82.3,82.5,81.9,81.99,100182,8243812.47
2025-01-23,2025-01-23,81.67,82.11,81.55,82.05,26820.0,2191970.27
2025-01-22,2025-01-22,81.68,82.09,81.57,81.72,71055,5818776.45
2025-01-21,2025-01-21,81.05,81.4,81.02,81.4,23438,1902526.82
2025-01-20,2025-01-20,81.08,81.32,80.85,81.05,23471,1902263.8
2025-01-17,2025-01-17,80.78,81.18,80.78,81,149852,1.214481257E7
2025-01-16,2025-01-16,80.23,80.52,80.11,80.52,46426,3729201.95
2025-01-15,2025-01-15,78.99,79.83,78.86,79.7,70681,5606305.22
2025-01-14,2025-01-14,79.15,79.26,78.62,78.71,22656,1790740.47
2025-01-13,2025-01-13,78.82,78.9,78.43,78.9,40933,3220992.41
2025-01-10,2025-01-10,79.72,79.92,79.14,79.16,15483,1232672.71
2025-01-09,2025-01-09,79.12,79.89,79.1,79.87,22410.0,1785320.61
2025-01-08,2025-01-08,79.6,79.95,79.09,79.49,24600.0,1957116.33
2025-01-07,2025-01-07,79.23,79.71,78.99,79.66,30820.0,2447099.39
2025-01-06,2025-01-06,78.79,79.4,78.56,79.4,96915,7667752.85
2025-01-03,2025-01-03,78.87,78.91,78.4,78.58,48978,3853056.26
2025-01-02,2025-01-02,78.68,79.11,78.13,79.11,100773,7923815.25
2024-12-30,2024-12-30,78.08,78.32,77.98,78.11,22510.0,1758555.79
2024-12-27,2024-12-27,77.79,78.34,77.74,78.34,24498,1911697.34
2024-12-23,2024-12-23,77.56,77.91,77.42,77.8,68619,5335124.44
2024-12-20,2024-12-20,77.72,77.76,76.68,77.67,70460.0,5451258.93
2024-12-19,2024-12-19,78.53,78.79,78.16,78.29,33324,2612302.31
2024-12-18,2024-12-18,79.41,79.64,79.32,79.42,47464,3772876.96
2024-12-17,2024-12-17,79.22,79.55,79.15,79.41,66562,5285985.96
2024-12-16,2024-12-16,79.69,79.76,79.45,79.71,99844,7941325.86
2024-12-13,2024-12-13,80.05,80.12,79.57,79.7,31186,2493538.93
2024-12-12,2024-12-12,80.33,80.35,80.02,80.09,22580.0,1810065.94
2024-12-11,2024-12-11,79.87,80.29,79.78,80.17,31550.0,2525276.12
2024-12-10,2024-12-10,80.16,80.35,79.97,79.98,31350.0,2514701.93
2024-12-09,2024-12-09,80.7,80.7,80.28,80.4,41305,3323718.53
2024-12-06,2024-12-06,80.21,80.43,80.11,80.31,16780.0,1346462.11
2024-12-05,2024-12-05,79.96,80.18,79.92,80.16,104496,8359274.33
2024-12-04,2024-12-04,79.8,80.07,79.67,79.92,46246,3690988.35
2024-12-03,2024-12-03,79.5,79.86,79.46,79.61,59659,4748147.43
2024-12-02,2024-12-02,78.55,79.4,78.55,79.3,87187,6889750.38
2024-11-29,2024-11-29,78.15,78.75,78.08,78.74,32803,2576635.07
2024-11-28,2024-11-28,78.27,78.51,78.11,78.29,12441,974180.67
2024-11-27,2024-11-27,77.94,78,77.62,77.93,45600.0,3549704.68
2024-11-26,2024-11-26,78.05,78.5,77.92,78.08,12103,945633
2024-11-25,2024-11-25,78.91,78.95,78.38,78.51,27080.0,2128853.87
2024-11-22,2024-11-22,78.03,78.58,77.57,78.56,46663,3648778.7
2024-11-21,2024-11-21,77.34,77.69,76.83,77.64,37062,2867472.73
2024-11-20,2024-11-20,77.66,77.8,77.15,77.27,33928,2631160.65
2024-11-19,2024-11-19,77.91,77.94,76.64,77.31,58079,4476805.16
2024-11-18,2024-11-18,77.62,77.77,77.17,77.65,57948,4487241.66
2024-11-15,2024-11-15,77.73,78.04,77.53,77.57,41395,3219483.46
2024-11-14,2024-11-14,77.56,78.28,77.48,78.27,34802,2710858.35
2024-11-13,2024-11-13,77.28,77.59,76.91,77.45,43155,3331184.65
2024-11-12,2024-11-12,78.36,78.43,77.4,77.44,27796,2171542.28
2024-11-11,2024-11-11,78.82,79.2,78.78,79.04,26500.0,2094687.35
2024-11-08,2024-11-08,78.79,78.79,77.98,78.13,37949,2971282.7
2024-11-07,2024-11-07,78.37,78.97,78.34,78.66,66252,5207028.04
2024-11-06,2024-11-06,79.33,80.08,78.04,78.21,34320.0,2707205.56
2024-11-05,2024-11-05,78.71,78.83,78.31,78.61,26144,2055118.15
2024-11-04,2024-11-04,78.87,79.07,78.58,78.58,117696,9288450.48
2024-11-01,2024-11-01,78.21,79.07,78.19,78.87,63700.0,5014745.59
2024-10-31,2024-10-31,78.39,78.5,77.67,77.99,80708,6310580.55
2024-10-30,2024-10-30,79.53,79.57,78.71,78.86,97825,7729418.6
2024-10-29,2024-10-29,80.67,80.67,79.86,79.86,20376,1637484.36
2024-10-28,2024-10-28,80.32,80.48,79.84,80.39,26917,2158083.53
2024-10-25,2024-10-25,80,80.15,79.81,80.07,30749,2459901.54
2024-10-24,2024-10-24,80.29,80.56,80.03,80.03,21248,1708004.94
2024-10-23,2024-10-23,80.33,80.49,80,80.04,16051,1286199.41
2024-10-22,2024-10-22,80.52,80.52,79.83,80.3,29914,2398951.54
2024-10-21,2024-10-21,80.99,81.12,80.43,80.48,35062,2830446.26
2024-10-18,2024-10-18,80.8,81.07,80.76,81,37197,3012009.48
2024-10-17,2024-10-17,80.36,81.07,80.17,80.8,80213,6458195.56
2024-10-16,2024-10-16,80.05,80.3,79.91,80.07,47442,3799065.09
2024-10-15,2024-10-15,81.24,81.24,80.29,80.29,33583,2715248.1
2024-10-14,2024-10-14,80.56,81,80.44,81,45783,3692337.93
2024-10-11,2024-10-11,80.02,80.6,79.91,80.53,42028,3368033.15
2024-10-10,2024-10-10,80.34,80.41,79.91,80.11,22681,1817070.51
2024-10-09,2024-10-09,79.8,80.26,79.69,80.24,40556,3243840.17
2024-10-08,2024-10-08,79.45,79.87,79.33,79.69,28710.0,2284668.58
2024-10-07,2024-10-07,80.21,80.24,79.71,80.17,133944,1.070675493E7
2024-10-04,2024-10-04,79.75,80.11,79.64,80.07,106592,8501519.53
2024-10-03,2024-10-03,80.13,80.19,79.5,79.67,22117,1764723.75
2024-10-02,2024-10-02,80.54,80.63,80,80.41,38217,3072611.46
2024-10-01,2024-10-01,80.82,81.02,80.12,80.33,63424,5110529.44
2024-09-30,2024-09-30,81.11,81.31,80.52,80.63,92181,7448966.81
2024-09-27,2024-09-27,81.08,81.46,81.05,81.38,29639,2409224.4
2024-09-26,2024-09-26,80.78,81.08,80.72,80.99,41569,3362803.42
2024-09-25,2024-09-25,79.77,80.15,79.74,80,25324,2025119.96
2024-09-24,2024-09-24,80.15,80.2,79.77,80.08,31098,2489049.15
2024-09-23,2024-09-23,79.13,79.54,79.08,79.49,22853,1813910.33
2024-09-20,2024-09-20,80.12,80.12,79.11,79.11,27202,2170160.31
2024-09-19,2024-09-19,80.02,80.37,79.79,80.34,16443,1318801.46
2024-09-18,2024-09-18,79.59,79.6,79.2,79.22,44655,3541110.99
2024-09-17,2024-09-17,79.78,79.99,79.62,79.64,58971,4706995.09
2024-09-16,2024-09-16,79.27,79.56,79.25,79.36,24438,1941245.73
2024-09-13,2024-09-13,79.16,79.61,79.15,79.5,12444,986912.95
2024-09-12,2024-09-12,79.23,79.23,78.53,78.91,49154,3882877.27
2024-09-11,2024-09-11,78.45,78.79,77.96,78.28,19587,1536422.86
2024-09-10,2024-09-10,78.42,78.86,78.09,78.21,17773,1395675.71
2024-09-09,2024-09-09,78.42,78.7,78.38,78.7,21261,1669553.38
2024-09-06,2024-09-06,78.65,79.13,77.95,78,28114,2209337.88
2024-09-05,2024-09-05,79.09,79.32,78.82,78.82,261914,2.069773979E7
2024-09-04,2024-09-04,79.18,79.39,79.1,79.28,52612,4171743.36
2024-09-03,2024-09-03,81,81,80,80.09,67808,5462335.75
2024-09-02,2024-09-02,80.89,80.89,80.44,80.88,43516,3513707.8
2024-08-30,2024-08-30,80.93,81.21,80.87,80.88,34059,2757278.08
2024-08-29,2024-08-29,80.3,80.94,80.3,80.94,13368,1079028.35
2024-08-28,2024-08-28,80.16,80.43,80.08,80.24,48255,3873934.42
2024-08-27,2024-08-27,79.93,80.1,79.77,79.95,17890.0,1429688.43
2024-08-26,2024-08-26,79.82,80.01,79.75,79.83,9996,798227.57
2024-08-23,2024-08-23,79.5,79.86,79.47,79.83,83527,6663177.1
2024-08-22,2024-08-22,79.21,79.64,79.21,79.47,29478,2343735.79
2024-08-21,2024-08-21,78.96,79.22,78.92,79.14,12266,969966.64
2024-08-20,2024-08-20,79.33,79.39,78.87,78.87,13447,1064719.94
2024-08-19,2024-08-19,78.84,79.29,78.67,79.27,34085,2693797.17
2024-08-16,2024-08-16,78.76,78.91,78.55,78.75,57562,4533946.97
2024-08-15,2024-08-15,77.88,78.68,77.62,78.59,36077,2809561.39
2024-08-14,2024-08-14,77.56,77.56,77.24,77.56,18914,1463987.06
2024-08-13,2024-08-13,77.12,77.24,76.55,77.19,17632,1356133.6
2024-08-12,2024-08-12,77.05,77.15,76.66,76.77,18973,1457903.16
2024-08-09,2024-08-09,76.6,77.1,76.37,76.8,50529,3881511.54
2024-08-08,2024-08-08,75.77,76.46,75.41,76.4,56909,4308447.68
2024-08-07,2024-08-07,75.34,76.47,75.2,76.26,72389,5498358.97
2024-08-06,2024-08-06,75.54,75.55,74.49,75.11,75211,5641462.01
2024-08-05,2024-08-05,74.13,75.02,73.81,74.88,90006,6702550.13
2024-08-02,2024-08-02,77.75,77.77,76.35,76.57,40060.0,3091464.99
2024-08-01,2024-08-01,79.57,79.57,78.35,78.45,59477,4698823.26
2024-07-31,2024-07-31,79.81,79.84,79.4,79.65,22068,1757861.45
2024-07-30,2024-07-30,78.84,79.2,78.65,78.97,13239,1045672.37
2024-07-29,2024-07-29,79.13,79.23,78.59,78.6,35896,2835228.59
2024-07-26,2024-07-26,78.28,78.86,78.15,78.81,20433,1603760.6
2024-07-25,2024-07-25,78.04,78.25,77.43,78.17,16885,1314639.55
2024-07-24,2024-07-24,78.66,78.99,78.57,78.74,50237,3964023.51
2024-07-23,2024-07-23,79.23,79.76,79,79.29,101130.0,8041123.35
2024-07-22,2024-07-22,78.82,79.45,78.74,79.15,21822,1727196.92
2024-07-19,2024-07-19,78.74,78.74,78.3,78.38,16127,1266589.98
2024-07-18,2024-07-18,79.5,79.65,78.95,78.95,28186,2236319.54
2024-07-17,2024-07-17,79.28,79.38,78.9,79.17,27987,2215465.32
2024-07-16,2024-07-16,79.41,79.64,79.26,79.57,49663,3945253.03
2024-07-15,2024-07-15,80.45,80.63,79.79,79.79,31616,2540958.04
2024-07-12,2024-07-12,80.15,80.72,80.03,80.62,31241,2506210.61
2024-07-11,2024-07-11,79.76,80.08,79.55,79.89,40199,3206728.94
2024-07-10,2024-07-10,78.92,79.46,78.8,79.46,14077,1114295.71
2024-07-09,2024-07-09,79.22,79.48,78.64,78.74,39686,3139201.6
2024-07-08,2024-07-08,79.42,79.99,79.38,79.47,52921,4222207.56
2024-07-05,2024-07-05,79.89,80.01,79.28,79.52,22863,1826660.38
2024-07-04,2024-07-04,79.36,79.78,79.36,79.66,22751,1809134.71
2024-07-03,2024-07-03,79.01,79.43,78.9,79.18,37294,2954529.5
2024-07-02,2024-07-02,78.62,78.66,78.23,78.64,54830.0,4299328.09
2024-07-01,2024-07-01,79.6,79.6,78.91,78.98,63345,5013263.76
2024-06-28,2024-06-28,79.17,79.26,78.6,78.74,53942,4260338.26
2024-06-27,2024-06-27,79.24,79.36,78.88,78.88,16835,1333271.63
2024-06-26,2024-06-26,79.98,80.17,79.06,79.24,35192,2800210.87
2024-06-25,2024-06-25,79.65,79.7,79.46,79.67,25579,2036226.94
2024-06-24,2024-06-24,79.31,79.96,79.16,79.85,31050.0,2470805.78
2024-06-21,2024-06-21,79.63,79.86,79.03,79.21,28425,2254458.29
2024-06-20,2024-06-20,79.25,79.88,79.25,79.88,35225,2799974.76
2024-06-19,2024-06-19,79.25,79.29,79.05,79.15,59173,4686941.92
2024-06-18,2024-06-18,79.22,79.25,78.81,79.25,53309,4213539.11
2024-06-17,2024-06-17,78.9,79.16,78.3,78.7,50360.0,3960605.42
2024-06-14,2024-06-14,79.57,79.57,78.44,78.64,91516,7211445.69
2024-06-13,2024-06-13,80.34,80.34,79.31,79.41,39113,3121622.65
2024-06-12,2024-06-12,79.93,80.53,79.85,80.38,40571,3254360.06
2024-06-11,2024-06-11,80.47,80.47,79.31,79.58,51470.0,4113805.14
2024-06-10,2024-06-10,79.92,80.31,79.84,80.31,38458,3079059.22
2024-06-07,2024-06-07,80.76,80.77,80.08,80.54,55220.0,4446661.12
2024-06-06,2024-06-06,80.57,80.78,80.46,80.7,21310.0,1718284.24
2024-06-05,2024-06-05,79.93,80.35,79.8,80.19,26171,2093698.68
2024-06-04,2024-06-04,79.55,79.65,79.11,79.39,37683,2991233.92
2024-06-03,2024-06-03,80.19,80.19,79.65,79.82,46264,3696497.65
2024-05-31,2024-05-31,79.25,79.57,79.15,79.51,29639,2353970.39
2024-05-30,2024-05-30,78.66,79.25,78.56,79.19,36705,2901599.75
2024-05-29,2024-05-29,79.41,79.41,78.69,78.72,36825,2908282.97
2024-05-28,2024-05-28,80.12,80.19,79.38,79.52,26752,2135496.85
2024-05-27,2024-05-27,79.7,80.02,79.7,80.02,45383,3624598.81
2024-05-24,2024-05-24,79.36,79.82,79.19,79.71,33993,2702868.3
2024-05-23,2024-05-23,80,80.16,79.73,79.87,28720.0,2296466.93
2024-05-22,2024-05-22,79.88,79.9,79.63,79.74,24288,1937043.15
2024-05-21,2024-05-21,80.01,80.07,79.7,80.06,22766,1818498.7
2024-05-20,2024-05-20,80.06,80.24,80.01,80.24,11804,946260.64
2024-05-17,2024-05-17,80.12,80.12,79.69,79.92,106734,8518263.78
2024-05-16,2024-05-16,80.43,80.43,79.91,80.26,303809,2.434241394E7
2024-05-15,2024-05-15,80.07,80.25,79.88,80.23,28335,2268259.92
2024-05-14,2024-05-14,79.66,79.8,79.46,79.77,37929,3022252.01
2024-05-13,2024-05-13,79.76,79.76,79.48,79.62,33405,2659596.09
2024-05-10,2024-05-10,79.35,79.72,79.35,79.65,30708,2444548.25
2024-05-09,2024-05-09,78.8,79.07,78.61,79.05,10163,801247.78
2024-05-08,2024-05-08,78.54,78.8,78.48,78.68,15763,1240359.54
2024-05-07,2024-05-07,77.97,78.45,77.87,78.41,46953,3669549.43
2024-05-06,2024-05-06,77.21,77.75,77.2,77.6,29961,2322043.23
2024-05-03,2024-05-03,76.98,77.44,76.81,77.08,30171,2324889.8
2024-05-02,2024-05-02,76.99,76.99,76.65,76.66,61551,4727015.07
2024-04-30,2024-04-30,77.59,77.59,76.85,76.99,34802,2684065.09
2024-04-29,2024-04-29,77.7,77.7,77.37,77.37,57894,4487720.09
2024-04-26,2024-04-26,77,77.43,76.84,77.36,24941,1924309.04
2024-04-25,2024-04-25,76.95,76.95,75.94,76.42,66215,5066059.8
2024-04-24,2024-04-24,77.41,77.41,76.84,76.91,40817,3155933.11
2024-04-23,2024-04-23,76.85,77.18,76.65,77.18,29466,2263820.93
2024-04-22,2024-04-22,76.24,76.42,75.93,76.3,32688,2489747.08
2024-04-19,2024-04-19,75.24,75.83,75.15,75.7,33511,2531496.99
2024-04-18,2024-04-18,75.74,75.9,75.48,75.79,20771,1572740.23
2024-04-17,2024-04-17,75.63,76.2,75.52,75.58,37063,2816963.7
2024-04-16,2024-04-16,75.84,75.95,75.33,75.56,37166,2812426.28
2024-04-15,2024-04-15,76.85,77.37,76.58,76.73,26072,2005693.45
2024-04-12,2024-04-12,77.21,77.41,76.44,76.62,33210.0,2563341.99
2024-04-11,2024-04-11,76.73,76.89,76.05,76.44,28567,2186386.63
2024-04-10,2024-04-10,77.1,77.14,76.12,76.7,21401,1640083.85
2024-04-09,2024-04-09,76.92,77.03,76.47,76.57,16849,1294979.74
2024-04-08,2024-04-08,76.64,77.09,76.58,77.03,44056,3385282.06
2024-04-05,2024-04-05,76.48,76.67,76.33,76.66,51007,3901501.55
2024-04-04,2024-04-04,77.27,77.44,77.09,77.34,18841,1455939.73
2024-04-03,2024-04-03,77.05,77.23,76.85,77.21,38112,2934739.36
2024-04-02,2024-04-02,78.34,78.34,76.9,77.01,67185,5210124.09
2024-03-28,2024-03-28,77.49,77.71,77.47,77.65,28319,2197908.07
2024-03-27,2024-03-27,77.29,77.46,77.18,77.38,14179,1096522.92
2024-03-26,2024-03-26,77.12,77.34,76.96,77.29,39204,3023660.82
2024-03-25,2024-03-25,77.13,77.24,76.82,77.15,50549,3897286.07
2024-03-22,2024-03-22,76.94,77.17,76.85,77.11,16706,1287537.78
2024-03-21,2024-03-21,76.99,77.11,76.64,77.06,22750.0,1748608.33
2024-03-20,2024-03-20,76.08,76.39,76.06,76.33,31531,2403438.88
2024-03-19,2024-03-19,76.12,76.35,75.99,76.35,20095,1528746.17
2024-03-18,2024-03-18,76.4,76.4,76.07,76.17,40050.0,3054476.64
2024-03-15,2024-03-15,76.59,76.88,76.38,76.4,20126,1540952.99
2024-03-14,2024-03-14,76.77,76.95,76.44,76.58,40815,3129356.51
2024-03-13,2024-03-13,76.54,76.79,76.44,76.66,25911,1986051.61
2024-03-12,2024-03-12,76.11,76.56,75.85,76.47,22459,1708252.33
2024-03-11,2024-03-11,75.65,75.81,75.5,75.75,27528,2082723.43
2024-03-08,2024-03-08,76.01,76.2,75.96,75.96,28223,2147304.69
2024-03-07,2024-03-07,75.09,76.07,74.96,76.03,32079,2420664.23
2024-03-06,2024-03-06,74.81,75.27,74.81,75.21,37858,2842482.8
2024-03-05,2024-03-05,74.85,75.02,74.72,74.88,23454,1755507.57
2024-03-04,2024-03-04,75.12,75.12,74.8,75,19042,1428697.1
2024-03-01,2024-03-01,74.9,75.04,74.67,75.03,46568,3487592.49
2024-02-29,2024-02-29,74.72,74.88,74.55,74.55,31908,2381859.57
2024-02-28,2024-02-28,74.82,74.82,74.52,74.57,27493,2051387.09
2024-02-27,2024-02-27,74.75,74.9,74.55,74.84,34030.0,2543892.52
2024-02-26,2024-02-26,74.84,74.88,74.69,74.7,18382,1375229.76
2024-02-23,2024-02-23,74.8,75.06,74.67,74.98,32716,2449093.54
2024-02-22,2024-02-22,74.72,74.8,74.41,74.68,81563,6088436.07
2024-02-21,2024-02-21,74.01,74.04,73.83,74,255587,1.89069308E7
2024-02-20,2024-02-20,74.08,74.21,73.92,74.06,15146,1122265.12
2024-02-19,2024-02-19,73.95,74.18,73.89,74.16,12259,907283.35
2024-02-16,2024-02-16,73.91,74.09,73.8,74.02,16963,1254661.28
2024-02-15,2024-02-15,73.47,73.59,73.36,73.56,34024,2501063.65
2024-02-14,2024-02-14,72.79,73.14,72.71,73.11,24139,1761460.54
2024-02-13,2024-02-13,73.23,73.25,72.48,72.72,36199,2645491.6
2024-02-12,2024-02-12,73.24,73.39,73.13,73.39,77306,5661152.78
2024-02-09,2024-02-09,73.08,73.17,72.78,72.99,57252,4184748.42
2024-02-08,2024-02-08,73.16,73.32,73,73.02,31743,2322112.6
2024-02-07,2024-02-07,73.39,73.4,73.05,73.09,24433,1787190.39
2024-02-06,2024-02-06,73.29,73.34,72.87,73.31,107353,7839410.9
2024-02-05,2024-02-05,72.94,73.14,72.71,72.88,83325,6074428.06
2024-02-02,2024-02-02,73.28,73.39,72.82,72.89,32561,2381911.79
2024-02-01,2024-02-01,72.87,73.11,72.74,72.89,60805,4435323.41
2024-01-31,2024-01-31,73.32,73.35,73.03,73.14,47679,3491702.91
2024-01-30,2024-01-30,73.19,73.25,73,73.11,27736,2027527.04
2024-01-29,2024-01-29,72.88,72.98,72.76,72.97,19806,1443423.02
2024-01-26,2024-01-26,72.29,72.9,72.26,72.83,17998,1308535.88
2024-01-25,2024-01-25,71.71,72.01,71.45,71.97,40401,2895963.83
2024-01-24,2024-01-24,71.57,71.81,71.43,71.81,17673,1266382.09
2024-01-23,2024-01-23,71.37,71.37,70.85,70.97,55216,3919562.42
2024-01-22,2024-01-22,71.06,71.26,70.87,71.15,39218,2787907.71
2024-01-19,2024-01-19,71.14,71.18,70.5,70.62,13050.0,924798.51
2024-01-18,2024-01-18,70.48,70.86,70.4,70.84,24324,1719699.87
2024-01-17,2024-01-17,70.45,70.51,70.04,70.47,26565,1868438.38
2024-01-16,2024-01-16,70.86,71.31,70.81,71.24,35038,2492938.45
2024-01-15,2024-01-15,71.83,71.86,71.3,71.39,85474,6106269.96
2024-01-12,2024-01-12,71.61,71.95,71.5,71.75,34360.0,2463682.07
2024-01-11,2024-01-11,72.07,72.23,71.15,71.15,23631,1695406.09
2024-01-10,2024-01-10,71.66,71.85,71.57,71.69,18356,1315806.1
2024-01-09,2024-01-09,72.04,72.04,71.56,71.8,25700.0,1843041.29
2024-01-08,2024-01-08,71.76,71.93,71.46,71.92,68660.0,4916908.79
2024-01-05,2024-01-05,71.48,71.9,71.1,71.8,31614,2256868.52
2024-01-04,2024-01-04,71.72,72,71.43,71.97,13351,957417.96
2024-01-03,2024-01-03,72.09,72.18,71.21,71.43,39163,2803995.37
2024-01-02,2024-01-02,72.51,72.62,71.65,72.04,57590.0,4157126.39
2023-12-29,2023-12-29,72.08,72.18,72.05,72.18,31981,2306766.27
2023-12-28,2023-12-28,72.15,72.24,71.86,71.88,29858,2148438.19
2023-12-27,2023-12-27,71.85,72.07,71.78,72.02,13636,981042.82
2023-12-22,2023-12-22,71.72,71.92,71.59,71.85,32332,2320786.23
2023-12-21,2023-12-21,71.66,71.74,71.44,71.74,19602,1402217.52
2023-12-20,2023-12-20,72.03,72.06,71.64,71.93,59956,4305686.88
2023-12-19,2023-12-19,71.57,71.82,71.57,71.78,36868,2643863.66
2023-12-18,2023-12-18,71.54,71.71,71.39,71.51,50449,3610682.84
2023-12-15,2023-12-15,71.89,72.07,71.6,71.75,40083,2882470.1
2023-12-14,2023-12-14,72.02,72.27,71.34,71.68,54888,3951012.11
2023-12-13,2023-12-13,71.18,71.45,71.15,71.21,100727,7180488.67
2023-12-12,2023-12-12,71.41,71.48,71.06,71.17,52089,3714115.35
2023-12-11,2023-12-11,71.12,71.36,70.95,71.27,78957,5617188
2023-12-08,2023-12-08,70.65,71.23,70.58,71.13,26519,1875771.33
2023-12-07,2023-12-07,70.52,70.66,70.47,70.53,20544,1450171.29
2023-12-06,2023-12-06,70.49,70.94,70.47,70.76,23282,1645486.98
2023-12-05,2023-12-05,70.01,70.47,70.01,70.47,56957,3995223.21
2023-12-04,2023-12-04,70.05,70.3,70,70.15,46171,3236875.31
2023-12-01,2023-12-01,69.75,70.19,69.63,70.19,82252,5755141.07
2023-11-30,2023-11-30,69.25,69.53,68.98,69.47,48787,3386939.14
2023-11-29,2023-11-29,68.75,69.21,68.75,69.08,20013,1380779.43
2023-11-28,2023-11-28,68.78,68.81,68.5,68.78,49946,3426497.65
2023-11-27,2023-11-27,69.2,69.26,68.97,69,20654,1427554.97
2023-11-24,2023-11-24,68.96,69.28,68.96,69.25,20203,1395786.3
2023-11-23,2023-11-23,68.97,69.05,68.82,69.05,26866,1852114.39
2023-11-22,2023-11-22,68.75,68.94,68.73,68.84,17811,1225673.61
2023-11-21,2023-11-21,68.65,68.65,68.46,68.64,21521,1475941.38
2023-11-20,2023-11-20,68.59,68.67,68.45,68.63,21238,1456508.9
2023-11-17,2023-11-17,68.18,68.66,68.17,68.57,40692,2787085.97
2023-11-16,2023-11-16,68.17,68.33,67.91,67.91,10333,703406.77
2023-11-15,2023-11-15,68.27,68.54,68.24,68.3,54222,3706229.07
2023-11-14,2023-11-14,67.26,68.08,67.15,68.01,9044,611311.78
2023-11-13,2023-11-13,66.98,67.25,66.92,67.22,5126,343881.57
2023-11-10,2023-11-10,67.01,67.03,66.38,66.69,58182,3884354.9
2023-11-09,2023-11-09,66.82,67.38,66.72,67.37,15851,1064199.25
2023-11-08,2023-11-08,66.38,67.1,66.3,66.78,31572,2100771.28
2023-11-07,2023-11-07,66.54,66.77,66.5,66.62,22047,1467910.83
2023-11-06,2023-11-06,66.89,66.95,66.63,66.71,58938,3932285.27
2023-11-03,2023-11-03,66.99,67.04,66.71,66.82,30782,2056181.74
2023-11-02,2023-11-02,66.14,66.89,66.14,66.76,62431,4165395.29
2023-11-01,2023-11-01,65.48,65.85,65.21,65.72,45350.0,2973657.81
2023-10-31,2023-10-31,64.92,65.39,64.92,65.24,28688,1871345.4
2023-10-30,2023-10-30,64.93,65.19,64.84,64.91,30829,2004820.04
2023-10-27,2023-10-27,65.12,65.32,64.54,64.66,84887,5522472.77
2023-10-26,2023-10-26,64.99,65.42,64.84,65.26,10838,705902.49
2023-10-25,2023-10-25,65.37,65.63,65.15,65.56,35377,2310442.63
2023-10-24,2023-10-24,65.29,65.61,64.97,65.52,29728,1944778.86
2023-10-23,2023-10-23,65.28,65.4,64.69,65.26,25102,1631007.06
2023-10-20,2023-10-20,65.57,65.89,65.31,65.32,51131,3352586.78
2023-10-19,2023-10-19,66.64,66.64,66.16,66.25,9985,663478.71
2023-10-18,2023-10-18,67.54,67.72,66.98,66.98,31935,2149178.97
2023-10-17,2023-10-17,67.69,67.94,67.31,67.71,35752,2416429.17
2023-10-16,2023-10-16,67.89,67.91,67.33,67.8,24208,1637749.56
2023-10-13,2023-10-13,68.11,68.19,67.6,67.62,12799,868830.72
2023-10-12,2023-10-12,68.49,68.76,68.25,68.25,25271,1733182.17
2023-10-11,2023-10-11,67.87,68.31,67.87,68.17,34677,2364166.53
2023-10-10,2023-10-10,67.36,68.1,67.36,68.06,21047,1423743.64
2023-10-09,2023-10-09,66.85,67.07,66.5,66.75,15691,1048224.46
2023-10-06,2023-10-06,66.55,66.94,66.22,66.94,33845,2256051.75
2023-10-05,2023-10-05,66.4,66.64,66.16,66.4,31596,2097506.61
2023-10-04,2023-10-04,66.09,66.64,65.88,66.21,149416,9917168.03
2023-10-03,2023-10-03,66.84,67.12,66.25,66.25,21041,1400963.36
2023-10-02,2023-10-02,67.8,67.96,66.76,67,56581,3814977.71
2023-09-29,2023-09-29,67.84,68.2,67.64,67.64,76895,5223807.59
2023-09-28,2023-09-28,67.25,67.45,66.79,67.45,31061,2085193.87
2023-09-27,2023-09-27,67.17,67.43,67.02,67.13,43627,2936677.71
2023-09-26,2023-09-26,67.39,67.42,67.1,67.19,25899,1741521.22
2023-09-25,2023-09-25,67.84,68.15,67.25,67.65,36092,2445829.2
2023-09-22,2023-09-22,67.87,68.24,67.83,68.02,29236,1989236.59
2023-09-21,2023-09-21,68.72,68.8,68.24,68.25,16579,1134922.61
2023-09-20,2023-09-20,68.75,69.21,68.64,69.17,12129,836977.28
2023-09-19,2023-09-19,68.42,68.71,68.37,68.51,25624,1757255.32
2023-09-18,2023-09-18,69.18,69.18,68.46,68.54,90731,6249311.17
2023-09-15,2023-09-15,69.81,69.81,69.25,69.27,25897,1802041.7
2023-09-14,2023-09-14,68.2,69.16,67.99,69.08,29865,2051202.66
2023-09-13,2023-09-13,68.08,68.15,67.67,68.08,11197,760736.68
2023-09-12,2023-09-12,68.59,68.59,68.23,68.3,26982,1844996.07
2023-09-11,2023-09-11,68.49,68.75,68.27,68.43,12276,840365.67
2023-09-08,2023-09-08,68.2,68.23,67.57,68.17,121093,8210001.26
2023-09-07,2023-09-07,67.84,68.27,67.78,68.08,69863,4759411.49
2023-09-06,2023-09-06,68.17,68.22,67.88,68.1,31211,2123355.49
2023-09-05,2023-09-05,68.27,68.73,68.1,68.44,48873,3348112.47
2023-09-04,2023-09-04,69.04,69.3,68.61,68.66,36042,2490782.65
2023-09-01,2023-09-01,68.7,69,68.62,68.69,65977,4538730.5
2023-08-31,2023-08-31,68.86,69.12,68.7,68.7,105626,7276057.14
2023-08-30,2023-08-30,69.03,69.13,68.34,68.81,42907,2952568.53
2023-08-29,2023-08-29,68.6,68.97,68.5,68.97,14084,968714.63
2023-08-28,2023-08-28,68.15,68.56,67.97,68.45,28002,1914658.45
2023-08-25,2023-08-25,67.59,68.07,67.57,67.7,19393,1316171.35
2023-08-24,2023-08-24,68.56,68.67,67.68,67.68,33479,2284008.67
2023-08-23,2023-08-23,67.91,68.17,67.76,67.97,13231,899632.94
2023-08-22,2023-08-22,67.58,68.04,67.53,67.71,22203,1506981.48
2023-08-21,2023-08-21,67.3,67.78,67.2,67.28,14199,957804.3
2023-08-18,2023-08-18,67.22,67.26,66.77,67.16,29681,1988406.37
2023-08-17,2023-08-17,67.88,68.05,67.54,67.55,28858,1958838.04
2023-08-16,2023-08-16,68.04,68.3,67.94,68.12,9585,652810.55
2023-08-15,2023-08-15,68.8,68.8,67.91,68.12,26668,1819739.17
2023-08-14,2023-08-14,68.65,68.86,68.51,68.82,11263,773447.26
2023-08-11,2023-08-11,69.07,69.2,68.5,68.65,15995,1101595.97
2023-08-10,2023-08-10,69.05,69.62,69.05,69.47,12013,832099.71
2023-08-09,2023-08-09,69.13,69.21,68.79,68.86,11059,763224.75
2023-08-08,2023-08-08,68.43,68.61,68.13,68.53,26584,1817704.39
2023-08-07,2023-08-07,68.42,68.68,68.2,68.68,20361,1394185.94
2023-08-04,2023-08-04,68.41,68.59,68.05,68.58,32751,2238109.69
2023-08-03,2023-08-03,68.31,68.45,68.04,68.44,65485,4470824.63
2023-08-02,2023-08-02,68.92,69.22,68.53,68.85,23181,1594624.26
2023-08-01,2023-08-01,70.27,70.35,69.65,69.65,58556,4092934.61
2023-07-31,2023-07-31,70.3,70.5,70.18,70.37,35115,2471915.59
2023-07-28,2023-07-28,70.2,70.42,70.1,70.33,32468,2283311.74
2023-07-27,2023-07-27,69.89,70.55,69.76,70.48,27330.0,1920746.34
2023-07-26,2023-07-26,69.86,69.86,69.01,69.48,34140.0,2370890.77
2023-07-25,2023-07-25,69.58,69.95,69.48,69.92,37611,2621944.37
2023-07-24,2023-07-24,69.35,69.63,69.3,69.58,30218,2099624.1
2023-07-21,2023-07-21,69.19,69.49,69.19,69.49,33507,2321936.24
2023-07-20,2023-07-20,68.93,69.31,68.79,69.31,17081,1180333.75
2023-07-19,2023-07-19,69.2,69.2,68.9,68.93,16918,1167939.76
2023-07-18,2023-07-18,68.37,68.89,68.33,68.83,44473,3048008.41
2023-07-17,2023-07-17,68.45,68.71,68.34,68.46,122738,8399605.8
2023-07-14,2023-07-14,68.86,69.08,68.78,68.85,19494,1343646.45
2023-07-13,2023-07-13,68.48,69.1,68.48,68.9,30274,2086931.51
2023-07-12,2023-07-12,67.64,68.48,67.6,68.45,15488,1055371.55
2023-07-11,2023-07-11,67.27,67.54,67.05,67.49,32805,2209879.27
2023-07-10,2023-07-10,66.72,67.11,66.66,67,11673,781342.4
2023-07-07,2023-07-07,66.71,67.04,66.48,66.88,8097,540640.78
2023-07-06,2023-07-06,67.96,67.96,66.69,66.85,26016,1754072.02
2023-07-05,2023-07-05,68.59,68.72,68.35,68.42,20319,1391921.27
2023-07-04,2023-07-04,68.91,69.07,68.87,68.94,11283,778607.01
2023-07-03,2023-07-03,69.2,69.32,68.86,68.91,46832,3235228.2
2023-06-30,2023-06-30,68.47,69.14,68.42,69.06,33137,2284308.28
2023-06-29,2023-06-29,68.28,68.34,68.12,68.24,10288,701966.76
2023-06-28,2023-06-28,68.12,68.24,68,68.22,29117,1983177.38
2023-06-27,2023-06-27,67.98,68.02,67.36,67.73,8091,547304.51
2023-06-26,2023-06-26,67.8,67.8,67.34,67.7,15463,1046621.49
2023-06-23,2023-06-23,67.62,68.02,67.51,67.74,15174,1029797.88
2023-06-22,2023-06-22,67.67,67.98,67.39,67.98,19421,1314303.94
2023-06-21,2023-06-21,68.47,68.64,68.24,68.31,24644,1687907
2023-06-20,2023-06-20,68.77,68.96,68.61,68.63,26696,1834388.79
2023-06-19,2023-06-19,69.39,69.39,68.96,69.02,14730.0,1019044.46
2023-06-16,2023-06-16,69.48,69.85,69.33,69.72,12704,885813.95
2023-06-15,2023-06-15,69.24,69.34,68.96,69.3,33670.0,2330549.55
2023-06-14,2023-06-14,69.2,69.62,69.18,69.4,30446,2115067.88
2023-06-13,2023-06-13,69.1,69.27,68.77,69.18,202154,1.397251863E7
2023-06-12,2023-06-12,68.99,69.1,68.75,68.8,27618,1902991.82
2023-06-09,2023-06-09,68.89,68.92,68.47,68.68,62240.0,4266946.24
2023-06-08,2023-06-08,68.71,68.89,68.66,68.84,40228,2768033.04
2023-06-07,2023-06-07,68.86,69.05,68.75,68.82,15983,1100601.45
2023-06-06,2023-06-06,68.67,68.98,68.55,68.96,18318,1258106.38
2023-06-05,2023-06-05,69.03,69.14,68.63,68.64,38920.0,2685229.59
2023-06-02,2023-06-02,68.34,69.02,68.24,68.98,19210.0,1317250.03
2023-06-01,2023-06-01,67.84,68.11,67.62,67.95,39204,2660938
2023-05-31,2023-05-31,67.68,68.14,67.35,67.46,49967,3394850.54
2023-05-30,2023-05-30,68.68,68.97,68.11,68.19,72780.0,5005112.44
2023-05-29,2023-05-29,69.17,69.23,68.75,68.86,18165,1252229.66
2023-05-26,2023-05-26,68.46,68.99,68.02,68.89,13813,944038.12
2023-05-25,2023-05-25,68.35,68.46,68.09,68.09,10721,732472.95
2023-05-24,2023-05-24,68.93,68.93,68.1,68.35,21028,1440406.03
2023-05-23,2023-05-23,69.76,69.88,69.51,69.51,24223,1688729.47
2023-05-22,2023-05-22,69.99,70.12,69.86,70,21112,1477640.31
2023-05-19,2023-05-19,69.8,70.25,69.66,69.99,71617,5025158.47
2023-05-18,2023-05-18,69.46,69.83,69.46,69.57,4418,307598.03
2023-05-17,2023-05-17,69.03,69.28,68.87,69.14,13532,935295.35
2023-05-16,2023-05-16,69.33,69.5,69.14,69.22,23233,1612783.06
2023-05-15,2023-05-15,69.59,69.66,69.32,69.47,26281,1825872.65
2023-05-12,2023-05-12,69.37,69.54,69.24,69.3,19063,1322769
2023-05-11,2023-05-11,69.21,69.47,68.7,68.95,15142,1046619.91
2023-05-10,2023-05-10,69.27,69.28,68.74,68.88,20759,1433655.42
2023-05-09,2023-05-09,69.34,69.43,68.87,69.23,20546,1420474.93
2023-05-08,2023-05-08,69.19,69.53,69.17,69.45,27070.0,1879803.05
2023-05-05,2023-05-05,68.59,69.17,68.35,69.17,15260.0,1046979.8
2023-05-04,2023-05-04,68.36,68.44,67.97,68.35,22255,1517744.54
2023-05-03,2023-05-03,68.63,68.75,68.53,68.6,25182,1727875.32
2023-05-02,2023-05-02,69.19,69.3,68.29,68.37,80953,5572899.5
2023-04-28,2023-04-28,69.01,69.15,68.38,69.15,37165,2555919.31
2023-04-27,2023-04-27,68.51,68.82,68.45,68.71,33136,2276686
2023-04-26,2023-04-26,68.92,68.93,68.3,68.54,14417,988845.61
2023-04-25,2023-04-25,69.12,69.18,68.97,69.12,34022,2349549.38
2023-04-24,2023-04-24,69.21,69.44,69.21,69.31,25915,1797404.63
2023-04-21,2023-04-21,69.02,69.26,68.8,69.26,8142,561743.02
2023-04-20,2023-04-20,69.04,69.09,68.75,69.03,23366,1609153.91
2023-04-19,2023-04-19,69,69.1,68.84,69.05,22998,1585864.27
2023-04-18,2023-04-18,68.95,69.3,68.95,69.13,11622,804068.15
2023-04-17,2023-04-17,69.04,69.12,68.79,68.85,104129,7180689.34
2023-04-14,2023-04-14,68.63,69,68.6,68.88,26455,1820839.46
2023-04-13,2023-04-13,68.4,68.51,68.21,68.5,64142,4382980.77
2023-04-12,2023-04-12,68.06,68.48,68,68.11,64842,4418107.44
2023-04-11,2023-04-11,68.19,68.36,67.83,68.05,14152,962272.98
2023-04-06,2023-04-06,67.41,67.72,67.41,67.71,5202,351502.47
2023-04-05,2023-04-05,67.27,67.4,67.1,67.33,45797,3078018.69
2023-04-04,2023-04-04,67.68,67.82,67.29,67.29,113160.0,7659002.51
2023-04-03,2023-04-03,67.52,67.56,67.33,67.41,161171,1.087098409E7
2023-03-31,2023-03-31,67.04,67.5,66.92,67.42,38826,2608485.63
2023-03-30,2023-03-30,66.68,67,66.56,66.92,28920.0,1932034.26
2023-03-29,2023-03-29,65.74,66.3,65.69,66.3,71333,4716027
2023-03-28,2023-03-28,65.86,65.88,65.27,65.42,40045,2620909.08
2023-03-27,2023-03-27,65.57,65.65,65.08,65.47,59169,3871746.9
2023-03-24,2023-03-24,65.28,65.28,64.32,64.78,65220.0,4221200.07
2023-03-23,2023-03-23,65.36,65.69,65.08,65.57,28974,1892908.38
2023-03-22,2023-03-22,65.56,65.99,65.48,65.74,18023,1184439.33
2023-03-21,2023-03-21,65.26,65.85,65.24,65.57,22164,1454833.91
2023-03-20,2023-03-20,63.82,64.95,62.96,64.7,134708,8664619.2
2023-03-17,2023-03-17,65.35,65.64,63.9,64.09,24493,1587285.17
2023-03-16,2023-03-16,64.91,64.95,63.77,64.82,72263,4656553.61
2023-03-15,2023-03-15,65.73,65.87,63.89,64.03,31073,2010164.19
2023-03-14,2023-03-14,65.11,66,64.91,65.97,172579,1.126966336E7
2023-03-13,2023-03-13,66.24,66.27,64.6,64.93,214723,1.397769504E7
2023-03-10,2023-03-10,66.38,66.77,66.1,66.51,38688,2568548.22
2023-03-09,2023-03-09,67.4,67.49,67.12,67.38,43732,2946722.25
2023-03-08,2023-03-08,67.25,67.52,67.2,67.5,26062,1754568.25
2023-03-07,2023-03-07,67.87,68.13,67.42,67.43,19048,1290302.6
2023-03-06,2023-03-06,68.05,68.15,67.78,67.96,32146,2185772.81
2023-03-03,2023-03-03,67.72,67.98,67.61,67.96,11536,782195.05
2023-03-02,2023-03-02,66.66,67.34,66.48,67.32,22172,1486869.62
2023-03-01,2023-03-01,67.52,67.66,66.84,66.97,38525,2591516.31
2023-02-28,2023-02-28,67.42,67.74,67.28,67.4,27126,1831235.25
2023-02-27,2023-02-27,67.52,67.94,67.45,67.72,26111,1768316.87
2023-02-24,2023-02-24,68.02,68.02,66.91,66.91,48083,3247923.92
2023-02-23,2023-02-23,67.77,68.08,67.68,67.7,28096,1907650.0
2023-02-22,2023-02-22,67.67,67.76,67.23,67.72,39073,2639365.79
2023-02-21,2023-02-21,67.9,68.03,67.37,67.89,37383,2535354.07
2023-02-20,2023-02-20,68.2,68.29,67.87,68.05,15509,1055490.36
2023-02-17,2023-02-17,67.57,68.11,67.29,67.96,36605,2479041.83
2023-02-16,2023-02-16,68.38,68.42,67.71,68.07,36319,2470259.79
2023-02-15,2023-02-15,67.46,68.01,67.46,68.01,16622,1125867.52
2023-02-14,2023-02-14,67.76,68.03,67.59,67.61,25299,1717887.51
2023-02-13,2023-02-13,67.1,67.59,67.08,67.59,50921,3432985.33
2023-02-10,2023-02-10,67.13,67.32,66.6,66.95,33841,2268437.27
2023-02-09,2023-02-09,67.66,67.89,67.56,67.59,69487,4708705.96
2023-02-08,2023-02-08,67.55,67.63,67.11,67.11,33175,2236223.54
2023-02-07,2023-02-07,67.04,67.06,66.8,66.99,50792,3397734.81
2023-02-06,2023-02-06,67,67.06,66.57,66.86,21007,1403039.36
2023-02-03,2023-02-03,66.79,67.33,66.66,67.33,260421,1.744078158E7
2023-02-02,2023-02-02,66.52,67.11,66.49,67.05,33043,2205363.05
2023-02-01,2023-02-01,66.47,66.59,66.1,66.23,80055,5315498.67
2023-01-31,2023-01-31,66.36,66.37,65.78,66.33,57026,3771740.92
2023-01-30,2023-01-30,66.21,66.52,65.99,66.45,19236,1273166.81
2023-01-27,2023-01-27,66.41,66.55,66.23,66.53,26842,1783120.74
2023-01-26,2023-01-26,66.48,66.6,66.32,66.41,53739,3570920.97
2023-01-25,2023-01-25,66.3,66.3,65.81,66.14,47127,3106917.98
2023-01-24,2023-01-24,66.68,66.68,66.06,66.35,16478,1092941.99
2023-01-23,2023-01-23,66.18,66.5,66.1,66.45,16705,1106820.55
2023-01-20,2023-01-20,66.18,66.18,65.9,66.11,16563,1094033.6
2023-01-19,2023-01-19,66.52,66.56,65.8,65.9,62813,4152731.64
2023-01-18,2023-01-18,66.85,67.1,66.77,66.85,17269,1155250.89
2023-01-17,2023-01-17,66.44,66.75,66.25,66.75,176388,1.17231003E7
2023-01-16,2023-01-16,66.35,66.47,66.13,66.45,56624,3757605.61
2023-01-13,2023-01-13,65.94,66.21,65.8,66.13,12589,830964.73
2023-01-12,2023-01-12,65.64,65.91,65.5,65.77,12346,812028.39
2023-01-11,2023-01-11,65.32,65.56,65.16,65.42,53520.0,3503539.95
2023-01-10,2023-01-10,65.18,65.23,65.01,65.16,20587,1340983.57
2023-01-09,2023-01-09,65.23,65.66,65.18,65.46,18993,1241378.71
2023-01-06,2023-01-06,64.53,65.1,64.21,65.1,4914,317158.03
2023-01-05,2023-01-05,64.14,64.49,64.13,64.33,29715,1911878.92
2023-01-04,2023-01-04,63.74,64.43,63.74,64.43,24162,1551446.54
2023-01-03,2023-01-03,63.21,63.82,63.05,63.44,22775,1443611.86
2023-01-02,2023-01-02,62.62,63.1,62.56,63.1,20181,1267984.58
2022-12-30,2022-12-30,62.58,62.58,62.34,62.34,55757,3479942.02
2022-12-29,2022-12-29,62.13,62.83,62.06,62.78,40558,2540865.77
2022-12-28,2022-12-28,62.8,62.8,62.34,62.34,68876,4308769.63
2022-12-27,2022-12-27,62.43,62.78,62.43,62.51,32184,2016001.78
2022-12-23,2022-12-23,62.36,62.57,62.08,62.39,50587,3153800.2
2022-12-22,2022-12-22,63.03,63.18,62.25,62.3,33293,2089015.33
2022-12-21,2022-12-21,62.06,62.89,62.06,62.85,71879,4489403.61
2022-12-20,2022-12-20,61.57,62.03,61.49,61.88,26983,1667793.17
2022-12-19,2022-12-19,62.04,62.35,62.04,62.08,60680.0,3777304.88
2022-12-16,2022-12-16,62.63,62.66,61.78,61.94,145385,9016383.38
2022-12-15,2022-12-15,64.02,64.02,62.74,62.74,31173,1982465.61
2022-12-14,2022-12-14,64.37,64.55,64.11,64.54,43809,2813802.96
2022-12-13,2022-12-13,64,65.13,63.8,64.51,127037,8205236.51
2022-12-12,2022-12-12,63.83,63.92,63.62,63.83,33796,2154127.88
2022-12-09,2022-12-09,63.8,64.08,63.52,64.08,16792,1071696.59
2022-12-08,2022-12-08,63.65,63.7,63.39,63.55,35505,2257115.4
2022-12-07,2022-12-07,64.03,64.11,63.6,63.7,68203,4348298.71
2022-12-06,2022-12-06,64.45,64.52,63.96,64.13,73016,4683981.28
2022-12-05,2022-12-05,64.58,64.71,64.38,64.38,78668,5082183.7
2022-12-02,2022-12-02,64.59,65.1,64.38,64.76,42263,2735042.54
2022-12-01,2022-12-01,64.92,64.99,64.59,64.87,71781,4653691.69
2022-11-30,2022-11-30,64.07,64.38,63.96,64.38,16172,1039585.85
2022-11-29,2022-11-29,64.01,64.13,63.74,63.79,33557,2148247.79
2022-11-28,2022-11-28,63.88,64.08,63.6,63.89,42566,2715248.47
2022-11-25,2022-11-25,64.09,64.28,64.05,64.23,12925,829122.74
2022-11-24,2022-11-24,63.88,64.3,63.88,64.19,94320.0,6046778.59
2022-11-23,2022-11-23,63.63,63.99,63.55,63.91,16153,1028914.77
2022-11-22,2022-11-22,63.16,63.64,63.1,63.55,26967,1708139.34
2022-11-21,2022-11-21,63.12,63.23,62.99,63.19,10606,669107.97
2022-11-18,2022-11-18,62.71,63.2,62.65,63.15,15685,988857.29
2022-11-17,2022-11-17,63.02,63.02,62.07,62.48,8203,513140.64
2022-11-16,2022-11-16,63.23,63.24,62.6,62.65,25722,1617565.4
2022-11-15,2022-11-15,63.16,63.46,62.92,63.22,22873,1442575.68
2022-11-14,2022-11-14,63.12,63.37,62.96,63.04,13257,836812.98
2022-11-11,2022-11-11,63.06,63.29,62.82,62.92,66614,4195459.27
2022-11-10,2022-11-10,60.98,62.85,60.96,62.85,63748,3991592.87
2022-11-09,2022-11-09,61.29,61.29,61,61.21,27112,1656491.02
2022-11-08,2022-11-08,60.6,61.4,60.6,61.37,24717,1506554.36
2022-11-07,2022-11-07,60.44,61.1,60.44,60.88,42970.0,2617292.06
2022-11-04,2022-11-04,60.03,61.1,60.02,60.67,51118,3099942.37
2022-11-03,2022-11-03,59.58,59.7,59.15,59.65,11734,697794.91
2022-11-02,2022-11-02,60.62,60.62,60.17,60.24,44058,2656854.87
2022-11-01,2022-11-01,60.57,60.94,60.27,60.37,34360.0,2086178.97
2022-10-31,2022-10-31,59.9,60.18,59.7,60.05,56627,3397022.23
2022-10-28,2022-10-28,59.2,59.83,59.13,59.8,61323,3648418.91
2022-10-27,2022-10-27,59.56,59.88,59.33,59.86,51765,3092064.95
2022-10-26,2022-10-26,59.39,59.78,59.09,59.78,63409,3766038.48
2022-10-25,2022-10-25,58.81,59.45,58.58,59.45,28191,1658271.16
2022-10-24,2022-10-24,58.56,58.96,57.95,58.58,23249,1355014.87
2022-10-21,2022-10-21,57.56,57.91,57.02,57.85,46140.0,2642935.15
2022-10-20,2022-10-20,57.85,58.25,57.62,58.17,18279,1058124.23
2022-10-19,2022-10-19,58.33,58.45,57.97,57.98,19356,1127816.16
2022-10-18,2022-10-18,58.39,58.87,58.18,58.18,25325,1482803.45
2022-10-17,2022-10-17,57.4,58.3,56.96,58.03,31291,1799753.88
2022-10-14,2022-10-14,57.6,57.87,56.99,56.99,50956,2923379.57
2022-10-13,2022-10-13,56,56.95,55.4,56.89,28940.0,1633604.58
2022-10-12,2022-10-12,56.47,56.86,56.07,56.3,34765,1961359.85
2022-10-11,2022-10-11,56.52,56.77,56.15,56.64,64278,3624466.71
2022-10-10,2022-10-10,57.05,57.35,56.65,56.93,66465,3787542.99
2022-10-07,2022-10-07,57.66,57.93,57.13,57.13,37959,2182331.13
2022-10-06,2022-10-06,58.53,58.65,57.69,57.8,28601,1665618.58
2022-10-05,2022-10-05,58.47,58.66,58,58.31,37814,2204568.6
2022-10-04,2022-10-04,57.53,58.8,57.53,58.8,133793,7806048.73
2022-10-03,2022-10-03,56.12,57,55.65,56.93,67059,3768471.39
2022-09-30,2022-09-30,56.09,56.65,56.09,56.54,12865,726274.02
2022-09-29,2022-09-29,56.29,56.32,55.49,55.86,32788,1834815.01
2022-09-28,2022-09-28,56.25,56.79,55.57,56.79,40909,2291027.9
2022-09-27,2022-09-27,56.96,57.36,56.51,56.51,35788,2039511.07
2022-09-26,2022-09-26,56.57,57.03,56.18,56.64,117609,6660952.48
2022-09-23,2022-09-23,58.15,58.15,56.6,56.8,42305,2429055.35
2022-09-22,2022-09-22,58.39,59.06,58.12,58.12,17938,1052456.12
2022-09-21,2022-09-21,58.66,59.26,58.5,59.26,19189,1130604.81
2022-09-20,2022-09-20,59.66,59.77,58.65,58.68,15983,942622.5
2022-09-19,2022-09-19,59,59.55,58.63,59.33,15996,946444.3
2022-09-16,2022-09-16,59.74,59.83,59.33,59.33,17639,1052275.37
2022-09-15,2022-09-15,60.81,61,60.22,60.33,32758,1991305.15
2022-09-14,2022-09-14,61.05,61.16,60.47,60.7,61780.0,3754546.8
2022-09-13,2022-09-13,62.32,62.53,61.27,61.27,8790.0,546964.88
2022-09-12,2022-09-12,61.23,62.25,61.18,62.13,11591,716033.44
2022-09-09,2022-09-09,60.41,61.25,60.41,61.15,20554,1253934.98
2022-09-08,2022-09-08,60.23,60.31,59.43,60.23,15222,912721.53
2022-09-07,2022-09-07,59.81,60.04,59.62,59.95,19146,1146310.68
2022-09-06,2022-09-06,60.25,60.61,59.9,60.29,20497,1236453.38
2022-09-05,2022-09-05,59.7,60.21,59.47,60.15,27336,1635912.1
2022-09-02,2022-09-02,59.71,60.5,59.48,60.5,14614,873008.84
2022-09-01,2022-09-01,60,60,59.23,59.38,85116,5070498.98
2022-08-31,2022-08-31,61.2,61.28,60.38,60.38,58347,3547804.67
2022-08-30,2022-08-30,61.64,62.02,60.94,61.05,34799,2141190.0
2022-08-29,2022-08-29,61.5,61.53,60.95,61.4,16059,983430.88
2022-08-26,2022-08-26,63.28,63.29,61.96,61.96,68927,4318536.27
2022-08-25,2022-08-25,63.23,63.3,62.78,62.95,9244,582349.82
2022-08-24,2022-08-24,62.52,62.9,62.32,62.82,5068,317189.73
2022-08-23,2022-08-23,62.76,63,62.62,62.73,15047,943393.5
2022-08-22,2022-08-22,63.33,63.38,62.72,63,45954,2892560.13
2022-08-19,2022-08-19,63.64,63.9,63.47,63.54,52220.0,3323865.51
2022-08-18,2022-08-18,63.54,63.94,63.54,63.94,5432,346887.13
2022-08-17,2022-08-17,64.37,64.39,63.57,63.64,6907,441239.26
2022-08-16,2022-08-16,64.23,64.39,64.04,64.21,26560.0,1704067.9
2022-08-15,2022-08-15,64.18,64.19,63.84,64.08,13883,889381.96
2022-08-12,2022-08-12,63.79,64,63.72,63.9,37803,2412376.59
2022-08-11,2022-08-11,63.96,64,63.62,63.81,51620.0,3290802.93
2022-08-10,2022-08-10,62.97,63.73,62.9,63.59,12861,813630.39
2022-08-09,2022-08-09,63.45,63.52,63.12,63.12,21101,1335545.15
2022-08-08,2022-08-08,63.65,63.86,63.37,63.55,68465,4360727.9
2022-08-05,2022-08-05,63.55,63.6,63.05,63.12,193413,1.223629063E7
2022-08-04,2022-08-04,63.5,63.97,63.4,63.54,41638,2648802.55
2022-08-03,2022-08-03,63.01,63.5,62.98,63.46,49267,3115519.21
2022-08-02,2022-08-02,63.23,63.24,62.8,63.21,98698,6213173.52
2022-08-01,2022-08-01,63.47,63.73,63.3,63.36,96870.0,6151522.14
2022-07-29,2022-07-29,62.95,63.54,62.9,63.47,11555,731576.71
2022-07-28,2022-07-28,62.37,62.69,62.08,62.69,19513,1215827.91
2022-07-27,2022-07-27,62.02,62.19,61.88,62.04,16400.0,1017045.71
2022-07-26,2022-07-26,61.83,61.98,61.66,61.78,17359,1072922.63
2022-07-25,2022-07-25,61.47,61.87,61.32,61.77,37530.0,2313698.92
2022-07-22,2022-07-22,61.35,61.95,61.35,61.63,6997,432139.22
2022-07-21,2022-07-21,61.1,61.55,61,61.55,18144,1110151.97
2022-07-20,2022-07-20,61.47,61.63,61.03,61.26,67777,4156822.43
2022-07-19,2022-07-19,60.48,61.46,59.99,61.4,15042,912389.65
2022-07-18,2022-07-18,60.56,60.9,60.5,60.59,29636,1798474.77
2022-07-15,2022-07-15,59.19,60.07,59.19,60.07,14628,870729.41
2022-07-14,2022-07-14,59.78,59.86,58.75,58.95,16781,996061.58
2022-07-13,2022-07-13,60.16,60.4,59.39,59.92,52055,3114388.14
2022-07-12,2022-07-12,60.05,60.51,59.86,60.51,205959,1.24122076E7
2022-07-11,2022-07-11,59.76,60.39,59.76,60.3,17275,1039940.98
2022-07-08,2022-07-08,60.18,60.52,59.98,60.48,30042,1809382.82
2022-07-07,2022-07-07,59.74,60.26,59.74,60.24,50877,3052214.97
2022-07-06,2022-07-06,58.88,59.35,58.81,59.14,20061,1185705.22
2022-07-05,2022-07-05,59.68,59.7,58.16,58.16,46507,2736398.25
2022-07-04,2022-07-04,59.49,59.66,59.32,59.32,18735,1114683.42
2022-07-01,2022-07-01,58.47,59.34,58.47,59.14,49207,2899658.01
2022-06-30,2022-06-30,59.13,59.2,58.64,59.04,52038,3061661.01
2022-06-29,2022-06-29,59.81,60.07,59.48,60.03,54001,3227161.61
2022-06-28,2022-06-28,60.52,60.71,60.2,60.2,12608,763332.22
2022-06-27,2022-06-27,60.23,60.6,59.87,60.14,31970.0,1921995.04
2022-06-24,2022-06-24,58.48,59.9,58.46,59.9,9205,543616.44
2022-06-23,2022-06-23,58.47,58.78,57.76,58.19,38232,2233282.46
2022-06-22,2022-06-22,58.34,58.88,58.09,58.71,19637,1145207.95
2022-06-21,2022-06-21,59.29,59.61,59.12,59.15,65933,3909108.02
2022-06-20,2022-06-20,58.68,58.93,58.3,58.93,113433,6651970.15
2022-06-17,2022-06-17,58.58,59.26,58.3,58.3,53042,3122290.53
2022-06-16,2022-06-16,59.64,59.67,58.33,58.36,85496,5012572.94
2022-06-15,2022-06-15,59.58,60.11,59.08,59.85,43588,2599765.04
2022-06-14,2022-06-14,60.2,60.2,58.99,58.99,52007,3110338.79
2022-06-13,2022-06-13,60.48,60.64,59.55,59.76,56964,3415379.23
2022-06-10,2022-06-10,62.4,62.4,61.02,61.08,84855,5248500.67
2022-06-09,2022-06-09,63.28,63.44,62.63,62.77,21086,1330063.92
2022-06-08,2022-06-08,63.99,64.03,63.29,63.65,30495,1938854.03
2022-06-07,2022-06-07,63.94,64.03,63.63,64.03,34477,2200787.89
2022-06-06,2022-06-06,64.01,64.52,64.01,64.2,16013,1029593.01
2022-06-03,2022-06-03,64.16,64.22,63.49,63.58,30037,1913372.8
2022-06-02,2022-06-02,63.72,63.86,63.52,63.77,12292,783471.15
2022-06-01,2022-06-01,64.3,64.35,63.34,63.35,30952,1972171.17
2022-05-31,2022-05-31,64.2,64.44,63.9,63.98,56516,3624619.05
2022-05-30,2022-05-30,64.48,64.61,64.25,64.45,30477,1966130.81
2022-05-27,2022-05-27,63.5,64.13,63.25,64.13,35189,2238941.07
2022-05-26,2022-05-26,62.65,63.41,62.65,63.27,7656,482632.8
2022-05-25,2022-05-25,62.68,62.78,62.23,62.61,14445,903392.47
2022-05-24,2022-05-24,62.3,62.64,62.18,62.22,9990.0,622646.01
2022-05-23,2022-05-23,62.77,62.88,62.21,62.88,21858,1366110.71
2022-05-20,2022-05-20,62.09,62.63,62,62.04,14883,928986.4
2022-05-19,2022-05-19,61.87,61.9,60.98,61.67,39283,2413432.46
2022-05-18,2022-05-18,63.2,63.24,62.43,62.43,69342,4362339.06
2022-05-17,2022-05-17,62.87,63.51,62.78,63.18,56090.0,3544358.13
2022-05-16,2022-05-16,62.21,62.47,61.91,62.31,69630.0,4335755.28
2022-05-13,2022-05-13,61.4,62.43,61.4,62.43,43934,2719914.73
2022-05-12,2022-05-12,60.24,61.28,60.07,61.01,50660.0,3058005.03
2022-05-11,2022-05-11,60.81,61.5,60.4,61.41,31504,1924255.5
2022-05-10,2022-05-10,60.55,61.15,60.43,60.45,36124,2189727.5
2022-05-09,2022-05-09,61.52,61.7,60,60.01,43982,2664631.07
2022-05-06,2022-05-06,62.54,62.59,61.37,61.74,32953,2041013
2022-05-05,2022-05-05,64.42,64.42,62.81,62.9,34240.0,2180140.35
2022-05-04,2022-05-04,64,64.02,63.22,63.22,101204,6437586.61
2022-05-03,2022-05-03,63.69,64.01,63.5,63.93,83442,5316741.04
2022-05-02,2022-05-02,63.79,63.87,62.6,63.28,70107,4441945.64
2022-04-29,2022-04-29,64.35,64.75,64.15,64.38,49916,3217846.55
2022-04-28,2022-04-28,63.88,64.24,63.34,63.82,32443,2075808.41
2022-04-27,2022-04-27,62.84,63.54,62.29,63.34,29467,1860924.57
2022-04-26,2022-04-26,64,64.04,62.85,62.85,17224,1092598.17
2022-04-25,2022-04-25,63.54,63.9,63.07,63.43,28489,1806158.86
2022-04-22,2022-04-22,64.94,65.16,64.5,64.5,33331,2166909.08
2022-04-21,2022-04-21,65.62,66,65.5,65.66,24061,1581783.19
2022-04-20,2022-04-20,65.05,65.61,64.97,65.53,66437,4347529.56
2022-04-19,2022-04-19,65.05,65.13,64.48,64.92,22360.0,1449972.79
2022-04-14,2022-04-14,65.07,65.5,64.92,65.36,37986,2473030.76
2022-04-13,2022-04-13,64.86,64.98,64.59,64.98,14962,968847.39
2022-04-12,2022-04-12,64.43,65.09,64.37,64.93,44470.0,2882353.64
2022-04-11,2022-04-11,65.35,65.52,65.04,65.16,24549,1602357.79
2022-04-08,2022-04-08,65.45,65.55,65.15,65.52,22102,1443859.28
2022-04-07,2022-04-07,64.94,65.38,64.52,64.63,30006,1949306.51
2022-04-06,2022-04-06,65.5,65.57,64.25,64.75,33311,2158226.99
2022-04-05,2022-04-05,65.67,65.81,65.33,65.64,74938,4912299.31
2022-04-04,2022-04-04,65.37,65.58,64.9,65.5,50804,3316999.93
2022-04-01,2022-04-01,64.78,65.11,64.68,64.97,96147,6239852.61
2022-03-31,2022-03-31,65.44,65.44,64.7,64.7,16170.0,1050639.88
2022-03-30,2022-03-30,65.18,65.26,64.91,65.24,23098,1503812.08
2022-03-29,2022-03-29,65.04,65.72,64.86,65.48,37040.0,2419413.18
2022-03-28,2022-03-28,64.64,65.12,64.41,64.41,76756,4965050.92
2022-03-25,2022-03-25,64.35,64.65,64.12,64.29,63861,4108659.69
2022-03-24,2022-03-24,64.55,64.66,64.18,64.23,50836,3270513.94
2022-03-23,2022-03-23,65.06,65.2,64.28,64.28,33161,2144491.38
2022-03-22,2022-03-22,64.61,65.1,64.57,65.1,82275,5329624.45
2022-03-21,2022-03-21,64.37,64.64,64.3,64.41,27020.0,1742885.1
2022-03-18,2022-03-18,63.84,64.41,63.34,64.41,37885,2416546.24
2022-03-17,2022-03-17,63.86,63.88,63.28,63.8,64305,4086115.11
2022-03-16,2022-03-16,62.83,63.78,62.76,63.44,131057,8272472.67
2022-03-15,2022-03-15,60.96,61.81,60.5,61.75,101634,6228575.88
2022-03-14,2022-03-14,61.37,62.18,61.34,61.68,83979,5185052.73
2022-03-11,2022-03-11,60.81,61.88,60.41,61.07,73710.0,4513645.71
2022-03-10,2022-03-10,61.36,61.42,60.07,60.5,144928,8813713.05
2022-03-09,2022-03-09,60.21,61.78,60.01,61.78,116948,7086808.78
2022-03-08,2022-03-08,58.75,60.02,58.58,58.79,123885,7339723.24
2022-03-07,2022-03-07,58.52,60.01,57.46,58.91,92155,5399552.59
2022-03-04,2022-03-04,61.42,61.65,59.57,59.57,217591,1.311930521E7
2022-03-03,2022-03-03,63.4,63.53,61.8,61.9,37291,2341473.13
2022-03-02,2022-03-02,62.34,63.47,62.11,63.08,80670.0,5063115.34
2022-03-01,2022-03-01,64.15,64.23,62.63,62.63,130904,8279554.47
2022-02-28,2022-02-28,63.5,64.19,63.02,64.16,77436,4913147.65
2022-02-25,2022-02-25,62.95,64.29,62.5,64.25,104204,6580290.61
2022-02-24,2022-02-24,62.48,62.95,61.56,62.22,89262,5554211.77
2022-02-23,2022-02-23,64.68,65.15,64.22,64.32,40566,2628016.51
2022-02-22,2022-02-22,63.2,64.73,63.13,64.39,72981,4675722.92
2022-02-21,2022-02-21,65.59,65.6,63.97,64.41,42852,2766705.11
2022-02-18,2022-02-18,65.82,65.91,65.11,65.24,28240.0,1853187.3
2022-02-17,2022-02-17,66.27,66.34,65.5,65.69,34261,2260102.71
2022-02-16,2022-02-16,66.21,66.49,65.89,66.09,24341,1609838.03
2022-02-15,2022-02-15,65.25,66.15,65.24,66.15,74092,4887748.43
2022-02-14,2022-02-14,65.27,65.3,64.48,65.28,63689,4134514.78
2022-02-11,2022-02-11,66.23,66.63,65.99,66.37,81924,5430818.61
2022-02-10,2022-02-10,67.18,67.2,66.4,66.71,18710.0,1250944.58
2022-02-09,2022-02-09,66.35,66.98,66.34,66.94,34536,2304913.6
2022-02-08,2022-02-08,65.92,66.31,65.53,65.85,35281,2329221.65
2022-02-07,2022-02-07,65.79,65.99,65.2,65.78,83444,5464519.16
2022-02-04,2022-02-04,66.43,66.47,65.23,65.32,47429,3111705.95
2022-02-03,2022-02-03,67.16,67.16,66.13,66.14,104139,6940234.25
2022-02-02,2022-02-02,67.29,67.59,67.24,67.24,79590.0,5365310.97
2022-02-01,2022-02-01,66.88,67.14,66.69,67.09,132746,8888681.32
2022-01-31,2022-01-31,66.56,66.56,65.9,66.18,127909,8468028.7
2022-01-28,2022-01-28,66.26,66.29,64.99,65.77,53059,3481581.01
2022-01-27,2022-01-27,65.11,66.66,65.11,66.43,71188,4698304.52
2022-01-26,2022-01-26,65.53,66.32,65.53,65.92,48478,3201733.09
2022-01-25,2022-01-25,64.93,65.13,64.34,64.84,38654,2507386.44
2022-01-24,2022-01-24,66.52,66.68,64.06,64.28,94331,6160704.98
2022-01-21,2022-01-21,67.17,67.25,66.38,66.82,37341,2497271.19
2022-01-20,2022-01-20,67.88,68.08,67.43,68.06,223390.0,1.518442337E7
2022-01-19,2022-01-19,67.21,68.09,67.15,67.71,14828,1003425.54
2022-01-18,2022-01-18,67.84,67.84,67.26,67.56,38201,2579862.01
2022-01-17,2022-01-17,67.97,68.28,67.8,68.2,56642,3856551.5
2022-01-14,2022-01-14,67.82,68.08,67.62,67.71,140469,9531325.1
2022-01-13,2022-01-13,68.2,68.52,68.13,68.37,35612,2432518.65
2022-01-12,2022-01-12,68.27,68.47,67.96,68.37,24525,1673210.48
2022-01-11,2022-01-11,67.99,68.1,67.68,67.91,48721,3306996.67
2022-01-10,2022-01-10,68.51,68.54,67.18,67.31,44233,3003246.91
2022-01-07,2022-01-07,68.4,68.5,68.01,68.34,61483,4202644.62
2022-01-06,2022-01-06,68.47,68.7,68.16,68.47,59137,4048739.31
2022-01-05,2022-01-05,69.29,69.43,69.16,69.35,33690.0,2335928.16
2022-01-04,2022-01-04,69.11,69.48,69,69.26,66166,4579565.19
2022-01-03,2022-01-03,68.72,69.04,68.62,68.84,274595,1.891631144E7
2021-12-30,2021-12-30,68.42,68.59,68.34,68.56,11146,763343.09
2021-12-29,2021-12-29,68.46,68.6,68.18,68.35,26779,1833824.84
2021-12-28,2021-12-28,68.23,68.67,68.2,68.63,47734,3271518.67
2021-12-27,2021-12-27,67.47,68.16,67.35,68.16,33606,2277102.03
2021-12-23,2021-12-23,67.25,67.7,67.1,67.65,55886,3761798.04
2021-12-22,2021-12-22,66.55,67.03,66.34,67.03,20032,1331698.8
2021-12-21,2021-12-21,66.1,66.41,65.88,66.41,25258,1668965.8
2021-12-20,2021-12-20,65,65.52,64.69,65.48,61131,3994965.86
2021-12-17,2021-12-17,66.61,66.61,65.96,66.33,29373,1949422.66
2021-12-16,2021-12-16,66.91,67.13,66.67,66.74,44757,2990824.47
2021-12-15,2021-12-15,66.09,66.21,65.89,66.02,20526,1356527.49
2021-12-14,2021-12-14,66.74,66.78,65.84,65.84,44382,2941279.21
2021-12-13,2021-12-13,66.8,67.16,66.31,66.31,29148,1950599.68
2021-12-10,2021-12-10,66.52,66.95,66.52,66.67,29151,1945853.14
2021-12-09,2021-12-09,67.14,67.19,66.76,66.76,31485,2106887.25
2021-12-08,2021-12-08,67.45,67.68,66.97,66.98,40992,2758927.99
2021-12-07,2021-12-07,66.52,67.35,66.42,67.35,44433,2971983.15
2021-12-06,2021-12-06,65.35,65.85,65,65.79,40049,2617314.41
2021-12-03,2021-12-03,65.56,65.61,64.65,64.82,125457,8185597.61
2021-12-02,2021-12-02,65.3,65.48,64.77,65.16,111795,7276257.97
2021-12-01,2021-12-01,65.4,66.07,65.19,66.07,102287,6711968.36
2021-11-30,2021-11-30,64.72,65.32,64.33,64.85,64263,4164929.38
2021-11-29,2021-11-29,65.58,65.8,65.31,65.56,52385,3434548.61
2021-11-26,2021-11-26,65.54,65.9,64.88,64.89,75606,4956328.81
2021-11-25,2021-11-25,67.46,67.53,67.27,67.5,50660.0,3414142.94
2021-11-24,2021-11-24,67.45,67.47,66.76,67.23,58349,3922783.71
2021-11-23,2021-11-23,67.51,67.67,66.94,67.06,80952,5450750.48
2021-11-22,2021-11-22,68.22,68.25,67.81,67.94,32777,2232078.36
2021-11-19,2021-11-19,68.46,68.5,67.85,68.01,51274,3492662.05
2021-11-18,2021-11-18,68.53,68.62,68.18,68.25,24928,1707055.75
2021-11-17,2021-11-17,68.44,68.6,68.43,68.56,13497,924876.9
2021-11-16,2021-11-16,68.48,68.6,68.33,68.46,34300.0,2348635.75
2021-11-15,2021-11-15,68.01,68.29,68.01,68.29,31681,2158286.51
2021-11-12,2021-11-12,67.94,68.05,67.79,68.04,31135,2113275.87
2021-11-11,2021-11-11,67.56,67.89,67.45,67.86,46591,3155425.08
2021-11-10,2021-11-10,67.59,67.64,67.32,67.64,33855,2283466.29
2021-11-09,2021-11-09,67.35,67.76,67.35,67.44,36377,2458736.42
2021-11-08,2021-11-08,67.55,67.68,67.48,67.55,58622,3958404.45
2021-11-05,2021-11-05,67.46,67.76,67.42,67.55,64840.0,4384461.47
2021-11-04,2021-11-04,67.67,67.69,67.41,67.51,85026,5746657.35
2021-11-03,2021-11-03,67.01,67.31,66.96,67.31,22587,1514814.75
2021-11-02,2021-11-02,66.75,67.07,66.7,67.07,57825,3869635.77
2021-11-01,2021-11-01,66.67,66.97,66.66,66.88,38087,2544497.19
2021-10-29,2021-10-29,65.97,66.43,65.88,66.42,32079,2121053.61
2021-10-28,2021-10-28,66.2,66.36,66.03,66.36,23043,1524327.81
2021-10-27,2021-10-27,66.39,66.42,66.11,66.2,44400.0,2942951.34
2021-10-26,2021-10-26,66.11,66.48,66.05,66.39,30096,1995884.31
2021-10-25,2021-10-25,65.96,66,65.83,65.94,27315,1800999.89
2021-10-22,2021-10-22,65.66,66.06,65.66,65.84,24053,1586965.6
2021-10-21,2021-10-21,65.29,65.64,65.22,65.53,95917,6288843.67
2021-10-20,2021-10-20,65.33,65.64,65.33,65.61,21392,1400812.36
2021-10-19,2021-10-19,65.3,65.44,65.21,65.44,26680.0,1742311.92
2021-10-18,2021-10-18,65.36,65.38,64.94,65.14,23493,1530748.91
2021-10-15,2021-10-15,65.25,65.53,65.15,65.53,103258,6741134.37
2021-10-14,2021-10-14,64.77,65.07,64.59,65.03,19710.0,1278681.69
2021-10-13,2021-10-13,63.67,64.37,63.59,64.29,32667,2092787.87
2021-10-12,2021-10-12,63.19,63.88,63.19,63.88,35210.0,2244935.49
2021-10-11,2021-10-11,63.73,63.91,63.51,63.88,19298,1229727.2
2021-10-08,2021-10-08,64,64.04,63.69,63.82,37049,2363869.62
2021-10-07,2021-10-07,63.71,64.02,63.45,64.01,24352,1551309.48
2021-10-06,2021-10-06,62.97,63.07,62.29,62.95,90427,5667567.79
2021-10-05,2021-10-05,63.07,63.71,63,63.71,124924,7897914.73
2021-10-04,2021-10-04,62.87,63.37,62.74,62.81,34696,2186703.79
2021-10-01,2021-10-01,62.48,63.32,62.42,63.32,50922,3203300.23
2021-09-30,2021-09-30,63.96,64,63.27,63.42,37127,2364608.64
2021-09-29,2021-09-29,63.35,63.72,63.25,63.46,32539,2066199.88
2021-09-28,2021-09-28,64.19,64.19,63,63.03,39899,2530273.3
2021-09-27,2021-09-27,64.87,64.87,64.29,64.29,46383,2988491.97
2021-09-24,2021-09-24,64.65,64.75,64.31,64.36,27971,1804538.77
2021-09-23,2021-09-23,64.82,65.13,64.78,64.99,67383,4381307.47
2021-09-22,2021-09-22,64.32,64.4,64.03,64.38,60686,3899061.58
2021-09-21,2021-09-21,63.49,63.94,63.47,63.82,35415,2257950.56
2021-09-20,2021-09-20,63.27,63.3,62.5,62.99,75628,4761172.97
2021-09-17,2021-09-17,64.97,65.14,64,64.26,52717,3418881.93
2021-09-16,2021-09-16,64.7,64.94,64.69,64.71,121586,7880765.35
2021-09-15,2021-09-15,64.96,64.98,64.42,64.42,56852,3684243.11
2021-09-14,2021-09-14,64.88,65.09,64.67,64.94,14842,963348.06
2021-09-13,2021-09-13,65.02,65.25,64.94,65.04,29787,1938868.73
2021-09-10,2021-09-10,65.03,65.11,64.68,64.76,43081,2798858.5
2021-09-09,2021-09-09,64.44,65.08,64.4,64.88,18775,1213517.88
2021-09-08,2021-09-08,64.93,65.28,64.72,64.96,30650.0,1992656.68
2021-09-07,2021-09-07,65.88,65.89,65.3,65.6,186999,1.229855281E7
2021-09-06,2021-09-06,65.68,65.99,65.68,65.9,21131,1392103.78
2021-09-03,2021-09-03,65.78,65.83,65.22,65.46,26758,1753952.26
2021-09-02,2021-09-02,65.66,65.88,65.66,65.85,22759,1497283.26
2021-09-01,2021-09-01,65.7,65.89,65.52,65.73,32315,2123724.88
2021-08-31,2021-08-31,65.63,65.69,65.18,65.35,29128,1907331.2
2021-08-30,2021-08-30,65.56,65.63,65.43,65.57,14257,934807.48
2021-08-27,2021-08-27,65.17,65.55,65.17,65.55,15758,1029183.29
2021-08-26,2021-08-26,65.16,65.33,65.04,65.25,16445,1072662.81
2021-08-25,2021-08-25,65.59,65.59,65.37,65.44,10502,687980.59
2021-08-24,2021-08-24,65.67,65.73,65.24,65.49,5276,345514.32
2021-08-23,2021-08-23,65.47,65.58,65.17,65.5,20200.0,1320344.08
2021-08-20,2021-08-20,64.91,65.12,64.55,65.09,22008,1426818.06
2021-08-19,2021-08-19,65.02,65.11,64.32,64.83,33975,2199510.25
2021-08-18,2021-08-18,65.91,65.91,65.72,65.85,23302,1533204.67
2021-08-17,2021-08-17,65.53,65.83,65.4,65.72,19246,1263736.24
2021-08-16,2021-08-16,65.7,65.9,65.56,65.74,12602,827516.74
2021-08-13,2021-08-13,65.99,66.15,65.99,66.08,113707,7510722.49
2021-08-12,2021-08-12,65.87,66,65.83,66,43249,2851546.06
2021-08-11,2021-08-11,65.67,65.9,65.5,65.85,75811,4979134.96
2021-08-10,2021-08-10,65.43,65.61,65.41,65.54,107265,7026294.61
2021-08-09,2021-08-09,65.31,65.38,65.16,65.38,60666,3961394.02
2021-08-06,2021-08-06,65.15,65.34,65.07,65.22,10972,715366.23
2021-08-05,2021-08-05,64.95,65.19,64.95,65.16,54789,3564986.95
2021-08-04,2021-08-04,64.84,65,64.74,64.93,18407,1194838.61
2021-08-03,2021-08-03,64.34,64.68,64.34,64.62,22713,1466858.93
2021-08-02,2021-08-02,64.52,64.59,64.16,64.42,61388,3953333.88
2021-07-30,2021-07-30,63.95,64.29,63.77,64.17,7689,492459.81
2021-07-29,2021-07-29,64.23,64.42,64.22,64.35,10602,681789.5
2021-07-28,2021-07-28,63.68,64.07,63.68,64.07,10511,671763.4
2021-07-27,2021-07-27,63.74,63.81,63.29,63.65,29522,1875472.51
2021-07-26,2021-07-26,63.77,64.02,63.59,63.98,45160.0,2883344.33
2021-07-23,2021-07-23,63.61,64.09,63.61,64.02,12886,823212.53
2021-07-22,2021-07-22,63.32,63.58,63.16,63.39,28862,1831196.38
2021-07-21,2021-07-21,62.38,63.08,62.38,63.05,28991,1821666.68
2021-07-20,2021-07-20,62.1,62.39,61.56,61.9,35959,2228550.65
2021-07-19,2021-07-19,62.5,62.5,61.44,61.74,113788,7038252.7
2021-07-16,2021-07-16,63.44,63.57,62.93,63.18,27483,1740532.61
2021-07-15,2021-07-15,63.79,63.94,63.27,63.4,24951,1585388.41
2021-07-14,2021-07-14,63.92,64.07,63.74,64,18105,1156911.44
2021-07-13,2021-07-13,63.96,64.07,63.9,64.07,18573,1188167.96
2021-07-12,2021-07-12,63.66,64.05,63.31,64.05,17051,1085843.91
2021-07-09,2021-07-09,63.19,63.59,63.03,63.58,37185,2356443.42
2021-07-08,2021-07-08,63.42,63.46,62.41,62.81,37559,2360411.33
2021-07-07,2021-07-07,63.58,63.84,63.58,63.79,72088,4594113.15
2021-07-06,2021-07-06,63.57,63.79,63.23,63.44,27081,1723761.14
2021-07-05,2021-07-05,63.48,63.76,63.28,63.76,39084,2486023.7
2021-07-02,2021-07-02,63.5,63.73,63.38,63.53,35587,2261182.6
2021-07-01,2021-07-01,63.46,63.64,62.9,63.52,38230.0,2421728.54
2021-06-30,2021-06-30,63.54,63.54,62.8,63.02,18504,1167987.29
2021-06-29,2021-06-29,63.39,63.66,63.33,63.45,28079,1782756.13
2021-06-28,2021-06-28,63.59,63.71,63.24,63.26,47612,3024220.52
2021-06-25,2021-06-25,63.57,63.66,63.43,63.63,52001,3304539.93
2021-06-24,2021-06-24,63.18,63.56,63.13,63.51,48216,3058947.99
2021-06-23,2021-06-23,63.53,63.53,62.89,62.89,27206,1721678.2
2021-06-22,2021-06-22,63.31,63.39,63,63.36,6761,427069.47
2021-06-21,2021-06-21,62.39,63.24,62.29,63.24,29499,1852366.45
2021-06-18,2021-06-18,63.77,63.84,62.76,62.81,22249,1407165.85
2021-06-17,2021-06-17,63.72,63.87,63.54,63.82,24664,1569835.85
2021-06-16,2021-06-16,63.88,63.97,63.72,63.9,28289,1806112.35
2021-06-15,2021-06-15,63.78,63.89,63.71,63.72,39431,2516521.05
2021-06-14,2021-06-14,63.81,63.86,63.48,63.57,45870.0,2921432.98
2021-06-11,2021-06-11,63.13,63.53,63.13,63.45,16675,1055721.57
2021-06-10,2021-06-10,63.14,63.24,62.66,63.06,53180.0,3356286.96
2021-06-09,2021-06-09,62.92,63.05,62.85,63.02,17579,1106312.76
2021-06-08,2021-06-08,63.01,63.17,62.88,62.94,65069,4100677.41
2021-06-07,2021-06-07,62.8,63,62.6,62.93,49647,3121213.87
2021-06-04,2021-06-04,62.61,62.76,62.5,62.75,45222,2830885.71
2021-06-03,2021-06-03,62.55,62.66,62.16,62.56,30027,1876284.67
2021-06-02,2021-06-02,62.62,62.69,62.47,62.63,75933,4749918.07
2021-06-01,2021-06-01,62.26,62.74,62.23,62.52,37548,2346451.94
2021-05-31,2021-05-31,62.29,62.3,61.98,61.98,14627,909242.46
2021-05-28,2021-05-28,62.01,62.37,62.01,62.26,68878,4286842.85
2021-05-27,2021-05-27,61.72,62.08,61.7,62.03,17785,1100914.77
2021-05-26,2021-05-26,61.89,61.94,61.6,61.77,10575,653646.08
2021-05-25,2021-05-25,61.98,62.03,61.77,61.77,25007,1548370.26
2021-05-21,2021-05-21,61.45,61.73,61.27,61.64,29011,1786782.79
2021-05-20,2021-05-20,60.84,61.31,60.47,61.31,38767,2357667.5
2021-05-19,2021-05-19,60.61,60.88,60,60.52,23447,1420096.47
2021-05-18,2021-05-18,61.75,61.83,61.3,61.39,13967,860156.9
2021-05-17,2021-05-17,61.43,61.55,61.03,61.3,23490.0,1440307.18
2021-05-14,2021-05-14,60.96,61.36,60.73,61.36,87948,5375827.98
2021-05-13,2021-05-13,59.87,60.72,59.32,60.63,21787,1300514.83
2021-05-12,2021-05-12,60.59,60.83,60.32,60.63,28749,1741664.18
2021-05-11,2021-05-11,60.91,60.91,60.05,60.43,10917,660023.1
2021-05-10,2021-05-10,61.67,61.67,61.46,61.61,17837,1098129.37
2021-05-07,2021-05-07,61.31,61.53,61.1,61.51,18510.0,1133324.92
2021-05-06,2021-05-06,61.17,61.26,60.68,60.98,89700.0,5463738.71
2021-05-05,2021-05-05,60.36,61.04,60.36,61.04,33045,2006464.4
2021-05-04,2021-05-04,60.86,60.97,59.78,59.88,32841,1983610.57
2021-05-03,2021-05-03,60.48,60.87,60.22,60.87,81312,4935699.47
2021-04-30,2021-04-30,60.64,60.7,60.34,60.35,37359,2263332.35
2021-04-29,2021-04-29,60.91,61.02,60.45,60.53,36895,2235825.47
2021-04-28,2021-04-28,60.74,60.75,60.47,60.66,27235,1652380.21
2021-04-27,2021-04-27,60.66,60.69,60.45,60.63,46367,2806504.69
2021-04-26,2021-04-26,60.51,60.71,60.39,60.63,25214,1525870.72
2021-04-23,2021-04-23,60.44,60.59,60.16,60.5,11633,702648.89
2021-04-22,2021-04-22,60.42,60.61,60.34,60.57,13196,798344.97
2021-04-21,2021-04-21,60.09,60.26,59.85,60.23,25686,1542063.92
2021-04-20,2021-04-20,60.8,60.82,59.73,59.73,12531,755550.91
2021-04-19,2021-04-19,61.03,61.09,60.87,60.87,13423,818953.12
2021-04-16,2021-04-16,60.46,60.92,60.44,60.92,75198,4565234.88
2021-04-15,2021-04-15,60.22,60.42,60.17,60.35,18621,1123081.21
2021-04-14,2021-04-14,60.04,60.13,59.97,60.08,16531,992861.91
2021-04-13,2021-04-13,60,60.08,59.75,59.93,9702,581825.54
2021-04-12,2021-04-12,60.03,60.14,59.88,59.92,32107,1927365.26
2021-04-09,2021-04-09,60.08,60.23,60.03,60.15,12345,742483.23
2021-04-08,2021-04-08,59.96,60.12,59.93,60.12,16009,960438.27
2021-04-07,2021-04-07,59.82,59.93,59.68,59.74,38532,2305355.32
2021-04-06,2021-04-06,59.82,60.04,59.77,59.83,37040.0,2217927.56
2021-04-01,2021-04-01,59.34,59.57,59.24,59.51,38023,2258591.79
2021-03-31,2021-03-31,59.22,59.39,59.11,59.14,73080.0,4334030.52
2021-03-30,2021-03-30,59.09,59.31,58.97,59.24,25044,1483763.33
2021-03-29,2021-03-29,58.8,58.94,58.65,58.87,228819,1.346787439E7
2021-03-26,2021-03-26,58.51,58.75,58.47,58.69,60835,3566198.71
2021-03-25,2021-03-25,57.85,58.21,57.63,58.21,32208,1865858.91
2021-03-24,2021-03-24,57.81,58.22,57.78,58.18,58346,3393064.45
2021-03-23,2021-03-23,58.04,58.31,57.9,58.16,8299,482471.6
2021-03-22,2021-03-22,57.83,58.31,57.81,58.27,51369,2987540.07
2021-03-19,2021-03-19,58.19,58.51,57.9,58.27,24412,1423124.15
2021-03-18,2021-03-18,58.61,58.76,58.39,58.6,71221,4166440.32
2021-03-17,2021-03-17,58.56,58.58,58.26,58.33,44566,2603738.89
2021-03-16,2021-03-16,58.28,58.58,58.22,58.55,26294,1535642.49
2021-03-15,2021-03-15,58.31,58.46,57.92,58.08,20718,1206794.04
2021-03-12,2021-03-12,57.93,58.09,57.86,58.09,10165,589141.54
2021-03-11,2021-03-11,58.1,58.2,57.98,58.2,38436,2233050.37
2021-03-10,2021-03-10,57.49,57.97,57.49,57.94,13222,764990.58
2021-03-09,2021-03-09,57.26,57.75,57.14,57.65,16624,955837.04
2021-03-08,2021-03-08,56.54,57.27,56.34,57.24,35017,1995921.76
2021-03-05,2021-03-05,56.16,56.7,55.92,56.13,22993,1295566.02
2021-03-04,2021-03-04,56.48,56.67,56.14,56.62,40020.0,2260349.64
2021-03-03,2021-03-03,56.93,57.05,56.26,56.68,27396,1553214.26
2021-03-02,2021-03-02,56.36,57.11,56.33,56.58,105735,5999309.51
2021-03-01,2021-03-01,56.33,56.53,56.13,56.53,29999,1690744.06
2021-02-26,2021-02-26,55.62,56.3,55.36,55.59,23999,1340520.22
2021-02-25,2021-02-25,56.86,56.86,56.36,56.36,21817,1236928.58
2021-02-24,2021-02-24,56.31,56.63,56.27,56.58,29969,1690922.82
2021-02-23,2021-02-23,56.69,56.69,55.66,56.3,38005,2130874.55
2021-02-22,2021-02-22,56.34,56.6,56.06,56.51,54597,3075384.36
2021-02-19,2021-02-19,56.56,56.85,56.43,56.76,16027,907060.08
2021-02-18,2021-02-18,56.98,57.07,56.36,56.46,80022,4535415.6
2021-02-17,2021-02-17,57.07,57.18,56.82,56.82,13617,776691.76
2021-02-16,2021-02-16,57.43,57.46,57.21,57.29,72908,4179070.05
2021-02-15,2021-02-15,56.99,57.41,56.89,57.35,14576,834139.87
2021-02-12,2021-02-12,56.15,56.6,55.89,56.6,33429,1876193.92
2021-02-11,2021-02-11,56.09,56.24,55.99,56.19,105308,5914767.74
2021-02-10,2021-02-10,56.24,56.24,55.67,55.99,16867,945126.85
2021-02-09,2021-02-09,56.1,56.11,55.79,56.01,7491,419039.53
2021-02-08,2021-02-08,56.17,56.31,56.07,56.07,21262,1194793.45
2021-02-05,2021-02-05,55.97,56.2,55.8,55.96,31639,1775407.83
2021-02-04,2021-02-04,55.61,56.13,55.61,55.95,60469,3378211.62
2021-02-03,2021-02-03,55.95,55.95,55.47,55.59,43661,2433822.87
2021-02-02,2021-02-02,55.04,55.5,55.04,55.47,13987,773844.12
2021-02-01,2021-02-01,54.5,54.88,54.31,54.76,16058,877572.27
2021-01-29,2021-01-29,54.28,54.7,54.04,54.04,11769,639743.17
2021-01-28,2021-01-28,54.55,55.29,53.92,55.15,19149,1049305.42
2021-01-27,2021-01-27,55.47,55.75,54.76,55.13,37847,2091013.93
2021-01-26,2021-01-26,55.34,55.99,55.34,55.71,9569,534054.54
2021-01-25,2021-01-25,56.15,56.15,55.25,55.41,15980.0,888973.44
2021-01-22,2021-01-22,55.92,55.94,55.49,55.85,13413,746695.92
2021-01-21,2021-01-21,56.56,56.6,56.12,56.12,67417,3790173.83
2021-01-20,2021-01-20,56,56.3,55.93,56.17,43322,2429407
2021-01-19,2021-01-19,56.12,56.14,55.77,55.79,7694,430847.93
2021-01-18,2021-01-18,55.7,55.89,55.65,55.88,27960.0,1560694.65
2021-01-15,2021-01-15,56.11,56.24,55.49,55.8,23524,1315100.7
2021-01-14,2021-01-14,56.02,56.4,56.02,56.34,11514,646358.32
2021-01-13,2021-01-13,55.89,56.06,55.84,55.95,16455,920810.44
2021-01-12,2021-01-12,56.04,56.07,55.81,55.88,19699,1101968.03
2021-01-11,2021-01-11,56.11,56.18,55.62,55.87,31680.0,1771090.59
2021-01-08,2021-01-08,56.3,56.34,56.08,56.22,26638,1496698.42
2021-01-07,2021-01-07,55.88,55.97,55.64,55.87,19709,1099508.19
2021-01-06,2021-01-06,55.1,55.78,54.75,55.61,47121,2605681.52
2021-01-05,2021-01-05,54.82,54.97,54.54,54.85,32043,1755752.53
2021-01-04,2021-01-04,55.2,55.43,54.75,54.86,39614,2187252.38
2020-12-30,2020-12-30,54.95,55.03,54.85,54.87,17118,940668.21
2020-12-29,2020-12-29,54.74,55.05,54.74,54.87,18953,1041287.52
2020-12-28,2020-12-28,54.02,54.69,54.02,54.56,16378,893378.97
2020-12-23,2020-12-23,53.64,54.08,53.57,54.02,10754,578865.89
2020-12-22,2020-12-22,53.11,53.55,53.11,53.49,17094,912028.49
2020-12-21,2020-12-21,52.95,53.17,52.28,52.92,22322,1175988.47
2020-12-18,2020-12-18,54.14,54.56,54.11,54.13,12252,664987.08
2020-12-17,2020-12-17,54.43,54.51,54.27,54.27,16845,916316.56
2020-12-16,2020-12-16,53.96,54.28,53.95,54.2,11101,601097
2020-12-15,2020-12-15,53.59,53.75,53.52,53.73,24470.0,1312203.06
2020-12-14,2020-12-14,53.79,53.95,53.59,53.59,15558,837573.6
2020-12-11,2020-12-11,53.7,53.7,52.99,53.33,11728,623652.12
2020-12-10,2020-12-10,54.13,54.13,53.57,53.83,7566,408535.6
2020-12-09,2020-12-09,54.02,54.24,54,54.02,20998,1136156.17
2020-12-08,2020-12-08,53.73,53.88,53.42,53.88,13125,704026.76
2020-12-07,2020-12-07,53.85,53.85,53.44,53.76,20982,1126011.39
2020-12-04,2020-12-04,53.62,53.93,53.62,53.93,20205,1086169.27
2020-12-03,2020-12-03,53.59,53.64,53.35,53.56,14759,789816.14
2020-12-02,2020-12-02,53.43,53.61,53.33,53.57,24291,1298342.53
2020-12-01,2020-12-01,53.46,53.7,53.43,53.6,36718,1965981.52
2020-11-30,2020-11-30,53.5,53.81,53.23,53.23,27286,1464453.69
2020-11-27,2020-11-27,53.45,53.81,53.45,53.7,6954,373204.06
2020-11-26,2020-11-26,53.71,53.71,53.5,53.54,10531,564669.16
2020-11-25,2020-11-25,53.8,53.8,53.43,53.63,23124,1237449.82
2020-11-24,2020-11-24,53.59,53.67,53.44,53.67,4119,220452.4
2020-11-23,2020-11-23,53.5,53.61,53.13,53.13,15336,819443.02
2020-11-20,2020-11-20,52.97,53.3,52.97,53.22,9882,524488.15
2020-11-19,2020-11-19,52.93,53.01,52.81,52.95,4929,260997.51
2020-11-18,2020-11-18,52.91,53.37,52.86,53.36,21380.0,1137549.65
2020-11-17,2020-11-17,53.2,53.21,52.85,53.13,15771,836936.2
2020-11-16,2020-11-16,52.92,53.59,52.7,53.21,17466,928326.02
2020-11-13,2020-11-13,52.41,52.7,52.4,52.57,6475,340380.05
2020-11-12,2020-11-12,52.67,52.89,52.49,52.57,20257,1066860.53
2020-11-11,2020-11-11,52.7,53.11,52.62,53.05,18049,952803.76
2020-11-10,2020-11-10,52.05,52.6,51.95,52.42,24116,1260585.67
2020-11-09,2020-11-09,50.57,52.53,50.51,51.95,65399,3345180.59
2020-11-06,2020-11-06,49.975,50.1,49.565,49.925,11322,563973.875
2020-11-05,2020-11-05,49.885,50.05,49.74,49.96,23841,1189673.41
2020-11-04,2020-11-04,48.035,49.55,47.915,49.55,62872,3067241.94
2020-11-03,2020-11-03,47.8,48.525,47.8,48.525,14958,720229.92
2020-11-02,2020-11-02,46.7,47.515,46.545,47.515,22753,1072368.775
2020-10-30,2020-10-30,46.28,46.74,46.2,46.69,29310.0,1359210.76
2020-10-29,2020-10-29,46.865,46.955,46.4,46.665,8129,379370.765
2020-10-28,2020-10-28,47.34,47.34,46.39,46.66,19676,921800.6
2020-10-27,2020-10-27,48.545,48.545,48.03,48.06,19087,922045.035
2020-10-26,2020-10-26,48.64,49.18,48.51,48.51,23409,1143511.61
2020-10-23,2020-10-23,49.125,49.585,49.125,49.395,12706,628373.33
2020-10-22,2020-10-22,48.775,49.165,48.63,49.045,8066,393827.665
2020-10-21,2020-10-21,49.815,49.815,49.115,49.115,8220.0,405332.075
2020-10-20,2020-10-20,49.905,50.05,49.71,49.745,16939,845204.575
2020-10-19,2020-10-19,50.42,50.45,49.91,49.96,8735,438790.05
2020-10-16,2020-10-16,49.75,50.14,49.615,50.08,4391,218832
2020-10-15,2020-10-15,49.725,49.725,49.2,49.37,8172,403235.215
2020-10-14,2020-10-14,50.43,50.62,50.41,50.41,9129,461327.5
2020-10-13,2020-10-13,50.73,50.73,50.42,50.46,7895,399654.93
2020-10-12,2020-10-12,50.48,50.78,50.43,50.74,7583,384278.91
2020-10-09,2020-10-09,50.32,50.43,50.19,50.41,39804,2001387.19
2020-10-08,2020-10-08,50.07,50.29,49.85,50.11,38187,1909423.01
2020-10-07,2020-10-07,49.88,49.945,49.62,49.76,4197,208813.66
2020-10-06,2020-10-06,49.865,50.04,49.61,49.795,7250.0,361368.63
2020-10-05,2020-10-05,49.88,49.88,49.64,49.785,20695,1029337.52
2020-10-02,2020-10-02,48.765,49.36,48.765,49.36,11841,581300.915
2020-10-01,2020-10-01,49.54,49.64,49.175,49.26,21281,1050582.145
2020-09-30,2020-09-30,49.01,49.485,48.97,49.165,17237,850056.24
2020-09-29,2020-09-29,49.385,49.43,49.22,49.265,7072,348351.135
2020-09-28,2020-09-28,49.195,49.595,49.055,49.49,11610.0,573041
2020-09-25,2020-09-25,48.51,48.56,47.97,48.435,17503,842998.935
2020-09-24,2020-09-24,48.49,48.895,48.335,48.55,23079,1118517.52
2020-09-23,2020-09-23,49.01,49.505,48.99,48.99,77493,3819608.795
2020-09-22,2020-09-22,48.91,49.025,48.69,48.69,26916,1315889.325
2020-09-21,2020-09-21,49.745,49.745,48.52,48.58,46449,2276476.54
2020-09-18,2020-09-18,50.47,50.63,50.25,50.25,15851,798690.93
2020-09-17,2020-09-17,50.26,50.64,50.26,50.52,14190.0,717882.39
2020-09-16,2020-09-16,50.64,50.82,50.52,50.79,15490.0,785605.07
2020-09-15,2020-09-15,50.28,50.66,50.11,50.52,7519,379162.16
2020-09-14,2020-09-14,50.39,50.47,50.06,50.2,9743,489953.23
2020-09-11,2020-09-11,49.95,50.24,49.905,50.08,5406,270662.985
2020-09-10,2020-09-10,50.39,50.39,49.98,49.995,13174,660790.015
2020-09-09,2020-09-09,49.595,50.39,49.575,50.39,17817,888725.31
2020-09-08,2020-09-08,50.2,50.2,49.135,49.455,38257,1896524.32
2020-09-07,2020-09-07,49.615,50.15,49.58,50.15,18763,936960.71
2020-09-04,2020-09-04,49.43,50.2,48.935,49.305,6955,346329.87
2020-09-03,2020-09-03,50.99,51.11,49.755,49.805,4923,250056.905
2020-09-02,2020-09-02,49.955,50.74,49.955,50.53,16946,854525.38
2020-09-01,2020-09-01,50.1,50.26,49.38,49.72,15190.0,757039.715
2020-08-31,2020-08-31,50.41,50.62,49.79,49.85,11700.0,588222.125
2020-08-28,2020-08-28,50.53,50.54,50.08,50.21,31904,1603399.56
2020-08-27,2020-08-27,50.75,50.77,50.47,50.47,31211,1581594.22
2020-08-26,2020-08-26,50.18,50.79,50.18,50.79,10223,517067.6
2020-08-25,2020-08-25,50.81,50.91,50.34,50.34,3301,167711.08
2020-08-24,2020-08-24,50.28,50.6,50.28,50.51,11138,562424.16
2020-08-21,2020-08-21,49.995,50.03,49.315,49.71,9803,487709.835
2020-08-20,2020-08-20,49.7,49.965,49.63,49.835,5312,264643.53
2020-08-19,2020-08-19,49.885,50.36,49.865,50.36,5906,296031.34
2020-08-18,2020-08-18,49.99,50.51,49.875,49.975,11481,577620.91
2020-08-17,2020-08-17,50.22,50.32,49.865,50.26,17820.0,894311.37
2020-08-14,2020-08-14,50.5,50.5,49.835,50.08,4575,228828.97
2020-08-13,2020-08-13,50.85,50.91,50.65,50.7,4939,250890.76
2020-08-12,2020-08-12,50.34,51.09,50.34,50.97,3499,177067.18
2020-08-11,2020-08-11,50,50.66,50,50.41,22282,1125021.7
2020-08-10,2020-08-10,49.5,49.77,49.33,49.59,29177,1448153.665
2020-08-07,2020-08-07,49.225,49.395,49.03,49.385,2143,105645.3
2020-08-06,2020-08-06,49.415,49.64,49.1,49.225,4940.0,243813.01
2020-08-05,2020-08-05,49.675,49.88,49.555,49.565,24415,1212693.06
2020-08-04,2020-08-04,49.7,49.7,49.1,49.355,5514,271641.445
2020-08-03,2020-08-03,48.485,49.455,48.265,49.435,10429,508565.91
2020-07-31,2020-07-31,48.985,49.395,48.32,48.32,7708,375638.255
2020-07-30,2020-07-30,49.97,49.97,48.615,48.98,5119,251746.1
2020-07-29,2020-07-29,50.02,50.14,49.89,50.01,7083,354584.35
2020-07-28,2020-07-28,49.93,50.07,49.645,50.01,4776,238185.88
2020-07-27,2020-07-27,49.905,50.03,49.73,49.785,4535,226137.78
2020-07-24,2020-07-24,50.09,50.25,49.825,49.945,8487,424646.865
2020-07-23,2020-07-23,51.06,51.2,50.83,50.83,5237,267148.39
2020-07-22,2020-07-22,51.08,51.1,50.66,50.81,3693,187505.28
2020-07-21,2020-07-21,51.46,51.72,51.27,51.27,6171,318438.87
2020-07-20,2020-07-20,50.64,51.2,50.4,51.09,12462,634529.61
2020-07-17,2020-07-17,50.79,50.79,50.58,50.76,11497,582403.17
2020-07-16,2020-07-16,50.6,50.75,50.39,50.67,52689,2661012.54
2020-07-15,2020-07-15,50.54,51.14,50.41,50.87,64042,3258393.14
2020-07-14,2020-07-14,49.905,50.1,49.59,50.1,23165,1153889.43
2020-07-13,2020-07-13,50.47,50.51,50.11,50.49,18693,939793.16
2020-07-10,2020-07-10,49.31,49.96,49.31,49.96,19918,986980.22
2020-07-09,2020-07-09,50.16,50.19,49.52,49.545,8210.0,410102.23
2020-07-08,2020-07-08,49.97,50.16,49.85,49.92,5474,273868.715
2020-07-07,2020-07-07,50.26,50.3,49.92,50.22,28031,1403226.23
2020-07-06,2020-07-06,50.6,50.63,50.34,50.56,11482,580152.97
2020-07-03,2020-07-03,50.22,50.24,49.565,49.77,3871,192894.57
2020-07-02,2020-07-02,49.635,50.18,49.615,50.16,12167,606249.915
2020-07-01,2020-07-01,49.06,49.405,48.65,49.205,8635,424349.345
2020-06-30,2020-06-30,49.13,49.175,48.78,49.125,10037,492417.4
2020-06-29,2020-06-29,48.735,49.235,48.685,49.05,6939,339899.29
2020-06-26,2020-06-26,49.51,49.69,48.835,48.835,28601,1415053.805
2020-06-25,2020-06-25,48.425,49.14,48.11,48.995,9428,458938.705
2020-06-24,2020-06-24,49.835,49.88,48.635,48.635,15953,785792.275
2020-06-23,2020-06-23,49.71,50.22,49.71,50.07,3641,182098.485
2020-06-22,2020-06-22,49.315,49.855,49.315,49.445,5536,275160.075
2020-06-19,2020-06-19,49.75,50.07,49.75,49.76,116252,5797246.16
2020-06-18,2020-06-18,49.675,49.98,49.29,49.45,6505,322597.67
2020-06-17,2020-06-17,49.535,49.975,49.535,49.875,26431,1317278.515
2020-06-16,2020-06-16,49.04,49.86,48.9,49.41,13795,678810.195
2020-06-15,2020-06-15,47.135,48.215,47,48.07,7717,368489.46
2020-06-12,2020-06-12,47.545,48.86,47.545,48.28,39827,1934481.555
2020-06-11,2020-06-11,48.84,49.12,47.99,47.99,24010.0,1168977.265
2020-06-10,2020-06-10,50.61,50.68,49.955,50.04,22252,1119383.84
2020-06-09,2020-06-09,50.98,50.98,50.09,50.28,32741,1649346.63
2020-06-08,2020-06-08,50.55,51.01,50.48,50.86,21922,1115195.3
2020-06-05,2020-06-05,50.15,50.99,50.15,50.99,27067,1366200.84
2020-06-04,2020-06-04,49.885,50.17,49.685,49.76,29200.0,1456375.645
2020-06-03,2020-06-03,49.26,50.12,49.22,50.1,10241,507721.52
2020-06-02,2020-06-02,48.625,48.94,48.45,48.845,40122,1951156.195
2020-05-29,2020-05-29,47.93,48,47.505,47.53,4091,195140.765
2020-05-28,2020-05-28,47.945,48.41,47.88,48.345,16930.0,813756.355
2020-05-27,2020-05-27,47.575,47.92,47.335,47.575,15221,725969.5
2020-05-26,2020-05-26,47.43,47.5,47.205,47.395,16203,767286.75
2020-05-25,2020-05-25,46.55,47.1,46.385,47.1,7381,345169.035
2020-05-22,2020-05-22,45.645,46.25,45.51,46.19,14887,684560.0
2020-05-21,2020-05-21,46.125,46.43,46.125,46.25,1297,60037.86
2020-05-20,2020-05-20,45.935,46.705,45.875,46.645,8178,378278.415
2020-05-19,2020-05-19,46.65,46.67,45.975,46.165,11786,544713.535
2020-05-18,2020-05-18,45.55,46.5,45.345,46.45,14673,668254.395
2020-05-15,2020-05-15,45.105,45.105,44.505,44.655,5977,267983.925
2020-05-14,2020-05-14,44.865,45.03,43.9,44.53,17860.0,794783.925
2020-05-13,2020-05-13,45.79,45.83,45.36,45.36,9790.0,446575.78
2020-05-12,2020-05-12,46.085,46.415,46.085,46.3,14947,691638.49
2020-05-11,2020-05-11,46.57,46.6,45.825,46.165,12929,595920.355
2020-05-08,2020-05-08,46.34,46.455,46.135,46.395,14621,676609.565
2020-05-07,2020-05-07,45.645,45.965,45.645,45.965,10709,490978.32
2020-05-06,2020-05-06,45.615,45.81,45.395,45.395,41396,1890040.07
2020-05-05,2020-05-05,45.28,45.645,45.04,45.645,71713,3253909.51
2020-05-04,2020-05-04,44.82,44.935,44.53,44.695,23104,1035064.925
2020-04-30,2020-04-30,47.42,47.5,46.16,46.26,20006,939930.06
2020-04-29,2020-04-29,46.495,47.18,46.3,47.18,14577,682299.41
2020-04-28,2020-04-28,45.755,46.615,45.595,46.475,17882,826778.625
2020-04-27,2020-04-27,45.56,45.645,45.255,45.645,12079,548721.885
2020-04-24,2020-04-24,44.68,45.175,44.65,44.795,82957,3713703.99
2020-04-23,2020-04-23,45.065,45.32,44.65,45.155,8798,394837.46
2020-04-22,2020-04-22,44.445,44.865,44.37,44.77,11502,512420.37
2020-04-21,2020-04-21,45.16,45.16,43.995,43.995,12615,562646.48
2020-04-20,2020-04-20,45.41,45.72,44.745,45.72,31277,1414481.045
2020-04-17,2020-04-17,45.28,45.595,45.09,45.275,181737,8240258.64
2020-04-16,2020-04-16,44.39,44.41,43.89,44.165,31548,1393795.92
2020-04-15,2020-04-15,45.32,45.32,43.795,43.9,25398,1129263.29
2020-04-14,2020-04-14,45.605,45.75,45.275,45.275,14259,648298.04
2020-04-09,2020-04-09,44.94,45.26,44.33,45.03,57450.0,2575531.58
2020-04-08,2020-04-08,43.995,44.455,43.75,44.455,57968,2550459.69
2020-04-07,2020-04-07,44.75,45.1,43.98,44.515,94640.0,4218176.99
2020-04-06,2020-04-06,43.36,43.695,43.1,43.57,40688,1764050.865
2020-04-03,2020-04-03,42.405,42.47,42,42.03,15238,643720.675
2020-04-02,2020-04-02,42.54,42.67,41.83,42.505,21964,930771.68
2020-04-01,2020-04-01,42.335,42.6,42.06,42.295,128061,5414686.61
2020-03-31,2020-03-31,43.35,43.75,42.695,43.595,38334,1666993.45
2020-03-30,2020-03-30,42.38,42.795,41.35,42.795,51126,2162742.09
2020-03-27,2020-03-27,43.02,43.02,41.75,42.405,13348,566720.34
2020-03-26,2020-03-26,42.125,43.64,41.55,43.64,65080.0,2776928.09
2020-03-25,2020-03-25,42.305,43.245,41.105,42.775,10073,424694.47
2020-03-24,2020-03-24,39.785,41.235,39.405,41.235,31131,1251935.64
2020-03-23,2020-03-23,38.085,39.4,37.81,38.075,61651,2351423.9
2020-03-20,2020-03-20,41.1,41.15,39.56,39.56,22453,904826.1
2020-03-19,2020-03-19,38.31,39.085,37.52,39.07,42157,1615075.8
2020-03-18,2020-03-18,38.34,38.62,37.5,37.805,76490.0,2889786.35
2020-03-17,2020-03-17,40.13,40.13,37.4,39.415,31458,1205267.065
2020-03-16,2020-03-16,38.37,39.18,36.5,38.75,55070.0,2079141.165
2020-03-13,2020-03-13,40.51,43.545,39.905,40.56,18648,774294.5
2020-03-12,2020-03-12,42.56,42.74,39.63,39.895,187417,7884372.4
2020-03-11,2020-03-11,46.07,46.405,44.96,45.1,92779,4230950.58
2020-03-10,2020-03-10,46.39,47.825,45.22,45.505,78575,3680265.055
2020-03-09,2020-03-09,46.615,47.43,45.465,45.81,146106,6755943.795
2020-03-06,2020-03-06,50.73,50.75,49.445,49.66,66770.0,3326737.23
2020-03-05,2020-03-05,52.7,52.7,51.33,51.53,155889,8050825.9
2020-03-04,2020-03-04,51.53,52.57,51.49,52.36,20373,1063869.12
2020-03-03,2020-03-03,51.74,52.4,51.5,51.5,39433,2055563.23
2020-03-02,2020-03-02,51.68,51.86,49.93,50.94,84437,4257886.45
2020-02-28,2020-02-28,50.9,51.31,50.25,50.99,142302,7235739.93
2020-02-27,2020-02-27,53.39,53.77,52.08,52.65,49714,2632071.29
2020-02-26,2020-02-26,54.26,54.74,53.19,54.57,31046,1674002.84
2020-02-25,2020-02-25,55.9,55.9,54.56,54.56,40761,2255900.61
2020-02-24,2020-02-24,56.39,56.39,55.42,55.6,24762,1378849.16
2020-02-21,2020-02-21,57.84,58.1,57.58,57.8,12725,736634.125
2020-02-20,2020-02-20,58.57,58.57,58.05,58.05,18558,1084910.125
2020-02-19,2020-02-19,58.36,58.59,58.36,58.57,35367,2068945.375
2020-02-18,2020-02-18,57.87,58.23,57.87,58.12,21049,1221526.875
2020-02-17,2020-02-17,58.34,58.37,58.2,58.33,2784,162265.265625
2020-02-14,2020-02-14,58.27,58.38,58.13,58.18,114451,6672229
2020-02-13,2020-02-13,58.1,58.28,57.74,58.28,14086,815415.25
2020-02-12,2020-02-12,58.03,58.29,57.99,58.29,10527,612455.125
2020-02-11,2020-02-11,57.75,57.97,57.71,57.91,22147,1282603.375
2020-02-10,2020-02-10,57.24,57.42,57.1,57.42,4361,249753.5625
2020-02-07,2020-02-07,57.43,57.43,57.2,57.33,24391,1397789.75
2020-02-06,2020-02-06,57.66,57.66,57.39,57.55,10852,624479.75
2020-02-05,2020-02-05,57.13,57.29,57.13,57.23,33142,1895286.5
2020-02-04,2020-02-04,55.9,56.54,55.9,56.54,42190.0,2377087.5
2020-02-03,2020-02-03,55.63,55.8,55.46,55.6,21452,1194351.5
2020-01-31,2020-01-31,56.36,56.36,55.44,55.58,44880.0,2489680.25
2020-01-30,2020-01-30,56.07,56.35,56.04,56.17,2219,124679.640625
2020-01-29,2020-01-29,56.56,56.83,56.56,56.73,17413,988395.4375
2020-01-28,2020-01-28,56.24,56.51,55.99,56.51,12192,684244.0625
2020-01-27,2020-01-27,56.52,56.6,56.02,56.05,9387,528740.6875
2020-01-24,2020-01-24,57.27,57.59,57.27,57.34,12865,740019.25
2020-01-23,2020-01-23,57.1,57.21,56.8,56.87,14257,814905.625
2020-01-22,2020-01-22,57.44,57.51,57.24,57.24,32254,1849233.25
2020-01-21,2020-01-21,57.02,57.28,56.86,57.28,40952,2333100.0
2020-01-20,2020-01-20,57.43,57.47,57.32,57.43,7596,436135.125
2020-01-17,2020-01-17,57.25,57.55,57.25,57.53,6677,383788.59375
2020-01-16,2020-01-16,56.95,57.02,56.77,56.95,115853,6583226.5
2020-01-15,2020-01-15,56.89,56.89,56.65,56.88,6280.0,356534.5625
2020-01-14,2020-01-14,56.66,56.82,56.29,56.81,22952,1294307.75
2020-01-13,2020-01-13,56.75,56.8,56.5,56.62,17946,1017033.6875
2020-01-10,2020-01-10,56.96,56.96,56.76,56.76,32548,1851333.375
2020-01-09,2020-01-09,57.04,57.1,56.79,56.83,35071,1996969.625
2020-01-08,2020-01-08,56.4,56.73,56.32,56.71,20661,1168629.375
2020-01-07,2020-01-07,56.69,56.9,56.55,56.59,8137,461418.8125
2020-01-06,2020-01-06,56.35,56.45,55.95,56.45,8867,496911.84375
2020-01-03,2020-01-03,56.54,56.68,56.35,56.66,8942,504926.09375
2020-01-02,2020-01-02,56.62,57,56.58,56.84,21963,1248361.75
2019-12-30,2019-12-30,56.76,56.76,56.6,56.65,4321,244720.078125
2019-12-27,2019-12-27,56.92,56.99,56.83,56.83,5067,288459.28125
2019-12-23,2019-12-23,56.67,56.74,56.61,56.61,9360.0,530517.375
2019-12-20,2019-12-20,56.3,56.65,56.23,56.65,11412,645146.625
2019-12-19,2019-12-19,56.2,56.2,56.01,56.18,10102,566591.0625
2019-12-18,2019-12-18,56.08,56.31,56.08,56.13,13248,744500.625
2019-12-17,2019-12-17,56.29,56.29,56.07,56.12,18433,1035100.1875
2019-12-16,2019-12-16,56.03,56.58,56.03,56.51,7789,439439.875
2019-12-13,2019-12-13,55.98,56.11,55.74,55.74,44908,2516636.75
2019-12-12,2019-12-12,55.08,55.36,54.88,55.22,15551,855998.8125
2019-12-11,2019-12-11,54.86,54.98,54.7,54.98,7392,405143.84375
2019-12-10,2019-12-10,54.8,54.86,54.4,54.86,31681,1731642.625
2019-12-09,2019-12-09,55.17,55.17,54.98,54.98,6895,379585.1875
2019-12-06,2019-12-06,54.57,55.14,54.57,55.14,10033,549539.6875
2019-12-05,2019-12-05,54.69,54.8,54.42,54.42,15271,833844.4375
2019-12-04,2019-12-04,53.99,54.54,53.99,54.54,8412,457019.8125
2019-12-03,2019-12-03,54.49,54.51,53.77,53.93,5578,302282.53125
2019-12-02,2019-12-02,55.32,55.49,54.22,54.22,43523,2395771
2019-11-29,2019-11-29,55.22,55.45,55.18,55.18,7973,440873.5625
2019-11-28,2019-11-28,55.39,55.41,55.33,55.41,34523,1911257.5
2019-11-27,2019-11-27,55.47,55.54,55.36,55.47,10339,573486.9375
2019-11-26,2019-11-26,55.19,55.34,55.13,55.28,10809,597024.375
2019-11-25,2019-11-25,55.03,55.27,55.03,55.27,20019,1104509
2019-11-22,2019-11-22,54.63,54.83,54.63,54.74,4992,273415.40625
2019-11-21,2019-11-21,54.35,54.5,54.25,54.45,27560.0,1499714.75
2019-11-20,2019-11-20,54.58,54.67,54.39,54.67,13880.0,756464.375
2019-11-19,2019-11-19,55.04,55.38,54.89,54.89,6864,378561.34375
2019-11-18,2019-11-18,55.06,55.12,54.78,54.96,4338,238489.875
2019-11-15,2019-11-15,55.02,55.02,54.67,54.96,15981,877472.875
2019-11-14,2019-11-14,54.99,54.99,54.77,54.79,6592,361551.6875
2019-11-13,2019-11-13,54.99,54.99,54.65,54.97,16554,907122.25
2019-11-12,2019-11-12,55.01,55.19,54.95,55.12,16280.0,895491.9375
2019-11-11,2019-11-11,54.7,54.91,54.59,54.87,29127,1595443.375
2019-11-08,2019-11-08,54.88,54.93,54.8,54.89,38469,2111133.75
2019-11-07,2019-11-07,55.02,55.07,54.94,55.04,10562,581260.4375
2019-11-06,2019-11-06,54.72,54.89,54.62,54.84,9980.0,546345.75
2019-11-05,2019-11-05,54.61,54.8,54.56,54.74,116404,6365431
2019-11-04,2019-11-04,54.29,54.67,54.28,54.63,16827,917049
2019-11-01,2019-11-01,53.89,54.16,53.85,54.08,52283,2823011.5
2019-10-31,2019-10-31,53.99,54.05,53.71,53.72,11116,598607.9375
2019-10-30,2019-10-30,53.93,54,53.67,54,27809,1495965.5
2019-10-29,2019-10-29,53.94,53.96,53.74,53.96,92038,4956706.5
2019-10-28,2019-10-28,53.87,54.1,53.77,54.01,89465,4829847.5
2019-10-25,2019-10-25,53.78,53.84,53.55,53.84,43392,2326752.75
2019-10-24,2019-10-24,53.59,53.8,53.54,53.76,1869,100390.59375
2019-10-23,2019-10-23,53.16,53.42,53.16,53.42,17999,960397.25
2019-10-22,2019-10-22,53.33,53.39,53.13,53.39,50610.0,2693706.5
2019-10-21,2019-10-21,53.08,53.38,53.08,53.29,22668,1206776.5
2019-10-18,2019-10-18,53.05,53.15,52.91,52.93,10727,568648.375
2019-10-17,2019-10-17,53.01,53.56,53.01,53.1,36230.0,1932477.75
2019-10-16,2019-10-16,53.22,53.32,53.02,53.17,40108,2130697.5
2019-10-15,2019-10-15,53.03,53.28,52.83,53.17,9267,490675
2019-10-14,2019-10-14,52.62,52.71,52.46,52.67,30394,1596819.875
2019-10-11,2019-10-11,51.96,52.93,51.96,52.93,88929,4660609
2019-10-10,2019-10-10,51.44,51.8,51.14,51.8,33234,1708185.875
2019-10-09,2019-10-09,51.14,51.58,51.14,51.42,59998,3086427.75
2019-10-08,2019-10-08,51.81,51.81,51.18,51.18,75079,3856259.75
2019-10-07,2019-10-07,51.4,51.84,51.38,51.82,14103,728243.625
2019-10-04,2019-10-04,51.08,51.46,50.99,51.46,17274,883356.5
2019-10-02,2019-10-02,52.34,52.34,50.99,50.99,11060.0,570517
2019-10-01,2019-10-01,53.27,53.27,52.43,52.43,8609,456847.6875
2019-09-30,2019-09-30,52.88,53.13,52.88,53.1,3877,205600.6875
2019-09-27,2019-09-27,52.9,52.99,52.86,52.95,1386,73386.570313
2019-09-26,2019-09-26,52.36,52.78,52.36,52.76,9266,488029.90625
2019-09-25,2019-09-25,52.41,52.41,51.95,52.34,17599,917529.5
2019-09-24,2019-09-24,52.84,52.84,52.63,52.63,19994,1055267
2019-09-23,2019-09-23,53.03,53.03,52.62,52.71,26672,1404523.5
2019-09-20,2019-09-20,53.03,53.14,52.96,53.07,9499,504082.75
2019-09-19,2019-09-19,52.56,52.96,52.56,52.95,5320.0,281081.5
2019-09-18,2019-09-18,52.52,52.66,52.52,52.57,2623,138056.734375
2019-09-17,2019-09-17,52.56,52.61,52.39,52.58,6675,350510.84375
2019-09-16,2019-09-16,52.72,52.77,52.62,52.66,30690.0,1615856.375
2019-09-13,2019-09-13,52.79,52.91,52.71,52.91,27805,1468823.5
2019-09-12,2019-09-12,52.8,53.09,52.6,52.77,37652,1988471.375
2019-09-11,2019-09-11,52.41,52.7,52.39,52.69,69938,3674522
2019-09-10,2019-09-10,52.06,52.25,51.9,52.23,8557,445364.84375
2019-09-09,2019-09-09,52.39,52.39,52.12,52.17,7002,366216.375
2019-09-06,2019-09-06,52.11,52.28,52.11,52.28,11249,587240.6875
2019-09-05,2019-09-05,52.08,52.14,51.95,52.14,5398,281213.40625
2019-09-04,2019-09-04,51.65,51.8,51.65,51.73,35099,1815677.625
2019-09-03,2019-09-03,51.3,51.3,51.09,51.29,10498,537606.625
2019-09-02,2019-09-02,51.38,51.55,51.32,51.38,4053,208212.796875
2019-08-30,2019-08-30,50.92,51.35,50.92,51.26,1624,83075.960938
2019-08-29,2019-08-29,50.22,50.9,50.22,50.89,33562,1705361.75
2019-08-28,2019-08-28,50.28,50.34,49.93,50.34,14505,726584
2019-08-27,2019-08-27,50.01,50.52,49.945,50.49,7915,397414.09375
2019-08-26,2019-08-26,49.915,50.17,49.805,50.15,4214,210740.546875
2019-08-23,2019-08-23,50.72,50.81,50.06,50.06,10199,516665.34375
2019-08-22,2019-08-22,50.55,50.8,50.41,50.52,49020.0,2476281.75
2019-08-21,2019-08-21,50.31,50.79,50.31,50.73,7049,356699.65625
2019-08-20,2019-08-20,50.47,50.59,50.12,50.12,4158,209609.515625
2019-08-19,2019-08-19,50.36,50.48,50.19,50.46,8562,430982.75
2019-08-16,2019-08-16,49.475,49.925,49.475,49.91,1546,
2019-08-15,2019-08-15,49.47,49.47,48.76,49.3,2756,135777.4375
2019-08-14,2019-08-14,50.18,50.18,49.41,49.41,39658,1977081.625
2019-08-13,2019-08-13,49.75,50.41,49.51,50.2,19912,
2019-08-12,2019-08-12,50.4,50.48,49.895,49.895,7508,
2019-08-09,2019-08-09,50.41,50.49,50.06,50.06,42226,2125123.5
2019-08-08,2019-08-08,50.14,50.49,49.965,50.49,52337,2626336.25
2019-08-07,2019-08-07,49.655,50.03,49.415,49.61,130181,6489804
2019-08-06,2019-08-06,49.745,50.1,49.51,49.51,44552,2224864.5
2019-08-05,2019-08-05,50.48,50.52,49.715,49.82,46019,2304321
2019-08-02,2019-08-02,51.46,51.46,50.85,50.94,13294,680223.5
2019-08-01,2019-08-01,51.89,52.35,51.89,52.3,7059,367918.875
2019-07-31,2019-07-31,51.9,52.1,51.85,52.01,33791,1755310.5
2019-07-30,2019-07-30,52.54,52.55,51.85,51.92,42794,2234705.25
2019-07-29,2019-07-29,52.53,52.86,52.53,52.63,23261,1227370.0
2019-07-26,2019-07-26,52.38,52.61,52.38,52.61,24088,1266952
2019-07-25,2019-07-25,52.92,52.93,52.35,52.4,6915,364211.375
2019-07-24,2019-07-24,52.71,52.77,52.56,52.72,3590.0,189118.921875
2019-07-23,2019-07-23,52.39,52.79,52.39,52.68,370,19499.810547
2019-07-22,2019-07-22,52.1,52.26,52.04,52.18,5106,266204.03125
2019-07-19,2019-07-19,52.26,52.38,51.99,52.08,10769,561463.4375
2019-07-18,2019-07-18,51.81,52.18,51.81,51.99,12489,648883.875
2019-07-17,2019-07-17,52.34,52.41,52.15,52.15,13682,716284.375
2019-07-16,2019-07-16,52.22,52.36,52.1,52.36,19393,1011353.875
2019-07-15,2019-07-15,52.16,52.3,51.96,52.2,13392,699187.5625
2019-07-12,2019-07-12,52.12,52.16,52.05,52.08,1386,72201.890625
2019-07-11,2019-07-11,52.3,52.3,52,52.07,11338,591888.0625
2019-07-10,2019-07-10,52.1,52.37,52.1,52.13,1612,84218.757813
2019-07-09,2019-07-09,52.26,52.37,52.09,52.22,10747,561434.9375
2019-07-08,2019-07-08,52.44,52.62,52.4,52.48,12941,679598.1875
2019-07-05,2019-07-05,52.84,52.84,52.53,52.54,20812,1096865.75
2019-07-04,2019-07-04,52.93,52.94,52.86,52.91,14068,744187.25
2019-07-03,2019-07-03,52.54,52.88,52.54,52.88,4502,237695.9375
2019-07-02,2019-07-02,52.32,52.45,52.24,52.43,27751,1451740.5
2019-07-01,2019-07-01,52.5,52.5,52.2,52.22,26681,1394706
2019-06-28,2019-06-28,51.48,51.79,51.45,51.79,21604,1115030.0
2019-06-27,2019-06-27,51.55,51.6,51.43,51.45,1088,56055.949219
2019-06-26,2019-06-26,51.51,51.68,51.41,51.44,45882,2364732.75
2019-06-25,2019-06-25,51.5,51.68,51.5,51.61,5351,276217.1875
2019-06-24,2019-06-24,51.83,51.84,51.65,51.65,5689,294054.03125
2019-06-21,2019-06-21,52.03,52.04,51.75,51.82,38872,2014547.625
2019-06-20,2019-06-20,52.14,52.19,51.99,51.99,10742,559875.625
2019-06-19,2019-06-19,51.76,51.79,51.65,51.76,2941,152172.984375
2019-06-18,2019-06-18,50.9,51.82,50.69,51.76,11167,570649.5625
2019-06-17,2019-06-17,51.04,51.04,50.83,50.89,4360.0,221954.296875
2019-06-14,2019-06-14,50.96,50.98,50.76,50.96,32715,1666055.875
2019-06-13,2019-06-13,51.09,51.3,51.09,51.14,60779,3115440.75
2019-06-12,2019-06-12,51.06,51.18,51.06,51.14,4091,209116.984375
2019-06-11,2019-06-11,51.09,51.46,51.09,51.29,7364,377529.5625
2019-06-07,2019-06-07,50.58,50.93,50.58,50.8,71939,3650711.5
2019-06-06,2019-06-06,50.41,50.75,50.25,50.36,3815,192890.953125
2019-06-05,2019-06-05,50.19,50.48,50.19,50.37,8928,450045.34375
2019-06-04,2019-06-04,49.575,50.25,49.575,50.2,28699,1436950.5
2019-06-03,2019-06-03,49.39,49.88,49.28,49.88,14539,721264.6875
2019-05-31,2019-05-31,49.67,49.735,49.42,49.735,28426,1408238.875
2019-05-30,2019-05-30,50.11,50.23,50.07,50.18,1433,71837.15625
2019-05-29,2019-05-29,50.21,50.21,49.805,49.875,12565,627145.125
2019-05-28,2019-05-28,50.73,50.73,50.48,50.53,85228,4315923.5
2019-05-27,2019-05-27,50.87,50.88,50.64,50.69,34665,1760895.5
2019-05-24,2019-05-24,50.46,50.67,50.44,50.56,13899,702316
2019-05-23,2019-05-23,50.67,50.67,50.19,50.22,1406,70605.867188
2019-05-22,2019-05-22,50.96,50.99,50.64,50.93,2491,126595.71875
2019-05-21,2019-05-21,50.87,51.06,50.77,51,29953,1526536.75
2019-05-20,2019-05-20,51.04,51.04,50.47,50.6,4604,233521.734375
2019-05-17,2019-05-17,51.05,51.12,50.81,51.08,21695,1105637.5
2019-05-16,2019-05-16,50.6,51.27,50.54,51.27,14823,753635.8125
2019-05-15,2019-05-15,50.4,50.63,50.03,50.63,40010.0,2011862.5
2019-05-14,2019-05-14,49.96,50.38,49.96,50.38,3626,181927.015625
2019-05-13,2019-05-13,50.44,50.44,49.76,49.79,14786,740540.3125
2019-05-10,2019-05-10,50.65,50.74,50.44,50.44,908,45960.289063
2019-05-09,2019-05-09,50.73,50.74,50.22,50.3,5250.0,265195.1875
2019-05-08,2019-05-08,51.01,51.07,50.78,51.02,129114,6568749.5
2019-05-07,2019-05-07,51.69,51.82,50.93,50.98,11125,571489.25
2019-05-06,2019-05-06,51.39,51.61,51.1,51.61,5534,283476.5625
2019-05-03,2019-05-03,51.96,52.24,51.96,52.19,36391,1895903.875
2019-05-02,2019-05-02,52.02,52.11,51.91,51.91,13106,681898
2019-04-30,2019-04-30,52.12,52.22,52.02,52.22,8325,433642.25
2019-04-29,2019-04-29,52.1,52.16,52,52.14,17126,893037.25
2019-04-26,2019-04-26,51.98,52.08,51.84,52.06,81094,4209395
2019-04-25,2019-04-25,51.99,52.01,51.8,51.98,4692,243475.546875
2019-04-24,2019-04-24,52.03,52.15,51.95,52.05,79447,4133411.75
2019-04-23,2019-04-23,51.91,52.1,51.82,52.07,83436,4333729
2019-04-18,2019-04-18,51.81,52,51.75,51.97,32268,1675556.375
2019-04-17,2019-04-17,51.72,51.88,51.65,51.79,14111,729511.75
2019-04-16,2019-04-16,51.61,51.79,51.61,51.76,45941,2378196.25
2019-04-15,2019-04-15,51.54,51.66,51.53,51.58,14929,770238.75
2019-04-12,2019-04-12,51.32,51.51,51.29,51.51,53246,2738936.25
2019-04-11,2019-04-11,51.37,51.51,51.34,51.43,12359,635090.8125
2019-04-10,2019-04-10,51.27,51.37,51.27,51.35,47679,2445683.75
2019-04-09,2019-04-09,51.37,51.6,51.21,51.21,31560.0,1618567
2019-04-08,2019-04-08,51.52,51.58,51.41,51.44,8417,433222.09375
2019-04-05,2019-04-05,51.56,51.56,51.46,51.53,5780.0,297753.21875
2019-04-04,2019-04-04,51.47,51.52,51.37,51.45,1728,88862.9375
2019-04-03,2019-04-03,51.39,51.53,51.34,51.53,6303,324268.09375
2019-04-02,2019-04-02,50.88,51.14,50.87,51.06,26161,1335667.875
2019-04-01,2019-04-01,50.62,50.87,50.62,50.87,22997,1166599.375
2019-03-29,2019-03-29,50.23,50.32,50.1,50.31,22671,1139164.75
2019-03-28,2019-03-28,50.07,50.19,49.94,49.94,26112,1307575.5
2019-03-27,2019-03-27,50.05,50.2,49.795,50.04,30254,1516381.25
2019-03-26,2019-03-26,49.605,50,49.55,49.955,53185,2650095.25
2019-03-25,2019-03-25,49.475,49.655,49.465,49.515,2276,112892.398438
2019-03-22,2019-03-22,50.5,50.54,49.745,49.745,51208,2560507.75
2019-03-21,2019-03-21,50.3,50.39,50.14,50.31,1489,74980.148438
2019-03-20,2019-03-20,50.65,50.66,50.37,50.37,12372,625368.9375
2019-03-19,2019-03-19,50.64,50.97,50.64,50.84,17451,888092.8125
2019-03-18,2019-03-18,50.45,50.56,50.42,50.56,12436,627683.5
2019-03-15,2019-03-15,50.03,50.42,50.03,50.42,34589,1734360.75
2019-03-14,2019-03-14,49.82,50.17,49.82,50.09,56982,2845612.5
2019-03-13,2019-03-13,49.31,49.675,49.31,49.675,14856,735488
2019-03-12,2019-03-12,49.575,49.575,49.235,49.305,2892,142812.34375
2019-03-11,2019-03-11,49.225,49.38,49.12,49.38,1214,59745.28125
2019-03-08,2019-03-08,49.16,49.21,48.97,49.015,18129,890738.75
2019-03-07,2019-03-07,49.58,49.805,49.33,49.515,42811,2124879.5
2019-03-06,2019-03-06,49.69,49.785,49.61,49.645,1138,56510.878906
2019-03-05,2019-03-05,49.515,49.715,49.455,49.715,6800.0,336937.625
2019-03-04,2019-03-04,49.71,49.725,49.58,49.58,19126,950582.375
2019-03-01,2019-03-01,49.465,49.575,49.405,49.405,3749,185709.265625
2019-02-28,2019-02-28,49.03,49.275,49.005,49.23,5509,270051.3125
2019-02-27,2019-02-27,49.135,49.215,49.08,49.215,2189,107565.4375
2019-02-26,2019-02-26,49.01,49.34,49.01,49.325,6408,315641.90625
2019-02-25,2019-02-25,49.29,49.29,49.11,49.165,9212,453690.1875
2019-02-22,2019-02-22,48.87,49.11,48.87,49.07,1150.0,56428.179688
2019-02-21,2019-02-21,49.105,49.105,48.89,48.94,6601,323203.34375
2019-02-20,2019-02-20,48.83,49.1,48.805,49.035,32361,1582099.5
2019-02-19,2019-02-19,48.76,48.845,48.54,48.745,13491,657981.125
2019-02-18,2019-02-18,48.745,48.845,48.705,48.805,9138,445920.375
2019-02-15,2019-02-15,48.035,48.705,48.035,48.705,2793,135690.421875
2019-02-14,2019-02-14,48.45,48.45,48.04,48.04,61527,2964454.25
2019-02-13,2019-02-13,48.01,48.265,48.01,48.15,5703,274616.96875
2019-02-12,2019-02-12,47.925,47.98,47.85,47.865,22334,1070688.125
2019-02-11,2019-02-11,47.49,47.725,47.49,47.645,6730.0,320497.3125
2019-02-08,2019-02-08,47.505,47.56,47.285,47.285,38827,1845565
2019-02-07,2019-02-07,48.11,48.195,47.52,47.52,93102,4453890.0
2019-02-06,2019-02-06,48.055,48.195,48.04,48.19,24027,1155807.25
2019-02-05,2019-02-05,47.54,48.145,47.54,48.145,4260.0,204179.0625
2019-02-04,2019-02-04,47.47,47.47,47.325,47.465,6324,299639.71875
2019-02-01,2019-02-01,47.375,47.445,47.18,47.41,4727,223591.734375
2019-01-31,2019-01-31,47.37,47.44,47,47.27,22825,1081602.375
2019-01-30,2019-01-30,46.99,47.195,46.975,47.195,1934,91057.773438
2019-01-29,2019-01-29,46.68,47.1,46.62,46.975,2053,96239.453125
2019-01-28,2019-01-28,46.875,46.91,46.6,46.615,5811,271302.875
2019-01-25,2019-01-25,47.075,47.15,47.045,47.045,629,29614.890625
2019-01-24,2019-01-24,46.655,46.88,46.655,46.825,12960.0,606796.0625
2019-01-23,2019-01-23,46.48,46.95,46.48,46.67,1244,58172.230469
2019-01-22,2019-01-22,46.75,46.865,46.625,46.755,3486,163023.515625
2019-01-21,2019-01-21,46.82,46.94,46.82,46.94,1954,91540.867188
2019-01-18,2019-01-18,46.505,47.025,46.505,47.025,4434,207452.78125
2019-01-17,2019-01-17,45.965,46.2,45.955,46.2,21454,988662.25
2019-01-16,2019-01-16,46.185,46.2,45.995,46.2,2534,116814.1875
2019-01-15,2019-01-15,46.13,46.13,45.795,45.97,1280.0,58739.511719
2019-01-14,2019-01-14,45.76,45.765,45.565,45.765,7675,350692.25
2019-01-11,2019-01-11,46.055,46.13,45.89,46.01,11498,529860.5625
2019-01-10,2019-01-10,45.545,46.005,45.545,46.005,2771,126877.289063
2019-01-09,2019-01-09,45.87,46.04,45.8,45.8,5642,259154.875
2019-01-08,2019-01-08,45.315,45.86,45.315,45.565,10221,466583.5
2019-01-07,2019-01-07,45.38,45.38,45.06,45.24,9094,410790.34375
2019-01-04,2019-01-04,44.545,45.28,44.39,45.28,2704,121196.007813
2019-01-03,2019-01-03,44.165,44.44,44.11,44.11,2759,122129.390625
2019-01-02,2019-01-02,44.025,44.585,43.72,44.495,13413,589216.6875
2018-12-28,2018-12-28,43.745,44.315,43.73,44.31,4208,184801.296875
2018-12-27,2018-12-27,44.335,44.4,43.31,43.53,15591,682551.125
2018-12-21,2018-12-21,44.285,44.415,43.93,44.375,6470.0,285660.21875
2018-12-20,2018-12-20,44.43,44.655,44.39,44.39,8515,378784.46875
2018-12-19,2018-12-19,44.87,45.105,44.87,45.055,27803,1251445.25
2018-12-18,2018-12-18,45.12,45.19,44.88,44.88,22886,1031650.6875
2018-12-17,2018-12-17,45.695,45.695,45.18,45.265,3044,138653.3125
2018-12-14,2018-12-14,45.745,45.87,45.62,45.835,33783,1546895.625
2018-12-13,2018-12-13,46.31,46.31,46.035,46.135,3020.0,139560.296875
2018-12-12,2018-12-12,45.545,46.19,45.545,46.15,20200.0,926372.6875
2018-12-11,2018-12-11,45.125,45.675,45.08,45.415,3400.0,154381.46875
2018-12-10,2018-12-10,45.31,45.31,44.735,44.765,17000.0,757232.9375
2018-12-07,2018-12-07,45.675,46.015,45.565,45.565,49697,2276940.0
2018-12-06,2018-12-06,46.255,46.255,45.3,45.365,27714,1284447.5
2018-12-05,2018-12-05,46.725,46.95,46.69,46.705,4060.0,190357.3125
2018-12-04,2018-12-04,47.61,47.61,47.295,47.295,34230.0,1580643
2018-12-03,2018-12-03,48.085,48.12,47.615,47.615,91692,4442550.0
2018-11-30,2018-11-30,47.01,47.23,46.965,47.125,2502,117619.921875
2018-11-29,2018-11-29,47.425,47.425,47.195,47.195,2451,116081.359375
2018-11-28,2018-11-28,47.33,47.33,47.11,47.11,279,13185.570313
2018-11-27,2018-11-27,47.13,47.13,46.98,47.13,19091,898136.75
2018-11-26,2018-11-26,47.25,47.25,47.13,47.195,24163,1140855.75
2018-11-23,2018-11-23,46.6,46.69,46.36,46.69,11446,531505.125
2018-11-22,2018-11-22,46.695,46.695,46.43,46.495,3618,168104.6875
2018-11-21,2018-11-21,46.45,46.825,46.45,46.825,4838,226085.359375
2018-11-20,2018-11-20,46.5,46.64,46.075,46.295,3622,168332.953125
2018-11-19,2018-11-19,47.435,47.435,46.81,46.81,21784,1032585.25
2018-11-16,2018-11-16,47.58,47.605,47.095,47.145,82145,3889183.5
2018-11-15,2018-11-15,47.47,47.47,46.995,47.225,3865,182061.40625
2018-11-14,2018-11-14,47.635,48.005,47.635,47.655,2282,109190.570313
2018-11-13,2018-11-13,47.83,48.03,47.69,47.965,8676,415919.5
2018-11-12,2018-11-12,48.275,48.275,47.645,47.645,7051,338057.15625
2018-11-09,2018-11-09,47.97,48.035,47.97,48.035,1580.0,75803.851563
2018-11-08,2018-11-08,48.23,48.28,48.22,48.22,1378,66476.9375
2018-11-07,2018-11-07,48.21,48.21,48,48.155,2595,124672.96875
2018-11-06,2018-11-06,47.83,47.83,47.615,47.63,1448,69089.96875
2018-11-05,2018-11-05,47.855,47.96,47.78,47.78,8929,427808.375
2018-11-02,2018-11-02,48.205,48.205,47.785,47.785,52,2496.47998
2018-11-01,2018-11-01,47.515,47.86,47.515,47.71,2369,113096.476563
2018-10-31,2018-10-31,47.445,47.63,47.44,47.515,3633,172446.703125
2018-10-30,2018-10-30,46.765,46.765,46.735,46.735,2583,120793.882813
2018-10-29,2018-10-29,46.555,47.1,46.555,46.76,6357,297988.46875
2018-10-26,2018-10-26,46.28,46.345,45.94,46.345,3901,180385.796875
2018-10-25,2018-10-25,46.055,46.685,46.055,46.685,11190.0,519596.5
2018-10-24,2018-10-24,46.785,46.995,46.44,46.44,7474,349811.25
2018-10-23,2018-10-23,46.72,46.81,46.47,46.565,34873,1625268.875
2018-10-22,2018-10-22,47.68,47.75,47.305,47.305,23630.0,1125004.125
2018-10-19,2018-10-19,47.32,47.565,47.27,47.44,4692,222259.28125
2018-10-18,2018-10-18,47.725,47.93,47.415,47.415,73538,3508652.5
2018-10-17,2018-10-17,48.15,48.15,47.58,47.7,2317,110526.296875
2018-10-16,2018-10-16,47.18,47.82,47.18,47.81,1902,90260.257813
2018-10-15,2018-10-15,46.88,47.17,46.88,47.17,8088,379749.875
2018-10-12,2018-10-12,47.575,47.59,47.1,47.1,10348,491096.875
2018-10-11,2018-10-11,47.515,47.61,47.15,47.15,13668,648642.5625
2018-10-10,2018-10-10,48.795,48.82,48.09,48.09,23937,1167920.5
2018-10-09,2018-10-09,48.835,48.9,48.57,48.9,222,10831.30957
2018-10-08,2018-10-08,49.13,49.19,48.725,48.725,21122,1038896.0625
2018-10-05,2018-10-05,49.54,49.54,49.27,49.27,15922,786597.25
2018-10-04,2018-10-04,50.15,50.15,49.71,49.71,3900.0,194488.921875
2018-10-02,2018-10-02,49.93,50.04,49.85,49.945,17417,870438.6875
2018-10-01,2018-10-01,50.12,50.33,50.12,50.23,12423,624453.5
2018-09-28,2018-09-28,50.41,50.43,50.08,50.12,13137,660077.875
2018-09-27,2018-09-27,50.27,50.56,50.2,50.56,1731,86984.953125
2018-09-26,2018-09-26,50.16,50.36,50.12,50.36,1454,72990.148438
2018-09-25,2018-09-25,50.08,50.22,49.985,50.22,2309,115563.328125
2018-09-24,2018-09-24,50.18,50.18,49.95,49.95,802,40211.039063
2018-09-21,2018-09-21,50.25,50.25,50.12,50.22,9760.0,489784.40625
2018-09-20,2018-09-20,49.86,50,49.855,49.985,953,47566.890625
2018-09-19,2018-09-19,49.57,49.615,49.455,49.615,8851,437799.65625
2018-09-18,2018-09-18,49.36,49.47,49.36,49.47,1519,75072.296875
2018-09-17,2018-09-17,49.275,49.415,49.275,49.385,7574,373704.0625
2018-09-14,2018-09-14,49.3,49.34,49.255,49.34,3421,168622.125
2018-09-13,2018-09-13,49.16,49.405,49.16,49.175,1478,72902.859375
2018-09-12,2018-09-12,49.16,49.19,49.075,49.17,12053,592510.0
2018-09-11,2018-09-11,48.995,48.995,48.8,48.965,3359,164326.8125
2018-09-10,2018-09-10,48.81,49.065,48.81,48.995,4733,231452.953125
2018-09-07,2018-09-07,48.745,48.805,48.55,48.805,1787,86858.539063
2018-09-06,2018-09-06,48.925,48.99,48.74,48.74,240,11744.599609
2018-09-05,2018-09-05,49.35,49.35,48.955,48.955,30058,1479129.75
2018-09-04,2018-09-04,50.13,50.13,49.44,49.545,3462,172510.4375
2018-09-03,2018-09-03,49.9,49.935,49.835,49.935,1522,75970.851563
2018-08-31,2018-08-31,50.13,50.13,49.87,49.87,15016,751075.125
2018-08-30,2018-08-30,50.29,50.3,50.29,50.29,105,5281.450195
2018-08-29,2018-08-29,50.42,50.48,50.34,50.48,1638,82472.71875
2018-08-28,2018-08-28,50.43,50.43,50.28,50.28,1198,60402.660156
2018-08-27,2018-08-27,50.2,50.46,50.15,50.38,3240.0,162880.515625
2018-08-24,2018-08-24,50.13,50.16,50.06,50.06,11201,561221.6875
2018-08-23,2018-08-23,50.24,50.24,50,50,12370.0,620132.75
2018-08-22,2018-08-22,50.06,50.16,50.06,50.11,4184,209536.40625
2018-08-21,2018-08-21,49.95,50.21,49.95,50.14,303,15190.629883
2018-08-20,2018-08-20,49.825,50.11,49.825,50.03,1770.0,88312.210938
2018-08-17,2018-08-17,49.775,49.775,49.515,49.74,19544,968011.1875
2018-08-16,2018-08-16,49.62,49.785,49.62,49.785,2131,105743.476563
2018-08-15,2018-08-15,50.27,50.27,49.465,49.465,2184,109179.421875
2018-08-14,2018-08-14,50.46,50.47,50.17,50.23,23952,1205956.75
2018-08-13,2018-08-13,50.08,50.27,50.06,50.19,6676,334964.5625
2018-08-10,2018-08-10,50.48,50.53,50.25,50.37,32542,1641155.5
2018-08-09,2018-08-09,50.73,50.88,50.73,50.87,1256,63870.851563
2018-08-08,2018-08-08,50.81,50.81,50.77,50.78,301,15281.80957
2018-08-07,2018-08-07,50.84,51,50.78,50.89,694,35354.308594
2018-08-06,2018-08-06,50.84,50.84,50.54,50.63,5685,288146.46875
2018-08-03,2018-08-03,50.55,50.7,50.55,50.7,2035,102980.296875
2018-08-02,2018-08-02,50.52,50.58,50.29,50.37,7716,389473.5
2018-08-01,2018-08-01,50.98,50.98,50.73,50.73,2286,116279.171875
2018-07-31,2018-07-31,50.91,51.14,50.83,51.03,14162,721797.5
2018-07-30,2018-07-30,50.84,50.91,50.84,50.84,106,5395.129883
2018-07-27,2018-07-27,50.87,51.01,50.87,51.01,326,16598.910156
2018-07-26,2018-07-26,50.64,50.8,50.64,50.8,4175,211492.0625
2018-07-25,2018-07-25,50.6,50.6,50.36,50.42,2672,134640.03125
2018-07-24,2018-07-24,50.56,50.65,50.56,50.59,10094,511252.34375
2018-07-23,2018-07-23,50.09,50.12,49.99,50.12,1458,72922.96875
2018-07-20,2018-07-20,50.32,50.32,49.89,50.2,897,45027.039063
2018-07-19,2018-07-19,50.41,50.41,50.3,50.3,476,23953.759766
2018-07-18,2018-07-18,50.33,50.45,50.3,50.39,36855,1856181.75
2018-07-17,2018-07-17,49.98,50.17,49.875,50.1,19844,991087.1875
2018-07-16,2018-07-16,50.18,50.18,49.99,49.99,120,6021.600098
2018-07-13,2018-07-13,50.17,50.2,50.11,50.175,37455,1878125.625
2018-07-12,2018-07-12,49.785,50.05,49.695,50.05,363,18109.800781
2018-07-11,2018-07-11,49.725,49.765,49.67,49.67,4758,236680.578125
2018-07-10,2018-07-10,50.35,50.35,50.33,50.33,6519,328104.25
2018-07-09,2018-07-09,50.04,50.11,49.98,50.095,474,23700.119141
2018-07-06,2018-07-06,49.81,49.825,49.61,49.825,2024,100577.289063
2018-07-05,2018-07-05,49.635,49.7575,49.6,49.7575,4698,233492.125
2018-07-04,2018-07-04,49.56,49.56,49.455,49.5175,1533,75905.601563
2018-07-03,2018-07-03,49.445,49.545,49.365,49.485,12001,593964.5625
2018-07-02,2018-07-02,48.875,49.18,48.875,49.055,4964,243655.625
2018-06-29,2018-06-29,49.555,49.6,49.475,49.4825,4481,222130.859375
2018-06-28,2018-06-28,49.35,49.465,48.935,49.0925,22236,1091612.75
2018-06-27,2018-06-27,49.09,49.51,48.785,49.4675,19853,979906.9375
2018-06-26,2018-06-26,49.21,49.225,49.05,49.06,18582,913863.25
2018-06-25,2018-06-25,49.785,49.81,49.03,49.03,1312,65302.289063
2018-06-22,2018-06-22,49.645,50.125,49.585,50.125,6464,322089.875
2018-06-21,2018-06-21,50.04,50.12,49.5375,49.5375,4250.0,211646.8125
2018-06-20,2018-06-20,50.14,50.22,49.9675,49.9675,15842,794336.625
2018-06-19,2018-06-19,49.59,49.83,49.54,49.83,21130.0,1049753.625
2018-06-18,2018-06-18,50.08,50.18,50.08,50.18,2587,129556.960938
2018-06-15,2018-06-15,51.19,51.19,50.59,50.59,3711,189493.265625
2018-06-14,2018-06-14,50.21,51.15,50.21,51.15,12394,625915.3125
2018-06-13,2018-06-13,50.48,50.59,50.44,50.49,2279,115220.859375
2018-06-12,2018-06-12,50.58,50.58,50.43,50.48,5529,279262.9375
2018-06-11,2018-06-11,50.43,50.52,50.33,50.52,8378,422277.21875
2018-06-08,2018-06-08,49.89,50.17,49.89,50.11,4452,222294.15625
2018-06-07,2018-06-07,50.51,50.62,50.25,50.25,12431,627489
2018-06-06,2018-06-06,50.36,50.43,50.13,50.34,101527,5113910.0
2018-06-05,2018-06-05,50.38,50.63,50.3,50.3,10823,547393
2018-06-04,2018-06-04,50.56,50.58,50.43,50.45,26655,1346606.875
2018-06-01,2018-06-01,50.12,50.47,50.1,50.35,9361,471669.09375
2018-05-31,2018-05-31,50.27,50.29,49.77,49.79,7321,367332.15625
2018-05-30,2018-05-30,49.98,50.19,49.98,50.19,21202,1061357.75
2018-05-29,2018-05-29,50.31,50.31,49.89,50,4639,232294.703125
2018-05-28,2018-05-28,50.91,51.02,50.59,50.59,13390.0,682263.5625
2018-05-25,2018-05-25,50.92,50.92,50.63,50.75,3772,191817.9375
2018-05-24,2018-05-24,50.67,50.67,50.67,50.67,0,0
2018-05-23,2018-05-23,51.13,51.13,50.99,50.99,1356,69293
2018-05-22,2018-05-22,51.5,51.61,51.43,51.58,23652,1217250.125
2018-05-18,2018-05-18,51.24,51.35,51.22,51.25,1922,98486.289063
2018-05-17,2018-05-17,51.02,51.35,51.01,51.35,21755,1112065.5
2018-05-16,2018-05-16,50.93,51,50.93,51,7344,374102.65625
2018-05-15,2018-05-15,50.68,50.9,50.68,50.89,18122,919294.1875
2018-05-14,2018-05-14,50.8,50.82,50.73,50.82,2200.0,111772.460938
2018-05-11,2018-05-11,50.84,50.84,50.75,50.81,1448,73508.890625
2018-05-10,2018-05-10,50.84,50.85,50.77,50.77,79,4016.75
2018-05-09,2018-05-09,50.45,50.72,50.45,50.72,13006,656553.75
2018-05-08,2018-05-08,50.34,50.35,50.18,50.35,2008,100940.289063
2018-05-07,2018-05-07,50,50.38,50,50.38,5534,277751.125
2018-05-04,2018-05-04,49.725,49.97,49.71,49.97,7964,396109.34375
2018-05-03,2018-05-03,49.91,49.91,49.56,49.615,5071,252041.34375
2018-05-02,2018-05-02,49.73,49.99,49.725,49.915,1692,84460.882813
2018-04-30,2018-04-30,49.505,49.685,49.505,49.66,1069,53107.898438
2018-04-27,2018-04-27,49.495,49.56,49.48,49.56,12101,598839.3125
2018-04-26,2018-04-26,48.93,49.415,48.93,49.415,5039,247215.9375
2018-04-25,2018-04-25,48.955,48.97,48.67,48.905,34274,1670977.25
2018-04-24,2018-04-24,49.37,49.37,49.22,49.255,2165,106596.046875
2018-04-23,2018-04-23,49.065,49.255,49.065,49.255,12003,588927.1875
2018-04-20,2018-04-20,48.995,49.09,48.95,49.09,14646,717723.3125
2018-04-19,2018-04-19,49.045,49.065,48.995,49.065,9528,467050.3125
2018-04-18,2018-04-18,48.98,49.06,48.915,49.04,2076,101759.492188
2018-04-17,2018-04-17,48.58,48.93,48.58,48.93,1479,72185.25
2018-04-16,2018-04-16,48.68,48.68,48.495,48.5,113,5498.990234
2018-04-13,2018-04-13,48.805,48.815,48.675,48.675,3120.0,152274.796875
2018-04-12,2018-04-12,48.36,48.595,48.23,48.595,23143,1121662.125
2018-04-11,2018-04-11,48.45,48.45,48.205,48.295,2807,135312.609375
2018-04-10,2018-04-10,48.42,48.55,48.42,48.55,29,1405.439941
2018-04-09,2018-04-09,48.285,48.285,48.19,48.195,80,3859.189941
2018-04-06,2018-04-06,48.12,48.255,48.015,48.08,22622,1088944
2018-04-05,2018-04-05,47.78,48.285,47.78,48.285,5637,270786.4375
2018-04-04,2018-04-04,47.23,47.23,46.7,47.08,7568,354500.25
2018-04-03,2018-04-03,47.445,47.445,47.035,47.275,12993,612727.6875
2018-03-29,2018-03-29,47.345,47.55,47.345,47.55,1027,48626.960938
2018-03-28,2018-03-28,46.755,47.355,46.465,47.355,6000.0,279080.0
2018-03-27,2018-03-27,47.09,47.09,47.03,47.04,956,44989.261719
2018-03-26,2018-03-26,46.87,46.925,46.495,46.495,15716,731447.875
2018-03-23,2018-03-23,46.67,46.915,46.67,46.735,20254,948263.125
2018-03-22,2018-03-22,47.61,47.625,47.09,47.23,9042,427269.5625
2018-03-21,2018-03-21,48.02,48.02,47.905,47.915,259,12432.5
2018-03-20,2018-03-20,47.68,47.975,47.68,47.975,886,42346.03125
2018-03-19,2018-03-19,48.135,48.155,47.735,47.735,10702,513038.625
2018-03-16,2018-03-16,48.235,48.325,48.235,48.27,48,2317.080078
2018-03-15,2018-03-15,47.995,48.125,47.93,48.125,51188,2457938.5
2018-03-14,2018-03-14,47.895,48.085,47.84,47.88,7465,357627.34375
2018-03-13,2018-03-13,48.44,48.5,47.88,47.88,1817,87997.710938
2018-03-12,2018-03-12,48.51,48.51,48.36,48.38,1550.0,74963.679688
2018-03-09,2018-03-09,48.095,48.285,48.095,48.285,135,6492.830078
2018-03-08,2018-03-08,47.65,48.115,47.635,48.08,534,25475.439453
2018-03-07,2018-03-07,47.27,47.59,47.27,47.59,1825,86594.09375
2018-03-06,2018-03-06,47.71,47.775,47.4,47.415,19527,932777.375
2018-03-05,2018-03-05,46.815,47.345,46.815,47.345,3096,146009.0625
2018-03-02,2018-03-02,47.445,47.445,46.85,46.85,2191,103648.78125
2018-03-01,2018-03-01,48.02,48.035,47.875,47.875,7805,374172.75
2018-02-28,2018-02-28,48.625,48.76,48.465,48.465,43448,2113969.5
2018-02-27,2018-02-27,49.045,49.045,48.69,48.805,832,40522.339844
2018-02-26,2018-02-26,49.02,49.02,48.855,48.895,26474,1296681.625
2018-02-23,2018-02-23,48.58,48.675,48.52,48.675,23265,1129774.375
2018-02-22,2018-02-22,48.205,48.56,48.185,48.56,9454,456642.84375
2018-02-21,2018-02-21,48.405,48.585,48.2,48.585,3475,168022.515625
2018-02-20,2018-02-20,48.145,48.52,48.145,48.52,3103,150136.296875
2018-02-19,2018-02-19,48.58,48.615,48.175,48.175,18749,904222.875
2018-02-16,2018-02-16,48.345,48.58,48.28,48.53,4809,232561.59375
2018-02-15,2018-02-15,48.04,48.185,47.835,47.995,9454,454039.21875
2018-02-14,2018-02-14,47.505,47.69,47.38,47.69,74124,3522981.25
2018-02-13,2018-02-13,47.585,47.585,47.22,47.22,3232,153519.015625
2018-02-12,2018-02-12,47.7,47.7,47.5,47.545,63468,3021335
2018-02-09,2018-02-09,47.54,47.545,46.84,46.995,10378,489821.15625
2018-02-08,2018-02-08,48.25,48.25,47.63,47.63,27334,1314736
2018-02-07,2018-02-07,47.885,48.525,47.76,48.525,22197,1063500.75
2018-02-06,2018-02-06,47.965,48.115,47.52,47.52,93406,4457536
2018-02-05,2018-02-05,49,49,48.655,48.655,12910.0,629549.75
2018-02-02,2018-02-02,50,50,49.43,49.43,18355,912720.0625
2018-02-01,2018-02-01,50.71,50.73,50.1,50.13,20655,1037292
2018-01-31,2018-01-31,50.62,50.62,50.37,50.4,17407,880177.875
2018-01-30,2018-01-30,50.72,50.8,50.46,50.53,7441,376913.65625
2018-01-29,2018-01-29,51.13,51.13,50.96,50.96,10346,528030.0
2018-01-26,2018-01-26,51.05,51.16,51.05,51.13,6301,322278.9375
2018-01-25,2018-01-25,51.11,51.29,50.81,50.88,3775,192785.796875
2018-01-24,2018-01-24,51.45,51.48,51.17,51.17,21253,1093929.75
2018-01-23,2018-01-23,51.5,51.55,51.4,51.41,1875,96415.101563
2018-01-22,2018-01-22,51.18,51.36,51.16,51.36,9653,495099
2018-01-19,2018-01-19,50.97,51.2,50.97,51.17,2908,148650.65625
2018-01-18,2018-01-18,50.99,50.99,50.87,50.94,1473,74935.507813
2018-01-17,2018-01-17,50.76,50.93,50.76,50.85,43432,2211295.5
2018-01-16,2018-01-16,50.96,50.99,50.84,50.87,6566,334366.84375
2018-01-15,2018-01-15,50.9,50.9,50.84,50.84,376,19135.460938
2018-01-12,2018-01-12,50.78,50.94,50.77,50.94,6058,307909.125
2018-01-11,2018-01-11,50.93,50.93,50.69,50.78,7471,379526.21875
2018-01-10,2018-01-10,50.99,50.99,50.77,50.87,56133,2859600.25
2018-01-09,2018-01-09,50.95,51.13,50.95,51.05,22550.0,1151459
2018-01-08,2018-01-08,50.92,50.92,50.84,50.86,1681,85510.632813
2018-01-05,2018-01-05,50.45,50.71,50.45,50.71,22314,1128487.25
2018-01-04,2018-01-04,50.06,50.26,50.06,50.25,1709,85744.742188
2018-01-03,2018-01-03,49.785,49.945,49.69,49.86,16944,844239.625
2018-01-02,2018-01-02,49.765,49.765,49.37,49.56,5485,271956.59375
2017-12-29,2017-12-29,49.79,49.79,49.72,49.75,1072,53342.101563
2017-12-28,2017-12-28,49.88,49.88,49.72,49.72,2188,109052.789063
2017-12-27,2017-12-27,49.83,49.91,49.75,49.86,3486,173827.484375
2017-12-22,2017-12-22,49.9,49.91,49.83,49.83,3771,187987.6875
2017-12-21,2017-12-21,49.47,49.91,49.45,49.91,14707,731110.4375
2017-12-20,2017-12-20,49.78,49.87,49.58,49.59,3605,179353.203125
2017-12-19,2017-12-19,50.14,50.14,49.88,49.88,10285,513710.28125
2017-12-18,2017-12-18,49.77,50.12,49.77,50.12,17088,853891.1875
2017-12-15,2017-12-15,49.47,49.535,49.4,49.535,1945,96199.25
2017-12-14,2017-12-14,49.76,49.76,49.6,49.6,15072,748036.0625
2017-12-13,2017-12-13,49.9,49.92,49.81,49.81,2123,105946.898438
2017-12-12,2017-12-12,49.62,49.95,49.54,49.95,13201,655392.5625
2017-12-11,2017-12-11,49.77,49.77,49.6,49.615,1205,59792.289063
2017-12-08,2017-12-08,49.645,49.645,49.645,49.645,0,0
2017-12-07,2017-12-07,49.29,49.38,49.21,49.275,25671,1263699.625
2017-12-06,2017-12-06,48.93,49.3,48.92,49.265,9124,446512.03125
2017-12-05,2017-12-05,49.35,49.35,49.17,49.305,14336,706508.8125
2017-12-04,2017-12-04,49.35,49.56,49.26,49.365,56790.0,2800837.61
2017-12-01,2017-12-01,49.35,49.39,48.85,48.85,12375,607846.6875
2017-11-30,2017-11-30,49.45,49.79,49.26,49.26,6243,309407.1875
2017-11-29,2017-11-29,49.6,49.69,49.46,49.46,3171,157562.09375
2017-11-28,2017-11-28,49.12,49.33,49.08,49.33,11373,558518.125
2017-11-27,2017-11-27,49.13,49.34,49.03,49.03,2578,126935.882813
2017-11-24,2017-11-24,49.34,49.39,49.25,49.25,898,44315.839844
2017-11-23,2017-11-23,49.04,49.36,49.01,49.3,1958,96332.632813
2017-11-22,2017-11-22,49.41,49.58,49.29,49.29,2708,134160.4375
2017-11-21,2017-11-21,49.12,49.46,49.08,49.41,2388,117956.34375
2017-11-20,2017-11-20,48.92,49.23,48.88,49.23,11378,557720.75
2017-11-17,2017-11-17,49.05,49.05,48.88,48.88,6386,312947.1875
2017-11-16,2017-11-16,48.86,49.07,48.86,49.07,4858,238143.953125
2017-11-15,2017-11-15,48.62,48.68,48.48,48.68,28446,1380608.625
2017-11-14,2017-11-14,49.22,49.27,48.89,48.89,3122,152872.59375
2017-11-13,2017-11-13,49.37,49.37,48.96,49.22,1586,77955.90625
2017-11-10,2017-11-10,49.81,49.81,49.5,49.52,11505,572058.6875
2017-11-09,2017-11-09,50.27,50.27,49.71,49.71,3135,157105.34375
2017-11-08,2017-11-08,50.31,50.31,50.14,50.23,40867,2050514.875
2017-11-07,2017-11-07,50.63,50.63,50.25,50.25,597,30146.589844
2017-11-06,2017-11-06,50.4,50.5,50.35,50.47,25564,1287598
2017-11-03,2017-11-03,50.29,50.45,50.29,50.45,5687,286426.6875
2017-11-02,2017-11-02,50.52,50.52,50.18,50.29,17287,869211.875
2017-11-01,2017-11-01,50.57,50.62,50.48,50.48,23092,1167879.875
2017-10-30,2017-10-30,50.06,50.18,50.05,50.16,2913,146070.5
2017-10-27,2017-10-27,50.02,50.1,50.01,50.09,26003,1301394
2017-10-26,2017-10-26,49.24,49.79,49.24,49.79,4943,243625.8125
2017-10-25,2017-10-25,49.54,49.65,49.28,49.28,6220.0,307807.125
2017-10-24,2017-10-24,49.7,49.7,49.57,49.57,1436,71273.007813
2017-10-23,2017-10-23,49.7,49.82,49.68,49.74,2513,124939.179688
2017-10-20,2017-10-20,49.62,49.69,49.62,49.68,18939,940653.125
2017-10-19,2017-10-19,49.56,49.58,49.39,49.53,13193,651986.6875
2017-10-18,2017-10-18,49.76,49.88,49.73,49.85,9550.0,475770.34375
2017-10-17,2017-10-17,49.75,49.9,49.72,49.72,3237,161320.84375
2017-10-16,2017-10-16,49.92,49.92,49.82,49.82,22787,1136923.375
2017-10-13,2017-10-13,49.76,49.88,49.76,49.82,5827,290598.96875
2017-10-12,2017-10-12,49.7,49.7,49.52,49.66,170,8431.480469
2017-10-11,2017-10-11,49.67,49.67,49.57,49.63,18069,896507.125
2017-10-10,2017-10-10,49.51,49.67,49.51,49.63,6066,300570.59375
2017-10-09,2017-10-09,49.6,49.63,49.58,49.62,6921,343244.65625
2017-10-06,2017-10-06,49.71,49.71,49.45,49.55,8901,441185.53125
2017-10-05,2017-10-05,49.52,49.73,49.52,49.73,9820.0,487220.84375
2017-10-04,2017-10-04,49.73,49.73,49.52,49.62,7528,373310.71875
2017-10-02,2017-10-02,49.49,49.61,49.39,49.61,7262,358961.59375
2017-09-29,2017-09-29,49.07,49.31,49.06,49.31,3659,179732.4375
2017-09-28,2017-09-28,48.99,49.13,48.99,49.13,3133,153631.96875
2017-09-27,2017-09-27,48.97,49.05,48.95,49.02,2306,112919.460938
2017-09-26,2017-09-26,48.78,49.15,48.78,48.83,3375,164769.625
2017-09-25,2017-09-25,48.68,48.85,48.68,48.82,5505,268682.6875
2017-09-22,2017-09-22,48.63,48.73,48.57,48.68,4348,211608.046875
2017-09-21,2017-09-21,48.65,48.71,48.63,48.64,7844,381738.40625
2017-09-20,2017-09-20,48.55,48.56,48.47,48.51,17126,831483.125
2017-09-19,2017-09-19,48.45,48.56,48.45,48.54,30663,1486634.125
2017-09-18,2017-09-18,48.58,48.59,48.47,48.5,24242,1177518.25
2017-09-15,2017-09-15,48.4,48.4,48.31,48.35,10276,496827
2017-09-14,2017-09-14,48.42,48.51,48.39,48.51,1074,52042.078125
2017-09-13,2017-09-13,48.37,48.45,48.31,48.45,2310.0,111650.117188
2017-09-12,2017-09-12,48.38,48.53,48.38,48.43,9334,452174.8125
2017-09-11,2017-09-11,48,48.21,47.99,48.21,21263,1021095.4375
2017-09-08,2017-09-08,47.67,47.7,47.66,47.7,971,46280.789063
2017-09-07,2017-09-07,47.7,47.7,47.59,47.59,6539,311470.625
2017-09-06,2017-09-06,47.33,47.56,47.31,47.5,26380.0,1252172.375
2017-09-05,2017-09-05,47.72,47.72,47.49,47.49,3056,145572.203125
2017-09-04,2017-09-04,47.44,47.62,47.44,47.53,1721,81814.578125
2017-09-01,2017-09-01,47.77,47.89,47.7,47.8,2187,104470.53125
2017-08-31,2017-08-31,47.35,47.56,47.35,47.49,3286,155929.796875
2017-08-30,2017-08-30,47.1,47.2,47.06,47.15,3795,178763.75
2017-08-29,2017-08-29,46.69,46.88,46.54,46.83,10956,511592.625
2017-08-28,2017-08-28,47.32,47.48,47.27,47.35,1617,76669.859375
2017-08-25,2017-08-25,47.67,47.76,47.56,47.56,18135,865399.8125
2017-08-24,2017-08-24,47.6,47.6,47.6,47.6,97,4617.200195
2017-08-23,2017-08-23,47.71,47.71,47.48,47.51,348,16553.08
2017-08-22,2017-08-22,47.62,47.79,47.62,47.79,17064,814079
2017-08-21,2017-08-21,47.49,47.59,47.29,47.37,10084,478140.96875
2017-08-18,2017-08-18,47.56,47.56,47.56,47.56,0,0
2017-08-17,2017-08-17,48.04,48.13,47.94,47.94,3401,163443.546875
2017-08-16,2017-08-16,48.09,48.24,48.09,48.18,13551,653448.5625
2017-08-15,2017-08-15,47.89,48.01,47.87,47.87,18143,870785.1875
2017-08-14,2017-08-14,47.6,47.81,47.6,47.8,22878,1091014
2017-08-11,2017-08-11,47.34,47.34,47.34,47.34,0,0
2017-08-10,2017-08-10,48.18,48.18,47.82,47.84,7044,338436.96875
2017-08-09,2017-08-09,48.43,48.43,48.11,48.28,23133,1119120.125
2017-08-08,2017-08-08,48.47,48.7,48.4,48.63,5132,249335.1875
2017-08-07,2017-08-07,48.63,48.65,48.46,48.54,6623,321365.71875
2017-08-04,2017-08-04,48.12,48.59,48.11,48.59,4662,224319.140625
2017-08-03,2017-08-03,48.01,48.17,47.98,48.12,2296,110371.773438
2017-08-02,2017-08-02,48.16,48.17,47.99,48.07,7474,358979.5
2017-08-01,2017-08-01,48,48.27,48,48.27,2691,129397.34375
2017-07-31,2017-07-31,48.04,48.18,47.96,47.96,717,34484.5
2017-07-28,2017-07-28,47.98,48.05,47.98,48,552,26503.439453
2017-07-27,2017-07-27,48.55,48.55,48.4,48.46,23825,1154235
2017-07-26,2017-07-26,48.56,48.56,48.48,48.55,2573,124873.09375
2017-07-25,2017-07-25,48.19,48.5,48.19,48.33,1601,77316.710938
2017-07-24,2017-07-24,48.21,48.21,48.01,48.1,45457,2186733.5
2017-07-21,2017-07-21,48.68,48.74,48.18,48.21,14283,692784.875
2017-07-20,2017-07-20,48.97,49.03,48.7,48.7,10526,515426.78125
2017-07-19,2017-07-19,48.68,48.91,48.64,48.89,2312,112751.828125
2017-07-18,2017-07-18,48.94,48.94,48.54,48.54,8903,434474.46875
2017-07-17,2017-07-17,49.24,49.24,49.05,49.05,7919,388875.6875
2017-07-14,2017-07-14,49.06,49.1,48.97,49.1,46835,2297692.5
2017-07-13,2017-07-13,48.95,49.15,48.9,49.04,89713,4395682
2017-07-12,2017-07-12,48.27,48.94,48.27,48.89,2179,106423.148438
2017-07-11,2017-07-11,48.35,48.35,48.15,48.15,169,8167.049805
2017-07-10,2017-07-10,48.41,48.48,48.35,48.45,7558,365948.1875
2017-07-07,2017-07-07,48.23,48.27,48.1,48.27,31112,1499318.125
2017-07-06,2017-07-06,48.65,48.65,48.08,48.16,328,15788.570313
2017-07-05,2017-07-05,48.6,48.61,48.5,48.55,2125,103189.742188
2017-07-04,2017-07-04,48.61,48.7,48.53,48.68,5169,251362.296875
2017-07-03,2017-07-03,48.46,48.68,48.46,48.59,1284,62369.691406
2017-06-30,2017-06-30,48.33,48.57,48.16,48.16,8964,433791.9375
2017-06-29,2017-06-29,48.52,48.52,48.32,48.32,569,27569.269531
2017-06-28,2017-06-28,48.77,48.99,48.77,48.99,1228,59906.199219
2017-06-27,2017-06-27,49.22,49.29,48.96,49.01,8251,404719.3125
2017-06-26,2017-06-26,49.47,49.59,49.36,49.36,7041,348950.40625
2017-06-23,2017-06-23,49.29,49.29,49.09,49.17,15296,753174.8125
2017-06-22,2017-06-22,49.16,49.29,49.02,49.29,3344,164272.375
2017-06-21,2017-06-21,49.03,49.36,49,49.28,41258,2022903.375
2017-06-20,2017-06-20,49.87,49.87,49.38,49.38,4972,246608.015625
2017-06-19,2017-06-19,49.74,49.8,49.66,49.74,5067,252023.015625
2017-06-16,2017-06-16,49.32,49.39,49.23,49.28,34896,1720727.75
2017-06-15,2017-06-15,48.88,49.01,48.74,49.01,6091,297563.09375
2017-06-14,2017-06-14,49.53,49.64,49.15,49.15,8840.0,437969.625
2017-06-13,2017-06-13,49.25,49.4,49.25,49.33,12852,634309.4375
2017-06-12,2017-06-12,49.24,49.37,49.05,49.05,1502,73934.109375
2017-06-09,2017-06-09,49.31,49.53,49.29,49.53,4041,199308.90625
2017-06-08,2017-06-08,49.38,49.5,49.31,49.34,14343,707512.125
2017-06-07,2017-06-07,49.25,49.63,49.25,49.33,46653,2313194.5
2017-06-06,2017-06-06,49.43,49.54,49.3,49.34,5942,293991.84375
2017-06-02,2017-06-02,49.97,49.98,49.62,49.72,84252,4199001
2017-06-01,2017-06-01,49.51,49.59,49.51,49.62,7775,385414.65625
2017-05-31,2017-05-31,49.4,49.66,49.35,49.35,31312,1553891.75
2017-05-30,2017-05-30,49.36,49.47,49.36,49.4,1173,57986.871094
2017-05-29,2017-05-29,49.47,49.5,49.42,49.5,10186,503959.65625
2017-05-26,2017-05-26,49.36,49.47,49.31,49.47,471,23249.429688
2017-05-25,2017-05-25,49.59,49.59,49.53,49.53,79,3917.610107
2017-05-24,2017-05-24,49.57,49.6,49.55,49.6,6971,345591.0625
2017-05-23,2017-05-23,49.41,49.64,49.41,49.58,64045,3179119.25
2017-05-22,2017-05-22,49.58,49.58,49.41,49.46,274,13566.259766
2017-05-19,2017-05-19,49.26,49.48,49.26,49.48,9343,461616.90625
2017-05-18,2017-05-18,49.15,49.19,48.91,49.19,8116,398635.375
2017-05-17,2017-05-17,49.84,49.91,49.3,49.37,52355,2607764.5
2017-05-16,2017-05-16,49.86,50.02,49.86,50.02,3934,196512.34375
2017-05-15,2017-05-15,50,50.01,49.83,49.96,9887,494384.59375
2017-05-12,2017-05-12,49.75,49.92,49.75,49.92,19134,952426.875
2017-05-11,2017-05-11,49.91,49.92,49.59,49.73,26031,1296518.5
2017-05-10,2017-05-10,49.82,49.92,49.68,49.92,13934,693890.5625
2017-05-09,2017-05-09,49.71,49.95,49.71,49.83,3661,182593.46875
2017-05-08,2017-05-08,49.72,49.72,49.51,49.59,34230.0,1697507.75
2017-05-05,2017-05-05,49.08,49.59,49.08,49.59,15237,750941.9375
2017-05-04,2017-05-04,49.14,49.26,49.09,49.26,462,22702.080078
2017-05-03,2017-05-03,48.82,48.9,48.81,48.9,7253,354210.1875
2017-05-02,2017-05-02,48.61,48.86,48.61,48.86,7207,351095.25
2017-04-28,2017-04-28,48.56,48.59,48.55,48.56,3021,146697.765625
2017-04-27,2017-04-27,48.54,48.67,48.54,48.61,29764,1445935.75
2017-04-26,2017-04-26,48.44,48.71,48.42,48.71,9498,460338.34375
2017-04-25,2017-04-25,48.4,48.5,48.4,48.45,6935,336145.15625
2017-04-24,2017-04-24,48.17,48.34,47.99,48.34,26145,1259119.75
2017-04-21,2017-04-21,47.31,47.4,47.25,47.29,1557,73710.179688
2017-04-20,2017-04-20,47.12,47.31,47.12,47.25,19980.0,944111.3125
2017-04-19,2017-04-19,47.11,47.25,47.09,47.16,2913,137509.625
2017-04-18,2017-04-18,47.69,47.71,47.01,47.01,13533,641869.0625
2017-04-13,2017-04-13,47.59,47.66,47.55,47.59,4614,219511.34375
2017-04-12,2017-04-12,47.87,47.95,47.75,47.75,307,14694.450195
2017-04-11,2017-04-11,47.77,47.87,47.65,47.73,5557,265379.21875
2017-04-10,2017-04-10,47.78,47.78,47.68,47.68,3029,144498.90625
2017-04-07,2017-04-07,47.49,47.73,47.43,47.73,22799,1083266.875
2017-04-06,2017-04-06,47.23,47.62,47.22,47.62,2317,109733.28125
2017-04-05,2017-04-05,47.53,47.67,47.5,47.53,29985,1425397.125
2017-04-04,2017-04-04,47.51,47.53,47.41,47.53,2232,105960.992188
2017-04-03,2017-04-03,47.84,47.84,47.41,47.41,1985,94501.890625
2017-03-31,2017-03-31,47.46,47.69,47.42,47.69,10615,504261.1875
2017-03-30,2017-03-30,47.42,47.55,47.42,47.55,720,34142.398438
2017-03-29,2017-03-29,47.18,47.28,47.07,47.28,1978,93198.921875
2017-03-28,2017-03-28,46.97,47.11,46.89,47.11,5156,241915.53125
2017-03-27,2017-03-27,46.64,46.86,46.6,46.86,2758,128850.75
2017-03-24,2017-03-24,46.91,47.02,46.9,47.02,2827,132698.765625
2017-03-23,2017-03-23,46.67,47.11,46.67,47.11,7817,366086.875
2017-03-22,2017-03-22,46.5,46.74,46.5,46.72,7930.0,369245
2017-03-21,2017-03-21,47.2,47.27,46.91,46.91,23469,1108778.375
2017-03-20,2017-03-20,47.13,47.22,47.12,47.12,17745,836839.625
2017-03-17,2017-03-17,47.05,47.25,47.02,47.24,75256,3549092.5
2017-03-16,2017-03-16,47.03,47.15,47.02,47.12,2140.0,100728.132813
2017-03-15,2017-03-15,46.65,46.77,46.65,46.77,4150.0,194015.296875
2017-03-14,2017-03-14,46.62,46.62,46.45,46.58,3451,160529.875
2017-03-13,2017-03-13,46.61,46.76,46.57,46.71,3046,142212.625
2017-03-10,2017-03-10,46.68,46.74,46.51,46.51,3495,163178.9375
2017-03-09,2017-03-09,46.38,46.54,46.29,46.54,15207,705770.0625
2017-03-08,2017-03-08,46.47,46.51,46.42,46.47,3033,141035.328125
2017-03-07,2017-03-07,46.6,46.6,46.39,46.45,4269,198260.421875
2017-03-06,2017-03-06,46.58,46.63,46.46,46.57,3992,185896.71875
2017-03-03,2017-03-03,46.69,46.8,46.67,46.8,1062,49588.609375
2017-03-02,2017-03-02,46.83,46.86,46.76,46.83,7350.0,344045.3125
2017-03-01,2017-03-01,46.5,46.82,46.5,46.82,4471,208557.1875
2017-02-28,2017-02-28,46.05,46.11,45.99,46.1,8675,399272.65625
2017-02-27,2017-02-27,46.21,46.21,46.03,46.03,426,19630.560547
2017-02-24,2017-02-24,46.34,46.38,45.97,46.09,15775,729391
2017-02-23,2017-02-23,46.56,46.56,46.5,46.5,156,7260.060059
2017-02-22,2017-02-22,46.69,46.74,46.44,46.5,2066,96362.890625
2017-02-21,2017-02-21,46.23,46.51,46.23,46.47,7477,346366.3125
2017-02-20,2017-02-20,46.32,46.32,46.1,46.17,5607,258881.46875
2017-02-17,2017-02-17,46.08,46.12,45.8,46.12,21007,964776.6875
2017-02-16,2017-02-16,46.16,46.16,46.06,46.08,15129,697911.25
2017-02-15,2017-02-15,46.19,46.23,46.1,46.2,3362,155224.515625
2017-02-14,2017-02-14,45.95,46.04,45.95,46.03,51706,2378600.5
2017-02-13,2017-02-13,45.92,46.2,45.9,46.07,17468,805420.3125
2017-02-10,2017-02-10,45.75,45.78,45.69,45.73,4313,197316.0625
2017-02-09,2017-02-09,45.49,45.64,45.43,45.64,21364,971132.0625
2017-02-08,2017-02-08,45.18,45.39,45.1,45.26,5859,265094.6875
2017-02-07,2017-02-07,45.05,45.3,45.05,45.16,1400.0,63308.128906
2017-02-06,2017-02-06,45.35,45.45,45.03,45.03,7268,328954.6875
2017-02-03,2017-02-03,45.22,45.4,45.22,45.33,3810.0,172753.953125
2017-02-02,2017-02-02,45.1,45.2,45.09,45.09,3611,162994.296875
2017-02-01,2017-02-01,45.4,45.4,45.2,45.2,2350.0,106690.0
2017-01-31,2017-01-31,45.11,45.29,44.83,44.83,1964,88553.171875
2017-01-30,2017-01-30,45.33,45.39,45.16,45.16,686,31134.919922
2017-01-27,2017-01-27,45.52,45.63,45.52,45.63,5159,235265.984375
2017-01-26,2017-01-26,45.85,45.97,45.76,45.77,14367,658197.1875
2017-01-25,2017-01-25,45.55,45.69,45.53,45.65,13390.0,611122.375
2017-01-24,2017-01-24,45.02,45.12,44.99,45.09,6611,297796.96875
2017-01-23,2017-01-23,44.93,45.09,44.77,44.96,11151,500475.84375
2017-01-20,2017-01-20,45.05,45.22,45.05,45.17,22159,1000481.5625
2017-01-19,2017-01-19,45.24,45.29,45.11,45.21,2140.0,96651.101563
2017-01-18,2017-01-18,45.15,45.24,45,45.24,25574,1153967.5
2017-01-17,2017-01-17,45.13,45.31,45.07,45.18,2786,125733.640625
2017-01-16,2017-01-16,45.4,45.4,45.27,45.27,1475,66906.007813
2017-01-13,2017-01-13,45.44,45.67,45.44,45.67,5165,234875.46875
2017-01-12,2017-01-12,45.4,45.41,45.18,45.19,10547,477416.65625
2017-01-11,2017-01-11,45.36,45.62,45.3,45.5,4641,211094.40625
2017-01-10,2017-01-10,45.36,45.44,45.27,45.4,4416,200408.28125
2017-01-09,2017-01-09,45.58,45.58,45.29,45.36,11412,517577.125
2017-01-06,2017-01-06,45.55,45.63,45.46,45.61,7403,336882.125
2017-01-05,2017-01-05,45.44,45.62,45.44,45.59,9431,429763.375
2017-01-04,2017-01-04,45.55,45.59,45.48,45.5,4335,197408.84375
2017-01-03,2017-01-03,45.49,45.77,45.49,45.55,24013,1095962.75
2017-01-02,2017-01-02,44.99,45.34,44.99,45.34,308,13940.169922
2016-12-30,2016-12-30,44.9,45.02,44.7,45.02,5840.0,261830.546875
2016-12-29,2016-12-29,44.86,44.95,44.8,44.9,7735,347371.40625
2016-12-28,2016-12-28,44.96,45.07,44.93,45.07,2084,93711.242188
2016-12-27,2016-12-27,45.03,45.03,44.91,44.96,13655,614000.5
2016-12-23,2016-12-23,44.95,44.95,44.85,44.86,7308,327978.125
2016-12-22,2016-12-22,44.88,44.91,44.78,44.86,29638,1329911.25
2016-12-21,2016-12-21,44.88,44.97,44.88,44.97,4858,218090.8125
2016-12-20,2016-12-20,44.92,45.02,44.9,45.01,2279,102433.84375
2016-12-19,2016-12-19,44.71,44.84,44.71,44.84,192,8597.570313
2016-12-16,2016-12-16,44.76,44.86,44.75,44.86,454,20321.939453
2016-12-15,2016-12-15,44.35,44.76,44.35,44.75,7869,351546.71875
2016-12-14,2016-12-14,44.41,44.44,44.3,44.3,4203,186577.0625
2016-12-13,2016-12-13,44.08,44.55,44.08,44.53,79568,3521615.75
2016-12-12,2016-12-12,44.39,44.39,44.12,44.12,8468,374620.3125
2016-12-09,2016-12-09,43.94,44.31,43.94,44.31,27790.0,1224653.875
2016-12-08,2016-12-08,43.43,43.9,43.39,43.9,16620.0,728353.0625
2016-12-07,2016-12-07,43.28,43.38,43.18,43.38,1110.0,47987
2016-12-06,2016-12-06,42.55,42.95,42.55,42.95,348,14834.980469
2016-12-05,2016-12-05,42.32,42.86,42.32,42.55,10551,449769.75
2016-12-02,2016-12-02,41.99,42.28,41.99,42.28,710,29911.689453
2016-12-01,2016-12-01,42.6,42.6,42.42,42.42,1800.0,76680.0
2016-11-30,2016-11-30,42.57,42.76,42.57,42.63,10433,445311.3125
2016-11-29,2016-11-29,42.14,42.47,42.14,42.47,589,24949.039063
2016-11-28,2016-11-28,42.52,42.52,42.31,42.31,2629,111706.648438
2016-11-25,2016-11-25,42.44,42.66,42.44,42.66,2321,98799.28125
2016-11-24,2016-11-24,42.53,42.57,42.47,42.57,25,1061.810059
2016-11-23,2016-11-23,42.4,42.49,42.19,42.4,5187,219293.546875
2016-11-22,2016-11-22,42.64,42.64,42.4,42.4,8901,378910.0
2016-11-21,2016-11-21,42.23,42.36,41.99,42.36,18045,761326.3125
2016-11-18,2016-11-18,42.5,42.5,42.17,42.17,11178,473385.4375
2016-11-17,2016-11-17,42.07,42.4,42.07,42.4,35125,1485025.75
2016-11-16,2016-11-16,42.27,42.27,41.98,42.15,16503,693571.9375
2016-11-15,2016-11-15,42.07,42.23,42.06,42.21,53548,2253020.75
2016-11-14,2016-11-14,42.36,42.36,42.02,42.07,5044,212202.09375
2016-11-11,2016-11-11,42.14,42.14,41.97,42.02,951,39994.519531
2016-11-10,2016-11-10,42.47,42.47,42.03,42.17,15664,659743.875
2016-11-09,2016-11-09,41.63,42.32,41.63,42.32,261,10946.030273
2016-11-08,2016-11-08,41.55,41.63,41.4,41.63,5493,227595.296875
2016-11-07,2016-11-07,41.33,41.5,41.27,41.5,5609,232252.125
2016-11-04,2016-11-04,41.04,41.04,40.76,40.8,18279,746152.4375
2016-11-03,2016-11-03,41.15,41.43,41.12,41.12,16516,680529.875
2016-11-02,2016-11-02,41.4,41.46,41.17,41.17,28788,1188270.125
2016-11-01,2016-11-01,42.12,42.12,41.68,41.68,1792,75248.773438
2016-10-31,2016-10-31,42.23,42.23,42.13,42.13,686,28935.529297
2016-10-28,2016-10-28,42.28,42.35,42.28,42.35,18269,773523.4375
2016-10-27,2016-10-27,42.33,42.51,42.33,42.49,1538,65271.480469
2016-10-26,2016-10-26,42.49,42.49,42.18,42.43,76997,3261702.25
2016-10-25,2016-10-25,42.81,42.86,42.53,42.53,1341,57323.160156
2016-10-24,2016-10-24,43,43,42.66,42.66,2829,121401.429688
2016-10-21,2016-10-21,42.76,42.76,42.62,42.68,543,23197.400391
2016-10-20,2016-10-20,42.51,42.66,42.47,42.66,550,23364.5
2016-10-19,2016-10-19,42.38,42.62,42.38,42.6,421,17913.119141
2016-10-18,2016-10-18,42.42,42.42,42.42,42.42,0,0
2016-10-17,2016-10-17,42.05,42.11,41.81,41.84,1440.0,60493.03125
2016-10-14,2016-10-14,41.85,42.24,41.85,42.13,696,29344.089844
2016-10-13,2016-10-13,41.61,41.61,41.61,41.61,0,0
2016-10-12,2016-10-12,42.14,42.14,42,42,35,1474.900024
2016-10-11,2016-10-11,42.38,42.46,42.14,42.14,787,33307.378906
2016-10-10,2016-10-10,42.11,42.42,41.89,42.39,835,35205.800781
2016-10-07,2016-10-07,42.22,42.22,41.99,41.99,3834,161116.1875
2016-10-06,2016-10-06,42.68,42.75,42.45,42.45,3459,147724.28125
2016-10-05,2016-10-05,42.45,42.65,42.33,42.59,49195,2089439.875
2016-10-04,2016-10-04,42.55,42.97,42.55,42.84,4576,195786.109375
2016-09-30,2016-09-30,41.87,42.49,41.86,42.49,11001,461955.3125
2016-09-29,2016-09-29,42.39,42.39,42.39,42.39,0,0
2016-09-28,2016-09-28,42.51,42.51,42.32,42.32,77,3267.219971
2016-09-27,2016-09-27,42.05,42.05,42.05,42.05,0,0
2016-09-26,2016-09-26,42.4,42.4,42.03,42.04,8990.0,378394.71875
2016-09-23,2016-09-23,42.68,42.69,42.68,42.69,1481,63209.078125
2016-09-22,2016-09-22,42.99,42.99,42.99,42.99,0,0
2016-09-21,2016-09-21,42.45,42.54,42.28,42.28,24158,1025729.375
2016-09-20,2016-09-20,42.11,42.22,42.09,42.09,3170.0,133801.25
2016-09-19,2016-09-19,41.95,42.19,41.95,42.16,476,20065.179688
2016-09-16,2016-09-16,41.89,41.93,41.74,41.74,633,26538.169922
2016-09-15,2016-09-15,42.06,42.06,42.06,42.06,0,0
2016-09-14,2016-09-14,41.98,41.98,41.76,41.76,1129,47282.011719
2016-09-13,2016-09-13,42.51,42.51,41.8,41.8,12707,537833.1875
2016-09-12,2016-09-12,42.03,42.24,41.92,42.24,2277,95597.8125
2016-09-09,2016-09-09,42.93,42.95,42.65,42.65,501,21449.689453
2016-09-08,2016-09-08,43.02,43.18,43.02,43.14,120,5175.680176
2016-09-07,2016-09-07,43.13,43.32,43.13,43.32,224,9676.299805
2016-09-06,2016-09-06,43.3,43.36,43.13,43.13,484,20960.880859
2016-09-05,2016-09-05,43.43,43.49,43.28,43.34,1674,72763.023438
2016-09-02,2016-09-02,42.72,43.28,42.72,43.28,239,10227.160156
2016-09-01,2016-09-01,42.68,42.82,42.44,42.44,2659,113750.546875
2016-08-31,2016-08-31,42.65,42.68,42.4,42.4,747,31869.960938
2016-08-30,2016-08-30,42.44,42.67,42.44,42.61,4399,187562.078125
2016-08-29,2016-08-29,42.32,42.36,42.21,42.36,1466,61966.199219
2016-08-26,2016-08-26,42.2,42.46,42.2,42.46,168,7089.600098
2016-08-25,2016-08-25,42.33,42.33,42.13,42.26,210,8887.299805
2016-08-24,2016-08-24,42.7,42.7,42.5,42.58,1458,62245
2016-08-23,2016-08-23,42.28,42.44,42.28,42.41,5470.0,232052.90625
2016-08-22,2016-08-22,42.18,42.23,42.04,42.04,262,11064.160156
2016-08-19,2016-08-19,42.32,42.32,42.01,42.04,1379,57956.03125
2016-08-18,2016-08-18,42.28,42.37,42.25,42.37,23639,999164.9375
2016-08-17,2016-08-17,42.41,42.41,42.03,42.03,103139,4342281.5
2016-08-16,2016-08-16,42.46,42.54,42.41,42.41,206,8747.040039
2016-08-15,2016-08-15,42.78,42.91,42.73,42.74,620,26519.330078
2016-08-12,2016-08-12,42.83,42.83,42.73,42.73,315,13471.629883
2016-08-11,2016-08-11,42.63,42.84,42.61,42.84,217,9247.610352
2016-08-10,2016-08-10,42.47,42.47,42.38,42.39,98943,4194218.25
2016-08-09,2016-08-09,42.21,42.5,42.21,42.5,377,15927.389648
2016-08-08,2016-08-08,42.19,42.2,42.1,42.1,259,10921.370117
2016-08-05,2016-08-05,41.84,42.1,41.71,42.1,2934,122710.023438
2016-08-04,2016-08-04,41.68,41.68,41.68,41.68,0,0
2016-08-03,2016-08-03,41.44,41.44,41.27,41.35,100093,4134085
2016-08-02,2016-08-02,41.46,41.47,41.34,41.34,13424,556488.9375
2016-08-01,2016-08-01,42.34,42.43,41.83,41.89,14348,603643.0625
2016-07-29,2016-07-29,41.98,42.16,41.9,42.16,486,20460.150391
2016-07-28,2016-07-28,42.13,42.13,41.84,41.84,608,25611.460938
2016-07-27,2016-07-27,42.36,42.42,42.34,42.34,602,25529.039063
2016-07-26,2016-07-26,42.09,42.16,42.09,42.16,2,84.18
2016-07-25,2016-07-25,42.12,42.36,42.09,42.09,29086,1228608.75
2016-07-22,2016-07-22,41.99,42.06,41.77,42.04,10567,441930.71875
2016-07-21,2016-07-21,42.09,42.17,41.84,42.06,29014,1217262.875
2016-07-20,2016-07-20,41.74,42.08,41.74,42.08,45665,1912013.5
2016-07-19,2016-07-19,41.47,41.64,41.39,41.64,682,28275.119141
2016-07-18,2016-07-18,41.9,41.99,41.78,41.79,2344,98101.59375
2016-07-15,2016-07-15,41.55,41.77,41.54,41.77,40866,1698025.5
2016-07-14,2016-07-14,41.86,41.86,41.79,41.83,696,29102.310547
2016-07-13,2016-07-13,41.53,41.69,41.42,41.42,15041,626685.4375
2016-07-12,2016-07-12,41.27,41.58,41.27,41.58,564,23331.759766
2016-07-11,2016-07-11,40.71,41.12,40.71,41.12,148,6052.629883
2016-07-08,2016-07-08,39.84,40.44,39.84,40.44,2,79.68
2016-07-07,2016-07-07,39.8,40.12,39.8,39.84,1759,70369.953125
2016-07-06,2016-07-06,39.89,39.89,39.22,39.48,35451,1398326
2016-07-05,2016-07-05,40.32,40.32,40.08,40.08,25112,1010566.9375
2016-07-04,2016-07-04,41.01,41.01,40.73,40.73,7034,286862.4375
2016-07-01,2016-07-01,40.79,41.12,40.79,40.98,15815,649525.25
2016-06-30,2016-06-30,40.08,40.67,39.94,40.67,46166,1864862.25
2016-06-29,2016-06-29,39.62,40.27,39.59,40.27,2397,95768.68
2016-06-28,2016-06-28,39.01,39.3,38.93,39.08,32413,1265578
2016-06-27,2016-06-27,39.26,39.36,38.07,38.08,32543,1262791.625
2016-06-24,2016-06-24,38.79,40.29,38.49,39.49,231592,9117824
2016-06-23,2016-06-23,42.09,42.73,42.05,42.55,53829,2291123
2016-06-22,2016-06-22,41.79,42.15,41.73,41.89,1175,49288.371094
2016-06-21,2016-06-21,41.29,41.8,41.29,41.8,637,26528.050781
2016-06-20,2016-06-20,41.16,41.52,41.13,41.52,7295,300647.21875
2016-06-17,2016-06-17,39.99,40.02,39.95,39.97,2430.0,97163.96875
2016-06-16,2016-06-16,39.27,39.5,39.22,39.48,1517,59693.511719
2016-06-15,2016-06-15,39.72,39.96,39.69,39.69,27024,1076722.625
2016-06-14,2016-06-14,39.83,39.83,39.38,39.38,21564,852766.3125
2016-06-13,2016-06-13,40.5,40.5,40.08,40.08,194891,7866046.5
2016-06-10,2016-06-10,41.46,41.46,40.9,40.9,770,31672.380859
2016-06-09,2016-06-09,42.05,42.05,41.85,41.85,3894,163289.828125
2016-06-08,2016-06-08,42,42.28,42,42.28,1200.0,50400.0
2016-06-07,2016-06-07,42.56,42.56,42.34,42.44,11498,488086.125
2016-06-06,2016-06-06,41.84,42.07,41.84,41.98,2770.0,116196.929688
2016-06-03,2016-06-03,42.43,42.46,41.66,41.84,9439,396718.625
2016-06-02,2016-06-02,42.16,42.28,42.12,42.18,43333,1827575.125
2016-06-01,2016-06-01,42.48,42.48,42.08,42.17,47064,1994933.875
2016-05-31,2016-05-31,42.85,42.85,42.55,42.55,1158,49574.261719
2016-05-30,2016-05-30,42.93,42.94,42.93,42.94,58,2490.51001
2016-05-27,2016-05-27,42.72,42.9,42.72,42.9,47264,2022599.625
2016-05-26,2016-05-26,42.57,42.73,42.57,42.73,51201,2183196.5
2016-05-25,2016-05-25,42.51,42.64,42.51,42.62,309,13161.589844
2016-05-24,2016-05-24,41.13,42.1,41.13,42.1,1944,81000.078125
2016-05-23,2016-05-23,41.19,41.47,41.08,41.11,6516,269141.125
2016-05-20,2016-05-20,41.11,41.36,41.11,41.36,702,28859.439453
2016-05-19,2016-05-19,40.95,41.01,40.79,40.79,9146,374734.28125
2016-05-18,2016-05-18,40.82,41.29,40.82,41.29,2699,110381.367188
2016-05-17,2016-05-17,41.2,41.38,40.78,40.92,54614,2235079
2016-05-13,2016-05-13,40.34,40.89,40.34,40.89,18325,748128.1875
2016-05-12,2016-05-12,40.45,41.22,40.45,40.68,2315,94615.929688
2016-05-11,2016-05-11,40.74,40.85,40.74,40.85,3403,138651.8125
2016-05-10,2016-05-10,40.97,41.07,40.88,41.02,4044,165445.8125
2016-05-09,2016-05-09,40.91,41.02,40.63,40.63,23758,974386.75
2016-05-06,2016-05-06,40.37,40.48,40.37,40.44,1427,57617.78125
2016-05-05,2016-05-05,40.54,40.7,40.54,40.6,4093,166274.09375
2016-05-04,2016-05-04,40.84,40.84,40.39,40.39,3917,158795.0625
2016-05-03,2016-05-03,41.46,41.46,40.84,40.84,374,15371.839844
2016-05-02,2016-05-02,41.55,41.55,41.55,41.55,0,0
2016-04-29,2016-04-29,42.05,42.05,41.48,41.48,18164,757932.375
2016-04-28,2016-04-28,42.06,42.45,41.91,42.45,3621,152022.71875
2016-04-27,2016-04-27,42.2,42.36,42.08,42.36,8292,350778.09375
2016-04-26,2016-04-26,42.26,42.27,42.21,42.21,4766,201457.8125
2016-04-25,2016-04-25,42.15,42.24,42.01,42.11,16810.0,708346.0625
2016-04-22,2016-04-22,42.18,42.35,42.18,42.35,4397,185573.625
2016-04-21,2016-04-21,42.39,42.46,42.25,42.46,1585,67103.851563
2016-04-20,2016-04-20,42.34,42.63,42.26,42.61,1954,82878.367188
2016-04-19,2016-04-19,41.97,42.4,41.97,42.4,1756,74149.023438
2016-04-18,2016-04-18,41.14,41.76,41.14,41.76,1796,74373.679688
2016-04-15,2016-04-15,41.66,41.66,41.5,41.61,742,30848.289063
2016-04-14,2016-04-14,41.56,41.76,41.56,41.76,2203,91712.148438
2016-04-13,2016-04-13,41.21,41.6,41.21,41.6,3621,149778.078125
2016-04-12,2016-04-12,40.36,40.55,40.22,40.55,1220.0,49191.199219
2016-04-11,2016-04-11,39.92,40.48,39.92,40.31,13940.0,564030.5
2016-04-08,2016-04-08,39.83,40.2,39.83,40.11,1080.0,43107.578125
2016-04-07,2016-04-07,39.9,40.03,39.57,39.68,5577,222123.59375
2016-04-06,2016-04-06,39.61,39.93,39.61,39.93,2694,107054.578125
2016-04-05,2016-04-05,39.88,39.88,39.57,39.61,5426,215400.203125
2016-04-04,2016-04-04,40.14,40.5,40.14,40.39,1769,71333.4375
2016-04-01,2016-04-01,40.2,40.22,39.84,40.22,25056,1003858.5
2016-03-31,2016-03-31,40.85,40.85,40.76,40.77,9360.0,381829.84375
2016-03-30,2016-03-30,41,41.29,41,41.16,6034,248757.34375
2016-03-29,2016-03-29,40.8,40.86,40.47,40.68,3637,147856.84375
2016-03-24,2016-03-24,40.71,40.71,40.48,40.48,4711,191116.40625
2016-03-23,2016-03-23,41.19,41.33,40.95,41.07,3855,158413.296875
2016-03-22,2016-03-22,40.78,41.13,40.7,41.13,65236,2665289.75
2016-03-21,2016-03-21,41.07,41.47,41.07,41.2,2185,90141.953125
2016-03-18,2016-03-18,41.17,41.31,41.17,41.25,1966,81152.65625
2016-03-17,2016-03-17,40.81,41.17,40.51,41.17,927,37611.210938
2016-03-16,2016-03-16,41.23,41.25,41.1,41.14,1043,43021.519531
2016-03-15,2016-03-15,41.36,41.36,41.1,41.13,1445,59563.871094
2016-03-14,2016-03-14,41.57,41.65,41.57,41.62,60188,2506829.25
2016-03-11,2016-03-11,40.97,41.3,40.97,41.3,3481,143148.4375
2016-03-10,2016-03-10,40.95,41.17,40.19,40.19,2292,93778.882813
2016-03-09,2016-03-09,41.18,41.29,40.9,40.96,3665,150713.078125
2016-03-08,2016-03-08,40.61,41.06,40.61,40.78,74166,3016509.5
2016-03-07,2016-03-07,41.14,41.18,40.83,41.18,43093,1761181.125
2016-03-04,2016-03-04,40.97,41.51,40.97,41.3,11271,464241.875
2016-03-03,2016-03-03,41.07,41.1,40.86,40.95,12138,497212.6875
2016-03-02,2016-03-02,40.96,41.08,40.84,41.08,28814,1178475.25
2016-03-01,2016-03-01,40.1,40.87,40.1,40.87,46508,1885475.375
2016-02-29,2016-02-29,39.52,40.22,39.4,40.22,48226,1920464.75
2016-02-26,2016-02-26,39.7,40.05,39.69,39.91,9432,376523.28125
2016-02-25,2016-02-25,39,39.33,38.9,39.26,14139,553602.375
2016-02-24,2016-02-24,38.99,38.99,38.41,38.53,35941,1383130.625
2016-02-23,2016-02-23,39.82,39.88,39.37,39.42,14059,557380.75
2016-02-22,2016-02-22,39.82,39.96,39.78,39.93,2045,81534.8125
2016-02-19,2016-02-19,39.39,39.39,39.12,39.27,1259,49435.761719
2016-02-18,2016-02-18,39.68,39.74,39.4,39.53,85256,3386337.5
2016-02-17,2016-02-17,38.7,39.55,38.7,39.54,32570.0,1278288.125
2016-02-16,2016-02-16,38.97,38.97,38.51,38.52,4533,175206.09375
2016-02-15,2016-02-15,38.53,38.79,38.49,38.64,6297,243466.1875
2016-02-12,2016-02-12,36.95,37.6,36.95,37.6,1758,65197.878906
2016-02-11,2016-02-11,36.59,36.88,36.43,36.43,1395,51215.539063
2016-02-10,2016-02-10,37.28,38.04,37.28,37.87,4171,156940.21875
2016-02-09,2016-02-09,38.05,38.05,37.06,37.17,4571,171715.84375
2016-02-08,2016-02-08,39.22,39.22,37.78,37.78,50714,1937882.875
2016-02-05,2016-02-05,39.55,39.75,39.21,39.21,2452,97287.96875
2016-02-04,2016-02-04,39.89,39.9,39.2,39.55,47269,1871761
2016-02-03,2016-02-03,40.16,40.21,39.53,39.53,1702,68225.476563
2016-02-02,2016-02-02,40.41,40.41,40.02,40.21,2673,107653.96875
2016-02-01,2016-02-01,40.71,41.11,40.71,41.11,80,3268
2016-01-29,2016-01-29,40.75,41.18,40.63,41.18,4326,176178.5
2016-01-28,2016-01-28,41,41,40.22,40.22,3880.0,157818.703125
2016-01-27,2016-01-27,40.56,40.94,40.33,40.94,3109,125978.453125
2016-01-26,2016-01-26,39.75,40.78,39.65,40.76,3474,138715.375
2016-01-25,2016-01-25,40.78,40.78,40.26,40.43,11254,454071.28125
2016-01-22,2016-01-22,40.34,40.65,40.16,40.65,8990.0,361372.09375
2016-01-21,2016-01-21,38.89,39.56,38.85,39.55,4140.0,162099.8125
2016-01-20,2016-01-20,38.93,39.08,38.61,38.69,20274,786951.75
2016-01-19,2016-01-19,40.14,40.36,39.9,40,235091,9388060.0
2016-01-18,2016-01-18,39.65,39.45,39.42,39.45,60501,2400266.5
2016-01-15,2016-01-15,40.68,40.68,39.47,39.56,2470.0,97692.523438
2016-01-14,2016-01-14,40.82,40.84,40.28,40.66,9619,389901.90625
2016-01-13,2016-01-13,41.69,41.75,41.38,41.38,2512,104761.960938
2016-01-12,2016-01-12,40.82,41.52,40.74,41.07,11595,480636.625
2016-01-11,2016-01-11,40.9,41.2,40.73,40.73,79316,3257412.75
2016-01-08,2016-01-08,41.77,42,40.81,40.81,71004,2941770.75
2016-01-07,2016-01-07,41.59,41.78,41.13,41.6,20923,864870.4375
2016-01-06,2016-01-06,43.03,43.03,42.32,42.56,79986,3395466
2016-01-05,2016-01-05,43.16,43.18,42.76,43.12,33661,1451671.875
2016-01-04,2016-01-04,43.03,43.03,42.79,42.79,5045,216776.65625
2015-12-30,2015-12-30,44.36,44.36,44.2,44.2,122,5409.819824
2015-12-29,2015-12-29,43.97,44.43,43.97,44.43,140651,6223081
2015-12-28,2015-12-28,44.16,44.16,43.66,43.66,8165,357282.75
2015-12-23,2015-12-23,43.42,44,43.42,44,37711,1642906.625
2015-12-22,2015-12-22,43.15,43.16,42.81,42.93,34621,1489993.75
2015-12-21,2015-12-21,43.33,43.61,42.8,42.8,3845,167130.90625
2015-12-18,2015-12-18,43.72,43.72,43.33,43.33,7937,345699.5625
2015-12-17,2015-12-17,44.21,44.27,43.8,43.8,19532,861059.0625
2015-12-16,2015-12-16,43.15,43.47,43.15,43.24,12709,550564
2015-12-15,2015-12-15,42.44,43.12,42.44,43.12,2310.0,98463.460938
2015-12-14,2015-12-14,42.88,43.05,41.88,41.88,16638,711914.3125
2015-12-11,2015-12-11,43.47,43.47,42.67,42.67,69309,3010076.25
2015-12-10,2015-12-10,43.65,43.8,43.5,43.59,1765,76985.296875
2015-12-09,2015-12-09,43.74,43.85,43.6,43.66,24252,1058054.75
2015-12-08,2015-12-08,44.68,44.68,43.71,43.88,8649,382721.46875
2015-12-07,2015-12-07,44.93,45.23,44.73,44.73,12775,576479.625
2015-12-04,2015-12-04,44.6,44.66,44.2,44.53,9047,402682.375
2015-12-03,2015-12-03,46.09,46.73,44.6,44.6,6679,307451.21875
2015-12-02,2015-12-02,46.34,46.43,46.15,46.15,1348,62418.890625
2015-12-01,2015-12-01,46.43,46.58,46.12,46.12,4456,207054.34375
2015-11-30,2015-11-30,46.03,46.39,46.03,46.31,69825,3233286.5
2015-11-27,2015-11-27,46.23,46.23,46.14,46.14,262,12112.259766
2015-11-26,2015-11-26,46,46.23,46,46.23,41610.0,1917830.75
2015-11-25,2015-11-25,45.79,45.79,45.79,45.79,0,0
2015-11-24,2015-11-24,45.31,45.31,44.99,45.2,436,19697.619141
2015-11-23,2015-11-23,45.52,45.7,45.5,45.7,266,12109.30957
2015-11-20,2015-11-20,45.92,45.98,45.81,45.86,577,26486.789063
2015-11-19,2015-11-19,45.96,45.96,45.75,45.75,44,2022.23999
2015-11-18,2015-11-18,45.56,45.59,45.53,45.59,593,27010.480469
2015-11-17,2015-11-17,45.03,45.63,45.01,45.63,998,45231.480469
2015-11-16,2015-11-16,44.34,44.58,44.32,44.52,8641,383482.6875
2015-11-13,2015-11-13,44.6,44.6,44.23,44.38,40221,1793805.25
2015-11-12,2015-11-12,45.23,45.23,44.73,44.73,1258,56793.261719
2015-11-11,2015-11-11,45.58,45.58,45.34,45.44,25445,1155451.5
2015-11-10,2015-11-10,45.25,45.31,45.08,45.19,3852,174132.453125
2015-11-09,2015-11-09,45.54,45.62,45.15,45.15,4215,192277.65625
2015-11-06,2015-11-06,45.7,45.7,45.7,45.7,0,0
2015-11-05,2015-11-05,45.63,45.76,45.56,45.56,7449,340660.3125
2015-11-04,2015-11-04,45.87,46.06,45.8,45.8,10976,502810.15625
2015-11-03,2015-11-03,45.35,45.55,45.35,45.55,760,34499
2015-11-02,2015-11-02,44.95,45.4,44.95,45.35,28353,1286311.125
2015-10-30,2015-10-30,45.34,45.34,44.99,45.24,2208,99569.859375
2015-10-29,2015-10-29,45.05,45.22,45.05,45.22,5493,247469.59375
2015-10-28,2015-10-28,44.74,45.2,44.74,45.2,56,2506.280029
2015-10-27,2015-10-27,45.11,45.11,44.69,44.69,1844,82845.25
2015-10-26,2015-10-26,45.27,45.42,45.23,45.23,5320.0,241246.203125
2015-10-23,2015-10-23,44.82,45.46,44.82,45.46,609,27300.869141
2015-10-22,2015-10-22,43.65,44.56,43.65,44.54,324,14283.280273
2015-10-21,2015-10-21,43.72,43.72,43.57,43.57,278,12134.19043
2015-10-20,2015-10-20,43.9,43.9,43.58,43.58,682,29939.800781
2015-10-19,2015-10-19,43.89,43.99,43.68,43.84,25926,1136513.5
2015-10-16,2015-10-16,43.8,43.8,43.68,43.7,1185,51868.289063
2015-10-15,2015-10-15,43.36,43.36,43.36,43.36,0,0
2015-10-14,2015-10-14,42.85,43.1,42.75,42.75,500,21517.5
2015-10-13,2015-10-13,43.51,43.51,42.79,43.1,4682,201102.203125
2015-10-12,2015-10-12,43.74,43.74,43.4,43.49,5698,247528.015625
2015-10-09,2015-10-09,43.81,43.81,43.59,43.59,993,43379.730469
2015-10-08,2015-10-08,43.34,43.47,43.31,43.47,1831,79454.640625
2015-10-07,2015-10-07,43.49,43.78,43.34,43.34,268,11698.580078
2015-10-06,2015-10-06,42.99,43.2,42.68,43.2,985,42267.71875
2015-10-05,2015-10-05,42.67,42.99,42.63,42.99,35193,1509275
2015-10-02,2015-10-02,41.99,42.22,41.77,41.77,6599,278149.8125
2015-10-01,2015-10-01,42.31,42.42,41.45,41.51,15611,655241.25
2015-09-30,2015-09-30,41.61,41.61,41.61,41.61,0,0
2015-09-29,2015-09-29,40.34,41.16,40.34,40.6,38112,1555070.375
2015-09-28,2015-09-28,41.83,41.83,40.87,40.87,2948,121941.59375
2015-09-25,2015-09-25,41.51,41.78,41.51,41.78,40,1660.400024
2015-09-24,2015-09-24,41.53,41.53,40.57,40.68,32635,1332911.875
2015-09-23,2015-09-23,41.71,41.89,41.52,41.52,14859,621972.375
2015-09-22,2015-09-22,42.72,42.72,41.53,41.53,7769,325811.90625
2015-09-21,2015-09-21,42.7,42.89,42.51,42.89,528,22527.929688
2015-09-18,2015-09-18,42.72,42.72,42.37,42.51,1067,45380.230469
2015-09-17,2015-09-17,43.37,43.37,43.29,43.29,8105,351352.875
2015-09-16,2015-09-16,43.2,43.37,43.2,43.37,50,2160.0
2015-09-15,2015-09-15,42.32,42.74,42.32,42.74,545,23122.419922
2015-09-14,2015-09-14,42.8,42.8,42.34,42.35,11621,492339.5
2015-09-11,2015-09-11,42.9,42.9,42.6,42.6,1296,55391.539063
2015-09-10,2015-09-10,43.29,43.44,43.06,43.06,1146,49707.238281
2015-09-09,2015-09-09,43.97,43.97,43.65,43.65,250,10982.5
2015-09-08,2015-09-08,42.93,43.28,42.93,43.04,5635,243258.09375
2015-09-07,2015-09-07,42.84,42.84,42.45,42.52,2005,85367.65625
2015-09-04,2015-09-04,42.84,42.84,42.35,42.35,16040.0,686033.9375
2015-09-03,2015-09-03,43.12,43.45,43,43.45,2188,94538.882813
2015-09-02,2015-09-02,42.5,42.68,42.12,42.38,6824,289932.84375
2015-09-01,2015-09-01,42.97,43.01,42.33,42.33,19213,815107.625
2015-08-31,2015-08-31,43.6,43.6,43.48,43.48,276,12012.209961
2015-08-28,2015-08-28,43.58,43.67,43.18,43.67,1937,83865.601563
2015-08-27,2015-08-27,43.04,43.48,42.98,43.48,3144,135292.3125
2015-08-26,2015-08-26,41.82,42.74,41.82,41.94,48970.0,2061866.875
2015-08-25,2015-08-25,41.66,42.76,41.66,42.72,55459,2358024
2015-08-24,2015-08-24,41.91,42.22,40.65,41.01,33076,1381842.375
2015-08-21,2015-08-21,44.16,44.57,43.29,43.29,9995,444345.3125
2015-08-20,2015-08-20,45.36,45.36,44.85,44.88,14054,633346.5
2015-08-19,2015-08-19,45.75,45.75,45.75,45.75,0,0
2015-08-18,2015-08-18,46.54,46.76,46.38,46.63,2921,136107.140625
2015-08-17,2015-08-17,46.78,46.79,46.2,46.51,7649,355396.53125
2015-08-14,2015-08-14,46.5,46.6,46.39,46.39,2292,106562.03125
2015-08-13,2015-08-13,46.85,46.93,46.49,46.49,2000.0,93804.546875
2015-08-12,2015-08-12,46.17,46.37,45.95,46.01,515,23787.460938
2015-08-11,2015-08-11,47.77,47.77,47.3,47.3,191,9099.830078
2015-08-10,2015-08-10,47.8,48.05,47.8,48.05,104,4980.220215
2015-08-07,2015-08-07,47.88,47.88,47.73,47.73,165,7900.200195
2015-08-06,2015-08-06,48.38,48.41,48.17,48.17,8727,421507.4375
2015-08-05,2015-08-05,48.11,48.49,48.11,48.49,1148,55455.570313
2015-08-04,2015-08-04,47.77,47.92,47.77,47.92,104,4968.080078
2015-08-03,2015-08-03,47.81,47.99,47.66,47.96,4062,194374.53125
2015-07-31,2015-07-31,47.61,47.62,47.4,47.61,2189,104182.398438
2015-07-30,2015-07-30,47.56,47.56,47.48,47.56,1382,65724.5625
2015-07-29,2015-07-29,46.97,47.32,46.97,47.26,4906,231445.625
2015-07-28,2015-07-28,46.53,46.86,46.53,46.86,399,18574.359375
2015-07-27,2015-07-27,46.99,46.99,46.31,46.31,164,7706.359863
2015-07-24,2015-07-24,48.03,48.03,47.38,47.38,406,19443.570313
2015-07-23,2015-07-23,48.4,48.4,47.82,47.82,4551,219165.78125
2015-07-22,2015-07-22,48.14,48.3,48.01,48.07,2853,137448.71875
2015-07-21,2015-07-21,48.83,48.83,48.35,48.349998,1392,67731.15625
2015-07-20,2015-07-20,48.77,49.08,48.77,48.900002,26311,1286315.875
2015-07-17,2015-07-17,49,49,48.66,48.740002,8889,433487.40625
2015-07-16,2015-07-16,48.7,48.8,48.7,48.77,18100.0,882429.5
2015-07-15,2015-07-15,47.94,48.14,47.82,48.080002,24560.0,1179064.375
2015-07-14,2015-07-14,47.4,47.88,47.4,47.880001,350,16617
2015-07-13,2015-07-13,47.32,47.64,47.2,47.630001,27007,1282211
2015-07-10,2015-07-10,46.47,46.73,46.41,46.66,12554,584939
2015-07-09,2015-07-09,44.99,45.87,44.99,45.790001,19306,879466.25
2015-07-08,2015-07-08,44.72,44.84,44.72,44.77,1915,85865.601563
2015-07-07,2015-07-07,45.48,45.53,44.72,44.720001,1346,60848.378906
2015-07-06,2015-07-06,45.64,45.71,45.41,45.490002,11593,528727.3125
2015-07-03,2015-07-03,46.26,46.26,45.89,46.040001,2162,99403.617188
2015-07-02,2015-07-02,46.55,46.55,46.27,46.27,378,17501.400391
2015-07-01,2015-07-01,46.11,46.81,46.01,46.490002,23369,1084796.25
2015-06-30,2015-06-30,46.21,46.49,45.82,45.919998,23158,1067672.125
2015-06-29,2015-06-29,46.1,46.75,46.1,46.330002,9870.0,459243.40625
2015-06-26,2015-06-26,47.24,47.83,47.23,47.68,14561,691707.875
2015-06-25,2015-06-25,47.99,47.99,47.5,47.560001,1306,62354.71875
2015-06-24,2015-06-24,47.69,47.69,47.69,47.689999,0,0
2015-06-23,2015-06-23,47.79,48.13,47.78,47.959999,8765,420365.28125
2015-06-22,2015-06-22,47.15,47.31,47.04,47.310001,31293,1472777.875
2015-06-19,2015-06-19,46.43,46.62,46.28,46.279999,5265,244462.296875
2015-06-18,2015-06-18,45.95,46.08,45.95,46.080002,96,4411.200195
2015-06-17,2015-06-17,46.39,46.39,46.03,46.029999,10862,501446.3125
2015-06-16,2015-06-16,45.6,46.34,45.6,46.23,717,33015.808594
2015-06-15,2015-06-15,46.22,46.26,45.97,45.970001,9353,430147.28125
2015-06-12,2015-06-12,46.47,46.77,46.47,46.77,531,24675.570313
2015-06-11,2015-06-11,46.89,47.19,46.89,47.16,669,31505.830078
2015-06-10,2015-06-10,45.92,46.83,45.92,46.830002,64036,2950480.5
2015-06-09,2015-06-09,46.04,46.17,45.6,46.029999,3837,176482.984375
2015-06-08,2015-06-08,46.51,46.51,46.23,46.23,1414,65667.890625
2015-06-05,2015-06-05,46.55,46.62,46.55,46.619999,1629,75854.90625
2015-06-04,2015-06-04,47.29,47.29,46.76,47.049999,584,27530.970703
2015-06-03,2015-06-03,47.56,47.85,47.43,47.5,74030.0,3518557
2015-06-02,2015-06-02,47.48,47.66,47.48,47.529999,1591,75686.789063
2015-06-01,2015-06-01,48.25,48.25,47.94,47.939999,2201,106191.421875
2015-05-29,2015-05-29,48.8,48.8,47.93,47.93,3861,186855.984375
2015-05-28,2015-05-28,48.93,49.01,48.61,48.799999,7521,367377.375
2015-05-27,2015-05-27,48.67,49,48.67,49,190,9247.299805
2015-05-26,2015-05-26,48.49,48.83,48.49,48.52,861,41841.78125
2015-05-22,2015-05-22,48.93,48.93,48.89,48.889999,277,13553.549805
2015-05-21,2015-05-21,48.86,48.93,48.86,48.93,160,7817.600098
2015-05-20,2015-05-20,48.41,48.72,48.41,48.720001,1876,90930.90625
2015-05-19,2015-05-19,48.43,48.45,48.27,48.450001,21492,1037714.4375
2015-05-18,2015-05-18,47.49,47.67,47.44,47.669998,2419,115256.273438
2015-05-15,2015-05-15,47.86,48.03,47.49,47.490002,1359,65173.78125
2015-05-14,2015-05-14,47.07,47.83,47.07,47.830002,27,1274.089966
2015-05-13,2015-05-13,47.55,47.55,47.27,47.27,114,5420.700195
2015-05-12,2015-05-12,47.66,47.66,47.19,47.419998,19,901.950012
2015-05-11,2015-05-11,47.84,48.04,47.84,48.040001,2435,116740.75
2015-05-08,2015-05-08,47.26,47.84,47.26,47.84,16657,787837.75
2015-05-07,2015-05-07,45.86,46.48,45.86,46.48,1415,65658.84375
2015-05-06,2015-05-06,46.71,46.92,46.38,46.490002,7777,363328.75
2015-05-05,2015-05-05,47.87,47.87,46.71,46.709999,2749,131070.890625
2015-05-04,2015-05-04,47.34,47.71,46.97,47.470001,15348,722906.8125
2015-04-30,2015-04-30,47.25,47.43,47.12,47.27,15651,741741.25
2015-04-29,2015-04-29,48.62,48.62,47.37,47.369999,22837,1087311.625
2015-04-28,2015-04-28,49.09,49.09,48.43,48.470001,723,35126.851563
2015-04-27,2015-04-27,48.79,49.2,48.79,49.200001,2531,124254.25
2015-04-24,2015-04-24,48.66,48.73,48.58,48.73,6781,329639.59375
2015-04-23,2015-04-23,48.49,48.53,48.36,48.529999,2849,138096.84375
2015-04-22,2015-04-22,48.95,48.95,48.35,48.650002,1705,83040.648438
2015-04-21,2015-04-21,48.97,48.97,48.69,48.790001,7332,357729.8125
2015-04-20,2015-04-20,48.29,48.56,48.29,48.470001,21847,1057899.125
2015-04-17,2015-04-17,48.99,48.99,48.14,48.139999,13386,646367.1875
2015-04-16,2015-04-16,49.32,49.35,48.96,48.990002,6680.0,327365.125
2015-04-15,2015-04-15,49.07,49.35,49.07,49.349998,779,38435.53125
2015-04-14,2015-04-14,49.25,49.25,48.91,48.98,10207,500655.9375
2015-04-13,2015-04-13,49.06,49.28,49.06,49.240002,14295,702462.5625
2015-04-10,2015-04-10,48.89,49.17,48.89,49.169998,1346,65929.726563
2015-04-09,2015-04-09,48.32,48.65,48.32,48.650002,13756,665296.4375
2015-04-08,2015-04-08,48.31,48.31,48.12,48.119999,635,30662.900391
2015-04-07,2015-04-07,47.97,48.09,47.88,48.09,1839,88211.671875
2015-04-02,2015-04-02,47.31,47.35,47.3,47.349998,25230.0,1193529.875
2015-04-01,2015-04-01,47.11,47.67,47.11,47.41,19494,927864.18
2015-03-31,2015-03-31,47.76,47.79,47.2,47.279999,12638,599293.25
2015-03-30,2015-03-30,47.26,47.65,47.26,47.650002,12690.0,602294.5
2015-03-27,2015-03-27,47.2,47.34,47.05,47.049999,341,16086.280273
2015-03-26,2015-03-26,46.81,46.91,46.81,46.91,2860.0,133876.59375
2015-03-25,2015-03-25,47.78,47.83,47.32,47.330002,5577,265274.40625
2015-03-24,2015-03-24,47.76,47.96,47.7,47.849998,9693,463284.46875
2015-03-23,2015-03-23,47.85,47.85,47.65,47.75,4220.0,201125.90625
2015-03-20,2015-03-20,47.66,48.11,47.61,48.02,17847,853572.125
2015-03-19,2015-03-19,47.73,47.74,47.54,47.59,7971,380505.4375
2015-03-18,2015-03-18,47.22,47.38,47.22,47.380001,3293,155520.65625
2015-03-17,2015-03-17,47.64,47.64,47.21,47.209999,4594,218388.390625
2015-03-16,2015-03-16,47.3,47.63,47.3,47.5,13679,648959.9375
2015-03-13,2015-03-13,46.94,47.08,46.84,47.080002,3273,153655.515625
2015-03-12,2015-03-12,46.97,46.97,46.94,46.939999,2684,126067.476563
2015-03-11,2015-03-11,46.89,46.89,46.7,46.889999,470,22002.710938
2015-03-10,2015-03-10,46.8,46.8,46.21,46.209999,878,41029.199219
2015-03-09,2015-03-09,46.58,46.71,46.38,46.709999,13993,651600.4375
2015-03-06,2015-03-06,46.75,46.88,46.75,46.759998,1900.0,88979
2015-03-05,2015-03-05,46.42,46.83,46.42,46.709999,3261,151952.46875
2015-03-04,2015-03-04,46.04,46.3,45.93,46.299999,31511,1450554.375
2015-03-03,2015-03-03,46.5,46.5,45.93,45.93,49,2266
2015-03-02,2015-03-02,46.54,46.55,46.39,46.43,7567,351303.25
2015-02-27,2015-02-27,46.49,46.49,46.22,46.459999,31093,1441713.75
2015-02-26,2015-02-26,45.98,46.31,45.98,46.310001,660,30347.800781
2015-02-25,2015-02-25,45.76,45.86,45.76,45.810001,34242,1570317.875
2015-02-24,2015-02-24,45.75,45.9,45.67,45.849998,5769,263862.21875
2015-02-23,2015-02-23,45.6,45.69,45.41,45.689999,24186,1102664.875
2015-02-20,2015-02-20,45.26,45.36,45.22,45.360001,7541,341440.53125
2015-02-19,2015-02-19,44.89,45.24,44.89,45.240002,6705,302341.5625
2015-02-18,2015-02-18,45.01,45.11,44.95,45.110001,4517,203269.328125
2015-02-17,2015-02-17,44.32,44.76,44.32,44.720001,1368,60822.558594
2015-02-16,2015-02-16,44.66,44.74,44.65,44.720001,7250.0,324216.875
2015-02-13,2015-02-13,44.57,44.74,44.55,44.650002,63825,2855460.5
2015-02-12,2015-02-12,44.13,44.45,44.13,44.41,1814,80216.460938
2015-02-11,2015-02-11,44.23,44.23,44.03,44.080002,25363,1118153
2015-02-10,2015-02-10,43.85,44.22,43.85,44.220001,596,26239.419922
2015-02-09,2015-02-09,43.98,43.99,43.61,43.959999,33507,1469870.75
2015-02-06,2015-02-06,44.08,44.26,44.08,44.23,53,2343.97998
2015-02-05,2015-02-05,43.95,44.17,43.95,44.169998,2161,95118.789063
2015-02-04,2015-02-04,43.91,44.11,43.79,44.110001,38469,1688155
2015-02-03,2015-02-03,43.95,44.02,43.79,43.849998,4265,187083.65625
2015-02-02,2015-02-02,43.47,43.52,43.17,43.52,2948,128051.0625
2015-01-30,2015-01-30,43.71,43.71,43.47,43.470001,796,34731.328125
2015-01-29,2015-01-29,43.44,43.73,43.44,43.630001,4639,202515.125
2015-01-28,2015-01-28,43.71,43.8,43.61,43.720001,10955,477845.75
2015-01-27,2015-01-27,43.83,43.83,43.66,43.75,1423,62215.050781
2015-01-26,2015-01-26,43.95,44.13,43.94,44.130001,678,29815.75
2015-01-23,2015-01-23,43.45,43.87,43.45,43.849998,2701,118251.25
2015-01-22,2015-01-22,42.59,43.21,42.59,43.049999,7159,305938.8125
2015-01-21,2015-01-21,42.13,42.45,41.93,42.450001,6601,278060.125
2015-01-20,2015-01-20,42.15,42.22,42.07,42.169998,2693,113687.210938
2015-01-19,2015-01-19,41.68,41.98,41.68,41.810001,368,15376.599609
2015-01-16,2015-01-16,41.28,41.71,41.28,41.709999,1057,43858.710938
2015-01-15,2015-01-15,40.63,41.28,40.36,41.279999,5792,235264.59375
2015-01-14,2015-01-14,40.67,40.68,40.08,40.139999,1896,76570.203125
2015-01-13,2015-01-13,40.25,40.8,40.25,40.799999,6149,250007.015625
2015-01-12,2015-01-12,40.02,40.28,39.98,40.240002,23408,939996.0625
2015-01-09,2015-01-09,40.48,40.48,39.96,39.959999,2314,93479.023438
2015-01-08,2015-01-08,39.84,40.48,39.84,40.48,23190.0,928807.125
2015-01-07,2015-01-07,39.42,39.63,39.38,39.389999,3232,127776.40625
2015-01-06,2015-01-06,39.48,39.73,39.1,39.099998,45603,1803072.375
2015-01-05,2015-01-05,40.3,40.32,39.43,39.43,1346,54090.5
2015-01-02,2015-01-02,40.72,40.72,40.35,40.349998,5243,212674.375
2014-12-30,2014-12-30,40.6,40.66,40.46,40.459999,180,7313.100098
2014-12-29,2014-12-29,40.65,40.82,40.65,40.82,247,10047.429688
2014-12-23,2014-12-23,40.65,40.73,40.65,40.689999,625,25455.849609
2014-12-22,2014-12-22,40.44,40.62,40.44,40.509998,8726,354375.03125
2014-12-19,2014-12-19,40.43,40.43,40.06,40.400002,1128,45381.238281
2014-12-18,2014-12-18,39.8,40.14,39.8,40.139999,271,10785.799805
2014-12-17,2014-12-17,38.74,39.03,38.65,38.959999,25253,980436.625
2014-12-16,2014-12-16,38.38,38.97,37.96,38.970001,11281,428537.3125
2014-12-15,2014-12-15,39.27,39.27,38.19,38.189999,801,31126.720703
2014-12-12,2014-12-12,39.62,39.62,39.12,39.119999,8861,350426.03125
2014-12-11,2014-12-11,40.1,40.32,39.98,40.139999,5653,227861.140625
2014-12-10,2014-12-10,40.57,40.57,40.13,40.130001,486,19670.939453
2014-12-09,2014-12-09,40.91,40.92,40.32,40.32,35269,1428717
2014-12-08,2014-12-08,41.45,41.46,41.27,41.27,1695,70246.898438
2014-12-05,2014-12-05,41.11,41.52,41.11,41.52,1073,44284.878906
2014-12-04,2014-12-04,41.49,41.49,40.88,40.880001,23,954.27002
2014-12-03,2014-12-03,41.35,41.42,41.35,41.380001,244,10090.169922
2014-12-02,2014-12-02,41.13,41.35,41.1,41.099998,274,11324.740234
2014-12-01,2014-12-01,40.92,41.06,40.89,40.939999,5289,216769.921875
2014-11-28,2014-11-28,41.08,41.15,40.92,41.150002,341,13973.080078
2014-11-27,2014-11-27,41.16,41.16,41.16,41.16,0,0
2014-11-26,2014-11-26,41.2,41.2,41.08,41.080002,74,3048.439941
2014-11-25,2014-11-25,41.06,41.06,41.03,41.029999,313,12851.780273
2014-11-24,2014-11-24,41.02,41.02,40.96,40.959999,340,13946.799805
2014-11-21,2014-11-21,40.3,40.92,40.3,40.919998,34,1375.150024
2014-11-20,2014-11-20,40.15,40.15,40.1,40.099998,239,9587.049805
2014-11-19,2014-11-19,40.19,40.19,40.19,40.189999,0,0
2014-11-18,2014-11-18,40.24,40.24,40.12,40.220001,6230.0,250658.125
2014-11-17,2014-11-17,39.5,39.5,39.5,39.5,26,1027
2014-11-14,2014-11-14,39.79,39.79,39.69,39.709999,60133,2389714.5
2014-11-13,2014-11-13,39.75,39.9,39.75,39.790001,535,21327.300781
2014-11-12,2014-11-12,40.08,40.08,39.65,39.700001,760,30196.900391
2014-11-11,2014-11-11,40.1,40.15,40,40.080002,134,5373.359863
2014-11-10,2014-11-10,39.82,40,39.82,40,11,438.019989
2014-11-07,2014-11-07,39.85,39.91,39.7,39.700001,32,1275.619995
2014-11-06,2014-11-06,40,40,39.86,39.860001,53,2120.0
2014-11-05,2014-11-05,39.47,39.75,39.47,39.75,899,35483.53125
2014-11-04,2014-11-04,39.51,39.63,39.13,39.130001,627,24814.189453
2014-11-03,2014-11-03,39.9,39.9,39.53,39.529999,2919,115984.671875
2014-10-31,2014-10-31,39.71,39.86,39.71,39.860001,800,31768
2014-10-30,2014-10-30,39.17,39.17,39.17,39.169998,0,0
2014-10-29,2014-10-29,38.98,38.98,38.98,38.98,0,0
2014-10-28,2014-10-28,38.81,38.81,38.74,38.799999,904,35043.710938
2014-10-27,2014-10-27,38.96,38.96,38.89,38.889999,20,778.150024
2014-10-24,2014-10-24,38.63,38.68,38.63,38.68,55,2124.649902
2014-10-23,2014-10-23,38.82,38.82,38.82,38.82,0,0
2014-10-22,2014-10-22,38.14,38.6,38.14,38.599998,12537,479046.125
2014-10-21,2014-10-21,37.74,38.29,37.62,38.290001,6771,256757.640625
2014-10-20,2014-10-20,37.37,37.49,37.37,37.490002,29,1083.849976
2014-10-17,2014-10-17,36.87,37.71,36.87,37.709999,11020.0,408557.875
2014-10-16,2014-10-16,36.89,36.89,36.58,36.669998,13505,497212.4375
2014-10-15,2014-10-15,37.93,37.93,37.93,37.93,4,151.720001
2014-10-14,2014-10-14,37.75,38.11,37.75,38.110001,32,1208
2014-10-13,2014-10-13,37.9,38.12,37.9,38.080002,1261,48050.660156
2014-10-10,2014-10-10,38.32,38.32,37.98,38.119999,2337,89041.960938
2014-10-09,2014-10-09,39.19,39.19,38.69,38.689999,1932,75177.507813
2014-10-08,2014-10-08,38.98,38.98,38.86,38.860001,5882,229093.359375
2014-10-07,2014-10-07,39.7,39.7,39.56,39.560001,60,2375
2014-10-06,2014-10-06,39.95,40.01,39.76,39.759998,17485,697634.625
2014-10-02,2014-10-02,40.06,40.06,39.32,39.32,1188,46935.21875
2014-10-01,2014-10-01,40.64,40.64,40.17,40.34,10980.0,444682.125
2014-09-30,2014-09-30,40.63,40.63,40.63,40.630001,0,0
2014-09-29,2014-09-29,40.31,40.4,40.31,40.400002,540,21767.400391
2014-09-26,2014-09-26,40.59,40.67,40.57,40.57,15080.0,612103.625
2014-09-25,2014-09-25,40.96,40.96,40.51,40.509998,2577,105203.789063
2014-09-24,2014-09-24,40.5,40.8,40.46,40.790001,1845,74658.898438
2014-09-23,2014-09-23,40.46,40.64,40.44,40.5,1552,62928.46875
2014-09-22,2014-09-22,41.13,41.14,41.02,41.02,45001,1850592.75
2014-09-19,2014-09-19,41.49,41.49,41.23,41.23,5,207.449997
2014-09-18,2014-09-18,41.12,41.19,41.12,41.189999,1523,62625.761719
2014-09-17,2014-09-17,40.73,40.85,40.71,40.77,54416,2221663.75
2014-09-16,2014-09-16,40.55,40.55,40.55,40.549999,19,770.450012
2014-09-15,2014-09-15,40.73,40.73,40.67,40.669998,6169,251104.3125
2014-09-12,2014-09-12,40.7,40.7,40.7,40.700001,0,0
2014-09-11,2014-09-11,40.89,40.89,40.72,40.720001,11181,457095.40625
2014-09-10,2014-09-10,40.62,40.8,40.62,40.799999,122,4955.640137
2014-09-09,2014-09-09,40.77,40.77,40.77,40.77,0,0
2014-09-08,2014-09-08,40.89,40.97,40.89,40.970001,12000.0,490680.0
2014-09-05,2014-09-05,41.25,41.25,41.11,41.150002,1937,79827.851563
2014-09-04,2014-09-04,40.84,40.86,40.84,40.860001,231,9437.730469
2014-09-03,2014-09-03,40.74,40.87,40.74,40.84,1968,80365.828125
2014-09-02,2014-09-02,40.55,40.55,40.55,40.549999,0,0
2014-09-01,2014-09-01,40.63,40.63,40.48,40.59,732,29657.839844
2014-08-29,2014-08-29,40.45,40.54,40.4,40.540001,17000.0,687150.0
2014-08-28,2014-08-28,40.55,40.55,40.31,40.400002,15223,615599.9375
2014-08-27,2014-08-27,40.66,40.66,40.62,40.619999,9,365.940002
2014-08-26,2014-08-26,40.25,40.25,40.25,40.25,186,7486.5
2014-08-25,2014-08-25,40.2,40.43,40.2,40.43,31,1248.719971
2014-08-22,2014-08-22,39.94,39.96,39.79,39.84,9488,378401.09375
2014-08-21,2014-08-21,39.89,39.99,39.89,39.939999,1685,67305.148438
2014-08-20,2014-08-20,39.72,39.72,39.61,39.720001,13,515.150024
2014-08-19,2014-08-19,39.66,39.73,39.66,39.73,3,118.980003
2014-08-18,2014-08-18,39.44,39.54,39.44,39.490002,2700.0,106577.101563
2014-08-15,2014-08-15,39.52,39.52,39.07,39.07,4492,177340.3125
2014-08-14,2014-08-14,39.14,39.14,39.14,39.139999,0,0
2014-08-13,2014-08-13,39.01,39.14,39.01,39.060001,31709,1237826.625
2014-08-12,2014-08-12,38.94,38.94,38.85,38.849998,70,2725.800049
2014-08-08,2014-08-08,38.33,38.46,38.18,38.369999,3213,122925.3125
2014-08-07,2014-08-07,38.87,38.9,38.67,38.669998,10000.0,388800.0
2014-08-06,2014-08-06,39,39,38.74,38.990002,2674,104243.398438
2014-08-05,2014-08-05,39.21,39.42,39.21,39.25,1596,62798.679688
2014-08-04,2014-08-04,39.37,39.37,39.13,39.139999,14779,579628
2014-08-01,2014-08-01,39.37,39.39,39.14,39.139999,230,9057.660156
2014-07-31,2014-07-31,39.92,39.98,39.66,39.66,2085,83154.601563
2014-07-30,2014-07-30,40.36,40.46,40.23,40.23,327,13222.299805
2014-07-29,2014-07-29,40.32,40.51,40.32,40.450001,2495,100797.851563
2014-07-28,2014-07-28,40.4,40.43,40.32,40.32,6326,255381.21875
2014-07-25,2014-07-25,40.68,40.68,40.4,40.400002,2758,111895.117188
2014-07-24,2014-07-24,40.51,40.729,40.51,40.700001,53,2156.889893
2014-07-23,2014-07-23,40.51,40.54,40.51,40.509998,2392,96899.953125
2014-07-22,2014-07-22,40.11,40.48,40.11,40.419998,7227,291840.71875
2014-07-21,2014-07-21,39.96,40.05,39.93,39.93,2019,80709.601563
2014-07-18,2014-07-18,39.97,40.16,39.97,40.16,7803,312238.0625
2014-07-17,2014-07-17,40.38,40.38,40.16,40.16,1000.0,40306
2014-07-16,2014-07-16,39.97,40.52,39.97,40.52,1864,75057.59375
2014-07-15,2014-07-15,40.12,40.15,39.97,39.970001,204,8190.410156
2014-07-14,2014-07-14,39.88,40.12,39.88,40.119999,3019,120762.890625
2014-07-11,2014-07-11,39.8,39.8,39.73,39.77,300,11936.5
2014-07-10,2014-07-10,40.12,40.12,39.73,39.73,6728,269927.375
2014-07-09,2014-07-09,40.14,40.14,40.14,40.139999,4,160.559998
2014-07-08,2014-07-08,40.55,40.61,40.13,40.130001,256,10357.429688
2014-07-07,2014-07-07,41.03,41.03,40.68,40.68,2322,95143.367188
2014-07-04,2014-07-04,41.13,41.13,41.05,41.049999,2560.0,105267.796875
2014-07-03,2014-07-03,41.06,41.15,41.06,41.150002,10,410.600006
2014-07-02,2014-07-02,40.69,40.81,40.69,40.779999,3551,144851.59375
2014-07-01,2014-07-01,40.4,40.69,40.4,40.689999,8308,337233.96875
2014-06-30,2014-06-30,40.28,40.31,40.28,40.310001,40,1611.199951
2014-06-27,2014-06-27,40.35,40.37,40.35,40.369999,296,11943.599609
2014-06-26,2014-06-26,40.43,40.43,40.27,40.32,308,12446.040039
2014-06-25,2014-06-25,40.47,40.47,40.34,40.34,2536,102561.117188
2014-06-24,2014-06-24,40.89,40.97,40.77,40.77,1908,78145.609375
2014-06-23,2014-06-23,40.88,40.88,40.82,40.82,2341,95700.078125
2014-06-20,2014-06-20,41.14,41.14,41.01,41.009998,487,20035.179688
2014-06-19,2014-06-19,41.04,41.05,41.04,41.049999,12,492.480011
2014-06-18,2014-06-18,40.97,40.97,40.79,40.790001,4411,180256
2014-06-17,2014-06-17,40.82,40.83,40.75,40.830002,1051,42875.011719
2014-06-16,2014-06-16,40.9,40.9,40.7,40.73,4075,166370.40625
2014-06-13,2014-06-13,40.63,40.9,40.61,40.900002,2880.0,117000.84375
2014-06-12,2014-06-12,40.95,41.05,40.79,40.950001,12955,530689.8125
2014-06-11,2014-06-11,41.02,41.02,40.93,40.93,8514,349244.28125
2014-06-10,2014-06-10,41.05,41.11,41.05,41.110001,88,3615.800049
2014-06-09,2014-06-09,40.86,41.06,40.86,41.060001,2205,90096.296875
2014-06-06,2014-06-06,40.67,40.85,40.63,40.849998,19737,803378.3125
2014-06-05,2014-06-05,40.49,40.61,40.43,40.610001,2061,83457.367188
2014-06-04,2014-06-04,40.41,40.44,40.41,40.439999,12,484.920013
2014-06-03,2014-06-03,40.6,40.6,40.44,40.439999,21167,859009.5
2014-06-02,2014-06-02,40.69,40.7,40.59,40.610001,7510.0,305369.6875
2014-05-30,2014-05-30,40.54,40.54,40.47,40.470001,135,5472.899902
2014-05-29,2014-05-29,40.53,40.57,40.53,40.549999,11,446.230011
2014-05-28,2014-05-28,40.47,40.53,40.47,40.529999,285,11533.950195
2014-05-27,2014-05-27,40.43,40.54,40.43,40.470001,2027,82074.210938
2014-05-26,2014-05-26,40.2,40.57,40.2,40.57,3,120.599998
2014-05-23,2014-05-23,40.12,40.2,40.12,40.200001,3150.0,126388
2014-05-22,2014-05-22,40.09,40.14,40.09,40.139999,125,5011.25
2014-05-21,2014-05-21,39.9,40.09,39.9,40.09,3301,131964.71875
2014-05-20,2014-05-20,39.92,39.92,39.85,39.849998,5050.0,201473.5
2014-05-19,2014-05-19,39.57,39.88,39.57,39.880001,4968,196730.203125
2014-05-16,2014-05-16,39.85,39.88,39.85,39.880001,8030.0,319995.5
2014-05-15,2014-05-15,40.12,40.16,39.78,39.779999,5287,211667.875
2014-05-14,2014-05-14,40.08,40.12,40.06,40.119999,51167,2049963.375
2014-05-13,2014-05-13,40.03,40.18,39.99,40.080002,44636,1787275.75
2014-05-12,2014-05-12,39.7,39.9,39.65,39.900002,5003,198585.3125
2014-05-09,2014-05-09,39.66,39.66,39.61,39.610001,300,11894.25
2014-05-08,2014-05-08,39.5,39.68,39.5,39.68,280,11060.0
2014-05-07,2014-05-07,39.25,39.25,39.25,39.25,0,0
2014-05-06,2014-05-06,39.21,39.21,39.21,39.209999,0,0
2014-05-05,2014-05-05,39.35,39.35,38.98,39.299999,1373,53536.558594
2014-05-02,2014-05-02,39.48,39.48,39.37,39.369999,637,25132.359375
2014-04-30,2014-04-30,39.4,39.4,39.4,39.400002,0,0
2014-04-29,2014-04-29,39,39.33,39,39.330002,6410.0,251018
2014-04-28,2014-04-28,38.92,39.06,38.91,38.91,5724,223072.984375
2014-04-25,2014-04-25,39,39,38.78,38.779999,126,4914
2014-04-24,2014-04-24,39.09,39.09,39.01,39.060001,102,3979.97998
2014-04-23,2014-04-23,39.14,39.14,38.94,38.939999,130,5088.200195
2014-04-22,2014-04-22,39.029,39.14,39.029,39.139999,170,6639.200195
2014-04-17,2014-04-17,38.41,38.62,38.4,38.619999,17819,687669.625
2014-04-16,2014-04-16,38.2,38.43,38.2,38.43,15520.0,594549.125
2014-04-15,2014-04-15,38.21,38.27,37.96,37.959999,10171,388171.5
2014-04-14,2014-04-14,38.09,38.3,37.9,38.299999,68,2587.280029
2014-04-11,2014-04-11,38.12,38.12,38.12,38.119999,0,0
2014-04-10,2014-04-10,38.97,38.97,38.61,38.610001,6800.0,264996
2014-04-09,2014-04-09,38.94,38.94,38.8,38.799999,2050.0,79774.5
2014-04-08,2014-04-08,38.7,38.74,38.48,38.650002,5502,212845.578125
2014-04-07,2014-04-07,38.95,38.95,38.76,38.76,7446,289760.0
2014-04-04,2014-04-04,39.05,39.21,39.05,39.209999,56880.0,2224713.75
2014-04-03,2014-04-03,38.99,39.01,38.99,39.009998,3849,150072.515625
2014-04-02,2014-04-02,38.95,39.19,38.95,38.959999,3790.0,147876.40625
2014-04-01,2014-04-01,38.81,38.92,38.81,38.880001,1065,41350.800781
2014-03-31,2014-03-31,38.91,38.91,38.66,38.66,2228,86650.4375
2014-03-28,2014-03-28,38.56,38.65,38.49,38.650002,12,462.440002
2014-03-27,2014-03-27,38.36,38.36,38.36,38.360001,0,0
2014-03-26,2014-03-26,38.12,38.28,38.12,38.279999,14,533.679993
2014-03-25,2014-03-25,37.99,38.01,37.99,38.009998,18,683.820007
2014-03-24,2014-03-24,37.8,37.8,37.52,37.52,266,10054.620117
2014-03-21,2014-03-21,37.95,38.05,37.91,37.93,14086,535293.6875
2014-03-20,2014-03-20,37.66,37.86,37.66,37.860001,1,37.66
2014-03-19,2014-03-19,37.85,37.93,37.82,37.82,1528,57835.679688
2014-03-18,2014-03-18,37.49,38.01,37.49,37.849998,592,22495.679688
2014-03-17,2014-03-17,37.52,37.62,37.52,37.619999,30,1125.599976
2014-03-14,2014-03-14,37.28,37.28,37.03,37.209999,3071,114404.929688
2014-03-13,2014-03-13,37.88,37.88,37.47,37.470001,966,36592.078125
2014-03-12,2014-03-12,38,38,37.8,37.880001,5084,192939.203125
2014-03-11,2014-03-11,38.37,38.37,38.25,38.259998,1201,45993.261719
2014-03-10,2014-03-10,38.54,38.54,38.21,38.25,18724,717317.5625
2014-03-07,2014-03-07,38.95,38.95,38.46,38.459999,15,584.25
2014-03-06,2014-03-06,39.12,39.12,38.95,38.950001,674,26351.480469
2014-03-05,2014-03-05,38.89,38.95,38.89,38.889999,3530.0,137430.546875
2014-03-04,2014-03-04,38.52,38.94,38.52,38.939999,1408,54263.160156
2014-03-03,2014-03-03,38.25,38.29,38.15,38.150002,163752,6266692.5
2014-02-28,2014-02-28,39.01,39.01,39.01,39.009998,22,858.219971
2014-02-27,2014-02-27,38.7,38.88,38.7,38.880001,517,20054.339844
2014-02-26,2014-02-26,39.04,39.04,38.94,38.959999,9168,357351.90625
2014-02-25,2014-02-25,38.99,39.07,38.92,39.02,10080.0,393188.8125
2014-02-24,2014-02-24,38.88,39.1,38.84,39.099998,111,4312.839844
2014-02-21,2014-02-21,38.85,38.85,38.85,38.849998,0,0
2014-02-20,2014-02-20,38.46,38.75,38.46,38.75,8305,319426.3125
2014-02-19,2014-02-19,38.68,38.74,38.57,38.740002,16010.0,619266.5
2014-02-18,2014-02-18,38.66,38.66,38.66,38.66,0,0
2014-02-17,2014-02-17,38.62,38.7,38.62,38.689999,419,16200.459961
2014-02-14,2014-02-14,38.32,38.6,38.32,38.599998,122303,4690974
2014-02-13,2014-02-13,38.22,38.32,37.99,38.32,52606,2000713.875
2014-02-12,2014-02-12,38.32,38.32,38.32,38.32,0,0
2014-02-11,2014-02-11,38.01,38.01,38.01,38.009998,0,0
2014-02-10,2014-02-10,37.7,37.7,37.53,37.549999,24814,932028.75
2014-02-07,2014-02-07,37.38,37.56,37.3,37.509998,1099,41215.199219
2014-02-06,2014-02-06,37.06,37.23,37.06,37.23,80,2964.800049
2014-02-05,2014-02-05,36.71,36.85,36.71,36.75,4279,157487.140625
2014-02-04,2014-02-04,36.44,36.71,36.44,36.709999,16090.0,587937.3125
2014-02-03,2014-02-03,37.09,37.09,36.69,36.689999,11,407.98999
2014-01-31,2014-01-31,37.37,37.37,36.83,37.220001,6950.0,258400.65625
2014-01-30,2014-01-30,37.15,37.41,37.12,37.41,14396,534393.125
2014-01-29,2014-01-29,36.9,37.28,36.71,37.279999,117,4295.450195
2014-01-28,2014-01-28,37.5,37.51,37.43,37.490002,3874,145095.40625
2014-01-27,2014-01-27,37.52,37.52,37.26,37.259998,6945,259544.875
2014-01-24,2014-01-24,38.04,38.04,37.57,37.57,157,5934.450195
2014-01-23,2014-01-23,38.86,38.95,38.48,38.48,3920.0,151897.453125
2014-01-22,2014-01-22,38.95,38.96,38.83,38.869999,5032,195720.53125
2014-01-21,2014-01-21,38.81,38.95,38.81,38.830002,197,7661.529785
2014-01-20,2014-01-20,38.86,38.86,38.81,38.810001,60,2331.600098
2014-01-17,2014-01-17,38.85,38.85,38.85,38.849998,0,0
2014-01-16,2014-01-16,38.62,38.62,38.62,38.619999,200,7724
2014-01-15,2014-01-15,38.47,38.71,38.45,38.66,1287,49659.238281
2014-01-14,2014-01-14,38.05,38.28,38.05,38.27,15210.0,578786.5
2014-01-13,2014-01-13,38.27,38.29,37.97,38.220001,4089,156159.15625
2014-01-10,2014-01-10,38.17,38.17,38.12,38.119999,7235,276015.9375
2014-01-09,2014-01-09,38.3,38.3,37.94,37.939999,600,22980.0
2014-01-08,2014-01-08,38.12,38.13,38,38.119999,171,6504.009766
2014-01-07,2014-01-07,38.06,38.06,38.06,38.060001,0,0
2014-01-06,2014-01-06,37.87,37.92,37.76,37.759998,13845,524477
2014-01-03,2014-01-03,37.71,37.86,37.7,37.86,13568,511613.6875
2014-01-02,2014-01-02,38.04,38.04,37.63,37.63,244,9226
2013-12-30,2013-12-30,37.8,37.83,37.78,37.83,98,3704.3799
2013-12-27,2013-12-27,37.78,37.91,37.75,37.91,834,31508.2207
2013-12-23,2013-12-23,37.27,37.42,37.19,37.42,998,37127.4609
2013-12-20,2013-12-20,37.11,37.16,37,37.14,16035,595410.25
2013-12-19,2013-12-19,36.78,36.95,36.78,36.95,102,3751.5601
2013-12-18,2013-12-18,36.38,36.38,36.31,36.31,60,2182.8
2013-12-17,2013-12-17,36.08,36.15,35.99,35.99,5035,181759.75
2013-12-16,2013-12-16,36.12,36.349,36.12,36.31,8654,312690.6875
2013-12-13,2013-12-13,35.94,35.94,35.85,35.85,254,9128.7598
2013-12-12,2013-12-12,36.08,36.08,35.87,35.87,159,5725.8701
2013-12-11,2013-12-11,36.25,36.25,36.25,36.25,0,0
2013-12-10,2013-12-10,36.75,36.75,36.44,36.44,6100.0,222870.0
2013-12-09,2013-12-09,36.75,36.75,36.67,36.67,273,10032.75
2013-12-06,2013-12-06,36.47,36.6,36.47,36.6,1509,55033.2305
2013-12-05,2013-12-05,36.74,36.74,36.35,36.35,12747,466999.5
2013-12-04,2013-12-04,36.67,36.69,36.67,36.69,200,7334
2013-12-03,2013-12-03,37.49,37.49,36.93,36.93,1667,61910.1797
2013-12-02,2013-12-02,37.6,37.6,37.49,37.49,621,23334.5996
2013-11-29,2013-11-29,37.61,37.61,37.61,37.61,0,0
2013-11-28,2013-11-28,37.61,37.61,37.6,37.6,685,25762.8496
2013-11-27,2013-11-27,37.42,37.51,37.13,37.49,1470.0,54653
2013-11-26,2013-11-26,37.35,37.35,37.29,37.29,40,1494
2013-11-25,2013-11-25,37.59,37.59,37.49,37.53,16131,604764.3125
2013-11-22,2013-11-22,37.55,37.55,37.35,37.39,1450.0,54387.5
2013-11-21,2013-11-21,37.25,37.34,37.25,37.34,705,26261.25
2013-11-20,2013-11-20,37.34,37.42,37.34,37.42,280,10455.2002
2013-11-19,2013-11-19,37.35,37.35,37.35,37.35,0,0
2013-11-18,2013-11-18,37.39,37.55,37.36,37.55,73,2730.1799
2013-11-15,2013-11-15,37.35,37.45,37.35,37.39,648,24249.9004
2013-11-14,2013-11-14,37.22,37.3,37.22,37.3,12620.0,469716.4063
2013-11-13,2013-11-13,36.84,37.01,36.84,37.01,360,13262.4004
2013-11-12,2013-11-12,37.23,37.26,37.17,37.17,820,30540.5996
2013-11-11,2013-11-11,37.31,37.47,37.28,37.41,844,31476.6406
2013-11-08,2013-11-08,37.1,37.31,37.1,37.31,5090.0,188839
2013-11-07,2013-11-07,37.28,37.38,37.28,37.38,152,5667.52
2013-11-06,2013-11-06,37.36,37.44,37.36,37.36,1455,54451.3984
2013-11-05,2013-11-05,37.36,37.36,37.19,37.2,1352,50343.7813
2013-11-04,2013-11-04,37.37,37.37,37.27,37.27,2905,108539.1484
2013-11-01,2013-11-01,37.21,37.21,37.12,37.12,100,3719.5
2013-10-31,2013-10-31,37.22,37.22,37.22,37.22,0,0
2013-10-30,2013-10-30,37.19,37.3,37.06,37.06,565,21042.6992
2013-10-29,2013-10-29,37.04,37.1,37,37.06,4505,166999.7344
2013-10-28,2013-10-28,37.09,37.09,36.84,36.92,469,17394.7109
2013-10-25,2013-10-25,36.88,36.96,36.88,36.96,106,3911.28
2013-10-24,2013-10-24,36.99,37.01,36.97,37.01,218,8062.6802
2013-10-23,2013-10-23,36.77,36.83,36.77,36.83,4,147.08
2013-10-22,2013-10-22,36.86,37.05,36.86,37.05,7914,292018.0938
2013-10-21,2013-10-21,36.76,36.88,36.76,36.88,101,3713.71
2013-10-18,2013-10-18,36.76,36.76,36.76,36.76,0,0
2013-10-17,2013-10-17,36.26,36.46,36.26,36.46,1390.0,50492.6016
2013-10-16,2013-10-16,36.21,36.4,36.18,36.4,373,13496.3799
2013-10-15,2013-10-15,36.29,36.32,36.24,36.31,1585,57529.6484
2013-10-14,2013-10-14,35.9,36.01,35.9,36.01,1218,43846.1992
2013-10-11,2013-10-11,35.9,35.97,35.9,35.97,2,71.8
2013-10-10,2013-10-10,35.63,35.8,35.63,35.8,631,22520.75
2013-10-09,2013-10-09,35.21,35.21,35.21,35.21,0,0
2013-10-08,2013-10-08,35.59,35.61,35.41,35.41,1419,50495.1484
2013-10-07,2013-10-07,35.62,35.67,35.46,35.67,1348,47832.0781
2013-10-04,2013-10-04,35.73,35.73,35.73,35.73,0,0
2013-10-03,2013-10-03,35.87,35.87,35.7,35.7,313,11227.2197
2013-10-02,2013-10-02,36,36,35.84,35.84,1705,61126.5
2013-10-01,2013-10-01,35.95,36.09,35.91,36.09,14590.0,524469.625
2013-09-30,2013-09-30,35.82,35.88,35.79,35.85,356,12750.6602
2013-09-27,2013-09-27,36.16,36.16,36.1,36.1,11,397.76
2013-09-26,2013-09-26,36.23,36.23,36.11,36.14,346,12506.6104
2013-09-25,2013-09-25,36.1,36.11,36.1,36.11,160,5776
2013-09-24,2013-09-24,36.1,36.18,36.07,36.18,312,11256.2998
2013-09-23,2013-09-23,36.27,36.28,36,36.13,5375,194409.75
2013-09-20,2013-09-20,36.25,36.25,36.25,36.25,0,0
2013-09-19,2013-09-19,36.6,36.6,36.32,36.35,21372,778013.1875
2013-09-18,2013-09-18,36.03,36.169,36,36.16,53447,1925488.875
2013-09-17,2013-09-17,36.04,36.04,36.03,36.03,562,20254.4805
2013-09-16,2013-09-16,36.18,36.18,36.16,36.16,280,10130.4004
2013-09-13,2013-09-13,35.72,35.89,35.72,35.89,1163,41593.75
2013-09-12,2013-09-12,35.83,35.83,35.83,35.83,205,7345.1499
2013-09-11,2013-09-11,35.73,35.87,35.73,35.87,2,71.46
2013-09-10,2013-09-10,35.76,35.76,35.76,35.76,0,0
2013-09-09,2013-09-09,35.27,35.29,35.27,35.29,690,24336.3008
2013-09-06,2013-09-06,35.19,35.32,35.19,35.32,19,668.61
2013-09-05,2013-09-05,35.12,35.19,34.95,35.19,1480.0,51934.5
2013-09-04,2013-09-04,34.77,34.88,34.65,34.88,650,22556.0996
2013-09-03,2013-09-03,34.85,34.85,34.85,34.85,0,0
2013-09-02,2013-09-02,34.94,35,34.94,34.96,4640.0,162144.7969
2013-08-30,2013-08-30,34.37,34.37,34.37,34.37,0,0
2013-08-29,2013-08-29,34.7,34.7,34.7,34.7,0,0
2013-08-28,2013-08-28,34.45,34.45,34.45,34.45,0,0
2013-08-27,2013-08-27,34.74,34.74,34.53,34.53,50182,1733387
2013-08-26,2013-08-26,35.13,35.16,35.11,35.16,264,9269.2197
2013-08-23,2013-08-23,35.06,35.15,35.06,35.15,90,3155.3999
2013-08-22,2013-08-22,34.7,35.12,34.7,35.04,1550.0,54275.6016
2013-08-21,2013-08-21,34.7,34.7,34.7,34.7,0,0
2013-08-20,2013-08-20,34.78,34.86,34.76,34.86,685,23850.0
2013-08-19,2013-08-19,35.32,35.32,35.15,35.18,1955,68897.6016
2013-08-16,2013-08-16,35.17,35.36,35.17,35.36,1130.0,39742.1016
2013-08-15,2013-08-15,35.26,35.26,35.26,35.26,0,0
2013-08-14,2013-08-14,35.51,35.64,35.51,35.64,2336,83044.9609
2013-08-13,2013-08-13,35.48,35.48,35.48,35.48,0,0
2013-08-12,2013-08-12,35.150002,35.259998,35.150002,35.259998,1455,51148.203979
2013-08-09,2013-08-09,35.04,35.27,35.04,35.27,10,350.4
2013-08-08,2013-08-08,34.98,35.04,34.98,35.04,94,3290.3201
2013-08-07,2013-08-07,34.94,34.96,34.92,34.92,37,1293.38
2013-08-06,2013-08-06,35.16,35.16,34.94,34.94,212,7416.3301
2013-08-05,2013-08-05,35.2,35.229,35.07,35.09,1352,47538.6484
2013-08-02,2013-08-02,35.04,35.05,35.04,35.05,215,7533.6001
2013-08-01,2013-08-01,35.04,35.04,35.04,35.04,0,0
2013-07-31,2013-07-31,34.6,34.6,34.6,34.6,0,0
2013-07-30,2013-07-30,34.58,34.58,34.5,34.5,342,11826.3604
2013-07-29,2013-07-29,34.57,34.58,34.51,34.51,391,13520.0703
2013-07-26,2013-07-26,34.48,34.48,34.48,34.48,0,0
2013-07-25,2013-07-25,34.51,34.61,34.51,34.61,13054,451073.25
2013-07-24,2013-07-24,34.76,34.76,34.76,34.76,0,0
2013-07-23,2013-07-23,34.55,34.55,34.55,34.55,0,0
2013-07-22,2013-07-22,34.62,34.62,34.62,34.62,0,0
2013-07-19,2013-07-19,34.45,34.57,34.45,34.57,4,137.8
2013-07-18,2013-07-18,34.26,34.55,34.26,34.55,245,8393.7002
2013-07-17,2013-07-17,34.26,34.26,34.26,34.26,0,0
2013-07-16,2013-07-16,34.17,34.17,34.07,34.07,43,1469.3101
2013-07-15,2013-07-15,34.3,34.3,34.3,34.3,0,0
2013-07-12,2013-07-12,34.18,34.18,34.18,34.18,0,0
2013-07-11,2013-07-11,34.24,34.24,34.21,34.21,560,19169.1406
2013-07-10,2013-07-10,33.96,34.01,33.96,34.01,120,4075.2
2013-07-09,2013-07-09,33.85,33.98,33.85,33.98,10182,344660.6875
2013-07-08,2013-07-08,33.66,33.66,33.66,33.66,0,0
2013-07-05,2013-07-05,33.73,33.73,33.26,33.26,2068,69108.6406
2013-07-04,2013-07-04,33.2,33.66,33.2,33.66,300,9960.0
2013-07-03,2013-07-03,32.77,32.89,32.74,32.89,66,2161.77
2013-07-02,2013-07-02,33.15,33.15,33.11,33.11,100,3315
2013-07-01,2013-07-01,33.21,33.23,33.01,33.23,14942,493340.6875
2013-06-28,2013-06-28,33.13,33.13,32.85,32.85,1327,43906.9492
2013-06-27,2013-06-27,32.88,33.08,32.8,33.05,1948,64347.3516
2013-06-26,2013-06-26,32.82,32.82,32.82,32.82,0,0
2013-06-25,2013-06-25,32.3,32.3,32.3,32.3,0,0
2013-06-24,2013-06-24,32.15,32.15,31.82,31.83,5030.0,160879.5938
2013-06-21,2013-06-21,33.06,33.06,32.34,32.34,6399,210793.875
2013-06-20,2013-06-20,32.97,32.98,32.7,32.7,1370.0,45180.8984
2013-06-19,2013-06-19,33.64,33.72,33.64,33.7,320,10777.5996
2013-06-18,2013-06-18,33.7,33.8,33.7,33.78,1570.0,52914.1992
2013-06-17,2013-06-17,33.95,33.95,33.78,33.78,7717,261360.9531
2013-06-14,2013-06-14,33.58,33.58,33.52,33.57,1908,64051.0391
2013-06-13,2013-06-13,33.19,33.53,33.19,33.5,1175,39108.75
2013-06-12,2013-06-12,33.82,33.83,33.59,33.59,997,33660.1719
2013-06-11,2013-06-11,33.43,33.61,33.38,33.61,4644,155241.2188
2013-06-10,2013-06-10,34.06,34.06,34.01,34.01,75,2554.5
2013-06-07,2013-06-07,33.65,34.02,33.58,34.02,41627,1401470.0
2013-06-06,2013-06-06,34.08,34.08,33.64,33.64,808,27477.8398
2013-06-05,2013-06-05,34.39,34.39,34.04,34.04,542,18639.0195
2013-06-04,2013-06-04,34.5,34.55,34.48,34.51,56223,1940369
2013-06-03,2013-06-03,34.26,34.68,34.26,34.41,285,9800.7002
2013-05-31,2013-05-31,34.8,34.8,34.68,34.68,17200.0,598560.0
2013-05-30,2013-05-30,35,35.06,34.97,34.97,67440.0,2361600.0
2013-05-29,2013-05-29,35.16,35.16,34.83,34.83,35,1230.6
2013-05-28,2013-05-28,35.46,35.46,35.46,35.46,0,0
2013-05-27,2013-05-27,35.07,35.11,35.07,35.11,4485,157291.7969
2013-05-24,2013-05-24,34.98,34.98,34.92,34.92,3740.0,130825.2031
2013-05-23,2013-05-23,35.18,35.18,35.04,35.04,10010.0,352016.8125
2013-05-22,2013-05-22,35.69,35.73,35.69,35.73,84,2997.96
2013-05-21,2013-05-21,35.61,35.61,35.61,35.61,0,0
2013-05-20,2013-05-20,35.57,35.63,35.52,35.63,100,3555.5
2013-05-17,2013-05-17,35.28,35.46,35.28,35.46,311,10972.0801
2013-05-16,2013-05-16,35.33,35.37,35.33,35.37,813,28723.2891
2013-05-15,2013-05-15,35.39,35.39,35.39,35.39,0,0
2013-05-14,2013-05-14,35.07,35.07,35.07,35.07,0,0
2013-05-13,2013-05-13,34.99,34.99,34.99,34.99,0,0
2013-05-10,2013-05-10,35.29,35.29,35.01,35.01,6106,213834.3438
2013-05-09,2013-05-09,34.93,34.93,34.93,34.93,0,0
2013-05-08,2013-05-08,34.89,34.89,34.89,34.89,0,0
2013-05-07,2013-05-07,34.67,34.67,34.55,34.63,13100.0,452617
2013-05-06,2013-05-06,34.56,34.56,34.53,34.53,528,18247.6797
2013-05-03,2013-05-03,34.52,34.52,34.52,34.52,0,0
2013-05-02,2013-05-02,34.01,34.18,34.01,34.18,552,18774.7793
2013-04-30,2013-04-30,34.11,34.11,34,34,5,170.55
2013-04-29,2013-04-29,34.05,34.05,34.05,34.05,0,0
2013-04-26,2013-04-26,33.81,33.81,33.81,33.81,0,0
2013-04-25,2013-04-25,33.66,33.93,33.66,33.93,14390.0,485000.8125
2013-04-24,2013-04-24,33.69,33.69,33.69,33.69,0,0
2013-04-23,2013-04-23,33.39,33.39,33.39,33.39,0,0
2013-04-22,2013-04-22,32.81,32.81,32.64,32.64,590,19357.9004
2013-04-19,2013-04-19,32.49,32.63,32.49,32.63,2161,70348.8906
2013-04-18,2013-04-18,32.34,32.46,32.34,32.46,2813,90972.4219
2013-04-17,2013-04-17,32.52,32.57,32.46,32.46,723,23541.9609
2013-04-16,2013-04-16,33.05,33.05,32.89,32.89,2250.0,74337.5
2013-04-15,2013-04-15,33.2,33.22,33.2,33.22,301,9993.2002
2013-04-12,2013-04-12,33.39,33.39,33.39,33.39,0,0
2013-04-11,2013-04-11,33.65,33.66,33.65,33.66,91,3062.1499
2013-04-10,2013-04-10,33.16,33.43,33.16,33.43,320,10611.2002
2013-04-09,2013-04-09,32.84,32.84,32.84,32.84,0,0
2013-04-08,2013-04-08,32.92,32.93,32.79,32.79,270,8889.5996
2013-04-05,2013-04-05,32.83,32.83,32.65,32.72,3360.0,109768.7969
2013-04-04,2013-04-04,33.63,33.64,33.25,33.25,5880.0,197468.2031
2013-04-03,2013-04-03,33.79,33.79,33.6,33.6,1095,37000.0508
2013-04-02,2013-04-02,33.59,33.91,33.59,33.91,1754,59071.7383
2013-03-28,2013-03-28,33.46,33.46,33.46,33.46,0,0
2013-03-27,2013-03-27,33.15,33.36,33.15,33.36,2000.0,66300.0
2013-03-26,2013-03-26,33.5,33.5,33.47,33.47,2,67
2013-03-25,2013-03-25,33.77,33.77,33.42,33.42,244,8237.7197
2013-03-22,2013-03-22,33.5,33.5,33.5,33.5,0,0
2013-03-21,2013-03-21,33.4,33.56,33.4,33.56,71,2371.3999
2013-03-20,2013-03-20,33.74,33.74,33.74,33.74,0,0
2013-03-19,2013-03-19,33.68,33.78,33.62,33.62,4265,143769.7969
2013-03-18,2013-03-18,33.79,33.79,33.79,33.79,0,0
2013-03-15,2013-03-15,33.85,33.85,33.78,33.78,3030.0,102475.5
2013-03-14,2013-03-14,33.96,33.96,33.96,33.96,0,0
2013-03-13,2013-03-13,33.58,33.58,33.57,33.57,200,6716
2013-03-12,2013-03-12,33.54,33.64,33.54,33.54,5130.0,172354.7969
2013-03-11,2013-03-11,33.54,33.57,33.54,33.57,3000.0,100620.5
2013-03-08,2013-03-08,33.56,33.56,33.56,33.56,0,0
2013-03-07,2013-03-07,33.34,33.34,33.33,33.33,226,7534.8398
2013-03-06,2013-03-06,33.45,33.45,33.31,33.31,3665,122479.25
2013-03-05,2013-03-05,33.36,33.36,33.36,33.36,0,0
2013-03-04,2013-03-04,32.8,32.8,32.8,32.8,0,0
2013-03-01,2013-03-01,32.76,32.83,32.58,32.83,283,9264.0596
2013-02-28,2013-02-28,32.95,32.95,32.95,32.95,0,0
2013-02-27,2013-02-27,32.45,32.63,32.41,32.63,56713,1839374.375
2013-02-26,2013-02-26,32.42,32.42,32.3,32.3,540,17506.8008
2013-02-25,2013-02-25,32.69,32.69,32.69,32.69,0,0
2013-02-22,2013-02-22,32.5,32.74,32.5,32.74,607,19833.8809
2013-02-21,2013-02-21,32.78,32.78,32.34,32.34,3080.0,99804.3984
2013-02-20,2013-02-20,32.86,32.86,32.78,32.78,230,7557.7998
2013-02-19,2013-02-19,32.87,32.87,32.85,32.85,2129,69980.2266
2013-02-18,2013-02-18,32.52,32.53,32.52,32.53,1156,37593.1211
2013-02-15,2013-02-15,32.57,32.57,32.57,32.57,0,0
2013-02-14,2013-02-14,32.73,32.73,32.68,32.68,450,14728.5
2013-02-13,2013-02-13,32.68,32.68,32.68,32.68,0,0
2013-02-12,2013-02-12,32.55,32.55,32.55,32.55,0,0
2013-02-11,2013-02-11,32.49,32.49,32.35,32.35,6000.0,194940.0
2013-02-08,2013-02-08,32.46,32.56,32.46,32.56,196,6362.1602
2013-02-07,2013-02-07,32.26,32.26,32.18,32.18,22700.0,731574
2013-02-06,2013-02-06,32.28,32.28,32.28,32.28,0,0
2013-02-05,2013-02-05,32.35,32.35,32.35,32.35,0,0
2013-02-04,2013-02-04,32.23,32.23,32.23,32.23,0,0
2013-02-01,2013-02-01,32.78,32.78,32.68,32.68,2392,78383.5703
2013-01-31,2013-01-31,32.64,32.64,32.64,32.64,0,0
2013-01-30,2013-01-30,32.9,32.9,32.8,32.8,670,22043
2013-01-29,2013-01-29,32.86,32.98,32.85,32.98,3042,99960.0703
2013-01-28,2013-01-28,32.85,32.85,32.85,32.85,0,0
2013-01-25,2013-01-25,32.89,32.9,32.83,32.89,3682,121099.6797
2013-01-24,2013-01-24,32.78,32.78,32.78,32.78,0,0
2013-01-23,2013-01-23,32.64,32.71,32.64,32.68,4200.0,137272
2013-01-22,2013-01-22,32.63,32.63,32.63,32.63,0,0
2013-01-21,2013-01-21,32.63,32.65,32.63,32.65,19,619.97
2013-01-18,2013-01-18,32.65,32.71,32.59,32.59,134,4374.7402
2013-01-17,2013-01-17,32.6,32.6,32.6,32.6,450,14670.0
2013-01-16,2013-01-16,32.34,32.45,32.34,32.45,690,22314.5996
2013-01-15,2013-01-15,32.44,32.44,32.44,32.44,0,0
2013-01-14,2013-01-14,32.66,32.66,32.44,32.44,332,10829.3203
2013-01-11,2013-01-11,32.51,32.56,32.51,32.56,230,7477.2998
2013-01-10,2013-01-10,32.59,32.59,32.59,32.59,0,0
2013-01-09,2013-01-09,32.56,32.66,32.56,32.66,533,17368.9707
2013-01-08,2013-01-08,32.46,32.519,32.45,32.45,460,14937.6201
2013-01-07,2013-01-07,32.61,32.61,32.49,32.49,3188,103955.0391
2013-01-04,2013-01-04,32.47,32.64,32.47,32.64,50,1623.5
2013-01-03,2013-01-03,32.53,32.53,32.53,32.53,0,0
2013-01-02,2013-01-02,32.18,32.41,32.16,32.41,16757,542874.375
2012-12-28,2012-12-28,31.69,31.69,31.69,31.69,0,0
2012-12-27,2012-12-27,31.81,31.9,31.81,31.81,334,10642.5801
2012-12-21,2012-12-21,31.75,31.84,31.75,31.84,3300.0,104775
2012-12-20,2012-12-20,31.91,31.99,31.91,31.99,3675,117272.8516
2012-12-19,2012-12-19,31.96,31.96,31.95,31.95,508,16231.2803
2012-12-18,2012-12-18,31.83,31.83,31.82,31.82,710,22598.6504
2012-12-17,2012-12-17,31.66,31.66,31.66,31.66,0,0
2012-12-14,2012-12-14,31.66,31.73,31.66,31.68,5162,163741.2656
2012-12-13,2012-12-13,31.71,31.74,31.71,31.74,1000.0,31710.0
2012-12-12,2012-12-12,31.87,31.89,31.84,31.86,5083,161981.8125
2012-12-11,2012-12-11,31.76,31.85,31.76,31.85,1584,50307.8398
2012-12-10,2012-12-10,31.62,31.71,31.52,31.71,1649,52046.4805
2012-12-07,2012-12-07,31.65,31.66,31.65,31.66,400,12660.0
2012-12-06,2012-12-06,31.6,31.65,31.6,31.65,1980.0,62568
2012-12-05,2012-12-05,31.41,31.41,31.41,31.41,0,0
2012-12-04,2012-12-04,31.44,31.44,31.34,31.34,610,19178.4004
2012-12-03,2012-12-03,31.42,31.42,31.32,31.32,300,9426
2012-11-30,2012-11-30,31.32,31.32,31.29,31.29,40,1252.8
2012-11-29,2012-11-29,31.35,31.35,31.35,31.35,0,0
2012-11-28,2012-11-28,30.99,30.99,30.99,30.99,0,0
2012-11-27,2012-11-27,30.97,30.97,30.97,30.97,0,0
2012-11-26,2012-11-26,30.86,30.86,30.86,30.86,0,0
2012-11-23,2012-11-23,30.83,31,30.83,31,300,9249
2012-11-22,2012-11-22,30.8,30.8,30.8,30.8,0,0
2012-11-21,2012-11-21,30.69,30.69,30.64,30.64,650,19948.5
2012-11-20,2012-11-20,30.57,30.57,30.57,30.57,0,0
2012-11-19,2012-11-19,30.46,30.46,30.46,30.46,0,0
2012-11-16,2012-11-16,29.95,29.95,29.83,29.83,588,17610.5996
2012-11-15,2012-11-15,30.18,30.18,30.11,30.11,2740.0,82693.2031
2012-11-14,2012-11-14,30.64,30.64,30.4,30.4,6725,205799.2656
2012-11-13,2012-11-13,30.45,30.66,30.45,30.66,15000.0,456750.0
2012-11-12,2012-11-12,30.62,30.62,30.58,30.58,326,9982.1201
2012-11-09,2012-11-09,30.6,30.6,30.6,30.6,0,0
2012-11-08,2012-11-08,30.85,30.85,30.64,30.64,75,2313.75
2012-11-07,2012-11-07,30.87,30.87,30.74,30.74,153000.0,4723110.0
2012-11-06,2012-11-06,31.09,31.11,31.09,31.11,120,3730.8
2012-11-05,2012-11-05,30.97,30.97,30.87,30.88,544,16827.6191
2012-11-02,2012-11-02,31.08,31.14,31.08,31.14,1225,38073
2012-11-01,2012-11-01,30.76,30.96,30.76,30.96,5170.0,159861.7031
2012-10-31,2012-10-31,30.92,30.92,30.58,30.58,1198,36811.3789
2012-10-30,2012-10-30,30.76,30.76,30.76,30.76,390,11996.4004
2012-10-29,2012-10-29,30.51,30.51,30.49,30.49,389,11868.3896
2012-10-26,2012-10-26,30.63,30.63,30.56,30.62,1351,41377.5586
2012-10-25,2012-10-25,30.66,30.66,30.56,30.56,500,15330.0
2012-10-24,2012-10-24,30.51,30.51,30.51,30.51,0,0
2012-10-23,2012-10-23,30.37,30.37,30.32,30.32,2400.0,72803
2012-10-22,2012-10-22,31.02,31.02,30.87,30.87,118,3660.3601
2012-10-19,2012-10-19,31.11,31.11,30.99,30.99,675,20957.5195
2012-10-18,2012-10-18,31.18,31.24,31.18,31.24,456,14219.2002
2012-10-17,2012-10-17,31.2,31.2,31.2,31.2,2660.0,82992
2012-10-16,2012-10-16,31.02,31.02,31.02,31.02,0,0
2012-10-15,2012-10-15,30.62,30.65,30.62,30.65,2312,70801.2422
2012-10-12,2012-10-12,30.63,30.63,30.49,30.49,395,12098.8496
2012-10-11,2012-10-11,30.63,30.63,30.63,30.63,0,0
2012-10-10,2012-10-10,30.46,30.46,30.41,30.41,37004,1127141.875
2012-10-09,2012-10-09,30.6,30.6,30.6,30.6,0,0
2012-10-08,2012-10-08,30.84,30.84,30.74,30.74,4725,145437
2012-10-05,2012-10-05,31.02,31.04,31,31.04,1379,42773
2012-10-04,2012-10-04,30.79,30.79,30.74,30.74,1760.0,54158.6016
2012-10-03,2012-10-03,30.75,30.75,30.75,30.75,0,0
2012-10-02,2012-10-02,30.99,30.99,30.74,30.74,6400.0,197973.5
2012-10-01,2012-10-01,30.65,30.84,30.65,30.84,5302,163033.0625
2012-09-28,2012-09-28,30.39,30.39,30.39,30.39,0,0
2012-09-27,2012-09-27,30.8,30.8,30.8,30.8,2600.0,80080.0
2012-09-26,2012-09-26,30.89,30.89,30.65,30.65,6474,198938.1563
2012-09-25,2012-09-25,31.19,31.26,31.18,31.24,11316,353335.5938
2012-09-24,2012-09-24,31.11,31.11,31.11,31.11,0,0
2012-09-21,2012-09-21,31.1,31.2,31.1,31.2,956,29731.5996
2012-09-20,2012-09-20,31.07,31.07,31.07,31.07,0,0
2012-09-19,2012-09-19,31.02,31.1,31.02,31.1,290,8995.7998
2012-09-18,2012-09-18,30.97,30.99,30.9,30.99,4865,150340.4531
2012-09-17,2012-09-17,31.08,31.08,31.08,31.08,0,0
2012-09-14,2012-09-14,31.17,31.19,31.16,31.16,39604,1235196.75
2012-09-13,2012-09-13,30.79,30.79,30.79,30.79,0,0
2012-09-12,2012-09-12,30.84,30.85,30.84,30.85,159,4903.5601
2012-09-11,2012-09-11,30.68,30.81,30.68,30.81,3939,120848.5234
2012-09-10,2012-09-10,30.69,30.69,30.69,30.69,0,0
2012-09-07,2012-09-07,30.82,30.82,30.76,30.76,1388,42778.1602
2012-09-06,2012-09-06,30.14,30.71,30.14,30.71,66,1989.24
2012-09-05,2012-09-05,30.01,30.01,30.01,30.01,0,0
2012-09-04,2012-09-04,30,30,30,30,0,0
2012-09-03,2012-09-03,30.35,30.35,30.35,30.35,0,0
2012-08-31,2012-08-31,30.1,30.1,30.1,30.1,0,0
2012-08-30,2012-08-30,29.97,29.97,29.97,29.97,0,0
2012-08-29,2012-08-29,30.23,30.23,30.23,30.23,0,0
2012-08-28,2012-08-28,30.23,30.24,30.23,30.24,331,10006.1299
2012-08-27,2012-08-27,30.53,30.53,30.53,30.53,0,0
2012-08-24,2012-08-24,30.31,30.31,30.31,30.31,0,0
2012-08-23,2012-08-23,30.28,30.28,30.28,30.28,0,0
2012-08-22,2012-08-22,30.45,30.45,30.45,30.45,0,0
2012-08-21,2012-08-21,30.83,30.83,30.83,30.83,0,0
2012-08-20,2012-08-20,30.74,30.74,30.74,30.74,0,0
2012-08-17,2012-08-17,30.84,30.91,30.84,30.91,100,3084
2012-08-16,2012-08-16,30.73,30.73,30.73,30.73,0,0
2012-08-15,2012-08-15,30.64,30.64,30.64,30.64,0,0
2012-08-14,2012-08-14,30.52,30.59,30.52,30.59,18000.0,549360.0
2012-08-13,2012-08-13,30.42,30.42,30.42,30.42,0,0
2012-08-10,2012-08-10,30.48,30.54,30.42,30.54,2659,80950.5
2012-08-09,2012-08-09,30.62,30.62,30.5,30.59,15802,482119.1563
2012-08-08,2012-08-08,30.32,30.47,30.32,30.47,1500.0,45480.0
2012-08-07,2012-08-07,30.24,30.33,30.24,30.33,15297,462654.4375
2012-08-06,2012-08-06,29.94,30.15,29.94,30.15,100,2994
2012-08-03,2012-08-03,29.99,29.99,29.99,29.99,0,0
2012-08-02,2012-08-02,29.31,29.31,29.31,29.31,0,0
2012-08-01,2012-08-01,29.67,29.67,29.67,29.67,0,0
2012-07-31,2012-07-31,29.54,29.54,29.54,29.54,0,0
2012-07-30,2012-07-30,29.76,29.76,29.76,29.76,0,0
2012-07-27,2012-07-27,29.06,29.33,29.06,29.33,4290.0,124667.3984
2012-07-26,2012-07-26,28.94,28.94,28.94,28.94,0,0
2012-07-25,2012-07-25,28.28,28.28,28.28,28.28,0,0
2012-07-24,2012-07-24,28.3,28.3,28.3,28.3,0,0
2012-07-23,2012-07-23,28.4,28.42,28.4,28.42,74,2101.6001
2012-07-20,2012-07-20,29.15,29.15,29.15,29.15,0,0
2012-07-19,2012-07-19,29.58,29.58,29.58,29.58,0,0
2012-07-18,2012-07-18,29.26,29.26,29.26,29.26,0,0
2012-07-17,2012-07-17,28.94,28.94,28.94,28.94,0,0
2012-07-16,2012-07-16,28.98,28.98,28.98,28.98,0,0
2012-07-13,2012-07-13,28.71,28.96,28.71,28.93,186,5365.0601
2012-07-12,2012-07-12,28.56,28.56,28.56,28.56,0,0
2012-07-11,2012-07-11,28.8,28.87,28.8,28.87,13309,383299.1875
2012-07-10,2012-07-10,28.87,28.87,28.87,28.87,0,0
2012-07-09,2012-07-09,28.54,28.6,28.54,28.6,157,4480.7798
2012-07-06,2012-07-06,28.78,28.78,28.72,28.72,100,2878
2012-07-05,2012-07-05,29.05,29.05,29.01,29.01,330,9586.5
2012-07-04,2012-07-04,29.03,29.03,29.03,29.03,0,0
2012-07-03,2012-07-03,29.03,29.03,29.03,29.03,0,0
2012-07-02,2012-07-02,28.64,28.75,28.64,28.75,18185,520818.4063
2012-06-29,2012-06-29,28.36,28.36,28.36,28.36,0,0
2012-06-28,2012-06-28,27.64,27.64,27.64,27.64,0,0
2012-06-27,2012-06-27,27.53,27.78,27.53,27.78,4533,124793.4922
2012-06-26,2012-06-26,27.39,27.39,27.39,27.39,60,1643.4
2012-06-25,2012-06-25,27.7,27.7,27.36,27.36,70,1939
2012-06-22,2012-06-22,27.8,27.85,27.79,27.79,1193,33219.25
2012-06-21,2012-06-21,27.98,27.98,27.98,27.98,0,0
2012-06-20,2012-06-20,28.06,28.14,28.06,28.14,168,4714.0801
2012-06-19,2012-06-19,28.01,28.01,28.01,28.01,0,0
2012-06-18,2012-06-18,27.57,27.57,27.57,27.57,0,0
2012-06-15,2012-06-15,27.58,27.58,27.54,27.54,700,19306
2012-06-14,2012-06-14,27.03,27.27,27.03,27.27,4,108.12
2012-06-13,2012-06-13,27.33,27.33,27.33,27.33,0,0
2012-06-12,2012-06-12,27.45,27.45,27.45,27.45,0,0
2012-06-11,2012-06-11,27.27,27.27,27.27,27.27,0,0
2012-06-08,2012-06-08,27.26,27.26,27.23,27.23,280,7632.7998
2012-06-07,2012-06-07,27.13,27.32,27.13,27.32,98,2660.78
2012-06-06,2012-06-06,26.84,27.04,26.84,27.04,200,5368
2012-06-05,2012-06-05,26.35,26.42,26.35,26.42,2118,55924.8008
2012-06-04,2012-06-04,26.35,26.35,26.35,26.35,0,0
2012-06-01,2012-06-01,26.47,26.47,26.47,26.47,0,0
2012-05-31,2012-05-31,26.84,26.92,26.84,26.92,38,1019.92
2012-05-30,2012-05-30,27.07,27.07,27.07,27.07,0,0
2012-05-29,2012-05-29,27.43,27.43,27.43,27.43,0,0
2012-05-28,2012-05-28,27.21,27.21,27.21,27.21,0,0
2012-05-25,2012-05-25,27.26,27.26,27.26,27.26,0,0
2012-05-24,2012-05-24,27.17,27.17,27.17,27.17,0,0
2012-05-23,2012-05-23,27.13,27.13,26.9,26.9,7660.0,207772.2031
2012-05-22,2012-05-22,27.48,27.48,27.48,27.48,0,0
2012-05-21,2012-05-21,26.95,26.98,26.95,26.98,92,2479.3999
2012-05-18,2012-05-18,26.78,26.78,26.78,26.78,0,0
2012-05-17,2012-05-17,27.15,27.15,27.02,27.02,1842,50010.3008
2012-05-16,2012-05-16,27.4,27.4,27.4,27.4,0,0
2012-05-15,2012-05-15,27.68,27.68,27.56,27.56,350,9688
2012-05-14,2012-05-14,27.72,27.72,27.72,27.72,0,0
2012-05-11,2012-05-11,27.97,28.22,27.97,28.22,758,21201.2598
2012-05-10,2012-05-10,28.09,28.09,28.09,28.09,0,0
2012-05-09,2012-05-09,27.68,27.96,27.68,27.96,98,2712.6399
2012-05-08,2012-05-08,28.02,28.02,28.02,28.02,0,0
2012-05-07,2012-05-07,28.55,28.55,28.55,28.55,0,0
2012-05-04,2012-05-04,28.56,28.56,28.25,28.25,610,17396.3008
2012-05-03,2012-05-03,28.7,28.7,28.7,28.7,0,0
2012-05-02,2012-05-02,28.7,28.7,28.7,28.7,0,0
2012-04-30,2012-04-30,28.66,28.66,28.66,28.66,0,0
2012-04-27,2012-04-27,28.8,28.86,28.8,28.86,142,4089.6001
2012-04-26,2012-04-26,28.64,28.64,28.64,28.64,0,0
2012-04-25,2012-04-25,28.6,28.6,28.57,28.57,1347,38524.1992
2012-04-24,2012-04-24,28.17,28.26,28.17,28.26,27,760.59
2012-04-23,2012-04-23,28.48,28.48,28.48,28.48,7020.0,199929
2012-04-20,2012-04-20,28.63,28.63,28.63,28.63,0,0
2012-04-19,2012-04-19,28.48,28.48,28.48,28.48,0,0
2012-04-18,2012-04-18,28.69,28.69,28.6,28.6,482,13828.5801
2012-04-17,2012-04-17,28.79,28.79,28.79,28.79,0,0
2012-04-16,2012-04-16,28.2,28.2,28.2,28.2,0,0
2012-04-12,2012-04-12,28.19,28.49,28.19,28.49,65,1832.35
2012-04-11,2012-04-11,28.24,28.29,28.21,28.21,2560.0,72315.2031
2012-04-10,2012-04-10,28.38,28.38,28.38,28.38,305,8655.9004
2012-04-05,2012-04-05,28.69,28.69,28.69,28.69,0,0
2012-04-04,2012-04-04,28.66,28.66,28.66,28.66,0,0
2012-04-03,2012-04-03,29.5,29.5,29.28,29.28,368,10856
2012-04-02,2012-04-02,29.28,29.56,29.1,29.56,19835,577615.1875
2012-03-30,2012-03-30,29.1,29.14,29.1,29.14,349,10155.9004
2012-03-29,2012-03-29,28.87,28.87,28.87,28.87,0,0
2012-03-28,2012-03-28,29.41,29.41,29.2,29.2,18502,544143.8125
2012-03-27,2012-03-27,29.51,29.51,29.51,29.51,0,0
2012-03-26,2012-03-26,29.68,29.68,29.68,29.68,0,0
2012-03-23,2012-03-23,29.33,29.38,29.33,29.38,6800.0,199444
2012-03-22,2012-03-22,29.41,29.41,29.41,29.41,0,0
2012-03-21,2012-03-21,29.74,29.74,29.74,29.74,0,0
2012-03-20,2012-03-20,29.81,29.82,29.77,29.77,2215,66037.8984
2012-03-19,2012-03-19,30.12,30.12,30.12,30.12,0,0
2012-03-16,2012-03-16,30.14,30.14,30.14,30.14,0,0
2012-03-15,2012-03-15,30.01,30.01,30.01,30.01,0,0
2012-03-14,2012-03-14,29.91,29.91,29.91,29.91,0,0
2012-03-13,2012-03-13,29.809999,29.809999,29.809999,29.809999,0,0
2012-03-12,2012-03-12,29.299999,29.299999,29.299999,29.299999,0,0
2012-03-09,2012-03-09,29.379999,29.379999,29.379999,29.379999,0,0
2012-03-08,2012-03-08,29.25,29.25,29.25,29.25,0,0
2012-03-07,2012-03-07,28.67,28.780001,28.67,28.780001,71,2035.5699
2012-03-06,2012-03-06,28.58,28.58,28.58,28.58,0,0
2012-03-05,2012-03-05,29.34,29.34,29.34,29.34,169,4958.46
2012-03-02,2012-03-02,29.639999,29.639999,29.540001,29.540001,135,4001.3999
2012-03-01,2012-03-01,29.469999,29.530001,29.469999,29.530001,18864,555932.75
2012-02-29,2012-02-29,29.209999,29.209999,29.209999,29.209999,0,0
2012-02-28,2012-02-28,29.23,29.23,29.23,29.23,0,0
2012-02-27,2012-02-27,29.17,29.17,29.17,29.17,0,0
2012-02-24,2012-02-24,29.26,29.26,29.26,29.26,0,0
2012-02-23,2012-02-23,29.23,29.23,29.17,29.17,163,4764.4902
2012-02-22,2012-02-22,29.200001,29.200001,29.200001,29.200001,0,0
2012-02-21,2012-02-21,29.469999,29.469999,29.440001,29.440001,2023,59617.8086
2012-02-20,2012-02-20,29.6,29.6,29.6,29.6,0,0
2012-02-17,2012-02-17,29.379999,29.379999,29.379999,29.379999,0,0
2012-02-16,2012-02-16,29.24,29.24,29.24,29.24,0,0
2012-02-15,2012-02-15,29.17,29.17,29.17,29.17,0,0
2012-02-14,2012-02-14,29.08,29.08,28.969999,28.969999,310,9012.04
2012-02-13,2012-02-13,28.92,28.92,28.92,28.92,0,0
2012-02-10,2012-02-10,28.84,28.84,28.84,28.84,0,0
2012-02-09,2012-02-09,29.1,29.1,29.1,29.1,0,0
2012-02-08,2012-02-08,29.190001,29.190001,29.02,29.02,271,7901.46
2012-02-07,2012-02-07,29.049999,29.049999,28.93,28.93,10649,308625.5313
2012-02-06,2012-02-06,29.129999,29.129999,29.129999,29.129999,0,0
2012-02-03,2012-02-03,29.129999,29.17,29.129999,29.16,1287,37538.7891
2012-02-02,2012-02-02,28.719999,28.719999,28.719999,28.719999,0,0
2012-02-01,2012-02-01,28.299999,28.629999,28.299999,28.629999,181,5122.2998
2012-01-31,2012-01-31,28.110001,28.110001,28.110001,28.110001,0,0
2012-01-30,2012-01-30,27.91,27.91,27.91,27.91,0,0
2012-01-27,2012-01-27,28.16,28.16,28.16,28.16,0,0
2012-01-26,2012-01-26,28.48,28.48,28.48,28.48,0,0
2012-01-25,2012-01-25,28.16,28.16,28.16,28.16,0,0
2012-01-24,2012-01-24,28.25,28.25,28.25,28.25,0,0
2012-01-23,2012-01-23,28.32,28.35,28.32,28.35,1159,32822.8789
2012-01-20,2012-01-20,28.24,28.24,28.24,28.24,0,0
2012-01-19,2012-01-19,28.299999,28.299999,28.299999,28.299999,0,0
2012-01-18,2012-01-18,27.969999,27.969999,27.969999,27.969999,0,0
2012-01-17,2012-01-17,27.959999,27.959999,27.959999,27.959999,0,0
2012-01-16,2012-01-16,27.620001,27.719999,27.620001,27.719999,290,8009.7998
2012-01-13,2012-01-13,27.530001,27.610001,27.52,27.52,2303,63585.8281
2012-01-12,2012-01-12,27.530001,27.530001,27.530001,27.530001,0,0
2012-01-11,2012-01-11,27.540001,27.6,27.540001,27.6,36,991.44
2012-01-10,2012-01-10,27.75,27.75,27.709999,27.709999,1802,50005.5
2012-01-09,2012-01-09,27.219999,27.219999,27.219999,27.219999,0,0
2012-01-06,2012-01-06,27.34,27.34,27.34,27.34,0,0
2012-01-05,2012-01-05,27.35,27.35,27.35,27.35,0,0
2012-01-04,2012-01-04,27.610001,27.66,27.610001,27.610001,202,5587.3198
2012-01-03,2012-01-03,27.459999,27.719999,27.459999,27.719999,1407,38630.5703
2012-01-02,2012-01-02,27.57,27.57,27.57,27.57,0,0
2011-12-29,2011-12-29,26.799999,26.799999,26.799999,26.799999,0,0
2011-12-28,2011-12-28,26.530001,26.530001,26.530001,26.530001,0,0
2011-12-23,2011-12-23,26.719999,26.719999,26.719999,26.719999,0,0
2011-12-22,2011-12-22,26.530001,26.530001,26.530001,26.530001,0,0
2011-12-21,2011-12-21,26.219999,26.25,26.219999,26.219999,620,16275
2011-12-20,2011-12-20,26.34,26.34,26.34,26.34,0,0
2011-12-19,2011-12-19,25.83,25.83,25.83,25.83,0,0
2011-12-16,2011-12-16,25.82,25.82,25.82,25.82,0,0
2011-12-15,2011-12-15,25.940001,25.940001,25.940001,25.940001,0,0
2011-12-14,2011-12-14,25.68,25.68,25.68,25.68,0,0
2011-12-13,2011-12-13,26.24,26.24,26.24,26.24,65,1710.8
2011-12-12,2011-12-12,26.09,26.09,26.09,26.09,0,0
2011-12-09,2011-12-09,26.549999,26.549999,26.549999,26.549999,0,0
2011-12-08,2011-12-08,26.24,26.24,26.24,26.24,0,0
2011-12-07,2011-12-07,26.57,26.57,26.51,26.51,8007,212745.5625
2011-12-06,2011-12-06,26.65,26.65,26.65,26.65,0,0
2011-12-05,2011-12-05,26.799999,26.799999,26.73,26.799999,74008,2974751.5
2011-12-02,2011-12-02,26.540001,26.540001,26.540001,26.540001,0,0
2011-12-01,2011-12-01,26.280001,26.280001,26.280001,26.280001,80,2112.8
2011-11-30,2011-11-30,26.48,26.48,26.48,26.48,0,0
2011-11-29,2011-11-29,25.389999,25.389999,25.389999,25.389999,965,24501.3496
2011-11-28,2011-11-28,25.34,25.34,25.34,25.34,0,0
2011-11-25,2011-11-25,24.34,24.34,24.34,24.34,222,5388.4502
2011-11-24,2011-11-24,24.540001,24.540001,24.540001,24.540001,110,3313.8999
2011-11-23,2011-11-23,24.610001,24.610001,24.610001,24.610001,1021,24963.4492
2011-11-22,2011-11-22,24.76,24.76,24.76,24.76,0,0
2011-11-21,2011-11-21,25,25,25,25,77,1925
2011-11-18,2011-11-18,25.709999,25.709999,25.48,25.48,498,12803.5801
2011-11-17,2011-11-17,25.780001,25.780001,25.780001,25.780001,0,0
2011-11-16,2011-11-16,26.059999,26.139999,26.059999,26.139999,1029,26815.7402
2011-11-15,2011-11-15,26.09,26.09,26.09,26.09,0,0
2011-11-14,2011-11-14,26.25,26.25,26.25,26.25,1370.0,35962.5
2011-11-11,2011-11-11,26.110001,26.5,26.110001,26.110001,55,4906.3301
2011-11-10,2011-11-10,25.950001,25.950001,25.950001,25.950001,0,0
2011-11-09,2011-11-09,26.049,26.049,26.01,26.02,569,14801.8398
2011-11-08,2011-11-08,26.469999,26.469999,26.469999,26.469999,0,0
2011-11-07,2011-11-07,26.35,26.35,26.25,26.25,77,2028.95
2011-11-03,2011-11-03,26.4,26.6,26.4,26.4,150,3960.0
2011-11-02,2011-11-02,25.860001,26.110001,25.860001,26.110001,453,11714.5801
2011-11-01,2011-11-01,25.84,25.870001,25.84,25.870001,97,2506.48
2011-10-31,2011-10-31,26.76,26.76,26.76,26.76,22,597.96
2011-10-28,2011-10-28,27.360001,27.360001,27.33,27.360001,600,16398
2011-10-27,2011-10-27,27.41,27.41,27.41,27.41,0,0
2011-10-26,2011-10-26,26.42,26.450001,26.42,26.450001,1308,34557.3594
2011-10-25,2011-10-25,26.58,26.639999,26.58,26.639999,2247,59750.5781
2011-10-24,2011-10-24,26.559999,26.559999,26.559999,26.559999,0,0
2011-10-21,2011-10-21,26.280001,26.280001,26.280001,26.280001,0,0
2011-10-20,2011-10-20,25.700001,25.700001,25.700001,25.700001,140,3621.8
2011-10-19,2011-10-19,25.940001,26.059999,25.940001,26.059999,118,3060.9199
2011-10-18,2011-10-18,25.98,25.98,25.98,25.98,0,0
2011-10-17,2011-10-17,25.98,25.98,25.98,25.98,456,11951.7598
2011-10-14,2011-10-14,26.41,26.41,26.41,26.41,500,13205
2011-10-13,2011-10-13,26.040001,26.040001,26.040001,26.040001,10,260
2011-10-12,2011-10-12,26.139999,26.16,25.84,25.84,1171,30628
2011-10-11,2011-10-11,26.1,26.1,26.1,26.1,0,0
2011-10-10,2011-10-10,25.889999,25.889999,25.889999,25.889999,1920.0,49766.3984
2011-10-07,2011-10-07,25.530001,25.530001,25.49,25.49,18502,472356.0625
2011-10-06,2011-10-06,25.290001,25.290001,25.290001,25.290001,0,0
2011-10-05,2011-10-05,24.610001,24.610001,24.610001,24.610001,0,0
2011-10-04,2011-10-04,23.860001,23.860001,23.860001,23.860001,0,0
2011-09-30,2011-09-30,24.700001,24.700001,24.700001,24.700001,3347,82670.8984
2011-09-28,2011-09-28,24.98,24.98,24.98,24.98,241,6034.6401
2011-09-27,2011-09-27,25.09,25.09,25.09,25.09,78,1957.02
2011-09-22,2011-09-22,23.549999,23.58,23.549999,23.58,452,10644.5996
2011-09-19,2011-09-19,24.92,24.92,24.66,24.66,100,2492
2011-09-16,2011-09-16,25.23,25.23,25.23,25.23,0,0
2011-09-15,2011-09-15,25.15,25.15,25.07,25.07,306,7695.8999
2011-09-14,2011-09-14,24.549999,24.549999,24.549999,24.549999,0,0
2011-09-13,2011-09-13,24.15,24.219999,24.15,24.219999,1184,28593.5996
2011-09-12,2011-09-12,24.139999,24.139999,24,24,2580.0,62281.1992
2011-09-09,2011-09-09,24.940001,24.940001,24.940001,24.940001,10,249.4
2011-09-07,2011-09-07,24.790001,24.790001,24.790001,24.790001,1270.0,31483
2011-09-06,2011-09-06,24.08,24.309999,24.08,24.309999,9559,230203
2011-09-02,2011-09-02,25.5,25.5,25.5,25.5,0,0
2011-08-30,2011-08-30,25.23,25.23,25.23,25.23,17060.0,430423.8125
2011-08-23,2011-08-23,24.809999,24.809999,24.809999,24.809999,0,0
2011-08-22,2011-08-22,24.629999,24.629999,24.629999,24.629999,273,6723.9902
2011-08-17,2011-08-17,26.059999,26.059999,26.059999,26.059999,0,0
2011-08-16,2011-08-16,25.99,25.99,25.99,25.99,0,0
2011-08-12,2011-08-12,25.83,26,25.83,26,2100.0,54243
2011-08-11,2011-08-11,24.09,24.09,24.08,24.08,6001,144504.0938
2011-08-10,2011-08-10,25.679001,25.679001,25.27,25.27,35327,901451
2011-08-09,2011-08-09,25.389999,25.41,25.08,25.41,3738,93820.3438
2011-08-05,2011-08-05,26.040001,26.200001,26.040001,26.200001,2120.0,55369.6016
2011-08-04,2011-08-04,27.280001,27.360001,27.280001,27.360001,3725,101770.0
2011-08-03,2011-08-03,27.809999,27.93,27.809999,27.93,3380.0,94040.0
2011-08-02,2011-08-02,28.4,28.4,28.35,28.35,240,6809
2011-08-01,2011-08-01,28.700001,28.700001,28.700001,28.700001,18502,531007.375
2011-07-29,2011-07-29,29,29,29,29,0,0
2011-07-28,2011-07-28,29.200001,29.200001,29.200001,29.200001,0,0
2011-07-27,2011-07-27,29.5,29.5,29.190001,29.190001,0,0
2011-07-26,2011-07-26,29.620001,29.620001,29.5,29.5,0,0
2011-07-25,2011-07-25,29.67,29.67,29.620001,29.620001,25502,756644.3125
2011-07-22,2011-07-22,29.639999,29.74,29.639999,29.74,18092,536246
2011-07-19,2011-07-19,28.860001,28.860001,28.860001,28.860001,0,0
2011-07-18,2011-07-18,29.09,29.09,28.610001,28.610001,18688,542312
2011-07-15,2011-07-15,29.17,29.17,29.139999,29.139999,306,8926
2011-07-14,2011-07-14,29.209999,29.209999,29.209999,29.209999,0,0
2011-07-13,2011-07-13,29.41,29.48,29.299999,29.48,1460.0,42877
2011-07-12,2011-07-12,29.280001,29.280001,29.280001,29.280001,0,0
2011-07-08,2011-07-08,29.9,29.9,29.9,29.9,0,0
2011-07-07,2011-07-07,30.08,30.08,30.08,30.08,0,0
2011-07-06,2011-07-06,29.940001,30.02,29.940001,30.02,15175,454439.008
2011-07-04,2011-07-04,30.01,30.01,30.01,30.01,45,4.5015E7
2011-07-01,2011-07-01,29.790001,29.99,29.790001,29.99,1195,1.19501E9
2011-06-30,2011-06-30,29.76,29.76,29.76,29.76,0,0
2011-06-29,2011-06-29,29.379999,29.4,29.379999,29.389999,28,2.8209E7
2011-06-28,2011-06-28,28.93,28.93,28.93,28.93,0,0
2011-06-27,2011-06-27,28.84,28.84,28.76,28.76,50,5.0873E7
2011-06-24,2011-06-24,28.780001,28.780001,28.780001,28.780001,0,0
2011-06-22,2011-06-22,29.280001,29.280001,29.25,29.25,14,1.464E7
2011-06-21,2011-06-21,29.25,29.379999,29.219999,29.379999,60,6.001E7
2011-06-20,2011-06-20,28.969999,28.969999,28.969999,28.969999,0,0
2011-06-17,2011-06-17,28.85,29.18,28.85,29.18,866,8.66703E8
2011-06-16,2011-06-16,29.059999,29.059999,29.059999,29.059999,0,0
2011-06-15,2011-06-15,29.200001,29.200001,29.200001,29.200001,0,0
2011-06-14,2011-06-14,29.530001,29.530001,29.530001,29.530001,0,0
2011-06-13,2011-06-13,29.27,29.27,29.27,29.27,0,0
2011-06-10,2011-06-10,29.23,29.23,29.23,29.23,0,0
2011-06-09,2011-06-09,29.610001,29.610001,29.610001,29.610001,0,0
2011-06-08,2011-06-08,29.32,29.32,29.32,29.32,0,0
2011-06-07,2011-06-07,29.59,29.59,29.59,29.59,0,0
2011-06-06,2011-06-06,29.620001,29.620001,29.620001,29.620001,0,0
2011-06-03,2011-06-03,29.9,29.9,29.66,29.790001,296,2.9684E8
2011-06-01,2011-06-01,30.610001,30.610001,30.33,30.33,15,1.5305E7
2011-05-27,2011-05-27,30.360001,30.360001,30.360001,30.360001,0,0
2011-05-26,2011-05-26,30.17,30.17,30.17,30.17,0,0
2011-05-25,2011-05-25,30.17,30.17,30.17,30.17,0,0
2011-05-24,2011-05-24,29.940001,29.940001,29.940001,29.940001,0,0
2011-05-23,2011-05-23,30,30,29.870001,29.870001,22,2.262E7
2011-05-20,2011-05-20,30.540001,30.540001,30.4,30.4,20,2.0767E7
2011-05-19,2011-05-19,30.34,30.440001,30.34,30.42,243,2.43425E8
2011-05-18,2011-05-18,30.200001,30.200001,30.200001,30.200001,0,0
2011-05-17,2011-05-17,30.1,30.1,30.1,30.1,0,0
2011-05-16,2011-05-16,30.389999,30.389999,30.389999,30.389999,0,0
2011-05-12,2011-05-12,30.530001,30.530001,30.530001,30.530001,0,0
2011-05-11,2011-05-11,30.73,30.73,30.73,30.73,0,0
2011-05-10,2011-05-10,30.379999,30.620001,30.379999,30.620001,15,1.519E7
2011-05-09,2011-05-09,30.34,30.370001,30.290001,30.370001,53,5.303E7
2011-05-05,2011-05-05,30.07,30.07,30.07,30.07,0,0
2011-05-03,2011-05-03,30.459999,30.549999,30.459999,30.549999,487,4.87329E8
2011-05-02,2011-05-02,30.700001,30.700001,30.700001,30.700001,0,0
2011-04-29,2011-04-29,30.639999,30.639999,30.639999,30.639999,0,0
2011-04-28,2011-04-28,30.48,30.530001,30.48,30.530001,72,7.2694E7
2011-04-27,2011-04-27,30.42,30.42,30.42,30.42,0,0
2011-04-26,2011-04-26,30.27,30.35,30.27,30.35,756,7.5675E8
2011-04-21,2011-04-21,30.23,30.23,30.23,30.23,0,0
2011-04-19,2011-04-19,29.559999,29.559999,29.559999,29.559999,0,0
2011-04-15,2011-04-15,29.91,29.91,29.889999,29.91,34,3.4385E7
2011-04-14,2011-04-14,29.809999,29.809999,29.809999,29.809999,0,0
2011-04-13,2011-04-13,29.9,29.959999,29.9,29.959999,926,9.269E8
2011-04-11,2011-04-11,30.24,30.24,30.24,30.24,0,0
2011-04-08,2011-04-08,30.309999,30.309999,30.309999,30.309999,0,0
2011-04-07,2011-04-07,30.200001,30.200001,30.200001,30.200001,0,0
2011-04-06,2011-04-06,30.280001,30.280001,30.280001,30.280001,0,0
2011-04-05,2011-04-05,30.209999,30.209999,30.209999,30.209999,0,0
2011-04-04,2011-04-04,30.120001,30.120001,30.120001,30.120001,0,0
2011-04-01,2011-04-01,30.110001,30.110001,30.110001,30.110001,0,0
2011-03-31,2011-03-31,30.059999,30.059999,30.059999,30.059999,17,511000.0
2011-03-30,2011-03-30,29.940001,29.940001,29.940001,29.940001,0,0
2011-03-29,2011-03-29,29.68,29.719999,29.68,29.719999,103,1.0388E8
2011-03-28,2011-03-28,29.690001,29.690001,29.690001,29.690001,0,0
2011-03-25,2011-03-25,29.74,29.74,29.74,29.74,0,0
2011-03-24,2011-03-24,29.389999,29.620001,29.389999,29.620001,19,1.9985E7
2011-03-23,2011-03-23,29.35,29.35,29.35,29.35,0,0
2011-03-22,2011-03-22,29.200001,29.200001,29.200001,29.200001,0,0
2011-03-18,2011-03-18,28.74,28.74,28.74,28.74,0,0
2011-03-17,2011-03-17,28.68,28.68,28.68,28.68,0,0
2011-03-16,2011-03-16,28.76,28.76,28.76,28.76,4,4314000.0
2011-03-14,2011-03-14,29.32,29.32,29.23,29.23,17,1.7592E7
2011-03-11,2011-03-11,29.58,29.58,29.58,29.58,0,0
2011-03-10,2011-03-10,29.780001,29.870001,29.780001,29.870001,446,4.467E8
2011-03-09,2011-03-09,30.129999,30.129999,30.129999,30.129999,0,0
2011-03-08,2011-03-08,30.17,30.17,30.17,30.17,0,0
2011-03-07,2011-03-07,30.08,30.08,30.08,30.08,0,0
2011-03-04,2011-03-04,30.200001,30.200001,30.200001,30.200001,0,0
2011-03-03,2011-03-03,30.280001,30.559999,30.280001,30.370001,33,3.3476E7
2011-03-02,2011-03-02,30.42,30.42,30.33,30.33,2,2464000.0
2011-03-01,2011-03-01,30.559999,30.559999,30.559999,30.559999,0,0
2011-02-28,2011-02-28,30.709999,30.709999,30.709999,30.709999,0,0
2011-02-25,2011-02-25,30.49,30.49,30.49,30.49,0,0
2011-02-24,2011-02-24,30.120001,30.120001,30.120001,30.120001,0,0
2011-02-23,2011-02-23,30.379999,30.379999,30.280001,30.280001,5,5012000.0
2011-02-22,2011-02-22,30.57,30.57,30.57,30.57,0,0
2011-02-21,2011-02-21,30.799999,30.799999,30.799999,30.799999,0,0
2011-02-18,2011-02-18,31.209999,31.209999,31.209999,31.209999,0,0
2011-02-17,2011-02-17,31.18,31.18,31.18,31.18,0,0
2011-02-16,2011-02-16,31.15,31.15,31.15,31.15,0,0
2011-02-15,2011-02-15,30.99,31.01,30.99,31.01,2000.0,6.199E7
2011-02-14,2011-02-14,30.959999,30.959999,30.959999,30.959999,0,0
2011-02-11,2011-02-11,30.82,30.82,30.82,30.82,0,0
2011-02-10,2011-02-10,30.73,30.73,30.73,30.73,0,0
2011-02-09,2011-02-09,30.76,30.76,30.76,30.76,0,0
2011-02-08,2011-02-08,30.9,30.9,30.9,30.9,0,0
2011-02-07,2011-02-07,30.91,30.91,30.91,30.91,0,0
2011-02-04,2011-02-04,30.620001,30.620001,30.620001,30.620001,0,0
2011-02-03,2011-02-03,30.530001,30.540001,30.530001,30.540001,10,305300.0
2011-02-02,2011-02-02,30.450001,30.450001,30.450001,30.450001,0,0
2011-01-31,2011-01-31,29.98,29.98,29.98,29.98,0,0
2011-01-28,2011-01-28,29.969999,29.969999,29.969999,29.969999,0,0
2011-01-27,2011-01-27,30.280001,30.280001,30.280001,30.280001,0,0
2011-01-26,2011-01-26,30.24,30.24,30.24,30.24,1000.0,0
2011-01-25,2011-01-25,30,30,30,30,0,0
2011-01-24,2011-01-24,30.209999,30.209999,30.209999,30.209999,0,0
2011-01-21,2011-01-21,30.129999,30.129999,30.129999,30.129999,0,0
2011-01-20,2011-01-20,29.940001,29.940001,29.940001,29.940001,0,0
2011-01-19,2011-01-19,30.299999,30.299999,30.299999,30.299999,0,0
2011-01-18,2011-01-18,30.690001,30.690001,30.690001,30.690001,0,0
2011-01-17,2011-01-17,30.469999,30.469999,30.469999,30.469999,394,1.20052E7
2011-01-14,2011-01-14,30.379999,30.379999,30.379999,30.379999,0,0
2011-01-13,2011-01-13,30.629999,30.629999,30.4,30.4,300,9189000.0
2011-01-12,2011-01-12,30.610001,30.610001,30.610001,30.610001,0,0
2011-01-11,2011-01-11,30.17,30.17,30.17,30.17,0,0
2011-01-10,2011-01-10,29.82,29.82,29.82,29.82,0,0
2011-01-07,2011-01-07,30.07,30.200001,30.07,30.07,330,0
2011-01-06,2011-01-06,30.129999,30.17,30.129999,30.17,300,9039000.0
2011-01-05,2011-01-05,30.040001,30.040001,30.040001,30.040001,0,0
2011-01-04,2011-01-04,29.969999,29.969999,29.969999,29.969999,0,0
2011-01-03,2011-01-03,29.959999,29.959999,29.959999,29.959999,0,0
2010-12-30,2010-12-30,29.870001,29.870001,29.780001,29.780001,2800.0,8.3609E7
2010-12-29,2010-12-29,30.01,30.01,30.01,30.01,0,0
2010-12-28,2010-12-28,29.870001,29.870001,29.870001,29.870001,84,2509080.0
2010-12-27,2010-12-27,30.040001,30.040001,29,30.040001,433,1.28923E7
2010-12-23,2010-12-23,30.09,30.09,30.09,30.09,0,0
2010-12-22,2010-12-22,30.08,30.08,30.08,30.08,0,0
2010-12-21,2010-12-21,30.09,30.09,30.09,30.09,0,0
2010-12-20,2010-12-20,29.860001,29.860001,29.75,29.75,1172,3.49959E7
2010-12-17,2010-12-17,29.549999,29.549999,29.549999,29.549999,0,0
2010-12-16,2010-12-16,29.709999,29.709999,29.709999,29.709999,0,0
2010-12-15,2010-12-15,29.59,29.59,29.59,29.59,0,0
2010-12-14,2010-12-14,29.73,29.73,29.73,29.73,0,0
2010-12-13,2010-12-13,29.66,29.66,29.66,29.66,0,0
2010-12-10,2010-12-10,29.530001,29.59,29.530001,29.530001,100,0
2010-12-09,2010-12-09,29.51,29.51,29.51,29.51,0,0
2010-12-07,2010-12-07,29.32,29.32,29.32,29.32,0,0
2010-12-06,2010-12-06,29.030001,29.030001,29.030001,29.030001,0,0
2010-12-03,2010-12-03,28.98,28.98,28.98,28.98,0,0
2010-11-30,2010-11-30,28.059999,28.059999,28.030001,28.030001,150,4209000.0
2010-11-29,2010-11-29,28.719999,28.719999,28.719999,28.719999,1000.0,2.872E7
2010-11-26,2010-11-26,28.52,28.52,28.52,28.52,0,0
2010-11-25,2010-11-25,28.67,28.67,28.67,28.67,0,0
2010-11-24,2010-11-24,28.549999,28.549999,28.549999,28.549999,0,0
2010-11-23,2010-11-23,28.219999,28.219999,28.219999,28.219999,0,0
2010-11-22,2010-11-22,28.65,28.65,28.65,28.65,0,0
2010-11-19,2010-11-19,28.889999,28.889999,28.889999,28.889999,0,0
2010-11-18,2010-11-18,29.030001,29.030001,29.030001,29.030001,0,0
2010-11-17,2010-11-17,28.639999,28.639999,28.639999,28.639999,0,0
2010-11-15,2010-11-15,29.16,29.16,29.16,29.16,0,0
2010-11-12,2010-11-12,28.92,28.92,28.92,28.92,0,0
2010-11-10,2010-11-10,29.059999,29.059999,29.059999,29.059999,0,0
2010-11-09,2010-11-09,29.23,29.23,29.23,29.23,0,0
2010-11-08,2010-11-08,29.059999,29.059999,29.059999,29.059999,0,0
2010-11-05,2010-11-05,28.93,29.07,28.93,29.07,104,3008720.0
2010-11-03,2010-11-03,28.51,28.620001,28.51,28.51,1715,0
2010-11-02,2010-11-02,28.6,28.6,28.6,28.6,0,0
2010-11-01,2010-11-01,28.450001,28.450001,28.450001,28.450001,0,0
2010-10-29,2010-10-29,28.370001,28.370001,28.370001,28.370001,0,0
2010-10-28,2010-10-28,28.379999,28.379999,28.379999,28.379999,0,0
2010-10-27,2010-10-27,28.559999,28.559999,28.27,28.27,3950.0,1.12812E8
2010-10-26,2010-10-26,28.5,28.5,28.5,28.5,0,0
2010-10-25,2010-10-25,28.59,28.59,28.530001,28.530001,8500.0,2.43015E8
2010-10-22,2010-10-22,28.48,28.48,28.48,28.48,0,0
2010-10-21,2010-10-21,28.57,28.57,28.57,28.57,0,0
2010-10-20,2010-10-20,28.43,28.43,28.43,28.43,0,0
2010-10-19,2010-10-19,28.33,28.33,28.33,28.33,0,0
2010-10-18,2010-10-18,28.469999,28.469999,28.469999,28.469999,0,0
2010-10-15,2010-10-15,28.370001,28.43,28.370001,28.43,136,3858320.0
2010-10-14,2010-10-14,28.360001,28.360001,28.360001,28.360001,0,0
2010-10-13,2010-10-13,28.43,28.43,28.43,28.43,0,0
2010-10-12,2010-10-12,28.01,28.01,28.01,28.01,0,0
2010-10-11,2010-10-11,28.1,28.1,28.1,28.1,0,0
2010-10-08,2010-10-08,27.99,27.99,27.99,27.99,0,0
2010-10-07,2010-10-07,28,28,28,28,650,0
2010-10-06,2010-10-06,28.02,28.02,28.02,28.02,0,0
2010-10-04,2010-10-04,27.530001,27.530001,27.48,27.48,1000.0,2.753E7
2010-10-01,2010-10-01,27.709999,27.709999,27.709999,27.709999,0,0
2010-09-30,2010-09-30,27.68,28.08,27.68,27.68,10,0
2010-09-29,2010-09-29,27.860001,27.860001,27.860001,27.860001,0,0
2010-09-28,2010-09-28,27.799999,28.02,27.799999,28.02,111,3085800.0
2010-09-27,2010-09-27,28.030001,28.030001,28.030001,28.030001,0,0
2010-09-24,2010-09-24,28.139999,28.139999,28.139999,28.139999,0,0
2010-09-23,2010-09-23,27.620001,27.620001,27.620001,27.620001,3000.0,8.286E7
2010-09-22,2010-09-22,27.84,27.84,27.84,27.84,0,0
2010-09-21,2010-09-21,28.26,28.26,28.26,28.26,1000.0,2.826E7
2010-09-20,2010-09-20,28.4,28.4,28.4,28.4,0,0
2010-09-17,2010-09-17,28.18,28.18,27.969999,27.969999,2500.0,7.045E7
2010-09-16,2010-09-16,28.110001,28.110001,28.110001,28.110001,0,0
2010-09-15,2010-09-15,28.34,28.34,28.34,28.34,0,0
2010-09-14,2010-09-14,28.389999,28.389999,28.389999,28.389999,0,0
2010-09-13,2010-09-13,28.42,28.42,28.370001,28.370001,1000.0,2.842E7
2010-09-10,2010-09-10,28.219999,28.219999,28.219999,28.219999,0,0
2010-09-09,2010-09-09,28.280001,28.280001,28.280001,28.280001,0,0
2010-09-08,2010-09-08,27.92,28,27.879999,28,6300.0,1.73096E8
2010-09-07,2010-09-07,27.709999,27.709999,27.709999,27.709999,0,0
2010-09-06,2010-09-06,27.790001,27.799999,27.790001,27.799999,3000.0,8.337E7
2010-09-03,2010-09-03,27.58,27.73,27.58,27.73,100,2758000.0
2010-09-02,2010-09-02,27.5,27.5,27.5,27.5,0,0
2010-08-31,2010-08-31,26.799999,26.799999,26.799999,26.799999,0,0
2010-08-30,2010-08-30,26.83,26.83,26.790001,26.790001,550,1.47565E7
2010-08-27,2010-08-27,26.77,26.77,26.77,26.77,0,0
2010-08-26,2010-08-26,26.51,26.709999,26.51,26.51,150,3976500.0
2010-08-25,2010-08-25,26.389999,26.389999,26.389999,26.389999,0,0
2010-08-24,2010-08-24,26.610001,26.610001,26.610001,26.610001,0,0
2010-08-23,2010-08-23,26.98,27.049999,26.98,27.049999,1000.0,2.698E7
2010-08-20,2010-08-20,26.73,26.73,26.73,26.73,0,0
2010-08-19,2010-08-19,27.01,27.129999,27.01,27.01,7410.0,0
2010-08-18,2010-08-18,27.43,27.43,27.43,27.43,0,0
2010-08-17,2010-08-17,27.540001,27.540001,27.540001,27.540001,0,0
2010-08-16,2010-08-16,27.25,27.25,27.25,27.25,1500.0,4.0875E7
2010-08-13,2010-08-13,27.209999,27.209999,27.209999,27.209999,0,0
2010-08-12,2010-08-12,27.139999,27.139999,27.139999,27.139999,0,0
2010-08-11,2010-08-11,27.110001,27.110001,27.110001,27.110001,0,0
2010-08-10,2010-08-10,27.690001,27.690001,27.690001,27.690001,0,0
2010-08-09,2010-08-09,27.889999,27.889999,27.889999,27.889999,0,0
2010-08-06,2010-08-06,27.559999,27.559999,27.559999,27.559999,0,0
2010-08-05,2010-08-05,27.799999,27.799999,27.799999,27.799999,0,0
2010-08-04,2010-08-04,27.889999,27.889999,27.889999,27.889999,0,0
2010-08-03,2010-08-03,27.879999,27.879999,27.879999,27.879999,0,0
2010-07-30,2010-07-30,27.02,27.16,27.02,27.16,2000.0,5.406E7
2010-07-29,2010-07-29,27.24,27.24,27.24,27.24,0,0
2010-07-28,2010-07-28,27.360001,27.360001,27.360001,27.360001,0,0
2010-07-27,2010-07-27,27.43,27.43,27.43,27.43,0,0
2010-07-26,2010-07-26,27.18,27.18,27.18,27.18,0,0
2010-07-23,2010-07-23,27.110001,27.110001,27.110001,27.110001,151,4093610.0
2010-07-22,2010-07-22,27.040001,27.040001,27.040001,27.040001,0,0
2010-07-21,2010-07-21,26.52,26.52,26.52,26.52,0,0
2010-07-20,2010-07-20,26.190001,26.190001,26.190001,26.190001,0,0
2010-07-19,2010-07-19,26.18,26.18,26.18,26.18,2800.0,0
2010-07-16,2010-07-16,26.35,26.35,26.35,26.35,0,0
2010-07-15,2010-07-15,26.870001,26.870001,26.870001,26.870001,0,0
2010-07-14,2010-07-14,27.18,27.18,27.18,27.18,0,0
2010-07-13,2010-07-13,27.200001,27.200001,27.200001,27.200001,0,0
2010-07-12,2010-07-12,26.629999,26.700001,26.629999,26.700001,1500.0,3.9945E7
2010-07-09,2010-07-09,26.58,26.58,26.58,26.58,0,0
2010-07-08,2010-07-08,26.309999,26.440001,26.219999,26.440001,5000.0,1.31505E8
2010-07-07,2010-07-07,26.16,26.16,26.16,26.16,0,0
2010-07-06,2010-07-06,25.43,25.790001,25.43,25.790001,1500.0,3.8145E7
2010-07-02,2010-07-02,25.17,25.17,25.17,25.17,0,0
2010-06-30,2010-06-30,25.84,25.84,25.84,25.84,0,0
2010-06-28,2010-06-28,26.75,26.75,26.75,26.75,0,0
2010-06-25,2010-06-25,26.389999,26.389999,26.389999,26.389999,0,0
2010-06-24,2010-06-24,26.58,26.58,26.58,26.58,0,0
2010-06-23,2010-06-23,27.07,27.07,27.07,27.07,0,0
2010-06-22,2010-06-22,27.360001,27.360001,27.360001,27.360001,0,0
2010-06-21,2010-06-21,27.48,27.48,27.48,27.48,0,0
2010-06-18,2010-06-18,27.200001,27.200001,27.200001,27.200001,0,0
2010-06-17,2010-06-17,27.15,27.15,27.15,27.15,0,0
2010-06-16,2010-06-16,27.1,27.1,27.1,27.1,0,0
2010-06-15,2010-06-15,27.01,27.040001,27.01,27.040001,2000.0,5.402E7
2010-06-14,2010-06-14,26.82,26.82,26.82,26.82,0,0
2010-06-11,2010-06-11,26.540001,26.540001,26.540001,26.540001,0,0
2010-06-10,2010-06-10,26.43,26.43,26.43,26.43,0,0
2010-06-09,2010-06-09,26.049999,26.049999,26.049999,26.049999,4855,0
2010-06-08,2010-06-08,25.57,25.57,25.57,25.57,0,0
2010-06-03,2010-06-03,26.629999,26.629999,26.629999,26.629999,188,5006440.0
2010-06-02,2010-06-02,26.030001,26.18,26.030001,26.030001,650,1.69195E7
2010-06-01,2010-06-01,26.129999,26.129999,26.129999,26.129999,0,0
2010-05-31,2010-05-31,26.129999,26.129999,26.030001,26.030001,230,3004950.0
2010-05-28,2010-05-28,25.969999,25.969999,25.969999,25.969999,0,0
2010-05-24,2010-05-24,25.34,25.34,25.34,25.34,0,0
2010-05-21,2010-05-21,25.23,25.23,25.23,25.23,0,0
2010-05-18,2010-05-18,26.639999,26.639999,26.639999,26.639999,0,0
2010-05-13,2010-05-13,27.190001,27.190001,27.190001,27.190001,0,0
2010-05-12,2010-05-12,27.17,27.17,27.17,27.17,0,0
2010-05-11,2010-05-11,26.809999,26.809999,26.809999,26.809999,0,0
2010-05-05,2010-05-05,26.43,26.43,26.43,26.43,0,0
2010-05-03,2010-05-03,27.440001,27.440001,27.440001,27.440001,0,0
2010-04-30,2010-04-30,27.35,27.35,27.35,27.35,0,0
2010-04-29,2010-04-29,27.440001,27.440001,27.440001,27.440001,0,0
2010-04-27,2010-04-27,28.15,28.15,28.15,28.15,475,1.33712E7
2010-04-26,2010-04-26,28.34,28.34,28.34,28.34,0,0
2010-04-23,2010-04-23,28.1,28.1,28.1,28.1,0,0
2010-04-22,2010-04-22,28.15,28.15,27.809999,27.809999,1200.0,3.378E7
2010-04-21,2010-04-21,28.15,28.15,28.15,28.15,0,0
2010-04-20,2010-04-20,28.33,28.33,28.33,28.33,0,0
2010-04-19,2010-04-19,27.93,27.93,27.93,27.93,0,0
2010-04-16,2010-04-16,28.110001,28.110001,28.110001,28.110001,0,0
2010-04-15,2010-04-15,28.459999,28.530001,28.459999,28.530001,10,284600.0
2010-04-14,2010-04-14,28.33,28.33,28.33,28.33,0,0
2010-04-13,2010-04-13,28.139999,28.139999,28.139999,28.139999,0,0
2010-04-12,2010-04-12,28.219999,28.219999,28.219999,28.219999,0,0
2010-04-09,2010-04-09,28.23,28.23,28.23,28.23,0,0
2010-04-08,2010-04-08,27.9,27.9,27.9,27.9,0,0
2010-04-07,2010-04-07,28.18,28.18,28.129999,28.129999,170,4790600.0
2010-04-06,2010-04-06,28.17,28.25,28.17,28.25,12,338040.0
2010-04-01,2010-04-01,27.91,28.059999,27.91,28.059999,12,335120.0
2010-03-31,2010-03-31,27.540001,27.639999,27.540001,27.639999,1100.0,3.0294E7
2010-03-30,2010-03-30,27.610001,27.610001,27.610001,27.610001,0,0
2010-03-29,2010-03-29,27.629999,27.629999,27.629999,27.629999,0,0
2010-03-26,2010-03-26,27.629999,27.629999,27.629999,27.629999,150,4144500.0
2010-03-25,2010-03-25,27.58,27.75,27.35,27.75,50000.0,1.3785E9
2010-03-24,2010-03-24,27.42,27.469999,27.42,27.469999,1500.0,4.113E7
2010-03-23,2010-03-23,27.440001,27.440001,27.440001,27.440001,0,0
2010-03-22,2010-03-22,27.32,27.32,27.32,27.32,0,0
2010-03-19,2010-03-19,27.290001,27.290001,27.290001,27.290001,0,0
2010-03-18,2010-03-18,27.379999,27.379999,27.379999,27.379999,0,0
2010-03-17,2010-03-17,27.42,27.42,27.42,27.42,0,0
2010-03-16,2010-03-16,27.16,27.16,27.16,27.16,0,0
2010-03-15,2010-03-15,26.98,26.98,26.889999,26.889999,2116,3669280.0
2010-03-12,2010-03-12,27.09,27.09,27.09,27.09,0,0
2010-03-11,2010-03-11,27,27,27,27,0,0
2010-03-10,2010-03-10,27,27,27,27,0,0
2010-03-09,2010-03-09,26.9,26.9,26.9,26.9,0,0
2010-03-08,2010-03-08,26.940001,26.940001,26.940001,26.940001,0,0
2010-03-05,2010-03-05,26.91,26.940001,26.91,26.940001,3000.0,8.073E7
2010-03-04,2010-03-04,26.48,26.48,26.48,26.48,0,0
2010-03-03,2010-03-03,26.48,26.48,26.48,26.48,0,0
2010-03-02,2010-03-02,26.26,26.26,26.26,26.26,0,0
2010-03-01,2010-03-01,26.059999,26.059999,26.059999,26.059999,0,0
2010-02-26,2010-02-26,25.75,25.75,25.75,25.75,0,0
2010-02-25,2010-02-25,25.450001,25.450001,25.450001,25.450001,0,0
2010-02-24,2010-02-24,25.879999,25.879999,25.879999,25.879999,0,0
2010-02-23,2010-02-23,25.83,25.83,25.83,25.83,3000.0,7.749E7
2010-02-22,2010-02-22,26.1,26.1,26.1,26.1,0,0
2010-02-19,2010-02-19,26.18,26.18,26.18,26.18,0,0
2010-02-18,2010-02-18,26.07,26.07,26.07,26.07,0,0
2010-02-17,2010-02-17,25.940001,25.940001,25.940001,25.940001,0,0
2010-02-16,2010-02-16,25.610001,25.610001,25.610001,25.610001,0,0
2010-02-15,2010-02-15,25.32,25.32,25.32,25.32,0,0
2010-02-12,2010-02-12,25.219999,25.219999,25.219999,25.219999,0,0
2010-02-11,2010-02-11,25.32,25.32,25.32,25.32,0,0
2010-02-10,2010-02-10,25.280001,25.35,25.27,25.27,95506,2147483647
2010-02-09,2010-02-09,25.09,25.09,25.09,25.09,0,0
2010-02-08,2010-02-08,24.950001,24.950001,24.950001,24.950001,0,0
2010-02-04,2010-02-04,25.370001,25.370001,25.370001,25.370001,1200.0,0
2010-02-03,2010-02-03,26.049999,26.049999,26.049999,26.049999,0,0
2010-02-02,2010-02-02,26.23,26.23,26.23,26.23,0,0
2010-02-01,2010-02-01,25.969999,25.969999,25.969999,25.969999,0,0
2010-01-29,2010-01-29,25.82,25.83,25.82,25.82,500,1.291E7
2010-01-28,2010-01-28,26.129999,26.129999,25.559999,25.559999,2000.0,5.226E7
2010-01-27,2010-01-27,25.870001,25.870001,25.870001,25.870001,0,0
2010-01-26,2010-01-26,26.09,26.09,26.09,26.09,0,0
2010-01-22,2010-01-22,26.139999,26.139999,26.139999,26.139999,0,0
2010-01-21,2010-01-21,26.389999,26.389999,26.389999,26.389999,0,0
2010-01-20,2010-01-20,26.860001,26.860001,26.860001,26.860001,0,0
2010-01-19,2010-01-19,26.950001,27.549999,26.92,27.23,170,2
2010-01-18,2010-01-18,27.01,27.01,27.01,27.01,0,0
2010-01-15,2010-01-15,26.809999,26.809999,26.809999,26.809999,0,0
2010-01-14,2010-01-14,27.120001,27.120001,27.120001,27.120001,0,0
2010-01-13,2010-01-13,26.92,26.92,26.92,26.92,0,0
2010-01-12,2010-01-12,26.799999,26.799999,26.799999,26.799999,0,0
2010-01-11,2010-01-11,27.1,27.1,27.1,27.1,0,0
2010-01-08,2010-01-08,27.1,27.1,27.1,27.1,0,0
2010-01-07,2010-01-07,27,27,27,27,0,0
2010-01-06,2010-01-06,27.02,27.02,27.02,27.02,0,0
2010-01-05,2010-01-05,26.950001,26.950001,26.950001,26.950001,0,0
2010-01-04,2010-01-04,27,27,27,27,0,0
2009-12-30,2009-12-30,26.469999,26.469999,26.469999,26.469999,0,0
2009-12-29,2009-12-29,26.610001,26.610001,26.610001,26.610001,0,0
2009-12-28,2009-12-28,26.59,26.59,26.59,26.59,0,0
2009-12-23,2009-12-23,26.41,26.41,26.41,26.41,0,0
2009-12-22,2009-12-22,26.309999,26.309999,26.309999,26.309999,0,0
2009-12-21,2009-12-21,26.15,26.15,26.15,26.15,0,0
2009-12-18,2009-12-18,26.01,26.01,25.780001,25.780001,125,3
2009-12-17,2009-12-17,26.200001,26.200001,25.879999,25.879999,1140.0,2
2009-12-16,2009-12-16,26.23,26.23,26.23,26.23,0,0
2009-12-15,2009-12-15,25.91,25.91,25.91,25.91,0,0
2009-12-14,2009-12-14,25.885,25.885,25.885,25.885,0,0
2009-12-11,2009-12-11,25.690001,25.690001,25.690001,25.690001,0,0
2009-12-10,2009-12-10,25.575001,25.575001,25.575001,25.575001,0,0
2009-12-09,2009-12-09,25.25,25.25,25.25,25.25,0,0
2009-12-08,2009-12-08,25.525,25.525,25.525,25.525,0,0
2009-12-07,2009-12-07,25.93,25.965,25.93,25.965,62,1
2009-12-04,2009-12-04,26.065001,26.065001,26.065001,26.065001,0,0
2009-12-03,2009-12-03,25.795,25.795,25.795,25.795,0,0
2009-12-02,2009-12-02,25.855,25.855,25.855,25.855,0,0
2009-11-30,2009-11-30,25.01,25.01,25.01,25.01,0,0
2009-11-25,2009-11-25,25.99,25.99,25.99,25.99,0,0
2009-11-24,2009-11-24,25.85,25.85,25.85,25.85,0,0
2009-11-20,2009-11-20,25.51,25.51,25.51,25.51,0,0
2009-11-18,2009-11-18,26.139999,26.139999,26.139999,26.139999,0,0
2009-11-17,2009-11-17,26.219999,26.219999,26.219999,26.219999,0,0
2009-11-16,2009-11-16,26.139999,26.33,26.139999,26.33,70,1
2009-11-13,2009-11-13,25.950001,25.950001,25.950001,25.950001,0,0
2009-11-12,2009-11-12,25.75,25.75,25.75,25.75,0,0
2009-11-11,2009-11-11,25.76,25.76,25.76,25.76,0,0
2009-11-10,2009-11-10,25.719999,25.719999,25.65,25.65,10,257200.0
2009-11-09,2009-11-09,25.18,0,0,25.18,0,0
2009-11-06,2009-11-06,25.18,25.18,25.18,25.18,0,0
2009-11-05,2009-11-05,25.139999,25.139999,25.139999,25.139999,0,0
2009-11-04,2009-11-04,24.540001,0,0,24.540001,0,0
2009-11-03,2009-11-03,24.540001,24.540001,24.540001,24.540001,0,0
2009-11-02,2009-11-02,25.120001,0,0,25.120001,0,0
2009-10-30,2009-10-30,25.120001,25.120001,25.120001,25.120001,250,0
2009-10-29,2009-10-29,25.220301,25.220301,25.220301,25.220301,0,0
2009-10-28,2009-10-28,24.92,24.92,24.82,24.785,250,6
2009-10-27,2009-10-27,25.280001,25.280001,25.280001,25.280001,0,0
2009-10-26,2009-10-26,25.18,25.18,25.18,25.209999,0,0
2009-10-23,2009-10-23,25.52,25.52,25.52,25.5191,0,0
2009-10-22,2009-10-22,25.68,25.68,25.68,25.6583,0,0
2009-10-21,2009-10-21,25.969999,26,25.969999,25.9634,125,3
2009-10-20,2009-10-20,25.83,25.83,25.83,25.8452,0,0
2009-10-19,2009-10-19,25.9643,25.9643,25.9643,25.9643,0,0
2009-10-16,2009-10-16,25.564199,25.564199,25.564199,25.564199,0,0
2009-10-15,2009-10-15,25.730101,25.730101,25.730101,25.730101,0,0
2009-10-14,2009-10-14,25.7001,25.7001,25.7001,25.7001,0,0
