datetime,date,open,high,low,close,quantity,turnover
2026-09-02,2026-09-02,308.75,311.85,307.05,311.65,1098,339334.3
2026-09-01,2026-09-01,312.8,312.9,307.95,309.65,12420.0,3856857.6
2026-08-31,2026-08-31,313.7,313.9,310.8,310.95,4904,1533445.8
2026-08-28,2026-08-28,314.75,318.5,314.45,318.45,3695,1166343.35
2026-08-27,2026-08-27,312.25,314.6,312,313.75,1128,353332.45
2026-08-26,2026-08-26,309.65,311,308.95,309.65,1775,550324
2026-08-25,2026-08-25,310.2,311.25,308.35,309.1,4565,1411460.15
2026-08-24,2026-08-24,308.3,309.3,307,308.1,1016,312765.3
2026-08-21,2026-08-21,307.85,310.3,307.85,310.3,3240.0,1001252.65
2026-08-20,2026-08-20,313.25,313.25,308.85,309.8,3596,1119225.45
2026-08-19,2026-08-19,313.25,315.6,312.8,314.15,3079,966273.8
2026-08-18,2026-08-18,316.15,316.35,313.95,314,5935,1870876.4
2026-08-17,2026-08-17,322,322.3,319.85,320.05,2502,802346.95
2026-08-14,2026-08-14,323.7,324.05,321.2,321.2,1246,402306.45
2026-08-13,2026-08-13,320.4,325.2,320.4,322.55,3932,1270892.2
2026-08-12,2026-08-12,318.9,320.4,318.55,318.85,2290.0,730692.75
2026-08-11,2026-08-11,320,321.55,319.25,319.25,2180.0,697607.85
2026-08-10,2026-08-10,320.5,321,319.35,320.05,3324,1064848.35
2026-08-07,2026-08-07,317.1,320,317,319.8,2256,717981.8
2026-08-06,2026-08-06,318.2,319.1,317.05,317.05,1714,545406.55
2026-08-05,2026-08-05,321.35,323,319,319,8012,2570704.45
2026-08-04,2026-08-04,310.1,316.35,308.85,316.3,4368,1364024.6
2026-08-03,2026-08-03,302.4,307.05,301.6,306.85,3165,961711.35
2026-07-31,2026-07-31,297.9,299.65,294.25,295.45,2492,743367.45
2026-07-30,2026-07-30,290.2,293.55,288.75,291.35,4024,1171007.05
2026-07-29,2026-07-29,299.4,300.35,292.85,293.85,3027,893566.6
2026-07-28,2026-07-28,296.3,298.95,295.6,298.75,4623,1375059
2026-07-27,2026-07-27,301.9,302.95,295.9,295.9,3457,1038839.95
2026-07-24,2026-07-24,297.25,300.5,296.35,300.1,12524,3724891.85
2026-07-23,2026-07-23,301.7,302.8,295.4,295.75,4062,1218923.6
2026-07-22,2026-07-22,302.35,305,301.75,304.9,4865,1473413.25
2026-07-21,2026-07-21,302.25,303.95,301.15,303.7,1810.0,546986.05
2026-07-20,2026-07-20,299.85,303.15,299.85,302.25,7795,2345345.55
2026-07-17,2026-07-17,300.7,302.8,297.95,300.75,5218,1569237.95
2026-07-16,2026-07-16,308.2,308.45,306.05,308.35,21400.0,6570928.8
2026-07-15,2026-07-15,308.5,310,307.5,307.65,3153,973663.4
2026-07-14,2026-07-14,305.95,308,304.2,306.8,14284,4380953.6
2026-07-13,2026-07-13,307.45,309.25,307,307.95,26385,8124433
2026-07-10,2026-07-10,305.85,308.7,305.65,307.75,3890.0,1193675.1
2026-07-09,2026-07-09,303.8,305.85,302.85,305.85,11302,3442432.3
2026-07-08,2026-07-08,302.8,303.3,298,299.1,2523,757688.45
2026-07-07,2026-07-07,305.95,306.5,302.25,302.85,1669,507465.5
2026-07-06,2026-07-06,304.5,306.75,304.25,306.75,11967,3648496.3
2026-07-03,2026-07-03,303.8,304.15,302.9,303.9,4094,1243786.6
2026-07-02,2026-07-02,303,306.55,301.2,302.6,2691,816159.75
2026-07-01,2026-07-01,301.8,306.5,301.2,306.1,12309,3718977.75
2026-06-30,2026-06-30,300.6,302.5,299.75,302.4,11049,3321387.35
2026-06-29,2026-06-29,294.65,298.35,292.55,296,6391,1892993.65
2026-06-26,2026-06-26,292.25,294.95,288.6,294.95,31804,9232835
2026-06-25,2026-06-25,299.15,300.1,292.35,295.25,2476,735713.5
2026-06-24,2026-06-24,296.45,300.65,296,299.8,24418,7272148.75
2026-06-23,2026-06-23,294.65,299.3,293,295.85,13576,4030560.1
2026-06-22,2026-06-22,303.3,306.45,301.15,302.15,7307,2214379.5
2026-06-19,2026-06-19,301.7,303.1,301.15,302.7,3627,1096678.75
2026-06-18,2026-06-18,301.1,304,300.7,301.4,2977,899039.55
2026-06-17,2026-06-17,302.9,303.1,300,301.65,1304,393661.1
2026-06-16,2026-06-16,304.5,305.2,303,303.15,1742,530078.9
2026-06-15,2026-06-15,301.65,305,301.05,305,24678,7453805.1
2026-06-12,2026-06-12,291.2,296.95,290.4,296.2,16949,4983219.15
2026-06-11,2026-06-11,286.65,288.5,282.7,285.95,3358,961488.8
2026-06-10,2026-06-10,290.55,292.15,286.1,286.95,4541,1314717.7
2026-06-09,2026-06-09,296.5,299.3,287,287.95,7751,2282576.8
2026-06-08,2026-06-08,294.3,299.05,293.9,296.6,6948,2053276.45
2026-06-05,2026-06-05,303.25,304.55,301.3,301.3,2826,856802
2026-06-04,2026-06-04,304.2,305.9,301.15,305.8,2471,749043.6
2026-06-03,2026-06-03,309.2,309.4,305.85,306.5,3839,1182771.2
2026-06-02,2026-06-02,307.05,309.2,305.9,309.2,4166,1279565.95
2026-06-01,2026-06-01,307.75,308,305.5,307.1,5595,1714352.95
2026-05-29,2026-05-29,305.7,307.3,304.9,305.8,2865,875735.2
2026-05-28,2026-05-28,301.75,304.3,300.85,304,2689,813855.15
2026-05-27,2026-05-27,301.9,303.65,300.65,301,11292,3421364.2
2026-05-26,2026-05-26,301.75,303.3,300.85,301.75,2463,743222.7
2026-05-25,2026-05-25,303.1,303.65,302.8,303.15,3027,918101.75
2026-05-22,2026-05-22,298.3,300.5,297.5,300.5,9650.0,2882588.6
2026-05-21,2026-05-21,293.8,295.6,292.9,293.65,1335,392723.85
2026-05-20,2026-05-20,290.65,294.1,290.45,293.55,2007,586378.25
2026-05-19,2026-05-19,291.4,292.95,288.15,288.55,7041,2044782.25
2026-05-18,2026-05-18,290.3,294,289.65,290.75,5947,1734168.4
2026-05-15,2026-05-15,296.95,297.15,292.6,295.2,14454,4257628.95
2026-05-14,2026-05-14,294.95,300,294.95,299.75,11661,3452094.5
2026-05-13,2026-05-13,291.05,292.7,289,291.85,5993,1741310.45
2026-05-12,2026-05-12,288.2,289.2,285.3,285.8,12425,3581963.85
2026-05-11,2026-05-11,288.3,290.45,287.4,290.45,6675,1926086.15
2026-05-08,2026-05-08,286.65,288.6,286.4,288.4,12884,3693041.45
2026-05-07,2026-05-07,287.05,287.8,285.9,287.2,5409,1552330.2
2026-05-06,2026-05-06,280.95,285.4,280.55,285,18082,5103269
2026-05-05,2026-05-05,277.35,279.65,277.25,279.25,9948,2770322.1
2026-05-04,2026-05-04,277.5,278.4,274.5,275.45,17686,4892891.3
2026-04-30,2026-04-30,270.8,274.3,270.45,272.25,2833,770580.7
2026-04-29,2026-04-29,271.85,271.85,270.05,270.45,2871,778326.55
2026-04-28,2026-04-28,272.85,273.3,269.2,269.2,7804,2116327.7
2026-04-27,2026-04-27,271.5,272.1,270.7,271.05,6513,1767595.4
2026-04-24,2026-04-24,270.1,271.65,269,271.05,5665,1529211.7
2026-04-23,2026-04-23,269,271.4,268.45,271.3,4085,1102283.65
2026-04-22,2026-04-22,267.55,269.75,266.75,269.3,9609,2579517.1
2026-04-21,2026-04-21,268.4,270,266.15,266.4,3335,894663.9
2026-04-20,2026-04-20,266.25,268.15,265.05,266.35,4971,1324354.9
2026-04-17,2026-04-17,262.85,268.75,262.65,268.75,8782,2329406.55
2026-04-16,2026-04-16,261.55,262.55,260.5,261.95,6814,1781897.35
2026-04-15,2026-04-15,256.65,258.65,256.4,258.5,7019,1803784.1
2026-04-14,2026-04-14,251.1,255.15,251.1,255.15,12132,3058637.7
2026-04-13,2026-04-13,245.1,247.9,244.3,247.55,5712,1403545.05
2026-04-10,2026-04-10,248.3,249,247.6,248.2,11956,2968685.3
2026-04-09,2026-04-09,245.2,246.25,243.65,246.25,9130.0,2233502.5
2026-04-08,2026-04-08,245.85,246.9,243.15,244.25,15482,3803956.85
2026-04-07,2026-04-07,235,236.85,230.65,232.05,5357,1254300.35
2026-04-02,2026-04-02,228.35,235.5,226.9,233.9,7909,1813736.55
2026-04-01,2026-04-01,233.3,234.05,231.2,233.85,35943,8358595.65
2026-03-31,2026-03-31,222.7,225.5,222.25,224.75,19563,
2026-03-30,2026-03-30,221.45,225,221.4,223.8,8446,1882303.3
2026-03-27,2026-03-27,229.45,229.45,223,223.35,9147,
2026-03-26,2026-03-26,233.95,233.95,230.75,230.75,12554,2920751.8
2026-03-25,2026-03-25,236.15,236.9,233.4,236,24234,5706274.15
2026-03-24,2026-03-24,234.75,234.95,230.5,233.4,44876,1.04262817E7
2026-03-23,2026-03-23,226.45,242.25,225.9,234.1,21683,5077465.55
2026-03-20,2026-03-20,237.05,237.35,232.05,232.35,16680.0,3912049.5
2026-03-19,2026-03-19,238.7,239.7,235,235.6,23458,5557254.3
2026-03-18,2026-03-18,247.6,248.05,241.9,242.3,14170.0,3467398.9
2026-03-17,2026-03-17,243.05,247.55,242.2,245.75,9873,2401296.4
2026-03-16,2026-03-16,243.7,246.05,242,244.1,9274,2266354.85
2026-03-13,2026-03-13,241.75,246.7,241.5,242.5,8239,2002975.5
2026-03-12,2026-03-12,247,247.4,243.35,244.7,3316,814033
2026-03-11,2026-03-11,248.75,250.1,246.85,248.05,18530.0,4593151.2
2026-03-10,2026-03-10,249.7,250.8,247,250.55,36339,9083419.5
2026-03-09,2026-03-09,239.35,244.75,238.7,244.3,20447,4929364.45
2026-03-06,2026-03-06,252.4,252.55,244,246.4,15317,3822055.25
2026-03-05,2026-03-05,253.4,255.6,251,251.85,41606,1.05538563E7
2026-03-04,2026-03-04,249.45,254.75,249.2,254.35,32423,8160118.7
2026-03-03,2026-03-03,249.4,249.5,244.4,248.25,42530.0,1.05158749E7
2026-03-02,2026-03-02,245.45,253.15,244.85,252.3,14110.0,3505308.05
2026-02-27,2026-02-27,252.55,253.2,247.9,250.7,8125,2038747
2026-02-26,2026-02-26,256,257.1,251.25,253.35,17343,4443243.5
2026-02-25,2026-02-25,252.95,256,252.95,255.55,22901,5827588.35
2026-02-24,2026-02-24,249.8,252.35,248.25,251.4,4679,1171200.4
2026-02-23,2026-02-23,250.7,254,247.55,249.25,9448,2380484.7
2026-02-20,2026-02-20,252.95,254,249.4,253.05,17890.0,4512122.1
2026-02-19,2026-02-19,252.75,253.2,250.3,251.45,17482,4395162.2
2026-02-18,2026-02-18,250.3,253.3,249.5,253.3,15276,3846032.75
2026-02-17,2026-02-17,247.1,249,244.35,248.1,26194,6446453.3
2026-02-16,2026-02-16,248.6,249.7,247.15,247.45,3485,867201.15
2026-02-13,2026-02-13,247.15,249.35,244.4,248.85,28646,7078022.3
2026-02-12,2026-02-12,256.7,256.7,249.45,250,17825,4556885.4
2026-02-11,2026-02-11,254.95,258.7,253.3,255,23143,5907706.8
2026-02-10,2026-02-10,255.6,257.5,255,256.3,17795,4555019.3
2026-02-09,2026-02-09,254.95,256.45,251.6,256.35,11062,2813797.75
2026-02-06,2026-02-06,245.4,253.2,245.4,253.2,20960.0,5238471.25
2026-02-05,2026-02-05,252.9,253.65,245.5,248.6,33415,8299307.7
2026-02-04,2026-02-04,255.2,256.4,252.55,253.3,3231,823289.85
2026-02-03,2026-02-03,260.6,261.2,255.7,256,17733,4610936.25
2026-02-02,2026-02-02,250.85,259.6,250.75,259.25,19548,4984412.25
2026-01-30,2026-01-30,251.6,256.4,251.2,254.85,29841,7546720.1
2026-01-29,2026-01-29,256.9,257.9,249.25,251.35,11758,2990587.1
2026-01-28,2026-01-28,257.7,258,256.65,256.7,6856,1764771.15
2026-01-27,2026-01-27,257.75,257.95,255.2,256.35,2114,542472.65
2026-01-26,2026-01-26,253.95,256.5,252.3,256.05,7812,1987809.15
2026-01-23,2026-01-23,257.2,257.4,255.15,256.4,19205,4915039.3
2026-01-22,2026-01-22,256.75,258.3,255.5,257,12030.0,3094988
2026-01-21,2026-01-21,249.95,254.3,247,253.15,26601,6674285
2026-01-20,2026-01-20,252.55,253.45,249.4,252.95,13428,3377383.95
2026-01-19,2026-01-19,256.15,257.25,254.2,255.15,9095,2326436.15
2026-01-16,2026-01-16,263.75,263.85,261,262.65,4792,1260449.15
2026-01-15,2026-01-15,260.75,264.4,260.7,264.1,23524,6173540.85
2026-01-14,2026-01-14,261.8,261.95,256.8,258.15,7489,1942283.6
2026-01-13,2026-01-13,262.95,264.65,261.4,262.8,7812,2052415.45
2026-01-12,2026-01-12,259.35,262.45,257.75,262.4,7269,1888524.65
2026-01-09,2026-01-09,259.6,262.7,259.3,262.25,10166,2651138.15
2026-01-08,2026-01-08,258.15,259.45,257.75,259,9741,2519000.4
2026-01-07,2026-01-07,260.05,261.1,259.5,260.9,14361,3738061
2026-01-06,2026-01-06,256.6,259.45,255.35,258.4,8551,2197922.05
2026-01-05,2026-01-05,254.6,257.75,254.6,257.35,12407,3173319.65
2026-01-02,2026-01-02,254.65,256,250.7,251.95,11914,3027385.3
2025-12-30,2025-12-30,255.55,256.05,255.35,255.85,3193,816447.6
2025-12-29,2025-12-29,256.75,256.95,255,255.6,12561,3220167
2025-12-23,2025-12-23,253.65,255.25,252.5,255,10003,2540255.1
2025-12-22,2025-12-22,253.45,254.15,252.55,253.95,9688,2454836.35
2025-12-19,2025-12-19,248.8,251.65,247.75,251.65,8152,2032695.1
2025-12-18,2025-12-18,244.75,250.1,244.65,250.05,6002,1482848.85
2025-12-17,2025-12-17,250,251.3,244.75,244.75,6517,1621905.5
2025-12-16,2025-12-16,247.75,249.75,246.25,247.45,8134,2019563.75
2025-12-15,2025-12-15,252.5,253.85,248.95,250.7,11157,2808561.4
2025-12-12,2025-12-12,256.9,257.25,249.85,250.2,24810.0,6334882.35
2025-12-11,2025-12-11,252.4,254.75,251.75,253.8,10721,2717867.9
2025-12-10,2025-12-10,254.85,255.15,253.45,254.75,22235,5654274.8
2025-12-09,2025-12-09,255.7,256.2,254.35,256.2,9595,2447249
2025-12-08,2025-12-08,257.1,257.4,254.15,255.3,6046,
2025-12-05,2025-12-05,256.45,258.25,255.2,256.75,4033,1037784.85
2025-12-04,2025-12-04,254.85,255.75,253.65,254.7,5560.0,1415925.15
2025-12-03,2025-12-03,254.75,254.75,251.65,254.5,7564,
2025-12-02,2025-12-02,252.65,256,252.35,253.35,7542,
2025-12-01,2025-12-01,252.3,254.05,251,253.9,7415,1872894.05
2025-11-28,2025-11-28,255.45,256.75,254.65,255.6,2490.0,635447.95
2025-11-27,2025-11-27,253.75,254.2,253.4,253.55,4122,1046155.7
2025-11-26,2025-11-26,252.3,254.3,251,254.2,37353,9423777.15
2025-11-25,2025-11-25,246.95,247.55,242.9,247.55,19687,4842869.5
2025-11-24,2025-11-24,242,246.55,240,246.35,12185,2957748.9
2025-11-21,2025-11-21,236.2,238.95,233.3,238.95,23263,5484792.25
2025-11-20,2025-11-20,248.7,252.2,245.4,245.4,37090.0,9228883.85
2025-11-19,2025-11-19,240.1,245.15,239.65,241.55,14038,3389877.3
2025-11-18,2025-11-18,241.2,243,236.9,240.7,26707,6433007.35
2025-11-17,2025-11-17,250.7,251.2,245.2,247.45,11697,2906375.75
2025-11-14,2025-11-14,246.5,249.45,241.05,249.45,32663,8010213.5
2025-11-13,2025-11-13,257.3,257.45,250,250.1,23398,5952919.45
2025-11-12,2025-11-12,258.5,259.3,255.35,256.45,5368,1386136.95
2025-11-11,2025-11-11,255.6,255.7,253.65,254.2,4087,1041518.35
2025-11-10,2025-11-10,252,254.55,251.5,252.35,26169,6630867.45
2025-11-07,2025-11-07,250.25,250.4,241.9,242.15,23437,5807266.95
2025-11-06,2025-11-06,253.6,255.7,248.6,248.6,11484,2900380.1
2025-11-05,2025-11-05,252.45,256.1,251.6,256.05,7130.0,1806451.05
2025-11-04,2025-11-04,253.85,257.25,252.1,255.6,7610.0,1938762.55
2025-11-03,2025-11-03,258.35,261.15,256.8,258.35,9189,2381553.65
2025-10-31,2025-10-31,259.65,260.55,256.95,257.9,8805,2282373.85
2025-10-30,2025-10-30,259.9,260.5,256.7,258.7,9284,2403505
2025-10-29,2025-10-29,261.15,261.35,259.25,260.05,4105,1069620.45
2025-10-28,2025-10-28,257.4,259.75,257.2,258.6,10655,2749746.7
2025-10-27,2025-10-27,256.5,257.05,255.8,257.05,10722,2749401.8
2025-10-24,2025-10-24,250.4,253.15,249.5,253.15,22433,5627989.35
2025-10-23,2025-10-23,247.25,248.25,245.25,247.7,5737,1416987.25
2025-10-22,2025-10-22,249.15,249.8,245.9,245.95,2196,546064.7
2025-10-21,2025-10-21,247.55,249.45,247.5,249.15,11490.0,2849942.55
2025-10-20,2025-10-20,244.55,247.5,243.4,247.4,7401,1815491.95
2025-10-17,2025-10-17,233.95,241.15,232.2,238.1,28434,6697593.1
2025-10-16,2025-10-16,244.7,245.7,243.5,244.15,7377,1804515.6
2025-10-15,2025-10-15,243.85,247.65,243.55,244.7,6666,1632936.55
2025-10-14,2025-10-14,239.7,241.75,236.7,241.45,21451,5146845.15
2025-10-13,2025-10-13,241.95,243.65,240.55,243.6,18236,4423728.5
2025-10-10,2025-10-10,250.35,251.95,241.15,241.3,9350.0,2318390.65
2025-10-09,2025-10-09,250.7,251.1,249.55,249.8,3501,877198.3
2025-10-08,2025-10-08,247.95,250.4,247.5,250.3,4738,1177753.85
2025-10-07,2025-10-07,247.35,249.6,246.25,246.25,5731,1420641.55
2025-10-06,2025-10-06,247.55,248.85,246.25,247.5,16683,4125586
2025-10-03,2025-10-03,247,247.3,245.65,247.1,6790.0,1673611.1
2025-10-02,2025-10-02,245.3,246.55,244.5,245.05,19934,4893930.15
2025-10-01,2025-10-01,238.85,243.65,238.4,243.65,11849,2855787.2
2025-09-30,2025-09-30,240.65,241.3,239.95,240.4,5046,1213420.75
2025-09-29,2025-09-29,242,243.3,241.2,241.2,10721,2599569.65
2025-09-26,2025-09-26,239.35,241.5,238.45,239.4,13684,3278251.3
2025-09-25,2025-09-25,239.45,240.15,236.45,239.15,20583,4903601.15
2025-09-24,2025-09-24,241,242.05,240.45,240.55,4284,1033137.15
2025-09-23,2025-09-23,242.75,243,242.2,242.4,8280.0,2008684.3
2025-09-22,2025-09-22,240.75,242,239.1,241.65,7965,1915661.6
2025-09-19,2025-09-19,238.55,240.85,238.3,239.55,9067,2171056.65
2025-09-18,2025-09-18,238.15,240.3,237.75,239.75,14496,3460719.5
2025-09-17,2025-09-17,235.55,235.95,234.95,235.15,2334,549576.7
2025-09-16,2025-09-16,238.05,238.65,235.25,235.65,16476,3900759.4
2025-09-15,2025-09-15,237.15,238.4,236.15,237.75,7706,1825519.3
2025-09-12,2025-09-12,236.1,237.15,235.85,236.7,6818,1611040.95
2025-09-11,2025-09-11,234.3,236.45,233.5,236.45,6014,1411137.1
2025-09-10,2025-09-10,233.5,234.45,232.5,233.1,8070.0,1884477.2
2025-09-09,2025-09-09,230.25,230.95,229.15,230.5,21999,5055532.75
2025-09-08,2025-09-08,230.1,230.7,229.35,230.7,12299,2831996.1
2025-09-05,2025-09-05,232.9,232.9,226.7,228.5,6747,1562640.5
2025-09-04,2025-09-04,228.75,230.55,228.55,230.25,20263,4645914.85
2025-09-03,2025-09-03,227.4,228.65,227,227.2,11770.0,2675815.95
2025-09-02,2025-09-02,228.25,228.3,222.9,222.9,15955,3605327.85
2025-09-01,2025-09-01,227.95,229.15,227.8,229.15,7839,1789237.05
2025-08-29,2025-08-29,231.85,231.85,227.55,227.95,5988,1380931.5
2025-08-28,2025-08-28,231.5,232,229.9,230.8,5300.0,1223994.65
2025-08-27,2025-08-27,230.8,231.95,230.65,231.55,7615,1760190.8
2025-08-26,2025-08-26,227.8,228.3,227.25,227.95,5240.0,1193641.75
2025-08-25,2025-08-25,228.2,229.2,227.65,229,6784,1547877.4
2025-08-22,2025-08-22,224.05,229.5,223.85,229.4,10294,
2025-08-21,2025-08-21,225.85,225.85,223.1,225.35,5578,1249800.6
2025-08-20,2025-08-20,225.45,226.1,221.3,223.85,9195,2060003.55
2025-08-19,2025-08-19,227.95,229,226.5,227.05,7506,1709366.65
2025-08-18,2025-08-18,227.85,228.7,227.5,228,5920.0,1350349.8
2025-08-15,2025-08-15,231.1,231.25,227.75,228.1,9237,2129135.45
2025-08-14,2025-08-14,228.9,230.4,227.9,229.2,11781,2698898.85
2025-08-13,2025-08-13,228.05,230.1,227.9,228.05,5903,1348569.75
2025-08-12,2025-08-12,225,227.15,224.35,226.9,8934,2017826
2025-08-11,2025-08-11,225.4,226.5,224.75,225.75,9686,2185854.15
2025-08-08,2025-08-08,222.2,224.6,222.2,223.5,12176,2713002.5
2025-08-07,2025-08-07,222.4,225.25,221.65,221.65,15067,3379334.6
2025-08-06,2025-08-06,221.8,222.3,219,221.75,5174,1143591.3
2025-08-05,2025-08-05,223.95,224.15,219.5,219.5,13140.0,2913537.2
2025-08-04,2025-08-04,217.65,221.2,217.65,221.1,14097,3090227.85
2025-08-01,2025-08-01,224.55,224.55,214.4,216.25,37206,8210411
2025-07-31,2025-07-31,231.3,232.7,227.9,229.2,20880.0,4828366.1
2025-07-30,2025-07-30,226.2,228.5,226,227.7,8832,2009227.55
2025-07-29,2025-07-29,227.85,228.85,226.3,226.55,10907,2487599.55
2025-07-28,2025-07-28,225.75,226.45,225.7,226,14495,3275047.35
2025-07-25,2025-07-25,222.45,223.15,221.95,223.05,7250.0,1614038.75
2025-07-24,2025-07-24,221.25,222.4,220.75,222.2,9976,2208855.65
2025-07-23,2025-07-23,219.3,220.35,218.9,219.75,7810.0,1713829.05
2025-07-22,2025-07-22,218.95,219.35,217.1,217.55,6312,1378307.7
2025-07-21,2025-07-21,219.95,220.95,219.25,220.5,7484,1648117.55
2025-07-18,2025-07-18,220.75,220.8,218.5,219.05,9403,2066508.5
2025-07-17,2025-07-17,218.2,219.65,217.75,219.65,7385,1614679.15
2025-07-16,2025-07-16,214.75,217.8,211.95,211.95,15082,3257840.9
2025-07-15,2025-07-15,218,219.1,217.2,218.05,6616,1443557.55
2025-07-14,2025-07-14,213.95,216,213.25,215.75,8409,1805071
2025-07-11,2025-07-11,216.35,216.35,214.15,215.6,9712,2091342.35
2025-07-10,2025-07-10,214.05,217.55,214.05,217.55,6692,1441891.95
2025-07-09,2025-07-09,213.1,216.35,212.9,214.5,15247,3266517.9
2025-07-08,2025-07-08,213.1,214.1,212.85,213.2,13126,2802103.85
2025-07-07,2025-07-07,214,215.9,213.7,213.8,19669,4214566.65
2025-07-04,2025-07-04,214,214.05,212.7,213.15,5672,1208929.7
2025-07-03,2025-07-03,212.35,216.25,212,216.05,9767,2093772.75
2025-07-02,2025-07-02,211.95,211.95,210.05,211.4,14850.0,3134987.6
2025-07-01,2025-07-01,210.55,210.6,208.5,210.15,9113,1909800.25
2025-06-30,2025-06-30,211.05,211.55,209.7,210.35,7783,1641912.6
2025-06-27,2025-06-27,208.9,210.3,208.2,210.3,17831,3727701.95
2025-06-26,2025-06-26,205.9,207.45,205.6,207.15,18851,3889860.85
2025-06-25,2025-06-25,206.7,207.45,205.9,205.9,13621,2815316.5
2025-06-24,2025-06-24,206,206.15,204.2,205.45,14857,3050222.25
2025-06-23,2025-06-23,199.4,202.05,199.4,200.35,19690.0,3957712.43
2025-06-20,2025-06-20,199.72,203,199,200.7,18035,3625502.37
2025-06-19,2025-06-19,200.35,200.4,197.2,197.78,10699,2130644.79
2025-06-18,2025-06-18,201.45,203.3,201,202.25,24071,4855712.9
2025-06-17,2025-06-17,201.6,203.15,200.5,202.55,14845,2989722.4
2025-06-16,2025-06-16,201.35,203.9,200.75,203.45,15828,3205883.3
2025-06-13,2025-06-13,199.16,202.85,198.74,201.9,15121,3030562.51
2025-06-12,2025-06-12,203.2,203.85,199.56,203.35,11505,2318958.6
2025-06-11,2025-06-11,205.7,207.5,204.9,206.05,7193,1482195.45
2025-06-10,2025-06-10,204.35,205.45,203.5,204.45,5512,1127776.5
2025-06-09,2025-06-09,203.5,205,203.35,204.15,6872,1402911.6
2025-06-06,2025-06-06,201.4,205.6,200.85,203.75,13903,2816352.15
2025-06-05,2025-06-05,201.85,204,199.68,203.2,23777,4798793.4
2025-06-04,2025-06-04,202.55,203.65,201.8,202.4,6744,1368799
2025-06-03,2025-06-03,198.28,202.3,197.14,202.3,5886,1176817.54
2025-06-02,2025-06-02,196.24,197.64,194.54,196.88,7904,1552912.64
2025-05-30,2025-05-30,198.44,199.56,197.16,198.14,9131,1815037.32
2025-05-29,2025-05-29,204.75,206.2,198.26,198.78,8887,1794001.73
2025-05-28,2025-05-28,200.25,201.5,199.26,199.74,5372,1075126.18
2025-05-27,2025-05-27,196.46,198.74,195.62,198.74,7203,1423709.56
2025-05-26,2025-05-26,195.48,196.64,195.32,196.1,6487,1271510.44
2025-05-23,2025-05-23,195.4,196.06,188.94,192.06,30136,5761195.14
2025-05-22,2025-05-22,196.18,196.98,193.68,196.5,12104,2371301.7
2025-05-21,2025-05-21,199.86,201.3,198.34,200.8,8724,1742483.39
2025-05-20,2025-05-20,203.05,204.5,202.9,203.5,9659,1966879.55
2025-05-19,2025-05-19,200.55,203.65,198.5,203.2,18922,3796304.95
2025-05-16,2025-05-16,202.25,204.4,202.1,204.4,16196,3296090.3
2025-05-15,2025-05-15,199.22,202.05,197.94,202,18418,3673198.84
2025-05-14,2025-05-14,201.3,201.7,199.14,201.25,21509,4321757.58
2025-05-13,2025-05-13,197.66,202.2,197.5,201.65,38292,7643199.08
2025-05-12,2025-05-12,196.58,200,195.98,196.96,33232,6551314.12
2025-05-09,2025-05-09,185.68,187.16,183.3,185.02,13886,2582449.14
2025-05-08,2025-05-08,185.2,186.74,182.78,186.14,11982,2214377.1
2025-05-07,2025-05-07,181.2,182.08,179.6,179.96,6339,1148292.56
2025-05-06,2025-05-06,182.26,182.26,178.66,181.68,9944,1793935.58
2025-05-05,2025-05-05,183.1,184.34,181.78,183.92,7534,1378073.8
2025-05-02,2025-05-02,182.18,184.9,180.74,184.32,15109,2755763
2025-04-30,2025-04-30,175.72,176.52,166.96,174.28,22071,3814253.24
2025-04-29,2025-04-29,174.6,175.74,172.3,174.34,5616,982028.42
2025-04-28,2025-04-28,174.26,176.3,172.08,172.36,15529,2706588.62
2025-04-25,2025-04-25,174.62,174.68,170.08,171.68,39637,6851304.04
2025-04-24,2025-04-24,164.56,170.7,162.1,169.92,7626,1266098.44
2025-04-23,2025-04-23,164.82,171.2,164.5,166.48,18129,3044446.92
2025-04-22,2025-04-22,154.22,158.08,152.78,157.22,11236,1733748.1
2025-04-17,2025-04-17,162.58,163.9,158.82,160.6,26143,4237464.4
2025-04-16,2025-04-16,163.3,167.14,161.94,165.22,11924,1955388.68
2025-04-15,2025-04-15,168.78,171.64,167,169.88,32876,5575527.22
2025-04-14,2025-04-14,167.86,172.2,167.66,168.2,30422,5145580.96
2025-04-11,2025-04-11,163.02,163.02,156.26,159.1,18155,2891767.76
2025-04-10,2025-04-10,175.24,175.48,160.96,160.96,38109,6529919.86
2025-04-09,2025-04-09,148.34,152.36,141.5,148.38,34012,5014141.6
2025-04-08,2025-04-08,158.28,167.54,157.94,161.82,44738,7250096.86
2025-04-07,2025-04-07,140.28,167.46,138.76,151.84,70381,1.03456496E7
2025-04-04,2025-04-04,172.84,173.3,158.1,161.06,60215,9980391.2
2025-04-03,2025-04-03,182.08,183.58,175,177.14,59846,1.07729818E7
2025-04-02,2025-04-02,194.68,195.64,190.4,195.3,7151,1381382.04
2025-04-01,2025-04-01,193.36,195.36,189.82,194.3,19255,3710788.36
2025-03-31,2025-03-31,187.92,189.66,185.2,189.66,32930.0,6166205.38
2025-03-28,2025-03-28,198.08,199.72,191.46,191.68,21456,4189114.76
2025-03-27,2025-03-27,201.1,202.15,198.02,200.8,28863,5799678.51
2025-03-26,2025-03-26,205.45,206.4,202.15,202.3,18324,3748114.4
2025-03-25,2025-03-25,204.4,205.8,203.85,204.25,30956,6339016
2025-03-24,2025-03-24,200.7,204.7,200.6,204.3,21552,4376911.4
2025-03-21,2025-03-21,196.44,196.48,192.82,195.86,34156,6648625.18
2025-03-20,2025-03-20,198.48,200.5,194.74,197.28,45422,9004663.87
2025-03-19,2025-03-19,192.26,196.48,192.26,195.6,23520.0,4560571.72
2025-03-18,2025-03-18,195.3,196.14,191,192.32,23139,4507444.02
2025-03-17,2025-03-17,192.28,196.18,191.88,194.44,15313,2974080.02
2025-03-14,2025-03-14,189.54,194,189.12,193.22,9901,1890560.8
2025-03-13,2025-03-13,190.08,192.66,187.76,188.68,9630.0,1826161.56
2025-03-12,2025-03-12,191.02,196,187.92,192.58,29846,5723985.64
2025-03-11,2025-03-11,193.62,194.68,188,189.74,32978,6317012.7
2025-03-10,2025-03-10,202.3,202.6,195.3,196.38,63375,1.265003881E7
2025-03-07,2025-03-07,203.85,204.3,198.64,198.64,41415,8368772.03
2025-03-06,2025-03-06,208.85,209.25,203.45,206.25,20892,4309602.9
2025-03-05,2025-03-05,211.25,212,204.65,204.65,27742,5784741.65
2025-03-04,2025-03-04,217.95,218.4,208.5,209.45,53508,1.14354989E7
2025-03-03,2025-03-03,228.3,228.75,223.75,224.15,15129,3430617.15
2025-02-28,2025-02-28,221.7,223.6,219.45,222.25,17827,3946589.45
2025-02-27,2025-02-27,228,230,224.85,228.05,9448,2155337.85
2025-02-26,2025-02-26,227.5,229.75,226.9,229,27247,6214500.85
2025-02-25,2025-02-25,227.95,228.85,222.6,222.7,13980.0,3161626.45
2025-02-24,2025-02-24,232.3,233.6,228.4,231,27033,6276150.6
2025-02-21,2025-02-21,238.3,239.55,235.75,236.7,13388,3189327.85
2025-02-20,2025-02-20,240.3,241.25,236.45,236.75,12588,3003494.05
2025-02-19,2025-02-19,240.95,241.3,239.3,241.1,14345,3449737.1
2025-02-18,2025-02-18,240.3,241.25,238.65,239.35,9620.0,2304724.55
2025-02-17,2025-02-17,238.95,239.7,238.95,239.4,9125,2183216.2
2025-02-14,2025-02-14,239.6,239.6,237.7,238.25,4596,1096219.1
2025-02-13,2025-02-13,235.55,238,234,237.6,11173,2640819.8
2025-02-12,2025-02-12,237.65,238.05,233.15,234.65,16063,3775551.05
2025-02-11,2025-02-11,237.3,238.3,236.5,237.9,12441,2953767.6
2025-02-10,2025-02-10,237,239,236.8,238.25,5646,1343407.6
2025-02-07,2025-02-07,237.9,239.6,235.3,236.25,21853,5192338.4
2025-02-06,2025-02-06,237.4,238.95,237.4,238.25,6072,1446801.4
2025-02-05,2025-02-05,232.4,233.85,231.4,233.85,5999,1393547.5
2025-02-04,2025-02-04,232.8,235,231.15,234.95,6969,1623660.6
2025-02-03,2025-02-03,231.6,234.25,229.05,234.25,21784,5044003.55
2025-01-31,2025-01-31,238.85,241.25,238.85,240.6,8357,2006831.4
2025-01-30,2025-01-30,236.55,237.55,233.65,234.9,19533,4614579.1
2025-01-29,2025-01-29,237.45,237.85,234.7,235.05,5141,1217236.6
2025-01-28,2025-01-28,232.85,235.35,230.8,233.9,16123,3769967.15
2025-01-27,2025-01-27,230.85,231,223.85,228.55,23055,5272634.2
2025-01-24,2025-01-24,239.35,240.15,238.15,238.95,16552,3958102.15
2025-01-23,2025-01-23,238.15,239.6,237.4,239.45,13344,3179223.5
2025-01-22,2025-01-22,236.95,239.2,236.6,239.2,26509,6299465.05
2025-01-21,2025-01-21,233.55,235.65,233.45,234.4,7847,1840093.35
2025-01-20,2025-01-20,234.6,234.8,230.5,234.15,19831,4640258.4
2025-01-17,2025-01-17,231.05,235.45,230.75,235,11765,2742488.3
2025-01-16,2025-01-16,232.95,232.95,230.15,230.85,10191,2362729.45
2025-01-15,2025-01-15,222.25,230.3,222.25,229.5,12092,2740883.1
2025-01-14,2025-01-14,224.85,225.9,221.45,221.9,11922,2677533.15
2025-01-13,2025-01-13,221.35,222.3,218.95,221.35,10619,2339460.55
2025-01-10,2025-01-10,227.55,228.55,221.6,222.1,7559,1689863.35
2025-01-09,2025-01-09,226.85,229.95,225.55,227.35,2912,664657
2025-01-08,2025-01-08,228.2,229.2,226,227.9,8171,1858747.45
2025-01-07,2025-01-07,230.35,232.6,228.15,228.8,13646,3145840.25
2025-01-06,2025-01-06,230.65,234.35,230.4,233.95,13898,3227557.6
2025-01-03,2025-01-03,226.85,229.6,225.8,229.6,8021,1820527.85
2025-01-02,2025-01-02,227.55,230.25,226.5,228.95,16307,3716127.85
2024-12-30,2024-12-30,229,230.5,225.05,225.4,6587,1505143.5
2024-12-27,2024-12-27,234,234.45,228.7,230.1,19832,4610387.1
2024-12-23,2024-12-23,229.7,229.9,226,227.9,8393,1918176.35
2024-12-20,2024-12-20,222.55,229.5,218.15,229.5,25496,5659607
2024-12-19,2024-12-19,224.75,228,224.4,227,26844,6055260.9
2024-12-18,2024-12-18,235.9,237.35,234.8,236.55,18387,4342896.95
2024-12-17,2024-12-17,235.8,236.5,234.25,235.55,14114,3321308.3
2024-12-16,2024-12-16,235.2,237.3,235.2,236.85,7114,1682334.05
2024-12-13,2024-12-13,237.25,237.7,234.8,235.7,9135,2163419.3
2024-12-12,2024-12-12,237.25,238.15,236.2,237.4,14303,3397212.5
2024-12-11,2024-12-11,234.8,238.1,234.5,238.1,27100.0,6391493.25
2024-12-10,2024-12-10,234.65,236.5,234.3,235.75,3418,804029.85
2024-12-09,2024-12-09,237.4,237.45,234,235.05,5833,1376381
2024-12-06,2024-12-06,235.55,238,234.5,237,19807,4681388.8
2024-12-05,2024-12-05,237.2,237.65,236.15,236.65,7801,1851439.7
2024-12-04,2024-12-04,236.15,237.75,235.8,236.75,11154,2640810.9
2024-12-03,2024-12-03,235.5,235.55,233.9,234.65,10968,2574404.7
2024-12-02,2024-12-02,233.55,235.75,233.15,235.4,20520.0,4809163.1
2024-11-29,2024-11-29,231.35,233.25,231.05,233.2,4670.0,1081796.4
2024-11-28,2024-11-28,231.65,231.95,231.15,231.85,4304,996730.5
2024-11-27,2024-11-27,233.05,233.5,229.9,230.25,4321,1001189.55
2024-11-26,2024-11-26,231.1,233,230.2,232.95,5826,1348965.9
2024-11-25,2024-11-25,232.45,233.05,230.75,231.2,19395,4494907
2024-11-22,2024-11-22,228.45,231.7,227.9,230.65,14174,3257341.7
2024-11-21,2024-11-21,224.05,227.4,222.85,227.2,24982,5617457.1
2024-11-20,2024-11-20,224.75,225.4,221.05,221.85,8608,1925518.55
2024-11-19,2024-11-19,223.15,223.2,217.85,222.95,8499,1878509.15
2024-11-18,2024-11-18,221.5,223.3,220.45,223.3,14694,3255797.85
2024-11-15,2024-11-15,224.75,224.75,221.55,221.55,14806,3315154.75
2024-11-14,2024-11-14,230.1,231.6,228.65,229,7708,1774308.05
2024-11-13,2024-11-13,227.7,230.3,226.6,230.3,8779,2005495.9
2024-11-12,2024-11-12,229.15,230,228.55,228.95,4600.0,1053659.1
2024-11-11,2024-11-11,228.9,230.75,228.7,229.45,18152,4165919.7
2024-11-08,2024-11-08,224.8,226.85,223.35,226.8,11698,2627506.3
2024-11-07,2024-11-07,221.8,223.35,221.6,223.35,7572,1683014.5
2024-11-06,2024-11-06,219.1,221.8,218,219.95,22835,5025370.85
2024-11-05,2024-11-05,203.8,206.7,203.55,206.6,7964,1634818.7
2024-11-04,2024-11-04,204.65,205.3,202.9,203.85,8170.0,1669709.85
2024-11-01,2024-11-01,204.25,207.9,204,207.25,12166,2502026.75
2024-10-31,2024-10-31,208.4,208.95,204.45,205.15,12438,2567641.4
2024-10-30,2024-10-30,214.55,214.6,211.7,213.3,7926,1695041.7
2024-10-29,2024-10-29,213.3,215,212,213.6,2471,526514.35
2024-10-28,2024-10-28,214.3,214.55,212.9,213.15,14511,3106340.0
2024-10-25,2024-10-25,212.05,215.3,212.05,214.15,4625,989954.2
2024-10-24,2024-10-24,212.9,213.7,211.8,211.8,8871,1888801.8
2024-10-23,2024-10-23,215.4,215.7,212.45,212.6,24367,5219543.75
2024-10-22,2024-10-22,214.3,214.45,212.9,214.3,9561,2041273.5
2024-10-21,2024-10-21,215.2,215.7,213,213.1,20785,4466586.45
2024-10-18,2024-10-18,214.3,215.1,213.85,214.9,16373,3515485
2024-10-17,2024-10-17,214.45,217.2,214.1,215.25,12922,2787118.8
2024-10-16,2024-10-16,211.75,212.4,210.85,212,2152,454882.95
2024-10-15,2024-10-15,214.75,214.9,212.25,212.9,4336,926877.05
2024-10-14,2024-10-14,210.35,213.9,210.15,213.2,16165,3433987.1
2024-10-11,2024-10-11,207.9,210.5,207,209.8,3734,779294.75
2024-10-10,2024-10-10,208.4,208.7,207,208.25,21801,4528603.95
2024-10-09,2024-10-09,204.1,207.65,204.1,207.65,3780.0,777336.4
2024-10-08,2024-10-08,200.95,204.6,200.65,204.4,4881,989579.8
2024-10-07,2024-10-07,204.65,204.7,202.8,204.1,6718,1369174.85
2024-10-04,2024-10-04,200.5,205.25,200.45,202.3,13182,2663825.05
2024-10-03,2024-10-03,200.65,201.65,199,200.9,3771,756070.44
2024-10-02,2024-10-02,199.96,201.65,198.5,201.65,17711,3543666.01
2024-10-01,2024-10-01,202.75,204.15,198.66,200.45,10334,2086135.58
2024-09-30,2024-09-30,200.55,201.2,199,201.05,3321,666052.75
2024-09-27,2024-09-27,201.95,202.4,201.25,201.95,6373,1285922.85
2024-09-26,2024-09-26,203,203.85,200.5,200.5,19300.0,3922408.4
2024-09-25,2024-09-25,199.34,200.8,199.34,200.75,1981,396324.88
2024-09-24,2024-09-24,201.4,201.45,198.66,200.3,10623,2120942.34
2024-09-23,2024-09-23,198.94,200.7,198.5,200.4,5842,1166307.82
2024-09-20,2024-09-20,198.7,199.44,197.64,197.84,5131,1019707.08
2024-09-19,2024-09-19,197.66,200.4,197.38,199.82,11548,2299262.38
2024-09-18,2024-09-18,195.5,195.72,194.44,194.58,4735,923066
2024-09-17,2024-09-17,195.12,197.14,194.98,196.52,4268,837396.84
2024-09-16,2024-09-16,194.2,194.7,192.8,193.52,6861,1331342.94
2024-09-13,2024-09-13,193.34,195.14,193.12,195.14,13169,2560251.12
2024-09-12,2024-09-12,192.06,192.34,189.46,191.28,9680.0,1852241.58
2024-09-11,2024-09-11,185.94,187.42,181.34,183.08,15116,2794142.72
2024-09-10,2024-09-10,184.58,187,184.42,185.86,5801,1076715.14
2024-09-09,2024-09-09,182.74,185.14,182.62,184.32,5264,966193.66
2024-09-06,2024-09-06,184.96,187.76,180.64,181.38,8917,1645351.96
2024-09-05,2024-09-05,187.6,189.72,185.82,185.94,5546,1042101.92
2024-09-04,2024-09-04,187.66,190.2,187.18,188.76,5857,1100514.36
2024-09-03,2024-09-03,197.58,197.7,191.64,192.84,7539,1468439.5
2024-09-02,2024-09-02,196.4,197.54,195.94,197.28,4118,809809.72
2024-08-30,2024-08-30,194.36,195.92,193.98,193.98,2840.0,554071.94
2024-08-29,2024-08-29,192.16,196.68,192.16,195.98,3363,652202.74
2024-08-28,2024-08-28,194.5,195.08,192.12,192.5,3318,644208.72
2024-08-27,2024-08-27,193.86,194.42,192.3,193.42,3142,607635.96
2024-08-26,2024-08-26,194.36,195.86,193.4,193.42,1784,347930.24
2024-08-23,2024-08-23,192.78,195.2,192.56,193.98,4100.0,794526.4
2024-08-22,2024-08-22,194.36,196.34,193.86,193.86,3168,619355.72
2024-08-21,2024-08-21,193.4,194.86,193.04,193.82,1826,353596.6
2024-08-20,2024-08-20,194.92,195.4,192.88,193.26,5081,988664.96
2024-08-19,2024-08-19,191.4,192.88,190.76,192.88,6184,1184710.92
2024-08-16,2024-08-16,192.74,192.88,189.86,191.4,7563,1446349.14
2024-08-15,2024-08-15,185.8,191.1,185.46,190.82,8286,1556155.8
2024-08-14,2024-08-14,184.44,185.1,182.5,185.1,12510.0,2302534.36
2024-08-13,2024-08-13,180.84,182.88,179.84,182.88,6945,1259680.02
2024-08-12,2024-08-12,179.72,181.06,178.44,179.18,7248,1305732.68
2024-08-09,2024-08-09,177.72,179.8,176.54,178.28,7221,1287160.94
2024-08-08,2024-08-08,169.98,177,168.44,176.66,6841,1183142.18
2024-08-07,2024-08-07,174.54,178.6,173.82,177.56,11656,2050728.2
2024-08-06,2024-08-06,172.9,175.1,169.96,173.32,19283,3319051.12
2024-08-05,2024-08-05,169.46,172.62,162.44,170.86,34288,5772479.74
2024-08-02,2024-08-02,184.9,185.84,177.18,178.26,13345,2422993.84
2024-08-01,2024-08-01,195.58,197.48,191.18,191.18,7823,1527283.24
2024-07-31,2024-07-31,191.14,194.6,191.14,194.44,4020.0,775714.36
2024-07-30,2024-07-30,190.46,192.12,188.28,188.46,2077,395991.58
2024-07-29,2024-07-29,191.08,192.42,189.04,189.04,3201,611129.38
2024-07-26,2024-07-26,186.92,189.2,186.78,188.36,5127,964608.02
2024-07-25,2024-07-25,188.22,189.48,185,188.54,7326,1369981.62
2024-07-24,2024-07-24,193.94,194.14,189.38,189.92,7088,1358452.76
2024-07-23,2024-07-23,195.62,198.2,195.02,198.18,7658,1503656.82
2024-07-22,2024-07-22,193.18,196.16,193.18,194.2,6456,1254359.28
2024-07-19,2024-07-19,194.96,195.8,192.82,192.84,9462,1841323.82
2024-07-18,2024-07-18,198.76,199.5,195.5,195.5,5299,1049179.82
2024-07-17,2024-07-17,201.45,201.5,197.98,198.44,15979,3206480.98
2024-07-16,2024-07-16,201.6,203.5,200.7,202.55,3365,680000.7
2024-07-15,2024-07-15,201.3,203.15,201.1,202.45,3687,745517.45
2024-07-12,2024-07-12,199.04,201.3,198,201.15,4087,813095.67
2024-07-11,2024-07-11,202.55,202.8,198.94,198.94,4936,994415.55
2024-07-10,2024-07-10,199.08,200.15,198.94,200.15,3514,702040.36
2024-07-09,2024-07-09,199.06,199.66,198.9,199.28,3066,611184.02
2024-07-08,2024-07-08,197.7,198.9,197.42,198.22,4015,795321.44
2024-07-05,2024-07-05,196.42,197,195.74,196.88,4334,850144.76
2024-07-04,2024-07-04,196.52,196.78,195.84,196.08,6119,1202267.08
2024-07-03,2024-07-03,195.34,195.7,194.52,195.52,3395,662369.98
2024-07-02,2024-07-02,192.44,193.86,191.62,193.86,20854,4006448.68
2024-07-01,2024-07-01,193.2,193.3,191.26,192.74,18041,3464831.08
2024-06-28,2024-06-28,195.84,197.34,195.24,195.54,5249,1028944.18
2024-06-27,2024-06-27,193.76,194.66,193.56,193.56,4220.0,818463.38
2024-06-26,2024-06-26,194.4,195.02,193,193.56,6372,1237193.02
2024-06-25,2024-06-25,192.02,193.4,191.68,193.1,26926,5181194.72
2024-06-24,2024-06-24,193.62,194.34,192.5,194.2,2394,463419
2024-06-21,2024-06-21,194.26,194.48,193.18,193.82,3295,638109.16
2024-06-20,2024-06-20,196,196.58,195,195.34,4762,931923.88
2024-06-19,2024-06-19,194.8,195,194.48,194.66,4810.0,936383.68
2024-06-18,2024-06-18,193.86,194.44,193.5,193.76,4443,861884.08
2024-06-17,2024-06-17,191.44,191.82,190.28,191.54,3078,588612.3
2024-06-14,2024-06-14,191.02,191.12,188.72,190.58,3752,713271.74
2024-06-13,2024-06-13,189.54,190.06,188.58,189.46,1678,317686.4
2024-06-12,2024-06-12,186.82,189.72,185.48,189.02,2484,467193.2
2024-06-11,2024-06-11,185.26,185.5,183.7,185.32,4217,779684.46
2024-06-10,2024-06-10,184.04,185,183.54,185,3509,646458.48
2024-06-07,2024-06-07,183.26,185.12,181.58,184.4,5806,1063614.94
2024-06-06,2024-06-06,182.84,183.5,182.54,182.72,2383,436449.58
2024-06-05,2024-06-05,179.02,181.48,177.02,181.42,12579,2259324.42
2024-06-04,2024-06-04,177.5,178.16,176.36,176.66,8591,1526519.54
2024-06-03,2024-06-03,179.36,179.74,177,177.44,5824,1042539.12
2024-05-31,2024-05-31,175.7,176.48,173.7,173.82,6229,1090103.52
2024-05-30,2024-05-30,176.92,177.52,176.2,176.72,3127,552803.18
2024-05-29,2024-05-29,179.32,179.38,177.76,178.84,4564,814299.8
2024-05-28,2024-05-28,180.76,181.22,179.8,180.02,924,166548.88
2024-05-27,2024-05-27,180.3,180.7,179.84,180.7,2710.0,488273.14
2024-05-24,2024-05-24,178.88,180.72,178.54,180.32,5396,966183.24
2024-05-23,2024-05-23,183.14,183.5,180.8,181.66,10998,2003098.64
2024-05-22,2024-05-22,181.34,182.02,181.22,181.7,2467,448425.08
2024-05-21,2024-05-21,180.78,181.1,180.46,180.98,1978,357479.34
2024-05-20,2024-05-20,180.46,181.72,180.34,181.72,4816,871197.76
2024-05-17,2024-05-17,180.06,180.52,179.6,179.6,2896,521277.64
2024-05-16,2024-05-16,180.92,181.52,180.6,181.38,4097,740969.3
2024-05-15,2024-05-15,177.16,179.42,176.8,179.34,5113,910013.46
2024-05-14,2024-05-14,175.94,176.58,175,175.8,873,153405.1
2024-05-13,2024-05-13,176.74,176.94,175.86,175.86,2622,462822.32
2024-05-10,2024-05-10,176.4,177.16,175.9,175.9,4364,771051.9
2024-05-09,2024-05-09,174.08,175.2,173.8,175.2,4438,773549.24
2024-05-08,2024-05-08,174.7,174.74,173,174.24,3037,527755.8
2024-05-07,2024-05-07,173.7,174.66,173.6,174.38,3638,633249.44
2024-05-06,2024-05-06,170.84,172.06,170.6,172,4741,813133.62
2024-05-03,2024-05-03,167.5,170.48,167.28,169.44,4884,823144.54
2024-05-02,2024-05-02,165.32,166.8,164,165.08,5673,940387.56
2024-04-30,2024-04-30,170.42,170.42,168.64,168.64,8520.0,1446400.74
2024-04-29,2024-04-29,170.02,171.08,169.72,169.8,4295,730870.88
2024-04-26,2024-04-26,168.48,170.36,167.62,169.74,2678,452359.2
2024-04-25,2024-04-25,165.76,165.88,162.7,163.42,6601,1086842.8
2024-04-24,2024-04-24,168.94,169.04,167.16,167.58,10918,1842034.28
2024-04-23,2024-04-23,164.96,167.7,164.32,167.46,12036,1991759.42
2024-04-22,2024-04-22,163.36,164.12,162.2,162.88,9661,1577281.48
2024-04-19,2024-04-19,163.42,164.96,162.92,163.26,10097,1653810.06
2024-04-18,2024-04-18,166.46,167.56,164.82,167.08,5295,879945.7
2024-04-17,2024-04-17,167.74,169.4,166.16,166.16,5636,947351.92
2024-04-16,2024-04-16,168.4,169.42,167.34,168.36,12637,2126235.84
2024-04-15,2024-04-15,174.28,175.48,173,173.6,13903,2421782.9
2024-04-12,2024-04-12,177.18,177.36,173.68,174.54,4326,759667.72
2024-04-11,2024-04-11,173.64,174.1,172.24,173.74,7451,1292914.88
2024-04-10,2024-04-10,175.4,175.9,171.24,173.36,7688,1341848.14
2024-04-09,2024-04-09,174.88,175.66,171.84,172.92,17169,3000951.12
2024-04-08,2024-04-08,174.6,175.88,174.5,175.06,3560.0,622922.04
2024-04-05,2024-04-05,172.32,174.92,165.88,174.56,12961,2233416.24
2024-04-04,2024-04-04,176.68,177.84,176.48,177.56,3688,652123.38
2024-04-03,2024-04-03,176.2,177.02,175.32,176.88,4737,834490.92
2024-04-02,2024-04-02,179.44,179.94,174.82,175.82,23436,4148544.28
2024-03-28,2024-03-28,178.8,179.4,178.78,179.08,3461,619564.46
2024-03-27,2024-03-27,176.9,177.84,176.46,176.82,6892,1221668.22
2024-03-26,2024-03-26,177.14,177.64,176.94,177.24,4123,730988.04
2024-03-25,2024-03-25,177.56,177.78,176.16,176.78,3988,705766.94
2024-03-22,2024-03-22,178.34,178.84,177.54,177.64,6622,1178512.7
2024-03-21,2024-03-21,177.32,178.92,176.6,178.66,6407,1137358.48
2024-03-20,2024-03-20,173.02,173.96,173,173.3,2882,499457.22
2024-03-19,2024-03-19,171.36,172.38,170.04,172.38,6620.0,1133108.44
2024-03-18,2024-03-18,169.98,172.72,169.54,172.04,19309,3317255.72
2024-03-15,2024-03-15,171.24,172.04,168.52,168.56,6775,1150178.48
2024-03-14,2024-03-14,172.22,172.66,170.4,171.38,19054,3263116
2024-03-13,2024-03-13,172.4,172.42,171.26,171.48,4235,727278.54
2024-03-12,2024-03-12,170,172.1,168.68,171.16,18736,3200327.38
2024-03-11,2024-03-11,168.22,168.48,166.94,168.24,3668,614991.14
2024-03-08,2024-03-08,171.26,172.72,169.9,170.7,7546,1293517.3
2024-03-07,2024-03-07,167.46,171,166.86,170.36,5442,918220.48
2024-03-06,2024-03-06,167.48,169.1,167.48,169.06,6025,1014064.22
2024-03-05,2024-03-05,170.14,170.14,167.28,167.66,7526,1269374.28
2024-03-04,2024-03-04,170.88,171.18,170.36,170.54,3330.0,568404.26
2024-03-01,2024-03-01,169.5,170.48,168.14,169.94,14004,2363980.58
2024-02-29,2024-02-29,166.76,168.58,165.82,167.82,2980.0,499053.92
2024-02-28,2024-02-28,167.46,167.52,166.3,167.26,3560.0,593847.12
2024-02-27,2024-02-27,166.92,167.3,166.48,166.56,4303,718150.98
2024-02-26,2024-02-26,168.04,168.5,167.56,167.64,5662,951714.62
2024-02-23,2024-02-23,168.26,169.76,167.96,168.7,5947,1003592.44
2024-02-22,2024-02-22,164.64,167.26,164.44,167.26,26934,4460066.02
2024-02-21,2024-02-21,161.16,161.22,160.34,160.72,2726,438283.18
2024-02-20,2024-02-20,163.24,163.24,160.72,161.02,6204,1006102.24
2024-02-19,2024-02-19,163.76,164.5,163.68,164.18,3223,528786.52
2024-02-16,2024-02-16,166.02,166.54,164,165.38,5869,971794.18
2024-02-15,2024-02-15,165,165.08,163.84,164.3,5830.0,959138.32
2024-02-14,2024-02-14,162.38,163.74,162.3,162.66,3454,562423.64
2024-02-13,2024-02-13,164.9,165.02,161.1,162.34,12272,1995783.24
2024-02-12,2024-02-12,164.98,166.72,164.9,166.72,6591,1090498.46
2024-02-09,2024-02-09,163.8,164.82,163.6,164.02,10838,1778261.54
2024-02-08,2024-02-08,163.38,163.6,162.84,163.12,3603,588280.08
2024-02-07,2024-02-07,160.76,163.38,160.6,162.9,8003,1294487.36
2024-02-06,2024-02-06,160.64,161.16,160,160.56,5664,909873.74
2024-02-05,2024-02-05,160.18,161.04,159.26,159.96,9452,1515915.86
2024-02-02,2024-02-02,157.8,160.12,157.26,160.12,8163,1294304.1
2024-02-01,2024-02-01,154.88,155.1,153.54,154.1,7820.0,1207900.34
2024-01-31,2024-01-31,157.56,157.64,154.9,155.42,4774,746436.52
2024-01-30,2024-01-30,158.14,158.62,157.54,158.2,4464,705935.38
2024-01-29,2024-01-29,155.96,156.88,155.88,156.66,4393,687213.56
2024-01-26,2024-01-26,155.32,156.58,154.82,156.26,3015,469906.78
2024-01-25,2024-01-25,154.26,156.3,153.98,156.22,10005,1551170.28
2024-01-24,2024-01-24,155.02,155.72,154.54,155.42,6668,1034630.18
2024-01-23,2024-01-23,152.92,153.86,152.6,153.5,6148,942656.5
2024-01-22,2024-01-22,152.84,153.92,152.6,153.24,9714,1488521.62
2024-01-19,2024-01-19,149.4,150.4,149.08,149.88,9644,1445168.82
2024-01-18,2024-01-18,146.34,148.02,146.2,148.02,15997,2356825.1
2024-01-17,2024-01-17,146.6,147,145.82,146.84,3578,523826.22
2024-01-16,2024-01-16,146.82,148.64,146.7,148.58,8030.0,1186401.18
2024-01-15,2024-01-15,148.02,148.18,147.58,147.8,2206,326120.08
2024-01-12,2024-01-12,147.14,148.7,146.62,147.66,4572,674446.88
2024-01-11,2024-01-11,148.44,148.96,145.76,145.76,8363,1235242.24
2024-01-10,2024-01-10,146.62,147.42,146.2,146.8,3419,501892.94
2024-01-09,2024-01-09,146.16,146.42,145.06,146.42,56199,8213372.22
2024-01-08,2024-01-08,142.88,144.2,142.08,144.06,11223,1604898.4
2024-01-05,2024-01-05,142.54,143.9,141.66,143.32,10057,1439974.16
2024-01-04,2024-01-04,144.08,144.48,143.16,144.4,8053,1157823.04
2024-01-03,2024-01-03,145.54,145.82,144,144.5,7578,1097025.96
2024-01-02,2024-01-02,147.14,147.26,145.04,145.68,9077,1322561.7
2023-12-29,2023-12-29,147.2,147.54,146.68,147.06,2789,410701.68
2023-12-28,2023-12-28,146.28,146.92,145.98,146.8,3219,471643.94
2023-12-27,2023-12-27,146.98,146.98,145.44,145.8,7647,1118286.38
2023-12-22,2023-12-22,144.8,146.74,144.8,146.12,4719,686710.24
2023-12-21,2023-12-21,144.88,145.24,144.34,144.94,7331,1061235.3
2023-12-20,2023-12-20,147.18,147.7,146.66,147.58,3702,544898.6
2023-12-19,2023-12-19,146.28,146.86,146.14,146.78,4522,661663.22
2023-12-18,2023-12-18,145.18,146.26,144.92,146.18,8824,1285081.86
2023-12-15,2023-12-15,144.86,145.48,144.62,145.34,11060.0,1606460.98
2023-12-14,2023-12-14,145.64,145.92,144.12,144.12,9152,1329257.26
2023-12-13,2023-12-13,142.52,142.82,142.24,142.68,18370.0,2620595.56
2023-12-12,2023-12-12,141.26,141.54,140.22,141.38,20037,2820660.88
2023-12-11,2023-12-11,139.96,140.9,139.66,140.22,8141,1140108.54
2023-12-08,2023-12-08,138.48,140.02,138.32,139.4,12388,1721768.46
2023-12-07,2023-12-07,136.78,138.52,136.54,138.32,5747,788784.66
2023-12-06,2023-12-06,138.56,139.1,137.68,137.68,3263,451621.48
2023-12-05,2023-12-05,136.56,138.12,136.34,137.76,3686,505130.16
2023-12-04,2023-12-04,137.54,137.76,136.24,136.46,9759,1338375.42
2023-12-01,2023-12-01,136.32,137.3,136.06,137.22,26274,3591012.48
2023-11-30,2023-11-30,135.14,136.12,134.9,135.06,37951,5150284.26
2023-11-29,2023-11-29,134.76,136.5,134.76,135.04,19703,2678215.16
2023-11-28,2023-11-28,134.68,135.18,133.96,135.18,3259,438265.2
2023-11-27,2023-11-27,134.82,135.2,134.42,135.18,872,117623.48
2023-11-24,2023-11-24,135.66,136,135.1,135.32,5537,751185.68
2023-11-23,2023-11-23,135.88,135.96,135.64,135.96,5692,773368.22
2023-11-22,2023-11-22,134.44,136.58,134.44,136.1,10294,1395872.38
2023-11-21,2023-11-21,134.38,134.62,133.54,134.04,3378,453522.72
2023-11-20,2023-11-20,132.94,133.96,132.72,133.96,10152,1352308.3
2023-11-17,2023-11-17,134.02,134.44,132.62,133.04,12903,1727464.36
2023-11-16,2023-11-16,133.44,133.48,132.46,132.5,8020.0,1066855.6
2023-11-15,2023-11-15,133.2,134.4,133.18,133.82,9440.0,1263507.56
2023-11-14,2023-11-14,130.04,133.42,129.56,133.18,26451,3456214.82
2023-11-13,2023-11-13,129.12,130.06,129.12,129.78,7207,933858.18
2023-11-10,2023-11-10,127.04,128.24,126.1,128,19115,2435245.52
2023-11-09,2023-11-09,128.14,128.96,127.52,128.12,6530.0,835946.96
2023-11-08,2023-11-08,127.84,128.82,127.54,127.72,10222,1308863.7
2023-11-07,2023-11-07,126.58,128.36,126.58,128.36,7196,916175.66
2023-11-06,2023-11-06,126.68,127,126.4,126.56,9638,1220503.4
2023-11-03,2023-11-03,124.88,126.9,124.64,126.88,22141,2785789.14
2023-11-02,2023-11-02,121.94,124.54,121.88,124.52,34562,4252545.02
2023-11-01,2023-11-01,118.5,120.98,118.12,120.38,13495,1619355.86
2023-10-31,2023-10-31,116.3,117.88,116.3,117.62,8931,1045215.12
2023-10-30,2023-10-30,116.26,116.78,115.2,116.12,11545,1339003.78
2023-10-27,2023-10-27,117.06,117.46,115.54,116.02,11164,1302820.24
2023-10-26,2023-10-26,117.28,118.52,117.06,117.48,13167,1549704.64
2023-10-25,2023-10-25,121.04,121.74,119.62,120.22,9327,1124931.5
2023-10-24,2023-10-24,120.26,122.5,119.96,121.64,25812,3139561.4
2023-10-23,2023-10-23,121.02,121.1,118.84,120.9,20595,2465860.32
2023-10-20,2023-10-20,122.9,123.74,121.18,121.18,9795,1204053.8
2023-10-19,2023-10-19,126.32,126.68,125.38,125.92,12683,1599795.5
2023-10-18,2023-10-18,128.84,129.2,127.86,128.28,10926,1405379.8
2023-10-17,2023-10-17,129.82,129.92,127.98,129.92,5766,743219.32
2023-10-16,2023-10-16,128.38,130.58,127.4,130.16,11905,1533608.6
2023-10-13,2023-10-13,129.1,130.48,128.12,128.38,8628,1116966.28
2023-10-12,2023-10-12,130.22,130.66,129.46,130.06,12410.0,1616223.02
2023-10-11,2023-10-11,128.64,129.5,128.36,128.36,10349,1334103.54
2023-10-10,2023-10-10,127.88,129.78,127.52,129.7,14078,1807478.54
2023-10-09,2023-10-09,124.72,126,124.1,126,19216,2403908.7
2023-10-06,2023-10-06,123.18,124.32,121.04,124.32,11759,1441938.1
2023-10-05,2023-10-05,123.6,124.14,122,122.32,8402,1032990.68
2023-10-04,2023-10-04,121.52,123.12,121.36,122.74,14152,1734523.82
2023-10-03,2023-10-03,126.1,126.6,122.64,122.64,11215,1401823.46
2023-10-02,2023-10-02,126.26,126.6,124.6,126.18,17360.0,2181970.92
2023-09-29,2023-09-29,126.18,127.44,126,126.28,35067,4436381.38
2023-09-28,2023-09-28,125.2,125.96,124.2,125.96,17360.0,2167542.84
2023-09-27,2023-09-27,125.1,125.8,124.5,124.82,17951,2246823.3
2023-09-26,2023-09-26,126.62,126.86,124.76,124.86,34101,4299507.56
2023-09-25,2023-09-25,126.86,127.26,125.24,127.2,61299,7715223.12
2023-09-22,2023-09-22,127,128,126.84,128,13863,1764364.68
2023-09-21,2023-09-21,130.64,130.72,127.92,128.26,7003,904734.2
2023-09-20,2023-09-20,133.2,133.82,133,133.02,4454,593832.8
2023-09-19,2023-09-19,133.66,134.14,131.66,131.98,4288,568354.14
2023-09-18,2023-09-18,134.1,134.22,133.12,133.98,35721,4772496.14
2023-09-15,2023-09-15,137.7,137.76,134.5,134.5,7801,1062926.52
2023-09-14,2023-09-14,134.48,136.62,134.48,136.48,3336,451683.96
2023-09-13,2023-09-13,133.56,134.46,133.1,134.46,1995,267356.02
2023-09-12,2023-09-12,134.92,134.96,133.96,134.28,3535,475753.4
2023-09-11,2023-09-11,134.28,135.32,133.98,134.18,5441,731538.4
2023-09-08,2023-09-08,133.9,134.44,132.8,134.44,5599,746337.08
2023-09-07,2023-09-07,133.4,133.74,132.26,133.5,6836,909614.72
2023-09-06,2023-09-06,135.48,135.48,133.76,133.8,5895,793151.1
2023-09-05,2023-09-05,135.74,137.12,135.48,136.68,18714,2546958.4
2023-09-04,2023-09-04,136.38,136.72,136,136.1,4360.0,594818
2023-09-01,2023-09-01,135.38,136.94,135.34,136.1,19352,2632011.46
2023-08-31,2023-08-31,135.24,136.54,134.92,135.98,3181,432246.82
2023-08-30,2023-08-30,134.12,134.8,133.28,134.44,5739,768825.2
2023-08-29,2023-08-29,131.34,133.48,131,133.48,8697,1148894.68
2023-08-28,2023-08-28,129.76,131.4,129.66,130.62,7144,932305.78
2023-08-25,2023-08-25,128.2,129.3,127.2,128.98,7632,978068.62
2023-08-24,2023-08-24,132.92,132.92,129.52,129.52,8308,1092637.36
2023-08-23,2023-08-23,128.96,130.5,128.9,130.36,6865,889089.22
2023-08-22,2023-08-22,128.22,130,128.22,128.88,16257,2090011.76
2023-08-21,2023-08-21,126.82,127.98,126.58,126.82,32601,4147048.82
2023-08-18,2023-08-18,127.1,127.22,125.34,126.36,35846,4515700.2
2023-08-17,2023-08-17,129.46,129.58,128.58,128.58,14621,1885783.2
2023-08-16,2023-08-16,130.42,131.06,130.06,130.86,14195,1852459.48
2023-08-15,2023-08-15,133.56,133.56,130.5,131.56,3331,438862.18
2023-08-14,2023-08-14,131.5,133.08,131.48,132.82,7220.0,955084.02
2023-08-11,2023-08-11,131.72,131.98,130.28,131.04,7841,1028907
2023-08-10,2023-08-10,132.4,134.18,132,133.1,4345,578902.66
2023-08-09,2023-08-09,134.2,134.38,131.72,131.76,2682,359072.6
2023-08-08,2023-08-08,133.5,134,131.68,132.02,10015,1332086.72
2023-08-07,2023-08-07,133.1,133.42,132.6,133.08,4604,612785.14
2023-08-04,2023-08-04,134.62,135.44,133.24,134.32,5596,752736.16
2023-08-03,2023-08-03,134.52,134.56,133.2,134.12,9012,1207622.06
2023-08-02,2023-08-02,136.48,137.16,135.18,135.6,9158,1245009.84
2023-08-01,2023-08-01,138.88,138.92,138,138.08,6211,859087.64
2023-07-31,2023-07-31,137.88,138.54,137.34,138.02,5297,730839.58
2023-07-28,2023-07-28,136.92,138.2,136.7,138.18,6841,939731.66
2023-07-27,2023-07-27,137.06,139.66,137.06,138.88,6962,961257.58
2023-07-26,2023-07-26,136.88,136.9,135.82,135.96,3335,454282.26
2023-07-25,2023-07-25,135.98,136.7,135.66,136.7,4106,558815.2
2023-07-24,2023-07-24,134,136,133.9,135.72,10543,1424583.64
2023-07-21,2023-07-21,134.24,135.44,134.24,135.06,3948,533058.52
2023-07-20,2023-07-20,134.16,135,134.16,134.88,6137,825747.46
2023-07-19,2023-07-19,134.26,135.54,133.9,135.36,4749,639120.1
2023-07-18,2023-07-18,131.54,132.94,131.52,132.94,18455,2438350.74
2023-07-17,2023-07-17,130.64,131.82,130.64,131.82,4862,637933.32
2023-07-14,2023-07-14,131.4,132.22,131.18,131.94,5821,766401.14
2023-07-13,2023-07-13,130.92,131.28,130.8,130.98,3180.0,416795.64
2023-07-12,2023-07-12,129.9,131.74,129.9,131.04,9065,1189111.78
2023-07-11,2023-07-11,128.5,129.38,128.08,129,4298,553088.76
2023-07-10,2023-07-10,127.42,128.66,127.16,128.22,8774,1121727.02
2023-07-07,2023-07-07,129.42,129.86,128.98,129.22,3534,457147.46
2023-07-06,2023-07-06,131.24,131.32,128.56,128.88,8019,1039037.86
2023-07-05,2023-07-05,131.64,132.52,130.88,132.3,2164,284909.72
2023-07-04,2023-07-04,132.02,132.3,131.96,132.24,2941,388396.72
2023-07-03,2023-07-03,132.1,132.46,131.38,131.94,1869,246761.26
2023-06-30,2023-06-30,129.54,131.6,129.42,131.32,7789,1019572.26
2023-06-29,2023-06-29,127.94,128.8,127.66,128.76,7499,960235.18
2023-06-28,2023-06-28,126.82,127.86,126.5,127.8,8484,1078497.94
2023-06-27,2023-06-27,125.64,125.86,124.72,125.86,3659,457887.48
2023-06-26,2023-06-26,126.34,126.86,125.52,125.8,7747,976635.38
2023-06-23,2023-06-23,126.86,127.6,126.1,126.44,1925,244609.58
2023-06-22,2023-06-22,125.8,126.72,125.32,126.72,7991,1005346.48
2023-06-21,2023-06-21,128.04,128.56,126.46,127,10309,1310714.36
2023-06-20,2023-06-20,128.8,129.12,127.36,127.94,4698,602233.42
2023-06-19,2023-06-19,129.48,129.82,129,129.12,4246,548904.2
2023-06-16,2023-06-16,130.04,131.44,130,130.46,14914,1949540.42
2023-06-15,2023-06-15,128.38,129.42,126.96,129.42,11394,1462260.88
2023-06-14,2023-06-14,128.9,129.4,128.26,129.28,6147,793140.62
2023-06-13,2023-06-13,127.76,129.04,127,128.66,10279,1314354.58
2023-06-12,2023-06-12,126.16,126.16,125.34,125.98,2831,356007.02
2023-06-09,2023-06-09,124.3,126.4,124.08,125.32,6330.0,795979.8
2023-06-08,2023-06-08,123.84,124.16,123.04,124.14,11010.0,1363367.36
2023-06-07,2023-06-07,125.06,125.56,124.42,124.86,5552,694268.94
2023-06-06,2023-06-06,124.22,125.34,124,124.94,9657,1203808.32
2023-06-05,2023-06-05,124.76,125.6,124.76,125.4,8112,1015286.38
2023-06-02,2023-06-02,121.3,124.56,121.3,124.28,18798,2300047.38
2023-06-01,2023-06-01,119.82,120.26,118.4,120.24,5935,710255.08
2023-05-31,2023-05-31,119.7,120.76,118.8,118.84,12277,1468807.7
2023-05-30,2023-05-30,121.36,122,120.24,120.56,9963,1209080.22
2023-05-29,2023-05-29,121.2,121.22,120.88,121.2,4835,585466.7
2023-05-26,2023-05-26,117.22,120.4,116.68,119.88,28916,3403377.02
2023-05-25,2023-05-25,116.5,117.72,116.16,116.52,30764,3591645.52
2023-05-24,2023-05-24,116.22,116.44,114.5,114.94,11062,1277133.8
2023-05-23,2023-05-23,118.72,119.02,118.24,118.56,6755,801323.54
2023-05-22,2023-05-22,118.36,119.3,118,119.2,8287,985149.34
2023-05-19,2023-05-19,119.54,120.16,118.48,118.48,21084,2524748.4
2023-05-18,2023-05-18,116.6,118.78,116.6,118.54,12601,1483701.86
2023-05-17,2023-05-17,114.06,115.18,113.88,114.98,3878,444786.8
2023-05-16,2023-05-16,114.46,114.86,113.9,114.38,3922,449019.68
2023-05-15,2023-05-15,115.06,115.4,113.6,114.64,11838,1358126.46
2023-05-12,2023-05-12,114.58,115.42,114.1,114.1,9175,1055572.88
2023-05-11,2023-05-11,115.16,115.48,113.22,114.06,14938,1707060.58
2023-05-10,2023-05-10,113.48,114.88,112.72,113.72,14784,1681889.52
2023-05-09,2023-05-09,113.64,113.66,113.16,113.64,6748,764960.24
2023-05-08,2023-05-08,113.12,113.86,113.04,113.32,7964,902928.4
2023-05-05,2023-05-05,110.3,113.04,110.02,112.78,17753,1981351.74
2023-05-04,2023-05-04,110.98,111.2,108.86,109.64,11387,1252426.18
2023-05-03,2023-05-03,113.1,113.48,112.2,112.32,5843,659215.36
2023-05-02,2023-05-02,115.7,115.96,111.68,111.68,25852,2928052.6
2023-04-28,2023-04-28,113.36,115,112.92,114.44,29788,3389109.3
2023-04-27,2023-04-27,109.98,111.7,109.98,111.7,11202,1241328.56
2023-04-26,2023-04-26,111.46,111.48,109.38,110.54,13110.0,1445545.84
2023-04-25,2023-04-25,112.8,113.14,112.4,112.48,10588,1193415.88
2023-04-24,2023-04-24,113.12,114.06,112.98,113.14,9347,1059573.72
2023-04-21,2023-04-21,114.06,114.34,113.34,113.7,8228,936176.54
2023-04-20,2023-04-20,114.8,114.88,113.58,114.14,12007,1370853.1
2023-04-19,2023-04-19,114.86,115.16,114.18,114.96,5950.0,682119.16
2023-04-18,2023-04-18,115.74,116.5,114.84,115.18,38099,4407884.88
2023-04-17,2023-04-17,114.78,115.34,114.5,114.6,7807,897083.14
2023-04-14,2023-04-14,113.84,115.32,113.64,113.96,4440.0,507087.96
2023-04-13,2023-04-13,112.4,112.8,111.7,112.72,12130.0,1360009.9
2023-04-12,2023-04-12,113.58,115.32,112.22,112.82,9477,1080543.52
2023-04-11,2023-04-11,114.4,114.4,113.4,113.46,6877,784023.92
2023-04-06,2023-04-06,112.52,112.86,111.76,112.26,7940.0,891478.58
2023-04-05,2023-04-05,112.96,112.96,111.86,112.22,10364,1164179.74
2023-04-04,2023-04-04,114.7,115.38,112.52,112.84,9825,1122843.2
2023-04-03,2023-04-03,114.14,114.74,113.48,113.8,23765,2712196.02
2023-03-31,2023-03-31,111,112.92,110.86,112.76,8421,940834.24
2023-03-30,2023-03-30,110.44,111,110.1,110.5,21833,2416005.42
2023-03-29,2023-03-29,108.78,109.48,108.68,109.04,10132,1104522.98
2023-03-28,2023-03-28,108.5,108.5,106.6,107.1,11258,1207233.74
2023-03-27,2023-03-27,108.74,109.4,107.84,108.2,34736,3779483.08
2023-03-24,2023-03-24,106.5,106.5,104.7,106.24,28676,3031737.68
2023-03-23,2023-03-23,106.34,108.26,105.5,107.52,19181,2040493.42
2023-03-22,2023-03-22,109.04,110,108.84,109,13220.0,1445802.44
2023-03-21,2023-03-21,107.7,109.2,107.68,108.36,17674,1914919.24
2023-03-20,2023-03-20,104.9,107.5,103.66,106.4,21146,2236042.56
2023-03-17,2023-03-17,108.8,109.28,105.44,106.4,29319,3158079.1
2023-03-16,2023-03-16,105.94,107.86,104,107.44,16170.0,1708845.42
2023-03-15,2023-03-15,105.5,105.8,102.2,103.62,42903,4459304.54
2023-03-14,2023-03-14,103.26,106.46,102.6,105.92,22204,2324272.48
2023-03-13,2023-03-13,105.44,105.52,100.02,103.26,42843,4429398.44
2023-03-10,2023-03-10,105.72,107.46,103.5,107,22751,2409417.2
2023-03-09,2023-03-09,111.16,112.4,110.6,111.4,10245,1142413.08
2023-03-08,2023-03-08,111.38,111.78,110.8,110.98,14608,1626070.36
2023-03-07,2023-03-07,113.58,114.02,112,112.12,10508,1191781.42
2023-03-06,2023-03-06,113.72,114.8,113.4,114.58,8664,988989.68
2023-03-03,2023-03-03,110.2,112.5,110.04,112.42,9540.0,1063933
2023-03-02,2023-03-02,106.86,108.6,106.86,108.22,25926,2787672.66
2023-03-01,2023-03-01,109.88,110.1,107.48,108.16,13475,1463382.64
2023-02-28,2023-02-28,109.9,111.28,109.74,110.42,31321,3459018.62
2023-02-27,2023-02-27,111.12,112.42,110.98,110.98,28243,3149133.26
2023-02-24,2023-02-24,111.96,112,108.98,109.82,21391,2364405.72
2023-02-23,2023-02-23,111.92,113,110.8,110.84,16520.0,1854541.86
2023-02-22,2023-02-22,111.26,111.7,110.36,111.32,11881,1320683.78
2023-02-21,2023-02-21,114.14,114.14,111.72,111.78,11415,1290525.5
2023-02-20,2023-02-20,114.84,115.04,114.5,114.56,1047,120061.98
2023-02-17,2023-02-17,114.98,115.4,113.9,113.96,15280.0,1752250.92
2023-02-16,2023-02-16,119.36,119.46,116.16,117.58,10208,1199543.3
2023-02-15,2023-02-15,116.74,118.12,116.7,118.06,7349,862872.2
2023-02-14,2023-02-14,117.9,119.56,116.02,116.2,44748,5263273.8
2023-02-13,2023-02-13,115.38,117.68,115.38,117.36,9391,1091558.52
2023-02-10,2023-02-10,114.8,115.6,113.68,115.34,30279,3470516.18
2023-02-09,2023-02-09,118.46,118.88,117,117.18,10491,1239369.62
2023-02-08,2023-02-08,119.08,119.2,117,117.06,15216,1803690.14
2023-02-07,2023-02-07,117.02,117.36,116.46,117.36,17229,2015720.1
2023-02-06,2023-02-06,116.5,117.26,115.42,117.22,22599,2628159.48
2023-02-03,2023-02-03,116.74,119.46,115.92,119.46,43827,5133924.14
2023-02-02,2023-02-02,114.96,118.62,114.94,118.62,34088,3972473.86
2023-02-01,2023-02-01,112.76,112.8,111.46,112.1,4994,561375.36
2023-01-31,2023-01-31,110.9,111.7,109.28,111.62,13082,1448400.5
2023-01-30,2023-01-30,111.6,112.32,110.32,111.64,17021,1890807.08
2023-01-27,2023-01-27,111.64,113.08,111.5,112.96,11106,1244592.86
2023-01-26,2023-01-26,110.28,111.78,110,110.74,20984,2323976.68
2023-01-25,2023-01-25,109.4,109.4,106.14,107.66,12530.0,1347413.66
2023-01-24,2023-01-24,110.14,110.2,109,109.9,11890.0,1306350.18
2023-01-23,2023-01-23,107.34,110.96,107.1,110.46,12468,1352573.16
2023-01-20,2023-01-20,104.92,106.16,104.12,106.08,8444,886958.88
2023-01-19,2023-01-19,105.8,105.86,104.04,104.04,8457,887593.34
2023-01-18,2023-01-18,109.54,110.14,107.72,107.72,23535,2573214.46
2023-01-17,2023-01-17,109.08,110.72,108.8,109.7,8581,938322.9
2023-01-16,2023-01-16,109.62,110,108.78,109.7,6081,664671.34
2023-01-13,2023-01-13,108.42,108.84,106.98,108.34,13922,1505188.16
2023-01-12,2023-01-12,108.84,110,106.96,108.1,19985,2175750.4
2023-01-11,2023-01-11,106.28,107.5,106.16,107.26,19168,2049385.54
2023-01-10,2023-01-10,104.72,105.74,103.96,104.92,11062,1159392.8
2023-01-09,2023-01-09,105.76,108,105.58,107.82,11900.0,1272751.66
2023-01-06,2023-01-06,102.78,105.4,102.6,105.18,15399,1604015.44
2023-01-05,2023-01-05,103.62,104.7,102.22,102.68,12650.0,1308196.76
2023-01-04,2023-01-04,103.38,104.9,102.66,104.9,11543,1195891.2
2023-01-03,2023-01-03,104.68,106.48,102.44,102.44,24917,2603853.84
2023-01-02,2023-01-02,104.38,106.78,104.28,106.56,4054,427556.12
2022-12-30,2022-12-30,102.56,102.8,102.12,102.12,13845,1419478.4
2022-12-29,2022-12-29,100.82,103.48,100.5,103.48,10245,1041428.44
2022-12-28,2022-12-28,103.32,103.66,101.38,101.56,8904,911877.56
2022-12-27,2022-12-27,105.38,105.38,102,103.02,9600.0,1000766.42
2022-12-23,2022-12-23,102.8,103.54,101.5,103.04,11227,1154422.76
2022-12-22,2022-12-22,105.88,106.1,101.84,102.18,7271,757276.32
2022-12-21,2022-12-21,103.44,106.36,103.1,106.02,14723,1538667.32
2022-12-20,2022-12-20,101.14,103.16,100.88,102.1,31903,3257822
2022-12-19,2022-12-19,104.74,105.22,102.98,102.98,34399,3598138.22
2022-12-16,2022-12-16,106.22,106.22,103.74,104.14,18237,1915469.56
2022-12-15,2022-12-15,110.82,110.82,106.44,106.6,18622,2026563.7
2022-12-14,2022-12-14,113.86,114.92,112.8,114.74,7125,809262.58
2022-12-13,2022-12-13,112.64,119.5,112.64,115.24,21474,2483857.92
2022-12-12,2022-12-12,109.74,111.06,109.6,110.7,9006,991143.86
2022-12-09,2022-12-09,111.86,112.54,110,111.66,12863,1434958.36
2022-12-08,2022-12-08,110.3,111.8,110.18,110.9,8878,983816.22
2022-12-07,2022-12-07,111.1,111.18,108.76,109.98,14475,1593864.74
2022-12-06,2022-12-06,114.12,114.58,110.84,111.36,12850.0,1441400.7
2022-12-05,2022-12-05,116.58,116.94,114.9,114.98,6030.0,701088.88
2022-12-02,2022-12-02,117.82,118.28,114.8,116.82,8031,937299.96
2022-12-01,2022-12-01,119.54,119.82,117.16,118.22,24439,2907076.24
2022-11-30,2022-11-30,113.58,113.88,112.5,113.64,8277,937687.32
2022-11-29,2022-11-29,114.32,114.6,112.24,112.48,5799,660183.96
2022-11-28,2022-11-28,115.58,115.88,113.82,114.76,8192,939477.48
2022-11-25,2022-11-25,117.1,117.32,116.78,116.82,5478,640877.96
2022-11-24,2022-11-24,117.04,117.8,117,117.28,4038,473219.2
2022-11-23,2022-11-23,116.46,117.28,115.94,116.94,24560.0,2865793.18
2022-11-22,2022-11-22,113.6,115.5,113.46,115.12,18436,2108009.5
2022-11-21,2022-11-21,113.92,114.64,113.4,113.62,11310.0,1288326
2022-11-18,2022-11-18,112.22,114.62,112.22,113.58,19153,2172621.26
2022-11-17,2022-11-17,114.12,114.3,110.8,111.5,19581,2197538.26
2022-11-16,2022-11-16,115.66,115.66,112.88,113.56,13185,1505764.7
2022-11-15,2022-11-15,114.3,117.1,114.12,116.58,25633,2962591.96
2022-11-14,2022-11-14,115.2,115.84,114.5,115.34,13193,1516921.64
2022-11-11,2022-11-11,115.7,116.18,113.4,113.58,29075,3346558.28
2022-11-10,2022-11-10,106.02,113.4,105.82,113.4,34613,3852300.42
2022-11-09,2022-11-09,109.52,109.72,107.36,107.78,24211,2627062.68
2022-11-08,2022-11-08,108.3,110.86,108.3,110.86,18615,2039518.14
2022-11-07,2022-11-07,106.82,108.58,106.7,107.88,25242,2716391.6
2022-11-04,2022-11-04,107.12,108.9,104.68,105.42,37320.0,4012023.84
2022-11-03,2022-11-03,108.96,109.06,105.88,107.72,39339,4238003.18
2022-11-02,2022-11-02,113.82,113.96,111.64,111.64,23479,2643290.56
2022-11-01,2022-11-01,115.26,116.2,112.88,113.28,25510.0,2932843.98
2022-10-31,2022-10-31,114.66,115.5,113.76,114.4,30158,3450173.72
2022-10-28,2022-10-28,107.96,113.56,107.6,112.94,25270.0,2761086.1
2022-10-27,2022-10-27,110.58,111.86,109.66,111.06,27841,3075927.66
2022-10-26,2022-10-26,110.6,112.8,110,112.8,24415,2711329.14
2022-10-25,2022-10-25,110.48,111.78,109.34,111.78,17196,1899128.66
2022-10-24,2022-10-24,108.08,110.3,106.74,108.96,38952,4218710.32
2022-10-21,2022-10-21,103.04,106.1,102.5,105.18,33153,3451063.28
2022-10-20,2022-10-20,104.94,107.2,104,106.38,29552,3101879.98
2022-10-19,2022-10-19,106.64,107.62,105.2,105.68,16902,1799400.04
2022-10-18,2022-10-18,106.3,108.52,104.74,104.74,56372,6031197.44
2022-10-17,2022-10-17,101.94,104.92,101,104.02,48676,5004306.76
2022-10-14,2022-10-14,105.38,107.1,101.42,101.66,52793,5488582.8
2022-10-13,2022-10-13,99.76,102,95.73,101.5,40225,3953073.12
2022-10-12,2022-10-12,101.28,102.22,99.93,100.74,10874,1100874.66
2022-10-11,2022-10-11,100.08,101.68,99.45,101.38,21445,2153826.29
2022-10-10,2022-10-10,102.3,104.04,101.52,102.02,17820.0,1831646.96
2022-10-07,2022-10-07,107.78,108.52,103.96,104.24,24394,2597848.08
2022-10-06,2022-10-06,109.58,111,108,109.86,30214,3305473.86
2022-10-05,2022-10-05,107.82,108.4,106.66,107.64,25369,2732274.58
2022-10-04,2022-10-04,106.48,109.2,106.24,108.88,42944,4615200.02
2022-10-03,2022-10-03,99.84,103.84,99.1,103.32,40386,4074286.46
2022-09-30,2022-09-30,103.58,104.82,101.98,103.98,23635,2449716.3
2022-09-29,2022-09-29,106.86,106.94,102.24,103,30332,3183667.38
2022-09-28,2022-09-28,104.92,107.42,103.26,107.1,40659,4278618
2022-09-27,2022-09-27,107.56,108.86,106.28,106.34,51379,5543238.14
2022-09-26,2022-09-26,106.14,108.52,105.2,106.9,32832,3509467.4
2022-09-23,2022-09-23,108.8,109.02,106.28,106.46,29920.0,3207593.62
2022-09-22,2022-09-22,109.9,111.92,108.86,109.26,16624,1836363.62
2022-09-21,2022-09-21,113.58,115.68,113.2,115.56,11036,1262581.96
2022-09-20,2022-09-20,116.22,116.4,112.84,113.44,7185,824646.08
2022-09-19,2022-09-19,113.18,114.76,112,113.3,6791,768323.32
2022-09-16,2022-09-16,114.18,114.5,112.22,112.66,12930.0,1467628.92
2022-09-15,2022-09-15,119.26,119.5,116.14,116.96,4553,538035.38
2022-09-14,2022-09-14,118.98,119.26,117.16,118.5,13815,1635876.14
2022-09-13,2022-09-13,128,129.4,120.48,120.84,45328,5646456.24
2022-09-12,2022-09-12,124.7,127.66,124.5,127.24,20248,2559514.58
2022-09-09,2022-09-09,122.44,125.42,122.44,125.12,22566,2777725.48
2022-09-08,2022-09-08,121.2,123,119.3,122.96,23133,2792884.98
2022-09-07,2022-09-07,117.28,119.26,117,119.12,11098,1309459.24
2022-09-06,2022-09-06,119.42,120.32,116.58,118.9,17903,2128262.4
2022-09-05,2022-09-05,119.26,119.38,118.3,119.02,6350.0,755305.28
2022-09-02,2022-09-02,120.2,122.86,119.68,122.46,13761,1668839.28
2022-09-01,2022-09-01,117.66,118.5,116.86,118.16,15031,1768619.44
2022-08-31,2022-08-31,122.4,122.72,119.76,120.36,25414,3084821.86
2022-08-30,2022-08-30,124.86,126.12,120.28,121.64,8962,1102939.6
2022-08-29,2022-08-29,124.86,124.92,123.18,124.06,11348,1406318.8
2022-08-26,2022-08-26,134.72,135.2,128.94,129.46,11112,1479207.54
2022-08-25,2022-08-25,133.26,133.8,132,132.8,7182,957053.68
2022-08-24,2022-08-24,130.6,131.94,129.78,131.9,5575,729282.72
2022-08-23,2022-08-23,131.44,132.76,130.32,131,5438,716054
2022-08-22,2022-08-22,135.1,135.14,132,133.04,12621,1686686.42
2022-08-19,2022-08-19,137.74,137.96,135.98,136.04,6794,930926.44
2022-08-18,2022-08-18,136.4,138.5,136.38,138.5,5144,706220.34
2022-08-17,2022-08-17,139.1,139.34,136.72,136.78,11868,1632840.54
2022-08-16,2022-08-16,138.38,139.22,137.34,139,7069,978728.44
2022-08-15,2022-08-15,135.96,137.12,135.34,137.02,7278,990113.68
2022-08-12,2022-08-12,131.94,134.5,131.84,134.44,9462,1260628.66
2022-08-11,2022-08-11,132.28,133.98,131.56,132.48,12454,1650136.64
2022-08-10,2022-08-10,126.84,130.6,126.84,130.52,10558,1363348.52
2022-08-09,2022-08-09,128.98,129.16,126.56,127.44,13277,1695923.88
2022-08-08,2022-08-08,130,131.28,129.44,129.96,18960.0,2477040.94
2022-08-05,2022-08-05,129.18,129.54,126.78,127.76,8310.0,1065875.1
2022-08-04,2022-08-04,129.54,130.6,128.46,128.56,29737,3857728.92
2022-08-03,2022-08-03,126.16,129.3,125.88,129.2,3962,504000.94
2022-08-02,2022-08-02,125.56,127.32,124.62,126.86,14751,1854502.46
2022-08-01,2022-08-01,126.82,127.94,125.28,127.32,12384,1566912.72
2022-07-29,2022-07-29,125.56,127.58,125.46,125.88,14784,1863121.04
2022-07-28,2022-07-28,120.7,123.54,120.14,123.26,11736,1422147.72
2022-07-27,2022-07-27,118.14,119.84,117.56,119.44,6101,725824.4
2022-07-26,2022-07-26,117.5,118.22,116.5,116.6,3222,378233.6
2022-07-25,2022-07-25,117.96,118.86,116.84,118.28,13052,1538924.26
2022-07-22,2022-07-22,119.1,120.66,118.26,118.26,18301,2191842.94
2022-07-21,2022-07-21,117.78,118.42,116.32,118.42,8542,1002334.34
2022-07-20,2022-07-20,116.54,118.26,115.48,118.06,9898,1150629.14
2022-07-19,2022-07-19,111.58,114.4,110.42,114.4,10482,1173039.94
2022-07-18,2022-07-18,114.48,115.58,113.9,114.18,7247,832008.22
2022-07-15,2022-07-15,109.66,113.32,109.66,113.06,6144,686258.96
2022-07-14,2022-07-14,109.84,109.9,106.78,107.54,6908,743663.72
2022-07-13,2022-07-13,112.2,112.34,107.74,109.76,10931,1191933.6
2022-07-12,2022-07-12,112.54,114.28,111.94,113.58,7458,837701.98
2022-07-11,2022-07-11,113.28,114.34,113.04,113.56,9711,1101822.14
2022-07-08,2022-07-08,114.2,115.52,113.34,115.52,14296,1639273.26
2022-07-07,2022-07-07,111.9,114.22,111.72,114.02,5311,597481.6
2022-07-06,2022-07-06,109.56,111.46,109.18,109.82,10130.0,1114035.74
2022-07-05,2022-07-05,108.48,108.6,104.96,105.42,11225,1206995.18
2022-07-04,2022-07-04,106.62,107.12,106.08,106.9,1142,121776.94
2022-07-01,2022-07-01,102.94,107.1,102.94,105.68,7061,741797.56
2022-06-30,2022-06-30,104.52,105.5,102.88,104.96,14869,1551532.9
2022-06-29,2022-06-29,106.5,107.66,105.76,107.24,10866,1160104.76
2022-06-28,2022-06-28,111.6,113.46,109.42,109.6,14267,1591944.68
2022-06-27,2022-06-27,111.5,112.92,109.86,111.14,25432,2851581.74
2022-06-24,2022-06-24,106.48,110.08,106.4,109.82,17565,1902952.24
2022-06-23,2022-06-23,102.44,105.08,102,104.08,10523,1096514.9
2022-06-22,2022-06-22,100.4,104.42,99.9,104.1,19453,1966339.98
2022-06-21,2022-06-21,101.16,103.84,101.1,103.38,19299,1977334.06
2022-06-20,2022-06-20,99.62,100.6,99.27,100.6,9198,919724.54
2022-06-17,2022-06-17,99.65,100.82,97.62,99.16,33201,3304086.16
2022-06-16,2022-06-16,104.5,104.5,98.08,99.03,18007,1820036.35
2022-06-15,2022-06-15,103.74,106.4,103.2,105.28,17980.0,1876323.84
2022-06-14,2022-06-14,106.5,106.58,103,103.84,13810.0,1442861.66
2022-06-13,2022-06-13,108.5,108.5,104,105.46,25237,2685550.28
2022-06-10,2022-06-10,117.12,118,111.7,111.7,22319,2579486.46
2022-06-09,2022-06-09,121.96,123.66,120.8,121.28,4948,604356
2022-06-08,2022-06-08,124.08,124.36,123.24,124.26,9301,1150732.54
2022-06-07,2022-06-07,121.22,123.44,120.42,122.52,4987,606640.18
2022-06-06,2022-06-06,123.12,125.3,123.02,123.54,3339,412497.14
2022-06-03,2022-06-03,125.16,125.16,121.14,121.72,6782,835803.5
2022-06-02,2022-06-02,122.16,122.9,119.92,121.86,10964,1330820.06
2022-06-01,2022-06-01,123.86,125,121,121.32,5541,683732.74
2022-05-31,2022-05-31,123.84,124.7,121.64,122.38,21003,2581241.6
2022-05-30,2022-05-30,126.28,126.9,124.68,125.44,10446,1315443.22
2022-05-27,2022-05-27,118.66,122.8,118.3,122.74,17435,2109355.34
2022-05-26,2022-05-26,114.44,118.48,114.32,117.96,8347,971505.54
2022-05-25,2022-05-25,113.9,114.62,111.56,113.14,8010.0,910092.62
2022-05-24,2022-05-24,111.1,112.08,108.46,108.82,4020.0,442774.52
2022-05-23,2022-05-23,113.96,114.32,111.02,114.32,17461,1977529
2022-05-20,2022-05-20,112.64,114.06,109.44,110.14,9574,1078539.9
2022-05-19,2022-05-19,113.5,113.52,109.9,112.08,17775,1979022.28
2022-05-18,2022-05-18,122.34,122.64,116.58,116.8,4922,595062.78
2022-05-17,2022-05-17,120.38,123.38,119.84,121.58,18287,2226125.62
2022-05-16,2022-05-16,119.2,120.58,118.1,118.78,8371,998164.66
2022-05-13,2022-05-13,116.96,120.62,116.78,120.5,17136,2028175
2022-05-12,2022-05-12,113.7,116.88,112.2,114.94,21088,2397974.12
2022-05-11,2022-05-11,118.38,120.46,115.2,119.2,16184,1914002.58
2022-05-10,2022-05-10,119.38,121.5,116,116.5,18453,2203240.74
2022-05-09,2022-05-09,123.58,123.78,118.4,118.6,18749,2263326.54
2022-05-06,2022-05-06,126.78,126.78,121.5,124.9,10271,1276343.86
2022-05-05,2022-05-05,134.12,134.42,127.32,127.88,15982,2117548.3
2022-05-04,2022-05-04,129.4,129.96,126.88,126.88,5978,767787.9
2022-05-03,2022-05-03,128,129.78,126.6,129.78,6393,817229.3
2022-05-02,2022-05-02,127.5,127.92,124.8,125.82,15645,1980533.66
2022-04-29,2022-04-29,134.58,134.84,131,131.9,14372,1903618.26
2022-04-28,2022-04-28,132.64,134.56,130.26,131.98,9864,1311149.94
2022-04-27,2022-04-27,129.34,132.08,127.98,131.42,14436,1874339.58
2022-04-26,2022-04-26,134.22,134.34,129.76,129.76,18380.0,2419964.32
2022-04-25,2022-04-25,130.96,131.74,129,130.24,11555,1506664.62
2022-04-22,2022-04-22,139.52,139.64,135.86,135.86,20388,2806247.2
2022-04-21,2022-04-21,143.74,146,143.54,144.18,5727,831652.46
2022-04-20,2022-04-20,142.5,145,142.1,143.88,9777,1404408.4
2022-04-19,2022-04-19,140.36,143.24,138.5,143.22,4633,649244.2
2022-04-14,2022-04-14,141.78,143.52,141.18,141.94,7908,1123135.42
2022-04-13,2022-04-13,141.18,141.18,139.3,141.12,17467,2448542.08
2022-04-12,2022-04-12,139.12,143.5,138.42,142.64,16809,2377533.74
2022-04-11,2022-04-11,143.46,144.16,140.86,141.48,6070.0,864910.3
2022-04-08,2022-04-08,146.4,147.1,144.24,145.94,11296,1650147.38
2022-04-07,2022-04-07,143.72,144.9,142.34,142.66,8013,1152020.78
2022-04-06,2022-04-06,147.18,147.4,142.5,142.76,11402,1647213.92
2022-04-05,2022-04-05,149.36,150.1,148.12,148.76,18858,2811480.32
2022-04-04,2022-04-04,146.66,148.28,145.66,148.2,17812,2619606.16
2022-04-01,2022-04-01,146.34,147.02,144.92,144.92,10268,1501422.54
2022-03-31,2022-03-31,148.92,149.48,148,148.32,12933,1923235.14
2022-03-30,2022-03-30,150.28,150.5,148.34,148.88,18689,2795297.64
2022-03-29,2022-03-29,149.12,150.3,148.06,149.58,16419,2451116.3
2022-03-28,2022-03-28,146.56,147.92,146.24,146.24,7578,1114062.44
2022-03-25,2022-03-25,145,146.5,143.8,145.12,8837,1282749.72
2022-03-24,2022-03-24,142.6,144.08,142,142.98,3799,543446.62
2022-03-23,2022-03-23,144.34,144.34,142.54,142.96,10240.0,1470826.52
2022-03-22,2022-03-22,141.84,144.24,141.58,143.82,14532,2071158.86
2022-03-21,2022-03-21,140.34,142,139.96,140.06,5119,719994.7
2022-03-18,2022-03-18,136.08,138.72,135.58,138.72,16321,2232192.66
2022-03-17,2022-03-17,134.72,134.86,132.82,134.86,18477,2478444.22
2022-03-16,2022-03-16,131.76,134,131.5,133.24,13739,1824222.62
2022-03-15,2022-03-15,122.92,128.74,121.86,128.74,14805,1852549
2022-03-14,2022-03-14,128.12,128.76,125.36,125.36,12154,1548957.74
2022-03-11,2022-03-11,129.08,133,128.62,128.9,10933,1435813.7
2022-03-10,2022-03-10,129.14,129.16,125.92,125.92,10268,1312869.24
2022-03-09,2022-03-09,126.78,129.42,126.52,128.72,10339,1324248.26
2022-03-08,2022-03-08,126.52,128.64,124.5,125.04,9761,1237273.42
2022-03-07,2022-03-07,131.04,134.5,129.7,130.56,11725,1539789.46
2022-03-04,2022-03-04,134.44,135.22,131.86,131.96,6281,839916.36
2022-03-03,2022-03-03,135.9,138.18,134,134.84,12138,1658441.3
2022-03-02,2022-03-02,130.5,135.62,130.2,135.26,8237,1095800.02
2022-03-01,2022-03-01,134.52,135.04,131.42,131.52,15168,2019897.88
2022-02-28,2022-02-28,130.92,134.12,129.7,134,13466,1765594.16
2022-02-25,2022-02-25,126.34,132.58,125.78,132.5,33002,4217254.52
2022-02-24,2022-02-24,119.72,123.96,118.48,123.14,25467,3060196.14
2022-02-23,2022-02-23,129.82,130.8,126.72,127.22,15535,2008065.16
2022-02-22,2022-02-22,126.66,131.5,126.34,129.28,28253,3630250.88
2022-02-21,2022-02-21,132.4,132.62,128.28,128.44,13167,1719405.66
2022-02-18,2022-02-18,133.86,134.04,130.58,131.36,15404,2039174.64
2022-02-17,2022-02-17,137.72,137.84,134.1,135.06,7877,1075864.72
2022-02-16,2022-02-16,137.24,138.68,135.7,136.32,6132,839080.78
2022-02-15,2022-02-15,134.4,138.4,134.4,137.72,13095,1796461.76
2022-02-14,2022-02-14,135.36,135.6,131.88,134.92,28727,3850223.48
2022-02-11,2022-02-11,139.16,141,138,138.66,12730.0,1773386.54
2022-02-10,2022-02-10,144.44,144.5,140.94,141.92,13984,1996055.24
2022-02-09,2022-02-09,141.36,144.06,141.14,143.74,12240.0,1741639.34
2022-02-08,2022-02-08,138.58,139.68,137.22,139.68,10256,1420342.54
2022-02-07,2022-02-07,139.42,140.26,137.8,138.82,9795,1364489.26
2022-02-04,2022-02-04,140.42,140.68,135.92,137.66,18397,2534883.22
2022-02-03,2022-02-03,143.92,144,140.5,140.74,15663,2232314.72
2022-02-02,2022-02-02,145.22,146.26,143.66,144.2,27822,4033584.98
2022-02-01,2022-02-01,141.96,142.84,140.36,142.42,25529,3622959.82
2022-01-31,2022-01-31,137.88,140.32,136.64,139.62,21010.0,2901672.5
2022-01-28,2022-01-28,133.18,134.24,129,134.02,22193,2911880.76
2022-01-27,2022-01-27,130.92,138.18,130.78,137.04,33194,4468216.28
2022-01-26,2022-01-26,133.9,137.38,133.9,136.1,35880.0,4869420.44
2022-01-25,2022-01-25,132.24,134.18,128,129.76,24597,3235900.5
2022-01-24,2022-01-24,135.58,136.28,127.16,127.54,42266,5556122.36
2022-01-21,2022-01-21,138.28,140,135.44,139.26,32496,4483398.68
2022-01-20,2022-01-20,143.46,146.68,142.58,146.48,16265,2352468.26
2022-01-19,2022-01-19,143.46,147.26,143.3,144.4,10203,1484022.86
2022-01-18,2022-01-18,148.46,148.5,145.62,145.86,13583,1992149.38
2022-01-17,2022-01-17,149.5,150.72,149.08,150.26,2981,447324.98
2022-01-14,2022-01-14,149.16,149.98,146.56,148.14,16886,2502190.24
2022-01-13,2022-01-13,152.62,154.26,152.36,153.2,7419,1137850.82
2022-01-12,2022-01-12,154.26,155.98,152.82,153.76,7363,1135894.6
2022-01-11,2022-01-11,151.4,153,149.44,151.92,15027,2270878.26
2022-01-10,2022-01-10,152.58,152.6,145.9,147.58,14239,2127296.42
2022-01-07,2022-01-07,153.58,154.38,150.88,152.02,18379,2802179.2
2022-01-06,2022-01-06,153.72,154.82,151.92,154.02,8443,1297802.16
2022-01-05,2022-01-05,159.7,160.04,158.72,159.18,4304,686918.26
2022-01-04,2022-01-04,160.84,161.78,159.5,160.14,17214,2774908.04
2022-01-03,2022-01-03,159,159.72,157.62,158.4,11976,1905308.54
2021-12-30,2021-12-30,159.74,160.44,159.74,159.98,2054,329012.08
2021-12-29,2021-12-29,160.18,160.7,158.68,159.02,8885,1418098.84
2021-12-28,2021-12-28,159.32,160.86,159.3,159.78,8590.0,1373479.74
2021-12-27,2021-12-27,155.02,158.28,155.02,157.96,7727,1210261.6
2021-12-23,2021-12-23,153.46,155.82,153.22,155.76,4907,759087
2021-12-22,2021-12-22,150.54,152.5,149.96,152.5,5581,844304.14
2021-12-21,2021-12-21,147.28,148.52,146.66,148.3,5812,856018.16
2021-12-20,2021-12-20,144.94,146.24,143.12,143.12,13830.0,1999106.58
2021-12-17,2021-12-17,151.64,152.02,147.36,150.56,10873,1631055.12
2021-12-16,2021-12-16,155.74,157.28,153.62,154.08,12745,1980443.8
2021-12-15,2021-12-15,150.62,150.8,148.92,148.92,8225,1235591.98
2021-12-14,2021-12-14,153.26,153.52,148.78,149,9076,1365553.12
2021-12-13,2021-12-13,155.34,156.42,152.26,152.66,15798,2455316.48
2021-12-10,2021-12-10,152.42,154.56,152.1,152.56,5739,881321.5
2021-12-09,2021-12-09,153.46,153.64,152.4,153.62,9942,1523548.02
2021-12-08,2021-12-08,154.04,155.02,151.9,152.3,9573,1472298.18
2021-12-07,2021-12-07,149.64,154.22,149.42,154.1,23331,3537858.38
2021-12-06,2021-12-06,145.38,147.16,143.58,146.82,12062,1757111.74
2021-12-03,2021-12-03,146.58,147.9,142.64,143.58,14471,2102761.54
2021-12-02,2021-12-02,142.92,145.62,141.34,144.42,20582,2944966.8
2021-12-01,2021-12-01,147.58,150.58,147.5,150.2,15173,2250170.62
2021-11-30,2021-11-30,147.96,149.6,146.26,147.06,19579,2895960.32
2021-11-29,2021-11-29,150.3,151.52,149.4,150.96,14724,2211552.72
2021-11-26,2021-11-26,149.62,150.88,146.72,147.16,30748,4580562.54
2021-11-25,2021-11-25,156.42,156.42,155.8,155.96,3063,478040.66
2021-11-24,2021-11-24,154.16,155.22,152.8,154.88,6276,966326.32
2021-11-23,2021-11-23,153.06,154.7,151.72,152.46,9067,1388058.8
2021-11-22,2021-11-22,155.32,157.7,155,156.78,14879,2328663.6
2021-11-19,2021-11-19,154.92,155.38,153.7,154.54,6025,929465.88
2021-11-18,2021-11-18,153.68,154.28,151.76,153.18,7253,1111004.94
2021-11-17,2021-11-17,154.2,154.24,152.94,153.52,8479,1304638.64
2021-11-16,2021-11-16,152.14,154.16,151.66,154.16,6800.0,1037581.18
2021-11-15,2021-11-15,151.24,152.36,151.16,151.76,5245,795938.42
2021-11-12,2021-11-12,149.28,151.04,148.94,150.9,8611,1292715.5
2021-11-11,2021-11-11,149.02,149.7,148.86,149.28,2245,334991.96
2021-11-10,2021-11-10,149.6,150.04,148.4,149.84,5837,871908.2
2021-11-09,2021-11-09,149.7,150.56,148.74,149.1,5512,825300.06
2021-11-08,2021-11-08,150.1,151.2,150,150.46,21595,3253760.74
2021-11-05,2021-11-05,149.38,152.28,149.38,151.04,16753,2527508.68
2021-11-04,2021-11-04,148.3,149.68,148.28,148.92,19635,2921389.5
2021-11-03,2021-11-03,145.76,145.88,145.5,145.68,2734,398140.54
2021-11-02,2021-11-02,144.42,146,144.34,145.94,6327,916480.88
2021-11-01,2021-11-01,145.02,145.82,143.78,144.4,8915,1291369.7
2021-10-29,2021-10-29,141.18,143.94,141,143.94,6047,859495.88
2021-10-28,2021-10-28,141.18,142.28,141.04,142.1,8264,1170800.86
2021-10-27,2021-10-27,142.52,142.64,141.66,142.16,7130.0,1013925.92
2021-10-26,2021-10-26,142.6,143.6,142.34,143.08,4722,673647.68
2021-10-25,2021-10-25,140.12,141.06,139.88,141.06,6125,860846.84
2021-10-22,2021-10-22,139.86,140.6,139.26,139.26,13840.0,1939550.48
2021-10-21,2021-10-21,138.38,139.46,138.38,138.84,4884,677845.02
2021-10-20,2021-10-20,137.98,139.36,137.98,139.18,5858,813744.9
2021-10-19,2021-10-19,136.66,138.06,136.54,137.92,7714,1059527.8
2021-10-18,2021-10-18,135.36,136.5,134.18,136.24,11396,1543147.62
2021-10-15,2021-10-15,134.44,135.76,134.42,135.52,9026,1216691.62
2021-10-14,2021-10-14,130.74,133.18,130.52,133.18,10051,1322726.5
2021-10-13,2021-10-13,128.54,129.76,127.78,128.2,4515,580753.5
2021-10-12,2021-10-12,127.94,130.6,127.94,129.78,6239,808265.92
2021-10-11,2021-10-11,130.48,132.68,130.1,132.52,8445,1109916.18
2021-10-08,2021-10-08,132.5,132.76,131.56,131.8,5009,661250.28
2021-10-07,2021-10-07,131.26,133.78,130.86,133.4,14107,1871006.18
2021-10-06,2021-10-06,126.82,127.76,125.32,126.78,5328,674062.3
2021-10-05,2021-10-05,125.94,129.58,125.68,129.34,7026,896513.16
2021-10-04,2021-10-04,127.62,128.36,124.5,124.5,7822,991926.64
2021-10-01,2021-10-01,124.24,127.38,123.86,127.2,20342,2557809.72
2021-09-30,2021-09-30,131.22,131.34,128.78,128.82,5399,703993.44
2021-09-29,2021-09-29,129.34,130.42,128.68,129.76,6876,893107.24
2021-09-28,2021-09-28,132.46,132.46,128.38,128.46,9774,1272950.14
2021-09-27,2021-09-27,134.92,134.92,133.04,133.32,5073,681106.9
2021-09-24,2021-09-24,132.34,133.44,131.68,132.7,7715,1020925.42
2021-09-23,2021-09-23,131.24,133.2,131.02,133.16,11998,1582988.58
2021-09-22,2021-09-22,128.9,130.22,128.2,130.22,4247,548001.16
2021-09-21,2021-09-21,129.28,130.5,127.24,128.9,18481,2387281.24
2021-09-20,2021-09-20,129.94,129.94,127.5,127.68,30053,3858803.46
2021-09-17,2021-09-17,134.66,134.66,132.4,132.4,1515,202421.66
2021-09-16,2021-09-16,134.3,134.68,132.46,132.92,3539,474172.8
2021-09-15,2021-09-15,132.5,132.68,131.56,132.54,6056,800860.9
2021-09-14,2021-09-14,133.44,134.24,132.34,132.72,8214,1095005.64
2021-09-13,2021-09-13,134.38,134.94,132.8,133.04,6210.0,832765.7
2021-09-10,2021-09-10,135.42,136.02,133.82,134.18,2407,325255.5
2021-09-09,2021-09-09,134.66,137.02,134.38,136.06,4359,592000.02
2021-09-08,2021-09-08,136.1,136.5,135,135.52,5305,721073.04
2021-09-07,2021-09-07,137.1,137.1,135.64,136.02,3832,522420.7
2021-09-06,2021-09-06,137.08,137.64,137.04,137.48,3004,412795.32
2021-09-03,2021-09-03,137.14,137.3,135.76,136.6,6557,896481.3
2021-09-02,2021-09-02,136.5,137.36,136.44,137.24,3773,516304.76
2021-09-01,2021-09-01,137.74,137.9,136.46,136.62,9053,1240410.16
2021-08-31,2021-08-31,137.58,137.62,135.56,137.18,20509,2794347.02
2021-08-30,2021-08-30,135.94,137.54,135.94,137.5,16965,2313560.5
2021-08-27,2021-08-27,134.52,135.76,134.4,135.64,7362,994495.46
2021-08-26,2021-08-26,135.14,135.56,134.14,134.54,5431,733162.62
2021-08-25,2021-08-25,135.38,135.66,135.06,135.64,2984,403742
2021-08-24,2021-08-24,135.48,135.58,134.78,135.36,2718,367648.76
2021-08-23,2021-08-23,133.7,135.1,133.16,135.08,5876,786042.32
2021-08-20,2021-08-20,130.36,132.98,129.56,132.82,11224,1469416.74
2021-08-19,2021-08-19,129.04,130.88,127.84,130.48,12175,1577648.52
2021-08-18,2021-08-18,133.4,133.44,132.64,132.86,1787,237959.3
2021-08-17,2021-08-17,133.26,133.48,132.8,133.24,1952,259870.28
2021-08-16,2021-08-16,132.7,133.2,131.82,132.54,2249,298252
2021-08-13,2021-08-13,133.68,133.88,133.14,133.18,2197,293557.96
2021-08-12,2021-08-12,132.68,133,132.36,132.9,2289,303762.34
2021-08-11,2021-08-11,132.42,132.9,132.02,132.36,2251,298107.24
2021-08-10,2021-08-10,131.76,132.9,131.76,132.36,3306,437317.96
2021-08-09,2021-08-09,131.46,131.92,131.16,131.68,4494,590509.4
2021-08-06,2021-08-06,130.66,131.78,130.5,131.66,2678,351402.78
2021-08-05,2021-08-05,129.22,130.1,129.12,130.08,6791,880262.98
2021-08-04,2021-08-04,129.66,129.86,128.54,129.2,3054,394741.26
2021-08-03,2021-08-03,128.28,128.6,127.14,128.32,5136,658568.24
2021-08-02,2021-08-02,129.8,129.92,129,129.16,5352,691952.8
2021-07-30,2021-07-30,127.32,129,127.1,128.38,1624,207693.82
2021-07-29,2021-07-29,129.08,130,128.82,129.82,2892,374544.4
2021-07-28,2021-07-28,129.02,129.92,129,129.42,2880.0,373045.62
2021-07-27,2021-07-27,130.04,130.4,128.04,128.04,4972,642944.4
2021-07-26,2021-07-26,129.48,130.3,128.58,130.3,6190.0,802424.7
2021-07-23,2021-07-23,128.42,130,128.34,129.98,5087,657090.82
2021-07-22,2021-07-22,127.28,127.48,126.3,127.12,3097,392894.84
2021-07-21,2021-07-21,125.54,126.42,125.42,126.32,5107,642593.56
2021-07-20,2021-07-20,122.62,124.9,121.94,124.52,5769,709618.22
2021-07-19,2021-07-19,124.24,124.34,119.92,121.4,12389,1506991.76
2021-07-16,2021-07-16,126.86,127.8,126,126.22,2873,364957.78
2021-07-15,2021-07-15,127.22,127.56,126.62,127.24,3567,453040.4
2021-07-14,2021-07-14,127.26,128.54,127.24,127.46,2064,263179.04
2021-07-13,2021-07-13,127.5,128.54,127.24,128.54,6353,812183.72
2021-07-12,2021-07-12,126.56,127.42,125.68,127.24,5901,745499.9
2021-07-09,2021-07-09,124.76,126.54,124.58,126.54,4322,540474.06
2021-07-08,2021-07-08,125.56,125.56,122.5,123.72,8663,1069374.24
2021-07-07,2021-07-07,125.9,126.8,125.38,126.42,3307,417207.24
2021-07-06,2021-07-06,125.34,126.1,124.28,124.86,3035,381052.18
2021-07-05,2021-07-05,125.46,125.94,125.28,125.92,1357,170419.48
2021-07-02,2021-07-02,124.3,125.06,124.28,125.04,4409,548912.6
2021-07-01,2021-07-01,123.24,123.88,122.62,123.44,3895,480291.48
2021-06-30,2021-06-30,122.22,122.76,121.4,122.66,3742,457135.78
2021-06-29,2021-06-29,121.52,122.46,121.52,122.12,7057,861803.18
2021-06-28,2021-06-28,121.1,121.48,120.86,120.86,6029,730376.76
2021-06-25,2021-06-25,120.16,120.78,120.08,120.76,3164,380704.34
2021-06-24,2021-06-24,119.38,120.34,119.38,120.16,1909,229255.04
2021-06-23,2021-06-23,119.68,119.68,118.72,118.96,2352,280058.94
2021-06-22,2021-06-22,118.3,119.1,117.84,119,4162,491536.54
2021-06-21,2021-06-21,114.78,117.7,114.74,117.64,6024,700043.8
2021-06-18,2021-06-18,118.32,118.32,115.74,116.04,3408,397580.2
2021-06-17,2021-06-17,116.48,118.24,116.48,118.14,2490.0,291949.22
2021-06-16,2021-06-16,117.42,117.58,117.08,117.28,4479,525492.5
2021-06-15,2021-06-15,118.1,118.24,116.9,116.9,3447,406162.76
2021-06-14,2021-06-14,117.84,117.84,116.68,116.68,1014,118918.9
2021-06-11,2021-06-11,117,117.22,116.16,117.08,4408,514766.58
2021-06-10,2021-06-10,115.52,116.84,115,116.34,4236,490791.24
2021-06-09,2021-06-09,116.08,116.08,115.58,115.8,1325,153303.6
2021-06-08,2021-06-08,115.7,116.14,114.98,114.98,1459,168597.5
2021-06-07,2021-06-07,115.6,116,114.96,114.96,1873,216212.74
2021-06-04,2021-06-04,114.46,115.56,114.26,115.44,4502,517405.42
2021-06-03,2021-06-03,114.54,114.66,112.6,114.6,2237,254110.92
2021-06-02,2021-06-02,113.96,114.62,113.72,114.62,1809,206931.46
2021-06-01,2021-06-01,114.2,115.34,113.62,114.06,3712,425143.76
2021-05-31,2021-05-31,114.42,114.56,113.38,113.42,3640.0,415749.32
2021-05-28,2021-05-28,114.74,115.26,114.64,114.72,5480.0,629418.96
2021-05-27,2021-05-27,113.22,114.6,113.02,114.26,3000.0,342227.56
2021-05-26,2021-05-26,113.74,113.9,112.84,113.6,3797,430727.84
2021-05-25,2021-05-25,114.1,114.14,113.04,113.04,5607,638420.18
2021-05-21,2021-05-21,111.9,113.42,111.56,112.56,6444,722279.94
2021-05-20,2021-05-20,109.28,111.58,108.36,111.58,5266,577382.62
2021-05-19,2021-05-19,108.52,108.66,106.4,107.54,10243,1101383
2021-05-18,2021-05-18,113.02,113.1,111.3,111.66,11989,1345144.9
2021-05-17,2021-05-17,112.78,112.92,111.52,111.74,8118,910087.66
2021-05-14,2021-05-14,111.22,112.56,110.86,112.56,6337,705979.1
2021-05-13,2021-05-13,107.38,111.04,106.52,110.2,8428,909028.36
2021-05-12,2021-05-12,111.58,111.82,109.5,109.5,11113,1228201.44
2021-05-11,2021-05-11,113.02,113.02,109.68,111.42,19432,2156783.96
2021-05-10,2021-05-10,116.2,116.26,115.34,115.9,4789,555867.48
2021-05-07,2021-05-07,115.48,117.98,114.98,116.34,7344,850514.74
2021-05-06,2021-05-06,114.38,114.52,112.5,114.04,8957,1016165
2021-05-05,2021-05-05,114.34,115,113.8,114.74,9751,1116051.92
2021-05-04,2021-05-04,114.92,115.22,111.92,112.42,7962,902739.54
2021-05-03,2021-05-03,115.28,115.78,114.82,115.16,9177,1060098.06
2021-04-30,2021-04-30,114.84,115.06,114.1,114.54,8770.0,1004401.12
2021-04-29,2021-04-29,115.18,115.5,114.3,114.3,2575,296254.48
2021-04-28,2021-04-28,114.86,114.86,114.28,114.36,4635,531034.66
2021-04-27,2021-04-27,114.8,114.88,113.78,114.22,11692,1338295.24
2021-04-26,2021-04-26,113.82,114.8,113.42,114.58,2134,243530.98
2021-04-23,2021-04-23,112.24,113.84,111.86,113.84,4111,461927.34
2021-04-22,2021-04-22,113.72,114.36,113.26,114.36,4981,566575.18
2021-04-21,2021-04-21,111.98,113.06,111.62,113.06,6431,720901.1
2021-04-20,2021-04-20,113.52,113.68,111.22,111.22,14158,1594010.36
2021-04-19,2021-04-19,114.78,114.9,113.62,113.62,5073,580327.96
2021-04-16,2021-04-16,114.16,115.2,114.08,114.76,16447,1887558.26
2021-04-15,2021-04-15,112.76,114.22,112.76,114,8154,924768.72
2021-04-14,2021-04-14,113,113.5,112.84,113.06,2990.0,338372.26
2021-04-13,2021-04-13,112.9,113.04,112,112.74,4280.0,481740.94
2021-04-12,2021-04-12,112.34,112.66,112.12,112.32,4240.0,476542.9
2021-04-09,2021-04-09,111.34,111.74,111.16,111.62,11248,1254058.02
2021-04-08,2021-04-08,111.32,111.32,110.48,110.86,8185,908267.72
2021-04-07,2021-04-07,110.12,110.46,109.78,110.04,9593,1056206
2021-04-06,2021-04-06,110.24,110.94,110.08,110.84,8998,993451.78
2021-04-01,2021-04-01,106.68,107.72,106.54,107.46,10590.0,1134947.78
2021-03-31,2021-03-31,105.18,106.42,104.98,106.42,6345,669897.94
2021-03-30,2021-03-30,105.86,105.98,104.8,105.36,9624,1014697.74
2021-03-29,2021-03-29,104.6,105.22,104.2,104.8,8005,839873.12
2021-03-26,2021-03-26,103.06,103.66,102.64,103.66,6068,624801.28
2021-03-25,2021-03-25,101.18,101.76,99.37,101.36,10598,1065337.9
2021-03-24,2021-03-24,101.92,103.34,101.82,103.04,11577,1189399.68
2021-03-23,2021-03-23,102.38,103.78,101.98,103.18,29602,3059912.8
2021-03-22,2021-03-22,100.92,102.76,100.86,102.66,5264,537726.34
2021-03-19,2021-03-19,101.92,102.3,100.3,101.72,8337,847013.26
2021-03-18,2021-03-18,103.6,104,102.66,103.62,70667,7325617.24
2021-03-17,2021-03-17,104.08,104.08,102.66,103.02,5641,582177.24
2021-03-16,2021-03-16,104.1,104.92,103.5,104.42,3534,368465.5
2021-03-15,2021-03-15,102.7,103.38,102.02,102.58,2521,258612.46
2021-03-12,2021-03-12,101.48,102.04,101.18,101.58,5541,563176.2
2021-03-11,2021-03-11,101.64,102.94,101.34,102.94,2264,230024.02
2021-03-10,2021-03-10,99.18,100.92,99.18,100.8,17840.0,1788410.34
2021-03-09,2021-03-09,98.24,100.22,98.2,100.22,20792,2058068.33
2021-03-08,2021-03-08,96.14,99.81,95.79,99.36,10682,1041136.09
2021-03-05,2021-03-05,93.05,96,92.29,92.84,9920.0,933555.79
2021-03-04,2021-03-04,95.43,96.08,94.21,95.92,11097,1055545.77
2021-03-03,2021-03-03,98.83,99.22,96.6,97.58,6124,597788.1
2021-03-02,2021-03-02,98.85,99.72,98.16,98.16,6940.0,687585.18
2021-03-01,2021-03-01,97.07,99.34,96.97,99.26,9743,958021.2
2021-02-26,2021-02-26,94.84,96.26,93.39,96.19,13608,1297234.3
2021-02-25,2021-02-25,100,100.12,97.35,97.54,7640.0,752653.59
2021-02-24,2021-02-24,97.45,99.14,97.12,99.02,6113,598256.77
2021-02-23,2021-02-23,98.36,98.36,94.86,96.64,10363,1000147.16
2021-02-22,2021-02-22,97.82,98.18,97.58,98.18,5707,558383.03
2021-02-19,2021-02-19,99.68,100.6,99.4,100.38,4435,444413.31
2021-02-18,2021-02-18,100.66,100.82,98.77,99.27,6222,620623.91
2021-02-17,2021-02-17,100.78,101.2,99.91,99.91,13550.0,1364709.26
2021-02-16,2021-02-16,101.7,101.76,100.82,100.92,3485,353361.54
2021-02-15,2021-02-15,101.4,101.78,101.34,101.68,2346,238242.1
2021-02-12,2021-02-12,99.39,100.2,99.01,100.12,3200.0,319008.1
2021-02-11,2021-02-11,99.71,100.04,99.62,99.79,4155,414822.86
2021-02-10,2021-02-10,100.16,100.48,98.18,99.09,1820.0,181200.7
2021-02-09,2021-02-09,99.87,100.06,99.26,99.59,3260.0,324651.65
2021-02-08,2021-02-08,99.51,99.88,99.4,99.4,7672,763919.39
2021-02-05,2021-02-05,99.03,99.64,98.48,99.02,4657,461461.04
2021-02-04,2021-02-04,96.18,97.88,96.18,97.88,6972,677830.76
2021-02-03,2021-02-03,97.03,97.03,95.79,96.17,5350.0,516992.74
2021-02-02,2021-02-02,93.88,96.52,93.88,96.52,5269,499835.57
2021-02-01,2021-02-01,90.87,92.22,90.74,92.22,6381,582300.29
2021-01-29,2021-01-29,91.01,92.67,90.52,90.52,8487,777403.03
2021-01-28,2021-01-28,91.14,94.89,89.95,94.51,9075,837458.09
2021-01-27,2021-01-27,95.86,96.38,93,93.5,8470.0,802631.41
2021-01-26,2021-01-26,95.88,96.89,95.88,96.39,4839,466503.37
2021-01-25,2021-01-25,96.46,96.52,94.15,95.13,2622,251659.28
2021-01-22,2021-01-22,95.56,95.77,94.66,95.57,15097,1434081.43
2021-01-21,2021-01-21,97.24,97.24,96.24,96.44,2989,289398.94
2021-01-20,2021-01-20,94.03,96.23,94,96.12,6635,630149.22
2021-01-19,2021-01-19,93.85,93.85,93.11,93.22,1043,97560.69
2021-01-18,2021-01-18,92.54,93.1,92.35,93.1,5231,485507.65
2021-01-15,2021-01-15,93.26,93.5,91.91,93.04,8722,808276.15
2021-01-14,2021-01-14,94.64,95.08,94.42,94.59,5404,512289.44
2021-01-13,2021-01-13,93.76,94.2,92.88,94.15,2774,259427.26
2021-01-12,2021-01-12,94.09,94.33,93.42,93.84,4165,391505.44
2021-01-11,2021-01-11,93.87,94.3,93.41,94.15,6458,606034.11
2021-01-08,2021-01-08,94.25,94.25,93.3,93.57,8937,836486.15
2021-01-07,2021-01-07,91.36,93.36,91,93,11012,1015616.43
2021-01-06,2021-01-06,88.53,91.56,87.49,91.28,11550.0,1027947.06
2021-01-05,2021-01-05,88,89.14,87.5,88.57,17289,1530757.48
2021-01-04,2021-01-04,91.52,91.82,87.72,87.94,9189,831908.46
2020-12-30,2020-12-30,90.06,90.4,89.84,89.84,20160.0,1817147.26
2020-12-29,2020-12-29,90.8,90.85,89.9,90.13,20532,1860694.32
2020-12-28,2020-12-28,89.69,90.2,89.52,90.02,13643,1227596.17
2020-12-23,2020-12-23,88.23,88.73,88.23,88.7,2562,226584.81
2020-12-22,2020-12-22,87.62,88.47,87.62,87.93,5304,467950.31
2020-12-21,2020-12-21,88.33,88.54,84.44,86.54,23445,2027235.09
2020-12-18,2020-12-18,89.15,89.42,88.04,88.24,6822,607507.18
2020-12-17,2020-12-17,89.31,89.4,88.9,88.92,11926,1063766.28
2020-12-16,2020-12-16,88.56,88.87,88.01,88.85,5484,486457.67
2020-12-15,2020-12-15,86.99,87.72,86.99,87.26,5478,478690.47
2020-12-14,2020-12-14,88.04,88.99,87.84,87.84,8428,746679
2020-12-11,2020-12-11,87.43,87.43,85.73,86.48,9351,808881.75
2020-12-10,2020-12-10,87.99,88.35,86.92,87.92,13790.0,1210097.88
2020-12-09,2020-12-09,89.44,89.71,89.06,89.06,21668,1938978.58
2020-12-08,2020-12-08,88.3,89.07,87.65,89.07,6489,572649.34
2020-12-07,2020-12-07,88.66,88.79,88.23,88.74,16061,1423076.51
2020-12-04,2020-12-04,87.7,88.61,87.41,88.61,17304,1521750.03
2020-12-03,2020-12-03,87.43,87.8,87.3,87.79,7755,678394.35
2020-12-02,2020-12-02,87.18,87.52,86.7,87.45,14930.0,1302686.4
2020-12-01,2020-12-01,87.95,88.74,87.83,88.24,15580.0,1375019.81
2020-11-30,2020-11-30,86.14,86.79,85.51,85.59,4947,426997.01
2020-11-27,2020-11-27,87.12,87.72,87.12,87.35,7839,685678.91
2020-11-26,2020-11-26,87.43,87.5,87.23,87.28,7994,698655.35
2020-11-25,2020-11-25,87.9,88.03,86.97,87.1,4912,429632.06
2020-11-24,2020-11-24,86.44,87.47,86.08,87.47,5055,436954.01
2020-11-23,2020-11-23,84.79,85.44,84.41,84.41,10028,850210.48
2020-11-20,2020-11-20,84.5,85.3,84.46,85.19,1482,125715.96
2020-11-19,2020-11-19,84.84,84.88,83.95,84.37,11642,981149.97
2020-11-18,2020-11-18,86,87.3,86,86.93,3774,327725.12
2020-11-17,2020-11-17,87.17,87.17,85.94,86.68,2119,183824.82
2020-11-16,2020-11-16,86.93,88.2,86.74,87.43,12284,1073057.68
2020-11-13,2020-11-13,84.2,84.98,84.2,84.54,7795,659585.07
2020-11-12,2020-11-12,84.56,85.12,84.31,84.57,8791,746667.13
2020-11-11,2020-11-11,84.59,85.75,84.22,85.55,4121,351289.31
2020-11-10,2020-11-10,84.61,85.04,82.48,83.42,7842,655949.47
2020-11-09,2020-11-09,83.85,89.35,83.85,86.98,29983,2592235.54
2020-11-06,2020-11-06,81.52,82.2,80.05,81.7,22212,1799298.53
2020-11-05,2020-11-05,81.38,83,81.1,82.53,26828,2201815.6
2020-11-04,2020-11-04,76.15,81.02,75.81,81.02,15454,1208681.88
2020-11-03,2020-11-03,74.89,77.14,74.79,77.14,6302,476483.61
2020-11-02,2020-11-02,72.98,75.04,72.91,74.33,19105,1412627.97
2020-10-30,2020-10-30,71.72,73.16,71,72.17,16147,1163340.06
2020-10-29,2020-10-29,73.53,73.78,71.91,73.78,17070.0,1244933.85
2020-10-28,2020-10-28,75.92,75.92,72.54,73.2,22111,1645990.58
2020-10-27,2020-10-27,77.66,78.08,76.84,77.01,9747,756468.15
2020-10-26,2020-10-26,78.27,78.86,76.59,76.59,6106,476553.52
2020-10-23,2020-10-23,79.73,80.26,79.57,79.57,5194,415661.37
2020-10-22,2020-10-22,78.14,79.24,77.98,78.84,4919,385596.59
2020-10-21,2020-10-21,79.73,79.86,78.5,79.1,10218,808079.52
2020-10-20,2020-10-20,79.73,80,78.96,79.26,9715,770436.86
2020-10-19,2020-10-19,82.71,82.94,80.8,81.03,7119,587080.2
2020-10-16,2020-10-16,82.15,83.33,81.77,82.73,12647,1040117.2
2020-10-15,2020-10-15,81.14,81.33,80.12,81.1,10909,879152.49
2020-10-14,2020-10-14,83.6,83.89,82.78,82.78,5343,445833.74
2020-10-13,2020-10-13,83.38,84.01,83.11,83.78,7178,599802.02
2020-10-12,2020-10-12,81.36,83.36,81.34,83.36,8743,717033.48
2020-10-09,2020-10-09,80.3,80.52,80.11,80.51,17653,1416857.34
2020-10-08,2020-10-08,79.49,79.77,79.02,79.27,2851,226343.11
2020-10-07,2020-10-07,76.78,77.95,76.78,77.94,3917,302118.76
2020-10-06,2020-10-06,77.63,78.2,77.36,77.81,17176,1337520.03
2020-10-05,2020-10-05,76.66,77.55,76.33,77.31,10553,809495.71
2020-10-02,2020-10-02,75.32,76.39,74.46,75.93,8926,671285.25
2020-10-01,2020-10-01,77.29,77.65,76.69,77.11,12092,933642.05
2020-09-30,2020-09-30,74.3,76.82,74.14,76.82,7881,590973.52
2020-09-29,2020-09-29,76.34,76.34,75.06,75.25,5442,413543.67
2020-09-28,2020-09-28,74.98,76.3,74.98,76.18,8721,659122.65
2020-09-25,2020-09-25,71.82,72.76,70.71,72.66,7292,521623.23
2020-09-24,2020-09-24,70.88,71.68,70.16,71.66,16730.0,1187303.8
2020-09-23,2020-09-23,74.24,74.98,73.62,73.62,2876,214688.91
2020-09-22,2020-09-22,72.51,73.34,72.17,72.75,13062,954847.93
2020-09-21,2020-09-21,73.26,73.31,70.47,70.66,25567,1827189.75
2020-09-18,2020-09-18,75.46,75.95,74.32,74.32,6710.0,506306.62
2020-09-17,2020-09-17,74.95,76.37,74.42,75.82,14056,1059296.2
2020-09-16,2020-09-16,77.85,78.36,77.63,78.3,6235,486165.68
2020-09-15,2020-09-15,76.73,78.12,76.6,78.04,10760.0,835086.55
2020-09-14,2020-09-14,76.48,77.07,75.8,76.95,2803,213930.4
2020-09-11,2020-09-11,75.79,76.02,74.61,75.08,11839,891936.51
2020-09-10,2020-09-10,77.45,78.1,76.35,77.28,9978,766763.25
2020-09-09,2020-09-09,75.09,77.68,75.02,77.6,33097,2523735.49
2020-09-08,2020-09-08,79.41,79.55,75.24,75.63,22562,1739467.72
2020-09-07,2020-09-07,77.65,79.15,77.59,79.15,9629,753028.21
2020-09-04,2020-09-04,79.24,81.21,75.45,76.51,24071,1897371.44
2020-09-03,2020-09-03,86.18,86.4,80.13,80.84,11456,963138.37
2020-09-02,2020-09-02,83.77,84.67,83.77,84.35,9077,765780.17
2020-09-01,2020-09-01,81.67,82.06,80.95,81.9,14494,1182216.31
2020-08-31,2020-08-31,82.65,82.69,81.21,81.31,1768,145205.53
2020-08-28,2020-08-28,82.01,82.01,81.05,81.43,2170.0,176911.59
2020-08-27,2020-08-27,81.18,82.37,80.87,82.19,11743,955925.69
2020-08-26,2020-08-26,79.65,80.3,79.65,80.29,3671,293582.83
2020-08-25,2020-08-25,79.91,80.05,78.9,79.12,5931,470935.23
2020-08-24,2020-08-24,78.39,78.7,78.29,78.7,3165,248273.51
2020-08-21,2020-08-21,76.83,77.49,76.19,77.26,5822,448432.87
2020-08-20,2020-08-20,75.62,76.41,75.53,76.41,4130.0,313324.52
2020-08-19,2020-08-19,76.47,77.02,76.41,77.02,1659,127204.35
2020-08-18,2020-08-18,76.15,76.76,75.73,76.34,2827,215473.28
2020-08-17,2020-08-17,76.39,76.68,76.04,76.55,4581,350262.21
2020-08-14,2020-08-14,76.63,76.63,75.57,76.44,4043,307528.71
2020-08-13,2020-08-13,76.41,76.85,76.1,76.65,2004,153196.74
2020-08-12,2020-08-12,76.06,76.75,75.94,76.74,9212,702762.58
2020-08-11,2020-08-11,76.67,77.11,76.15,76.79,12275,941513.31
2020-08-10,2020-08-10,75.81,76,75.23,75.69,19517,1479260.68
2020-08-07,2020-08-07,74.76,75.52,74.44,75.36,19440.0,1454055.16
2020-08-06,2020-08-06,73.83,74.48,73.36,73.95,2672,197266.25
2020-08-05,2020-08-05,73.93,74.19,73.55,73.84,3496,258439.77
2020-08-04,2020-08-04,73.49,73.52,72.48,73.45,13099,955090.81
2020-08-03,2020-08-03,72.08,73.51,71.82,73.42,6913,502915.14
2020-07-31,2020-07-31,71.02,71.6,70.07,70.55,20542,1461007.35
2020-07-30,2020-07-30,71.05,71.05,69.09,70.34,11501,803893.01
2020-07-29,2020-07-29,70.36,70.94,70.16,70.94,4932,347457.51
2020-07-28,2020-07-28,70.95,71.19,70.24,70.9,2413,170815.99
2020-07-27,2020-07-27,70.44,70.69,69.91,69.91,6376,448500.76
2020-07-24,2020-07-24,70.58,71.42,70.3,70.63,23425,1657924.93
2020-07-23,2020-07-23,73.86,74.13,73.04,73.31,6835,503957.9
2020-07-22,2020-07-22,73.09,73.21,72.19,72.85,5897,429373.07
2020-07-21,2020-07-21,73.9,74.5,73.74,73.91,7713,571585.01
2020-07-20,2020-07-20,71.09,72.73,71.04,72.54,16118,1163128.64
2020-07-17,2020-07-17,71.81,72.2,71.29,71.86,1732,124343.47
2020-07-16,2020-07-16,71.63,71.8,71.12,71.3,4338,310099.03
2020-07-15,2020-07-15,71.82,72.71,71.6,72.08,13151,949820.86
2020-07-14,2020-07-14,70.44,70.44,68.32,69.85,10039,700797.97
2020-07-13,2020-07-13,71.7,72.81,71.63,72.8,15596,1121168.55
2020-07-10,2020-07-10,68.76,70.17,68.76,70.08,4640.0,322415.46
2020-07-09,2020-07-09,70.14,70.77,68.57,68.73,7998,558171.12
2020-07-08,2020-07-08,69.65,70.34,69.15,69.32,9098,635380.6
2020-07-07,2020-07-07,70.42,71.2,69.91,70.89,8393,591091.35
2020-07-06,2020-07-06,70.78,71.01,70.32,70.99,9548,676718.1
2020-07-03,2020-07-03,69.84,69.84,68.62,68.9,5845,404314.69
2020-07-02,2020-07-02,68.68,70.5,68.66,69.65,9485,661251.8
2020-07-01,2020-07-01,67.58,68.6,67.07,67.92,16328,1103274.06
2020-06-30,2020-06-30,66.02,67,65.57,66.69,14319,950786.46
2020-06-29,2020-06-29,64.43,65.33,63.9,65.23,15239,986292.37
2020-06-26,2020-06-26,67.06,67.47,64.64,65.05,7389,484726.68
2020-06-25,2020-06-25,65.1,66.36,64.44,65.49,22602,1471578.55
2020-06-24,2020-06-24,68.78,69,65.66,65.66,9179,617989.08
2020-06-23,2020-06-23,68.87,69.97,68.78,69.56,8671,601599.46
2020-06-22,2020-06-22,67.49,68.33,67.17,67.9,16831,1139151.44
2020-06-19,2020-06-19,69.21,70.4,69.1,69.69,10328,719411.71
2020-06-18,2020-06-18,68.36,69.13,67.46,68.54,10987,749807.25
2020-06-17,2020-06-17,69.13,70.2,68.63,69.06,24962,1733804.96
2020-06-16,2020-06-16,67.36,70.21,67,68.7,25394,1733948.54
2020-06-15,2020-06-15,61.45,64.2,60.58,64.1,18483,1150190.68
2020-06-12,2020-06-12,64.78,66.9,64,65.25,55385,3623888.73
2020-06-11,2020-06-11,69.01,69.28,66.44,66.44,28386,1938631.23
2020-06-10,2020-06-10,72.97,73.15,71.39,71.49,14903,1077803.89
2020-06-09,2020-06-09,73.6,73.6,71.68,72.28,9215,667811.99
2020-06-08,2020-06-08,71.68,72.91,71.68,72.74,14438,1046384.81
2020-06-05,2020-06-05,69.07,72.57,69.05,72.57,21978,1546774.05
2020-06-04,2020-06-04,68.88,69.14,68.22,68.41,10573,727567.84
2020-06-03,2020-06-03,68,69.1,67.91,69.1,12126,831087.24
2020-06-02,2020-06-02,66.72,67.68,66.47,66.9,21565,1445187.69
2020-05-29,2020-05-29,65.93,66.13,64.98,65.21,30447,1999432.02
2020-05-28,2020-05-28,67.06,67.5,66.66,67.23,13459,903293.11
2020-05-27,2020-05-27,66.18,67,64.49,65.07,31324,2071877.83
2020-05-26,2020-05-26,66.41,66.61,65.7,65.75,33877,2241571.93
2020-05-25,2020-05-25,64.63,65.68,64.49,65.66,24503,1595742.67
2020-05-22,2020-05-22,62.3,63.7,61.91,63.28,27530.0,1727850.46
2020-05-21,2020-05-21,63.28,64.38,62.93,63.34,15234,964828.69
2020-05-20,2020-05-20,62.99,64.46,62.96,64.42,32765,2087481.56
2020-05-19,2020-05-19,64.35,64.35,62.91,63.91,19442,1236589.69
2020-05-18,2020-05-18,61.7,64.04,61.63,64.04,57006,3567044
2020-05-15,2020-05-15,60.53,60.74,58.41,59.12,43420.0,2585665.32
2020-05-14,2020-05-14,58.46,58.96,56.5,58.26,98035,5684230.84
2020-05-13,2020-05-13,60.59,60.99,59.28,59.28,27651,1662699.86
2020-05-12,2020-05-12,62.56,63.75,62.56,63.03,22742,1436601.55
2020-05-11,2020-05-11,63.69,64.1,61.97,63.06,18906,1186307.22
2020-05-08,2020-05-08,62.74,62.9,62.34,62.71,11828,740408.75
2020-05-07,2020-05-07,60.65,62.05,60.65,61.93,19950.0,1227116.81
2020-05-06,2020-05-06,61.5,61.89,60.49,60.78,21282,1308547.43
2020-05-05,2020-05-05,59.88,61.58,59.51,61.58,52327,3154023.09
2020-05-04,2020-05-04,57.69,58.46,56.94,58.14,31859,1840391.82
2020-04-30,2020-04-30,64.14,64.45,61.98,61.98,24621,1553193.86
2020-04-29,2020-04-29,61.93,63.45,61.52,63.27,26450.0,1643453.86
2020-04-28,2020-04-28,60.99,62.75,60.61,61.34,36465,2256374.33
2020-04-27,2020-04-27,60.02,60.94,59.95,60.94,26601,1606904.51
2020-04-24,2020-04-24,57.72,58.78,57.46,58.04,12578,731195.25
2020-04-23,2020-04-23,58.2,59.69,57.56,59.23,22840.0,1341396.57
2020-04-22,2020-04-22,56.39,57.57,56.2,57.51,34037,1937824.72
2020-04-21,2020-04-21,58.69,58.69,54.86,54.86,34489,1973194.25
2020-04-20,2020-04-20,60.39,60.54,58.56,60.5,28909,1725393.34
2020-04-17,2020-04-17,60.94,61.57,59.1,59.43,22686,1370822.46
2020-04-16,2020-04-16,58.16,58.29,56.4,57.64,38269,2213713.15
2020-04-15,2020-04-15,58.91,58.91,56.1,56.57,34847,2011293.76
2020-04-14,2020-04-14,58.16,59.15,57.44,58.19,37019,2154467.29
2020-04-09,2020-04-09,56.45,58.19,54.28,57.23,52455,2970424
2020-04-08,2020-04-08,52.42,54.62,51.67,54.62,38768,2057602.14
2020-04-07,2020-04-07,54.17,55.9,53.37,54.8,123103,6766205.69
2020-04-06,2020-04-06,49.915,51,49.59,50.64,49759,2504365.41
2020-04-03,2020-04-03,46.775,48,46.46,46.465,6159,288893.085
2020-04-02,2020-04-02,46.25,47.505,44.405,46.82,36698,1681255.26
2020-04-01,2020-04-01,46.45,46.845,45.5,46.395,30996,1434904.58
2020-03-31,2020-03-31,51.15,51.67,49.495,51.24,52894,2693102.65
2020-03-30,2020-03-30,47.535,49.915,46.095,49.69,48023,2274245.735
2020-03-27,2020-03-27,48.775,49.2,46.865,47.585,21727,1040238.765
2020-03-26,2020-03-26,44.455,49.86,43.635,49.6,26890.0,1266487.995
2020-03-25,2020-03-25,46.09,47.47,43.37,47.145,105528,4890989.53
2020-03-24,2020-03-24,41.5,44.81,40.85,44.645,34028,1428296.17
2020-03-23,2020-03-23,37.535,43.345,36.68,37.97,81217,3200908.245
2020-03-20,2020-03-20,46.91,48.3,42.825,43.355,44954,2058813.11
2020-03-19,2020-03-19,43.2,45.86,40.785,44.05,29662,1282400.105
2020-03-18,2020-03-18,42.575,45.135,41.425,42.5,18983,811373.715
2020-03-17,2020-03-17,48.35,48.725,42.5,46.945,41812,1910353.21
2020-03-16,2020-03-16,47.17,49.435,42.12,47.635,69020.0,3104124.905
2020-03-13,2020-03-13,49.665,52.72,47.335,49.27,80985,4106719.43
2020-03-12,2020-03-12,52.27,52.58,47.915,48.445,90236,4615027.76
2020-03-11,2020-03-11,60.16,61.21,57.94,58.56,31561,1873516.57
2020-03-10,2020-03-10,60.1,62.99,56.86,57.97,61933,3747338.38
2020-03-09,2020-03-09,59.24,61.41,56.02,59.1,30541,1791154.22
2020-03-06,2020-03-06,69.18,69.34,64.74,66.92,41739,2764079.29
2020-03-05,2020-03-05,74.29,74.39,71.55,73.08,18767,1363671.96
2020-03-04,2020-03-04,72.02,73.68,71.64,73.15,34199,2489530.07
2020-03-03,2020-03-03,73.74,76.8,72.08,72.08,44031,3271175.08
2020-03-02,2020-03-02,69.75,71.2,66.28,71.1,42503,2930695.8
2020-02-28,2020-02-28,67.79,69,64.78,67.41,69322,4618181.66
2020-02-27,2020-02-27,76.33,76.7,71.79,74.02,30172,2259295.86
2020-02-26,2020-02-26,79.59,81.33,76.63,80.46,42400.0,3361533.63
2020-02-25,2020-02-25,85.33,85.38,81.31,81.73,30039,2513021.83
2020-02-24,2020-02-24,86.57,86.57,84.42,84.6,39393,3372808.2
2020-02-21,2020-02-21,90.83,91.6,89.51,90.29,13409,1216983
2020-02-20,2020-02-20,93.08,93.11,91.16,91.16,4087,378273.125
2020-02-19,2020-02-19,92.47,93.26,92.36,93.24,3963,366895.03125
2020-02-18,2020-02-18,91.51,92.23,91.37,91.39,3096,284209.96875
2020-02-17,2020-02-17,92.76,92.81,92.59,92.76,3631,336485.71875
2020-02-14,2020-02-14,92.37,92.66,91.75,92.18,2018,186170.390625
2020-02-13,2020-02-13,91.02,92.16,90.42,92.16,9976,908658.875
2020-02-12,2020-02-12,90.9,91.53,90.79,91.53,15311,1394415.5
2020-02-11,2020-02-11,90.51,91.25,90.35,90.65,10083,914586.375
2020-02-10,2020-02-10,88.57,89.41,88.21,89.41,4895,434446.53125
2020-02-07,2020-02-07,89.05,89.2,88.44,89.04,2912,258962.1875
2020-02-06,2020-02-06,89.37,89.41,88.71,89.06,5442,484373.0625
2020-02-05,2020-02-05,87.76,88.15,87.4,87.72,12198,1068684.5
2020-02-04,2020-02-04,84.78,86.48,84.78,86.48,19599,1671051.25
2020-02-03,2020-02-03,83.16,84.54,82.69,83.56,8714,725127.625
2020-01-31,2020-01-31,85.57,85.57,82.85,82.92,7576,638936.5625
2020-01-30,2020-01-30,83.83,84.67,83.55,84.14,9612,807115.5
2020-01-29,2020-01-29,85.71,86.21,85.3,85.84,12481,1071587.375
2020-01-28,2020-01-28,84.46,85.4,83.66,85.35,2856,241375.578125
2020-01-27,2020-01-27,84.39,84.69,83.23,83.8,46037,3859028.75
2020-01-24,2020-01-24,88.01,88.3,87.2,87.2,5731,504589.84375
2020-01-23,2020-01-23,86.99,87.13,86.23,86.81,14889,1291993.625
2020-01-22,2020-01-22,87.81,88.04,87.4,87.57,6033,529460.125
2020-01-21,2020-01-21,86.62,87.33,86.5,87.33,5463,473312.09375
2020-01-20,2020-01-20,87.06,87.29,87,87.27,2348,204575.421875
2020-01-17,2020-01-17,86.73,87.38,86.73,87.13,10918,952095.125
2020-01-16,2020-01-16,85.58,85.99,85.58,85.93,2814,241140.609375
2020-01-15,2020-01-15,84.95,85.39,84.48,85.3,5438,462459.96875
2020-01-14,2020-01-14,84.78,85.21,84.38,85.02,8899,756368.8125
2020-01-13,2020-01-13,84.34,84.66,84.19,84.47,7020.0,592613.75
2020-01-10,2020-01-10,85.22,85.23,84.54,84.54,6738,572768.1875
2020-01-09,2020-01-09,84.26,84.54,84.14,84.48,18917,1595803.625
2020-01-08,2020-01-08,82.16,83.17,81.89,83.17,17271,1419694.625
2020-01-07,2020-01-07,82.5,82.79,82.2,82.61,6451,532434.4375
2020-01-06,2020-01-06,81.45,81.9,80.64,81.85,11642,944120.875
2020-01-03,2020-01-03,81.74,82.4,81.11,82.15,13328,1090839.875
2020-01-02,2020-01-02,82.12,82.79,81.99,81.99,28355,2337502.25
2019-12-30,2019-12-30,82.19,82.23,81.83,82.07,4536,372287.71875
2019-12-27,2019-12-27,82.98,83.11,82.26,82.56,4535,374638.4375
2019-12-23,2019-12-23,82.21,82.53,82.11,82.2,6744,554781.8125
2019-12-20,2019-12-20,80.94,82.22,80.93,82.22,5582,454317.84375
2019-12-19,2019-12-19,80.35,80.67,80.26,80.67,1995,160320.375
2019-12-18,2019-12-18,80.09,80.48,80.09,80.45,6097,489448.65625
2019-12-17,2019-12-17,80.21,80.21,79.89,80.08,4697,376544.375
2019-12-16,2019-12-16,79.55,80.31,79.55,80.26,3916,311910.46875
2019-12-13,2019-12-13,79.27,79.51,78.32,78.69,15079,1192033.25
2019-12-12,2019-12-12,77.83,79.34,77.5,78.68,12550.0,981204.8125
2019-12-11,2019-12-11,77.72,77.9,77.5,77.65,730,56721.871094
2019-12-10,2019-12-10,77.71,77.9,76.74,77.68,10335,801557.3125
2019-12-09,2019-12-09,78.25,78.4,78.09,78.23,2149,168012.703125
2019-12-06,2019-12-06,76.89,78.55,76.89,78.55,3062,238898.234375
2019-12-05,2019-12-05,76.84,77,76.18,76.21,1338,102683.359375
2019-12-04,2019-12-04,75.24,76.7,75.23,76.68,8963,680670.6875
2019-12-03,2019-12-03,76.95,76.95,74.69,74.84,11261,856800.0625
2019-12-02,2019-12-02,78.92,79.2,76.5,76.5,8019,626954.125
2019-11-29,2019-11-29,78.66,78.9,78.54,78.6,878,69178.296875
2019-11-28,2019-11-28,78.68,78.94,78.56,78.94,414,32636.710938
2019-11-27,2019-11-27,78.76,78.94,78.72,78.82,2087,164563.375
2019-11-26,2019-11-26,77.99,78.29,77.97,78.16,180,14047.639648
2019-11-25,2019-11-25,77.2,77.86,77.2,77.86,7508,580956.6875
2019-11-22,2019-11-22,76.47,76.72,76.42,76.45,37699,2889152.5
2019-11-21,2019-11-21,76.13,76.55,75.85,75.96,3537,269243.40625
2019-11-20,2019-11-20,76.52,76.89,76.33,76.81,2435,186588.5625
2019-11-19,2019-11-19,77.26,77.54,76.58,76.91,1887,145435.625
2019-11-18,2019-11-18,77.34,77.34,76.65,76.94,3293,254308.4375
2019-11-15,2019-11-15,76.67,76.9,76.48,76.9,1919,146950.890625
2019-11-14,2019-11-14,76.08,76.21,75.9,75.93,2434,185234.0625
2019-11-13,2019-11-13,75.84,76.04,75.26,75.98,9525,719865.6875
2019-11-12,2019-11-12,75.84,76.41,75.75,76.35,1025,77839.820313
2019-11-11,2019-11-11,75.25,75.5,74.96,75.27,2118,159519.25
2019-11-08,2019-11-08,75.32,75.56,75.2,75.5,14103,1064541.125
2019-11-07,2019-11-07,75.49,75.88,75.27,75.88,4316,326145.4375
2019-11-06,2019-11-06,74.59,74.74,74.33,74.74,6724,501461.34375
2019-11-05,2019-11-05,74.63,75,74.59,74.85,11727,877666.9375
2019-11-04,2019-11-04,74.01,74.61,74.01,74.51,6896,512360.8125
2019-11-01,2019-11-01,72.62,73.39,72.59,73.34,2505,182350.4375
2019-10-31,2019-10-31,72.94,72.94,71.8,71.89,4980.0,359623.3125
2019-10-30,2019-10-30,72.5,72.77,72.2,72.48,5527,400397.71875
2019-10-29,2019-10-29,72.83,73.08,72.58,73.02,6904,503734.125
2019-10-28,2019-10-28,72.34,72.98,72.17,72.77,13880.0,1003078.0625
2019-10-25,2019-10-25,71.31,72.21,71.06,72.21,6381,455154.125
2019-10-24,2019-10-24,71.17,71.51,70.9,71.51,3349,238787.703125
2019-10-23,2019-10-23,70.39,70.91,70.26,70.87,2332,164103.3125
2019-10-22,2019-10-22,71.07,71.32,70.8,71.18,3225,229076.71875
2019-10-21,2019-10-21,70.22,70.8,70.22,70.76,4291,302162.5625
2019-10-18,2019-10-18,70.61,70.69,70.24,70.24,4852,342448.53125
2019-10-17,2019-10-17,70.58,71.11,70.58,70.63,3323,235407.8125
2019-10-16,2019-10-16,70.99,71.01,70.69,70.75,19081,1351778.5
2019-10-15,2019-10-15,70.5,71.38,70.24,71.17,4740.0,334854.46875
2019-10-14,2019-10-14,70.19,70.19,69.21,70.09,11130.0,776796.875
2019-10-11,2019-10-11,69.28,70.94,69.28,70.94,12016,842062.5
2019-10-10,2019-10-10,67.7,69.12,67.34,69,4397,297359.125
2019-10-09,2019-10-09,66.83,68.43,66.83,67.63,20207,1369554.625
2019-10-08,2019-10-08,69.1,69.1,66.88,67.14,6957,470478.9375
2019-10-07,2019-10-07,68.82,69.43,68.71,69.43,7039,485750.625
2019-10-04,2019-10-04,67.31,68.74,67.03,68.74,5066,342303.625
2019-10-02,2019-10-02,69.31,69.31,66.46,66.46,6004,409646.3125
2019-10-01,2019-10-01,71.96,72,70.17,70.21,6098,435039.375
2019-09-30,2019-09-30,70.66,71.24,70.63,71.24,1935,136823.296875
2019-09-27,2019-09-27,71.32,71.57,70.9,71.19,975,69625.617188
2019-09-26,2019-09-26,71.05,71.72,70.37,70.62,5675,405638
2019-09-25,2019-09-25,70.3,70.67,69.65,70.62,3502,245448.9375
2019-09-24,2019-09-24,71.76,72,71.14,71.14,3044,218503.765625
2019-09-23,2019-09-23,71.64,71.64,70.84,71.39,712,50754.898438
2019-09-20,2019-09-20,71.71,72.21,71.69,72.08,2994,215245.984375
2019-09-19,2019-09-19,70.96,72.32,70.96,72.32,1087,78236.390625
2019-09-18,2019-09-18,71.32,71.45,71.04,71.04,2194,156439.234375
2019-09-17,2019-09-17,71.29,71.5,71.19,71.27,5270.0,375957.0625
2019-09-16,2019-09-16,70.92,71.68,70.77,71.53,3524,250423.65625
2019-09-13,2019-09-13,71.8,72.1,71.72,71.77,3161,227243.8125
2019-09-12,2019-09-12,71.88,72.54,71.54,71.9,10633,764248.875
2019-09-11,2019-09-11,70.45,71.22,70.35,71.22,7195,508759.96875
2019-09-10,2019-09-10,70.17,70.28,69.44,69.46,2690.0,188534.96875
2019-09-09,2019-09-09,70.93,70.97,70.47,70.53,8356,590531.6875
2019-09-06,2019-09-06,70.38,70.82,70.38,70.54,8571,604953.0625
2019-09-05,2019-09-05,69.5,70.43,69.26,70.43,4055,282512.46875
2019-09-04,2019-09-04,68.33,68.57,67.93,68.25,5303,361681.40625
2019-09-03,2019-09-03,67.52,67.86,66.88,67.41,12028,810506.125
2019-09-02,2019-09-02,67.74,68.34,67.73,67.85,4395,299002.84375
2019-08-30,2019-08-30,67.88,68.81,67.84,68.07,9333,640257.5
2019-08-29,2019-08-29,65.66,67.71,65.66,67.71,8153,545170.9375
2019-08-28,2019-08-28,65.12,65.79,64.35,65.77,9860.0,640024.9375
2019-08-27,2019-08-27,65.21,66.2,65.01,65.47,12397,809652.625
2019-08-26,2019-08-26,64.5,65.61,64.11,64.98,58652,3804546.5
2019-08-23,2019-08-23,68.1,68.22,65.1,65.1,13614,911233.1875
2019-08-22,2019-08-22,67.66,68.2,66.99,67.3,2818,190982.609375
2019-08-21,2019-08-21,66.99,67.69,66.99,67.69,1674,112902.132813
2019-08-20,2019-08-20,67.73,67.77,66.8,67.33,2485,167879.515625
2019-08-19,2019-08-19,67.26,67.7,66.9,67.7,12364,832774.375
2019-08-16,2019-08-16,64.75,66,64.75,65.9,3437,
2019-08-15,2019-08-15,64.4,64.68,62.5,64,10138,646039.25
2019-08-14,2019-08-14,67.16,67.16,64.28,64.65,6292,415868.03125
2019-08-13,2019-08-13,64.86,67.85,64.38,66.87,24068,
2019-08-12,2019-08-12,67.28,67.45,65.41,65.43,10007,
2019-08-09,2019-08-09,67.27,67.3,65.95,66.05,7219,483066.96875
2019-08-08,2019-08-08,65.55,66.86,65.25,66.86,8969,589296.625
2019-08-07,2019-08-07,64.6,65.47,62.46,63.86,11978,770156.3125
2019-08-06,2019-08-06,63.26,64.67,63.05,63.72,15059,962106.4375
2019-08-05,2019-08-05,66.54,66.62,64.51,64.61,24211,1588308
2019-08-02,2019-08-02,68.67,69.05,67.36,67.43,14154,969605.25
2019-08-01,2019-08-01,70.58,72.03,70.58,72.03,17154,1216591.75
2019-07-31,2019-07-31,71.55,71.78,71.53,71.7,1201,86127.726563
2019-07-30,2019-07-30,72.03,72.03,71.16,71.57,3254,232164.1875
2019-07-29,2019-07-29,72.07,72.33,71.91,71.96,4594,331175.375
2019-07-26,2019-07-26,71.49,72.12,71.49,72.12,7915,567688.4375
2019-07-25,2019-07-25,72.1,72.43,70.87,71.25,10645,762790.3125
2019-07-24,2019-07-24,71.09,71.3,70.84,71.26,1620.0,114876.992188
2019-07-23,2019-07-23,70.26,70.74,70.18,70.49,2998,211599.171875
2019-07-22,2019-07-22,69.49,69.9,69.46,69.58,3622,251948.515625
2019-07-19,2019-07-19,70.38,70.68,70.25,70.37,6794,478014.5625
2019-07-18,2019-07-18,69.22,69.85,69.15,69.35,9360.0,650392.75
2019-07-17,2019-07-17,70.96,70.99,70.07,70.26,2789,196964.6875
2019-07-16,2019-07-16,71,71.25,71,71.11,82,5839
2019-07-15,2019-07-15,70.98,71.1,70.86,70.86,3336,236919.234375
2019-07-12,2019-07-12,70.43,70.66,70.43,70.66,4393,309974.75
2019-07-11,2019-07-11,70.18,70.38,70.16,70.32,1367,95984.953125
2019-07-10,2019-07-10,69.26,70.49,69.06,69.86,2874,201751.953125
2019-07-09,2019-07-09,68.85,69.47,68.76,69.34,1707,117769.242188
2019-07-08,2019-07-08,69.62,69.73,69.3,69.39,1335,92870.007813
2019-07-05,2019-07-05,70.13,70.13,69.49,69.58,1348,94166.351563
2019-07-04,2019-07-04,69.98,70.19,69.89,70.14,2217,155290.0
2019-07-03,2019-07-03,68.95,69.67,68.95,69.67,13624,945781.5625
2019-07-02,2019-07-02,68.46,68.53,68.16,68.31,8949,610442.1875
2019-07-01,2019-07-01,68.72,68.74,68.23,68.36,7985,548342.4375
2019-06-28,2019-06-28,66.43,66.59,66.34,66.52,2108,140304.9375
2019-06-27,2019-06-27,66.34,66.41,65.91,65.95,19042,1259894.5
2019-06-26,2019-06-26,66.06,66.64,65.92,65.98,4457,295828.75
2019-06-25,2019-06-25,66.74,66.99,66.54,66.54,3218,215132.8125
2019-06-24,2019-06-24,67.55,67.6,67.17,67.32,4544,306230.03125
2019-06-21,2019-06-21,67.91,68.27,67.67,68.11,4214,286580.78125
2019-06-20,2019-06-20,67.76,68.22,67.57,67.57,11543,784869.875
2019-06-19,2019-06-19,67.12,67.18,66.75,66.83,2550.0,170492.9375
2019-06-18,2019-06-18,65.44,67.44,65.24,67.22,6756,453500.75
2019-06-17,2019-06-17,65.82,65.82,65.43,65.59,2194,143929.515625
2019-06-14,2019-06-14,65.07,65.42,65.03,65.35,3974,258483.9375
2019-06-13,2019-06-13,64.58,65.31,64.58,65.03,8442,548512
2019-06-12,2019-06-12,64.39,64.7,64.27,64.52,4887,315695.3125
2019-06-11,2019-06-11,65.16,65.8,65.01,65.01,9637,630337.25
2019-06-07,2019-06-07,63.43,64.35,63.31,64.25,9493,603193.4375
2019-06-06,2019-06-06,62.67,63.04,62.25,62.65,5039,316288
2019-06-05,2019-06-05,61.61,62.24,61.3,62.03,4054,250302.265625
2019-06-04,2019-06-04,59.08,60.91,59.08,60.91,5867,352479.3125
2019-06-03,2019-06-03,59.21,59.95,58.89,59.64,8061,479510.625
2019-05-31,2019-05-31,60.42,60.51,59.71,60.51,2687,161885.140625
2019-05-30,2019-05-30,61.52,61.77,61.4,61.4,4185,257498.8125
2019-05-29,2019-05-29,61.37,61.49,61,61.06,9810.0,601796.9375
2019-05-28,2019-05-28,63.26,63.29,62.83,62.97,181,11407.19043
2019-05-27,2019-05-27,63.09,63.28,62.96,62.97,2614,164915.859375
2019-05-24,2019-05-24,63.11,63.52,62.79,62.79,4516,285303.03125
2019-05-23,2019-05-23,63.69,63.7,62.7,62.7,986,62556.761719
2019-05-22,2019-05-22,64.64,64.74,63.95,64.51,4467,287505.84375
2019-05-21,2019-05-21,64.33,64.89,63.98,64.72,10026,646939.0625
2019-05-20,2019-05-20,64.84,64.9,63.44,63.82,6721,430911.46875
2019-05-17,2019-05-17,64.9,65.58,64.2,65.38,4901,316111.53125
2019-05-16,2019-05-16,63.75,65.81,63.53,65.81,9224,592392.8125
2019-05-15,2019-05-15,63.62,63.9,62.65,63.9,5271,331945.09375
2019-05-14,2019-05-14,62.25,63.7,62.22,63.7,3556,223265.84375
2019-05-13,2019-05-13,63.85,63.87,62,62.07,14016,883586.75
2019-05-10,2019-05-10,64.68,64.7,62.82,62.82,2493,159339.203125
2019-05-09,2019-05-09,64.6,64.77,63.12,63.32,4189,267629.46875
2019-05-08,2019-05-08,65.67,65.91,64.77,65.48,12649,826265.375
2019-05-07,2019-05-07,67.28,67.3,65.46,65.78,7200.0,474743.625
2019-05-06,2019-05-06,66.22,67.16,65.8,67.13,10279,681873.9375
2019-05-03,2019-05-03,67.34,68.09,67.34,67.98,6326,429175.09375
2019-05-02,2019-05-02,67.44,67.55,66.91,66.91,5754,388171.625
2019-04-30,2019-04-30,68.1,68.1,67.52,67.64,7426,504376.65625
2019-04-29,2019-04-29,68.3,68.48,68.16,68.45,1221,83414.351563
2019-04-26,2019-04-26,67.53,68,67.45,67.9,2280.0,154550.84375
2019-04-25,2019-04-25,67.77,68.14,67.05,67.92,3570.0,241423.953125
2019-04-24,2019-04-24,67.64,67.85,67.57,67.84,2231,150927.921875
2019-04-23,2019-04-23,66.38,67.54,66.24,67.54,5640.0,375624.75
2019-04-18,2019-04-18,65.35,66.2,65.27,65.92,3581,234681.359375
2019-04-17,2019-04-17,66.12,66.5,65.72,65.72,2130.0,140922.5625
2019-04-16,2019-04-16,66.09,66.4,66.09,66.15,1305,86428.84375
2019-04-15,2019-04-15,65.86,66.05,65.46,65.68,2925,192782.40625
2019-04-12,2019-04-12,65.35,66,65.35,65.68,2061,135221.046875
2019-04-11,2019-04-11,65.4,65.61,65.17,65.44,12458,814538.375
2019-04-10,2019-04-10,65.1,65.33,65.05,65.22,14336,934364.25
2019-04-09,2019-04-09,65.51,65.51,64.95,65.04,3538,230764.09375
2019-04-08,2019-04-08,65.58,65.61,65.08,65.42,5925,387637.375
2019-04-05,2019-04-05,65.37,65.99,65.26,65.69,3744,245675.9375
2019-04-04,2019-04-04,64.85,65.34,64.74,64.98,4301,279170.59375
2019-04-03,2019-04-03,65.07,65.3,64.85,65.27,5905,383947.15625
2019-04-02,2019-04-02,64.55,64.78,64.55,64.63,2667,172670.578125
2019-04-01,2019-04-01,63.92,64.3,63.8,64.26,4827,308778.1875
2019-03-29,2019-03-29,62.67,62.89,62.62,62.89,2777,174476.390625
2019-03-28,2019-03-28,61.68,62.22,61.68,61.89,5632,348702.125
2019-03-27,2019-03-27,62.55,62.55,61.31,61.44,10958,679664.75
2019-03-26,2019-03-26,61.58,62.55,61.58,62.01,3589,223514.625
2019-03-25,2019-03-25,61.02,61.37,60.69,60.95,18371,1124840.125
2019-03-22,2019-03-22,63.3,63.34,61.61,61.75,5027,314540.40625
2019-03-21,2019-03-21,61.45,63.16,61.26,62.84,6987,432524.4375
2019-03-20,2019-03-20,62.52,62.62,61.61,61.61,7378,458950.96875
2019-03-19,2019-03-19,62.66,63.23,62.66,63.11,7625,479888.84375
2019-03-18,2019-03-18,62.24,62.26,62.14,62.23,3455,214907.546875
2019-03-15,2019-03-15,61.77,62.41,61.73,62.41,6236,386635.1875
2019-03-14,2019-03-14,61.78,62.05,61.5,61.82,2172,134414.203125
2019-03-13,2019-03-13,61.03,62.05,61,61.87,9157,561106.5625
2019-03-12,2019-03-12,61.08,61.35,60.81,61.09,6793,414967.96875
2019-03-11,2019-03-11,59.5,60.57,59.34,60.57,5527,329565
2019-03-08,2019-03-08,59.13,59.23,58.47,58.73,13014,765343.625
2019-03-07,2019-03-07,59.66,60.35,59.34,59.85,5488,327523.15625
2019-03-06,2019-03-06,60.68,60.74,60.2,60.3,8965,540267.375
2019-03-05,2019-03-05,60.8,61.06,60.59,61.03,2943,179183.8125
2019-03-04,2019-03-04,61.65,61.83,60.91,60.91,2741,169133.53125
2019-03-01,2019-03-01,60.8,61.08,60.53,60.53,3173,193131.171875
2019-02-28,2019-02-28,60.11,60.45,60.11,60.45,4675,281826.75
2019-02-27,2019-02-27,60.2,60.44,59.91,60.34,13700.0,822538.625
2019-02-26,2019-02-26,60.63,60.95,60.5,60.93,3531,214188.203125
2019-02-25,2019-02-25,61.1,61.64,61.01,61.5,7174,439671.96875
2019-02-22,2019-02-22,60.06,60.76,60.06,60.75,1057,63932.359375
2019-02-21,2019-02-21,60.71,60.71,59.87,60.05,1747,104957.460938
2019-02-20,2019-02-20,60.12,60.4,60.02,60.25,2562,154483.734375
2019-02-19,2019-02-19,60.26,60.26,59.96,60.11,3843,230701.234375
2019-02-18,2019-02-18,60.32,60.38,60.1,60.21,4659,280483.09375
2019-02-15,2019-02-15,58.45,60.26,58.45,60.07,3957,236620.625
2019-02-14,2019-02-14,59.75,59.75,58.66,58.78,5844,344759.65625
2019-02-13,2019-02-13,59.17,59.61,58.93,59.19,2535,150061.84375
2019-02-12,2019-02-12,58.17,58.65,58.17,58.65,2052,119774.390625
2019-02-11,2019-02-11,57.12,57.86,57.12,57.46,10267,591232.75
2019-02-08,2019-02-08,56.55,56.76,56.21,56.24,3626,204563.4375
2019-02-07,2019-02-07,57.74,57.87,56.23,56.23,17107,973833.6875
2019-02-06,2019-02-06,57.8,58.07,57.63,57.89,2646,153083.046875
2019-02-05,2019-02-05,57.15,58,57.15,57.83,3287,189692.9375
2019-02-04,2019-02-04,56.52,56.87,56.34,56.87,6536,369115.03125
2019-02-01,2019-02-01,56.55,56.84,56.06,56.58,13496,761217.6875
2019-01-31,2019-01-31,55.52,56.2,55.18,56.2,10797,598478.4375
2019-01-30,2019-01-30,53.97,54.78,53.93,54.76,5893,321674.28125
2019-01-29,2019-01-29,53.61,54.34,53.61,53.81,2812,152146.953125
2019-01-28,2019-01-28,54.59,54.6,53.48,53.6,17762,960510.375
2019-01-25,2019-01-25,54.75,55.13,54.75,55.12,5095,280310.75
2019-01-24,2019-01-24,54.05,54.53,53.99,54.26,15700.0,851791.4375
2019-01-23,2019-01-23,53.85,54.72,53.64,53.73,3447,186876.15625
2019-01-22,2019-01-22,54.82,54.94,54.49,54.58,9080.0,497538.40625
2019-01-21,2019-01-21,55.08,55.2,54.96,55.15,4292,236115.328125
2019-01-18,2019-01-18,54.22,55.44,54.16,55.41,10298,564443.25
2019-01-17,2019-01-17,52.53,53.41,52.45,53.41,2756,145325.875
2019-01-16,2019-01-16,52.99,53.45,52.83,53.36,13089,696843.1875
2019-01-15,2019-01-15,51.95,52.5,51.64,52.5,15172,790089.0625
2019-01-14,2019-01-14,51.04,51.56,50.98,51.46,8330.0,427611.125
2019-01-11,2019-01-11,51.6,51.68,51.25,51.68,16477,849410.375
2019-01-10,2019-01-10,50.45,51.55,50.31,51.55,20799,1054129.25
2019-01-09,2019-01-09,51.21,51.59,50.95,51.3,16608,852149.625
2019-01-08,2019-01-08,50.61,51.51,50.24,50.37,31172,1586171.875
2019-01-07,2019-01-07,49.835,50.34,49.2,50.34,20829,1034568.0625
2019-01-04,2019-01-04,47.655,49.465,47.37,49.105,33973,1649143.5
2019-01-03,2019-01-03,47.82,48.445,46.745,47.425,7761,368380.8125
2019-01-02,2019-01-02,47.2,49.155,46.65,48.935,7646,365319.5625
2018-12-28,2018-12-28,47.845,49.1,47.845,48.645,26877,1306617.625
2018-12-27,2018-12-27,46.905,47.345,45.32,46.17,26932,1238998.75
2018-12-21,2018-12-21,47.795,48.825,47.335,47.825,43712,2096916.75
2018-12-20,2018-12-20,48.405,49.115,47.755,48.025,52954,2563756.75
2018-12-19,2018-12-19,50.84,51.39,50.79,51.2,23599,1205201.75
2018-12-18,2018-12-18,51.26,51.82,51.1,51.4,22215,1141208.625
2018-12-17,2018-12-17,53.33,53.37,51.76,52.76,20803,1086415
2018-12-14,2018-12-14,54.16,54.64,53.99,54.22,9651,525545
2018-12-13,2018-12-13,55.79,55.79,55,55.31,10755,599280.1875
2018-12-12,2018-12-12,55.13,56.28,55.13,56,3654,201703.59375
2018-12-11,2018-12-11,54.52,56.16,54.35,55.28,14720.0,812689.5
2018-12-10,2018-12-10,53.91,54.49,52.27,52.68,9609,511702.34375
2018-12-07,2018-12-07,55.95,57.21,55.17,55.28,21600.0,1218854.5
2018-12-06,2018-12-06,56.44,56.44,53.91,54.36,22400.0,1233667.75
2018-12-05,2018-12-05,57.74,58.02,57.59,57.59,2500.0,144908.0625
2018-12-04,2018-12-04,60.54,60.66,60.14,60.14,9780.0,593845.9375
2018-12-03,2018-12-03,62.19,62.19,60.68,60.77,27780.0,1701119.5
2018-11-30,2018-11-30,58.84,59.23,58.41,59.12,12212,715761.3125
2018-11-29,2018-11-29,58.7,58.84,58.18,58.6,20208,1185199.25
2018-11-28,2018-11-28,57.19,57.52,57.15,57.4,15208,873750.375
2018-11-27,2018-11-27,56.2,56.75,55.71,56.49,9197,515581.78125
2018-11-26,2018-11-26,55.34,56.11,55.34,55.71,7097,396267
2018-11-23,2018-11-23,54.5,55.09,54.5,55.09,1549,84680.3125
2018-11-22,2018-11-22,55.04,55.04,54.12,54.23,5116,278545.34375
2018-11-21,2018-11-21,55.11,55.78,54.97,55.76,32292,1786488.125
2018-11-20,2018-11-20,56.16,56.19,54.43,55.17,16067,890537.875
2018-11-19,2018-11-19,58.8,58.98,57.15,57.15,4189,243164.953125
2018-11-16,2018-11-16,58.63,58.7,57.98,58.27,10200.0,595402.75
2018-11-15,2018-11-15,57.94,57.97,56.39,57.72,17809,1020847.0625
2018-11-14,2018-11-14,58.57,59.6,58.13,58.13,9773,576577.8125
2018-11-13,2018-11-13,59.82,60.01,58.63,59.73,10137,604407
2018-11-12,2018-11-12,61.62,61.62,59.54,59.57,7869,474642.59375
2018-11-09,2018-11-09,61.76,61.86,60.92,61.02,21025,1292587
2018-11-08,2018-11-08,61.91,61.91,61.47,61.87,15181,937849.4375
2018-11-07,2018-11-07,59.85,60.74,59.85,60.71,4255,255934.265625
2018-11-06,2018-11-06,58.53,59,58.41,59,3837,225249.3125
2018-11-05,2018-11-05,58.02,58.6,58.01,58.32,2606,151620.9375
2018-11-02,2018-11-02,59.57,59.69,57.88,57.88,15030.0,882625.75
2018-11-01,2018-11-01,57.83,58.59,57.68,58.48,5542,321646.59375
2018-10-31,2018-10-31,57.3,58.81,57.3,58.4,12179,706106.75
2018-10-30,2018-10-30,55.59,56.07,54.6,55.66,14055,781164.5
2018-10-29,2018-10-29,55.78,57.44,55.71,56.2,4207,238904.46875
2018-10-26,2018-10-26,56.24,56.27,54.53,55.71,34790.0,1931470.625
2018-10-25,2018-10-25,55.87,57.43,55.78,57.43,10509,595704.75
2018-10-24,2018-10-24,58.08,59.05,57.49,57.49,5525,321717
2018-10-23,2018-10-23,57.99,58.18,56.74,57.31,14446,828646.4375
2018-10-22,2018-10-22,59.89,60.19,59.02,59.63,4338,258721.328125
2018-10-19,2018-10-19,60.44,61.07,60.24,60.32,3747,226989.625
2018-10-18,2018-10-18,61.26,61.44,60.19,60.19,8310.0,508195.5625
2018-10-17,2018-10-17,61.69,61.74,60.5,60.76,5704,348734.21875
2018-10-16,2018-10-16,58.84,60.3,58.84,60.3,4089,243195.109375
2018-10-15,2018-10-15,58.78,59.39,58.43,59.39,10320.0,607518.625
2018-10-12,2018-10-12,59.53,59.77,59.15,59.16,13872,825236.9375
2018-10-11,2018-10-11,59.65,60.39,58.56,58.99,35918,2132524.25
2018-10-10,2018-10-10,65.02,65.1,62.8,62.8,10227,651490.5625
2018-10-09,2018-10-09,65.22,65.55,64.84,65.36,4465,290739.375
2018-10-08,2018-10-08,65.09,65.3,64.69,64.69,7667,498917.9375
2018-10-05,2018-10-05,65.79,65.93,65.08,65.08,3227,211984.5625
2018-10-04,2018-10-04,66.53,66.57,65.73,65.82,9710.0,644826.875
2018-10-02,2018-10-02,66.28,66.7,66.27,66.57,2259,149969.296875
2018-10-01,2018-10-01,66.57,66.89,66.51,66.82,5973,398323.625
2018-09-28,2018-09-28,65.66,66,65.66,65.9,3188,209411.734375
2018-09-27,2018-09-27,64.94,65.76,64.77,65.76,5075,329149.59375
2018-09-26,2018-09-26,65.24,65.37,65.17,65.37,2017,131721.875
2018-09-25,2018-09-25,65.25,65.5,65.01,65.21,4472,292044.78125
2018-09-24,2018-09-24,65.41,65.41,64.79,65.01,3039,197363.8125
2018-09-21,2018-09-21,65.83,66.2,65.75,65.98,3929,258764.453125
2018-09-20,2018-09-20,65.13,65.62,65.07,65.62,3288,214605.453125
2018-09-19,2018-09-19,65.05,65.17,64.73,65.17,323,20958.240234
2018-09-18,2018-09-18,64.29,65.03,64.14,65.03,3763,242249.96875
2018-09-17,2018-09-17,65.05,65.05,64.58,64.58,936,60750.800781
2018-09-14,2018-09-14,65.04,65.2,65,65.15,2929,190584.515625
2018-09-13,2018-09-13,64.67,64.95,64.67,64.71,3250.0,210574.34375
2018-09-12,2018-09-12,64.83,64.93,64.29,64.63,5422,351140.5625
2018-09-11,2018-09-11,64.14,64.51,63.93,64.51,676,43380.179688
2018-09-10,2018-09-10,64.49,64.71,64.21,64.34,6344,409046.125
2018-09-07,2018-09-07,63.92,64.53,63.79,64.53,5365,342633.6875
2018-09-06,2018-09-06,64.28,64.6,63.83,63.94,749,48117.300781
2018-09-05,2018-09-05,64.95,64.95,64.13,64.17,2400.0,154959.203125
2018-09-04,2018-09-04,65.81,65.81,64.84,65.19,6212,406699.96875
2018-09-03,2018-09-03,65.42,65.65,65.32,65.47,6218,407353.875
2018-08-31,2018-08-31,64.82,65.17,64.7,65.03,1529,99319.398438
2018-08-30,2018-08-30,65.08,65.28,64.96,65.14,921,59941.890625
2018-08-29,2018-08-29,64.87,65.2,64.75,65.2,2341,151907.046875
2018-08-28,2018-08-28,64.6,64.67,64.34,64.34,1979,127841.351563
2018-08-27,2018-08-27,64.39,64.68,64.28,64.52,2112,136034.21875
2018-08-24,2018-08-24,63.64,63.91,63.57,63.91,1877,119703.070313
2018-08-23,2018-08-23,63.51,63.95,63.38,63.38,1184,75269.34375
2018-08-22,2018-08-22,63.38,63.65,62.96,63.65,10701,677325.8125
2018-08-21,2018-08-21,63.8,64.11,63.8,64.11,898,57401.578125
2018-08-20,2018-08-20,64.29,64.35,63.99,64.03,1091,70092.46875
2018-08-17,2018-08-17,63.92,63.92,63.55,63.64,1368,87141.710938
2018-08-16,2018-08-16,63.2,63.88,63.2,63.88,324,20522.349609
2018-08-15,2018-08-15,63.83,63.93,62.5,62.92,2036,128714.109375
2018-08-14,2018-08-14,63.28,63.8,63.19,63.74,1351,85512.171875
2018-08-13,2018-08-13,63.08,63.4,62.92,63.16,3025,191222.421875
2018-08-10,2018-08-10,63.23,63.57,63.14,63.57,9578,605320.6875
2018-08-09,2018-08-09,63.2,63.61,63.13,63.53,3158,200339.5625
2018-08-08,2018-08-08,63.15,63.45,63.15,63.35,870,55098.851563
2018-08-07,2018-08-07,63.3,63.5,63.2,63.37,6065,384006.1875
2018-08-06,2018-08-06,62.82,62.91,62.54,62.91,4225,265582.75
2018-08-03,2018-08-03,61.97,62.23,61.96,62.12,558,34613.769531
2018-08-02,2018-08-02,60.61,61.29,60.32,61.29,1182,71565.71875
2018-08-01,2018-08-01,61.17,61.37,60.93,61.1,2917,178111.28125
2018-07-31,2018-07-31,60.4,60.94,60.37,60.94,6756,408649.59375
2018-07-30,2018-07-30,60.96,61.11,60.49,60.49,6201,377537
2018-07-27,2018-07-27,62.4,62.5,61.8,61.88,1170.0,72609.75
2018-07-26,2018-07-26,61.55,62.28,61.55,62.22,2549,157704.484375
2018-07-25,2018-07-25,61.07,61.44,60.96,61.44,1379,84406.726563
2018-07-24,2018-07-24,61,61.48,60.92,61.27,1853,113481.578125
2018-07-23,2018-07-23,60.04,60.36,59.9,60.36,1121,67375.828125
2018-07-20,2018-07-20,60.65,60.65,60.04,60.56,592,35645.46875
2018-07-19,2018-07-19,61.15,61.2,60.88,61.12,2729,166970.4375
2018-07-18,2018-07-18,61.05,61.17,60.91,61.17,1785,108893.789063
2018-07-17,2018-07-17,59.73,60.52,59.7,60.46,11451,690287.0625
2018-07-16,2018-07-16,60.46,60.55,60.1,60.1,1479,89406.21875
2018-07-13,2018-07-13,60.65,60.71,60.28,60.58,1799,109150.898438
2018-07-12,2018-07-12,59.55,60.01,59.55,59.845,2951,176730.5
2018-07-11,2018-07-11,58.92,59.265,58.82,59.265,8343,491584.15625
2018-07-10,2018-07-10,59.46,59.95,59.46,59.735,10715,640591.9375
2018-07-09,2018-07-09,58.73,59.16,58.6,59.14,338,19900.740234
2018-07-06,2018-07-06,57.61,58.205,57.25,58.205,3491,200626.546875
2018-07-05,2018-07-05,57.29,57.38,57.155,57.155,70,4014.199951
2018-07-04,2018-07-04,56.95,57.28,56.94,57.18,820,46856.261719
2018-07-03,2018-07-03,57.48,57.87,57.48,57.58,5633,325088.625
2018-07-02,2018-07-02,56.42,56.99,56.36,56.87,3986,225566.9375
2018-06-29,2018-06-29,57.54,58,57.36,57.87,1626,93708.601563
2018-06-28,2018-06-28,57.14,57.4,56.22,57.01,4411,250346.203125
2018-06-27,2018-06-27,57.07,58.42,56.61,57.93,16333,932428.375
2018-06-26,2018-06-26,56.99,57.17,56.95,57.09,2775,158099.65625
2018-06-25,2018-06-25,58.16,58.16,56.515,56.515,6167,354508.375
2018-06-22,2018-06-22,58.9,59.01,58.88,58.955,2265,133636.5
2018-06-21,2018-06-21,60,60,58.935,58.935,1678,99775.601563
2018-06-20,2018-06-20,59.67,59.85,59.46,59.5,32301,1930482.375
2018-06-19,2018-06-19,58.24,59.05,58.13,59.02,5258,309107.9375
2018-06-18,2018-06-18,59.65,59.65,59.03,59.51,4230.0,250590.3125
2018-06-15,2018-06-15,60.29,60.29,59.32,59.32,2957,176185.46875
2018-06-14,2018-06-14,58.5,60.02,58.44,59.87,5018,297159.125
2018-06-13,2018-06-13,59.54,59.54,59.37,59.5,4721,280941.25
2018-06-12,2018-06-12,59.21,59.23,58.98,59.23,9083,537282.25
2018-06-11,2018-06-11,58.9,59.15,58.9,59.1,1468,86594.398438
2018-06-08,2018-06-08,58.4,58.67,58.4,58.61,2745,160574.65625
2018-06-07,2018-06-07,58.77,58.77,58.48,58.48,1019,59802.859375
2018-06-06,2018-06-06,58.36,58.36,58,58.3,1280.0,74368.539063
2018-06-05,2018-06-05,57.89,58.4,57.89,58.02,3210.0,186734.46875
2018-06-04,2018-06-04,57.81,57.98,57.71,57.96,2828,163431.046875
2018-06-01,2018-06-01,56.86,57.58,56.86,57.58,2533,144592.5625
2018-05-31,2018-05-31,57.1,57.11,56.86,56.86,33112,1890467.625
2018-05-30,2018-05-30,56.55,57.13,56.55,57.13,11473,653699.5
2018-05-29,2018-05-29,56.91,57.03,56.67,56.72,4653,264455.78125
2018-05-28,2018-05-28,57.35,57.43,57.3,57.41,422,24197.880859
2018-05-25,2018-05-25,57.46,57.5,57.06,57.33,5574,318946.46875
2018-05-24,2018-05-24,57.26,57.33,56.5,56.74,1926,109642.53125
2018-05-23,2018-05-23,56.74,56.76,56.33,56.76,2200.0,124351.203125
2018-05-22,2018-05-22,57.28,57.35,57.08,57.26,2980.0,170403.375
2018-05-18,2018-05-18,56.63,56.72,56.23,56.48,4797,271031.15625
2018-05-17,2018-05-17,56.41,56.87,56.41,56.83,2050.0,115746.898438
2018-05-16,2018-05-16,55.97,56.38,55.91,56.35,10181,571090.125
2018-05-15,2018-05-15,56.04,56.27,55.76,55.76,4904,274747.5
2018-05-14,2018-05-14,56.48,56.54,56.16,56.35,21697,1222228
2018-05-11,2018-05-11,55.97,56.1,55.96,56.1,5237,293720.65625
2018-05-10,2018-05-10,55.4,55.87,55.21,55.87,5370.0,297063.5625
2018-05-09,2018-05-09,54.7,54.78,54.49,54.49,7501,410557.4375
2018-05-08,2018-05-08,53.93,54.19,53.67,54.12,5818,313389.5625
2018-05-07,2018-05-07,53.84,54.3,53.74,54.13,24286,1310659.375
2018-05-04,2018-05-04,52,53.21,52,53.21,1912,99602.476563
2018-05-03,2018-05-03,52.07,52.2,50.79,50.96,5255,270603.53125
2018-05-02,2018-05-02,52.89,52.89,52.72,52.78,630,33292.371094
2018-04-30,2018-04-30,53.3,53.54,53.3,53.34,1669,89015.953125
2018-04-27,2018-04-27,53.16,53.26,52.76,53.03,2961,157405.25
2018-04-26,2018-04-26,51.58,52.56,51.58,52.54,2727,142768.15625
2018-04-25,2018-04-25,51,51.37,50.51,51.13,964,49134.261719
2018-04-24,2018-04-24,53.18,53.23,52.48,52.48,470,24955.599609
2018-04-23,2018-04-23,52.47,53.03,52.43,52.99,2680.0,140826
2018-04-20,2018-04-20,52.86,53.09,52.56,52.56,5076,269253.78125
2018-04-19,2018-04-19,53.3,53.3,52.79,52.99,988,52539.121094
2018-04-18,2018-04-18,53.6,53.72,53.6,53.72,2208,118477.84375
2018-04-17,2018-04-17,52.67,53.47,52.65,53.47,4248,224839.96875
2018-04-16,2018-04-16,51.97,52.2,51.74,52.07,3186,165450.421875
2018-04-13,2018-04-13,52.03,52.03,51.88,51.9,964,50118.519531
2018-04-12,2018-04-12,51,52.24,51,52.05,621,32032.679688
2018-04-11,2018-04-11,50.92,51.08,50.29,51.08,6950.0,351189.375
2018-04-10,2018-04-10,51.54,51.71,50.86,51.71,7394,378312.9375
2018-04-09,2018-04-09,50.32,51.18,50.32,51.18,9674,488907.875
2018-04-06,2018-04-06,51.51,51.58,50.84,51.04,5938,304457.875
2018-04-05,2018-04-05,52.08,52.69,51.88,52.69,5266,274837.875
2018-04-04,2018-04-04,49.84,49.855,48.18,49.855,7326,358896.0625
2018-04-03,2018-04-03,49.175,49.74,48.95,49.52,10805,533089.125
2018-03-29,2018-03-29,50.06,51,49.995,50.81,9067,454154.4375
2018-03-28,2018-03-28,49.83,50.18,49.335,49.765,13058,648357.0625
2018-03-27,2018-03-27,51.87,52.1,51.4,51.7,8651,448034.125
2018-03-26,2018-03-26,50.23,50.65,49.245,49.61,17417,876192.4375
2018-03-23,2018-03-23,51.26,51.5,50.52,50.75,8492,434036.6875
2018-03-22,2018-03-22,53.33,53.61,52.41,52.95,5173,274809.25
2018-03-21,2018-03-21,54.62,54.97,54.29,54.97,5136,279441.9375
2018-03-20,2018-03-20,54.09,54.75,54.09,54.6,1988,108361.453125
2018-03-19,2018-03-19,55.67,55.67,53.9,54.02,11178,617415.4375
2018-03-16,2018-03-16,55.65,56.05,55.65,56.05,1288,71925.90625
2018-03-15,2018-03-15,55.57,56.01,55.53,55.83,5000.0,279754.46875
2018-03-14,2018-03-14,56.22,56.5,55.45,55.6,10128,567456.9375
2018-03-13,2018-03-13,57.18,57.47,56.38,56.38,7807,442800.84375
2018-03-12,2018-03-12,57.51,57.57,56.83,57.03,20929,1200806.75
2018-03-09,2018-03-09,55.15,56.44,55.14,56.39,3145,174544.53125
2018-03-08,2018-03-08,54.22,55,54.2,54.79,3995,217610.84375
2018-03-07,2018-03-07,53.33,54.01,53.21,54.01,6070.0,325565.75
2018-03-06,2018-03-06,54.6,54.72,53.85,53.88,5589,304361.03125
2018-03-05,2018-03-05,52.61,53.85,52.53,53.85,44238,2341756
2018-03-02,2018-03-02,53.04,53.23,51.79,52.18,5752,300517.96875
2018-03-01,2018-03-01,54.99,55.03,54.34,54.65,28889,1581938
2018-02-28,2018-02-28,56.2,56.68,55.88,55.88,4441,249493.265625
2018-02-27,2018-02-27,56.94,57.5,56.73,56.82,4612,262718.53125
2018-02-26,2018-02-26,55.79,56.35,55.79,56.23,9989,559846.3125
2018-02-23,2018-02-23,54.26,54.77,54.26,54.77,951,51836.609375
2018-02-22,2018-02-22,53.57,54.66,53.44,54.66,1632,87609
2018-02-21,2018-02-21,54.34,55.24,53.98,55.24,53628,2902227.25
2018-02-20,2018-02-20,54.39,54.9,54,54.9,12469,675760.0625
2018-02-19,2018-02-19,54.96,55.07,54.32,54.47,3153,172594.953125
2018-02-16,2018-02-16,54.41,54.84,54.41,54.84,7726,421843.8125
2018-02-15,2018-02-15,53.42,53.71,52.95,53.11,25924,1385727.125
2018-02-14,2018-02-14,52.52,52.6,51.34,52.27,9145,477002.28125
2018-02-13,2018-02-13,51.59,51.66,51.17,51.4,24903,1283044.375
2018-02-12,2018-02-12,51.31,52.11,51.31,51.59,14942,774709.4375
2018-02-09,2018-02-09,50.53,50.64,49.43,49.805,33413,1670861.125
2018-02-08,2018-02-08,53.25,53.27,52.03,52.1,12551,664864.1875
2018-02-07,2018-02-07,52.24,54.85,52.16,54.53,55615,2972101.5
2018-02-06,2018-02-06,50.85,52.58,48.8,50.61,132229,6670817
2018-02-05,2018-02-05,55.15,55.97,54.84,55.45,30061,1662253.875
2018-02-02,2018-02-02,57.73,57.75,57.1,57.1,7635,438561.78125
2018-02-01,2018-02-01,58.95,58.95,57.81,58.35,12530.0,732727.625
2018-01-31,2018-01-31,58.71,58.94,58.44,58.58,20429,1198960.0
2018-01-30,2018-01-30,59.7,59.7,58.3,58.86,6109,359867.03125
2018-01-29,2018-01-29,60.51,60.69,60.13,60.4,10579,639776.875
2018-01-26,2018-01-26,59.16,59.79,59.16,59.78,3419,203213.140625
2018-01-25,2018-01-25,59.12,59.6,58.74,58.95,10104,596869.75
2018-01-24,2018-01-24,59.67,59.87,59.26,59.26,10551,629947.625
2018-01-23,2018-01-23,59.97,60.09,59.46,59.84,35927,2146450.75
2018-01-22,2018-01-22,58.63,59.11,58.49,59.04,3780.0,222156.703125
2018-01-19,2018-01-19,58.1,58.63,58.05,58.58,3761,219950.828125
2018-01-18,2018-01-18,58.66,58.66,58.17,58.31,4047,236550.875
2018-01-17,2018-01-17,57.89,58.08,57.82,58.08,5364,310808.78125
2018-01-16,2018-01-16,58.31,58.68,58.06,58.33,3154,184248.609375
2018-01-15,2018-01-15,58.28,58.28,57.97,58.07,3955,229728.90625
2018-01-12,2018-01-12,58.13,58.24,57.6,58.15,4573,265174.3125
2018-01-11,2018-01-11,58,58,57.45,57.61,1304,75500.570313
2018-01-10,2018-01-10,57.66,57.66,57,57.5,21376,1226384.125
2018-01-09,2018-01-09,57.63,58.2,57.63,58.16,1932,111810.40625
2018-01-08,2018-01-08,57.32,57.34,57.12,57.34,3840.0,219719.65625
2018-01-05,2018-01-05,56.31,56.7,56.31,56.7,7100.0,401031.75
2018-01-04,2018-01-04,55.89,56.2,55.78,56.07,2855,159566.828125
2018-01-03,2018-01-03,55.13,55.63,55.13,55.61,3932,217699.484375
2018-01-02,2018-01-02,54.47,54.92,54.23,54.75,3866,210513.25
2017-12-29,2017-12-29,55.24,55.36,55.06,55.31,549,30303.189453
2017-12-28,2017-12-28,55.25,55.25,54.95,55.01,978,53851.5
2017-12-27,2017-12-27,55.3,55.38,55.14,55.3,2575,142265.765625
2017-12-22,2017-12-22,55.62,55.66,55.37,55.37,2433,135133.15625
2017-12-21,2017-12-21,55.18,55.68,55.15,55.61,51181,2836357.5
2017-12-20,2017-12-20,55.78,55.8,55.21,55.28,8328,462160.78125
2017-12-19,2017-12-19,56.13,56.22,55.78,55.78,5986,335928.125
2017-12-18,2017-12-18,55.93,56.13,55.9,56.06,55158,3083944
2017-12-15,2017-12-15,54.71,55.55,54.71,55.55,65365,3587322.75
2017-12-14,2017-12-14,55.06,55.06,54.93,55.03,5505,302750.90625
2017-12-13,2017-12-13,55.31,55.4,55.12,55.36,15640.0,864573.625
2017-12-12,2017-12-12,54.85,55.485,54.85,55.485,1580.0,86891.4375
2017-12-11,2017-12-11,54.65,54.65,54.4,54.565,3258,177611.4375
2017-12-08,2017-12-08,54.44,54.5,54.29,54.39,294,15995.639648
2017-12-07,2017-12-07,53.65,53.905,53.6,53.905,45425,2436555.75
2017-12-06,2017-12-06,53.08,53.63,53.08,53.62,959,51165.148438
2017-12-05,2017-12-05,53.78,54.15,53.48,54.1,22705,1218521.625
2017-12-04,2017-12-04,54.42,54.61,54.16,54.255,45557,2476102.37
2017-12-01,2017-12-01,53.58,53.64,52.37,52.37,1895,101197.703125
2017-11-30,2017-11-30,53.4,53.51,53.36,53.49,556,29703.080078
2017-11-29,2017-11-29,53.03,53.33,53.03,53.11,1449,77218.828125
2017-11-28,2017-11-28,51.98,52.44,51.92,52.44,4179,218136.3125
2017-11-27,2017-11-27,51.76,51.89,51.75,51.77,1780.0,92324.71875
2017-11-24,2017-11-24,52.08,52.11,51.81,51.81,210,10925.5
2017-11-23,2017-11-23,52.04,52.04,51.99,52,204,10610.959961
2017-11-22,2017-11-22,52.46,52.46,52.21,52.21,48,2514.47998
2017-11-21,2017-11-21,51.85,52.5,51.85,52.5,5688,296212.53125
2017-11-20,2017-11-20,51.35,51.81,51.2,51.8,1624,83572.007813
2017-11-17,2017-11-17,51.72,51.72,51.53,51.54,300,15482.900391
2017-11-16,2017-11-16,51.26,51.76,51.26,51.75,1370.0,70388.453125
2017-11-15,2017-11-15,50.84,51.1,50.48,51.1,44985,2291790.5
2017-11-14,2017-11-14,52.01,52.08,51.47,51.48,2126,109880.101563
2017-11-13,2017-11-13,52.27,52.27,51.86,52.19,3467,180197.375
2017-11-10,2017-11-10,52.17,52.17,51.98,52.03,2152,112160.78125
2017-11-09,2017-11-09,52.75,52.77,52.19,52.19,1331,69832
2017-11-08,2017-11-08,52.76,52.81,52.65,52.68,757,39891.78125
2017-11-07,2017-11-07,53,53.03,52.91,52.91,2731,144616.109375
2017-11-06,2017-11-06,52.42,52.79,52.42,52.79,5061,265479.28125
2017-11-03,2017-11-03,52.19,52.52,52.11,52.52,25768,1345256.5
2017-11-02,2017-11-02,51.95,51.99,51.51,51.98,1424,73872.632813
2017-11-01,2017-11-01,52.25,52.56,52.2,52.28,4295,224959.453125
2017-10-30,2017-10-30,52.06,52.11,51.86,51.86,3389,176345.828125
2017-10-27,2017-10-27,51.71,52.36,51.71,52.36,3933,203785.3125
2017-10-26,2017-10-26,50.57,51.35,50.57,51.29,3126,159286.625
2017-10-25,2017-10-25,51.06,51.12,50.3,50.38,22192,1117684
2017-10-24,2017-10-24,51.22,51.3,51.03,51.2,3022,154731.90625
2017-10-23,2017-10-23,51.45,51.69,51.44,51.5,34910.0,1796817.25
2017-10-20,2017-10-20,50.93,51.18,50.93,51.18,2779,141649.96875
2017-10-19,2017-10-19,50.62,50.62,50.03,50.33,13069,656597.125
2017-10-18,2017-10-18,50.86,50.99,50.86,50.87,1826,92909.1875
2017-10-17,2017-10-17,50.81,50.81,50.73,50.73,3496,177556.734375
2017-10-16,2017-10-16,50.57,50.6,50.49,50.5,8646,437030.0
2017-10-13,2017-10-13,50.27,50.4,50.27,50.35,819,41225.300781
2017-10-12,2017-10-12,50.21,50.29,50.05,50.29,216,10833.879883
2017-10-11,2017-10-11,50.23,50.23,50.08,50.17,220,11035.459961
2017-10-10,2017-10-10,50.41,50.42,50.18,50.18,2442,123046.507813
2017-10-09,2017-10-09,50.66,50.66,50.51,50.51,786,39780.570313
2017-10-06,2017-10-06,50.84,50.85,50.41,50.48,5403,273689.75
2017-10-05,2017-10-05,49.98,50.52,49.98,50.52,1661,83263.898438
2017-10-04,2017-10-04,49.91,49.97,49.7,49.97,9866,491409.6875
2017-10-02,2017-10-02,49.32,49.59,49.32,49.55,3954,195113.765625
2017-09-29,2017-09-29,48.74,48.89,48.67,48.89,941,45954.148438
2017-09-28,2017-09-28,48.77,48.77,48.55,48.71,238,11603.049805
2017-09-27,2017-09-27,48.6,48.84,48.54,48.54,3333,162243.8125
2017-09-26,2017-09-26,48.04,48.45,48.04,48.38,275,13215.549805
2017-09-25,2017-09-25,47.79,48.07,47.79,47.89,1333,63830.289063
2017-09-22,2017-09-22,47.61,47.69,47.61,47.63,2980.0,142082.4375
2017-09-21,2017-09-21,48.23,48.23,47.96,47.96,1911,91987.757813
2017-09-20,2017-09-20,47.82,47.86,47.8,47.86,5649,270268.25
2017-09-19,2017-09-19,47.68,47.92,47.68,47.92,1586,75904.242188
2017-09-18,2017-09-18,48,48.03,47.86,48.03,1166,55901.011719
2017-09-15,2017-09-15,47.45,47.64,47.45,47.64,1270.0,60278.300781
2017-09-14,2017-09-14,47.82,47.89,47.75,47.89,1708,81631.539063
2017-09-13,2017-09-13,47.28,47.8,47.28,47.78,806,38176.230469
2017-09-12,2017-09-12,47.29,47.52,47.25,47.41,1726,81677.953125
2017-09-11,2017-09-11,46.58,47.03,46.58,47.03,465,21723.5
2017-09-08,2017-09-08,45.73,46.22,45.73,46.1,560,25821.949219
2017-09-07,2017-09-07,46.33,46.38,46.04,46.04,5150.0,238854.5
2017-09-06,2017-09-06,46.31,46.33,46.3,46.33,142,6574.819824
2017-09-05,2017-09-05,46.83,46.83,46.41,46.51,1091,50800.5
2017-09-04,2017-09-04,46.6,46.71,46.56,46.65,752,35036.789063
2017-09-01,2017-09-01,47.07,47.18,46.95,47.15,41214,1935046.625
2017-08-31,2017-08-31,46.46,46.73,46.46,46.73,148,6895.950195
2017-08-30,2017-08-30,45.89,46.06,45.82,46.06,4213,193442.4375
2017-08-29,2017-08-29,44.77,45.22,44.42,45.16,6659,298063.4375
2017-08-28,2017-08-28,45.48,45.49,45.46,45.49,132,6002.759766
2017-08-25,2017-08-25,46.23,46.31,45.93,45.93,4325,199967.515625
2017-08-24,2017-08-24,46.22,46.22,45.9,45.9,43,1987.459961
2017-08-23,2017-08-23,46.42,46.42,46.27,46.27,1192,55325.54
2017-08-22,2017-08-22,46,46.45,45.93,46.45,1123,52064.988281
2017-08-21,2017-08-21,45.63,45.73,45.3,45.47,2716,123834.507813
2017-08-18,2017-08-18,45.9,46.01,45.7,45.96,2034,93184.6875
2017-08-17,2017-08-17,47.3,47.63,46.87,46.87,2385,112374.789063
2017-08-16,2017-08-16,47.39,47.66,47.39,47.66,17,807.130005
2017-08-15,2017-08-15,47.29,47.64,47.29,47.35,5119,242205.59375
2017-08-14,2017-08-14,46.34,47.17,46.34,47.11,1449,68158.40625
2017-08-11,2017-08-11,46.16,46.21,45.88,46.2,5151,237127.9375
2017-08-10,2017-08-10,47.49,47.49,46.82,46.82,1074,50971.179688
2017-08-09,2017-08-09,47.19,47.41,47.19,47.3,20612,972759.8125
2017-08-08,2017-08-08,47.49,48.07,47.37,48.07,3371,160350.1875
2017-08-07,2017-08-07,47.64,47.64,47.46,47.46,4851,230419.640625
2017-08-04,2017-08-04,46.98,47.6,46.98,47.6,326,15363.740234
2017-08-03,2017-08-03,47.21,47.21,46.96,46.96,149,7016.5
2017-08-02,2017-08-02,47.28,47.34,46.96,46.96,420,19859.849609
2017-08-01,2017-08-01,47.42,47.42,47.3,47.3,227,10760.200195
2017-07-31,2017-07-31,47.59,47.7,47.17,47.29,7940.0,378023.03125
2017-07-28,2017-07-28,47.49,47.57,47.3,47.3,949,45095.390625
2017-07-27,2017-07-27,47.88,48.19,47.83,48.19,224,10724.5
2017-07-26,2017-07-26,48.11,48.29,48.11,48.19,72,3468.620117
2017-07-25,2017-07-25,47.8,48.12,47.8,48.12,312,14954.799805
2017-07-24,2017-07-24,47.85,47.85,47.74,47.74,25,1196.25
2017-07-21,2017-07-21,48.04,48.04,47.69,47.77,32,1531.699951
2017-07-20,2017-07-20,48.57,48.74,47.86,47.86,1117,53983.449219
2017-07-19,2017-07-19,47.95,48.28,47.95,48.28,625,30013.900391
2017-07-18,2017-07-18,48.05,48.05,47.34,47.62,1820.0,87053.796875
2017-07-17,2017-07-17,48.25,48.25,48.14,48.2,2247,108357.09375
2017-07-14,2017-07-14,47.88,47.9,47.79,47.9,94,4498.049805
2017-07-13,2017-07-13,47.91,48.02,47.84,48.02,568,27180.119141
2017-07-12,2017-07-12,46.92,47.86,46.87,47.71,2993,142729.65625
2017-07-11,2017-07-11,47.35,47.35,46.78,46.78,10455,492358.40625
2017-07-10,2017-07-10,47.26,47.26,47.06,47.26,1607,75752.296875
2017-07-07,2017-07-07,46.58,47.09,46.45,47.09,2116,98385.648438
2017-07-06,2017-07-06,46.78,47,46.78,46.79,473,22127.470703
2017-07-05,2017-07-05,47.32,47.64,47.32,47.57,436,20707.669922
2017-07-04,2017-07-04,47.57,47.59,47.49,47.59,1001,47617.589844
2017-07-03,2017-07-03,47.28,47.74,47.28,47.72,9406,446268.53125
2017-06-30,2017-06-30,46.85,47.23,46.85,47.02,264,12418.019531
2017-06-29,2017-06-29,47.83,47.83,46.91,46.91,1300.0,62000.800781
2017-06-28,2017-06-28,47.14,47.8,47,47.8,4133,195980.6875
2017-06-27,2017-06-27,48.2,48.26,47.98,48.08,523,25157.150391
2017-06-26,2017-06-26,48.62,48.75,48.45,48.49,1110.0,53953.441406
2017-06-23,2017-06-23,48.56,48.62,48.39,48.5,1756,85038.5625
2017-06-22,2017-06-22,48.5,48.73,48.5,48.73,635,30786.539063
2017-06-21,2017-06-21,48.69,48.69,48.62,48.62,100,4869
2017-06-20,2017-06-20,49.21,49.21,49.03,49.03,618,30391.050781
2017-06-19,2017-06-19,48.61,49.06,48.61,49.04,425,20693
2017-06-16,2017-06-16,48.63,48.63,47.98,48.09,143500.0,6928451.5
2017-06-15,2017-06-15,48.07,48.3,47.96,48.3,11513,553043.5625
2017-06-14,2017-06-14,48.47,48.7,48.11,48.11,1932,93556.898438
2017-06-13,2017-06-13,48.35,48.35,48.25,48.33,10182,492185.53125
2017-06-12,2017-06-12,48.04,48.05,47.77,48,4272,204951.59375
2017-06-09,2017-06-09,48.46,48.84,48.46,48.75,1041,50739.339844
2017-06-08,2017-06-08,48.23,48.23,48.23,48.23,0,0
2017-06-07,2017-06-07,48.17,48.17,47.96,47.96,46,2214.899902
2017-06-06,2017-06-06,47.9,48.05,47.85,47.97,1671,80226.78125
2017-06-02,2017-06-02,48.25,48.27,47.99,47.99,851,41062.75
2017-06-01,2017-06-01,47.27,47.47,47.27,47.61,10088,478868.375
2017-05-31,2017-05-31,47.55,47.55,46.98,47.06,4758,224440.34375
2017-05-30,2017-05-30,47.72,47.74,47.52,47.52,297,14158.650391
2017-05-29,2017-05-29,47.75,47.75,47.58,47.72,74166,3535381.75
2017-05-26,2017-05-26,47.43,47.66,47.36,47.66,1910.0,90861.296875
2017-05-25,2017-05-25,47.3,47.42,47.16,47.42,465,21963.599609
2017-05-24,2017-05-24,46.95,47.08,46.95,47.08,500,23479
2017-05-23,2017-05-23,46.65,46.74,46.65,46.73,136,6352.140137
2017-05-22,2017-05-22,46.44,46.44,46.28,46.44,3410.0,158095.9375
2017-05-19,2017-05-19,45.88,46.33,45.88,46.33,1268,58236
2017-05-18,2017-05-18,45.88,45.9,45.27,45.9,10457,477292.5625
2017-05-17,2017-05-17,46.72,46.94,46.14,46.14,4718,221096.453125
2017-05-16,2017-05-16,47.72,47.72,47.45,47.49,3716,177054.984375
2017-05-15,2017-05-15,47.94,48.03,47.71,48.03,2330.0,111572.4375
2017-05-12,2017-05-12,48.02,48.02,47.65,47.82,1318,63101.160156
2017-05-11,2017-05-11,48.17,48.2,47.73,47.93,17686,851096.375
2017-05-10,2017-05-10,48.03,48.3,48.01,48.3,4991,239882.046875
2017-05-09,2017-05-09,48.27,48.27,48.25,48.26,125395,6052800.5
2017-05-08,2017-05-08,47.83,48,47.83,47.94,20388,977215.875
2017-05-05,2017-05-05,47.32,47.64,47.32,47.48,652,30942.410156
2017-05-04,2017-05-04,47.87,47.87,47.49,47.6,10554,504035.15625
2017-05-03,2017-05-03,47.58,47.65,47.39,47.49,22641,1076278.375
2017-05-02,2017-05-02,47.27,47.75,47.27,47.69,902,42942.03125
2017-04-28,2017-04-28,47.81,47.82,47.56,47.56,3104,148284.296875
2017-04-27,2017-04-27,47.63,47.87,47.63,47.77,932,44466.691406
2017-04-26,2017-04-26,47.65,48.2,47.65,48.2,5772,275421.15625
2017-04-25,2017-04-25,47.3,47.54,47.3,47.52,1174,55824.488281
2017-04-24,2017-04-24,47.4,47.52,47.19,47.19,9780.0,464102.5
2017-04-21,2017-04-21,47.24,47.4,47.14,47.19,3210.0,151702.59375
2017-04-20,2017-04-20,46.58,46.72,46.56,46.72,450,20960.890625
2017-04-19,2017-04-19,46.78,47.03,46.77,47.03,10389,486027.59375
2017-04-18,2017-04-18,47.23,47.29,46.64,46.64,14628,687551.125
2017-04-13,2017-04-13,46.96,47.34,46.96,47.32,4603,217362.15625
2017-04-12,2017-04-12,47.62,47.74,47.23,47.23,3256,154813.859375
2017-04-11,2017-04-11,47.1,47.15,47.03,47.15,2695,126766.632813
2017-04-10,2017-04-10,47.95,48.12,47.78,47.84,850,40774.46875
2017-04-07,2017-04-07,47.43,47.79,47.43,47.76,5960.0,283622.8125
2017-04-06,2017-04-06,47.14,47.76,47.14,47.76,2502,118324.867188
2017-04-05,2017-04-05,47.5,48.41,47.5,48.17,463,22095.529297
2017-04-04,2017-04-04,47.48,47.58,47.34,47.58,756,35835.570313
2017-04-03,2017-04-03,47.87,47.87,47.28,47.28,2364,112826.859375
2017-03-31,2017-03-31,47.7,47.9,47.7,47.86,2845,136026.84375
2017-03-30,2017-03-30,47.39,47.75,47.25,47.75,2782,131620.1875
2017-03-29,2017-03-29,47.02,47.21,46.9,47.21,51195,2407319.25
2017-03-28,2017-03-28,46.2,46.43,45.91,46.41,2093,96722.632813
2017-03-27,2017-03-27,45.43,45.81,45.26,45.81,20428,928365.375
2017-03-24,2017-03-24,46.56,46.76,46.45,46.64,1441,67040.96875
2017-03-23,2017-03-23,46.59,47.05,46.56,47.05,20659,966429.4375
2017-03-22,2017-03-22,46.16,46.6,46.11,46.49,31836,1476495.5
2017-03-21,2017-03-21,47.86,47.86,46.73,46.76,11351,535666.375
2017-03-20,2017-03-20,47.83,47.99,47.8,47.95,7565,362354.125
2017-03-17,2017-03-17,48.02,48.29,48.02,48.16,6088,293486.78125
2017-03-16,2017-03-16,48.67,48.67,48.16,48.24,11554,559870.3125
2017-03-15,2017-03-15,48.34,48.44,48.27,48.44,1998,96506.578125
2017-03-14,2017-03-14,48.22,48.22,47.84,47.84,7321,352273.375
2017-03-13,2017-03-13,48.02,48.08,48.02,48.08,343,16473.589844
2017-03-10,2017-03-10,48.48,48.57,47.96,48.05,9332,452153
2017-03-09,2017-03-09,48.41,48.41,48.07,48.31,20820.0,1004454.625
2017-03-08,2017-03-08,48.41,48.54,48.41,48.54,710,34442.550781
2017-03-07,2017-03-07,48.57,48.59,48.4,48.4,717,34829.398438
2017-03-06,2017-03-06,48.43,48.62,48.27,48.41,7059,342173.75
2017-03-03,2017-03-03,48.94,49,48.83,48.84,2657,129940.9375
2017-03-02,2017-03-02,49.49,49.66,49.28,49.28,4699,233191.546875
2017-03-01,2017-03-01,48.67,49.45,48.67,49.45,8693,424687.6875
2017-02-28,2017-02-28,48.38,48.38,48.07,48.11,1203,58013.199219
2017-02-27,2017-02-27,48.4,48.42,48.09,48.09,2277,109860.046875
2017-02-24,2017-02-24,47.92,47.97,47.57,47.91,1875,89625.851563
2017-02-23,2017-02-23,48.2,48.35,48.03,48.03,5773,278413.9375
2017-02-22,2017-02-22,48.52,48.52,48.21,48.24,3549,171658.265625
2017-02-21,2017-02-21,47.73,48.39,47.73,48.15,5293,254552.90625
2017-02-20,2017-02-20,47.66,47.66,47.49,47.61,5276,250850.359375
2017-02-17,2017-02-17,47.1,47.13,46.89,47.04,713,33499.460938
2017-02-16,2017-02-16,47.47,47.47,46.77,46.92,4131,194090.8125
2017-02-15,2017-02-15,47.21,47.31,47.13,47.25,6777,320204.15625
2017-02-14,2017-02-14,46.54,46.69,46.41,46.69,967,44974.488281
2017-02-13,2017-02-13,46.02,46.5,46,46.5,10271,473588.40625
2017-02-10,2017-02-10,45.77,45.88,45.65,45.76,4258,194782.0625
2017-02-09,2017-02-09,44.78,45.53,44.78,45.53,977,43942.929688
2017-02-08,2017-02-08,44.94,45,44.74,44.74,585,26297.699219
2017-02-07,2017-02-07,44.79,45,44.79,44.85,1532,68897.757813
2017-02-06,2017-02-06,44.64,44.81,44.64,44.65,2110.0,94229.34375
2017-02-03,2017-02-03,44.05,44.54,44.05,44.47,28905,1284671.125
2017-02-02,2017-02-02,43.44,43.9,43.44,43.84,1603,69680.601563
2017-02-01,2017-02-01,44.03,44.23,43.86,43.86,979,43101.398438
2017-01-31,2017-01-31,44,44.11,43.36,43.36,1835,80460.5625
2017-01-30,2017-01-30,44.62,44.62,43.95,43.95,754,33531.398438
2017-01-27,2017-01-27,44.99,45,44.8,44.8,3611,162356.140625
2017-01-26,2017-01-26,44.94,45.13,44.9,45.07,6002,270205.375
2017-01-25,2017-01-25,44.3,44.56,44.19,44.56,2399,106634.476563
2017-01-24,2017-01-24,43.56,43.74,43.56,43.74,5100.0,222352.828125
2017-01-23,2017-01-23,43.46,43.7,43.36,43.36,3171,138191.296875
2017-01-20,2017-01-20,43.89,44.26,43.89,44.07,19206,847357.5625
2017-01-19,2017-01-19,44.15,44.15,44.06,44.07,449,19797.529297
2017-01-18,2017-01-18,43.87,44.08,43.75,43.88,2822,123777.242188
2017-01-17,2017-01-17,43.88,43.9,43.63,43.77,2923,128160.523438
2017-01-16,2017-01-16,44.27,44.37,44.27,44.33,1038,46013.941406
2017-01-13,2017-01-13,44.13,44.48,44.12,44.48,5595,248524.765625
2017-01-12,2017-01-12,44.06,44.13,43.41,43.58,6569,287097.71875
2017-01-11,2017-01-11,44.36,44.94,44.32,44.45,586,26225.119141
2017-01-10,2017-01-10,44.31,44.57,44.31,44.57,2115,93832.078125
2017-01-09,2017-01-09,44.91,44.91,44.5,44.54,8629,385974.28125
2017-01-06,2017-01-06,44.2,44.63,44.18,44.63,8493,377072.53125
2017-01-05,2017-01-05,44.32,44.67,44.04,44.04,1946,86504.296875
2017-01-04,2017-01-04,44.58,44.78,44.52,44.7,3174,141755.34375
2017-01-03,2017-01-03,44.23,44.79,44.23,44.27,29412,1311304.25
2017-01-02,2017-01-02,43.77,44.3,43,44.26,546,24146.869141
2016-12-30,2016-12-30,43.91,43.96,43.83,43.96,810,35499.261719
2016-12-29,2016-12-29,44.14,44.17,43.94,43.94,3384,149223.46875
2016-12-28,2016-12-28,44.81,45.24,44.72,44.83,9370.0,422154.28125
2016-12-27,2016-12-27,44.63,44.99,44.63,44.91,4137,185268.921875
2016-12-23,2016-12-23,44.74,44.74,44.5,44.53,8476,378098.5625
2016-12-22,2016-12-22,44.58,44.58,44.39,44.41,11472,510354.96875
2016-12-21,2016-12-21,45.08,45.16,44.8,44.94,56546,2549585
2016-12-20,2016-12-20,45.01,45.3,45,45.12,2550.0,115098.101563
2016-12-19,2016-12-19,44.57,44.65,44.52,44.63,2890.0,128868.898438
2016-12-16,2016-12-16,44.68,44.91,44.5,44.57,9196,412527.96875
2016-12-15,2016-12-15,44.28,45.19,44.28,45.05,2995,134068.9375
2016-12-14,2016-12-14,44.13,44.27,43.85,43.85,3942,174109.453125
2016-12-13,2016-12-13,43.71,44.12,43.71,44.01,5181,227535.546875
2016-12-12,2016-12-12,44.02,44.02,43.76,43.85,7125,312352.1875
2016-12-09,2016-12-09,43.27,43.86,43.26,43.79,5200.0,226799.546875
2016-12-08,2016-12-08,42.34,43.09,42.21,43.09,1951,83124.882813
2016-12-07,2016-12-07,41.59,41.59,41.36,41.52,10022,415160.9375
2016-12-06,2016-12-06,40.94,41.38,40.94,41.18,21700.0,894534.0625
2016-12-05,2016-12-05,41.3,41.37,41.18,41.3,736,30362.810547
2016-12-02,2016-12-02,40.87,41.15,40.78,41.13,8453,347122.3125
2016-12-01,2016-12-01,41.38,41.44,41.31,41.31,2199,91001.78125
2016-11-30,2016-11-30,41.67,42.02,41.64,41.96,11883,496239.15625
2016-11-29,2016-11-29,41.68,41.85,41.5,41.83,15215,634480.6875
2016-11-28,2016-11-28,41.57,42,41.46,41.8,5186,216014.07
2016-11-25,2016-11-25,41.86,41.92,41.74,41.92,5494,229787.546875
2016-11-24,2016-11-24,41.97,41.97,41.8,41.96,9154,382842.59375
2016-11-23,2016-11-23,41.59,41.71,41.46,41.58,4029,167487.234375
2016-11-22,2016-11-22,41.65,41.65,41.26,41.26,8477,351965.5
2016-11-21,2016-11-21,40.91,41.24,40.69,41.24,3797,155337.625
2016-11-18,2016-11-18,40.92,40.96,40.84,40.86,3758,153789.59375
2016-11-17,2016-11-17,40.2,40.67,40.2,40.67,411,16524.900391
2016-11-16,2016-11-16,40.37,40.41,40.22,40.33,2213,89226.179688
2016-11-15,2016-11-15,39.7,39.92,39.63,39.92,4733,188628.25
2016-11-14,2016-11-14,39.88,40.02,39.46,39.62,11243,445254.21875
2016-11-11,2016-11-11,39.37,39.37,38.87,39,6936,270177.21875
2016-11-10,2016-11-10,39.23,39.74,38.7,38.97,19029,751219.1875
2016-11-09,2016-11-09,35.95,38.66,35.58,38.66,37040.0,1370395.5
2016-11-08,2016-11-08,37.36,37.64,37.15,37.64,7628,284090.53125
2016-11-07,2016-11-07,36.65,37.18,36.58,37.18,4214,155411.28125
2016-11-04,2016-11-04,35.64,35.94,35.6,35.94,5825,208075.90625
2016-11-03,2016-11-03,35.91,35.91,35.75,35.89,900,32229
2016-11-02,2016-11-02,36.26,36.43,36.15,36.15,10224,370640.03125
2016-11-01,2016-11-01,37.61,37.61,36.73,36.73,1553,58105.929688
2016-10-31,2016-10-31,37.68,37.74,37.58,37.66,766,28860.320313
2016-10-28,2016-10-28,37.48,38,37.48,38,4251,160362.28125
2016-10-27,2016-10-27,38.03,38.26,37.99,37.99,6199,236939.265625
2016-10-26,2016-10-26,38.03,38.26,37.9,38.26,2050.0,77765.671875
2016-10-25,2016-10-25,38.66,38.75,38.41,38.41,650,25164.949219
2016-10-24,2016-10-24,38.46,38.68,38.46,38.62,1061,40892.308594
2016-10-21,2016-10-21,38.13,38.16,37.94,38.16,597,22690.789063
2016-10-20,2016-10-20,38.08,38.08,37.98,37.98,151,5748.279785
2016-10-19,2016-10-19,37.73,38.12,37.73,38.12,930,35230.398438
2016-10-18,2016-10-18,37.69,37.88,37.69,37.88,730,27547.369141
2016-10-17,2016-10-17,37.31,37.44,37.31,37.44,20,746.200012
2016-10-14,2016-10-14,37.53,37.77,37.53,37.77,17,638.01001
2016-10-13,2016-10-13,37.24,37.24,36.87,37.17,6366,235555.640625
2016-10-12,2016-10-12,37.54,37.78,37.5,37.78,190,7129.200195
2016-10-11,2016-10-11,38.17,38.23,37.65,37.65,2489,95047.390625
2016-10-10,2016-10-10,37.88,38.28,37.82,38.28,1104,41808.980469
2016-10-07,2016-10-07,38.01,38.11,37.69,37.69,28899,1098356.5
2016-10-06,2016-10-06,37.94,37.94,37.62,37.73,2685,101682.25
2016-10-05,2016-10-05,37.46,37.84,37.46,37.84,162,6100.720215
2016-10-04,2016-10-04,38,38.1,37.75,38.02,35452,1340214.25
2016-09-30,2016-09-30,37.53,38.03,37.53,38.03,2466,92763.976563
2016-09-29,2016-09-29,38.16,38.19,37.95,37.95,2680.0,102249.039063
2016-09-28,2016-09-28,37.9,37.9,37.57,37.64,1550.0,58585.449219
2016-09-27,2016-09-27,37.55,37.64,37.34,37.64,6600.0,247074
2016-09-26,2016-09-26,37.7,37.7,37.24,37.24,4132,154992.5
2016-09-23,2016-09-23,38.26,38.3,38.18,38.18,934,35727.171875
2016-09-22,2016-09-22,37.81,38.24,37.81,38.24,1223,46375.210938
2016-09-21,2016-09-21,37.55,37.57,37.5,37.5,520,19516.740234
2016-09-20,2016-09-20,37.33,37.54,37.3,37.4,3925,147029
2016-09-19,2016-09-19,37.64,37.64,37.5,37.6,5038,188992.09375
2016-09-16,2016-09-16,37.07,37.13,37.06,37.13,11216,416017.125
2016-09-15,2016-09-15,36.34,37.14,36.34,37.14,35003,1277721.625
2016-09-14,2016-09-14,36.72,36.97,36.61,36.61,3852,142297.734375
2016-09-13,2016-09-13,37.37,37.37,36.46,36.46,38968,1443975.25
2016-09-12,2016-09-12,35.87,36.99,35.57,36.99,13363,482198.96875
2016-09-09,2016-09-09,38.2,38.2,37.63,37.63,2035,77460.75
2016-09-08,2016-09-08,38.46,38.68,38.35,38.41,607,23362.669922
2016-09-07,2016-09-07,38.53,38.53,38.49,38.49,187,7204.299805
2016-09-06,2016-09-06,38.76,38.76,38.44,38.44,549,21220.099609
2016-09-05,2016-09-05,38.71,38.77,38.66,38.66,5866,227018.546875
2016-09-02,2016-09-02,38.27,38.68,38.13,38.66,15991,615353.5
2016-09-01,2016-09-01,38.69,38.69,37.92,37.92,15531,592318.5625
2016-08-31,2016-08-31,38.58,38.61,38.27,38.27,338,13043.790039
2016-08-30,2016-08-30,38.69,38.69,38.53,38.53,1390.0,53751.699219
2016-08-29,2016-08-29,38.15,38.64,38.15,38.64,28699,1106379
2016-08-26,2016-08-26,38.07,38.5,38.07,38.5,710,27029.699219
2016-08-25,2016-08-25,38.06,38.18,37.94,38.18,1202,45741.238281
2016-08-24,2016-08-24,38.43,38.61,38.43,38.44,2149,82808.648438
2016-08-23,2016-08-23,38.41,38.49,38.41,38.49,922,35265.898438
2016-08-22,2016-08-22,38.33,38.44,38.07,38.07,13009,497097.625
2016-08-19,2016-08-19,38.15,38.17,38.09,38.17,1000.0,38116
2016-08-18,2016-08-18,38.19,38.27,38.19,38.27,3528,134852.4375
2016-08-17,2016-08-17,38.37,38.37,37.92,37.92,1151,44030.570313
2016-08-16,2016-08-16,38.5,38.5,38.33,38.33,2610.0,100297.710938
2016-08-15,2016-08-15,38.9,38.99,38.84,38.99,51085,1984938.125
2016-08-12,2016-08-12,38.9,38.9,38.71,38.79,800,30969.25
2016-08-11,2016-08-11,38.67,38.89,38.6,38.89,1791,69274.5
2016-08-10,2016-08-10,38.69,38.73,38.41,38.41,514,19887.470703
2016-08-09,2016-08-09,38.94,39.06,38.93,39.03,1965,76731.890625
2016-08-08,2016-08-08,38.98,39.11,38.98,39,3826,149457.3125
2016-08-05,2016-08-05,38.31,39,38.31,39,8029,308418.9375
2016-08-04,2016-08-04,38.13,38.33,38.06,38.18,14311,545935.75
2016-08-03,2016-08-03,37.52,37.79,37.52,37.79,132,4952.640137
2016-08-02,2016-08-02,38.31,38.31,37.4,37.45,2797,105783.96875
2016-08-01,2016-08-01,38.63,38.63,38.27,38.41,1406,54190.71875
2016-07-29,2016-07-29,38.33,38.4,38.24,38.38,972,37154.628906
2016-07-28,2016-07-28,38.49,38.56,38.17,38.18,5816,223670.84375
2016-07-27,2016-07-27,38.99,38.99,38.65,38.68,5895,229228.5625
2016-07-26,2016-07-26,38.73,38.9,38.51,38.65,2808,108301.398438
2016-07-25,2016-07-25,38.94,39.03,38.7,38.7,7426,289467.25
2016-07-22,2016-07-22,38.75,38.88,38.75,38.88,980,37990.601563
2016-07-21,2016-07-21,38.85,38.91,38.71,38.84,4219,163822.1875
2016-07-20,2016-07-20,38.77,38.97,38.63,38.97,3506,135924.8125
2016-07-19,2016-07-19,38.38,38.51,38.38,38.51,1654,63519.859375
2016-07-18,2016-07-18,38.54,38.55,38.34,38.38,2418,93008.90625
2016-07-15,2016-07-15,37.99,38.29,37.94,38.26,6697,255465.875
2016-07-14,2016-07-14,38.2,38.36,38.2,38.26,19005,727473.625
2016-07-13,2016-07-13,38,38,37.67,37.67,14371,544599.75
2016-07-12,2016-07-12,37.48,37.96,37.48,37.96,60174,2264477.5
2016-07-11,2016-07-11,37.45,37.61,37.37,37.61,1710.0,63970.761719
2016-07-08,2016-07-08,36.19,37.04,36.19,37.04,8304,304761.75
2016-07-07,2016-07-07,36.2,36.32,36.06,36.17,1804,65253.601563
2016-07-06,2016-07-06,35.5,35.72,35.42,35.67,41003,1456356.5
2016-07-05,2016-07-05,35.75,35.75,35.41,35.58,5730.0,203563.953125
2016-07-04,2016-07-04,36.25,36.27,36,36,2778,100653.609375
2016-07-01,2016-07-01,35.8,36.17,35.75,36,11049,396753.75
2016-06-30,2016-06-30,34.96,35.48,34.96,35.48,20189,710150.6875
2016-06-29,2016-06-29,34.22,34.77,34.22,34.77,14465,497297.135
2016-06-28,2016-06-28,33.32,33.44,33.17,33.44,6945,231091.6875
2016-06-27,2016-06-27,33.83,33.83,32.77,32.95,6732,224964.6875
2016-06-24,2016-06-24,34.02,34.99,33.63,34.52,62425,2148461
2016-06-23,2016-06-23,35.21,35.5,35.2,35.46,84002,2967862.25
2016-06-22,2016-06-22,35.18,35.36,35.11,35.36,16210.0,570767.8125
2016-06-21,2016-06-21,34.98,35.18,34.98,35.12,28740.0,1008877.9375
2016-06-20,2016-06-20,35.12,35.3,35.12,35.3,55483,1953630.125
2016-06-17,2016-06-17,34.85,34.85,34.37,34.37,49742,1725793.875
2016-06-16,2016-06-16,34.52,34.62,34.34,34.62,9261,318709.71875
2016-06-15,2016-06-15,34.99,35.08,34.9,34.9,25030.0,875702.375
2016-06-14,2016-06-14,34.75,35.02,34.63,34.68,26031,906980.625
2016-06-13,2016-06-13,35.28,35.36,35.16,35.17,28459,1003343.5
2016-06-10,2016-06-10,35.75,35.75,35.48,35.55,26645,948176.25
2016-06-09,2016-06-09,35.55,35.78,35.55,35.68,34100.0,1217905
2016-06-08,2016-06-08,35.67,35.7,35.67,35.7,204,7276.680176
2016-06-07,2016-06-07,35.76,35.88,35.63,35.88,3130.0,111703.3125
2016-06-06,2016-06-06,35.3,35.56,35.3,35.54,22104,783476.6875
2016-06-03,2016-06-03,35.87,35.87,34.88,35.05,59267,2088056.375
2016-06-02,2016-06-02,35.57,35.71,35.52,35.71,35002,1245571.25
2016-06-01,2016-06-01,35.79,35.79,35.47,35.59,5911,210553.6875
2016-05-31,2016-05-31,35.99,35.99,35.83,35.83,25,899.75
2016-05-30,2016-05-30,36.07,36.07,36.07,36.07,170,6124.189941
2016-05-27,2016-05-27,35.56,35.87,35.5,35.87,6260.0,222649
2016-05-26,2016-05-26,35.51,35.6,35.46,35.46,18614,661803.25
2016-05-25,2016-05-25,35.35,35.68,35.32,35.55,3805,135220.859375
2016-05-24,2016-05-24,34.18,34.97,34.18,34.97,9000.0,309180.0
2016-05-23,2016-05-23,33.83,34.22,33.83,34.05,25201,860250.125
2016-05-20,2016-05-20,33.91,34.29,33.86,34.29,29000.0,983310.0
2016-05-19,2016-05-19,33.68,33.74,33.26,33.26,37626,1259367.875
2016-05-18,2016-05-18,33.67,33.92,33.61,33.92,40833,1377129.875
2016-05-17,2016-05-17,34.31,34.32,33.96,33.98,7052,240953.21875
2016-05-13,2016-05-13,33.74,34.23,33.74,34.22,61724,2094956.125
2016-05-12,2016-05-12,34.1,34.26,33.73,33.73,28346,962007.6875
2016-05-11,2016-05-11,34.33,34.39,34.22,34.22,52331,1796852.375
2016-05-10,2016-05-10,34.06,34.33,34.04,34.33,29881,1019437.75
2016-05-09,2016-05-09,33.69,33.86,33.62,33.62,2390.0,80586.898438
2016-05-06,2016-05-06,32.99,33.25,32.99,33.22,23572,781329.8125
2016-05-05,2016-05-05,33.47,33.75,33.47,33.61,15436,518027.65625
2016-05-04,2016-05-04,33.51,33.51,33.07,33.14,93421,3108039.25
2016-05-03,2016-05-03,33.46,33.55,33.28,33.29,83430.0,2785499.5
2016-05-02,2016-05-02,33.81,33.84,33.71,33.82,455,15378
2016-04-29,2016-04-29,34.35,34.35,33.41,33.41,37293,1273974.75
2016-04-28,2016-04-28,34.57,35.28,34.48,35.28,55317,1917846.5
2016-04-27,2016-04-27,35.04,35.04,34.8,34.97,23085,807418.25
2016-04-26,2016-04-26,35.19,35.35,34.98,34.98,5812,204419.78125
2016-04-25,2016-04-25,35.29,35.29,34.84,34.84,10645,372767.75
2016-04-22,2016-04-22,35.16,35.21,35.1,35.1,18930.0,665649.5
2016-04-21,2016-04-21,35.65,35.67,35.37,35.37,7774,276633.09375
2016-04-20,2016-04-20,35.05,35.48,34.98,35.48,8039,282300.5625
2016-04-19,2016-04-19,35.18,35.27,35.17,35.17,3857,135820.640625
2016-04-18,2016-04-18,34.31,34.92,34.31,34.92,2400.0,82685.25
2016-04-15,2016-04-15,34.93,34.93,34.7,34.79,15109,525534.75
2016-04-14,2016-04-14,34.75,35.05,34.75,35.05,4570.0,159376.203125
2016-04-13,2016-04-13,34.36,34.73,34.36,34.73,10812,373488.8125
2016-04-12,2016-04-12,33.26,33.67,33.23,33.67,8133,270483.28125
2016-04-11,2016-04-11,33.23,33.72,33.2,33.35,15612,525297.125
2016-04-08,2016-04-08,33.65,33.79,33.39,33.39,52018,1753326.375
2016-04-07,2016-04-07,33.81,33.94,33.41,33.41,6985,236175.25
2016-04-06,2016-04-06,33.72,33.72,33.69,33.69,700,23604
2016-04-05,2016-04-05,33.66,33.66,33.43,33.43,7193,241454.625
2016-04-04,2016-04-04,34.23,34.47,33.98,34.1,2726,93674.507813
2016-04-01,2016-04-01,33.91,33.98,33.9,33.98,478,16187.549805
2016-03-31,2016-03-31,33.95,34.01,33.84,33.94,35081,1189964.5
2016-03-30,2016-03-30,34.14,34.28,34.14,34.15,3178,108536.5625
2016-03-29,2016-03-29,33.74,33.74,33.38,33.51,20649,690483.375
2016-03-24,2016-03-24,33.36,33.44,33.29,33.29,10503,350477.4375
2016-03-23,2016-03-23,34.12,34.15,33.9,33.91,7905,268665.875
2016-03-22,2016-03-22,33.71,34.03,33.68,34.03,99647,3364336.75
2016-03-21,2016-03-21,33.68,33.82,33.68,33.82,4460.0,150378.40625
2016-03-18,2016-03-18,33.42,33.74,33.32,33.74,49696,1671415.25
2016-03-17,2016-03-17,33.29,33.32,32.49,33.32,58236,1908810.125
2016-03-16,2016-03-16,33.28,33.4,33.07,33.27,24917,828508.0625
2016-03-15,2016-03-15,33.01,33.01,32.84,32.98,5034,165322.21875
2016-03-14,2016-03-14,33.14,33.3,33.11,33.3,4215,139888.5625
2016-03-11,2016-03-11,32.88,33.02,32.74,32.99,74824,2458997.75
2016-03-10,2016-03-10,32.76,33.13,31.67,31.67,40556,1331385.75
2016-03-09,2016-03-09,32.61,32.8,32.56,32.56,38797,1268807.875
2016-03-08,2016-03-08,32.46,32.68,32.29,32.36,38862,1260516.25
2016-03-07,2016-03-07,32.8,32.98,32.7,32.98,21500.0,705582.75
2016-03-04,2016-03-04,32.73,33.22,32.57,33,60605,1988888.25
2016-03-03,2016-03-03,32.69,32.78,32.39,32.39,31412,1024250.1875
2016-03-02,2016-03-02,32.67,32.68,32.5,32.68,37957,1237135.5
2016-03-01,2016-03-01,31.47,32.16,31.42,32.16,8316,261897
2016-02-29,2016-02-29,30.83,31.92,30.83,31.92,27435,857507.5
2016-02-26,2016-02-26,31.56,31.98,31.56,31.62,64636,2052349
2016-02-25,2016-02-25,30.57,30.89,30.57,30.67,17739,545969.5625
2016-02-24,2016-02-24,30.06,30.12,29.5,29.56,22731,680338.625
2016-02-23,2016-02-23,30.6,30.9,30.43,30.43,36090.0,1110308
2016-02-22,2016-02-22,30.8,31,30.8,31,5787,178649.25
2016-02-19,2016-02-19,30.01,30.11,29.92,29.92,37260.0,1116825.125
2016-02-18,2016-02-18,30.54,30.54,29.96,30.11,15031,453675.1875
2016-02-17,2016-02-17,28.93,30.09,28.93,30.09,50396,1482260.625
2016-02-16,2016-02-16,28.83,28.96,28.7,28.82,15361,443605.09375
2016-02-15,2016-02-15,28.53,28.99,28.53,28.97,19228,554458.3125
2016-02-12,2016-02-12,27.11,27.88,27.11,27.88,32065,880554.4375
2016-02-11,2016-02-11,27.26,27.26,26.12,26.21,73491,1942963.125
2016-02-10,2016-02-10,27.66,28.26,27.54,28.03,16203,449767.5625
2016-02-09,2016-02-09,27.9,28,27.16,27.35,55544,1535180.0
2016-02-08,2016-02-08,28.81,28.81,27.29,27.37,66422,1863716.875
2016-02-05,2016-02-05,29.56,29.75,28.9,28.9,29050.0,855583
2016-02-04,2016-02-04,30.2,30.2,29.23,29.63,37635,1111159.75
2016-02-03,2016-02-03,30.27,30.36,29.16,29.16,31541,953928
2016-02-02,2016-02-02,30.97,30.97,30.25,30.53,34685,1062886.75
2016-02-01,2016-02-01,31.16,31.45,30.66,31.16,49523,1534546.75
2016-01-29,2016-01-29,30.14,30.75,29.86,30.75,3223,96294.617188
2016-01-28,2016-01-28,30,30,29.38,29.39,11985,353537
2016-01-27,2016-01-27,29.79,30.27,29.74,30.27,8354,248851.65625
2016-01-26,2016-01-26,29.35,30.11,29.35,30.05,2690.0,80667.898438
2016-01-25,2016-01-25,30.3,30.44,29.97,30.07,21840.0,658356.125
2016-01-22,2016-01-22,29.95,30.36,29.95,30.14,55127,1662191.625
2016-01-21,2016-01-21,28.77,29.47,28.33,29.47,12345,352971.46875
2016-01-20,2016-01-20,28.02,28.72,27.72,28.06,35004,992258.25
2016-01-19,2016-01-19,30.43,30.46,29.82,29.82,10200.0,310208.6875
2016-01-18,2016-01-18,29.61,29.91,29.36,29.47,54235,1617526.375
2016-01-15,2016-01-15,30.47,30.47,28.88,29.2,70415,2073457
2016-01-14,2016-01-14,29.71,30.44,29.6,30.28,14589,434060.25
2016-01-13,2016-01-13,31.78,31.83,31.28,31.5,1928,60987.578125
2016-01-12,2016-01-12,30.64,31.33,30.64,30.98,25224,784159.375
2016-01-11,2016-01-11,30.89,31.16,30.7,30.7,6383,198092.8125
2016-01-08,2016-01-08,32.24,32.62,31.15,31.15,10987,351464.09375
2016-01-07,2016-01-07,32.55,32.55,31.52,32.45,91195,2903624.25
2016-01-06,2016-01-06,33.98,33.98,33.27,33.85,29109,976356.125
2016-01-05,2016-01-05,34.15,34.51,33.86,34.42,16562,567317.5
2016-01-04,2016-01-04,33.19,33.82,33.19,33.55,63844,2139176.75
2015-12-30,2015-12-30,35.85,35.87,35.85,35.87,57,2043.48999
2015-12-29,2015-12-29,35.85,35.98,35.85,35.98,4652,167252.921875
2015-12-28,2015-12-28,35.01,35.01,34.68,34.68,7584,264647.53125
2015-12-23,2015-12-23,34.89,35.38,34.89,35.38,2340.0,81731.773438
2015-12-22,2015-12-22,34.28,34.28,33.83,34.07,4191,142966.375
2015-12-21,2015-12-21,34.19,34.23,33.5,33.5,22446,764331.3125
2015-12-18,2015-12-18,34.44,34.87,34.29,34.29,8630.0,299366.8125
2015-12-17,2015-12-17,35.88,36.3,35.4,35.4,36207,1303374
2015-12-16,2015-12-16,35.03,35.32,34.89,34.89,42213,1480696.375
2015-12-15,2015-12-15,33.87,34.9,33.87,34.82,13730.0,469736.0625
2015-12-14,2015-12-14,34.06,34.06,32.86,32.86,54356,1819720.0
2015-12-11,2015-12-11,34.94,34.97,33.8,33.8,22455,778864.1875
2015-12-10,2015-12-10,34.8,35.19,34.75,35.13,10598,371184.75
2015-12-09,2015-12-09,35.21,35.9,35.18,35.33,3492,124194.898438
2015-12-08,2015-12-08,36.04,36.04,35.5,35.66,11643,415477.5625
2015-12-07,2015-12-07,36.46,36.92,35.96,35.96,1246,45706.871094
2015-12-04,2015-12-04,35.53,36.08,35.06,36.01,5708,203622.65625
2015-12-03,2015-12-03,37.5,38,35.86,35.86,4603,170300.40625
2015-12-02,2015-12-02,37.88,38.12,37.85,37.85,2421,91882.929688
2015-12-01,2015-12-01,37.64,37.64,37.35,37.52,10767,405037.90625
2015-11-30,2015-11-30,37.44,37.63,37.44,37.5,236,8874.160156
2015-11-27,2015-11-27,37.42,37.6,37.28,37.6,9166,343761.125
2015-11-26,2015-11-26,37.57,37.81,37.57,37.79,2011,75749.953125
2015-11-25,2015-11-25,37.1,37.55,37.1,37.49,5282,197256.953125
2015-11-24,2015-11-24,37.2,37.2,36.54,37.11,10017,369046.5625
2015-11-23,2015-11-23,37.4,37.6,37.21,37.6,2078,77608.578125
2015-11-20,2015-11-20,37.07,37.43,36.98,37.43,7220.0,267332.0625
2015-11-19,2015-11-19,37.2,37.28,36.7,36.7,6779,252118.21875
2015-11-18,2015-11-18,36.16,36.54,36.16,36.54,353,12786.950195
2015-11-17,2015-11-17,35.95,36.46,35.95,36.46,13533,488828.90625
2015-11-16,2015-11-16,34.53,35.12,34.53,34.89,955,33297.890625
2015-11-13,2015-11-13,35.39,35.43,34.8,35.03,5078,178830.796875
2015-11-12,2015-11-12,36.52,36.78,35.82,35.85,9279,334283.78125
2015-11-11,2015-11-11,36.91,37.15,36.62,36.62,2676,98829.023438
2015-11-10,2015-11-10,36.61,36.77,36.44,36.61,14637,535579.75
2015-11-09,2015-11-09,37.08,37.1,36.22,36.22,13039,480027.53125
2015-11-06,2015-11-06,36.83,37.02,36.74,37.02,3310.0,122013.421875
2015-11-05,2015-11-05,36.94,37.13,36.72,36.72,491,18202.710938
2015-11-04,2015-11-04,36.94,37.25,36.9,36.9,2957,109740.75
2015-11-03,2015-11-03,36.35,36.79,36.33,36.79,3559,129579.40625
2015-11-02,2015-11-02,35.33,36.07,35.33,36.07,7926,281303.25
2015-10-30,2015-10-30,36.3,36.33,35.74,36,957,34517.941406
2015-10-29,2015-10-29,36.14,36.24,35.9,36.16,21066,759129.875
2015-10-28,2015-10-28,35.32,35.51,35.12,35.51,1010.0,35558.5
2015-10-27,2015-10-27,35.17,35.17,34.96,34.96,976,34279.769531
2015-10-26,2015-10-26,35.25,35.89,35.19,35.27,22704,802970.9375
2015-10-23,2015-10-23,34.71,35.5,34.71,35.2,20721,723793.9375
2015-10-22,2015-10-22,32.89,34.09,32.89,34.04,1766,60073.539063
2015-10-21,2015-10-21,33.03,33.25,33.03,33.17,248,8232.820313
2015-10-20,2015-10-20,33.14,33.24,33.07,33.07,6999,231524.265625
2015-10-19,2015-10-19,33.08,33.18,32.83,33.16,1413,46661.738281
2015-10-16,2015-10-16,32.85,32.94,32.78,32.93,3970.0,130673.5
2015-10-15,2015-10-15,31.8,32.14,31.8,32.03,860,27594.570313
2015-10-14,2015-10-14,31.92,32.17,31.63,31.63,17628,562146.4375
2015-10-13,2015-10-13,32.54,32.63,32.16,32.55,2353,75928.390625
2015-10-12,2015-10-12,32.55,32.58,32.34,32.51,1111,36084.070313
2015-10-09,2015-10-09,32.52,32.66,32.44,32.48,5698,185309.484375
2015-10-08,2015-10-08,31.62,32.06,31.62,32.06,2313,73612.796875
2015-10-07,2015-10-07,31.87,32.25,31.68,31.68,12220.0,392106.65625
2015-10-06,2015-10-06,31.69,31.86,31.66,31.66,700,22252.240234
2015-10-05,2015-10-05,30.79,31.64,30.79,31.62,14748,459920.25
2015-10-02,2015-10-02,30.3,30.47,28.9,29.63,38534,1137536.25
2015-10-01,2015-10-01,30.66,30.66,29.61,29.67,4442,133204.5625
2015-09-30,2015-09-30,29.33,29.78,29.33,29.78,1622,47899.308594
2015-09-29,2015-09-29,28.72,29.03,28.5,28.72,18290.0,525655.0625
2015-09-28,2015-09-28,30.6,30.6,29.17,29.17,4216,127279.257813
2015-09-25,2015-09-25,30.84,31.36,30.77,30.81,40658,1260828.75
2015-09-24,2015-09-24,30.35,30.72,29.37,29.52,23340.0,693544.125
2015-09-23,2015-09-23,30.61,31.02,30.61,30.64,11052,341280.375
2015-09-22,2015-09-22,31.14,31.14,30.54,30.54,2732,84086.539063
2015-09-21,2015-09-21,30.81,31.6,30.41,31.6,51242,1581141.375
2015-09-18,2015-09-18,31.46,31.52,30.51,31.06,15695,484594.03125
2015-09-17,2015-09-17,32.06,32.11,31.87,32.11,2466,78818.320313
2015-09-16,2015-09-16,31.69,31.97,31.58,31.85,18500.0,587216.0625
2015-09-15,2015-09-15,30.83,31.4,30.56,31.3,560,17251.599609
2015-09-14,2015-09-14,30.99,31.02,30.6,30.6,860,26677.300781
2015-09-11,2015-09-11,30.5,30.5,30.41,30.41,298,9089
2015-09-10,2015-09-10,30.93,31.3,30.51,30.63,20928,650164.5
2015-09-09,2015-09-09,32.32,32.34,31.71,31.71,7293,232988.0625
2015-09-08,2015-09-08,30.84,31.2,30.84,31,3564,110296.53125
2015-09-07,2015-09-07,30.84,30.86,30.53,30.64,884,27202.720703
2015-09-04,2015-09-04,30.65,30.7,30,30.29,6785,207725.703125
2015-09-03,2015-09-03,31.21,31.79,31.05,31.74,2296,72128.648438
2015-09-02,2015-09-02,29.97,30.36,29.97,30.09,32833,988347.125
2015-09-01,2015-09-01,30.58,30.58,29.86,30.28,13946,417953.90625
2015-08-31,2015-08-31,31.68,31.87,31.66,31.8,4748,150698.453125
2015-08-28,2015-08-28,31.86,32.29,31.49,32.29,2432,77054.78125
2015-08-27,2015-08-27,30.68,31.77,30.68,31.6,28024,867446.6875
2015-08-26,2015-08-26,28.4,29.71,28.4,28.55,92822,2686752.5
2015-08-25,2015-08-25,28.89,30.21,28.89,30.01,37082,1109966.375
2015-08-24,2015-08-24,29.86,30.15,27.62,28.85,43740.0,1277214.375
2015-08-21,2015-08-21,33.33,33.44,32.08,32.08,29541,970376.8125
2015-08-20,2015-08-20,35.37,35.37,34.4,34.49,9848,343015.6875
2015-08-19,2015-08-19,36.31,36.31,35.51,35.51,833,29837.910156
2015-08-18,2015-08-18,36.6,36.6,36.56,36.56,3770.0,137982
2015-08-17,2015-08-17,36,36.29,35.78,36.29,332,11941.389648
2015-08-14,2015-08-14,35.64,35.71,35.48,35.71,1154,41108.800781
2015-08-13,2015-08-13,36.04,36.04,35.63,35.71,690,24745.699219
2015-08-12,2015-08-12,34.98,35.06,34.53,34.67,13207,461799.375
2015-08-11,2015-08-11,36.64,36.64,35.87,35.87,1278,46361.808594
2015-08-10,2015-08-10,36.22,36.76,36.1,36.76,9326,338319.28125
2015-08-07,2015-08-07,36.26,36.36,35.78,35.78,1096,39623.25
2015-08-06,2015-08-06,36.91,37.18,36.29,36.29,1577,58310.5
2015-08-05,2015-08-05,37.28,37.5,37.28,37.46,259,9686.320313
2015-08-04,2015-08-04,36.53,36.69,36.53,36.65,469,17175.769531
2015-08-03,2015-08-03,36.86,37.02,36.57,36.92,6388,234467.890625
2015-07-31,2015-07-31,37.2,37.2,36.76,36.95,1501,55728.089844
2015-07-30,2015-07-30,36.97,37.02,36.91,37.02,1687,62300.519531
2015-07-29,2015-07-29,36.39,36.71,36.35,36.71,3907,142084.09375
2015-07-28,2015-07-28,35.77,35.84,35.53,35.83,3413,121553.960938
2015-07-27,2015-07-27,35.62,35.66,35.1,35.19,27366,971046
2015-07-24,2015-07-24,36.95,37.05,36.54,36.54,29,1072.449951
2015-07-23,2015-07-23,37.54,37.54,37.09,37.09,6204,232733.953125
2015-07-22,2015-07-22,37.25,37.45,37.25,37.45,75,2793.75
2015-07-21,2015-07-21,38.32,38.32,37.58,37.580002,4188,159539.703125
2015-07-20,2015-07-20,38.15,38.27,38.1,38.16,2202,84116.703125
2015-07-17,2015-07-17,37.83,37.95,37.83,37.950001,3026,114713.578125
2015-07-16,2015-07-16,37.49,37.79,37.49,37.759998,1177,44273.519531
2015-07-15,2015-07-15,37.03,37.2,37.01,37.200001,646,23909.160156
2015-07-14,2015-07-14,36.71,36.91,36.47,36.91,34213,1256818.625
2015-07-13,2015-07-13,35.48,36.47,35.48,36.470001,2465,89038.28125
2015-07-10,2015-07-10,35.35,35.35,35.11,35.32,1197,42132.828125
2015-07-09,2015-07-09,35.18,35.54,35.18,35.32,10629,377636.0625
2015-07-08,2015-07-08,35.07,35.23,35,35,3339,117611.3125
2015-07-07,2015-07-07,35.96,36.13,34.9,34.900002,8905,320218.1875
2015-07-06,2015-07-06,35.17,35.44,35.17,35.439999,1064,37538.699219
2015-07-03,2015-07-03,35.5,35.5,35.46,35.459999,300,10650.0
2015-07-02,2015-07-02,35.77,35.86,35.51,35.509998,3082,110279.4375
2015-07-01,2015-07-01,35.31,35.72,35.31,35.580002,4427,157771.6875
2015-06-30,2015-06-30,34.94,35.27,34.83,34.880001,1976,69463.34375
2015-06-29,2015-06-29,35.68,35.77,35.26,35.259998,5165,184563.34375
2015-06-26,2015-06-26,36.06,36.32,36,36.32,218,7877.129883
2015-06-25,2015-06-25,36.65,36.65,36.42,36.470001,857,31321.589844
2015-06-24,2015-06-24,36.76,36.9,36.69,36.75,612,22546.210938
2015-06-23,2015-06-23,36.71,36.97,36.69,36.810001,2380.0,87786.046875
2015-06-22,2015-06-22,36.15,36.39,36.15,36.389999,29000.0,1054766.375
2015-06-19,2015-06-19,36.51,36.53,36.19,36.189999,1054,38407.089844
2015-06-18,2015-06-18,35.19,36.08,35.19,36.080002,750,26484.550781
2015-06-17,2015-06-17,35.71,35.73,35.71,35.73,1000.0,35710.0
2015-06-16,2015-06-16,34.85,35.55,34.6,35.549999,4157,144528.546875
2015-06-15,2015-06-15,35.43,35.43,35.03,35.23,1432,50613.699219
2015-06-12,2015-06-12,35.67,35.67,35.67,35.669998,0,0
2015-06-11,2015-06-11,36,36.22,35.96,36.220001,1927,69378.65625
2015-06-10,2015-06-10,35.04,35.83,35.04,35.830002,25738,917729.75
2015-06-09,2015-06-09,35.08,35.22,34.78,35.169998,1731,60463.300781
2015-06-08,2015-06-08,35.87,36.08,35.47,35.470001,2536,91072.140625
2015-06-05,2015-06-05,35.8,36.1,35.8,36.060001,395,14210.900391
2015-06-04,2015-06-04,36,36.05,35.71,35.799999,323,11627.469727
2015-06-03,2015-06-03,36.62,36.62,36.43,36.43,206,7556.109863
2015-06-02,2015-06-02,36.97,36.97,36.51,36.509998,5338,195784.734375
2015-06-01,2015-06-01,37.43,37.43,37.02,37.189999,1351,50415.460938
2015-05-29,2015-05-29,37.55,37.55,36.94,36.939999,2311,86086.460938
2015-05-28,2015-05-28,37.31,37.77,37.31,37.59,756,28448.519531
2015-05-27,2015-05-27,37.15,37.65,37.15,37.639999,2015,75430.648438
2015-05-26,2015-05-26,37.9,37.9,37.27,37.299999,1064,40076.96875
2015-05-22,2015-05-22,37.25,37.65,37.11,37.450001,1249,46673.261719
2015-05-21,2015-05-21,37.06,37.35,36.82,37.349998,696,25725.519531
2015-05-20,2015-05-20,37.34,37.34,37.12,37.169998,1653,61572.601563
2015-05-19,2015-05-19,37.28,37.29,37.08,37.200001,56349,2094937.375
2015-05-18,2015-05-18,36.1,36.41,36.1,36.41,4456,161756.4375
2015-05-15,2015-05-15,36.25,36.42,35.85,35.849998,990,35954.191406
2015-05-14,2015-05-14,35.46,35.9,35.46,35.900002,711,25301.689453
2015-05-13,2015-05-13,35.88,36.1,35.44,35.439999,4295,154567.625
2015-05-12,2015-05-12,36.01,36.01,35.27,35.77,1475,52307.949219
2015-05-11,2015-05-11,36.39,36.7,36.39,36.529999,4677,171214.046875
2015-05-08,2015-05-08,35.78,36.39,35.6,36.389999,8179,293132.78125
2015-05-07,2015-05-07,34.55,35.23,34.24,35.23,12749,437633.21875
2015-05-06,2015-05-06,35.28,35.63,34.93,34.98,8173,289327.09375
2015-05-05,2015-05-05,36.68,36.68,35.81,35.810001,126,4580.549805
2015-05-04,2015-05-04,35.73,36.63,35.73,36.59,2272,82496.242188
2015-04-30,2015-04-30,36.3,36.3,35.71,35.959999,3770.0,135339.625
2015-04-29,2015-04-29,37.19,37.19,36.23,36.23,353,13119.219727
2015-04-28,2015-04-28,37.36,37.36,36.6,37.099998,945,35129.738281
2015-04-27,2015-04-27,37.85,37.98,37.62,37.68,1115,42266.859375
2015-04-24,2015-04-24,37.56,37.72,37.56,37.68,106,3985.909912
2015-04-23,2015-04-23,37.78,37.78,37.43,37.529999,1344,50475.019531
2015-04-22,2015-04-22,37.46,37.56,36.89,37.560001,1224,45311.421875
2015-04-21,2015-04-21,38.07,38.09,37.37,37.369999,2419,91632.328125
2015-04-20,2015-04-20,37,37.51,37,37.509998,5969,222032.953125
2015-04-17,2015-04-17,37.58,37.58,36.68,36.68,1743,64366.109375
2015-04-16,2015-04-16,38,38.03,37.38,37.66,2576,97448.46875
2015-04-15,2015-04-15,38.02,38.07,37.66,38.040001,4177,158340.09375
2015-04-14,2015-04-14,38,38,37.1,37.439999,4917,185691.6875
2015-04-13,2015-04-13,38,38.19,38,38.189999,244,9285.900391
2015-04-10,2015-04-10,37.55,37.96,37.54,37.959999,2025,76273.367188
2015-04-09,2015-04-09,36.55,37,36.55,36.889999,6080.0,222414.78125
2015-04-08,2015-04-08,36.5,36.6,36.25,36.540001,1650.0,60079.871094
2015-04-07,2015-04-07,36.09,36.61,36.09,36.610001,4319,157226.21875
2015-04-02,2015-04-02,35.58,36.02,35.46,35.889999,3592,127802.296875
2015-04-01,2015-04-01,35.79,36.03,35.72,35.82,667,23995.56
2015-03-31,2015-03-31,36.53,36.8,36.52,36.650002,2045,74880.703125
2015-03-30,2015-03-30,36.29,36.56,36.12,36.560001,3687,133507.3125
2015-03-27,2015-03-27,35.69,35.8,35.41,35.43,4475,158859.5
2015-03-26,2015-03-26,34.7,35.36,34.45,35.360001,48553,1686748.625
2015-03-25,2015-03-25,36.47,36.47,35.64,35.639999,8730.0,315816.9375
2015-03-24,2015-03-24,36.76,36.86,36.69,36.860001,2581,94839.898438
2015-03-23,2015-03-23,37.44,37.61,37.19,37.189999,802,30009.960938
2015-03-20,2015-03-20,37.54,37.739,37.41,37.439999,55429,2074609.375
2015-03-19,2015-03-19,37.54,37.54,37.34,37.34,480,18015.25
2015-03-18,2015-03-18,37.02,37.1,36.57,36.639999,12999,477874.03125
2015-03-17,2015-03-17,37.1,37.19,36.67,36.860001,10956,403408.40625
2015-03-16,2015-03-16,36.47,37.16,36.47,37.009998,31190.0,1145975
2015-03-13,2015-03-13,36.651,36.83,36.26,36.349998,4199,153566.84375
2015-03-12,2015-03-12,36.02,36.47,36.02,36.470001,170,6148.600098
2015-03-11,2015-03-11,35.75,36.28,35.75,36.049999,14228,512744.09375
2015-03-10,2015-03-10,36.27,36.27,35.71,35.709999,4853,174269.15625
2015-03-09,2015-03-09,35.87,36.32,35.84,36.25,10209,367790.0625
2015-03-06,2015-03-06,36.54,36.79,36.35,36.349998,6416,235556.453125
2015-03-05,2015-03-05,36.38,36.59,36.38,36.540001,649,23650.279297
2015-03-04,2015-03-04,36.12,36.26,36.01,36.259998,1434,51806.449219
2015-03-03,2015-03-03,36.42,36.5,35.93,35.93,1085,39460.828125
2015-03-02,2015-03-02,36.27,36.44,35.98,36.439999,3110.0,112629
2015-02-27,2015-02-27,36.19,36.26,36.1,36.209999,1212,43819.539063
2015-02-26,2015-02-26,35.92,36.34,35.87,36.34,3691,132608.234375
2015-02-25,2015-02-25,35.91,35.95,35.85,35.919998,535,19201.429688
2015-02-24,2015-02-24,35.82,36,35.82,36,4282,153592.71875
2015-02-23,2015-02-23,35.81,35.81,35.6,35.75,2826,100885.109375
2015-02-20,2015-02-20,35.26,35.44,35.18,35.220001,19283,680695.4375
2015-02-19,2015-02-19,34.9,35.3,34.9,35.279999,10612,372077.96875
2015-02-18,2015-02-18,35.27,35.28,35.14,35.259998,2629,92637
2015-02-17,2015-02-17,34.97,35.08,34.91,35.080002,3047,106506.429688
2015-02-16,2015-02-16,34.95,35.14,34.9,35.139999,6874,240275.796875
2015-02-13,2015-02-13,34.81,35.03,34.81,34.950001,15336,535730.625
2015-02-12,2015-02-12,34.45,34.8,34.45,34.59,5286,183302.984375
2015-02-11,2015-02-11,34.34,34.45,34.29,34.450001,3434,117909.0625
2015-02-10,2015-02-10,33.77,34.23,33.72,34.07,7478,253407.15625
2015-02-09,2015-02-09,33.8,33.93,33.65,33.889999,5467,185125.453125
2015-02-06,2015-02-06,33.83,34.4,33.75,34.360001,35805,1216002.875
2015-02-05,2015-02-05,33.17,33.78,33.17,33.779999,13145,439541.84375
2015-02-04,2015-02-04,33.22,33.52,33.1,33.52,2758,91642.59375
2015-02-03,2015-02-03,32.8,33.12,32.73,32.73,10865,358294.40625
2015-02-02,2015-02-02,32.17,32.3,31.4,32.299999,9855,314959.15625
2015-01-30,2015-01-30,32.68,32.75,32.24,32.419998,13830.0,449647
2015-01-29,2015-01-29,32.45,32.46,31.75,32.119999,12759,411617.03125
2015-01-28,2015-01-28,33.66,33.66,33,33.07,9810.0,327363.25
2015-01-27,2015-01-27,34.28,34.28,32.61,32.959999,28348,938698.125
2015-01-26,2015-01-26,33.91,34.02,33.7,33.91,9138,310197.0625
2015-01-23,2015-01-23,34.06,34.89,34.06,34.259998,15198,522927
2015-01-22,2015-01-22,32.71,33.5,32.52,33.400002,13261,437955.875
2015-01-21,2015-01-21,32.3,32.65,31.89,32.5,18639,601792
2015-01-20,2015-01-20,32.26,32.26,31.7,31.889999,34968,1123183.25
2015-01-19,2015-01-19,32.01,32.06,31.7,31.9,3407,109084.328125
2015-01-16,2015-01-16,31.09,31.83,30.77,31.700001,54562,1693612.375
2015-01-15,2015-01-15,31.84,31.89,31.02,31.530001,11430.0,361485.03125
2015-01-14,2015-01-14,31.26,31.8,30.59,30.82,35341,1112790.125
2015-01-13,2015-01-13,31.65,32.72,31.65,32.490002,10103,328144.4375
2015-01-12,2015-01-12,32.11,32.56,31.54,31.9,3752,120280.71875
2015-01-09,2015-01-09,32.7,32.99,32.16,32.16,57498,1867001.375
2015-01-08,2015-01-08,32.05,32.69,32.04,32.68,11672,376281.40625
2015-01-07,2015-01-07,30.9,31.4,30.86,31.35,4427,137774.390625
2015-01-06,2015-01-06,31.33,31.47,30.73,30.73,12828,401533.8125
2015-01-05,2015-01-05,31.97,32.17,31.36,31.440001,11645,370147.125
2015-01-02,2015-01-02,32.45,32.45,31.94,31.99,31801,1030036.1875
2014-12-30,2014-12-30,32.57,32.68,32.56,32.639999,2529,82412.789063
2014-12-29,2014-12-29,32.67,32.77,32.43,32.77,9889,322206.96875
2014-12-23,2014-12-23,32.14,32.52,32.14,32.509998,4725,152341.921875
2014-12-22,2014-12-22,31.93,32.19,31.83,31.940001,21291,681398.5
2014-12-19,2014-12-19,31.86,31.92,31.75,31.879999,25587,815032.9375
2014-12-18,2014-12-18,30.21,30.95,30.21,30.799999,84436,2593777.5
2014-12-17,2014-12-17,28.68,29.09,28.65,29.059999,42238,1211547.625
2014-12-16,2014-12-16,29.21,29.64,28.28,29.639999,19182,546056
2014-12-15,2014-12-15,29.48,29.78,28.93,28.93,16409,487385.90625
2014-12-12,2014-12-12,30.26,30.26,29.72,29.719999,11182,336127.03125
2014-12-11,2014-12-11,30.12,31.02,30.1,31.02,30712,931207.8125
2014-12-10,2014-12-10,31.21,31.23,30.63,30.629999,31533,975464.375
2014-12-09,2014-12-09,31.1,31.13,30.3,30.66,43233,1332083.125
2014-12-08,2014-12-08,31.94,31.98,31.8,31.860001,5928,189127.875
2014-12-05,2014-12-05,31.67,31.99,31.67,31.92,7451,236912.21875
2014-12-04,2014-12-04,31.9,31.92,31.22,31.24,7893,251123.265625
2014-12-03,2014-12-03,31.49,31.77,31.49,31.73,5830.0,184609.984375
2014-12-02,2014-12-02,31.05,31.3,30.99,31.280001,5662,177170.734375
2014-12-01,2014-12-01,31.06,31.07,30.75,30.809999,3318,102776.757813
2014-11-28,2014-11-28,31.5,31.55,31.25,31.540001,4893,153683.90625
2014-11-27,2014-11-27,31.34,31.41,31.31,31.41,3965,124362.796875
2014-11-26,2014-11-26,31.37,31.44,31.15,31.16,5539,173767.90625
2014-11-25,2014-11-25,31.41,31.54,31.21,31.209999,4016,126136.507813
2014-11-24,2014-11-24,31.34,31.45,31.27,31.27,7443,233374.3125
2014-11-21,2014-11-21,30.8,31.48,30.8,31.34,37322,1162874.75
2014-11-20,2014-11-20,30.39,30.66,30.22,30.66,16935,512638.15625
2014-11-19,2014-11-19,30.49,30.55,30.32,30.379999,14093,429238.53125
2014-11-18,2014-11-18,30.41,30.55,30.24,30.549999,871,26432.269531
2014-11-17,2014-11-17,30.06,30.39,30.05,30.290001,3319,100061.15625
2014-11-14,2014-11-14,30.45,30.5,30.34,30.370001,18856,573683.1875
2014-11-13,2014-11-13,30.48,30.55,30.31,30.309999,6111,186147.15625
2014-11-12,2014-11-12,30.28,30.37,30.12,30.370001,5240.0,158188.9375
2014-11-11,2014-11-11,30.51,30.59,30.41,30.41,11439,349048.96875
2014-11-10,2014-11-10,29.98,30.4,29.94,30.4,6796,204436.453125
2014-11-07,2014-11-07,30.45,30.5,30.07,30.299999,30448,924275.4375
2014-11-06,2014-11-06,29.69,30.19,29.61,30.08,15103,448723.59375
2014-11-05,2014-11-05,29.58,29.86,29.5,29.700001,19352,575596
2014-11-04,2014-11-04,29.61,29.61,28.98,29.120001,5688,165615.9375
2014-11-03,2014-11-03,29.53,29.65,29.5,29.65,1669,49343.019531
2014-10-31,2014-10-31,29.39,29.61,29.07,29.440001,11482,337037.1875
2014-10-30,2014-10-30,28.48,28.51,28.01,28.51,29312,822692.5
2014-10-29,2014-10-29,28.16,28.27,28,28,6806,191720.328125
2014-10-28,2014-10-28,27.83,27.93,27.72,27.76,37377,1040625.9375
2014-10-27,2014-10-27,27.82,27.82,27.33,27.440001,14055,386675.34375
2014-10-24,2014-10-24,27.24,27.49,27.12,27.48,8415,229748.703125
2014-10-23,2014-10-23,26.9,27.49,26.9,27.469999,7501,203483.6875
2014-10-22,2014-10-22,26.93,27.3,26.93,27.299999,7722,208441.90625
2014-10-21,2014-10-21,25.42,26.69,25.41,26.690001,44231,1161298.5
2014-10-20,2014-10-20,25.55,25.65,25.26,25.52,3641,92904.390625
2014-10-17,2014-10-17,24.93,25.63,24.91,25.629999,90970.0,2278743.25
2014-10-16,2014-10-16,24.58,24.68,23.76,24.68,10171,245344.3125
2014-10-15,2014-10-15,25.28,25.28,24.36,24.360001,140292,3498495
2014-10-14,2014-10-14,25.36,25.7,25.27,25.700001,25253,640099.1875
2014-10-13,2014-10-13,25.66,26.06,25.62,25.940001,18578,481303.75
2014-10-10,2014-10-10,26.79,26.98,26.47,26.549999,4772,127484.578125
2014-10-09,2014-10-09,27.64,27.8,27.43,27.440001,5062,139446.09375
2014-10-08,2014-10-08,27.01,27.1,26.65,26.889999,16738,450103.84375
2014-10-07,2014-10-07,27.54,27.64,27.4,27.4,5368,148066.90625
2014-10-06,2014-10-06,28.32,28.32,28.07,28.07,4903,138019.953125
2014-10-02,2014-10-02,27.38,27.43,26.85,26.85,13246,361606.96875
2014-10-01,2014-10-01,28.11,28.11,27.55,27.75,14129,393400.65625
2014-09-30,2014-09-30,28.23,28.53,28.23,28.41,3254,92516.40625
2014-09-29,2014-09-29,28.1,28.1,27.83,28.030001,410,11426.469727
2014-09-26,2014-09-26,27.74,27.79,27.67,27.790001,3428,95061.890625
2014-09-25,2014-09-25,28.48,28.58,27.9,27.9,4262,120748.148438
2014-09-24,2014-09-24,27.95,28.27,27.85,28.27,5258,147058.203125
2014-09-23,2014-09-23,28.17,28.17,27.94,28.08,8165,229561.21875
2014-09-22,2014-09-22,28.38,28.56,28.34,28.34,5264,149841.0625
2014-09-19,2014-09-19,28.84,28.88,28.72,28.719999,1097,31628.919922
2014-09-18,2014-09-18,28.39,28.59,28.39,28.540001,2180.0,61978.300781
2014-09-17,2014-09-17,28.1,28.21,28.1,28.120001,5700.0,160294.65625
2014-09-16,2014-09-16,27.6,27.92,27.6,27.92,13438,371626.0625
2014-09-15,2014-09-15,27.58,27.76,27.52,27.639999,1290.0,35647.859375
2014-09-12,2014-09-12,28.08,28.15,27.84,27.84,5847,164545.296875
2014-09-11,2014-09-11,28.04,28.04,27.8,27.99,13644,380883.65625
2014-09-10,2014-09-10,27.85,27.9,27.75,27.9,11071,307328.34375
2014-09-09,2014-09-09,28.31,28.33,28,28.120001,7772,219548.453125
2014-09-08,2014-09-08,28.28,28.3,28.22,28.280001,1541,43566.621094
2014-09-05,2014-09-05,28.2,28.2,27.88,27.98,2984,83445.070313
2014-09-04,2014-09-04,27.81,28.33,27.7,28.26,12375,349231.09375
2014-09-03,2014-09-03,27.9,28,27.79,27.790001,14376,400869.9375
2014-09-02,2014-09-02,27.93,27.99,27.75,27.790001,14863,413835.375
2014-09-01,2014-09-01,27.7,27.79,27.7,27.780001,1723,47844.710938
2014-08-29,2014-08-29,27.77,27.77,27.53,27.76,73644,2034666
2014-08-28,2014-08-28,27.49,27.51,27.37,27.5,1017,27916.599609
2014-08-27,2014-08-27,27.66,27.69,27.56,27.559999,4924,136199.703125
2014-08-26,2014-08-26,27.47,27.7,27.47,27.690001,2251,62061.609375
2014-08-25,2014-08-25,27.57,27.61,27.48,27.6,2280.0,62730.121094
2014-08-22,2014-08-22,27.19,27.21,27.01,27.209999,14403,390786.59375
2014-08-21,2014-08-21,27.07,27.21,27.03,27.16,1830.0,49643
2014-08-20,2014-08-20,26.8,26.94,26.75,26.940001,5512,147652.3125
2014-08-19,2014-08-19,26.57,26.75,26.51,26.75,4274,113650.320313
2014-08-18,2014-08-18,26.22,26.43,26.22,26.43,3430.0,90077.976563
2014-08-15,2014-08-15,26.06,26.19,25.79,25.790001,5354,139871.015625
2014-08-14,2014-08-14,25.8,25.93,25.78,25.879999,10294,266076.125
2014-08-13,2014-08-13,25.63,25.83,25.48,25.83,730,18644.800781
2014-08-12,2014-08-12,25.57,25.65,25.37,25.4,8008,205110.953125
2014-08-11,2014-08-11,25.32,25.65,25.3,25.65,10950.0,278282.75
2014-08-08,2014-08-08,24.5,24.93,24.38,24.93,4287,105006.023438
2014-08-07,2014-08-07,25.16,25.16,25.07,25.07,787,19800.919922
2014-08-06,2014-08-06,25.13,25.22,24.84,25.219999,8632,216682.84375
2014-08-05,2014-08-05,25.34,25.43,25.3,25.360001,20984,532567.5625
2014-08-04,2014-08-04,25.2,25.25,25.13,25.129999,6557,165062.015625
2014-08-01,2014-08-01,25.36,25.36,24.89,25.049999,24250.0,611318.625
2014-07-31,2014-07-31,26.28,26.28,25.61,25.610001,11910.0,308290.53125
2014-07-30,2014-07-30,26.33,26.61,26.3,26.299999,2552,67629.820313
2014-07-29,2014-07-29,26.36,26.66,26.36,26.41,10605,281961.625
2014-07-28,2014-07-28,26.54,26.54,26.25,26.379999,264,6981.129883
2014-07-25,2014-07-25,26.64,26.67,26.39,26.43,8682,231309.234375
2014-07-24,2014-07-24,26.65,26.74,26.63,26.74,1602,42689
2014-07-23,2014-07-23,26.56,26.68,26.53,26.68,1369,36348.570313
2014-07-22,2014-07-22,26.27,26.56,26.27,26.559999,3450.0,90796.5
2014-07-21,2014-07-21,26.16,26.21,26.06,26.07,1133,29652.839844
2014-07-18,2014-07-18,25.72,26.13,25.72,26.129999,4600.0,118660.0
2014-07-17,2014-07-17,26.24,26.28,26.06,26.15,2940.0,76980.398438
2014-07-16,2014-07-16,26.17,26.31,26.17,26.26,292,7655.640137
2014-07-15,2014-07-15,26.1,26.11,26.01,26.01,1990.0,51926.699219
2014-07-14,2014-07-14,26.11,26.11,26.11,26.110001,0,0
2014-07-11,2014-07-11,25.83,25.89,25.76,25.76,579,14980.959961
2014-07-10,2014-07-10,25.83,25.85,25.52,25.75,692,17779.769531
2014-07-09,2014-07-09,25.82,25.92,25.81,25.809999,5203,134378.65625
2014-07-08,2014-07-08,26.06,26.09,25.69,25.690001,1675,43631.601563
2014-07-07,2014-07-07,26.35,26.35,26.08,26.08,1065,27972.550781
2014-07-04,2014-07-04,26.26,26.32,26.25,26.25,1723,45328.980469
2014-07-03,2014-07-03,25.91,26.23,25.91,26.23,1566,40805.191406
2014-07-02,2014-07-02,25.88,25.96,25.88,25.940001,5598,145246.1875
2014-07-01,2014-07-01,25.57,25.87,25.57,25.870001,1879,48293.589844
2014-06-30,2014-06-30,25.6,25.6,25.519,25.530001,1385,35378.289063
2014-06-27,2014-06-27,25.46,25.49,25.409,25.49,2047,52110.191406
2014-06-26,2014-06-26,25.52,25.52,25.42,25.42,132,3366.060059
2014-06-25,2014-06-25,25.41,25.48,25.37,25.43,4908,124642.242188
2014-06-24,2014-06-24,25.61,25.879,25.61,25.85,1110.0,28466.990234
2014-06-23,2014-06-23,25.7,25.74,25.62,25.620001,931,23921.320313
2014-06-20,2014-06-20,25.56,25.78,25.56,25.74,1147,29411.160156
2014-06-19,2014-06-19,25.55,25.57,25.48,25.48,2880.0,73613.203125
2014-06-18,2014-06-18,25.26,25.26,25.22,25.219999,490,12373.5
2014-06-17,2014-06-17,25.179,25.18,25.16,25.18,220,5535.580078
2014-06-16,2014-06-16,24.96,25.01,24.95,24.950001,1525,38122.648438
2014-06-13,2014-06-13,25,25.09,24.86,25.09,1036,25792.769531
2014-06-12,2014-06-12,25.34,25.45,25.16,25.16,1673,42491.851563
2014-06-11,2014-06-11,25.52,25.52,25.31,25.309999,7885,200117.65625
2014-06-10,2014-06-10,25.35,25.49,25.3,25.43,1494,37943.519531
2014-06-09,2014-06-09,25.31,25.49,25.299,25.49,540,13676.200195
2014-06-06,2014-06-06,25.011,25.23,25.011,25.23,1144,28671.759766
2014-06-05,2014-06-05,24.75,25.01,24.75,24.940001,1912,47424.601563
2014-06-04,2014-06-04,24.73,24.73,24.53,24.73,2231,54895.570313
2014-06-03,2014-06-03,24.65,24.65,24.51,24.57,2752,67751.820313
2014-06-02,2014-06-02,24.64,24.67,24.22,24.67,1131,27807.419922
2014-05-30,2014-05-30,24.46,24.54,24.46,24.530001,2923,71675.546875
2014-05-29,2014-05-29,24.51,24.51,24.36,24.42,625,15243.299805
2014-05-28,2014-05-28,24.38,24.39,24.26,24.389999,536,13034.519531
2014-05-27,2014-05-27,24.19,24.33,24.18,24.26,3252,78931.65625
2014-05-26,2014-05-26,24.14,24.14,24.13,24.129999,400,9656
2014-05-23,2014-05-23,23.82,23.97,23.82,23.969999,4540.0,108343.703125
2014-05-22,2014-05-22,23.64,23.82,23.63,23.82,2490.0,59034.921875
2014-05-21,2014-05-21,23.36,23.569,23.36,23.51,1689,39670.640625
2014-05-20,2014-05-20,23.55,23.55,23.4,23.4,1040.0,24488.400391
2014-05-19,2014-05-19,23.19,23.44,23.19,23.440001,1290.0,29915.099609
2014-05-16,2014-05-16,23.109,23.19,23.109,23.190001,115,2658.02002
2014-05-15,2014-05-15,23.6,23.6,23.03,23.030001,5400.0,125429.296875
2014-05-14,2014-05-14,23.9,23.9,23.65,23.690001,9118,216065.15625
2014-05-13,2014-05-13,23.77,23.83,23.76,23.809999,4858,115553.039063
2014-05-12,2014-05-12,23.24,23.6,23.24,23.6,495,11580.5
2014-05-09,2014-05-09,23.03,23.04,23,23.040001,2135,49138.441406
2014-05-08,2014-05-08,23,23.28,22.98,23.280001,1276,29391.279297
2014-05-07,2014-05-07,22.75,22.76,22.75,22.76,250,5687.5
2014-05-06,2014-05-06,23.13,23.13,22.86,22.860001,1120.0,25905.599609
2014-05-05,2014-05-05,23.01,23.08,22.86,23.08,1338,30717.140625
2014-05-02,2014-05-02,23.21,23.22,23.16,23.16,763,17714.169922
2014-04-30,2014-04-30,23.01,23.04,22.99,23.01,1500.0,34517.5
2014-04-29,2014-04-29,23.08,23.08,23.08,23.08,0,0
2014-04-28,2014-04-28,22.77,22.859,22.77,22.790001,233,5314.310059
2014-04-25,2014-04-25,22.91,22.91,22.77,22.77,6330.0,144831.296875
2014-04-24,2014-04-24,23.18,23.18,23.18,23.18,0,0
2014-04-23,2014-04-23,23.08,23.1,23.08,23.1,100,2308
2014-04-22,2014-04-22,22.86,23.22,22.86,23.219999,31653,728569.3125
2014-04-17,2014-04-17,22.71,22.71,22.69,22.690001,1694,38470.738281
2014-04-16,2014-04-16,22.41,22.5,22.41,22.5,4434,99534.007813
2014-04-15,2014-04-15,21.989,22.11,21.95,21.950001,588,12991.929688
2014-04-14,2014-04-14,21.589,21.99,21.54,21.99,3150.0,67898.007813
2014-04-11,2014-04-11,21.9,21.9,21.69,21.83,35054,763017.375
2014-04-10,2014-04-10,22.73,22.83,22.47,22.469999,22265,507848.71875
2014-04-09,2014-04-09,22.52,22.58,22.5,22.58,1440.0,32429.800781
2014-04-08,2014-04-08,22.28,22.44,22.25,22.440001,24915,554756.75
2014-04-07,2014-04-07,22.85,22.85,22.67,22.67,1337,30485.4
2014-04-04,2014-04-04,23.65,23.65,23.45,23.5,3390.0,79902.953125
2014-04-03,2014-04-03,23.55,23.63,23.52,23.52,738,17403.900391
2014-04-02,2014-04-02,23.38,23.48,23.33,23.440001,4288,100206.382813
2014-04-01,2014-04-01,23.13,23.18,23.08,23.18,1397,32317.910156
2014-03-31,2014-03-31,22.89,22.92,22.78,22.92,2204,50417.519531
2014-03-28,2014-03-28,22.77,22.86,22.77,22.860001,548,12491.910156
2014-03-27,2014-03-27,22.59,22.59,22.37,22.5,909,20452.330078
2014-03-26,2014-03-26,22.86,23.02,22.86,22.950001,90328,2077968.625
2014-03-25,2014-03-25,22.53,22.87,22.53,22.709999,3810.0,86527.101563
2014-03-24,2014-03-24,22.94,23.03,22.46,22.459999,31430.0,718214.125
2014-03-21,2014-03-21,23.14,23.26,23.12,23.15,42590.0,987022.75
2014-03-20,2014-03-20,22.59,22.96,22.55,22.959999,79909,1814874.625
2014-03-19,2014-03-19,22.75,22.82,22.75,22.76,892,20353.339844
2014-03-18,2014-03-18,22.45,22.78,22.45,22.74,1350.0,30423
2014-03-17,2014-03-17,22.14,22.47,22.14,22.469999,3146,70105.273438
2014-03-14,2014-03-14,22.3,22.3,22.08,22.129999,73038,1618303.25
2014-03-13,2014-03-13,22.73,22.73,22.38,22.379999,3061,69016.820313
2014-03-12,2014-03-12,22.74,22.74,22.599,22.6,3394,77171.148438
2014-03-11,2014-03-11,23.05,23.09,22.86,22.860001,10293,237625.9375
2014-03-10,2014-03-10,22.92,22.98,22.77,22.860001,2960.0,67732.070313
2014-03-07,2014-03-07,23,23,22.91,22.91,2870.0,65964
2014-03-06,2014-03-06,23.25,23.25,23.03,23.09,9657,223666.453125
2014-03-05,2014-03-05,23.04,23.15,23.04,23.09,77328,1787008.5
2014-03-04,2014-03-04,22.65,23.04,22.64,23.030001,4558,103942.742188
2014-03-03,2014-03-03,22.26,22.369,22.171,22.25,19680.0,437555.9375
2014-02-28,2014-02-28,22.81,22.81,22.81,22.809999,0,0
2014-02-27,2014-02-27,22.54,22.54,22.54,22.540001,0,0
2014-02-26,2014-02-26,22.55,22.67,22.55,22.65,1479,33461.050781
2014-02-25,2014-02-25,22.33,22.55,22.24,22.549999,138,3072.540039
2014-02-24,2014-02-24,22.11,22.65,22.11,22.65,3295,73804.046875
2014-02-21,2014-02-21,22.44,22.44,22.369,22.42,1294,28992.900391
2014-02-20,2014-02-20,21.86,22.23,21.86,22.23,4259,93225.75
2014-02-19,2014-02-19,22.23,22.35,22.22,22.34,6695,148987.703125
2014-02-18,2014-02-18,22.27,22.32,22.18,22.280001,77232,1713160.125
2014-02-17,2014-02-17,22.31,22.39,22.31,22.35,1072,23976.980469
2014-02-14,2014-02-14,21.95,22.22,21.95,22.219999,10888,240001.265625
2014-02-13,2014-02-13,21.76,22.01,21.63,21.969999,5538,121401.476563
2014-02-12,2014-02-12,21.95,22.17,21.9,21.98,23006,506438.375
2014-02-11,2014-02-11,21.579,21.7,21.41,21.700001,5265,113353.75
2014-02-10,2014-02-10,21.36,21.36,21.25,21.299999,1080.0,22998.800781
2014-02-07,2014-02-07,20.95,21.11,20.78,21.110001,8385,175814.046875
2014-02-06,2014-02-06,20.52,20.81,20.42,20.77,14465,298576.625
2014-02-05,2014-02-05,20.42,20.42,20.37,20.370001,30,612.599976
2014-02-04,2014-02-04,20.41,20.56,20.27,20.540001,29216,595210.0625
2014-02-03,2014-02-03,21.43,21.43,20.64,20.66,7335,154972.3125
2014-01-31,2014-01-31,21.14,21.32,20.89,21.32,48663,1024949
2014-01-30,2014-01-30,20.96,21.39,20.96,21.389999,3909,82613.679688
2014-01-29,2014-01-29,21.32,21.35,20.87,21.08,2905,61419.921875
2014-01-28,2014-01-28,21.12,21.18,20.96,21.129999,11481,240884.75
2014-01-27,2014-01-27,21.24,21.27,20.72,20.99,26090.0,547862.125
2014-01-24,2014-01-24,22,22,21.39,21.450001,88254,1898538.625
2014-01-23,2014-01-23,22.5,22.5,22.04,22.059999,7032,156528.40625
2014-01-22,2014-01-22,22.68,22.71,22.59,22.59,13542,306355.46875
2014-01-21,2014-01-21,22.67,22.81,22.47,22.469999,7263,164913.375
2014-01-20,2014-01-20,22.48,22.58,22.48,22.549999,2495,56235.5
2014-01-17,2014-01-17,22.58,22.69,22.57,22.65,3151,71259.53125
2014-01-16,2014-01-16,22.65,22.65,22.54,22.540001,1118,25269.109375
2014-01-15,2014-01-15,22.45,22.77,22.45,22.67,6910.0,156983.046875
2014-01-14,2014-01-14,21.93,22.21,21.87,22.190001,6580.0,144715.8125
2014-01-13,2014-01-13,22.41,22.48,22.35,22.440001,3887,87027.3125
2014-01-10,2014-01-10,22.62,22.699,22.2,22.200001,52738,1193209.75
2014-01-09,2014-01-09,22.4,22.6,22.33,22.34,2367,53100.300781
2014-01-08,2014-01-08,22.42,22.46,22.32,22.459999,3574,79950.679688
2014-01-07,2014-01-07,22.2,22.46,22.2,22.41,7418,166162.015625
2014-01-06,2014-01-06,22.36,22.41,22.06,22.059999,8257,184506.328125
2014-01-03,2014-01-03,22.319,22.44,22.17,22.26,3138,69950.5078
2014-01-02,2014-01-02,22.48,22.49,22.18,22.27,35029,783103.125
2013-12-30,2013-12-30,22.3,22.33,22.19,22.25,2232,49709.1484
2013-12-27,2013-12-27,22.35,22.35,22.06,22.23,10822,239834.4063
2013-12-23,2013-12-23,21.97,22.11,21.97,22.03,32155,710266.6875
2013-12-20,2013-12-20,21.67,21.89,21.67,21.89,5664,122965.9609
2013-12-19,2013-12-19,21.6,21.7,21.44,21.58,10500.0,226477.9844
2013-12-18,2013-12-18,20.97,20.97,20.8,20.8,330,6920.1001
2013-12-17,2013-12-17,20.929,20.97,20.72,20.72,2240.0,46744
2013-12-16,2013-12-16,20.59,20.99,20.53,20.98,9783,203174.6875
2013-12-13,2013-12-13,20.6,20.9,20.58,20.7,3392,70224.0078
2013-12-12,2013-12-12,20.75,20.82,20.71,20.78,12600.0,261530.8438
2013-12-11,2013-12-11,21.24,21.429,20.93,20.99,13516,283391.7188
2013-12-10,2013-12-10,21.49,21.61,21.36,21.36,845,18168.5996
2013-12-09,2013-12-09,21.61,21.65,21.431,21.57,8195,176664.8438
2013-12-06,2013-12-06,21.24,21.49,21.17,21.38,5881,126186.8906
2013-12-05,2013-12-05,21.17,21.41,21.01,21.01,1965,41650.3984
2013-12-04,2013-12-04,21.5,21.6,21.15,21.41,9833,210502.5469
2013-12-03,2013-12-03,21.5,21.5,21.301,21.31,5233,111951.0938
2013-12-02,2013-12-02,21.76,21.76,21.64,21.69,3990.0,86675.5234
2013-11-29,2013-11-29,21.641,21.879,21.641,21.77,800,17421.5508
2013-11-28,2013-11-28,21.72,21.8,21.66,21.68,19662,426999.8125
2013-11-27,2013-11-27,21.679,21.71,21.62,21.71,1344,29083.1699
2013-11-26,2013-11-26,21.66,21.77,21.65,21.67,6795,147287.5625
2013-11-25,2013-11-25,21.88,21.93,21.79,21.83,16201,354052.875
2013-11-22,2013-11-22,21.57,21.66,21.49,21.58,2080.0,44871.8203
2013-11-21,2013-11-21,21.26,21.5,21.26,21.5,2650.0,56678
2013-11-20,2013-11-20,21.44,21.57,21.34,21.51,1339,28781.1191
2013-11-19,2013-11-19,21.42,21.48,21.29,21.41,5684,121615.8984
2013-11-18,2013-11-18,21.59,21.67,21.53,21.6,8484,183016.4531
2013-11-15,2013-11-15,21.5,21.66,21.44,21.54,5349,115509.5938
2013-11-14,2013-11-14,21.4,21.52,21.359,21.42,13361,286114.6563
2013-11-13,2013-11-13,21,21,20.66,20.93,1669,34905.8906
2013-11-12,2013-11-12,21.07,21.149,21.04,21.04,2296,48401.7617
2013-11-11,2013-11-11,21.1,21.17,21.04,21.1,2068,43679.0391
2013-11-08,2013-11-08,20.55,20.93,20.42,20.93,1467,30057.1309
2013-11-07,2013-11-07,20.84,21.21,20.78,20.86,6080.0,126957.7734
2013-11-06,2013-11-06,20.919,20.92,20.78,20.79,6911,144307.2656
2013-11-05,2013-11-05,20.88,20.88,20.71,20.77,4735,98420.1719
2013-11-04,2013-11-04,20.78,20.84,20.69,20.69,2533,52571.6797
2013-11-01,2013-11-01,20.6,20.759,20.451,20.57,2685,55431.1016
2013-10-31,2013-10-31,20.42,20.63,20.29,20.63,4438,90850.4219
2013-10-30,2013-10-30,20.63,20.7,20.41,20.44,6527,134455.9375
2013-10-29,2013-10-29,20.33,20.5,20.33,20.5,2802,57305.3789
2013-10-28,2013-10-28,20.31,20.34,20.16,20.26,4710.0,95513.4531
2013-10-25,2013-10-25,20.089,20.16,20.05,20.12,4733,95067.3594
2013-10-24,2013-10-24,20.1,20.1,19.98,20,3200.0,64023
2013-10-23,2013-10-23,19.98,19.99,19.8,19.91,5813,115659.1094
2013-10-22,2013-10-22,19.95,20.08,19.95,20.02,1811,36215.3906
2013-10-21,2013-10-21,20.05,20.1,19.93,20.01,11892,238005.4531
2013-10-18,2013-10-18,19.889,19.91,19.86,19.89,596,11848.9297
2013-10-17,2013-10-17,19.57,19.61,19.39,19.61,2246,43666.6914
2013-10-16,2013-10-16,19.23,19.69,19.23,19.69,592,11466.7197
2013-10-15,2013-10-15,19.43,19.59,19.43,19.52,15789,307258.4375
2013-10-14,2013-10-14,19.01,19.09,18.9,19.09,866,16439.3301
2013-10-11,2013-10-11,18.93,19.11,18.93,19.11,28255,538347.8125
2013-10-10,2013-10-10,18.54,18.82,18.54,18.82,3700.0,69073.5
2013-10-09,2013-10-09,18.36,18.46,18.08,18.16,30870.0,566577.3125
2013-10-08,2013-10-08,18.65,18.66,18.37,18.37,1679,31223.5508
2013-10-07,2013-10-07,18.61,18.79,18.51,18.79,24447,454632.5313
2013-10-04,2013-10-04,18.63,18.78,18.62,18.77,7390.0,137845.3438
2013-10-03,2013-10-03,18.78,18.85,18.58,18.58,2610.0,49144.1016
2013-10-02,2013-10-02,19.03,19.03,18.85,18.85,2110.0,39826.3008
2013-10-01,2013-10-01,18.8,19.08,18.8,19.08,4707,88862.0938
2013-09-30,2013-09-30,18.75,18.91,18.7,18.84,18276,342922.3125
2013-09-27,2013-09-27,19.31,19.31,18.95,19.02,11203,213315.0469
2013-09-26,2013-09-26,19.22,19.22,19.19,19.19,171,3286.6201
2013-09-25,2013-09-25,19.22,19.23,19.12,19.23,2320.0,44476.1016
2013-09-24,2013-09-24,19.24,19.37,19.19,19.37,280,5401.3999
2013-09-23,2013-09-23,19.45,19.45,19.21,19.24,2467,47658.1602
2013-09-20,2013-09-20,19.81,19.83,19.67,19.69,650,12867.5
2013-09-19,2013-09-19,19.91,19.99,19.75,19.78,2650.0,52809.1094
2013-09-18,2013-09-18,19.69,19.69,19.56,19.56,1725,33905.6484
2013-09-17,2013-09-17,19.31,19.62,19.31,19.57,3626,70755.0938
2013-09-16,2013-09-16,19.58,19.679,19.44,19.51,2810.0,55138.9414
2013-09-13,2013-09-13,19.23,19.31,19.23,19.31,500,9615
2013-09-12,2013-09-12,19.3,19.36,19.18,19.18,29426,568208.5625
2013-09-11,2013-09-11,19.25,19.25,19.09,19.16,1050.0,20147.5508
2013-09-10,2013-09-10,18.92,19.2,18.92,19.19,7063,135292.7188
2013-09-09,2013-09-09,18.8,18.81,18.78,18.78,165,3102.55
2013-09-06,2013-09-06,18.79,18.86,18.78,18.8,3168,59580.4297
2013-09-05,2013-09-05,18.66,18.84,18.66,18.84,360,6737.3999
2013-09-04,2013-09-04,18.32,18.55,18.32,18.54,1698,31284.8496
2013-09-03,2013-09-03,18.7,18.7,18.42,18.42,2337,43345.8086
2013-09-02,2013-09-02,18.45,18.55,18.45,18.55,5310.0,98247.5
2013-08-30,2013-08-30,18.211,18.339,18.15,18.15,225,4123.0801
2013-08-29,2013-08-29,18.07,18.4,18.07,18.4,930,16805.0996
2013-08-28,2013-08-28,17.86,18.06,17.86,18.04,4832,86685.7734
2013-08-27,2013-08-27,18.49,18.49,18.09,18.09,3420.0,62281.8398
2013-08-26,2013-08-26,18.59,18.72,18.58,18.72,8723,162184.375
2013-08-23,2013-08-23,18.46,18.56,18.45,18.47,32249,597837.8125
2013-08-22,2013-08-22,18.07,18.4,18.07,18.38,1210.0,22095.6992
2013-08-21,2013-08-21,18.16,18.28,18.16,18.24,1578,28781.4805
2013-08-20,2013-08-20,18.35,18.35,18.15,18.35,24678,448107.375
2013-08-19,2013-08-19,18.52,18.52,18.35,18.45,3758,69262.9219
2013-08-16,2013-08-16,18.7,18.7,18.51,18.61,4476,83005.7188
2013-08-15,2013-08-15,18.96,18.96,18.73,18.86,15740.0,297445.4688
2013-08-14,2013-08-14,19.47,19.47,19.35,19.35,520,10094
2013-08-13,2013-08-13,19.5,19.5,19.32,19.37,4244,82644.1328
2013-08-12,2013-08-12,19.27,19.299999,19.110001,19.299999,3872,74154.717285
2013-08-09,2013-08-09,19.26,19.28,19.19,19.19,1152,22190.5605
2013-08-08,2013-08-08,19.339,19.44,19.2,19.23,1875,36232.3594
2013-08-07,2013-08-07,19.3,19.3,19.1,19.19,4480.0,85710.3984
2013-08-06,2013-08-06,19.7,19.779,19.38,19.43,3932,76811.8125
2013-08-05,2013-08-05,19.84,19.84,19.65,19.75,3136,62062.9414
2013-08-02,2013-08-02,19.85,19.85,19.53,19.63,2974,58554.2813
2013-08-01,2013-08-01,19.54,19.74,19.45,19.71,7817,153141.2656
2013-07-31,2013-07-31,19.43,19.43,19.43,19.43,0,0
2013-07-30,2013-07-30,19.26,19.34,19.26,19.34,1240.0,23882.4004
2013-07-29,2013-07-29,19.43,19.43,19.18,19.18,630,12155.9004
2013-07-26,2013-07-26,19.37,19.434,19.08,19.08,1674,32374.9805
2013-07-25,2013-07-25,19.38,19.38,19.17,19.17,1278,24687.0195
2013-07-24,2013-07-24,19.45,19.669,19.4,19.4,850,16641.25
2013-07-23,2013-07-23,19.79,19.79,19.49,19.49,9050.0,178150.4063
2013-07-22,2013-07-22,19.75,19.75,19.48,19.72,8814,172752.9375
2013-07-19,2013-07-19,19.46,19.6,19.45,19.53,2850.0,55502
2013-07-18,2013-07-18,19.46,19.65,19.46,19.65,1445,28186.3008
2013-07-17,2013-07-17,19.3,19.38,19.02,19.37,6915,133225.25
2013-07-16,2013-07-16,19.45,19.55,19.16,19.16,6806,132159.5156
2013-07-15,2013-07-15,19.54,19.56,19.31,19.48,4998,97386.9922
2013-07-12,2013-07-12,19.26,19.41,19.19,19.28,28622,552689.6875
2013-07-11,2013-07-11,19.28,19.35,19.1,19.21,5590.0,107446.1797
2013-07-10,2013-07-10,19.27,19.27,19.03,19.03,600,11508
2013-07-09,2013-07-09,19.05,19.15,18.92,19.15,9355,177916.25
2013-07-08,2013-07-08,18.7,18.95,18.7,18.76,9841,186035.5625
2013-07-05,2013-07-05,18.64,18.64,18.13,18.3,9536,176073.1406
2013-07-04,2013-07-04,18.19,18.53,18.19,18.53,1246,23070.7793
2013-07-03,2013-07-03,18,18,17.71,17.92,2650.0,47221.8906
2013-07-02,2013-07-02,18.12,18.13,17.96,18.12,22435,405185.3438
2013-07-01,2013-07-01,18.01,18.169,17.81,18.15,4348,78499.0781
2013-06-28,2013-06-28,18.03,18.06,17.68,17.93,3460.0,62079.8008
2013-06-27,2013-06-27,17.74,18.159,17.73,17.99,11415,205453.4063
2013-06-26,2013-06-26,17.28,17.66,17.28,17.6,7450.0,130560.2969
2013-06-25,2013-06-25,16.85,17.25,16.85,17.23,1474,25295.5
2013-06-24,2013-06-24,17.03,17.17,16.73,16.73,3635,61887.4492
2013-06-21,2013-06-21,17.26,17.26,17.03,17.1,20767,354907.7188
2013-06-20,2013-06-20,17.91,17.91,17.4,17.45,11484,201986.7969
2013-06-19,2013-06-19,18.42,18.42,18.25,18.26,38733,708132.5625
2013-06-18,2013-06-18,18.17,18.249,18.1,18.24,1118,20272.5996
2013-06-17,2013-06-17,17.96,18.27,17.96,18.2,1026,18628.4395
2013-06-14,2013-06-14,18.14,18.17,17.91,17.91,5100.0,92524.5
2013-06-13,2013-06-13,17.09,17.7,17.09,17.62,13159,227224.6094
2013-06-12,2013-06-12,18.15,18.15,17.81,17.81,1717,31097.7793
2013-06-11,2013-06-11,18,18.18,17.85,18.18,8320.0,148665
2013-06-10,2013-06-10,18.38,18.43,18.36,18.36,2140.0,39379.8984
2013-06-07,2013-06-07,17.75,18.31,17.71,18.31,23740.0,420675.8125
2013-06-06,2013-06-06,17.8,17.8,17.59,17.65,7422,131782.8281
2013-06-05,2013-06-05,18.27,18.33,17.86,17.95,7889,142242.3281
2013-06-04,2013-06-04,18.34,18.59,18.34,18.46,3318,61330.1719
2013-06-03,2013-06-03,18.25,18.41,18.08,18.08,2701,49179.6094
2013-05-31,2013-05-31,18.64,18.98,18.64,18.98,662,12413.1201
2013-05-30,2013-05-30,18.62,18.95,18.62,18.92,1341,25354.8203
2013-05-29,2013-05-29,19.12,19.12,18.75,18.75,3305,62564.6992
2013-05-28,2013-05-28,19.29,19.39,19.29,19.39,1955,37861.7383
2013-05-27,2013-05-27,19.05,19.05,18.84,19,3140.0,59583.8984
2013-05-24,2013-05-24,19.04,19.04,18.73,18.73,310,5859.98
2013-05-23,2013-05-23,18.86,18.93,18.6,18.93,3629,68202.0625
2013-05-22,2013-05-22,19.46,19.65,19.39,19.65,2737,53291.3906
2013-05-21,2013-05-21,19.26,19.49,19.26,19.37,5860.0,113102.5
2013-05-20,2013-05-20,19.61,19.61,19.38,19.46,13525,262283
2013-05-17,2013-05-17,19.18,19.37,19.04,19.23,4296,82581.0469
2013-05-16,2013-05-16,19.11,19.17,19.11,19.17,1773,33953.3086
2013-05-15,2013-05-15,18.91,19.14,18.851,19.14,7288,137840.2969
2013-05-14,2013-05-14,18.46,18.75,18.42,18.75,1395,25714
2013-05-13,2013-05-13,18.41,18.43,18.32,18.43,2290.0,42035.8984
2013-05-10,2013-05-10,18.3,18.41,18.3,18.4,2420.0,44361.3984
2013-05-09,2013-05-09,18.15,18.22,18.15,18.19,1700.0,30905.1992
2013-05-08,2013-05-08,18.049,18.11,17.94,18.08,7772,140128.6719
2013-05-07,2013-05-07,17.87,18.04,17.87,18,5626,100990.9297
2013-05-06,2013-05-06,18,18.02,17.879,17.89,9725,174763.0313
2013-05-03,2013-05-03,17.49,17.88,17.49,17.84,30122,538499.1875
2013-05-02,2013-05-02,17.06,17.48,17.06,17.48,1379,23525.7402
2013-04-30,2013-04-30,17.41,17.44,17.27,17.27,1520.0,26493
2013-04-29,2013-04-29,17.08,17.31,17.08,17.31,473,8135.8398
2013-04-26,2013-04-26,17.29,17.31,17.19,17.19,1863,32214.6309
2013-04-25,2013-04-25,17.2,17.4,17.18,17.4,1440.0,24744
2013-04-24,2013-04-24,17.3,17.3,17.1,17.21,2911,50250.3008
2013-04-23,2013-04-23,17.16,17.16,17.16,17.16,1000.0,17160.0
2013-04-22,2013-04-22,16.57,16.57,16.57,16.57,0,0
2013-04-19,2013-04-19,16.24,16.54,16.24,16.54,3140.0,51096.1992
2013-04-18,2013-04-18,16.48,16.67,16.33,16.39,1010.0,16538.0996
2013-04-17,2013-04-17,16.74,16.77,16.49,16.49,1850.0,30813.4004
2013-04-16,2013-04-16,16.72,16.73,16.57,16.73,2200.0,36577
2013-04-15,2013-04-15,17.2,17.2,17.05,17.05,300,5160.0
2013-04-12,2013-04-12,17.32,17.39,17.16,17.16,64274,1112658.625
2013-04-11,2013-04-11,17.27,17.4,17.2,17.4,12584,217513.2969
2013-04-10,2013-04-10,16.89,17.22,16.89,17.22,5300.0,89563
2013-04-09,2013-04-09,16.88,16.88,16.74,16.74,58,979.04
2013-04-08,2013-04-08,16.57,16.7,16.559,16.6,61262,1015470.5625
2013-04-05,2013-04-05,16.66,16.66,16.4,16.47,4397,72259.2031
2013-04-04,2013-04-04,17.08,17.08,16.92,16.93,10230.0,173502.4063
2013-04-03,2013-04-03,17.38,17.38,16.99,16.99,2028,34899.8789
2013-04-02,2013-04-02,16.93,17.309,16.93,17.28,3094,53469.4219
2013-03-28,2013-03-28,17.15,17.15,17.06,17.14,11781,201097.6719
2013-03-27,2013-03-27,17.01,17.13,16.98,17.11,2019,34470.6914
2013-03-26,2013-03-26,16.93,16.98,16.93,16.94,2326,39494.1797
2013-03-25,2013-03-25,16.89,16.94,16.78,16.78,6857,116017.0313
2013-03-22,2013-03-22,16.55,16.689,16.55,16.67,9631,159800.8125
2013-03-21,2013-03-21,16.77,16.77,16.689,16.71,3400.0,56933.3008
2013-03-20,2013-03-20,16.8,16.8,16.759,16.77,987,16550.0
2013-03-19,2013-03-19,16.64,16.64,16.59,16.59,100,1664
2013-03-18,2013-03-18,16.51,16.73,16.51,16.73,3040.0,50233.3008
2013-03-15,2013-03-15,16.82,16.82,16.7,16.74,520,8708.5996
2013-03-14,2013-03-14,16.83,16.86,16.82,16.83,7050.0,118608
2013-03-13,2013-03-13,16.71,16.71,16.71,16.71,0,0
2013-03-12,2013-03-12,16.66,16.679,16.55,16.55,1090.0,18157.3008
2013-03-11,2013-03-11,16.47,16.6,16.47,16.6,11600.0,191756
2013-03-08,2013-03-08,16.41,16.54,16.4,16.54,800,13125
2013-03-07,2013-03-07,16.39,16.39,16.3,16.33,7881,128747.7969
2013-03-06,2013-03-06,16.3,16.41,16.3,16.31,23888,390242.1875
2013-03-05,2013-03-05,16.08,16.32,16.08,16.32,300,4826.9502
2013-03-04,2013-03-04,15.78,15.86,15.78,15.86,1885,29777
2013-03-01,2013-03-01,15.73,15.8,15.67,15.8,290,4552.7002
2013-02-28,2013-02-28,15.72,15.8,15.72,15.8,100,1572
2013-02-27,2013-02-27,15.25,15.54,15.25,15.54,21900.0,334114
2013-02-26,2013-02-26,15.27,15.27,15.18,15.18,2304,35080.9102
2013-02-25,2013-02-25,15.58,15.58,15.58,15.58,0,0
2013-02-22,2013-02-22,15.48,15.48,15.48,15.48,0,0
2013-02-21,2013-02-21,15.32,15.38,15.28,15.28,565,8665.7002
2013-02-20,2013-02-20,15.63,15.63,15.58,15.58,2000.0,31260.0
2013-02-19,2013-02-19,15.49,15.61,15.49,15.61,120,1858.8
2013-02-18,2013-02-18,15.53,15.54,15.489,15.54,1383,21444.3691
2013-02-15,2013-02-15,15.46,15.59,15.46,15.52,325,5027.75
2013-02-14,2013-02-14,15.4,15.51,15.381,15.51,200,3078.1001
2013-02-13,2013-02-13,15.37,15.409,15.35,15.35,1550.0,23811.3008
2013-02-12,2013-02-12,15.33,15.33,15.33,15.33,0,0
2013-02-11,2013-02-11,15.389,15.41,15.32,15.32,10691,164739.125
2013-02-08,2013-02-08,15.209,15.36,15.209,15.36,918,14017.8496
2013-02-07,2013-02-07,15.19,15.19,15.02,15.02,10000.0,151900.0
2013-02-06,2013-02-06,15.09,15.09,15.06,15.06,345,5206.0498
2013-02-05,2013-02-05,14.9,15.019,14.9,14.99,606,9037.25
2013-02-04,2013-02-04,15.02,15.02,14.85,14.85,258,3875.1599
2013-02-01,2013-02-01,14.789,14.93,14.789,14.9,4050.0,60459.4492
2013-01-31,2013-01-31,14.75,14.75,14.75,14.75,0,0
2013-01-30,2013-01-30,14.93,14.95,14.93,14.95,22,328.46
2013-01-29,2013-01-29,15.03,15.03,14.92,15.02,1230.0,18401.0996
2013-01-28,2013-01-28,14.96,15,14.94,14.98,5075,75861.6016
2013-01-25,2013-01-25,14.97,14.97,14.91,14.91,400,5988
2013-01-24,2013-01-24,14.93,15.1,14.91,15.1,20620.0,308349.3438
2013-01-23,2013-01-23,14.96,14.96,14.94,14.94,28280.0,422528.1875
2013-01-22,2013-01-22,14.72,14.8,14.71,14.8,770,11357.2002
2013-01-21,2013-01-21,14.83,14.9,14.8,14.9,10689,158207.375
2013-01-18,2013-01-18,14.73,14.73,14.68,14.68,1000.0,14730.0
2013-01-17,2013-01-17,14.65,14.66,14.6,14.66,10075,147595
2013-01-16,2013-01-16,14.489,14.57,14.489,14.57,2200.0,31892.3008
2013-01-15,2013-01-15,14.37,14.44,14.37,14.44,70,1005.9
2013-01-14,2013-01-14,14.55,14.55,14.41,14.41,1610.0,23382.8008
2013-01-11,2013-01-11,14.6,14.6,14.44,14.44,10670.0,154777
2013-01-10,2013-01-10,14.55,14.55,14.48,14.5,13720.0,199145.7969
2013-01-09,2013-01-09,14.67,14.67,14.63,14.65,1200.0,17576
2013-01-08,2013-01-08,14.49,14.54,14.42,14.42,20050.0,291424.5
2013-01-07,2013-01-07,14.67,14.67,14.54,14.54,70,1026.9
2013-01-04,2013-01-04,14.66,14.66,14.66,14.66,0,0
2013-01-03,2013-01-03,14.47,14.6,14.4,14.6,24645,356410.3125
2013-01-02,2013-01-02,13.94,14.29,13.94,14.27,7681,108547.1406
2012-12-28,2012-12-28,13.56,13.57,13.41,13.44,5124,69435.9375
2012-12-27,2012-12-27,13.61,13.61,13.42,13.42,1885,25433.8496
2012-12-21,2012-12-21,13.84,13.84,13.77,13.77,5400.0,74736
2012-12-20,2012-12-20,13.94,13.94,13.9,13.93,45710.0,636197.375
2012-12-19,2012-12-19,14.14,14.14,14,14.09,7300.0,103019
2012-12-18,2012-12-18,13.95,14.05,13.95,14.05,16000.0,223330.0
2012-12-17,2012-12-17,13.63,13.78,13.63,13.78,490,6678.7002
2012-12-14,2012-12-14,13.83,13.83,13.62,13.62,1420.0,19442.5996
2012-12-13,2012-12-13,13.92,13.92,13.88,13.88,2016,28060.0
2012-12-12,2012-12-12,14.14,14.15,14.02,14.02,965,13647.75
2012-12-11,2012-12-11,13.9,14.11,13.9,14.11,606,8435.6396
2012-12-10,2012-12-10,13.94,13.94,13.94,13.94,0,0
2012-12-07,2012-12-07,13.76,13.89,13.76,13.8,12917,178841.6719
2012-12-06,2012-12-06,13.75,13.75,13.75,13.75,0,0
2012-12-05,2012-12-05,13.53,13.53,13.51,13.51,350,4735.5
2012-12-04,2012-12-04,13.54,13.54,13.49,13.49,160,2164.3999
2012-12-03,2012-12-03,13.8,13.8,13.7,13.7,1181,16197.7998
2012-11-30,2012-11-30,13.71,13.71,13.67,13.67,800,10968
2012-11-29,2012-11-29,13.8,13.82,13.79,13.8,13400.0,185006
2012-11-28,2012-11-28,13.47,13.49,13.47,13.49,550,7408.5
2012-11-27,2012-11-27,13.63,13.63,13.59,13.59,115,1567.45
2012-11-26,2012-11-26,13.55,13.55,13.47,13.47,1500.0,20325
2012-11-23,2012-11-23,13.43,13.55,13.43,13.55,31000.0,418355
2012-11-22,2012-11-22,13.49,13.49,13.41,13.41,1603,21616.5508
2012-11-21,2012-11-21,13.39,13.41,13.39,13.41,10500.0,140600.0
2012-11-20,2012-11-20,13.359,13.42,13.32,13.39,17569,234475.0313
2012-11-19,2012-11-19,13.1,13.3,13.1,13.26,66805,885506.9375
2012-11-16,2012-11-16,12.82,12.82,12.71,12.71,14485,184692.5469
2012-11-15,2012-11-15,12.97,12.97,12.76,12.76,37682,487049.4063
2012-11-14,2012-11-14,13.38,13.39,13.09,13.09,13004,173166.4375
2012-11-13,2012-11-13,13.26,13.47,13.24,13.47,21076,279062.25
2012-11-12,2012-11-12,13.34,13.42,13.33,13.33,2450.0,32719
2012-11-09,2012-11-09,13.18,13.43,13.18,13.43,860,11334.7998
2012-11-08,2012-11-08,13.59,13.67,13.52,13.52,2800.0,38116
2012-11-07,2012-11-07,14.27,14.27,13.49,13.49,470,6691.7002
2012-11-06,2012-11-06,14,14.11,14,14.11,585,8208.0498
2012-11-05,2012-11-05,13.86,13.95,13.86,13.91,6285,87291.4531
2012-11-02,2012-11-02,14.04,14.14,14.04,14.12,7420.0,104491.7969
2012-11-01,2012-11-01,13.64,14.04,13.64,14.04,175,2387
2012-10-31,2012-10-31,13.6,13.6,13.6,13.6,0,0
2012-10-30,2012-10-30,13.77,13.77,13.77,13.77,0,0
2012-10-29,2012-10-29,13.69,13.7,13.631,13.7,999,13646.8701
2012-10-26,2012-10-26,13.6,13.77,13.6,13.68,2300.0,31348
2012-10-25,2012-10-25,13.71,13.75,13.66,13.66,964,13246.4404
2012-10-24,2012-10-24,13.79,13.84,13.75,13.76,4104,56521.5586
2012-10-23,2012-10-23,13.8,13.8,13.69,13.69,21640.0,298423
2012-10-22,2012-10-22,14.02,14.07,13.92,13.92,5850.0,82302
2012-10-19,2012-10-19,14.4,14.4,14.26,14.26,470,6758.8999
2012-10-18,2012-10-18,14.47,14.53,14.45,14.53,3590.0,51936.3984
2012-10-17,2012-10-17,14.36,14.48,14.36,14.48,310,4467.6001
2012-10-16,2012-10-16,14.44,14.44,14.44,14.44,0,0
2012-10-15,2012-10-15,14.12,14.17,14.12,14.17,639,9032.2402
2012-10-12,2012-10-12,14.2,14.2,14.03,14.03,37489,530909.1875
2012-10-11,2012-10-11,14.24,14.3,14.24,14.3,11800.0,168632
2012-10-10,2012-10-10,14.39,14.39,14.3,14.3,347,4993.3301
2012-10-09,2012-10-09,14.59,14.59,14.44,14.44,840,12255.5996
2012-10-08,2012-10-08,14.59,14.59,14.53,14.53,35,510.65
2012-10-05,2012-10-05,14.67,14.76,14.67,14.73,3450.0,50788.4609
2012-10-04,2012-10-04,14.66,14.66,14.55,14.58,3880.0,56627.3984
2012-10-03,2012-10-03,14.42,14.54,14.42,14.54,1438,20735.9609
2012-10-02,2012-10-02,14.48,14.48,14.35,14.35,715,10330.7002
2012-10-01,2012-10-01,14.48,14.61,14.44,14.59,1480.0,21403.3008
2012-09-28,2012-09-28,14.31,14.31,14.31,14.31,0,0
2012-09-27,2012-09-27,14.33,14.34,14.33,14.34,5680.0,81394.3984
2012-09-26,2012-09-26,14.37,14.41,14.2,14.25,20859,296259.3125
2012-09-25,2012-09-25,14.65,14.69,14.65,14.69,1000.0,14650.0
2012-09-24,2012-09-24,14.59,14.65,14.59,14.63,22876,334156.375
2012-09-21,2012-09-21,14.66,14.73,14.66,14.69,32897,484470.0313
2012-09-20,2012-09-20,14.61,14.61,14.61,14.61,0,0
2012-09-19,2012-09-19,14.64,14.64,14.56,14.59,2610.0,38043.1992
2012-09-18,2012-09-18,14.53,14.53,14.48,14.53,2260.0,32729.8008
2012-09-17,2012-09-17,14.58,14.58,14.54,14.54,5055,73668.8984
2012-09-14,2012-09-14,14.52,14.65,14.49,14.62,2723,39766.2188
2012-09-13,2012-09-13,14.27,14.29,14.21,14.29,2455,35023.8516
2012-09-12,2012-09-12,14.25,14.34,14.25,14.26,30951,442576.6563
2012-09-11,2012-09-11,14.24,14.31,14.24,14.31,6330.0,90220.7031
2012-09-10,2012-09-10,14.35,14.41,14.349,14.39,35338,508197.4688
2012-09-07,2012-09-07,14.48,14.53,14.36,14.36,6792,98550.6016
2012-09-06,2012-09-06,14.25,14.41,14.25,14.41,1430.0,20377.5
2012-09-05,2012-09-05,13.99,13.99,13.97,13.97,350,4896.5
2012-09-04,2012-09-04,14.01,14.02,13.86,13.86,1060.0,14850.7002
2012-09-03,2012-09-03,14.13,14.13,14.13,14.13,0,0
2012-08-31,2012-08-31,13.98,14.07,13.98,14.07,1430.0,19991.4004
2012-08-30,2012-08-30,13.98,13.98,13.95,13.95,500,6990.0
2012-08-29,2012-08-29,14.09,14.09,14.09,14.09,0,0
2012-08-28,2012-08-28,14.16,14.16,14.08,14.08,260,3681.6001
2012-08-27,2012-08-27,14.25,14.25,14.25,14.25,0,0
2012-08-24,2012-08-24,13.91,14.08,13.91,14.08,1174,16337.8398
2012-08-23,2012-08-23,14.01,14.01,14.01,14.01,0,0
2012-08-22,2012-08-22,14.16,14.16,14.16,14.16,0,0
2012-08-21,2012-08-21,14.44,14.46,14.4,14.4,1550.0,22388
2012-08-20,2012-08-20,14.5,14.58,14.41,14.41,3200.0,46403
2012-08-17,2012-08-17,14.44,14.5,14.43,14.5,420,6061.6001
2012-08-16,2012-08-16,14.33,14.33,14.33,14.33,0,0
2012-08-15,2012-08-15,14.29,14.29,14.29,14.29,0,0
2012-08-14,2012-08-14,14.32,14.32,14.32,14.32,0,0
2012-08-13,2012-08-13,14.24,14.24,14.1,14.1,2320.0,32909.3984
2012-08-10,2012-08-10,14.19,14.19,14.16,14.16,200,2838
2012-08-09,2012-08-09,14.24,14.24,14.24,14.24,0,0
2012-08-08,2012-08-08,13.99,14.14,13.99,14.14,2350.0,32950.5
2012-08-07,2012-08-07,14.1,14.1,14.09,14.09,331,4667.1001
2012-08-06,2012-08-06,14,14,13.97,13.97,2700.0,37800.0
2012-08-03,2012-08-03,13.92,13.92,13.92,13.92,0,0
2012-08-02,2012-08-02,13.57,13.57,13.57,13.57,0,0
2012-08-01,2012-08-01,13.8,13.8,13.8,13.8,0,0
2012-07-31,2012-07-31,13.84,13.84,13.84,13.84,0,0
2012-07-30,2012-07-30,13.84,13.89,13.78,13.87,1153,15972.9199
2012-07-27,2012-07-27,13.44,13.6,13.44,13.6,540,7263.8999
2012-07-26,2012-07-26,13.011,13.27,13.011,13.27,500,6505.5
2012-07-25,2012-07-25,13.11,13.11,13.05,13.06,720,9418.2002
2012-07-24,2012-07-24,13.23,13.23,13.23,13.23,0,0
2012-07-23,2012-07-23,13.31,13.31,13.19,13.25,10915,144042.6563
2012-07-20,2012-07-20,13.64,13.64,13.64,13.64,0,0
2012-07-19,2012-07-19,13.75,13.75,13.75,13.75,0,0
2012-07-18,2012-07-18,13.6,13.63,13.6,13.63,4000.0,54400.0
2012-07-17,2012-07-17,13.29,13.29,13.28,13.28,700,9303
2012-07-16,2012-07-16,13.3,13.3,13.3,13.3,0,0
2012-07-13,2012-07-13,13.24,13.28,13.24,13.28,1,13.24
2012-07-12,2012-07-12,12.96,12.96,12.87,12.9,2699,34898.6484
2012-07-11,2012-07-11,13.09,13.09,13.07,13.07,3000.0,39270.0
2012-07-10,2012-07-10,13.23,13.23,13.23,13.23,0,0
2012-07-09,2012-07-09,13.14,13.14,13.14,13.14,0,0
2012-07-06,2012-07-06,13.23,13.23,13.17,13.17,4100.0,54215
2012-07-05,2012-07-05,13.45,13.49,13.45,13.48,60070.0,809941.5
2012-07-04,2012-07-04,13.34,13.43,13.34,13.43,15,200.1
2012-07-03,2012-07-03,13.11,13.31,13.11,13.31,615,8062.6499
2012-07-02,2012-07-02,13.16,13.16,13.06,13.06,2300.0,30268
2012-06-29,2012-06-29,12.89,12.89,12.89,12.89,0,0
2012-06-28,2012-06-28,12.41,12.44,12.41,12.44,40000.0,496400.0
2012-06-27,2012-06-27,12.62,12.62,12.62,12.62,0,0
2012-06-26,2012-06-26,12.3,12.3,12.3,12.3,0,0
2012-06-25,2012-06-25,12.42,12.42,12.23,12.23,230,2824.1201
2012-06-22,2012-06-22,12.5,12.54,12.5,12.54,4,50
2012-06-21,2012-06-21,12.74,12.74,12.74,12.74,0,0
2012-06-20,2012-06-20,12.89,12.89,12.88,12.88,69,889.41
2012-06-19,2012-06-19,12.72,12.9,12.72,12.9,500,6360.0
2012-06-18,2012-06-18,12.669,12.75,12.63,12.75,533,6739.71
2012-06-15,2012-06-15,12.58,12.58,12.58,12.58,0,0
2012-06-14,2012-06-14,12.23,12.4,12.23,12.4,4000.0,48920.0
2012-06-13,2012-06-13,12.45,12.45,12.39,12.39,3000.0,37350.0
2012-06-12,2012-06-12,12.4,12.4,12.4,12.4,0,0
2012-06-11,2012-06-11,12.71,12.71,12.41,12.41,1300.0,16433
2012-06-08,2012-06-08,12.34,12.34,12.34,12.34,0,0
2012-06-07,2012-06-07,12.43,12.43,12.33,12.33,4000.0,49720.0
2012-06-06,2012-06-06,11.97,12.16,11.97,12.15,3810.0,45607.6016
2012-06-05,2012-06-05,11.6,11.73,11.6,11.73,181,2099.6001
2012-06-04,2012-06-04,11.51,11.65,11.51,11.52,15254,177603.5469
2012-06-01,2012-06-01,12.08,12.12,11.84,11.87,6115,73245.5469
2012-05-31,2012-05-31,12.26,12.26,12.26,12.26,0,0
2012-05-30,2012-05-30,12.43,12.43,12.43,12.43,0,0
2012-05-29,2012-05-29,12.43,12.59,12.43,12.59,56669,704395.6875
2012-05-28,2012-05-28,12.45,12.45,12.45,12.45,0,0
2012-05-25,2012-05-25,12.5,12.5,12.41,12.41,350,4375
2012-05-24,2012-05-24,12.22,12.29,12.22,12.29,150,1833
2012-05-23,2012-05-23,12.08,12.08,11.95,11.95,38350.0,463229.5
2012-05-22,2012-05-22,12.1,12.3,12.1,12.3,2300.0,27830.0
2012-05-21,2012-05-21,11.91,11.91,11.91,11.91,0,0
2012-05-18,2012-05-18,11.86,12.07,11.84,11.9,17465,207622
2012-05-17,2012-05-17,12.37,12.37,12.13,12.13,141,1744.17
2012-05-16,2012-05-16,12.36,12.56,12.36,12.44,3527,44238.9297
2012-05-15,2012-05-15,12.5,12.5,12.5,12.5,0,0
2012-05-14,2012-05-14,12.53,12.53,12.53,12.53,0,0
2012-05-11,2012-05-11,12.82,12.82,12.82,12.82,0,0
2012-05-10,2012-05-10,12.75,12.75,12.7,12.71,1838,23375.4492
2012-05-09,2012-05-09,12.55,12.65,12.55,12.65,6800.0,85622
2012-05-08,2012-05-08,12.61,12.61,12.47,12.47,70,882.7
2012-05-07,2012-05-07,12.79,12.79,12.76,12.76,1190.0,15220.0996
2012-05-04,2012-05-04,13.17,13.17,12.78,12.78,550,7158.5
2012-05-03,2012-05-03,13.24,13.24,13.24,13.24,0,0
2012-05-02,2012-05-02,13.17,13.24,13.17,13.24,1500.0,19755
2012-04-30,2012-04-30,13.091,13.091,13.061,13.09,399,5217.3398
2012-04-27,2012-04-27,13.19,13.19,13.19,13.19,0,0
2012-04-26,2012-04-26,13.03,13.03,13.03,13.03,0,0
2012-04-25,2012-04-25,12.89,12.95,12.83,12.95,3002,38755.75
2012-04-24,2012-04-24,12.61,12.71,12.61,12.71,200,2522
2012-04-20,2012-04-20,12.94,12.94,12.92,12.92,150,1941
2012-04-19,2012-04-19,12.81,12.96,12.81,12.96,600,7686
2012-04-18,2012-04-18,13.05,13.05,12.99,12.99,1508,19634
2012-04-17,2012-04-17,12.849,13.01,12.849,13.01,1250.0,16074
2012-04-16,2012-04-16,12.85,12.87,12.72,12.72,5076,65243.4805
2012-04-13,2012-04-13,13.05,13.05,12.88,12.89,2300.0,29675
2012-04-12,2012-04-12,12.879,12.92,12.78,12.92,1150.0,14796
2012-04-11,2012-04-11,12.69,12.78,12.69,12.78,638,8096.2202
2012-04-10,2012-04-10,13,13,12.8,12.8,4102,52708.6602
2012-04-05,2012-04-05,13.35,13.35,13.23,13.35,5150.0,68152.5
2012-04-04,2012-04-04,13.33,13.4,13.23,13.23,351,4692.79
2012-04-03,2012-04-03,13.31,13.42,13.31,13.34,1375,18405.25
2012-04-02,2012-04-02,13.24,13.41,13.23,13.41,7172,95884.9609
2012-03-30,2012-03-30,13.24,13.24,13.24,13.24,0,0
2012-03-29,2012-03-29,13.18,13.23,13.01,13.03,1340.0,17648.0996
2012-03-28,2012-03-28,13.21,13.21,13.21,13.21,0,0
2012-03-27,2012-03-27,13.4,13.49,13.39,13.39,2300.0,30955
2012-03-26,2012-03-26,13.17,13.3,13.15,13.3,15430.0,203318.2969
2012-03-23,2012-03-23,12.989,13.05,12.989,13.05,2110.0,27430.1992
2012-03-22,2012-03-22,13.09,13.09,13.09,13.09,0,0
2012-03-21,2012-03-21,13.32,13.35,13.27,13.31,664,8858.9805
2012-03-20,2012-03-20,13.38,13.38,13.18,13.24,4167,55139.4102
2012-03-19,2012-03-19,13.39,13.39,13.24,13.36,1389,18479.9609
2012-03-16,2012-03-16,13.42,13.42,13.34,13.34,1000.0,13420.0
2012-03-15,2012-03-15,13.23,13.36,13.23,13.36,751,9960.8301
2012-03-14,2012-03-14,13.22,13.33,13.22,13.31,1251,16660.7207
2012-03-13,2012-03-13,12.91,12.97,12.89,12.97,301,3879.9099
2012-03-12,2012-03-12,12.7,12.7,12.68,12.68,500,6347
2012-03-09,2012-03-09,12.58,12.81,12.54,12.79,7760.0,98611.3984
2012-03-08,2012-03-08,12.5,12.55,12.48,12.48,7200.0,90333.5
2012-03-07,2012-03-07,12.34,12.36,12.34,12.36,500,6170.0
2012-03-06,2012-03-06,12.42,12.42,12.25,12.28,7220.0,89022.7969
2012-03-05,2012-03-05,12.481,12.579,12.46,12.46,840,10527.2402
2012-03-02,2012-03-02,12.66,12.69,12.66,12.69,1000.0,12660.0
2012-03-01,2012-03-01,12.6,12.6,12.52,12.57,5100.0,64108
2012-02-29,2012-02-29,12.44,12.44,12.44,12.44,500,6220.0
2012-02-28,2012-02-28,12.51,12.51,12.44,12.44,200,2502
2012-02-27,2012-02-27,12.4,12.4,12.4,12.4,0,0
2012-02-24,2012-02-24,12.42,12.42,12.36,12.36,800,9916
2012-02-23,2012-02-23,12.28,12.38,12.25,12.38,6550.0,80249.5
2012-02-22,2012-02-22,12.39,12.39,12.39,12.39,0,0
2012-02-21,2012-02-21,12.46,12.53,12.46,12.51,3755,46899.3008
2012-02-20,2012-02-20,12.55,12.61,12.55,12.56,1300.0,16370.0
2012-02-17,2012-02-17,12.49,12.5,12.4,12.48,60858,760658.6875
2012-02-16,2012-02-16,12.29,12.41,12.2,12.41,611,7469.1001
2012-02-15,2012-02-15,12.47,12.54,12.4,12.44,3041,37776
2012-02-14,2012-02-14,12.26,12.27,12.241,12.27,670,8208.6904
2012-02-13,2012-02-13,12.279,12.279,12.171,12.24,40,489
2012-02-10,2012-02-10,12.13,12.13,12.05,12.11,1213,14616.8096
2012-02-09,2012-02-09,12.07,12.16,12.07,12.16,3001,36312.0703
2012-02-08,2012-02-08,12.22,12.22,12.1,12.1,300,3666
2012-02-07,2012-02-07,12.15,12.17,12.1,12.16,2759,33456.8984
2012-02-06,2012-02-06,12.15,12.29,12.12,12.2,6060.0,73717.8984
2012-02-03,2012-02-03,11.95,12.24,11.95,12.21,3672,44596.4414
2012-02-02,2012-02-02,11.91,11.95,11.85,11.88,8059,96170.4375
2012-02-01,2012-02-01,11.65,11.85,11.65,11.85,416,4846.3999
2012-01-31,2012-01-31,11.7,11.77,11.62,11.62,574,6748.98
2012-01-30,2012-01-30,11.37,11.65,11.37,11.59,67390.0,767863
2012-01-27,2012-01-27,11.72,11.72,11.64,11.64,30,351.6
2012-01-26,2012-01-26,11.88,11.92,11.85,11.85,4300.0,51124
2012-01-25,2012-01-25,11.81,11.81,11.81,11.81,0,0
2012-01-24,2012-01-24,11.7,11.77,11.68,11.77,4233,49442.1016
2012-01-23,2012-01-23,11.8,11.88,11.8,11.8,291,3437
2012-01-20,2012-01-20,11.85,11.85,11.78,11.78,4200.0,49770.0
2012-01-19,2012-01-19,11.84,11.89,11.71,11.89,449,5324.8599
2012-01-18,2012-01-18,11.6,11.7,11.551,11.7,8621,99993.2578
2012-01-17,2012-01-17,11.88,11.89,11.78,11.78,5250.0,62304
2012-01-16,2012-01-16,11.62,11.77,11.62,11.77,5100.0,59337
2012-01-13,2012-01-13,11.73,11.87,11.4,11.58,2059,23647.1992
2012-01-12,2012-01-12,11.55,11.8,11.51,11.51,25485,296560.5
2012-01-11,2012-01-11,11.64,11.64,11.64,11.64,0,0
2012-01-10,2012-01-10,11.6,11.64,11.6,11.64,300,3480.0
2012-01-09,2012-01-09,11.46,11.46,11.35,11.35,3500.0,40110.0
2012-01-06,2012-01-06,11.44,11.44,11.44,11.44,0,0
2012-01-05,2012-01-05,11.16,11.29,11.16,11.27,21110.0,236741.4375
2012-01-04,2012-01-04,11.05,11.08,11.05,11.08,8460.0,93572.2031
2012-01-03,2012-01-03,11.36,11.36,11.18,11.36,1000.0,25036.1992
2012-01-02,2012-01-02,10.94,11.34,10.94,11.34,976,10947.8398
2011-12-30,2011-12-30,10.9,10.99,10.9,10.99,260,2834
2011-12-29,2011-12-29,10.731,10.731,10.731,10.731,494,5301.1099
2011-12-28,2011-12-28,10.81,10.81,10.81,10.81,2400.0,26154
2011-12-27,2011-12-27,10.9,10.9,10.82,10.89,12275,133725.5
2011-12-23,2011-12-23,10.81,10.84,10.81,10.84,7012,75799.7188
2011-12-22,2011-12-22,10.56,10.61,10.56,10.61,1000.0,10560.0
2011-12-21,2011-12-21,10.52,10.52,10.36,10.36,1500.0,15770.0
2011-12-20,2011-12-20,10.1,10.37,10.1,10.37,5836,59195.9609
2011-12-19,2011-12-19,10.04,10.04,10.04,10.04,0,0
2011-12-16,2011-12-16,10.21,10.27,10.21,10.21,309,3157.04
2011-12-15,2011-12-15,10.1,10.13,10.1,10.13,5700.0,57300.0
2011-12-14,2011-12-14,10.02,10.02,10.02,10.02,300,3090.0
2011-12-13,2011-12-13,10.47,10.47,10.47,10.47,40,418.8
2011-12-12,2011-12-12,10.47,10.47,10.21,10.23,17096,175690.9531
2011-12-09,2011-12-09,10.2,10.44,10.2,10.44,1100.0,11220.0
2011-12-08,2011-12-08,10.35,10.35,10.35,10.35,300,3120.0
2011-12-07,2011-12-07,10.4,10.4,10.4,10.4,500,33233
2011-12-06,2011-12-06,10.54,10.54,10.54,10.54,3800.0,40124
2011-12-05,2011-12-05,10.44,10.54,10.44,10.44,40,3546.8999
2011-12-02,2011-12-02,10.46,10.46,10.46,10.46,705,9465.2998
2011-12-01,2011-12-01,10.09,10.09,10.09,10.09,1500.0,58828.5391
2011-11-30,2011-11-30,10.1,10.1,9.48,10.1,10548,104873.7891
2011-11-29,2011-11-29,9.6,9.62,9.6,9.62,2090.0,116204
2011-11-28,2011-11-28,9.355,9.545,9.355,9.355,3337,48218.6406
2011-11-25,2011-11-25,8.95,9.175,8.926,9.175,4604,41156.2188
2011-11-24,2011-11-24,8.975,8.975,8.975,8.975,10150.0,91730.6016
2011-11-23,2011-11-23,9.048,9.048,9.048,9.048,2527,23030.3008
2011-11-22,2011-11-22,9.4,9.4,9.235,9.235,800,7520.0
2011-11-21,2011-11-21,9.5,9.5,9.268,9.5,1095,14851.9502
2011-11-18,2011-11-18,9.75,9.75,9.75,9.75,4300.0,51790.0
2011-11-17,2011-11-17,10.21,10.21,9.89,10.02,2254,22647.8496
2011-11-16,2011-11-16,10.38,10.38,10.38,10.38,0,0
2011-11-15,2011-11-15,10.269,10.269,10.23,10.23,250,2567.25
2011-11-14,2011-11-14,10.4,10.4,10.35,10.35,32264,333400.5938
2011-11-11,2011-11-11,10.16,10.35,10.1,10.35,1359,13820.5596
2011-11-10,2011-11-10,10.1,10.1,9.9,10.03,3500.0,34750.0
2011-11-09,2011-11-09,10.43,10.43,10.43,10.43,500,5215
2011-11-08,2011-11-08,10.24,10.24,10.24,10.24,0,0
2011-11-07,2011-11-07,10.1,10.1,10.1,10.1,0,0
2011-11-04,2011-11-04,10.07,10.07,10.07,10.07,0,0
2011-11-03,2011-11-03,9.98,9.98,9.98,9.98,1371,13466.5801
2011-11-02,2011-11-02,9.775,9.775,9.775,9.775,581,14105.1299
2011-11-01,2011-11-01,9.68,9.68,9.68,9.68,12444,120460.1484
2011-10-31,2011-10-31,10.26,10.26,10.26,10.26,1517,15716.46
2011-10-28,2011-10-28,10.42,10.44,10.42,10.42,9500.0,122741
2011-10-27,2011-10-27,10.16,10.22,10.16,10.22,8502,86925.4375
2011-10-26,2011-10-26,9.66,9.66,9.66,9.66,1629,15937.6396
2011-10-25,2011-10-25,10.1,10.1,10.1,10.1,900,9040.0
2011-10-24,2011-10-24,9.985,10.06,9.93,10.06,2835,28283.9805
2011-10-21,2011-10-21,9.695,9.85,9.695,9.85,3900.0,37910.25
2011-10-20,2011-10-20,9.51,9.51,9.51,9.51,0,0
2011-10-19,2011-10-19,9.64,9.76,9.64,9.76,1400.0,43016
2011-10-18,2011-10-18,9.29,9.525,9.29,9.525,1450.0,13470.5
2011-10-17,2011-10-17,9.75,9.75,9.75,9.75,1300.0,17621
2011-10-14,2011-10-14,9.506,9.565,9.506,9.565,1277,11392
2011-10-13,2011-10-13,9.435,9.435,9.32,9.323,14811,138427.7969
2011-10-12,2011-10-12,9.565,9.565,9.565,9.565,167,1579.8199
2011-10-11,2011-10-11,9.398,9.4,9.398,9.398,4350.0,40609.8516
2011-10-10,2011-10-10,9.24,9.26,9.24,9.24,9861,97631.0391
2011-10-07,2011-10-07,9,9,8.935,8.978,1525,13705.5
2011-10-06,2011-10-06,8.82,8.94,8.82,8.915,525,4690.5
2011-10-05,2011-10-05,8.53,8.6,8.53,8.53,7197,61079.4297
2011-10-04,2011-10-04,8.06,8.22,8.06,8.06,9850.0,86473.2031
2011-10-03,2011-10-03,8.53,8.65,8.53,8.65,25,213.25
2011-09-30,2011-09-30,8.805,8.83,8.805,8.805,500,13232.5
2011-09-29,2011-09-29,8.906,8.906,8.906,8.906,266,5112.5
2011-09-28,2011-09-28,9.16,9.166,9.08,9.08,1949,17854.0391
2011-09-27,2011-09-27,9.12,9.3,9.12,9.3,4100.0,37908.8789
2011-09-26,2011-09-26,8.56,8.7,8.56,8.7,500,4280.0
2011-09-23,2011-09-23,8.27,8.27,8.27,8.27,2525,24136.1504
2011-09-22,2011-09-22,8.66,8.66,8.66,8.66,2325,31459.0391
2011-09-21,2011-09-21,9.58,9.58,9.525,9.525,499,6776.0698
2011-09-20,2011-09-20,9.545,9.65,9.51,9.65,13030.0,124966.3516
2011-09-19,2011-09-19,9.49,9.49,9.49,9.49,602,5712.79
2011-09-16,2011-09-16,9.57,9.57,9.465,9.465,10050.0,103605
2011-09-15,2011-09-15,9.24,9.345,9.24,9.345,2400.0,22323
2011-09-14,2011-09-14,9.21,9.21,9.105,9.105,138,1268.28
2011-09-13,2011-09-13,8.95,8.95,8.93,8.93,15114,134068.7656
2011-09-12,2011-09-12,8.795,8.795,8.45,8.795,17500.0,151413
2011-09-09,2011-09-09,9.14,9.14,9.11,9.11,2022,23953.1699
2011-09-08,2011-09-08,9.14,9.14,9.14,9.14,1800.0,25710.75
2011-09-07,2011-09-07,8.995,8.995,8.96,8.96,3110.0,32487
2011-09-06,2011-09-06,8.44,8.548,8.43,8.548,1965,16641
2011-09-05,2011-09-05,8.62,8.64,8.62,8.64,60,517.8
2011-09-02,2011-09-02,9.17,9.17,8.83,8.905,2544,22782.6191
2011-09-01,2011-09-01,9.43,9.43,9.43,9.43,300,2827.5
2011-08-31,2011-08-31,9.34,9.34,9.34,9.34,2150.0,21818
2011-08-30,2011-08-30,9.035,9.153,9.035,9.153,5401,48853.1211
2011-08-29,2011-08-29,8.82,8.928,8.82,8.928,6000.0,53060.0
2011-08-26,2011-08-26,8.48,8.565,8.25,8.565,30400.0,250942
2011-08-25,2011-08-25,8.69,8.69,8.575,8.575,31950.0,276308.75
2011-08-24,2011-08-24,8.345,8.445,8.345,8.345,600,131657
2011-08-23,2011-08-23,8.158,8.158,8.158,8.158,790,6494.75
2011-08-22,2011-08-22,8.065,8.065,8.02,8.065,466,23893.2695
2011-08-19,2011-08-19,8.17,8.17,7.96,8.17,33481,270600.0
2011-08-17,2011-08-17,9.005,9.105,8.995,9.013,25190.0,227267.9531
2011-08-16,2011-08-16,8.88,9.013,8.88,9.013,30,266.4
2011-08-15,2011-08-15,8.96,9.03,8.885,8.885,17382,155913.6406
2011-08-12,2011-08-12,8.65,8.905,8.65,8.89,77252,679627
2011-08-11,2011-08-11,8.44,8.48,8.285,8.433,13830.0,116483.25
2011-08-10,2011-08-10,8.75,8.75,8.19,8.19,3645,31335
2011-08-09,2011-08-09,8.24,8.449,7.1,8.418,18796,151906.5781
2011-08-08,2011-08-08,8.795,9,8.658,8.658,30821,274344.2813
2011-08-05,2011-08-05,9.255,9.5,9.175,9.175,7540.0,70687.5
2011-08-04,2011-08-04,10.18,10.19,10.18,10.19,517,5266.5601
2011-08-03,2011-08-03,10.12,10.14,9.69,10.03,24810.0,242944
2011-08-02,2011-08-02,10.66,10.66,10.5,10.5,650,6914
2011-08-01,2011-08-01,11.01,11.01,10.95,10.97,9260.0,101599.2031
2011-07-29,2011-07-29,10.74,10.8,10.74,10.8,20,214.8
2011-07-28,2011-07-28,11.11,11.11,11.11,11.11,0,0
2011-07-27,2011-07-27,11.29,11.32,11.07,11.11,3150.0,35260.5
2011-07-26,2011-07-26,11.52,11.52,11.29,11.32,900,10206
2011-07-25,2011-07-25,11.43,11.52,11.41,11.52,8486,97066.9766
2011-07-22,2011-07-22,11.65,11.65,11.54,11.54,2780.0,32341
2011-07-21,2011-07-21,11.67,11.67,11.51,11.51,862,10029
2011-07-20,2011-07-20,11.43,11.43,11.43,11.43,0,0
2011-07-19,2011-07-19,11.28,11.28,11.26,11.26,10,112
2011-07-18,2011-07-18,11.23,11.23,11.08,11.08,240,2695
2011-07-15,2011-07-15,11.22,11.22,11.22,11.22,70,785
2011-07-14,2011-07-14,11.3,11.37,11.3,11.3,500,5671
2011-07-13,2011-07-13,11.5,11.5,11.5,11.5,0,0
2011-07-12,2011-07-12,11.42,11.49,11.42,11.49,2200.0,25129
2011-07-11,2011-07-11,11.66,11.66,11.5,11.5,3407,39315
2011-07-08,2011-07-08,11.79,11.79,11.55,11.55,950,11200.0
2011-07-07,2011-07-07,11.65,11.72,11.65,11.72,240,2796
2011-07-06,2011-07-06,11.48,11.5,11.48,11.5,400,4592
2011-07-05,2011-07-05,11.43,11.43,11.31,11.37,1,1710000.0
2011-07-04,2011-07-04,11.4,11.4,11.39,11.39,12,1.2665E7
2011-07-01,2011-07-01,11.28,11.28,11.28,11.28,0,0
2011-06-30,2011-06-30,10.93,11.07,10.93,11.07,20,218000.0
2011-06-28,2011-06-28,10.44,10.44,10.44,10.44,2,2610000.0
2011-06-27,2011-06-27,10.44,10.53,10.44,10.53,8,8445000.0
2011-06-24,2011-06-24,10.67,10.72,10.54,10.54,108,1.08427E8
2011-06-23,2011-06-23,10.64,10.64,10.49,10.49,105,1.05638E8
2011-06-22,2011-06-22,10.64,10.78,10.64,10.75,132,1.32912E8
2011-06-21,2011-06-21,10.62,10.75,10.6,10.75,53,5.3179E7
2011-06-20,2011-06-20,10.39,10.5,10.39,10.5,5,5195000.0
2011-06-17,2011-06-17,10.45,10.51,10.45,10.51,10,1.0402E7
2011-06-16,2011-06-16,10.39,10.54,10.31,10.54,23,2.3749E7
2011-06-15,2011-06-15,10.62,10.62,10.53,10.53,10,1.062E7
2011-06-14,2011-06-14,10.53,10.56,10.53,10.56,1,1158000.0
2011-06-13,2011-06-13,10.34,10.47,10.34,10.4,231,2.31967E8
2011-06-10,2011-06-10,10.5,10.5,10.39,10.39,524,5.2479E8
2011-06-09,2011-06-09,10.24,10.56,10.24,10.56,361,3.61917E8
2011-06-08,2011-06-08,10.31,10.42,10.28,10.42,20,2.016E7
2011-06-07,2011-06-07,10.43,10.48,10.43,10.47,12,1.2246E7
2011-06-06,2011-06-06,10.53,10.61,10.53,10.61,85,8.5853E7
2011-06-03,2011-06-03,10.63,10.76,10.63,10.76,8,8508000.0
2011-06-02,2011-06-02,11.05,11.05,10.94,10.97,42,4.215E7
2011-06-01,2011-06-01,11.59,11.59,11.31,11.31,52,601000.0
2011-05-31,2011-05-31,11.6,11.75,11.5,11.5,64,6.4516E7
2011-05-30,2011-05-30,11.45,11.45,11.45,11.45,0,0
2011-05-27,2011-05-27,11.53,11.53,11.49,11.49,49,4.9579E7
2011-05-26,2011-05-26,11.37,11.37,11.37,11.37,0,0
2011-05-25,2011-05-25,11.26,11.4,11.26,11.4,8,8451000.0
2011-05-24,2011-05-24,11.42,11.42,11.37,11.37,49,4.9106E7
2011-05-20,2011-05-20,11.68,11.68,11.62,11.62,1,1004000.0
2011-05-19,2011-05-19,11.73,11.73,11.6,11.6,3,3519000.0
2011-05-18,2011-05-18,11.52,11.52,11.52,11.52,0,0
2011-05-16,2011-05-16,11.54,11.66,11.54,11.66,117,1.17225E8
2011-05-13,2011-05-13,11.71,11.71,11.71,11.71,0,0
2011-05-12,2011-05-12,11.62,11.65,11.57,11.65,121,1.21734E8
2011-05-11,2011-05-11,11.81,11.87,11.76,11.76,131,1.31863E8
2011-05-10,2011-05-10,11.67,11.75,11.67,11.72,838,8.38279E8
2011-05-09,2011-05-09,11.6,11.62,11.52,11.62,186,1.86714E8
2011-05-05,2011-05-05,11.22,11.35,11.22,11.35,172,1.72765E8
2011-05-04,2011-05-04,11.2,11.2,11.2,11.2,0,0
2011-05-03,2011-05-03,11.54,11.54,11.44,11.44,2,2481000.0
2011-05-02,2011-05-02,11.78,11.78,11.56,11.56,28,2.8588E7
2011-04-29,2011-04-29,11.54,11.54,11.52,11.52,4,4616000.0
2011-04-28,2011-04-28,11.46,11.46,11.46,11.46,0,0
2011-04-27,2011-04-27,11.43,11.43,11.37,11.37,22,2.2262E7
2011-04-26,2011-04-26,11.24,11.47,11.14,11.47,121,1.21446E8
2011-04-21,2011-04-21,11.33,11.35,11.26,11.26,115,1.15692E8
2011-04-19,2011-04-19,11.02,11.02,10.97,10.97,17,1.7049E7
2011-04-18,2011-04-18,10.94,10.94,10.94,10.94,0,0
2011-04-15,2011-04-15,11,11.11,11,11.11,23,2.385E7
2011-04-14,2011-04-14,10.95,10.95,10.91,10.91,10,1.0536E7
2011-04-13,2011-04-13,11.06,11.06,11.01,11.01,4,4092000.0
2011-04-12,2011-04-12,11.15,11.15,10.93,10.98,990,9.90427E8
2011-04-11,2011-04-11,11.35,11.35,11.25,11.31,46,4.6292E7
2011-04-08,2011-04-08,11.42,11.42,11.35,11.37,590,5.90757E8
2011-04-07,2011-04-07,11.38,11.38,11.38,11.38,0,0
2011-04-06,2011-04-06,11.53,11.53,11.44,11.44,6,6450000.0
2011-04-05,2011-04-05,11.48,11.56,11.48,11.56,23,2.3132E7
2011-04-04,2011-04-04,11.53,11.56,11.51,11.53,127,1.273E8
2011-04-01,2011-04-01,11.49,11.64,11.49,11.63,6,6104000.0
2011-03-31,2011-03-31,11.52,11.52,11.42,11.42,6,6912000.0
2011-03-30,2011-03-30,11.54,11.58,11.48,11.52,584,5.84763E8
2011-03-29,2011-03-29,11.22,11.32,11.14,11.32,38,3.818E7
2011-03-28,2011-03-28,11.3,11.3,11.3,11.3,1,1130000.0
2011-03-25,2011-03-25,11.22,11.35,11.21,11.35,62,6.2782E7
2011-03-24,2011-03-24,11.04,11.08,11.03,11.08,58,5.8233E7
2011-03-23,2011-03-23,10.9,10.9,10.89,10.89,10,1.09E7
2011-03-22,2011-03-22,10.95,10.95,10.88,10.88,4,4434000.0
2011-03-21,2011-03-21,10.96,10.97,10.88,10.95,88,8.8001E7
2011-03-18,2011-03-18,10.81,10.81,10.71,10.71,60,6.0991E7
2011-03-17,2011-03-17,10.65,10.69,10.65,10.69,18,1.8771E7
2011-03-15,2011-03-15,10.66,10.84,10.49,10.74,83,8.3432E7
2011-03-14,2011-03-14,11.1,11.1,10.93,10.94,23,2.3839E7
2011-03-11,2011-03-11,11.02,11.21,11.02,11.21,618,6.18696E8
2011-03-10,2011-03-10,11.39,11.39,11.22,11.31,133,1.33389E8
2011-03-09,2011-03-09,11.49,11.49,11.49,11.49,0,0
2011-03-04,2011-03-04,11.66,11.81,11.55,11.55,17,1.7584E7
2011-03-03,2011-03-03,11.49,11.63,11.49,11.63,5,5639000.0
2011-03-02,2011-03-02,11.39,11.39,11.3,11.39,9,9832000.0
2011-03-01,2011-03-01,11.89,11.89,11.64,11.64,7,7697000.0
2011-02-28,2011-02-28,11.61,11.78,11.61,11.75,27,2.7057E7
2011-02-25,2011-02-25,11.52,11.52,11.35,11.35,9,9270000.0
2011-02-24,2011-02-24,11.22,11.44,11.22,11.41,57,5.7984E7
2011-02-23,2011-02-23,11.67,11.67,11.48,11.48,42,4.2731E7
2011-02-22,2011-02-22,11.92,11.92,11.89,11.89,9,9953000.0
2011-02-21,2011-02-21,12.1,12.1,11.97,11.97,500,6050000.0
2011-02-18,2011-02-18,12.21,12.21,12.18,12.18,205,2503000.0
2011-02-17,2011-02-17,12.13,12.13,12.12,12.13,921,1.1162E7
2011-02-16,2011-02-16,12.14,12.18,12.12,12.12,872,1.0591E7
2011-02-15,2011-02-15,12.07,12.09,12,12.05,547,6583000.0
2011-02-11,2011-02-11,11.73,11.73,11.73,11.73,99,1161000.0
2011-02-10,2011-02-10,11.8,11.8,11.8,11.8,200,0
2011-02-09,2011-02-09,11.75,11.8,11.71,11.71,1095,1.24832E7
2011-02-08,2011-02-08,11.76,11.83,11.76,11.76,2600.0,5880000.0
2011-02-07,2011-02-07,11.68,11.87,11.68,11.87,4615,5.43179E7
2011-02-04,2011-02-04,11.53,11.57,11.53,11.57,2750.0,3.17705E7
2011-02-03,2011-02-03,11.34,11.39,11.31,11.39,33820.0,3.83642E8
2011-02-02,2011-02-02,11.4,11.4,11.36,11.37,3782,2.2624E7
2011-02-01,2011-02-01,11.19,11.32,11.19,11.32,6270.0,3.49128E7
2011-01-31,2011-01-31,11,11.06,11,11.06,2890.0,5500000.0
2011-01-28,2011-01-28,11.31,11.36,11.31,11.36,3580.0,4.05373E7
2011-01-27,2011-01-27,11.3,11.3,11.25,11.25,730,8246400.0
2011-01-26,2011-01-26,11.35,11.35,11.29,11.29,550,6242000.0
2011-01-25,2011-01-25,11.14,11.14,11.14,11.14,2000.0,0
2011-01-24,2011-01-24,11.22,11.22,11.18,11.19,12588,1.34484E8
2011-01-21,2011-01-21,11.12,11.21,11.12,11.21,1200.0,1.112E7
2011-01-20,2011-01-20,11.12,11.26,11.01,11.11,82968,5.20842E8
2011-01-19,2011-01-19,11.55,11.55,11.31,11.31,11663,1.30999E8
2011-01-18,2011-01-18,11.53,11.63,11.5,11.63,4323,4.01239E7
2011-01-17,2011-01-17,11.54,11.54,11.48,11.53,1550.0,1.7854E7
2011-01-14,2011-01-14,11.35,11.44,11.35,11.39,9250.0,4.83575E7
2011-01-13,2011-01-13,11.59,11.59,11.39,11.42,3835,3.2188E7
2011-01-12,2011-01-12,11.57,11.65,11.57,11.65,4250.0,4.91725E7
2011-01-11,2011-01-11,11.56,11.58,11.55,11.58,619,4843640.0
2011-01-10,2011-01-10,11.44,11.44,11.41,11.41,1300.0,3432000.0
2011-01-07,2011-01-07,11.44,11.44,11.44,11.44,560,6406400.0
2011-01-06,2011-01-06,11.59,11.59,11.47,11.47,24670.0,1.65338E8
2011-01-05,2011-01-05,11.16,11.38,11.16,11.38,3250.0,3.348E7
2011-01-04,2011-01-04,11.12,11.12,11.12,11.12,10000.0,1.112E8
2011-01-03,2011-01-03,11.11,11.22,11.04,11.21,1201,1.338E7
2010-12-30,2010-12-30,11.08,11.09,10.99,10.99,423,4676710.0
2010-12-29,2010-12-29,11.11,11.18,11.11,11.13,4337,4.83237E7
2010-12-28,2010-12-28,11.07,11.1,11.07,11.1,565,3874500.0
2010-12-27,2010-12-27,10.95,11.01,10.95,11.01,2100.0,2.302E7
2010-12-23,2010-12-23,11.08,11.16,11.08,11.1,2338,2.60323E7
2010-12-22,2010-12-22,11.06,11.14,11.05,11.14,1500.0,1.01968E7
2010-12-21,2010-12-21,10.91,11.02,10.91,11.02,850,9273500.0
2010-12-20,2010-12-20,10.9,10.9,10.86,10.86,2185,2.10915E7
2010-12-17,2010-12-17,10.71,10.8,10.71,10.8,3025,3.24602E7
2010-12-16,2010-12-16,10.74,10.74,10.74,10.74,0,0
2010-12-15,2010-12-15,10.6,10.6,10.6,10.6,200,2120000.0
2010-12-14,2010-12-14,10.6,10.66,10.59,10.66,2033,2.15322E7
2010-12-13,2010-12-13,10.73,10.73,10.64,10.64,590,6330700.0
2010-12-10,2010-12-10,10.62,10.62,10.62,10.62,0,0
2010-12-09,2010-12-09,10.57,10.63,10.54,10.63,1204,1.27719E7
2010-12-08,2010-12-08,10.4,10.41,10.4,10.41,550,5720000.0
2010-12-07,2010-12-07,10.65,10.65,10.38,10.44,1399,1.4577E7
2010-12-06,2010-12-06,10.4,10.4,10.34,10.34,1000.0,1.037E7
2010-12-03,2010-12-03,10.39,10.39,10.2,10.2,1500.0,1.5555E7
2010-12-02,2010-12-02,10.25,10.32,10.19,10.32,2434,2.4867E7
2010-12-01,2010-12-01,9.935,10.16,9.9,10.16,94534,9.46095E8
2010-11-30,2010-11-30,9.89,9.89,9.825,9.825,690,3999450.0
2010-11-29,2010-11-29,9.87,9.895,9.73,9.73,6350.0,5.08492E7
2010-11-26,2010-11-26,9.9,9.9,9.78,9.845,1600.0,1.5795E7
2010-11-25,2010-11-25,9.933,9.933,9.933,9.933,0,0
2010-11-24,2010-11-24,9.61,9.82,9.595,9.82,12380.0,768800.0
2010-11-23,2010-11-23,9.6,9.6,9.52,9.52,1200.0,9600000.0
2010-11-22,2010-11-22,9.61,9.61,9.61,9.61,0,0
2010-11-19,2010-11-19,9.6,9.63,9.59,9.63,3224,9600000.0
2010-11-17,2010-11-17,9.51,9.51,9.47,9.49,15400.0,1.3274E8
2010-11-16,2010-11-16,9.58,9.58,9.49,9.49,1348,1.28958E7
2010-11-15,2010-11-15,9.65,9.8,9.65,9.8,1450.0,1.39925E7
2010-11-12,2010-11-12,9.68,9.695,9.68,9.695,750,7260000.0
2010-11-11,2010-11-11,9.77,9.825,9.77,9.825,10000.0,9.77E7
2010-11-10,2010-11-10,9.83,9.83,9.83,9.83,10000.0,9.83E7
2010-11-09,2010-11-09,9.87,9.9,9.87,9.895,83861,8.29103E8
2010-11-08,2010-11-08,9.87,9.87,9.84,9.843,2163,2.13439E7
2010-11-05,2010-11-05,9.775,9.775,9.775,9.775,0,0
2010-11-04,2010-11-04,9.42,9.555,9.42,9.555,1630.0,5002600.0
2010-11-03,2010-11-03,9.293,9.293,9.293,9.293,0,0
2010-11-02,2010-11-02,9.315,9.315,9.315,9.315,0,0
2010-11-01,2010-11-01,9.355,9.355,9.355,9.355,0,0
2010-10-29,2010-10-29,9.24,9.24,9.215,9.24,10000.0,9.24E7
2010-10-28,2010-10-28,9.23,9.23,9.23,9.23,600,0
2010-10-27,2010-10-27,9.19,9.19,9.19,9.19,0,0
2010-10-26,2010-10-26,9.3,9.3,9.3,9.3,0,0
2010-10-25,2010-10-25,9.3,9.325,9.3,9.325,711,6618300.0
2010-10-22,2010-10-22,9.22,9.22,9.22,9.22,0,0
2010-10-21,2010-10-21,9.225,9.225,9.225,9.225,295,0
2010-10-20,2010-10-20,9.14,9.14,9.14,9.14,0,0
2010-10-19,2010-10-19,9.17,9.175,9.15,9.15,5914,5.42274E7
2010-10-18,2010-10-18,9.14,9.14,9.135,9.135,35000.0,3.199E8
2010-10-15,2010-10-15,9.05,9.075,9.05,9.075,4000.0,3.62E7
2010-10-14,2010-10-14,9.1,9.1,9.025,9.025,205,1865500.0
2010-10-13,2010-10-13,9.1,9.17,9.1,9.17,26100.0,2.275E8
2010-10-12,2010-10-12,8.94,9.005,8.94,9.005,100,894000.0
2010-10-11,2010-10-11,9.005,9.005,9.005,9.005,0,0
2010-10-08,2010-10-08,8.945,8.945,8.945,8.945,467,0
2010-10-07,2010-10-07,8.855,8.855,8.855,8.855,0,0
2010-10-06,2010-10-06,8.9,8.9,8.9,8.9,0,0
2010-10-05,2010-10-05,8.82,8.86,8.82,8.86,1000.0,8820000.0
2010-10-04,2010-10-04,8.7,8.7,8.68,8.68,4000.0,3.48E7
2010-10-01,2010-10-01,8.81,8.81,8.725,8.725,5632,4.95879E7
2010-09-30,2010-09-30,8.783,8.783,8.783,8.783,0,0
2010-09-29,2010-09-29,8.845,8.845,8.845,8.845,0,0
2010-09-28,2010-09-28,8.93,9.115,8.89,8.89,7144,6.4071E7
2010-09-27,2010-09-27,8.935,8.935,8.935,8.935,0,0
2010-09-24,2010-09-24,8.97,8.97,8.95,8.95,450,4036500.0
2010-09-23,2010-09-23,8.675,8.9,8.675,8.9,2130.0,1.84778E7
2010-09-22,2010-09-22,8.81,8.81,8.81,8.81,0,0
2010-09-21,2010-09-21,9.15,9.15,9.085,9.085,508,4641080.0
2010-09-20,2010-09-20,9,9.1,9,9.1,180,1620000.0
2010-09-17,2010-09-17,8.91,8.91,8.91,8.91,4000.0,0
2010-09-16,2010-09-16,8.825,8.825,8.825,8.825,0,0
2010-09-15,2010-09-15,8.87,8.89,8.87,8.88,1834,1.62789E7
2010-09-14,2010-09-14,8.955,8.955,8.955,8.955,0,0
2010-09-13,2010-09-13,8.975,8.975,8.975,8.975,341,3060480.0
2010-09-10,2010-09-10,8.79,8.863,8.79,8.863,277,2434830.0
2010-09-09,2010-09-09,8.75,8.883,8.75,8.883,1000.0,8750000.0
2010-09-08,2010-09-08,8.61,8.735,8.61,8.735,14630.0,8.29143E7
2010-09-07,2010-09-07,8.668,8.668,8.668,8.668,0,0
2010-09-06,2010-09-06,8.74,8.74,8.725,8.725,3000.0,2.622E7
2010-09-03,2010-09-03,8.46,8.725,8.46,8.603,4020.0,3.44472E7
2010-09-02,2010-09-02,8.34,8.415,8.34,8.415,18920.0,1.58806E8
2010-09-01,2010-09-01,8.1,8.36,8.1,8.35,1801,1.50561E7
2010-08-31,2010-08-31,8.03,8.03,8.03,8.03,0,0
2010-08-30,2010-08-30,8.14,8.14,8.14,8.14,0,0
2010-08-27,2010-08-27,8.05,8.075,8.05,8.075,4000.0,3.22E7
2010-08-26,2010-08-26,8.11,8.11,8.073,8.073,290,2351900.0
2010-08-25,2010-08-25,8.05,8.05,7.87,7.985,12000.0,9.52E7
2010-08-24,2010-08-24,8.05,8.118,7.99,8.118,900,7221000.0
2010-08-23,2010-08-23,8.38,8.425,8.318,8.318,8720.0,3.97336E7
2010-08-20,2010-08-20,8.25,8.26,8.195,8.225,151000.0,1.00808E9
2010-08-19,2010-08-19,8.5,8.6,8.265,8.265,13000.0,4.204E7
2010-08-18,2010-08-18,8.48,8.56,8.47,8.51,201629,1.53226E9
2010-08-17,2010-08-17,8.44,8.58,8.44,8.58,600,5064000.0
2010-08-16,2010-08-16,8.33,8.35,8.23,8.35,117000.0,8.5287E8
2010-08-13,2010-08-13,8.4,8.44,8.4,8.4,3000.0,0
2010-08-12,2010-08-12,8.4,8.41,8.19,8.41,174500.0,1.25735E9
2010-08-11,2010-08-11,8.525,8.525,8.525,8.525,0,0
2010-08-10,2010-08-10,8.775,8.775,8.775,8.775,0,0
2010-08-09,2010-08-09,8.81,8.81,8.81,8.81,0,0
2010-08-06,2010-08-06,8.84,8.84,8.49,8.49,3945,3.37999E7
2010-08-05,2010-08-05,8.8,8.8,8.8,8.8,0,0
2010-08-04,2010-08-04,8.83,8.83,8.8,8.83,1020.0,0
2010-08-03,2010-08-03,8.8,8.81,8.76,8.79,26500.0,2.00474E8
2010-08-02,2010-08-02,8.81,8.81,8.81,8.81,0,0
2010-07-30,2010-07-30,8.47,8.47,8.47,8.47,600,5082000.0
2010-07-29,2010-07-29,8.7,8.73,8.48,8.48,35100.0,2.28192E8
2010-07-28,2010-07-28,8.705,8.705,8.705,8.705,0,0
2010-07-27,2010-07-27,9.1,9.1,8.745,8.745,73050.0,4.32384E8
2010-07-26,2010-07-26,8.64,8.69,8.53,8.69,4518,3.84232E7
2010-07-23,2010-07-23,8.495,8.53,8.44,8.53,5873,4.40307E7
2010-07-22,2010-07-22,8.33,8.54,8.33,8.535,4100.0,3.49916E7
2010-07-21,2010-07-21,8.41,8.41,8.355,8.355,7000.0,3.364E7
2010-07-20,2010-07-20,7.98,8.11,7.97,8.11,1997,1.59228E7
2010-07-19,2010-07-19,8.19,8.19,8.06,8.06,5071,4.15314E7
2010-07-16,2010-07-16,8.535,8.545,8.52,8.52,24000.0,1.7068E8
2010-07-15,2010-07-15,8.41,8.41,8.41,8.41,0,0
2010-07-14,2010-07-14,8.76,8.76,8.5,8.69,8550.0,7.3129E7
2010-07-13,2010-07-13,8.56,8.7,8.54,8.63,856,7340940.0
2010-07-12,2010-07-12,8.42,8.44,8.33,8.33,39000.0,2.6089E8
2010-07-09,2010-07-09,8.3,8.48,8.3,8.42,231890.0,1.76181E9
2010-07-08,2010-07-08,8.32,8.32,8.235,8.29,6548,4.83556E7
2010-07-07,2010-07-07,7.7,7.96,7.7,7.96,700,5390000.0
2010-07-06,2010-07-06,7.76,7.86,7.76,7.86,950,7372000.0
2010-07-05,2010-07-05,7.57,7.57,7.57,7.57,0,0
2010-07-01,2010-07-01,7.92,8,7.92,8,38350.0,3.06673E8
2010-06-30,2010-06-30,8.12,8.21,8.12,8.21,4000.0,3.248E7
2010-06-29,2010-06-29,8.62,8.62,7.99,8.295,2400.0,1.72121E7
2010-06-28,2010-06-28,8.835,9.08,8.835,9.08,285,2581050.0
2010-06-25,2010-06-25,8.66,8.66,8.66,8.66,240,2078400.0
2010-06-24,2010-06-24,8.69,8.69,8.69,8.69,0,0
2010-06-22,2010-06-22,9.325,9.325,9.325,9.325,2000.0,0
2010-06-21,2010-06-21,9.58,9.58,9.58,9.58,300,2874000.0
2010-06-18,2010-06-18,9.32,9.32,9.32,9.32,0,0
2010-06-17,2010-06-17,9.32,9.32,9.23,9.23,812,7566760.0
2010-06-16,2010-06-16,9.2,9.375,9.1,9.29,9992,9.22007E7
2010-06-15,2010-06-15,9.18,9.18,9.085,9.085,320,91800.0
2010-06-14,2010-06-14,9.06,9.15,9.03,9.03,5000.0,4.518E7
2010-06-11,2010-06-11,8.91,8.97,8.83,8.83,16390.0,1.07258E8
2010-06-10,2010-06-10,8.82,8.88,8.82,8.88,4000.0,3.528E7
2010-06-09,2010-06-09,8.79,8.88,8.79,8.88,500,4395000.0
2010-06-08,2010-06-08,8.56,8.56,8.56,8.56,121,1035760.0
2010-06-07,2010-06-07,8.905,8.95,8.69,8.74,33870.0,2.26605E8
2010-06-04,2010-06-04,8.98,8.98,8.98,8.98,0,0
2010-06-03,2010-06-03,9.14,9.185,9.14,9.185,500,4570000.0
2010-06-02,2010-06-02,8.88,8.88,8.88,8.88,0,0
2010-06-01,2010-06-01,8.9,8.9,8.9,8.9,1000.0,8900000.0
2010-05-31,2010-05-31,9.05,9.05,8.995,8.995,340,3077000.0
2010-05-28,2010-05-28,9,9.02,9,9,1000.0,0
2010-05-27,2010-05-27,8.97,8.97,8.97,8.97,5000.0,0
2010-05-26,2010-05-26,8.74,8.91,8.74,8.91,3670.0,3.24989E7
2010-05-25,2010-05-25,8.22,8.37,8.22,8.37,3610.0,82200.0
2010-05-24,2010-05-24,8.785,8.785,8.785,8.785,4000.0,0
2010-05-21,2010-05-21,8.61,8.67,8.61,8.61,1000.0,8610000.0
2010-05-20,2010-05-20,9.33,9.33,9.06,9.06,33041,2.35755E8
2010-05-19,2010-05-19,9.58,9.58,9.29,9.52,103668,5.92927E8
2010-05-18,2010-05-18,9.71,9.86,9.71,9.745,3010.0,97100.0
2010-05-17,2010-05-17,9.71,9.91,9.58,9.58,119870.0,5.77356E8
2010-05-14,2010-05-14,10.01,10.08,9.94,10.02,50005,4.00799E8
2010-05-13,2010-05-13,10.12,10.12,10.09,10.09,10,101000.0
2010-05-12,2010-05-12,9.74,9.95,9.74,9.95,43010.0,9.85974E7
2010-05-11,2010-05-11,9.61,9.825,9.61,9.825,10,96100.0
2010-05-10,2010-05-10,9.57,9.705,9.57,9.705,10,95700.0
2010-05-07,2010-05-07,9.43,9.43,9.43,9.43,1000.0,9430000.0
2010-05-06,2010-05-06,9.81,10.04,9.8,9.81,135572,9.50113E8
2010-05-05,2010-05-05,9.84,9.93,9.84,9.93,15700.0,1.55439E8
2010-05-04,2010-05-04,10.15,10.15,10.09,10.15,300,3045000.0
2010-04-30,2010-04-30,10.28,10.28,10.28,10.28,20,205600.0
2010-04-29,2010-04-29,10.11,10.11,10.11,10.11,20,202200.0
2010-04-28,2010-04-28,9.9,9.99,9.9,9.9,20,198000.0
2010-04-27,2010-04-27,10.19,10.22,10.18,10.18,30020.0,2.04204E8
2010-04-26,2010-04-26,10.36,10.36,10.35,10.35,20,207200.0
2010-04-23,2010-04-23,10.18,10.18,10.16,10.16,10020.0,203600.0
2010-04-22,2010-04-22,10.06,10.06,9.995,9.995,10,100600.0
2010-04-21,2010-04-21,10.08,10.15,10.08,10.08,6,0
2010-04-19,2010-04-19,9.8,9.8,9.8,9.8,9,88200.0
2010-04-16,2010-04-16,10.06,10.06,10.06,10.06,5000.0,5.03E7
2010-04-15,2010-04-15,9.99,10.08,9.99,10.08,9200.0,9.2018E7
2010-04-13,2010-04-13,9.755,9.755,9.755,9.755,0,0
2010-04-12,2010-04-12,9.69,9.825,9.69,9.825,30000.0,2.9315E8
2010-04-09,2010-04-09,9.81,9.81,9.81,9.81,0,0
2010-04-08,2010-04-08,9.725,9.725,9.725,9.725,0,0
