entryDate;exitDate;entryPrice;exitPrice;quantity;profit%;closeReason;buyType
1985-09-30;1985-10-04;110.62;110.08;90;-0,49;WEEKLY_CLOSE;LUNES
1985-10-07;1985-10-09;108.20;107.76;91;-0,41;SLL WEDNESDAY;LUNES
1985-10-14;1985-10-18;113.19;114.32;87;1,00;WEEKLY_CLOSE;LUNES
1985-10-21;1985-10-25;113.68;113.91;87;0,20;WEEKLY_CLOSE;LUNES
1985-10-28;1985-11-01;113.82;116.66;87;2,50;TPH FRIDAY;LUNES
1985-11-04;1985-11-08;116.04;119.26;88;2,77;WEEKLY_CLOSE;LUNES
1985-11-11;1985-11-15;120.40;122.17;87;1,47;WEEKLY_CLOSE;LUNES
1985-11-18;1985-11-22;121.95;123.97;87;1,66;WEEKLY_CLOSE;LUNES
1985-11-25;1985-11-27;123.14;125.77;87;2,14;WEEKLY_CLOSE;LUNES
1985-12-02;1985-12-06;125.19;128.31;88;2,49;TPH FRIDAY;LUNES
1985-12-09;1985-12-13;127.48;132.12;88;3,64;OTP FRIDAY;LUNES
1985-12-16;1985-12-20;132.61;132.07;88;-0,41;SLL FRIDAY;LUNES
1985-12-23;1985-12-24;130.72;130.03;88;-0,53;WEEKLY_CLOSE;LUNES
1985-12-30;1985-12-31;131.94;132.29;87;0,27;WEEKLY_CLOSE;LUNES
1986-01-06;1986-01-08;130.35;133.60;88;2,49;TPH WEDNESDAY;LUNES
1986-01-13;1986-01-16;129.09;133.06;91;3,08;OTP THURSDAY;LUNES
1986-01-20;1986-01-21;131.60;131.07;92;-0,40;SLL TUESDAY;LUNES
1986-01-27;1986-01-29;130.79;134.05;92;2,49;TPH WEDNESDAY;LUNES
1986-02-03;1986-02-07;134.24;137.42;92;2,37;WEEKLY_CLOSE;LUNES
1986-02-10;1986-02-14;138.12;140.16;91;1,48;WEEKLY_CLOSE;LUNES
1986-02-24;1986-02-27;140.20;139.63;91;-0,41;SLL THURSDAY;LUNES
1986-03-03;1986-03-07;139.74;140.71;91;0,69;WEEKLY_CLOSE;LUNES
1986-03-10;1986-03-13;142.44;147.01;90;3,21;OTP THURSDAY;LUNES
1986-03-17;1986-03-21;146.37;148.00;90;1,11;WEEKLY_CLOSE;LUNES
1986-03-24;1986-03-27;147.09;148.38;91;0,88;WEEKLY_CLOSE;LUNES
1986-03-31;1986-04-01;148.86;148.26;90;-0,40;SLL TUESDAY;LUNES
1986-04-07;1986-04-09;146.06;149.71;92;2,50;TPH WEDNESDAY;LUNES
1986-04-14;1986-04-16;153.93;158.90;89;3,23;OTP WEDNESDAY;LUNES
1986-04-21;1986-04-24;158.53;157.89;89;-0,40;SLL THURSDAY;LUNES
1986-04-28;1986-05-02;159.90;155.01;88;-3,06;WEEKLY_CLOSE;LUNES
1986-05-05;1986-05-08;157.14;156.51;87;-0,40;SLL THURSDAY;LUNES
1986-05-12;1986-05-16;157.75;155.00;86;-1,74;WEEKLY_CLOSE;LUNES
1986-05-19;1986-05-23;155.31;160.16;86;3,12;OTP FRIDAY;LUNES
1986-06-02;1986-06-03;162.03;161.38;84;-0,40;SLL TUESDAY;LUNES
1986-06-09;1986-06-10;158.61;157.97;86;-0,40;SLL TUESDAY;LUNES
1986-06-16;1986-06-20;160.80;159.59;84;-0,75;WEEKLY_CLOSE;LUNES
1986-06-23;1986-06-27;159.56;161.62;84;1,29;WEEKLY_CLOSE;LUNES
1986-06-30;1986-07-03;162.62;163.96;84;0,82;WEEKLY_CLOSE;LUNES
1986-07-07;1986-07-11;157.62;152.85;87;-3,03;WEEKLY_CLOSE;LUNES
1986-07-14;1986-07-18;149.28;147.76;89;-1,02;WEEKLY_CLOSE;LUNES
1986-07-21;1986-07-25;147.07;148.26;89;0,81;WEEKLY_CLOSE;LUNES
1986-07-28;1986-08-01;145.50;144.19;91;-0,90;WEEKLY_CLOSE;LUNES
1986-08-04;1986-08-08;142.53;141.95;92;-0,41;SLL FRIDAY;LUNES
1986-08-11;1986-08-13;145.44;149.07;90;2,50;TPH WEDNESDAY;LUNES
1986-08-18;1986-08-19;149.07;148.47;89;-0,40;SLL TUESDAY;LUNES
1986-08-25;1986-08-29;149.91;151.70;88;1,19;WEEKLY_CLOSE;LUNES
1986-09-08;1986-09-12;146.55;135.03;92;-7,86;WEEKLY_CLOSE;LUNES
1986-09-15;1986-09-16;134.94;134.40;91;-0,40;SLL TUESDAY;LUNES
1986-09-22;1986-09-23;140.12;139.55;88;-0,41;SLL TUESDAY;LUNES
1986-09-29;1986-10-01;135.53;138.91;90;2,49;TPH WEDNESDAY;LUNES
1986-10-06;1986-10-08;139.12;138.56;90;-0,40;SLL WEDNESDAY;LUNES
1986-10-13;1986-10-17;140.68;141.19;88;0,36;WEEKLY_CLOSE;LUNES
1986-10-20;1986-10-21;140.10;139.53;89;-0,41;SLL TUESDAY;LUNES
1986-10-27;1986-10-31;141.76;144.48;88;1,92;WEEKLY_CLOSE;LUNES
1986-11-03;1986-11-07;144.81;144.91;87;0,07;WEEKLY_CLOSE;LUNES
1986-11-10;1986-11-14;144.29;143.50;88;-0,55;WEEKLY_CLOSE;LUNES
1986-11-17;1986-11-21;143.19;142.61;88;-0,41;SLL FRIDAY;LUNES
1986-11-24;1986-11-26;144.50;146.87;86;1,64;WEEKLY_CLOSE;LUNES
1986-12-01;1986-12-03;146.85;150.52;86;2,50;TPH WEDNESDAY;LUNES
1986-12-08;1986-12-12;147.84;144.98;88;-1,93;WEEKLY_CLOSE;LUNES
1986-12-15;1986-12-19;144.07;143.49;88;-0,40;SLL FRIDAY;LUNES
1986-12-22;1986-12-24;144.09;142.79;88;-0,90;WEEKLY_CLOSE;LUNES
1986-12-29;1986-12-30;141.51;140.94;89;-0,40;SLL TUESDAY;LUNES
1987-01-05;1987-01-07;147.41;152.97;85;3,77;OTP WEDNESDAY;LUNES
1987-01-12;1987-01-13;159.31;158.67;81;-0,40;SLL TUESDAY;LUNES
1987-01-19;1987-01-22;166.46;165.79;77;-0,40;SLL THURSDAY;LUNES
1987-01-26;1987-01-29;164.14;168.24;78;2,50;TPH THURSDAY;LUNES
1987-02-02;1987-02-06;170.31;174.63;77;2,54;WEEKLY_CLOSE;LUNES
1987-02-09;1987-02-11;173.62;172.92;77;-0,40;SLL WEDNESDAY;LUNES
1987-02-23;1987-02-24;177.71;176.99;75;-0,41;SLL TUESDAY;LUNES
1987-03-02;1987-03-03;181.06;180.33;73;-0,40;SLL TUESDAY;LUNES
1987-03-09;1987-03-13;182.47;183.16;72;0,38;WEEKLY_CLOSE;LUNES
1987-03-16;1987-03-18;182.73;187.29;72;2,50;TPH WEDNESDAY;LUNES
1987-03-23;1987-03-24;189.40;188.64;72;-0,40;SLL TUESDAY;LUNES
1987-03-30;1987-04-01;183.84;183.10;73;-0,40;SLL WEDNESDAY;LUNES
1987-04-06;1987-04-10;190.91;188.28;70;-1,38;WEEKLY_CLOSE;LUNES
1987-04-13;1987-04-16;183.94;183.20;72;-0,40;SLL THURSDAY;LUNES
1987-04-20;1987-04-21;182.12;181.39;72;-0,40;SLL TUESDAY;LUNES
1987-04-27;1987-05-01;179.55;185.83;73;3,50;OTP FRIDAY;LUNES
1987-05-04;1987-05-08;186.45;191.11;73;2,50;TPH FRIDAY;LUNES
1987-05-11;1987-05-12;189.24;188.48;73;-0,40;SLL TUESDAY;LUNES
1987-05-18;1987-05-22;185.46;181.64;74;-2,06;WEEKLY_CLOSE;LUNES
1987-06-01;1987-06-03;185.86;185.11;73;-0,40;SLL WEDNESDAY;LUNES
1987-06-08;1987-06-12;187.53;190.36;72;1,51;WEEKLY_CLOSE;LUNES
1987-06-15;1987-06-16;189.60;188.84;72;-0,40;SLL TUESDAY;LUNES
1987-06-22;1987-06-26;192.90;191.06;70;-0,95;WEEKLY_CLOSE;LUNES
1987-06-29;1987-07-02;190.70;189.93;70;-0,40;SLL THURSDAY;LUNES
1987-07-06;1987-07-10;189.03;188.27;71;-0,40;SLL FRIDAY;LUNES
1987-07-13;1987-07-15;190.42;195.18;70;2,50;TPH WEDNESDAY;LUNES
1987-07-20;1987-07-21;193.86;193.08;70;-0,40;SLL TUESDAY;LUNES
1987-07-27;1987-07-31;193.19;196.35;70;1,64;WEEKLY_CLOSE;LUNES
1987-08-03;1987-08-04;195.24;194.45;70;-0,40;SLL TUESDAY;LUNES
1987-08-10;1987-08-14;206.03;206.47;66;0,21;WEEKLY_CLOSE;LUNES
1987-08-17;1987-08-20;206.83;206.00;66;-0,40;SLL THURSDAY;LUNES
1987-08-24;1987-08-28;209.48;208.84;65;-0,31;WEEKLY_CLOSE;LUNES
1987-08-31;1987-09-04;209.57;204.06;65;-2,63;WEEKLY_CLOSE;LUNES
1987-09-14;1987-09-18;205.16;201.68;64;-1,70;WEEKLY_CLOSE;LUNES
1987-09-21;1987-09-22;197.26;196.47;66;-0,40;SLL TUESDAY;LUNES
1987-09-28;1987-09-29;204.62;203.80;63;-0,40;SLL TUESDAY;LUNES
1987-10-05;1987-10-09;213.81;202.47;60;-5,30;WEEKLY_CLOSE;LUNES
1987-10-12;1987-10-16;199.62;183.28;61;-8,19;WEEKLY_CLOSE;LUNES
1987-10-19;1987-10-21;155.65;155.02;72;-0,40;SLL WEDNESDAY;LUNES
1987-10-26;1987-10-27;128.43;131.64;86;2,50;TPH TUESDAY;LUNES
1987-11-02;1987-11-05;152.19;151.58;75;-0,40;SLL THURSDAY;LUNES
1987-11-09;1987-11-12;146.49;145.90;77;-0,40;SLL THURSDAY;LUNES
1987-11-16;1987-11-20;147.46;140.84;76;-4,49;WEEKLY_CLOSE;LUNES
1987-11-23;1987-11-24;141.84;145.38;76;2,50;TPH TUESDAY;LUNES
1987-11-30;1987-12-01;137.12;136.57;80;-0,40;SLL TUESDAY;LUNES
1987-12-07;1987-12-09;133.15;139.76;82;4,96;OTP WEDNESDAY;LUNES
1987-12-14;1987-12-16;146.08;151.06;78;3,41;OTP WEDNESDAY;LUNES
1987-12-21;1987-12-22;156.02;155.39;76;-0,40;SLL TUESDAY;LUNES
1987-12-28;1987-12-31;152.78;156.59;77;2,49;TPH THURSDAY;LUNES
1988-01-04;1988-01-05;161.81;165.85;74;2,50;TPH TUESDAY;LUNES
1988-01-11;1988-01-15;158.88;158.24;78;-0,40;SLL FRIDAY;LUNES
1988-01-18;1988-01-22;159.03;154.35;77;-2,94;WEEKLY_CLOSE;LUNES
1988-01-25;1988-01-28;157.06;156.43;76;-0,40;SLL THURSDAY;LUNES
1988-02-01;1988-02-02;158.62;157.98;75;-0,40;SLL TUESDAY;LUNES
1988-02-08;1988-02-11;157.88;162.96;75;3,22;OTP THURSDAY;LUNES
1988-02-22;1988-02-26;170.20;170.65;71;0,26;WEEKLY_CLOSE;LUNES
1988-02-29;1988-03-01;172.64;171.94;70;-0,41;SLL TUESDAY;LUNES
1988-03-07;1988-03-11;178.47;177.75;68;-0,40;SLL FRIDAY;LUNES
1988-03-14;1988-03-16;179.21;178.49;67;-0,40;SLL WEDNESDAY;LUNES
1988-03-21;1988-03-25;178.90;172.88;67;-3,37;WEEKLY_CLOSE;LUNES
1988-03-28;1988-03-31;172.84;172.14;67;-0,40;SLL THURSDAY;LUNES
1988-04-04;1988-04-06;171.41;176.60;67;3,03;OTP WEDNESDAY;LUNES
1988-04-11;1988-04-12;179.94;179.22;66;-0,40;SLL TUESDAY;LUNES
1988-04-18;1988-04-20;173.55;172.85;68;-0,40;SLL WEDNESDAY;LUNES
1988-04-25;1988-04-29;174.40;175.92;67;0,87;WEEKLY_CLOSE;LUNES
1988-05-02;1988-05-06;176.75;177.18;67;0,24;WEEKLY_CLOSE;LUNES
1988-05-09;1988-05-10;174.93;174.23;68;-0,40;SLL TUESDAY;LUNES
1988-05-16;1988-05-20;174.99;169.88;67;-2,92;WEEKLY_CLOSE;LUNES
1988-05-23;1988-05-27;167.65;169.59;68;1,16;WEEKLY_CLOSE;LUNES
1988-06-06;1988-06-10;179.75;184.28;64;2,52;WEEKLY_CLOSE;LUNES
1988-06-13;1988-06-16;184.74;184.00;64;-0,40;SLL THURSDAY;LUNES
1988-06-20;1988-06-24;183.19;187.35;64;2,27;WEEKLY_CLOSE;LUNES
1988-06-27;1988-07-01;185.12;189.96;65;2,61;WEEKLY_CLOSE;LUNES
1988-07-11;1988-07-12;187.69;186.93;66;-0,40;SLL TUESDAY;LUNES
1988-07-18;1988-07-22;188.79;181.86;65;-3,67;WEEKLY_CLOSE;LUNES
1988-07-25;1988-07-29;181.59;180.86;65;-0,40;SLL FRIDAY;LUNES
1988-08-01;1988-08-03;181.44;180.71;65;-0,40;SLL WEDNESDAY;LUNES
1988-08-08;1988-08-12;179.81;173.75;65;-3,37;WEEKLY_CLOSE;LUNES
1988-08-15;1988-08-16;170.09;169.40;66;-0,41;SLL TUESDAY;LUNES
1988-08-22;1988-08-23;169.90;169.22;66;-0,40;SLL TUESDAY;LUNES
1988-08-29;1988-08-30;172.76;172.06;65;-0,41;SLL TUESDAY;LUNES
1988-09-12;1988-09-13;175.59;174.88;63;-0,40;SLL TUESDAY;LUNES
1988-09-19;1988-09-23;176.11;177.47;63;0,77;WEEKLY_CLOSE;LUNES
1988-09-26;1988-09-30;175.87;180.26;63;2,50;TPH FRIDAY;LUNES
1988-10-03;1988-10-04;176.79;176.08;64;-0,40;SLL TUESDAY;LUNES
1988-10-10;1988-10-11;174.94;174.24;65;-0,40;SLL TUESDAY;LUNES
1988-10-17;1988-10-18;175.78;175.07;64;-0,40;SLL TUESDAY;LUNES
1988-10-24;1988-10-28;178.41;174.88;63;-1,98;WEEKLY_CLOSE;LUNES
1988-10-31;1988-11-01;174.78;174.08;63;-0,40;SLL TUESDAY;LUNES
1988-11-07;1988-11-11;171.34;169.24;64;-1,23;WEEKLY_CLOSE;LUNES
1988-11-14;1988-11-18;168.96;166.53;64;-1,44;WEEKLY_CLOSE;LUNES
1988-11-21;1988-11-23;163.81;167.19;65;2,06;WEEKLY_CLOSE;LUNES
1988-11-28;1988-12-01;166.00;171.33;65;3,21;OTP THURSDAY;LUNES
1988-12-05;1988-12-06;172.85;172.15;64;-0,40;SLL TUESDAY;LUNES
1988-12-12;1988-12-14;171.11;170.42;65;-0,40;SLL WEDNESDAY;LUNES
1988-12-19;1988-12-22;175.39;174.68;63;-0,40;SLL THURSDAY;LUNES
1989-01-09;1989-01-10;177.65;176.93;62;-0,41;SLL TUESDAY;LUNES
1989-01-16;1989-01-18;179.20;178.48;61;-0,40;SLL WEDNESDAY;LUNES
1989-01-23;1989-01-26;178.21;184.00;61;3,25;OTP THURSDAY;LUNES
1989-01-30;1989-01-31;184.78;184.04;61;-0,40;SLL TUESDAY;LUNES
1989-02-06;1989-02-10;189.47;185.71;59;-1,98;WEEKLY_CLOSE;LUNES
1989-02-13;1989-02-17;185.41;188.51;59;1,67;WEEKLY_CLOSE;LUNES
1989-02-27;1989-03-03;183.81;185.81;60;1,09;WEEKLY_CLOSE;LUNES
1989-03-06;1989-03-10;187.50;185.00;60;-1,33;WEEKLY_CLOSE;LUNES
1989-03-13;1989-03-14;185.88;185.13;59;-0,40;SLL TUESDAY;LUNES
1989-03-20;1989-03-23;179.88;181.04;61;0,64;WEEKLY_CLOSE;LUNES
1989-03-27;1989-03-31;181.15;185.87;61;2,61;WEEKLY_CLOSE;LUNES
1989-04-03;1989-04-04;185.83;185.08;61;-0,40;SLL TUESDAY;LUNES
1989-04-10;1989-04-14;189.28;194.63;59;2,83;WEEKLY_CLOSE;LUNES
1989-04-17;1989-04-21;194.59;198.86;59;2,19;WEEKLY_CLOSE;LUNES
1989-04-24;1989-04-27;198.31;197.51;59;-0,40;SLL THURSDAY;LUNES
1989-05-01;1989-05-05;200.75;203.44;58;1,34;WEEKLY_CLOSE;LUNES
1989-05-08;1989-05-09;203.04;202.22;59;-0,40;SLL TUESDAY;LUNES
1989-05-15;1989-05-16;208.90;208.06;57;-0,40;SLL TUESDAY;LUNES
1989-05-22;1989-05-24;212.38;211.53;55;-0,40;SLL WEDNESDAY;LUNES
1989-06-05;1989-06-07;213.40;219.88;55;3,04;OTP WEDNESDAY;LUNES
1989-06-12;1989-06-16;218.60;212.81;55;-2,65;WEEKLY_CLOSE;LUNES
1989-06-19;1989-06-22;212.28;211.43;55;-0,40;SLL THURSDAY;LUNES
1989-06-26;1989-06-30;213.91;204.59;54;-4,36;WEEKLY_CLOSE;LUNES
1989-07-03;1989-07-05;205.47;204.64;54;-0,40;SLL WEDNESDAY;LUNES
1989-07-10;1989-07-14;209.33;212.87;53;1,69;WEEKLY_CLOSE;LUNES
1989-07-17;1989-07-19;213.74;212.88;53;-0,40;SLL WEDNESDAY;LUNES
1989-07-24;1989-07-28;208.12;213.32;54;2,50;TPH FRIDAY;LUNES
1989-07-31;1989-08-03;214.28;213.42;54;-0,40;SLL THURSDAY;LUNES
1989-08-07;1989-08-08;218.76;217.88;52;-0,40;SLL TUESDAY;LUNES
1989-08-14;1989-08-18;214.81;216.72;53;0,89;WEEKLY_CLOSE;LUNES
1989-08-21;1989-08-25;214.19;220.82;53;3,10;OTP FRIDAY;LUNES
1989-08-28;1989-08-30;221.46;220.57;53;-0,40;SLL WEDNESDAY;LUNES
1989-09-11;1989-09-15;222.96;221.96;53;-0,45;WEEKLY_CLOSE;LUNES
1989-09-18;1989-09-22;221.75;223.89;53;0,97;WEEKLY_CLOSE;LUNES
1989-09-25;1989-09-27;223.89;222.99;53;-0,40;SLL WEDNESDAY;LUNES
1989-10-02;1989-10-06;228.11;234.41;51;2,76;WEEKLY_CLOSE;LUNES
1989-10-09;1989-10-10;236.78;235.83;51;-0,40;SLL TUESDAY;LUNES
1989-10-16;1989-10-17;224.94;224.04;53;-0,40;SLL TUESDAY;LUNES
1989-10-23;1989-10-27;228.76;218.84;52;-4,34;WEEKLY_CLOSE;LUNES
1989-10-30;1989-11-03;219.07;219.06;52;-0,00;WEEKLY_CLOSE;LUNES
1989-11-06;1989-11-08;215.19;220.56;53;2,50;TPH WEDNESDAY;LUNES
1989-11-13;1989-11-15;222.75;221.85;52;-0,40;SLL WEDNESDAY;LUNES
1989-11-20;1989-11-21;223.41;222.51;52;-0,40;SLL TUESDAY;LUNES
1989-11-27;1989-11-29;223.65;222.75;51;-0,40;SLL WEDNESDAY;LUNES
1989-12-04;1989-12-08;226.72;224.03;50;-1,19;WEEKLY_CLOSE;LUNES
1989-12-11;1989-12-15;220.26;214.14;51;-2,78;WEEKLY_CLOSE;LUNES
1989-12-18;1989-12-19;210.85;210.00;52;-0,40;SLL TUESDAY;LUNES
1990-01-08;1990-01-12;223.54;208.79;49;-6,60;WEEKLY_CLOSE;LUNES
1990-01-15;1990-01-16;207.62;206.78;49;-0,40;SLL TUESDAY;LUNES
1990-01-22;1990-01-23;208.06;207.22;49;-0,40;SLL TUESDAY;LUNES
1990-01-29;1990-01-31;202.06;201.25;50;-0,40;SLL WEDNESDAY;LUNES
1990-02-05;1990-02-07;206.49;205.66;49;-0,40;SLL WEDNESDAY;LUNES
1990-02-12;1990-02-13;206.88;206.05;48;-0,40;SLL TUESDAY;LUNES
1990-02-26;1990-03-01;204.62;209.73;49;2,50;TPH THURSDAY;LUNES
1990-03-05;1990-03-06;210.39;209.54;48;-0,40;SLL TUESDAY;LUNES
1990-03-12;1990-03-15;213.53;212.67;47;-0,40;SLL THURSDAY;LUNES
1990-03-19;1990-03-23;219.87;214.49;46;-2,45;WEEKLY_CLOSE;LUNES
1990-03-26;1990-03-27;216.44;215.57;45;-0,40;SLL TUESDAY;LUNES
1990-04-02;1990-04-06;212.67;212.47;46;-0,09;WEEKLY_CLOSE;LUNES
1990-04-09;1990-04-12;212.12;216.04;46;1,85;WEEKLY_CLOSE;LUNES
1990-04-16;1990-04-17;216.93;216.06;46;-0,40;SLL TUESDAY;LUNES
1990-04-23;1990-04-25;205.63;204.80;48;-0,40;SLL WEDNESDAY;LUNES
1990-04-30;1990-05-03;205.81;210.95;48;2,50;TPH THURSDAY;LUNES
1990-05-07;1990-05-09;215.03;214.16;47;-0,40;SLL WEDNESDAY;LUNES
1990-05-14;1990-05-15;223.86;222.96;45;-0,40;SLL TUESDAY;LUNES
1990-05-21;1990-05-22;232.22;231.29;43;-0,40;SLL TUESDAY;LUNES
1990-06-04;1990-06-08;240.11;234.73;41;-2,24;WEEKLY_CLOSE;LUNES
1990-06-11;1990-06-15;236.95;240.78;41;1,62;WEEKLY_CLOSE;LUNES
1990-06-18;1990-06-19;236.71;235.76;41;-0,40;SLL TUESDAY;LUNES
1990-06-25;1990-06-27;232.91;231.97;42;-0,40;SLL WEDNESDAY;LUNES
1990-07-02;1990-07-03;238.42;237.46;41;-0,40;SLL TUESDAY;LUNES
1990-07-09;1990-07-10;239.60;238.64;40;-0,40;SLL TUESDAY;LUNES
1990-07-16;1990-07-20;246.18;232.44;39;-5,58;WEEKLY_CLOSE;LUNES
1990-07-23;1990-07-24;227.38;226.47;40;-0,40;SLL TUESDAY;LUNES
1990-07-30;1990-07-31;223.92;223.02;40;-0,40;SLL TUESDAY;LUNES
1990-08-06;1990-08-07;201.46;206.49;45;2,50;TPH TUESDAY;LUNES
1990-08-13;1990-08-17;207.42;196.84;44;-5,10;WEEKLY_CLOSE;LUNES
1990-08-20;1990-08-24;193.10;184.97;45;-4,21;WEEKLY_CLOSE;LUNES
1990-08-27;1990-08-28;193.97;193.19;43;-0,40;SLL TUESDAY;LUNES
1990-09-10;1990-09-12;192.65;191.87;43;-0,40;SLL WEDNESDAY;LUNES
1990-09-17;1990-09-18;189.60;188.84;44;-0,40;SLL TUESDAY;LUNES
1990-09-24;1990-09-28;177.60;176.88;47;-0,41;SLL FRIDAY;LUNES
1990-10-01;1990-10-05;184.74;178.37;44;-3,45;WEEKLY_CLOSE;LUNES
1990-10-08;1990-10-12;179.56;166.72;44;-7,15;WEEKLY_CLOSE;LUNES
1990-10-15;1990-10-18;169.35;168.67;43;-0,40;SLL THURSDAY;LUNES
1990-10-22;1990-10-23;178.56;177.84;41;-0,40;SLL TUESDAY;LUNES
1990-10-29;1990-10-30;171.75;171.06;42;-0,40;SLL TUESDAY;LUNES
1990-11-05;1990-11-09;180.46;179.73;40;-0,40;SLL FRIDAY;LUNES
1990-11-12;1990-11-13;188.67;187.91;38;-0,40;SLL TUESDAY;LUNES
1990-11-19;1990-11-21;187.04;183.94;38;-1,66;WEEKLY_CLOSE;LUNES
1990-11-26;1990-11-28;185.12;189.74;38;2,50;TPH WEDNESDAY;LUNES
1990-12-03;1990-12-04;194.53;193.75;37;-0,40;SLL TUESDAY;LUNES
1990-12-10;1990-12-14;199.44;196.13;36;-1,66;WEEKLY_CLOSE;LUNES
1990-12-17;1990-12-20;195.06;201.51;36;3,31;OTP THURSDAY;LUNES
1990-12-24;1990-12-26;201.22;200.41;36;-0,40;SLL WEDNESDAY;LUNES
1990-12-31;1991-01-02;200.53;199.72;36;-0,40;SLL WEDNESDAY;LUNES
1991-01-07;1991-01-08;192.35;191.58;37;-0,40;SLL TUESDAY;LUNES
1991-01-14;1991-01-15;193.77;192.99;37;-0,40;SLL TUESDAY;LUNES
1991-01-21;1991-01-23;214.37;213.51;33;-0,40;SLL WEDNESDAY;LUNES
1991-01-28;1991-01-29;222.24;221.35;32;-0,40;SLL TUESDAY;LUNES
1991-02-04;1991-02-06;236.87;247.06;30;4,30;OTP WEDNESDAY;LUNES
1991-02-11;1991-02-13;249.31;248.31;29;-0,40;SLL WEDNESDAY;LUNES
1991-02-25;1991-02-27;250.04;249.03;29;-0,40;SLL WEDNESDAY;LUNES
1991-03-04;1991-03-05;253.38;262.18;29;3,47;OTP TUESDAY;LUNES
1991-03-11;1991-03-13;255.18;254.15;29;-0,40;SLL WEDNESDAY;LUNES
1991-03-18;1991-03-20;255.62;254.59;29;-0,40;SLL WEDNESDAY;LUNES
1991-03-25;1991-03-26;255.78;264.67;29;3,48;OTP TUESDAY;LUNES
1991-04-01;1991-04-02;264.60;273.85;29;3,50;OTP TUESDAY;LUNES
1991-04-08;1991-04-11;275.65;274.54;29;-0,40;SLL THURSDAY;LUNES
1991-04-15;1991-04-17;278.29;285.24;28;2,50;TPH WEDNESDAY;LUNES
1991-04-22;1991-04-26;271.32;270.23;30;-0,40;SLL FRIDAY;LUNES
1991-04-29;1991-05-02;266.14;265.07;30;-0,40;SLL THURSDAY;LUNES
1991-05-06;1991-05-08;267.33;266.26;30;-0,40;SLL WEDNESDAY;LUNES
1991-05-13;1991-05-17;268.99;260.46;30;-3,17;WEEKLY_CLOSE;LUNES
1991-05-20;1991-05-23;258.62;267.18;30;3,31;OTP THURSDAY;LUNES
1991-06-03;1991-06-04;280.94;279.81;28;-0,40;SLL TUESDAY;LUNES
1991-06-10;1991-06-14;268.38;267.30;29;-0,40;SLL FRIDAY;LUNES
1991-06-17;1991-06-21;267.57;260.28;29;-2,72;WEEKLY_CLOSE;LUNES
1991-06-24;1991-06-26;250.88;249.87;31;-0,40;SLL WEDNESDAY;LUNES
1991-07-01;1991-07-03;259.12;252.43;29;-2,58;WEEKLY_CLOSE;LUNES
1991-07-08;1991-07-10;258.93;265.40;29;2,50;TPH WEDNESDAY;LUNES
1991-07-15;1991-07-19;268.90;266.93;28;-0,73;WEEKLY_CLOSE;LUNES
1991-07-22;1991-07-26;264.34;263.28;28;-0,40;SLL FRIDAY;LUNES
1991-07-29;1991-08-01;264.62;274.24;28;3,64;OTP THURSDAY;LUNES
1991-08-05;1991-08-08;272.16;278.96;28;2,50;TPH THURSDAY;LUNES
1991-08-12;1991-08-15;278.15;285.10;28;2,50;TPH THURSDAY;LUNES
1991-08-19;1991-08-22;279.51;286.49;29;2,50;TPH THURSDAY;LUNES
1991-08-26;1991-08-27;286.77;285.62;29;-0,40;SLL TUESDAY;LUNES
1991-09-09;1991-09-10;279.96;278.84;30;-0,40;SLL TUESDAY;LUNES
1991-09-16;1991-09-17;279.50;278.38;29;-0,40;SLL TUESDAY;LUNES
1991-09-23;1991-09-27;286.63;285.48;29;-0,40;SLL FRIDAY;LUNES
1991-09-30;1991-10-03;285.94;284.79;28;-0,40;SLL THURSDAY;LUNES
1991-10-07;1991-10-09;280.51;279.38;29;-0,40;SLL WEDNESDAY;LUNES
1991-10-14;1991-10-15;281.50;288.53;29;2,50;TPH TUESDAY;LUNES
1991-10-21;1991-10-25;293.11;282.94;28;-3,47;WEEKLY_CLOSE;LUNES
1991-10-28;1991-10-29;282.94;290.01;28;2,50;TPH TUESDAY;LUNES
1991-11-04;1991-11-06;290.00;288.84;28;-0,40;SLL WEDNESDAY;LUNES
1991-11-11;1991-11-13;295.55;302.93;27;2,50;TPH WEDNESDAY;LUNES
1991-11-18;1991-11-19;284.52;283.38;29;-0,40;SLL TUESDAY;LUNES
1991-11-25;1991-11-27;286.32;285.23;29;-0,38;WEEKLY_CLOSE;LUNES
1991-12-02;1991-12-03;284.79;293.93;29;3,21;OTP TUESDAY;LUNES
1991-12-09;1991-12-10;296.14;294.95;29;-0,40;SLL TUESDAY;LUNES
1991-12-16;1991-12-17;301.33;300.12;28;-0,40;SLL TUESDAY;LUNES
1991-12-23;1991-12-24;295.82;307.08;28;3,81;WEEKLY_CLOSE;LUNES
1991-12-30;1991-12-31;316.77;326.74;27;3,15;OTP TUESDAY;LUNES
1992-01-06;1992-01-07;334.82;333.48;27;-0,40;SLL TUESDAY;LUNES
1992-01-13;1992-01-15;347.11;355.78;26;2,50;TPH WEDNESDAY;LUNES
1992-01-20;1992-01-24;349.73;345.45;26;-1,22;WEEKLY_CLOSE;LUNES
1992-01-27;1992-01-31;345.45;338.31;26;-2,07;WEEKLY_CLOSE;LUNES
1992-02-03;1992-02-04;338.31;346.76;26;2,50;TPH TUESDAY;LUNES
1992-02-10;1992-02-12;346.81;355.48;26;2,50;TPH WEDNESDAY;LUNES
1992-02-24;1992-02-28;342.39;345.88;27;1,02;WEEKLY_CLOSE;LUNES
1992-03-02;1992-03-04;345.88;344.49;27;-0,40;SLL WEDNESDAY;LUNES
1992-03-09;1992-03-12;333.00;331.66;28;-0,40;SLL THURSDAY;LUNES
1992-03-16;1992-03-18;336.47;344.88;27;2,50;TPH WEDNESDAY;LUNES
1992-03-23;1992-03-27;340.87;324.22;28;-4,88;WEEKLY_CLOSE;LUNES
1992-03-30;1992-04-01;324.32;323.02;28;-0,40;SLL WEDNESDAY;LUNES
1992-04-06;1992-04-07;316.38;315.11;28;-0,40;SLL TUESDAY;LUNES
1992-04-13;1992-04-14;312.99;320.81;28;2,50;TPH TUESDAY;LUNES
1992-04-20;1992-04-24;319.24;303.81;28;-4,83;WEEKLY_CLOSE;LUNES
1992-04-27;1992-05-01;303.81;307.48;28;1,21;WEEKLY_CLOSE;LUNES
1992-05-04;1992-05-05;307.48;315.16;28;2,50;TPH TUESDAY;LUNES
1992-05-11;1992-05-12;311.26;310.01;29;-0,40;SLL TUESDAY;LUNES
1992-05-18;1992-05-22;303.01;308.38;29;1,77;WEEKLY_CLOSE;LUNES
1992-06-01;1992-06-05;315.30;314.03;29;-0,40;SLL FRIDAY;LUNES
1992-06-08;1992-06-12;313.25;304.11;29;-2,92;WEEKLY_CLOSE;LUNES
1992-06-15;1992-06-16;304.35;303.13;29;-0,40;SLL TUESDAY;LUNES
1992-06-22;1992-06-24;296.87;295.68;29;-0,40;SLL WEDNESDAY;LUNES
1992-06-29;1992-06-30;290.03;300.80;30;3,71;OTP TUESDAY;LUNES
1992-07-06;1992-07-07;300.88;299.67;30;-0,40;SLL TUESDAY;LUNES
1992-07-13;1992-07-15;302.83;310.40;29;2,50;TPH WEDNESDAY;LUNES
1992-07-20;1992-07-22;305.54;304.31;30;-0,40;SLL WEDNESDAY;LUNES
1992-07-27;1992-07-30;303.43;311.01;30;2,50;TPH THURSDAY;LUNES
1992-08-03;1992-08-05;310.89;309.64;30;-0,40;SLL WEDNESDAY;LUNES
1992-08-10;1992-08-11;303.31;302.09;30;-0,40;SLL TUESDAY;LUNES
1992-08-17;1992-08-21;302.23;295.69;30;-2,16;WEEKLY_CLOSE;LUNES
1992-08-24;1992-08-28;295.69;299.13;30;1,16;WEEKLY_CLOSE;LUNES
1992-08-31;1992-09-02;299.13;306.60;30;2,50;TPH WEDNESDAY;LUNES
1992-09-14;1992-09-18;315.19;319.91;29;1,50;WEEKLY_CLOSE;LUNES
1992-09-21;1992-09-22;319.91;318.63;29;-0,40;SLL TUESDAY;LUNES
1992-09-28;1992-10-01;310.23;308.98;30;-0,40;SLL THURSDAY;LUNES
1992-10-05;1992-10-09;304.39;305.63;31;0,41;WEEKLY_CLOSE;LUNES
1992-10-12;1992-10-16;305.63;313.27;31;2,50;TPH FRIDAY;LUNES
1992-10-19;1992-10-20;316.38;324.28;30;2,50;TPH TUESDAY;LUNES
1992-10-26;1992-10-27;325.44;324.13;30;-0,40;SLL TUESDAY;LUNES
1992-11-02;1992-11-03;329.15;327.83;30;-0,40;SLL TUESDAY;LUNES
1992-11-09;1992-11-11;338.14;346.59;29;2,50;TPH WEDNESDAY;LUNES
1992-11-16;1992-11-20;348.50;348.81;29;0,09;WEEKLY_CLOSE;LUNES
1992-11-23;1992-11-25;348.81;349.66;28;0,24;WEEKLY_CLOSE;LUNES
1992-11-30;1992-12-04;349.31;358.04;28;2,50;TPH FRIDAY;LUNES
1992-12-07;1992-12-09;358.40;356.96;28;-0,40;SLL WEDNESDAY;LUNES
1992-12-14;1992-12-18;350.89;359.66;29;2,50;TPH FRIDAY;LUNES
1992-12-21;1992-12-22;357.89;356.45;29;-0,40;SLL TUESDAY;LUNES
1992-12-28;1992-12-31;357.56;360.19;29;0,74;WEEKLY_CLOSE;LUNES
1993-01-04;1993-01-07;360.19;369.19;29;2,50;TPH THURSDAY;LUNES
1993-01-11;1993-01-13;365.54;374.67;29;2,50;TPH WEDNESDAY;LUNES
1993-01-18;1993-01-19;379.24;377.72;29;-0,40;SLL TUESDAY;LUNES
1993-01-25;1993-01-27;377.82;376.30;29;-0,40;SLL WEDNESDAY;LUNES
1993-02-01;1993-02-05;370.56;369.07;29;-0,40;SLL FRIDAY;LUNES
1993-02-08;1993-02-12;369.00;361.19;29;-2,12;WEEKLY_CLOSE;LUNES
1993-02-22;1993-02-25;347.92;346.52;30;-0,40;SLL THURSDAY;LUNES
1993-03-01;1993-03-03;351.14;359.91;30;2,50;TPH WEDNESDAY;LUNES
1993-03-08;1993-03-11;355.56;364.44;30;2,50;TPH THURSDAY;LUNES
1993-03-15;1993-03-17;362.65;361.19;30;-0,40;SLL WEDNESDAY;LUNES
1993-03-22;1993-03-26;351.55;352.64;31;0,31;WEEKLY_CLOSE;LUNES
1993-03-29;1993-03-31;352.64;361.45;31;2,50;TPH WEDNESDAY;LUNES
1993-04-05;1993-04-07;341.18;339.81;33;-0,40;SLL WEDNESDAY;LUNES
1993-04-12;1993-04-13;341.56;350.09;33;2,50;TPH TUESDAY;LUNES
1993-04-19;1993-04-22;340.65;339.28;33;-0,40;SLL THURSDAY;LUNES
1993-04-26;1993-04-30;333.66;342.00;34;2,50;TPH FRIDAY;LUNES
1993-05-03;1993-05-04;339.94;348.43;34;2,50;TPH TUESDAY;LUNES
1993-05-10;1993-05-11;353.23;351.81;34;-0,40;SLL TUESDAY;LUNES
1993-05-17;1993-05-19;349.81;358.55;34;2,50;TPH WEDNESDAY;LUNES
1993-05-24;1993-05-25;366.67;365.20;33;-0,40;SLL TUESDAY;LUNES
1993-06-07;1993-06-11;368.62;363.07;33;-1,51;WEEKLY_CLOSE;LUNES
1993-06-14;1993-06-18;363.07;361.61;33;-0,40;SLL FRIDAY;LUNES
1993-06-21;1993-06-22;357.96;356.52;33;-0,40;SLL TUESDAY;LUNES
1993-06-28;1993-07-02;362.23;364.21;32;0,55;WEEKLY_CLOSE;LUNES
1993-07-12;1993-07-14;362.46;361.01;32;-0,40;SLL WEDNESDAY;LUNES
1993-07-19;1993-07-22;351.07;349.66;33;-0,40;SLL THURSDAY;LUNES
1993-07-26;1993-07-27;353.20;351.78;33;-0,40;SLL TUESDAY;LUNES
1993-08-02;1993-08-05;352.87;361.69;33;2,50;TPH THURSDAY;LUNES
1993-08-09;1993-08-10;363.14;361.68;33;-0,40;SLL TUESDAY;LUNES
1993-08-16;1993-08-18;360.45;374.16;33;3,80;OTP WEDNESDAY;LUNES
1993-08-23;1993-08-24;370.87;369.38;33;-0,40;SLL TUESDAY;LUNES
1993-08-30;1993-09-02;366.50;375.66;33;2,50;TPH THURSDAY;LUNES
1993-09-13;1993-09-17;370.63;366.19;34;-1,20;WEEKLY_CLOSE;LUNES
1993-09-20;1993-09-21;366.19;364.72;34;-0,40;SLL TUESDAY;LUNES
1993-09-27;1993-09-29;378.04;387.49;32;2,50;TPH WEDNESDAY;LUNES
1993-10-04;1993-10-05;382.73;381.19;33;-0,40;SLL TUESDAY;LUNES
1993-10-11;1993-10-14;381.31;390.84;33;2,50;TPH THURSDAY;LUNES
1993-10-18;1993-10-22;392.45;388.19;33;-1,09;WEEKLY_CLOSE;LUNES
1993-10-25;1993-10-26;388.19;386.63;33;-0,40;SLL TUESDAY;LUNES
1993-11-01;1993-11-03;390.99;389.42;32;-0,40;SLL WEDNESDAY;LUNES
1993-11-08;1993-11-11;383.63;393.22;33;2,50;TPH THURSDAY;LUNES
1993-11-15;1993-11-19;395.18;380.56;32;-3,70;WEEKLY_CLOSE;LUNES
1993-11-22;1993-11-24;380.56;385.04;32;1,18;WEEKLY_CLOSE;LUNES
1993-11-29;1993-12-02;386.31;395.96;32;2,50;TPH THURSDAY;LUNES
1993-12-06;1993-12-10;401.77;386.96;32;-3,69;WEEKLY_CLOSE;LUNES
1993-12-13;1993-12-14;386.96;385.41;32;-0,40;SLL TUESDAY;LUNES
1993-12-20;1993-12-21;389.04;387.48;31;-0,40;SLL TUESDAY;LUNES
1993-12-27;1993-12-31;390.32;400.07;31;2,50;TPH FRIDAY;LUNES
1994-01-03;1994-01-07;395.67;404.78;31;2,30;WEEKLY_CLOSE;LUNES
1994-01-10;1994-01-14;404.78;411.75;31;1,72;WEEKLY_CLOSE;LUNES
1994-01-17;1994-01-18;411.75;410.10;31;-0,40;SLL TUESDAY;LUNES
1994-01-24;1994-01-28;411.59;412.52;31;0,23;WEEKLY_CLOSE;LUNES
1994-01-31;1994-02-01;412.52;410.86;31;-0,40;SLL TUESDAY;LUNES
1994-02-07;1994-02-11;397.48;401.83;32;1,09;WEEKLY_CLOSE;LUNES
1994-02-14;1994-02-17;401.83;411.87;32;2,50;TPH THURSDAY;LUNES
1994-02-28;1994-03-02;406.45;404.82;33;-0,40;SLL WEDNESDAY;LUNES
1994-03-07;1994-03-08;411.99;410.34;32;-0,40;SLL TUESDAY;LUNES
1994-03-14;1994-03-18;409.43;417.52;32;1,98;WEEKLY_CLOSE;LUNES
1994-03-21;1994-03-25;417.52;399.86;32;-4,23;WEEKLY_CLOSE;LUNES
1994-03-28;1994-03-31;399.86;382.96;32;-4,23;WEEKLY_CLOSE;LUNES
1994-04-04;1994-04-08;382.96;384.90;32;0,51;WEEKLY_CLOSE;LUNES
1994-04-11;1994-04-12;384.90;383.36;32;-0,40;SLL TUESDAY;LUNES
1994-04-18;1994-04-22;366.29;369.08;33;0,76;WEEKLY_CLOSE;LUNES
1994-04-25;1994-04-26;369.08;375.46;33;1,73;WEEKLY_CLOSE;LUNES
1994-05-02;1994-05-06;373.25;371.75;33;-0,40;SLL FRIDAY;LUNES
1994-05-09;1994-05-13;374.57;364.82;33;-2,60;WEEKLY_CLOSE;LUNES
1994-05-16;1994-05-19;364.82;373.94;33;2,50;TPH THURSDAY;LUNES
1994-05-23;1994-05-26;370.37;379.62;33;2,50;TPH THURSDAY;LUNES
1994-06-06;1994-06-07;382.78;381.24;33;-0,40;SLL TUESDAY;LUNES
1994-06-13;1994-06-17;374.64;373.14;34;-0,40;SLL FRIDAY;LUNES
1994-06-20;1994-06-24;371.94;351.76;34;-5,43;WEEKLY_CLOSE;LUNES
1994-06-27;1994-06-30;351.76;362.73;34;3,12;OTP THURSDAY;LUNES
1994-07-11;1994-07-12;359.31;357.87;34;-0,40;SLL TUESDAY;LUNES
1994-07-18;1994-07-19;368.35;366.87;33;-0,40;SLL TUESDAY;LUNES
1994-07-25;1994-07-26;365.06;363.59;33;-0,40;SLL TUESDAY;LUNES
1994-08-01;1994-08-04;370.16;368.67;32;-0,40;SLL THURSDAY;LUNES
1994-08-08;1994-08-11;367.14;376.31;33;2,50;TPH THURSDAY;LUNES
1994-08-15;1994-08-16;376.96;375.45;32;-0,40;SLL TUESDAY;LUNES
1994-08-22;1994-08-26;384.12;393.72;32;2,50;TPH FRIDAY;LUNES
1994-08-29;1994-08-30;399.26;397.66;31;-0,40;SLL TUESDAY;LUNES
1994-09-12;1994-09-15;394.84;404.71;31;2,50;TPH THURSDAY;LUNES
1994-09-19;1994-09-20;404.47;402.85;31;-0,40;SLL TUESDAY;LUNES
1994-09-26;1994-09-27;390.18;388.61;32;-0,40;SLL TUESDAY;LUNES
1994-10-03;1994-10-04;393.85;392.27;32;-0,40;SLL TUESDAY;LUNES
1994-10-10;1994-10-11;387.36;397.04;32;2,50;TPH TUESDAY;LUNES
1994-10-17;1994-10-19;398.80;397.20;32;-0,40;SLL WEDNESDAY;LUNES
1994-10-24;1994-10-28;400.52;410.53;32;2,50;TPH FRIDAY;LUNES
1994-10-31;1994-11-01;411.84;410.19;32;-0,40;SLL TUESDAY;LUNES
1994-11-07;1994-11-09;401.46;411.49;32;2,50;TPH WEDNESDAY;LUNES
1994-11-14;1994-11-15;404.78;414.89;33;2,50;TPH TUESDAY;LUNES
1994-11-21;1994-11-23;412.43;397.17;33;-3,70;WEEKLY_CLOSE;LUNES
1994-11-28;1994-11-30;401.17;411.19;33;2,50;TPH WEDNESDAY;LUNES
1994-12-05;1994-12-06;402.04;400.43;33;-0,40;SLL TUESDAY;LUNES
1994-12-12;1994-12-14;388.63;387.07;34;-0,40;SLL WEDNESDAY;LUNES
1994-12-19;1994-12-23;392.01;401.81;34;2,50;TPH FRIDAY;LUNES
1995-01-09;1995-01-13;401.59;410.48;34;2,21;WEEKLY_CLOSE;LUNES
1995-01-16;1995-01-20;410.48;408.83;34;-0,40;SLL FRIDAY;LUNES
1995-01-23;1995-01-25;410.13;408.48;34;-0,40;SLL WEDNESDAY;LUNES
1995-01-30;1995-02-03;407.22;417.40;34;2,50;TPH FRIDAY;LUNES
1995-02-06;1995-02-09;416.14;426.54;34;2,50;TPH THURSDAY;LUNES
1995-02-13;1995-02-15;430.77;429.04;33;-0,40;SLL WEDNESDAY;LUNES
1995-02-27;1995-03-03;428.42;436.68;33;1,93;WEEKLY_CLOSE;LUNES
1995-03-06;1995-03-07;436.68;434.93;33;-0,40;SLL TUESDAY;LUNES
1995-03-13;1995-03-17;441.75;443.94;33;0,50;WEEKLY_CLOSE;LUNES
1995-03-20;1995-03-24;443.94;455.03;33;2,50;TPH FRIDAY;LUNES
1995-03-27;1995-03-29;455.43;453.60;33;-0,40;SLL WEDNESDAY;LUNES
1995-04-03;1995-04-04;447.15;445.36;33;-0,40;SLL TUESDAY;LUNES
1995-04-10;1995-04-12;444.01;455.11;33;2,50;TPH WEDNESDAY;LUNES
1995-04-17;1995-04-21;458.93;451.34;33;-1,65;WEEKLY_CLOSE;LUNES
1995-04-24;1995-04-26;451.34;462.62;33;2,50;TPH WEDNESDAY;LUNES
1995-05-01;1995-05-04;469.56;481.29;32;2,50;TPH THURSDAY;LUNES
1995-05-08;1995-05-12;470.30;482.05;33;2,50;TPH FRIDAY;LUNES
1995-05-15;1995-05-17;483.19;495.26;33;2,50;TPH WEDNESDAY;LUNES
1995-05-22;1995-05-23;489.77;502.01;33;2,50;TPH TUESDAY;LUNES
1995-06-05;1995-06-09;492.65;500.41;34;1,58;WEEKLY_CLOSE;LUNES
1995-06-12;1995-06-15;500.41;512.92;34;2,50;TPH THURSDAY;LUNES
1995-06-19;1995-06-21;517.55;539.55;34;4,25;OTP WEDNESDAY;LUNES
1995-06-26;1995-06-30;544.66;538.03;33;-1,22;WEEKLY_CLOSE;LUNES
1995-07-03;1995-07-06;538.03;551.48;33;2,50;TPH THURSDAY;LUNES
1995-07-10;1995-07-11;567.56;565.28;32;-0,40;SLL TUESDAY;LUNES
1995-07-17;1995-07-18;589.85;587.49;31;-0,40;SLL TUESDAY;LUNES
1995-07-24;1995-07-26;547.78;572.71;33;4,55;OTP WEDNESDAY;LUNES
1995-07-31;1995-08-04;574.18;560.58;33;-2,37;WEEKLY_CLOSE;LUNES
1995-08-07;1995-08-09;560.58;574.59;33;2,50;TPH WEDNESDAY;LUNES
1995-08-14;1995-08-16;575.67;590.06;33;2,50;TPH WEDNESDAY;LUNES
1995-08-21;1995-08-25;595.52;580.10;32;-2,59;WEEKLY_CLOSE;LUNES
1995-08-28;1995-09-01;580.10;573.21;32;-1,19;WEEKLY_CLOSE;LUNES
1995-09-11;1995-09-15;604.27;601.85;31;-0,40;SLL FRIDAY;LUNES
1995-09-18;1995-09-20;589.01;603.73;31;2,50;TPH WEDNESDAY;LUNES
1995-09-25;1995-09-29;592.64;590.26;32;-0,40;SLL FRIDAY;LUNES
1995-10-02;1995-10-06;585.08;567.42;32;-3,02;WEEKLY_CLOSE;LUNES
1995-10-09;1995-10-13;567.41;570.00;32;0,46;WEEKLY_CLOSE;LUNES
1995-10-16;1995-10-17;570.01;584.26;32;2,50;TPH TUESDAY;LUNES
1995-10-23;1995-10-25;587.84;585.48;32;-0,40;SLL WEDNESDAY;LUNES
1995-10-30;1995-10-31;593.53;608.36;31;2,50;TPH TUESDAY;LUNES
1995-11-06;1995-11-10;621.71;613.61;31;-1,30;WEEKLY_CLOSE;LUNES
1995-11-13;1995-11-17;613.61;588.81;31;-4,04;WEEKLY_CLOSE;LUNES
1995-11-20;1995-11-22;588.81;569.04;31;-3,36;WEEKLY_CLOSE;LUNES
1995-11-27;1995-11-28;578.32;592.77;30;2,50;TPH TUESDAY;LUNES
1995-12-04;1995-12-06;586.93;584.58;30;-0,40;SLL WEDNESDAY;LUNES
1995-12-11;1995-12-15;599.38;563.28;29;-6,02;WEEKLY_CLOSE;LUNES
1995-12-18;1995-12-20;563.28;577.36;30;2,50;TPH WEDNESDAY;LUNES
1996-01-08;1996-01-12;565.14;552.71;30;-2,20;WEEKLY_CLOSE;LUNES
1996-01-15;1996-01-19;552.75;564.64;30;2,15;WEEKLY_CLOSE;LUNES
1996-01-22;1996-01-24;564.64;578.75;30;2,50;TPH WEDNESDAY;LUNES
1996-01-29;1996-01-31;577.05;591.47;30;2,50;TPH WEDNESDAY;LUNES
1996-02-05;1996-02-06;601.50;616.53;30;2,50;TPH TUESDAY;LUNES
1996-02-12;1996-02-13;623.01;620.51;29;-0,40;SLL TUESDAY;LUNES
1996-02-26;1996-03-01;642.59;604.76;28;-5,89;WEEKLY_CLOSE;LUNES
1996-03-04;1996-03-08;604.76;602.34;28;-0,40;SLL FRIDAY;LUNES
1996-03-11;1996-03-13;591.71;606.50;29;2,50;TPH WEDNESDAY;LUNES
1996-03-18;1996-03-19;621.71;637.25;28;2,50;TPH TUESDAY;LUNES
1996-03-25;1996-03-29;612.88;609.69;29;-0,52;WEEKLY_CLOSE;LUNES
1996-04-01;1996-04-04;609.69;618.00;29;1,36;WEEKLY_CLOSE;LUNES
1996-04-08;1996-04-12;618.00;605.05;29;-2,10;WEEKLY_CLOSE;LUNES
1996-04-15;1996-04-16;605.05;620.17;29;2,50;TPH TUESDAY;LUNES
1996-04-22;1996-04-23;633.01;648.83;28;2,50;TPH TUESDAY;LUNES
1996-04-29;1996-04-30;666.65;663.98;27;-0,40;SLL TUESDAY;LUNES
1996-05-06;1996-05-08;661.07;658.42;28;-0,40;SLL WEDNESDAY;LUNES
1996-05-13;1996-05-14;672.54;689.35;27;2,50;TPH TUESDAY;LUNES
1996-05-20;1996-05-21;690.81;688.04;27;-0,40;SLL TUESDAY;LUNES
1996-06-03;1996-06-06;692.39;689.62;27;-0,40;SLL THURSDAY;LUNES
1996-06-10;1996-06-13;691.46;688.69;27;-0,40;SLL THURSDAY;LUNES
1996-06-17;1996-06-18;681.14;678.41;27;-0,40;SLL TUESDAY;LUNES
1996-06-24;1996-06-25;672.53;669.83;27;-0,40;SLL TUESDAY;LUNES
1996-07-01;1996-07-03;677.40;674.69;27;-0,40;SLL WEDNESDAY;LUNES
1996-07-08;1996-07-10;657.68;655.04;27;-0,40;SLL WEDNESDAY;LUNES
1996-07-15;1996-07-19;635.06;632.51;28;-0,40;SLL FRIDAY;LUNES
1996-07-22;1996-07-26;633.05;633.39;28;0,05;WEEKLY_CLOSE;LUNES
1996-07-29;1996-08-01;633.39;649.22;28;2,50;TPH THURSDAY;LUNES
1996-08-05;1996-08-09;667.84;678.31;27;1,57;WEEKLY_CLOSE;LUNES
1996-08-12;1996-08-13;678.31;675.59;27;-0,40;SLL TUESDAY;LUNES
1996-08-19;1996-08-20;672.28;669.59;27;-0,40;SLL TUESDAY;LUNES
1996-08-26;1996-08-29;677.57;674.85;27;-0,40;SLL THURSDAY;LUNES
1996-09-09;1996-09-12;664.22;680.82;27;2,50;TPH THURSDAY;LUNES
1996-09-16;1996-09-18;707.86;725.55;26;2,50;TPH WEDNESDAY;LUNES
1996-09-23;1996-09-27;743.42;744.73;26;0,18;WEEKLY_CLOSE;LUNES
1996-09-30;1996-10-04;744.73;759.12;26;1,93;WEEKLY_CLOSE;LUNES
1996-10-07;1996-10-08;759.12;756.08;26;-0,40;SLL TUESDAY;LUNES
1996-10-14;1996-10-15;765.64;784.78;25;2,50;TPH TUESDAY;LUNES
1996-10-21;1996-10-25;756.83;743.55;26;-1,75;WEEKLY_CLOSE;LUNES
1996-10-28;1996-10-29;743.55;740.57;26;-0,40;SLL TUESDAY;LUNES
1996-11-04;1996-11-06;755.51;774.39;26;2,50;TPH WEDNESDAY;LUNES
1996-11-11;1996-11-12;798.66;795.46;25;-0,40;SLL TUESDAY;LUNES
1996-11-18;1996-11-22;799.43;818.51;25;2,39;WEEKLY_CLOSE;LUNES
1996-11-25;1996-11-26;818.51;815.23;25;-0,40;SLL TUESDAY;LUNES
1996-12-02;1996-12-03;834.01;854.86;24;2,50;TPH TUESDAY;LUNES
1996-12-09;1996-12-10;827.21;856.64;25;3,56;OTP TUESDAY;LUNES
1996-12-16;1996-12-20;828.45;849.16;26;2,50;TPH FRIDAY;LUNES
1996-12-23;1996-12-24;834.05;835.40;26;0,16;WEEKLY_CLOSE;LUNES
1996-12-30;1996-12-31;835.19;821.36;26;-1,66;WEEKLY_CLOSE;LUNES
1997-01-06;1997-01-10;848.52;865.58;25;2,01;WEEKLY_CLOSE;LUNES
1997-01-13;1997-01-17;865.59;883.44;25;2,06;WEEKLY_CLOSE;LUNES
1997-01-20;1997-01-21;883.44;905.52;25;2,50;TPH TUESDAY;LUNES
1997-01-27;1997-01-31;898.37;920.82;25;2,50;TPH FRIDAY;LUNES
1997-02-03;1997-02-04;921.55;917.86;25;-0,40;SLL TUESDAY;LUNES
1997-02-10;1997-02-14;899.84;899.91;26;0,01;WEEKLY_CLOSE;LUNES
1997-02-24;1997-02-25;864.30;885.90;27;2,50;TPH TUESDAY;LUNES
1997-03-03;1997-03-05;850.46;871.72;28;2,50;TPH WEDNESDAY;LUNES
1997-03-10;1997-03-12;841.03;837.66;29;-0,40;SLL WEDNESDAY;LUNES
1997-03-17;1997-03-21;838.97;812.73;29;-3,13;WEEKLY_CLOSE;LUNES
1997-03-24;1997-03-26;812.73;833.04;29;2,50;TPH WEDNESDAY;LUNES
1997-03-31;1997-04-04;818.74;822.40;29;0,45;WEEKLY_CLOSE;LUNES
1997-04-07;1997-04-09;822.40;842.95;29;2,50;TPH WEDNESDAY;LUNES
1997-04-14;1997-04-15;789.97;809.71;31;2,50;TPH TUESDAY;LUNES
1997-04-21;1997-04-23;816.35;836.75;31;2,50;TPH WEDNESDAY;LUNES
1997-04-28;1997-04-29;818.57;839.03;31;2,50;TPH TUESDAY;LUNES
1997-05-05;1997-05-07;909.49;905.85;29;-0,40;SLL WEDNESDAY;LUNES
1997-05-12;1997-05-13;919.14;915.46;29;-0,40;SLL TUESDAY;LUNES
1997-05-19;1997-05-20;915.29;938.17;28;2,50;TPH TUESDAY;LUNES
1997-06-02;1997-06-03;958.85;955.01;28;-0,40;SLL TUESDAY;LUNES
1997-06-09;1997-06-10;945.01;941.22;28;-0,40;SLL TUESDAY;LUNES
1997-06-16;1997-06-17;964.40;988.50;27;2,50;TPH TUESDAY;LUNES
1997-06-23;1997-06-25;981.41;977.48;28;-0,40;SLL WEDNESDAY;LUNES
1997-06-30;1997-07-03;963.07;987.14;28;2,50;TPH THURSDAY;LUNES
1997-07-07;1997-07-09;986.52;1011.18;28;2,50;TPH WEDNESDAY;LUNES
1997-07-14;1997-07-16;1015.62;1059.00;28;4,27;OTP WEDNESDAY;LUNES
1997-07-21;1997-07-23;1070.99;1097.76;27;2,50;TPH WEDNESDAY;LUNES
1997-07-28;1997-08-01;1085.39;1112.52;28;2,50;TPH FRIDAY;LUNES
1997-08-04;1997-08-05;1108.95;1136.67;28;2,50;TPH TUESDAY;LUNES
1997-08-11;1997-08-15;1115.02;1076.67;28;-3,44;WEEKLY_CLOSE;LUNES
1997-08-18;1997-08-19;1076.65;1103.56;28;2,50;TPH TUESDAY;LUNES
1997-08-25;1997-08-26;1110.91;1106.46;28;-0,40;SLL TUESDAY;LUNES
1997-09-08;1997-09-10;1117.06;1112.59;28;-0,40;SLL WEDNESDAY;LUNES
1997-09-15;1997-09-19;1106.07;1118.68;28;1,14;WEEKLY_CLOSE;LUNES
1997-09-22;1997-09-24;1118.68;1114.20;28;-0,40;SLL WEDNESDAY;LUNES
1997-09-29;1997-09-30;1106.82;1102.39;28;-0,40;SLL TUESDAY;LUNES
1997-10-06;1997-10-09;1124.44;1152.55;27;2,50;TPH THURSDAY;LUNES
1997-10-13;1997-10-14;1137.77;1133.21;28;-0,40;SLL TUESDAY;LUNES
1997-10-20;1997-10-21;1075.12;1101.99;29;2,50;TPH TUESDAY;LUNES
1997-10-27;1997-10-31;1057.34;1019.62;30;-3,57;WEEKLY_CLOSE;LUNES
1997-11-03;1997-11-04;1019.62;1050.72;30;3,05;OTP TUESDAY;LUNES
1997-11-10;1997-11-14;1028.32;1027.85;31;-0,05;WEEKLY_CLOSE;LUNES
1997-11-17;1997-11-20;1027.85;1053.54;31;2,50;TPH THURSDAY;LUNES
1997-11-24;1997-11-26;1056.59;1044.24;31;-1,17;WEEKLY_CLOSE;LUNES
1997-12-01;1997-12-03;1050.51;1046.30;31;-0,40;SLL WEDNESDAY;LUNES
1997-12-08;1997-12-09;1070.27;1065.98;30;-0,40;SLL TUESDAY;LUNES
1997-12-15;1997-12-16;978.49;1002.95;33;2,50;TPH TUESDAY;LUNES
1997-12-22;1997-12-23;969.89;966.01;34;-0,40;SLL TUESDAY;LUNES
1997-12-29;1997-12-31;954.07;998.46;34;4,65;OTP WEDNESDAY;LUNES
1998-01-05;1998-01-06;1008.23;1004.19;34;-0,40;SLL TUESDAY;LUNES
1998-01-12;1998-01-13;956.19;980.09;35;2,50;TPH TUESDAY;LUNES
1998-01-26;1998-01-28;1024.47;1050.08;34;2,50;TPH WEDNESDAY;LUNES
1998-02-02;1998-02-04;1071.13;1111.25;33;3,75;OTP WEDNESDAY;LUNES
1998-02-09;1998-02-12;1134.32;1129.78;32;-0,40;SLL THURSDAY;LUNES
1998-02-23;1998-02-24;1159.73;1188.72;31;2,50;TPH TUESDAY;LUNES
1998-03-02;1998-03-06;1194.13;1163.11;31;-2,60;WEEKLY_CLOSE;LUNES
1998-03-09;1998-03-13;1163.11;1169.29;31;0,53;WEEKLY_CLOSE;LUNES
1998-03-16;1998-03-17;1169.37;1164.69;31;-0,40;SLL TUESDAY;LUNES
1998-03-23;1998-03-24;1169.43;1198.66;31;2,50;TPH TUESDAY;LUNES
1998-03-30;1998-04-03;1211.64;1233.66;31;1,82;WEEKLY_CLOSE;LUNES
1998-04-06;1998-04-09;1233.66;1196.90;31;-2,98;WEEKLY_CLOSE;LUNES
1998-04-13;1998-04-15;1196.99;1226.91;31;2,50;TPH WEDNESDAY;LUNES
1998-04-20;1998-04-21;1231.25;1262.03;30;2,50;TPH TUESDAY;LUNES
1998-04-27;1998-05-01;1250.14;1245.13;31;-0,40;SLL FRIDAY;LUNES
1998-05-04;1998-05-05;1251.53;1246.52;30;-0,40;SLL TUESDAY;LUNES
1998-05-11;1998-05-15;1254.03;1249.01;30;-0,40;SLL FRIDAY;LUNES
1998-05-18;1998-05-20;1249.49;1244.49;30;-0,40;SLL WEDNESDAY;LUNES
1998-06-01;1998-06-05;1192.07;1206.70;32;1,23;WEEKLY_CLOSE;LUNES
1998-06-08;1998-06-10;1206.70;1201.87;32;-0,40;SLL WEDNESDAY;LUNES
1998-06-15;1998-06-17;1186.99;1216.66;32;2,50;TPH WEDNESDAY;LUNES
1998-06-22;1998-06-23;1239.71;1270.70;31;2,50;TPH TUESDAY;LUNES
1998-06-29;1998-07-01;1320.94;1353.96;30;2,50;TPH WEDNESDAY;LUNES
1998-07-06;1998-07-08;1332.53;1365.84;30;2,50;TPH WEDNESDAY;LUNES
1998-07-13;1998-07-14;1391.11;1425.88;30;2,50;TPH TUESDAY;LUNES
1998-07-20;1998-07-21;1463.97;1458.11;29;-0,40;SLL TUESDAY;LUNES
1998-07-27;1998-07-28;1408.60;1402.96;30;-0,40;SLL TUESDAY;LUNES
1998-08-03;1998-08-07;1377.26;1364.07;31;-0,96;WEEKLY_CLOSE;LUNES
1998-08-10;1998-08-11;1364.08;1358.62;31;-0,40;SLL TUESDAY;LUNES
1998-08-17;1998-08-19;1330.04;1401.24;31;5,35;OTP WEDNESDAY;LUNES
1998-08-24;1998-08-26;1374.77;1369.27;32;-0,40;SLL WEDNESDAY;LUNES
1998-08-31;1998-09-04;1265.04;1205.41;34;-4,71;WEEKLY_CLOSE;LUNES
1998-09-14;1998-09-15;1290.20;1322.45;32;2,50;TPH TUESDAY;LUNES
1998-09-21;1998-09-22;1300.70;1333.21;33;2,50;TPH TUESDAY;LUNES
1998-09-28;1998-10-02;1390.09;1276.44;31;-8,18;WEEKLY_CLOSE;LUNES
1998-10-05;1998-10-09;1267.49;1197.87;31;-5,49;WEEKLY_CLOSE;LUNES
1998-10-12;1998-10-13;1198.42;1243.40;31;3,75;OTP TUESDAY;LUNES
1998-10-19;1998-10-20;1293.91;1288.73;30;-0,40;SLL TUESDAY;LUNES
1998-10-26;1998-10-27;1340.60;1374.11;29;2,50;TPH TUESDAY;LUNES
1998-11-02;1998-11-04;1400.52;1435.53;28;2,50;TPH WEDNESDAY;LUNES
1998-11-09;1998-11-11;1458.34;1494.79;28;2,50;TPH WEDNESDAY;LUNES
1998-11-16;1998-11-17;1465.22;1501.85;28;2,50;TPH TUESDAY;LUNES
1998-11-23;1998-11-25;1544.22;1582.82;28;2,50;TPH WEDNESDAY;LUNES
1998-11-30;1998-12-02;1628.38;1621.86;27;-0,40;SLL WEDNESDAY;LUNES
1998-12-07;1998-12-09;1630.01;1670.76;27;2,50;TPH WEDNESDAY;LUNES
1998-12-14;1998-12-18;1674.68;1716.54;26;2,50;TPH FRIDAY;LUNES
1998-12-21;1998-12-23;1735.60;1778.98;26;2,50;TPH WEDNESDAY;LUNES
1998-12-28;1998-12-31;1806.04;1836.01;26;1,66;WEEKLY_CLOSE;LUNES
1999-01-04;1999-01-05;1836.01;1881.91;26;2,50;TPH TUESDAY;LUNES
1999-01-11;1999-01-12;1973.66;1965.76;24;-0,40;SLL TUESDAY;LUNES
1999-01-25;1999-01-26;1964.21;2013.31;24;2,50;TPH TUESDAY;LUNES
1999-02-01;1999-02-02;2127.19;2118.68;23;-0,40;SLL TUESDAY;LUNES
1999-02-08;1999-02-09;1988.55;1980.59;25;-0,40;SLL TUESDAY;LUNES
1999-02-22;1999-02-23;1931.65;1996.02;25;3,33;OTP TUESDAY;LUNES
1999-03-01;1999-03-02;1925.97;1918.26;26;-0,40;SLL TUESDAY;LUNES
1999-03-08;1999-03-09;1969.87;2034.05;25;3,26;OTP TUESDAY;LUNES
1999-03-15;1999-03-17;2009.36;2073.14;26;3,17;OTP WEDNESDAY;LUNES
1999-03-22;1999-03-26;2053.69;2067.30;26;0,66;WEEKLY_CLOSE;LUNES
1999-03-29;1999-03-30;2067.30;2144.66;26;3,74;OTP TUESDAY;LUNES
1999-04-05;1999-04-06;2146.13;2219.64;26;3,43;OTP TUESDAY;LUNES
1999-04-12;1999-04-16;2232.47;2086.46;26;-6,54;WEEKLY_CLOSE;LUNES
1999-04-19;1999-04-22;2086.46;2138.62;26;2,50;TPH THURSDAY;LUNES
1999-04-26;1999-04-27;2210.45;2201.60;25;-0,40;SLL TUESDAY;LUNES
1999-05-03;1999-05-04;2136.39;2127.84;25;-0,40;SLL TUESDAY;LUNES
1999-05-10;1999-05-11;2117.73;2170.67;25;2,50;TPH TUESDAY;LUNES
1999-05-17;1999-05-18;2125.15;2178.27;26;2,50;TPH TUESDAY;LUNES
1999-05-24;1999-05-28;2114.40;2089.70;27;-1,17;WEEKLY_CLOSE;LUNES
1999-06-07;1999-06-08;2109.41;2100.97;26;-0,40;SLL TUESDAY;LUNES
1999-06-14;1999-06-16;2062.29;2113.84;27;2,50;TPH WEDNESDAY;LUNES
1999-06-21;1999-06-23;2205.46;2196.63;26;-0,40;SLL WEDNESDAY;LUNES
1999-06-28;1999-06-30;2185.76;2280.07;26;4,31;OTP WEDNESDAY;LUNES
1999-07-12;1999-07-13;2393.02;2383.44;25;-0,40;SLL TUESDAY;LUNES
1999-07-19;1999-07-23;2459.50;2302.02;24;-6,40;WEEKLY_CLOSE;LUNES
1999-07-26;1999-07-28;2302.02;2292.81;24;-0,40;SLL WEDNESDAY;LUNES
1999-08-02;1999-08-03;2270.93;2261.84;24;-0,40;SLL TUESDAY;LUNES
1999-08-09;1999-08-13;2212.15;2267.45;25;2,50;TPH FRIDAY;LUNES
1999-08-16;1999-08-17;2307.06;2297.83;24;-0,40;SLL TUESDAY;LUNES
1999-08-23;1999-08-24;2315.07;2385.84;24;3,06;OTP TUESDAY;LUNES
1999-08-30;1999-09-01;2402.57;2392.95;24;-0,40;SLL WEDNESDAY;LUNES
1999-09-13;1999-09-17;2533.36;2536.91;22;0,14;WEEKLY_CLOSE;LUNES
1999-09-20;1999-09-21;2541.16;2530.99;22;-0,40;SLL TUESDAY;LUNES
1999-09-27;1999-09-28;2401.27;2391.66;23;-0,40;SLL TUESDAY;LUNES
1999-10-04;1999-10-06;2406.45;2479.06;23;3,02;OTP WEDNESDAY;LUNES
1999-10-11;1999-10-12;2556.86;2546.63;23;-0,40;SLL TUESDAY;LUNES
1999-10-18;1999-10-20;2401.20;2461.22;24;2,50;TPH WEDNESDAY;LUNES
1999-10-25;1999-10-26;2488.16;2478.20;24;-0,40;SLL TUESDAY;LUNES
1999-11-01;1999-11-04;2637.04;2702.96;22;2,50;TPH THURSDAY;LUNES
1999-11-08;1999-11-09;2732.53;2800.84;22;2,50;TPH TUESDAY;LUNES
1999-11-15;1999-11-17;2891.58;2963.86;21;2,50;TPH WEDNESDAY;LUNES
1999-11-22;1999-11-23;3028.51;3016.39;21;-0,40;SLL TUESDAY;LUNES
1999-11-29;1999-12-03;3114.88;3192.75;20;2,50;TPH FRIDAY;LUNES
1999-12-06;1999-12-07;3172.31;3159.62;20;-0,40;SLL TUESDAY;LUNES
1999-12-13;1999-12-14;3198.35;3185.55;20;-0,40;SLL TUESDAY;LUNES
1999-12-20;1999-12-21;3361.97;3446.01;19;2,50;TPH TUESDAY;LUNES
1999-12-27;1999-12-28;3588.43;3574.07;18;-0,40;SLL TUESDAY;LUNES
2000-01-03;2000-01-04;3755.74;3740.71;17;-0,40;SLL TUESDAY;LUNES
2000-01-10;2000-01-11;3558.21;3715.22;18;4,41;OTP TUESDAY;LUNES
2000-01-24;2000-01-28;3888.33;3446.13;17;-11,37;WEEKLY_CLOSE;LUNES
2000-01-31;2000-02-01;3438.09;3580.29;17;4,14;OTP TUESDAY;LUNES
2000-02-07;2000-02-08;3873.43;3970.26;16;2,50;TPH TUESDAY;LUNES
2000-02-14;2000-02-15;3969.95;3954.07;16;-0,40;SLL TUESDAY;LUNES
2000-02-28;2000-03-01;4178.58;4283.04;15;2,50;TPH WEDNESDAY;LUNES
2000-03-06;2000-03-07;4448.48;4430.68;14;-0,40;SLL TUESDAY;LUNES
2000-03-13;2000-03-17;4585.16;4440.45;14;-3,16;WEEKLY_CLOSE;LUNES
2000-03-20;2000-03-22;4443.35;4554.43;14;2,50;TPH WEDNESDAY;LUNES
2000-03-27;2000-03-28;4687.60;4668.84;13;-0,40;SLL TUESDAY;LUNES
2000-04-03;2000-04-07;4355.70;4291.53;14;-1,47;WEEKLY_CLOSE;LUNES
2000-04-10;2000-04-14;4293.63;3205.70;14;-25,34;WEEKLY_CLOSE;LUNES
2000-04-17;2000-04-18;3194.50;3531.07;15;10,54;OTP TUESDAY;LUNES
2000-04-24;2000-04-25;3448.23;3534.43;15;2,50;TPH TUESDAY;LUNES
2000-05-01;2000-05-05;3789.20;3688.36;14;-2,66;WEEKLY_CLOSE;LUNES
2000-05-08;2000-05-12;3688.36;3406.25;14;-7,65;WEEKLY_CLOSE;LUNES
2000-05-15;2000-05-16;3404.56;3520.98;14;3,42;OTP TUESDAY;LUNES
2000-05-22;2000-05-23;3261.47;3248.42;15;-0,40;SLL TUESDAY;LUNES
2000-06-05;2000-06-06;3742.28;3727.31;13;-0,40;SLL TUESDAY;LUNES
2000-06-12;2000-06-14;3761.15;3746.10;13;-0,40;SLL WEDNESDAY;LUNES
2000-06-19;2000-06-20;3787.36;3933.70;13;3,86;OTP TUESDAY;LUNES
2000-06-26;2000-06-27;3685.30;3777.43;13;2,50;TPH TUESDAY;LUNES
2000-07-03;2000-07-05;3763.79;3748.73;14;-0,40;SLL WEDNESDAY;LUNES
2000-07-10;2000-07-13;3841.51;3937.54;13;2,50;TPH THURSDAY;LUNES
2000-07-17;2000-07-18;4041.15;4024.98;13;-0,40;SLL TUESDAY;LUNES
2000-07-24;2000-07-28;3908.75;3477.31;13;-11,04;WEEKLY_CLOSE;LUNES
2000-07-31;2000-08-01;3477.53;3609.35;13;3,79;OTP TUESDAY;LUNES
2000-08-07;2000-08-08;3618.63;3709.09;13;2,50;TPH TUESDAY;LUNES
2000-08-14;2000-08-15;3644.63;3735.74;13;2,50;TPH TUESDAY;LUNES
2000-08-21;2000-08-23;3809.86;3794.62;13;-0,40;SLL WEDNESDAY;LUNES
2000-08-28;2000-08-31;3933.33;4031.66;13;2,50;TPH THURSDAY;LUNES
2000-09-11;2000-09-15;3813.44;3676.33;13;-3,60;WEEKLY_CLOSE;LUNES
2000-09-18;2000-09-20;3676.33;3661.62;13;-0,40;SLL WEDNESDAY;LUNES
2000-09-25;2000-09-29;3753.31;3570.61;13;-4,87;WEEKLY_CLOSE;LUNES
2000-10-02;2000-10-06;3613.74;3311.94;13;-8,35;WEEKLY_CLOSE;LUNES
2000-10-09;2000-10-13;3306.75;3277.77;13;-0,88;WEEKLY_CLOSE;LUNES
2000-10-16;2000-10-17;3265.96;3252.89;13;-0,40;SLL TUESDAY;LUNES
2000-10-23;2000-10-24;3451.40;3437.59;12;-0,40;SLL TUESDAY;LUNES
2000-10-30;2000-10-31;3128.94;3207.16;13;2,50;TPH TUESDAY;LUNES
2000-11-06;2000-11-10;3346.15;2890.26;13;-13,62;WEEKLY_CLOSE;LUNES
2000-11-13;2000-11-14;2798.95;2952.62;13;5,49;OTP TUESDAY;LUNES
2000-11-20;2000-11-22;2838.29;2668.25;14;-5,99;WEEKLY_CLOSE;LUNES
2000-11-27;2000-12-01;2910.57;2549.74;13;-12,40;WEEKLY_CLOSE;LUNES
2000-12-04;2000-12-06;2572.88;2833.52;12;10,13;OTP WEDNESDAY;LUNES
2000-12-11;2000-12-12;2900.28;2888.67;12;-0,40;SLL TUESDAY;LUNES
2000-12-18;2000-12-22;2604.08;2436.26;13;-6,44;WEEKLY_CLOSE;LUNES
2001-01-08;2001-01-10;2245.44;2301.57;15;2,50;TPH WEDNESDAY;LUNES
2001-01-22;2001-01-23;2639.61;2629.05;13;-0,40;SLL TUESDAY;LUNES
2001-01-29;2001-01-30;2601.67;2701.34;13;3,83;OTP TUESDAY;LUNES
2001-02-05;2001-02-06;2447.72;2508.91;14;2,50;TPH TUESDAY;LUNES
2001-02-12;2001-02-13;2247.20;2315.46;16;3,04;OTP TUESDAY;LUNES
2001-02-26;2001-03-02;2088.03;1881.34;18;-9,90;WEEKLY_CLOSE;LUNES
2001-03-05;2001-03-06;1908.62;1983.28;17;3,91;OTP TUESDAY;LUNES
2001-03-12;2001-03-14;1758.06;1802.01;19;2,50;TPH WEDNESDAY;LUNES
2001-03-19;2001-03-20;1659.70;1742.99;21;5,02;OTP TUESDAY;LUNES
2001-03-26;2001-03-30;1735.53;1573.25;21;-9,35;WEEKLY_CLOSE;LUNES
2001-04-02;2001-04-06;1569.66;1448.16;21;-7,74;WEEKLY_CLOSE;LUNES
2001-04-09;2001-04-11;1472.81;1694.60;21;15,06;OTP WEDNESDAY;LUNES
2001-04-16;2001-04-18;1682.17;1760.05;21;4,63;OTP WEDNESDAY;LUNES
2001-04-23;2001-04-27;1881.52;1810.47;20;-3,78;WEEKLY_CLOSE;LUNES
2001-04-30;2001-05-01;1855.90;1848.47;19;-0,40;SLL TUESDAY;LUNES
2001-05-07;2001-05-08;1924.68;1916.98;18;-0,40;SLL TUESDAY;LUNES
2001-05-14;2001-05-16;1819.39;1864.87;19;2,50;TPH WEDNESDAY;LUNES
2001-05-21;2001-05-22;1931.29;2062.90;19;6,81;OTP TUESDAY;LUNES
2001-06-04;2001-06-05;1861.12;1907.64;21;2,50;TPH TUESDAY;LUNES
2001-06-11;2001-06-15;1885.17;1701.53;21;-9,74;WEEKLY_CLOSE;LUNES
2001-06-18;2001-06-19;1712.04;1705.19;21;-0,40;SLL TUESDAY;LUNES
2001-06-25;2001-06-27;1752.71;1745.69;20;-0,40;SLL WEDNESDAY;LUNES
2001-07-02;2001-07-03;1831.42;1822.16;19;-0,51;WEEKLY_CLOSE;LUNES
2001-07-09;2001-07-10;1680.88;1674.15;21;-0,40;SLL TUESDAY;LUNES
2001-07-16;2001-07-20;1743.09;1676.46;20;-3,82;WEEKLY_CLOSE;LUNES
2001-07-23;2001-07-27;1695.20;1683.18;20;-0,71;WEEKLY_CLOSE;LUNES
2001-07-30;2001-08-01;1689.21;1731.44;20;2,50;TPH WEDNESDAY;LUNES
2001-08-06;2001-08-10;1705.88;1617.45;20;-5,18;WEEKLY_CLOSE;LUNES
2001-08-13;2001-08-14;1627.34;1668.02;20;2,50;TPH TUESDAY;LUNES
2001-08-20;2001-08-21;1518.19;1512.11;22;-0,40;SLL TUESDAY;LUNES
2001-08-27;2001-08-28;1576.16;1569.85;21;-0,40;SLL TUESDAY;LUNES
2001-09-10;2001-09-21;1342.08;1126.95;24;-16,03;WEEKLY_CLOSE;LUNES
2001-09-24;2001-09-25;1166.72;1195.88;24;2,50;TPH TUESDAY;LUNES
2001-10-01;2001-10-03;1161.74;1190.78;24;2,50;TPH WEDNESDAY;LUNES
2001-10-08;2001-10-09;1249.32;1244.32;23;-0,40;SLL TUESDAY;LUNES
2001-10-15;2001-10-16;1370.20;1404.45;21;2,50;TPH TUESDAY;LUNES
2001-10-22;2001-10-23;1340.96;1397.27;22;4,20;OTP TUESDAY;LUNES
2001-10-29;2001-11-02;1445.64;1425.78;21;-1,37;WEEKLY_CLOSE;LUNES
2001-11-05;2001-11-06;1453.94;1490.28;21;2,50;TPH TUESDAY;LUNES
2001-11-12;2001-11-13;1511.77;1566.48;20;3,62;OTP TUESDAY;LUNES
2001-11-19;2001-11-20;1597.80;1591.40;20;-0,40;SLL TUESDAY;LUNES
2001-11-26;2001-11-27;1590.05;1583.68;20;-0,40;SLL TUESDAY;LUNES
2001-12-03;2001-12-04;1576.26;1615.66;20;2,50;TPH TUESDAY;LUNES
2001-12-10;2001-12-12;1658.47;1651.83;19;-0,40;SLL WEDNESDAY;LUNES
2001-12-17;2001-12-19;1607.08;1647.25;20;2,50;TPH WEDNESDAY;LUNES
2001-12-24;2001-12-28;1581.16;1620.68;21;2,50;TPH FRIDAY;LUNES
2001-12-31;2002-01-03;1617.35;1657.78;21;2,50;TPH THURSDAY;LUNES
2002-01-07;2002-01-09;1691.36;1684.59;20;-0,40;SLL WEDNESDAY;LUNES
2002-01-14;2002-01-18;1624.91;1548.22;21;-4,72;WEEKLY_CLOSE;LUNES
2002-01-28;2002-01-29;1573.39;1567.09;21;-0,40;SLL TUESDAY;LUNES
2002-02-04;2002-02-08;1526.32;1452.17;21;-4,86;WEEKLY_CLOSE;LUNES
2002-02-11;2002-02-13;1451.13;1487.40;21;2,50;TPH WEDNESDAY;LUNES
2002-02-25;2002-02-26;1366.44;1416.10;23;3,63;OTP TUESDAY;LUNES
2002-03-04;2002-03-05;1434.69;1484.83;23;3,49;OTP TUESDAY;LUNES
2002-03-11;2002-03-15;1542.09;1495.41;22;-3,03;WEEKLY_CLOSE;LUNES
2002-03-18;2002-03-19;1511.83;1505.78;22;-0,40;SLL TUESDAY;LUNES
2002-03-25;2002-03-28;1473.62;1452.81;22;-1,41;WEEKLY_CLOSE;LUNES
2002-04-01;2002-04-02;1440.38;1434.61;22;-0,40;SLL TUESDAY;LUNES
2002-04-08;2002-04-09;1346.77;1397.59;24;3,77;OTP TUESDAY;LUNES
2002-04-15;2002-04-16;1358.76;1392.72;25;2,50;TPH TUESDAY;LUNES
2002-04-22;2002-04-26;1365.34;1250.89;25;-8,38;WEEKLY_CLOSE;LUNES
2002-04-29;2002-04-30;1256.58;1287.99;25;2,50;TPH TUESDAY;LUNES
2002-05-06;2002-05-08;1191.53;1221.31;27;2,50;TPH WEDNESDAY;LUNES
2002-05-13;2002-05-14;1200.69;1287.73;27;7,25;OTP TUESDAY;LUNES
2002-05-20;2002-05-24;1309.83;1253.03;27;-4,34;WEEKLY_CLOSE;LUNES
2002-06-03;2002-06-07;1205.20;1140.24;28;-5,39;WEEKLY_CLOSE;LUNES
2002-06-10;2002-06-11;1142.51;1137.93;28;-0,40;SLL TUESDAY;LUNES
2002-06-17;2002-06-18;1126.54;1154.70;28;2,50;TPH TUESDAY;LUNES
2002-06-24;2002-06-25;1023.06;1070.62;32;4,65;OTP TUESDAY;LUNES
2002-07-01;2002-07-03;1044.48;995.68;33;-4,67;WEEKLY_CLOSE;LUNES
2002-07-08;2002-07-12;1051.27;1000.82;31;-4,80;WEEKLY_CLOSE;LUNES
2002-07-15;2002-07-16;990.98;1015.75;31;2,50;TPH TUESDAY;LUNES
2002-07-22;2002-07-26;958.34;910.91;33;-4,95;WEEKLY_CLOSE;LUNES
2002-07-29;2002-07-30;935.05;958.42;32;2,50;TPH TUESDAY;LUNES
2002-08-05;2002-08-06;889.49;911.72;35;2,50;TPH TUESDAY;LUNES
2002-08-12;2002-08-13;925.68;921.97;34;-0,40;SLL TUESDAY;LUNES
2002-08-19;2002-08-21;997.39;1022.32;31;2,50;TPH WEDNESDAY;LUNES
2002-08-26;2002-08-27;1017.62;1013.54;31;-0,40;SLL TUESDAY;LUNES
2002-09-09;2002-09-10;913.68;936.52;35;2,50;TPH TUESDAY;LUNES
2002-09-16;2002-09-17;919.10;915.42;35;-0,40;SLL TUESDAY;LUNES
2002-09-23;2002-09-25;860.99;857.54;38;-0,40;SLL WEDNESDAY;LUNES
2002-09-30;2002-10-01;848.72;869.93;38;2,50;TPH TUESDAY;LUNES
2002-10-07;2002-10-08;813.06;809.80;41;-0,40;SLL TUESDAY;LUNES
2002-10-14;2002-10-15;878.75;941.46;37;7,14;OTP TUESDAY;LUNES
2002-10-21;2002-10-22;945.86;969.50;37;2,50;TPH TUESDAY;LUNES
2002-10-28;2002-11-01;1007.72;1019.06;36;1,13;WEEKLY_CLOSE;LUNES
2002-11-04;2002-11-06;1049.49;1045.29;35;-0,40;SLL WEDNESDAY;LUNES
2002-11-11;2002-11-14;1004.41;1029.52;36;2,50;TPH THURSDAY;LUNES
2002-11-18;2002-11-21;1073.89;1100.73;34;2,50;TPH THURSDAY;LUNES
2002-11-25;2002-11-26;1118.01;1113.53;34;-0,40;SLL TUESDAY;LUNES
2002-12-02;2002-12-06;1144.21;1065.97;33;-6,84;WEEKLY_CLOSE;LUNES
2002-12-09;2002-12-13;1054.87;1005.85;33;-4,65;WEEKLY_CLOSE;LUNES
2002-12-16;2002-12-19;1011.89;1007.84;33;-0,40;SLL THURSDAY;LUNES
2002-12-23;2002-12-24;1012.46;1023.29;33;1,07;WEEKLY_CLOSE;LUNES
2002-12-30;2002-12-31;999.39;984.36;34;-1,50;WEEKLY_CLOSE;LUNES
2003-01-06;2003-01-09;1034.02;1059.87;32;2,50;TPH THURSDAY;LUNES
2003-01-13;2003-01-15;1101.24;1096.83;31;-0,40;SLL WEDNESDAY;LUNES
2003-01-27;2003-01-29;985.08;981.13;34;-0,40;SLL WEDNESDAY;LUNES
2003-02-03;2003-02-07;987.37;957.05;34;-3,07;WEEKLY_CLOSE;LUNES
2003-02-10;2003-02-11;961.69;985.73;34;2,50;TPH TUESDAY;LUNES
2003-02-24;2003-02-28;1009.14;1009.74;33;0,06;WEEKLY_CLOSE;LUNES
2003-03-03;2003-03-07;1015.87;986.82;33;-2,86;WEEKLY_CLOSE;LUNES
2003-03-10;2003-03-13;977.95;1002.39;33;2,50;TPH THURSDAY;LUNES
2003-03-17;2003-03-18;1021.97;1075.30;32;5,22;OTP TUESDAY;LUNES
2003-03-24;2003-03-26;1064.65;1060.39;33;-0,40;SLL WEDNESDAY;LUNES
2003-03-31;2003-04-01;1028.43;1024.31;34;-0,40;SLL TUESDAY;LUNES
2003-04-07;2003-04-11;1089.93;1026.15;31;-5,85;WEEKLY_CLOSE;LUNES
2003-04-14;2003-04-15;1028.00;1053.69;31;2,50;TPH TUESDAY;LUNES
2003-04-21;2003-04-23;1083.75;1110.84;30;2,50;TPH WEDNESDAY;LUNES
2003-04-28;2003-04-29;1086.58;1113.74;31;2,50;TPH TUESDAY;LUNES
2003-05-05;2003-05-07;1139.60;1135.04;30;-0,40;SLL WEDNESDAY;LUNES
2003-05-12;2003-05-16;1141.08;1154.48;30;1,17;WEEKLY_CLOSE;LUNES
2003-05-19;2003-05-23;1146.74;1130.05;30;-1,46;WEEKLY_CLOSE;LUNES
2003-06-02;2003-06-06;1210.77;1254.64;28;3,62;OTP FRIDAY;LUNES
2003-06-09;2003-06-11;1206.95;1202.12;29;-0,40;SLL WEDNESDAY;LUNES
2003-06-16;2003-06-18;1211.58;1241.86;29;2,50;TPH WEDNESDAY;LUNES
2003-06-23;2003-06-27;1220.19;1215.30;30;-0,40;SLL FRIDAY;LUNES
2003-06-30;2003-07-02;1212.51;1242.82;30;2,50;TPH WEDNESDAY;LUNES
2003-07-07;2003-07-08;1250.03;1281.28;29;2,50;TPH TUESDAY;LUNES
2003-07-14;2003-07-15;1301.19;1295.98;29;-0,40;SLL TUESDAY;LUNES
2003-07-21;2003-07-22;1256.12;1251.09;30;-0,40;SLL TUESDAY;LUNES
2003-07-28;2003-07-29;1281.50;1276.37;29;-0,40;SLL TUESDAY;LUNES
2003-08-04;2003-08-05;1263.62;1258.56;29;-0,40;SLL TUESDAY;LUNES
2003-08-11;2003-08-12;1209.35;1239.58;31;2,50;TPH TUESDAY;LUNES
2003-08-18;2003-08-20;1258.18;1289.63;30;2,50;TPH WEDNESDAY;LUNES
2003-08-25;2003-08-26;1302.50;1297.29;30;-0,40;SLL TUESDAY;LUNES
2003-09-08;2003-09-12;1366.55;1357.63;28;-0,65;WEEKLY_CLOSE;LUNES
2003-09-15;2003-09-18;1359.97;1393.96;28;2,50;TPH THURSDAY;LUNES
2003-09-22;2003-09-23;1371.18;1365.69;28;-0,40;SLL TUESDAY;LUNES
2003-09-29;2003-09-30;1318.33;1313.05;29;-0,40;SLL TUESDAY;LUNES
2003-10-06;2003-10-09;1378.20;1412.65;28;2,50;TPH THURSDAY;LUNES
2003-10-13;2003-10-14;1412.37;1406.72;28;-0,40;SLL TUESDAY;LUNES
2003-10-20;2003-10-22;1395.41;1389.82;28;-0,40;SLL WEDNESDAY;LUNES
2003-10-27;2003-10-28;1378.95;1413.42;28;2,50;TPH TUESDAY;LUNES
2003-11-03;2003-11-05;1423.13;1417.43;28;-0,40;SLL WEDNESDAY;LUNES
2003-11-10;2003-11-13;1435.87;1430.12;28;-0,40;SLL THURSDAY;LUNES
2003-11-17;2003-11-18;1399.38;1393.78;28;-0,40;SLL TUESDAY;LUNES
2003-11-24;2003-11-25;1385.20;1419.83;29;2,50;TPH TUESDAY;LUNES
2003-12-01;2003-12-03;1434.10;1428.36;28;-0,40;SLL WEDNESDAY;LUNES
2003-12-08;2003-12-09;1406.02;1400.39;29;-0,40;SLL TUESDAY;LUNES
2003-12-15;2003-12-19;1442.05;1426.17;28;-1,10;WEEKLY_CLOSE;LUNES
2003-12-22;2003-12-24;1422.79;1443.19;28;1,43;WEEKLY_CLOSE;LUNES
2003-12-29;2003-12-31;1447.62;1467.92;28;1,40;WEEKLY_CLOSE;LUNES
2004-01-05;2004-01-07;1474.55;1511.41;28;2,50;TPH WEDNESDAY;LUNES
2004-01-12;2004-01-13;1524.54;1518.44;27;-0,40;SLL TUESDAY;LUNES
2004-01-26;2004-01-27;1526.57;1520.46;27;-0,40;SLL TUESDAY;LUNES
2004-02-02;2004-02-06;1497.78;1498.95;27;0,08;WEEKLY_CLOSE;LUNES
2004-02-09;2004-02-11;1502.32;1496.31;27;-0,40;SLL WEDNESDAY;LUNES
2004-02-23;2004-02-27;1488.28;1470.38;28;-1,20;WEEKLY_CLOSE;LUNES
2004-03-01;2004-03-05;1476.04;1472.99;27;-0,21;WEEKLY_CLOSE;LUNES
2004-03-08;2004-03-12;1476.85;1431.40;27;-3,08;WEEKLY_CLOSE;LUNES
2004-03-15;2004-03-18;1423.15;1417.45;27;-0,40;SLL THURSDAY;LUNES
2004-03-22;2004-03-23;1386.76;1381.21;28;-0,40;SLL TUESDAY;LUNES
2004-03-29;2004-04-02;1429.54;1482.33;27;3,69;OTP FRIDAY;LUNES
2004-04-05;2004-04-07;1488.45;1482.49;27;-0,40;SLL WEDNESDAY;LUNES
2004-04-12;2004-04-13;1489.59;1483.63;27;-0,40;SLL TUESDAY;LUNES
2004-04-19;2004-04-20;1448.89;1443.09;27;-0,40;SLL TUESDAY;LUNES
2004-04-26;2004-04-30;1496.67;1401.36;26;-6,37;WEEKLY_CLOSE;LUNES
2004-05-03;2004-05-06;1409.06;1403.42;26;-0,40;SLL THURSDAY;LUNES
2004-05-10;2004-05-12;1395.21;1389.62;26;-0,40;SLL WEDNESDAY;LUNES
2004-05-17;2004-05-19;1379.99;1414.48;27;2,50;TPH WEDNESDAY;LUNES
2004-05-24;2004-05-26;1418.77;1454.23;26;2,50;TPH WEDNESDAY;LUNES
2004-06-07;2004-06-10;1465.56;1481.27;26;1,07;WEEKLY_CLOSE;LUNES
2004-06-14;2004-06-17;1470.62;1464.73;26;-0,40;SLL THURSDAY;LUNES
2004-06-21;2004-06-25;1467.98;1498.38;26;2,07;WEEKLY_CLOSE;LUNES
2004-06-28;2004-07-01;1507.32;1501.29;26;-0,40;SLL THURSDAY;LUNES
2004-07-12;2004-07-16;1429.91;1424.19;27;-0,40;SLL FRIDAY;LUNES
2004-07-19;2004-07-21;1398.92;1393.32;28;-0,40;SLL WEDNESDAY;LUNES
2004-07-26;2004-07-27;1376.80;1371.29;28;-0,40;SLL TUESDAY;LUNES
2004-08-02;2004-08-03;1390.21;1384.64;28;-0,40;SLL TUESDAY;LUNES
2004-08-09;2004-08-11;1320.83;1315.54;29;-0,40;SLL WEDNESDAY;LUNES
2004-08-16;2004-08-17;1309.50;1342.23;29;2,50;TPH TUESDAY;LUNES
2004-08-23;2004-08-24;1370.51;1365.02;29;-0,40;SLL TUESDAY;LUNES
2004-08-30;2004-09-03;1383.12;1377.58;28;-0,40;SLL FRIDAY;LUNES
2004-09-13;2004-09-17;1417.84;1426.30;27;0,60;WEEKLY_CLOSE;LUNES
2004-09-20;2004-09-22;1417.39;1411.72;27;-0,40;SLL WEDNESDAY;LUNES
2004-09-27;2004-09-28;1389.94;1384.38;28;-0,40;SLL TUESDAY;LUNES
2004-10-04;2004-10-06;1463.22;1457.36;26;-0,40;SLL WEDNESDAY;LUNES
2004-10-11;2004-10-13;1435.54;1429.79;27;-0,40;SLL WEDNESDAY;LUNES
2004-10-18;2004-10-19;1428.08;1463.78;27;2,50;TPH TUESDAY;LUNES
2004-10-25;2004-10-26;1435.68;1429.93;27;-0,40;SLL TUESDAY;LUNES
2004-11-01;2004-11-03;1486.25;1523.40;26;2,50;TPH WEDNESDAY;LUNES
2004-11-08;2004-11-10;1525.13;1519.02;26;-0,40;SLL WEDNESDAY;LUNES
2004-11-15;2004-11-16;1554.31;1548.09;25;-0,40;SLL TUESDAY;LUNES
2004-11-22;2004-11-24;1551.16;1582.55;25;2,02;WEEKLY_CLOSE;LUNES
2004-11-29;2004-12-03;1586.46;1626.12;25;2,50;TPH FRIDAY;LUNES
2004-12-06;2004-12-07;1612.33;1605.88;25;-0,40;SLL TUESDAY;LUNES
2004-12-13;2004-12-16;1617.53;1611.05;25;-0,40;SLL THURSDAY;LUNES
2004-12-20;2004-12-21;1603.84;1597.42;25;-0,40;SLL TUESDAY;LUNES
2004-12-27;2004-12-31;1621.33;1621.12;25;-0,01;WEEKLY_CLOSE;LUNES
2005-01-03;2005-01-07;1628.75;1564.81;25;-3,93;WEEKLY_CLOSE;LUNES
2005-01-10;2005-01-11;1561.23;1554.98;25;-0,40;SLL TUESDAY;LUNES
2005-01-24;2005-01-26;1507.79;1501.75;26;-0,40;SLL WEDNESDAY;LUNES
2005-01-31;2005-02-03;1515.16;1509.09;25;-0,40;SLL THURSDAY;LUNES
2005-02-07;2005-02-08;1534.48;1528.34;25;-0,40;SLL TUESDAY;LUNES
2005-02-14;2005-02-17;1531.19;1525.06;25;-0,40;SLL THURSDAY;LUNES
2005-02-28;2005-03-03;1517.06;1510.99;25;-0,40;SLL THURSDAY;LUNES
2005-03-07;2005-03-10;1524.04;1517.94;25;-0,40;SLL THURSDAY;LUNES
2005-03-14;2005-03-15;1509.19;1503.15;25;-0,40;SLL TUESDAY;LUNES
2005-03-21;2005-03-22;1483.16;1477.22;25;-0,40;SLL TUESDAY;LUNES
2005-03-28;2005-03-29;1476.40;1470.49;25;-0,40;SLL TUESDAY;LUNES
2005-04-04;2005-04-08;1469.42;1485.60;25;1,10;WEEKLY_CLOSE;LUNES
2005-04-11;2005-04-15;1490.43;1408.59;25;-5,49;WEEKLY_CLOSE;LUNES
2005-04-18;2005-04-21;1406.30;1441.45;25;2,50;TPH THURSDAY;LUNES
2005-04-25;2005-04-26;1430.99;1425.26;25;-0,40;SLL TUESDAY;LUNES
2005-05-02;2005-05-06;1421.90;1456.00;25;2,40;WEEKLY_CLOSE;LUNES
2005-05-09;2005-05-10;1455.68;1449.85;25;-0,40;SLL TUESDAY;LUNES
2005-05-16;2005-05-18;1470.31;1507.06;25;2,50;TPH WEDNESDAY;LUNES
2005-05-23;2005-05-27;1526.97;1549.80;24;1,50;WEEKLY_CLOSE;LUNES
2005-06-06;2005-06-07;1544.96;1538.78;24;-0,40;SLL TUESDAY;LUNES
2005-06-13;2005-06-15;1519.61;1513.53;25;-0,40;SLL WEDNESDAY;LUNES
2005-06-20;2005-06-23;1529.65;1523.53;24;-0,40;SLL THURSDAY;LUNES
2005-06-27;2005-07-01;1497.29;1491.30;25;-0,40;SLL FRIDAY;LUNES
2005-07-11;2005-07-14;1536.45;1574.86;24;2,50;TPH THURSDAY;LUNES
2005-07-18;2005-07-22;1573.62;1600.76;24;1,72;WEEKLY_CLOSE;LUNES
2005-07-25;2005-07-26;1600.62;1594.21;24;-0,40;SLL TUESDAY;LUNES
2005-08-01;2005-08-05;1609.74;1603.30;24;-0,40;SLL FRIDAY;LUNES
2005-08-08;2005-08-10;1604.23;1597.81;24;-0,40;SLL WEDNESDAY;LUNES
2005-08-15;2005-08-16;1587.59;1581.23;24;-0,40;SLL TUESDAY;LUNES
2005-08-22;2005-08-23;1577.15;1570.84;24;-0,40;SLL TUESDAY;LUNES
2005-08-29;2005-09-02;1551.36;1573.12;24;1,40;WEEKLY_CLOSE;LUNES
2005-09-12;2005-09-14;1607.60;1601.16;24;-0,40;SLL WEDNESDAY;LUNES
2005-09-19;2005-09-20;1595.08;1588.69;24;-0,40;SLL TUESDAY;LUNES
2005-09-26;2005-09-27;1581.16;1574.83;24;-0,40;SLL TUESDAY;LUNES
2005-10-03;2005-10-04;1603.47;1597.05;23;-0,40;SLL TUESDAY;LUNES
2005-10-10;2005-10-11;1554.74;1548.52;24;-0,40;SLL TUESDAY;LUNES
2005-10-17;2005-10-18;1544.58;1538.40;24;-0,40;SLL TUESDAY;LUNES
2005-10-24;2005-10-27;1570.33;1564.04;24;-0,40;SLL THURSDAY;LUNES
2005-10-31;2005-11-02;1559.84;1598.83;24;2,50;TPH WEDNESDAY;LUNES
2005-11-07;2005-11-08;1630.76;1624.23;23;-0,40;SLL TUESDAY;LUNES
2005-11-14;2005-11-15;1653.65;1647.03;23;-0,40;SLL TUESDAY;LUNES
2005-11-21;2005-11-23;1678.70;1696.77;22;1,08;WEEKLY_CLOSE;LUNES
2005-11-28;2005-12-02;1702.40;1709.10;22;0,39;WEEKLY_CLOSE;LUNES
2005-12-05;2005-12-07;1704.12;1697.30;22;-0,40;SLL WEDNESDAY;LUNES
2005-12-12;2005-12-15;1698.15;1691.35;22;-0,40;SLL THURSDAY;LUNES
2005-12-19;2005-12-23;1692.21;1685.44;22;-0,40;SLL FRIDAY;LUNES
2006-01-09;2006-01-13;1734.50;1746.78;21;0,71;WEEKLY_CLOSE;LUNES
2006-01-23;2006-01-25;1681.46;1674.73;22;-0,40;SLL WEDNESDAY;LUNES
2006-01-30;2006-01-31;1712.84;1705.98;22;-0,40;SLL TUESDAY;LUNES
2006-02-06;2006-02-08;1663.71;1657.05;22;-0,40;SLL WEDNESDAY;LUNES
2006-02-13;2006-02-14;1653.76;1647.14;22;-0,40;SLL TUESDAY;LUNES
2006-02-27;2006-02-28;1681.45;1674.72;22;-0,40;SLL TUESDAY;LUNES
2006-03-06;2006-03-10;1688.87;1648.23;22;-2,41;WEEKLY_CLOSE;LUNES
2006-03-13;2006-03-17;1655.35;1685.66;21;1,83;WEEKLY_CLOSE;LUNES
2006-03-20;2006-03-21;1690.90;1684.13;21;-0,40;SLL TUESDAY;LUNES
2006-03-27;2006-03-28;1678.93;1672.21;21;-0,40;SLL TUESDAY;LUNES
2006-04-03;2006-04-04;1715.12;1708.25;21;-0,40;SLL TUESDAY;LUNES
2006-04-10;2006-04-11;1724.65;1717.75;21;-0,40;SLL TUESDAY;LUNES
2006-04-17;2006-04-21;1710.91;1704.06;21;-0,40;SLL FRIDAY;LUNES
2006-04-24;2006-04-25;1706.51;1699.68;21;-0,40;SLL TUESDAY;LUNES
2006-05-01;2006-05-05;1706.80;1713.84;20;0,41;WEEKLY_CLOSE;LUNES
2006-05-08;2006-05-12;1713.74;1635.81;20;-4,55;WEEKLY_CLOSE;LUNES
2006-05-15;2006-05-16;1629.25;1622.73;21;-0,40;SLL TUESDAY;LUNES
2006-05-22;2006-05-23;1587.98;1581.62;21;-0,40;SLL TUESDAY;LUNES
2006-06-05;2006-06-09;1606.11;1550.97;21;-3,43;WEEKLY_CLOSE;LUNES
2006-06-12;2006-06-16;1553.65;1562.84;21;0,59;WEEKLY_CLOSE;LUNES
2006-06-19;2006-06-22;1568.38;1562.10;21;-0,40;SLL THURSDAY;LUNES
2006-06-26;2006-06-27;1553.48;1547.26;21;-0,40;SLL TUESDAY;LUNES
2006-07-03;2006-07-07;1580.63;1533.71;20;-2,97;WEEKLY_CLOSE;LUNES
2006-07-10;2006-07-14;1538.78;1462.17;20;-4,98;WEEKLY_CLOSE;LUNES
2006-07-17;2006-07-18;1462.39;1456.54;20;-0,40;SLL TUESDAY;LUNES
2006-07-24;2006-07-26;1459.39;1495.87;20;2,50;TPH WEDNESDAY;LUNES
2006-07-31;2006-08-04;1506.81;1500.78;20;-0,40;SLL FRIDAY;LUNES
2006-08-07;2006-08-08;1501.43;1495.42;20;-0,40;SLL TUESDAY;LUNES
2006-08-14;2006-08-16;1500.65;1546.48;20;3,05;OTP WEDNESDAY;LUNES
2006-08-21;2006-08-22;1566.16;1559.89;19;-0,40;SLL TUESDAY;LUNES
2006-08-28;2006-09-01;1557.21;1589.47;19;2,07;WEEKLY_CLOSE;LUNES
2006-09-11;2006-09-12;1563.08;1602.15;20;2,50;TPH TUESDAY;LUNES
2006-09-18;2006-09-19;1631.48;1624.95;19;-0,40;SLL TUESDAY;LUNES
2006-09-25;2006-09-29;1631.34;1654.13;19;1,40;WEEKLY_CLOSE;LUNES
2006-10-02;2006-10-06;1650.32;1684.88;19;2,09;WEEKLY_CLOSE;LUNES
2006-10-09;2006-10-11;1683.20;1676.46;19;-0,40;SLL WEDNESDAY;LUNES
2006-10-16;2006-10-20;1728.23;1709.58;19;-1,08;WEEKLY_CLOSE;LUNES
2006-10-23;2006-10-27;1706.18;1717.61;19;0,67;WEEKLY_CLOSE;LUNES
2006-10-30;2006-11-01;1715.79;1708.92;19;-0,40;SLL WEDNESDAY;LUNES
2006-11-06;2006-11-08;1712.03;1754.83;19;2,50;TPH WEDNESDAY;LUNES
2006-11-13;2006-11-15;1751.84;1795.63;19;2,50;TPH WEDNESDAY;LUNES
2006-11-20;2006-11-22;1795.68;1819.76;19;1,34;WEEKLY_CLOSE;LUNES
2006-11-27;2006-12-01;1810.91;1775.12;19;-1,98;WEEKLY_CLOSE;LUNES
2006-12-04;2006-12-08;1782.60;1786.21;19;0,20;WEEKLY_CLOSE;LUNES
2006-12-11;2006-12-12;1786.21;1779.06;19;-0,40;SLL TUESDAY;LUNES
2006-12-18;2006-12-22;1812.93;1748.61;18;-3,55;WEEKLY_CLOSE;LUNES
2007-01-08;2007-01-09;1786.39;1779.24;18;-0,40;SLL TUESDAY;LUNES
2007-01-22;2007-01-25;1800.33;1793.12;18;-0,40;SLL THURSDAY;LUNES
2007-01-29;2007-02-02;1771.05;1798.13;18;1,53;WEEKLY_CLOSE;LUNES
2007-02-05;2007-02-06;1796.48;1789.29;18;-0,40;SLL TUESDAY;LUNES
2007-02-12;2007-02-13;1787.11;1779.96;18;-0,40;SLL TUESDAY;LUNES
2007-02-26;2007-03-02;1848.48;1726.03;17;-6,62;WEEKLY_CLOSE;LUNES
2007-03-05;2007-03-09;1726.03;1744.74;17;1,08;WEEKLY_CLOSE;LUNES
2007-03-12;2007-03-13;1742.98;1736.00;17;-0,40;SLL TUESDAY;LUNES
2007-03-19;2007-03-21;1752.19;1795.99;17;2,50;TPH WEDNESDAY;LUNES
2007-03-26;2007-03-27;1796.01;1788.82;17;-0,40;SLL TUESDAY;LUNES
2007-04-02;2007-04-05;1775.92;1812.94;17;2,08;WEEKLY_CLOSE;LUNES
2007-04-09;2007-04-11;1818.75;1811.47;17;-0,40;SLL WEDNESDAY;LUNES
2007-04-16;2007-04-20;1823.69;1845.89;17;1,22;WEEKLY_CLOSE;LUNES
2007-04-23;2007-04-26;1848.49;1894.70;17;2,50;TPH THURSDAY;LUNES
2007-04-30;2007-05-04;1891.81;1895.70;17;0,21;WEEKLY_CLOSE;LUNES
2007-05-07;2007-05-08;1896.10;1888.51;17;-0,40;SLL TUESDAY;LUNES
2007-05-14;2007-05-18;1902.10;1896.93;17;-0,27;WEEKLY_CLOSE;LUNES
2007-05-21;2007-05-24;1899.60;1892.00;17;-0,40;SLL THURSDAY;LUNES
2007-06-04;2007-06-06;1921.95;1914.26;16;-0,40;SLL WEDNESDAY;LUNES
2007-06-11;2007-06-13;1904.91;1897.29;16;-0,40;SLL WEDNESDAY;LUNES
2007-06-18;2007-06-20;1947.79;1939.99;16;-0,40;SLL WEDNESDAY;LUNES
2007-06-25;2007-06-26;1924.18;1916.48;16;-0,40;SLL TUESDAY;LUNES
2007-07-02;2007-07-03;1943.28;1965.20;16;1,13;WEEKLY_CLOSE;LUNES
2007-07-09;2007-07-13;1989.76;2032.16;16;2,13;WEEKLY_CLOSE;LUNES
2007-07-16;2007-07-18;2030.34;2022.21;16;-0,40;SLL WEDNESDAY;LUNES
2007-07-23;2007-07-27;2043.82;1956.19;15;-4,29;WEEKLY_CLOSE;LUNES
2007-07-30;2007-07-31;1961.78;1953.93;15;-0,40;SLL TUESDAY;LUNES
2007-08-06;2007-08-08;1931.38;1979.66;16;2,50;TPH WEDNESDAY;LUNES
2007-08-13;2007-08-14;1941.41;1933.64;16;-0,40;SLL TUESDAY;LUNES
2007-08-20;2007-08-22;1891.13;1938.40;16;2,50;TPH WEDNESDAY;LUNES
2007-08-27;2007-08-31;1954.88;1988.73;16;1,73;WEEKLY_CLOSE;LUNES
2007-09-10;2007-09-14;1975.67;2000.82;16;1,27;WEEKLY_CLOSE;LUNES
2007-09-17;2007-09-21;1993.50;2043.33;16;2,50;TPH FRIDAY;LUNES
2007-09-24;2007-09-28;2054.77;2091.11;16;1,77;WEEKLY_CLOSE;LUNES
2007-10-01;2007-10-05;2092.60;2144.91;16;2,50;TPH FRIDAY;LUNES
2007-10-08;2007-10-11;2151.11;2142.50;16;-0,40;SLL THURSDAY;LUNES
2007-10-15;2007-10-17;2182.06;2173.33;16;-0,40;SLL WEDNESDAY;LUNES
2007-10-22;2007-10-24;2121.01;2187.03;16;3,11;OTP WEDNESDAY;LUNES
2007-10-29;2007-10-30;2202.96;2194.14;16;-0,40;SLL TUESDAY;LUNES
2007-11-05;2007-11-07;2193.06;2184.28;16;-0,40;SLL WEDNESDAY;LUNES
2007-11-12;2007-11-14;2028.91;2090.67;17;3,04;OTP WEDNESDAY;LUNES
2007-11-19;2007-11-21;2040.17;2006.38;17;-1,66;WEEKLY_CLOSE;LUNES
2007-11-26;2007-11-28;2033.24;2084.07;17;2,50;TPH WEDNESDAY;LUNES
2007-12-03;2007-12-07;2080.10;2132.10;17;2,50;TPH FRIDAY;LUNES
2007-12-10;2007-12-11;2131.67;2123.14;17;-0,40;SLL TUESDAY;LUNES
2007-12-17;2007-12-21;2064.45;2111.77;18;2,29;WEEKLY_CLOSE;LUNES
2007-12-24;2007-12-27;2113.12;2104.66;18;-0,40;SLL THURSDAY;LUNES
2007-12-31;2008-01-04;2097.91;1963.52;18;-6,41;WEEKLY_CLOSE;LUNES
2008-01-07;2008-01-08;1971.28;1963.39;18;-0,40;SLL TUESDAY;LUNES
2008-01-14;2008-01-18;1940.33;1844.09;18;-4,96;WEEKLY_CLOSE;LUNES
2008-01-28;2008-01-30;1788.14;1832.84;18;2,50;TPH WEDNESDAY;LUNES
2008-02-04;2008-02-08;1854.62;1773.74;18;-4,36;WEEKLY_CLOSE;LUNES
2008-02-11;2008-02-12;1780.36;1773.23;18;-0,40;SLL TUESDAY;LUNES
2008-02-25;2008-02-26;1773.05;1765.95;18;-0,40;SLL TUESDAY;LUNES
2008-03-03;2008-03-06;1743.92;1736.94;18;-0,40;SLL THURSDAY;LUNES
2008-03-10;2008-03-11;1705.55;1698.72;19;-0,40;SLL TUESDAY;LUNES
2008-03-17;2008-03-18;1680.54;1722.55;19;2,50;TPH TUESDAY;LUNES
2008-03-24;2008-03-25;1760.14;1816.33;18;3,19;OTP TUESDAY;LUNES
2008-03-31;2008-04-01;1772.96;1817.28;19;2,50;TPH TUESDAY;LUNES
2008-04-07;2008-04-11;1878.30;1798.72;18;-4,24;WEEKLY_CLOSE;LUNES
2008-04-14;2008-04-15;1796.77;1789.58;18;-0,40;SLL TUESDAY;LUNES
2008-04-21;2008-04-22;1892.97;1885.39;17;-0,40;SLL TUESDAY;LUNES
2008-04-28;2008-04-30;1920.53;1912.84;17;-0,40;SLL WEDNESDAY;LUNES
2008-05-05;2008-05-07;1980.84;1972.91;16;-0,40;SLL WEDNESDAY;LUNES
2008-05-12;2008-05-14;1969.50;2018.73;16;2,50;TPH WEDNESDAY;LUNES
2008-05-19;2008-05-23;2031.82;1958.96;16;-3,59;WEEKLY_CLOSE;LUNES
2008-06-02;2008-06-06;2026.58;2018.47;15;-0,40;SLL FRIDAY;LUNES
2008-06-09;2008-06-13;1995.37;1966.01;16;-1,47;WEEKLY_CLOSE;LUNES
2008-06-16;2008-06-18;1954.04;1946.22;16;-0,40;SLL WEDNESDAY;LUNES
2008-06-23;2008-06-27;1936.71;1855.72;16;-4,18;WEEKLY_CLOSE;LUNES
2008-06-30;2008-07-02;1852.83;1845.41;16;-0,40;SLL WEDNESDAY;LUNES
2008-07-07;2008-07-08;1834.28;1826.94;16;-0,40;SLL TUESDAY;LUNES
2008-07-14;2008-07-18;1834.86;1823.23;16;-0,63;WEEKLY_CLOSE;LUNES
2008-07-21;2008-07-24;1831.86;1824.53;16;-0,40;SLL THURSDAY;LUNES
2008-07-28;2008-07-30;1841.32;1833.95;16;-0,40;SLL WEDNESDAY;LUNES
2008-08-04;2008-08-06;1825.68;1871.32;16;2,50;TPH WEDNESDAY;LUNES
2008-08-11;2008-08-15;1921.76;1969.80;15;2,50;TPH FRIDAY;LUNES
2008-08-18;2008-08-22;1962.17;1931.47;15;-1,56;WEEKLY_CLOSE;LUNES
2008-08-25;2008-08-29;1918.45;1872.54;15;-2,39;WEEKLY_CLOSE;LUNES
2008-09-08;2008-09-12;1794.08;1767.13;16;-1,50;WEEKLY_CLOSE;LUNES
2008-09-15;2008-09-19;1721.78;1764.82;16;2,50;TPH FRIDAY;LUNES
2008-09-22;2008-09-26;1742.52;1672.04;17;-4,04;WEEKLY_CLOSE;LUNES
2008-09-29;2008-10-03;1638.38;1470.84;17;-10,23;WEEKLY_CLOSE;LUNES
2008-10-06;2008-10-10;1431.01;1269.80;17;-11,27;WEEKLY_CLOSE;LUNES
2008-10-13;2008-10-14;1338.60;1470.85;17;9,88;OTP TUESDAY;LUNES
2008-10-20;2008-10-21;1329.68;1324.36;18;-0,40;SLL TUESDAY;LUNES
2008-10-27;2008-10-28;1182.62;1177.88;21;-0,40;SLL TUESDAY;LUNES
2008-11-03;2008-11-04;1333.19;1366.51;18;2,50;TPH TUESDAY;LUNES
2008-11-10;2008-11-14;1297.97;1179.63;19;-9,12;WEEKLY_CLOSE;LUNES
2008-11-17;2008-11-18;1157.54;1152.90;20;-0,40;SLL TUESDAY;LUNES
2008-11-24;2008-11-25;1106.02;1164.36;20;5,27;OTP TUESDAY;LUNES
2008-12-01;2008-12-05;1156.53;1177.87;20;1,85;WEEKLY_CLOSE;LUNES
2008-12-08;2008-12-09;1202.78;1232.84;20;2,50;TPH TUESDAY;LUNES
2008-12-15;2008-12-16;1206.88;1237.05;20;2,50;TPH TUESDAY;LUNES
2008-12-22;2008-12-24;1212.31;1184.30;21;-2,31;WEEKLY_CLOSE;LUNES
2008-12-29;2008-12-30;1185.96;1181.21;21;-0,40;SLL TUESDAY;LUNES
2009-01-05;2009-01-06;1254.70;1286.06;20;2,50;TPH TUESDAY;LUNES
2009-01-12;2009-01-16;1225.12;1198.14;20;-2,20;WEEKLY_CLOSE;LUNES
2009-01-26;2009-01-28;1177.44;1213.84;21;3,09;OTP WEDNESDAY;LUNES
2009-02-02;2009-02-04;1168.13;1215.64;22;4,07;OTP WEDNESDAY;LUNES
2009-02-09;2009-02-13;1276.72;1236.85;21;-3,12;WEEKLY_CLOSE;LUNES
2009-02-23;2009-02-27;1180.10;1116.99;22;-5,35;WEEKLY_CLOSE;LUNES
2009-03-02;2009-03-04;1098.99;1094.59;22;-0,40;SLL WEDNESDAY;LUNES
2009-03-09;2009-03-10;1058.85;1085.32;23;2,50;TPH TUESDAY;LUNES
2009-03-16;2009-03-18;1177.33;1206.76;21;2,50;TPH WEDNESDAY;LUNES
2009-03-23;2009-03-25;1213.12;1208.26;21;-0,40;SLL WEDNESDAY;LUNES
2009-03-30;2009-04-02;1230.89;1274.41;20;3,54;OTP THURSDAY;LUNES
2009-04-06;2009-04-09;1301.43;1333.96;20;2,50;TPH THURSDAY;LUNES
2009-04-13;2009-04-16;1333.72;1328.38;20;-0,40;SLL THURSDAY;LUNES
2009-04-20;2009-04-23;1330.18;1324.85;20;-0,40;SLL THURSDAY;LUNES
2009-04-27;2009-04-29;1359.88;1393.87;19;2,50;TPH WEDNESDAY;LUNES
2009-05-04;2009-05-06;1407.65;1402.01;19;-0,40;SLL WEDNESDAY;LUNES
2009-05-11;2009-05-12;1375.05;1369.54;19;-0,40;SLL TUESDAY;LUNES
2009-05-18;2009-05-19;1367.05;1401.22;19;2,50;TPH TUESDAY;LUNES
2009-06-01;2009-06-02;1451.37;1487.65;19;2,50;TPH TUESDAY;LUNES
2009-06-08;2009-06-10;1482.21;1476.28;19;-0,40;SLL WEDNESDAY;LUNES
2009-06-15;2009-06-19;1472.77;1471.23;19;-0,10;WEEKLY_CLOSE;LUNES
2009-06-22;2009-06-26;1455.78;1480.20;19;1,68;WEEKLY_CLOSE;LUNES
2009-06-29;2009-06-30;1483.66;1477.72;19;-0,40;SLL TUESDAY;LUNES
2009-07-06;2009-07-07;1435.40;1429.65;19;-0,40;SLL TUESDAY;LUNES
2009-07-13;2009-07-15;1423.20;1473.59;19;3,54;OTP WEDNESDAY;LUNES
2009-07-20;2009-07-23;1534.39;1572.74;19;2,50;TPH THURSDAY;LUNES
2009-07-27;2009-07-28;1597.02;1590.63;18;-0,40;SLL TUESDAY;LUNES
2009-08-03;2009-08-05;1619.24;1612.76;18;-0,40;SLL WEDNESDAY;LUNES
2009-08-10;2009-08-14;1612.73;1606.27;18;-0,40;SLL FRIDAY;LUNES
2009-08-17;2009-08-21;1583.29;1622.87;18;2,50;TPH FRIDAY;LUNES
2009-08-24;2009-08-26;1641.45;1634.88;18;-0,40;SLL WEDNESDAY;LUNES
2009-08-31;2009-09-04;1628.21;1638.07;18;0,61;WEEKLY_CLOSE;LUNES
2009-09-14;2009-09-16;1673.55;1715.38;18;2,50;TPH WEDNESDAY;LUNES
2009-09-21;2009-09-24;1717.37;1710.50;18;-0,40;SLL THURSDAY;LUNES
2009-09-28;2009-09-30;1702.95;1696.13;18;-0,40;SLL WEDNESDAY;LUNES
2009-10-05;2009-10-06;1668.70;1710.41;18;2,50;TPH TUESDAY;LUNES
2009-10-12;2009-10-13;1732.75;1725.81;18;-0,40;SLL TUESDAY;LUNES
2009-10-19;2009-10-23;1741.43;1753.63;17;0,70;WEEKLY_CLOSE;LUNES
2009-10-26;2009-10-30;1756.50;1667.13;17;-5,09;WEEKLY_CLOSE;LUNES
2009-11-02;2009-11-03;1667.06;1660.39;17;-0,40;SLL TUESDAY;LUNES
2009-11-09;2009-11-11;1743.55;1787.13;17;2,50;TPH WEDNESDAY;LUNES
2009-11-16;2009-11-19;1794.88;1787.70;16;-0,40;SLL THURSDAY;LUNES
2009-11-23;2009-11-25;1782.92;1793.67;16;0,60;WEEKLY_CLOSE;LUNES
2009-11-30;2009-12-04;1762.99;1791.91;17;1,64;WEEKLY_CLOSE;LUNES
2009-12-07;2009-12-11;1791.35;1792.06;17;0,04;WEEKLY_CLOSE;LUNES
2009-12-14;2009-12-15;1802.28;1795.07;17;-0,40;SLL TUESDAY;LUNES
2009-12-21;2009-12-24;1818.39;1863.84;16;2,50;TPH THURSDAY;LUNES
2009-12-28;2009-12-31;1874.71;1867.21;16;-0,40;SLL THURSDAY;LUNES
2010-01-04;2010-01-06;1882.69;1875.15;16;-0,40;SLL WEDNESDAY;LUNES
2010-01-11;2010-01-15;1896.05;1864.52;16;-1,66;WEEKLY_CLOSE;LUNES
2010-01-25;2010-01-27;1806.60;1799.37;16;-0,40;SLL WEDNESDAY;LUNES
2010-02-01;2010-02-04;1745.91;1738.92;17;-0,40;SLL THURSDAY;LUNES
2010-02-08;2010-02-12;1744.02;1779.11;17;2,01;WEEKLY_CLOSE;LUNES
2010-02-22;2010-02-26;1828.69;1818.68;16;-0,55;WEEKLY_CLOSE;LUNES
2010-03-01;2010-03-05;1826.62;1872.28;16;2,50;TPH FRIDAY;LUNES
2010-03-08;2010-03-12;1888.04;1924.43;16;1,93;WEEKLY_CLOSE;LUNES
2010-03-15;2010-03-19;1918.14;1932.43;16;0,74;WEEKLY_CLOSE;LUNES
2010-03-22;2010-03-25;1922.73;1970.79;16;2,50;TPH THURSDAY;LUNES
2010-03-29;2010-04-01;1960.63;1952.78;16;-0,40;SLL THURSDAY;LUNES
2010-04-05;2010-04-09;1964.03;1994.43;16;1,55;WEEKLY_CLOSE;LUNES
2010-04-12;2010-04-13;1995.35;1987.36;16;-0,40;SLL TUESDAY;LUNES
2010-04-19;2010-04-22;2011.40;2003.35;16;-0,40;SLL THURSDAY;LUNES
2010-04-26;2010-04-30;2054.84;2000.63;15;-2,64;WEEKLY_CLOSE;LUNES
2010-05-03;2010-05-04;2010.94;2002.89;15;-0,40;SLL TUESDAY;LUNES
2010-05-10;2010-05-13;1931.52;1979.80;16;2,50;TPH THURSDAY;LUNES
2010-05-17;2010-05-18;1911.38;1903.73;17;-0,40;SLL TUESDAY;LUNES
2010-05-24;2010-05-26;1818.46;1811.18;17;-0,40;SLL WEDNESDAY;LUNES
2010-06-07;2010-06-11;1839.77;1847.15;17;0,40;WEEKLY_CLOSE;LUNES
2010-06-14;2010-06-16;1862.70;1909.26;17;2,50;TPH WEDNESDAY;LUNES
2010-06-21;2010-06-25;1939.77;1838.52;17;-5,22;WEEKLY_CLOSE;LUNES
2010-06-28;2010-07-02;1843.27;1728.34;16;-6,24;WEEKLY_CLOSE;LUNES
2010-07-12;2010-07-14;1814.49;1859.85;16;2,50;TPH WEDNESDAY;LUNES
2010-07-19;2010-07-22;1807.99;1853.18;16;2,50;TPH THURSDAY;LUNES
2010-07-26;2010-07-28;1875.77;1868.26;16;-0,40;SLL WEDNESDAY;LUNES
2010-08-02;2010-08-06;1886.61;1879.06;16;-0,40;SLL FRIDAY;LUNES
2010-08-09;2010-08-13;1911.38;1818.80;15;-4,84;WEEKLY_CLOSE;LUNES
2010-08-16;2010-08-17;1806.97;1852.14;16;2,50;TPH TUESDAY;LUNES
2010-08-23;2010-08-27;1833.33;1791.64;16;-2,27;WEEKLY_CLOSE;LUNES
2010-08-30;2010-09-02;1785.98;1830.62;16;2,50;TPH THURSDAY;LUNES
2010-09-13;2010-09-17;1908.75;1955.83;15;2,47;WEEKLY_CLOSE;LUNES
2010-09-20;2010-09-24;1962.15;2011.20;15;2,50;TPH FRIDAY;LUNES
2010-09-27;2010-09-30;2021.68;2013.59;15;-0,40;SLL THURSDAY;LUNES
2010-10-04;2010-10-08;1990.13;2027.03;15;1,85;WEEKLY_CLOSE;LUNES
2010-10-11;2010-10-12;2028.53;2020.41;15;-0,40;SLL TUESDAY;LUNES
2010-10-18;2010-10-21;2100.21;2091.80;14;-0,40;SLL THURSDAY;LUNES
2010-10-25;2010-10-29;2113.23;2124.45;14;0,53;WEEKLY_CLOSE;LUNES
2010-11-01;2010-11-04;2135.57;2188.95;14;2,50;TPH THURSDAY;LUNES
2010-11-08;2010-11-09;2179.70;2170.98;14;-0,40;SLL TUESDAY;LUNES
2010-11-15;2010-11-19;2147.06;2135.27;14;-0,55;WEEKLY_CLOSE;LUNES
2010-11-22;2010-11-23;2126.40;2117.89;14;-0,40;SLL TUESDAY;LUNES
2010-11-29;2010-12-03;2144.04;2191.17;14;2,20;WEEKLY_CLOSE;LUNES
2010-12-06;2010-12-08;2192.12;2183.35;14;-0,40;SLL WEDNESDAY;LUNES
2010-12-13;2010-12-17;2223.89;2218.29;14;-0,25;WEEKLY_CLOSE;LUNES
2010-12-20;2010-12-23;2225.41;2230.27;14;0,22;WEEKLY_CLOSE;LUNES
2010-12-27;2010-12-31;2223.76;2214.86;14;-0,40;SLL FRIDAY;LUNES
2011-01-03;2011-01-07;2238.66;2276.70;14;1,70;WEEKLY_CLOSE;LUNES
2011-01-10;2011-01-14;2270.65;2323.43;14;2,32;WEEKLY_CLOSE;LUNES
2011-01-24;2011-01-27;2271.73;2328.52;14;2,50;TPH THURSDAY;LUNES
2011-01-31;2011-02-04;2274.22;2331.07;14;2,50;TPH FRIDAY;LUNES
2011-02-07;2011-02-11;2340.44;2379.15;14;1,65;WEEKLY_CLOSE;LUNES
2011-02-14;2011-02-18;2379.52;2392.47;14;0,54;WEEKLY_CLOSE;LUNES
2011-02-28;2011-03-01;2354.87;2345.45;14;-0,40;SLL TUESDAY;LUNES
2011-03-07;2011-03-11;2367.92;2299.26;14;-2,90;WEEKLY_CLOSE;LUNES
2011-03-14;2011-03-18;2286.77;2221.07;14;-2,87;WEEKLY_CLOSE;LUNES
2011-03-21;2011-03-23;2250.89;2241.88;14;-0,40;SLL WEDNESDAY;LUNES
2011-03-28;2011-04-01;2325.13;2342.92;14;0,77;WEEKLY_CLOSE;LUNES
2011-04-04;2011-04-06;2347.71;2338.31;14;-0,40;SLL WEDNESDAY;LUNES
2011-04-11;2011-04-15;2330.26;2307.58;14;-0,97;WEEKLY_CLOSE;LUNES
2011-04-18;2011-04-21;2281.92;2381.20;14;4,35;OTP THURSDAY;LUNES
2011-04-25;2011-04-29;2377.91;2404.08;14;1,10;WEEKLY_CLOSE;LUNES
2011-05-02;2011-05-03;2410.24;2400.59;14;-0,40;SLL TUESDAY;LUNES
2011-05-09;2011-05-12;2384.20;2374.66;14;-0,40;SLL THURSDAY;LUNES
2011-05-16;2011-05-19;2368.47;2358.99;14;-0,40;SLL THURSDAY;LUNES
2011-05-23;2011-05-24;2318.16;2308.88;14;-0,40;SLL TUESDAY;LUNES
2011-06-06;2011-06-07;2288.61;2279.45;14;-0,40;SLL TUESDAY;LUNES
2011-06-13;2011-06-15;2225.21;2216.30;15;-0,40;SLL WEDNESDAY;LUNES
2011-06-20;2011-06-21;2187.21;2241.89;15;2,50;TPH TUESDAY;LUNES
2011-06-27;2011-06-28;2217.63;2273.07;15;2,50;TPH TUESDAY;LUNES
2011-07-11;2011-07-15;2380.56;2356.67;14;-1,00;WEEKLY_CLOSE;LUNES
2011-07-18;2011-07-21;2346.53;2405.19;14;2,50;TPH THURSDAY;LUNES
2011-07-25;2011-07-27;2408.65;2399.01;14;-0,40;SLL WEDNESDAY;LUNES
2011-08-01;2011-08-05;2391.42;2194.38;14;-8,24;WEEKLY_CLOSE;LUNES
2011-08-08;2011-08-11;2127.87;2181.06;15;2,50;TPH THURSDAY;LUNES
2011-08-15;2011-08-16;2189.49;2180.73;15;-0,40;SLL TUESDAY;LUNES
2011-08-22;2011-08-24;2084.27;2136.37;15;2,50;TPH WEDNESDAY;LUNES
2011-08-29;2011-08-30;2188.67;2243.38;15;2,50;TPH TUESDAY;LUNES
2011-09-12;2011-09-13;2145.78;2199.42;16;2,50;TPH TUESDAY;LUNES
2011-09-19;2011-09-20;2277.64;2334.58;15;2,50;TPH TUESDAY;LUNES
2011-09-26;2011-09-27;2216.66;2272.07;16;2,50;TPH TUESDAY;LUNES
2011-10-03;2011-10-05;2128.02;2119.50;17;-0,40;SLL WEDNESDAY;LUNES
2011-10-10;2011-10-11;2241.17;2297.19;16;2,50;TPH TUESDAY;LUNES
2011-10-17;2011-10-21;2359.53;2335.93;15;-1,00;WEEKLY_CLOSE;LUNES
2011-10-24;2011-10-25;2341.71;2332.34;15;-0,40;SLL TUESDAY;LUNES
2011-10-31;2011-11-04;2376.99;2356.32;15;-0,87;WEEKLY_CLOSE;LUNES
2011-11-07;2011-11-09;2353.82;2344.40;15;-0,40;SLL WEDNESDAY;LUNES
2011-11-14;2011-11-16;2350.91;2341.50;15;-0,40;SLL WEDNESDAY;LUNES
2011-11-21;2011-11-23;2219.88;2166.54;16;-2,40;WEEKLY_CLOSE;LUNES
2011-11-28;2011-12-01;2207.68;2294.27;16;3,92;OTP THURSDAY;LUNES
2011-12-05;2011-12-06;2336.55;2327.20;15;-0,40;SLL TUESDAY;LUNES
2011-12-12;2011-12-13;2295.43;2286.24;16;-0,40;SLL TUESDAY;LUNES
2011-12-19;2011-12-21;2244.37;2235.39;16;-0,40;SLL WEDNESDAY;LUNES
2012-01-09;2012-01-13;2362.53;2353.07;15;-0,40;SLL FRIDAY;LUNES
2012-01-23;2012-01-27;2437.06;2461.77;14;1,01;WEEKLY_CLOSE;LUNES
2012-01-30;2012-02-02;2438.52;2499.48;14;2,50;TPH THURSDAY;LUNES
2012-02-06;2012-02-10;2519.33;2547.32;14;1,11;WEEKLY_CLOSE;LUNES
2012-02-13;2012-02-14;2564.93;2554.67;14;-0,40;SLL TUESDAY;LUNES
2012-02-27;2012-03-02;2589.44;2641.58;14;2,01;WEEKLY_CLOSE;LUNES
2012-03-05;2012-03-09;2636.60;2646.85;14;0,39;WEEKLY_CLOSE;LUNES
2012-03-12;2012-03-14;2646.98;2713.15;14;2,50;TPH WEDNESDAY;LUNES
2012-03-19;2012-03-23;2716.98;2728.55;14;0,43;WEEKLY_CLOSE;LUNES
2012-03-26;2012-03-30;2746.98;2755.27;14;0,30;WEEKLY_CLOSE;LUNES
2012-04-02;2012-04-04;2752.25;2741.24;14;-0,40;SLL WEDNESDAY;LUNES
2012-04-09;2012-04-10;2726.08;2715.17;14;-0,40;SLL TUESDAY;LUNES
2012-04-16;2012-04-19;2713.89;2703.03;14;-0,40;SLL THURSDAY;LUNES
2012-04-23;2012-04-24;2651.13;2640.52;14;-0,40;SLL TUESDAY;LUNES
2012-04-30;2012-05-03;2731.26;2720.33;14;-0,40;SLL THURSDAY;LUNES
2012-05-07;2012-05-08;2622.67;2612.17;14;-0,40;SLL TUESDAY;LUNES
2012-05-14;2012-05-15;2593.75;2583.37;14;-0,40;SLL TUESDAY;LUNES
2012-05-21;2012-05-23;2482.31;2544.36;15;2,50;TPH WEDNESDAY;LUNES
2012-06-04;2012-06-06;2458.97;2520.44;15;2,50;TPH WEDNESDAY;LUNES
2012-06-11;2012-06-15;2578.73;2571.23;15;-0,29;WEEKLY_CLOSE;LUNES
2012-06-18;2012-06-21;2570.98;2560.69;15;-0,40;SLL THURSDAY;LUNES
2012-06-25;2012-06-28;2562.98;2552.72;15;-0,40;SLL THURSDAY;LUNES
2012-07-02;2012-07-03;2616.52;2645.84;15;1,12;WEEKLY_CLOSE;LUNES
2012-07-09;2012-07-10;2610.38;2599.93;15;-0,40;SLL TUESDAY;LUNES
2012-07-16;2012-07-17;2579.96;2569.64;15;-0,40;SLL TUESDAY;LUNES
2012-07-23;2012-07-24;2575.29;2564.98;15;-0,40;SLL TUESDAY;LUNES
2012-07-30;2012-08-01;2649.78;2639.18;14;-0,40;SLL WEDNESDAY;LUNES
2012-08-06;2012-08-10;2686.38;2722.96;14;1,36;WEEKLY_CLOSE;LUNES
2012-08-13;2012-08-17;2721.49;2780.30;14;2,16;WEEKLY_CLOSE;LUNES
2012-08-20;2012-08-21;2777.71;2766.59;14;-0,40;SLL TUESDAY;LUNES
2012-08-27;2012-08-29;2792.00;2780.83;14;-0,40;SLL WEDNESDAY;LUNES
2012-09-10;2012-09-14;2821.03;2855.23;14;1,21;WEEKLY_CLOSE;LUNES
2012-09-17;2012-09-20;2857.52;2846.08;14;-0,40;SLL THURSDAY;LUNES
2012-09-24;2012-09-25;2836.35;2825.00;14;-0,40;SLL TUESDAY;LUNES
2012-10-01;2012-10-02;2811.45;2800.20;14;-0,40;SLL TUESDAY;LUNES
2012-10-08;2012-10-12;2797.33;2720.14;14;-2,76;WEEKLY_CLOSE;LUNES
2012-10-15;2012-10-19;2729.20;2718.28;14;-0,40;SLL FRIDAY;LUNES
2012-10-22;2012-10-23;2678.89;2668.17;14;-0,40;SLL TUESDAY;LUNES
2012-11-05;2012-11-07;2657.73;2647.09;14;-0,40;SLL WEDNESDAY;LUNES
2012-11-12;2012-11-16;2596.57;2534.16;14;-2,40;WEEKLY_CLOSE;LUNES
2012-11-19;2012-11-21;2564.23;2600.48;14;1,41;WEEKLY_CLOSE;LUNES
2012-11-26;2012-11-28;2634.43;2623.89;14;-0,40;SLL WEDNESDAY;LUNES
2012-12-03;2012-12-07;2697.44;2640.54;13;-2,11;WEEKLY_CLOSE;LUNES
2012-12-10;2012-12-14;2634.54;2624.00;13;-0,40;SLL FRIDAY;LUNES
2012-12-17;2012-12-18;2629.76;2695.50;13;2,50;TPH TUESDAY;LUNES
2012-12-24;2012-12-26;2658.65;2648.01;14;-0,40;SLL WEDNESDAY;LUNES
2012-12-31;2013-01-02;2600.92;2727.67;14;4,87;OTP WEDNESDAY;LUNES
2013-01-07;2013-01-11;2713.44;2748.26;14;1,28;WEEKLY_CLOSE;LUNES
2013-01-14;2013-01-16;2733.46;2722.52;14;-0,40;SLL WEDNESDAY;LUNES
2013-01-28;2013-01-29;2737.62;2726.66;14;-0,40;SLL TUESDAY;LUNES
2013-02-04;2013-02-07;2749.40;2738.40;14;-0,40;SLL THURSDAY;LUNES
2013-02-11;2013-02-12;2774.44;2763.34;13;-0,40;SLL TUESDAY;LUNES
2013-02-25;2013-03-01;2756.19;2747.75;13;-0,31;WEEKLY_CLOSE;LUNES
2013-03-04;2013-03-08;2738.21;2804.11;14;2,41;WEEKLY_CLOSE;LUNES
2013-03-11;2013-03-15;2798.13;2799.41;14;0,05;WEEKLY_CLOSE;LUNES
2013-03-18;2013-03-22;2771.53;2800.81;14;1,06;WEEKLY_CLOSE;LUNES
2013-03-25;2013-03-26;2810.75;2799.50;14;-0,40;SLL TUESDAY;LUNES
2013-04-01;2013-04-03;2819.78;2808.50;13;-0,40;SLL WEDNESDAY;LUNES
2013-04-08;2013-04-10;2772.30;2841.60;14;2,50;TPH WEDNESDAY;LUNES
2013-04-15;2013-04-19;2841.26;2780.46;14;-2,14;WEEKLY_CLOSE;LUNES
2013-04-22;2013-04-26;2791.77;2840.55;14;1,75;WEEKLY_CLOSE;LUNES
2013-04-29;2013-05-03;2849.54;2938.74;14;3,13;OTP FRIDAY;LUNES
2013-05-06;2013-05-10;2948.90;2981.02;13;1,09;WEEKLY_CLOSE;LUNES
2013-05-13;2013-05-17;2972.96;3028.96;13;1,88;WEEKLY_CLOSE;LUNES
2013-05-20;2013-05-22;3019.28;3007.20;13;-0,40;SLL WEDNESDAY;LUNES
2013-06-03;2013-06-04;2984.59;2972.65;14;-0,40;SLL TUESDAY;LUNES
2013-06-10;2013-06-14;2995.03;2943.86;13;-1,71;WEEKLY_CLOSE;LUNES
2013-06-17;2013-06-21;2967.33;2877.94;13;-3,01;WEEKLY_CLOSE;LUNES
2013-06-24;2013-06-27;2852.65;2923.96;13;2,50;TPH THURSDAY;LUNES
2013-07-01;2013-07-02;2933.48;2921.74;13;-0,40;SLL TUESDAY;LUNES
2013-07-08;2013-07-11;2976.61;3051.02;13;2,50;TPH THURSDAY;LUNES
2013-07-15;2013-07-19;3077.02;3044.93;13;-1,04;WEEKLY_CLOSE;LUNES
2013-07-22;2013-07-23;3061.50;3049.25;13;-0,40;SLL TUESDAY;LUNES
2013-07-29;2013-08-02;3067.48;3143.52;13;2,48;WEEKLY_CLOSE;LUNES
2013-08-05;2013-08-06;3136.77;3124.22;13;-0,40;SLL TUESDAY;LUNES
2013-08-12;2013-08-16;3107.06;3073.91;13;-1,07;WEEKLY_CLOSE;LUNES
2013-08-19;2013-08-21;3074.38;3062.08;13;-0,40;SLL WEDNESDAY;LUNES
2013-08-26;2013-08-30;3127.01;3073.81;13;-1,70;WEEKLY_CLOSE;LUNES
2013-09-09;2013-09-13;3146.02;3178.28;12;1,03;WEEKLY_CLOSE;LUNES
2013-09-16;2013-09-18;3203.19;3190.37;12;-0,40;SLL WEDNESDAY;LUNES
2013-09-23;2013-09-27;3242.32;3230.30;12;-0,37;WEEKLY_CLOSE;LUNES
2013-09-30;2013-10-04;3190.40;3242.57;12;1,64;WEEKLY_CLOSE;LUNES
2013-10-07;2013-10-08;3215.76;3202.89;12;-0,40;SLL TUESDAY;LUNES
2013-10-14;2013-10-17;3213.38;3293.71;12;2,50;TPH THURSDAY;LUNES
2013-10-21;2013-10-22;3361.76;3348.31;12;-0,40;SLL TUESDAY;LUNES
2013-10-28;2013-10-31;3382.18;3368.65;12;-0,40;SLL THURSDAY;LUNES
2013-11-04;2013-11-06;3388.70;3375.14;12;-0,40;SLL WEDNESDAY;LUNES
2013-11-11;2013-11-15;3359.83;3422.58;12;1,87;WEEKLY_CLOSE;LUNES
2013-11-18;2013-11-22;3423.47;3422.02;12;-0,04;WEEKLY_CLOSE;LUNES
2013-11-25;2013-11-27;3433.92;3470.48;12;1,06;WEEKLY_CLOSE;LUNES
2013-12-02;2013-12-05;3496.19;3482.20;11;-0,40;SLL THURSDAY;LUNES
2013-12-09;2013-12-11;3515.67;3501.60;11;-0,40;SLL WEDNESDAY;LUNES
2013-12-16;2013-12-18;3470.43;3456.54;11;-0,40;SLL WEDNESDAY;LUNES
2013-12-23;2013-12-24;3563.19;3572.80;11;0,27;WEEKLY_CLOSE;LUNES
2013-12-30;2013-12-31;3570.86;3592.00;11;0,59;WEEKLY_CLOSE;LUNES
2014-01-06;2014-01-10;3539.01;3565.08;11;0,74;WEEKLY_CLOSE;LUNES
2014-01-13;2014-01-17;3559.39;3591.25;11;0,90;WEEKLY_CLOSE;LUNES
2014-01-27;2014-01-31;3543.50;3521.92;11;-0,61;WEEKLY_CLOSE;LUNES
2014-02-03;2014-02-07;3524.23;3510.13;11;-0,40;SLL FRIDAY;LUNES
2014-02-10;2014-02-13;3558.59;3647.55;11;2,50;TPH THURSDAY;LUNES
2014-02-24;2014-02-28;3670.07;3696.10;11;0,71;WEEKLY_CLOSE;LUNES
2014-03-03;2014-03-07;3657.32;3703.40;11;1,26;WEEKLY_CLOSE;LUNES
2014-03-10;2014-03-11;3702.14;3687.33;11;-0,40;SLL TUESDAY;LUNES
2014-03-17;2014-03-21;3653.19;3653.07;11;-0,00;WEEKLY_CLOSE;LUNES
2014-03-24;2014-03-28;3665.38;3571.49;11;-2,56;WEEKLY_CLOSE;LUNES
2014-03-31;2014-04-04;3598.08;3583.68;11;-0,40;SLL FRIDAY;LUNES
2014-04-07;2014-04-08;3522.21;3508.12;11;-0,40;SLL TUESDAY;LUNES
2014-04-14;2014-04-15;3479.66;3465.74;11;-0,40;SLL TUESDAY;LUNES
2014-04-21;2014-04-25;3543.65;3529.47;11;-0,40;SLL FRIDAY;LUNES
2014-04-28;2014-05-02;3546.96;3587.64;11;1,15;WEEKLY_CLOSE;LUNES
2014-05-05;2014-05-07;3566.26;3551.99;11;-0,40;SLL WEDNESDAY;LUNES
2014-05-12;2014-05-15;3574.24;3559.94;11;-0,40;SLL THURSDAY;LUNES
2014-05-19;2014-05-23;3577.85;3667.29;11;2,50;TPH FRIDAY;LUNES
2014-06-02;2014-06-06;3740.71;3794.57;11;1,44;WEEKLY_CLOSE;LUNES
2014-06-09;2014-06-12;3795.85;3780.66;11;-0,40;SLL THURSDAY;LUNES
2014-06-16;2014-06-20;3768.37;3802.64;11;0,91;WEEKLY_CLOSE;LUNES
2014-06-23;2014-06-27;3802.25;3844.44;11;1,11;WEEKLY_CLOSE;LUNES
2014-06-30;2014-07-03;3844.45;3923.01;11;2,04;WEEKLY_CLOSE;LUNES
2014-07-07;2014-07-08;3917.89;3902.21;11;-0,40;SLL TUESDAY;LUNES
2014-07-14;2014-07-15;3923.60;3907.90;11;-0,40;SLL TUESDAY;LUNES
2014-07-21;2014-07-25;3933.11;3965.16;11;0,81;WEEKLY_CLOSE;LUNES
2014-07-28;2014-08-01;3966.31;3879.67;11;-2,18;WEEKLY_CLOSE;LUNES
2014-08-04;2014-08-05;3890.63;3875.06;11;-0,40;SLL TUESDAY;LUNES
2014-08-11;2014-08-15;3899.98;3987.51;10;2,24;WEEKLY_CLOSE;LUNES
2014-08-18;2014-08-22;4007.19;4052.75;10;1,14;WEEKLY_CLOSE;LUNES
2014-08-25;2014-08-28;4073.47;4057.17;10;-0,40;SLL THURSDAY;LUNES
2014-09-08;2014-09-09;4086.52;4070.17;10;-0,40;SLL TUESDAY;LUNES
2014-09-15;2014-09-17;4070.20;4053.91;10;-0,40;SLL WEDNESDAY;LUNES
2014-09-22;2014-09-25;4091.87;4075.50;10;-0,40;SLL THURSDAY;LUNES
2014-09-29;2014-10-01;4009.66;3993.62;10;-0,40;SLL WEDNESDAY;LUNES
2014-10-06;2014-10-09;4041.40;4025.23;10;-0,40;SLL THURSDAY;LUNES
2014-10-13;2014-10-17;3866.89;3815.47;11;-1,33;WEEKLY_CLOSE;LUNES
2014-10-20;2014-10-22;3813.59;3980.49;11;4,38;OTP WEDNESDAY;LUNES
2014-10-27;2014-10-31;4031.88;4168.50;10;3,39;OTP FRIDAY;LUNES
2014-11-03;2014-11-04;4160.60;4143.95;10;-0,40;SLL TUESDAY;LUNES
2014-11-10;2014-11-14;4162.59;4224.99;10;1,50;WEEKLY_CLOSE;LUNES
2014-11-17;2014-11-21;4215.29;4251.32;10;0,85;WEEKLY_CLOSE;LUNES
2014-11-24;2014-11-26;4262.09;4317.99;10;1,31;WEEKLY_CLOSE;LUNES
2014-12-01;2014-12-03;4323.95;4306.65;10;-0,40;SLL WEDNESDAY;LUNES
2014-12-08;2014-12-10;4301.27;4284.06;10;-0,40;SLL WEDNESDAY;LUNES
2014-12-15;2014-12-19;4224.17;4281.78;10;1,36;WEEKLY_CLOSE;LUNES
2014-12-22;2014-12-24;4271.87;4283.10;10;0,26;WEEKLY_CLOSE;LUNES
2014-12-29;2014-12-30;4309.70;4292.46;10;-0,40;SLL TUESDAY;LUNES
2015-01-05;2015-01-09;4206.55;4189.72;11;-0,40;SLL FRIDAY;LUNES
2015-01-12;2015-01-13;4221.52;4204.63;10;-0,40;SLL TUESDAY;LUNES
2015-01-26;2015-01-30;4271.10;4148.43;10;-2,87;WEEKLY_CLOSE;LUNES
2015-02-02;2015-02-06;4162.19;4266.24;10;2,50;TPH FRIDAY;LUNES
2015-02-09;2015-02-13;4209.81;4359.78;10;3,56;OTP FRIDAY;LUNES
2015-02-23;2015-02-27;4441.26;4440.67;10;-0,01;WEEKLY_CLOSE;LUNES
2015-03-02;2015-03-03;4452.80;4434.98;10;-0,40;SLL TUESDAY;LUNES
2015-03-09;2015-03-13;4406.87;4314.90;10;-2,09;WEEKLY_CLOSE;LUNES
2015-03-16;2015-03-20;4338.29;4458.54;10;2,77;WEEKLY_CLOSE;LUNES
2015-03-23;2015-03-24;4454.15;4436.33;10;-0,40;SLL TUESDAY;LUNES
2015-03-30;2015-03-31;4359.78;4342.34;10;-0,40;SLL TUESDAY;LUNES
2015-04-06;2015-04-09;4286.16;4393.31;10;2,50;TPH THURSDAY;LUNES
2015-04-13;2015-04-16;4428.13;4410.41;10;-0,40;SLL THURSDAY;LUNES
2015-04-20;2015-04-23;4373.65;4482.99;10;2,50;TPH THURSDAY;LUNES
2015-04-27;2015-05-01;4548.51;4479.06;10;-1,53;WEEKLY_CLOSE;LUNES
2015-05-04;2015-05-08;4491.19;4458.65;10;-0,72;WEEKLY_CLOSE;LUNES
2015-05-11;2015-05-15;4457.62;4494.29;10;0,82;WEEKLY_CLOSE;LUNES
2015-05-18;2015-05-22;4487.14;4527.16;10;0,89;WEEKLY_CLOSE;LUNES
2015-06-01;2015-06-05;4530.03;4477.19;10;-1,17;WEEKLY_CLOSE;LUNES
2015-06-08;2015-06-12;4476.69;4458.78;10;-0,40;SLL FRIDAY;LUNES
2015-06-15;2015-06-18;4416.14;4526.54;10;2,50;TPH THURSDAY;LUNES
2015-06-22;2015-06-25;4541.85;4523.68;10;-0,40;SLL THURSDAY;LUNES
2015-06-29;2015-07-01;4433.11;4415.37;10;-0,40;SLL WEDNESDAY;LUNES
2015-07-06;2015-07-07;4394.44;4376.86;10;-0,40;SLL TUESDAY;LUNES
2015-07-13;2015-07-16;4457.76;4569.20;10;2,50;TPH THURSDAY;LUNES
2015-07-20;2015-07-24;4670.23;4557.38;10;-2,42;WEEKLY_CLOSE;LUNES
2015-07-27;2015-07-28;4530.36;4512.23;10;-0,40;SLL TUESDAY;LUNES
2015-08-03;2015-08-06;4595.26;4576.87;10;-0,40;SLL THURSDAY;LUNES
2015-08-10;2015-08-11;4558.68;4540.44;10;-0,40;SLL TUESDAY;LUNES
2015-08-17;2015-08-19;4516.88;4498.81;10;-0,40;SLL WEDNESDAY;LUNES
2015-08-24;2015-08-25;3847.12;4187.28;12;8,84;OTP TUESDAY;LUNES
2015-08-31;2015-09-04;4299.88;4184.72;11;-2,68;WEEKLY_CLOSE;LUNES
2015-09-14;2015-09-15;4334.86;4317.52;11;-0,40;SLL TUESDAY;LUNES
2015-09-21;2015-09-25;4343.77;4224.74;11;-2,74;WEEKLY_CLOSE;LUNES
2015-09-28;2015-10-02;4206.68;4267.45;11;1,44;WEEKLY_CLOSE;LUNES
2015-10-05;2015-10-06;4296.54;4279.35;11;-0,40;SLL TUESDAY;LUNES
2015-10-12;2015-10-15;4378.64;4361.12;11;-0,40;SLL THURSDAY;LUNES
2015-10-19;2015-10-21;4428.06;4410.34;10;-0,40;SLL WEDNESDAY;LUNES
2015-10-26;2015-10-30;4621.14;4648.83;10;0,60;WEEKLY_CLOSE;LUNES
2015-11-02;2015-11-06;4658.79;4707.23;10;1,04;WEEKLY_CLOSE;LUNES
2015-11-09;2015-11-13;4687.35;4502.14;10;-3,95;WEEKLY_CLOSE;LUNES
2015-11-16;2015-11-18;4494.56;4606.92;10;2,50;TPH WEDNESDAY;LUNES
2015-11-23;2015-11-25;4689.98;4671.22;10;-0,40;SLL WEDNESDAY;LUNES
2015-11-30;2015-12-03;4692.57;4673.79;10;-0,40;SLL THURSDAY;LUNES
2015-12-07;2015-12-11;4718.55;4537.56;9;-3,84;WEEKLY_CLOSE;LUNES
2015-12-14;2015-12-16;4535.56;4648.94;10;2,50;TPH WEDNESDAY;LUNES
2015-12-21;2015-12-24;4547.92;4622.77;10;1,65;WEEKLY_CLOSE;LUNES
2015-12-28;2015-12-31;4610.41;4593.27;10;-0,37;WEEKLY_CLOSE;LUNES
2016-01-04;2016-01-05;4485.06;4467.11;10;-0,40;SLL TUESDAY;LUNES
2016-01-11;2016-01-12;4300.97;4283.76;10;-0,40;SLL TUESDAY;LUNES
2016-01-25;2016-01-29;4245.47;4279.17;10;0,79;WEEKLY_CLOSE;LUNES
2016-02-01;2016-02-02;4254.41;4237.39;11;-0,40;SLL TUESDAY;LUNES
2016-02-08;2016-02-12;3947.99;4019.19;11;1,80;WEEKLY_CLOSE;LUNES
2016-02-22;2016-02-23;4203.60;4186.78;11;-0,40;SLL TUESDAY;LUNES
2016-02-29;2016-03-02;4228.57;4334.28;11;2,50;TPH WEDNESDAY;LUNES
2016-03-07;2016-03-10;4303.81;4286.59;11;-0,40;SLL THURSDAY;LUNES
2016-03-14;2016-03-18;4347.94;4410.83;11;1,45;WEEKLY_CLOSE;LUNES
2016-03-21;2016-03-24;4403.09;4405.53;11;0,06;WEEKLY_CLOSE;LUNES
2016-03-28;2016-04-01;4415.04;4525.41;11;2,50;TPH FRIDAY;LUNES
2016-04-04;2016-04-07;4526.39;4508.28;11;-0,40;SLL THURSDAY;LUNES
2016-04-11;2016-04-15;4496.26;4543.16;11;1,04;WEEKLY_CLOSE;LUNES
2016-04-18;2016-04-19;4535.21;4517.06;11;-0,40;SLL TUESDAY;LUNES
2016-04-25;2016-04-26;4459.67;4441.83;11;-0,40;SLL TUESDAY;LUNES
2016-05-02;2016-05-03;4350.83;4333.42;11;-0,40;SLL TUESDAY;LUNES
2016-05-09;2016-05-12;4331.66;4314.33;11;-0,40;SLL THURSDAY;LUNES
2016-05-16;2016-05-17;4335.33;4317.98;11;-0,40;SLL TUESDAY;LUNES
2016-05-23;2016-05-25;4364.73;4473.84;11;2,50;TPH WEDNESDAY;LUNES
2016-06-06;2016-06-09;4517.88;4499.80;11;-0,40;SLL THURSDAY;LUNES
2016-06-13;2016-06-15;4436.11;4418.36;11;-0,40;SLL WEDNESDAY;LUNES
2016-06-20;2016-06-21;4424.11;4406.41;11;-0,40;SLL TUESDAY;LUNES
2016-06-27;2016-06-29;4247.71;4353.90;11;2,50;TPH WEDNESDAY;LUNES
2016-07-11;2016-07-15;4544.33;4589.83;11;1,00;WEEKLY_CLOSE;LUNES
2016-07-18;2016-07-22;4595.06;4666.07;11;1,55;WEEKLY_CLOSE;LUNES
2016-07-25;2016-07-29;4662.90;4730.23;11;1,44;WEEKLY_CLOSE;LUNES
2016-08-01;2016-08-02;4734.44;4715.50;11;-0,40;SLL TUESDAY;LUNES
2016-08-08;2016-08-12;4791.10;4807.08;10;0,33;WEEKLY_CLOSE;LUNES
2016-08-15;2016-08-17;4814.77;4795.51;10;-0,40;SLL WEDNESDAY;LUNES
2016-08-22;2016-08-24;4797.95;4778.75;10;-0,40;SLL WEDNESDAY;LUNES
2016-08-29;2016-08-30;4787.93;4768.77;10;-0,40;SLL TUESDAY;LUNES
2016-09-12;2016-09-15;4656.59;4773.00;11;2,50;TPH THURSDAY;LUNES
2016-09-19;2016-09-21;4833.84;4814.50;10;-0,40;SLL WEDNESDAY;LUNES
2016-09-26;2016-09-30;4830.17;4875.70;10;0,94;WEEKLY_CLOSE;LUNES
2016-10-03;2016-10-04;4864.63;4845.17;10;-0,40;SLL TUESDAY;LUNES
2016-10-10;2016-10-11;4887.73;4868.17;10;-0,40;SLL TUESDAY;LUNES
2016-10-17;2016-10-21;4808.47;4851.86;10;0,90;WEEKLY_CLOSE;LUNES
2016-10-24;2016-10-27;4884.16;4864.62;10;-0,40;SLL THURSDAY;LUNES
2016-10-31;2016-11-01;4821.31;4802.02;10;-0,40;SLL TUESDAY;LUNES
2016-11-07;2016-11-10;4737.98;4719.02;11;-0,40;SLL THURSDAY;LUNES
2016-11-14;2016-11-18;4752.61;4808.04;10;1,17;WEEKLY_CLOSE;LUNES
2016-11-21;2016-11-23;4822.03;4853.86;10;0,66;WEEKLY_CLOSE;LUNES
2016-11-28;2016-11-30;4861.73;4842.28;10;-0,40;SLL WEDNESDAY;LUNES
2016-12-05;2016-12-09;4762.34;4881.39;11;2,50;TPH FRIDAY;LUNES
2016-12-12;2016-12-16;4878.04;4914.86;11;0,75;WEEKLY_CLOSE;LUNES
2016-12-19;2016-12-23;4919.16;4940.02;10;0,42;WEEKLY_CLOSE;LUNES
2017-01-09;2017-01-13;5013.82;5059.51;10;0,91;WEEKLY_CLOSE;LUNES
2017-01-23;2017-01-27;5055.97;5168.06;10;2,22;WEEKLY_CLOSE;LUNES
2017-01-30;2017-02-03;5146.41;5161.60;10;0,30;WEEKLY_CLOSE;LUNES
2017-02-06;2017-02-10;5154.18;5226.69;10;1,41;WEEKLY_CLOSE;LUNES
2017-02-13;2017-02-17;5242.49;5324.72;10;1,57;WEEKLY_CLOSE;LUNES
2017-02-27;2017-03-03;5330.56;5373.48;10;0,81;WEEKLY_CLOSE;LUNES
2017-03-06;2017-03-10;5352.61;5385.90;10;0,62;WEEKLY_CLOSE;LUNES
2017-03-13;2017-03-14;5387.73;5366.17;10;-0,40;SLL TUESDAY;LUNES
2017-03-20;2017-03-21;5406.02;5384.39;10;-0,40;SLL TUESDAY;LUNES
2017-03-27;2017-03-31;5320.96;5436.23;10;2,17;WEEKLY_CLOSE;LUNES
2017-04-03;2017-04-05;5440.20;5418.43;10;-0,40;SLL WEDNESDAY;LUNES
2017-04-10;2017-04-11;5423.57;5401.87;10;-0,40;SLL TUESDAY;LUNES
2017-04-17;2017-04-21;5369.21;5442.05;10;1,36;WEEKLY_CLOSE;LUNES
2017-04-24;2017-04-28;5503.27;5583.53;10;1,46;WEEKLY_CLOSE;LUNES
2017-05-01;2017-05-05;5602.44;5646.09;10;0,78;WEEKLY_CLOSE;LUNES
2017-05-08;2017-05-12;5649.18;5686.81;10;0,67;WEEKLY_CLOSE;LUNES
2017-05-15;2017-05-17;5687.97;5665.21;10;-0,40;SLL WEDNESDAY;LUNES
2017-05-22;2017-05-26;5662.95;5788.36;10;2,21;WEEKLY_CLOSE;LUNES
2017-06-05;2017-06-06;5881.22;5857.69;10;-0,40;SLL TUESDAY;LUNES
2017-06-12;2017-06-15;5677.16;5654.45;10;-0,40;SLL THURSDAY;LUNES
2017-06-19;2017-06-23;5729.54;5803.10;10;1,28;WEEKLY_CLOSE;LUNES
2017-06-26;2017-06-30;5832.31;5646.92;10;-3,18;WEEKLY_CLOSE;LUNES
2017-07-03;2017-07-07;5680.36;5656.47;10;-0,42;WEEKLY_CLOSE;LUNES
2017-07-10;2017-07-13;5662.71;5804.27;10;2,50;TPH THURSDAY;LUNES
2017-07-17;2017-07-18;5845.82;5822.43;10;-0,40;SLL TUESDAY;LUNES
2017-07-24;2017-07-27;5920.93;5897.24;10;-0,40;SLL THURSDAY;LUNES
2017-07-31;2017-08-02;5928.69;5904.97;10;-0,40;SLL WEDNESDAY;LUNES
2017-08-07;2017-08-11;5909.45;5831.53;10;-1,32;WEEKLY_CLOSE;LUNES
2017-08-14;2017-08-17;5878.64;5855.12;9;-0,40;SLL THURSDAY;LUNES
2017-08-21;2017-08-25;5791.04;5822.53;10;0,54;WEEKLY_CLOSE;LUNES
2017-08-28;2017-08-31;5839.27;5985.25;10;2,50;TPH THURSDAY;LUNES
2017-09-11;2017-09-15;5962.35;5988.00;10;0,43;WEEKLY_CLOSE;LUNES
2017-09-18;2017-09-19;5997.51;5973.51;10;-0,40;SLL TUESDAY;LUNES
2017-09-25;2017-09-26;5904.06;5880.44;10;-0,40;SLL TUESDAY;LUNES
2017-10-02;2017-10-06;5988.96;6064.57;9;1,26;WEEKLY_CLOSE;LUNES
2017-10-09;2017-10-10;6071.96;6047.67;9;-0,40;SLL TUESDAY;LUNES
2017-10-16;2017-10-20;6108.66;6108.82;9;0,00;WEEKLY_CLOSE;LUNES
2017-10-23;2017-10-27;6122.24;6213.47;9;1,49;WEEKLY_CLOSE;LUNES
2017-10-30;2017-11-03;6209.80;6295.58;9;1,38;WEEKLY_CLOSE;LUNES
2017-11-06;2017-11-09;6292.15;6266.98;9;-0,40;SLL THURSDAY;LUNES
2017-11-13;2017-11-15;6286.01;6260.86;9;-0,40;SLL WEDNESDAY;LUNES
2017-11-20;2017-11-22;6319.57;6386.12;9;1,05;WEEKLY_CLOSE;LUNES
2017-11-27;2017-11-29;6409.52;6383.88;9;-0,40;SLL WEDNESDAY;LUNES
2017-12-04;2017-12-08;6380.68;6355.15;9;-0,40;SLL FRIDAY;LUNES
2017-12-11;2017-12-15;6351.24;6466.32;9;1,81;WEEKLY_CLOSE;LUNES
2017-12-18;2017-12-19;6504.89;6478.87;9;-0,40;SLL TUESDAY;LUNES
2018-01-08;2018-01-10;6651.68;6625.07;9;-0,40;SLL WEDNESDAY;LUNES
2018-01-22;2018-01-26;6829.55;7000.28;8;2,50;TPH FRIDAY;LUNES
2018-01-29;2018-01-31;7000.68;6972.67;8;-0,40;SLL WEDNESDAY;LUNES
2018-02-05;2018-02-09;6687.47;6412.68;9;-4,11;WEEKLY_CLOSE;LUNES
2018-02-12;2018-02-14;6477.04;6638.96;9;2,50;TPH WEDNESDAY;LUNES
2018-02-26;2018-02-27;6933.82;6906.08;8;-0,40;SLL TUESDAY;LUNES
2018-03-05;2018-03-09;6777.63;7014.84;8;3,50;OTP FRIDAY;LUNES
2018-03-12;2018-03-13;7122.47;7093.98;8;-0,40;SLL TUESDAY;LUNES
2018-03-19;2018-03-23;6945.97;6508.09;8;-6,30;WEEKLY_CLOSE;LUNES
2018-03-26;2018-03-27;6644.40;6617.82;8;-0,40;SLL TUESDAY;LUNES
2018-04-02;2018-04-06;6528.23;6502.11;8;-0,40;SLL FRIDAY;LUNES
2018-04-09;2018-04-12;6488.48;6650.69;8;2,50;TPH THURSDAY;LUNES
2018-04-16;2018-04-18;6675.92;6842.81;8;2,50;TPH WEDNESDAY;LUNES
2018-04-23;2018-04-24;6699.16;6672.36;9;-0,40;SLL TUESDAY;LUNES
2018-04-30;2018-05-02;6669.44;6642.76;9;-0,40;SLL WEDNESDAY;LUNES
2018-05-07;2018-05-08;6803.45;6776.23;8;-0,40;SLL TUESDAY;LUNES
2018-05-14;2018-05-18;6977.35;6866.25;8;-1,59;WEEKLY_CLOSE;LUNES
2018-05-21;2018-05-22;6920.32;6892.63;8;-0,40;SLL TUESDAY;LUNES
2018-06-04;2018-06-08;7099.50;7152.62;8;0,75;WEEKLY_CLOSE;LUNES
2018-06-11;2018-06-15;7149.65;7255.76;8;1,48;WEEKLY_CLOSE;LUNES
2018-06-18;2018-06-22;7201.18;7197.51;8;-0,05;WEEKLY_CLOSE;LUNES
2018-06-25;2018-06-29;7131.05;7040.80;8;-1,27;WEEKLY_CLOSE;LUNES
2018-07-02;2018-07-03;6979.54;7014.55;8;0,50;WEEKLY_CLOSE;LUNES
2018-07-09;2018-07-13;7251.18;7375.82;8;1,72;WEEKLY_CLOSE;LUNES
2018-07-16;2018-07-19;7381.03;7351.50;8;-0,40;SLL THURSDAY;LUNES
2018-07-23;2018-07-27;7335.42;7306.07;8;-0,40;SLL FRIDAY;LUNES
2018-07-30;2018-08-01;7292.72;7263.54;8;-0,40;SLL WEDNESDAY;LUNES
2018-08-06;2018-08-10;7390.81;7408.30;8;0,24;WEEKLY_CLOSE;LUNES
2018-08-13;2018-08-14;7420.18;7390.49;7;-0,40;SLL TUESDAY;LUNES
2018-08-20;2018-08-24;7393.57;7485.40;7;1,24;WEEKLY_CLOSE;LUNES
2018-08-27;2018-08-31;7527.37;7654.55;7;1,69;WEEKLY_CLOSE;LUNES
2018-09-10;2018-09-12;7466.76;7436.89;8;-0,40;SLL WEDNESDAY;LUNES
2018-09-17;2018-09-19;7522.59;7492.49;7;-0,40;SLL WEDNESDAY;LUNES
2018-09-24;2018-09-28;7477.45;7627.65;8;2,01;WEEKLY_CLOSE;LUNES
2018-10-01;2018-10-03;7673.00;7642.30;7;-0,40;SLL WEDNESDAY;LUNES
2018-10-08;2018-10-12;7356.54;7157.21;8;-2,71;WEEKLY_CLOSE;LUNES
2018-10-15;2018-10-18;7129.31;7100.79;8;-0,40;SLL THURSDAY;LUNES
2018-10-22;2018-10-26;7146.03;6852.40;8;-4,11;WEEKLY_CLOSE;LUNES
2018-10-29;2018-10-31;6954.69;6926.87;8;-0,40;SLL WEDNESDAY;LUNES
2018-11-05;2018-11-07;6946.15;7119.80;8;2,50;TPH WEDNESDAY;LUNES
2018-11-12;2018-11-16;6990.37;6867.02;8;-1,76;WEEKLY_CLOSE;LUNES
2018-11-19;2018-11-21;6832.25;6575.66;8;-3,76;WEEKLY_CLOSE;LUNES
2018-11-26;2018-11-28;6616.79;6782.20;8;2,50;TPH WEDNESDAY;LUNES
2018-12-03;2018-12-04;7106.84;6795.21;7;-4,38;WEEKLY_CLOSE;LUNES
2018-12-10;2018-12-13;6603.36;6805.70;8;3,06;OTP THURSDAY;LUNES
2018-12-17;2018-12-21;6570.99;6046.56;8;-7,98;WEEKLY_CLOSE;LUNES
2018-12-24;2018-12-26;5994.08;6143.93;8;2,50;TPH WEDNESDAY;LUNES
2018-12-31;2019-01-04;6354.85;6422.67;8;1,07;WEEKLY_CLOSE;LUNES
2019-01-07;2019-01-09;6434.55;6595.41;8;2,50;TPH WEDNESDAY;LUNES
2019-01-14;2019-01-16;6536.37;6699.77;8;2,50;TPH WEDNESDAY;LUNES
2019-01-28;2019-01-29;6691.84;6665.07;8;-0,40;SLL TUESDAY;LUNES
2019-02-04;2019-02-08;6876.56;6913.13;7;0,53;WEEKLY_CLOSE;LUNES
2019-02-11;2019-02-15;6941.26;7055.18;7;1,64;WEEKLY_CLOSE;LUNES
2019-02-25;2019-03-01;7144.34;7115.76;7;-0,40;SLL FRIDAY;LUNES
2019-03-04;2019-03-08;7193.88;7015.69;7;-2,48;WEEKLY_CLOSE;LUNES
2019-03-11;2019-03-15;7050.05;7274.14;7;3,18;OTP FRIDAY;LUNES
2019-03-18;2019-03-21;7311.63;7494.42;7;2,50;TPH THURSDAY;LUNES
2019-03-25;2019-03-27;7299.93;7270.73;7;-0,40;SLL WEDNESDAY;LUNES
2019-04-01;2019-04-05;7450.81;7578.84;7;1,72;WEEKLY_CLOSE;LUNES
2019-04-08;2019-04-12;7565.06;7628.15;7;0,83;WEEKLY_CLOSE;LUNES
2019-04-15;2019-04-18;7630.60;7689.72;7;0,77;WEEKLY_CLOSE;LUNES
2019-04-22;2019-04-26;7658.37;7826.68;7;2,20;WEEKLY_CLOSE;LUNES
2019-04-29;2019-05-01;7825.64;7794.33;7;-0,40;SLL WEDNESDAY;LUNES
2019-05-06;2019-05-07;7662.92;7632.26;7;-0,40;SLL TUESDAY;LUNES
2019-05-13;2019-05-14;7385.55;7356.00;7;-0,40;SLL TUESDAY;LUNES
2019-05-20;2019-05-24;7391.73;7300.96;7;-1,23;WEEKLY_CLOSE;LUNES
2019-06-03;2019-06-06;7110.34;7288.09;8;2,50;TPH THURSDAY;LUNES
2019-06-10;2019-06-14;7472.60;7479.11;7;0,09;WEEKLY_CLOSE;LUNES
2019-06-17;2019-06-18;7500.28;7687.78;7;2,50;TPH TUESDAY;LUNES
2019-06-24;2019-06-25;7737.01;7706.06;7;-0,40;SLL TUESDAY;LUNES
2019-07-01;2019-07-03;7816.56;7857.69;7;0,53;WEEKLY_CLOSE;LUNES
2019-07-08;2019-07-12;7790.46;7943.24;7;1,96;WEEKLY_CLOSE;LUNES
2019-07-15;2019-07-16;7961.07;7929.22;7;-0,40;SLL TUESDAY;LUNES
2019-07-22;2019-07-26;7862.38;8016.95;7;1,97;WEEKLY_CLOSE;LUNES
2019-07-29;2019-08-02;8010.05;7692.80;7;-3,96;WEEKLY_CLOSE;LUNES
2019-08-05;2019-08-06;7510.02;7479.97;7;-0,40;SLL TUESDAY;LUNES
2019-08-12;2019-08-14;7597.19;7566.80;7;-0,40;SLL WEDNESDAY;LUNES
2019-08-19;2019-08-20;7715.41;7684.54;7;-0,40;SLL TUESDAY;LUNES
2019-08-26;2019-08-28;7540.69;7510.52;7;-0,40;SLL WEDNESDAY;LUNES
2019-09-09;2019-09-13;7876.40;7892.95;7;0,21;WEEKLY_CLOSE;LUNES
2019-09-16;2019-09-18;7833.73;7802.39;7;-0,40;SLL WEDNESDAY;LUNES
2019-09-23;2019-09-24;7815.23;7783.96;7;-0,40;SLL TUESDAY;LUNES
2019-09-30;2019-10-04;7705.97;7675.14;7;-0,40;SLL FRIDAY;LUNES
2019-10-07;2019-10-11;7725.68;7843.88;7;1,53;WEEKLY_CLOSE;LUNES
2019-10-14;2019-10-18;7834.74;7868.49;7;0,43;WEEKLY_CLOSE;LUNES
2019-10-21;2019-10-22;7911.58;7879.93;7;-0,40;SLL TUESDAY;LUNES
2019-10-28;2019-10-30;8071.39;8039.10;7;-0,40;SLL WEDNESDAY;LUNES
2019-11-04;2019-11-06;8218.93;8186.05;7;-0,40;SLL WEDNESDAY;LUNES
2019-11-11;2019-11-15;8212.37;8315.52;7;1,26;WEEKLY_CLOSE;LUNES
2019-11-18;2019-11-20;8303.22;8270.00;7;-0,40;SLL WEDNESDAY;LUNES
2019-11-25;2019-11-27;8309.55;8444.71;7;1,63;WEEKLY_CLOSE;LUNES
2019-12-02;2019-12-06;8409.87;8397.37;7;-0,15;WEEKLY_CLOSE;LUNES
2019-12-09;2019-12-10;8388.75;8355.19;7;-0,40;SLL TUESDAY;LUNES
2019-12-16;2019-12-20;8544.26;8678.49;6;1,57;WEEKLY_CLOSE;LUNES
2019-12-23;2019-12-24;8703.06;8699.51;6;-0,04;WEEKLY_CLOSE;LUNES
2019-12-30;2019-12-31;8766.39;8733.07;6;-0,38;WEEKLY_CLOSE;LUNES
2020-01-06;2020-01-08;8713.89;8931.73;6;2,50;TPH WEDNESDAY;LUNES
2020-01-13;2020-01-17;9007.94;9173.73;6;1,84;WEEKLY_CLOSE;LUNES
2020-01-27;2020-01-30;8913.16;9135.98;6;2,50;TPH THURSDAY;LUNES
2020-02-03;2020-02-04;9033.52;9259.35;6;2,50;TPH TUESDAY;LUNES
2020-02-10;2020-02-12;9373.20;9607.52;6;2,50;TPH WEDNESDAY;LUNES
2020-02-24;2020-02-25;9055.30;9019.07;7;-0,40;SLL TUESDAY;LUNES
2020-03-02;2020-03-03;8569.91;8892.68;7;3,77;OTP TUESDAY;LUNES
2020-03-09;2020-03-10;7912.14;8213.97;8;3,81;OTP TUESDAY;LUNES
2020-03-16;2020-03-20;7502.26;6994.29;9;-6,77;WEEKLY_CLOSE;LUNES
2020-03-23;2020-03-24;6952.71;7348.99;9;5,70;OTP TUESDAY;LUNES
2020-03-30;2020-03-31;7678.83;7870.80;8;2,50;TPH TUESDAY;LUNES
2020-04-06;2020-04-07;7819.06;8287.48;8;5,99;OTP TUESDAY;LUNES
2020-04-13;2020-04-14;8209.68;8489.27;8;3,41;OTP TUESDAY;LUNES
2020-04-20;2020-04-24;8742.54;8786.60;8;0,50;WEEKLY_CLOSE;LUNES
2020-04-27;2020-04-28;8865.58;8830.11;8;-0,40;SLL TUESDAY;LUNES
2020-05-04;2020-05-06;8683.94;8997.02;8;3,61;OTP WEDNESDAY;LUNES
2020-05-11;2020-05-12;9155.21;9118.58;8;-0,40;SLL TUESDAY;LUNES
2020-05-18;2020-05-21;9281.35;9513.38;8;2,50;TPH THURSDAY;LUNES
2020-06-01;2020-06-05;9526.43;9764.59;8;2,50;TPH FRIDAY;LUNES
2020-06-08;2020-06-10;9805.69;10050.83;8;2,50;TPH WEDNESDAY;LUNES
2020-06-15;2020-06-16;9517.14;9983.65;8;4,90;OTP TUESDAY;LUNES
2020-06-22;2020-06-23;10009.00;10259.22;8;2,50;TPH TUESDAY;LUNES
2020-06-29;2020-06-30;9850.55;10096.81;9;2,50;TPH TUESDAY;LUNES
2020-07-06;2020-07-09;10487.70;10749.89;8;2,50;TPH THURSDAY;LUNES
2020-07-13;2020-07-17;10951.54;10645.22;8;-2,80;WEEKLY_CLOSE;LUNES
2020-07-20;2020-07-21;10672.96;11015.54;8;3,21;OTP TUESDAY;LUNES
2020-07-27;2020-07-31;10547.11;10886.36;8;3,22;OTP FRIDAY;LUNES
2020-08-03;2020-08-07;11018.02;11139.39;8;1,10;WEEKLY_CLOSE;LUNES
2020-08-10;2020-08-14;11153.51;11108.89;8;-0,40;SLL FRIDAY;LUNES
2020-08-17;2020-08-21;11231.97;11512.76;8;2,50;TPH FRIDAY;LUNES
2020-08-24;2020-08-28;11703.34;11995.92;8;2,50;TPH FRIDAY;LUNES
2020-08-31;2020-09-02;12017.46;12417.45;8;3,33;OTP WEDNESDAY;LUNES
2020-09-14;2020-09-18;11250.80;10936.98;9;-2,79;WEEKLY_CLOSE;LUNES
2020-09-21;2020-09-23;10768.01;11167.22;9;3,71;OTP WEDNESDAY;LUNES
2020-09-28;2020-10-02;11332.32;11286.99;9;-0,40;SLL FRIDAY;LUNES
2020-10-05;2020-10-06;11345.24;11299.85;9;-0,40;SLL TUESDAY;LUNES
2020-10-12;2020-10-16;11900.12;11852.51;8;-0,40;SLL FRIDAY;LUNES
2020-10-19;2020-10-23;11913.01;11692.57;8;-1,85;WEEKLY_CLOSE;LUNES
2020-10-26;2020-10-27;11584.17;11537.83;8;-0,40;SLL TUESDAY;LUNES
2020-11-02;2020-11-04;11152.48;11627.76;9;4,26;OTP WEDNESDAY;LUNES
2020-11-16;2020-11-20;11925.36;11906.44;8;-0,16;WEEKLY_CLOSE;LUNES
2020-11-23;2020-11-24;11959.89;11912.05;8;-0,40;SLL TUESDAY;LUNES
2020-11-30;2020-12-04;12278.78;12528.48;8;2,03;WEEKLY_CLOSE;LUNES
2020-12-07;2020-12-09;12523.57;12473.47;8;-0,40;SLL WEDNESDAY;LUNES
2020-12-14;2020-12-18;12427.86;12738.18;8;2,50;WEEKLY_CLOSE;LUNES
2020-12-21;2020-12-24;12575.60;12711.01;8;1,08;WEEKLY_CLOSE;LUNES
2020-12-28;2020-12-31;12813.97;12888.28;8;0,58;WEEKLY_CLOSE;LUNES
2021-01-04;2021-01-08;12950.22;13105.20;8;1,20;WEEKLY_CLOSE;LUNES
2021-01-11;2021-01-12;12961.50;12909.65;8;-0,40;SLL TUESDAY;LUNES
2021-01-25;2021-01-26;13515.63;13461.56;8;-0,40;SLL TUESDAY;LUNES
2021-02-01;2021-02-02;13067.65;13394.34;8;2,50;TPH TUESDAY;LUNES
2021-02-08;2021-02-10;13672.33;13617.64;8;-0,40;SLL WEDNESDAY;LUNES
2021-02-22;2021-02-26;13414.04;12909.44;8;-3,76;WEEKLY_CLOSE;LUNES
2021-03-01;2021-03-02;13106.02;13053.59;8;-0,40;SLL TUESDAY;LUNES
2021-03-08;2021-03-12;12629.56;12937.29;8;2,44;WEEKLY_CLOSE;LUNES
2021-03-15;2021-03-16;12936.13;13259.53;8;2,50;TPH TUESDAY;LUNES
2021-03-22;2021-03-24;12943.14;12891.36;8;-0,40;SLL WEDNESDAY;LUNES
2021-03-29;2021-03-30;12950.51;12898.70;8;-0,40;SLL TUESDAY;LUNES
2021-04-05;2021-04-09;13434.04;13769.89;8;2,50;TPH FRIDAY;LUNES
2021-04-12;2021-04-16;13792.74;14041.91;8;1,81;WEEKLY_CLOSE;LUNES
2021-04-19;2021-04-22;13970.83;13914.94;8;-0,40;SLL THURSDAY;LUNES
2021-04-26;2021-04-28;13954.94;13899.12;8;-0,40;SLL WEDNESDAY;LUNES
2021-05-03;2021-05-07;13923.04;13719.63;8;-1,46;WEEKLY_CLOSE;LUNES
2021-05-10;2021-05-14;13647.73;13393.11;8;-1,87;WEEKLY_CLOSE;LUNES
2021-05-17;2021-05-18;13329.86;13276.54;8;-0,40;SLL TUESDAY;LUNES
2021-05-24;2021-05-28;13504.39;13686.51;8;1,35;WEEKLY_CLOSE;LUNES
2021-06-07;2021-06-11;13744.15;13998.30;8;1,85;WEEKLY_CLOSE;LUNES
2021-06-14;2021-06-16;14002.14;13946.13;8;-0,40;SLL WEDNESDAY;LUNES
2021-06-21;2021-06-24;14055.03;14406.40;7;2,50;TPH THURSDAY;LUNES
2021-06-28;2021-07-02;14401.63;14727.63;7;2,26;WEEKLY_CLOSE;LUNES
2021-07-12;2021-07-15;14878.71;14819.19;7;-0,40;SLL THURSDAY;LUNES
2021-07-19;2021-07-22;14517.96;14880.90;7;2,50;TPH THURSDAY;LUNES
2021-07-26;2021-07-27;15088.28;15027.92;7;-0,40;SLL TUESDAY;LUNES
2021-08-02;2021-08-03;15046.10;14985.91;7;-0,40;SLL TUESDAY;LUNES
2021-08-09;2021-08-10;15136.14;15075.59;7;-0,40;SLL TUESDAY;LUNES
2021-08-16;2021-08-20;15090.05;15092.57;7;0,02;WEEKLY_CLOSE;LUNES
2021-08-23;2021-08-27;15140.14;15432.95;7;1,93;WEEKLY_CLOSE;LUNES
2021-08-30;2021-09-03;15460.93;15652.86;7;1,24;WEEKLY_CLOSE;LUNES
2021-09-13;2021-09-14;15545.66;15483.47;7;-0,40;SLL TUESDAY;LUNES
2021-09-20;2021-09-21;15068.65;15008.37;7;-0,40;SLL TUESDAY;LUNES
2021-09-27;2021-10-01;15205.23;14791.87;7;-2,72;WEEKLY_CLOSE;LUNES
2021-10-04;2021-10-08;14713.60;14820.75;7;0,73;WEEKLY_CLOSE;LUNES
2021-10-11;2021-10-12;14765.69;14706.62;7;-0,40;SLL TUESDAY;LUNES
2021-10-18;2021-10-21;15091.58;15468.86;7;2,50;TPH THURSDAY;LUNES
2021-10-25;2021-10-29;15417.25;15802.68;7;2,50;TPH FRIDAY;LUNES
2021-11-01;2021-11-04;15879.61;16276.60;7;2,50;TPH THURSDAY;LUNES
2021-11-08;2021-11-09;16351.49;16286.08;7;-0,40;SLL TUESDAY;LUNES
2021-11-15;2021-11-16;16227.01;16162.10;7;-0,40;SLL TUESDAY;LUNES
2021-11-22;2021-11-24;16644.77;16367.81;7;-1,66;WEEKLY_CLOSE;LUNES
2021-11-29;2021-11-30;16263.43;16198.37;7;-0,40;SLL TUESDAY;LUNES
2021-12-06;2021-12-08;15744.91;16313.88;7;3,61;OTP WEDNESDAY;LUNES
2021-12-13;2021-12-16;16317.90;16252.62;7;-0,40;SLL THURSDAY;LUNES
2021-12-20;2021-12-21;15566.83;15956.00;7;2,50;TPH TUESDAY;LUNES
2021-12-27;2021-12-31;16361.07;16320.08;7;-0,25;WEEKLY_CLOSE;LUNES
2022-01-03;2022-01-04;16395.51;16329.92;7;-0,40;SLL TUESDAY;LUNES
2022-01-10;2022-01-11;15383.18;15767.75;8;2,50;TPH TUESDAY;LUNES
2022-01-24;2022-01-25;14160.91;14104.26;9;-0,40;SLL TUESDAY;LUNES
2022-01-31;2022-02-01;14505.07;14966.60;8;3,18;OTP TUESDAY;LUNES
2022-02-07;2022-02-10;14716.43;14657.56;8;-0,40;SLL THURSDAY;LUNES
2022-02-14;2022-02-15;14233.40;14589.23;9;2,50;TPH TUESDAY;LUNES
2022-02-28;2022-03-01;14058.61;14002.37;9;-0,40;SLL TUESDAY;LUNES
2022-03-07;2022-03-11;13853.53;13301.83;9;-3,98;WEEKLY_CLOSE;LUNES
2022-03-14;2022-03-17;13248.09;13878.99;9;4,76;OTP THURSDAY;LUNES
2022-03-21;2022-03-24;14377.15;14736.57;9;2,50;TPH THURSDAY;LUNES
2022-03-28;2022-04-01;14763.16;14861.21;9;0,66;WEEKLY_CLOSE;LUNES
2022-04-04;2022-04-05;14903.38;14843.76;9;-0,40;SLL TUESDAY;LUNES
2022-04-11;2022-04-12;14149.60;14093.00;9;-0,40;SLL TUESDAY;LUNES
2022-04-18;2022-04-19;13859.47;14205.95;9;2,50;TPH TUESDAY;LUNES
2022-04-25;2022-04-26;13275.41;13222.30;10;-0,40;SLL TUESDAY;LUNES
2022-05-02;2022-05-04;12864.83;13186.45;10;2,50;TPH WEDNESDAY;LUNES
2022-05-09;2022-05-10;12465.91;12416.04;11;-0,40;SLL TUESDAY;LUNES
2022-05-16;2022-05-18;12297.07;12247.88;11;-0,40;SLL WEDNESDAY;LUNES
2022-05-23;2022-05-26;11867.08;12163.75;11;2,50;TPH THURSDAY;LUNES
2022-06-06;2022-06-10;12745.89;11832.82;11;-7,16;WEEKLY_CLOSE;LUNES
2022-06-13;2022-06-15;11472.19;11426.30;11;-0,40;SLL WEDNESDAY;LUNES
2022-06-27;2022-07-01;12157.93;11585.68;10;-4,71;WEEKLY_CLOSE;LUNES
2022-07-11;2022-07-15;12008.76;11983.62;10;-0,21;WEEKLY_CLOSE;LUNES
2022-07-18;2022-07-19;12089.68;12041.32;10;-0,40;SLL TUESDAY;LUNES
2022-07-25;2022-07-28;12391.21;12700.99;10;2,50;TPH THURSDAY;LUNES
2022-08-01;2022-08-02;12877.04;12825.53;9;-0,40;SLL TUESDAY;LUNES
2022-08-08;2022-08-12;13227.09;13557.76;9;2,50;TPH FRIDAY;LUNES
2022-08-15;2022-08-17;13529.66;13475.54;9;-0,40;SLL WEDNESDAY;LUNES
2022-08-22;2022-08-26;13056.39;13004.16;9;-0,40;SLL FRIDAY;LUNES
2022-08-29;2022-08-30;12488.46;12438.50;10;-0,40;SLL TUESDAY;LUNES
2022-09-12;2022-09-16;12649.23;11861.38;10;-6,23;WEEKLY_CLOSE;LUNES
2022-09-19;2022-09-21;11753.60;11706.58;10;-0,40;SLL WEDNESDAY;LUNES
2022-09-26;2022-09-27;11283.14;11238.00;10;-0,40;SLL TUESDAY;LUNES
2022-10-03;2022-10-04;11059.17;11477.85;10;3,79;OTP TUESDAY;LUNES
2022-10-10;2022-10-14;11048.51;11004.31;11;-0,40;SLL FRIDAY;LUNES
2022-10-17;2022-10-18;10967.25;11368.76;11;3,66;OTP TUESDAY;LUNES
2022-10-24;2022-10-25;11321.11;11604.13;11;2,50;TPH TUESDAY;LUNES
2022-10-31;2022-11-01;11465.21;11419.34;11;-0,40;SLL TUESDAY;LUNES
2022-11-07;2022-11-08;10900.83;11173.35;11;2,50;TPH TUESDAY;LUNES
2022-11-14;2022-11-15;11728.11;12021.31;11;2,50;TPH TUESDAY;LUNES
2022-11-21;2022-11-22;11623.35;11576.85;11;-0,40;SLL TUESDAY;LUNES
2022-11-28;2022-11-30;11684.07;11976.17;11;2,50;TPH WEDNESDAY;LUNES
2022-12-05;2022-12-09;11899.54;11563.33;11;-2,83;WEEKLY_CLOSE;LUNES
2022-12-12;2022-12-13;11572.26;12141.24;11;4,92;OTP TUESDAY;LUNES
2022-12-19;2022-12-23;11243.00;10985.45;12;-2,29;WEEKLY_CLOSE;LUNES
2023-01-09;2023-01-13;11133.07;11411.39;12;2,50;TPH FRIDAY;LUNES
2023-01-23;2023-01-25;11652.00;11605.39;12;-0,40;SLL WEDNESDAY;LUNES
2023-01-30;2023-02-01;12047.16;12348.33;11;2,50;TPH WEDNESDAY;LUNES
2023-02-06;2023-02-09;12468.80;12418.92;11;-0,40;SLL THURSDAY;LUNES
2023-02-13;2023-02-15;12356.50;12665.41;11;2,50;TPH WEDNESDAY;LUNES
2023-02-27;2023-03-03;12106.79;12290.81;12;1,52;WEEKLY_CLOSE;LUNES
2023-03-06;2023-03-07;12344.65;12295.27;11;-0,40;SLL TUESDAY;LUNES
2023-03-13;2023-03-16;11752.10;12211.87;12;3,91;OTP THURSDAY;LUNES
2023-03-20;2023-03-22;12487.79;12799.98;12;2,50;TPH WEDNESDAY;LUNES
2023-03-27;2023-03-29;12797.89;12746.69;12;-0,40;SLL WEDNESDAY;LUNES
2023-04-03;2023-04-05;13084.10;13031.76;11;-0,40;SLL WEDNESDAY;LUNES
2023-04-10;2023-04-12;12936.52;12884.77;11;-0,40;SLL WEDNESDAY;LUNES
2023-04-17;2023-04-21;13053.26;13000.77;11;-0,40;WEEKLY_CLOSE;LUNES
2023-04-24;2023-04-28;12981.71;13245.99;11;2,04;WEEKLY_CLOSE;LUNES
2023-05-01;2023-05-02;13229.12;13176.20;11;-0,40;SLL TUESDAY;LUNES
2023-05-08;2023-05-09;13247.09;13194.10;11;-0,40;SLL TUESDAY;LUNES
2023-05-15;2023-05-18;13352.26;13686.06;11;2,50;TPH THURSDAY;LUNES
2023-05-22;2023-05-23;13805.33;13750.10;11;-0,40;SLL TUESDAY;LUNES
2023-06-05;2023-06-06;14550.13;14491.92;10;-0,40;SLL TUESDAY;LUNES
2023-06-12;2023-06-14;14617.35;14982.78;10;2,50;TPH WEDNESDAY;LUNES
2023-06-26;2023-06-30;14866.66;15179.21;10;2,10;WEEKLY_CLOSE;LUNES
2023-07-03;2023-07-07;15190.54;15036.85;10;-1,01;WEEKLY_CLOSE;LUNES
2023-07-10;2023-07-14;15031.95;15610.00;10;3,85;OTP FRIDAY;LUNES
2023-07-17;2023-07-20;15608.28;15545.84;10;-0,40;SLL THURSDAY;LUNES
2023-07-24;2023-07-26;15475.15;15413.24;10;-0,40;SLL WEDNESDAY;LUNES
2023-07-31;2023-08-04;15774.30;15274.92;10;-3,17;WEEKLY_CLOSE;LUNES
2023-08-07;2023-08-11;15355.62;15028.07;10;-2,13;WEEKLY_CLOSE;LUNES
2023-08-14;2023-08-16;14988.42;14928.46;10;-0,40;SLL WEDNESDAY;LUNES
2023-08-21;2023-08-23;14762.01;15131.06;10;2,50;TPH WEDNESDAY;LUNES
2023-08-28;2023-08-30;15035.48;15411.36;10;2,50;TPH WEDNESDAY;LUNES
2023-09-11;2023-09-12;15409.77;15348.13;10;-0,40;SLL TUESDAY;LUNES
2023-09-18;2023-09-19;15161.17;15100.52;10;-0,40;SLL TUESDAY;LUNES
2023-09-25;2023-09-26;14662.69;14604.03;10;-0,40;SLL TUESDAY;LUNES
2023-10-02;2023-10-03;14717.90;14659.02;10;-0,40;SLL TUESDAY;LUNES
2023-10-09;2023-10-11;14871.57;15243.35;10;2,50;TPH WEDNESDAY;LUNES
2023-10-16;2023-10-17;15054.48;14994.26;10;-0,40;SLL TUESDAY;LUNES
2023-10-23;2023-10-25;14514.11;14456.05;11;-0,40;SLL WEDNESDAY;LUNES
2023-10-30;2023-11-01;14283.98;14641.07;11;2,50;TPH WEDNESDAY;LUNES
2023-11-06;2023-11-10;15137.17;15515.59;10;2,50;TPH FRIDAY;LUNES
2023-11-13;2023-11-17;15469.21;15855.94;10;2,50;TPH FRIDAY;LUNES
2023-11-20;2023-11-22;15845.20;16001.39;10;0,99;WEEKLY_CLOSE;LUNES
2023-11-27;2023-11-30;15969.72;15905.84;10;-0,40;SLL THURSDAY;LUNES
2023-12-04;2023-12-08;15837.12;16084.69;10;1,56;WEEKLY_CLOSE;LUNES
2023-12-11;2023-12-13;16069.62;16471.36;10;2,50;TPH WEDNESDAY;LUNES
2023-12-18;2023-12-20;16631.11;16564.58;10;-0,40;SLL WEDNESDAY;LUNES
2024-01-08;2024-01-10;16354.22;16763.07;10;2,50;TPH WEDNESDAY;LUNES
2024-01-22;2024-01-23;17403.62;17334.00;10;-0,40;SLL TUESDAY;LUNES
2024-01-29;2024-02-02;17438.03;17642.73;10;1,17;WEEKLY_CLOSE;LUNES
2024-02-05;2024-02-06;17634.69;17564.15;10;-0,40;SLL TUESDAY;LUNES
2024-02-12;2024-02-16;17942.28;17685.98;10;-1,43;WEEKLY_CLOSE;LUNES
2024-02-26;2024-02-27;17970.21;17898.32;10;-0,40;SLL TUESDAY;LUNES
2024-03-04;2024-03-08;18290.10;18216.93;9;-0,40;SLL FRIDAY;LUNES
2024-03-11;2024-03-15;17959.68;17887.84;9;-0,40;SLL FRIDAY;LUNES
2024-03-18;2024-03-22;18024.24;18339.44;9;1,75;WEEKLY_CLOSE;LUNES
2024-03-25;2024-03-28;18215.54;18254.69;9;0,21;WEEKLY_CLOSE;LUNES
2024-04-01;2024-04-04;18280.82;18207.69;9;-0,40;SLL THURSDAY;LUNES
2024-04-08;2024-04-09;18130.44;18057.91;9;-0,40;SLL TUESDAY;LUNES
2024-04-15;2024-04-19;18143.26;17037.65;9;-6,09;WEEKLY_CLOSE;LUNES
2024-04-22;2024-04-26;17161.11;17590.13;9;2,50;TPH FRIDAY;LUNES
2024-04-29;2024-05-03;17801.14;17890.79;9;0,50;WEEKLY_CLOSE;LUNES
2024-05-06;2024-05-10;17950.98;18161.18;9;1,17;WEEKLY_CLOSE;LUNES
2024-05-13;2024-05-17;18228.40;18546.23;9;1,74;WEEKLY_CLOSE;LUNES
2024-05-20;2024-05-24;18559.22;18808.35;9;1,34;WEEKLY_CLOSE;LUNES
2024-06-03;2024-06-04;18666.72;18592.05;9;-0,40;SLL TUESDAY;LUNES
2024-06-10;2024-06-12;18945.31;19418.94;9;2,50;TPH WEDNESDAY;LUNES
2024-06-17;2024-06-18;19681.86;19908.86;9;1,15;WEEKLY_CLOSE;LUNES
2024-06-24;2024-06-28;19648.23;19682.87;9;0,18;WEEKLY_CLOSE;LUNES
2024-07-01;2024-07-03;19720.11;20186.63;9;2,37;WEEKLY_CLOSE;LUNES
2024-07-08;2024-07-11;20393.89;20312.31;9;-0,40;SLL THURSDAY;LUNES
2024-07-15;2024-07-16;20401.02;20319.41;9;-0,40;SLL TUESDAY;LUNES
2024-07-22;2024-07-26;19751.02;19023.66;9;-3,68;WEEKLY_CLOSE;LUNES
2024-07-29;2024-07-30;19122.43;19045.94;9;-0,40;SLL TUESDAY;LUNES
2024-08-05;2024-08-07;17444.40;18345.45;10;5,17;OTP WEDNESDAY;LUNES
2024-08-12;2024-08-13;18548.23;19011.93;10;2,50;TPH TUESDAY;LUNES
2024-08-19;2024-08-23;19521.93;19720.87;9;1,02;WEEKLY_CLOSE;LUNES
2024-08-26;2024-08-30;19679.24;19574.64;9;-0,53;WEEKLY_CLOSE;LUNES
2024-09-09;2024-09-11;18579.80;19044.29;10;2,50;TPH WEDNESDAY;LUNES
2024-09-16;2024-09-18;19412.79;19335.13;10;-0,40;SLL WEDNESDAY;LUNES
2024-09-23;2024-09-24;19848.71;19769.31;9;-0,40;SLL TUESDAY;LUNES
2024-09-30;2024-10-01;19959.26;19879.42;9;-0,40;SLL TUESDAY;LUNES
2024-10-07;2024-10-11;19954.66;20271.97;9;1,59;WEEKLY_CLOSE;LUNES
2024-10-14;2024-10-15;20366.06;20284.59;9;-0,40;SLL TUESDAY;LUNES
2024-10-21;2024-10-23;20280.49;20199.36;9;-0,40;SLL WEDNESDAY;LUNES
2024-10-28;2024-11-01;20455.01;20033.14;9;-2,06;WEEKLY_CLOSE;LUNES
2024-11-04;2024-11-07;20011.55;20896.41;9;4,42;OTP THURSDAY;LUNES
2024-11-11;2024-11-12;21171.24;21086.55;9;-0,40;SLL TUESDAY;LUNES
2024-11-18;2024-11-22;20450.21;20776.23;9;1,59;WEEKLY_CLOSE;LUNES
2024-11-25;2024-11-26;20918.76;20835.08;9;-0,40;SLL TUESDAY;LUNES
2024-12-02;2024-12-04;20971.76;21496.05;9;2,50;TPH WEDNESDAY;LUNES
2024-12-09;2024-12-10;21573.76;21487.46;9;-0,40;SLL TUESDAY;LUNES
2024-12-16;2024-12-18;21891.36;21803.79;9;-0,40;SLL WEDNESDAY;LUNES
2024-12-23;2024-12-24;21364.26;21797.65;9;2,03;WEEKLY_CLOSE;LUNES
2024-12-30;2024-12-31;21189.10;21104.34;9;-0,40;SLL TUESDAY;LUNES
2025-01-06;2025-01-07;21551.18;21464.97;9;-0,40;SLL TUESDAY;LUNES
2025-01-13;2025-01-15;20593.65;21108.49;9;2,50;TPH WEDNESDAY;LUNES
2025-01-27;2025-01-30;21000.17;21525.17;9;2,50;TPH THURSDAY;LUNES
2025-02-03;2025-02-05;21084.64;21611.75;10;2,50;TPH WEDNESDAY;LUNES
2025-02-10;2025-02-14;21670.06;22114.69;10;2,05;WEEKLY_CLOSE;LUNES
2025-02-24;2025-02-28;21669.36;20884.41;10;-3,62;WEEKLY_CLOSE;LUNES
2025-03-03;2025-03-07;20989.58;20201.37;10;-3,76;WEEKLY_CLOSE;LUNES
2025-03-10;2025-03-14;19826.96;19704.64;10;-0,62;WEEKLY_CLOSE;LUNES
2025-03-17;2025-03-18;19670.69;19592.00;10;-0,40;SLL TUESDAY;LUNES
2025-03-24;2025-03-26;20041.21;19961.04;10;-0,40;SLL WEDNESDAY;LUNES
2025-03-31;2025-04-02;18998.54;19473.50;10;2,50;TPH WEDNESDAY;LUNES
2025-04-07;2025-04-08;16771.77;18034.46;12;7,53;OTP TUESDAY;LUNES
2025-04-14;2025-04-17;19095.49;18258.09;11;-4,39;WEEKLY_CLOSE;LUNES
2025-04-21;2025-04-23;18023.01;18870.63;11;4,70;OTP WEDNESDAY;LUNES
2025-04-28;2025-05-01;19432.72;19918.53;11;2,50;TPH THURSDAY;LUNES
2025-05-05;2025-05-09;19928.82;20061.45;11;0,67;WEEKLY_CLOSE;LUNES
2025-05-12;2025-05-15;20818.78;21339.24;11;2,50;TPH THURSDAY;LUNES
2025-05-19;2025-05-21;21138.13;21053.57;11;-0,40;SLL WEDNESDAY;LUNES
2025-06-02;2025-06-05;21270.57;21802.33;10;2,50;TPH THURSDAY;LUNES
2025-06-09;2025-06-13;21779.18;21631.04;10;-0,68;WEEKLY_CLOSE;LUNES
2025-06-16;2025-06-17;21783.08;21695.94;10;-0,40;SLL TUESDAY;LUNES
2025-06-23;2025-06-24;21632.78;22173.59;10;2,50;TPH TUESDAY;LUNES
2025-06-30;2025-07-01;22632.92;22542.38;10;-0,40;SLL TUESDAY;LUNES
2025-07-07;2025-07-08;22754.38;22663.36;10;-0,40;SLL TUESDAY;LUNES
2025-07-14;2025-07-16;22780.19;22689.06;10;-0,40;SLL WEDNESDAY;LUNES
2025-07-21;2025-07-22;23124.97;23032.47;10;-0,40;SLL TUESDAY;LUNES
2025-07-28;2025-07-30;23343.13;23249.75;10;-0,40;SLL WEDNESDAY;LUNES
2025-08-04;2025-08-08;22986.77;23561.43;10;2,50;TPH FRIDAY;LUNES
2025-08-11;2025-08-12;23629.02;23534.50;10;-0,40;SLL TUESDAY;LUNES
2025-08-18;2025-08-19;23692.13;23597.36;10;-0,40;SLL TUESDAY;LUNES
2025-08-25;2025-08-29;23454.28;23360.46;10;-0,40;SLL FRIDAY;LUNES
2025-09-08;2025-09-12;23759.62;24092.19;9;1,40;WEEKLY_CLOSE;LUNES
2025-09-15;2025-09-17;24178.60;24081.88;9;-0,40;SLL WEDNESDAY;LUNES
2025-09-22;2025-09-24;24588.18;24489.82;9;-0,40;SLL WEDNESDAY;LUNES
2025-09-29;2025-09-30;24629.02;24530.50;9;-0,40;SLL TUESDAY;LUNES
2025-10-06;2025-10-07;24986.26;24886.31;9;-0,40;SLL TUESDAY;LUNES
2025-10-13;2025-10-15;24625.74;24527.23;9;-0,40;SLL WEDNESDAY;LUNES
2025-10-20;2025-10-22;24991.10;24891.13;9;-0,40;SLL WEDNESDAY;LUNES
2025-10-27;2025-10-31;25701.95;25858.13;9;0,61;WEEKLY_CLOSE;LUNES
2025-11-03;2025-11-07;26114.11;25059.81;8;-4,04;WEEKLY_CLOSE;LUNES
2025-11-10;2025-11-13;25418.17;25316.49;8;-0,40;SLL THURSDAY;LUNES
2025-11-17;2025-11-20;24890.10;24790.53;9;-0,40;SLL THURSDAY;LUNES
2025-11-24;2025-11-26;24462.87;25236.94;9;3,16;WEEKLY_CLOSE;LUNES
2025-12-01;2025-12-05;25232.75;25692.05;9;1,82;WEEKLY_CLOSE;LUNES
2025-12-08;2025-12-12;25758.82;25196.73;9;-2,18;WEEKLY_CLOSE;LUNES
2025-12-15;2025-12-19;25352.87;25346.18;9;-0,03;WEEKLY_CLOSE;LUNES
2025-12-22;2025-12-23;25527.68;25425.56;8;-0,40;SLL TUESDAY;LUNES
2025-12-29;2025-12-31;25462.25;25360.40;8;-0,40;SLL WEDNESDAY;LUNES
2026-01-05;2026-01-09;25471.79;25766.26;8;1,16;WEEKLY_CLOSE;LUNES
2026-01-12;2026-01-14;25616.81;25514.34;8;-0,40;SLL WEDNESDAY;LUNES
2026-01-26;2026-01-29;25631.01;25528.48;8;-0,40;SLL THURSDAY;LUNES
2026-02-02;2026-02-03;25491.64;25389.67;8;-0,40;SLL TUESDAY;LUNES
2026-02-09;2026-02-12;24953.68;24853.86;9;-0,40;SLL THURSDAY;LUNES
2026-02-23;2026-02-26;24935.52;24835.77;9;-0,40;SLL THURSDAY;LUNES
2026-03-02;2026-03-06;24599.41;24643.02;9;0,18;WEEKLY_CLOSE;LUNES
2026-03-09;2026-03-10;24429.67;25040.41;9;2,50;TPH TUESDAY;LUNES
2026-03-16;2026-03-18;24646.18;24547.59;9;-0,40;SLL WEDNESDAY;LUNES
2026-03-23;2026-03-25;24270.77;24173.68;9;-0,40;SLL WEDNESDAY;LUNES
2026-03-30;2026-04-01;23307.75;23890.44;9;2,50;TPH WEDNESDAY;LUNES
2026-04-06;2026-04-07;24143.02;24046.44;9;-0,40;SLL TUESDAY;LUNES
2026-04-13;2026-04-14;25069.07;25695.79;9;2,50;TPH TUESDAY;LUNES
2026-04-20;2026-04-21;26662.32;26555.67;8;-0,40;SLL TUESDAY;LUNES
2026-04-27;2026-04-30;27278.28;27169.16;8;-0,40;SLL THURSDAY;LUNES
2026-05-04;2026-05-06;27731.34;28424.62;8;2,50;TPH WEDNESDAY;LUNES
2026-05-11;2026-05-13;29185.83;29069.08;8;-0,40;SLL WEDNESDAY;LUNES
2026-05-18;2026-05-21;29246.20;29129.21;8;-0,40;SLL THURSDAY;LUNES
2026-06-01;2026-06-04;30295.25;30174.06;7;-0,40;SLL THURSDAY;LUNES
2026-06-08;2026-06-09;29482.19;29364.26;8;-0,40;SLL TUESDAY;LUNES
2026-06-15;2026-06-16;30289.97;30168.81;7;-0,40;SLL TUESDAY;LUNES
2026-06-22;2026-06-26;30529.99;29118.24;7;-4,62;WEEKLY_CLOSE;LUNES
2026-06-29;2026-06-30;29310.26;30043.01;7;2,50;TPH TUESDAY;LUNES
2026-07-06;2026-07-09;29575.57;29457.26;7;-0,40;SLL THURSDAY;LUNES
2026-07-13;2026-07-15;29471.02;29353.13;7;-0,40;SLL WEDNESDAY;LUNES
2026-07-20;2026-07-24;28871.16;28128.34;7;-2,57;WEEKLY_CLOSE;LUNES
2026-07-27;2026-07-31;28412.31;28298.66;7;-0,40;SLL FRIDAY;LUNES
2026-08-03;2026-08-05;28278.59;29863.27;7;5,60;OTP WEDNESDAY;LUNES
2026-08-10;2026-08-11;29709.49;29590.65;7;-0,40;SLL TUESDAY;LUNES
