TP,TPH,SL,SHARPE,CAGR,MAX_DD,CALMAR,FINAL_EQUITY,TRADES,WIN_RATE
0.04500,0.06500,0.00600,1.415941,0.642351,-0.423677,1.516132,4831774.07,624,47.7564
0.05000,0.06500,0.00600,1.409997,0.645100,-0.420082,1.535652,4933497.08,624,46.7949
0.04000,0.07000,0.00600,1.407832,0.633448,-0.435825,1.453447,4515438.96,624,48.5577
0.04000,0.07500,0.00600,1.407522,0.634236,-0.435825,1.455256,4542664.36,624,48.3974
0.04500,0.07000,0.00600,1.406516,0.639290,-0.462153,1.383286,4720798.42,624,47.4359
0.05000,0.15000,0.00600,1.406406,0.653560,-0.446720,1.463019,5259019.33,624,45.9936
0.05000,0.07000,0.00600,1.406334,0.646493,-0.446720,1.447201,4985806.72,624,46.4744
0.05000,0.14500,0.00600,1.405898,0.652964,-0.446720,1.461686,5235469.06,624,45.9936
0.05000,0.14000,0.00600,1.405393,0.652388,-0.446720,1.460398,5212803.87,624,45.9936
0.05000,0.13500,0.00600,1.404871,0.651808,-0.446720,1.459099,5190055.71,624,45.9936
0.05000,0.13000,0.00600,1.404178,0.651081,-0.446720,1.457471,5161658.92,624,45.9936
0.05000,0.12500,0.00600,1.402991,0.649917,-0.446720,1.454865,5116498.46,624,45.9936
0.05000,0.12000,0.00600,1.401744,0.648722,-0.446720,1.452189,5070513.67,624,45.9936
0.05000,0.11500,0.00600,1.400471,0.647530,-0.446720,1.449522,5025052.20,624,45.9936
0.05000,0.07500,0.00600,1.400211,0.643437,-0.446720,1.440360,4871747.23,624,46.1538
0.05000,0.11000,0.00600,1.399188,0.646352,-0.446720,1.446884,4980465.24,624,45.9936
0.04000,0.06500,0.00600,1.397988,0.625202,-0.423664,1.475702,4239532.71,624,48.5577
0.04500,0.07500,0.00600,1.396791,0.633950,-0.462153,1.371730,4532746.53,624,47.1154
0.04000,0.09000,0.00600,1.395915,0.627142,-0.435825,1.438978,4303022.45,624,48.2372
0.05000,0.10500,0.00600,1.395855,0.643837,-0.446720,1.441254,4886520.07,624,45.9936
0.04000,0.08000,0.00600,1.395045,0.626524,-0.435825,1.437559,4282696.14,624,48.2372
0.04000,0.08500,0.00600,1.394380,0.625941,-0.435825,1.436221,4263609.05,624,48.2372
0.05000,0.10000,0.00600,1.393845,0.642025,-0.446720,1.437199,4819853.40,624,45.9936
0.04000,0.10000,0.00600,1.393091,0.625484,-0.435825,1.435174,4248723.93,624,48.2372
0.04000,0.10500,0.00600,1.393091,0.625484,-0.435825,1.435174,4248723.93,624,48.2372
0.04000,0.11000,0.00600,1.393091,0.625484,-0.435825,1.435174,4248723.93,624,48.2372
0.04000,0.11500,0.00600,1.393091,0.625484,-0.435825,1.435174,4248723.93,624,48.2372
0.04000,0.12000,0.00600,1.393091,0.625484,-0.435825,1.435174,4248723.93,624,48.2372
0.04000,0.12500,0.00600,1.393091,0.625484,-0.435825,1.435174,4248723.93,624,48.2372
0.04000,0.13000,0.00600,1.393091,0.625484,-0.435825,1.435174,4248723.93,624,48.2372
0.04000,0.13500,0.00600,1.393091,0.625484,-0.435825,1.435174,4248723.93,624,48.2372
0.04000,0.14000,0.00600,1.393091,0.625484,-0.435825,1.435174,4248723.93,624,48.2372
0.04000,0.14500,0.00600,1.393091,0.625484,-0.435825,1.435174,4248723.93,624,48.2372
0.04000,0.15000,0.00600,1.393091,0.625484,-0.435825,1.435174,4248723.93,624,48.2372
0.04000,0.09500,0.00600,1.393016,0.625427,-0.435825,1.435043,4246873.87,624,48.2372
0.05000,0.09000,0.00600,1.392482,0.640091,-0.446720,1.432870,4749618.40,624,45.9936
0.05000,0.09500,0.00600,1.391748,0.640169,-0.446720,1.433045,4752437.31,624,45.9936
0.04500,0.15000,0.00600,1.390360,0.633785,-0.462153,1.371373,4527051.20,624,46.9551
0.04500,0.06000,0.00600,1.390091,0.622049,-0.426056,1.460015,4138204.01,624,47.9167
0.04500,0.14500,0.00600,1.389841,0.633194,-0.462153,1.370096,4506716.66,624,46.9551
0.04500,0.14000,0.00600,1.389333,0.632626,-0.462153,1.368866,4487218.42,624,46.9551
0.05000,0.08500,0.00600,1.388848,0.637074,-0.446720,1.426114,4641889.03,624,45.9936
0.04500,0.13500,0.00600,1.388812,0.632058,-0.462153,1.367637,4467811.91,624,46.9551
0.04500,0.13000,0.00600,1.388259,0.631478,-0.462153,1.366382,4448067.15,624,46.9551
0.04500,0.12500,0.00600,1.387707,0.630907,-0.462153,1.365145,4428698.08,624,46.9551
0.05000,0.08000,0.00600,1.387280,0.635813,-0.446720,1.423293,4597565.26,624,45.9936
0.04500,0.12000,0.00600,1.387105,0.630302,-0.462153,1.363838,4408306.09,624,46.9551
0.04500,0.11500,0.00600,1.386520,0.629727,-0.462153,1.362593,4388967.71,624,46.9551
0.04500,0.11000,0.00600,1.385897,0.629134,-0.462153,1.361311,4369123.13,624,46.9551
0.04500,0.10500,0.00600,1.383210,0.627221,-0.462153,1.357171,4305641.49,624,46.9551
0.04500,0.09000,0.00600,1.382038,0.625298,-0.462153,1.353009,4242656.65,624,46.9551
0.04500,0.10000,0.00600,1.381932,0.626040,-0.462153,1.354614,4266851.08,624,46.9551
0.04500,0.09500,0.00600,1.380543,0.624787,-0.462153,1.351905,4226094.98,624,46.9551
0.04500,0.08500,0.00600,1.379153,0.622913,-0.462153,1.347849,4165763.34,624,46.9551
0.04500,0.08000,0.00600,1.378366,0.622275,-0.462153,1.346468,4145408.03,624,46.9551
0.05000,0.06000,0.00600,1.376088,0.618622,-0.420079,1.472632,4030599.85,624,46.9551
0.04000,0.06000,0.00600,1.372472,0.605937,-0.426069,1.422158,3654321.79,624,48.7179
0.03500,0.07000,0.00600,1.371462,0.600378,-0.435849,1.377492,3499832.56,624,50.1603
0.03500,0.07500,0.00600,1.362184,0.594794,-0.435849,1.364679,3350710.16,624,50.0000
0.03500,0.06500,0.00600,1.358791,0.590984,-0.423614,1.395099,3252327.20,624,50.1603
0.05500,0.15000,0.00600,1.357961,0.629243,-0.450095,1.398022,4372760.35,624,45.1923
0.05500,0.14500,0.00600,1.357439,0.628658,-0.450093,1.396727,4353221.53,624,45.1923
0.05000,0.05500,0.00600,1.356955,0.597826,-0.420085,1.423106,3430937.62,624,47.5962
0.05500,0.14000,0.00600,1.356920,0.628090,-0.450095,1.395460,4334351.53,624,45.1923
0.05500,0.13500,0.00600,1.356389,0.627521,-0.450086,1.394226,4315534.13,624,45.1923
0.05500,0.13000,0.00600,1.355675,0.626800,-0.450098,1.392586,4291773.64,624,45.1923
0.05500,0.12500,0.00600,1.354470,0.625651,-0.450099,1.390029,4254150.20,624,45.1923
0.05500,0.12000,0.00600,1.353214,0.624476,-0.450092,1.387442,4216015.07,624,45.1923
0.05500,0.11500,0.00600,1.351944,0.623312,-0.450089,1.384862,4178525.42,624,45.1923
0.03500,0.06000,0.00600,1.350919,0.583931,-0.426083,1.370464,3077221.37,624,50.3205
0.05500,0.07500,0.00600,1.349906,0.614880,-0.450096,1.366109,3916067.83,624,45.5128
0.03500,0.09000,0.00600,1.346477,0.585360,-0.435849,1.343033,3111981.86,624,49.8397
0.03500,0.08000,0.00600,1.345946,0.584783,-0.435849,1.341710,3097906.82,624,49.8397
0.03500,0.08500,0.00600,1.344909,0.584188,-0.435849,1.340344,3083442.18,624,49.8397
0.05500,0.11000,0.00600,1.344751,0.617948,-0.450086,1.372956,4009763.52,624,45.1923
0.04500,0.05500,0.00600,1.344175,0.586921,-0.428983,1.368169,3150379.60,624,48.2372
0.03500,0.10000,0.00600,1.343609,0.583738,-0.435849,1.339312,3072557.25,624,49.8397
0.03500,0.10500,0.00600,1.343609,0.583738,-0.435849,1.339312,3072557.25,624,49.8397
0.03500,0.11000,0.00600,1.343609,0.583738,-0.435849,1.339312,3072557.25,624,49.8397
0.03500,0.11500,0.00600,1.343609,0.583738,-0.435849,1.339312,3072557.25,624,49.8397
0.03500,0.12000,0.00600,1.343609,0.583738,-0.435849,1.339312,3072557.25,624,49.8397
0.03500,0.12500,0.00600,1.343609,0.583738,-0.435849,1.339312,3072557.25,624,49.8397
0.03500,0.13000,0.00600,1.343609,0.583738,-0.435849,1.339312,3072557.25,624,49.8397
0.03500,0.13500,0.00600,1.343609,0.583738,-0.435849,1.339312,3072557.25,624,49.8397
0.03500,0.14000,0.00600,1.343609,0.583738,-0.435849,1.339312,3072557.25,624,49.8397
0.03500,0.14500,0.00600,1.343609,0.583738,-0.435849,1.339312,3072557.25,624,49.8397
0.03500,0.15000,0.00600,1.343609,0.583738,-0.435849,1.339312,3072557.25,624,49.8397
0.03500,0.09500,0.00600,1.343552,0.583693,-0.435849,1.339209,3071471.14,624,49.8397
0.05500,0.07000,0.00600,1.341279,0.607548,-0.450096,1.349819,3700244.29,624,45.8333
0.05500,0.10500,0.00600,1.340738,0.614879,-0.450098,1.366101,3916037.03,624,45.1923
0.06000,0.15000,0.00600,1.339808,0.623244,-0.450098,1.384685,4176357.02,624,44.2308
0.06000,0.14500,0.00600,1.339293,0.622668,-0.450096,1.383413,4157945.09,624,44.2308
0.06000,0.14000,0.00600,1.338769,0.622102,-0.450094,1.382162,4139915.21,624,44.2308
0.06000,0.13500,0.00600,1.338220,0.621526,-0.450097,1.380872,4121627.67,624,44.2308
0.06000,0.13000,0.00600,1.337503,0.620809,-0.450099,1.379271,4098965.37,624,44.2308
0.06000,0.12500,0.00600,1.336301,0.619667,-0.450096,1.376743,4063146.91,624,44.2308
0.05500,0.06500,0.00600,1.336190,0.600460,-0.450103,1.334052,3502057.15,624,46.1538
0.05500,0.10000,0.00600,1.335507,0.610783,-0.450089,1.357026,3794068.62,624,45.1923
0.06000,0.12000,0.00600,1.335046,0.618498,-0.450098,1.374140,4026754.33,624,44.2308
0.03000,0.07000,0.00600,1.334102,0.570507,-0.442747,1.288562,2767664.23,624,51.4423
0.06000,0.11500,0.00600,1.333768,0.617333,-0.450097,1.371555,3990797.78,624,44.2308
0.05500,0.09500,0.00600,1.331933,0.607776,-0.450086,1.350355,3706780.47,624,45.1923
0.04500,0.06500,0.00400,1.330827,0.593878,-0.417900,1.421102,3326820.24,624,47.1154
0.03000,0.07500,0.00600,1.330639,0.568038,-0.442747,1.282984,2713933.65,624,51.4423
0.04000,0.05500,0.00600,1.330066,0.574683,-0.428907,1.339876,2860731.81,624,48.8782
0.05000,0.06500,0.00400,1.328557,0.598213,-0.417869,1.431580,3441308.77,624,46.1538
0.05500,0.06000,0.00600,1.328425,0.590212,-0.450094,1.311310,3232737.58,624,46.6346
0.05000,0.15000,0.00400,1.328368,0.607569,-0.438620,1.385183,3700855.71,624,45.3526
0.05000,0.14500,0.00400,1.327837,0.606992,-0.438620,1.383867,3684332.98,624,45.3526
0.05000,0.14000,0.00400,1.327308,0.606431,-0.438620,1.382588,3668345.77,624,45.3526
0.05000,0.13500,0.00400,1.326765,0.605868,-0.438620,1.381303,3652350.54,624,45.3526
0.06000,0.11000,0.00600,1.326634,0.611993,-0.450102,1.359676,3829731.32,624,44.2308
0.05000,0.13000,0.00400,1.326043,0.605156,-0.438620,1.379681,3632244.91,624,45.3526
0.05000,0.07000,0.00400,1.326010,0.599887,-0.438620,1.367667,3486459.35,624,45.8333
0.05000,0.06500,0.00300,1.325375,0.597329,-0.416654,1.433631,3417645.64,624,45.6731
0.05000,0.12500,0.00400,1.324827,0.604024,-0.438620,1.377101,3600462.38,624,45.3526
0.06000,0.07500,0.00600,1.324296,0.601897,-0.450093,1.337273,3541425.11,624,44.7115
0.04000,0.07000,0.00300,1.323756,0.587757,-0.423449,1.388024,3171103.89,624,47.5962
0.04000,0.07000,0.00700,1.323561,0.582015,-0.440133,1.322362,3031164.90,624,48.7179
0.05000,0.12000,0.00400,1.323555,0.602865,-0.438620,1.374456,3568167.58,624,45.3526
0.05000,0.06500,0.00200,1.323542,0.597673,-0.415492,1.438472,3426847.84,624,45.6731
0.04000,0.07500,0.00300,1.323505,0.588348,-0.423449,1.389419,3185836.12,624,47.4359
0.04000,0.07500,0.00700,1.323280,0.582717,-0.440133,1.323959,3047980.28,624,48.5577
0.04500,0.07000,0.00400,1.322523,0.591218,-0.453412,1.303933,3258313.63,624,46.7949
0.04000,0.07500,0.00400,1.322494,0.586285,-0.427829,1.370370,3134668.95,624,47.7564
0.05000,0.11500,0.00400,1.322265,0.601712,-0.438620,1.371828,3536333.18,624,45.3526
0.04500,0.06500,0.00300,1.322246,0.589445,-0.416649,1.414727,3213368.44,624,46.6346
0.04500,0.06500,0.00200,1.322235,0.591285,-0.415369,1.423519,3260017.55,624,46.6346
0.05000,0.07000,0.00300,1.322208,0.598489,-0.434772,1.376559,3448708.81,624,45.3526
0.04000,0.07000,0.00400,1.322179,0.585243,-0.427829,1.367935,3109126.16,624,47.9167
0.05500,0.09000,0.00600,1.321493,0.599833,-0.450086,1.332707,3484995.03,624,45.1923
0.04500,0.06500,0.00700,1.321373,0.584002,-0.436802,1.336994,3078936.92,624,47.9167
0.06000,0.07000,0.00600,1.321324,0.597347,-0.450104,1.327133,3418146.79,624,45.1923
0.05000,0.15000,0.00300,1.321248,0.603483,-0.434772,1.388045,3585341.67,624,44.8718
0.04500,0.06500,0.00500,1.321112,0.583657,-0.419574,1.391070,3070602.17,624,47.2756
0.05000,0.07500,0.00400,1.320995,0.597452,-0.438620,1.362116,3420932.60,624,45.5128
0.05000,0.11000,0.00400,1.320950,0.600562,-0.438620,1.369206,3504830.07,624,45.3526
0.05000,0.14500,0.00300,1.320705,0.602900,-0.434772,1.386704,3569138.63,624,44.8718
0.04000,0.07500,0.00200,1.320657,0.588273,-0.419471,1.402415,3183970.35,624,47.4359
0.04000,0.07000,0.00200,1.320596,0.587502,-0.419471,1.400576,3164757.94,624,47.5962
0.05000,0.14000,0.00300,1.320180,0.602345,-0.434772,1.385428,3553780.99,624,44.8718
0.05500,0.08000,0.00600,1.320145,0.597651,-0.450103,1.327810,3426243.14,624,45.1923
0.04500,0.06000,0.00200,1.320115,0.587082,-0.415557,1.412761,3154363.59,624,46.9551
0.05000,0.15000,0.01600,1.320105,0.590961,-0.431679,1.368984,3251763.02,624,49.1987
0.05000,0.13500,0.00300,1.319627,0.601778,-0.434772,1.384125,3538157.47,624,44.8718
0.05000,0.14500,0.01600,1.319563,0.590386,-0.431679,1.367651,3237145.88,624,49.1987
0.03500,0.05500,0.00600,1.319259,0.562734,-0.428967,1.311835,2601778.27,624,50.3205
0.03000,0.06500,0.00600,1.319158,0.560315,-0.442747,1.265542,2552051.35,624,51.4423
0.05000,0.14000,0.01600,1.319036,0.589834,-0.431679,1.366372,3223173.81,624,49.1987
0.05000,0.13000,0.00300,1.318908,0.601072,-0.434772,1.382501,3518776.73,624,44.8718
0.05000,0.13500,0.01600,1.318485,0.589275,-0.431679,1.365078,3209094.81,624,49.1987
0.05000,0.07000,0.00200,1.317975,0.597030,-0.430458,1.386965,3409688.24,624,45.3526
0.05000,0.13000,0.01600,1.317758,0.588572,-0.431679,1.363450,3191457.51,624,49.1987
0.05000,0.12500,0.00300,1.317692,0.599945,-0.434772,1.379908,3488042.08,624,44.8718
0.06000,0.10500,0.00600,1.317641,0.605357,-0.450103,1.344930,3637890.76,624,44.2308
0.05000,0.10500,0.00400,1.317609,0.598102,-0.438620,1.363599,3438328.26,624,45.3526
0.05000,0.06500,0.00500,1.317252,0.586953,-0.419030,1.400742,3151163.49,624,46.3141
0.05000,0.15000,0.00200,1.317191,0.601972,-0.430458,1.398447,3543504.91,624,44.8718
0.05000,0.07500,0.00300,1.316731,0.595667,-0.434772,1.370068,3373617.73,624,45.0321
0.05000,0.14500,0.00200,1.316662,0.601401,-0.430458,1.397119,3527783.99,624,44.8718
0.05000,0.12500,0.01600,1.316526,0.587452,-0.431679,1.360854,3163525.48,624,49.1987
0.05000,0.12000,0.00300,1.316422,0.598791,-0.434772,1.377254,3456831.62,624,44.8718
0.05000,0.15000,0.00500,1.316329,0.595762,-0.442412,1.346621,3376117.80,624,45.5128
0.05000,0.14000,0.00200,1.316137,0.600845,-0.430458,1.395828,3512560.23,624,44.8718
0.03000,0.06000,0.00600,1.315950,0.556584,-0.442747,1.257114,2477058.83,624,51.6026
0.05000,0.14500,0.00500,1.315786,0.595183,-0.442412,1.345313,3360903.79,624,45.5128
0.05000,0.10000,0.00400,1.315606,0.596367,-0.438620,1.359642,3392095.68,624,45.3526
0.05000,0.13500,0.00200,1.315584,0.600279,-0.430458,1.394513,3497125.29,624,44.8718
0.05000,0.06500,0.00700,1.315557,0.586066,-0.428704,1.367066,3129297.19,624,46.9551
0.05000,0.14000,0.00500,1.315264,0.594633,-0.442412,1.344070,3346497.32,624,45.5128
0.05000,0.12000,0.01600,1.315229,0.586299,-0.431679,1.358183,3135021.64,624,49.1987
0.05000,0.11500,0.00300,1.315121,0.597635,-0.434772,1.374595,3425820.83,624,44.8718
0.05500,0.05500,0.00600,1.314913,0.572742,-0.450095,1.272491,2817121.60,624,47.4359
0.05000,0.13000,0.00200,1.314861,0.599572,-0.430458,1.392871,3477923.01,624,44.8718
0.05000,0.13500,0.00500,1.314712,0.594071,-0.442412,1.342799,3331827.66,624,45.5128
0.05000,0.07000,0.00500,1.314620,0.588557,-0.442412,1.330336,3191072.74,624,45.9936
0.04000,0.06500,0.00300,1.314612,0.580317,-0.416695,1.392669,2990900.40,624,47.5962
0.05500,0.08500,0.00600,1.314592,0.594376,-0.450092,1.320564,3339776.01,624,45.1923
0.05000,0.15000,0.01700,1.314495,0.586692,-0.439966,1.333495,3144709.12,624,49.8397
0.04500,0.06500,0.00800,1.314319,0.576932,-0.439079,1.313959,2912061.27,624,48.0769
0.05000,0.09000,0.00400,1.314112,0.594481,-0.438620,1.355342,3342513.60,624,45.3526
0.05000,0.06000,0.00200,1.314013,0.588057,-0.415412,1.415600,3178584.43,624,45.9936
0.04500,0.07500,0.00400,1.313994,0.586565,-0.453412,1.293670,3141579.41,624,46.4744
0.05000,0.13000,0.00500,1.313978,0.593362,-0.442412,1.341196,3313405.45,624,45.5128
0.05000,0.14500,0.01700,1.313960,0.586123,-0.439966,1.332202,3130689.97,624,49.8397
0.05000,0.11500,0.01600,1.313927,0.585160,-0.431679,1.355546,3107108.39,624,49.1987
0.05000,0.06500,0.01600,1.313891,0.577418,-0.431771,1.337323,2923246.34,624,49.8397
0.05000,0.11000,0.00300,1.313814,0.596495,-0.434772,1.371972,3395484.48,624,44.8718
0.05000,0.12500,0.00200,1.313641,0.598443,-0.430458,1.390249,3447481.92,624,44.8718
0.03000,0.08000,0.00600,1.313610,0.557558,-0.442747,1.259315,2496445.01,624,51.2821
0.04000,0.06500,0.00700,1.313606,0.574058,-0.436800,1.314233,2846619.39,624,48.7179
0.04000,0.06500,0.00200,1.313490,0.581459,-0.415482,1.399481,3017927.13,624,47.5962
0.05000,0.09500,0.00400,1.313466,0.594557,-0.438620,1.355516,3344503.82,624,45.3526
0.05000,0.14000,0.01700,1.313436,0.585577,-0.439966,1.330960,3117289.25,624,49.8397
0.04500,0.07000,0.00300,1.313415,0.586317,-0.448626,1.306917,3135474.98,624,46.3141
0.06500,0.07500,0.00600,1.312960,0.596593,-0.450104,1.325457,3398102.25,624,44.2308
0.05000,0.13500,0.01700,1.312881,0.585018,-0.439966,1.329690,3103631.69,624,49.8397
0.05000,0.12500,0.00500,1.312760,0.592243,-0.442412,1.338669,3284555.16,624,45.5128
0.05000,0.11000,0.01600,1.312601,0.584025,-0.431679,1.352916,3079505.23,624,49.1987
0.04500,0.07000,0.00500,1.312579,0.580900,-0.457564,1.269549,3004657.89,624,46.9551
0.05000,0.12000,0.00200,1.312355,0.597282,-0.430458,1.387551,3416410.78,624,44.8718
0.05000,0.07500,0.00200,1.312294,0.593922,-0.430458,1.379746,3327956.46,624,45.0321
0.04000,0.06500,0.00400,1.312225,0.577265,-0.417843,1.381535,2919722.69,624,47.9167
0.05000,0.13000,0.01700,1.312139,0.584310,-0.439966,1.328082,3086412.89,624,49.8397
0.04500,0.07000,0.00200,1.311852,0.586999,-0.444133,1.321673,3152289.92,624,46.3141
0.06000,0.05500,0.00600,1.311835,0.575909,-0.450085,1.279556,2888603.30,624,46.7949
0.04000,0.06000,0.00200,1.311684,0.577900,-0.415430,1.391089,2934410.13,624,47.9167
0.04000,0.07500,0.00500,1.311671,0.575412,-0.431840,1.332465,2877277.31,624,47.9167
0.04000,0.09000,0.00400,1.311630,0.579674,-0.427829,1.354919,2975773.61,624,47.5962
0.04000,0.07000,0.00500,1.311611,0.574527,-0.431840,1.330415,2857207.38,624,48.0769
0.04000,0.09000,0.00700,1.311594,0.575708,-0.474923,1.212214,2884023.23,624,48.3974
0.05000,0.12000,0.00500,1.311474,0.591090,-0.442412,1.336061,3255032.40,624,45.5128
0.04000,0.08000,0.00300,1.311118,0.580612,-0.423449,1.371151,2997854.15,624,47.2756
0.05000,0.11500,0.00200,1.311065,0.596133,-0.430458,1.384882,3385923.93,624,44.8718
0.06000,0.09000,0.00600,1.310979,0.598603,-0.450096,1.329946,3451764.68,624,44.3910
0.05000,0.12500,0.01700,1.310902,0.583191,-0.439966,1.325538,3059360.42,624,49.8397
0.03000,0.08500,0.00600,1.310898,0.555799,-0.442747,1.255340,2461530.97,624,51.2821
0.03000,0.09000,0.00600,1.310898,0.555799,-0.442747,1.255340,2461530.97,624,51.2821
0.03000,0.09500,0.00600,1.310898,0.555799,-0.442747,1.255340,2461530.97,624,51.2821
0.03000,0.10000,0.00600,1.310898,0.555799,-0.442747,1.255340,2461530.97,624,51.2821
0.03000,0.10500,0.00600,1.310898,0.555799,-0.442747,1.255340,2461530.97,624,51.2821
0.03000,0.11000,0.00600,1.310898,0.555799,-0.442747,1.255340,2461530.97,624,51.2821
0.03000,0.11500,0.00600,1.310898,0.555799,-0.442747,1.255340,2461530.97,624,51.2821
0.03000,0.12000,0.00600,1.310898,0.555799,-0.442747,1.255340,2461530.97,624,51.2821
0.03000,0.12500,0.00600,1.310898,0.555799,-0.442747,1.255340,2461530.97,624,51.2821
0.03000,0.13000,0.00600,1.310898,0.555799,-0.442747,1.255340,2461530.97,624,51.2821
0.03000,0.13500,0.00600,1.310898,0.555799,-0.442747,1.255340,2461530.97,624,51.2821
0.03000,0.14000,0.00600,1.310898,0.555799,-0.442747,1.255340,2461530.97,624,51.2821
0.03000,0.14500,0.00600,1.310898,0.555799,-0.442747,1.255340,2461530.97,624,51.2821
0.03000,0.15000,0.00600,1.310898,0.555799,-0.442747,1.255340,2461530.97,624,51.2821
0.04000,0.08000,0.00400,1.310768,0.579078,-0.427829,1.353525,2961806.41,624,47.5962
0.04000,0.08000,0.00700,1.310680,0.575085,-0.474937,1.210866,2869846.87,624,48.3974
0.05000,0.10500,0.00300,1.310467,0.594037,-0.434772,1.366319,3330941.63,624,44.8718
0.04000,0.09000,0.00300,1.310459,0.580066,-0.423449,1.369862,2984982.54,624,47.2756
0.05000,0.08500,0.00400,1.310432,0.591534,-0.438620,1.348625,3266379.09,624,45.3526
0.05000,0.11500,0.00500,1.310182,0.589948,-0.442412,1.333479,3226046.36,624,45.5128
0.04000,0.08500,0.00400,1.310095,0.578512,-0.427829,1.352202,2948610.96,624,47.5962
0.04000,0.08500,0.00700,1.310044,0.574545,-0.474923,1.209765,2857611.68,624,48.3974
0.05000,0.11000,0.00200,1.309756,0.594991,-0.430458,1.382229,3355860.42,624,44.8718
0.04000,0.08500,0.00300,1.309702,0.579488,-0.423449,1.368497,2971411.08,624,47.2756
0.05000,0.12000,0.01700,1.309624,0.582054,-0.439966,1.322954,3032111.22,624,49.8397
0.05000,0.10500,0.01600,1.309204,0.581596,-0.431679,1.347289,3021187.00,624,49.1987
0.05000,0.07500,0.00500,1.309103,0.585848,-0.442412,1.324212,3123934.41,624,45.6731
0.04500,0.06000,0.00400,1.308933,0.576866,-0.418003,1.380053,2910541.36,624,47.2756
0.04000,0.10000,0.00400,1.308884,0.578071,-0.427829,1.351172,2938376.07,624,47.5962
0.04000,0.10500,0.00400,1.308884,0.578071,-0.427829,1.351172,2938376.07,624,47.5962
0.04000,0.11000,0.00400,1.308884,0.578071,-0.427829,1.351172,2938376.07,624,47.5962
0.04000,0.11500,0.00400,1.308884,0.578071,-0.427829,1.351172,2938376.07,624,47.5962
0.04000,0.12000,0.00400,1.308884,0.578071,-0.427829,1.351172,2938376.07,624,47.5962
0.04000,0.12500,0.00400,1.308884,0.578071,-0.427829,1.351172,2938376.07,624,47.5962
0.04000,0.13000,0.00400,1.308884,0.578071,-0.427829,1.351172,2938376.07,624,47.5962
0.04000,0.13500,0.00400,1.308884,0.578071,-0.427829,1.351172,2938376.07,624,47.5962
0.04000,0.14000,0.00400,1.308884,0.578071,-0.427829,1.351172,2938376.07,624,47.5962
0.04000,0.14500,0.00400,1.308884,0.578071,-0.427829,1.351172,2938376.07,624,47.5962
0.04000,0.15000,0.00400,1.308884,0.578071,-0.427829,1.351172,2938376.07,624,47.5962
0.05000,0.08000,0.00400,1.308865,0.590314,-0.438620,1.345842,3235314.76,624,45.3526
0.05000,0.11000,0.00500,1.308858,0.588806,-0.442412,1.330899,3197313.47,624,45.5128
0.04000,0.10000,0.00700,1.308817,0.574104,-0.474923,1.208836,2847654.23,624,48.3974
0.04000,0.10500,0.00700,1.308817,0.574104,-0.474923,1.208836,2847654.23,624,48.3974
0.04000,0.11000,0.00700,1.308817,0.574104,-0.474923,1.208836,2847654.23,624,48.3974
0.04000,0.11500,0.00700,1.308817,0.574104,-0.474923,1.208836,2847654.23,624,48.3974
0.04000,0.12000,0.00700,1.308817,0.574104,-0.474923,1.208836,2847654.23,624,48.3974
0.04000,0.12500,0.00700,1.308817,0.574104,-0.474923,1.208836,2847654.23,624,48.3974
0.04000,0.13000,0.00700,1.308817,0.574104,-0.474923,1.208836,2847654.23,624,48.3974
0.04000,0.13500,0.00700,1.308817,0.574104,-0.474923,1.208836,2847654.23,624,48.3974
0.04000,0.14000,0.00700,1.308817,0.574104,-0.474923,1.208836,2847654.23,624,48.3974
0.04000,0.14500,0.00700,1.308817,0.574104,-0.474923,1.208836,2847654.23,624,48.3974
0.04000,0.15000,0.00700,1.308817,0.574104,-0.474923,1.208836,2847654.23,624,48.3974
0.04000,0.09500,0.00400,1.308801,0.578010,-0.427829,1.351029,2936954.21,624,47.5962
0.04000,0.09500,0.00700,1.308754,0.574053,-0.474923,1.208730,2846519.99,624,48.3974
0.06000,0.10000,0.00600,1.308753,0.598772,-0.450092,1.330333,3456308.65,624,44.2308
0.04500,0.15000,0.00400,1.308560,0.586589,-0.453412,1.293723,3142168.44,624,46.3141
0.04000,0.08000,0.00200,1.308495,0.580642,-0.419471,1.384224,2998568.93,624,47.2756
0.05000,0.10000,0.00300,1.308451,0.592300,-0.434772,1.362324,3286002.71,624,44.8718
0.05000,0.11500,0.01700,1.308306,0.580911,-0.439966,1.320355,3004915.89,624,49.8397
0.05000,0.06500,0.01700,1.308287,0.573283,-0.432946,1.324144,2829213.34,624,50.4808
0.06000,0.09500,0.00600,1.308223,0.597906,-0.450100,1.328385,3433079.62,624,44.2308
0.04500,0.14500,0.00400,1.308025,0.586022,-0.453412,1.292473,3128220.46,624,46.3141
0.04000,0.09000,0.00200,1.307915,0.580136,-0.419471,1.383018,2986631.26,624,47.2756
0.05000,0.09000,0.00300,1.307766,0.591057,-0.434772,1.359466,3254203.62,624,44.8718
0.04500,0.14000,0.00400,1.307483,0.585465,-0.453412,1.291243,3114544.14,624,46.3141
0.05000,0.06500,0.00800,1.307419,0.578352,-0.430975,1.341963,2944900.86,624,47.1154
0.05000,0.15000,0.00700,1.307221,0.590048,-0.466648,1.264439,3228570.89,624,46.1538
0.05000,0.10000,0.01600,1.307157,0.579864,-0.431679,1.343276,2980221.45,624,49.1987
0.04000,0.08500,0.00200,1.307145,0.579550,-0.419471,1.381621,2972865.18,624,47.2756
0.05000,0.11000,0.01700,1.306967,0.579773,-0.439966,1.317768,2978083.34,624,49.8397
0.04500,0.13500,0.00400,1.306934,0.584911,-0.453412,1.290022,3101021.45,624,46.3141
0.04000,0.09500,0.00300,1.306879,0.577821,-0.423449,1.364560,2932579.57,624,47.2756
0.04000,0.10000,0.00300,1.306879,0.577821,-0.423449,1.364560,2932579.57,624,47.2756
0.04000,0.10500,0.00300,1.306879,0.577821,-0.423449,1.364560,2932579.57,624,47.2756
0.04000,0.11000,0.00300,1.306879,0.577821,-0.423449,1.364560,2932579.57,624,47.2756
0.04000,0.11500,0.00300,1.306879,0.577821,-0.423449,1.364560,2932579.57,624,47.2756
0.04000,0.12000,0.00300,1.306879,0.577821,-0.423449,1.364560,2932579.57,624,47.2756
0.04000,0.12500,0.00300,1.306879,0.577821,-0.423449,1.364560,2932579.57,624,47.2756
0.04000,0.13000,0.00300,1.306879,0.577821,-0.423449,1.364560,2932579.57,624,47.2756
0.04000,0.13500,0.00300,1.306879,0.577821,-0.423449,1.364560,2932579.57,624,47.2756
0.04000,0.14000,0.00300,1.306879,0.577821,-0.423449,1.364560,2932579.57,624,47.2756
0.04000,0.14500,0.00300,1.306879,0.577821,-0.423449,1.364560,2932579.57,624,47.2756
0.04000,0.15000,0.00300,1.306879,0.577821,-0.423449,1.364560,2932579.57,624,47.2756
0.06000,0.06000,0.00600,1.306876,0.576981,-0.450096,1.281905,2913180.30,624,46.3141
0.05000,0.14500,0.00700,1.306690,0.589481,-0.466648,1.263225,3214270.44,624,46.1538
0.05000,0.07000,0.00700,1.306660,0.583650,-0.466648,1.250729,3070428.74,624,46.6346
0.04500,0.07000,0.00700,1.306564,0.577271,-0.481961,1.197755,2919859.69,624,47.5962
0.05000,0.10500,0.00200,1.306437,0.592554,-0.430458,1.376567,3292539.59,624,44.8718
0.05000,0.09500,0.00300,1.306385,0.590553,-0.434772,1.358305,3241368.00,624,44.8718
0.04500,0.13000,0.00400,1.306378,0.584358,-0.453412,1.288802,3087570.97,624,46.3141
0.05000,0.15000,0.02000,1.306342,0.584947,-0.446751,1.309336,3101905.62,624,50.8013
0.05000,0.14000,0.00700,1.306145,0.588920,-0.466648,1.262021,3200154.77,624,46.1538
0.05000,0.14500,0.02000,1.305797,0.584375,-0.446751,1.308054,3087976.79,624,50.8013
0.04500,0.12500,0.00400,1.305797,0.583797,-0.453412,1.287565,3073978.17,624,46.3141
0.05000,0.13500,0.00700,1.305608,0.588371,-0.466648,1.260846,3186417.97,624,46.1538
0.05000,0.10500,0.00500,1.305515,0.586378,-0.442412,1.325410,3136957.98,624,45.5128
0.08000,0.07000,0.00600,1.305353,0.592914,-0.450099,1.317296,3301816.19,624,44.3910
0.05000,0.14000,0.02000,1.305261,0.583821,-0.446751,1.306815,3074566.81,624,50.8013
0.04500,0.12000,0.00400,1.305179,0.583215,-0.453412,1.286282,3059939.39,624,46.3141
0.05000,0.13000,0.00700,1.304867,0.587663,-0.466648,1.259329,3168778.88,624,46.1538
0.05000,0.08500,0.00300,1.304857,0.588710,-0.434772,1.354067,3194900.20,624,44.8718
0.05000,0.13500,0.02000,1.304711,0.583269,-0.446751,1.305580,3061242.18,624,50.8013
0.04500,0.11500,0.00400,1.304560,0.582646,-0.453412,1.285027,3046266.75,624,46.3141
0.04500,0.07500,0.00300,1.304510,0.581330,-0.448626,1.295801,3014862.04,624,45.9936
0.05000,0.10000,0.00200,1.304397,0.590806,-0.430458,1.372507,3247811.41,624,44.8718
0.04000,0.09500,0.00200,1.304324,0.577877,-0.419471,1.377631,2933865.94,624,47.2756
0.04000,0.10000,0.00200,1.304324,0.577877,-0.419471,1.377631,2933865.94,624,47.2756
0.04000,0.10500,0.00200,1.304324,0.577877,-0.419471,1.377631,2933865.94,624,47.2756
0.04000,0.11000,0.00200,1.304324,0.577877,-0.419471,1.377631,2933865.94,624,47.2756
0.04000,0.11500,0.00200,1.304324,0.577877,-0.419471,1.377631,2933865.94,624,47.2756
0.04000,0.12000,0.00200,1.304324,0.577877,-0.419471,1.377631,2933865.94,624,47.2756
0.04000,0.12500,0.00200,1.304324,0.577877,-0.419471,1.377631,2933865.94,624,47.2756
0.04000,0.13000,0.00200,1.304324,0.577877,-0.419471,1.377631,2933865.94,624,47.2756
0.04000,0.13500,0.00200,1.304324,0.577877,-0.419471,1.377631,2933865.94,624,47.2756
0.04000,0.14000,0.00200,1.304324,0.577877,-0.419471,1.377631,2933865.94,624,47.2756
0.04000,0.14500,0.00200,1.304324,0.577877,-0.419471,1.377631,2933865.94,624,47.2756
0.04000,0.15000,0.00200,1.304324,0.577877,-0.419471,1.377631,2933865.94,624,47.2756
0.05000,0.08000,0.00300,1.304159,0.588124,-0.434772,1.352718,3180245.10,624,44.8718
0.05000,0.13000,0.02000,1.303979,0.582569,-0.446751,1.304013,3044422.96,624,50.8013
0.04500,0.11000,0.00400,1.303947,0.582086,-0.453412,1.283792,3032876.79,624,46.3141
0.05000,0.09000,0.00200,1.303706,0.589563,-0.430458,1.369619,3216334.26,624,44.8718
0.05000,0.12500,0.00700,1.303637,0.586542,-0.466648,1.256927,3141021.10,624,46.1538
0.04500,0.07500,0.00500,1.303612,0.576047,-0.457564,1.258943,2891759.69,624,46.6346
0.05000,0.10500,0.01700,1.303562,0.577347,-0.439966,1.312255,2921614.56,624,49.8397
0.05000,0.10000,0.00500,1.303449,0.584625,-0.442412,1.321447,3094047.29,624,45.5128
0.04500,0.07500,0.00200,1.303378,0.582252,-0.444133,1.310986,3036837.26,624,45.9936
0.05000,0.05500,0.00200,1.303276,0.574092,-0.417680,1.374480,2847403.96,624,46.7949
0.05000,0.06500,0.01200,1.303168,0.569491,-0.428151,1.330118,2745430.10,624,47.5962
0.04000,0.09000,0.01600,1.303113,0.562463,-0.431749,1.302754,2596161.03,624,50.8013
0.06500,0.07000,0.00600,1.303112,0.586380,-0.450089,1.302809,3137016.52,624,44.8718
0.05000,0.12500,0.02000,1.302749,0.581456,-0.446751,1.301521,3017860.70,624,50.8013
0.06000,0.06500,0.00600,1.302645,0.580714,-0.450093,1.290207,3000253.90,624,45.5128
0.05000,0.07000,0.01600,1.302398,0.573333,-0.431782,1.327830,2830349.62,624,49.5192
0.05000,0.12000,0.00700,1.302357,0.585397,-0.466648,1.254473,3112895.95,624,46.1538
0.05000,0.09500,0.00200,1.302310,0.589045,-0.430458,1.368414,3203291.45,624,44.8718
0.04000,0.08000,0.01600,1.301975,0.561642,-0.431610,1.301273,2579214.54,624,50.8013
0.05000,0.09000,0.00500,1.301956,0.582761,-0.442412,1.317236,3049033.53,624,45.5128
0.05000,0.06500,0.02000,1.301936,0.572752,-0.436213,1.313012,2817351.65,624,51.4423
0.04000,0.06500,0.00500,1.301634,0.566616,-0.419605,1.350355,2683443.41,624,48.0769
0.05000,0.10000,0.01700,1.301515,0.575625,-0.439966,1.308341,2882133.84,624,49.8397
0.05000,0.12000,0.02000,1.301458,0.580312,-0.446751,1.298961,2990782.33,624,50.8013
0.05000,0.09500,0.01600,1.301333,0.575574,-0.431679,1.333338,2880961.34,624,49.1987
0.04500,0.06000,0.00300,1.301331,0.573181,-0.416582,1.375916,2826938.51,624,46.7949
0.05000,0.09500,0.00500,1.301310,0.582839,-0.442412,1.317410,3050887.67,624,45.5128
0.04500,0.10500,0.00400,1.301266,0.580219,-0.453412,1.279673,2988570.27,624,46.3141
0.05000,0.09000,0.01600,1.301112,0.574929,-0.431679,1.331845,2866316.78,624,49.1987
0.05000,0.11500,0.00700,1.301046,0.584254,-0.466648,1.252023,3085041.63,624,46.1538
0.06500,0.06500,0.00600,1.300945,0.579824,-0.450095,1.288226,2979286.97,624,45.5128
0.05000,0.08500,0.00200,1.300803,0.587222,-0.430458,1.364180,3157816.23,624,44.8718
0.04000,0.08500,0.01600,1.300676,0.560741,-0.431749,1.298764,2560727.73,624,50.8013
0.04000,0.09000,0.00500,1.300540,0.568740,-0.431840,1.317016,2729122.86,624,47.7564
0.05000,0.07500,0.00700,1.300374,0.580436,-0.466648,1.243841,2993691.74,624,46.3141
0.05000,0.11500,0.02000,1.300140,0.579169,-0.446751,1.296403,2963945.24,624,50.8013
0.05000,0.08000,0.00200,1.300016,0.586595,-0.430458,1.362724,3142315.54,624,44.8718
0.04500,0.10000,0.00400,1.299984,0.579087,-0.453412,1.277176,2962010.43,624,46.3141
0.04500,0.09000,0.00400,1.299959,0.578358,-0.453412,1.275570,2945037.26,624,46.3141
0.07000,0.07000,0.00600,1.299734,0.584383,-0.450096,1.298352,3088182.37,624,44.7115
0.05000,0.11000,0.00700,1.299731,0.583122,-0.466648,1.249598,3057709.21,624,46.1538
0.04000,0.08000,0.00500,1.299585,0.568093,-0.431840,1.315517,2715126.10,624,47.7564
0.06000,0.08500,0.00600,1.299474,0.589723,-0.450093,1.310224,3220374.12,624,44.3910
0.07000,0.07500,0.00600,1.299440,0.588656,-0.450082,1.307886,3193559.99,624,43.9103
0.04500,0.06000,0.00500,1.299290,0.566878,-0.422078,1.343067,2689044.77,624,47.4359
0.04000,0.07000,0.01600,1.299083,0.558770,-0.431686,1.294391,2520743.75,624,50.9615
0.04000,0.08500,0.00500,1.298990,0.567585,-0.431840,1.314340,2704184.37,624,47.7564
0.05000,0.11000,0.02000,1.298817,0.578041,-0.446751,1.293877,2937675.44,624,50.8013
0.05000,0.06000,0.00400,1.298730,0.575271,-0.417786,1.376951,2874072.75,624,46.3141
0.04500,0.09500,0.00400,1.298547,0.577857,-0.453412,1.274464,2933408.20,624,46.3141
0.04000,0.09000,0.01700,1.298527,0.559021,-0.432860,1.291459,2525802.08,624,51.4423
0.05000,0.08500,0.00500,1.298274,0.579850,-0.442412,1.310655,2979892.10,624,45.5128
0.04500,0.06500,0.01000,1.298119,0.565237,-0.443578,1.274266,2654156.05,624,48.2372
0.06000,0.08000,0.00600,1.298051,0.587725,-0.450092,1.305789,3170308.55,624,44.3910
0.04500,0.15000,0.00500,1.298016,0.576001,-0.457564,1.258842,2890703.74,624,46.4744
0.04000,0.10000,0.00500,1.297764,0.567142,-0.431840,1.313315,2694684.72,624,47.7564
0.04000,0.10500,0.00500,1.297764,0.567142,-0.431840,1.313315,2694684.72,624,47.7564
0.04000,0.11000,0.00500,1.297764,0.567142,-0.431840,1.313315,2694684.72,624,47.7564
0.04000,0.11500,0.00500,1.297764,0.567142,-0.431840,1.313315,2694684.72,624,47.7564
0.04000,0.12000,0.00500,1.297764,0.567142,-0.431840,1.313315,2694684.72,624,47.7564
0.04000,0.12500,0.00500,1.297764,0.567142,-0.431840,1.313315,2694684.72,624,47.7564
0.04000,0.13000,0.00500,1.297764,0.567142,-0.431840,1.313315,2694684.72,624,47.7564
0.04000,0.13500,0.00500,1.297764,0.567142,-0.431840,1.313315,2694684.72,624,47.7564
0.04000,0.14000,0.00500,1.297764,0.567142,-0.431840,1.313315,2694684.72,624,47.7564
0.04000,0.14500,0.00500,1.297764,0.567142,-0.431840,1.313315,2694684.72,624,47.7564
0.04000,0.15000,0.00500,1.297764,0.567142,-0.431840,1.313315,2694684.72,624,47.7564
0.04000,0.09500,0.00500,1.297695,0.567088,-0.431840,1.313190,2693533.07,624,47.7564
0.04500,0.07000,0.00800,1.297494,0.568895,-0.485197,1.172502,2732468.86,624,47.7564
0.04500,0.14500,0.00500,1.297482,0.575439,-0.457564,1.257614,2877888.81,624,46.4744
0.04000,0.08000,0.01700,1.297342,0.558177,-0.432863,1.289499,2508822.81,624,51.4423
0.05000,0.07000,0.01700,1.297141,0.569345,-0.439966,1.294066,2742244.21,624,50.1603
0.05000,0.15000,0.01500,1.297061,0.574360,-0.430501,1.334164,2853428.98,624,48.5577
0.04500,0.08500,0.00400,1.297034,0.576041,-0.453412,1.270459,2891622.65,624,46.3141
0.04500,0.14000,0.00500,1.296926,0.574879,-0.457564,1.256392,2865184.02,624,46.4744
0.04500,0.07500,0.00700,1.296858,0.571932,-0.481961,1.186678,2799102.99,624,47.2756
0.05000,0.08000,0.00500,1.296691,0.578637,-0.442412,1.307914,2951533.39,624,45.5128
0.04000,0.07000,0.00800,1.296584,0.562459,-0.443535,1.268128,2596083.60,624,48.5577
0.05000,0.15000,0.00800,1.296560,0.580575,-0.469038,1.237799,2996983.16,624,46.3141
0.05000,0.07000,0.00800,1.296558,0.574588,-0.469038,1.225035,2858596.65,624,46.7949
0.05000,0.08500,0.01600,1.296531,0.571449,-0.431679,1.323783,2788407.46,624,49.1987
0.05000,0.14500,0.01500,1.296517,0.573794,-0.430501,1.332850,2840683.11,624,48.5577
0.04500,0.13500,0.00500,1.296385,0.574336,-0.457564,1.255204,2852892.20,624,46.4744
0.05000,0.10500,0.00700,1.296362,0.580686,-0.466648,1.244378,2999608.89,624,46.1538
0.05000,0.06000,0.00300,1.296336,0.574979,-0.416642,1.380030,2867446.41,624,45.8333
0.04500,0.15000,0.00300,1.296285,0.579152,-0.448626,1.290945,2963536.95,624,45.8333
0.04500,0.08000,0.00400,1.296223,0.575402,-0.453412,1.269050,2877061.25,624,46.3141
0.04000,0.08500,0.01700,1.296079,0.557296,-0.432860,1.287474,2491211.52,624,51.4423
0.04000,0.07500,0.01600,1.296067,0.558025,-0.431692,1.292646,2505769.81,624,50.8013
0.04000,0.07500,0.00800,1.296040,0.562978,-0.443535,1.269297,2606842.22,624,48.3974
0.05000,0.14500,0.00800,1.296012,0.580004,-0.469038,1.236582,2983520.68,624,46.3141
0.05000,0.14000,0.01500,1.295985,0.573250,-0.430501,1.331588,2828487.65,624,48.5577
0.04500,0.13000,0.00500,1.295813,0.573781,-0.457564,1.253992,2840400.31,624,46.4744
0.04500,0.14500,0.00300,1.295743,0.578584,-0.448626,1.289681,2950298.52,624,45.8333
0.05000,0.09500,0.01700,1.295687,0.571341,-0.439966,1.298605,2786028.29,624,49.8397
0.05000,0.08000,0.01600,1.295502,0.570569,-0.431677,1.321750,2769018.26,624,49.1987
0.04500,0.15000,0.00200,1.295484,0.580226,-0.444133,1.306425,2988748.64,624,45.8333
0.05000,0.14000,0.00800,1.295480,0.579456,-0.469038,1.235413,2970651.52,624,46.3141
0.05000,0.10500,0.02000,1.295467,0.575641,-0.446751,1.288506,2882504.66,624,50.8013
0.04500,0.06000,0.00700,1.295466,0.564539,-0.439427,1.284715,2639446.15,624,48.0769
0.05000,0.09000,0.01700,1.295446,0.570690,-0.439966,1.297125,2771686.55,624,49.8397
0.05000,0.13500,0.01500,1.295426,0.572698,-0.430501,1.330304,2816136.12,624,48.5577
0.04500,0.12500,0.00500,1.295228,0.573225,-0.457564,1.252775,2827908.79,624,46.4744
0.04500,0.14000,0.00300,1.295192,0.578028,-0.448626,1.288440,2937365.21,624,45.8333
0.04500,0.06500,0.01600,1.295025,0.559337,-0.431721,1.295600,2532193.80,624,50.3205
0.04500,0.14500,0.00200,1.294954,0.579666,-0.444133,1.305164,2975581.40,624,45.8333
0.05000,0.13500,0.00800,1.294914,0.578896,-0.469038,1.234220,2957565.44,624,46.3141
0.07500,0.07000,0.00600,1.294696,0.585180,-0.450099,1.300115,3107588.73,624,44.3910
0.05000,0.13000,0.01500,1.294683,0.571998,-0.430501,1.328680,2800575.56,624,48.5577
0.04000,0.07000,0.01700,1.294663,0.555451,-0.432917,1.283044,2454689.68,624,51.6026
0.04500,0.13500,0.00300,1.294640,0.577475,-0.448626,1.287208,2924574.17,624,45.8333
0.04500,0.12000,0.00500,1.294606,0.572645,-0.457564,1.251509,2814965.90,624,46.4744
0.04500,0.14000,0.00200,1.294399,0.579105,-0.444133,1.303901,2962449.19,624,45.8333
0.05000,0.10000,0.00700,1.294310,0.578952,-0.466648,1.240661,2958865.65,624,46.1538
0.05000,0.13000,0.00800,1.294191,0.578205,-0.469038,1.232746,2941471.79,624,46.3141
0.08500,0.07000,0.00600,1.294081,0.588019,-0.450097,1.306429,3177639.83,624,44.2308
0.04500,0.13000,0.00300,1.294074,0.576922,-0.448626,1.285976,2911834.37,624,45.8333
0.04500,0.11500,0.00500,1.293996,0.572088,-0.457564,1.250292,2802574.82,624,46.4744
0.04500,0.13500,0.00200,1.293858,0.578560,-0.444133,1.302673,2949728.27,624,45.8333
0.04000,0.06000,0.00300,1.293850,0.564738,-0.416717,1.355207,2643641.29,624,47.7564
0.04500,0.12500,0.00300,1.293501,0.576370,-0.448626,1.284745,2899162.53,624,45.8333
0.05000,0.12500,0.01500,1.293435,0.570886,-0.430501,1.326096,2775989.81,624,48.5577
0.05000,0.10000,0.02000,1.293394,0.573907,-0.446751,1.284624,2843229.98,624,50.8013
0.04500,0.11000,0.00500,1.293368,0.571527,-0.457564,1.249066,2790133.32,624,46.4744
0.04500,0.13000,0.00200,1.293273,0.577993,-0.444133,1.301397,2936566.55,624,45.8333
0.04000,0.07000,0.00100,1.293192,0.568854,-0.416350,1.366289,2731592.48,624,47.2756
0.05000,0.12500,0.00800,1.292945,0.577085,-0.469038,1.230357,2915569.14,624,46.3141
0.04500,0.12000,0.00300,1.292870,0.575785,-0.448626,1.283441,2885789.90,624,45.8333
0.04000,0.09000,0.02000,1.292838,0.559083,-0.436257,1.281547,2527064.73,624,52.4038
0.06000,0.15000,0.01700,1.292827,0.586544,-0.448335,1.308273,3141062.63,624,48.3974
0.05000,0.09000,0.00700,1.292800,0.577092,-0.466648,1.236676,2915740.46,624,46.1538
0.04000,0.07500,0.00100,1.292759,0.569170,-0.416350,1.367048,2738449.79,624,47.1154
0.04500,0.12500,0.00200,1.292709,0.577448,-0.444133,1.300170,2923960.00,624,45.8333
0.05000,0.07000,0.01200,1.292305,0.565900,-0.481977,1.174124,2668210.88,624,47.2756
0.06000,0.14500,0.01700,1.292277,0.585969,-0.448335,1.306991,3126914.01,624,48.3974
0.04500,0.11500,0.00300,1.292254,0.575221,-0.448626,1.282184,2872947.59,624,45.8333
0.05000,0.09500,0.00700,1.292157,0.577164,-0.466648,1.236829,2917393.72,624,46.1538
0.05000,0.12000,0.01500,1.292144,0.569756,-0.430501,1.323471,2751217.97,624,48.5577
0.04500,0.12000,0.00200,1.292083,0.576864,-0.444133,1.298856,2910504.10,624,45.8333
0.06000,0.14000,0.01700,1.291749,0.585422,-0.448335,1.305769,3113492.49,624,48.3974
0.05000,0.12000,0.00800,1.291654,0.575948,-0.469038,1.227933,2889492.34,624,46.3141
0.04000,0.08000,0.02000,1.291634,0.558222,-0.436152,1.279879,2509725.73,624,52.4038
0.04500,0.11000,0.00300,1.291634,0.574661,-0.448626,1.280935,2860240.42,624,45.8333
0.04000,0.07500,0.01700,1.291525,0.554620,-0.432787,1.281508,2438409.96,624,51.4423
0.04500,0.11500,0.00200,1.291456,0.576293,-0.444133,1.297569,2897393.10,624,45.8333
0.06000,0.13500,0.01700,1.291191,0.584862,-0.448335,1.304521,3099829.77,624,48.3974
0.04000,0.07000,0.01000,1.291185,0.557562,-0.444944,1.253106,2496510.03,624,48.8782
0.04000,0.07500,0.01000,1.291133,0.558479,-0.444944,1.255167,2514884.66,624,48.7179
0.04000,0.10000,0.01600,1.290962,0.555119,-0.431749,1.285743,2448167.96,624,50.8013
0.04000,0.10500,0.01600,1.290962,0.555119,-0.431749,1.285743,2448167.96,624,50.8013
0.04000,0.11000,0.01600,1.290962,0.555119,-0.431749,1.285743,2448167.96,624,50.8013
0.04000,0.11500,0.01600,1.290962,0.555119,-0.431749,1.285743,2448167.96,624,50.8013
0.04000,0.12000,0.01600,1.290962,0.555119,-0.431749,1.285743,2448167.96,624,50.8013
0.04000,0.12500,0.01600,1.290962,0.555119,-0.431749,1.285743,2448167.96,624,50.8013
0.04000,0.13000,0.01600,1.290962,0.555119,-0.431749,1.285743,2448167.96,624,50.8013
0.04000,0.13500,0.01600,1.290962,0.555119,-0.431749,1.285743,2448167.96,624,50.8013
0.04000,0.14000,0.01600,1.290962,0.555119,-0.431749,1.285743,2448167.96,624,50.8013
0.04000,0.14500,0.01600,1.290962,0.555119,-0.431749,1.285743,2448167.96,624,50.8013
0.04000,0.15000,0.01600,1.290962,0.555119,-0.431749,1.285743,2448167.96,624,50.8013
0.04000,0.09500,0.01600,1.290903,0.555074,-0.431749,1.285639,2447285.40,624,50.8013
0.05000,0.08500,0.01700,1.290861,0.567224,-0.439966,1.289247,2696449.11,624,49.8397
0.04500,0.11000,0.00200,1.290842,0.575737,-0.444133,1.296317,2884688.85,624,45.8333
0.04000,0.06000,0.00400,1.290824,0.561265,-0.418023,1.342667,2571475.56,624,48.0769
0.05000,0.11500,0.01500,1.290824,0.568627,-0.430501,1.320847,2726655.47,624,48.5577
0.04500,0.15000,0.00700,1.290816,0.571604,-0.481961,1.185997,2791834.81,624,47.1154
0.04500,0.10500,0.00500,1.290673,0.569673,-0.457564,1.245014,2749405.99,624,46.4744
0.06000,0.13000,0.01700,1.290467,0.584167,-0.448335,1.302970,3082928.94,624,48.3974
0.04000,0.08500,0.02000,1.290408,0.557362,-0.436257,1.277602,2492528.67,624,52.4038
0.05000,0.11500,0.00800,1.290343,0.574813,-0.469038,1.225514,2863677.05,624,46.3141
0.05000,0.07500,0.01600,1.290281,0.566704,-0.431684,1.312775,2685312.20,624,49.1987
0.05000,0.07000,0.02000,1.290276,0.568408,-0.446751,1.272315,2721936.27,624,51.1218
0.04500,0.14500,0.00700,1.290268,0.571037,-0.481961,1.184820,2779311.34,624,47.1154
0.04000,0.06500,0.01600,1.290131,0.551697,-0.431676,1.278035,2381895.78,624,50.9615
0.05000,0.07500,0.00800,1.289884,0.571162,-0.469038,1.217729,2782059.06,624,46.4744
0.05000,0.15000,0.01200,1.289881,0.570657,-0.481977,1.183992,2770942.42,624,46.7949
0.05000,0.08000,0.01700,1.289871,0.566375,-0.439966,1.287317,2678306.76,624,49.8397
0.04500,0.06500,0.01700,1.289860,0.555532,-0.432903,1.283271,2456280.75,624,50.9615
0.04500,0.06000,0.00800,1.289829,0.558558,-0.441658,1.264685,2516465.91,624,48.2372
0.04000,0.07000,0.02000,1.289817,0.555962,-0.436190,1.274587,2464762.65,624,52.5641
0.04500,0.14000,0.00700,1.289732,0.570492,-0.481961,1.183690,2767324.97,624,47.1154
0.05000,0.11000,0.01500,1.289481,0.567499,-0.430501,1.318228,2702338.64,624,48.5577
0.04500,0.10000,0.00500,1.289363,0.568537,-0.457564,1.242531,2724717.06,624,46.4744
0.04500,0.09000,0.00500,1.289357,0.567829,-0.457564,1.240984,2709437.37,624,46.4744
0.06000,0.15000,0.01600,1.289342,0.584313,-0.431717,1.353462,3086469.75,624,47.5962
0.05000,0.14500,0.01200,1.289335,0.570093,-0.481977,1.182823,2758589.51,624,46.7949
0.06000,0.12500,0.01700,1.289223,0.583041,-0.448335,1.300460,3055752.48,624,48.3974
0.04500,0.13500,0.00700,1.289179,0.569944,-0.481961,1.182553,2755321.10,624,47.1154
0.05000,0.08500,0.00700,1.289120,0.574197,-0.466648,1.230471,2849755.81,624,46.1538
0.05000,0.11000,0.00800,1.289010,0.573683,-0.469038,1.223106,2838196.23,624,46.3141
0.04500,0.10500,0.00300,1.288973,0.572812,-0.448626,1.276813,2818678.04,624,45.8333
0.06000,0.15000,0.01200,1.288886,0.582830,-0.481972,1.209262,3050691.42,624,45.3526
0.05000,0.06500,0.01500,1.288856,0.559946,-0.430508,1.300663,2544529.86,624,49.1987
0.05000,0.14000,0.01200,1.288799,0.569548,-0.481977,1.181691,2746672.12,624,46.7949
0.06000,0.14500,0.01600,1.288793,0.583740,-0.431717,1.352135,3072602.54,624,47.5962
0.04500,0.13000,0.00700,1.288608,0.569393,-0.481961,1.181409,2743295.77,624,47.1154
0.04500,0.09000,0.00300,1.288472,0.571591,-0.448626,1.274092,2791542.86,624,45.8333
0.04000,0.06500,0.00800,1.288428,0.555880,-0.439064,1.266057,2463137.17,624,48.5577
0.03000,0.05500,0.00600,1.288417,0.538715,-0.442747,1.216754,2145213.11,624,51.6026
0.06000,0.14500,0.01200,1.288346,0.582263,-0.481972,1.208085,3037098.74,624,45.3526
0.04000,0.06000,0.00100,1.288315,0.562218,-0.414322,1.356960,2591098.94,624,47.5962
0.03500,0.07000,0.00700,1.288291,0.551256,-0.440069,1.252660,2373488.75,624,50.3205
0.06000,0.14000,0.01600,1.288256,0.583189,-0.431717,1.350860,3059319.53,624,47.5962
0.05000,0.13500,0.01200,1.288239,0.568997,-0.481977,1.180548,2734684.35,624,46.7949
0.04500,0.10500,0.00200,1.288183,0.573885,-0.444133,1.292147,2842732.01,624,45.8333
0.04000,0.06000,0.00700,1.288081,0.555502,-0.439426,1.264155,2455699.30,624,48.8782
0.04500,0.12500,0.00700,1.288016,0.568834,-0.481961,1.180249,2731142.73,624,47.1154
0.05500,0.07500,0.01200,1.287946,0.567210,-0.482006,1.176771,2696151.18,624,46.4744
0.06000,0.12000,0.01700,1.287945,0.581900,-0.448335,1.297915,3028427.25,624,48.3974
0.04500,0.09500,0.00500,1.287931,0.567330,-0.457564,1.239892,2698703.78,624,46.4744
0.05500,0.15000,0.01600,1.287884,0.576449,-0.431768,1.335090,2900965.72,624,48.3974
0.06000,0.14000,0.01200,1.287801,0.581709,-0.481972,1.206934,3023864.52,624,45.3526
0.06000,0.13500,0.01600,1.287697,0.582630,-0.431717,1.349564,3045880.92,624,47.5962
0.04500,0.09000,0.00200,1.287679,0.572663,-0.444133,1.289397,2815370.98,624,45.8333
0.04500,0.10000,0.00300,1.287660,0.571665,-0.448626,1.274258,2793195.99,624,45.8333
0.05000,0.09500,0.02000,1.287599,0.569636,-0.446751,1.275063,2748595.47,624,50.8013
0.05000,0.08000,0.00700,1.287554,0.572994,-0.466648,1.227893,2822744.27,624,46.1538
0.05000,0.13000,0.01200,1.287500,0.568303,-0.481977,1.179109,2719661.47,624,46.7949
0.04000,0.07000,0.00900,1.287462,0.555049,-0.441510,1.257163,2446808.79,624,48.5577
0.04500,0.12000,0.00700,1.287396,0.568259,-0.481961,1.179056,2718705.23,624,47.1154
0.05000,0.06000,0.00500,1.287395,0.564271,-0.418950,1.346870,2633821.27,624,46.4744
0.05000,0.09000,0.02000,1.287367,0.568994,-0.446751,1.273626,2734625.79,624,50.8013
0.05500,0.14500,0.01600,1.287348,0.575888,-0.431768,1.333790,2888120.91,624,48.3974
0.04500,0.07500,0.00800,1.287248,0.563278,-0.485197,1.160925,2613066.02,624,47.4359
0.06000,0.13500,0.01200,1.287242,0.581151,-0.481972,1.205777,3010616.44,624,45.3526
0.06000,0.13000,0.01600,1.286973,0.581936,-0.431717,1.347957,3029290.82,624,47.5962
0.04500,0.10000,0.00200,1.286861,0.572734,-0.444133,1.289556,2816948.96,624,45.8333
0.04000,0.06500,0.00100,1.286842,0.563487,-0.414318,1.360034,2617434.83,624,47.2756
0.04000,0.07500,0.00900,1.286828,0.555516,-0.441510,1.258219,2455966.56,624,48.3974
0.05500,0.14000,0.01600,1.286811,0.575341,-0.431768,1.332523,2875660.24,624,48.3974
0.04500,0.11500,0.00700,1.286774,0.567697,-0.481961,1.177891,2706606.00,624,47.1154
0.06000,0.11500,0.01700,1.286647,0.580765,-0.448335,1.295383,3001470.71,624,48.3974
0.06000,0.13000,0.01200,1.286521,0.580459,-0.481972,1.204341,2994231.72,624,45.3526
0.04500,0.08500,0.00500,1.286427,0.565530,-0.457564,1.235959,2660353.35,624,46.4744
0.04000,0.10000,0.01700,1.286369,0.551693,-0.432860,1.274530,2381831.96,624,51.4423
0.04000,0.10500,0.01700,1.286369,0.551693,-0.432860,1.274530,2381831.96,624,51.4423
0.04000,0.11000,0.01700,1.286369,0.551693,-0.432860,1.274530,2381831.96,624,51.4423
0.04000,0.11500,0.01700,1.286369,0.551693,-0.432860,1.274530,2381831.96,624,51.4423
0.04000,0.12000,0.01700,1.286369,0.551693,-0.432860,1.274530,2381831.96,624,51.4423
0.04000,0.12500,0.01700,1.286369,0.551693,-0.432860,1.274530,2381831.96,624,51.4423
0.04000,0.13000,0.01700,1.286369,0.551693,-0.432860,1.274530,2381831.96,624,51.4423
0.04000,0.13500,0.01700,1.286369,0.551693,-0.432860,1.274530,2381831.96,624,51.4423
0.04000,0.14000,0.01700,1.286369,0.551693,-0.432860,1.274530,2381831.96,624,51.4423
0.04000,0.14500,0.01700,1.286369,0.551693,-0.432860,1.274530,2381831.96,624,51.4423
0.04000,0.15000,0.01700,1.286369,0.551693,-0.432860,1.274530,2381831.96,624,51.4423
0.04500,0.08000,0.00300,1.286310,0.569820,-0.448626,1.270144,2752604.75,624,45.8333
0.04500,0.08500,0.00300,1.286306,0.569855,-0.448626,1.270223,2753380.75,624,45.8333
0.04500,0.09500,0.00300,1.286297,0.570505,-0.448626,1.271671,2767611.73,624,45.8333
0.04000,0.09500,0.01700,1.286294,0.551640,-0.432860,1.274407,2380807.77,624,51.4423
0.05500,0.13500,0.01600,1.286250,0.574787,-0.431768,1.331242,2863104.88,624,48.3974
0.05000,0.12500,0.01200,1.286243,0.567191,-0.481977,1.176802,2695735.95,624,46.7949
0.04500,0.05500,0.00200,1.286161,0.560736,-0.417677,1.342512,2560642.67,624,47.4359
0.04500,0.11000,0.00700,1.286155,0.567143,-0.481961,1.176741,2694706.29,624,47.1154
0.05000,0.10500,0.01500,1.286084,0.565102,-0.430501,1.312660,2651307.75,624,48.5577
0.04000,0.07500,0.02000,1.285847,0.554659,-0.436270,1.271367,2439170.05,624,52.4038
0.06000,0.12500,0.01600,1.285739,0.580820,-0.431717,1.345371,3002762.22,624,47.5962
0.05000,0.10500,0.00800,1.285646,0.571272,-0.469038,1.217965,2784502.07,624,46.3141
0.04500,0.08000,0.00500,1.285620,0.564901,-0.457564,1.234584,2647070.69,624,46.4744
0.04500,0.06500,0.00900,1.285607,0.557509,-0.441324,1.263264,2495461.86,624,47.9167
0.04500,0.08500,0.00200,1.285527,0.570934,-0.444133,1.285503,2777050.63,624,45.8333
0.04500,0.09500,0.00200,1.285522,0.571584,-0.444133,1.286965,2791385.54,624,45.8333
0.05500,0.13000,0.01600,1.285511,0.574087,-0.431768,1.329619,2847282.37,624,48.3974
0.04500,0.08000,0.00200,1.285485,0.570881,-0.444133,1.285383,2775877.31,624,45.8333
0.04000,0.06500,0.01700,1.285400,0.548172,-0.432838,1.266459,2315362.76,624,51.6026
0.06000,0.12500,0.01200,1.285279,0.579339,-0.481972,1.202018,2967923.95,624,45.3526
0.05000,0.05500,0.00300,1.285039,0.560816,-0.416552,1.346331,2562270.80,624,46.6346
0.05000,0.12000,0.01200,1.284946,0.566061,-0.481977,1.174457,2671622.84,624,46.7949
0.05000,0.07500,0.01200,1.284555,0.562037,-0.481977,1.166109,2587357.56,624,46.9551
0.05000,0.07500,0.01700,1.284531,0.562449,-0.439966,1.278393,2595865.53,624,49.8397
0.06000,0.12000,0.01600,1.284469,0.579686,-0.431717,1.342745,2976047.04,624,47.5962
0.05500,0.12500,0.01600,1.284273,0.572979,-0.431768,1.327053,2822414.56,624,48.3974
0.05000,0.15000,0.01800,1.284153,0.566910,-0.442192,1.282046,2689728.17,624,49.6795
0.04000,0.09000,0.00800,1.284127,0.555943,-0.477520,1.164230,2464390.25,624,48.2372
0.06000,0.12000,0.01200,1.284000,0.578204,-0.481972,1.199662,2941443.32,624,45.3526
0.05000,0.10000,0.01500,1.283983,0.563370,-0.430501,1.308638,2614998.28,624,48.5577
0.05000,0.11500,0.01200,1.283632,0.564938,-0.481977,1.172127,2647851.97,624,46.7949
0.05000,0.14500,0.01800,1.283608,0.566349,-0.442192,1.280776,2677742.86,624,49.6795
0.05000,0.10000,0.00800,1.283599,0.569559,-0.469038,1.214312,2746905.79,624,46.3141
0.04500,0.10500,0.00700,1.283465,0.565295,-0.481961,1.172907,2655391.26,624,47.1154
0.05500,0.15000,0.01200,1.283369,0.572464,-0.481901,1.187928,2810922.81,624,46.1538
0.09000,0.07000,0.00600,1.283225,0.582362,-0.451202,1.290691,3039463.26,624,44.0705
0.04000,0.08000,0.00800,1.283216,0.555329,-0.477521,1.162942,2452300.10,624,48.2372
0.06000,0.11500,0.01600,1.283160,0.578547,-0.431717,1.340107,2949431.88,624,47.5962
0.05000,0.14000,0.01800,1.283061,0.565800,-0.442192,1.279536,2666087.02,624,49.6795
0.05500,0.12000,0.01600,1.282981,0.571845,-0.431768,1.324426,2797163.86,624,48.3974
0.05500,0.14500,0.01200,1.282808,0.571890,-0.481901,1.186739,2798180.49,624,46.1538
0.05000,0.08500,0.02000,1.282760,0.565510,-0.446751,1.265827,2659930.02,624,50.8013
0.06000,0.11500,0.01200,1.282689,0.577063,-0.481972,1.197296,2915076.67,624,45.3526
0.04000,0.08500,0.00800,1.282570,0.554797,-0.477520,1.161830,2441872.63,624,48.2372
0.05000,0.13500,0.01800,1.282492,0.565246,-0.442192,1.278281,2654346.13,624,49.6795
0.04000,0.09000,0.01500,1.282363,0.548101,-0.430625,1.272806,2314051.76,624,50.1603
0.04000,0.06500,0.01000,1.282306,0.550494,-0.443578,1.241030,2359001.41,624,48.8782
0.05000,0.11000,0.01200,1.282294,0.563818,-0.481977,1.169804,2624352.81,624,46.7949
0.05500,0.14000,0.01200,1.282263,0.571339,-0.481901,1.185595,2785980.11,624,46.1538
0.04500,0.10000,0.00700,1.282145,0.564160,-0.481961,1.170552,2631507.79,624,47.1154
0.04500,0.09000,0.00700,1.282131,0.563455,-0.481961,1.169088,2616754.10,624,47.1154
0.04500,0.06500,0.02000,1.282122,0.554163,-0.436223,1.270364,2429481.47,624,51.9231
0.05000,0.09000,0.00800,1.282065,0.567705,-0.469038,1.210360,2706766.70,624,46.3141
0.04500,0.07000,0.01000,1.281970,0.557704,-0.486311,1.146805,2499345.69,624,47.9167
0.05500,0.15000,0.01700,1.281831,0.571932,-0.440028,1.299763,2799106.44,624,49.0385
0.05000,0.13000,0.01800,1.281749,0.564553,-0.442192,1.276714,2639743.50,624,49.6795
0.05000,0.08000,0.02000,1.281747,0.564645,-0.446751,1.263892,2641683.89,624,50.8013
0.05500,0.13500,0.01200,1.281714,0.570795,-0.481901,1.184466,2773987.94,624,46.1538
0.05500,0.11500,0.01600,1.281677,0.570719,-0.431768,1.321819,2772314.67,624,48.3974
0.05000,0.06000,0.00700,1.281555,0.560680,-0.434010,1.291860,2559487.65,624,47.1154
0.05000,0.09500,0.00800,1.281426,0.567775,-0.469038,1.210510,2708278.81,624,46.3141
0.05500,0.06500,0.01200,1.281413,0.557865,-0.428190,1.302844,2502562.76,624,47.1154
0.04000,0.10000,0.00800,1.281354,0.554362,-0.477520,1.160919,2433371.26,624,48.2372
0.04000,0.10500,0.00800,1.281354,0.554362,-0.477520,1.160919,2433371.26,624,48.2372
0.04000,0.11000,0.00800,1.281354,0.554362,-0.477520,1.160919,2433371.26,624,48.2372
0.04000,0.11500,0.00800,1.281354,0.554362,-0.477520,1.160919,2433371.26,624,48.2372
0.04000,0.12000,0.00800,1.281354,0.554362,-0.477520,1.160919,2433371.26,624,48.2372
0.04000,0.12500,0.00800,1.281354,0.554362,-0.477520,1.160919,2433371.26,624,48.2372
0.04000,0.13000,0.00800,1.281354,0.554362,-0.477520,1.160919,2433371.26,624,48.2372
0.04000,0.13500,0.00800,1.281354,0.554362,-0.477520,1.160919,2433371.26,624,48.2372
0.04000,0.14000,0.00800,1.281354,0.554362,-0.477520,1.160919,2433371.26,624,48.2372
0.04000,0.14500,0.00800,1.281354,0.554362,-0.477520,1.160919,2433371.26,624,48.2372
0.04000,0.15000,0.00800,1.281354,0.554362,-0.477520,1.160919,2433371.26,624,48.2372
0.03500,0.07000,0.00200,1.281300,0.554052,-0.435741,1.271517,2427332.45,624,49.1987
0.04000,0.09500,0.00800,1.281288,0.554312,-0.477520,1.160814,2432401.52,624,48.2372
0.05500,0.14500,0.01700,1.281272,0.571361,-0.440028,1.298464,2786453.41,624,49.0385
0.04000,0.08000,0.01500,1.281147,0.547249,-0.430573,1.270980,2298237.90,624,50.1603
0.04000,0.09000,0.00100,1.281079,0.561960,-0.416350,1.349730,2585765.45,624,46.9551
0.04500,0.15000,0.00800,1.281019,0.562844,-0.485197,1.160031,2604045.68,624,47.2756
0.05500,0.13000,0.01200,1.280971,0.570098,-0.481901,1.183020,2758695.67,624,46.1538
0.08000,0.07500,0.00600,1.280942,0.578356,-0.450097,1.284957,2944979.30,624,43.7500
0.06000,0.07500,0.01200,1.280841,0.566957,-0.482026,1.176196,2690727.17,624,45.8333
0.04000,0.10000,0.02000,1.280768,0.551755,-0.436257,1.264749,2383009.48,624,52.4038
0.04000,0.10500,0.02000,1.280768,0.551755,-0.436257,1.264749,2383009.48,624,52.4038
0.04000,0.11000,0.02000,1.280768,0.551755,-0.436257,1.264749,2383009.48,624,52.4038
0.04000,0.11500,0.02000,1.280768,0.551755,-0.436257,1.264749,2383009.48,624,52.4038
0.04000,0.12000,0.02000,1.280768,0.551755,-0.436257,1.264749,2383009.48,624,52.4038
0.04000,0.12500,0.02000,1.280768,0.551755,-0.436257,1.264749,2383009.48,624,52.4038
0.04000,0.13000,0.02000,1.280768,0.551755,-0.436257,1.264749,2383009.48,624,52.4038
0.04000,0.13500,0.02000,1.280768,0.551755,-0.436257,1.264749,2383009.48,624,52.4038
0.04000,0.14000,0.02000,1.280768,0.551755,-0.436257,1.264749,2383009.48,624,52.4038
0.04000,0.14500,0.02000,1.280768,0.551755,-0.436257,1.264749,2383009.48,624,52.4038
0.04000,0.15000,0.02000,1.280768,0.551755,-0.436257,1.264749,2383009.48,624,52.4038
0.05500,0.14000,0.01700,1.280738,0.570818,-0.440028,1.297231,2774490.45,624,49.0385
0.04500,0.09500,0.00700,1.280715,0.562957,-0.481961,1.168056,2606398.64,624,47.1154
0.04000,0.09500,0.02000,1.280711,0.551712,-0.436257,1.264651,2382192.76,624,52.4038
0.05000,0.12500,0.01800,1.280513,0.563457,-0.442192,1.274236,2616801.44,624,49.6795
0.04500,0.14500,0.00800,1.280472,0.562284,-0.485197,1.158877,2592443.43,624,47.2756
0.08500,0.07500,0.00600,1.280462,0.580307,-0.450098,1.289290,2990648.50,624,43.5897
0.04000,0.06500,0.02000,1.280445,0.548624,-0.436197,1.257744,2323798.04,624,52.5641
0.04500,0.06500,0.01200,1.280421,0.549050,-0.439902,1.248119,2331784.87,624,48.0769
0.04000,0.08500,0.00100,1.280321,0.561390,-0.416350,1.348361,2574028.86,624,46.9551
0.04000,0.06000,0.00500,1.280248,0.550821,-0.422011,1.305228,2365207.01,624,48.2372
0.04500,0.15000,0.01600,1.280231,0.557231,-0.431718,1.290729,2489914.28,624,49.6795
0.04000,0.08000,0.00100,1.280190,0.561245,-0.416350,1.348012,2571052.79,624,46.9551
0.05500,0.13500,0.01700,1.280175,0.570265,-0.440028,1.295974,2762344.93,624,49.0385
0.04500,0.14000,0.00800,1.279926,0.561738,-0.485197,1.157753,2581192.97,624,47.2756
0.04000,0.08500,0.01500,1.279918,0.546395,-0.430625,1.268843,2282479.14,624,50.1603
0.05500,0.07000,0.01200,1.279846,0.560385,-0.481992,1.162643,2553476.78,624,46.7949
0.05500,0.12500,0.01200,1.279717,0.568984,-0.481901,1.180707,2734397.93,624,46.1538
0.04500,0.14500,0.01600,1.279679,0.556670,-0.431718,1.289429,2478759.45,624,49.6795
0.04000,0.06500,0.00900,1.279475,0.548626,-0.441339,1.243095,2323838.31,624,48.5577
0.06000,0.11000,0.01700,1.279441,0.575546,-0.448335,1.283743,2880342.27,624,48.3974
0.05500,0.13000,0.01700,1.279425,0.569564,-0.440028,1.294381,2747026.89,624,49.0385
0.04500,0.13500,0.00800,1.279367,0.561190,-0.485197,1.156623,2569931.23,624,47.2756
0.05000,0.12000,0.01800,1.279220,0.562334,-0.442192,1.271696,2593485.30,624,49.6795
0.04500,0.08500,0.00700,1.279179,0.561148,-0.481961,1.164303,2569077.51,624,47.1154
0.04500,0.14000,0.01600,1.279139,0.556132,-0.431718,1.288183,2468107.88,624,49.6795
0.05000,0.06000,0.01600,1.279138,0.551717,-0.431752,1.277856,2382282.42,624,50.0000
0.05000,0.10500,0.01200,1.278870,0.561412,-0.481977,1.164811,2574487.02,624,46.7949
0.03500,0.07500,0.00700,1.278863,0.545708,-0.440069,1.240051,2269869.84,624,50.1603
0.03500,0.07000,0.00300,1.278835,0.551057,-0.429153,1.284055,2369688.63,624,49.1987
0.04500,0.13000,0.00800,1.278798,0.560645,-0.485197,1.155500,2558781.15,624,47.2756
0.04000,0.08000,0.01000,1.278644,0.551188,-0.482782,1.141690,2372188.70,624,48.5577
0.04500,0.13500,0.01600,1.278575,0.555585,-0.431718,1.286917,2457327.13,624,49.6795
0.05500,0.12000,0.01200,1.278423,0.567851,-0.481901,1.178357,2709913.73,624,46.1538
0.04500,0.08000,0.00700,1.278421,0.560553,-0.481961,1.163067,2556894.37,624,47.1154
0.05000,0.08500,0.00800,1.278340,0.564809,-0.469038,1.204185,2645128.30,624,46.3141
0.04500,0.12500,0.00800,1.278206,0.560094,-0.485197,1.154364,2547547.56,624,47.2756
0.05000,0.06500,0.01800,1.278194,0.554082,-0.433911,1.276948,2427910.20,624,50.3205
0.05500,0.12500,0.01700,1.278184,0.568459,-0.440028,1.291869,2723020.40,624,49.0385
0.05000,0.09500,0.01500,1.278140,0.559125,-0.430501,1.298775,2527893.73,624,48.5577
0.04000,0.09000,0.01000,1.278126,0.550906,-0.482763,1.141154,2366829.51,624,48.5577
0.05000,0.05500,0.00400,1.278111,0.554826,-0.417806,1.327950,2442426.72,624,46.9551
0.04500,0.13000,0.01600,1.278003,0.555041,-0.431718,1.285656,2446640.23,624,49.6795
0.05000,0.09000,0.01500,1.277896,0.558484,-0.430501,1.297288,2514988.46,624,48.5577
0.05500,0.15000,0.00400,1.277882,0.581378,-0.446762,1.301315,3016013.43,624,44.3910
0.05000,0.11500,0.01800,1.277882,0.561201,-0.442192,1.269133,2570148.13,624,49.6795
0.02500,0.07000,0.00600,1.277635,0.528617,-0.442848,1.193676,1976276.87,624,53.3654
0.04500,0.12000,0.00800,1.277574,0.559516,-0.485197,1.153173,2535814.35,624,47.2756
0.04000,0.09500,0.00100,1.277523,0.559748,-0.416350,1.344416,2540505.76,624,46.9551
0.04000,0.10000,0.00100,1.277523,0.559748,-0.416350,1.344416,2540505.76,624,46.9551
0.04000,0.10500,0.00100,1.277523,0.559748,-0.416350,1.344416,2540505.76,624,46.9551
0.04000,0.11000,0.00100,1.277523,0.559748,-0.416350,1.344416,2540505.76,624,46.9551
0.04000,0.11500,0.00100,1.277523,0.559748,-0.416350,1.344416,2540505.76,624,46.9551
0.04000,0.12000,0.00100,1.277523,0.559748,-0.416350,1.344416,2540505.76,624,46.9551
0.04000,0.12500,0.00100,1.277523,0.559748,-0.416350,1.344416,2540505.76,624,46.9551
0.04000,0.13000,0.00100,1.277523,0.559748,-0.416350,1.344416,2540505.76,624,46.9551
0.04000,0.13500,0.00100,1.277523,0.559748,-0.416350,1.344416,2540505.76,624,46.9551
0.04000,0.14000,0.00100,1.277523,0.559748,-0.416350,1.344416,2540505.76,624,46.9551
0.04000,0.14500,0.00100,1.277523,0.559748,-0.416350,1.344416,2540505.76,624,46.9551
0.04000,0.15000,0.00100,1.277523,0.559748,-0.416350,1.344416,2540505.76,624,46.9551
0.04500,0.07000,0.01600,1.277457,0.550996,-0.431795,1.276059,2368539.49,624,50.0000
0.05000,0.07000,0.01500,1.277431,0.555960,-0.430636,1.291019,2464707.28,624,48.8782
0.04500,0.12500,0.01600,1.277410,0.554491,-0.431718,1.284383,2435889.86,624,49.6795
0.02000,0.07000,0.00600,1.277375,0.509759,-0.431687,1.180853,1693138.23,624,56.8910
0.05500,0.14500,0.00400,1.277329,0.580805,-0.446775,1.299994,3002425.02,624,44.3910
0.04000,0.07000,0.01500,1.277302,0.543939,-0.430482,1.263557,2237721.24,624,50.3205
0.05000,0.06500,0.01400,1.277231,0.551713,-0.429395,1.284863,2382209.29,624,48.7179
0.05500,0.11500,0.01200,1.277120,0.566732,-0.481901,1.176035,2685924.84,624,46.1538
0.04500,0.11500,0.00800,1.276952,0.558960,-0.485197,1.152027,2524569.71,624,47.2756
0.05500,0.12000,0.01700,1.276882,0.567321,-0.440028,1.289283,2698516.26,624,49.0385
0.05000,0.10000,0.01200,1.276810,0.559707,-0.481977,1.161274,2539687.72,624,46.7949
0.05500,0.14000,0.00400,1.276804,0.580264,-0.446760,1.298828,2989651.06,624,44.3910
0.05000,0.08000,0.00800,1.276789,0.563626,-0.469038,1.201664,2620339.52,624,46.3141
0.04500,0.12000,0.01600,1.276774,0.553915,-0.431718,1.283048,2424660.03,624,49.6795
0.04000,0.08500,0.01000,1.276580,0.549773,-0.482763,1.138805,2345363.62,624,48.5577
0.05000,0.11000,0.01800,1.276545,0.560085,-0.442192,1.266610,2547356.84,624,49.6795
0.05000,0.07500,0.02000,1.276501,0.560780,-0.446751,1.255240,2561528.79,624,50.8013
0.04500,0.11000,0.00800,1.276321,0.558404,-0.485197,1.150880,2513372.12,624,47.2756
0.06000,0.07000,0.01200,1.276306,0.561227,-0.482015,1.164337,2570697.20,624,46.3141
0.05500,0.13500,0.00400,1.276249,0.579710,-0.446763,1.297579,2976617.92,624,44.3910
0.09000,0.07500,0.00600,1.276158,0.579223,-0.451203,1.283730,2965192.77,624,43.4295
0.04500,0.11500,0.01600,1.276155,0.553364,-0.431718,1.281772,2413972.68,624,49.6795
0.06000,0.11000,0.01600,1.275946,0.573331,-0.431717,1.328025,2830292.99,624,47.5962
0.05500,0.11500,0.01700,1.275562,0.566192,-0.440028,1.286717,2674399.76,624,49.0385
0.04500,0.11000,0.01600,1.275521,0.552811,-0.431718,1.280491,2403290.42,624,49.6795
0.05500,0.13000,0.00400,1.275513,0.579010,-0.446767,1.296000,2960226.68,624,44.3910
0.03500,0.06500,0.00700,1.275494,0.542128,-0.428019,1.266598,2205258.15,624,50.3205
0.06000,0.11000,0.01200,1.275458,0.571851,-0.481972,1.186482,2797315.50,624,45.3526
0.04500,0.06000,0.00100,1.275411,0.557781,-0.414330,1.346223,2500894.47,624,46.4744
0.04000,0.10000,0.01000,1.275348,0.549331,-0.482763,1.137890,2337043.81,624,48.5577
0.04000,0.10500,0.01000,1.275348,0.549331,-0.482763,1.137890,2337043.81,624,48.5577
0.04000,0.11000,0.01000,1.275348,0.549331,-0.482763,1.137890,2337043.81,624,48.5577
0.04000,0.11500,0.01000,1.275348,0.549331,-0.482763,1.137890,2337043.81,624,48.5577
0.04000,0.12000,0.01000,1.275348,0.549331,-0.482763,1.137890,2337043.81,624,48.5577
0.04000,0.12500,0.01000,1.275348,0.549331,-0.482763,1.137890,2337043.81,624,48.5577
0.04000,0.13000,0.01000,1.275348,0.549331,-0.482763,1.137890,2337043.81,624,48.5577
0.04000,0.13500,0.01000,1.275348,0.549331,-0.482763,1.137890,2337043.81,624,48.5577
0.04000,0.14000,0.01000,1.275348,0.549331,-0.482763,1.137890,2337043.81,624,48.5577
0.04000,0.14500,0.01000,1.275348,0.549331,-0.482763,1.137890,2337043.81,624,48.5577
0.04000,0.15000,0.01000,1.275348,0.549331,-0.482763,1.137890,2337043.81,624,48.5577
0.04000,0.07500,0.01500,1.275305,0.543713,-0.430536,1.262875,2233647.01,624,50.1603
0.04000,0.09500,0.01000,1.275289,0.549285,-0.482763,1.137796,2336195.68,624,48.5577
0.05000,0.09000,0.01200,1.275280,0.557870,-0.481977,1.157462,2502667.14,624,46.7949
0.04500,0.15000,0.01700,1.274927,0.553283,-0.449336,1.231333,2412402.77,624,50.3205
0.05000,0.06000,0.00800,1.274789,0.554066,-0.436259,1.270040,2427610.35,624,47.2756
0.04000,0.09000,0.00900,1.274629,0.548375,-0.480210,1.141948,2319143.41,624,48.2372
0.05000,0.09500,0.01200,1.274619,0.557938,-0.481977,1.157603,2504023.59,624,46.7949
0.05500,0.15000,0.01500,1.274434,0.565893,-0.430567,1.314297,2668050.98,624,47.7564
0.05500,0.11000,0.01600,1.274390,0.565531,-0.431768,1.309803,2660380.47,624,48.3974
0.04500,0.14500,0.01700,1.274384,0.552731,-0.449336,1.230105,2401747.43,624,50.3205
0.06500,0.05500,0.00600,1.274354,0.553355,-0.450088,1.229437,2413793.76,624,46.3141
0.05500,0.12500,0.00400,1.274277,0.577894,-0.446765,1.293509,2934271.18,624,44.3910
0.06000,0.15000,0.01500,1.274066,0.572329,-0.430594,1.329163,2807928.76,624,46.9551
0.05500,0.14500,0.01500,1.273877,0.565325,-0.430567,1.312978,2656022.46,624,47.7564
0.04500,0.14000,0.01700,1.273840,0.552190,-0.449336,1.228902,2391350.22,624,50.3205
0.04000,0.08000,0.00900,1.273733,0.547769,-0.480214,1.140675,2307861.07,624,48.2372
0.05000,0.06500,0.00100,1.273721,0.564399,-0.414318,1.362236,2636512.70,624,45.1923
0.04500,0.10500,0.00800,1.273639,0.556578,-0.485197,1.147117,2476935.18,624,47.2756
0.06000,0.14500,0.01500,1.273518,0.571765,-0.430594,1.327853,2795401.82,624,46.9551
0.05500,0.14000,0.01500,1.273335,0.564782,-0.430567,1.311716,2644560.48,624,47.7564
0.05000,0.08500,0.01500,1.273289,0.555043,-0.430501,1.289296,2446689.68,624,48.5577
0.04500,0.13500,0.01700,1.273275,0.551647,-0.449336,1.227692,2380940.75,624,50.3205
0.05000,0.10500,0.01800,1.273125,0.557683,-0.442192,1.261178,2498928.03,624,49.6795
0.04000,0.08500,0.00900,1.273076,0.547240,-0.480210,1.139586,2298066.51,624,48.2372
0.02000,0.08000,0.00600,1.273055,0.506837,-0.431687,1.174085,1652768.57,624,56.8910
0.05500,0.12000,0.00400,1.272997,0.576757,-0.446781,1.290917,2908039.24,624,44.3910
0.06000,0.14000,0.01500,1.272967,0.571213,-0.430594,1.326570,2783193.77,624,46.9551
0.05000,0.06000,0.01700,1.272930,0.547212,-0.432866,1.264161,2297545.23,624,50.6410
0.04500,0.06500,0.01500,1.272928,0.544150,-0.430570,1.263790,2241542.78,624,49.6795
0.02500,0.07500,0.00600,1.272917,0.525519,-0.442848,1.186682,1926965.53,624,53.3654
0.04500,0.10500,0.01600,1.272798,0.550981,-0.431718,1.276252,2368243.09,624,49.6795
0.05500,0.13500,0.01500,1.272775,0.564234,-0.430567,1.310443,2633044.65,624,47.7564
0.04500,0.07000,0.01700,1.272728,0.547404,-0.449336,1.218250,2301100.59,624,50.6410
0.04500,0.13000,0.01700,1.272698,0.551103,-0.449336,1.226482,2370566.15,624,50.3205
0.07500,0.07500,0.00600,1.272571,0.571736,-0.450097,1.270251,2794747.77,624,43.7500
0.06000,0.13500,0.01500,1.272412,0.570663,-0.430594,1.325294,2771086.96,624,46.9551
0.03500,0.07500,0.00200,1.272369,0.548581,-0.435759,1.258909,2323005.54,624,49.0385
0.04500,0.10000,0.00800,1.272306,0.555446,-0.485197,1.144785,2454600.74,624,47.2756
0.04500,0.09000,0.00800,1.272262,0.554731,-0.485197,1.143310,2440570.13,624,47.2756
0.05000,0.08000,0.01500,1.272244,0.554177,-0.430588,1.287025,2429763.98,624,48.5577
0.03500,0.07000,0.00400,1.272189,0.545428,-0.433701,1.257615,2264769.28,624,49.3590
0.04500,0.12500,0.01700,1.272088,0.550544,-0.449336,1.225238,2359946.74,624,50.3205
0.05500,0.13000,0.01500,1.272032,0.563542,-0.430567,1.308836,2618571.50,624,47.7564
0.04000,0.10000,0.00900,1.271856,0.546804,-0.480210,1.138678,2290006.78,624,48.2372
0.04000,0.10500,0.00900,1.271856,0.546804,-0.480210,1.138678,2290006.78,624,48.2372
0.04000,0.11000,0.00900,1.271856,0.546804,-0.480210,1.138678,2290006.78,624,48.2372
0.04000,0.11500,0.00900,1.271856,0.546804,-0.480210,1.138678,2290006.78,624,48.2372
0.04000,0.12000,0.00900,1.271856,0.546804,-0.480210,1.138678,2290006.78,624,48.2372
0.04000,0.12500,0.00900,1.271856,0.546804,-0.480210,1.138678,2290006.78,624,48.2372
0.04000,0.13000,0.00900,1.271856,0.546804,-0.480210,1.138678,2290006.78,624,48.2372
0.04000,0.13500,0.00900,1.271856,0.546804,-0.480210,1.138678,2290006.78,624,48.2372
0.04000,0.14000,0.00900,1.271856,0.546804,-0.480210,1.138678,2290006.78,624,48.2372
0.04000,0.14500,0.00900,1.271856,0.546804,-0.480210,1.138678,2290006.78,624,48.2372
0.04000,0.15000,0.00900,1.271856,0.546804,-0.480210,1.138678,2290006.78,624,48.2372
0.04000,0.09500,0.00900,1.271770,0.546745,-0.480210,1.138554,2288916.69,624,48.2372
0.05500,0.11500,0.00400,1.271694,0.575621,-0.446761,1.288431,2882044.04,624,44.3910
0.06000,0.13000,0.01500,1.271674,0.569970,-0.430594,1.323683,2755883.56,624,46.9551
0.04500,0.07500,0.01000,1.271673,0.552226,-0.486311,1.135542,2392046.53,624,47.5962
0.03500,0.06500,0.00200,1.271557,0.546884,-0.435745,1.255055,2291484.61,624,49.1987
0.05500,0.15000,0.00300,1.271520,0.577707,-0.445106,1.297909,2929932.19,624,43.9103
0.05000,0.08500,0.01200,1.271510,0.554987,-0.481977,1.151482,2445594.06,624,46.7949
0.04500,0.10000,0.01600,1.271482,0.549868,-0.431718,1.273675,2347169.09,624,49.6795
0.04500,0.12000,0.01700,1.271469,0.549982,-0.449336,1.223988,2349320.65,624,50.3205
0.05000,0.08000,0.01200,1.271351,0.554701,-0.481977,1.150888,2439994.71,624,46.7949
0.03500,0.07000,0.00500,1.271328,0.541047,-0.438249,1.234565,2186077.33,624,49.6795
0.05000,0.10000,0.01800,1.271030,0.555972,-0.442192,1.257308,2464944.11,624,49.6795
0.02000,0.07500,0.00600,1.270998,0.505587,-0.431687,1.171190,1635771.02,624,56.8910
0.05500,0.14500,0.00300,1.270964,0.577134,-0.445112,1.296604,2916708.18,624,43.9103
0.04000,0.07000,0.01200,1.270929,0.539846,-0.451668,1.195228,2164935.73,624,48.7179
0.04500,0.06500,0.00100,1.270915,0.557508,-0.414254,1.345812,2495436.33,624,46.1538
0.04500,0.09500,0.00800,1.270861,0.554242,-0.485197,1.142303,2431030.06,624,47.2756
0.04500,0.11500,0.01700,1.270844,0.549430,-0.449336,1.222758,2338908.71,624,50.3205
0.05500,0.12500,0.01500,1.270779,0.562438,-0.430567,1.306273,2595640.64,624,47.7564
0.04000,0.05500,0.00200,1.270717,0.548101,-0.417689,1.312223,2314051.72,624,48.0769
0.05000,0.06000,0.00100,1.270687,0.559344,-0.414253,1.350245,2532326.89,624,45.5128
0.05500,0.14000,0.00300,1.270442,0.576597,-0.445091,1.295457,2904348.68,624,43.9103
0.06000,0.12500,0.01500,1.270427,0.568859,-0.430594,1.321104,2731695.36,624,46.9551
0.04000,0.07500,0.01200,1.270377,0.540478,-0.451668,1.196629,2176043.19,624,48.5577
0.06000,0.10500,0.01700,1.270356,0.569059,-0.448335,1.269274,2736041.34,624,48.3974
0.05500,0.10500,0.01600,1.270300,0.562554,-0.431768,1.302907,2598031.48,624,48.3974
0.02000,0.08500,0.00600,1.270229,0.505149,-0.431687,1.170175,1629851.88,624,56.8910
0.02000,0.09000,0.00600,1.270229,0.505149,-0.431687,1.170175,1629851.88,624,56.8910
0.02000,0.09500,0.00600,1.270229,0.505149,-0.431687,1.170175,1629851.88,624,56.8910
0.02000,0.10000,0.00600,1.270229,0.505149,-0.431687,1.170175,1629851.88,624,56.8910
0.02000,0.10500,0.00600,1.270229,0.505149,-0.431687,1.170175,1629851.88,624,56.8910
0.02000,0.11000,0.00600,1.270229,0.505149,-0.431687,1.170175,1629851.88,624,56.8910
0.02000,0.11500,0.00600,1.270229,0.505149,-0.431687,1.170175,1629851.88,624,56.8910
0.02000,0.12000,0.00600,1.270229,0.505149,-0.431687,1.170175,1629851.88,624,56.8910
0.02000,0.12500,0.00600,1.270229,0.505149,-0.431687,1.170175,1629851.88,624,56.8910
0.02000,0.13000,0.00600,1.270229,0.505149,-0.431687,1.170175,1629851.88,624,56.8910
0.02000,0.13500,0.00600,1.270229,0.505149,-0.431687,1.170175,1629851.88,624,56.8910
0.02000,0.14000,0.00600,1.270229,0.505149,-0.431687,1.170175,1629851.88,624,56.8910
0.02000,0.14500,0.00600,1.270229,0.505149,-0.431687,1.170175,1629851.88,624,56.8910
0.02000,0.15000,0.00600,1.270229,0.505149,-0.431687,1.170175,1629851.88,624,56.8910
0.04000,0.10000,0.01500,1.270206,0.540830,-0.430625,1.255920,2182238.11,624,50.1603
0.04000,0.10500,0.01500,1.270206,0.540830,-0.430625,1.255920,2182238.11,624,50.1603
0.04000,0.11000,0.01500,1.270206,0.540830,-0.430625,1.255920,2182238.11,624,50.1603
0.04000,0.11500,0.01500,1.270206,0.540830,-0.430625,1.255920,2182238.11,624,50.1603
0.04000,0.12000,0.01500,1.270206,0.540830,-0.430625,1.255920,2182238.11,624,50.1603
0.04000,0.12500,0.01500,1.270206,0.540830,-0.430625,1.255920,2182238.11,624,50.1603
0.04000,0.13000,0.01500,1.270206,0.540830,-0.430625,1.255920,2182238.11,624,50.1603
0.04000,0.13500,0.01500,1.270206,0.540830,-0.430625,1.255920,2182238.11,624,50.1603
0.04000,0.14000,0.01500,1.270206,0.540830,-0.430625,1.255920,2182238.11,624,50.1603
0.04000,0.14500,0.01500,1.270206,0.540830,-0.430625,1.255920,2182238.11,624,50.1603
0.04000,0.15000,0.01500,1.270206,0.540830,-0.430625,1.255920,2182238.11,624,50.1603
0.04500,0.11000,0.01700,1.270205,0.548874,-0.449336,1.221522,2328481.84,624,50.3205
0.04000,0.09500,0.01500,1.270137,0.540780,-0.430625,1.255803,2181347.60,624,50.1603
0.05500,0.13500,0.00300,1.269878,0.576040,-0.445095,1.294196,2891612.13,624,43.9103
0.05500,0.11000,0.01200,1.269816,0.561556,-0.481901,1.165294,2577450.77,624,46.1538
0.05500,0.15000,0.00500,1.269610,0.572350,-0.451475,1.267732,2808383.79,624,44.7115
0.03500,0.07500,0.00300,1.269491,0.545378,-0.429140,1.270864,2263855.86,624,49.0385
0.05500,0.12000,0.01500,1.269474,0.561306,-0.430567,1.303643,2572302.39,624,47.7564
0.04500,0.08500,0.00800,1.269328,0.552460,-0.485197,1.138630,2396527.11,624,47.2756
0.05500,0.13000,0.00300,1.269148,0.575347,-0.445099,1.292628,2875801.79,624,43.9103
0.06000,0.12000,0.01500,1.269132,0.567725,-0.430594,1.318470,2707198.88,624,46.9551
0.05500,0.14500,0.00500,1.269066,0.571789,-0.451472,1.266500,2795941.04,624,44.7115
0.04500,0.07000,0.00900,1.268959,0.549613,-0.483116,1.137641,2342349.58,624,47.5962
0.03500,0.06000,0.00200,1.268810,0.543550,-0.423439,1.283656,2230713.22,624,49.3590
0.06000,0.15000,0.00400,1.268577,0.580877,-0.446769,1.300171,3004117.43,624,43.4295
0.04500,0.08000,0.00800,1.268566,0.551866,-0.485197,1.137405,2385129.33,624,47.2756
0.05500,0.14000,0.00500,1.268522,0.571241,-0.451455,1.265332,2783801.77,624,44.7115
0.04500,0.06000,0.01600,1.268405,0.539714,-0.431710,1.250178,2162630.32,624,50.4808
0.05500,0.07500,0.00400,1.268321,0.567230,-0.446767,1.269634,2696568.27,624,44.7115
0.05500,0.11000,0.01700,1.268287,0.561034,-0.440028,1.274996,2566731.97,624,49.0385
0.05500,0.11500,0.01500,1.268163,0.560188,-0.430567,1.301046,2549449.83,624,47.7564
0.05000,0.15000,0.00100,1.268048,0.568562,-0.427425,1.330203,2725249.45,624,44.3910
0.06000,0.14500,0.00400,1.268039,0.580315,-0.446764,1.298930,2990854.70,624,43.4295
0.04500,0.06000,0.01000,1.267974,0.543431,-0.446170,1.217991,2228570.99,624,48.3974
0.05500,0.13500,0.00500,1.267956,0.570687,-0.451488,1.264012,2771603.36,624,44.7115
0.05500,0.12500,0.00300,1.267911,0.574234,-0.445098,1.290130,2850586.61,624,43.9103
0.05000,0.07000,0.00100,1.267878,0.563325,-0.427425,1.317951,2614051.98,624,44.8718
0.02000,0.06500,0.00600,1.267865,0.503685,-0.431687,1.166783,1610210.72,624,56.8910
0.06000,0.11500,0.01500,1.267818,0.566595,-0.430594,1.315846,2682990.20,624,46.9551
0.05500,0.07500,0.01600,1.267754,0.555674,-0.431733,1.287080,2459087.74,624,48.5577
0.05000,0.06500,0.01300,1.267744,0.547331,-0.428300,1.277916,2299746.04,624,48.2372
0.03500,0.06000,0.00700,1.267596,0.535427,-0.430381,1.244075,2088797.17,624,50.4808
0.05000,0.14500,0.00100,1.267506,0.568003,-0.427425,1.328897,2713188.42,624,44.3910
0.04500,0.10500,0.01700,1.267485,0.547054,-0.449336,1.217472,2294630.74,624,50.3205
0.06000,0.14000,0.00400,1.267484,0.579756,-0.446778,1.297637,2977701.80,624,43.4295
0.04500,0.05500,0.00300,1.267371,0.547194,-0.416612,1.313438,2297212.02,624,47.2756
0.04000,0.06500,0.01500,1.267364,0.536299,-0.430565,1.245569,2103627.38,624,50.3205
0.05000,0.06000,0.02000,1.267362,0.547056,-0.436245,1.254012,2294661.64,624,51.6026
0.05000,0.05500,0.00500,1.267291,0.544358,-0.420270,1.295259,2245307.77,624,47.1154
0.05500,0.13000,0.00500,1.267219,0.569992,-0.451467,1.262535,2756379.68,624,44.7115
0.06500,0.07500,0.01200,1.267102,0.560180,-0.468493,1.195704,2549285.36,624,45.3526
0.05000,0.07500,0.01500,1.266974,0.550347,-0.430589,1.278128,2356219.11,624,48.5577
0.03500,0.06500,0.00300,1.266951,0.542508,-0.429124,1.264223,2212036.50,624,49.1987
0.05000,0.14000,0.00100,1.266946,0.567447,-0.427425,1.327594,2701216.11,624,44.3910
0.06000,0.13500,0.00400,1.266936,0.579208,-0.446772,1.296429,2964840.43,624,43.4295
0.05000,0.07000,0.01800,1.266883,0.550005,-0.442192,1.243814,2349744.27,624,50.0000
0.04500,0.09000,0.01600,1.266871,0.546151,-0.431718,1.265063,2277987.39,624,49.6795
0.06000,0.10500,0.01600,1.266847,0.566850,-0.431717,1.313012,2688430.92,624,47.5962
0.02500,0.06500,0.00600,1.266808,0.521312,-0.442848,1.177181,1861796.58,624,53.3654
0.06000,0.15000,0.02000,1.266718,0.572383,-0.455080,1.257763,2809131.01,624,49.1987
0.05500,0.12000,0.00300,1.266640,0.573106,-0.445086,1.287631,2825260.84,624,43.9103
0.05000,0.13500,0.00100,1.266394,0.566903,-0.427425,1.326322,2689559.31,624,44.3910
0.06000,0.10500,0.01200,1.266378,0.565393,-0.481972,1.173082,2657456.89,624,45.3526
0.04500,0.09500,0.01600,1.266323,0.546214,-0.431718,1.265210,2279149.63,624,49.6795
0.04000,0.09000,0.01800,1.266301,0.539000,-0.433964,1.242038,2150176.09,624,51.2821
0.05000,0.07000,0.01400,1.266210,0.547963,-0.470999,1.163405,2311470.60,624,48.3974
0.06000,0.13000,0.00400,1.266201,0.578508,-0.446760,1.294897,2948511.32,624,43.4295
0.06000,0.14500,0.02000,1.266162,0.571813,-0.455080,1.256511,2796473.28,624,49.1987
0.04500,0.10000,0.01700,1.266120,0.545914,-0.449336,1.214934,2273651.27,624,50.3205
0.09500,0.07000,0.00600,1.266116,0.572014,-0.451200,1.267760,2800918.78,624,43.9103
0.05500,0.06500,0.01600,1.266073,0.549619,-0.431740,1.273033,2342471.24,624,49.1987
0.05500,0.12500,0.00500,1.265981,0.568885,-0.451461,1.260099,2732259.34,624,44.7115
0.05500,0.10500,0.01200,1.265746,0.558605,-0.481901,1.159170,2517421.08,624,46.1538
0.04500,0.06500,0.01100,1.265732,0.544360,-0.445804,1.221075,2245339.51,624,48.5577
0.05000,0.13000,0.00100,1.265661,0.566215,-0.427425,1.324713,2674896.35,624,44.3910
0.06000,0.14000,0.02000,1.265617,0.571265,-0.455080,1.255305,2784339.70,624,49.1987
0.04500,0.15000,0.02000,1.265562,0.550797,-0.456053,1.207750,2364758.41,624,51.2821
0.05500,0.11500,0.00300,1.265314,0.571960,-0.445104,1.285004,2799722.05,624,43.9103
0.05000,0.09500,0.01800,1.265215,0.551758,-0.442192,1.247779,2383070.33,624,49.6795
0.05000,0.06000,0.01200,1.265082,0.542024,-0.430541,1.258939,2203403.15,624,47.7564
0.04000,0.08000,0.01800,1.265080,0.538154,-0.433959,1.240103,2135485.07,624,51.2821
0.06000,0.13500,0.02000,1.265066,0.570719,-0.455080,1.254107,2772322.98,624,49.1987
0.04500,0.14500,0.02000,1.265021,0.550249,-0.456053,1.206547,2354361.04,624,51.2821
0.05500,0.10000,0.01600,1.264970,0.558583,-0.431768,1.293712,2516987.96,624,48.3974
0.06000,0.12500,0.00400,1.264964,0.577391,-0.446775,1.292353,2922623.61,624,43.4295
0.05000,0.09000,0.01800,1.264953,0.551120,-0.442192,1.246337,2370896.11,624,49.6795
0.05500,0.15000,0.02000,1.264921,0.563995,-0.446682,1.262633,2628051.06,624,49.8397
0.05500,0.07500,0.00300,1.264726,0.565796,-0.445084,1.271212,2665993.94,624,44.2308
0.05500,0.12000,0.00500,1.264677,0.567745,-0.451489,1.257495,2707632.44,624,44.7115
0.04500,0.15000,0.01000,1.264571,0.551282,-0.486311,1.133600,2373979.79,624,47.4359
0.05500,0.11000,0.00400,1.264532,0.570418,-0.446767,1.276769,2765697.23,624,44.3910
0.04500,0.07000,0.02000,1.264497,0.545653,-0.456053,1.196471,2268879.48,624,51.6026
0.04500,0.14000,0.02000,1.264477,0.549711,-0.456053,1.205368,2344201.54,624,51.2821
0.05000,0.12500,0.00100,1.264413,0.565107,-0.427425,1.322121,2651422.77,624,44.3910
0.05500,0.14500,0.02000,1.264378,0.563440,-0.446682,1.261389,2616444.66,624,49.8397
0.06000,0.13000,0.02000,1.264320,0.570019,-0.455080,1.252568,2756966.87,624,49.1987
0.05500,0.10500,0.01700,1.264228,0.558082,-0.440028,1.268288,2506921.10,624,49.0385
0.04000,0.06000,0.00800,1.264098,0.538375,-0.441672,1.218948,2139312.24,624,48.7179
0.05500,0.07000,0.01600,1.264065,0.551664,-0.431656,1.278020,2381279.41,624,48.8782
0.04500,0.14500,0.01000,1.264029,0.550732,-0.486311,1.132470,2363524.18,624,47.4359
0.04500,0.13500,0.02000,1.263899,0.549161,-0.456053,1.204162,2333860.44,624,51.2821
0.04000,0.08500,0.01800,1.263868,0.537314,-0.433964,1.238153,2121013.74,624,51.2821
0.05500,0.14000,0.02000,1.263833,0.562896,-0.446682,1.260171,2605123.41,624,49.8397
0.04500,0.07000,0.01200,1.263784,0.541345,-0.492629,1.098890,2191347.69,624,47.7564
0.06000,0.12000,0.00400,1.263695,0.576259,-0.446770,1.289834,2896623.55,624,43.4295
0.03500,0.06000,0.00300,1.263689,0.538791,-0.416669,1.293092,2146535.11,624,49.3590
0.04500,0.14000,0.01000,1.263472,0.550187,-0.486311,1.131347,2353183.74,624,47.4359
0.03500,0.07500,0.00400,1.263443,0.540230,-0.433695,1.245646,2171678.35,624,49.1987
0.05500,0.11500,0.00500,1.263379,0.566624,-0.451466,1.255076,2683617.27,624,44.7115
0.04500,0.13000,0.02000,1.263336,0.548628,-0.456053,1.202992,2323868.43,624,51.2821
0.05500,0.13500,0.02000,1.263268,0.562345,-0.446682,1.258939,2593722.43,624,49.8397
0.06000,0.15000,0.00300,1.263225,0.577814,-0.445109,1.298142,2932409.10,624,42.9487
0.03500,0.09000,0.00700,1.263123,0.536425,-0.453928,1.181741,2105775.68,624,50.0000
0.05000,0.12000,0.00100,1.263112,0.563974,-0.427425,1.319471,2627611.23,624,44.3910
0.06000,0.12500,0.02000,1.263080,0.568913,-0.455080,1.250137,2732863.58,624,49.1987
0.04500,0.07500,0.01600,1.263042,0.543203,-0.431681,1.258343,2224480.13,624,49.6795
0.04500,0.08500,0.01600,1.263006,0.543301,-0.431718,1.258463,2226234.70,624,49.6795
0.04500,0.13500,0.01000,1.262913,0.549649,-0.486311,1.130242,2343039.18,624,47.4359
0.02500,0.06000,0.00600,1.262778,0.517556,-0.442848,1.168699,1805336.98,624,53.5256
0.04500,0.05500,0.00400,1.262771,0.542803,-0.420868,1.289721,2217295.48,624,47.5962
0.04500,0.08000,0.01600,1.262762,0.543016,-0.431713,1.257816,2221114.93,624,49.6795
0.04500,0.12500,0.02000,1.262736,0.548077,-0.456053,1.201784,2313593.80,624,51.2821
0.05000,0.06500,0.01000,1.262681,0.550229,-0.435588,1.263188,2353989.00,624,47.4359
0.06000,0.14500,0.00300,1.262678,0.577247,-0.445107,1.296872,2919317.59,624,42.9487
0.04000,0.07000,0.01800,1.262666,0.535631,-0.434024,1.234105,2092260.50,624,51.4423
0.04000,0.05000,0.00600,1.262656,0.528983,-0.433472,1.220338,1982181.86,624,49.0385
0.03500,0.08000,0.00700,1.262614,0.535900,-0.453945,1.180538,2096831.28,624,50.0000
0.04500,0.06000,0.01700,1.262600,0.535520,-0.432888,1.237086,2090382.97,624,51.1218
0.06000,0.07000,0.01700,1.262543,0.553681,-0.448452,1.234651,2420127.60,624,49.1987
0.05500,0.13000,0.02000,1.262511,0.561645,-0.446682,1.257370,2579268.44,624,49.8397
0.03500,0.07500,0.00500,1.262399,0.535791,-0.438241,1.222594,2094987.53,624,49.5192
0.06000,0.11500,0.00400,1.262398,0.575125,-0.446759,1.287328,2870761.73,624,43.4295
0.08000,0.06500,0.00600,1.262334,0.562545,-0.450094,1.249839,2597860.53,624,44.5513
0.04500,0.13000,0.01000,1.262324,0.549099,-0.486311,1.129111,2332698.89,624,47.4359
0.06000,0.14000,0.00300,1.262135,0.576698,-0.445104,1.295648,2906686.80,624,42.9487
0.04500,0.12000,0.02000,1.262097,0.547504,-0.456053,1.200528,2302947.71,624,51.2821
0.04000,0.06500,0.01200,1.261820,0.532794,-0.439904,1.211161,2044621.52,624,48.7179
0.05000,0.07500,0.00100,1.261807,0.559900,-0.427425,1.309938,2543597.59,624,44.5513
0.05000,0.11500,0.00100,1.261799,0.562847,-0.427425,1.316834,2604125.01,624,44.3910
0.06000,0.12000,0.02000,1.261792,0.567781,-0.455080,1.247651,2708413.15,624,49.1987
0.05500,0.07500,0.01700,1.261730,0.551268,-0.439926,1.253092,2373721.02,624,49.1987
0.04500,0.12500,0.01000,1.261728,0.548551,-0.486311,1.127983,2322429.45,624,47.4359
0.06000,0.13500,0.00300,1.261574,0.576143,-0.445093,1.294432,2893963.79,624,42.9487
0.03500,0.08500,0.00700,1.261553,0.535296,-0.453928,1.179254,2086587.65,624,50.0000
0.04500,0.09000,0.01700,1.261505,0.542215,-0.449336,1.206702,2206803.69,624,50.3205
0.04500,0.11500,0.02000,1.261456,0.546942,-0.456053,1.199297,2292562.38,624,51.2821
0.06000,0.09000,0.01700,1.261375,0.560870,-0.448456,1.250671,2563384.74,624,48.5577
0.06000,0.10000,0.01700,1.261369,0.562629,-0.448335,1.254931,2599592.58,624,48.3974
0.06000,0.07500,0.01700,1.261301,0.555729,-0.448346,1.239509,2460166.11,624,48.7179
0.05500,0.12500,0.02000,1.261280,0.560556,-0.446682,1.254933,2556960.54,624,49.8397
0.05000,0.15000,0.01400,1.261209,0.550872,-0.470999,1.169583,2366181.43,624,47.9167
0.04500,0.12000,0.01000,1.261097,0.547982,-0.486311,1.126814,2311828.61,624,47.4359
0.04500,0.06000,0.00900,1.261038,0.539384,-0.443943,1.214986,2156860.29,624,48.0769
0.04500,0.09500,0.01700,1.261001,0.542299,-0.449336,1.206889,2208300.39,624,50.3205
0.05000,0.05500,0.00700,1.260948,0.540383,-0.439448,1.229686,2174369.88,624,47.7564
0.06000,0.08500,0.01200,1.260931,0.558743,-0.481948,1.159342,2520197.84,624,45.5128
0.05500,0.11000,0.01500,1.260851,0.555037,-0.430567,1.289085,2446572.80,624,47.7564
0.06000,0.09000,0.01200,1.260840,0.559625,-0.481970,1.161121,2538027.58,624,45.5128
0.06000,0.13000,0.00300,1.260839,0.575446,-0.445101,1.292845,2878055.09,624,42.9487
0.04500,0.11000,0.02000,1.260832,0.546398,-0.456053,1.198104,2282537.98,624,51.2821
0.03000,0.07000,0.00200,1.260699,0.536551,-0.426685,1.257489,2107941.85,624,50.3205
0.05000,0.14500,0.01400,1.260661,0.550321,-0.470999,1.168413,2355725.68,624,47.9167
0.06000,0.11000,0.01500,1.260596,0.561433,-0.430594,1.303858,2574917.00,624,46.9551
0.05500,0.10500,0.00400,1.260544,0.567451,-0.446777,1.270101,2701319.52,624,44.3910
0.04500,0.15000,0.01500,1.260509,0.543396,-0.430634,1.261853,2227947.95,624,49.0385
0.06000,0.06500,0.01200,1.260496,0.546903,-0.428093,1.277532,2291829.27,624,46.6346
0.06000,0.11500,0.02000,1.260477,0.566647,-0.455080,1.245159,2684110.25,624,49.1987
0.05000,0.11000,0.00100,1.260476,0.561733,-0.427425,1.314227,2581084.28,624,44.3910
0.04500,0.11500,0.01000,1.260467,0.547427,-0.486311,1.125673,2301527.13,624,47.4359
0.06000,0.08500,0.01700,1.260408,0.559278,-0.448485,1.247038,2531000.07,624,48.5577
0.05500,0.10000,0.01200,1.260389,0.554631,-0.481901,1.150923,2438619.97,624,46.1538
0.05000,0.08500,0.01800,1.260348,0.547697,-0.442192,1.238596,2306538.56,624,49.6795
0.03500,0.10000,0.00700,1.260318,0.534860,-0.453928,1.178295,2079224.66,624,50.0000
0.03500,0.10500,0.00700,1.260318,0.534860,-0.453928,1.178295,2079224.66,624,50.0000
0.03500,0.11000,0.00700,1.260318,0.534860,-0.453928,1.178295,2079224.66,624,50.0000
0.03500,0.11500,0.00700,1.260318,0.534860,-0.453928,1.178295,2079224.66,624,50.0000
0.03500,0.12000,0.00700,1.260318,0.534860,-0.453928,1.178295,2079224.66,624,50.0000
0.03500,0.12500,0.00700,1.260318,0.534860,-0.453928,1.178295,2079224.66,624,50.0000
0.03500,0.13000,0.00700,1.260318,0.534860,-0.453928,1.178295,2079224.66,624,50.0000
0.03500,0.13500,0.00700,1.260318,0.534860,-0.453928,1.178295,2079224.66,624,50.0000
0.03500,0.14000,0.00700,1.260318,0.534860,-0.453928,1.178295,2079224.66,624,50.0000
0.03500,0.14500,0.00700,1.260318,0.534860,-0.453928,1.178295,2079224.66,624,50.0000
0.03500,0.15000,0.00700,1.260318,0.534860,-0.453928,1.178295,2079224.66,624,50.0000
0.03500,0.09500,0.00700,1.260250,0.534811,-0.453928,1.178187,2078396.27,624,50.0000
0.03500,0.07000,0.00100,1.260212,0.540498,-0.431221,1.253414,2176391.33,624,48.8782
0.05500,0.07500,0.00500,1.260167,0.558411,-0.451479,1.236849,2513520.70,624,45.0321
0.05000,0.14000,0.01400,1.260106,0.549777,-0.470999,1.167257,2345447.34,624,47.9167
0.08500,0.06500,0.00600,1.260086,0.563271,-0.450099,1.251438,2612929.02,624,44.3910
0.05500,0.06500,0.01700,1.260078,0.545326,-0.432912,1.259669,2262903.80,624,49.8397
0.04500,0.07000,0.00100,1.260071,0.552795,-0.440733,1.254263,2402977.50,624,45.8333
0.04000,0.06000,0.01600,1.260000,0.530634,-0.431799,1.228893,2009015.76,624,51.1218
0.05500,0.12000,0.02000,1.259977,0.559426,-0.446682,1.252404,2533997.59,624,49.8397
0.04500,0.14500,0.01500,1.259961,0.542847,-0.430634,1.260578,2218093.03,624,49.0385
0.05000,0.15000,0.01900,1.259894,0.550623,-0.444596,1.238480,2361447.19,624,49.6795
0.04500,0.11000,0.01000,1.259842,0.546882,-0.486311,1.124553,2291456.46,624,47.4359
0.04000,0.07000,0.01400,1.259673,0.532367,-0.437858,1.215843,2037541.38,624,49.8397
0.06000,0.12500,0.00300,1.259612,0.574338,-0.445096,1.290367,2852934.12,624,42.9487
0.05000,0.13500,0.01400,1.259546,0.549238,-0.470999,1.166114,2335314.29,624,47.9167
0.04500,0.14000,0.01500,1.259404,0.542307,-0.430634,1.259324,2208441.40,624,49.0385
0.03500,0.06500,0.00400,1.259370,0.536306,-0.433693,1.236602,2103757.18,624,49.3590
0.05000,0.14500,0.01900,1.259346,0.550071,-0.444596,1.237238,2350991.23,624,49.6795
0.04000,0.07500,0.01800,1.259344,0.534687,-0.433901,1.232278,2076301.39,624,51.2821
0.10000,0.07000,0.00600,1.259326,0.567419,-0.451202,1.257571,2700617.31,624,43.9103
0.05000,0.08000,0.01800,1.259260,0.546812,-0.442192,1.236594,2290159.93,624,49.6795
0.05000,0.05500,0.00100,1.259154,0.545541,-0.414278,1.316847,2266829.19,624,46.3141
0.06000,0.15000,0.00500,1.259117,0.571269,-0.451478,1.265331,2784422.79,624,43.7500
0.05500,0.10000,0.01700,1.258841,0.554096,-0.440028,1.259228,2428181.69,624,49.0385
0.04500,0.13500,0.01500,1.258837,0.541767,-0.430634,1.258070,2198832.69,624,49.0385
0.05000,0.14000,0.01900,1.258785,0.549524,-0.444596,1.236009,2340686.67,624,49.6795
0.05000,0.13000,0.01400,1.258783,0.548546,-0.470999,1.164643,2322337.64,624,47.9167
0.06500,0.06500,0.01200,1.258763,0.546046,-0.427121,1.278434,2276070.73,624,46.6346
0.07000,0.06500,0.00600,1.258664,0.555676,-0.450100,1.234561,2459109.93,624,44.8718
0.05500,0.11500,0.02000,1.258653,0.558299,-0.446682,1.249880,2511268.92,624,49.8397
0.05500,0.07000,0.00400,1.258620,0.559552,-0.447381,1.250729,2536541.00,624,45.0321
0.06000,0.14500,0.00500,1.258572,0.570707,-0.451470,1.264108,2772052.63,624,43.7500
0.03500,0.06500,0.00500,1.258492,0.531982,-0.438240,1.213905,2031170.33,624,49.6795
0.05500,0.08000,0.01200,1.258442,0.550923,-0.482010,1.142969,2367139.46,624,46.1538
0.05500,0.07000,0.01700,1.258343,0.547462,-0.439997,1.244240,2302171.17,624,49.5192
0.06000,0.12000,0.00300,1.258334,0.573203,-0.445105,1.287793,2827425.05,624,42.9487
0.06000,0.08000,0.01200,1.258294,0.555876,-0.481965,1.153354,2463054.13,624,45.5128
0.04500,0.07500,0.00900,1.258293,0.543811,-0.483116,1.125632,2235412.88,624,47.2756
0.04500,0.13000,0.01500,1.258253,0.541225,-0.430634,1.256811,2189215.90,624,49.0385
0.05000,0.13500,0.01900,1.258223,0.548985,-0.444596,1.234796,2330555.71,624,49.6795
0.05500,0.11000,0.00300,1.258176,0.566781,-0.445091,1.273405,2686963.85,624,43.9103
0.06000,0.07000,0.01600,1.258159,0.551019,-0.431768,1.276190,2368960.86,624,48.3974
0.04500,0.10500,0.02000,1.258115,0.544580,-0.456053,1.194117,2249330.02,624,51.2821
0.06000,0.14000,0.00500,1.258022,0.570158,-0.451483,1.262856,2759996.88,624,43.7500
0.04000,0.07500,0.01400,1.258010,0.532296,-0.437858,1.215680,2036359.89,624,49.6795
0.04500,0.06500,0.01400,1.257994,0.534030,-0.429352,1.243805,2065251.66,624,49.1987
0.06000,0.10000,0.01600,1.257907,0.560453,-0.431708,1.298223,2554867.20,624,47.5962
0.06000,0.09000,0.01600,1.257797,0.558619,-0.431744,1.293866,2517698.59,624,47.7564
0.04500,0.07500,0.01700,1.257757,0.539325,-0.449336,1.200270,2155829.05,624,50.3205
0.05500,0.09500,0.01600,1.257695,0.553211,-0.431768,1.281269,2411014.49,624,48.3974
0.04500,0.08500,0.01700,1.257668,0.539394,-0.449336,1.200423,2157033.54,624,50.3205
0.04500,0.12500,0.01500,1.257648,0.540676,-0.430634,1.255535,2179517.63,624,49.0385
0.06000,0.07500,0.01600,1.257640,0.553476,-0.431746,1.281948,2416137.98,624,47.9167
0.04500,0.06500,0.01800,1.257564,0.535435,-0.433932,1.233914,2088941.50,624,50.8013
0.05000,0.12500,0.01400,1.257532,0.547460,-0.470999,1.162338,2302137.96,624,47.9167
0.05000,0.13000,0.01900,1.257482,0.548305,-0.444596,1.233267,2317848.07,624,49.6795
0.05500,0.06000,0.01200,1.257467,0.538679,-0.430499,1.251288,2144583.28,624,47.5962
0.06000,0.13500,0.00500,1.257463,0.569608,-0.451477,1.261653,2747974.18,624,43.7500
0.06000,0.10000,0.01200,1.257404,0.558992,-0.481972,1.159801,2525217.20,624,45.3526
0.04500,0.08000,0.01700,1.257392,0.539087,-0.449336,1.199740,2151682.03,624,50.3205
0.04000,0.08000,0.01200,1.257378,0.533054,-0.451668,1.180191,2048945.73,624,48.3974
0.03000,0.07500,0.00200,1.257256,0.534126,-0.426685,1.251804,2066858.60,624,50.3205
0.04500,0.10500,0.01000,1.257143,0.545068,-0.486311,1.120821,2258194.34,624,47.4359
0.05000,0.10500,0.00100,1.257137,0.559342,-0.427425,1.308633,2532289.99,624,44.3910
0.06000,0.09500,0.01700,1.257135,0.559248,-0.448335,1.247390,2530395.34,624,48.3974
0.06000,0.08000,0.01700,1.257075,0.555916,-0.448429,1.239694,2463838.14,624,48.5577
0.06000,0.11500,0.00300,1.257024,0.572064,-0.445102,1.285242,2802034.04,624,42.9487
0.04500,0.12000,0.01500,1.257002,0.540104,-0.430634,1.254208,2169465.23,624,49.0385
0.06000,0.09500,0.01200,1.256826,0.558138,-0.481972,1.158030,2508040.29,624,45.3526
0.04000,0.09000,0.01200,1.256795,0.532745,-0.451668,1.179507,2043805.77,624,48.3974
0.06000,0.08500,0.01600,1.256775,0.557007,-0.431736,1.290156,2485451.73,624,47.7564
0.04500,0.10000,0.02000,1.256765,0.543454,-0.456053,1.191648,2228986.26,624,51.2821
0.05500,0.10500,0.01500,1.256753,0.552085,-0.430567,1.282228,2389335.33,624,47.7564
0.05500,0.08000,0.01600,1.256752,0.550656,-0.431746,1.275415,2362069.48,624,48.3974
0.05500,0.09500,0.01200,1.256734,0.551739,-0.481901,1.144922,2382708.05,624,46.1538
0.06000,0.13000,0.00500,1.256728,0.568915,-0.451475,1.260125,2732916.36,624,43.7500
0.06500,0.07000,0.01200,1.256718,0.549751,-0.468438,1.173583,2344959.83,624,45.9936
0.03500,0.08000,0.00200,1.256621,0.538800,-0.435750,1.236490,2146697.19,624,48.8782
0.04500,0.07000,0.01500,1.256466,0.536617,-0.430574,1.246284,2109059.91,624,49.3590
0.04500,0.11500,0.01500,1.256380,0.539559,-0.430634,1.252941,2159912.95,624,49.0385
0.05000,0.12000,0.01400,1.256226,0.546348,-0.470999,1.159978,2281621.80,624,47.9167
0.05000,0.12500,0.01900,1.256195,0.547198,-0.444596,1.230776,2297283.30,624,49.6795
0.05000,0.07000,0.01300,1.256195,0.543136,-0.467264,1.162375,2223267.19,624,47.9167
0.05500,0.11000,0.00500,1.256176,0.561452,-0.451464,1.243625,2575301.05,624,44.7115
0.05000,0.07500,0.01400,1.256110,0.542579,-0.470999,1.151974,2213290.92,624,48.0769
0.05500,0.06000,0.01600,1.256063,0.538843,-0.431673,1.248266,2147432.51,624,49.6795
0.04500,0.10000,0.01000,1.255815,0.543948,-0.486311,1.118519,2237896.02,624,47.4359
0.04000,0.07000,0.01100,1.255772,0.534955,-0.448804,1.191957,2080817.55,624,49.1987
0.04500,0.09000,0.01000,1.255747,0.543236,-0.486311,1.117054,2225063.40,624,47.4359
0.04500,0.11000,0.01500,1.255746,0.539014,-0.430634,1.251677,2150414.30,624,49.0385
0.04500,0.06000,0.02000,1.255734,0.534607,-0.436128,1.225804,2074956.83,624,52.0833
0.03500,0.09000,0.00200,1.255618,0.538240,-0.435764,1.235163,2136973.15,624,48.8782
0.02500,0.08000,0.00600,1.255608,0.515292,-0.442848,1.163589,1772082.61,624,53.2051
0.06000,0.12500,0.00500,1.255491,0.567809,-0.451465,1.257704,2709003.88,624,43.7500
0.05500,0.07000,0.00300,1.255481,0.558498,-0.445113,1.254734,2515275.81,624,44.5513
0.04000,0.07500,0.01100,1.255458,0.535677,-0.448804,1.193567,2093052.06,624,49.0385
0.05000,0.05500,0.01600,1.255414,0.529607,-0.431817,1.226462,1992286.39,624,50.3205
0.03500,0.06000,0.00400,1.255345,0.532102,-0.421330,1.262910,2033145.70,624,49.5192
0.06000,0.11000,0.00400,1.255292,0.569922,-0.446774,1.275640,2754847.40,624,43.4295
0.05500,0.10000,0.00400,1.255289,0.563466,-0.446779,1.261174,2616990.13,624,44.3910
0.04000,0.08500,0.01200,1.255212,0.531613,-0.451668,1.177001,2025084.42,624,48.3974
0.04000,0.06000,0.00900,1.255191,0.531271,-0.443943,1.196711,2019456.53,624,48.7179
0.04500,0.05000,0.00600,1.255135,0.526503,-0.433524,1.214473,1942513.65,624,48.3974
0.05000,0.10000,0.00100,1.255067,0.557628,-0.427425,1.304623,2497830.05,624,44.3910
0.02000,0.06000,0.00600,1.255053,0.495792,-0.431687,1.148499,1508030.84,624,56.8910
0.05000,0.12000,0.01900,1.254896,0.546091,-0.444596,1.228286,2276888.02,624,49.6795
0.05000,0.11500,0.01400,1.254872,0.545224,-0.470999,1.157590,2261034.10,624,47.9167
0.03500,0.08500,0.00200,1.254851,0.537679,-0.435764,1.233877,2127294.60,624,48.8782
0.03500,0.06000,0.00500,1.254756,0.527947,-0.425979,1.239373,1965517.69,624,49.8397
0.05500,0.07500,0.00700,1.254664,0.555297,-0.466692,1.189859,2451670.37,624,45.6731
0.04000,0.06000,0.01700,1.254612,0.526704,-0.432843,1.216849,1945694.92,624,51.7628
0.09500,0.07500,0.00600,1.254490,0.565874,-0.451203,1.254145,2667643.21,624,43.2692
0.06000,0.15000,0.01800,1.254465,0.560706,-0.450586,1.244393,2560029.90,624,48.0769
0.04500,0.09500,0.01000,1.254352,0.542752,-0.486311,1.116059,2216384.39,624,47.4359
0.05000,0.09000,0.00100,1.254313,0.556412,-0.427425,1.301779,2473655.98,624,44.3910
0.05000,0.06500,0.01900,1.254224,0.538337,-0.435085,1.237314,2138654.28,624,50.3205
0.06000,0.12000,0.00500,1.254195,0.566671,-0.451477,1.255150,2684619.94,624,43.7500
0.04000,0.10000,0.01800,1.254175,0.531773,-0.433964,1.225385,2027725.11,624,51.2821
0.04000,0.10500,0.01800,1.254175,0.531773,-0.433964,1.225385,2027725.11,624,51.2821
0.04000,0.11000,0.01800,1.254175,0.531773,-0.433964,1.225385,2027725.11,624,51.2821
0.04000,0.11500,0.01800,1.254175,0.531773,-0.433964,1.225385,2027725.11,624,51.2821
0.04000,0.12000,0.01800,1.254175,0.531773,-0.433964,1.225385,2027725.11,624,51.2821
0.04000,0.12500,0.01800,1.254175,0.531773,-0.433964,1.225385,2027725.11,624,51.2821
0.04000,0.13000,0.01800,1.254175,0.531773,-0.433964,1.225385,2027725.11,624,51.2821
0.04000,0.13500,0.01800,1.254175,0.531773,-0.433964,1.225385,2027725.11,624,51.2821
0.04000,0.14000,0.01800,1.254175,0.531773,-0.433964,1.225385,2027725.11,624,51.2821
0.04000,0.14500,0.01800,1.254175,0.531773,-0.433964,1.225385,2027725.11,624,51.2821
0.04000,0.15000,0.01800,1.254175,0.531773,-0.433964,1.225385,2027725.11,624,51.2821
0.05500,0.10500,0.00300,1.254162,0.563804,-0.445110,1.266663,2624051.77,624,43.9103
0.04000,0.09500,0.01800,1.254105,0.531723,-0.433964,1.225269,2026897.00,624,51.2821
0.05000,0.07500,0.01800,1.254077,0.543045,-0.442192,1.228075,2221642.62,624,49.6795
0.05500,0.07500,0.01500,1.254066,0.545217,-0.430642,1.266058,2260919.36,624,47.9167
0.04000,0.10000,0.01200,1.253982,0.531179,-0.451668,1.176040,2017946.26,624,48.3974
0.04000,0.10500,0.01200,1.253982,0.531179,-0.451668,1.176040,2017946.26,624,48.3974
0.04000,0.11000,0.01200,1.253982,0.531179,-0.451668,1.176040,2017946.26,624,48.3974
0.04000,0.11500,0.01200,1.253982,0.531179,-0.451668,1.176040,2017946.26,624,48.3974
0.04000,0.12000,0.01200,1.253982,0.531179,-0.451668,1.176040,2017946.26,624,48.3974
0.04000,0.12500,0.01200,1.253982,0.531179,-0.451668,1.176040,2017946.26,624,48.3974
0.04000,0.13000,0.01200,1.253982,0.531179,-0.451668,1.176040,2017946.26,624,48.3974
0.04000,0.13500,0.01200,1.253982,0.531179,-0.451668,1.176040,2017946.26,624,48.3974
0.04000,0.14000,0.01200,1.253982,0.531179,-0.451668,1.176040,2017946.26,624,48.3974
0.04000,0.14500,0.01200,1.253982,0.531179,-0.451668,1.176040,2017946.26,624,48.3974
0.04000,0.15000,0.01200,1.253982,0.531179,-0.451668,1.176040,2017946.26,624,48.3974
0.10000,0.07500,0.00600,1.253935,0.565558,-0.451196,1.253464,2660950.95,624,43.2692
0.04000,0.09500,0.01200,1.253923,0.531136,-0.451668,1.175944,2017237.23,624,48.3974
0.06000,0.14500,0.01800,1.253903,0.560141,-0.450586,1.243138,2548493.13,624,48.0769
0.06000,0.09500,0.01600,1.253763,0.557134,-0.431650,1.290706,2487972.87,624,47.5962
0.05000,0.06000,0.01500,1.253721,0.534372,-0.430605,1.240981,2071004.54,624,49.3590
0.08000,0.07000,0.01200,1.253686,0.552504,-0.448538,1.231788,2397381.51,624,45.5128
0.05000,0.11500,0.01900,1.253567,0.544980,-0.444596,1.225789,2256604.31,624,49.6795
0.05000,0.11000,0.01400,1.253523,0.544120,-0.470999,1.155247,2240999.91,624,47.9167
0.03500,0.08000,0.00300,1.253457,0.535476,-0.429140,1.247787,2089631.97,624,48.8782
0.06000,0.14000,0.01800,1.253372,0.559609,-0.450586,1.241958,2537699.63,624,48.0769
0.04500,0.08000,0.01000,1.253366,0.541229,-0.486311,1.112927,2189285.16,624,47.4359
0.04500,0.05500,0.00500,1.253351,0.533334,-0.424918,1.255144,2053608.26,624,47.7564
0.06000,0.08000,0.01600,1.253329,0.553597,-0.431767,1.282166,2418486.48,624,47.7564
0.06000,0.11000,0.02000,1.253299,0.561481,-0.455080,1.233805,2575895.15,624,49.1987
0.04000,0.06500,0.01800,1.253172,0.528362,-0.434045,1.217297,1972185.45,624,51.4423
0.04500,0.10500,0.01500,1.253018,0.537205,-0.430634,1.247476,2119140.76,624,49.0385
0.03500,0.05000,0.00600,1.253014,0.519676,-0.433492,1.198814,1837015.38,624,50.3205
0.02500,0.08500,0.00600,1.252974,0.513645,-0.442848,1.159868,1748228.16,624,53.2051
0.02500,0.09000,0.00600,1.252974,0.513645,-0.442848,1.159868,1748228.16,624,53.2051
0.02500,0.09500,0.00600,1.252974,0.513645,-0.442848,1.159868,1748228.16,624,53.2051
0.02500,0.10000,0.00600,1.252974,0.513645,-0.442848,1.159868,1748228.16,624,53.2051
0.02500,0.10500,0.00600,1.252974,0.513645,-0.442848,1.159868,1748228.16,624,53.2051
0.02500,0.11000,0.00600,1.252974,0.513645,-0.442848,1.159868,1748228.16,624,53.2051
0.02500,0.11500,0.00600,1.252974,0.513645,-0.442848,1.159868,1748228.16,624,53.2051
0.02500,0.12000,0.00600,1.252974,0.513645,-0.442848,1.159868,1748228.16,624,53.2051
0.02500,0.12500,0.00600,1.252974,0.513645,-0.442848,1.159868,1748228.16,624,53.2051
0.02500,0.13000,0.00600,1.252974,0.513645,-0.442848,1.159868,1748228.16,624,53.2051
0.02500,0.13500,0.00600,1.252974,0.513645,-0.442848,1.159868,1748228.16,624,53.2051
0.02500,0.14000,0.00600,1.252974,0.513645,-0.442848,1.159868,1748228.16,624,53.2051
0.02500,0.14500,0.00600,1.252974,0.513645,-0.442848,1.159868,1748228.16,624,53.2051
0.02500,0.15000,0.00600,1.252974,0.513645,-0.442848,1.159868,1748228.16,624,53.2051
0.05000,0.09500,0.00100,1.252964,0.555913,-0.427425,1.300609,2463780.17,624,44.3910
0.06000,0.11500,0.00500,1.252900,0.565551,-0.451463,1.252709,2660812.82,624,43.7500
0.05000,0.07000,0.01000,1.252853,0.547052,-0.475558,1.150338,2294591.51,624,47.1154
0.06000,0.13500,0.01800,1.252794,0.559053,-0.450586,1.240724,2526449.18,624,48.0769
0.04500,0.08500,0.01000,1.252787,0.540972,-0.486311,1.112399,2184744.18,624,47.4359
0.05000,0.15000,0.01300,1.252737,0.546893,-0.467264,1.170416,2291649.21,624,47.4359
0.04000,0.05500,0.00300,1.252557,0.535083,-0.416515,1.284667,2082986.78,624,47.9167
0.05500,0.06500,0.00400,1.252552,0.552396,-0.449964,1.227644,2395304.19,624,45.3526
0.05500,0.15000,0.00700,1.252537,0.561438,-0.466671,1.203071,2575023.79,624,45.3526
0.04500,0.07500,0.01200,1.252480,0.535392,-0.492629,1.086804,2088209.37,624,47.4359
0.04000,0.06000,0.01000,1.252463,0.529641,-0.446169,1.187086,1992837.45,624,49.0385
0.03500,0.09000,0.00300,1.252440,0.534902,-0.429134,1.246468,2079925.10,624,48.8782
0.05000,0.15000,0.01000,1.252260,0.552462,-0.475558,1.161713,2396568.24,624,46.6346
0.06500,0.06000,0.00600,1.252243,0.544216,-0.450073,1.209174,2242742.59,624,45.8333
0.05500,0.08500,0.01200,1.252234,0.547374,-0.481970,1.135700,2300545.21,624,46.1538
0.05000,0.11000,0.01900,1.252222,0.543878,-0.444596,1.223310,2236634.24,624,49.6795
0.05000,0.14500,0.01300,1.252187,0.546342,-0.467264,1.169236,2281495.08,624,47.4359
0.05500,0.10500,0.00500,1.252166,0.558504,-0.451453,1.237127,2515397.60,624,44.7115
0.04500,0.09000,0.02000,1.252161,0.539756,-0.456053,1.183540,2163370.78,624,51.2821
0.07000,0.07000,0.01200,1.252103,0.547060,-0.468523,1.167628,2294738.44,624,45.8333
0.06000,0.13000,0.01800,1.252053,0.558366,-0.450586,1.239200,2512620.96,624,48.0769
0.03500,0.09500,0.00200,1.252023,0.536065,-0.435739,1.230243,2099635.81,624,48.8782
0.03500,0.10000,0.00200,1.252023,0.536065,-0.435739,1.230243,2099635.81,624,48.8782
0.03500,0.10500,0.00200,1.252023,0.536065,-0.435739,1.230243,2099635.81,624,48.8782
0.03500,0.11000,0.00200,1.252023,0.536065,-0.435739,1.230243,2099635.81,624,48.8782
0.03500,0.11500,0.00200,1.252023,0.536065,-0.435739,1.230243,2099635.81,624,48.8782
0.03500,0.12000,0.00200,1.252023,0.536065,-0.435739,1.230243,2099635.81,624,48.8782
0.03500,0.12500,0.00200,1.252023,0.536065,-0.435739,1.230243,2099635.81,624,48.8782
0.03500,0.13000,0.00200,1.252023,0.536065,-0.435739,1.230243,2099635.81,624,48.8782
0.03500,0.13500,0.00200,1.252023,0.536065,-0.435739,1.230243,2099635.81,624,48.8782
0.03500,0.14000,0.00200,1.252023,0.536065,-0.435739,1.230243,2099635.81,624,48.8782
0.03500,0.14500,0.00200,1.252023,0.536065,-0.435739,1.230243,2099635.81,624,48.8782
0.03500,0.15000,0.00200,1.252023,0.536065,-0.435739,1.230243,2099635.81,624,48.8782
0.04500,0.15000,0.00900,1.252018,0.543266,-0.483116,1.124505,2225612.66,624,47.1154
0.05500,0.14500,0.00700,1.251986,0.560877,-0.466671,1.201869,2563522.09,624,45.3526
0.08500,0.07000,0.01200,1.251841,0.554744,-0.448538,1.236781,2440826.41,624,45.3526
0.05000,0.14500,0.01000,1.251712,0.551910,-0.475558,1.160552,2385972.77,624,46.6346
0.04500,0.10000,0.01500,1.251682,0.536093,-0.430634,1.244894,2100123.88,624,49.0385
0.05500,0.09500,0.00400,1.251664,0.560541,-0.446765,1.254666,2556644.15,624,44.3910
0.03500,0.08500,0.00300,1.251655,0.534334,-0.429152,1.245093,2070365.85,624,48.8782
0.04500,0.09500,0.02000,1.251655,0.539826,-0.456053,1.183692,2164586.94,624,51.2821
0.05000,0.14000,0.01300,1.251641,0.545807,-0.467264,1.168092,2271690.13,624,47.4359
0.05500,0.09500,0.01700,1.251563,0.548741,-0.440028,1.247058,2325981.94,624,49.0385
0.05500,0.08500,0.01600,1.251498,0.547731,-0.431652,1.268919,2307168.72,624,48.3974
0.04500,0.14500,0.00900,1.251460,0.542712,-0.483116,1.123359,2215682.97,624,47.1154
0.06000,0.10500,0.01500,1.251458,0.554993,-0.430594,1.288901,2445693.50,624,46.9551
0.03000,0.07000,0.00700,1.251442,0.523034,-0.447028,1.170025,1888227.46,624,51.6026
0.05500,0.14000,0.00700,1.251429,0.560330,-0.466671,1.200696,2552342.17,624,45.3526
0.05500,0.10000,0.01500,1.251392,0.548138,-0.430567,1.273062,2314739.17,624,47.7564
0.05500,0.11000,0.02000,1.251390,0.553158,-0.446682,1.238371,2409990.64,624,49.8397
0.04500,0.07500,0.00100,1.251389,0.547849,-0.440733,1.243041,2309353.54,624,45.5128
0.03500,0.07500,0.00100,1.251381,0.535144,-0.431227,1.240980,2084013.34,624,48.7179
0.05000,0.08500,0.00100,1.251380,0.554117,-0.427425,1.296409,2428597.46,624,44.3910
0.05000,0.14000,0.01000,1.251156,0.551365,-0.475558,1.159407,2375563.67,624,46.6346
0.05000,0.13500,0.01300,1.251057,0.545256,-0.467264,1.166913,2261630.52,624,47.4359
0.07000,0.07500,0.01200,1.251051,0.550943,-0.468444,1.176113,2367529.01,624,45.0321
0.05000,0.06500,0.00900,1.251038,0.542975,-0.433283,1.253163,2220380.21,624,47.1154
0.05500,0.07000,0.00500,1.250940,0.551088,-0.452336,1.218314,2370278.13,624,45.3526
0.06000,0.15000,0.01300,1.250916,0.557877,-0.467362,1.193673,2502805.09,624,45.9936
0.04500,0.14000,0.00900,1.250904,0.542172,-0.483116,1.122240,2206032.68,624,47.1154
0.05500,0.13500,0.00700,1.250873,0.559788,-0.466671,1.199534,2541319.65,624,45.3526
0.06000,0.12500,0.01800,1.250803,0.557265,-0.450586,1.236756,2490592.19,624,48.0769
0.05000,0.13500,0.01000,1.250602,0.550830,-0.475558,1.158281,2365368.38,624,46.6346
0.05500,0.08000,0.01700,1.250601,0.546180,-0.439965,1.241418,2278535.00,624,49.0385
0.05500,0.06500,0.01500,1.250585,0.538184,-0.430532,1.250045,2136011.37,624,48.5577
0.04000,0.06000,0.02000,1.250551,0.527561,-0.436290,1.209199,1959346.57,624,52.7244
0.06000,0.14500,0.01300,1.250352,0.557311,-0.467362,1.192462,2491507.88,624,45.9936
0.04500,0.06000,0.01200,1.250333,0.527670,-0.442336,1.192916,1961089.46,624,48.2372
0.04500,0.13500,0.00900,1.250326,0.541628,-0.483116,1.121114,2196359.65,624,47.1154
0.05000,0.13000,0.01300,1.250321,0.544582,-0.467264,1.165469,2249357.98,624,47.4359
0.03500,0.07000,0.00800,1.250319,0.525161,-0.443652,1.183722,1921338.90,624,50.1603
0.03500,0.06500,0.00100,1.250266,0.533306,-0.431214,1.236754,2053138.55,624,48.8782
0.05500,0.07500,0.01300,1.250191,0.543163,-0.467237,1.162499,2223751.37,624,47.1154
0.05500,0.13000,0.00700,1.250133,0.559099,-0.466671,1.198059,2527382.48,624,45.3526
0.05000,0.10500,0.01400,1.250102,0.541751,-0.470999,1.150217,2198543.68,624,47.9167
0.05500,0.06500,0.00300,1.250062,0.551829,-0.445098,1.239793,2384437.24,624,44.8718
0.03500,0.06000,0.00100,1.250053,0.531612,-0.418798,1.269377,2025070.69,624,49.0385
0.06000,0.11000,0.00300,1.249946,0.566886,-0.445096,1.273624,2689195.68,624,42.9487
0.03000,0.07000,0.00300,1.249937,0.528432,-0.430630,1.227113,1973309.99,624,50.3205
0.05000,0.13000,0.01000,1.249844,0.550138,-0.475558,1.156827,2352262.33,624,46.6346
0.04000,0.06500,0.01400,1.249830,0.524862,-0.429416,1.222269,1916655.21,624,49.8397
0.06000,0.14000,0.01300,1.249814,0.556776,-0.467362,1.191317,2480861.08,624,45.9936
0.04500,0.13000,0.00900,1.249752,0.541092,-0.483116,1.120004,2186858.16,624,47.1154
0.05500,0.06000,0.01700,1.249613,0.534232,-0.432790,1.234390,2068646.79,624,50.3205
0.06000,0.12000,0.01800,1.249510,0.556145,-0.450586,1.234271,2468373.90,624,48.0769
0.04500,0.07000,0.01100,1.249492,0.536773,-0.489935,1.095602,2111739.27,624,48.2372
0.03500,0.07000,0.01000,1.249456,0.523075,-0.444941,1.175605,1888864.33,624,50.4808
0.05500,0.15000,0.01800,1.249270,0.550368,-0.442169,1.244700,2356605.29,624,48.7179
0.06000,0.13500,0.01300,1.249242,0.556226,-0.467362,1.190141,2469969.99,624,45.9936
0.03000,0.06000,0.00200,1.249197,0.527244,-0.426685,1.235676,1954292.44,624,50.4808
0.04500,0.12500,0.00900,1.249155,0.540547,-0.483116,1.118875,2177241.91,624,47.1154
0.05500,0.15000,0.00200,1.249075,0.563328,-0.447385,1.259157,2614124.26,624,43.5897
0.05000,0.12500,0.01300,1.249038,0.543479,-0.467264,1.163109,2229434.81,624,47.4359
0.05000,0.08000,0.00100,1.249005,0.552233,-0.427425,1.292000,2392163.89,624,44.3910
0.05500,0.10000,0.00300,1.248898,0.559826,-0.445087,1.257790,2542088.74,624,43.9103
0.05500,0.12500,0.00700,1.248887,0.557999,-0.466671,1.195702,2505258.85,624,45.3526
0.03500,0.09500,0.00300,1.248798,0.532711,-0.429139,1.241348,2043237.29,624,48.8782
0.03500,0.10000,0.00300,1.248798,0.532711,-0.429139,1.241348,2043237.29,624,48.8782
0.03500,0.10500,0.00300,1.248798,0.532711,-0.429139,1.241348,2043237.29,624,48.8782
0.03500,0.11000,0.00300,1.248798,0.532711,-0.429139,1.241348,2043237.29,624,48.8782
0.03500,0.11500,0.00300,1.248798,0.532711,-0.429139,1.241348,2043237.29,624,48.8782
0.03500,0.12000,0.00300,1.248798,0.532711,-0.429139,1.241348,2043237.29,624,48.8782
0.03500,0.12500,0.00300,1.248798,0.532711,-0.429139,1.241348,2043237.29,624,48.8782
0.03500,0.13000,0.00300,1.248798,0.532711,-0.429139,1.241348,2043237.29,624,48.8782
0.03500,0.13500,0.00300,1.248798,0.532711,-0.429139,1.241348,2043237.29,624,48.8782
0.03500,0.14000,0.00300,1.248798,0.532711,-0.429139,1.241348,2043237.29,624,48.8782
0.03500,0.14500,0.00300,1.248798,0.532711,-0.429139,1.241348,2043237.29,624,48.8782
0.03500,0.15000,0.00300,1.248798,0.532711,-0.429139,1.241348,2043237.29,624,48.8782
0.05000,0.10500,0.01900,1.248779,0.541497,-0.444596,1.217954,2194035.87,624,49.6795
0.05500,0.07000,0.01500,1.248771,0.540353,-0.430584,1.254931,2173837.09,624,48.2372
0.04500,0.05500,0.00700,1.248712,0.530375,-0.442118,1.199623,2004781.11,624,48.3974
0.04000,0.05500,0.00400,1.248706,0.531193,-0.420939,1.261924,2018178.76,624,48.2372
0.05500,0.14500,0.01800,1.248704,0.549804,-0.442169,1.243426,2345960.44,624,48.7179
0.05000,0.12500,0.01000,1.248595,0.549049,-0.475558,1.154537,2331758.38,624,46.6346
0.04500,0.12000,0.00900,1.248527,0.539987,-0.483116,1.117717,2167408.02,624,47.1154
0.05500,0.14500,0.00200,1.248522,0.562766,-0.447377,1.257925,2602444.82,624,43.5897
0.06000,0.13000,0.01300,1.248510,0.555547,-0.467362,1.188687,2456573.83,624,45.9936
0.05000,0.05500,0.01700,1.248498,0.524716,-0.432788,1.212409,1914365.16,624,50.9615
0.09000,0.06500,0.00600,1.248435,0.557115,-0.451207,1.234722,2487606.26,624,44.2308
0.03500,0.09000,0.00400,1.248429,0.531313,-0.433712,1.225035,2020138.16,624,49.0385
0.04500,0.07500,0.02000,1.248348,0.536839,-0.456053,1.177143,2112860.40,624,51.2821
0.04500,0.08500,0.02000,1.248324,0.536929,-0.456053,1.177340,2114398.65,624,51.2821
0.06000,0.11500,0.01800,1.248182,0.555020,-0.450586,1.231773,2446224.63,624,48.0769
0.05500,0.14000,0.01800,1.248150,0.549266,-0.442169,1.242208,2335822.76,624,48.7179
0.03000,0.07500,0.00700,1.248061,0.520683,-0.447028,1.164767,1852242.19,624,51.6026
0.05000,0.10000,0.01400,1.248017,0.540066,-0.470999,1.146639,2168789.16,624,47.9167
0.04500,0.06500,0.01300,1.247981,0.529447,-0.428362,1.235980,1989689.45,624,48.7179
0.05500,0.14000,0.00200,1.247970,0.562220,-0.447375,1.256710,2591134.65,624,43.5897
0.04500,0.08000,0.02000,1.247946,0.536571,-0.456053,1.176556,2108281.80,624,51.2821
0.03000,0.06500,0.00200,1.247936,0.527885,-0.426685,1.237179,1964534.82,624,50.3205
0.03500,0.08000,0.00400,1.247924,0.530788,-0.433672,1.223938,2011535.48,624,49.0385
0.04500,0.11500,0.00900,1.247879,0.539425,-0.483116,1.116554,2157579.85,624,47.1154
0.05500,0.06000,0.00400,1.247827,0.544927,-0.460791,1.182590,2255640.76,624,45.8333
0.06500,0.07500,0.01700,1.247750,0.549149,-0.434947,1.262566,2333641.19,624,48.2372
0.05000,0.12000,0.01300,1.247725,0.542369,-0.467264,1.160734,2209542.72,624,47.4359
0.05500,0.12000,0.00700,1.247583,0.556870,-0.466671,1.193281,2482724.34,624,45.3526
0.05500,0.13500,0.01800,1.247580,0.548719,-0.442169,1.240971,2325576.25,624,48.7179
0.04000,0.05500,0.00100,1.247443,0.532946,-0.414250,1.286530,2047139.53,624,47.7564
0.05500,0.13500,0.00200,1.247408,0.561674,-0.447384,1.255462,2579869.56,624,43.5897
0.05500,0.10500,0.02000,1.247295,0.550196,-0.446682,1.231740,2353356.31,624,49.8397
0.05000,0.12000,0.01000,1.247279,0.547926,-0.475558,1.152175,2310782.61,624,46.6346
0.05000,0.07500,0.01300,1.247271,0.538474,-0.467264,1.152398,2141033.40,624,47.5962
0.06000,0.12500,0.01300,1.247243,0.554438,-0.467362,1.186315,2434846.00,624,45.9936
0.04500,0.11000,0.00900,1.247234,0.538874,-0.483116,1.115413,2147977.30,624,47.1154
0.03500,0.09000,0.00500,1.247073,0.526786,-0.438233,1.202067,1946996.05,624,49.3590
0.04500,0.09000,0.01500,1.247013,0.532395,-0.430634,1.236307,2038004.09,624,49.0385
0.03500,0.08500,0.00400,1.246874,0.530193,-0.433693,1.222509,2001823.05,624,49.0385
0.05500,0.13000,0.01800,1.246839,0.548041,-0.442169,1.239439,2312936.71,624,48.7179
0.05500,0.10000,0.00500,1.246836,0.554517,-0.451476,1.228233,2436397.37,624,44.7115
0.05000,0.10000,0.01900,1.246709,0.539824,-0.444596,1.214190,2164550.96,624,49.6795
0.04000,0.06500,0.01100,1.246700,0.527944,-0.445791,1.184286,1965465.47,624,49.1987
0.05500,0.13000,0.00200,1.246676,0.560990,-0.447368,1.253979,2565820.92,624,43.5897
0.03500,0.08000,0.00500,1.246521,0.526242,-0.438226,1.200847,1938371.48,624,49.3590
0.04500,0.09500,0.01500,1.246506,0.532472,-0.430634,1.236485,2039275.17,624,49.0385
0.03000,0.07500,0.00300,1.246463,0.526012,-0.430630,1.221493,1934735.83,624,50.3205
0.05000,0.09000,0.01400,1.246455,0.538258,-0.470999,1.142801,2137292.40,624,47.9167
0.05000,0.11500,0.01300,1.246384,0.541256,-0.467264,1.158353,2189773.30,624,47.4359
0.06000,0.10500,0.00400,1.246338,0.563451,-0.446770,1.261166,2616684.12,624,43.4295
0.05500,0.11500,0.00700,1.246264,0.555748,-0.466671,1.190879,2460544.42,624,45.3526
0.05500,0.09000,0.01600,1.246216,0.544998,-0.431644,1.262610,2256920.64,624,48.3974
0.05500,0.09000,0.01200,1.246169,0.544106,-0.481888,1.129113,2240741.09,624,46.1538
0.05000,0.07500,0.01000,1.246116,0.543699,-0.475558,1.143286,2233391.24,624,46.7949
0.05500,0.15000,0.01300,1.246113,0.548358,-0.467244,1.173602,2318841.04,624,46.7949
0.07500,0.07000,0.01200,1.246098,0.547127,-0.448538,1.219801,2295982.18,624,45.5128
0.05500,0.06000,0.00300,1.245959,0.544866,-0.455899,1.195146,2254525.35,624,45.3526
0.05000,0.11500,0.01000,1.245953,0.546815,-0.475558,1.149840,2290216.17,624,46.6346
0.06000,0.12000,0.01300,1.245945,0.553320,-0.467362,1.183922,2413118.24,624,45.9936
0.05000,0.09500,0.01400,1.245807,0.538321,-0.470999,1.142935,2138388.75,624,47.9167
0.06000,0.11000,0.00500,1.245740,0.560370,-0.451473,1.241204,2553174.53,624,43.7500
0.03500,0.07000,0.01600,1.245713,0.516685,-0.408048,1.266236,1792480.42,624,52.2436
0.06000,0.06500,0.01700,1.245655,0.538927,-0.432922,1.244857,2148892.23,624,49.5192
0.03500,0.10000,0.00400,1.245650,0.529752,-0.433696,1.221484,1994646.46,624,49.0385
0.03500,0.10500,0.00400,1.245650,0.529752,-0.433696,1.221484,1994646.46,624,49.0385
0.03500,0.11000,0.00400,1.245650,0.529752,-0.433696,1.221484,1994646.46,624,49.0385
0.03500,0.11500,0.00400,1.245650,0.529752,-0.433696,1.221484,1994646.46,624,49.0385
0.03500,0.12000,0.00400,1.245650,0.529752,-0.433696,1.221484,1994646.46,624,49.0385
0.03500,0.12500,0.00400,1.245650,0.529752,-0.433696,1.221484,1994646.46,624,49.0385
0.03500,0.13000,0.00400,1.245650,0.529752,-0.433696,1.221484,1994646.46,624,49.0385
0.03500,0.13500,0.00400,1.245650,0.529752,-0.433696,1.221484,1994646.46,624,49.0385
0.03500,0.14000,0.00400,1.245650,0.529752,-0.433696,1.221484,1994646.46,624,49.0385
0.03500,0.14500,0.00400,1.245650,0.529752,-0.433696,1.221484,1994646.46,624,49.0385
0.03500,0.15000,0.00400,1.245650,0.529752,-0.433696,1.221484,1994646.46,624,49.0385
0.03500,0.09500,0.00400,1.245601,0.529713,-0.433685,1.221424,1994013.33,624,49.0385
0.05500,0.12500,0.01800,1.245567,0.546941,-0.442169,1.236951,2292543.49,624,48.7179
0.05500,0.14500,0.01300,1.245551,0.547801,-0.467244,1.172409,2308458.71,624,46.7949
0.03500,0.08500,0.00500,1.245484,0.525658,-0.438230,1.199501,1929146.63,624,49.3590
0.05500,0.06500,0.01300,1.245456,0.535445,-0.428356,1.250000,2089111.23,624,47.7564
0.05500,0.12500,0.00200,1.245428,0.559885,-0.447388,1.251454,2543294.60,624,43.5897
0.05500,0.09500,0.00300,1.245354,0.556963,-0.445097,1.251330,2484577.45,624,43.9103
0.05500,0.07000,0.00700,1.245350,0.547906,-0.466665,1.174089,2310407.83,624,45.9936
0.05500,0.08500,0.01700,1.245284,0.543248,-0.439977,1.234718,2225284.93,624,49.0385
0.04500,0.06000,0.01500,1.245171,0.524044,-0.430487,1.217328,1903890.83,624,49.8397
0.05000,0.11000,0.01300,1.245036,0.540157,-0.467264,1.156000,2170394.78,624,47.4359
0.05500,0.14000,0.01300,1.244998,0.547259,-0.467244,1.171250,2298422.11,624,46.7949
0.05500,0.06500,0.00500,1.244908,0.544009,-0.454881,1.195937,2239001.02,624,45.6731
0.04500,0.15000,0.01200,1.244832,0.534174,-0.492629,1.084333,2067676.89,624,47.2756
0.04500,0.15000,0.00100,1.244790,0.546677,-0.440733,1.240383,2287671.87,624,45.3526
0.04000,0.05500,0.00700,1.244741,0.524802,-0.442131,1.186983,1915718.99,624,49.0385
0.05500,0.06500,0.02000,1.244673,0.538656,-0.436341,1.234485,2144195.39,624,50.6410
0.05500,0.06500,0.00700,1.244656,0.544184,-0.451742,1.204635,2242159.58,624,46.3141
0.06000,0.11500,0.01300,1.244620,0.552200,-0.467362,1.181526,2391535.21,624,45.9936
0.05000,0.11000,0.01000,1.244599,0.545701,-0.475558,1.147498,2269757.83,624,46.6346
0.05500,0.07500,0.02000,1.244548,0.543410,-0.446802,1.216221,2228198.85,624,50.0000
0.04500,0.10500,0.00900,1.244536,0.537069,-0.483116,1.111677,2116796.73,624,47.1154
0.06500,0.07500,0.01600,1.244478,0.547120,-0.431635,1.267554,2295845.61,624,47.4359
0.06500,0.06500,0.01700,1.244440,0.538382,-0.432866,1.243762,2139432.78,624,49.5192
0.04000,0.08000,0.01400,1.244433,0.524597,-0.437858,1.198098,1912514.82,624,49.5192
0.05500,0.13500,0.01300,1.244426,0.546714,-0.467244,1.170084,2288358.82,624,46.7949
0.05500,0.06000,0.00200,1.244382,0.544838,-0.461633,1.180241,2254014.46,624,45.1923
0.03000,0.07000,0.00500,1.244336,0.519576,-0.438839,1.183979,1835506.70,624,50.9615
0.04500,0.14500,0.01200,1.244284,0.533632,-0.492629,1.083232,2058590.40,624,47.2756
0.03500,0.10000,0.00500,1.244280,0.525238,-0.438245,1.198505,1922551.27,624,49.3590
0.03500,0.10500,0.00500,1.244280,0.525238,-0.438245,1.198505,1922551.27,624,49.3590
0.03500,0.11000,0.00500,1.244280,0.525238,-0.438245,1.198505,1922551.27,624,49.3590
0.03500,0.11500,0.00500,1.244280,0.525238,-0.438245,1.198505,1922551.27,624,49.3590
0.03500,0.12000,0.00500,1.244280,0.525238,-0.438245,1.198505,1922551.27,624,49.3590
0.03500,0.12500,0.00500,1.244280,0.525238,-0.438245,1.198505,1922551.27,624,49.3590
0.03500,0.13000,0.00500,1.244280,0.525238,-0.438245,1.198505,1922551.27,624,49.3590
0.03500,0.13500,0.00500,1.244280,0.525238,-0.438245,1.198505,1922551.27,624,49.3590
0.03500,0.14000,0.00500,1.244280,0.525238,-0.438245,1.198505,1922551.27,624,49.3590
0.03500,0.14500,0.00500,1.244280,0.525238,-0.438245,1.198505,1922551.27,624,49.3590
0.03500,0.15000,0.00500,1.244280,0.525238,-0.438245,1.198505,1922551.27,624,49.3590
0.06000,0.10500,0.02000,1.244267,0.555057,-0.455080,1.219691,2446965.94,624,49.1987
0.05500,0.12000,0.01800,1.244251,0.545821,-0.442169,1.234417,2271943.03,624,48.7179
0.04500,0.14500,0.00100,1.244233,0.546123,-0.440733,1.239124,2277472.65,624,45.3526
0.03500,0.09500,0.00500,1.244187,0.525174,-0.438243,1.198362,1921545.25,624,49.3590
0.04000,0.09000,0.01900,1.244167,0.524758,-0.435101,1.206062,1915031.49,624,51.2821
0.05000,0.05000,0.00600,1.244152,0.521012,-0.424001,1.228800,1857235.74,624,47.9167
0.05500,0.12000,0.00200,1.244130,0.558755,-0.447369,1.248980,2520443.58,624,43.5897
0.05500,0.09500,0.01500,1.244104,0.542812,-0.430567,1.260692,2217468.76,624,47.7564
0.06000,0.15000,0.00800,1.244071,0.559475,-0.469144,1.192544,2534978.86,624,44.7115
0.04000,0.09000,0.01400,1.243970,0.524354,-0.437858,1.197542,1908708.46,624,49.5192
0.05500,0.07500,0.00800,1.243743,0.545985,-0.469035,1.164062,2274952.73,624,45.8333
0.04500,0.14000,0.01200,1.243722,0.533095,-0.492629,1.082143,2049633.10,624,47.2756
0.04500,0.14000,0.00100,1.243684,0.545586,-0.440733,1.237907,2267651.07,624,45.3526
0.05500,0.13000,0.01300,1.243680,0.546036,-0.467244,1.168631,2275878.37,624,46.7949
0.07500,0.06500,0.00600,1.243660,0.549654,-0.450085,1.221222,2343130.33,624,44.5513
0.06000,0.14500,0.00800,1.243521,0.558918,-0.469144,1.191357,2523720.59,624,44.7115
0.08000,0.07000,0.01700,1.243353,0.547659,-0.436564,1.254478,2305831.59,624,48.5577
0.05500,0.07000,0.01300,1.243240,0.537294,-0.467349,1.149663,2120663.16,624,47.4359
0.05500,0.09500,0.00500,1.243235,0.551636,-0.451462,1.221887,2380735.85,624,44.7115
0.04500,0.07500,0.01500,1.243212,0.529500,-0.430592,1.229703,1990556.70,624,49.0385
0.04500,0.10000,0.00900,1.243197,0.535951,-0.483116,1.109364,2097709.56,624,47.1154
0.03500,0.07000,0.01700,1.243182,0.514546,-0.409248,1.257297,1761244.88,624,52.8846
0.04500,0.08500,0.01500,1.243171,0.529599,-0.430634,1.229813,1992154.14,624,49.0385
0.04500,0.13500,0.01200,1.243145,0.532556,-0.492629,1.081048,2040666.13,624,47.2756
0.04500,0.09000,0.00900,1.243139,0.535258,-0.483116,1.107930,2085951.04,624,47.1154
0.03500,0.07000,0.00900,1.243139,0.519152,-0.441491,1.175908,1829140.17,624,50.1603
0.04500,0.13500,0.00100,1.243104,0.545039,-0.440733,1.236665,2257665.85,624,45.3526
0.05500,0.08000,0.01500,1.243013,0.540210,-0.430607,1.254531,2171327.43,624,47.7564
0.06000,0.14000,0.00800,1.242968,0.558373,-0.469144,1.190195,2512749.19,624,44.7115
0.05000,0.07000,0.01900,1.242943,0.534219,-0.444596,1.201585,2068432.25,624,50.0000
0.04500,0.08000,0.01500,1.242942,0.529327,-0.430527,1.229488,1987756.32,624,49.0385
0.04000,0.08000,0.01900,1.242938,0.523912,-0.435061,1.204227,1901831.69,624,51.2821
0.05500,0.11500,0.01800,1.242923,0.544710,-0.442169,1.231905,2251691.36,624,48.7179
0.05000,0.06000,0.01800,1.242851,0.528445,-0.434074,1.217408,1973522.61,624,50.4808
0.05500,0.11500,0.00200,1.242820,0.557635,-0.447359,1.246504,2497966.78,624,43.5897
0.04000,0.08000,0.01100,1.242790,0.528374,-0.485351,1.088643,1972372.31,624,48.8782
0.06000,0.07500,0.01300,1.242658,0.542477,-0.467273,1.160944,2211480.91,624,46.4744
0.05000,0.08500,0.01400,1.242655,0.535409,-0.470999,1.136751,2088494.10,624,47.9167
0.04500,0.13000,0.01200,1.242558,0.532017,-0.492629,1.079953,2031741.46,624,47.2756
0.04500,0.13000,0.00100,1.242517,0.544494,-0.440733,1.235428,2247762.92,624,45.3526
0.04500,0.15000,0.01800,1.242509,0.532899,-0.451400,1.180546,2046365.25,624,50.1603
0.05000,0.08000,0.01400,1.242495,0.535135,-0.470999,1.136170,2083861.54,624,47.9167
0.05500,0.07000,0.02000,1.242476,0.540419,-0.446755,1.209653,2174995.63,624,50.3205
0.06000,0.10000,0.01500,1.242461,0.548641,-0.430648,1.273990,2324123.53,624,46.9551
0.06500,0.07000,0.01700,1.242444,0.541924,-0.434954,1.245934,2201625.46,624,48.8782
0.05500,0.12500,0.01300,1.242428,0.544950,-0.467244,1.166308,2256048.64,624,46.7949
0.06000,0.13500,0.00800,1.242398,0.557823,-0.469144,1.189023,2501734.98,624,44.7115
0.04000,0.08500,0.01400,1.242381,0.523227,-0.437858,1.194969,1891212.85,624,49.5192
0.04000,0.09000,0.01100,1.242285,0.528111,-0.485312,1.088189,1968158.47,624,48.8782
0.06000,0.09000,0.01500,1.242086,0.546679,-0.430602,1.269570,2287710.87,624,47.1154
0.04500,0.12500,0.01200,1.241952,0.531474,-0.492629,1.078851,2022788.03,624,47.2756
0.05500,0.10000,0.02000,1.241945,0.546247,-0.446682,1.222900,2279765.47,624,49.8397
0.04500,0.14500,0.01800,1.241943,0.532347,-0.451400,1.179324,2037207.57,624,50.1603
0.05000,0.05500,0.00800,1.241929,0.525994,-0.441665,1.190933,1934446.93,624,47.7564
0.04500,0.12500,0.00100,1.241918,0.543945,-0.440733,1.234184,2237844.08,624,45.3526
0.06000,0.07500,0.01500,1.241760,0.541530,-0.430516,1.257863,2194622.19,624,47.2756
0.04500,0.07000,0.01400,1.241757,0.526672,-0.479877,1.097515,1945193.96,624,48.8782
0.04500,0.09500,0.00900,1.241748,0.534772,-0.483116,1.106923,2077735.41,624,47.1154
0.04000,0.08500,0.01900,1.241707,0.523072,-0.435101,1.202187,1888818.76,624,51.2821
0.05500,0.07500,0.00200,1.241670,0.551319,-0.447373,1.232347,2374677.50,624,43.9103
0.06000,0.13000,0.00800,1.241669,0.557145,-0.469144,1.187577,2488198.10,624,44.7115
0.05500,0.15000,0.00800,1.241638,0.552067,-0.469025,1.177053,2388984.45,624,45.5128
0.05000,0.10500,0.01300,1.241599,0.537784,-0.467264,1.150921,2129094.56,624,47.4359
0.06000,0.06500,0.01600,1.241539,0.536394,-0.431743,1.242392,2105253.80,624,48.7179
0.03000,0.08000,0.00200,1.241413,0.524307,-0.426685,1.228793,1907983.66,624,50.1603
0.04500,0.14000,0.01800,1.241391,0.531817,-0.451400,1.178149,2028440.21,624,50.1603
0.04500,0.12000,0.01200,1.241314,0.530912,-0.492629,1.077711,2013570.65,624,47.2756
0.05500,0.09000,0.00400,1.241295,0.552882,-0.446766,1.237521,2404660.15,624,44.3910
0.04500,0.12000,0.00100,1.241276,0.543373,-0.440733,1.232886,2227536.34,624,45.3526
0.05000,0.10500,0.01000,1.241228,0.543332,-0.475558,1.142516,2226795.43,624,46.6346
0.04000,0.10000,0.01400,1.241179,0.522807,-0.437858,1.194010,1884729.44,624,49.5192
0.04000,0.10500,0.01400,1.241179,0.522807,-0.437858,1.194010,1884729.44,624,49.5192
0.04000,0.11000,0.01400,1.241179,0.522807,-0.437858,1.194010,1884729.44,624,49.5192
0.04000,0.11500,0.01400,1.241179,0.522807,-0.437858,1.194010,1884729.44,624,49.5192
0.04000,0.12000,0.01400,1.241179,0.522807,-0.437858,1.194010,1884729.44,624,49.5192
0.04000,0.12500,0.01400,1.241179,0.522807,-0.437858,1.194010,1884729.44,624,49.5192
0.04000,0.13000,0.01400,1.241179,0.522807,-0.437858,1.194010,1884729.44,624,49.5192
0.04000,0.13500,0.01400,1.241179,0.522807,-0.437858,1.194010,1884729.44,624,49.5192
0.04000,0.14000,0.01400,1.241179,0.522807,-0.437858,1.194010,1884729.44,624,49.5192
0.04000,0.14500,0.01400,1.241179,0.522807,-0.437858,1.194010,1884729.44,624,49.5192
0.04000,0.15000,0.01400,1.241179,0.522807,-0.437858,1.194010,1884729.44,624,49.5192
0.05500,0.12000,0.01300,1.241109,0.543832,-0.467244,1.163914,2235790.88,624,46.7949
0.04000,0.09500,0.01400,1.241092,0.522748,-0.437858,1.193874,1883809.34,624,49.5192
0.06000,0.08500,0.01500,1.241090,0.545108,-0.430582,1.265979,2258924.48,624,47.1154
0.05500,0.14500,0.00800,1.241071,0.551503,-0.469025,1.175850,2378189.49,624,45.5128
0.06000,0.10500,0.00300,1.241014,0.560440,-0.445096,1.259145,2554597.45,624,42.9487
0.06000,0.11000,0.01800,1.240943,0.549879,-0.450586,1.220365,2347377.56,624,48.0769
0.04500,0.05500,0.00100,1.240930,0.531883,-0.414218,1.284066,2029532.09,624,46.9551
0.03000,0.07500,0.00500,1.240915,0.517217,-0.438839,1.178604,1800328.41,624,50.9615
0.04500,0.13500,0.01800,1.240817,0.531281,-0.451400,1.176961,2019615.65,624,50.1603
0.05000,0.09500,0.01900,1.240803,0.535617,-0.444596,1.204729,2092033.57,624,49.6795
0.04000,0.08500,0.01100,1.240712,0.526985,-0.485312,1.085868,1950161.24,624,48.8782
0.04500,0.11500,0.01200,1.240671,0.530359,-0.492629,1.076589,2004530.33,624,47.2756
0.04500,0.11500,0.00100,1.240659,0.542828,-0.440733,1.231649,2217750.24,624,45.3526
0.04000,0.07000,0.01900,1.240620,0.521475,-0.435108,1.198496,1864285.67,624,51.4423
0.05000,0.07000,0.00900,1.240586,0.539331,-0.472235,1.142082,2155937.76,624,46.7949
0.03500,0.07500,0.00800,1.240581,0.519548,-0.443652,1.171070,1835082.35,624,50.0000
0.05500,0.06000,0.00500,1.240578,0.536828,-0.465619,1.152933,2112667.24,624,46.1538
0.05000,0.15000,0.00900,1.240557,0.544827,-0.472235,1.153719,2253808.47,624,46.3141
0.05000,0.09000,0.01900,1.240540,0.534998,-0.444596,1.203335,2081543.41,624,49.6795
0.06000,0.07000,0.01500,1.240525,0.538123,-0.430616,1.249657,2134949.66,624,47.7564
0.05500,0.14000,0.00800,1.240516,0.550961,-0.469025,1.174695,2367866.86,624,45.5128
0.04500,0.07000,0.01800,1.240449,0.527320,-0.451400,1.168188,1955503.79,624,50.4808
0.06000,0.12500,0.00800,1.240420,0.556043,-0.469144,1.185228,2466348.42,624,44.7115
0.06500,0.06500,0.01600,1.240365,0.535885,-0.431673,1.241414,2096572.76,624,48.7179
0.04500,0.13000,0.01800,1.240220,0.530736,-0.451400,1.175755,2010686.86,624,50.1603
0.04500,0.08500,0.00900,1.240167,0.533004,-0.483116,1.103264,2048119.74,624,47.1154
0.03500,0.07500,0.01000,1.240131,0.517822,-0.444941,1.163797,1809283.75,624,50.3205
0.06000,0.15000,0.00200,1.240106,0.562844,-0.447367,1.258127,2604061.24,624,42.6282
0.04500,0.11000,0.00100,1.240031,0.542283,-0.440733,1.230412,2208013.12,624,45.3526
0.04500,0.11000,0.01200,1.240024,0.529811,-0.492629,1.075475,1995596.27,624,47.2756
0.05000,0.14500,0.00900,1.239996,0.544271,-0.472235,1.152543,2243735.30,624,46.3141
0.05500,0.13500,0.00800,1.239958,0.550424,-0.469025,1.173550,2357673.47,624,45.5128
0.05500,0.09000,0.01700,1.239953,0.540468,-0.440006,1.228321,2175864.02,624,49.0385
0.05500,0.05500,0.00300,1.239861,0.533779,-0.461032,1.157790,2061042.27,624,46.3141
0.05500,0.11500,0.01300,1.239780,0.542722,-0.467244,1.161540,2215858.50,624,46.7949
0.05500,0.08000,0.00400,1.239776,0.550770,-0.446773,1.232774,2364233.31,624,44.3910
0.06000,0.07500,0.00500,1.239649,0.548796,-0.451484,1.215538,2327027.74,624,44.2308
0.04500,0.12500,0.01800,1.239637,0.530207,-0.451400,1.174583,2002048.43,624,50.1603
0.06000,0.14500,0.00200,1.239549,0.562283,-0.447382,1.256830,2592435.75,624,42.6282
0.05000,0.10000,0.01300,1.239521,0.536108,-0.467264,1.147336,2100383.85,624,47.4359
0.04000,0.10000,0.01100,1.239513,0.526557,-0.485312,1.084985,1943356.36,624,48.8782
0.04000,0.10500,0.01100,1.239513,0.526557,-0.485312,1.084985,1943356.36,624,48.8782
0.04000,0.11000,0.01100,1.239513,0.526557,-0.485312,1.084985,1943356.36,624,48.8782
0.04000,0.11500,0.01100,1.239513,0.526557,-0.485312,1.084985,1943356.36,624,48.8782
0.04000,0.12000,0.01100,1.239513,0.526557,-0.485312,1.084985,1943356.36,624,48.8782
0.04000,0.12500,0.01100,1.239513,0.526557,-0.485312,1.084985,1943356.36,624,48.8782
0.04000,0.13000,0.01100,1.239513,0.526557,-0.485312,1.084985,1943356.36,624,48.8782
0.04000,0.13500,0.01100,1.239513,0.526557,-0.485312,1.084985,1943356.36,624,48.8782
0.04000,0.14000,0.01100,1.239513,0.526557,-0.485312,1.084985,1943356.36,624,48.8782
0.04000,0.14500,0.01100,1.239513,0.526557,-0.485312,1.084985,1943356.36,624,48.8782
0.04000,0.15000,0.01100,1.239513,0.526557,-0.485312,1.084985,1943356.36,624,48.8782
0.08000,0.07000,0.01600,1.239435,0.545226,-0.435359,1.252360,2261085.02,624,47.7564
0.04000,0.09500,0.01100,1.239426,0.526496,-0.485312,1.084861,1942400.47,624,48.8782
0.05000,0.14000,0.00900,1.239424,0.543723,-0.472235,1.151382,2233827.72,624,46.3141
0.04500,0.08000,0.00900,1.239373,0.532406,-0.483116,1.102026,2038188.22,624,47.1154
0.03500,0.06500,0.00800,1.239345,0.517456,-0.431681,1.198699,1803855.83,624,50.1603
0.06000,0.07000,0.01300,1.239315,0.537775,-0.467387,1.150599,2128955.58,624,46.9551
0.05500,0.13000,0.00800,1.239204,0.549734,-0.469025,1.172078,2344628.93,624,45.5128
0.03500,0.05500,0.00200,1.239149,0.523987,-0.426160,1.229553,1902996.08,624,49.3590
0.05000,0.10000,0.01000,1.239144,0.541643,-0.475558,1.138964,2196626.85,624,46.6346
0.06000,0.12000,0.00800,1.239134,0.554927,-0.469144,1.182851,2444415.24,624,44.7115
0.05500,0.11000,0.00700,1.239058,0.550611,-0.466671,1.179870,2361221.05,624,45.3526
0.06000,0.14000,0.00200,1.238999,0.561737,-0.447371,1.255639,2581164.95,624,42.6282
0.04500,0.12000,0.01800,1.238980,0.529635,-0.451400,1.173315,1992744.03,624,50.1603
0.05000,0.13500,0.00900,1.238868,0.543190,-0.472235,1.150253,2224240.79,624,46.3141
0.03000,0.08500,0.00200,1.238865,0.522657,-0.426685,1.224925,1882412.10,624,50.1603
0.03000,0.09000,0.00200,1.238865,0.522657,-0.426685,1.224925,1882412.10,624,50.1603
0.03000,0.09500,0.00200,1.238865,0.522657,-0.426685,1.224925,1882412.10,624,50.1603
0.03000,0.10000,0.00200,1.238865,0.522657,-0.426685,1.224925,1882412.10,624,50.1603
0.03000,0.10500,0.00200,1.238865,0.522657,-0.426685,1.224925,1882412.10,624,50.1603
0.03000,0.11000,0.00200,1.238865,0.522657,-0.426685,1.224925,1882412.10,624,50.1603
0.03000,0.11500,0.00200,1.238865,0.522657,-0.426685,1.224925,1882412.10,624,50.1603
0.03000,0.12000,0.00200,1.238865,0.522657,-0.426685,1.224925,1882412.10,624,50.1603
0.03000,0.12500,0.00200,1.238865,0.522657,-0.426685,1.224925,1882412.10,624,50.1603
0.03000,0.13000,0.00200,1.238865,0.522657,-0.426685,1.224925,1882412.10,624,50.1603
0.03000,0.13500,0.00200,1.238865,0.522657,-0.426685,1.224925,1882412.10,624,50.1603
0.03000,0.14000,0.00200,1.238865,0.522657,-0.426685,1.224925,1882412.10,624,50.1603
0.03000,0.14500,0.00200,1.238865,0.522657,-0.426685,1.224925,1882412.10,624,50.1603
0.03000,0.15000,0.00200,1.238865,0.522657,-0.426685,1.224925,1882412.10,624,50.1603
0.04500,0.07500,0.01100,1.238824,0.531120,-0.489935,1.084062,2016969.58,624,47.9167
0.05500,0.05500,0.00200,1.238693,0.534095,-0.466728,1.144339,2066339.23,624,46.1538
0.08500,0.07500,0.01200,1.238520,0.547740,-0.465925,1.175597,2307329.80,624,44.7115
0.06500,0.07000,0.01600,1.238438,0.539481,-0.431693,1.249688,2158553.55,624,48.0769
0.06000,0.13500,0.00200,1.238436,0.561190,-0.447374,1.254409,2569930.27,624,42.6282
0.04500,0.11500,0.01800,1.238336,0.529084,-0.451400,1.172095,1983818.69,624,50.1603
0.06000,0.09500,0.01500,1.238299,0.545351,-0.430580,1.266550,2263355.12,624,46.9551
0.05000,0.13000,0.00900,1.238106,0.542503,-0.472235,1.148798,2211932.79,624,46.3141
0.04000,0.05500,0.00500,1.238008,0.521048,-0.424889,1.226314,1857776.79,624,48.3974
0.05500,0.07500,0.01400,1.237961,0.534208,-0.471009,1.134178,2068242.69,624,47.4359
0.05500,0.12500,0.00800,1.237941,0.548635,-0.469025,1.169736,2324012.13,624,45.5128
0.05000,0.09000,0.01300,1.237937,0.534305,-0.467264,1.143476,2069870.16,624,47.4359
0.06000,0.11500,0.00800,1.237803,0.553798,-0.469144,1.180443,2422384.83,624,44.7115
0.05500,0.08500,0.01500,1.237765,0.537319,-0.430614,1.247797,2121100.62,624,47.7564
0.06000,0.15000,0.01400,1.237753,0.548112,-0.471032,1.163641,2314258.02,624,46.3141
0.04500,0.11000,0.01800,1.237704,0.528546,-0.451400,1.170902,1975137.15,624,50.1603
0.06000,0.13000,0.00200,1.237688,0.560495,-0.447371,1.252865,2555719.75,624,42.6282
0.06000,0.08000,0.01500,1.237675,0.541754,-0.430540,1.258311,2198591.12,624,47.1154
0.03500,0.06500,0.01000,1.237602,0.514814,-0.433053,1.188800,1765121.56,624,50.4808
0.05000,0.09000,0.01000,1.237549,0.539823,-0.475558,1.135136,2164529.81,624,46.6346
0.06000,0.10000,0.00400,1.237503,0.557051,-0.446771,1.246839,2486338.93,624,43.4295
0.06000,0.11000,0.01300,1.237383,0.547075,-0.467362,1.170560,2295004.20,624,45.9936
0.04500,0.10500,0.00100,1.237352,0.540465,-0.440733,1.226286,2175799.64,624,45.3526
0.05000,0.09500,0.01300,1.237317,0.534372,-0.467264,1.143619,2070990.59,624,47.4359
0.04500,0.10500,0.01200,1.237307,0.528019,-0.492629,1.071838,1966670.27,624,47.2756
0.06000,0.14500,0.01400,1.237192,0.547557,-0.471032,1.162462,2303934.74,624,46.3141
0.03000,0.07000,0.00400,1.237133,0.518930,-0.435007,1.192923,1825811.77,624,50.4808
0.04000,0.07500,0.01900,1.237032,0.520386,-0.435144,1.195893,1847729.55,624,51.2821
0.06000,0.05500,0.01700,1.236939,0.524189,-0.432779,1.211217,1906136.31,624,50.3205
0.05000,0.09500,0.01000,1.236933,0.539886,-0.475558,1.135269,2165643.60,624,46.6346
0.06000,0.09500,0.00400,1.236924,0.556217,-0.446778,1.244951,2469786.52,624,43.4295
0.07500,0.07000,0.01700,1.236848,0.542686,-0.434999,1.247557,2215212.29,624,48.5577
0.05000,0.12500,0.00900,1.236838,0.541411,-0.472235,1.146486,2192511.65,624,46.3141
0.03000,0.07000,0.00100,1.236832,0.521499,-0.423546,1.231268,1864648.44,624,50.0000
0.04500,0.09000,0.00100,1.236782,0.539272,-0.440733,1.223581,2154912.54,624,45.3526
0.06000,0.10500,0.00500,1.236744,0.553947,-0.451473,1.226976,2425278.42,624,43.7500
0.03500,0.09000,0.01600,1.236691,0.511824,-0.408023,1.254398,1722206.17,624,52.0833
0.05500,0.12000,0.00800,1.236656,0.547530,-0.469025,1.167380,2303437.92,624,45.5128
0.06000,0.14000,0.01400,1.236635,0.547015,-0.471032,1.161311,2293903.78,624,46.3141
0.02500,0.05500,0.00600,1.236626,0.501704,-0.442848,1.132904,1583976.52,624,53.5256
0.03000,0.06500,0.00700,1.236520,0.513176,-0.447028,1.147973,1741501.00,624,51.6026
0.09000,0.07000,0.01200,1.236500,0.546009,-0.448600,1.217140,2275383.39,624,45.1923
0.06000,0.12500,0.00200,1.236444,0.559393,-0.447383,1.250368,2533324.05,624,42.6282
0.05000,0.05500,0.01200,1.236089,0.516752,-0.437351,1.181549,1793465.29,624,48.0769
0.04000,0.06000,0.01500,1.236067,0.514750,-0.430611,1.195395,1764204.30,624,50.4808
0.06000,0.13500,0.01400,1.236060,0.546469,-0.471032,1.160152,2283834.29,624,46.3141
0.06000,0.09000,0.02000,1.236029,0.547416,-0.455116,1.202806,2301330.45,624,49.3590
0.04500,0.10000,0.00100,1.236022,0.539347,-0.440733,1.223752,2156224.45,624,45.3526
0.05500,0.06500,0.00800,1.235981,0.536484,-0.453417,1.183202,2106795.33,624,46.4744
0.04500,0.10000,0.01200,1.235960,0.526911,-0.492629,1.069588,1948977.95,624,47.2756
0.04500,0.09000,0.01200,1.235927,0.526232,-0.492629,1.068211,1938215.44,624,47.2756
0.05000,0.08500,0.01900,1.235918,0.531615,-0.444596,1.195727,2025116.13,624,49.6795
0.03500,0.08000,0.00100,1.235840,0.525558,-0.431226,1.218753,1927573.64,624,48.5577
0.03000,0.06000,0.00300,1.235744,0.517433,-0.430630,1.201570,1803517.47,624,50.4808
0.03500,0.08000,0.01600,1.235706,0.510976,-0.408054,1.252226,1710214.61,624,52.0833
0.05000,0.05500,0.02000,1.235701,0.519981,-0.436090,1.192369,1841606.84,624,51.9231
0.05500,0.08000,0.00300,1.235679,0.548896,-0.445095,1.233210,2328886.79,624,43.9103
0.05500,0.11000,0.00200,1.235658,0.552491,-0.447367,1.234985,2397127.33,624,43.5897
0.05500,0.11000,0.01800,1.235611,0.539612,-0.442169,1.220375,2160846.06,624,48.7179
0.05500,0.09000,0.00300,1.235600,0.549807,-0.445101,1.235241,2346017.51,624,43.9103
0.06000,0.07500,0.02000,1.235581,0.542285,-0.455171,1.191389,2208053.70,624,49.5192
0.04500,0.06000,0.01100,1.235546,0.522904,-0.448385,1.166194,1886225.93,624,48.7179
0.10000,0.06500,0.00600,1.235542,0.549921,-0.451207,1.218778,2348166.23,624,44.0705
0.05000,0.12000,0.00900,1.235538,0.540306,-0.472235,1.144146,2173007.88,624,46.3141
0.06000,0.15000,0.00700,1.235421,0.555754,-0.466523,1.191269,2460651.52,624,44.3910
0.05500,0.06000,0.02000,1.235390,0.528354,-0.436152,1.211397,1972048.60,624,51.1218
0.06000,0.10000,0.02000,1.235334,0.548703,-0.455080,1.205727,2325270.52,624,49.1987
0.06000,0.13000,0.01400,1.235317,0.545791,-0.471032,1.158712,2271388.22,624,46.3141
0.05500,0.11500,0.00800,1.235304,0.546397,-0.469025,1.164965,2282522.57,624,45.5128
0.03500,0.05500,0.00700,1.235251,0.514391,-0.433137,1.187594,1758991.53,624,50.4808
0.06000,0.12000,0.00200,1.235171,0.558278,-0.447370,1.247911,2510844.69,624,42.6282
0.03000,0.06500,0.00300,1.235147,0.518537,-0.430630,1.204134,1819932.24,624,50.3205
0.05500,0.10500,0.00700,1.235025,0.547673,-0.466671,1.173574,2306086.93,624,45.3526
0.05500,0.06000,0.00700,1.235018,0.533432,-0.451742,1.180833,2055253.02,624,46.7949
0.04500,0.10500,0.01800,1.235000,0.526762,-0.451400,1.166951,1946618.55,624,50.1603
0.06000,0.08500,0.02000,1.234957,0.545811,-0.455094,1.199337,2271765.51,624,49.3590
0.06000,0.07000,0.02000,1.234866,0.539152,-0.455111,1.184659,2152815.42,624,50.0000
0.06000,0.14500,0.00700,1.234862,0.555195,-0.466523,1.190070,2449653.70,624,44.3910
0.05500,0.07000,0.00800,1.234853,0.538926,-0.469157,1.148711,2148880.99,624,46.1538
0.05000,0.08000,0.01900,1.234809,0.530729,-0.444596,1.193734,2010573.32,624,49.6795
0.05000,0.06000,0.01400,1.234804,0.521888,-0.429394,1.215407,1870606.82,624,48.8782
0.03500,0.09000,0.00100,1.234798,0.524964,-0.431217,1.217402,1918253.19,624,48.5577
0.05500,0.09500,0.02000,1.234679,0.540914,-0.446682,1.210961,2183727.86,624,49.8397
0.04500,0.09500,0.00100,1.234649,0.538214,-0.440733,1.221179,2136522.27,624,45.3526
0.04500,0.08500,0.00100,1.234600,0.537577,-0.440733,1.219736,2125542.89,624,45.3526
0.04500,0.09500,0.01200,1.234501,0.525738,-0.492629,1.067208,1930417.37,624,47.2756
0.06000,0.07500,0.00400,1.234415,0.548553,-0.446773,1.227813,2322481.52,624,43.7500
0.06000,0.05500,0.00300,1.234402,0.535047,-0.461021,1.160570,2082367.23,624,45.5128
0.05500,0.08500,0.00400,1.234399,0.547586,-0.446766,1.225665,2304469.50,624,44.3910
0.06000,0.07000,0.00500,1.234307,0.543069,-0.452343,1.200569,2222079.19,624,44.7115
0.06000,0.14000,0.00700,1.234305,0.554649,-0.466523,1.188901,2438978.04,624,44.3910
0.06000,0.07500,0.00800,1.234288,0.543543,-0.469128,1.158625,2230595.54,624,45.1923
0.05000,0.11500,0.00900,1.234200,0.539196,-0.472235,1.141796,2153582.28,624,46.3141
0.03500,0.08500,0.01600,1.234190,0.510154,-0.408050,1.250226,1698668.08,624,52.0833
0.05000,0.08500,0.01300,1.234169,0.531474,-0.467264,1.137417,2022789.01,624,47.4359
0.06000,0.05500,0.01600,1.234064,0.522633,-0.431615,1.210878,1882042.64,624,49.5192
0.06000,0.12500,0.01400,1.234061,0.544701,-0.471032,1.156399,2251524.60,624,46.3141
0.03500,0.08500,0.00100,1.234020,0.524407,-0.431215,1.216113,1909532.49,624,48.5577
0.04000,0.07000,0.01300,1.234018,0.517653,-0.436304,1.186450,1806789.16,624,49.3590
0.03500,0.05500,0.00300,1.233988,0.519329,-0.419453,1.238109,1831794.03,624,49.3590
0.05000,0.08000,0.01300,1.233937,0.531161,-0.467264,1.136748,2017650.74,624,47.4359
0.03500,0.06500,0.01600,1.233874,0.508518,-0.408052,1.246210,1675881.04,624,52.2436
0.03500,0.09000,0.01700,1.233870,0.509544,-0.409245,1.245081,1690129.44,624,52.7244
0.06000,0.11500,0.00200,1.233844,0.557146,-0.447383,1.245344,2488218.13,624,42.6282
0.05000,0.08500,0.01000,1.233813,0.536989,-0.475558,1.129177,2115431.20,624,46.6346
0.05500,0.15000,0.01400,1.233790,0.539248,-0.470995,1.144913,2154490.25,624,47.1154
0.06000,0.13500,0.00700,1.233741,0.554106,-0.466523,1.187736,2428373.67,624,44.3910
0.05500,0.06500,0.01400,1.233720,0.526841,-0.429440,1.226811,1947872.23,624,48.0769
0.03000,0.07500,0.00400,1.233681,0.516539,-0.435007,1.187426,1790327.18,624,50.4808
0.04500,0.06500,0.01900,1.233658,0.520041,-0.435104,1.195211,1842520.48,624,50.8013
0.04500,0.10000,0.01800,1.233646,0.525647,-0.451400,1.164482,1928988.06,624,50.1603
0.05500,0.08000,0.02000,1.233624,0.538371,-0.446751,1.205080,2139247.15,624,49.8397
0.05000,0.07500,0.00900,1.233606,0.535739,-0.472235,1.134475,2094095.69,624,46.4744
0.05000,0.08000,0.01000,1.233594,0.536678,-0.475558,1.128522,2110096.76,624,46.6346
0.04500,0.08000,0.01200,1.233538,0.524249,-0.492629,1.064184,1907068.44,624,47.2756
0.03500,0.07500,0.01600,1.233456,0.509897,-0.408064,1.249553,1695069.90,624,52.0833
0.03000,0.07500,0.00100,1.233455,0.519145,-0.423546,1.225712,1829037.27,624,50.0000
0.06000,0.06000,0.01200,1.233444,0.524570,-0.430553,1.218363,1912080.46,624,47.2756
0.04000,0.07500,0.01300,1.233418,0.518210,-0.436304,1.187725,1815054.90,624,49.1987
0.05500,0.14500,0.01400,1.233222,0.538693,-0.470995,1.143734,2144833.55,624,47.1154
0.03500,0.07500,0.00900,1.233202,0.513455,-0.441491,1.163003,1745500.99,624,50.0000
0.03000,0.06000,0.00700,1.233136,0.509597,-0.447028,1.139967,1690879.45,624,51.7628
0.02000,0.05500,0.00600,1.233119,0.483362,-0.431687,1.119704,1359133.27,624,56.8910
0.06000,0.05500,0.00200,1.233096,0.535251,-0.466724,1.146826,2085829.42,624,45.3526
0.04500,0.08000,0.00100,1.233008,0.536285,-0.440733,1.216802,2103385.81,624,45.3526
0.06000,0.13000,0.00700,1.232997,0.553418,-0.466523,1.186262,2415022.38,624,44.3910
0.07500,0.07000,0.01600,1.232920,0.540276,-0.431684,1.251554,2172485.71,624,47.7564
0.04500,0.08500,0.01200,1.232908,0.523983,-0.492629,1.063646,1902938.95,624,47.2756
0.03500,0.08000,0.01700,1.232868,0.508678,-0.409237,1.242992,1678102.35,624,52.7244
0.05000,0.11000,0.00900,1.232836,0.538084,-0.472235,1.139441,2134278.64,624,46.3141
0.05500,0.09000,0.00500,1.232788,0.544005,-0.451472,1.204958,2238912.83,624,44.7115
0.05500,0.07000,0.00200,1.232752,0.544415,-0.448260,1.214508,2246343.99,624,44.2308
0.06000,0.12000,0.01400,1.232740,0.543578,-0.471032,1.154014,2231215.69,624,46.3141
0.05500,0.14000,0.01400,1.232669,0.538159,-0.470995,1.142601,2135581.03,624,47.1154
0.03500,0.07000,0.02000,1.232621,0.509255,-0.412853,1.233501,1686106.56,624,53.8462
0.05500,0.05500,0.00400,1.232572,0.527760,-0.465859,1.132876,1962526.47,624,46.6346
0.05500,0.09000,0.01500,1.232524,0.534610,-0.430565,1.241648,2075003.03,624,47.7564
0.05500,0.11000,0.01300,1.232455,0.537622,-0.467244,1.150624,2126310.94,624,46.7949
0.05500,0.05500,0.01600,1.232336,0.516174,-0.431720,1.195623,1784973.65,624,50.1603
0.03500,0.06000,0.00800,1.232303,0.511499,-0.434028,1.178494,1717608.96,624,50.3205
0.03500,0.06500,0.00900,1.232247,0.511538,-0.429534,1.190913,1718151.96,624,50.1603
0.06000,0.06000,0.01700,1.232230,0.524605,-0.432829,1.212038,1912638.29,624,50.1603
0.05500,0.07000,0.01400,1.232221,0.529136,-0.471018,1.123388,1984658.18,624,47.7564
0.04000,0.06000,0.01200,1.232219,0.512506,-0.442374,1.158537,1731916.61,624,48.8782
0.05500,0.13500,0.01400,1.232099,0.537623,-0.470995,1.141462,2126326.51,624,47.1154
0.06000,0.10000,0.00300,1.232079,0.553984,-0.445098,1.244633,2426002.94,624,42.9487
0.04000,0.10000,0.01900,1.232032,0.517589,-0.435101,1.189585,1805832.55,624,51.2821
0.04000,0.10500,0.01900,1.232032,0.517589,-0.435101,1.189585,1805832.55,624,51.2821
0.04000,0.11000,0.01900,1.232032,0.517589,-0.435101,1.189585,1805832.55,624,51.2821
0.04000,0.11500,0.01900,1.232032,0.517589,-0.435101,1.189585,1805832.55,624,51.2821
0.04000,0.12000,0.01900,1.232032,0.517589,-0.435101,1.189585,1805832.55,624,51.2821
0.04000,0.12500,0.01900,1.232032,0.517589,-0.435101,1.189585,1805832.55,624,51.2821
0.04000,0.13000,0.01900,1.232032,0.517589,-0.435101,1.189585,1805832.55,624,51.2821
0.04000,0.13500,0.01900,1.232032,0.517589,-0.435101,1.189585,1805832.55,624,51.2821
0.04000,0.14000,0.01900,1.232032,0.517589,-0.435101,1.189585,1805832.55,624,51.2821
0.04000,0.14500,0.01900,1.232032,0.517589,-0.435101,1.189585,1805832.55,624,51.2821
0.04000,0.15000,0.01900,1.232032,0.517589,-0.435101,1.189585,1805832.55,624,51.2821
0.06000,0.07500,0.00300,1.232008,0.547783,-0.445087,1.230733,2308123.16,624,43.2692
0.04000,0.09500,0.01900,1.231966,0.517541,-0.435101,1.189474,1805118.67,624,51.2821
0.06000,0.10500,0.01800,1.231792,0.543472,-0.450586,1.206143,2229302.30,624,48.0769
0.06000,0.12500,0.00700,1.231761,0.552330,-0.466523,1.183930,2394035.53,624,44.3910
0.04500,0.15000,0.01100,1.231643,0.530025,-0.489935,1.081828,1999084.88,624,47.7564
0.05500,0.10500,0.00200,1.231640,0.549544,-0.447380,1.228359,2341051.93,624,43.5897
0.06000,0.09500,0.00300,1.231606,0.553229,-0.445095,1.242944,2411360.29,624,42.9487
0.06000,0.08000,0.02000,1.231517,0.542433,-0.455043,1.192047,2210683.77,624,49.3590
0.05500,0.10500,0.01800,1.231512,0.536689,-0.442169,1.213765,2110296.19,624,48.7179
0.05000,0.05500,0.01000,1.231450,0.518118,-0.446152,1.161303,1813682.80,624,48.0769
0.06000,0.11500,0.01400,1.231414,0.542469,-0.471032,1.151661,2211337.46,624,46.3141
0.04500,0.07000,0.01300,1.231385,0.521761,-0.478282,1.090907,1868654.15,624,48.3974
0.03500,0.08500,0.01700,1.231352,0.507866,-0.409257,1.240947,1666883.73,624,52.7244
0.05500,0.13000,0.01400,1.231338,0.536939,-0.470995,1.140011,2114580.88,624,47.1154
0.05500,0.08000,0.00500,1.231323,0.541944,-0.451475,1.200387,2201979.61,624,44.7115
0.04000,0.06500,0.01900,1.231250,0.514390,-0.435018,1.182458,1758986.37,624,51.4423
0.03500,0.09500,0.00100,1.231189,0.522801,-0.431215,1.212390,1884626.31,624,48.5577
0.03500,0.10000,0.00100,1.231189,0.522801,-0.431215,1.212390,1884626.31,624,48.5577
0.03500,0.10500,0.00100,1.231189,0.522801,-0.431215,1.212390,1884626.31,624,48.5577
0.03500,0.11000,0.00100,1.231189,0.522801,-0.431215,1.212390,1884626.31,624,48.5577
0.03500,0.11500,0.00100,1.231189,0.522801,-0.431215,1.212390,1884626.31,624,48.5577
0.03500,0.12000,0.00100,1.231189,0.522801,-0.431215,1.212390,1884626.31,624,48.5577
0.03500,0.12500,0.00100,1.231189,0.522801,-0.431215,1.212390,1884626.31,624,48.5577
0.03500,0.13000,0.00100,1.231189,0.522801,-0.431215,1.212390,1884626.31,624,48.5577
0.03500,0.13500,0.00100,1.231189,0.522801,-0.431215,1.212390,1884626.31,624,48.5577
0.03500,0.14000,0.00100,1.231189,0.522801,-0.431215,1.212390,1884626.31,624,48.5577
0.03500,0.14500,0.00100,1.231189,0.522801,-0.431215,1.212390,1884626.31,624,48.5577
0.03500,0.15000,0.00100,1.231189,0.522801,-0.431215,1.212390,1884626.31,624,48.5577
0.06000,0.09500,0.02000,1.231164,0.545393,-0.455080,1.198453,2264114.43,624,49.1987
0.04500,0.14500,0.01100,1.231074,0.529474,-0.489935,1.080702,1990124.11,624,47.7564
0.05500,0.06000,0.01500,1.230865,0.521757,-0.435184,1.198935,1868601.64,624,49.0385
0.03500,0.06500,0.01700,1.230860,0.506100,-0.409251,1.236651,1642729.24,624,52.8846
0.03000,0.08000,0.00700,1.230856,0.510360,-0.453936,1.124301,1701557.42,624,51.4423
0.03500,0.07000,0.01200,1.230757,0.506817,-0.451785,1.121809,1652486.05,624,50.3205
0.06000,0.11000,0.00800,1.230646,0.548676,-0.469144,1.169525,2324766.43,624,44.7115
0.05000,0.06000,0.01300,1.230598,0.520971,-0.428245,1.216525,1856607.25,624,48.3974
0.03500,0.07500,0.01700,1.230567,0.507598,-0.409249,1.240315,1663190.11,624,52.7244
0.04500,0.14000,0.01100,1.230525,0.528948,-0.489935,1.079630,1981625.04,624,47.7564
0.06000,0.12000,0.00700,1.230461,0.551209,-0.466523,1.181527,2372585.27,624,44.3910
0.04500,0.06000,0.01800,1.230441,0.515842,-0.434082,1.188352,1780107.60,624,50.9615
0.03000,0.08000,0.00300,1.230408,0.516164,-0.430630,1.198624,1784821.51,624,50.1603
0.04500,0.05500,0.00800,1.230405,0.516583,-0.444333,1.162603,1790974.16,624,48.3974
0.03000,0.06000,0.00500,1.230192,0.508744,-0.438839,1.159296,1679009.26,624,51.1218
0.05000,0.06500,0.01100,1.230116,0.529181,-0.437846,1.208601,1985382.95,624,47.7564
0.06000,0.05500,0.00500,1.230077,0.527495,-0.470670,1.120732,1958289.77,624,46.3141
0.05500,0.12500,0.01400,1.230073,0.535857,-0.470995,1.137712,2096098.59,624,47.1154
0.08500,0.07000,0.01700,1.230059,0.541544,-0.436499,1.240652,2194865.08,624,48.3974
0.04500,0.13500,0.01100,1.229946,0.528411,-0.489935,1.078534,1972972.71,624,47.7564
0.05500,0.10000,0.00700,1.229737,0.543746,-0.466671,1.165159,2234243.37,624,45.3526
0.09000,0.07500,0.01200,1.229714,0.543429,-0.465977,1.166214,2228536.04,624,44.5513
0.06000,0.15000,0.01900,1.229676,0.543861,-0.453077,1.200371,2236319.84,624,48.0769
0.06000,0.09000,0.00500,1.229651,0.547313,-0.451482,1.212257,2299408.46,624,43.9103
0.06000,0.07500,0.01400,1.229589,0.532988,-0.470912,1.131821,2047840.83,624,46.7949
0.06000,0.07000,0.00400,1.229560,0.543174,-0.447381,1.214118,2223947.15,624,44.2308
0.05500,0.08500,0.00300,1.229557,0.545171,-0.445096,1.224840,2260074.08,624,43.9103
0.06000,0.07000,0.00800,1.229534,0.538145,-0.469102,1.147181,2135328.83,624,45.6731
0.05500,0.06500,0.00200,1.229514,0.539469,-0.450847,1.196570,2158352.68,624,44.5513
0.05000,0.07500,0.01900,1.229494,0.526953,-0.444596,1.185240,1949649.36,624,49.6795
0.05000,0.10500,0.00900,1.229466,0.535735,-0.472235,1.134466,2094026.47,624,46.3141
0.03000,0.06500,0.00500,1.229425,0.509747,-0.438839,1.161582,1692970.54,624,50.9615
0.08000,0.07500,0.01200,1.229421,0.538806,-0.465925,1.156423,2146804.40,624,44.8718
0.04500,0.13000,0.01100,1.229343,0.527864,-0.489935,1.077417,1964189.18,624,47.7564
0.06000,0.11500,0.00700,1.229137,0.550086,-0.466523,1.179120,2351280.87,624,44.3910
0.06500,0.07500,0.01500,1.229128,0.535548,-0.430616,1.243681,2090861.47,624,46.7949
0.06000,0.14500,0.01900,1.229109,0.543304,-0.453077,1.199141,2226283.42,624,48.0769
0.06500,0.07500,0.00500,1.229093,0.543896,-0.451460,1.204749,2236955.26,624,43.7500
0.04500,0.09000,0.01800,1.228952,0.521976,-0.451400,1.156349,1871957.25,624,50.1603
0.04500,0.07500,0.01400,1.228898,0.519816,-0.479877,1.083228,1839128.28,624,48.5577
0.07000,0.07000,0.01700,1.228882,0.533567,-0.434997,1.226599,2057504.12,624,48.7179
0.05500,0.12000,0.01400,1.228760,0.534751,-0.470995,1.135365,2077379.80,624,47.1154
0.04500,0.12500,0.01100,1.228742,0.527327,-0.489935,1.076320,1955606.19,624,47.7564
0.06500,0.07500,0.01300,1.228686,0.535570,-0.453329,1.181416,2091230.80,624,45.9936
0.05500,0.07500,0.01800,1.228575,0.529894,-0.442145,1.198462,1996952.86,624,48.8782
0.06000,0.14000,0.01900,1.228543,0.542761,-0.453077,1.197943,2216549.16,624,48.0769
0.04500,0.09500,0.01800,1.228458,0.522049,-0.451400,1.156510,1873072.89,624,50.1603
0.05500,0.08500,0.02000,1.228388,0.535450,-0.446782,1.198461,2089198.12,624,49.8397
0.05500,0.10500,0.01300,1.228353,0.534702,-0.467244,1.144376,2076559.36,624,46.7949
0.06000,0.10500,0.01300,1.228256,0.540703,-0.467362,1.156926,2179993.44,624,45.9936
0.06000,0.07500,0.00700,1.228242,0.541798,-0.466548,1.161291,2199373.11,624,44.8718
0.06000,0.06000,0.01600,1.228236,0.522304,-0.431795,1.209609,1876976.62,624,49.3590
0.03000,0.08500,0.00700,1.228132,0.508642,-0.453930,1.120529,1677599.50,624,51.4423
0.03000,0.09000,0.00700,1.228132,0.508642,-0.453930,1.120529,1677599.50,624,51.4423
0.03000,0.09500,0.00700,1.228132,0.508642,-0.453930,1.120529,1677599.50,624,51.4423
0.03000,0.10000,0.00700,1.228132,0.508642,-0.453930,1.120529,1677599.50,624,51.4423
0.03000,0.10500,0.00700,1.228132,0.508642,-0.453930,1.120529,1677599.50,624,51.4423
0.03000,0.11000,0.00700,1.228132,0.508642,-0.453930,1.120529,1677599.50,624,51.4423
0.03000,0.11500,0.00700,1.228132,0.508642,-0.453930,1.120529,1677599.50,624,51.4423
0.03000,0.12000,0.00700,1.228132,0.508642,-0.453930,1.120529,1677599.50,624,51.4423
0.03000,0.12500,0.00700,1.228132,0.508642,-0.453930,1.120529,1677599.50,624,51.4423
0.03000,0.13000,0.00700,1.228132,0.508642,-0.453930,1.120529,1677599.50,624,51.4423
0.03000,0.13500,0.00700,1.228132,0.508642,-0.453930,1.120529,1677599.50,624,51.4423
0.03000,0.14000,0.00700,1.228132,0.508642,-0.453930,1.120529,1677599.50,624,51.4423
0.03000,0.14500,0.00700,1.228132,0.508642,-0.453930,1.120529,1677599.50,624,51.4423
0.03000,0.15000,0.00700,1.228132,0.508642,-0.453930,1.120529,1677599.50,624,51.4423
0.04500,0.12000,0.01100,1.228101,0.526767,-0.489935,1.075177,1946689.49,624,47.7564
0.05500,0.11000,0.00800,1.228091,0.541309,-0.469025,1.154117,2190708.59,624,45.5128
0.05500,0.06000,0.00800,1.228065,0.526913,-0.455924,1.155703,1949015.98,624,46.9551
0.06000,0.13500,0.01900,1.227975,0.542222,-0.453077,1.196755,2206929.61,624,48.0769
0.03000,0.08500,0.00300,1.227845,0.514509,-0.430630,1.194780,1760698.66,624,50.1603
0.03000,0.09000,0.00300,1.227845,0.514509,-0.430630,1.194780,1760698.66,624,50.1603
0.03000,0.09500,0.00300,1.227845,0.514509,-0.430630,1.194780,1760698.66,624,50.1603
0.03000,0.10000,0.00300,1.227845,0.514509,-0.430630,1.194780,1760698.66,624,50.1603
0.03000,0.10500,0.00300,1.227845,0.514509,-0.430630,1.194780,1760698.66,624,50.1603
0.03000,0.11000,0.00300,1.227845,0.514509,-0.430630,1.194780,1760698.66,624,50.1603
0.03000,0.11500,0.00300,1.227845,0.514509,-0.430630,1.194780,1760698.66,624,50.1603
0.03000,0.12000,0.00300,1.227845,0.514509,-0.430630,1.194780,1760698.66,624,50.1603
0.03000,0.12500,0.00300,1.227845,0.514509,-0.430630,1.194780,1760698.66,624,50.1603
0.03000,0.13000,0.00300,1.227845,0.514509,-0.430630,1.194780,1760698.66,624,50.1603
0.03000,0.13500,0.00300,1.227845,0.514509,-0.430630,1.194780,1760698.66,624,50.1603
0.03000,0.14000,0.00300,1.227845,0.514509,-0.430630,1.194780,1760698.66,624,50.1603
0.03000,0.14500,0.00300,1.227845,0.514509,-0.430630,1.194780,1760698.66,624,50.1603
0.03000,0.15000,0.00300,1.227845,0.514509,-0.430630,1.194780,1760698.66,624,50.1603
0.06000,0.06000,0.00400,1.227826,0.532784,-0.460783,1.156258,2044448.14,624,45.5128
0.06000,0.10000,0.00500,1.227805,0.547548,-0.451485,1.212772,2303773.99,624,43.7500
0.03000,0.06000,0.00100,1.227608,0.513746,-0.423546,1.212965,1749691.80,624,50.1603
0.06000,0.07000,0.01400,1.227602,0.529192,-0.471042,1.123450,1985562.26,624,47.2756
0.09500,0.06500,0.00600,1.227582,0.544384,-0.451204,1.206514,2245771.14,624,44.0705
0.04500,0.11500,0.01100,1.227480,0.526229,-0.489935,1.074080,1938166.99,624,47.7564
0.05500,0.11500,0.01400,1.227414,0.533643,-0.470995,1.133013,2058774.95,624,47.1154
0.06000,0.07000,0.00300,1.227410,0.542694,-0.445102,1.219259,2215353.25,624,43.7500
0.05500,0.06500,0.01800,1.227410,0.524483,-0.433958,1.208602,1910727.44,624,49.5192
0.05000,0.10000,0.00900,1.227387,0.534057,-0.472235,1.130914,2065712.04,624,46.3141
0.06000,0.09500,0.00500,1.227235,0.546732,-0.451453,1.211050,2288682.62,624,43.7500
0.06000,0.13000,0.01900,1.227221,0.541538,-0.453077,1.195245,2194767.71,624,48.0769
0.03000,0.05000,0.00600,1.226899,0.500017,-0.444457,1.125007,1561962.13,624,51.6026
0.04500,0.11000,0.01100,1.226830,0.525681,-0.489935,1.072962,1929520.32,624,47.7564
0.06000,0.11000,0.00200,1.226748,0.552007,-0.447379,1.233868,2387834.43,624,42.6282
0.05500,0.10000,0.00200,1.226374,0.545604,-0.447376,1.219564,2267979.10,624,43.5897
0.05000,0.05500,0.01500,1.226349,0.510397,-0.431449,1.182984,1702074.55,624,49.6795
0.08500,0.07000,0.01600,1.226327,0.539235,-0.435448,1.238347,2154265.58,624,47.5962
0.06000,0.05500,0.00400,1.226320,0.528523,-0.465876,1.134471,1974775.54,624,45.8333
0.06000,0.06000,0.00300,1.226319,0.532905,-0.455899,1.168910,2046469.39,624,45.0321
0.05500,0.08000,0.00700,1.226209,0.539164,-0.466586,1.155553,2153030.28,624,45.3526
0.05500,0.10000,0.01800,1.226142,0.532784,-0.442169,1.204934,2044458.71,624,48.7179
0.05500,0.09500,0.00700,1.226084,0.540862,-0.466671,1.158980,2182804.08,624,45.3526
0.06000,0.12500,0.01900,1.225960,0.540451,-0.453077,1.192846,2175563.34,624,48.0769
0.05500,0.05500,0.00500,1.225945,0.520148,-0.470657,1.105154,1844139.59,624,46.9551
0.05500,0.08500,0.00500,1.225854,0.538759,-0.451469,1.193349,2145985.89,624,44.7115
0.05000,0.09000,0.00900,1.225778,0.532249,-0.472235,1.127084,2035576.11,624,46.3141
0.05500,0.07000,0.01800,1.225694,0.526486,-0.442092,1.190897,1942234.39,624,49.1987
0.03500,0.06000,0.00900,1.225339,0.505703,-0.431870,1.170959,1637331.94,624,50.3205
0.06000,0.06000,0.00200,1.225296,0.533188,-0.461643,1.154979,2051175.70,624,44.8718
0.05000,0.09500,0.00900,1.225175,0.532310,-0.472235,1.127213,2036585.08,624,46.3141
0.05500,0.05500,0.01700,1.225143,0.511161,-0.432890,1.180811,1712824.46,624,50.8013
0.04500,0.07500,0.01800,1.225107,0.519082,-0.451400,1.149937,1828086.63,624,50.1603
0.03500,0.06000,0.01000,1.225103,0.505546,-0.435528,1.160768,1635214.90,624,50.6410
0.04000,0.06500,0.01300,1.225093,0.510846,-0.428210,1.192980,1708387.08,624,49.3590
0.06000,0.06500,0.01500,1.225062,0.524427,-0.430604,1.217886,1909849.20,624,48.0769
0.04500,0.08500,0.01800,1.225057,0.519168,-0.451400,1.150127,1829376.54,624,50.1603
0.07000,0.07000,0.01600,1.224882,0.531140,-0.431754,1.230193,2017305.63,624,47.9167
0.04500,0.08000,0.01800,1.224843,0.518909,-0.451400,1.149553,1825491.14,624,50.1603
0.03500,0.05500,0.00400,1.224817,0.512224,-0.424071,1.207874,1727898.55,624,49.5192
0.05500,0.15000,0.01900,1.224775,0.533979,-0.444627,1.200958,2064396.61,624,48.7179
0.07000,0.05500,0.00600,1.224695,0.525200,-0.450084,1.166893,1921958.33,624,45.6731
0.06000,0.07000,0.00700,1.224673,0.537244,-0.466602,1.151397,2119812.74,624,45.3526
0.06000,0.12000,0.01900,1.224640,0.539334,-0.453077,1.190380,2155993.25,624,48.0769
0.03500,0.09000,0.00800,1.224571,0.510310,-0.455547,1.120214,1700848.97,624,49.8397
0.06500,0.07500,0.00400,1.224447,0.543921,-0.446759,1.217483,2237409.52,624,43.2692
0.05000,0.06000,0.01000,1.224401,0.522880,-0.440814,1.186168,1885841.51,624,47.5962
0.03500,0.10000,0.01600,1.224341,0.504712,-0.408040,1.236919,1623962.10,624,52.0833
0.03500,0.10500,0.01600,1.224341,0.504712,-0.408040,1.236919,1623962.10,624,52.0833
0.03500,0.11000,0.01600,1.224341,0.504712,-0.408040,1.236919,1623962.10,624,52.0833
0.03500,0.11500,0.01600,1.224341,0.504712,-0.408040,1.236919,1623962.10,624,52.0833
0.03500,0.12000,0.01600,1.224341,0.504712,-0.408040,1.236919,1623962.10,624,52.0833
0.03500,0.12500,0.01600,1.224341,0.504712,-0.408040,1.236919,1623962.10,624,52.0833
0.03500,0.13000,0.01600,1.224341,0.504712,-0.408040,1.236919,1623962.10,624,52.0833
0.03500,0.13500,0.01600,1.224341,0.504712,-0.408040,1.236919,1623962.10,624,52.0833
0.03500,0.14000,0.01600,1.224341,0.504712,-0.408040,1.236919,1623962.10,624,52.0833
0.03500,0.14500,0.01600,1.224341,0.504712,-0.408040,1.236919,1623962.10,624,52.0833
0.03500,0.15000,0.01600,1.224341,0.504712,-0.408040,1.236919,1623962.10,624,52.0833
0.03500,0.09500,0.01600,1.224260,0.504657,-0.408069,1.236696,1623227.63,624,52.0833
0.05500,0.14500,0.01900,1.224221,0.533436,-0.444627,1.199736,2055306.97,624,48.7179
0.06000,0.06500,0.01300,1.224196,0.524359,-0.428332,1.224188,1908783.59,624,47.2756
0.06000,0.11000,0.01400,1.224165,0.537382,-0.471032,1.140862,2122187.04,624,46.3141
0.03000,0.08000,0.00500,1.224137,0.507125,-0.438839,1.155607,1656701.59,624,50.8013
0.04500,0.10500,0.01100,1.224127,0.523887,-0.489935,1.069299,1901435.11,624,47.7564
0.07500,0.07500,0.01200,1.224100,0.534492,-0.465925,1.147164,2073018.78,624,44.8718
0.03500,0.08000,0.00800,1.224029,0.509780,-0.455532,1.119087,1693426.17,624,49.8397
0.05500,0.10500,0.00800,1.224020,0.538373,-0.469025,1.147856,2139276.76,624,45.5128
0.03500,0.05500,0.00500,1.223952,0.508088,-0.428700,1.185183,1669937.74,624,49.8397
0.05000,0.05500,0.00900,1.223905,0.513781,-0.443958,1.157273,1750184.98,624,47.7564
0.03000,0.06500,0.00100,1.223901,0.512847,-0.423546,1.210842,1736787.35,624,50.0000
0.03500,0.08000,0.01000,1.223855,0.508348,-0.458808,1.107976,1673532.23,624,50.1603
0.06500,0.06500,0.01500,1.223787,0.523842,-0.430623,1.216474,1900749.60,624,48.0769
0.05500,0.14000,0.01900,1.223652,0.532895,-0.444627,1.198521,2046306.25,624,48.7179
0.06000,0.11500,0.01900,1.223304,0.538222,-0.453077,1.187927,2136676.66,624,48.0769
0.05500,0.09000,0.02000,1.223103,0.532698,-0.446762,1.192355,2043030.93,624,49.8397
0.05500,0.13500,0.01900,1.223077,0.532358,-0.444627,1.197312,2037380.81,624,48.7179
0.06000,0.09000,0.01800,1.223009,0.535606,-0.450419,1.189129,2091848.29,624,48.2372
0.03500,0.09000,0.01000,1.223003,0.508049,-0.458783,1.107385,1669407.40,624,50.1603
0.06000,0.09000,0.01300,1.222993,0.535267,-0.467240,1.145594,2086093.70,624,46.1538
0.05500,0.10000,0.01300,1.222980,0.530803,-0.467244,1.136030,2011778.30,624,46.7949
0.03500,0.08500,0.00800,1.222970,0.509193,-0.455547,1.117762,1685245.92,624,49.8397
0.03000,0.06000,0.00400,1.222942,0.508038,-0.435007,1.167885,1669256.33,624,50.6410
0.05500,0.06000,0.01300,1.222913,0.517582,-0.428271,1.208538,1805726.76,624,48.2372
0.04500,0.06000,0.01400,1.222864,0.509713,-0.429285,1.187354,1692499.82,624,49.3590
0.03000,0.05500,0.00200,1.222849,0.510259,-0.426685,1.195869,1700137.22,624,50.4808
0.05500,0.09500,0.00200,1.222839,0.542787,-0.447360,1.213312,2217022.48,624,43.5897
0.06000,0.08500,0.01300,1.222776,0.534257,-0.467316,1.143246,2069065.15,624,46.1538
0.04500,0.10000,0.01100,1.222774,0.522781,-0.489935,1.067042,1884323.58,624,47.7564
0.04000,0.06000,0.01800,1.222739,0.507432,-0.433920,1.169414,1660914.51,624,51.6026
0.06000,0.10000,0.01800,1.222726,0.537114,-0.450586,1.192034,2117576.71,624,48.0769
0.04500,0.09000,0.01100,1.222686,0.522085,-0.489935,1.065621,1873621.63,624,47.7564
0.06000,0.05500,0.02000,1.222659,0.518095,-0.436106,1.188004,1813350.94,624,51.1218
0.06000,0.07500,0.01800,1.222634,0.530583,-0.450543,1.177651,2008176.58,624,48.3974
0.06500,0.07500,0.00800,1.222622,0.537915,-0.455179,1.181765,2131363.45,624,44.7115
0.08500,0.06500,0.01200,1.222544,0.533813,-0.433474,1.231476,2061617.81,624,45.5128
0.03500,0.09000,0.02000,1.222533,0.503845,-0.412838,1.220442,1612339.75,624,53.6859
0.06500,0.06500,0.01300,1.222441,0.523470,-0.428378,1.221982,1894963.20,624,47.2756
0.06500,0.07500,0.00300,1.222436,0.543408,-0.445085,1.220907,2228156.53,624,42.7885
0.04000,0.05500,0.01600,1.222388,0.503947,-0.431690,1.167381,1613702.11,624,51.2821
0.06000,0.09000,0.00400,1.222345,0.545422,-0.446761,1.220835,2264642.72,624,43.4295
0.05500,0.13000,0.01900,1.222317,0.531680,-0.444627,1.195787,2026183.63,624,48.7179
0.03000,0.06500,0.00400,1.222219,0.509050,-0.435007,1.170211,1683259.36,624,50.4808
0.06000,0.08500,0.01800,1.222016,0.534076,-0.450542,1.185406,2066018.10,624,48.2372
0.05000,0.08500,0.00900,1.222001,0.529408,-0.472235,1.121069,1989065.19,624,46.3141
0.06000,0.11000,0.00700,1.221999,0.544975,-0.466523,1.168164,2256502.19,624,44.3910
0.06000,0.05500,0.00700,1.221792,0.522362,-0.451731,1.156357,1877869.28,624,46.9551
0.03500,0.10000,0.00800,1.221763,0.508772,-0.455547,1.116837,1679395.98,624,49.8397
0.03500,0.10500,0.00800,1.221763,0.508772,-0.455547,1.116837,1679395.98,624,49.8397
0.03500,0.11000,0.00800,1.221763,0.508772,-0.455547,1.116837,1679395.98,624,49.8397
0.03500,0.11500,0.00800,1.221763,0.508772,-0.455547,1.116837,1679395.98,624,49.8397
0.03500,0.12000,0.00800,1.221763,0.508772,-0.455547,1.116837,1679395.98,624,49.8397
0.03500,0.12500,0.00800,1.221763,0.508772,-0.455547,1.116837,1679395.98,624,49.8397
0.03500,0.13000,0.00800,1.221763,0.508772,-0.455547,1.116837,1679395.98,624,49.8397
0.03500,0.13500,0.00800,1.221763,0.508772,-0.455547,1.116837,1679395.98,624,49.8397
0.03500,0.14000,0.00800,1.221763,0.508772,-0.455547,1.116837,1679395.98,624,49.8397
0.03500,0.14500,0.00800,1.221763,0.508772,-0.455547,1.116837,1679395.98,624,49.8397
0.03500,0.15000,0.00800,1.221763,0.508772,-0.455547,1.116837,1679395.98,624,49.8397
0.07000,0.07500,0.01700,1.221749,0.533610,-0.435014,1.226649,2058216.89,624,47.9167
0.03500,0.09500,0.00800,1.221688,0.508719,-0.455547,1.116722,1678670.00,624,49.8397
0.03500,0.08000,0.02000,1.221629,0.503051,-0.412817,1.218579,1601766.14,624,53.6859
0.06000,0.10500,0.00800,1.221588,0.542283,-0.469144,1.155898,2208004.72,624,44.7115
0.05500,0.08500,0.00700,1.221547,0.536532,-0.466535,1.150036,2107608.75,624,45.3526
0.03000,0.08500,0.00500,1.221501,0.505453,-0.438839,1.151797,1633951.16,624,50.8013
0.03000,0.09000,0.00500,1.221501,0.505453,-0.438839,1.151797,1633951.16,624,50.8013
0.03000,0.09500,0.00500,1.221501,0.505453,-0.438839,1.151797,1633951.16,624,50.8013
0.03000,0.10000,0.00500,1.221501,0.505453,-0.438839,1.151797,1633951.16,624,50.8013
0.03000,0.10500,0.00500,1.221501,0.505453,-0.438839,1.151797,1633951.16,624,50.8013
0.03000,0.11000,0.00500,1.221501,0.505453,-0.438839,1.151797,1633951.16,624,50.8013
0.03000,0.11500,0.00500,1.221501,0.505453,-0.438839,1.151797,1633951.16,624,50.8013
0.03000,0.12000,0.00500,1.221501,0.505453,-0.438839,1.151797,1633951.16,624,50.8013
0.03000,0.12500,0.00500,1.221501,0.505453,-0.438839,1.151797,1633951.16,624,50.8013
0.03000,0.13000,0.00500,1.221501,0.505453,-0.438839,1.151797,1633951.16,624,50.8013
0.03000,0.13500,0.00500,1.221501,0.505453,-0.438839,1.151797,1633951.16,624,50.8013
0.03000,0.14000,0.00500,1.221501,0.505453,-0.438839,1.151797,1633951.16,624,50.8013
0.03000,0.14500,0.00500,1.221501,0.505453,-0.438839,1.151797,1633951.16,624,50.8013
0.03000,0.15000,0.00500,1.221501,0.505453,-0.438839,1.151797,1633951.16,624,50.8013
0.03500,0.10000,0.01700,1.221499,0.502436,-0.409244,1.227716,1593625.18,624,52.7244
0.03500,0.10500,0.01700,1.221499,0.502436,-0.409244,1.227716,1593625.18,624,52.7244
0.03500,0.11000,0.01700,1.221499,0.502436,-0.409244,1.227716,1593625.18,624,52.7244
0.03500,0.11500,0.01700,1.221499,0.502436,-0.409244,1.227716,1593625.18,624,52.7244
0.03500,0.12000,0.01700,1.221499,0.502436,-0.409244,1.227716,1593625.18,624,52.7244
0.03500,0.12500,0.01700,1.221499,0.502436,-0.409244,1.227716,1593625.18,624,52.7244
0.03500,0.13000,0.01700,1.221499,0.502436,-0.409244,1.227716,1593625.18,624,52.7244
0.03500,0.13500,0.01700,1.221499,0.502436,-0.409244,1.227716,1593625.18,624,52.7244
0.03500,0.14000,0.01700,1.221499,0.502436,-0.409244,1.227716,1593625.18,624,52.7244
0.03500,0.14500,0.01700,1.221499,0.502436,-0.409244,1.227716,1593625.18,624,52.7244
0.03500,0.15000,0.01700,1.221499,0.502436,-0.409244,1.227716,1593625.18,624,52.7244
0.06000,0.06500,0.02000,1.221428,0.526736,-0.436140,1.207722,1946196.21,624,50.3205
0.03500,0.09500,0.01700,1.221420,0.502382,-0.409256,1.227549,1592917.97,624,52.7244
0.03500,0.08500,0.01000,1.221392,0.506930,-0.458783,1.104945,1654034.21,624,50.1603
0.04500,0.09500,0.01100,1.221312,0.521612,-0.489935,1.064656,1866378.91,624,47.7564
0.03500,0.06000,0.01600,1.221160,0.499128,-0.408064,1.223161,1550462.75,624,52.4038
0.05500,0.12500,0.01900,1.221040,0.530596,-0.444627,1.193350,2008395.70,624,48.7179
0.04500,0.15000,0.01400,1.221029,0.518421,-0.479877,1.080320,1818208.65,624,48.3974
0.06500,0.07000,0.01500,1.220952,0.526803,-0.430604,1.223405,1947259.98,624,47.4359
0.06500,0.06500,0.02000,1.220928,0.526688,-0.436310,1.207143,1945448.46,624,50.3205
0.06000,0.07000,0.01800,1.220881,0.526894,-0.450549,1.169448,1948712.73,624,48.8782
0.05500,0.08000,0.01300,1.220809,0.527120,-0.467414,1.127736,1952307.71,624,46.7949
0.03500,0.07500,0.01200,1.220785,0.501324,-0.451785,1.109652,1578999.50,624,50.1603
0.03500,0.05500,0.00100,1.220546,0.512313,-0.421561,1.215276,1729167.47,624,49.0385
0.04500,0.14500,0.01400,1.220465,0.517880,-0.479877,1.079192,1810145.52,624,48.3974
0.05000,0.08000,0.00900,1.220448,0.528269,-0.472235,1.118656,1970682.13,624,46.3141
0.03500,0.06500,0.02000,1.220341,0.500887,-0.412828,1.213309,1573281.81,624,53.8462
0.04500,0.08000,0.01100,1.220302,0.520126,-0.489935,1.061623,1843801.73,624,47.7564
0.06000,0.08000,0.01300,1.220219,0.531517,-0.467316,1.137382,2023505.11,624,46.1538
0.04000,0.08000,0.01300,1.220198,0.510733,-0.436304,1.170589,1706794.92,624,49.0385
0.03500,0.10000,0.01000,1.220197,0.506520,-0.458783,1.104051,1648435.01,624,50.1603
0.03500,0.10500,0.01000,1.220197,0.506520,-0.458783,1.104051,1648435.01,624,50.1603
0.03500,0.11000,0.01000,1.220197,0.506520,-0.458783,1.104051,1648435.01,624,50.1603
0.03500,0.11500,0.01000,1.220197,0.506520,-0.458783,1.104051,1648435.01,624,50.1603
0.03500,0.12000,0.01000,1.220197,0.506520,-0.458783,1.104051,1648435.01,624,50.1603
0.03500,0.12500,0.01000,1.220197,0.506520,-0.458783,1.104051,1648435.01,624,50.1603
0.03500,0.13000,0.01000,1.220197,0.506520,-0.458783,1.104051,1648435.01,624,50.1603
0.03500,0.13500,0.01000,1.220197,0.506520,-0.458783,1.104051,1648435.01,624,50.1603
0.03500,0.14000,0.01000,1.220197,0.506520,-0.458783,1.104051,1648435.01,624,50.1603
0.03500,0.14500,0.01000,1.220197,0.506520,-0.458783,1.104051,1648435.01,624,50.1603
0.03500,0.15000,0.01000,1.220197,0.506520,-0.458783,1.104051,1648435.01,624,50.1603
0.05000,0.07000,0.01100,1.220193,0.525877,-0.479185,1.097442,1932611.29,624,47.4359
0.03500,0.09500,0.01000,1.220129,0.506473,-0.458783,1.103948,1647791.82,624,50.1603
0.04500,0.05500,0.01600,1.220105,0.505445,-0.431698,1.170831,1633846.75,624,50.6410
0.05500,0.11000,0.01400,1.220082,0.528581,-0.470995,1.122266,1975712.68,624,47.1154
0.08000,0.07000,0.00500,1.220028,0.539189,-0.448413,1.202437,2153453.63,624,43.9103
0.03500,0.08500,0.02000,1.220022,0.502176,-0.412841,1.216390,1590192.01,624,53.6859
0.06000,0.06000,0.00500,1.219939,0.524442,-0.465621,1.126327,1910084.08,624,45.8333
0.04500,0.14000,0.01400,1.219907,0.517356,-0.479877,1.078100,1802378.15,624,48.3974
0.04500,0.07500,0.01300,1.219774,0.515649,-0.478282,1.078128,1777283.03,624,48.0769
0.05500,0.05500,0.00700,1.219732,0.516295,-0.451730,1.142928,1786737.87,624,47.5962
0.05500,0.12000,0.01900,1.219729,0.529499,-0.444627,1.190882,1990534.30,624,48.7179
0.04500,0.08500,0.01100,1.219697,0.519856,-0.489935,1.061071,1839720.46,624,47.7564
0.06500,0.07000,0.01300,1.219674,0.526384,-0.453276,1.161288,1940614.01,624,46.6346
0.04000,0.09000,0.01300,1.219638,0.510448,-0.436304,1.169934,1702779.92,624,49.0385
0.04000,0.05500,0.00800,1.219613,0.507363,-0.444379,1.141736,1659968.73,624,48.8782
0.03500,0.07500,0.02000,1.219374,0.501963,-0.412853,1.215841,1587394.26,624,53.6859
0.04500,0.13500,0.01400,1.219326,0.516824,-0.479877,1.076991,1794520.17,624,48.3974
0.08000,0.07000,0.01500,1.219306,0.530496,-0.434256,1.221621,2006758.98,624,47.1154
0.05500,0.09500,0.01300,1.219305,0.527954,-0.467244,1.129933,1965637.76,624,46.7949
0.06000,0.10000,0.01300,1.219254,0.534397,-0.467362,1.143433,2071410.31,624,45.9936
0.10000,0.07000,0.01200,1.219242,0.535285,-0.442418,1.209909,2086406.44,624,45.0321
0.05000,0.15000,0.01100,1.219219,0.530795,-0.479185,1.107705,2011657.86,624,46.9551
0.03000,0.07000,0.01600,1.219200,0.496335,-0.408052,1.216352,1514858.64,624,53.6859
0.05500,0.07500,0.01000,1.219158,0.530049,-0.475563,1.114572,1999472.29,624,46.1538
0.08000,0.07000,0.02000,1.219070,0.535054,-0.439953,1.216162,2082491.26,624,49.3590
0.07000,0.07500,0.01600,1.219019,0.531913,-0.431703,1.232127,2030031.54,624,47.1154
0.05000,0.06000,0.01900,1.218993,0.513092,-0.434944,1.179674,1740288.88,624,50.4808
0.03500,0.07000,0.01500,1.218958,0.499781,-0.424942,1.176118,1558903.05,624,51.6026
0.06000,0.05500,0.01200,1.218867,0.512091,-0.437378,1.170821,1726007.21,624,47.2756
0.03500,0.06500,0.01200,1.218827,0.498685,-0.439973,1.133444,1544763.92,624,50.3205
0.05500,0.09500,0.01800,1.218792,0.527481,-0.442169,1.192941,1958068.69,624,48.7179
0.04500,0.13000,0.01400,1.218726,0.516287,-0.479877,1.075873,1786629.55,624,48.3974
0.05500,0.10000,0.00800,1.218696,0.534462,-0.469025,1.139518,2072510.27,624,45.5128
0.05000,0.14500,0.01100,1.218662,0.530252,-0.479185,1.106571,2002775.36,624,46.9551
0.06000,0.09500,0.01300,1.218653,0.533564,-0.467362,1.141651,2057445.35,624,45.9936
0.06000,0.09500,0.01800,1.218628,0.533906,-0.450586,1.184913,2063166.93,624,48.0769
0.06500,0.07000,0.02000,1.218586,0.529798,-0.440862,1.201732,1995382.91,624,49.6795
0.06000,0.08000,0.01800,1.218484,0.530679,-0.450597,1.177725,2009756.31,624,48.2372
0.05500,0.11500,0.01900,1.218371,0.528387,-0.444627,1.188381,1972576.07,624,48.7179
0.06500,0.07500,0.02000,1.218292,0.532931,-0.440880,1.208787,2046894.22,624,49.0385
0.03500,0.07000,0.01800,1.218199,0.500068,-0.410423,1.218420,1562619.06,624,52.7244
0.05000,0.06000,0.00900,1.218155,0.519207,-0.438568,1.183869,1829966.31,624,47.2756
0.04500,0.12500,0.01400,1.218111,0.515749,-0.479877,1.074752,1778746.30,624,48.3974
0.05000,0.14000,0.01100,1.218092,0.529714,-0.479185,1.105449,1994032.49,624,46.9551
0.04000,0.08500,0.01300,1.218050,0.509333,-0.436304,1.167379,1687189.77,624,49.0385
0.04500,0.06000,0.01300,1.218040,0.508488,-0.428261,1.187331,1675463.99,624,48.8782
0.04500,0.15000,0.01900,1.218007,0.517039,-0.453894,1.139119,1797699.65,624,50.1603
0.06000,0.06000,0.02000,1.217943,0.518682,-0.436272,1.188894,1822094.88,624,50.9615
0.09500,0.07000,0.01200,1.217929,0.534424,-0.442418,1.207962,2071877.59,624,45.0321
0.06000,0.09000,0.00300,1.217922,0.543104,-0.445091,1.220208,2222700.78,624,42.9487
0.06000,0.10500,0.00200,1.217829,0.545633,-0.447375,1.219632,2268509.08,624,42.6282
0.03000,0.08000,0.00100,1.217789,0.509534,-0.423546,1.203021,1690002.14,624,49.8397
0.05500,0.08000,0.01800,1.217721,0.524974,-0.442045,1.187602,1918404.34,624,48.7179
0.06500,0.07500,0.01400,1.217587,0.527411,-0.457204,1.153559,1956949.64,624,46.3141
0.03500,0.06000,0.01700,1.217572,0.496304,-0.409214,1.212821,1514470.08,624,53.0449
0.06000,0.08500,0.00500,1.217526,0.538347,-0.451469,1.192434,2138840.47,624,43.9103
0.05000,0.13500,0.01100,1.217519,0.529180,-0.479185,1.104334,1985371.59,624,46.9551
0.04500,0.12000,0.01400,1.217470,0.515196,-0.479877,1.073599,1770675.01,624,48.3974
0.04500,0.14500,0.01900,1.217420,0.516484,-0.453894,1.137895,1789520.70,624,50.1603
0.03000,0.08000,0.00400,1.217307,0.506607,-0.435007,1.164595,1649627.80,624,50.3205
0.05500,0.06000,0.01800,1.217164,0.513819,-0.434052,1.183773,1750740.14,624,50.0000
0.06500,0.07500,0.00700,1.217063,0.536423,-0.452595,1.185217,2105753.76,624,44.3910
0.06000,0.15000,0.01000,1.217052,0.541580,-0.475534,1.138889,2195512.82,624,45.0321
0.04000,0.06000,0.01100,1.216977,0.507534,-0.448377,1.131936,1662309.11,624,49.3590
0.03500,0.09000,0.00900,1.216908,0.504134,-0.457190,1.102678,1616202.47,624,49.8397
0.04000,0.10000,0.01300,1.216856,0.508914,-0.436304,1.166420,1681371.39,624,49.0385
0.04000,0.10500,0.01300,1.216856,0.508914,-0.436304,1.166420,1681371.39,624,49.0385
0.04000,0.11000,0.01300,1.216856,0.508914,-0.436304,1.166420,1681371.39,624,49.0385
0.04000,0.11500,0.01300,1.216856,0.508914,-0.436304,1.166420,1681371.39,624,49.0385
0.04000,0.12000,0.01300,1.216856,0.508914,-0.436304,1.166420,1681371.39,624,49.0385
0.04000,0.12500,0.01300,1.216856,0.508914,-0.436304,1.166420,1681371.39,624,49.0385
0.04000,0.13000,0.01300,1.216856,0.508914,-0.436304,1.166420,1681371.39,624,49.0385
0.04000,0.13500,0.01300,1.216856,0.508914,-0.436304,1.166420,1681371.39,624,49.0385
0.04000,0.14000,0.01300,1.216856,0.508914,-0.436304,1.166420,1681371.39,624,49.0385
0.04000,0.14500,0.01300,1.216856,0.508914,-0.436304,1.166420,1681371.39,624,49.0385
0.04000,0.15000,0.01300,1.216856,0.508914,-0.436304,1.166420,1681371.39,624,49.0385
0.04500,0.14000,0.01900,1.216852,0.515952,-0.453894,1.136724,1781722.69,624,50.1603
0.04500,0.11500,0.01400,1.216829,0.514655,-0.479877,1.072473,1762824.77,624,48.3974
0.04000,0.09500,0.01300,1.216790,0.508865,-0.436304,1.166308,1680695.24,624,49.0385
0.05000,0.13000,0.01100,1.216776,0.528515,-0.479185,1.102945,1974634.82,624,46.9551
0.05000,0.05500,0.01800,1.216736,0.505566,-0.434035,1.164803,1635478.70,624,50.8013
0.08000,0.05500,0.00600,1.216622,0.523551,-0.450074,1.163254,1896222.47,624,45.3526
0.06500,0.07000,0.00500,1.216592,0.532602,-0.452326,1.177472,2041426.42,624,44.3910
0.03000,0.08000,0.01600,1.216491,0.494121,-0.408032,1.210986,1487178.38,624,53.6859
0.06000,0.14500,0.01000,1.216472,0.541015,-0.475534,1.137700,2185500.20,624,45.0321
0.05500,0.15000,0.01000,1.216366,0.535498,-0.475581,1.125986,2090006.47,624,45.8333
0.03500,0.08000,0.00900,1.216359,0.503598,-0.457222,1.101429,1609045.12,624,49.8397
0.07000,0.07500,0.00500,1.216338,0.536512,-0.451476,1.188351,2107261.42,624,43.4295
0.04500,0.07000,0.01900,1.216308,0.511821,-0.453894,1.127622,1722169.59,624,50.4808
0.04000,0.05500,0.01700,1.216283,0.499651,-0.432788,1.154493,1557220.01,624,51.9231
0.04500,0.13500,0.01900,1.216281,0.515431,-0.453894,1.135576,1774109.91,624,50.1603
0.04500,0.11000,0.01400,1.216176,0.514112,-0.479877,1.071341,1754966.95,624,48.3974
0.06000,0.11000,0.01900,1.216076,0.533157,-0.453077,1.176746,2050655.71,624,48.0769
0.08000,0.07000,0.00400,1.216028,0.539639,-0.446761,1.207892,2161317.66,624,43.4295
0.05500,0.10500,0.01400,1.215962,0.525677,-0.470995,1.116099,1929453.29,624,47.1154
0.06000,0.14000,0.01000,1.215909,0.540476,-0.475534,1.136566,2175996.55,624,45.0321
0.05500,0.14500,0.01000,1.215795,0.534944,-0.475581,1.124821,2080627.32,624,45.8333
0.04500,0.13000,0.01900,1.215686,0.514898,-0.453894,1.134402,1766348.66,624,50.1603
0.05500,0.09000,0.00700,1.215611,0.533265,-0.466553,1.142989,2052466.76,624,45.3526
0.05000,0.12500,0.01100,1.215485,0.527424,-0.479185,1.100669,1957154.11,624,46.9551
0.03500,0.07000,0.01100,1.215438,0.502089,-0.448824,1.118675,1589041.53,624,50.8013
0.06000,0.06500,0.00800,1.215435,0.525340,-0.453421,1.158614,1924158.13,624,45.9936
0.06000,0.13500,0.01000,1.215358,0.539949,-0.475534,1.135460,2166754.20,624,45.0321
0.03500,0.08500,0.00900,1.215300,0.503022,-0.457190,1.100247,1601386.75,624,49.8397
0.05500,0.14000,0.01000,1.215227,0.534404,-0.475581,1.123686,2071532.78,624,45.8333
0.08000,0.06500,0.01200,1.215190,0.526155,-0.433526,1.213665,1936995.68,624,45.6731
0.06000,0.08000,0.00500,1.215188,0.535850,-0.451462,1.186922,2095986.13,624,43.9103
0.06000,0.09000,0.00800,1.215156,0.536137,-0.469068,1.142984,2100868.39,624,44.8718
0.03000,0.08500,0.00100,1.215148,0.507827,-0.423546,1.198989,1666339.09,624,49.8397
0.03000,0.09000,0.00100,1.215148,0.507827,-0.423546,1.198989,1666339.09,624,49.8397
0.03000,0.09500,0.00100,1.215148,0.507827,-0.423546,1.198989,1666339.09,624,49.8397
0.03000,0.10000,0.00100,1.215148,0.507827,-0.423546,1.198989,1666339.09,624,49.8397
0.03000,0.10500,0.00100,1.215148,0.507827,-0.423546,1.198989,1666339.09,624,49.8397
0.03000,0.11000,0.00100,1.215148,0.507827,-0.423546,1.198989,1666339.09,624,49.8397
0.03000,0.11500,0.00100,1.215148,0.507827,-0.423546,1.198989,1666339.09,624,49.8397
0.03000,0.12000,0.00100,1.215148,0.507827,-0.423546,1.198989,1666339.09,624,49.8397
0.03000,0.12500,0.00100,1.215148,0.507827,-0.423546,1.198989,1666339.09,624,49.8397
0.03000,0.13000,0.00100,1.215148,0.507827,-0.423546,1.198989,1666339.09,624,49.8397
0.03000,0.13500,0.00100,1.215148,0.507827,-0.423546,1.198989,1666339.09,624,49.8397
0.03000,0.14000,0.00100,1.215148,0.507827,-0.423546,1.198989,1666339.09,624,49.8397
0.03000,0.14500,0.00100,1.215148,0.507827,-0.423546,1.198989,1666339.09,624,49.8397
0.03000,0.15000,0.00100,1.215148,0.507827,-0.423546,1.198989,1666339.09,624,49.8397
0.03000,0.07000,0.00800,1.215090,0.498697,-0.450499,1.106988,1544919.84,624,51.4423
0.04500,0.12500,0.01900,1.215062,0.514354,-0.453894,1.133203,1758465.50,624,50.1603
0.05500,0.08000,0.00800,1.215060,0.529861,-0.469072,1.129594,1996419.11,624,45.5128
0.05500,0.09500,0.00800,1.215024,0.531593,-0.469025,1.133401,2024754.02,624,45.5128
0.06000,0.10500,0.01400,1.214994,0.531036,-0.471032,1.127389,2015604.21,624,46.3141
0.03000,0.07500,0.01600,1.214963,0.493703,-0.408039,1.209940,1481996.49,624,53.6859
0.06000,0.08500,0.00800,1.214946,0.535146,-0.469068,1.140871,2084046.90,624,44.8718
0.08000,0.07000,0.00300,1.214791,0.539683,-0.445101,1.212495,2162089.29,624,42.9487
0.05500,0.08500,0.01300,1.214728,0.523670,-0.467336,1.120542,1898066.11,624,46.7949
0.03000,0.08500,0.00400,1.214691,0.504935,-0.435007,1.160751,1626966.11,624,50.3205
0.03000,0.09000,0.00400,1.214691,0.504935,-0.435007,1.160751,1626966.11,624,50.3205
0.03000,0.09500,0.00400,1.214691,0.504935,-0.435007,1.160751,1626966.11,624,50.3205
0.03000,0.10000,0.00400,1.214691,0.504935,-0.435007,1.160751,1626966.11,624,50.3205
0.03000,0.10500,0.00400,1.214691,0.504935,-0.435007,1.160751,1626966.11,624,50.3205
0.03000,0.11000,0.00400,1.214691,0.504935,-0.435007,1.160751,1626966.11,624,50.3205
0.03000,0.11500,0.00400,1.214691,0.504935,-0.435007,1.160751,1626966.11,624,50.3205
0.03000,0.12000,0.00400,1.214691,0.504935,-0.435007,1.160751,1626966.11,624,50.3205
0.03000,0.12500,0.00400,1.214691,0.504935,-0.435007,1.160751,1626966.11,624,50.3205
0.03000,0.13000,0.00400,1.214691,0.504935,-0.435007,1.160751,1626966.11,624,50.3205
0.03000,0.13500,0.00400,1.214691,0.504935,-0.435007,1.160751,1626966.11,624,50.3205
0.03000,0.14000,0.00400,1.214691,0.504935,-0.435007,1.160751,1626966.11,624,50.3205
0.03000,0.14500,0.00400,1.214691,0.504935,-0.435007,1.160751,1626966.11,624,50.3205
0.03000,0.15000,0.00400,1.214691,0.504935,-0.435007,1.160751,1626966.11,624,50.3205
0.04000,0.06000,0.01400,1.214688,0.501189,-0.429298,1.167462,1577221.88,624,50.0000
0.05500,0.13500,0.01000,1.214649,0.533864,-0.475581,1.122552,2062477.64,624,45.8333
0.06000,0.13000,0.01000,1.214597,0.539263,-0.475534,1.134017,2154756.82,624,45.0321
0.04500,0.12000,0.01900,1.214433,0.513809,-0.453894,1.132001,1750590.59,624,50.1603
0.05000,0.12000,0.01100,1.214162,0.526321,-0.479185,1.098367,1939621.63,624,46.9551
0.03000,0.09000,0.01600,1.214127,0.492704,-0.408045,1.207474,1469701.79,624,53.6859
0.03500,0.10000,0.00900,1.214091,0.502604,-0.457190,1.099333,1595851.74,624,49.8397
0.03500,0.10500,0.00900,1.214091,0.502604,-0.457190,1.099333,1595851.74,624,49.8397
0.03500,0.11000,0.00900,1.214091,0.502604,-0.457190,1.099333,1595851.74,624,49.8397
0.03500,0.11500,0.00900,1.214091,0.502604,-0.457190,1.099333,1595851.74,624,49.8397
0.03500,0.12000,0.00900,1.214091,0.502604,-0.457190,1.099333,1595851.74,624,49.8397
0.03500,0.12500,0.00900,1.214091,0.502604,-0.457190,1.099333,1595851.74,624,49.8397
0.03500,0.13000,0.00900,1.214091,0.502604,-0.457190,1.099333,1595851.74,624,49.8397
0.03500,0.13500,0.00900,1.214091,0.502604,-0.457190,1.099333,1595851.74,624,49.8397
0.03500,0.14000,0.00900,1.214091,0.502604,-0.457190,1.099333,1595851.74,624,49.8397
0.03500,0.14500,0.00900,1.214091,0.502604,-0.457190,1.099333,1595851.74,624,49.8397
0.03500,0.15000,0.00900,1.214091,0.502604,-0.457190,1.099333,1595851.74,624,49.8397
0.03500,0.04500,0.00600,1.214059,0.489091,-0.438887,1.114388,1425992.27,624,50.8013
0.03500,0.09500,0.00900,1.214012,0.502549,-0.457190,1.099212,1595116.67,624,49.8397
0.06000,0.06500,0.00500,1.213984,0.526237,-0.454896,1.156828,1938289.93,624,45.0321
0.05500,0.13000,0.01000,1.213887,0.533183,-0.475581,1.121119,2051089.86,624,45.8333
0.06500,0.06500,0.00800,1.213807,0.524512,-0.453425,1.156776,1911173.29,624,45.9936
0.04500,0.11500,0.01900,1.213789,0.513266,-0.453894,1.130805,1742780.90,624,50.1603
0.06000,0.06000,0.00700,1.213598,0.520598,-0.451755,1.152390,1850941.69,624,46.4744
0.04500,0.05500,0.01700,1.213583,0.500913,-0.432906,1.157094,1573617.83,624,51.2821
0.05500,0.05500,0.01200,1.213500,0.503686,-0.437341,1.151702,1610228.12,624,47.9167
0.04500,0.10500,0.01400,1.213455,0.512338,-0.479877,1.067644,1729520.07,624,48.3974
0.01000,0.07000,0.00600,1.213445,0.453845,-0.398218,1.139691,1058097.80,624,65.5449
0.07000,0.07000,0.00500,1.213438,0.530757,-0.452347,1.173342,2011029.14,624,44.2308
0.10000,0.07500,0.01200,1.213356,0.533444,-0.459902,1.159908,2055440.14,624,44.3910
0.06000,0.12500,0.01000,1.213348,0.538182,-0.475534,1.131743,2135974.49,624,45.0321
0.03000,0.08500,0.01600,1.213237,0.492162,-0.408023,1.206210,1463063.83,624,53.6859
0.05500,0.08000,0.00200,1.213222,0.534861,-0.447355,1.195609,2079239.18,624,43.5897
0.04500,0.11000,0.01900,1.213154,0.512737,-0.453894,1.129641,1735216.57,624,50.1603
0.05000,0.07500,0.01100,1.213131,0.522349,-0.479185,1.090079,1877676.32,624,47.1154
0.05500,0.09000,0.00200,1.213075,0.535701,-0.447379,1.197422,2093461.36,624,43.5897
0.06000,0.10500,0.00700,1.212967,0.538593,-0.466523,1.154483,2143089.12,624,44.3910
0.05000,0.11500,0.01100,1.212836,0.525235,-0.479185,1.096101,1922500.04,624,46.9551
0.09000,0.07000,0.01700,1.212806,0.534792,-0.436535,1.225082,2078066.73,624,48.2372
0.07500,0.07000,0.01500,1.212771,0.525598,-0.430633,1.220523,1928203.25,624,47.1154
0.06000,0.05500,0.01000,1.212763,0.512224,-0.446158,1.148077,1727900.84,624,47.2756
0.06000,0.10000,0.00800,1.212639,0.535947,-0.469144,1.142394,2097635.44,624,44.7115
0.05500,0.12500,0.01000,1.212626,0.532102,-0.475581,1.118847,2033157.92,624,45.8333
0.05500,0.08500,0.01800,1.212572,0.522143,-0.442034,1.181226,1874504.00,624,48.7179
0.07000,0.06500,0.01200,1.212530,0.520239,-0.427038,1.218251,1845511.52,624,45.9936
0.07500,0.07000,0.02000,1.212522,0.530104,-0.436343,1.214879,2000363.81,624,49.3590
0.06500,0.06500,0.00500,1.212288,0.525366,-0.454897,1.154912,1924551.52,624,45.0321
0.06000,0.03500,0.00600,1.212228,0.497472,-0.439635,1.131557,1529264.06,624,50.0000
0.04500,0.15000,0.01300,1.212155,0.514347,-0.478282,1.075405,1758354.88,624,47.9167
0.06500,0.07000,0.00400,1.212087,0.532787,-0.447381,1.190901,2044501.38,624,43.9103
0.04500,0.10000,0.01400,1.212067,0.511229,-0.479877,1.065332,1713785.94,624,48.3974
0.06000,0.09500,0.00800,1.212043,0.535123,-0.469144,1.140637,2083660.39,624,44.7115
0.06000,0.12000,0.01000,1.212038,0.537071,-0.475534,1.129407,2116842.27,624,45.0321
0.07000,0.07500,0.00400,1.212012,0.536691,-0.446771,1.201267,2110331.60,624,42.9487
0.04500,0.09000,0.01400,1.211987,0.510541,-0.479877,1.063899,1704096.04,624,48.3974
0.06000,0.06500,0.01400,1.211821,0.515429,-0.429335,1.200528,1774074.34,624,47.5962
0.06500,0.07500,0.01800,1.211744,0.525565,-0.436175,1.204940,1927683.74,624,47.9167
0.03000,0.07500,0.00800,1.211593,0.496347,-0.450499,1.101771,1515007.18,624,51.4423
0.07000,0.07500,0.00300,1.211586,0.537182,-0.445091,1.206902,2118738.72,624,42.4679
0.04500,0.14500,0.01300,1.211576,0.513800,-0.478282,1.074262,1750462.36,624,47.9167
0.05000,0.11000,0.01100,1.211473,0.524140,-0.479185,1.093816,1905375.15,624,46.9551
0.05000,0.04500,0.00600,1.211461,0.495469,-0.432260,1.146229,1503972.10,624,48.5577
0.05500,0.12000,0.01000,1.211312,0.531001,-0.475581,1.116531,2015024.48,624,45.8333
0.06500,0.07000,0.00800,1.211224,0.527374,-0.455101,1.158808,1956366.20,624,45.3526
0.05500,0.11000,0.01900,1.211050,0.523352,-0.444627,1.177058,1893143.94,624,48.7179
0.04500,0.14000,0.01300,1.211030,0.513285,-0.478282,1.073185,1743058.64,624,47.9167
0.06000,0.08500,0.00400,1.211025,0.537028,-0.446780,1.201994,2116093.41,624,43.4295
0.06000,0.08000,0.00800,1.211005,0.531530,-0.469080,1.133133,2023714.39,624,44.8718
0.03500,0.09000,0.01500,1.210855,0.495417,-0.424942,1.165846,1503325.75,624,51.4423
0.04000,0.05500,0.00900,1.210704,0.500499,-0.446603,1.120681,1568221.52,624,48.8782
0.06000,0.11500,0.01000,1.210703,0.535959,-0.475534,1.127068,2097838.50,624,45.0321
0.05500,0.06500,0.01000,1.210696,0.520177,-0.435560,1.194273,1844574.64,624,46.7949
0.06500,0.06500,0.01400,1.210623,0.514921,-0.429483,1.198932,1766676.71,624,47.5962
0.04500,0.09500,0.01400,1.210604,0.510071,-0.479877,1.062919,1697497.53,624,48.3974
0.05500,0.10000,0.01400,1.210559,0.521795,-0.470995,1.107856,1869171.94,624,47.1154
0.04500,0.13500,0.01300,1.210425,0.512742,-0.478282,1.072051,1735287.35,624,47.9167
0.05500,0.08500,0.00800,1.210420,0.527283,-0.469018,1.124227,1954900.75,624,45.5128
0.04500,0.10500,0.01900,1.210383,0.510936,-0.453894,1.125672,1709648.38,624,50.1603
0.06000,0.06500,0.00700,1.210322,0.524259,-0.451751,1.160504,1907237.69,624,45.6731
0.06500,0.07000,0.00300,1.210268,0.532474,-0.445092,1.196325,2039315.22,624,43.4295
0.03500,0.10000,0.02000,1.210200,0.496764,-0.412843,1.203277,1520284.32,624,53.6859
0.03500,0.10500,0.02000,1.210200,0.496764,-0.412843,1.203277,1520284.32,624,53.6859
0.03500,0.11000,0.02000,1.210200,0.496764,-0.412843,1.203277,1520284.32,624,53.6859
0.03500,0.11500,0.02000,1.210200,0.496764,-0.412843,1.203277,1520284.32,624,53.6859
0.03500,0.12000,0.02000,1.210200,0.496764,-0.412843,1.203277,1520284.32,624,53.6859
0.03500,0.12500,0.02000,1.210200,0.496764,-0.412843,1.203277,1520284.32,624,53.6859
0.03500,0.13000,0.02000,1.210200,0.496764,-0.412843,1.203277,1520284.32,624,53.6859
0.03500,0.13500,0.02000,1.210200,0.496764,-0.412843,1.203277,1520284.32,624,53.6859
0.03500,0.14000,0.02000,1.210200,0.496764,-0.412843,1.203277,1520284.32,624,53.6859
0.03500,0.14500,0.02000,1.210200,0.496764,-0.412843,1.203277,1520284.32,624,53.6859
0.03500,0.15000,0.02000,1.210200,0.496764,-0.412843,1.203277,1520284.32,624,53.6859
0.05500,0.07000,0.01000,1.210175,0.522955,-0.475640,1.099477,1887002.70,624,46.4744
0.08000,0.07000,0.00800,1.210172,0.530962,-0.453421,1.171012,2014383.46,624,44.8718
0.03500,0.09500,0.02000,1.210147,0.496726,-0.412851,1.203162,1519805.92,624,53.6859
0.03500,0.08000,0.01500,1.210009,0.494657,-0.424929,1.164092,1493834.69,624,51.4423
0.05500,0.11500,0.01000,1.209964,0.529890,-0.475581,1.114196,1996891.51,624,45.8333
0.06000,0.06500,0.00400,1.209956,0.526834,-0.449967,1.170828,1947754.79,624,44.5513
0.04500,0.13000,0.01300,1.209835,0.512214,-0.478282,1.070946,1727755.46,624,47.9167
0.05500,0.05500,0.02000,1.209823,0.504584,-0.436039,1.157197,1622236.04,624,51.6026
0.04000,0.05000,0.00200,1.209803,0.506946,-0.420394,1.205883,1654250.45,624,48.2372
0.06000,0.09000,0.01400,1.209771,0.525686,-0.470970,1.116176,1929590.21,624,46.4744
0.05500,0.05500,0.01000,1.209745,0.505454,-0.446150,1.132926,1633972.02,624,47.9167
0.08500,0.07000,0.00800,1.209610,0.533736,-0.453424,1.177123,2060321.01,624,44.7115
0.06000,0.08500,0.01400,1.209605,0.524741,-0.471094,1.113878,1914761.82,624,46.4744
0.06000,0.08000,0.00400,1.209580,0.535144,-0.446779,1.197784,2084014.27,624,43.4295
0.04500,0.08000,0.01400,1.209542,0.508569,-0.479877,1.059790,1676591.33,624,48.3974
0.03500,0.07000,0.01400,1.209487,0.493561,-0.437944,1.126996,1480241.26,624,51.2821
0.09000,0.07000,0.01600,1.209465,0.532701,-0.435414,1.223435,2043066.85,624,47.4359
0.08500,0.07000,0.00500,1.209395,0.534541,-0.448421,1.192051,2073843.86,624,43.7500
0.07500,0.07000,0.00500,1.209389,0.531724,-0.452360,1.175445,2026916.22,624,43.9103
0.03000,0.05500,0.00300,1.209336,0.500574,-0.430630,1.162421,1569196.93,624,50.4808
0.05500,0.03500,0.00600,1.209321,0.491944,-0.439641,1.118969,1460408.94,624,50.3205
0.05000,0.05500,0.01400,1.209234,0.499526,-0.429453,1.163168,1555596.14,624,49.1987
0.04500,0.12500,0.01300,1.209216,0.511676,-0.478282,1.069822,1720114.70,624,47.9167
0.04000,0.05500,0.01000,1.209176,0.499577,-0.448813,1.113106,1556259.02,624,49.1987
0.08000,0.07000,0.00700,1.209156,0.532521,-0.451750,1.178797,2040086.14,624,44.5513
0.06500,0.07000,0.01400,1.209138,0.518639,-0.457194,1.134397,1821465.88,624,46.9551
0.07000,0.07000,0.00400,1.209135,0.531061,-0.447380,1.187046,2016007.52,624,43.7500
0.01000,0.06500,0.00600,1.209130,0.451398,-0.398218,1.133546,1036123.71,624,65.5449
0.04500,0.10000,0.01900,1.209058,0.509861,-0.453894,1.123305,1694566.59,624,50.1603
0.04500,0.08500,0.01400,1.208987,0.508336,-0.479877,1.059304,1673365.40,624,48.3974
0.06000,0.10000,0.00200,1.208968,0.539283,-0.447384,1.205414,2155093.81,624,42.6282
0.02000,0.07000,0.00700,1.208858,0.474229,-0.435676,1.088489,1258489.81,624,57.2115
0.03500,0.09000,0.01800,1.208726,0.495006,-0.410452,1.206002,1498187.28,624,52.5641
0.06500,0.06500,0.00700,1.208660,0.523401,-0.451748,1.158613,1893904.53,624,45.6731
0.04500,0.05500,0.01000,1.208637,0.502003,-0.448829,1.118471,1587909.87,624,48.5577
0.05500,0.09000,0.01300,1.208632,0.520407,-0.467281,1.113690,1848046.13,624,46.7949
0.04500,0.12000,0.01300,1.208572,0.511123,-0.478282,1.068666,1712294.80,624,47.9167
0.06000,0.06500,0.00300,1.208550,0.526883,-0.445092,1.183762,1948537.14,624,44.0705
0.03000,0.07000,0.01700,1.208463,0.488997,-0.409239,1.194894,1424877.04,624,54.3269
0.08000,0.07000,0.01300,1.208456,0.523683,-0.434984,1.203914,1898277.59,624,46.1538
0.07000,0.07500,0.00800,1.208438,0.529718,-0.455181,1.163753,1994088.75,624,44.3910
0.06000,0.09500,0.00200,1.208397,0.538485,-0.447375,1.203656,2141229.65,624,42.6282
0.05500,0.08000,0.01400,1.208388,0.518139,-0.471012,1.100054,1814002.85,624,47.1154
0.03500,0.08500,0.01500,1.208348,0.493768,-0.424960,1.161917,1482808.14,624,51.4423
0.06500,0.06500,0.00400,1.208218,0.525941,-0.449962,1.168857,1933618.82,624,44.5513
0.06000,0.07500,0.01000,1.208191,0.526610,-0.475521,1.107439,1944208.47,624,45.5128
0.06000,0.07500,0.00200,1.208170,0.532854,-0.447385,1.191042,2045610.24,624,42.9487
0.05000,0.10500,0.01100,1.208062,0.521790,-0.479185,1.088912,1869105.35,624,46.9551
0.04500,0.11500,0.01300,1.207916,0.510576,-0.478282,1.067522,1704590.26,624,47.9167
0.07000,0.07000,0.00300,1.207806,0.531060,-0.445096,1.193135,2015994.73,624,43.2692
0.03500,0.08000,0.01800,1.207789,0.494202,-0.410407,1.204173,1488174.36,624,52.5641
0.07000,0.07000,0.01500,1.207773,0.518748,-0.430508,1.204968,1823089.61,624,47.2756
0.03500,0.06000,0.02000,1.207761,0.491497,-0.412826,1.190567,1454968.40,624,54.0064
0.03500,0.07500,0.01500,1.207628,0.493522,-0.424956,1.161350,1479767.97,624,51.4423
0.07000,0.07000,0.00800,1.207366,0.525104,-0.455178,1.153623,1920443.74,624,45.1923
0.04500,0.11000,0.01300,1.207287,0.510051,-0.478282,1.066424,1697221.58,624,47.9167
0.05500,0.09000,0.01800,1.207220,0.519375,-0.442041,1.174947,1832485.00,624,48.7179
0.06000,0.08500,0.00300,1.207198,0.535180,-0.445102,1.202376,2084631.48,624,42.9487
0.05500,0.08500,0.00200,1.206977,0.531082,-0.447363,1.187140,2016354.32,624,43.5897
0.05500,0.10500,0.01900,1.206953,0.520469,-0.444627,1.170572,1848984.11,624,48.7179
0.06000,0.08000,0.01400,1.206947,0.521961,-0.471014,1.108165,1871718.54,624,46.4744
0.06000,0.10500,0.01900,1.206891,0.526813,-0.453077,1.162746,1947433.85,624,48.0769
0.06500,0.06500,0.00300,1.206888,0.526012,-0.445091,1.181807,1934729.84,624,44.0705
0.05500,0.09500,0.01400,1.206860,0.518961,-0.470995,1.101841,1826282.45,624,47.1154
0.08500,0.07000,0.01300,1.206808,0.525826,-0.434984,1.208839,1931794.56,624,45.9936
0.06000,0.08500,0.00700,1.206800,0.531855,-0.466544,1.139990,2029068.55,624,44.5513
0.02500,0.07000,0.00700,1.206798,0.489805,-0.446901,1.096003,1434534.08,624,53.6859
0.07000,0.07000,0.01300,1.206796,0.518503,-0.453300,1.143842,1819433.77,624,46.4744
0.03500,0.06000,0.01200,1.206604,0.489736,-0.442300,1.107247,1433704.97,624,50.4808
0.06500,0.07000,0.00700,1.206579,0.526554,-0.452591,1.163419,1943308.14,624,45.0321
0.04500,0.06000,0.01900,1.206547,0.500733,-0.435043,1.150997,1571269.26,624,50.9615
0.06000,0.08000,0.00300,1.206542,0.533902,-0.445094,1.199526,2063107.97,624,42.9487
0.09000,0.06500,0.01200,1.206496,0.524712,-0.433395,1.210701,1914300.89,624,45.3526
0.08500,0.07000,0.01500,1.206395,0.524653,-0.434245,1.208198,1913386.89,624,46.9551
0.06000,0.09000,0.00700,1.206254,0.532310,-0.466513,1.141039,2036587.50,624,44.5513
0.03500,0.08500,0.01800,1.206221,0.493357,-0.410457,1.201970,1477734.60,624,52.5641
0.03500,0.06500,0.01500,1.206216,0.491139,-0.424938,1.155791,1450625.42,624,51.6026
0.05500,0.06000,0.01400,1.206138,0.505893,-0.430569,1.174940,1639906.46,624,48.5577
0.06000,0.10000,0.01400,1.206006,0.524797,-0.471032,1.114143,1915638.05,624,46.3141
0.01000,0.07500,0.00600,1.205992,0.449748,-0.398218,1.129402,1021544.41,624,65.5449
0.01000,0.08000,0.00600,1.205992,0.449748,-0.398218,1.129402,1021544.41,624,65.5449
0.01000,0.08500,0.00600,1.205992,0.449748,-0.398218,1.129402,1021544.41,624,65.5449
0.01000,0.09000,0.00600,1.205992,0.449748,-0.398218,1.129402,1021544.41,624,65.5449
0.01000,0.09500,0.00600,1.205992,0.449748,-0.398218,1.129402,1021544.41,624,65.5449
0.01000,0.10000,0.00600,1.205992,0.449748,-0.398218,1.129402,1021544.41,624,65.5449
0.01000,0.10500,0.00600,1.205992,0.449748,-0.398218,1.129402,1021544.41,624,65.5449
0.01000,0.11000,0.00600,1.205992,0.449748,-0.398218,1.129402,1021544.41,624,65.5449
0.01000,0.11500,0.00600,1.205992,0.449748,-0.398218,1.129402,1021544.41,624,65.5449
0.01000,0.12000,0.00600,1.205992,0.449748,-0.398218,1.129402,1021544.41,624,65.5449
0.01000,0.12500,0.00600,1.205992,0.449748,-0.398218,1.129402,1021544.41,624,65.5449
0.01000,0.13000,0.00600,1.205992,0.449748,-0.398218,1.129402,1021544.41,624,65.5449
0.01000,0.13500,0.00600,1.205992,0.449748,-0.398218,1.129402,1021544.41,624,65.5449
0.01000,0.14000,0.00600,1.205992,0.449748,-0.398218,1.129402,1021544.41,624,65.5449
0.01000,0.14500,0.00600,1.205992,0.449748,-0.398218,1.129402,1021544.41,624,65.5449
0.01000,0.15000,0.00600,1.205992,0.449748,-0.398218,1.129402,1021544.41,624,65.5449
0.05000,0.10000,0.01100,1.205967,0.520128,-0.479185,1.085444,1843834.73,624,46.9551
0.03500,0.06500,0.01800,1.205953,0.491793,-0.410427,1.198248,1458561.47,624,52.7244
0.03000,0.08000,0.01700,1.205928,0.486888,-0.409249,1.189710,1399938.34,624,54.3269
0.06000,0.05500,0.01800,1.205916,0.504881,-0.434019,1.163268,1626230.98,624,50.0000
0.03500,0.07500,0.01100,1.205867,0.496766,-0.448824,1.106815,1520302.29,624,50.6410
0.06000,0.06000,0.00800,1.205857,0.513720,-0.455922,1.126772,1749306.96,624,46.6346
0.04000,0.05500,0.02000,1.205854,0.496462,-0.436059,1.138520,1516460.40,624,52.8846
0.09500,0.07500,0.01200,1.205752,0.528399,-0.459902,1.148939,1972771.47,624,44.3910
0.02000,0.07000,0.00800,1.205675,0.470044,-0.438573,1.071758,1214704.08,624,57.3718
0.06000,0.05500,0.00800,1.205487,0.509928,-0.461082,1.105937,1695497.54,624,46.9551
0.07500,0.07000,0.00400,1.205481,0.532200,-0.447385,1.189581,2034771.21,624,43.4295
0.03500,0.07500,0.01800,1.205475,0.493097,-0.410431,1.201411,1474526.40,624,52.5641
0.06000,0.09500,0.01400,1.205381,0.523960,-0.471032,1.112365,1902572.66,624,46.3141
0.03000,0.07000,0.01000,1.205369,0.491104,-0.451847,1.086880,1450194.79,624,51.7628
0.08500,0.07000,0.02000,1.205269,0.528553,-0.440040,1.201148,1975259.20,624,49.1987
0.03000,0.06500,0.01600,1.205139,0.487337,-0.408038,1.194342,1405212.19,624,53.6859
0.08000,0.07000,0.01800,1.204866,0.522518,-0.437553,1.194182,1880273.10,624,48.2372
0.03000,0.05500,0.00700,1.204794,0.491724,-0.447028,1.099986,1457731.58,624,51.7628
0.04500,0.10500,0.01300,1.204556,0.508266,-0.478282,1.062692,1672396.53,624,47.9167
0.07000,0.06000,0.00600,1.204543,0.517057,-0.450069,1.148838,1797958.84,624,45.1923
0.03000,0.09500,0.01600,1.204522,0.487199,-0.408038,1.194005,1403592.43,624,53.6859
0.03000,0.10000,0.01600,1.204522,0.487199,-0.408038,1.194005,1403592.43,624,53.6859
0.03000,0.10500,0.01600,1.204522,0.487199,-0.408038,1.194005,1403592.43,624,53.6859
0.03000,0.11000,0.01600,1.204522,0.487199,-0.408038,1.194005,1403592.43,624,53.6859
0.03000,0.11500,0.01600,1.204522,0.487199,-0.408038,1.194005,1403592.43,624,53.6859
0.03000,0.12000,0.01600,1.204522,0.487199,-0.408038,1.194005,1403592.43,624,53.6859
0.03000,0.12500,0.01600,1.204522,0.487199,-0.408038,1.194005,1403592.43,624,53.6859
0.03000,0.13000,0.01600,1.204522,0.487199,-0.408038,1.194005,1403592.43,624,53.6859
0.03000,0.13500,0.01600,1.204522,0.487199,-0.408038,1.194005,1403592.43,624,53.6859
0.03000,0.14000,0.01600,1.204522,0.487199,-0.408038,1.194005,1403592.43,624,53.6859
0.03000,0.14500,0.01600,1.204522,0.487199,-0.408038,1.194005,1403592.43,624,53.6859
0.03000,0.15000,0.01600,1.204522,0.487199,-0.408038,1.194005,1403592.43,624,53.6859
0.02000,0.08000,0.00700,1.204493,0.471381,-0.435676,1.081954,1228543.83,624,57.2115
0.07000,0.07000,0.02000,1.204429,0.521073,-0.440841,1.181998,1858164.80,624,49.5192
0.05500,0.09000,0.00800,1.204396,0.523984,-0.469027,1.117172,1902950.15,624,45.5128
0.05000,0.09000,0.01100,1.204341,0.518342,-0.479185,1.081716,1817024.20,624,46.9551
0.07000,0.07500,0.01300,1.204340,0.521163,-0.453376,1.149518,1859537.86,624,45.6731
0.04500,0.09000,0.01900,1.204324,0.506227,-0.453894,1.115298,1644454.26,624,50.1603
0.03000,0.07500,0.01700,1.204215,0.486377,-0.409208,1.188581,1393956.47,624,54.3269
0.07500,0.07000,0.00300,1.204142,0.532187,-0.445098,1.195663,2034553.58,624,42.9487
0.07000,0.07500,0.01500,1.204098,0.520735,-0.430567,1.209416,1853018.76,624,46.4744
0.06500,0.15000,0.00600,1.204084,0.539830,-0.552225,0.977555,2164662.78,624,43.1090
0.06000,0.10000,0.00700,1.204053,0.532278,-0.466523,1.140949,2036067.50,624,44.3910
0.06000,0.06500,0.01800,1.203981,0.512561,-0.434049,1.180883,1732700.33,624,49.1987
0.08500,0.07000,0.00400,1.203966,0.533621,-0.446767,1.194407,2058406.21,624,43.2692
0.03500,0.08000,0.01200,1.203956,0.491748,-0.451785,1.088456,1458020.35,624,50.0000
0.05500,0.05000,0.00600,1.203911,0.500813,-0.424004,1.181152,1572318.65,624,47.4359
0.04500,0.05000,0.00200,1.203889,0.505099,-0.426341,1.184731,1629174.44,624,47.5962
0.05500,0.07500,0.01900,1.203848,0.513774,-0.444560,1.155693,1750093.11,624,48.8782
0.06000,0.07000,0.00200,1.203836,0.528121,-0.448260,1.178159,1968312.07,624,43.4295
0.06500,0.07000,0.01800,1.203834,0.517049,-0.436155,1.185471,1797849.94,624,48.5577
0.04500,0.09500,0.01900,1.203822,0.506285,-0.453894,1.115425,1645236.92,624,50.1603
0.05000,0.09500,0.01100,1.203774,0.518416,-0.479185,1.081870,1818123.39,624,46.9551
0.06000,0.07000,0.01000,1.203753,0.521439,-0.475597,1.096388,1863736.00,624,45.9936
0.06000,0.08000,0.00700,1.203682,0.528809,-0.466603,1.133316,1979373.86,624,44.5513
0.04000,0.04500,0.00600,1.203666,0.485406,-0.439010,1.105683,1382651.79,624,49.6795
0.03000,0.05500,0.00500,1.203612,0.492016,-0.438839,1.121176,1461278.34,624,51.1218
0.03500,0.06500,0.01100,1.203590,0.493971,-0.437004,1.130360,1485321.92,624,50.8013
0.06000,0.11000,0.01000,1.203527,0.530892,-0.475534,1.116412,2013232.50,624,45.0321
0.06500,0.14500,0.00600,1.203518,0.539276,-0.552228,0.976546,2154980.71,624,43.1090
0.06000,0.09500,0.00700,1.203455,0.531465,-0.466523,1.139204,2022640.15,624,44.3910
0.07000,0.07500,0.00700,1.203428,0.528522,-0.452662,1.167586,1974749.29,624,44.0705
0.03000,0.09000,0.01700,1.203393,0.485407,-0.409244,1.186106,1382662.49,624,54.3269
0.05500,0.05500,0.01500,1.203360,0.497215,-0.440537,1.128658,1525996.65,624,49.5192
0.04500,0.10000,0.01300,1.203183,0.507172,-0.478282,1.060405,1657349.68,624,47.9167
0.05000,0.05500,0.01300,1.203175,0.497352,-0.428226,1.161424,1527732.34,624,48.7179
0.06000,0.05500,0.01500,1.203157,0.502194,-0.440530,1.139979,1590437.35,624,48.8782
0.02000,0.07000,0.00500,1.203151,0.472691,-0.428251,1.103770,1242231.95,624,56.8910
0.03500,0.09000,0.01200,1.203131,0.491478,-0.451785,1.087858,1454732.87,624,50.0000
0.05500,0.06500,0.01900,1.203129,0.508803,-0.434956,1.169780,1679828.36,624,49.5192
0.04500,0.09000,0.01300,1.203105,0.506498,-0.478282,1.058994,1648132.42,624,47.9167
0.06500,0.14000,0.00600,1.202951,0.538735,-0.552230,0.975564,2145570.43,624,43.1090
0.07000,0.07000,0.00700,1.202941,0.524417,-0.452682,1.158468,1909701.40,624,44.8718
0.08500,0.07000,0.00300,1.202939,0.533783,-0.445089,1.199270,2061107.19,624,42.7885
0.06500,0.06500,0.01800,1.202757,0.511999,-0.433944,1.179873,1724699.87,624,49.1987
0.07500,0.07000,0.00800,1.202749,0.525722,-0.453425,1.159447,1930158.93,624,44.8718
0.05500,0.11000,0.01000,1.202742,0.524854,-0.475581,1.103606,1916531.60,624,45.8333
0.06000,0.06000,0.01500,1.202617,0.505190,-0.435188,1.160856,1630403.77,624,48.7179
0.03000,0.07500,0.01000,1.202607,0.489276,-0.451847,1.082834,1428200.69,624,51.7628
0.03000,0.08500,0.01700,1.202498,0.484865,-0.409206,1.184891,1376388.21,624,54.3269
0.02000,0.07500,0.00700,1.202460,0.470168,-0.435676,1.079169,1215984.14,624,57.2115
0.06500,0.13500,0.00600,1.202374,0.538192,-0.552222,0.974593,2136147.81,624,43.1090
0.05500,0.08500,0.01400,1.202235,0.514693,-0.470928,1.092933,1763369.23,624,47.1154
0.02500,0.07500,0.00700,1.202180,0.486851,-0.446901,1.089394,1399503.99,624,53.6859
0.03000,0.06000,0.01600,1.202090,0.484040,-0.408026,1.186299,1366902.28,624,53.8462
0.03000,0.06500,0.00800,1.201974,0.490199,-0.450499,1.088124,1439265.24,624,51.4423
0.06000,0.03500,0.01600,1.201858,0.486361,-0.431533,1.127053,1393771.51,624,53.2051
0.09000,0.07000,0.00500,1.201742,0.531013,-0.457558,1.160539,2015227.38,624,43.5897
0.04500,0.09500,0.01300,1.201722,0.506018,-0.478282,1.057992,1641612.15,624,47.9167
0.02000,0.08500,0.00700,1.201697,0.469743,-0.435676,1.078194,1211613.61,624,57.2115
0.02000,0.09000,0.00700,1.201697,0.469743,-0.435676,1.078194,1211613.61,624,57.2115
0.02000,0.09500,0.00700,1.201697,0.469743,-0.435676,1.078194,1211613.61,624,57.2115
0.02000,0.10000,0.00700,1.201697,0.469743,-0.435676,1.078194,1211613.61,624,57.2115
0.02000,0.10500,0.00700,1.201697,0.469743,-0.435676,1.078194,1211613.61,624,57.2115
0.02000,0.11000,0.00700,1.201697,0.469743,-0.435676,1.078194,1211613.61,624,57.2115
0.02000,0.11500,0.00700,1.201697,0.469743,-0.435676,1.078194,1211613.61,624,57.2115
0.02000,0.12000,0.00700,1.201697,0.469743,-0.435676,1.078194,1211613.61,624,57.2115
0.02000,0.12500,0.00700,1.201697,0.469743,-0.435676,1.078194,1211613.61,624,57.2115
0.02000,0.13000,0.00700,1.201697,0.469743,-0.435676,1.078194,1211613.61,624,57.2115
0.02000,0.13500,0.00700,1.201697,0.469743,-0.435676,1.078194,1211613.61,624,57.2115
0.02000,0.14000,0.00700,1.201697,0.469743,-0.435676,1.078194,1211613.61,624,57.2115
0.02000,0.14500,0.00700,1.201697,0.469743,-0.435676,1.078194,1211613.61,624,57.2115
0.02000,0.15000,0.00700,1.201697,0.469743,-0.435676,1.078194,1211613.61,624,57.2115
0.06500,0.13000,0.00600,1.201627,0.537516,-0.552221,0.973371,2124479.37,624,43.1090
0.05500,0.10000,0.01900,1.201556,0.516609,-0.444627,1.161893,1791364.52,624,48.7179
0.03500,0.08500,0.01200,1.201534,0.490389,-0.451785,1.085448,1441556.71,624,50.0000
0.03000,0.07000,0.01500,1.201429,0.484867,-0.406852,1.191752,1376414.19,624,53.2051
0.06500,0.07500,0.00200,1.201424,0.530287,-0.447360,1.185371,2003351.33,624,42.4679
0.03000,0.05500,0.00100,1.201407,0.496998,-0.423546,1.173421,1523242.00,624,50.1603
0.05500,0.07000,0.01900,1.201402,0.510701,-0.444572,1.148747,1706346.44,624,49.1987
0.02000,0.08000,0.00800,1.201298,0.467213,-0.438573,1.065302,1185879.22,624,57.3718
0.01000,0.06000,0.00600,1.201220,0.447071,-0.398218,1.122680,998292.76,624,65.5449
0.04500,0.04500,0.00600,1.200982,0.484413,-0.439032,1.103365,1371184.20,624,49.3590
0.07500,0.07000,0.01300,1.200966,0.518482,-0.434984,1.191956,1819107.57,624,46.1538
0.04000,0.06000,0.01900,1.200718,0.493670,-0.435083,1.134658,1481597.61,624,51.6026
0.04500,0.08000,0.01300,1.200666,0.504529,-0.478282,1.054878,1621504.98,624,47.9167
0.05500,0.06000,0.00100,1.200634,0.516503,-0.456763,1.130790,1789793.41,624,44.7115
0.02000,0.05000,0.00600,1.200632,0.464780,-0.433559,1.072012,1161619.07,624,56.8910
0.04500,0.07500,0.01900,1.200604,0.503439,-0.453894,1.109156,1606936.88,624,50.1603
0.05000,0.08500,0.01100,1.200570,0.515543,-0.479185,1.075875,1775738.82,624,46.9551
0.05500,0.05500,0.00800,1.200521,0.502110,-0.461074,1.089000,1589323.43,624,47.5962
0.04500,0.05500,0.00900,1.200460,0.497382,-0.446605,1.113695,1528120.74,624,48.2372
0.04500,0.08500,0.01900,1.200407,0.503446,-0.453894,1.109171,1607027.79,624,50.1603
0.06500,0.12500,0.00600,1.200374,0.536433,-0.552231,0.971392,2105917.42,624,43.1090
0.05000,0.08000,0.01100,1.200366,0.515249,-0.479185,1.075262,1771450.64,624,46.9551
0.03500,0.10000,0.01200,1.200282,0.489955,-0.451785,1.084488,1436339.24,624,50.0000
0.03500,0.10500,0.01200,1.200282,0.489955,-0.451785,1.084488,1436339.24,624,50.0000
0.03500,0.11000,0.01200,1.200282,0.489955,-0.451785,1.084488,1436339.24,624,50.0000
0.03500,0.11500,0.01200,1.200282,0.489955,-0.451785,1.084488,1436339.24,624,50.0000
0.03500,0.12000,0.01200,1.200282,0.489955,-0.451785,1.084488,1436339.24,624,50.0000
0.03500,0.12500,0.01200,1.200282,0.489955,-0.451785,1.084488,1436339.24,624,50.0000
0.03500,0.13000,0.01200,1.200282,0.489955,-0.451785,1.084488,1436339.24,624,50.0000
0.03500,0.13500,0.01200,1.200282,0.489955,-0.451785,1.084488,1436339.24,624,50.0000
0.03500,0.14000,0.01200,1.200282,0.489955,-0.451785,1.084488,1436339.24,624,50.0000
0.03500,0.14500,0.01200,1.200282,0.489955,-0.451785,1.084488,1436339.24,624,50.0000
0.03500,0.15000,0.01200,1.200282,0.489955,-0.451785,1.084488,1436339.24,624,50.0000
0.03500,0.09500,0.01200,1.200217,0.489908,-0.451785,1.084384,1435775.69,624,50.0000
0.04500,0.08000,0.01900,1.200210,0.503195,-0.453894,1.108618,1603685.91,624,50.1603
0.04500,0.08500,0.01300,1.200064,0.504271,-0.478282,1.054340,1618048.95,624,47.9167
0.03500,0.07000,0.01900,1.199965,0.488710,-0.411601,1.187339,1421460.19,624,52.7244
0.06000,0.06000,0.01800,1.199960,0.504406,-0.434047,1.162101,1619850.99,624,49.8397
0.08000,0.06500,0.01700,1.199915,0.518147,-0.439129,1.179942,1814115.64,624,48.7179
0.03000,0.06000,0.00800,1.199658,0.487419,-0.450499,1.081955,1406182.83,624,51.6026
0.03000,0.08000,0.01500,1.199590,0.483092,-0.406835,1.187438,1356056.52,624,53.2051
0.03000,0.07000,0.02000,1.199506,0.485215,-0.413787,1.172620,1380436.62,624,55.2885
0.03500,0.05500,0.00800,1.199489,0.490616,-0.436765,1.123294,1444291.94,624,50.3205
0.04500,0.05500,0.02000,1.199465,0.495403,-0.436270,1.135542,1503144.24,624,52.2436
0.02000,0.06500,0.00700,1.199359,0.468334,-0.435676,1.074959,1197221.75,624,57.2115
0.08000,0.07500,0.01700,1.199318,0.521252,-0.435001,1.198279,1860885.23,624,47.7564
0.02000,0.07500,0.00800,1.199208,0.465983,-0.438573,1.062499,1173560.71,624,57.3718
0.03000,0.07000,0.00900,1.199166,0.487728,-0.448433,1.087627,1409819.40,624,51.2821
0.06500,0.12000,0.00600,1.199063,0.535318,-0.552221,0.969391,2086961.23,624,43.1090
0.06000,0.03500,0.01700,1.198798,0.483788,-0.432742,1.117960,1364009.39,624,53.8462
0.02000,0.08000,0.00500,1.198763,0.469830,-0.428251,1.097091,1212507.79,624,56.8910
0.08000,0.06000,0.00600,1.198696,0.516697,-0.450077,1.148019,1792649.16,624,44.8718
0.09000,0.07000,0.00800,1.198695,0.528024,-0.454531,1.161689,1966750.18,624,44.5513
0.07500,0.07000,0.00700,1.198665,0.525185,-0.451747,1.162566,1921723.69,624,44.5513
0.05500,0.10500,0.01000,1.198662,0.521958,-0.475581,1.097516,1871670.65,624,45.8333
0.06000,0.06000,0.01300,1.198536,0.503409,-0.428228,1.175563,1606529.85,624,47.9167
0.03500,0.10000,0.01500,1.198506,0.488387,-0.424935,1.149324,1417625.18,624,51.4423
0.03500,0.10500,0.01500,1.198506,0.488387,-0.424935,1.149324,1417625.18,624,51.4423
0.03500,0.11000,0.01500,1.198506,0.488387,-0.424935,1.149324,1417625.18,624,51.4423
0.03500,0.11500,0.01500,1.198506,0.488387,-0.424935,1.149324,1417625.18,624,51.4423
0.03500,0.12000,0.01500,1.198506,0.488387,-0.424935,1.149324,1417625.18,624,51.4423
0.03500,0.12500,0.01500,1.198506,0.488387,-0.424935,1.149324,1417625.18,624,51.4423
0.03500,0.13000,0.01500,1.198506,0.488387,-0.424935,1.149324,1417625.18,624,51.4423
0.03500,0.13500,0.01500,1.198506,0.488387,-0.424935,1.149324,1417625.18,624,51.4423
0.03500,0.14000,0.01500,1.198506,0.488387,-0.424935,1.149324,1417625.18,624,51.4423
0.03500,0.14500,0.01500,1.198506,0.488387,-0.424935,1.149324,1417625.18,624,51.4423
0.03500,0.15000,0.01500,1.198506,0.488387,-0.424935,1.149324,1417625.18,624,51.4423
0.03500,0.07500,0.01400,1.198464,0.487489,-0.437944,1.113131,1406996.44,624,51.1218
0.03500,0.09500,0.01500,1.198428,0.488335,-0.424952,1.149155,1417005.45,624,51.4423
0.02000,0.08500,0.00800,1.198396,0.465534,-0.438573,1.061474,1169084.90,624,57.3718
0.02000,0.09000,0.00800,1.198396,0.465534,-0.438573,1.061474,1169084.90,624,57.3718
0.02000,0.09500,0.00800,1.198396,0.465534,-0.438573,1.061474,1169084.90,624,57.3718
0.02000,0.10000,0.00800,1.198396,0.465534,-0.438573,1.061474,1169084.90,624,57.3718
0.02000,0.10500,0.00800,1.198396,0.465534,-0.438573,1.061474,1169084.90,624,57.3718
0.02000,0.11000,0.00800,1.198396,0.465534,-0.438573,1.061474,1169084.90,624,57.3718
0.02000,0.11500,0.00800,1.198396,0.465534,-0.438573,1.061474,1169084.90,624,57.3718
0.02000,0.12000,0.00800,1.198396,0.465534,-0.438573,1.061474,1169084.90,624,57.3718
0.02000,0.12500,0.00800,1.198396,0.465534,-0.438573,1.061474,1169084.90,624,57.3718
0.02000,0.13000,0.00800,1.198396,0.465534,-0.438573,1.061474,1169084.90,624,57.3718
0.02000,0.13500,0.00800,1.198396,0.465534,-0.438573,1.061474,1169084.90,624,57.3718
0.02000,0.14000,0.00800,1.198396,0.465534,-0.438573,1.061474,1169084.90,624,57.3718
0.02000,0.14500,0.00800,1.198396,0.465534,-0.438573,1.061474,1169084.90,624,57.3718
0.02000,0.15000,0.00800,1.198396,0.465534,-0.438573,1.061474,1169084.90,624,57.3718
0.08500,0.07500,0.00500,1.198388,0.528582,-0.448427,1.178746,1975715.90,624,43.1090
0.05000,0.05500,0.01100,1.198358,0.497638,-0.448380,1.109857,1531377.69,624,48.3974
0.08500,0.07000,0.00700,1.198353,0.527754,-0.451741,1.168266,1962431.59,624,44.3910
0.07500,0.07000,0.01800,1.198340,0.517662,-0.434858,1.190417,1806913.35,624,48.2372
0.08000,0.07500,0.00500,1.198336,0.526560,-0.448412,1.174277,1943402.81,624,43.2692
0.06500,0.05500,0.00300,1.198268,0.513362,-0.461036,1.113497,1744172.01,624,45.0321
0.06000,0.09000,0.01900,1.198184,0.519134,-0.453025,1.145929,1828872.39,624,48.2372
0.02000,0.06500,0.00800,1.198099,0.465330,-0.438573,1.061011,1167068.39,624,57.3718
0.03000,0.07500,0.01500,1.198034,0.482653,-0.406839,1.186350,1351068.17,624,53.2051
0.03000,0.07000,0.01200,1.197885,0.482830,-0.458601,1.052832,1353079.00,624,51.7628
0.06000,0.10000,0.01900,1.197804,0.520528,-0.453077,1.148872,1849878.41,624,48.0769
0.06500,0.11500,0.00600,1.197743,0.534213,-0.552227,0.967379,2068325.78,624,43.1090
0.08000,0.07000,0.01400,1.197698,0.515788,-0.437002,1.180286,1779315.69,624,46.4744
0.06000,0.07500,0.01900,1.197512,0.514127,-0.453064,1.134778,1755186.59,624,48.3974
0.05500,0.06000,0.01000,1.197421,0.507421,-0.440814,1.151100,1660763.92,624,47.2756
0.06500,0.05500,0.00200,1.197354,0.513750,-0.466731,1.100742,1749742.80,624,44.8718
0.05500,0.15000,0.00100,1.197350,0.528560,-0.442392,1.194778,1975364.38,624,43.1090
0.08500,0.07500,0.00800,1.197326,0.527005,-0.453428,1.162269,1950478.74,624,44.0705
0.03000,0.09000,0.01500,1.197189,0.481663,-0.406845,1.183898,1339868.45,624,53.2051
0.06000,0.08500,0.01900,1.197052,0.517568,-0.453059,1.142384,1805518.40,624,48.2372
0.08500,0.07500,0.01700,1.196954,0.521815,-0.435001,1.199573,1869487.26,624,47.5962
0.03000,0.08000,0.02000,1.196876,0.483070,-0.413787,1.167438,1355813.36,624,55.2885
0.04500,0.05500,0.01200,1.196815,0.490536,-0.445117,1.102039,1443329.66,624,48.3974
0.07500,0.05500,0.00600,1.196800,0.510654,-0.450076,1.134596,1705686.64,624,45.3526
0.05500,0.14500,0.00100,1.196798,0.528022,-0.442378,1.193600,1966724.65,624,43.1090
0.05000,0.05000,0.00200,1.196746,0.501724,-0.426404,1.176640,1584249.91,624,47.1154
0.02000,0.07500,0.00500,1.196709,0.468598,-0.428251,1.094213,1199900.58,624,56.8910
0.03500,0.06500,0.01400,1.196623,0.484917,-0.428680,1.131186,1376988.58,624,51.2821
0.08000,0.07500,0.01600,1.196550,0.519545,-0.432892,1.200173,1835045.43,624,46.9551
0.09000,0.07000,0.00400,1.196479,0.530155,-0.452633,1.171268,2001194.16,624,43.1090
0.08000,0.06500,0.01600,1.196478,0.516011,-0.437976,1.178174,1782586.02,624,47.9167
0.03500,0.10000,0.01800,1.196424,0.487989,-0.410405,1.189041,1412903.38,624,52.5641
0.03500,0.10500,0.01800,1.196424,0.487989,-0.410405,1.189041,1412903.38,624,52.5641
0.03500,0.11000,0.01800,1.196424,0.487989,-0.410405,1.189041,1412903.38,624,52.5641
0.03500,0.11500,0.01800,1.196424,0.487989,-0.410405,1.189041,1412903.38,624,52.5641
0.03500,0.12000,0.01800,1.196424,0.487989,-0.410405,1.189041,1412903.38,624,52.5641
0.03500,0.12500,0.01800,1.196424,0.487989,-0.410405,1.189041,1412903.38,624,52.5641
0.03500,0.13000,0.01800,1.196424,0.487989,-0.410405,1.189041,1412903.38,624,52.5641
0.03500,0.13500,0.01800,1.196424,0.487989,-0.410405,1.189041,1412903.38,624,52.5641
0.03500,0.14000,0.01800,1.196424,0.487989,-0.410405,1.189041,1412903.38,624,52.5641
0.03500,0.14500,0.01800,1.196424,0.487989,-0.410405,1.189041,1412903.38,624,52.5641
0.03500,0.15000,0.01800,1.196424,0.487989,-0.410405,1.189041,1412903.38,624,52.5641
0.03000,0.05500,0.00400,1.196409,0.491272,-0.435007,1.129342,1452230.15,624,50.6410
0.03500,0.09500,0.01800,1.196331,0.487926,-0.410408,1.188882,1412164.59,624,52.5641
0.03000,0.08500,0.01500,1.196290,0.481122,-0.406846,1.182565,1333786.82,624,53.2051
0.07500,0.06500,0.01200,1.196267,0.513549,-0.426998,1.202698,1746854.92,624,45.6731
0.10000,0.07000,0.01700,1.196229,0.524525,-0.436631,1.201301,1911384.71,624,48.2372
0.05500,0.14000,0.00100,1.196217,0.527479,-0.442383,1.192357,1958034.74,624,43.1090
0.09000,0.07500,0.00500,1.196204,0.528801,-0.455027,1.162132,1979257.63,624,42.9487
0.06000,0.07000,0.01900,1.196203,0.510797,-0.452983,1.127631,1707699.53,624,48.8782
0.05500,0.09000,0.01400,1.196122,0.511432,-0.471007,1.085829,1716664.17,624,47.1154
0.07000,0.07000,0.01400,1.196102,0.510725,-0.457188,1.117100,1706682.97,624,46.7949
0.02000,0.08500,0.00500,1.195979,0.468181,-0.428251,1.093240,1195666.23,624,56.8910
0.02000,0.09000,0.00500,1.195979,0.468181,-0.428251,1.093240,1195666.23,624,56.8910
0.02000,0.09500,0.00500,1.195979,0.468181,-0.428251,1.093240,1195666.23,624,56.8910
0.02000,0.10000,0.00500,1.195979,0.468181,-0.428251,1.093240,1195666.23,624,56.8910
0.02000,0.10500,0.00500,1.195979,0.468181,-0.428251,1.093240,1195666.23,624,56.8910
0.02000,0.11000,0.00500,1.195979,0.468181,-0.428251,1.093240,1195666.23,624,56.8910
0.02000,0.11500,0.00500,1.195979,0.468181,-0.428251,1.093240,1195666.23,624,56.8910
0.02000,0.12000,0.00500,1.195979,0.468181,-0.428251,1.093240,1195666.23,624,56.8910
0.02000,0.12500,0.00500,1.195979,0.468181,-0.428251,1.093240,1195666.23,624,56.8910
0.02000,0.13000,0.00500,1.195979,0.468181,-0.428251,1.093240,1195666.23,624,56.8910
0.02000,0.13500,0.00500,1.195979,0.468181,-0.428251,1.093240,1195666.23,624,56.8910
0.02000,0.14000,0.00500,1.195979,0.468181,-0.428251,1.093240,1195666.23,624,56.8910
0.02000,0.14500,0.00500,1.195979,0.468181,-0.428251,1.093240,1195666.23,624,56.8910
0.02000,0.15000,0.00500,1.195979,0.468181,-0.428251,1.093240,1195666.23,624,56.8910
0.02500,0.06500,0.00700,1.195900,0.482662,-0.446901,1.080020,1351171.25,624,53.6859
0.06500,0.07500,0.01000,1.195865,0.520575,-0.461866,1.127112,1850595.92,624,45.0321
0.05500,0.13500,0.00100,1.195659,0.526955,-0.442370,1.191209,1949678.10,624,43.1090
0.03000,0.07500,0.00900,1.195657,0.485396,-0.448433,1.082427,1382539.32,624,51.2821
0.03500,0.07000,0.01300,1.195654,0.486405,-0.436240,1.114993,1394277.76,624,50.9615
0.08500,0.06500,0.01700,1.195630,0.517502,-0.439180,1.178335,1804537.19,624,48.5577
0.04000,0.06000,0.01300,1.195467,0.490882,-0.428262,1.146218,1447509.19,624,49.5192
0.05500,0.05500,0.00100,1.195332,0.506672,-0.461892,1.096950,1650517.26,624,45.6731
0.03000,0.07500,0.02000,1.195325,0.482634,-0.413787,1.166382,1350849.15,624,55.2885
0.03000,0.07500,0.01200,1.195321,0.481127,-0.458601,1.049118,1333848.51,624,51.7628
0.07500,0.07500,0.01700,1.195034,0.517403,-0.435001,1.189430,1803074.15,624,47.7564
0.09500,0.07000,0.01700,1.194921,0.523666,-0.436631,1.199333,1898008.44,624,48.2372
0.05500,0.13000,0.00100,1.194910,0.526287,-0.442357,1.189733,1939086.59,624,43.1090
0.09000,0.07000,0.00300,1.194869,0.532782,-0.447674,1.190111,2044417.21,624,42.6282
0.04000,0.05500,0.01200,1.194820,0.486564,-0.445100,1.093158,1396145.49,624,49.0385
0.02000,0.07000,0.00300,1.194715,0.473386,-0.426520,1.109878,1249554.08,624,56.2500
0.06000,0.09000,0.00200,1.194622,0.528412,-0.447383,1.181119,1972990.38,624,42.6282
0.06500,0.05500,0.01700,1.194589,0.499614,-0.432915,1.154069,1556736.06,624,49.8397
0.06000,0.10500,0.01000,1.194489,0.524589,-0.475534,1.103158,1912380.19,624,45.0321
0.07000,0.07500,0.01400,1.194452,0.513882,-0.457248,1.123859,1751652.12,624,45.9936
0.03000,0.09000,0.02000,1.194431,0.481628,-0.413787,1.163951,1339475.17,624,55.2885
0.03000,0.06500,0.01700,1.194420,0.480083,-0.409258,1.173056,1322180.53,624,54.3269
0.08500,0.07500,0.01600,1.194386,0.520216,-0.432754,1.202107,1845166.26,624,46.7949
0.05500,0.09500,0.01900,1.194163,0.511352,-0.444627,1.150067,1715518.77,624,48.7179
0.08000,0.07500,0.00400,1.194156,0.526733,-0.446758,1.179014,1946160.38,624,42.7885
0.03000,0.08000,0.00800,1.194017,0.486026,-0.455542,1.066918,1389855.12,624,51.2821
0.04000,0.05500,0.01500,1.193919,0.485688,-0.431449,1.125713,1385927.28,624,50.6410
0.03000,0.09500,0.01700,1.193794,0.479940,-0.409227,1.172796,1320591.45,624,54.3269
0.03000,0.10000,0.01700,1.193794,0.479940,-0.409227,1.172796,1320591.45,624,54.3269
0.03000,0.10500,0.01700,1.193794,0.479940,-0.409227,1.172796,1320591.45,624,54.3269
0.03000,0.11000,0.01700,1.193794,0.479940,-0.409227,1.172796,1320591.45,624,54.3269
0.03000,0.11500,0.01700,1.193794,0.479940,-0.409227,1.172796,1320591.45,624,54.3269
0.03000,0.12000,0.01700,1.193794,0.479940,-0.409227,1.172796,1320591.45,624,54.3269
0.03000,0.12500,0.01700,1.193794,0.479940,-0.409227,1.172796,1320591.45,624,54.3269
0.03000,0.13000,0.01700,1.193794,0.479940,-0.409227,1.172796,1320591.45,624,54.3269
0.03000,0.13500,0.01700,1.193794,0.479940,-0.409227,1.172796,1320591.45,624,54.3269
0.03000,0.14000,0.01700,1.193794,0.479940,-0.409227,1.172796,1320591.45,624,54.3269
0.03000,0.14500,0.01700,1.193794,0.479940,-0.409227,1.172796,1320591.45,624,54.3269
0.03000,0.15000,0.01700,1.193794,0.479940,-0.409227,1.172796,1320591.45,624,54.3269
0.02000,0.06500,0.00500,1.193703,0.466806,-0.428251,1.090028,1181789.24,624,56.8910
0.08000,0.07500,0.00300,1.193657,0.527180,-0.445098,1.184414,1953265.02,624,42.3077
0.06000,0.09500,0.01900,1.193655,0.517332,-0.453077,1.141819,1802029.27,624,48.0769
0.05500,0.12500,0.00100,1.193616,0.525193,-0.442376,1.187209,1921838.84,624,43.1090
0.08500,0.07500,0.00400,1.193562,0.527939,-0.446766,1.181688,1965385.79,624,42.6282
0.03000,0.08500,0.02000,1.193520,0.481078,-0.413787,1.162623,1333297.93,624,55.2885
0.06000,0.08000,0.01900,1.193486,0.514243,-0.453072,1.135014,1756853.52,624,48.2372
0.05500,0.10000,0.01000,1.193321,0.518085,-0.475581,1.089373,1813198.77,624,45.8333
0.08500,0.07500,0.00300,1.193301,0.528524,-0.445084,1.187470,1974791.07,624,42.1474
0.06500,0.05500,0.00500,1.193216,0.505688,-0.470676,1.074386,1637130.71,624,45.8333
0.10000,0.06500,0.01200,1.193157,0.516816,-0.433544,1.192074,1794411.50,624,45.1923
0.05500,0.06000,0.01900,1.193130,0.498505,-0.434935,1.146159,1542458.67,624,50.0000
0.05500,0.08000,0.01900,1.192915,0.508812,-0.444644,1.144313,1679951.38,624,48.7179
0.09000,0.07500,0.00800,1.192907,0.525725,-0.454534,1.156624,1930214.99,624,43.9103
0.10000,0.07000,0.01600,1.192894,0.522458,-0.435395,1.199962,1879347.15,624,47.4359
0.03500,0.06000,0.01800,1.192800,0.482177,-0.410456,1.174736,1345678.55,624,52.8846
0.02000,0.07000,0.00400,1.192778,0.470589,-0.425281,1.106536,1220329.60,624,56.4103
0.08000,0.14000,0.00600,1.192490,0.542419,-0.552227,0.982238,2210438.62,624,42.1474
0.03500,0.05500,0.00900,1.192474,0.484928,-0.434714,1.115509,1377118.52,624,50.3205
0.08500,0.06500,0.01600,1.192463,0.515517,-0.437944,1.177131,1775356.87,624,47.7564
0.04500,0.05500,0.01500,1.192350,0.487491,-0.431460,1.129864,1407028.53,624,50.0000
0.03500,0.06000,0.01500,1.192345,0.481174,-0.426021,1.129461,1334371.04,624,51.7628
0.01000,0.05500,0.00600,1.192330,0.442721,-0.390682,1.133200,961541.68,624,65.5449
0.05500,0.12000,0.00100,1.192305,0.524095,-0.442377,1.184725,1904670.54,624,43.1090
0.07500,0.07500,0.01600,1.192212,0.515668,-0.431668,1.194594,1777566.16,624,46.9551
0.05000,0.05500,0.01900,1.192173,0.490183,-0.434850,1.127246,1439071.56,624,50.8013
0.02500,0.06000,0.00700,1.192150,0.479258,-0.446901,1.072403,1313030.95,624,53.8462
0.03500,0.05500,0.01600,1.192080,0.480736,-0.408052,1.178126,1329469.05,624,52.4038
0.06500,0.05500,0.01600,1.192079,0.498291,-0.431746,1.154130,1539715.46,624,49.0385
0.08500,0.07500,0.01300,1.192033,0.517877,-0.450830,1.148720,1810105.61,624,45.3526
0.05000,0.06000,0.01100,1.191863,0.502330,-0.443048,1.133805,1592231.02,624,47.9167
0.09000,0.07000,0.02000,1.191863,0.524437,-0.439875,1.192242,1910011.92,624,49.0385
0.09000,0.07500,0.00400,1.191689,0.528313,-0.450980,1.171479,1971393.73,624,42.4679
0.09500,0.07000,0.01600,1.191588,0.521601,-0.435395,1.197994,1866213.34,624,47.4359
0.09000,0.07000,0.01300,1.191521,0.517201,-0.434979,1.189025,1800089.68,624,45.8333
0.03000,0.06000,0.01700,1.191472,0.476879,-0.409225,1.165323,1286967.31,624,54.4872
0.03000,0.08500,0.00800,1.191323,0.484361,-0.455524,1.063306,1370590.55,624,51.2821
0.03000,0.09000,0.00800,1.191323,0.484361,-0.455524,1.063306,1370590.55,624,51.2821
0.03000,0.09500,0.00800,1.191323,0.484361,-0.455524,1.063306,1370590.55,624,51.2821
0.03000,0.10000,0.00800,1.191323,0.484361,-0.455524,1.063306,1370590.55,624,51.2821
0.03000,0.10500,0.00800,1.191323,0.484361,-0.455524,1.063306,1370590.55,624,51.2821
0.03000,0.11000,0.00800,1.191323,0.484361,-0.455524,1.063306,1370590.55,624,51.2821
0.03000,0.11500,0.00800,1.191323,0.484361,-0.455524,1.063306,1370590.55,624,51.2821
0.03000,0.12000,0.00800,1.191323,0.484361,-0.455524,1.063306,1370590.55,624,51.2821
0.03000,0.12500,0.00800,1.191323,0.484361,-0.455524,1.063306,1370590.55,624,51.2821
0.03000,0.13000,0.00800,1.191323,0.484361,-0.455524,1.063306,1370590.55,624,51.2821
0.03000,0.13500,0.00800,1.191323,0.484361,-0.455524,1.063306,1370590.55,624,51.2821
0.03000,0.14000,0.00800,1.191323,0.484361,-0.455524,1.063306,1370590.55,624,51.2821
0.03000,0.14500,0.00800,1.191323,0.484361,-0.455524,1.063306,1370590.55,624,51.2821
0.03000,0.15000,0.00800,1.191323,0.484361,-0.455524,1.063306,1370590.55,624,51.2821
0.03000,0.06500,0.01000,1.191306,0.482086,-0.451847,1.066921,1344639.99,624,51.7628
0.07000,0.07500,0.02000,1.191298,0.516841,-0.440904,1.172231,1794774.72,624,48.7179
0.06000,0.15000,0.01100,1.191274,0.524499,-0.479156,1.094631,1910971.07,624,45.3526
0.03500,0.06000,0.01100,1.191157,0.484952,-0.439314,1.103884,1377393.14,624,50.9615
0.06000,0.05500,0.00100,1.191050,0.508350,-0.461895,1.100574,1673555.03,624,44.8718
0.05500,0.11500,0.00100,1.190975,0.522999,-0.442377,1.182248,1887687.18,624,43.1090
0.05500,0.08000,0.01000,1.190952,0.514405,-0.475562,1.081678,1759199.15,624,45.8333
0.05500,0.05500,0.01800,1.190950,0.490415,-0.433987,1.130022,1441868.22,624,50.4808
0.07000,0.07500,0.00200,1.190908,0.524299,-0.447381,1.171928,1907850.66,624,42.1474
0.09000,0.07500,0.00300,1.190836,0.531349,-0.447126,1.188365,2020734.52,624,41.9872
0.09000,0.07000,0.01500,1.190769,0.515963,-0.434253,1.188162,1781873.09,624,46.7949
0.06000,0.14500,0.01100,1.190708,0.523955,-0.479156,1.093496,1902494.28,624,45.3526
0.08000,0.13500,0.00600,1.190702,0.540801,-0.552228,0.979307,2181730.20,624,42.1474
0.06500,0.11000,0.00600,1.190654,0.529156,-0.552230,0.958217,1984986.01,624,43.1090
0.06000,0.05500,0.01400,1.190577,0.494022,-0.435978,1.133136,1485953.74,624,48.3974
0.03500,0.05500,0.01000,1.190389,0.483611,-0.438273,1.103447,1361987.71,624,50.6410
0.02000,0.08000,0.00300,1.190285,0.470469,-0.424500,1.108290,1219084.55,624,56.2500
0.06000,0.14000,0.01100,1.190143,0.523424,-0.479156,1.092389,1894263.63,624,45.3526
0.07500,0.07000,0.01400,1.190125,0.510579,-0.437002,1.168366,1704626.15,624,46.4744
0.03500,0.09000,0.01900,1.190119,0.483493,-0.411629,1.174587,1360639.56,624,52.5641
0.06000,0.06500,0.00200,1.190102,0.515941,-0.450818,1.144456,1781552.13,624,43.7500
0.03000,0.07000,0.01400,1.190009,0.477634,-0.439502,1.086760,1295184.02,624,52.8846
0.07000,0.07000,0.01800,1.189988,0.508633,-0.436221,1.165999,1677473.22,624,48.3974
0.06500,0.05500,0.00400,1.189842,0.506768,-0.465865,1.087801,1651824.33,624,45.3526
0.06000,0.15000,0.00100,1.189830,0.528672,-0.442355,1.195130,1977173.60,624,42.1474
0.08500,0.07000,0.01800,1.189813,0.515252,-0.437832,1.176825,1771488.97,624,48.0769
0.07500,0.07500,0.00500,1.189776,0.520119,-0.449776,1.156395,1843689.11,624,43.2692
0.08000,0.13000,0.00600,1.189664,0.539790,-0.552235,0.977464,2163966.19,624,42.1474
0.05500,0.09500,0.01000,1.189613,0.515240,-0.475581,1.083391,1771322.11,624,45.8333
0.06000,0.13500,0.01100,1.189575,0.522897,-0.479156,1.091290,1886118.28,624,45.3526
0.03500,0.08000,0.01100,1.189476,0.487359,-0.460440,1.058462,1405466.64,624,50.4808
0.06000,0.14500,0.00100,1.189232,0.528105,-0.442387,1.193764,1968060.01,624,42.1474
0.03500,0.08000,0.01900,1.189116,0.482665,-0.411619,1.172602,1351199.31,624,52.5641
0.06500,0.06500,0.00200,1.188986,0.515435,-0.450837,1.143285,1774168.57,624,43.7500
0.02000,0.07000,0.01600,1.188967,0.455377,-0.408832,1.113849,1072066.24,624,59.1346
0.06000,0.06500,0.01000,1.188965,0.508411,-0.435558,1.167265,1674402.02,624,46.3141
0.06000,0.13000,0.01100,1.188803,0.522217,-0.479156,1.089870,1875648.05,624,45.3526
0.06000,0.14000,0.00100,1.188672,0.527575,-0.442388,1.192560,1959563.59,624,42.1474
0.03500,0.09000,0.01100,1.188643,0.487065,-0.460439,1.057827,1402016.79,624,50.4808
0.06500,0.07000,0.00200,1.188519,0.519133,-0.448252,1.158128,1828856.19,624,43.1090
0.05500,0.07500,0.00100,1.188490,0.516185,-0.442381,1.166835,1785136.76,624,43.4295
0.06000,0.15000,0.00900,1.188467,0.523497,-0.472183,1.108674,1895391.66,624,44.7115
0.08500,0.07000,0.00200,1.188466,0.525026,-0.443413,1.184056,1919217.48,624,42.4679
0.03000,0.06000,0.01000,1.188446,0.479029,-0.451847,1.060157,1310503.03,624,51.9231
0.06000,0.09000,0.01000,1.188385,0.518773,-0.475537,1.090922,1823465.09,624,45.1923
0.02000,0.07500,0.00300,1.188343,0.469297,-0.424500,1.105530,1207040.95,624,56.2500
0.02000,0.08000,0.00400,1.188298,0.467667,-0.425281,1.099666,1190468.07,624,56.4103
0.08000,0.07000,0.00200,1.188250,0.522887,-0.443408,1.179246,1885961.91,624,42.6282
0.06000,0.08500,0.01000,1.188157,0.517813,-0.475474,1.089047,1809162.29,624,45.1923
0.06000,0.13500,0.00100,1.188097,0.527043,-0.442380,1.191380,1951075.91,624,42.1474
0.04000,0.05000,0.00100,1.187969,0.493225,-0.415777,1.186274,1476101.50,624,47.9167
0.05500,0.07500,0.00900,1.187911,0.511021,-0.472228,1.082148,1710844.70,624,45.8333
0.06000,0.14500,0.00900,1.187881,0.522941,-0.472183,1.107497,1886793.49,624,44.7115
0.02500,0.04500,0.00600,1.187818,0.467494,-0.447557,1.044547,1188715.90,624,53.8462
0.05500,0.08500,0.01900,1.187771,0.506020,-0.444642,1.138039,1641631.15,624,48.7179
0.09000,0.07000,0.00700,1.187700,0.522194,-0.452861,1.153099,1875287.11,624,44.2308
0.06500,0.08500,0.00600,1.187652,0.523475,-0.552216,0.947953,1895050.34,624,43.5897
0.02000,0.08500,0.00300,1.187641,0.468883,-0.424500,1.104555,1202810.80,624,56.2500
0.02000,0.09000,0.00300,1.187641,0.468883,-0.424500,1.104555,1202810.80,624,56.2500
0.02000,0.09500,0.00300,1.187641,0.468883,-0.424500,1.104555,1202810.80,624,56.2500
0.02000,0.10000,0.00300,1.187641,0.468883,-0.424500,1.104555,1202810.80,624,56.2500
0.02000,0.10500,0.00300,1.187641,0.468883,-0.424500,1.104555,1202810.80,624,56.2500
0.02000,0.11000,0.00300,1.187641,0.468883,-0.424500,1.104555,1202810.80,624,56.2500
0.02000,0.11500,0.00300,1.187641,0.468883,-0.424500,1.104555,1202810.80,624,56.2500
0.02000,0.12000,0.00300,1.187641,0.468883,-0.424500,1.104555,1202810.80,624,56.2500
0.02000,0.12500,0.00300,1.187641,0.468883,-0.424500,1.104555,1202810.80,624,56.2500
0.02000,0.13000,0.00300,1.187641,0.468883,-0.424500,1.104555,1202810.80,624,56.2500
0.02000,0.13500,0.00300,1.187641,0.468883,-0.424500,1.104555,1202810.80,624,56.2500
0.02000,0.14000,0.00300,1.187641,0.468883,-0.424500,1.104555,1202810.80,624,56.2500
0.02000,0.14500,0.00300,1.187641,0.468883,-0.424500,1.104555,1202810.80,624,56.2500
0.02000,0.15000,0.00300,1.187641,0.468883,-0.424500,1.104555,1202810.80,624,56.2500
0.08000,0.12000,0.00600,1.187622,0.537648,-0.552222,0.973607,2126751.68,624,42.1474
0.03500,0.08500,0.01900,1.187622,0.481865,-0.411610,1.170683,1342148.29,624,52.5641
0.03000,0.09500,0.01500,1.187572,0.476201,-0.406826,1.170528,1279626.72,624,53.2051
0.03000,0.10000,0.01500,1.187572,0.476201,-0.406826,1.170528,1279626.72,624,53.2051
0.03000,0.10500,0.01500,1.187572,0.476201,-0.406826,1.170528,1279626.72,624,53.2051
0.03000,0.11000,0.01500,1.187572,0.476201,-0.406826,1.170528,1279626.72,624,53.2051
0.03000,0.11500,0.01500,1.187572,0.476201,-0.406826,1.170528,1279626.72,624,53.2051
0.03000,0.12000,0.01500,1.187572,0.476201,-0.406826,1.170528,1279626.72,624,53.2051
0.03000,0.12500,0.01500,1.187572,0.476201,-0.406826,1.170528,1279626.72,624,53.2051
0.03000,0.13000,0.01500,1.187572,0.476201,-0.406826,1.170528,1279626.72,624,53.2051
0.03000,0.13500,0.01500,1.187572,0.476201,-0.406826,1.170528,1279626.72,624,53.2051
0.03000,0.14000,0.01500,1.187572,0.476201,-0.406826,1.170528,1279626.72,624,53.2051
0.03000,0.14500,0.01500,1.187572,0.476201,-0.406826,1.170528,1279626.72,624,53.2051
0.03000,0.15000,0.01500,1.187572,0.476201,-0.406826,1.170528,1279626.72,624,53.2051
0.06000,0.12500,0.01100,1.187542,0.521148,-0.479156,1.087639,1859309.98,624,45.3526
0.03500,0.05500,0.01700,1.187532,0.477395,-0.409251,1.166509,1292576.65,624,53.0449
0.03500,0.06500,0.01900,1.187403,0.480336,-0.411624,1.166928,1324998.75,624,52.7244
0.06000,0.13000,0.00100,1.187345,0.526372,-0.442380,1.189864,1940434.25,624,42.1474
0.06000,0.14000,0.00900,1.187309,0.522406,-0.472183,1.106363,1878551.71,624,44.7115
0.08000,0.07500,0.00800,1.187278,0.517722,-0.453414,1.141831,1807811.50,624,44.2308
0.07000,0.06500,0.01700,1.187274,0.505841,-0.432848,1.168635,1639203.49,624,48.8782
0.06500,0.06500,0.01000,1.187232,0.507535,-0.435567,1.165227,1662327.88,624,46.3141
0.10000,0.07000,0.00800,1.187069,0.521135,-0.454531,1.146531,1859098.61,624,44.3910
0.02500,0.07000,0.00500,1.187054,0.479065,-0.438811,1.091735,1310896.28,624,53.0449
0.03500,0.08500,0.01100,1.187020,0.485959,-0.460439,1.055425,1389080.99,624,50.4808
0.03000,0.04500,0.00600,1.187003,0.471008,-0.447528,1.052467,1224665.92,624,51.9231
0.05500,0.05500,0.01400,1.186938,0.486817,-0.435978,1.116609,1399100.43,624,49.0385
0.03500,0.07500,0.01900,1.186910,0.481616,-0.411641,1.169991,1339344.61,624,52.5641
0.06000,0.13500,0.00900,1.186745,0.521885,-0.472183,1.105259,1870552.78,624,44.7115
0.10000,0.08500,0.00600,1.186739,0.532171,-0.552231,0.963675,2034294.23,624,42.4679
0.06000,0.05500,0.00900,1.186724,0.497357,-0.464799,1.070048,1527802.52,624,46.9551
0.04000,0.05000,0.00300,1.186699,0.491297,-0.421133,1.166606,1452531.76,624,48.0769
0.03000,0.07500,0.01400,1.186660,0.475467,-0.439502,1.081829,1271716.71,624,52.8846
0.09000,0.07500,0.01700,1.186575,0.519528,-0.434925,1.194523,1834783.92,624,47.4359
0.03000,0.06500,0.01500,1.186508,0.475391,-0.406832,1.168520,1270906.31,624,53.2051
0.02000,0.06000,0.00700,1.186496,0.460595,-0.435676,1.057197,1120949.20,624,57.2115
0.05000,0.03500,0.00600,1.186453,0.474041,-0.439755,1.077966,1256494.91,624,50.6410
0.08000,0.12500,0.00600,1.186443,0.537054,-0.552242,0.972498,2116543.99,624,42.1474
0.02000,0.07500,0.00400,1.186348,0.466500,-0.425281,1.096920,1178722.57,624,56.4103
0.05500,0.15000,0.00900,1.186317,0.516804,-0.472243,1.094361,1794230.98,624,45.5128
0.06000,0.12000,0.01100,1.186229,0.520056,-0.479156,1.085360,1842748.12,624,45.3526
0.06500,0.07500,0.01900,1.186148,0.508829,-0.438749,1.159728,1680190.68,624,47.9167
0.07000,0.07000,0.00200,1.186133,0.517766,-0.448269,1.155035,1808462.69,624,42.9487
0.06000,0.12500,0.00100,1.186077,0.525291,-0.442372,1.187441,1923374.31,624,42.1474
0.02000,0.06000,0.00800,1.186071,0.458174,-0.438573,1.044694,1098020.69,624,57.3718
0.05500,0.07500,0.01100,1.186067,0.508636,-0.479206,1.061414,1677517.42,624,46.4744
0.03000,0.06500,0.00900,1.186037,0.479333,-0.448433,1.068906,1313858.06,624,51.2821
0.06000,0.13000,0.00900,1.185964,0.521198,-0.472183,1.103805,1860064.42,624,44.7115
0.02500,0.07000,0.00800,1.185903,0.475088,-0.450442,1.054715,1267660.91,624,53.6859
0.03500,0.10000,0.01100,1.185815,0.485540,-0.460439,1.054515,1384210.21,624,50.4808
0.03500,0.10500,0.01100,1.185815,0.485540,-0.460439,1.054515,1384210.21,624,50.4808
0.03500,0.11000,0.01100,1.185815,0.485540,-0.460439,1.054515,1384210.21,624,50.4808
0.03500,0.11500,0.01100,1.185815,0.485540,-0.460439,1.054515,1384210.21,624,50.4808
0.03500,0.12000,0.01100,1.185815,0.485540,-0.460439,1.054515,1384210.21,624,50.4808
0.03500,0.12500,0.01100,1.185815,0.485540,-0.460439,1.054515,1384210.21,624,50.4808
0.03500,0.13000,0.01100,1.185815,0.485540,-0.460439,1.054515,1384210.21,624,50.4808
0.03500,0.13500,0.01100,1.185815,0.485540,-0.460439,1.054515,1384210.21,624,50.4808
0.03500,0.14000,0.01100,1.185815,0.485540,-0.460439,1.054515,1384210.21,624,50.4808
0.03500,0.14500,0.01100,1.185815,0.485540,-0.460439,1.054515,1384210.21,624,50.4808
0.03500,0.15000,0.01100,1.185815,0.485540,-0.460439,1.054515,1384210.21,624,50.4808
0.09500,0.07000,0.00800,1.185768,0.520278,-0.454531,1.144646,1846093.10,624,44.3910
0.07500,0.07500,0.00400,1.185732,0.520352,-0.446767,1.164706,1847224.39,624,42.7885
0.05500,0.14500,0.00900,1.185730,0.516251,-0.472243,1.093190,1786101.93,624,45.5128
0.03500,0.09500,0.01100,1.185729,0.485481,-0.460439,1.054387,1383523.00,624,50.4808
0.02000,0.08500,0.00400,1.185664,0.466101,-0.425281,1.095983,1174738.66,624,56.4103
0.02000,0.09000,0.00400,1.185664,0.466101,-0.425281,1.095983,1174738.66,624,56.4103
0.02000,0.09500,0.00400,1.185664,0.466101,-0.425281,1.095983,1174738.66,624,56.4103
0.02000,0.10000,0.00400,1.185664,0.466101,-0.425281,1.095983,1174738.66,624,56.4103
0.02000,0.10500,0.00400,1.185664,0.466101,-0.425281,1.095983,1174738.66,624,56.4103
0.02000,0.11000,0.00400,1.185664,0.466101,-0.425281,1.095983,1174738.66,624,56.4103
0.02000,0.11500,0.00400,1.185664,0.466101,-0.425281,1.095983,1174738.66,624,56.4103
0.02000,0.12000,0.00400,1.185664,0.466101,-0.425281,1.095983,1174738.66,624,56.4103
0.02000,0.12500,0.00400,1.185664,0.466101,-0.425281,1.095983,1174738.66,624,56.4103
0.02000,0.13000,0.00400,1.185664,0.466101,-0.425281,1.095983,1174738.66,624,56.4103
0.02000,0.13500,0.00400,1.185664,0.466101,-0.425281,1.095983,1174738.66,624,56.4103
0.02000,0.14000,0.00400,1.185664,0.466101,-0.425281,1.095983,1174738.66,624,56.4103
0.02000,0.14500,0.00400,1.185664,0.466101,-0.425281,1.095983,1174738.66,624,56.4103
0.02000,0.15000,0.00400,1.185664,0.466101,-0.425281,1.095983,1174738.66,624,56.4103
0.03500,0.07500,0.01300,1.185537,0.480886,-0.436240,1.102343,1331149.33,624,50.8013
0.06000,0.10000,0.01000,1.185525,0.518332,-0.475534,1.090001,1816879.53,624,45.0321
0.06000,0.08000,0.01000,1.185510,0.515108,-0.475532,1.083224,1769395.91,624,45.1923
0.07000,0.07500,0.01800,1.185508,0.510085,-0.436163,1.169482,1697696.36,624,47.5962
0.03000,0.08000,0.01000,1.185479,0.479384,-0.458777,1.044917,1314427.24,624,51.6026
0.08000,0.07500,0.00700,1.185478,0.518608,-0.451746,1.148008,1820996.25,624,43.9103
0.03000,0.06500,0.02000,1.185389,0.476285,-0.413787,1.151038,1280528.05,624,55.2885
0.06000,0.05500,0.01300,1.185254,0.492133,-0.431407,1.140761,1462708.84,624,47.9167
0.05500,0.14000,0.00900,1.185163,0.515724,-0.472243,1.092074,1778386.03,624,45.5128
0.07500,0.07500,0.00300,1.185159,0.520750,-0.445091,1.169984,1853245.09,624,42.3077
0.06500,0.07000,0.01000,1.185151,0.510575,-0.461868,1.105454,1704564.41,624,45.6731
0.08500,0.07000,0.01400,1.185145,0.510181,-0.437002,1.167455,1699036.51,624,46.3141
0.08500,0.07500,0.00700,1.185143,0.520336,-0.451749,1.151826,1846976.92,624,43.7500
0.02000,0.06500,0.00300,1.185130,0.467389,-0.428974,1.089550,1187654.30,624,56.2500
0.07500,0.15000,0.00600,1.185099,0.535854,-0.552221,0.970361,2096052.25,624,42.1474
0.09500,0.06500,0.01200,1.185054,0.511367,-0.433418,1.179845,1715732.46,624,45.1923
0.05500,0.08500,0.01000,1.185025,0.511013,-0.475467,1.074761,1710743.71,624,45.8333
0.09500,0.07000,0.00500,1.184983,0.521031,-0.457562,1.138711,1857518.63,624,43.4295
0.06000,0.05000,0.00600,1.184967,0.493734,-0.423888,1.164775,1482384.53,624,46.6346
0.06000,0.09500,0.01000,1.184914,0.517519,-0.475534,1.088291,1804795.11,624,45.0321
0.06000,0.11500,0.01100,1.184876,0.518949,-0.479156,1.083049,1826097.58,624,45.3526
0.03000,0.09500,0.02000,1.184853,0.476168,-0.413787,1.150758,1279274.27,624,55.2885
0.03000,0.10000,0.02000,1.184853,0.476168,-0.413787,1.150758,1279274.27,624,55.2885
0.03000,0.10500,0.02000,1.184853,0.476168,-0.413787,1.150758,1279274.27,624,55.2885
0.03000,0.11000,0.02000,1.184853,0.476168,-0.413787,1.150758,1279274.27,624,55.2885
0.03000,0.11500,0.02000,1.184853,0.476168,-0.413787,1.150758,1279274.27,624,55.2885
0.03000,0.12000,0.02000,1.184853,0.476168,-0.413787,1.150758,1279274.27,624,55.2885
0.03000,0.12500,0.02000,1.184853,0.476168,-0.413787,1.150758,1279274.27,624,55.2885
0.03000,0.13000,0.02000,1.184853,0.476168,-0.413787,1.150758,1279274.27,624,55.2885
0.03000,0.13500,0.02000,1.184853,0.476168,-0.413787,1.150758,1279274.27,624,55.2885
0.03000,0.14000,0.02000,1.184853,0.476168,-0.413787,1.150758,1279274.27,624,55.2885
0.03000,0.14500,0.02000,1.184853,0.476168,-0.413787,1.150758,1279274.27,624,55.2885
0.03000,0.15000,0.02000,1.184853,0.476168,-0.413787,1.150758,1279274.27,624,55.2885
0.06000,0.12000,0.00100,1.184762,0.524186,-0.442376,1.184934,1906095.85,624,42.1474
0.06000,0.12500,0.00900,1.184709,0.520133,-0.472183,1.101550,1843912.70,624,44.7115
0.02500,0.08000,0.00700,1.184675,0.476693,-0.446901,1.066665,1284953.18,624,53.5256
0.06500,0.05500,0.00700,1.184622,0.500426,-0.451741,1.107772,1567265.66,624,46.4744
0.05500,0.13500,0.00900,1.184583,0.515194,-0.472243,1.090952,1770655.38,624,45.5128
0.03000,0.07000,0.01800,1.184345,0.475870,-0.412787,1.152822,1276060.13,624,54.1667
0.09000,0.07500,0.01600,1.184265,0.518068,-0.432716,1.197248,1812948.11,624,46.6346
0.05500,0.03500,0.01600,1.184264,0.471767,-0.431448,1.093451,1232560.45,624,53.5256
0.06000,0.08500,0.00200,1.184110,0.520714,-0.447370,1.163946,1852710.58,624,42.6282
0.03000,0.06000,0.00900,1.184036,0.476733,-0.448433,1.063110,1285386.57,624,51.4423
0.03000,0.06500,0.01200,1.183925,0.473980,-0.458601,1.033534,1255847.29,624,51.7628
0.05500,0.13000,0.00900,1.183825,0.514531,-0.472243,1.089547,1761020.99,624,45.5128
0.05500,0.11000,0.00100,1.183787,0.517975,-0.442355,1.170949,1811563.00,624,43.1090
0.07000,0.06500,0.01600,1.183781,0.503709,-0.431699,1.166807,1610528.44,624,48.0769
0.08000,0.07000,0.01000,1.183545,0.513651,-0.454189,1.130920,1748323.20,624,45.1923
0.03500,0.06500,0.01300,1.183512,0.478284,-0.424100,1.127761,1302297.96,624,50.9615
0.05500,0.15000,0.01100,1.183482,0.513866,-0.479173,1.072401,1751408.06,624,46.1538
0.06000,0.11500,0.00100,1.183440,0.523095,-0.442373,1.182474,1889162.15,624,42.1474
0.06000,0.12000,0.00900,1.183387,0.519035,-0.472183,1.099224,1827388.86,624,44.7115
0.03500,0.05000,0.00200,1.183336,0.488039,-0.428863,1.137982,1413493.65,624,49.3590
0.08500,0.06500,0.00800,1.183322,0.514886,-0.453431,1.135535,1766177.70,624,44.8718
0.03000,0.06000,0.02000,1.183269,0.473495,-0.413787,1.144298,1250714.22,624,55.4487
0.02000,0.06500,0.00400,1.183256,0.464646,-0.425281,1.092562,1160298.79,624,56.4103
0.06000,0.08000,0.00200,1.183245,0.519332,-0.447374,1.160845,1831833.86,624,42.6282
0.09000,0.07500,0.01300,1.183212,0.513544,-0.450758,1.139291,1746784.42,624,45.1923
0.06000,0.05500,0.01100,1.183119,0.493815,-0.448394,1.101298,1483388.77,624,47.5962
0.02500,0.07000,0.00300,1.183055,0.481811,-0.430700,1.118668,1341537.37,624,52.2436
0.02000,0.08000,0.01600,1.183006,0.451799,-0.408832,1.105097,1039689.00,624,59.1346
0.05500,0.14500,0.01100,1.182905,0.513321,-0.479173,1.071265,1743579.07,624,46.1538
0.08000,0.07500,0.01300,1.182878,0.509226,-0.450830,1.129531,1685710.02,624,45.5128
0.04000,0.05500,0.01800,1.182808,0.480016,-0.433911,1.106254,1321436.68,624,51.7628
0.04000,0.03500,0.00600,1.182648,0.463595,-0.440726,1.051888,1149965.65,624,51.9231
0.08500,0.07000,0.01000,1.182606,0.516061,-0.454198,1.136202,1783310.67,624,45.0321
0.05500,0.12500,0.00900,1.182548,0.513464,-0.472243,1.087287,1745624.46,624,45.5128
0.05500,0.09000,0.01900,1.182542,0.503335,-0.444673,1.131920,1605540.28,624,48.7179
0.05500,0.05500,0.00900,1.182483,0.490110,-0.464795,1.054465,1438193.64,624,47.5962
0.03000,0.06000,0.01500,1.182378,0.471459,-0.406858,1.158780,1229354.26,624,53.3654
0.05500,0.14000,0.01100,1.182319,0.512783,-0.479173,1.070142,1735875.97,624,46.1538
0.02500,0.07500,0.00500,1.182301,0.476068,-0.438811,1.084906,1278191.36,624,53.0449
0.10000,0.07500,0.00800,1.182091,0.519484,-0.454525,1.142916,1834125.89,624,43.7500
0.07500,0.06500,0.01700,1.182085,0.506000,-0.432883,1.168907,1641358.44,624,48.7179
0.06000,0.11500,0.00900,1.182049,0.517941,-0.472183,1.096907,1811057.42,624,44.7115
0.06000,0.06000,0.00100,1.182010,0.505327,-0.456773,1.106299,1632256.16,624,44.3910
0.08000,0.05000,0.00600,1.181946,0.497233,-0.434521,1.144325,1526230.38,624,45.8333
0.07500,0.07500,0.00800,1.181946,0.513480,-0.453419,1.132461,1745853.83,624,44.2308
0.02500,0.05000,0.00600,1.181893,0.468493,-0.444542,1.053877,1198833.88,624,53.5256
0.02500,0.08500,0.00700,1.181892,0.475010,-0.446901,1.062897,1266820.18,624,53.5256
0.02500,0.09000,0.00700,1.181892,0.475010,-0.446901,1.062897,1266820.18,624,53.5256
0.02500,0.09500,0.00700,1.181892,0.475010,-0.446901,1.062897,1266820.18,624,53.5256
0.02500,0.10000,0.00700,1.181892,0.475010,-0.446901,1.062897,1266820.18,624,53.5256
0.02500,0.10500,0.00700,1.181892,0.475010,-0.446901,1.062897,1266820.18,624,53.5256
0.02500,0.11000,0.00700,1.181892,0.475010,-0.446901,1.062897,1266820.18,624,53.5256
0.02500,0.11500,0.00700,1.181892,0.475010,-0.446901,1.062897,1266820.18,624,53.5256
0.02500,0.12000,0.00700,1.181892,0.475010,-0.446901,1.062897,1266820.18,624,53.5256
0.02500,0.12500,0.00700,1.181892,0.475010,-0.446901,1.062897,1266820.18,624,53.5256
0.02500,0.13000,0.00700,1.181892,0.475010,-0.446901,1.062897,1266820.18,624,53.5256
0.02500,0.13500,0.00700,1.181892,0.475010,-0.446901,1.062897,1266820.18,624,53.5256
0.02500,0.14000,0.00700,1.181892,0.475010,-0.446901,1.062897,1266820.18,624,53.5256
0.02500,0.14500,0.00700,1.181892,0.475010,-0.446901,1.062897,1266820.18,624,53.5256
0.02500,0.15000,0.00700,1.181892,0.475010,-0.446901,1.062897,1266820.18,624,53.5256
0.04000,0.05000,0.00400,1.181807,0.486988,-0.425614,1.144201,1401105.21,624,48.3974
0.05500,0.13500,0.01100,1.181749,0.512263,-0.479173,1.069057,1728455.62,624,46.1538
0.08000,0.11500,0.00600,1.181719,0.533053,-0.552228,0.965276,2048921.53,624,42.1474
0.06500,0.10500,0.00600,1.181678,0.522835,-0.552232,0.946767,1885155.62,624,43.1090
0.01500,0.07000,0.00600,1.181648,0.450551,-0.418145,1.077498,1028612.29,624,60.2564
0.08000,0.07500,0.01500,1.181487,0.508361,-0.431743,1.177461,1673706.46,624,46.3141
0.03000,0.08000,0.01800,1.181458,0.473605,-0.412787,1.147334,1251869.89,624,54.1667
0.02000,0.06500,0.01600,1.181416,0.450781,-0.408706,1.102947,1030650.36,624,59.1346
0.06000,0.06000,0.01400,1.181346,0.491614,-0.430583,1.141742,1456391.16,624,48.2372
0.03000,0.08500,0.01000,1.181273,0.476867,-0.458783,1.039417,1286833.18,624,51.6026
0.03000,0.09000,0.01000,1.181273,0.476867,-0.458783,1.039417,1286833.18,624,51.6026
0.03000,0.09500,0.01000,1.181273,0.476867,-0.458783,1.039417,1286833.18,624,51.6026
0.03000,0.10000,0.01000,1.181273,0.476867,-0.458783,1.039417,1286833.18,624,51.6026
0.03000,0.10500,0.01000,1.181273,0.476867,-0.458783,1.039417,1286833.18,624,51.6026
0.03000,0.11000,0.01000,1.181273,0.476867,-0.458783,1.039417,1286833.18,624,51.6026
0.03000,0.11500,0.01000,1.181273,0.476867,-0.458783,1.039417,1286833.18,624,51.6026
0.03000,0.12000,0.01000,1.181273,0.476867,-0.458783,1.039417,1286833.18,624,51.6026
0.03000,0.12500,0.01000,1.181273,0.476867,-0.458783,1.039417,1286833.18,624,51.6026
0.03000,0.13000,0.01000,1.181273,0.476867,-0.458783,1.039417,1286833.18,624,51.6026
0.03000,0.13500,0.01000,1.181273,0.476867,-0.458783,1.039417,1286833.18,624,51.6026
0.03000,0.14000,0.01000,1.181273,0.476867,-0.458783,1.039417,1286833.18,624,51.6026
0.03000,0.14500,0.01000,1.181273,0.476867,-0.458783,1.039417,1286833.18,624,51.6026
0.03000,0.15000,0.01000,1.181273,0.476867,-0.458783,1.039417,1286833.18,624,51.6026
0.03000,0.06000,0.01200,1.181249,0.471054,-0.458601,1.027154,1225144.99,624,51.9231
0.05500,0.12000,0.00900,1.181216,0.512368,-0.472243,1.084968,1729950.92,624,45.5128
0.02500,0.07500,0.00800,1.181167,0.472120,-0.450442,1.048126,1236251.57,624,53.6859
0.09000,0.07500,0.00700,1.181118,0.519257,-0.452856,1.146628,1830717.31,624,43.5897
0.01000,0.05000,0.00600,1.181094,0.436517,-0.390993,1.116432,911285.58,624,65.5449
0.08500,0.07500,0.00200,1.181068,0.521200,-0.443403,1.175453,1860091.75,624,41.8269
0.03500,0.08000,0.01400,1.181046,0.477700,-0.437944,1.090780,1295908.42,624,50.9615
0.07000,0.07500,0.01000,1.180979,0.512021,-0.461904,1.108502,1725013.35,624,44.7115
0.05500,0.13000,0.01100,1.180978,0.511592,-0.479173,1.067656,1718922.87,624,46.1538
0.07000,0.07000,0.01000,1.180963,0.508140,-0.461862,1.100200,1670657.37,624,45.5128
0.02000,0.07500,0.01600,1.180895,0.450580,-0.408832,1.102116,1028868.96,624,59.1346
0.07500,0.07000,0.00200,1.180863,0.517652,-0.448234,1.154869,1806762.30,624,42.6282
0.02000,0.06000,0.00500,1.180850,0.459074,-0.428251,1.071974,1106490.64,624,56.8910
0.06000,0.05500,0.01900,1.180844,0.489070,-0.434979,1.124354,1425747.25,624,50.0000
0.06000,0.07500,0.01100,1.180842,0.508929,-0.479246,1.061935,1681574.45,624,45.8333
0.09000,0.07000,0.00200,1.180793,0.524188,-0.453501,1.155868,1906121.75,624,42.3077
0.05500,0.07000,0.00100,1.180742,0.510346,-0.443280,1.151296,1701355.85,624,43.7500
0.08000,0.06500,0.01500,1.180713,0.504562,-0.436995,1.154617,1621949.46,624,47.2756
0.03000,0.07000,0.01100,1.180455,0.476873,-0.455645,1.046590,1286904.77,624,52.2436
0.05500,0.05500,0.01300,1.180448,0.484337,-0.431391,1.122732,1370308.18,624,48.5577
0.02000,0.07000,0.00200,1.180430,0.467022,-0.430316,1.085301,1183965.10,624,56.2500
0.06500,0.09000,0.00600,1.180365,0.519745,-0.552229,0.941177,1838051.52,624,43.4295
0.04500,0.05500,0.01800,1.180178,0.481186,-0.433780,1.109286,1334513.04,624,51.1218
0.05500,0.06500,0.00900,1.180174,0.502026,-0.455019,1.103309,1588221.98,624,46.4744
0.02000,0.08500,0.01600,1.180116,0.450146,-0.408832,1.101054,1025040.04,624,59.1346
0.02000,0.09000,0.01600,1.180116,0.450146,-0.408832,1.101054,1025040.04,624,59.1346
0.02000,0.09500,0.01600,1.180116,0.450146,-0.408832,1.101054,1025040.04,624,59.1346
0.02000,0.10000,0.01600,1.180116,0.450146,-0.408832,1.101054,1025040.04,624,59.1346
0.02000,0.10500,0.01600,1.180116,0.450146,-0.408832,1.101054,1025040.04,624,59.1346
0.02000,0.11000,0.01600,1.180116,0.450146,-0.408832,1.101054,1025040.04,624,59.1346
0.02000,0.11500,0.01600,1.180116,0.450146,-0.408832,1.101054,1025040.04,624,59.1346
0.02000,0.12000,0.01600,1.180116,0.450146,-0.408832,1.101054,1025040.04,624,59.1346
0.02000,0.12500,0.01600,1.180116,0.450146,-0.408832,1.101054,1025040.04,624,59.1346
0.02000,0.13000,0.01600,1.180116,0.450146,-0.408832,1.101054,1025040.04,624,59.1346
0.02000,0.13500,0.01600,1.180116,0.450146,-0.408832,1.101054,1025040.04,624,59.1346
0.02000,0.14000,0.01600,1.180116,0.450146,-0.408832,1.101054,1025040.04,624,59.1346
0.02000,0.14500,0.01600,1.180116,0.450146,-0.408832,1.101054,1025040.04,624,59.1346
0.02000,0.15000,0.01600,1.180116,0.450146,-0.408832,1.101054,1025040.04,624,59.1346
0.03500,0.09000,0.01400,1.180115,0.477367,-0.437944,1.090018,1292269.48,624,50.9615
0.04500,0.05000,0.00300,1.180010,0.488979,-0.426866,1.145510,1424664.82,624,47.4359
0.09500,0.07000,0.00400,1.179950,0.520249,-0.452633,1.149384,1845659.75,624,42.9487
0.03000,0.07500,0.01800,1.179885,0.473163,-0.412787,1.146264,1247204.56,624,54.1667
0.05500,0.11500,0.00900,1.179883,0.511286,-0.472243,1.082677,1714599.59,624,45.5128
0.05500,0.10500,0.00100,1.179762,0.515106,-0.442365,1.164436,1769366.47,624,43.1090
0.05500,0.12500,0.01100,1.179702,0.510528,-0.479173,1.065436,1703912.82,624,46.1538
0.08000,0.07000,0.01900,1.179638,0.506002,-0.438726,1.153346,1641395.35,624,48.2372
0.08500,0.07500,0.01500,1.179522,0.509121,-0.431675,1.179408,1684247.80,624,46.1538
0.06500,0.09500,0.00600,1.179520,0.520178,-0.552221,0.941974,1844593.12,624,43.2692
0.05500,0.07000,0.00900,1.179308,0.504357,-0.472260,1.067965,1619193.47,624,46.1538
0.06000,0.06500,0.01900,1.179199,0.496639,-0.435138,1.141338,1518702.46,624,49.1987
0.03000,0.09000,0.01800,1.179166,0.472237,-0.412787,1.144019,1237468.39,624,54.1667
0.09000,0.07500,0.00200,1.178966,0.524158,-0.450934,1.162381,1905654.18,624,41.6667
0.03500,0.06000,0.01400,1.178963,0.472768,-0.429769,1.100051,1243044.44,624,51.4423
0.05500,0.09000,0.01000,1.178954,0.507722,-0.475547,1.067660,1664902.38,624,45.8333
0.06500,0.05500,0.01200,1.178901,0.489092,-0.437412,1.118152,1426012.65,624,46.7949
0.09500,0.07000,0.00300,1.178892,0.523133,-0.447662,1.168589,1889760.67,624,42.4679
0.05500,0.06500,0.00100,1.178773,0.506591,-0.445856,1.136220,1649400.15,624,44.0705
0.06500,0.07000,0.01900,1.178737,0.500787,-0.438681,1.141574,1571978.25,624,48.5577
0.07500,0.06500,0.01600,1.178578,0.503846,-0.431731,1.167037,1612352.64,624,47.9167
0.03500,0.08500,0.01400,1.178501,0.476281,-0.437944,1.087539,1280488.62,624,50.9615
0.02500,0.07500,0.00300,1.178431,0.478858,-0.430700,1.111812,1308611.66,624,52.2436
0.05500,0.12000,0.01100,1.178364,0.509435,-0.479173,1.063154,1688608.82,624,46.1538
0.02500,0.07000,0.00900,1.178275,0.468944,-0.448311,1.046023,1203429.11,624,53.5256
0.03000,0.08500,0.01800,1.178267,0.471695,-0.412787,1.142707,1231808.92,624,54.1667
0.10000,0.07000,0.00500,1.178226,0.516580,-0.457560,1.128987,1790929.29,624,43.4295
0.04000,0.05000,0.00700,1.178182,0.481193,-0.437847,1.098998,1334588.86,624,49.1987
0.03000,0.05500,0.01600,1.178158,0.469219,-0.408028,1.149965,1206236.41,624,53.8462
0.08500,0.06500,0.01300,1.178156,0.505834,-0.434725,1.163573,1639111.22,624,46.1538
0.07500,0.06000,0.00600,1.178117,0.503290,-0.450065,1.118259,1604946.38,624,44.8718
0.06500,0.06500,0.01900,1.178056,0.496147,-0.435183,1.140088,1512488.73,624,49.1987
0.06000,0.07500,0.00900,1.178037,0.508130,-0.472192,1.076110,1670520.92,624,45.1923
0.05500,0.04500,0.00600,1.178018,0.480029,-0.432208,1.110644,1321583.08,624,48.0769
0.05500,0.06500,0.01100,1.177978,0.499296,-0.437838,1.140368,1552628.86,624,47.1154
0.03500,0.10000,0.01900,1.177842,0.476548,-0.411618,1.157742,1283372.81,624,52.5641
0.03500,0.10500,0.01900,1.177842,0.476548,-0.411618,1.157742,1283372.81,624,52.5641
0.03500,0.11000,0.01900,1.177842,0.476548,-0.411618,1.157742,1283372.81,624,52.5641
0.03500,0.11500,0.01900,1.177842,0.476548,-0.411618,1.157742,1283372.81,624,52.5641
0.03500,0.12000,0.01900,1.177842,0.476548,-0.411618,1.157742,1283372.81,624,52.5641
0.03500,0.12500,0.01900,1.177842,0.476548,-0.411618,1.157742,1283372.81,624,52.5641
0.03500,0.13000,0.01900,1.177842,0.476548,-0.411618,1.157742,1283372.81,624,52.5641
0.03500,0.13500,0.01900,1.177842,0.476548,-0.411618,1.157742,1283372.81,624,52.5641
0.03500,0.14000,0.01900,1.177842,0.476548,-0.411618,1.157742,1283372.81,624,52.5641
0.03500,0.14500,0.01900,1.177842,0.476548,-0.411618,1.157742,1283372.81,624,52.5641
0.03500,0.15000,0.01900,1.177842,0.476548,-0.411618,1.157742,1283372.81,624,52.5641
0.06500,0.08000,0.00600,1.177811,0.516082,-0.552228,0.934545,1783621.37,624,43.5897
0.03000,0.08000,0.00900,1.177786,0.475031,-0.457162,1.039088,1267052.42,624,51.1218
0.03000,0.07500,0.01100,1.177784,0.475125,-0.455645,1.042754,1268057.86,624,52.2436
0.09000,0.06500,0.01700,1.177768,0.510307,-0.439160,1.162006,1700808.87,624,48.3974
0.03500,0.09500,0.01900,1.177740,0.476481,-0.411628,1.157552,1282651.82,624,52.5641
0.06000,0.11000,0.01100,1.177676,0.513934,-0.479156,1.072582,1752390.72,624,45.3526
0.03500,0.05500,0.01200,1.177538,0.471577,-0.444981,1.059768,1230574.80,624,50.4808
0.08500,0.06000,0.00600,1.177512,0.503418,-0.450078,1.118512,1606645.45,624,44.7115
0.07500,0.07500,0.01300,1.177493,0.504998,-0.450830,1.120153,1627818.38,624,45.5128
0.03000,0.08000,0.01200,1.177449,0.470989,-0.458601,1.027011,1224465.86,624,51.6026
0.05500,0.07000,0.01100,1.177386,0.501845,-0.479175,1.047310,1585835.30,624,46.7949
0.03500,0.10000,0.01400,1.177272,0.475858,-0.437944,1.086573,1275924.69,624,50.9615
0.03500,0.10500,0.01400,1.177272,0.475858,-0.437944,1.086573,1275924.69,624,50.9615
0.03500,0.11000,0.01400,1.177272,0.475858,-0.437944,1.086573,1275924.69,624,50.9615
0.03500,0.11500,0.01400,1.177272,0.475858,-0.437944,1.086573,1275924.69,624,50.9615
0.03500,0.12000,0.01400,1.177272,0.475858,-0.437944,1.086573,1275924.69,624,50.9615
0.03500,0.12500,0.01400,1.177272,0.475858,-0.437944,1.086573,1275924.69,624,50.9615
0.03500,0.13000,0.01400,1.177272,0.475858,-0.437944,1.086573,1275924.69,624,50.9615
0.03500,0.13500,0.01400,1.177272,0.475858,-0.437944,1.086573,1275924.69,624,50.9615
0.03500,0.14000,0.01400,1.177272,0.475858,-0.437944,1.086573,1275924.69,624,50.9615
0.03500,0.14500,0.01400,1.177272,0.475858,-0.437944,1.086573,1275924.69,624,50.9615
0.03500,0.15000,0.01400,1.177272,0.475858,-0.437944,1.086573,1275924.69,624,50.9615
0.03500,0.09500,0.01400,1.177207,0.475813,-0.437944,1.086471,1275444.81,624,50.9615
0.06500,0.06000,0.01200,1.177166,0.492084,-0.427213,1.151848,1462114.83,624,46.7949
0.08000,0.09000,0.00600,1.177094,0.524042,-0.552222,0.948971,1903858.64,624,42.6282
0.07500,0.07500,0.01500,1.177061,0.504485,-0.430612,1.171552,1620907.59,624,46.3141
0.05500,0.11500,0.01100,1.177015,0.508348,-0.479173,1.060886,1673529.11,624,46.1538
0.02500,0.06500,0.00800,1.177008,0.469281,-0.450442,1.041823,1206873.49,624,53.6859
0.07500,0.07500,0.00700,1.177006,0.512263,-0.451740,1.133977,1728457.13,624,43.9103
0.08500,0.06500,0.01500,1.176915,0.504174,-0.436842,1.154134,1616744.86,624,47.1154
0.09000,0.07000,0.01800,1.176722,0.511377,-0.437680,1.168382,1715883.16,624,47.9167
0.02500,0.06000,0.00500,1.176634,0.471096,-0.438811,1.073576,1225583.67,624,53.2051
0.02500,0.07000,0.01000,1.176605,0.467869,-0.457117,1.023521,1192508.81,624,54.0064
0.05500,0.05500,0.01100,1.176593,0.485090,-0.448381,1.081871,1378993.80,624,48.2372
0.02000,0.07000,0.00900,1.176512,0.452943,-0.436130,1.038552,1049948.33,624,57.2115
0.06500,0.05500,0.02000,1.176390,0.490810,-0.436288,1.124969,1446640.53,624,50.6410
0.06000,0.11000,0.00100,1.176304,0.518065,-0.442382,1.171082,1812907.73,624,42.1474
0.02500,0.06500,0.00500,1.176193,0.472000,-0.438811,1.075635,1234991.89,624,53.0449
0.08000,0.06500,0.00500,1.176180,0.509195,-0.449108,1.133790,1685267.14,624,44.0705
0.04500,0.05500,0.01100,1.176156,0.482168,-0.451068,1.068948,1345569.26,624,48.8782
0.02000,0.08000,0.00200,1.176085,0.464172,-0.424581,1.093249,1155630.17,624,56.2500
0.07500,0.07000,0.01000,1.175977,0.508393,-0.454186,1.119348,1674148.51,624,45.1923
0.03000,0.07000,0.01300,1.175857,0.470417,-0.437764,1.074591,1218553.58,624,52.5641
0.06000,0.06000,0.01900,1.175738,0.489048,-0.435013,1.124214,1425479.16,624,49.8397
0.08000,0.06500,0.00300,1.175697,0.512742,-0.445084,1.152013,1735291.25,624,43.1090
0.10000,0.07000,0.02000,1.175500,0.514295,-0.439787,1.169418,1757600.38,624,49.0385
0.08000,0.06500,0.02000,1.175273,0.505487,-0.442407,1.142584,1634411.29,624,49.5192
0.06000,0.07000,0.01100,1.175226,0.503064,-0.479147,1.049916,1601943.86,624,46.3141
0.03000,0.08500,0.00900,1.175197,0.473438,-0.457195,1.035526,1250106.20,624,51.1218
0.03000,0.09000,0.00900,1.175197,0.473438,-0.457195,1.035526,1250106.20,624,51.1218
0.03000,0.09500,0.00900,1.175197,0.473438,-0.457195,1.035526,1250106.20,624,51.1218
0.03000,0.10000,0.00900,1.175197,0.473438,-0.457195,1.035526,1250106.20,624,51.1218
0.03000,0.10500,0.00900,1.175197,0.473438,-0.457195,1.035526,1250106.20,624,51.1218
0.03000,0.11000,0.00900,1.175197,0.473438,-0.457195,1.035526,1250106.20,624,51.1218
0.03000,0.11500,0.00900,1.175197,0.473438,-0.457195,1.035526,1250106.20,624,51.1218
0.03000,0.12000,0.00900,1.175197,0.473438,-0.457195,1.035526,1250106.20,624,51.1218
0.03000,0.12500,0.00900,1.175197,0.473438,-0.457195,1.035526,1250106.20,624,51.1218
0.03000,0.13000,0.00900,1.175197,0.473438,-0.457195,1.035526,1250106.20,624,51.1218
0.03000,0.13500,0.00900,1.175197,0.473438,-0.457195,1.035526,1250106.20,624,51.1218
0.03000,0.14000,0.00900,1.175197,0.473438,-0.457195,1.035526,1250106.20,624,51.1218
0.03000,0.14500,0.00900,1.175197,0.473438,-0.457195,1.035526,1250106.20,624,51.1218
0.03000,0.15000,0.00900,1.175197,0.473438,-0.457195,1.035526,1250106.20,624,51.1218
0.07500,0.14500,0.00600,1.175187,0.528604,-0.552227,0.957223,1976082.73,624,42.1474
0.03000,0.06500,0.01400,1.175150,0.468254,-0.439502,1.065419,1196411.63,624,52.8846
0.09500,0.07500,0.00500,1.175033,0.515957,-0.455017,1.133928,1781785.71,624,42.7885
0.09500,0.07000,0.00700,1.174983,0.514569,-0.452853,1.136282,1761570.54,624,44.0705
0.08000,0.06500,0.00800,1.174945,0.506811,-0.453434,1.117719,1652414.69,624,45.0321
0.09000,0.06500,0.01600,1.174932,0.508525,-0.437959,1.161125,1675979.26,624,47.5962
0.06000,0.11000,0.00900,1.174864,0.512931,-0.472183,1.086297,1737989.66,624,44.7115
0.06500,0.06000,0.00400,1.174703,0.501165,-0.460764,1.087683,1576919.81,624,45.0321
0.09500,0.07500,0.00800,1.174581,0.514485,-0.454525,1.131917,1760349.76,624,43.7500
0.04500,0.05000,0.00400,1.174551,0.484352,-0.425614,1.138008,1370477.30,624,47.7564
0.01500,0.08000,0.00600,1.174509,0.446248,-0.418145,1.067209,991245.86,624,60.2564
0.01500,0.08500,0.00600,1.174509,0.446248,-0.418145,1.067209,991245.86,624,60.2564
0.01500,0.09000,0.00600,1.174509,0.446248,-0.418145,1.067209,991245.86,624,60.2564
0.01500,0.09500,0.00600,1.174509,0.446248,-0.418145,1.067209,991245.86,624,60.2564
0.01500,0.10000,0.00600,1.174509,0.446248,-0.418145,1.067209,991245.86,624,60.2564
0.01500,0.10500,0.00600,1.174509,0.446248,-0.418145,1.067209,991245.86,624,60.2564
0.01500,0.11000,0.00600,1.174509,0.446248,-0.418145,1.067209,991245.86,624,60.2564
0.01500,0.11500,0.00600,1.174509,0.446248,-0.418145,1.067209,991245.86,624,60.2564
0.01500,0.12000,0.00600,1.174509,0.446248,-0.418145,1.067209,991245.86,624,60.2564
0.01500,0.12500,0.00600,1.174509,0.446248,-0.418145,1.067209,991245.86,624,60.2564
0.01500,0.13000,0.00600,1.174509,0.446248,-0.418145,1.067209,991245.86,624,60.2564
0.01500,0.13500,0.00600,1.174509,0.446248,-0.418145,1.067209,991245.86,624,60.2564
0.01500,0.14000,0.00600,1.174509,0.446248,-0.418145,1.067209,991245.86,624,60.2564
0.01500,0.14500,0.00600,1.174509,0.446248,-0.418145,1.067209,991245.86,624,60.2564
0.01500,0.15000,0.00600,1.174509,0.446248,-0.418145,1.067209,991245.86,624,60.2564
0.04000,0.05500,0.01400,1.174501,0.473812,-0.431090,1.099103,1254068.02,624,50.1603
0.10000,0.07500,0.00500,1.174481,0.515645,-0.455013,1.133254,1777230.59,624,42.7885
0.08500,0.06500,0.00500,1.174455,0.509994,-0.449109,1.135569,1696418.99,624,43.9103
0.05500,0.10000,0.00100,1.174416,0.511230,-0.442357,1.155697,1713808.52,624,43.1090
0.03500,0.06000,0.01900,1.174355,0.470907,-0.411619,1.144037,1223619.84,624,52.8846
0.09000,0.06000,0.00600,1.174300,0.502508,-0.450080,1.116484,1594575.66,624,44.5513
0.06000,0.06000,0.01000,1.174290,0.493834,-0.440803,1.120305,1483623.54,624,46.9551
0.09500,0.07000,0.02000,1.174198,0.513441,-0.439787,1.167477,1745293.25,624,49.0385
0.02500,0.06000,0.00800,1.174178,0.466499,-0.450442,1.035648,1178719.92,624,53.8462
0.10000,0.07000,0.01300,1.174144,0.506568,-0.434895,1.164804,1649090.12,624,45.6731
0.06500,0.05500,0.01000,1.174124,0.489778,-0.446173,1.097730,1434210.82,624,46.7949
0.10000,0.07000,0.01500,1.174033,0.505808,-0.434354,1.164506,1638760.77,624,46.7949
0.07500,0.14000,0.00600,1.174009,0.527541,-0.552230,0.955293,1959029.21,624,42.1474
0.02000,0.07500,0.00200,1.173985,0.462914,-0.426059,1.086502,1143317.41,624,56.2500
0.06000,0.07000,0.00900,1.173749,0.503270,-0.472235,1.065719,1604680.32,624,45.6731
0.04000,0.05500,0.01100,1.173691,0.478048,-0.451028,1.059907,1299708.43,624,49.5192
0.02500,0.07000,0.00400,1.173595,0.474672,-0.434989,1.091229,1263212.34,624,52.4038
0.02500,0.07500,0.00900,1.173588,0.466019,-0.448311,1.039498,1173913.85,624,53.5256
0.06500,0.06000,0.00300,1.173552,0.501428,-0.455887,1.099896,1580357.15,624,44.5513
0.01500,0.06500,0.00600,1.173320,0.445633,-0.418145,1.065738,986005.38,624,60.2564
0.01500,0.07500,0.00600,1.173286,0.445596,-0.418145,1.065649,985691.07,624,60.2564
0.03000,0.08500,0.01200,1.173250,0.468501,-0.458601,1.021586,1198914.84,624,51.6026
0.03000,0.09000,0.01200,1.173250,0.468501,-0.458601,1.021586,1198914.84,624,51.6026
0.03000,0.09500,0.01200,1.173250,0.468501,-0.458601,1.021586,1198914.84,624,51.6026
0.03000,0.10000,0.01200,1.173250,0.468501,-0.458601,1.021586,1198914.84,624,51.6026
0.03000,0.10500,0.01200,1.173250,0.468501,-0.458601,1.021586,1198914.84,624,51.6026
0.03000,0.11000,0.01200,1.173250,0.468501,-0.458601,1.021586,1198914.84,624,51.6026
0.03000,0.11500,0.01200,1.173250,0.468501,-0.458601,1.021586,1198914.84,624,51.6026
0.03000,0.12000,0.01200,1.173250,0.468501,-0.458601,1.021586,1198914.84,624,51.6026
0.03000,0.12500,0.01200,1.173250,0.468501,-0.458601,1.021586,1198914.84,624,51.6026
0.03000,0.13000,0.01200,1.173250,0.468501,-0.458601,1.021586,1198914.84,624,51.6026
0.03000,0.13500,0.01200,1.173250,0.468501,-0.458601,1.021586,1198914.84,624,51.6026
0.03000,0.14000,0.01200,1.173250,0.468501,-0.458601,1.021586,1198914.84,624,51.6026
0.03000,0.14500,0.01200,1.173250,0.468501,-0.458601,1.021586,1198914.84,624,51.6026
0.03000,0.15000,0.01200,1.173250,0.468501,-0.458601,1.021586,1198914.84,624,51.6026
0.10000,0.07000,0.00400,1.173228,0.515801,-0.452650,1.139515,1779508.60,624,42.9487
0.08000,0.06500,0.00400,1.173216,0.510195,-0.446762,1.141984,1699241.34,624,43.5897
0.02000,0.08500,0.00200,1.173193,0.462472,-0.431343,1.072167,1139021.21,624,56.2500
0.02000,0.09000,0.00200,1.173193,0.462472,-0.431343,1.072167,1139021.21,624,56.2500
0.02000,0.09500,0.00200,1.173193,0.462472,-0.431343,1.072167,1139021.21,624,56.2500
0.02000,0.10000,0.00200,1.173193,0.462472,-0.431343,1.072167,1139021.21,624,56.2500
0.02000,0.10500,0.00200,1.173193,0.462472,-0.431343,1.072167,1139021.21,624,56.2500
0.02000,0.11000,0.00200,1.173193,0.462472,-0.431343,1.072167,1139021.21,624,56.2500
0.02000,0.11500,0.00200,1.173193,0.462472,-0.431343,1.072167,1139021.21,624,56.2500
0.02000,0.12000,0.00200,1.173193,0.462472,-0.431343,1.072167,1139021.21,624,56.2500
0.02000,0.12500,0.00200,1.173193,0.462472,-0.431343,1.072167,1139021.21,624,56.2500
0.02000,0.13000,0.00200,1.173193,0.462472,-0.431343,1.072167,1139021.21,624,56.2500
0.02000,0.13500,0.00200,1.173193,0.462472,-0.431343,1.072167,1139021.21,624,56.2500
0.02000,0.14000,0.00200,1.173193,0.462472,-0.431343,1.072167,1139021.21,624,56.2500
0.02000,0.14500,0.00200,1.173193,0.462472,-0.431343,1.072167,1139021.21,624,56.2500
0.02000,0.15000,0.00200,1.173193,0.462472,-0.431343,1.072167,1139021.21,624,56.2500
0.07500,0.07000,0.01900,1.173117,0.501218,-0.435092,1.151980,1577602.39,624,48.2372
0.03000,0.07500,0.01300,1.173113,0.468624,-0.437764,1.070495,1200172.56,624,52.5641
0.04500,0.03500,0.00600,1.173107,0.463083,-0.440651,1.050906,1144960.66,624,51.2821
0.02000,0.06500,0.00200,1.172994,0.462318,-0.435627,1.061271,1137531.22,624,56.2500
0.08000,0.07500,0.01400,1.172957,0.501987,-0.454683,1.104036,1587701.01,624,45.8333
0.06500,0.10000,0.00600,1.172837,0.516603,-0.552228,0.935490,1791275.36,624,43.1090
0.09500,0.07000,0.01300,1.172830,0.505720,-0.434895,1.162856,1637573.49,624,45.6731
0.07500,0.13500,0.00600,1.172790,0.526462,-0.552221,0.953353,1941852.77,624,42.1474
0.05000,0.05000,0.00300,1.172780,0.485623,-0.426976,1.137355,1385176.63,624,46.9551
0.02000,0.06000,0.00300,1.172738,0.459796,-0.431643,1.065223,1113328.93,624,56.2500
0.09500,0.07000,0.01500,1.172722,0.504966,-0.434354,1.162566,1627374.42,624,46.7949
0.02500,0.07500,0.01000,1.172695,0.465445,-0.457117,1.018218,1168206.54,624,54.0064
0.02000,0.07000,0.01700,1.172624,0.445252,-0.409858,1.086357,982770.29,624,59.4551
0.05500,0.11000,0.00900,1.172603,0.506284,-0.472243,1.072083,1645218.25,624,45.5128
0.02500,0.07000,0.00200,1.172457,0.476993,-0.426709,1.117840,1288203.75,624,52.0833
0.02500,0.06500,0.00300,1.172429,0.474823,-0.430700,1.102444,1264824.73,624,52.2436
0.02500,0.06000,0.00300,1.172421,0.473707,-0.430700,1.099852,1252949.94,624,52.4038
0.07500,0.13000,0.00600,1.172397,0.526024,-0.552223,0.952557,1934931.73,624,42.1474
0.02000,0.04500,0.00600,1.172251,0.448072,-0.436556,1.026378,1006927.28,624,56.8910
0.10000,0.07000,0.00300,1.172201,0.518667,-0.447672,1.158587,1821879.10,624,42.4679
0.02000,0.08000,0.00900,1.171970,0.450062,-0.436130,1.031945,1024302.87,624,57.2115
0.04500,0.05500,0.01400,1.171920,0.474916,-0.431093,1.101655,1265821.12,624,49.5192
0.05500,0.06000,0.00900,1.171794,0.492648,-0.459665,1.071755,1469009.51,624,46.9551
0.10000,0.07500,0.01700,1.171737,0.510579,-0.435012,1.173713,1704634.25,624,47.4359
0.03500,0.06000,0.01300,1.171663,0.469718,-0.426485,1.101371,1211356.55,624,51.1218
0.07500,0.12000,0.00600,1.171605,0.524988,-0.552217,0.950691,1918625.39,624,42.1474
0.09000,0.06500,0.00800,1.171544,0.508687,-0.454528,1.119154,1678215.29,624,44.7115
0.07000,0.06500,0.00500,1.171531,0.502415,-0.454906,1.104438,1593352.65,624,44.3910
0.08500,0.07500,0.01400,1.171261,0.502891,-0.454683,1.106025,1599651.40,624,45.6731
0.08000,0.06500,0.00700,1.171044,0.506272,-0.451749,1.120693,1645054.32,624,44.7115
0.04000,0.05000,0.00500,1.171030,0.477346,-0.429549,1.111274,1292047.70,624,48.5577
0.07000,0.06500,0.00800,1.170940,0.500424,-0.453423,1.103659,1567249.85,624,45.3526
0.03000,0.05500,0.00800,1.170894,0.469640,-0.450499,1.042488,1210551.00,624,51.6026
0.05500,0.09500,0.00100,1.170844,0.508480,-0.442376,1.149428,1675349.40,624,43.1090
0.01000,0.04500,0.00600,1.170828,0.430880,-0.393543,1.094875,867730.00,624,65.5449
0.09500,0.07500,0.00400,1.170796,0.515572,-0.450990,1.143200,1776161.00,624,42.3077
0.08000,0.06500,0.01300,1.170747,0.498432,-0.434744,1.146496,1541518.66,624,46.3141
0.08500,0.06500,0.02000,1.170586,0.504515,-0.442569,1.139968,1621310.34,624,49.3590
0.07000,0.06500,0.00300,1.170555,0.505656,-0.445097,1.136059,1636705.19,624,43.4295
0.02000,0.06000,0.00400,1.170542,0.456961,-0.425281,1.074492,1086696.30,624,56.4103
0.09000,0.07500,0.01500,1.170506,0.504819,-0.431718,1.169325,1625395.39,624,45.9936
0.08000,0.11000,0.00600,1.170475,0.524704,-0.552229,0.950156,1914172.43,624,42.1474
0.03500,0.05500,0.02000,1.170454,0.468338,-0.412823,1.134476,1197256.33,624,54.0064
0.09500,0.07500,0.00300,1.170340,0.518732,-0.447140,1.160112,1822855.47,624,41.8269
0.10000,0.07500,0.00400,1.170274,0.515276,-0.450974,1.142584,1771847.89,624,42.3077
0.05500,0.03500,0.01700,1.170143,0.462614,-0.432765,1.068972,1140401.80,624,54.0064
0.03500,0.05000,0.00300,1.170119,0.478548,-0.422188,1.133495,1305200.76,624,49.3590
0.03000,0.06500,0.01800,1.170023,0.466890,-0.412787,1.131066,1182633.20,624,54.1667
0.02000,0.07500,0.00900,1.169963,0.448903,-0.436130,1.029287,1014147.33,624,57.2115
0.03500,0.05000,0.00700,1.169799,0.473155,-0.437728,1.080933,1247118.37,624,50.4808
0.10000,0.07500,0.00300,1.169793,0.518420,-0.447154,1.159376,1818185.92,624,41.8269
0.07500,0.12500,0.00600,1.169769,0.523854,-0.552227,0.948620,1900923.70,624,42.1474
0.05500,0.11000,0.01100,1.169747,0.503372,-0.479173,1.050501,1606037.21,624,46.1538
0.09000,0.07000,0.01400,1.169722,0.501672,-0.436927,1.148180,1583555.30,624,46.1538
0.08500,0.07500,0.01000,1.169717,0.509095,-0.459338,1.108324,1683886.72,624,44.3910
0.02500,0.07000,0.01600,1.169596,0.459881,-0.408002,1.127155,1114137.69,624,55.7692
0.03000,0.09500,0.01800,1.169586,0.466814,-0.412787,1.130883,1181873.31,624,54.1667
0.03000,0.10000,0.01800,1.169586,0.466814,-0.412787,1.130883,1181873.31,624,54.1667
0.03000,0.10500,0.01800,1.169586,0.466814,-0.412787,1.130883,1181873.31,624,54.1667
0.03000,0.11000,0.01800,1.169586,0.466814,-0.412787,1.130883,1181873.31,624,54.1667
0.03000,0.11500,0.01800,1.169586,0.466814,-0.412787,1.130883,1181873.31,624,54.1667
0.03000,0.12000,0.01800,1.169586,0.466814,-0.412787,1.130883,1181873.31,624,54.1667
0.03000,0.12500,0.01800,1.169586,0.466814,-0.412787,1.130883,1181873.31,624,54.1667
0.03000,0.13000,0.01800,1.169586,0.466814,-0.412787,1.130883,1181873.31,624,54.1667
0.03000,0.13500,0.01800,1.169586,0.466814,-0.412787,1.130883,1181873.31,624,54.1667
0.03000,0.14000,0.01800,1.169586,0.466814,-0.412787,1.130883,1181873.31,624,54.1667
0.03000,0.14500,0.01800,1.169586,0.466814,-0.412787,1.130883,1181873.31,624,54.1667
0.03000,0.15000,0.01800,1.169586,0.466814,-0.412787,1.130883,1181873.31,624,54.1667
0.08000,0.07500,0.00200,1.169580,0.511987,-0.443380,1.154736,1724522.95,624,41.9872
0.10000,0.07500,0.01600,1.169544,0.509190,-0.432781,1.176552,1685199.01,624,46.6346
0.02500,0.06500,0.00900,1.169356,0.463162,-0.448311,1.033127,1145736.82,624,53.5256
0.02000,0.08500,0.00900,1.169194,0.448476,-0.436130,1.028310,1010437.50,624,57.2115
0.02000,0.09000,0.00900,1.169194,0.448476,-0.436130,1.028310,1010437.50,624,57.2115
0.02000,0.09500,0.00900,1.169194,0.448476,-0.436130,1.028310,1010437.50,624,57.2115
0.02000,0.10000,0.00900,1.169194,0.448476,-0.436130,1.028310,1010437.50,624,57.2115
0.02000,0.10500,0.00900,1.169194,0.448476,-0.436130,1.028310,1010437.50,624,57.2115
0.02000,0.11000,0.00900,1.169194,0.448476,-0.436130,1.028310,1010437.50,624,57.2115
0.02000,0.11500,0.00900,1.169194,0.448476,-0.436130,1.028310,1010437.50,624,57.2115
0.02000,0.12000,0.00900,1.169194,0.448476,-0.436130,1.028310,1010437.50,624,57.2115
0.02000,0.12500,0.00900,1.169194,0.448476,-0.436130,1.028310,1010437.50,624,57.2115
0.02000,0.13000,0.00900,1.169194,0.448476,-0.436130,1.028310,1010437.50,624,57.2115
0.02000,0.13500,0.00900,1.169194,0.448476,-0.436130,1.028310,1010437.50,624,57.2115
0.02000,0.14000,0.00900,1.169194,0.448476,-0.436130,1.028310,1010437.50,624,57.2115
0.02000,0.14500,0.00900,1.169194,0.448476,-0.436130,1.028310,1010437.50,624,57.2115
0.02000,0.15000,0.00900,1.169194,0.448476,-0.436130,1.028310,1010437.50,624,57.2115
0.01000,0.07000,0.01600,1.169191,0.422665,-0.408846,1.033800,807669.98,624,66.1859
0.08000,0.07500,0.02000,1.169132,0.504585,-0.438276,1.151295,1622260.93,624,48.5577
0.02000,0.06000,0.01600,1.169101,0.443655,-0.408850,1.085129,969325.74,624,59.1346
0.08500,0.06500,0.00700,1.169042,0.506881,-0.451741,1.122059,1653360.97,624,44.5513
0.09000,0.08500,0.00600,1.168961,0.518454,-0.552221,0.938852,1818704.09,624,42.6282
0.02500,0.07500,0.00400,1.168802,0.471655,-0.434989,1.084292,1231389.64,624,52.4038
0.02000,0.06500,0.00900,1.168786,0.448231,-0.436130,1.027748,1008309.45,624,57.2115
0.06000,0.10500,0.01100,1.168597,0.507691,-0.479156,1.059555,1664477.63,624,45.3526
0.03500,0.08000,0.01300,1.168567,0.471337,-0.436240,1.080454,1228085.72,624,50.6410
0.05500,0.10500,0.00900,1.168545,0.503434,-0.472243,1.066050,1606868.94,624,45.5128
0.07000,0.06500,0.00400,1.168391,0.503330,-0.449961,1.118608,1605481.84,624,43.9103
0.03000,0.08000,0.01400,1.168353,0.465154,-0.439502,1.058365,1165317.72,624,52.7244
0.10000,0.07000,0.00700,1.168223,0.510133,-0.452849,1.126496,1698361.87,624,44.0705
0.06500,0.07500,0.01100,1.168075,0.502624,-0.465487,1.079781,1596113.12,624,45.3526
0.08500,0.06500,0.00300,1.167981,0.509307,-0.445101,1.144251,1686835.52,624,42.9487
0.02500,0.07500,0.00200,1.167880,0.474070,-0.426709,1.110990,1256800.98,624,52.0833
0.07000,0.06500,0.01300,1.167818,0.492681,-0.428394,1.150063,1469415.26,624,46.6346
0.07000,0.06500,0.01500,1.167812,0.492310,-0.430635,1.143217,1464869.72,624,47.4359
0.06500,0.05500,0.00800,1.167788,0.487944,-0.461077,1.058271,1412372.81,624,46.4744
0.03500,0.09000,0.01300,1.167733,0.471046,-0.436240,1.079786,1225058.50,624,50.6410
0.05000,0.04500,0.00200,1.167671,0.478670,-0.437231,1.094776,1306547.62,624,47.7564
0.03000,0.05500,0.01700,1.167647,0.462194,-0.409202,1.129502,1136327.32,624,54.4872
0.07500,0.07500,0.01400,1.167527,0.497774,-0.454683,1.094772,1533114.19,624,45.8333
0.03000,0.06000,0.01800,1.167382,0.463897,-0.410499,1.130081,1152925.91,624,54.3269
0.06000,0.10500,0.00100,1.167301,0.511800,-0.442381,1.156921,1721869.07,624,42.1474
0.06500,0.06000,0.01700,1.167133,0.487025,-0.432848,1.125164,1401544.25,624,49.6795
0.01000,0.06500,0.01600,1.167016,0.421473,-0.408846,1.030884,799278.61,624,66.1859
0.03000,0.06000,0.01400,1.166975,0.462037,-0.439502,1.051273,1134808.33,624,53.0449
0.07000,0.15000,0.00600,1.166915,0.518069,-0.552224,0.938150,1812963.07,624,42.4679
0.02000,0.07000,0.00100,1.166906,0.461499,-0.445273,1.036442,1129618.56,624,56.4103
0.03000,0.07000,0.01900,1.166885,0.465235,-0.411661,1.130141,1166117.39,624,54.1667
0.09000,0.06500,0.00500,1.166864,0.506527,-0.460084,1.100945,1648530.11,624,43.7500
0.02500,0.06500,0.01000,1.166813,0.461551,-0.457117,1.009700,1130122.67,624,54.0064
0.07000,0.06500,0.00700,1.166786,0.499765,-0.451749,1.106289,1558694.37,624,45.0321
0.02500,0.06000,0.00900,1.166780,0.460536,-0.448311,1.027268,1120376.79,624,53.6859
0.10000,0.07500,0.01300,1.166772,0.503664,-0.444674,1.132657,1609922.74,624,45.0321
0.02000,0.08000,0.01700,1.166716,0.441735,-0.409858,1.077777,953394.19,624,59.4551
0.09000,0.07000,0.01000,1.166714,0.506881,-0.454192,1.116007,1653369.04,624,44.8718
0.03000,0.06500,0.01100,1.166387,0.467951,-0.455645,1.027009,1193337.45,624,52.2436
0.06500,0.06000,0.00500,1.166366,0.492923,-0.465588,1.058710,1472385.03,624,45.3526
0.06500,0.05500,0.01800,1.166328,0.482114,-0.433982,1.110909,1344961.24,624,49.5192
0.07000,0.14500,0.00600,1.166322,0.517514,-0.552235,0.937128,1804726.11,624,42.4679
0.07500,0.11500,0.00600,1.166316,0.520973,-0.552221,0.943414,1856645.97,624,42.1474
0.10000,0.07000,0.00200,1.166258,0.515501,-0.453505,1.136704,1775125.91,624,42.1474
0.08500,0.07500,0.02000,1.166248,0.504731,-0.438276,1.151628,1624219.30,624,48.3974
0.06500,0.07500,0.00900,1.166217,0.502379,-0.458449,1.095825,1592879.17,624,44.7115
0.05500,0.05500,0.01900,1.166133,0.475056,-0.435005,1.092069,1267315.73,624,50.4808
0.10000,0.07500,0.00200,1.166115,0.516700,-0.450940,1.145828,1792698.35,624,41.5064
0.03500,0.08500,0.01300,1.166108,0.469961,-0.436240,1.077300,1213852.89,624,50.6410
0.07500,0.05000,0.00600,1.166040,0.487245,-0.420072,1.159908,1404131.29,624,45.8333
0.05000,0.05000,0.00400,1.165875,0.480149,-0.418311,1.147829,1322919.06,624,47.2756
0.06000,0.10500,0.00900,1.165789,0.506684,-0.472183,1.073067,1650678.84,624,44.7115
0.07000,0.14000,0.00600,1.165758,0.516988,-0.552230,0.936182,1796936.88,624,42.4679
0.05500,0.10500,0.01100,1.165679,0.500528,-0.479173,1.044566,1568595.12,624,46.1538
0.06500,0.05000,0.00600,1.165615,0.482824,-0.423962,1.138838,1353013.89,624,46.3141
0.05500,0.06000,0.01100,1.165536,0.487489,-0.443050,1.100303,1407001.79,624,47.5962
0.04500,0.05500,0.01300,1.165493,0.472555,-0.429402,1.100498,1240811.77,624,49.0385
0.02500,0.08000,0.01600,1.165452,0.456986,-0.408020,1.120008,1086927.80,624,55.7692
0.06500,0.06000,0.00200,1.165417,0.497450,-0.461629,1.077598,1528989.58,624,44.3910
0.08500,0.06500,0.00400,1.165413,0.506733,-0.446766,1.134225,1651349.61,624,43.4295
0.02500,0.08000,0.00500,1.165396,0.466279,-0.438811,1.062598,1176516.23,624,52.8846
0.02000,0.07000,0.01500,1.165225,0.441768,-0.417271,1.058708,953662.09,624,58.6538
0.07000,0.13500,0.00600,1.165174,0.516454,-0.552229,0.935216,1789076.09,624,42.4679
0.02000,0.06500,0.01700,1.164997,0.440678,-0.409835,1.075259,944722.92,624,59.4551
0.09500,0.07000,0.00200,1.164976,0.514646,-0.453505,1.134818,1762683.81,624,42.1474
0.03000,0.05000,0.00200,1.164926,0.473950,-0.428462,1.106168,1255533.46,624,50.4808
0.03500,0.10000,0.01300,1.164918,0.469555,-0.436240,1.076368,1209681.19,624,50.6410
0.03500,0.10500,0.01300,1.164918,0.469555,-0.436240,1.076368,1209681.19,624,50.6410
0.03500,0.11000,0.01300,1.164918,0.469555,-0.436240,1.076368,1209681.19,624,50.6410
0.03500,0.11500,0.01300,1.164918,0.469555,-0.436240,1.076368,1209681.19,624,50.6410
0.03500,0.12000,0.01300,1.164918,0.469555,-0.436240,1.076368,1209681.19,624,50.6410
0.03500,0.12500,0.01300,1.164918,0.469555,-0.436240,1.076368,1209681.19,624,50.6410
0.03500,0.13000,0.01300,1.164918,0.469555,-0.436240,1.076368,1209681.19,624,50.6410
0.03500,0.13500,0.01300,1.164918,0.469555,-0.436240,1.076368,1209681.19,624,50.6410
0.03500,0.14000,0.01300,1.164918,0.469555,-0.436240,1.076368,1209681.19,624,50.6410
0.03500,0.14500,0.01300,1.164918,0.469555,-0.436240,1.076368,1209681.19,624,50.6410
0.03500,0.15000,0.01300,1.164918,0.469555,-0.436240,1.076368,1209681.19,624,50.6410
0.03500,0.09500,0.01300,1.164868,0.469519,-0.436240,1.076285,1209307.71,624,50.6410
0.02500,0.05500,0.00700,1.164854,0.463038,-0.446901,1.036109,1144527.04,624,53.8462
0.08500,0.07000,0.01900,1.164777,0.498864,-0.438661,1.137241,1547060.33,624,48.0769
0.04500,0.05000,0.00500,1.164728,0.475370,-0.429498,1.106806,1270685.82,624,47.9167
0.07000,0.07000,0.01900,1.164682,0.492343,-0.438711,1.122248,1465274.25,624,48.3974
0.07500,0.07500,0.02000,1.164640,0.500683,-0.438276,1.142392,1570621.99,624,48.5577
0.02000,0.07500,0.01700,1.164475,0.440467,-0.409858,1.074683,943001.01,624,59.4551
0.03500,0.05000,0.00100,1.164470,0.476512,-0.424297,1.123063,1282991.76,624,49.0385
0.07000,0.13000,0.00600,1.164418,0.515787,-0.552235,0.933999,1779297.41,624,42.4679
0.02000,0.05500,0.00800,1.164369,0.446139,-0.438573,1.017253,990315.69,624,57.3718
0.07500,0.07500,0.00200,1.164254,0.507756,-0.445672,1.139305,1665359.49,624,41.9872
0.02500,0.06000,0.00200,1.164236,0.470484,-0.426709,1.102587,1219244.22,624,52.2436
0.10000,0.06500,0.01700,1.164235,0.502330,-0.439159,1.143845,1592226.78,624,48.3974
0.09500,0.07500,0.01700,1.164187,0.505609,-0.435012,1.162286,1636057.79,624,47.4359
0.03000,0.08000,0.01900,1.164149,0.463086,-0.411661,1.124921,1144993.99,624,54.1667
0.03000,0.08500,0.01400,1.164092,0.462652,-0.439502,1.052673,1140773.88,624,52.7244
0.03000,0.09000,0.01400,1.164092,0.462652,-0.439502,1.052673,1140773.88,624,52.7244
0.03000,0.09500,0.01400,1.164092,0.462652,-0.439502,1.052673,1140773.88,624,52.7244
0.03000,0.10000,0.01400,1.164092,0.462652,-0.439502,1.052673,1140773.88,624,52.7244
0.03000,0.10500,0.01400,1.164092,0.462652,-0.439502,1.052673,1140773.88,624,52.7244
0.03000,0.11000,0.01400,1.164092,0.462652,-0.439502,1.052673,1140773.88,624,52.7244
0.03000,0.11500,0.01400,1.164092,0.462652,-0.439502,1.052673,1140773.88,624,52.7244
0.03000,0.12000,0.01400,1.164092,0.462652,-0.439502,1.052673,1140773.88,624,52.7244
0.03000,0.12500,0.01400,1.164092,0.462652,-0.439502,1.052673,1140773.88,624,52.7244
0.03000,0.13000,0.01400,1.164092,0.462652,-0.439502,1.052673,1140773.88,624,52.7244
0.03000,0.13500,0.01400,1.164092,0.462652,-0.439502,1.052673,1140773.88,624,52.7244
0.03000,0.14000,0.01400,1.164092,0.462652,-0.439502,1.052673,1140773.88,624,52.7244
0.03000,0.14500,0.01400,1.164092,0.462652,-0.439502,1.052673,1140773.88,624,52.7244
0.03000,0.15000,0.01400,1.164092,0.462652,-0.439502,1.052673,1140773.88,624,52.7244
0.02500,0.07500,0.01600,1.163988,0.456615,-0.407997,1.119161,1083478.46,624,55.7692
0.02000,0.08500,0.01700,1.163912,0.440158,-0.409858,1.073927,940477.92,624,59.4551
0.02000,0.09000,0.01700,1.163912,0.440158,-0.409858,1.073927,940477.92,624,59.4551
0.02000,0.09500,0.01700,1.163912,0.440158,-0.409858,1.073927,940477.92,624,59.4551
0.02000,0.10000,0.01700,1.163912,0.440158,-0.409858,1.073927,940477.92,624,59.4551
0.02000,0.10500,0.01700,1.163912,0.440158,-0.409858,1.073927,940477.92,624,59.4551
0.02000,0.11000,0.01700,1.163912,0.440158,-0.409858,1.073927,940477.92,624,59.4551
0.02000,0.11500,0.01700,1.163912,0.440158,-0.409858,1.073927,940477.92,624,59.4551
0.02000,0.12000,0.01700,1.163912,0.440158,-0.409858,1.073927,940477.92,624,59.4551
0.02000,0.12500,0.01700,1.163912,0.440158,-0.409858,1.073927,940477.92,624,59.4551
0.02000,0.13000,0.01700,1.163912,0.440158,-0.409858,1.073927,940477.92,624,59.4551
0.02000,0.13500,0.01700,1.163912,0.440158,-0.409858,1.073927,940477.92,624,59.4551
0.02000,0.14000,0.01700,1.163912,0.440158,-0.409858,1.073927,940477.92,624,59.4551
0.02000,0.14500,0.01700,1.163912,0.440158,-0.409858,1.073927,940477.92,624,59.4551
0.02000,0.15000,0.01700,1.163912,0.440158,-0.409858,1.073927,940477.92,624,59.4551
0.08000,0.09500,0.00600,1.163864,0.517431,-0.552222,0.936997,1803486.79,624,42.4679
0.10000,0.06500,0.00800,1.163844,0.504534,-0.454535,1.110000,1621573.25,624,44.5513
0.02500,0.06500,0.00200,1.163784,0.471228,-0.426709,1.104330,1226950.89,624,52.0833
0.02000,0.05500,0.00700,1.163751,0.447889,-0.435676,1.028033,1005348.02,624,57.2115
0.03000,0.06000,0.01100,1.163654,0.465041,-0.455645,1.020621,1164196.76,624,52.4038
0.08000,0.08500,0.00600,1.163622,0.513354,-0.552226,0.929609,1744055.52,624,42.7885
0.06500,0.06000,0.01600,1.163389,0.484901,-0.431617,1.123451,1376803.50,624,48.8782
0.02500,0.08000,0.00800,1.163385,0.461977,-0.450442,1.025607,1134226.91,624,53.5256
0.08000,0.07500,0.01800,1.163276,0.497923,-0.437042,1.139303,1535012.11,624,47.4359
0.02500,0.06000,0.01000,1.163225,0.458414,-0.457117,1.002836,1100269.48,624,54.1667
0.08000,0.15000,0.00600,1.163213,0.523641,-0.552235,0.948221,1897615.47,624,41.9872
0.05500,0.10000,0.00900,1.163193,0.499614,-0.472243,1.057960,1556737.58,624,45.5128
0.02500,0.09000,0.01600,1.163164,0.455668,-0.407984,1.116876,1074738.00,624,55.7692
0.07000,0.12500,0.00600,1.163136,0.514708,-0.552233,0.932048,1763581.31,624,42.4679
0.06000,0.03500,0.01800,1.163118,0.462383,-0.445625,1.037604,1138156.45,624,53.6859
0.09500,0.07500,0.00700,1.162973,0.508158,-0.452847,1.122141,1670905.32,624,43.4295
0.07500,0.06500,0.01500,1.162752,0.492496,-0.430610,1.143717,1467156.62,624,47.2756
0.02500,0.08500,0.00500,1.162730,0.464666,-0.438811,1.058922,1160492.11,624,52.8846
0.02500,0.09000,0.00500,1.162730,0.464666,-0.438811,1.058922,1160492.11,624,52.8846
0.02500,0.09500,0.00500,1.162730,0.464666,-0.438811,1.058922,1160492.11,624,52.8846
0.02500,0.10000,0.00500,1.162730,0.464666,-0.438811,1.058922,1160492.11,624,52.8846
0.02500,0.10500,0.00500,1.162730,0.464666,-0.438811,1.058922,1160492.11,624,52.8846
0.02500,0.11000,0.00500,1.162730,0.464666,-0.438811,1.058922,1160492.11,624,52.8846
0.02500,0.11500,0.00500,1.162730,0.464666,-0.438811,1.058922,1160492.11,624,52.8846
0.02500,0.12000,0.00500,1.162730,0.464666,-0.438811,1.058922,1160492.11,624,52.8846
0.02500,0.12500,0.00500,1.162730,0.464666,-0.438811,1.058922,1160492.11,624,52.8846
0.02500,0.13000,0.00500,1.162730,0.464666,-0.438811,1.058922,1160492.11,624,52.8846
0.02500,0.13500,0.00500,1.162730,0.464666,-0.438811,1.058922,1160492.11,624,52.8846
0.02500,0.14000,0.00500,1.162730,0.464666,-0.438811,1.058922,1160492.11,624,52.8846
0.02500,0.14500,0.00500,1.162730,0.464666,-0.438811,1.058922,1160492.11,624,52.8846
0.02500,0.15000,0.00500,1.162730,0.464666,-0.438811,1.058922,1160492.11,624,52.8846
0.03000,0.07500,0.01900,1.162657,0.462666,-0.411661,1.123901,1140904.51,624,54.1667
0.02500,0.06000,0.00400,1.162622,0.466461,-0.434989,1.072351,1178330.75,624,52.5641
0.06000,0.09000,0.01100,1.162595,0.502055,-0.479200,1.047693,1588601.46,624,45.5128
0.02500,0.06500,0.00400,1.162547,0.467529,-0.434989,1.074807,1189067.45,624,52.4038
0.02000,0.08000,0.00100,1.162536,0.458641,-0.445273,1.030023,1102403.77,624,56.4103
0.07000,0.06500,0.02000,1.162521,0.493350,-0.436292,1.130779,1477646.55,624,49.6795
0.10000,0.07500,0.00700,1.162436,0.507857,-0.452856,1.121455,1666759.81,624,43.4295
0.09000,0.07500,0.01400,1.162403,0.498700,-0.454729,1.096696,1544957.62,624,45.5128
0.08500,0.05500,0.00600,1.162265,0.490448,-0.450074,1.089706,1442266.12,624,45.0321
0.02500,0.08500,0.01600,1.162213,0.455114,-0.407996,1.115486,1069651.82,624,55.7692
0.06000,0.08500,0.01100,1.162207,0.501039,-0.479179,1.045620,1575263.98,624,45.5128
0.01500,0.06000,0.00600,1.162116,0.439191,-0.418145,1.050332,932647.62,624,60.2564
0.09500,0.07500,0.01600,1.162001,0.504227,-0.432781,1.165086,1617458.01,624,46.6346
0.09000,0.06500,0.01300,1.161993,0.496761,-0.434591,1.143053,1520244.12,624,45.9936
0.02500,0.08000,0.00300,1.161982,0.469207,-0.430700,1.089405,1206120.19,624,52.0833
0.03000,0.09000,0.01900,1.161862,0.461743,-0.411661,1.121658,1131965.79,624,54.1667
0.07000,0.12000,0.00600,1.161836,0.513622,-0.552232,0.930084,1747905.47,624,42.4679
0.06500,0.05500,0.01500,1.161697,0.478479,-0.440517,1.086176,1304445.55,624,48.3974
0.02500,0.07000,0.00100,1.161637,0.469916,-0.432246,1.087150,1213389.23,624,52.2436
0.03000,0.06500,0.01300,1.161618,0.461507,-0.437764,1.054236,1129691.89,624,52.5641
0.03500,0.05500,0.01500,1.161578,0.462001,-0.431451,1.070807,1134456.63,624,51.7628
0.01000,0.07500,0.01600,1.161506,0.418623,-0.408846,1.023913,779542.73,624,66.1859
0.01000,0.08000,0.01600,1.161506,0.418623,-0.408846,1.023913,779542.73,624,66.1859
0.01000,0.08500,0.01600,1.161506,0.418623,-0.408846,1.023913,779542.73,624,66.1859
0.01000,0.09000,0.01600,1.161506,0.418623,-0.408846,1.023913,779542.73,624,66.1859
0.01000,0.09500,0.01600,1.161506,0.418623,-0.408846,1.023913,779542.73,624,66.1859
0.01000,0.10000,0.01600,1.161506,0.418623,-0.408846,1.023913,779542.73,624,66.1859
0.01000,0.10500,0.01600,1.161506,0.418623,-0.408846,1.023913,779542.73,624,66.1859
0.01000,0.11000,0.01600,1.161506,0.418623,-0.408846,1.023913,779542.73,624,66.1859
0.01000,0.11500,0.01600,1.161506,0.418623,-0.408846,1.023913,779542.73,624,66.1859
0.01000,0.12000,0.01600,1.161506,0.418623,-0.408846,1.023913,779542.73,624,66.1859
0.01000,0.12500,0.01600,1.161506,0.418623,-0.408846,1.023913,779542.73,624,66.1859
0.01000,0.13000,0.01600,1.161506,0.418623,-0.408846,1.023913,779542.73,624,66.1859
0.01000,0.13500,0.01600,1.161506,0.418623,-0.408846,1.023913,779542.73,624,66.1859
0.01000,0.14000,0.01600,1.161506,0.418623,-0.408846,1.023913,779542.73,624,66.1859
0.01000,0.14500,0.01600,1.161506,0.418623,-0.408846,1.023913,779542.73,624,66.1859
0.01000,0.15000,0.01600,1.161506,0.418623,-0.408846,1.023913,779542.73,624,66.1859
0.02000,0.06000,0.00200,1.161453,0.455288,-0.440439,1.033715,1071250.25,624,56.2500
0.10000,0.06500,0.01600,1.161299,0.500486,-0.438035,1.142571,1568047.46,624,47.5962
0.08500,0.06500,0.00200,1.161159,0.505780,-0.445003,1.136576,1638373.45,624,42.6282
0.05500,0.09000,0.00100,1.161122,0.501604,-0.442368,1.133908,1582672.57,624,43.1090
0.04000,0.05500,0.01900,1.161027,0.466722,-0.434954,1.073036,1180945.65,624,51.7628
0.03000,0.08500,0.01900,1.160936,0.461199,-0.411661,1.120337,1126732.53,624,54.1667
0.02500,0.07000,0.01200,1.160721,0.454875,-0.470608,0.966567,1067465.62,624,53.8462
0.02500,0.08500,0.00800,1.160655,0.460341,-0.450442,1.021977,1118523.54,624,53.5256
0.02500,0.09000,0.00800,1.160655,0.460341,-0.450442,1.021977,1118523.54,624,53.5256
0.02500,0.09500,0.00800,1.160655,0.460341,-0.450442,1.021977,1118523.54,624,53.5256
0.02500,0.10000,0.00800,1.160655,0.460341,-0.450442,1.021977,1118523.54,624,53.5256
0.02500,0.10500,0.00800,1.160655,0.460341,-0.450442,1.021977,1118523.54,624,53.5256
0.02500,0.11000,0.00800,1.160655,0.460341,-0.450442,1.021977,1118523.54,624,53.5256
0.02500,0.11500,0.00800,1.160655,0.460341,-0.450442,1.021977,1118523.54,624,53.5256
0.02500,0.12000,0.00800,1.160655,0.460341,-0.450442,1.021977,1118523.54,624,53.5256
0.02500,0.12500,0.00800,1.160655,0.460341,-0.450442,1.021977,1118523.54,624,53.5256
0.02500,0.13000,0.00800,1.160655,0.460341,-0.450442,1.021977,1118523.54,624,53.5256
0.02500,0.13500,0.00800,1.160655,0.460341,-0.450442,1.021977,1118523.54,624,53.5256
0.02500,0.14000,0.00800,1.160655,0.460341,-0.450442,1.021977,1118523.54,624,53.5256
0.02500,0.14500,0.00800,1.160655,0.460341,-0.450442,1.021977,1118523.54,624,53.5256
0.02500,0.15000,0.00800,1.160655,0.460341,-0.450442,1.021977,1118523.54,624,53.5256
0.07000,0.11500,0.00600,1.160522,0.512541,-0.552210,0.928162,1732411.12,624,42.4679
0.04500,0.05000,0.00700,1.160490,0.472758,-0.437825,1.079788,1242943.20,624,48.5577
0.06000,0.04500,0.00600,1.160451,0.473528,-0.432227,1.095555,1251060.32,624,47.4359
0.02500,0.07000,0.01700,1.160412,0.453690,-0.424208,1.069499,1056689.36,624,56.4103
0.09000,0.06500,0.01500,1.160407,0.495036,-0.436955,1.132922,1498560.39,624,46.9551
0.02000,0.07500,0.00100,1.160383,0.457360,-0.445273,1.027146,1090407.22,624,56.4103
0.03000,0.08000,0.01100,1.160331,0.465136,-0.460432,1.010218,1165143.93,624,52.0833
0.05500,0.10000,0.01100,1.160298,0.496708,-0.479173,1.036594,1519568.42,624,46.1538
0.09000,0.07500,0.01000,1.160269,0.504230,-0.459378,1.097638,1617498.75,624,44.2308
0.02500,0.04000,0.00600,1.160226,0.447416,-0.450142,0.993943,1001257.47,624,54.1667
0.09000,0.06500,0.00300,1.160139,0.508304,-0.450241,1.128960,1672927.52,624,42.7885
0.02000,0.08000,0.01500,1.160046,0.438575,-0.417291,1.051004,927682.35,624,58.6538
0.07500,0.09000,0.00600,1.159922,0.511934,-0.552215,0.927056,1723774.63,624,42.6282
0.08000,0.07500,0.01000,1.159881,0.500134,-0.459338,1.088816,1563478.11,624,44.5513
0.01000,0.06000,0.01600,1.159854,0.417755,-0.408846,1.021790,773620.35,624,66.1859
0.04500,0.05000,0.00100,1.159846,0.478211,-0.415745,1.150250,1301500.92,624,47.1154
0.07500,0.09500,0.00600,1.159823,0.513726,-0.552224,0.930285,1749397.99,624,42.4679
0.03500,0.05000,0.00400,1.159787,0.471046,-0.426759,1.103775,1225055.09,624,49.5192
0.02000,0.08500,0.00100,1.159760,0.456992,-0.445273,1.026319,1086979.70,624,56.4103
0.02000,0.09000,0.00100,1.159760,0.456992,-0.445273,1.026319,1086979.70,624,56.4103
0.02000,0.09500,0.00100,1.159760,0.456992,-0.445273,1.026319,1086979.70,624,56.4103
0.02000,0.10000,0.00100,1.159760,0.456992,-0.445273,1.026319,1086979.70,624,56.4103
0.02000,0.10500,0.00100,1.159760,0.456992,-0.445273,1.026319,1086979.70,624,56.4103
0.02000,0.11000,0.00100,1.159760,0.456992,-0.445273,1.026319,1086979.70,624,56.4103
0.02000,0.11500,0.00100,1.159760,0.456992,-0.445273,1.026319,1086979.70,624,56.4103
0.02000,0.12000,0.00100,1.159760,0.456992,-0.445273,1.026319,1086979.70,624,56.4103
0.02000,0.12500,0.00100,1.159760,0.456992,-0.445273,1.026319,1086979.70,624,56.4103
0.02000,0.13000,0.00100,1.159760,0.456992,-0.445273,1.026319,1086979.70,624,56.4103
0.02000,0.13500,0.00100,1.159760,0.456992,-0.445273,1.026319,1086979.70,624,56.4103
0.02000,0.14000,0.00100,1.159760,0.456992,-0.445273,1.026319,1086979.70,624,56.4103
0.02000,0.14500,0.00100,1.159760,0.456992,-0.445273,1.026319,1086979.70,624,56.4103
0.02000,0.15000,0.00100,1.159760,0.456992,-0.445273,1.026319,1086979.70,624,56.4103
0.09500,0.08500,0.00600,1.159651,0.513471,-0.552224,0.929823,1745723.80,624,42.4679
0.09000,0.07500,0.02000,1.159646,0.504990,-0.438256,1.152273,1627703.25,624,48.2372
0.07000,0.07500,0.01900,1.159565,0.493286,-0.438703,1.124419,1476858.88,624,47.5962
0.06000,0.10000,0.01100,1.159534,0.501457,-0.479156,1.046543,1580734.72,624,45.3526
0.02500,0.06500,0.01600,1.159524,0.453528,-0.408011,1.111559,1055225.96,624,55.7692
0.06000,0.08000,0.01100,1.159522,0.498355,-0.479169,1.040040,1540537.57,624,45.5128
0.06500,0.06000,0.00700,1.159522,0.488825,-0.451730,1.082119,1422827.61,624,45.9936
0.02000,0.06500,0.00100,1.159515,0.456815,-0.445273,1.025922,1085334.53,624,56.4103
0.03000,0.06000,0.01300,1.159498,0.458917,-0.437764,1.048321,1105008.88,624,52.7244
0.02500,0.08500,0.00300,1.159487,0.467645,-0.430700,1.085777,1190237.78,624,52.0833
0.02500,0.09000,0.00300,1.159487,0.467645,-0.430700,1.085777,1190237.78,624,52.0833
0.02500,0.09500,0.00300,1.159487,0.467645,-0.430700,1.085777,1190237.78,624,52.0833
0.02500,0.10000,0.00300,1.159487,0.467645,-0.430700,1.085777,1190237.78,624,52.0833
0.02500,0.10500,0.00300,1.159487,0.467645,-0.430700,1.085777,1190237.78,624,52.0833
0.02500,0.11000,0.00300,1.159487,0.467645,-0.430700,1.085777,1190237.78,624,52.0833
0.02500,0.11500,0.00300,1.159487,0.467645,-0.430700,1.085777,1190237.78,624,52.0833
0.02500,0.12000,0.00300,1.159487,0.467645,-0.430700,1.085777,1190237.78,624,52.0833
0.02500,0.12500,0.00300,1.159487,0.467645,-0.430700,1.085777,1190237.78,624,52.0833
0.02500,0.13000,0.00300,1.159487,0.467645,-0.430700,1.085777,1190237.78,624,52.0833
0.02500,0.13500,0.00300,1.159487,0.467645,-0.430700,1.085777,1190237.78,624,52.0833
0.02500,0.14000,0.00300,1.159487,0.467645,-0.430700,1.085777,1190237.78,624,52.0833
0.02500,0.14500,0.00300,1.159487,0.467645,-0.430700,1.085777,1190237.78,624,52.0833
0.02500,0.15000,0.00300,1.159487,0.467645,-0.430700,1.085777,1190237.78,624,52.0833
0.05500,0.09500,0.00900,1.159474,0.496810,-0.472243,1.052023,1520866.52,624,45.5128
0.05500,0.08000,0.00900,1.159430,0.495189,-0.472176,1.048737,1500468.11,624,45.5128
0.05500,0.08000,0.00100,1.159399,0.499449,-0.442375,1.129017,1554605.80,624,43.1090
0.06000,0.09000,0.00900,1.159383,0.500824,-0.472316,1.060358,1572463.25,624,44.8718
0.02000,0.05500,0.00500,1.159357,0.447058,-0.428251,1.043916,998178.65,624,56.8910
0.06000,0.06500,0.00900,1.159228,0.490742,-0.455015,1.078518,1445822.33,624,45.9936
0.08500,0.07500,0.01800,1.159168,0.497256,-0.437042,1.137777,1526522.90,624,47.2756
0.09500,0.07500,0.01300,1.159166,0.498714,-0.444674,1.121526,1545137.55,624,45.0321
0.01000,0.04000,0.00600,1.159095,0.424237,-0.396329,1.070417,818855.54,624,65.5449
0.06000,0.08500,0.00900,1.159030,0.499825,-0.472352,1.058162,1559465.69,624,44.8718
0.04000,0.05500,0.01300,1.159016,0.466037,-0.429336,1.085484,1174094.01,624,49.6795
0.06000,0.09500,0.01100,1.159011,0.500717,-0.479156,1.044999,1571060.18,624,45.3526
0.06000,0.03500,0.02000,1.158845,0.460463,-0.436288,1.055411,1119685.39,624,54.4872
0.09500,0.07500,0.00200,1.158705,0.511702,-0.450940,1.134744,1720480.09,624,41.5064
0.07500,0.07500,0.01800,1.158701,0.494016,-0.437042,1.130363,1485873.10,624,47.4359
0.03000,0.05500,0.01000,1.158679,0.460819,-0.451847,1.019855,1123085.17,624,51.9231
0.03500,0.05000,0.00500,1.158601,0.467094,-0.431355,1.082853,1184691.33,624,49.8397
0.06000,0.06500,0.01100,1.158537,0.489130,-0.437831,1.117166,1426462.98,624,46.6346
0.06000,0.10000,0.00100,1.158447,0.505626,-0.442360,1.143019,1636293.05,624,42.1474
0.02000,0.07000,0.01000,1.158382,0.443229,-0.442279,1.002147,965768.32,624,57.5321
0.08000,0.06500,0.01800,1.158364,0.491788,-0.440153,1.117311,1458501.70,624,48.3974
0.09000,0.05500,0.00600,1.158332,0.488767,-0.450086,1.085942,1422135.53,624,44.8718
0.08000,0.06500,0.01400,1.158208,0.489580,-0.435788,1.123437,1431841.33,624,46.6346
0.09000,0.06500,0.00400,1.158001,0.503305,-0.455189,1.105706,1605150.26,624,43.2692
0.02000,0.07500,0.01500,1.157982,0.437388,-0.417300,1.048138,918193.06,624,58.6538
0.08000,0.10000,0.00600,1.157956,0.515099,-0.552217,0.932783,1769269.25,624,42.3077
0.06000,0.09500,0.00100,1.157843,0.504842,-0.442371,1.141218,1625707.57,624,42.1474
0.05500,0.08000,0.01100,1.157793,0.493091,-0.479199,1.028990,1474450.05,624,46.1538
0.10000,0.14000,0.00600,1.157653,0.524341,-0.553133,0.947947,1908509.20,624,41.5064
0.06500,0.06500,0.00900,1.157597,0.489918,-0.455008,1.076724,1435889.93,624,45.9936
0.07500,0.06500,0.02000,1.157577,0.493485,-0.436260,1.131173,1479310.12,624,49.5192
0.09000,0.06500,0.00700,1.157540,0.500838,-0.452855,1.105957,1572644.65,624,44.3910
0.02500,0.06000,0.01600,1.157485,0.451238,-0.408032,1.105888,1034697.86,624,55.9295
0.07500,0.06500,0.00500,1.157461,0.496714,-0.454910,1.091895,1519642.09,624,44.0705
0.03000,0.05500,0.01200,1.157262,0.456432,-0.458601,0.995270,1081790.75,624,51.9231
0.02000,0.08500,0.01500,1.157132,0.436937,-0.417272,1.047125,914608.21,624,58.6538
0.02000,0.09000,0.01500,1.157132,0.436937,-0.417272,1.047125,914608.21,624,58.6538
0.02000,0.09500,0.01500,1.157132,0.436937,-0.417272,1.047125,914608.21,624,58.6538
0.02000,0.10000,0.01500,1.157132,0.436937,-0.417272,1.047125,914608.21,624,58.6538
0.02000,0.10500,0.01500,1.157132,0.436937,-0.417272,1.047125,914608.21,624,58.6538
0.02000,0.11000,0.01500,1.157132,0.436937,-0.417272,1.047125,914608.21,624,58.6538
0.02000,0.11500,0.01500,1.157132,0.436937,-0.417272,1.047125,914608.21,624,58.6538
0.02000,0.12000,0.01500,1.157132,0.436937,-0.417272,1.047125,914608.21,624,58.6538
0.02000,0.12500,0.01500,1.157132,0.436937,-0.417272,1.047125,914608.21,624,58.6538
0.02000,0.13000,0.01500,1.157132,0.436937,-0.417272,1.047125,914608.21,624,58.6538
0.02000,0.13500,0.01500,1.157132,0.436937,-0.417272,1.047125,914608.21,624,58.6538
0.02000,0.14000,0.01500,1.157132,0.436937,-0.417272,1.047125,914608.21,624,58.6538
0.02000,0.14500,0.01500,1.157132,0.436937,-0.417272,1.047125,914608.21,624,58.6538
0.02000,0.15000,0.01500,1.157132,0.436937,-0.417272,1.047125,914608.21,624,58.6538
0.07500,0.06500,0.00300,1.157092,0.500208,-0.445090,1.123836,1564436.62,624,43.1090
0.08000,0.06500,0.00200,1.157012,0.501416,-0.444991,1.126801,1580205.04,624,42.7885
0.06000,0.10000,0.00900,1.156851,0.500517,-0.472183,1.060005,1568449.59,624,44.7115
0.02000,0.06000,0.00900,1.156841,0.441209,-0.436130,1.011647,949070.82,624,57.2115
0.02500,0.07500,0.01200,1.156824,0.452513,-0.470608,0.961549,1046078.52,624,53.8462
0.06500,0.06500,0.01100,1.156773,0.488230,-0.437835,1.115099,1415753.74,624,46.6346
0.02500,0.07500,0.00100,1.156773,0.466863,-0.432246,1.080086,1182361.25,624,52.2436
0.02000,0.06500,0.01500,1.156740,0.436660,-0.417272,1.046463,912416.25,624,58.6538
0.03000,0.05500,0.01500,1.156653,0.455714,-0.406818,1.120192,1075161.36,624,53.3654
0.02500,0.08000,0.01700,1.156616,0.451004,-0.424208,1.063166,1032619.52,624,56.4103
0.05500,0.09500,0.01100,1.156581,0.493909,-0.479173,1.030754,1484553.09,624,46.1538
0.09000,0.06500,0.02000,1.156534,0.499911,-0.442416,1.129956,1560581.64,624,49.1987
0.06000,0.07500,0.00100,1.156408,0.498796,-0.442359,1.127583,1546192.98,624,42.4679
0.03500,0.05500,0.01100,1.156347,0.463301,-0.442009,1.048170,1147089.20,624,50.9615
0.06500,0.07000,0.01100,1.156338,0.492124,-0.465572,1.057032,1462608.41,624,45.9936
0.03000,0.08500,0.01100,1.156242,0.462708,-0.460424,1.004962,1141315.91,624,52.0833
0.03000,0.09000,0.01100,1.156242,0.462708,-0.460424,1.004962,1141315.91,624,52.0833
0.03000,0.09500,0.01100,1.156242,0.462708,-0.460424,1.004962,1141315.91,624,52.0833
0.03000,0.10000,0.01100,1.156242,0.462708,-0.460424,1.004962,1141315.91,624,52.0833
0.03000,0.10500,0.01100,1.156242,0.462708,-0.460424,1.004962,1141315.91,624,52.0833
0.03000,0.11000,0.01100,1.156242,0.462708,-0.460424,1.004962,1141315.91,624,52.0833
0.03000,0.11500,0.01100,1.156242,0.462708,-0.460424,1.004962,1141315.91,624,52.0833
0.03000,0.12000,0.01100,1.156242,0.462708,-0.460424,1.004962,1141315.91,624,52.0833
0.03000,0.12500,0.01100,1.156242,0.462708,-0.460424,1.004962,1141315.91,624,52.0833
0.03000,0.13000,0.01100,1.156242,0.462708,-0.460424,1.004962,1141315.91,624,52.0833
0.03000,0.13500,0.01100,1.156242,0.462708,-0.460424,1.004962,1141315.91,624,52.0833
0.03000,0.14000,0.01100,1.156242,0.462708,-0.460424,1.004962,1141315.91,624,52.0833
0.03000,0.14500,0.01100,1.156242,0.462708,-0.460424,1.004962,1141315.91,624,52.0833
0.03000,0.15000,0.01100,1.156242,0.462708,-0.460424,1.004962,1141315.91,624,52.0833
0.09500,0.06500,0.01700,1.156169,0.496925,-0.439182,1.131478,1522313.56,624,48.3974
0.06000,0.09500,0.00900,1.156158,0.499679,-0.472183,1.058230,1557571.73,624,44.7115
0.03500,0.05500,0.01800,1.156109,0.459616,-0.410446,1.119798,1111621.37,624,52.8846
0.07500,0.06500,0.00800,1.156103,0.494306,-0.453414,1.090188,1489467.90,624,45.0321
0.09500,0.06500,0.00800,1.155838,0.499139,-0.454527,1.098151,1550611.34,624,44.5513
0.07500,0.11000,0.00600,1.155671,0.513227,-0.552217,0.929393,1742221.10,624,42.1474
0.10000,0.07500,0.01500,1.155606,0.495978,-0.431633,1.149073,1510361.22,624,45.9936
0.07000,0.06500,0.01400,1.155476,0.484036,-0.429391,1.127260,1366847.46,624,46.9551
0.02500,0.08000,0.00900,1.155407,0.455749,-0.448311,1.016590,1075481.56,624,53.3654
0.06500,0.05500,0.00100,1.155338,0.487196,-0.461886,1.054798,1403557.60,624,44.3910
0.04500,0.05500,0.01900,1.155336,0.465985,-0.434891,1.071497,1173580.01,624,51.1218
0.10000,0.13500,0.00600,1.155328,0.522543,-0.553126,0.944708,1880652.01,624,41.5064
0.06500,0.04500,0.00600,1.155298,0.471318,-0.432257,1.090364,1227885.41,624,47.2756
0.08500,0.06500,0.01000,1.155290,0.496798,-0.446756,1.112013,1520711.48,624,45.1923
0.06500,0.07000,0.00900,1.155280,0.492564,-0.458484,1.074332,1467989.40,624,45.3526
0.02500,0.08000,0.01000,1.155199,0.455655,-0.457117,0.996801,1074618.16,624,53.8462
0.03000,0.05500,0.00900,1.155150,0.459081,-0.448433,1.023746,1106560.62,624,51.4423
0.03000,0.08000,0.01300,1.155131,0.458498,-0.437764,1.047364,1101063.81,624,52.4038
0.06000,0.08000,0.00900,1.154991,0.496302,-0.472281,1.050863,1514449.23,624,44.8718
0.02500,0.07500,0.01700,1.154915,0.450517,-0.424208,1.062018,1028310.49,624,56.4103
0.05500,0.08500,0.00100,1.154892,0.497034,-0.442354,1.123613,1523702.68,624,43.1090
0.05500,0.08500,0.00900,1.154826,0.492644,-0.472234,1.043220,1468962.31,624,45.5128
0.10000,0.06000,0.00600,1.154793,0.491280,-0.450071,1.091561,1452325.75,624,44.3910
0.05000,0.05000,0.00500,1.154771,0.470458,-0.422961,1.112298,1218977.31,624,47.4359
0.08500,0.06500,0.01400,1.154707,0.489320,-0.435723,1.123006,1428725.76,624,46.4744
0.07500,0.06500,0.00400,1.154663,0.497749,-0.449950,1.106234,1532796.80,624,43.5897
0.07500,0.08500,0.00600,1.154638,0.507010,-0.552218,0.918133,1655129.28,624,42.7885
0.08000,0.07000,0.01100,1.154586,0.494934,-0.458014,1.080608,1497282.59,624,45.5128
0.10000,0.07000,0.01800,1.154523,0.497523,-0.437597,1.136942,1529907.93,624,47.9167
0.07500,0.07500,0.01000,1.154470,0.495920,-0.459338,1.079641,1509632.69,624,44.5513
0.02000,0.05500,0.01600,1.154434,0.435809,-0.408011,1.068132,905711.13,624,59.1346
0.08000,0.07000,0.00900,1.154411,0.495879,-0.455008,1.089824,1509123.37,624,44.8718
0.10000,0.06500,0.00500,1.154332,0.499600,-0.460072,1.085918,1556561.48,624,43.5897
0.04000,0.04500,0.00200,1.154313,0.466237,-0.422932,1.102391,1176091.43,624,48.8782
0.02500,0.09000,0.01700,1.154132,0.449582,-0.424208,1.059816,1020089.95,624,56.4103
0.08500,0.07000,0.00900,1.154006,0.498473,-0.455013,1.095514,1542042.59,624,44.7115
0.02000,0.08000,0.01000,1.153962,0.440435,-0.442279,0.995831,942737.28,624,57.5321
0.06000,0.03500,0.01900,1.153902,0.455988,-0.435026,1.048186,1077686.03,624,53.6859
0.08500,0.07000,0.01100,1.153721,0.497257,-0.458029,1.085643,1526525.16,624,45.3526
0.09000,0.06500,0.00200,1.153693,0.504960,-0.456064,1.107213,1627297.95,624,42.4679
0.07000,0.06500,0.00200,1.153566,0.495642,-0.450821,1.099420,1506139.09,624,43.1090
0.10000,0.07000,0.01000,1.153526,0.499073,-0.454207,1.098779,1549759.95,624,44.7115
0.05000,0.05000,0.00100,1.153505,0.475317,-0.415762,1.143245,1270114.79,624,46.6346
0.09500,0.06000,0.00600,1.153473,0.490442,-0.450071,1.089700,1442196.78,624,44.3910
0.04500,0.04000,0.00600,1.153444,0.454055,-0.432590,1.049620,1060001.41,624,50.0000
0.07000,0.11000,0.00600,1.153422,0.507538,-0.552228,0.919073,1662364.89,624,42.4679
0.02500,0.09500,0.01600,1.153410,0.450301,-0.408022,1.103619,1026408.48,624,55.7692
0.02500,0.10000,0.01600,1.153410,0.450301,-0.408022,1.103619,1026408.48,624,55.7692
0.02500,0.10500,0.01600,1.153410,0.450301,-0.408022,1.103619,1026408.48,624,55.7692
0.02500,0.11000,0.01600,1.153410,0.450301,-0.408022,1.103619,1026408.48,624,55.7692
0.02500,0.11500,0.01600,1.153410,0.450301,-0.408022,1.103619,1026408.48,624,55.7692
0.02500,0.12000,0.01600,1.153410,0.450301,-0.408022,1.103619,1026408.48,624,55.7692
0.02500,0.12500,0.01600,1.153410,0.450301,-0.408022,1.103619,1026408.48,624,55.7692
0.02500,0.13000,0.01600,1.153410,0.450301,-0.408022,1.103619,1026408.48,624,55.7692
0.02500,0.13500,0.01600,1.153410,0.450301,-0.408022,1.103619,1026408.48,624,55.7692
0.02500,0.14000,0.01600,1.153410,0.450301,-0.408022,1.103619,1026408.48,624,55.7692
0.02500,0.14500,0.01600,1.153410,0.450301,-0.408022,1.103619,1026408.48,624,55.7692
0.02500,0.15000,0.01600,1.153410,0.450301,-0.408022,1.103619,1026408.48,624,55.7692
0.08000,0.14500,0.00600,1.153338,0.516450,-0.552228,0.935212,1789024.39,624,41.9872
0.09500,0.06500,0.01600,1.153230,0.495093,-0.437923,1.130549,1499271.85,624,47.5962
0.09500,0.07000,0.01800,1.153219,0.496681,-0.437597,1.135019,1519234.61,624,47.9167
0.02500,0.08500,0.01700,1.153204,0.449049,-0.424208,1.058557,1015419.97,624,56.4103
0.06000,0.07000,0.00100,1.153118,0.495048,-0.443262,1.116830,1498711.46,624,42.9487
0.04000,0.05000,0.00800,1.152953,0.464482,-0.441307,1.052516,1158682.35,624,49.0385
0.07000,0.07500,0.01100,1.152950,0.493978,-0.465558,1.061046,1485403.21,624,45.0321
0.09000,0.07500,0.01800,1.152875,0.497707,-0.437003,1.138910,1532260.59,624,47.1154
0.02500,0.06500,0.00100,1.152869,0.464144,-0.432246,1.073798,1155355.41,624,52.2436
0.02500,0.08500,0.00900,1.152691,0.454134,-0.448311,1.012989,1060716.38,624,53.3654
0.02500,0.09000,0.00900,1.152691,0.454134,-0.448311,1.012989,1060716.38,624,53.3654
0.02500,0.09500,0.00900,1.152691,0.454134,-0.448311,1.012989,1060716.38,624,53.3654
0.02500,0.10000,0.00900,1.152691,0.454134,-0.448311,1.012989,1060716.38,624,53.3654
0.02500,0.10500,0.00900,1.152691,0.454134,-0.448311,1.012989,1060716.38,624,53.3654
0.02500,0.11000,0.00900,1.152691,0.454134,-0.448311,1.012989,1060716.38,624,53.3654
0.02500,0.11500,0.00900,1.152691,0.454134,-0.448311,1.012989,1060716.38,624,53.3654
0.02500,0.12000,0.00900,1.152691,0.454134,-0.448311,1.012989,1060716.38,624,53.3654
0.02500,0.12500,0.00900,1.152691,0.454134,-0.448311,1.012989,1060716.38,624,53.3654
0.02500,0.13000,0.00900,1.152691,0.454134,-0.448311,1.012989,1060716.38,624,53.3654
0.02500,0.13500,0.00900,1.152691,0.454134,-0.448311,1.012989,1060716.38,624,53.3654
0.02500,0.14000,0.00900,1.152691,0.454134,-0.448311,1.012989,1060716.38,624,53.3654
0.02500,0.14500,0.00900,1.152691,0.454134,-0.448311,1.012989,1060716.38,624,53.3654
0.02500,0.15000,0.00900,1.152691,0.454134,-0.448311,1.012989,1060716.38,624,53.3654
0.03000,0.06500,0.01900,1.152671,0.456414,-0.411661,1.108713,1081617.30,624,54.1667
0.02000,0.06000,0.01700,1.152515,0.433540,-0.409864,1.057765,888039.85,624,59.4551
0.08500,0.06500,0.01800,1.152422,0.489969,-0.440236,1.112969,1436509.85,624,48.2372
0.07500,0.06500,0.00700,1.152362,0.493821,-0.451734,1.093168,1483457.12,624,44.7115
0.02500,0.06000,0.00100,1.152356,0.462816,-0.432246,1.070724,1142362.42,624,52.4038
0.04000,0.05000,0.01600,1.152333,0.459234,-0.431653,1.063897,1108006.68,624,51.4423
0.03000,0.09500,0.01900,1.152240,0.456337,-0.411661,1.108528,1080913.57,624,54.1667
0.03000,0.10000,0.01900,1.152240,0.456337,-0.411661,1.108528,1080913.57,624,54.1667
0.03000,0.10500,0.01900,1.152240,0.456337,-0.411661,1.108528,1080913.57,624,54.1667
0.03000,0.11000,0.01900,1.152240,0.456337,-0.411661,1.108528,1080913.57,624,54.1667
0.03000,0.11500,0.01900,1.152240,0.456337,-0.411661,1.108528,1080913.57,624,54.1667
0.03000,0.12000,0.01900,1.152240,0.456337,-0.411661,1.108528,1080913.57,624,54.1667
0.03000,0.12500,0.01900,1.152240,0.456337,-0.411661,1.108528,1080913.57,624,54.1667
0.03000,0.13000,0.01900,1.152240,0.456337,-0.411661,1.108528,1080913.57,624,54.1667
0.03000,0.13500,0.01900,1.152240,0.456337,-0.411661,1.108528,1080913.57,624,54.1667
0.03000,0.14000,0.01900,1.152240,0.456337,-0.411661,1.108528,1080913.57,624,54.1667
0.03000,0.14500,0.01900,1.152240,0.456337,-0.411661,1.108528,1080913.57,624,54.1667
0.03000,0.15000,0.01900,1.152240,0.456337,-0.411661,1.108528,1080913.57,624,54.1667
0.09500,0.07000,0.01000,1.152224,0.498228,-0.454207,1.096918,1538910.92,624,44.7115
0.02500,0.08000,0.00400,1.152180,0.461977,-0.434989,1.062045,1134233.79,624,52.2436
0.04500,0.04500,0.00200,1.152138,0.465389,-0.437382,1.064033,1167646.65,624,48.5577
0.10000,0.07000,0.01400,1.152062,0.490992,-0.435481,1.127470,1448839.62,624,45.9936
0.07000,0.05500,0.00300,1.151972,0.487069,-0.461027,1.056486,1402059.14,624,44.3910
0.07000,0.07000,0.01100,1.151957,0.489586,-0.465587,1.051546,1431910.98,624,45.8333
0.10000,0.12500,0.00600,1.151906,0.519018,-0.553131,0.938326,1827122.54,624,41.5064
0.07000,0.07500,0.00900,1.151905,0.494198,-0.458414,1.078061,1488133.65,624,44.3910
0.01000,0.05500,0.01600,1.151875,0.414087,-0.398478,1.039173,749059.34,624,66.1859
0.03000,0.05500,0.02000,1.151875,0.454471,-0.413787,1.098320,1063778.82,624,55.4487
0.02000,0.07500,0.01000,1.151859,0.439235,-0.442279,0.993117,932997.13,624,57.5321
0.05500,0.08500,0.01100,1.151841,0.489715,-0.479138,1.022075,1433454.00,624,46.1538
0.05000,0.04000,0.00600,1.151833,0.456369,-0.439857,1.037541,1081209.41,624,49.1987
0.07500,0.06500,0.01300,1.151758,0.486027,-0.428236,1.134953,1389875.25,624,46.3141
0.02500,0.08000,0.00200,1.151712,0.464557,-0.426709,1.088695,1159412.87,624,51.9231
0.09000,0.07000,0.01900,1.151647,0.494882,-0.438852,1.127674,1496638.50,624,47.9167
0.08000,0.10500,0.00600,1.151640,0.511241,-0.552225,0.925784,1713953.94,624,42.1474
0.06500,0.06000,0.00800,1.151512,0.482042,-0.455904,1.057331,1344148.16,624,46.1538
0.07000,0.05500,0.00200,1.151510,0.487667,-0.466718,1.044886,1409101.02,624,44.2308
0.07000,0.07000,0.00900,1.151336,0.490271,-0.458509,1.069273,1440136.15,624,45.1923
0.02000,0.05500,0.00300,1.151234,0.447662,-0.424462,1.054657,1003385.73,624,56.2500
0.02500,0.05500,0.00500,1.151180,0.456123,-0.438811,1.039454,1078935.84,624,53.2051
0.02000,0.08500,0.01000,1.151081,0.438800,-0.442279,0.992134,929491.58,624,57.5321
0.02000,0.09000,0.01000,1.151081,0.438800,-0.442279,0.992134,929491.58,624,57.5321
0.02000,0.09500,0.01000,1.151081,0.438800,-0.442279,0.992134,929491.58,624,57.5321
0.02000,0.10000,0.01000,1.151081,0.438800,-0.442279,0.992134,929491.58,624,57.5321
0.02000,0.10500,0.01000,1.151081,0.438800,-0.442279,0.992134,929491.58,624,57.5321
0.02000,0.11000,0.01000,1.151081,0.438800,-0.442279,0.992134,929491.58,624,57.5321
0.02000,0.11500,0.01000,1.151081,0.438800,-0.442279,0.992134,929491.58,624,57.5321
0.02000,0.12000,0.01000,1.151081,0.438800,-0.442279,0.992134,929491.58,624,57.5321
0.02000,0.12500,0.01000,1.151081,0.438800,-0.442279,0.992134,929491.58,624,57.5321
0.02000,0.13000,0.01000,1.151081,0.438800,-0.442279,0.992134,929491.58,624,57.5321
0.02000,0.13500,0.01000,1.151081,0.438800,-0.442279,0.992134,929491.58,624,57.5321
0.02000,0.14000,0.01000,1.151081,0.438800,-0.442279,0.992134,929491.58,624,57.5321
0.02000,0.14500,0.01000,1.151081,0.438800,-0.442279,0.992134,929491.58,624,57.5321
0.02000,0.15000,0.01000,1.151081,0.438800,-0.442279,0.992134,929491.58,624,57.5321
0.02500,0.08500,0.01000,1.150963,0.453179,-0.457117,0.991384,1052069.80,624,53.8462
0.02500,0.09000,0.01000,1.150963,0.453179,-0.457117,0.991384,1052069.80,624,53.8462
0.02500,0.09500,0.01000,1.150963,0.453179,-0.457117,0.991384,1052069.80,624,53.8462
0.02500,0.10000,0.01000,1.150963,0.453179,-0.457117,0.991384,1052069.80,624,53.8462
0.02500,0.10500,0.01000,1.150963,0.453179,-0.457117,0.991384,1052069.80,624,53.8462
0.02500,0.11000,0.01000,1.150963,0.453179,-0.457117,0.991384,1052069.80,624,53.8462
0.02500,0.11500,0.01000,1.150963,0.453179,-0.457117,0.991384,1052069.80,624,53.8462
0.02500,0.12000,0.01000,1.150963,0.453179,-0.457117,0.991384,1052069.80,624,53.8462
0.02500,0.12500,0.01000,1.150963,0.453179,-0.457117,0.991384,1052069.80,624,53.8462
0.02500,0.13000,0.01000,1.150963,0.453179,-0.457117,0.991384,1052069.80,624,53.8462
0.02500,0.13500,0.01000,1.150963,0.453179,-0.457117,0.991384,1052069.80,624,53.8462
0.02500,0.14000,0.01000,1.150963,0.453179,-0.457117,0.991384,1052069.80,624,53.8462
0.02500,0.14500,0.01000,1.150963,0.453179,-0.457117,0.991384,1052069.80,624,53.8462
0.02500,0.15000,0.01000,1.150963,0.453179,-0.457117,0.991384,1052069.80,624,53.8462
0.03000,0.08500,0.01300,1.150959,0.456056,-0.437764,1.041785,1078315.40,624,52.4038
0.03000,0.09000,0.01300,1.150959,0.456056,-0.437764,1.041785,1078315.40,624,52.4038
0.03000,0.09500,0.01300,1.150959,0.456056,-0.437764,1.041785,1078315.40,624,52.4038
0.03000,0.10000,0.01300,1.150959,0.456056,-0.437764,1.041785,1078315.40,624,52.4038
0.03000,0.10500,0.01300,1.150959,0.456056,-0.437764,1.041785,1078315.40,624,52.4038
0.03000,0.11000,0.01300,1.150959,0.456056,-0.437764,1.041785,1078315.40,624,52.4038
0.03000,0.11500,0.01300,1.150959,0.456056,-0.437764,1.041785,1078315.40,624,52.4038
0.03000,0.12000,0.01300,1.150959,0.456056,-0.437764,1.041785,1078315.40,624,52.4038
0.03000,0.12500,0.01300,1.150959,0.456056,-0.437764,1.041785,1078315.40,624,52.4038
0.03000,0.13000,0.01300,1.150959,0.456056,-0.437764,1.041785,1078315.40,624,52.4038
0.03000,0.13500,0.01300,1.150959,0.456056,-0.437764,1.041785,1078315.40,624,52.4038
0.03000,0.14000,0.01300,1.150959,0.456056,-0.437764,1.041785,1078315.40,624,52.4038
0.03000,0.14500,0.01300,1.150959,0.456056,-0.437764,1.041785,1078315.40,624,52.4038
0.03000,0.15000,0.01300,1.150959,0.456056,-0.437764,1.041785,1078315.40,624,52.4038
0.02000,0.06500,0.01000,1.150859,0.438643,-0.442279,0.991778,928227.36,624,57.5321
0.02500,0.06500,0.01200,1.150760,0.448587,-0.470608,0.953207,1011400.04,624,53.8462
0.09500,0.07000,0.01400,1.150742,0.490153,-0.435481,1.125543,1438716.52,624,45.9936
0.02500,0.06500,0.01700,1.150663,0.447522,-0.424208,1.054960,1002177.04,624,56.4103
0.03500,0.05500,0.01400,1.150529,0.455235,-0.435139,1.046183,1070762.37,624,51.4423
0.03500,0.04000,0.00600,1.150507,0.446899,-0.432663,1.032903,996811.32,624,51.2821
0.08500,0.08500,0.00600,1.150489,0.505011,-0.552226,0.914502,1627989.18,624,42.6282
0.03000,0.06000,0.01900,1.150366,0.453642,-0.411661,1.101981,1056258.89,624,54.3269
0.05500,0.04000,0.00600,1.150179,0.458658,-0.439882,1.042685,1102569.89,624,48.8782
0.06500,0.07500,0.00100,1.150155,0.496463,-0.442364,1.122296,1516474.68,624,41.9872
0.10000,0.09000,0.00600,1.150107,0.509401,-0.552220,0.922461,1688148.36,624,42.1474
0.10000,0.06500,0.00700,1.150048,0.496802,-0.452849,1.097059,1520755.47,624,44.2308
0.06500,0.06000,0.02000,1.150043,0.478971,-0.436131,1.098228,1309865.57,624,50.4808
0.10000,0.13000,0.00600,1.149886,0.518268,-0.553120,0.936991,1815929.47,624,41.5064
0.07500,0.10000,0.00600,1.149870,0.508503,-0.552222,0.920830,1675669.28,624,42.3077
0.06500,0.05500,0.01400,1.149856,0.470853,-0.435965,1.080025,1223056.55,624,47.9167
0.01000,0.03500,0.00600,1.149816,0.418114,-0.399124,1.047578,776064.50,624,65.5449
0.02500,0.08500,0.00400,1.149598,0.460405,-0.434989,1.058430,1119129.69,624,52.2436
0.02500,0.09000,0.00400,1.149598,0.460405,-0.434989,1.058430,1119129.69,624,52.2436
0.02500,0.09500,0.00400,1.149598,0.460405,-0.434989,1.058430,1119129.69,624,52.2436
0.02500,0.10000,0.00400,1.149598,0.460405,-0.434989,1.058430,1119129.69,624,52.2436
0.02500,0.10500,0.00400,1.149598,0.460405,-0.434989,1.058430,1119129.69,624,52.2436
0.02500,0.11000,0.00400,1.149598,0.460405,-0.434989,1.058430,1119129.69,624,52.2436
0.02500,0.11500,0.00400,1.149598,0.460405,-0.434989,1.058430,1119129.69,624,52.2436
0.02500,0.12000,0.00400,1.149598,0.460405,-0.434989,1.058430,1119129.69,624,52.2436
0.02500,0.12500,0.00400,1.149598,0.460405,-0.434989,1.058430,1119129.69,624,52.2436
0.02500,0.13000,0.00400,1.149598,0.460405,-0.434989,1.058430,1119129.69,624,52.2436
0.02500,0.13500,0.00400,1.149598,0.460405,-0.434989,1.058430,1119129.69,624,52.2436
0.02500,0.14000,0.00400,1.149598,0.460405,-0.434989,1.058430,1119129.69,624,52.2436
0.02500,0.14500,0.00400,1.149598,0.460405,-0.434989,1.058430,1119129.69,624,52.2436
0.02500,0.15000,0.00400,1.149598,0.460405,-0.434989,1.058430,1119129.69,624,52.2436
0.03000,0.05000,0.00300,1.149488,0.463371,-0.432375,1.071686,1147771.06,624,50.4808
0.06000,0.06000,0.00900,1.149361,0.479528,-0.459680,1.043177,1316019.09,624,46.6346
0.02500,0.07000,0.01500,1.149301,0.447566,-0.410239,1.090988,1002554.05,624,55.2885
0.05000,0.05000,0.00700,1.149136,0.467071,-0.427982,1.091332,1184453.08,624,48.0769
0.02500,0.08500,0.00200,1.149084,0.462948,-0.426709,1.084927,1143652.66,624,51.9231
0.02500,0.09000,0.00200,1.149084,0.462948,-0.426709,1.084927,1143652.66,624,51.9231
0.02500,0.09500,0.00200,1.149084,0.462948,-0.426709,1.084927,1143652.66,624,51.9231
0.02500,0.10000,0.00200,1.149084,0.462948,-0.426709,1.084927,1143652.66,624,51.9231
0.02500,0.10500,0.00200,1.149084,0.462948,-0.426709,1.084927,1143652.66,624,51.9231
0.02500,0.11000,0.00200,1.149084,0.462948,-0.426709,1.084927,1143652.66,624,51.9231
0.02500,0.11500,0.00200,1.149084,0.462948,-0.426709,1.084927,1143652.66,624,51.9231
0.02500,0.12000,0.00200,1.149084,0.462948,-0.426709,1.084927,1143652.66,624,51.9231
0.02500,0.12500,0.00200,1.149084,0.462948,-0.426709,1.084927,1143652.66,624,51.9231
0.02500,0.13000,0.00200,1.149084,0.462948,-0.426709,1.084927,1143652.66,624,51.9231
0.02500,0.13500,0.00200,1.149084,0.462948,-0.426709,1.084927,1143652.66,624,51.9231
0.02500,0.14000,0.00200,1.149084,0.462948,-0.426709,1.084927,1143652.66,624,51.9231
0.02500,0.14500,0.00200,1.149084,0.462948,-0.426709,1.084927,1143652.66,624,51.9231
0.02500,0.15000,0.00200,1.149084,0.462948,-0.426709,1.084927,1143652.66,624,51.9231
0.02000,0.05500,0.00400,1.149006,0.444835,-0.425281,1.045978,979242.19,624,56.4103
0.05500,0.09000,0.00900,1.148899,0.489437,-0.472209,1.036484,1430125.89,624,45.5128
0.02500,0.06000,0.01700,1.148787,0.445343,-0.424208,1.049821,983539.93,624,56.5705
0.06500,0.05500,0.00900,1.148577,0.475312,-0.464802,1.022612,1270055.86,624,46.4744
0.10000,0.06500,0.01300,1.148503,0.488868,-0.434602,1.124863,1423339.13,624,45.8333
0.02500,0.05500,0.00800,1.148474,0.451427,-0.450442,1.002186,1036377.30,624,53.8462
0.10000,0.06500,0.00300,1.148413,0.501740,-0.450247,1.114366,1584453.48,624,42.6282
0.06500,0.15000,0.01200,1.148396,0.498781,-0.518898,0.961231,1545994.20,624,44.2308
0.06000,0.02500,0.01600,1.148336,0.451630,-0.451430,1.000443,1038182.32,624,55.6090
0.06000,0.04000,0.00600,1.148107,0.461258,-0.439886,1.048586,1127299.40,624,48.3974
0.07000,0.08500,0.00600,1.148060,0.500396,-0.552215,0.906161,1566875.66,624,42.9487
0.10000,0.07500,0.01000,1.148049,0.497172,-0.453268,1.096862,1525452.84,624,44.0705
0.09500,0.07500,0.01500,1.147988,0.491053,-0.431633,1.137665,1449582.41,624,45.9936
0.06500,0.14500,0.01200,1.147819,0.498249,-0.518897,0.960207,1539176.04,624,44.2308
0.02000,0.06000,0.00100,1.147753,0.449692,-0.445273,1.009926,1021054.63,624,56.4103
0.02500,0.06000,0.01200,1.147738,0.445761,-0.470608,0.947202,987091.18,624,54.0064
0.06500,0.08500,0.01700,1.147621,0.494010,-0.528553,0.934645,1485795.98,624,47.7564
0.06000,0.03500,0.01200,1.147431,0.456069,-0.459488,0.992560,1078433.72,624,50.8013
0.02000,0.07000,0.01800,1.147336,0.432373,-0.483220,0.894774,879074.49,624,59.2949
0.06500,0.14000,0.01200,1.147238,0.497722,-0.518892,0.959201,1532446.66,624,44.2308
0.08000,0.06500,0.01000,1.147219,0.489110,-0.446755,1.094805,1426219.14,624,45.3526
0.02500,0.05500,0.00300,1.147213,0.458687,-0.430700,1.064979,1102835.77,624,52.4038
0.07500,0.07000,0.01100,1.147107,0.489817,-0.458006,1.069455,1434681.44,624,45.5128
0.07500,0.07000,0.00900,1.146824,0.490686,-0.455020,1.078383,1445138.24,624,44.8718
0.10000,0.06500,0.01500,1.146672,0.487075,-0.436893,1.114862,1402128.43,624,46.9551
0.06500,0.13500,0.01200,1.146658,0.497205,-0.518888,0.958211,1525866.77,624,44.2308
0.02500,0.03500,0.00600,1.146466,0.435873,-0.452611,0.963017,906208.26,624,55.1282
0.09500,0.06500,0.00500,1.146292,0.494189,-0.460081,1.074135,1488014.33,624,43.5897
0.02500,0.08000,0.01500,1.146191,0.445192,-0.410258,1.085151,982265.20,624,55.2885
0.06500,0.08500,0.01200,1.146106,0.492223,-0.518888,0.948612,1463817.65,624,44.7115
0.10000,0.04500,0.00600,1.146068,0.472979,-0.437215,1.081800,1245263.13,624,46.3141
0.01000,0.05000,0.01600,1.145934,0.410758,-0.401180,1.023873,727380.56,624,66.1859
0.06500,0.13000,0.01200,1.145872,0.496535,-0.518888,0.956921,1517386.53,624,44.2308
0.05500,0.09000,0.01100,1.145866,0.486495,-0.479147,1.015335,1395332.48,624,46.1538
0.03500,0.04500,0.00200,1.145862,0.459421,-0.422760,1.086720,1109775.70,624,49.8397
0.10000,0.06500,0.00400,1.145718,0.496486,-0.455174,1.090759,1516763.69,624,43.1090
0.10000,0.07500,0.01400,1.145539,0.488671,-0.448557,1.089428,1420993.16,624,45.3526
0.04000,0.05000,0.01700,1.145519,0.454671,-0.432818,1.050490,1065609.53,624,52.0833
0.04000,0.03500,0.01600,1.145515,0.437784,-0.431695,1.014105,921351.73,624,54.9679
0.07000,0.06500,0.01800,1.145329,0.479687,-0.433906,1.105509,1317776.68,624,48.5577
0.08000,0.05500,0.00300,1.145295,0.485842,-0.461004,1.053878,1387721.74,624,44.0705
0.01000,0.07000,0.01700,1.145268,0.409019,-0.419931,0.974016,716295.13,624,66.1859
0.07000,0.05500,0.00500,1.145135,0.478760,-0.470643,1.017245,1307528.99,624,45.1923
0.03000,0.04000,0.00600,1.145067,0.442521,-0.450058,0.983254,959886.64,624,52.2436
0.10000,0.07500,0.02000,1.144872,0.496072,-0.437318,1.134351,1511544.99,624,48.2372
0.06500,0.05500,0.01300,1.144838,0.469085,-0.431363,1.087448,1204869.15,624,47.4359
0.06500,0.12500,0.01200,1.144607,0.495492,-0.518883,0.954920,1504263.89,624,44.2308
0.02500,0.07500,0.01500,1.144607,0.444742,-0.410232,1.084124,978459.35,624,55.2885
0.07000,0.10500,0.00600,1.144533,0.501344,-0.552211,0.907886,1579262.78,624,42.4679
0.09000,0.14000,0.00600,1.144522,0.513007,-0.553139,0.927447,1739080.98,624,41.6667
0.06500,0.08500,0.01600,1.144507,0.492101,-0.526656,0.934387,1462318.85,624,46.9551
0.02500,0.09500,0.01700,1.144357,0.444242,-0.424208,1.047227,974250.60,624,56.4103
0.02500,0.10000,0.01700,1.144357,0.444242,-0.424208,1.047227,974250.60,624,56.4103
0.02500,0.10500,0.01700,1.144357,0.444242,-0.424208,1.047227,974250.60,624,56.4103
0.02500,0.11000,0.01700,1.144357,0.444242,-0.424208,1.047227,974250.60,624,56.4103
0.02500,0.11500,0.01700,1.144357,0.444242,-0.424208,1.047227,974250.60,624,56.4103
0.02500,0.12000,0.01700,1.144357,0.444242,-0.424208,1.047227,974250.60,624,56.4103
0.02500,0.12500,0.01700,1.144357,0.444242,-0.424208,1.047227,974250.60,624,56.4103
0.02500,0.13000,0.01700,1.144357,0.444242,-0.424208,1.047227,974250.60,624,56.4103
0.02500,0.13500,0.01700,1.144357,0.444242,-0.424208,1.047227,974250.60,624,56.4103
0.02500,0.14000,0.01700,1.144357,0.444242,-0.424208,1.047227,974250.60,624,56.4103
0.02500,0.14500,0.01700,1.144357,0.444242,-0.424208,1.047227,974250.60,624,56.4103
0.02500,0.15000,0.01700,1.144357,0.444242,-0.424208,1.047227,974250.60,624,56.4103
0.03000,0.05000,0.00700,1.144187,0.454719,-0.448736,1.013332,1066042.46,624,51.7628
0.06500,0.05500,0.01100,1.144138,0.471396,-0.448372,1.051352,1228700.25,624,47.1154
0.04000,0.04000,0.00600,1.144126,0.444568,-0.432578,1.027718,976995.37,624,50.4808
0.06000,0.09000,0.00100,1.144091,0.495051,-0.442358,1.119119,1498753.06,624,42.1474
0.04000,0.05000,0.00900,1.144028,0.457935,-0.439318,1.042378,1095781.23,624,49.0385
0.03000,0.05500,0.01400,1.143884,0.448036,-0.439502,1.019416,1006614.01,624,53.0449
0.02500,0.09000,0.01500,1.143817,0.443825,-0.410256,1.081824,970750.69,624,55.2885
0.02000,0.06000,0.01500,1.143551,0.429073,-0.417291,1.028233,854172.78,624,58.6538
0.07000,0.06500,0.01000,1.143402,0.483034,-0.446749,1.081222,1355403.68,624,45.6731
0.03000,0.05000,0.00500,1.143322,0.455118,-0.440571,1.033019,1069689.31,624,51.1218
0.03500,0.05500,0.01300,1.143275,0.452280,-0.429414,1.053250,1043991.74,624,51.1218
0.06500,0.12000,0.01200,1.143235,0.494389,-0.518902,0.952761,1490506.14,624,44.2308
0.08000,0.05500,0.00200,1.143175,0.485303,-0.466726,1.039803,1381456.82,624,43.9103
0.03000,0.05000,0.00100,1.143151,0.460821,-0.425411,1.083239,1123111.41,624,50.1603
0.07500,0.10500,0.00600,1.143108,0.504257,-0.552211,0.913161,1617858.42,624,42.1474
0.10000,0.06500,0.02000,1.143090,0.491951,-0.442499,1.111755,1460486.64,624,49.1987
0.01000,0.06500,0.01700,1.142976,0.407790,-0.419931,0.971088,708546.97,624,66.1859
0.09500,0.14000,0.00600,1.142956,0.513751,-0.553121,0.928823,1749761.58,624,41.5064
0.02500,0.08500,0.01500,1.142916,0.443305,-0.410209,1.080681,966401.63,624,55.2885
0.04500,0.05000,0.00800,1.142767,0.460220,-0.441363,1.042724,1117360.24,624,48.5577
0.07000,0.05500,0.00400,1.142744,0.480176,-0.465851,1.030751,1323221.97,624,44.7115
0.02500,0.07000,0.01100,1.142701,0.448825,-0.464930,0.965361,1013471.00,624,54.3269
0.07000,0.09000,0.00600,1.142515,0.497824,-0.552212,0.901508,1533747.42,624,42.7885
0.05000,0.04500,0.00300,1.142513,0.462484,-0.437930,1.056068,1139139.52,624,47.5962
0.06000,0.06000,0.01100,1.142466,0.474094,-0.443052,1.070063,1257055.81,624,47.2756
0.06500,0.06000,0.01300,1.142374,0.471305,-0.428292,1.100428,1227750.44,624,47.4359
0.01500,0.05500,0.00600,1.142212,0.428537,-0.418145,1.024853,850195.96,624,60.2564
0.10000,0.06500,0.00200,1.142098,0.498457,-0.456048,1.092992,1541836.53,624,42.3077
0.09500,0.06500,0.00700,1.142034,0.491419,-0.452859,1.085146,1454012.70,624,44.2308
0.09000,0.13500,0.00600,1.142012,0.510875,-0.553137,0.923597,1708800.12,624,41.6667
0.06500,0.11500,0.01200,1.141915,0.493331,-0.518887,0.950747,1477407.63,624,44.2308
0.09500,0.13500,0.00600,1.141727,0.512645,-0.553137,0.926796,1733900.30,624,41.5064
0.08500,0.07500,0.01100,1.141685,0.490935,-0.463054,1.060211,1448144.31,624,44.7115
0.08500,0.14000,0.00600,1.141473,0.509512,-0.552234,0.922637,1689686.03,624,41.8269
0.04000,0.05000,0.01000,1.141457,0.456321,-0.442684,1.030805,1080762.21,624,49.3590
0.10000,0.12000,0.00600,1.141273,0.511205,-0.553131,0.924204,1713450.78,624,41.5064
0.01000,0.03000,0.00600,1.141161,0.412192,-0.402076,1.025159,736644.10,624,65.8654
0.02500,0.08000,0.00100,1.141094,0.457659,-0.432246,1.058793,1093195.69,624,52.0833
0.02000,0.08000,0.01800,1.141071,0.428720,-0.483220,0.887215,851552.17,624,59.2949
0.08500,0.07500,0.00900,1.141066,0.491399,-0.455937,1.077779,1453776.11,624,44.0705
0.02500,0.05500,0.00900,1.141016,0.445546,-0.448311,0.993832,985262.61,624,53.6859
0.06500,0.15000,0.01700,1.140937,0.495192,-0.528569,0.936854,1500515.27,624,47.2756
0.06500,0.05500,0.01900,1.140617,0.466173,-0.435145,1.071305,1175453.55,624,49.5192
0.09500,0.07500,0.01000,1.140526,0.492241,-0.453268,1.085983,1464034.28,624,44.0705
0.06000,0.06500,0.00100,1.140432,0.484087,-0.445860,1.085740,1367440.53,624,43.2692
0.07500,0.06500,0.01800,1.140407,0.479812,-0.433873,1.105882,1319170.50,624,48.3974
0.09500,0.06500,0.01300,1.140380,0.483526,-0.434671,1.112395,1361012.29,624,45.8333
0.09500,0.06500,0.00300,1.140371,0.496265,-0.450235,1.102236,1513982.48,624,42.6282
0.06500,0.14500,0.01700,1.140351,0.494655,-0.528557,0.935859,1493804.84,624,47.2756
0.09000,0.13000,0.00600,1.140283,0.509362,-0.553136,0.920862,1687603.27,624,41.6667
0.07000,0.07500,0.00100,1.140233,0.490921,-0.442354,1.109792,1447974.62,624,41.6667
0.09500,0.05500,0.00600,1.140185,0.478779,-0.450072,1.063784,1307745.25,624,44.7115
0.02000,0.05500,0.00200,1.140041,0.443173,-0.436330,1.015683,965303.47,624,56.2500
0.07000,0.09500,0.00600,1.140001,0.497171,-0.552225,0.900305,1525435.64,624,42.6282
0.06500,0.14000,0.01700,1.139787,0.494143,-0.528540,0.934919,1487442.95,624,47.2756
0.10000,0.05500,0.00600,1.139555,0.478394,-0.450088,1.062891,1303513.84,624,44.7115
0.06500,0.06500,0.00100,1.139538,0.483709,-0.445855,1.084901,1363102.88,624,43.2692
0.02500,0.07000,0.01300,1.139458,0.443218,-0.440456,1.006272,965680.50,624,54.6474
0.02000,0.03500,0.00600,1.139374,0.426262,-0.441859,0.964703,833481.21,624,57.5321
0.08500,0.05000,0.00600,1.139313,0.472224,-0.434538,1.086725,1237331.99,624,45.5128
0.02000,0.06500,0.01800,1.139290,0.427636,-0.483220,0.884972,843540.44,624,59.2949
0.07500,0.06500,0.01400,1.139279,0.477316,-0.429318,1.111800,1291720.05,624,46.6346
0.08500,0.07000,0.00100,1.139229,0.492508,-0.441728,1.114958,1467301.15,624,41.9872
0.02500,0.05500,0.00200,1.139210,0.455571,-0.426709,1.067637,1073847.64,624,52.2436
0.06500,0.13500,0.01700,1.139192,0.493619,-0.528549,0.933912,1480957.94,624,47.2756
0.08000,0.04500,0.00600,1.139131,0.465565,-0.437335,1.064549,1169396.49,624,46.6346
0.06000,0.03500,0.01300,1.138998,0.449963,-0.444195,1.012985,1023428.85,624,51.6026
0.08500,0.13500,0.00600,1.138973,0.507394,-0.552237,0.918798,1660387.87,624,41.8269
0.02500,0.07500,0.01100,1.138908,0.446498,-0.464930,0.960356,993379.93,624,54.3269
0.02000,0.07500,0.01800,1.138905,0.427489,-0.483220,0.884666,842452.70,624,59.2949
0.09000,0.06500,0.01800,1.138852,0.485678,-0.440229,1.103238,1385805.72,624,48.0769
0.03000,0.03500,0.00600,1.138711,0.433938,-0.452635,0.958692,891113.84,624,53.5256
0.02000,0.06000,0.01000,1.138666,0.431563,-0.442279,0.975771,872900.86,624,57.5321
0.02500,0.08000,0.01200,1.138660,0.442536,-0.470608,0.940350,960013.36,624,53.6859
0.02000,0.04000,0.00600,1.138617,0.428397,-0.439242,0.975309,849152.92,624,56.8910
0.09000,0.06500,0.01000,1.138595,0.487229,-0.446782,1.090530,1403940.46,624,45.0321
0.09500,0.06500,0.01500,1.138564,0.481748,-0.436870,1.102727,1340835.05,624,46.9551
0.02500,0.06500,0.01500,1.138547,0.440816,-0.410256,1.074491,945846.12,624,55.2885
0.10000,0.08000,0.00600,1.138534,0.498887,-0.552224,0.903415,1547367.05,624,42.3077
0.08000,0.07000,0.00100,1.138476,0.490195,-0.441730,1.109716,1439225.06,624,42.1474
0.06500,0.15000,0.01600,1.138452,0.493641,-0.526655,0.937314,1481233.12,624,46.4744
0.07500,0.06500,0.00200,1.138434,0.488982,-0.450822,1.084644,1424690.63,624,42.7885
0.06500,0.13000,0.01700,1.138413,0.492956,-0.528545,0.932666,1472790.79,624,47.2756
0.09000,0.06500,0.01400,1.138404,0.480356,-0.435804,1.102228,1325221.07,624,46.3141
0.02500,0.08500,0.00100,1.138333,0.455990,-0.432246,1.054932,1077706.09,624,52.0833
0.02500,0.09000,0.00100,1.138333,0.455990,-0.432246,1.054932,1077706.09,624,52.0833
0.02500,0.09500,0.00100,1.138333,0.455990,-0.432246,1.054932,1077706.09,624,52.0833
0.02500,0.10000,0.00100,1.138333,0.455990,-0.432246,1.054932,1077706.09,624,52.0833
0.02500,0.10500,0.00100,1.138333,0.455990,-0.432246,1.054932,1077706.09,624,52.0833
0.02500,0.11000,0.00100,1.138333,0.455990,-0.432246,1.054932,1077706.09,624,52.0833
0.02500,0.11500,0.00100,1.138333,0.455990,-0.432246,1.054932,1077706.09,624,52.0833
0.02500,0.12000,0.00100,1.138333,0.455990,-0.432246,1.054932,1077706.09,624,52.0833
0.02500,0.12500,0.00100,1.138333,0.455990,-0.432246,1.054932,1077706.09,624,52.0833
0.02500,0.13000,0.00100,1.138333,0.455990,-0.432246,1.054932,1077706.09,624,52.0833
0.02500,0.13500,0.00100,1.138333,0.455990,-0.432246,1.054932,1077706.09,624,52.0833
0.02500,0.14000,0.00100,1.138333,0.455990,-0.432246,1.054932,1077706.09,624,52.0833
0.02500,0.14500,0.00100,1.138333,0.455990,-0.432246,1.054932,1077706.09,624,52.0833
0.02500,0.15000,0.00100,1.138333,0.455990,-0.432246,1.054932,1077706.09,624,52.0833
0.02000,0.08500,0.01800,1.138232,0.427119,-0.483220,0.883901,839738.61,624,59.2949
0.02000,0.09000,0.01800,1.138232,0.427119,-0.483220,0.883901,839738.61,624,59.2949
0.02000,0.09500,0.01800,1.138232,0.427119,-0.483220,0.883901,839738.61,624,59.2949
0.02000,0.10000,0.01800,1.138232,0.427119,-0.483220,0.883901,839738.61,624,59.2949
0.02000,0.10500,0.01800,1.138232,0.427119,-0.483220,0.883901,839738.61,624,59.2949
0.02000,0.11000,0.01800,1.138232,0.427119,-0.483220,0.883901,839738.61,624,59.2949
0.02000,0.11500,0.01800,1.138232,0.427119,-0.483220,0.883901,839738.61,624,59.2949
0.02000,0.12000,0.01800,1.138232,0.427119,-0.483220,0.883901,839738.61,624,59.2949
0.02000,0.12500,0.01800,1.138232,0.427119,-0.483220,0.883901,839738.61,624,59.2949
0.02000,0.13000,0.01800,1.138232,0.427119,-0.483220,0.883901,839738.61,624,59.2949
0.02000,0.13500,0.01800,1.138232,0.427119,-0.483220,0.883901,839738.61,624,59.2949
0.02000,0.14000,0.01800,1.138232,0.427119,-0.483220,0.883901,839738.61,624,59.2949
0.02000,0.14500,0.01800,1.138232,0.427119,-0.483220,0.883901,839738.61,624,59.2949
0.02000,0.15000,0.01800,1.138232,0.427119,-0.483220,0.883901,839738.61,624,59.2949
0.01000,0.07000,0.00800,1.138184,0.414606,-0.425319,0.974811,752486.60,624,65.5449
0.08000,0.05500,0.00500,1.138163,0.477418,-0.470664,1.014350,1292826.80,624,44.8718
0.02500,0.07000,0.01400,1.138118,0.441197,-0.442147,0.997851,948969.29,624,54.9679
0.02500,0.05500,0.01600,1.138090,0.440132,-0.408008,1.078734,940272.38,624,55.9295
0.06500,0.06000,0.01500,1.137993,0.468360,-0.435175,1.076257,1197486.24,624,48.2372
0.06500,0.07000,0.00100,1.137972,0.486308,-0.443265,1.097104,1393146.39,624,42.6282
0.06500,0.06000,0.01800,1.137965,0.468949,-0.433974,1.080592,1203486.40,624,49.3590
0.09500,0.07500,0.01400,1.137913,0.483774,-0.448557,1.078510,1363844.80,624,45.3526
0.06500,0.14500,0.01600,1.137873,0.493109,-0.526643,0.936325,1474673.57,624,46.4744
0.09500,0.13000,0.00600,1.137789,0.509498,-0.553129,0.921120,1689490.27,624,41.5064
0.09500,0.06500,0.00400,1.137770,0.491117,-0.455176,1.078960,1450355.75,624,43.1090
0.02000,0.05500,0.01700,1.137768,0.425723,-0.409190,1.040403,829561.56,624,59.4551
0.02500,0.05500,0.00400,1.137690,0.451707,-0.434989,1.038434,1038870.22,624,52.5641
0.09000,0.07000,0.00900,1.137690,0.489072,-0.456118,1.072249,1425768.57,624,44.5513
0.09000,0.07000,0.01100,1.137613,0.488030,-0.458017,1.065528,1413385.75,624,45.1923
0.01000,0.07500,0.01700,1.137592,0.405031,-0.419931,0.964518,691441.64,624,66.1859
0.01000,0.08000,0.01700,1.137592,0.405031,-0.419931,0.964518,691441.64,624,66.1859
0.01000,0.08500,0.01700,1.137592,0.405031,-0.419931,0.964518,691441.64,624,66.1859
0.01000,0.09000,0.01700,1.137592,0.405031,-0.419931,0.964518,691441.64,624,66.1859
0.01000,0.09500,0.01700,1.137592,0.405031,-0.419931,0.964518,691441.64,624,66.1859
0.01000,0.10000,0.01700,1.137592,0.405031,-0.419931,0.964518,691441.64,624,66.1859
0.01000,0.10500,0.01700,1.137592,0.405031,-0.419931,0.964518,691441.64,624,66.1859
0.01000,0.11000,0.01700,1.137592,0.405031,-0.419931,0.964518,691441.64,624,66.1859
0.01000,0.11500,0.01700,1.137592,0.405031,-0.419931,0.964518,691441.64,624,66.1859
0.01000,0.12000,0.01700,1.137592,0.405031,-0.419931,0.964518,691441.64,624,66.1859
0.01000,0.12500,0.01700,1.137592,0.405031,-0.419931,0.964518,691441.64,624,66.1859
0.01000,0.13000,0.01700,1.137592,0.405031,-0.419931,0.964518,691441.64,624,66.1859
0.01000,0.13500,0.01700,1.137592,0.405031,-0.419931,0.964518,691441.64,624,66.1859
0.01000,0.14000,0.01700,1.137592,0.405031,-0.419931,0.964518,691441.64,624,66.1859
0.01000,0.14500,0.01700,1.137592,0.405031,-0.419931,0.964518,691441.64,624,66.1859
0.01000,0.15000,0.01700,1.137592,0.405031,-0.419931,0.964518,691441.64,624,66.1859
0.03500,0.05500,0.01900,1.137579,0.448498,-0.411622,1.089588,1010625.91,624,52.8846
0.09000,0.05000,0.00600,1.137492,0.471981,-0.434644,1.085902,1234795.44,624,45.3526
0.06000,0.03500,0.01500,1.137489,0.447937,-0.430605,1.040250,1005758.87,624,52.2436
0.09500,0.07500,0.02000,1.137368,0.491151,-0.437318,1.123098,1450764.68,624,48.2372
0.06500,0.14000,0.01600,1.137279,0.492579,-0.526657,0.935292,1468163.47,624,46.4744
0.08000,0.07500,0.01900,1.137277,0.481199,-0.436180,1.103212,1334655.55,624,47.4359
0.08500,0.13000,0.00600,1.137229,0.505874,-0.552231,0.916057,1639660.51,624,41.8269
0.06500,0.12500,0.01700,1.137123,0.491899,-0.528550,0.930658,1459857.38,624,47.2756
0.01000,0.04500,0.01600,1.137076,0.406038,-0.404307,1.004283,697644.08,624,66.1859
0.01000,0.02500,0.00600,1.137053,0.407330,-0.404960,1.005854,705670.57,624,66.1859
0.09000,0.12000,0.00600,1.136796,0.506203,-0.553117,0.915182,1644121.32,624,41.6667
0.06500,0.13500,0.01600,1.136710,0.492072,-0.526654,0.934337,1461971.61,624,46.4744
0.02500,0.05500,0.01000,1.136697,0.442960,-0.458994,0.965067,963533.33,624,54.1667
0.03000,0.05500,0.01800,1.136667,0.445427,-0.415450,1.072155,984256.88,624,54.3269
0.03000,0.05000,0.00400,1.136447,0.454362,-0.436721,1.040395,1062792.31,624,50.6410
0.03500,0.05000,0.00800,1.136366,0.451724,-0.441304,1.023611,1039020.58,624,50.3205
0.03000,0.05500,0.01300,1.136300,0.444911,-0.437764,1.016325,979884.07,624,52.7244
0.09000,0.12500,0.00600,1.136290,0.506116,-0.553127,0.915010,1642943.20,624,41.6667
0.08000,0.05500,0.00400,1.136008,0.478923,-0.465858,1.028045,1309332.96,624,44.3910
0.01000,0.06500,0.00800,1.136003,0.413401,-0.425373,0.971853,744539.17,624,65.5449
0.06500,0.13000,0.01600,1.135925,0.491405,-0.526655,0.933069,1453852.91,624,46.4744
0.07000,0.07000,0.00100,1.135895,0.485152,-0.443246,1.094542,1379708.63,624,42.4679
0.01000,0.06000,0.01700,1.135883,0.404158,-0.419931,0.962439,686108.78,624,66.1859
0.06000,0.03500,0.00200,1.135793,0.461902,-0.491360,0.940047,1133503.83,624,48.5577
0.06500,0.12000,0.01700,1.135785,0.490820,-0.528550,0.928616,1446757.14,624,47.2756
0.01000,0.07000,0.01500,1.135742,0.404993,-0.404556,1.001080,691207.30,624,65.8654
0.02000,0.07000,0.01400,1.135726,0.425786,-0.426860,0.997486,830024.35,624,58.1731
0.07000,0.10000,0.00600,1.135706,0.495186,-0.552212,0.896733,1500439.96,624,42.4679
0.02500,0.07500,0.01300,1.135655,0.440926,-0.440456,1.001068,946749.00,624,54.6474
0.04000,0.04500,0.00100,1.135512,0.454809,-0.444700,1.022731,1066862.58,624,48.5577
0.06500,0.15000,0.00400,1.135464,0.499355,-0.549502,0.908740,1553385.40,624,42.1474
0.01000,0.07000,0.00700,1.135435,0.415983,-0.424836,0.979162,761663.81,624,65.5449
0.02500,0.06000,0.01500,1.135415,0.437881,-0.410227,1.067411,922125.14,624,55.4487
0.07000,0.05500,0.00700,1.135298,0.472835,-0.458034,1.032316,1243753.64,624,45.8333
0.02000,0.07000,0.01200,1.135282,0.427216,-0.456562,0.935725,840454.18,624,57.0513
0.09500,0.06500,0.02000,1.135095,0.486615,-0.442408,1.099924,1396735.63,624,49.1987
0.06500,0.08000,0.01200,1.135090,0.484185,-0.518895,0.933108,1368566.57,624,44.7115
0.02500,0.07000,0.02000,1.134989,0.440663,-0.447664,0.984361,944600.48,624,57.2115
0.10000,0.08500,0.01200,1.134969,0.493154,-0.518897,0.950389,1475231.20,624,43.5897
0.02000,0.05500,0.00900,1.134903,0.429244,-0.436130,0.984212,855451.57,624,57.2115
0.06500,0.08000,0.01700,1.134898,0.484829,-0.528559,0.917266,1375977.03,624,47.7564
0.06500,0.14500,0.00400,1.134879,0.498814,-0.549516,0.907733,1546425.53,624,42.1474
0.06500,0.11000,0.01200,1.134723,0.488401,-0.518883,0.941255,1417785.51,624,44.2308
0.06500,0.12500,0.01600,1.134632,0.490350,-0.526668,0.931041,1441085.59,624,46.4744
0.01000,0.07000,0.01200,1.134549,0.406809,-0.390989,1.040461,702424.39,624,65.2244
0.05500,0.05000,0.00200,1.134425,0.467316,-0.426322,1.096156,1186917.29,624,46.1538
0.06500,0.11500,0.01700,1.134418,0.489739,-0.528572,0.926531,1433739.71,624,47.2756
0.02500,0.08500,0.01200,1.134387,0.440112,-0.470608,0.935198,940106.32,624,53.6859
0.02500,0.09000,0.01200,1.134387,0.440112,-0.470608,0.935198,940106.32,624,53.6859
0.02500,0.09500,0.01200,1.134387,0.440112,-0.470608,0.935198,940106.32,624,53.6859
0.02500,0.10000,0.01200,1.134387,0.440112,-0.470608,0.935198,940106.32,624,53.6859
0.02500,0.10500,0.01200,1.134387,0.440112,-0.470608,0.935198,940106.32,624,53.6859
0.02500,0.11000,0.01200,1.134387,0.440112,-0.470608,0.935198,940106.32,624,53.6859
0.02500,0.11500,0.01200,1.134387,0.440112,-0.470608,0.935198,940106.32,624,53.6859
0.02500,0.12000,0.01200,1.134387,0.440112,-0.470608,0.935198,940106.32,624,53.6859
0.02500,0.12500,0.01200,1.134387,0.440112,-0.470608,0.935198,940106.32,624,53.6859
0.02500,0.13000,0.01200,1.134387,0.440112,-0.470608,0.935198,940106.32,624,53.6859
0.02500,0.13500,0.01200,1.134387,0.440112,-0.470608,0.935198,940106.32,624,53.6859
0.02500,0.14000,0.01200,1.134387,0.440112,-0.470608,0.935198,940106.32,624,53.6859
0.02500,0.14500,0.01200,1.134387,0.440112,-0.470608,0.935198,940106.32,624,53.6859
0.02500,0.15000,0.01200,1.134387,0.440112,-0.470608,0.935198,940106.32,624,53.6859
0.05500,0.03500,0.01800,1.134316,0.441613,-0.437333,1.009789,952390.53,624,53.8462
0.06500,0.14000,0.00400,1.134304,0.498293,-0.549518,0.906782,1539745.82,624,42.1474
0.09500,0.06500,0.00200,1.134175,0.493056,-0.456047,1.081153,1474028.58,624,42.3077
0.02500,0.09500,0.01500,1.134064,0.438512,-0.410214,1.068985,927178.36,624,55.2885
0.02500,0.10000,0.01500,1.134064,0.438512,-0.410214,1.068985,927178.36,624,55.2885
0.02500,0.10500,0.01500,1.134064,0.438512,-0.410214,1.068985,927178.36,624,55.2885
0.02500,0.11000,0.01500,1.134064,0.438512,-0.410214,1.068985,927178.36,624,55.2885
0.02500,0.11500,0.01500,1.134064,0.438512,-0.410214,1.068985,927178.36,624,55.2885
0.02500,0.12000,0.01500,1.134064,0.438512,-0.410214,1.068985,927178.36,624,55.2885
0.02500,0.12500,0.01500,1.134064,0.438512,-0.410214,1.068985,927178.36,624,55.2885
0.02500,0.13000,0.01500,1.134064,0.438512,-0.410214,1.068985,927178.36,624,55.2885
0.02500,0.13500,0.01500,1.134064,0.438512,-0.410214,1.068985,927178.36,624,55.2885
0.02500,0.14000,0.01500,1.134064,0.438512,-0.410214,1.068985,927178.36,624,55.2885
0.02500,0.14500,0.01500,1.134064,0.438512,-0.410214,1.068985,927178.36,624,55.2885
0.02500,0.15000,0.01500,1.134064,0.438512,-0.410214,1.068985,927178.36,624,55.2885
0.03000,0.05500,0.01100,1.133904,0.447024,-0.455645,0.981081,997891.04,624,52.4038
0.02500,0.07000,0.01800,1.133762,0.439354,-0.469418,0.935955,933961.83,624,56.2500
0.06500,0.13500,0.00400,1.133726,0.497775,-0.549519,0.905837,1533121.25,624,42.1474
0.08500,0.12000,0.00600,1.133718,0.502716,-0.552219,0.910355,1597327.85,624,41.8269
0.02000,0.05000,0.00800,1.133565,0.429034,-0.440471,0.974036,853886.46,624,57.3718
0.08000,0.05500,0.01700,1.133554,0.469229,-0.444366,1.055953,1206346.02,624,49.0385
0.01000,0.06500,0.01500,1.133517,0.403799,-0.404556,0.998129,683927.16,624,65.8654
0.02500,0.07500,0.01400,1.133494,0.438426,-0.442147,0.991584,926488.96,624,54.9679
0.08000,0.06500,0.01900,1.133364,0.475780,-0.441204,1.078369,1275090.66,624,48.3974
0.05000,0.04500,0.00400,1.133362,0.455818,-0.425205,1.071997,1076125.20,624,47.9167
0.06500,0.12000,0.01600,1.133276,0.489258,-0.526652,0.928998,1427993.02,624,46.4744
0.08500,0.12500,0.00600,1.133252,0.502659,-0.552224,0.910244,1596576.73,624,41.8269
0.06000,0.08500,0.00100,1.133252,0.487377,-0.442372,1.101734,1405682.59,624,42.1474
0.08500,0.07500,0.01900,1.133243,0.480505,-0.436144,1.101713,1326888.80,624,47.2756
0.06500,0.13000,0.00400,1.132946,0.497108,-0.549535,0.904598,1524639.56,624,42.1474
0.02500,0.06500,0.01100,1.132830,0.442574,-0.464930,0.951915,960324.78,624,54.3269
0.07500,0.07500,0.01900,1.132805,0.477407,-0.436132,1.094640,1292711.39,624,47.4359
0.04000,0.03500,0.01700,1.132772,0.429791,-0.432828,0.992983,859536.18,624,55.4487
0.05500,0.03500,0.00200,1.132722,0.456524,-0.491250,0.929310,1082636.92,624,49.0385
0.04000,0.05000,0.02000,1.132683,0.449888,-0.436297,1.031151,1022774.25,624,53.0449
0.02000,0.05000,0.00700,1.132437,0.430324,-0.437282,0.984088,863538.88,624,57.2115
0.01000,0.06500,0.01200,1.132376,0.405629,-0.390989,1.037441,695114.29,624,65.2244
0.10000,0.07500,0.01800,1.132346,0.485108,-0.436934,1.110254,1379196.39,624,47.1154
0.09000,0.07500,0.01100,1.132168,0.486049,-0.463040,1.049692,1390124.15,624,44.5513
0.09000,0.07000,0.00100,1.131986,0.491706,-0.448564,1.096179,1457509.23,624,41.8269
0.08000,0.07500,0.01100,1.131985,0.482259,-0.463054,1.041476,1346602.15,624,44.8718
0.06500,0.11500,0.01600,1.131929,0.488191,-0.526650,0.926975,1415301.42,624,46.4744
0.08000,0.05500,0.01600,1.131867,0.468335,-0.443196,1.056721,1197230.60,624,48.2372
0.07000,0.06000,0.00300,1.131835,0.477939,-0.455868,1.048415,1298515.09,624,43.9103
0.06500,0.08000,0.01600,1.131768,0.482934,-0.526656,0.916983,1354264.21,624,46.9551
0.06500,0.12500,0.00400,1.131676,0.496054,-0.549505,0.902728,1511316.32,624,42.1474
0.05000,0.03500,0.01600,1.131545,0.438488,-0.431603,1.015952,926987.53,624,53.6859
0.09500,0.12500,0.00600,1.131457,0.504572,-0.553124,0.912223,1622087.69,624,41.5064
0.08000,0.14000,0.01200,1.131454,0.497320,-0.518889,0.958433,1527334.18,624,43.2692
0.09000,0.07500,0.00900,1.131268,0.486294,-0.456116,1.066165,1392988.24,624,43.9103
0.06000,0.03500,0.00500,1.131212,0.453840,-0.436262,1.040291,1058046.10,624,49.3590
0.01000,0.06500,0.00700,1.131035,0.413571,-0.424823,0.973513,745655.70,624,65.5449
0.07500,0.07000,0.00100,1.131007,0.485072,-0.443249,1.094354,1378781.18,624,42.1474
0.09500,0.09000,0.00600,1.130956,0.496247,-0.552223,0.898635,1513748.74,624,42.1474
0.08500,0.07500,0.00100,1.130935,0.488025,-0.441704,1.104868,1413328.33,624,41.3462
0.08000,0.07500,0.00900,1.130918,0.482440,-0.455937,1.058128,1348646.98,624,44.2308
0.05000,0.05000,0.00800,1.130875,0.454286,-0.430571,1.055077,1062094.34,624,48.0769
0.02000,0.08000,0.01200,1.130873,0.424495,-0.456562,0.929765,820707.65,624,57.0513
0.02500,0.08000,0.02000,1.130828,0.437810,-0.447664,0.977988,921559.34,624,57.2115
0.06000,0.08000,0.00100,1.130763,0.484848,-0.442372,1.096020,1376197.67,624,42.1474
0.01000,0.07500,0.00800,1.130642,0.410593,-0.425319,0.965377,726324.49,624,65.5449
0.01000,0.08000,0.00800,1.130642,0.410593,-0.425319,0.965377,726324.49,624,65.5449
0.01000,0.08500,0.00800,1.130642,0.410593,-0.425319,0.965377,726324.49,624,65.5449
0.01000,0.09000,0.00800,1.130642,0.410593,-0.425319,0.965377,726324.49,624,65.5449
0.01000,0.09500,0.00800,1.130642,0.410593,-0.425319,0.965377,726324.49,624,65.5449
0.01000,0.10000,0.00800,1.130642,0.410593,-0.425319,0.965377,726324.49,624,65.5449
0.01000,0.10500,0.00800,1.130642,0.410593,-0.425319,0.965377,726324.49,624,65.5449
0.01000,0.11000,0.00800,1.130642,0.410593,-0.425319,0.965377,726324.49,624,65.5449
0.01000,0.11500,0.00800,1.130642,0.410593,-0.425319,0.965377,726324.49,624,65.5449
0.01000,0.12000,0.00800,1.130642,0.410593,-0.425319,0.965377,726324.49,624,65.5449
0.01000,0.12500,0.00800,1.130642,0.410593,-0.425319,0.965377,726324.49,624,65.5449
0.01000,0.13000,0.00800,1.130642,0.410593,-0.425319,0.965377,726324.49,624,65.5449
0.01000,0.13500,0.00800,1.130642,0.410593,-0.425319,0.965377,726324.49,624,65.5449
0.01000,0.14000,0.00800,1.130642,0.410593,-0.425319,0.965377,726324.49,624,65.5449
0.01000,0.14500,0.00800,1.130642,0.410593,-0.425319,0.965377,726324.49,624,65.5449
0.01000,0.15000,0.00800,1.130642,0.410593,-0.425319,0.965377,726324.49,624,65.5449
0.08000,0.14000,0.01700,1.130482,0.498145,-0.528555,0.942467,1537848.07,624,46.4744
0.05500,0.03500,0.02000,1.130368,0.439894,-0.436225,1.008411,938332.38,624,54.6474
0.06500,0.12000,0.00400,1.130351,0.494973,-0.549523,0.900733,1497776.31,624,42.1474
0.02000,0.08000,0.01400,1.130331,0.422542,-0.426860,0.989884,806798.01,624,58.1731
0.10000,0.15000,0.00600,1.130235,0.506878,-0.553130,0.916381,1653323.62,624,41.3462
0.01000,0.07000,0.01400,1.130232,0.401577,-0.390725,1.027774,670562.08,624,65.5449
0.02000,0.07000,0.01300,1.130229,0.423648,-0.425558,0.995513,814650.32,624,57.6923
0.03500,0.04500,0.00300,1.130063,0.448665,-0.426727,1.051412,1012081.11,624,49.8397
0.04500,0.05000,0.01600,1.129937,0.448213,-0.431640,1.038396,1008151.75,624,50.8013
0.05500,0.05000,0.00300,1.129910,0.463520,-0.426950,1.085654,1149234.54,624,46.3141
0.02500,0.06000,0.01100,1.129825,0.439818,-0.464930,0.945987,937717.77,624,54.4872
0.02500,0.08000,0.01800,1.129684,0.436541,-0.469418,0.929962,911474.30,624,56.2500
0.08000,0.13500,0.01200,1.129602,0.495747,-0.518894,0.955392,1507465.37,624,43.2692
0.02500,0.06500,0.01300,1.129539,0.437015,-0.440456,0.992189,915231.11,624,54.6474
0.07000,0.06000,0.00400,1.129432,0.475484,-0.460774,1.031924,1271901.17,624,44.3910
0.02500,0.07500,0.02000,1.129407,0.437436,-0.447664,0.977153,918578.72,624,57.2115
0.09000,0.07500,0.00100,1.129373,0.490996,-0.445975,1.100949,1448889.29,624,41.1859
0.02500,0.05500,0.01700,1.129356,0.434267,-0.424208,1.023713,893667.46,624,56.5705
0.10000,0.08500,0.01700,1.129307,0.493145,-0.528538,0.933036,1475114.15,624,46.7949
0.10000,0.06500,0.01000,1.129254,0.482066,-0.446753,1.079043,1344414.82,624,44.8718
0.10000,0.07000,0.01900,1.129251,0.481058,-0.438770,1.096380,1333077.86,624,47.9167
0.07000,0.05500,0.01700,1.129221,0.463207,-0.432757,1.070363,1146171.47,624,49.1987
0.06500,0.08500,0.01500,1.129129,0.480953,-0.524740,0.916555,1331895.55,624,46.3141
0.03500,0.05000,0.00900,1.129053,0.446140,-0.439222,1.015752,990323.98,624,50.3205
0.07500,0.04500,0.00600,1.129043,0.459438,-0.420152,1.093504,1109936.39,624,46.6346
0.06500,0.11500,0.00400,1.129030,0.493906,-0.549514,0.898806,1484516.53,624,42.1474
0.01000,0.06000,0.00800,1.128989,0.409729,-0.425407,0.963147,720804.34,624,65.5449
0.03500,0.04500,0.00700,1.128970,0.443134,-0.443195,0.999862,964980.83,624,50.9615
0.06000,0.03500,0.00400,1.128853,0.455544,-0.432658,1.052896,1073598.69,624,49.0385
0.07000,0.08000,0.00600,1.128851,0.486833,-0.552225,0.881584,1399286.01,624,42.9487
0.03500,0.04500,0.00100,1.128757,0.449177,-0.425092,1.056658,1016540.28,624,49.5192
0.08000,0.13500,0.01700,1.128654,0.496580,-0.528539,0.939533,1517951.75,624,46.4744
0.02000,0.07500,0.01200,1.128580,0.423224,-0.456562,0.926981,811631.14,624,57.0513
0.08000,0.14000,0.01600,1.128574,0.496916,-0.526659,0.943524,1522199.91,624,45.6731
0.08000,0.13000,0.01200,1.128495,0.494738,-0.518894,0.953448,1494848.28,624,43.2692
0.02500,0.09000,0.02000,1.128401,0.436436,-0.447664,0.974917,910643.48,624,57.2115
0.07500,0.06500,0.01000,1.128382,0.476766,-0.446755,1.067176,1285742.92,624,45.3526
0.06000,0.03500,0.00300,1.128338,0.456640,-0.491822,0.928465,1083710.85,624,48.5577
0.02000,0.07500,0.01400,1.128273,0.421384,-0.426860,0.987173,798657.81,624,58.1731
0.01000,0.02500,0.00800,1.128205,0.400160,-0.391337,1.022547,662166.68,624,66.5064
0.02500,0.05500,0.00100,1.128164,0.448532,-0.434297,1.032778,1010920.34,624,52.4038
0.05000,0.04500,0.00100,1.128160,0.455145,-0.436390,1.042979,1069944.03,624,47.2756
0.06000,0.02500,0.01700,1.128145,0.439406,-0.470355,0.934201,934383.87,624,55.9295
0.02500,0.07500,0.01800,1.128138,0.436124,-0.469418,0.929075,908188.90,624,56.2500
0.01000,0.07500,0.01500,1.128098,0.401031,-0.404556,0.991287,667316.54,624,65.8654
0.01000,0.08000,0.01500,1.128098,0.401031,-0.404556,0.991287,667316.54,624,65.8654
0.01000,0.08500,0.01500,1.128098,0.401031,-0.404556,0.991287,667316.54,624,65.8654
0.01000,0.09000,0.01500,1.128098,0.401031,-0.404556,0.991287,667316.54,624,65.8654
0.01000,0.09500,0.01500,1.128098,0.401031,-0.404556,0.991287,667316.54,624,65.8654
0.01000,0.10000,0.01500,1.128098,0.401031,-0.404556,0.991287,667316.54,624,65.8654
0.01000,0.10500,0.01500,1.128098,0.401031,-0.404556,0.991287,667316.54,624,65.8654
0.01000,0.11000,0.01500,1.128098,0.401031,-0.404556,0.991287,667316.54,624,65.8654
0.01000,0.11500,0.01500,1.128098,0.401031,-0.404556,0.991287,667316.54,624,65.8654
0.01000,0.12000,0.01500,1.128098,0.401031,-0.404556,0.991287,667316.54,624,65.8654
0.01000,0.12500,0.01500,1.128098,0.401031,-0.404556,0.991287,667316.54,624,65.8654
0.01000,0.13000,0.01500,1.128098,0.401031,-0.404556,0.991287,667316.54,624,65.8654
0.01000,0.13500,0.01500,1.128098,0.401031,-0.404556,0.991287,667316.54,624,65.8654
0.01000,0.14000,0.01500,1.128098,0.401031,-0.404556,0.991287,667316.54,624,65.8654
0.01000,0.14500,0.01500,1.128098,0.401031,-0.404556,0.991287,667316.54,624,65.8654
0.01000,0.15000,0.01500,1.128098,0.401031,-0.404556,0.991287,667316.54,624,65.8654
0.02000,0.08500,0.01200,1.128041,0.422909,-0.456562,0.926292,809399.81,624,57.0513
0.02000,0.09000,0.01200,1.128041,0.422909,-0.456562,0.926292,809399.81,624,57.0513
0.02000,0.09500,0.01200,1.128041,0.422909,-0.456562,0.926292,809399.81,624,57.0513
0.02000,0.10000,0.01200,1.128041,0.422909,-0.456562,0.926292,809399.81,624,57.0513
0.02000,0.10500,0.01200,1.128041,0.422909,-0.456562,0.926292,809399.81,624,57.0513
0.02000,0.11000,0.01200,1.128041,0.422909,-0.456562,0.926292,809399.81,624,57.0513
0.02000,0.11500,0.01200,1.128041,0.422909,-0.456562,0.926292,809399.81,624,57.0513
0.02000,0.12000,0.01200,1.128041,0.422909,-0.456562,0.926292,809399.81,624,57.0513
0.02000,0.12500,0.01200,1.128041,0.422909,-0.456562,0.926292,809399.81,624,57.0513
0.02000,0.13000,0.01200,1.128041,0.422909,-0.456562,0.926292,809399.81,624,57.0513
0.02000,0.13500,0.01200,1.128041,0.422909,-0.456562,0.926292,809399.81,624,57.0513
0.02000,0.14000,0.01200,1.128041,0.422909,-0.456562,0.926292,809399.81,624,57.0513
0.02000,0.14500,0.01200,1.128041,0.422909,-0.456562,0.926292,809399.81,624,57.0513
0.02000,0.15000,0.01200,1.128041,0.422909,-0.456562,0.926292,809399.81,624,57.0513
0.02000,0.07000,0.01100,1.128033,0.427920,-0.450187,0.950536,845627.30,624,57.8526
0.06000,0.03500,0.00700,1.128025,0.451465,-0.443486,1.017991,1036716.71,624,50.1603
0.01000,0.06500,0.01400,1.127944,0.400354,-0.390725,1.024644,663309.06,624,65.5449
0.09500,0.07000,0.01900,1.127940,0.480224,-0.438770,1.094478,1323753.13,624,47.9167
0.01000,0.07500,0.00700,1.127935,0.411962,-0.424836,0.969696,735151.21,624,65.5449
0.01000,0.08000,0.00700,1.127935,0.411962,-0.424836,0.969696,735151.21,624,65.5449
0.01000,0.08500,0.00700,1.127935,0.411962,-0.424836,0.969696,735151.21,624,65.5449
0.01000,0.09000,0.00700,1.127935,0.411962,-0.424836,0.969696,735151.21,624,65.5449
0.01000,0.09500,0.00700,1.127935,0.411962,-0.424836,0.969696,735151.21,624,65.5449
0.01000,0.10000,0.00700,1.127935,0.411962,-0.424836,0.969696,735151.21,624,65.5449
0.01000,0.10500,0.00700,1.127935,0.411962,-0.424836,0.969696,735151.21,624,65.5449
0.01000,0.11000,0.00700,1.127935,0.411962,-0.424836,0.969696,735151.21,624,65.5449
0.01000,0.11500,0.00700,1.127935,0.411962,-0.424836,0.969696,735151.21,624,65.5449
0.01000,0.12000,0.00700,1.127935,0.411962,-0.424836,0.969696,735151.21,624,65.5449
0.01000,0.12500,0.00700,1.127935,0.411962,-0.424836,0.969696,735151.21,624,65.5449
0.01000,0.13000,0.00700,1.127935,0.411962,-0.424836,0.969696,735151.21,624,65.5449
0.01000,0.13500,0.00700,1.127935,0.411962,-0.424836,0.969696,735151.21,624,65.5449
0.01000,0.14000,0.00700,1.127935,0.411962,-0.424836,0.969696,735151.21,624,65.5449
0.01000,0.14500,0.00700,1.127935,0.411962,-0.424836,0.969696,735151.21,624,65.5449
0.01000,0.15000,0.00700,1.127935,0.411962,-0.424836,0.969696,735151.21,624,65.5449
0.02000,0.05500,0.01500,1.127841,0.420698,-0.417257,1.008247,793870.87,624,58.6538
0.08000,0.05500,0.00700,1.127795,0.471153,-0.458045,1.028618,1226170.92,624,45.5128
0.02000,0.06500,0.01200,1.127772,0.422741,-0.456562,0.925924,808209.69,624,57.0513
0.05500,0.03500,0.01200,1.127771,0.440924,-0.459500,0.959574,946732.28,624,51.1218
0.09500,0.04500,0.00600,1.127656,0.461572,-0.437215,1.055711,1130325.04,624,46.3141
0.03000,0.04500,0.00200,1.127644,0.447118,-0.431553,1.036068,998697.34,624,50.8013
0.02000,0.05000,0.01600,1.127628,0.421076,-0.407981,1.032097,796504.77,624,59.1346
0.10000,0.09500,0.00600,1.127612,0.496259,-0.552217,0.898667,1513902.63,624,41.9872
0.08000,0.13000,0.01700,1.127594,0.495609,-0.528563,0.937653,1505724.58,624,46.4744
0.02000,0.08500,0.01400,1.127552,0.420990,-0.426860,0.986248,795900.47,624,58.1731
0.02000,0.09000,0.01400,1.127552,0.420990,-0.426860,0.986248,795900.47,624,58.1731
0.02000,0.09500,0.01400,1.127552,0.420990,-0.426860,0.986248,795900.47,624,58.1731
0.02000,0.10000,0.01400,1.127552,0.420990,-0.426860,0.986248,795900.47,624,58.1731
0.02000,0.10500,0.01400,1.127552,0.420990,-0.426860,0.986248,795900.47,624,58.1731
0.02000,0.11000,0.01400,1.127552,0.420990,-0.426860,0.986248,795900.47,624,58.1731
0.02000,0.11500,0.01400,1.127552,0.420990,-0.426860,0.986248,795900.47,624,58.1731
0.02000,0.12000,0.01400,1.127552,0.420990,-0.426860,0.986248,795900.47,624,58.1731
0.02000,0.12500,0.01400,1.127552,0.420990,-0.426860,0.986248,795900.47,624,58.1731
0.02000,0.13000,0.01400,1.127552,0.420990,-0.426860,0.986248,795900.47,624,58.1731
0.02000,0.13500,0.01400,1.127552,0.420990,-0.426860,0.986248,795900.47,624,58.1731
0.02000,0.14000,0.01400,1.127552,0.420990,-0.426860,0.986248,795900.47,624,58.1731
0.02000,0.14500,0.01400,1.127552,0.420990,-0.426860,0.986248,795900.47,624,58.1731
0.02000,0.15000,0.01400,1.127552,0.420990,-0.426860,0.986248,795900.47,624,58.1731
0.01000,0.05500,0.01700,1.127548,0.400376,-0.410011,0.976500,663438.96,624,66.1859
0.08500,0.06500,0.01900,1.127523,0.473988,-0.441235,1.074228,1255929.48,624,48.2372
0.02500,0.08500,0.02000,1.127495,0.435913,-0.447664,0.973750,906524.51,624,57.2115
0.08500,0.06500,0.00900,1.127434,0.479960,-0.455019,1.054814,1320817.76,624,44.8718
0.02000,0.07000,0.01900,1.127406,0.421022,-0.455903,0.923490,796124.67,624,59.2949
0.07000,0.05500,0.01600,1.127406,0.462257,-0.431698,1.070787,1136936.32,624,48.3974
0.02500,0.06500,0.01400,1.127296,0.434461,-0.442147,0.982615,895167.92,624,54.9679
0.06500,0.11000,0.01700,1.127273,0.484839,-0.528524,0.917344,1376088.78,624,47.2756
0.08000,0.06000,0.00300,1.127271,0.477960,-0.455861,1.048477,1298745.73,624,43.5897
0.02500,0.09000,0.01800,1.127196,0.435149,-0.469418,0.926997,900534.87,624,56.2500
0.08000,0.14000,0.00400,1.127103,0.502842,-0.549518,0.915060,1598996.60,624,41.1859
0.02000,0.06500,0.01400,1.127072,0.420680,-0.426860,0.985522,793741.28,624,58.1731
0.08500,0.11500,0.00600,1.127057,0.497694,-0.552228,0.901246,1532084.48,624,41.8269
0.05500,0.03500,0.00400,1.127000,0.450902,-0.432719,1.042021,1031722.36,624,49.5192
0.02000,0.06000,0.01800,1.126986,0.420638,-0.483220,0.870489,793450.65,624,59.2949
0.02500,0.05500,0.01200,1.126976,0.433851,-0.472476,0.918249,890439.98,624,54.0064
0.07500,0.15000,0.01200,1.126968,0.493066,-0.518905,0.950206,1474152.40,624,43.2692
0.02000,0.05000,0.00500,1.126959,0.428846,-0.430077,0.997139,852487.44,624,56.8910
0.10000,0.08500,0.01600,1.126928,0.491647,-0.526656,0.933525,1456790.58,624,45.9936
0.01000,0.07500,0.01200,1.126909,0.402821,-0.390989,1.030261,678015.75,624,65.2244
0.01000,0.08000,0.01200,1.126909,0.402821,-0.390989,1.030261,678015.75,624,65.2244
0.01000,0.08500,0.01200,1.126909,0.402821,-0.390989,1.030261,678015.75,624,65.2244
0.01000,0.09000,0.01200,1.126909,0.402821,-0.390989,1.030261,678015.75,624,65.2244
0.01000,0.09500,0.01200,1.126909,0.402821,-0.390989,1.030261,678015.75,624,65.2244
0.01000,0.10000,0.01200,1.126909,0.402821,-0.390989,1.030261,678015.75,624,65.2244
0.01000,0.10500,0.01200,1.126909,0.402821,-0.390989,1.030261,678015.75,624,65.2244
0.01000,0.11000,0.01200,1.126909,0.402821,-0.390989,1.030261,678015.75,624,65.2244
0.01000,0.11500,0.01200,1.126909,0.402821,-0.390989,1.030261,678015.75,624,65.2244
0.01000,0.12000,0.01200,1.126909,0.402821,-0.390989,1.030261,678015.75,624,65.2244
0.01000,0.12500,0.01200,1.126909,0.402821,-0.390989,1.030261,678015.75,624,65.2244
0.01000,0.13000,0.01200,1.126909,0.402821,-0.390989,1.030261,678015.75,624,65.2244
0.01000,0.13500,0.01200,1.126909,0.402821,-0.390989,1.030261,678015.75,624,65.2244
0.01000,0.14000,0.01200,1.126909,0.402821,-0.390989,1.030261,678015.75,624,65.2244
0.01000,0.14500,0.01200,1.126909,0.402821,-0.390989,1.030261,678015.75,624,65.2244
0.01000,0.15000,0.01200,1.126909,0.402821,-0.390989,1.030261,678015.75,624,65.2244
0.07500,0.15000,0.01700,1.126909,0.494255,-0.528536,0.935141,1488842.47,624,46.4744
0.09000,0.07500,0.01900,1.126859,0.480774,-0.436168,1.102268,1329896.51,624,47.1154
0.09000,0.11500,0.00600,1.126820,0.498919,-0.553125,0.902001,1547778.71,624,41.6667
0.08000,0.13500,0.01600,1.126746,0.495348,-0.526645,0.940574,1502464.29,624,45.6731
0.01000,0.02500,0.01600,1.126714,0.395102,-0.428697,0.921636,632980.07,624,67.3077
0.08500,0.09000,0.00600,1.126671,0.492167,-0.552228,0.891238,1463124.75,624,42.3077
0.03500,0.05000,0.01000,1.126667,0.444617,-0.442768,1.004175,977406.82,624,50.6410
0.02500,0.06000,0.01300,1.126650,0.434318,-0.440456,0.986066,894064.14,624,54.8077
0.10000,0.05000,0.00600,1.126594,0.466397,-0.434527,1.073345,1177695.49,624,45.1923
0.01000,0.06000,0.01500,1.126562,0.400239,-0.404556,0.989329,662630.35,624,65.8654
0.07500,0.07500,0.01100,1.126545,0.478102,-0.463054,1.032498,1300303.19,624,44.8718
0.02000,0.05500,0.00100,1.126518,0.437682,-0.445273,0.982952,920533.96,624,56.4103
0.08000,0.12000,0.01200,1.126374,0.492664,-0.518895,0.949447,1469206.09,624,43.2692
0.05000,0.05000,0.01600,1.126369,0.447168,-0.431693,1.035847,999128.05,624,50.4808
0.06500,0.15000,0.00500,1.126333,0.490885,-0.553352,0.887111,1447539.52,624,42.6282
0.06500,0.09000,0.01200,1.126327,0.480572,-0.518884,0.926164,1327631.22,624,44.5513
0.02500,0.08500,0.01800,1.126240,0.434601,-0.469418,0.925830,896261.89,624,56.2500
0.09500,0.12000,0.00600,1.126053,0.500504,-0.553122,0.904872,1568289.78,624,41.5064
0.10000,0.07000,0.00900,1.126000,0.482246,-0.456125,1.057267,1346454.34,624,44.3910
0.04000,0.04500,0.00300,1.125983,0.448169,-0.426653,1.050431,1007769.15,624,48.7179
0.07000,0.05000,0.00600,1.125957,0.461422,-0.423965,1.088349,1128872.98,624,45.8333
0.05500,0.03500,0.00300,1.125944,0.451694,-0.493064,0.916097,1038757.18,624,49.0385
0.01000,0.04000,0.01600,1.125930,0.400019,-0.407015,0.982811,661335.71,624,66.1859
0.09500,0.05000,0.00600,1.125816,0.465913,-0.434594,1.072065,1172859.40,624,45.1923
0.07500,0.05500,0.00300,1.125747,0.473301,-0.461002,1.026679,1248663.32,624,44.0705
0.06500,0.14500,0.00500,1.125746,0.490349,-0.553343,0.886158,1441075.33,624,42.6282
0.02000,0.08000,0.01300,1.125744,0.420889,-0.425558,0.989029,795199.08,624,57.6923
0.07000,0.06000,0.01200,1.125711,0.463720,-0.427121,1.085689,1151192.06,624,46.1538
0.08000,0.13000,0.01600,1.125686,0.494377,-0.526651,0.938719,1490351.41,624,45.6731
0.05500,0.02500,0.01600,1.125654,0.434522,-0.451448,0.962508,895646.55,624,56.0897
0.06500,0.10500,0.01200,1.125639,0.482248,-0.518903,0.929360,1346474.03,624,44.2308
0.04000,0.05000,0.01200,1.125585,0.443177,-0.449484,0.985968,965336.70,624,49.1987
0.09000,0.09500,0.00600,1.125549,0.494129,-0.552219,0.894805,1487269.83,624,42.1474
0.07000,0.05500,0.01200,1.125545,0.459957,-0.437222,1.052001,1114863.37,624,46.1538
0.08000,0.12000,0.01700,1.125430,0.493500,-0.528541,0.933703,1479498.34,624,46.4744
0.07500,0.07500,0.00900,1.125403,0.478229,-0.455937,1.048893,1301699.78,624,44.2308
0.03500,0.03500,0.00600,1.125391,0.427518,-0.440610,0.970287,842670.23,624,52.7244
0.08000,0.13500,0.00400,1.125272,0.501258,-0.549530,0.912157,1578134.90,624,41.1859
0.03500,0.05000,0.01600,1.125222,0.440202,-0.408007,1.078908,940837.93,624,52.4038
0.06500,0.14000,0.00500,1.125189,0.489845,-0.553346,0.885242,1435016.92,624,42.6282
0.08000,0.12500,0.01200,1.125154,0.492059,-0.518890,0.948292,1461805.09,624,43.2692
0.05500,0.03500,0.01900,1.125144,0.435401,-0.435061,1.000783,902509.80,624,53.8462
0.01000,0.06000,0.01200,1.125122,0.401905,-0.390989,1.027918,672520.39,624,65.2244
0.07500,0.15000,0.01600,1.125067,0.493063,-0.526666,0.936195,1474104.23,624,45.6731
0.02500,0.06500,0.02000,1.124886,0.434374,-0.447664,0.970311,894492.64,624,57.2115
0.09500,0.07500,0.01800,1.124787,0.480218,-0.436934,1.099063,1323683.44,624,47.1154
0.06500,0.11000,0.01600,1.124770,0.483290,-0.526635,0.917695,1358318.32,624,46.4744
0.09500,0.07000,0.00900,1.124693,0.481406,-0.456125,1.055426,1336983.18,624,44.3910
0.10000,0.06500,0.01400,1.124686,0.472427,-0.435700,1.084294,1239461.15,624,46.1538
0.08500,0.06500,0.01100,1.124607,0.477161,-0.450104,1.060113,1290030.20,624,45.5128
0.06500,0.13500,0.00500,1.124586,0.489315,-0.553330,0.884310,1428672.42,624,42.6282
0.08000,0.06000,0.00400,1.124506,0.475292,-0.460775,1.031506,1269843.39,624,44.0705
0.07000,0.06000,0.00200,1.124467,0.474391,-0.461623,1.027660,1260221.12,624,43.7500
0.10000,0.07000,0.01100,1.124414,0.480284,-0.458011,1.048631,1324425.32,624,45.0321
0.08000,0.12500,0.01700,1.124260,0.492916,-0.528552,0.932579,1472307.10,624,46.4744
0.08000,0.13000,0.00400,1.124245,0.500297,-0.549513,0.910437,1565588.73,624,41.1859
0.06500,0.09500,0.01200,1.124197,0.480175,-0.518904,0.925363,1323204.05,624,44.3910
0.02500,0.06000,0.01400,1.123864,0.431405,-0.442147,0.975705,871703.51,624,55.1282
0.06500,0.13000,0.00500,1.123794,0.488646,-0.553342,0.883081,1420694.58,624,42.6282
0.06000,0.05000,0.00200,1.123781,0.464827,-0.426384,1.090161,1162085.89,624,45.3526
0.06500,0.15000,0.01500,1.123760,0.482823,-0.524734,0.920130,1353003.52,624,45.8333
0.02000,0.07500,0.01300,1.123660,0.419710,-0.425558,0.986258,787017.32,624,57.6923
0.02500,0.06500,0.01800,1.123602,0.433070,-0.469418,0.922568,884417.93,624,56.2500
0.07500,0.05500,0.00200,1.123573,0.472709,-0.466685,1.012907,1242422.58,624,43.9103
0.08000,0.12000,0.01600,1.123562,0.492304,-0.526643,0.934796,1464797.60,624,45.6731
0.02500,0.06000,0.02000,1.123458,0.432450,-0.445515,0.970675,879664.85,624,57.3718
0.02000,0.08000,0.01100,1.123450,0.425089,-0.450187,0.944248,824977.06,624,57.8526
0.04500,0.04500,0.00300,1.123300,0.447032,-0.437884,1.020891,997959.49,624,48.3974
0.10000,0.11500,0.00600,1.123230,0.498162,-0.553121,0.900639,1538067.75,624,41.5064
0.01000,0.06000,0.00700,1.123227,0.409397,-0.424819,0.963698,718692.04,624,65.5449
0.06500,0.14500,0.01500,1.123160,0.482284,-0.524726,0.919115,1346886.23,624,45.8333
0.09500,0.07000,0.01100,1.123108,0.479447,-0.458011,1.046803,1315122.74,624,45.0321
0.09000,0.09000,0.00600,1.123023,0.489960,-0.552228,0.887242,1436397.16,624,42.3077
0.02000,0.08500,0.01300,1.122994,0.419341,-0.425558,0.985391,784471.86,624,57.6923
0.02000,0.09000,0.01300,1.122994,0.419341,-0.425558,0.985391,784471.86,624,57.6923
0.02000,0.09500,0.01300,1.122994,0.419341,-0.425558,0.985391,784471.86,624,57.6923
0.02000,0.10000,0.01300,1.122994,0.419341,-0.425558,0.985391,784471.86,624,57.6923
0.02000,0.10500,0.01300,1.122994,0.419341,-0.425558,0.985391,784471.86,624,57.6923
0.02000,0.11000,0.01300,1.122994,0.419341,-0.425558,0.985391,784471.86,624,57.6923
0.02000,0.11500,0.01300,1.122994,0.419341,-0.425558,0.985391,784471.86,624,57.6923
0.02000,0.12000,0.01300,1.122994,0.419341,-0.425558,0.985391,784471.86,624,57.6923
0.02000,0.12500,0.01300,1.122994,0.419341,-0.425558,0.985391,784471.86,624,57.6923
0.02000,0.13000,0.01300,1.122994,0.419341,-0.425558,0.985391,784471.86,624,57.6923
0.02000,0.13500,0.01300,1.122994,0.419341,-0.425558,0.985391,784471.86,624,57.6923
0.02000,0.14000,0.01300,1.122994,0.419341,-0.425558,0.985391,784471.86,624,57.6923
0.02000,0.14500,0.01300,1.122994,0.419341,-0.425558,0.985391,784471.86,624,57.6923
0.02000,0.15000,0.01300,1.122994,0.419341,-0.425558,0.985391,784471.86,624,57.6923
0.06000,0.03500,0.01400,1.122856,0.439138,-0.448059,0.980089,932214.27,624,51.9231
0.04500,0.05000,0.01700,1.122806,0.443534,-0.432651,1.025155,968320.39,624,51.4423
0.04000,0.04500,0.00400,1.122743,0.445041,-0.431091,1.032360,980982.39,624,49.0385
0.05500,0.05000,0.00400,1.122715,0.458007,-0.417677,1.096556,1096448.40,624,46.6346
0.01500,0.05000,0.00600,1.122693,0.417771,-0.418145,0.999106,773734.19,624,60.2564
0.02000,0.06500,0.01300,1.122598,0.419109,-0.425558,0.984846,782876.91,624,57.6923
0.06500,0.14000,0.01500,1.122585,0.481775,-0.524746,0.918111,1341131.18,624,45.8333
0.06500,0.06000,0.00100,1.122560,0.470374,-0.456743,1.029844,1218111.57,624,43.9103
0.07000,0.05500,0.01000,1.122548,0.461361,-0.469389,0.982897,1128287.02,624,46.1538
0.06500,0.12500,0.00500,1.122546,0.487616,-0.553322,0.881252,1408504.03,624,42.6282
0.04000,0.05000,0.01500,1.122538,0.440922,-0.436797,1.009444,946711.83,624,50.8013
0.01000,0.07500,0.01400,1.122508,0.397591,-0.390725,1.017574,647192.89,624,65.5449
0.01000,0.08000,0.01400,1.122508,0.397591,-0.390725,1.017574,647192.89,624,65.5449
0.01000,0.08500,0.01400,1.122508,0.397591,-0.390725,1.017574,647192.89,624,65.5449
0.01000,0.09000,0.01400,1.122508,0.397591,-0.390725,1.017574,647192.89,624,65.5449
0.01000,0.09500,0.01400,1.122508,0.397591,-0.390725,1.017574,647192.89,624,65.5449
0.01000,0.10000,0.01400,1.122508,0.397591,-0.390725,1.017574,647192.89,624,65.5449
0.01000,0.10500,0.01400,1.122508,0.397591,-0.390725,1.017574,647192.89,624,65.5449
0.01000,0.11000,0.01400,1.122508,0.397591,-0.390725,1.017574,647192.89,624,65.5449
0.01000,0.11500,0.01400,1.122508,0.397591,-0.390725,1.017574,647192.89,624,65.5449
0.01000,0.12000,0.01400,1.122508,0.397591,-0.390725,1.017574,647192.89,624,65.5449
0.01000,0.12500,0.01400,1.122508,0.397591,-0.390725,1.017574,647192.89,624,65.5449
0.01000,0.13000,0.01400,1.122508,0.397591,-0.390725,1.017574,647192.89,624,65.5449
0.01000,0.13500,0.01400,1.122508,0.397591,-0.390725,1.017574,647192.89,624,65.5449
0.01000,0.14000,0.01400,1.122508,0.397591,-0.390725,1.017574,647192.89,624,65.5449
0.01000,0.14500,0.01400,1.122508,0.397591,-0.390725,1.017574,647192.89,624,65.5449
0.01000,0.15000,0.01400,1.122508,0.397591,-0.390725,1.017574,647192.89,624,65.5449
0.06500,0.15000,0.00300,1.122449,0.491574,-0.548141,0.896803,1455904.37,624,41.6667
0.08000,0.12500,0.01600,1.122330,0.491680,-0.526656,0.933587,1457187.68,624,45.6731
0.08000,0.12000,0.00400,1.122127,0.498206,-0.549512,0.906633,1538625.92,624,41.1859
0.05500,0.03500,0.01500,1.122101,0.435330,-0.430470,1.011291,901954.55,624,52.5641
0.05500,0.03500,0.00500,1.122030,0.444973,-0.436128,1.020281,980412.04,624,49.6795
0.06500,0.13500,0.01500,1.121977,0.481249,-0.524744,0.917112,1335214.32,624,45.8333
0.05000,0.04500,0.00500,1.121974,0.446262,-0.428662,1.041058,991361.56,624,48.0769
0.06500,0.11000,0.00400,1.121961,0.488977,-0.549499,0.889859,1424634.11,624,42.1474
0.08000,0.05000,0.00200,1.121922,0.468221,-0.429875,1.089202,1196068.90,624,44.5513
0.02500,0.06000,0.01800,1.121882,0.430997,-0.467370,0.922175,868614.06,624,56.4103
0.06500,0.14500,0.00300,1.121849,0.491030,-0.548150,0.895794,1449294.74,624,41.6667
0.05000,0.02500,0.00600,1.121571,0.431689,-0.461749,0.934898,873856.24,624,52.5641
0.09000,0.04500,0.00600,1.121513,0.457059,-0.437326,1.045123,1087607.55,624,46.3141
0.01000,0.05000,0.01700,1.121503,0.397047,-0.402372,0.986766,644057.92,624,66.1859
0.02000,0.07500,0.01100,1.121416,0.423936,-0.450187,0.941687,816700.97,624,57.8526
0.02000,0.08000,0.01900,1.121315,0.417490,-0.455903,0.915744,771825.86,624,59.2949
0.06500,0.14000,0.00300,1.121262,0.490506,-0.548141,0.894853,1442964.28,624,41.6667
0.09500,0.06500,0.01000,1.121238,0.476758,-0.446766,1.067130,1285649.39,624,44.8718
0.06500,0.13000,0.01500,1.121213,0.480605,-0.524745,0.915883,1328004.33,624,45.8333
0.02500,0.08000,0.01100,1.121211,0.436718,-0.464930,0.939321,912878.41,624,54.1667
0.06500,0.12000,0.00500,1.121193,0.486531,-0.553341,0.879260,1395750.38,624,42.6282
0.01000,0.05500,0.00800,1.121154,0.406059,-0.425378,0.954584,697772.56,624,65.5449
0.09000,0.08000,0.00600,1.121010,0.486060,-0.552223,0.880189,1390261.56,624,42.4679
0.08000,0.12500,0.00400,1.120931,0.497597,-0.549521,0.905511,1530856.62,624,41.1859
0.09000,0.08500,0.01200,1.120922,0.482795,-0.518895,0.930428,1352678.21,624,43.7500
0.01000,0.07000,0.01300,1.120891,0.398792,-0.390681,1.020762,654155.45,624,65.5449
0.01000,0.06000,0.01400,1.120876,0.396758,-0.390725,1.015442,642402.59,624,65.5449
0.08000,0.09000,0.01200,1.120871,0.483105,-0.518886,0.931043,1356205.06,624,43.7500
0.02000,0.08500,0.01100,1.120768,0.423574,-0.450187,0.940883,814120.24,624,57.8526
0.02000,0.09000,0.01100,1.120768,0.423574,-0.450187,0.940883,814120.24,624,57.8526
0.02000,0.09500,0.01100,1.120768,0.423574,-0.450187,0.940883,814120.24,624,57.8526
0.02000,0.10000,0.01100,1.120768,0.423574,-0.450187,0.940883,814120.24,624,57.8526
0.02000,0.10500,0.01100,1.120768,0.423574,-0.450187,0.940883,814120.24,624,57.8526
0.02000,0.11000,0.01100,1.120768,0.423574,-0.450187,0.940883,814120.24,624,57.8526
0.02000,0.11500,0.01100,1.120768,0.423574,-0.450187,0.940883,814120.24,624,57.8526
0.02000,0.12000,0.01100,1.120768,0.423574,-0.450187,0.940883,814120.24,624,57.8526
0.02000,0.12500,0.01100,1.120768,0.423574,-0.450187,0.940883,814120.24,624,57.8526
0.02000,0.13000,0.01100,1.120768,0.423574,-0.450187,0.940883,814120.24,624,57.8526
0.02000,0.13500,0.01100,1.120768,0.423574,-0.450187,0.940883,814120.24,624,57.8526
0.02000,0.14000,0.01100,1.120768,0.423574,-0.450187,0.940883,814120.24,624,57.8526
0.02000,0.14500,0.01100,1.120768,0.423574,-0.450187,0.940883,814120.24,624,57.8526
0.02000,0.15000,0.01100,1.120768,0.423574,-0.450187,0.940883,814120.24,624,57.8526
0.09500,0.08000,0.00600,1.120714,0.486930,-0.552231,0.881752,1400432.36,624,42.3077
0.06500,0.13500,0.00300,1.120672,0.489984,-0.548140,0.893903,1436686.23,624,41.6667
0.03500,0.04500,0.00400,1.120634,0.441979,-0.431113,1.025205,955401.90,624,50.0000
0.06000,0.05000,0.00300,1.120510,0.461776,-0.426923,1.081637,1132289.10,624,45.5128
0.02000,0.06500,0.01100,1.120460,0.423375,-0.450187,0.940441,812704.03,624,57.8526
0.08000,0.05000,0.00300,1.120414,0.466316,-0.431029,1.081867,1176881.43,624,44.7115
0.10000,0.07500,0.00900,1.120378,0.480120,-0.456103,1.052657,1322593.58,624,43.7500
0.08000,0.11500,0.01200,1.120336,0.488186,-0.518885,0.940837,1415238.26,624,43.2692
0.07000,0.06000,0.00500,1.120155,0.467002,-0.465626,1.002955,1183756.78,624,44.7115
0.08500,0.08000,0.00600,1.120090,0.484095,-0.552236,0.876609,1367528.88,624,42.6282
0.08500,0.09500,0.00600,1.120052,0.490005,-0.552230,0.887321,1436942.62,624,42.1474
0.08000,0.08000,0.00600,1.120044,0.482356,-0.552219,0.873486,1347698.96,624,42.7885
0.07000,0.06500,0.01900,1.119971,0.463727,-0.435172,1.065619,1151262.16,624,48.5577
0.06500,0.12500,0.01500,1.119907,0.479555,-0.524739,0.913893,1316318.07,624,45.8333
0.06500,0.04000,0.00600,1.119888,0.446424,-0.439929,1.014764,992748.02,624,47.9167
0.06500,0.13000,0.00300,1.119885,0.489314,-0.548168,0.892636,1428662.57,624,41.6667
0.05000,0.03500,0.00200,1.119860,0.445174,-0.491200,0.906299,982109.84,624,49.5192
0.06500,0.11500,0.00500,1.119839,0.485454,-0.553331,0.877330,1383207.95,624,42.6282
0.10000,0.14500,0.00600,1.119764,0.499234,-0.553119,0.902579,1551828.75,624,41.3462
0.06500,0.06000,0.01000,1.119748,0.462379,-0.440785,1.048989,1138116.49,624,46.4744
0.03500,0.05000,0.01700,1.119720,0.436438,-0.409232,1.066479,910660.58,624,53.0449
0.10000,0.07500,0.01100,1.119656,0.478866,-0.457047,1.047737,1308697.28,624,44.3910
0.02000,0.06500,0.01900,1.119643,0.416466,-0.455903,0.913498,764907.65,624,59.2949
0.05500,0.03500,0.00700,1.119584,0.443038,-0.443575,0.998790,964181.85,624,50.4808
0.07500,0.15000,0.00400,1.119579,0.496445,-0.549517,0.903421,1516248.46,624,41.1859
0.08000,0.08500,0.01200,1.119562,0.480700,-0.518890,0.926399,1329061.37,624,43.9103
0.03000,0.05000,0.01600,1.119550,0.434436,-0.408023,1.064735,894978.69,624,53.8462
0.04500,0.04500,0.00400,1.119546,0.443637,-0.431084,1.029118,969174.11,624,48.7179
0.05500,0.03500,0.01300,1.119518,0.435044,-0.444204,0.979379,899713.62,624,51.9231
0.08000,0.11500,0.01700,1.119450,0.489046,-0.528564,0.925235,1425457.79,624,46.4744
0.06500,0.08500,0.02000,1.119408,0.478363,-0.534288,0.895329,1303167.33,624,48.5577
0.10000,0.06500,0.01800,1.119392,0.473963,-0.440220,1.076651,1255665.31,624,48.0769
0.03000,0.05500,0.01900,1.119331,0.435172,-0.411661,1.057113,900713.39,624,54.3269
0.02000,0.05000,0.00300,1.119286,0.429461,-0.429865,0.999059,857068.29,624,56.2500
0.02000,0.07000,0.02000,1.119269,0.417622,-0.465001,0.898111,772720.91,624,59.9359
0.02000,0.07500,0.01900,1.119258,0.416336,-0.455903,0.913213,764035.42,624,59.2949
0.03500,0.04500,0.00500,1.119249,0.438101,-0.435105,1.006886,923882.60,624,50.3205
0.07500,0.08000,0.00600,1.119196,0.481694,-0.552222,0.872283,1340223.36,624,42.7885
0.08000,0.07500,0.00100,1.119040,0.478864,-0.441729,1.084067,1308676.81,624,41.5064
0.08000,0.06500,0.00900,1.118995,0.472205,-0.455004,1.037804,1237139.75,624,45.0321
0.08000,0.06000,0.01200,1.118956,0.462615,-0.436320,1.060264,1140407.49,624,45.8333
0.04500,0.05000,0.01000,1.118919,0.445046,-0.442748,1.005191,981029.13,624,48.7179
0.02500,0.09500,0.02000,1.118719,0.431167,-0.447664,0.963148,869898.72,624,57.2115
0.02500,0.10000,0.02000,1.118719,0.431167,-0.447664,0.963148,869898.72,624,57.2115
0.02500,0.10500,0.02000,1.118719,0.431167,-0.447664,0.963148,869898.72,624,57.2115
0.02500,0.11000,0.02000,1.118719,0.431167,-0.447664,0.963148,869898.72,624,57.2115
0.02500,0.11500,0.02000,1.118719,0.431167,-0.447664,0.963148,869898.72,624,57.2115
0.02500,0.12000,0.02000,1.118719,0.431167,-0.447664,0.963148,869898.72,624,57.2115
0.02500,0.12500,0.02000,1.118719,0.431167,-0.447664,0.963148,869898.72,624,57.2115
0.02500,0.13000,0.02000,1.118719,0.431167,-0.447664,0.963148,869898.72,624,57.2115
0.02500,0.13500,0.02000,1.118719,0.431167,-0.447664,0.963148,869898.72,624,57.2115
0.02500,0.14000,0.02000,1.118719,0.431167,-0.447664,0.963148,869898.72,624,57.2115
0.02500,0.14500,0.02000,1.118719,0.431167,-0.447664,0.963148,869898.72,624,57.2115
0.02500,0.15000,0.02000,1.118719,0.431167,-0.447664,0.963148,869898.72,624,57.2115
0.05000,0.05000,0.01700,1.118677,0.442195,-0.432735,1.021861,957191.15,624,51.1218
0.01000,0.06500,0.01300,1.118652,0.397597,-0.390681,1.017701,647222.91,624,65.5449
0.06500,0.12500,0.00300,1.118610,0.488267,-0.548145,0.890762,1416191.16,624,41.6667
0.02000,0.08500,0.01900,1.118575,0.415955,-0.455903,0.912376,761475.95,624,59.2949
0.02000,0.09000,0.01900,1.118575,0.415955,-0.455903,0.912376,761475.95,624,59.2949
0.02000,0.09500,0.01900,1.118575,0.415955,-0.455903,0.912376,761475.95,624,59.2949
0.02000,0.10000,0.01900,1.118575,0.415955,-0.455903,0.912376,761475.95,624,59.2949
0.02000,0.10500,0.01900,1.118575,0.415955,-0.455903,0.912376,761475.95,624,59.2949
0.02000,0.11000,0.01900,1.118575,0.415955,-0.455903,0.912376,761475.95,624,59.2949
0.02000,0.11500,0.01900,1.118575,0.415955,-0.455903,0.912376,761475.95,624,59.2949
0.02000,0.12000,0.01900,1.118575,0.415955,-0.455903,0.912376,761475.95,624,59.2949
0.02000,0.12500,0.01900,1.118575,0.415955,-0.455903,0.912376,761475.95,624,59.2949
0.02000,0.13000,0.01900,1.118575,0.415955,-0.455903,0.912376,761475.95,624,59.2949
0.02000,0.13500,0.01900,1.118575,0.415955,-0.455903,0.912376,761475.95,624,59.2949
0.02000,0.14000,0.01900,1.118575,0.415955,-0.455903,0.912376,761475.95,624,59.2949
0.02000,0.14500,0.01900,1.118575,0.415955,-0.455903,0.912376,761475.95,624,59.2949
0.02000,0.15000,0.01900,1.118575,0.415955,-0.455903,0.912376,761475.95,624,59.2949
0.06500,0.12000,0.01500,1.118546,0.478476,-0.524750,0.911818,1304410.74,624,45.8333
0.05500,0.03000,0.00600,1.118531,0.437071,-0.458983,0.952260,915673.82,624,50.8013
0.01000,0.05500,0.01500,1.118424,0.396539,-0.393971,1.006518,641145.31,624,65.8654
0.07500,0.05500,0.00500,1.118383,0.464902,-0.470666,0.987752,1162821.04,624,44.8718
0.06500,0.10500,0.01700,1.118227,0.478713,-0.528557,0.905698,1307013.13,624,47.2756
0.08000,0.06000,0.00200,1.118070,0.473141,-0.461612,1.024976,1246972.25,624,43.4295
0.08000,0.14000,0.00300,1.117898,0.497442,-0.548156,0.907482,1528879.53,624,40.7051
0.10000,0.07000,0.00100,1.117855,0.483401,-0.448547,1.077705,1359583.53,624,41.6667
0.05000,0.05000,0.01000,1.117734,0.445284,-0.437540,1.017699,983044.62,624,48.3974
0.07000,0.05500,0.00800,1.117720,0.460231,-0.461866,0.996460,1117467.92,624,45.8333
0.08000,0.11500,0.01600,1.117556,0.487834,-0.526653,0.926292,1411071.02,624,45.6731
0.05000,0.03500,0.01700,1.117526,0.429683,-0.432772,0.992862,858731.40,624,54.1667
0.02500,0.09500,0.01800,1.117449,0.429858,-0.469418,0.915726,860038.83,624,56.2500
0.02500,0.10000,0.01800,1.117449,0.429858,-0.469418,0.915726,860038.83,624,56.2500
0.02500,0.10500,0.01800,1.117449,0.429858,-0.469418,0.915726,860038.83,624,56.2500
0.02500,0.11000,0.01800,1.117449,0.429858,-0.469418,0.915726,860038.83,624,56.2500
0.02500,0.11500,0.01800,1.117449,0.429858,-0.469418,0.915726,860038.83,624,56.2500
0.02500,0.12000,0.01800,1.117449,0.429858,-0.469418,0.915726,860038.83,624,56.2500
0.02500,0.12500,0.01800,1.117449,0.429858,-0.469418,0.915726,860038.83,624,56.2500
0.02500,0.13000,0.01800,1.117449,0.429858,-0.469418,0.915726,860038.83,624,56.2500
0.02500,0.13500,0.01800,1.117449,0.429858,-0.469418,0.915726,860038.83,624,56.2500
0.02500,0.14000,0.01800,1.117449,0.429858,-0.469418,0.915726,860038.83,624,56.2500
0.02500,0.14500,0.01800,1.117449,0.429858,-0.469418,0.915726,860038.83,624,56.2500
0.02500,0.15000,0.01800,1.117449,0.429858,-0.469418,0.915726,860038.83,624,56.2500
0.04000,0.04500,0.00700,1.117446,0.438674,-0.443316,0.989528,928478.45,624,49.8397
0.01000,0.05500,0.01200,1.117395,0.398356,-0.390902,1.019070,651618.93,624,65.2244
0.06500,0.12000,0.00300,1.117287,0.487196,-0.548156,0.888791,1403557.48,624,41.6667
0.06500,0.06000,0.01400,1.117276,0.455401,-0.430545,1.057733,1072291.56,624,47.7564
0.02500,0.08000,0.01300,1.117215,0.430876,-0.440456,0.978251,867700.18,624,54.4872
0.08000,0.14000,0.00500,1.117209,0.493845,-0.550854,0.896507,1483752.48,624,41.6667
0.06500,0.11500,0.01500,1.117189,0.477412,-0.524750,0.909789,1292760.76,624,45.8333
0.02000,0.05000,0.00400,1.117076,0.426740,-0.426881,0.999670,836966.74,624,56.4103
0.10000,0.10000,0.00600,1.117000,0.490738,-0.552223,0.888659,1445772.29,624,41.8269
0.09000,0.15000,0.00600,1.116970,0.495655,-0.553126,0.896098,1506307.07,624,41.5064
0.08000,0.05500,0.01200,1.116935,0.457744,-0.438665,1.043494,1093988.80,624,45.8333
0.07500,0.14500,0.01200,1.116929,0.486015,-0.518888,0.936647,1389730.62,624,43.2692
0.02500,0.08500,0.01100,1.116907,0.434247,-0.464930,0.934006,893510.85,624,54.1667
0.02500,0.09000,0.01100,1.116907,0.434247,-0.464930,0.934006,893510.85,624,54.1667
0.02500,0.09500,0.01100,1.116907,0.434247,-0.464930,0.934006,893510.85,624,54.1667
0.02500,0.10000,0.01100,1.116907,0.434247,-0.464930,0.934006,893510.85,624,54.1667
0.02500,0.10500,0.01100,1.116907,0.434247,-0.464930,0.934006,893510.85,624,54.1667
0.02500,0.11000,0.01100,1.116907,0.434247,-0.464930,0.934006,893510.85,624,54.1667
0.02500,0.11500,0.01100,1.116907,0.434247,-0.464930,0.934006,893510.85,624,54.1667
0.02500,0.12000,0.01100,1.116907,0.434247,-0.464930,0.934006,893510.85,624,54.1667
0.02500,0.12500,0.01100,1.116907,0.434247,-0.464930,0.934006,893510.85,624,54.1667
0.02500,0.13000,0.01100,1.116907,0.434247,-0.464930,0.934006,893510.85,624,54.1667
0.02500,0.13500,0.01100,1.116907,0.434247,-0.464930,0.934006,893510.85,624,54.1667
0.02500,0.14000,0.01100,1.116907,0.434247,-0.464930,0.934006,893510.85,624,54.1667
0.02500,0.14500,0.01100,1.116907,0.434247,-0.464930,0.934006,893510.85,624,54.1667
0.02500,0.15000,0.01100,1.116907,0.434247,-0.464930,0.934006,893510.85,624,54.1667
0.07500,0.14500,0.01700,1.116890,0.487196,-0.528558,0.921744,1403548.55,624,46.4744
0.09000,0.10000,0.00600,1.116785,0.490012,-0.552221,0.887348,1437022.44,624,41.9872
0.10000,0.07500,0.00100,1.116778,0.483794,-0.445966,1.084822,1364077.24,624,41.0256
0.02000,0.05500,0.01000,1.116752,0.419694,-0.444260,0.944702,786905.10,624,57.5321
0.06500,0.10000,0.01200,1.116671,0.476168,-0.518911,0.917630,1279270.90,624,44.2308
0.09500,0.07000,0.00100,1.116576,0.482566,-0.448547,1.075845,1350085.23,624,41.6667
0.09500,0.06500,0.01400,1.116534,0.467149,-0.435776,1.071993,1185235.52,624,46.1538
0.08000,0.06500,0.01100,1.116520,0.469648,-0.450102,1.043425,1210632.59,624,45.6731
0.06500,0.09000,0.01700,1.116380,0.475312,-0.528563,0.899252,1270055.03,624,47.5962
0.04000,0.03500,0.00200,1.116372,0.436375,-0.469809,0.928834,910163.98,624,50.9615
0.07500,0.05500,0.00400,1.116249,0.466344,-0.465852,1.001055,1177160.05,624,44.3910
0.06500,0.08000,0.01500,1.116240,0.471798,-0.524745,0.899099,1232885.42,624,46.3141
0.08000,0.11500,0.00400,1.116209,0.493741,-0.549524,0.898489,1482472.81,624,41.1859
0.08000,0.13500,0.00300,1.116038,0.495854,-0.548168,0.904566,1508809.43,624,40.7051
0.06500,0.11500,0.00300,1.115946,0.486126,-0.548169,0.886819,1391026.40,624,41.6667
0.05500,0.05000,0.00500,1.115766,0.450985,-0.420446,1.072637,1032458.50,624,46.9551
0.07500,0.14000,0.01200,1.115725,0.484986,-0.518880,0.934679,1377795.13,624,43.2692
0.06500,0.10500,0.01600,1.115686,0.477148,-0.526655,0.905997,1289890.73,624,46.4744
0.07500,0.14000,0.01700,1.115673,0.486160,-0.528558,0.919786,1391421.56,624,46.4744
0.02000,0.06000,0.01200,1.115524,0.415778,-0.456562,0.910672,760291.46,624,57.0513
0.01000,0.07000,0.00400,1.115498,0.410893,-0.451436,0.910190,728247.74,624,65.5449
0.09500,0.15000,0.00600,1.115489,0.496366,-0.553122,0.897390,1515256.79,624,41.3462
0.07500,0.06500,0.01900,1.115439,0.463985,-0.435004,1.066623,1153788.21,624,48.3974
0.05500,0.04500,0.00200,1.115425,0.451206,-0.437303,1.031792,1034412.29,624,46.9551
0.02500,0.04500,0.00700,1.115422,0.429848,-0.451860,0.951286,859966.25,624,54.1667
0.08000,0.13500,0.00500,1.115371,0.492279,-0.550871,0.893638,1464500.90,624,41.6667
0.08000,0.06000,0.00500,1.115225,0.466808,-0.465604,1.002586,1181812.01,624,44.3910
0.07500,0.14500,0.01600,1.115083,0.486031,-0.526639,0.922892,1389914.77,624,45.6731
0.08000,0.13000,0.00300,1.115024,0.494902,-0.548139,0.902877,1496890.31,624,40.7051
0.08500,0.11000,0.00600,1.115009,0.488980,-0.552219,0.885481,1424668.03,624,41.8269
0.06000,0.03500,0.00800,1.115000,0.442813,-0.446053,0.992736,962308.23,624,50.0000
0.05000,0.04500,0.00700,1.114781,0.442064,-0.436118,1.013633,956103.63,624,48.7179
0.02500,0.08000,0.01400,1.114764,0.428291,-0.442147,0.968662,848372.09,624,54.8077
0.07000,0.06500,0.00900,1.114673,0.466052,-0.455020,1.024244,1174245.23,624,45.3526
0.02500,0.07000,0.01900,1.114657,0.428254,-0.439733,0.973895,848097.00,624,56.2500
0.07500,0.05500,0.01700,1.114628,0.457176,-0.432639,1.056714,1088691.85,624,49.0385
0.07500,0.13500,0.01200,1.114472,0.483939,-0.518896,0.932632,1365735.11,624,43.2692
0.08000,0.05500,0.01000,1.114469,0.459374,-0.469385,0.978673,1109329.63,624,45.8333
0.01000,0.05500,0.00700,1.114460,0.405158,-0.424841,0.953669,692218.30,624,65.5449
0.07500,0.13500,0.01700,1.114429,0.485112,-0.528547,0.917823,1379253.84,624,46.4744
0.02500,0.05500,0.01500,1.114394,0.425942,-0.410214,1.038342,831153.89,624,55.4487
0.06000,0.02500,0.01500,1.114379,0.431448,-0.451095,0.956446,872029.04,624,54.9679
0.08000,0.13000,0.00500,1.114308,0.491309,-0.550859,0.891897,1452686.88,624,41.6667
0.06500,0.09500,0.01700,1.114188,0.474891,-0.528532,0.898509,1265549.58,624,47.4359
0.01000,0.07000,0.00200,1.114179,0.415158,-0.518866,0.800127,756157.24,624,66.3462
0.08000,0.05500,0.02000,1.114153,0.459536,-0.447620,1.026622,1110865.12,624,49.8397
0.07500,0.13000,0.01200,1.114018,0.483487,-0.518894,0.931766,1360568.32,624,43.2692
0.07500,0.13000,0.01700,1.113968,0.484653,-0.528562,0.916928,1373950.77,624,46.4744
0.02000,0.06000,0.01400,1.113886,0.413199,-0.426860,0.967996,743215.51,624,58.1731
0.07500,0.14000,0.01600,1.113844,0.484981,-0.526667,0.920849,1377727.62,624,45.6731
0.05000,0.03000,0.00600,1.113834,0.431657,-0.459106,0.940211,873614.32,624,51.1218
0.08500,0.15000,0.00600,1.113796,0.492165,-0.552211,0.891263,1463105.80,624,41.6667
0.01000,0.07000,0.00500,1.113696,0.406610,-0.458259,0.887292,701182.41,624,65.5449
0.09000,0.06500,0.01900,1.113670,0.469446,-0.441234,1.063938,1208563.90,624,48.0769
0.07500,0.07500,0.00100,1.113645,0.474740,-0.441688,1.074831,1263937.81,624,41.5064
0.02500,0.03500,0.01600,1.113519,0.413134,-0.414406,0.996930,742794.42,624,58.0128
0.06500,0.09000,0.01600,1.113395,0.473505,-0.526650,0.899088,1250813.53,624,46.7949
0.06500,0.06000,0.01900,1.113286,0.453687,-0.435127,1.042653,1056658.88,624,49.3590
0.07500,0.12000,0.01200,1.113238,0.482521,-0.518897,0.929897,1349565.48,624,43.2692
0.02000,0.08000,0.02000,1.113236,0.414113,-0.465001,0.890565,749228.50,624,59.9359
0.01000,0.07500,0.01300,1.113196,0.394814,-0.390681,1.010578,631351.97,624,65.5449
0.01000,0.08000,0.01300,1.113196,0.394814,-0.390681,1.010578,631351.97,624,65.5449
0.01000,0.08500,0.01300,1.113196,0.394814,-0.390681,1.010578,631351.97,624,65.5449
0.01000,0.09000,0.01300,1.113196,0.394814,-0.390681,1.010578,631351.97,624,65.5449
0.01000,0.09500,0.01300,1.113196,0.394814,-0.390681,1.010578,631351.97,624,65.5449
0.01000,0.10000,0.01300,1.113196,0.394814,-0.390681,1.010578,631351.97,624,65.5449
0.01000,0.10500,0.01300,1.113196,0.394814,-0.390681,1.010578,631351.97,624,65.5449
0.01000,0.11000,0.01300,1.113196,0.394814,-0.390681,1.010578,631351.97,624,65.5449
0.01000,0.11500,0.01300,1.113196,0.394814,-0.390681,1.010578,631351.97,624,65.5449
0.01000,0.12000,0.01300,1.113196,0.394814,-0.390681,1.010578,631351.97,624,65.5449
0.01000,0.12500,0.01300,1.113196,0.394814,-0.390681,1.010578,631351.97,624,65.5449
0.01000,0.13000,0.01300,1.113196,0.394814,-0.390681,1.010578,631351.97,624,65.5449
0.01000,0.13500,0.01300,1.113196,0.394814,-0.390681,1.010578,631351.97,624,65.5449
0.01000,0.14000,0.01300,1.113196,0.394814,-0.390681,1.010578,631351.97,624,65.5449
0.01000,0.14500,0.01300,1.113196,0.394814,-0.390681,1.010578,631351.97,624,65.5449
0.01000,0.15000,0.01300,1.113196,0.394814,-0.390681,1.010578,631351.97,624,65.5449
0.07500,0.12000,0.01700,1.113139,0.483663,-0.528544,0.915086,1362580.38,624,46.4744
0.02500,0.08500,0.01300,1.113046,0.428519,-0.440456,0.972899,850058.78,624,54.4872
0.02500,0.09000,0.01300,1.113046,0.428519,-0.440456,0.972899,850058.78,624,54.4872
0.02500,0.09500,0.01300,1.113046,0.428519,-0.440456,0.972899,850058.78,624,54.4872
0.02500,0.10000,0.01300,1.113046,0.428519,-0.440456,0.972899,850058.78,624,54.4872
0.02500,0.10500,0.01300,1.113046,0.428519,-0.440456,0.972899,850058.78,624,54.4872
0.02500,0.11000,0.01300,1.113046,0.428519,-0.440456,0.972899,850058.78,624,54.4872
0.02500,0.11500,0.01300,1.113046,0.428519,-0.440456,0.972899,850058.78,624,54.4872
0.02500,0.12000,0.01300,1.113046,0.428519,-0.440456,0.972899,850058.78,624,54.4872
0.02500,0.12500,0.01300,1.113046,0.428519,-0.440456,0.972899,850058.78,624,54.4872
0.02500,0.13000,0.01300,1.113046,0.428519,-0.440456,0.972899,850058.78,624,54.4872
0.02500,0.13500,0.01300,1.113046,0.428519,-0.440456,0.972899,850058.78,624,54.4872
0.02500,0.14000,0.01300,1.113046,0.428519,-0.440456,0.972899,850058.78,624,54.4872
0.02500,0.14500,0.01300,1.113046,0.428519,-0.440456,0.972899,850058.78,624,54.4872
0.02500,0.15000,0.01300,1.113046,0.428519,-0.440456,0.972899,850058.78,624,54.4872
0.06500,0.10500,0.00400,1.113022,0.482815,-0.549509,0.878631,1352910.87,624,42.1474
0.10000,0.08500,0.01500,1.112952,0.478678,-0.524742,0.912217,1306630.71,624,45.3526
0.08000,0.12000,0.00300,1.112937,0.492852,-0.548144,0.899128,1471514.67,624,40.7051
0.09500,0.07500,0.00900,1.112878,0.475253,-0.456103,1.041985,1269424.63,624,43.7500
0.07500,0.05500,0.01600,1.112800,0.456214,-0.431599,1.057031,1079769.66,624,48.2372
0.01000,0.05500,0.01400,1.112792,0.393094,-0.390638,1.006287,621722.38,624,65.5449
0.06500,0.11000,0.00500,1.112730,0.480550,-0.553351,0.868436,1327391.58,624,42.6282
0.03000,0.05000,0.00800,1.112719,0.434869,-0.452204,0.961667,898351.75,624,51.6026
0.01000,0.02500,0.00700,1.112697,0.394667,-0.390719,1.010106,630524.98,624,66.5064
0.07000,0.06500,0.01100,1.112648,0.463765,-0.450102,1.030354,1151630.36,624,45.9936
0.07500,0.13500,0.01600,1.112616,0.483946,-0.526648,0.918919,1365824.25,624,45.6731
0.01000,0.04500,0.01700,1.112578,0.392382,-0.410145,0.956691,617774.72,624,66.1859
0.09500,0.11500,0.00600,1.112550,0.490749,-0.553137,0.887211,1445899.77,624,41.5064
0.09500,0.10000,0.00600,1.112527,0.487704,-0.552232,0.883151,1409541.38,624,41.8269
0.06000,0.05000,0.00400,1.112412,0.455733,-0.417553,1.091438,1075336.63,624,45.8333
0.06500,0.08500,0.01800,1.112411,0.471337,-0.530454,0.888552,1228077.90,624,47.4359
0.01000,0.05000,0.01500,1.112294,0.393161,-0.390679,1.006353,622093.19,624,65.8654
0.01000,0.03500,0.01600,1.112282,0.391774,-0.417595,0.938168,614422.79,624,66.1859
0.09500,0.09500,0.00600,1.112281,0.485655,-0.552230,0.879443,1385538.50,624,41.9872
0.06000,0.02500,0.00600,1.112264,0.435055,-0.461690,0.942310,899804.01,624,51.4423
0.07000,0.06000,0.00700,1.112211,0.462287,-0.452797,1.020958,1137229.64,624,45.3526
0.07500,0.13000,0.01600,1.112175,0.483500,-0.526650,0.918068,1360716.30,624,45.6731
0.08000,0.12000,0.00500,1.112162,0.489225,-0.550872,0.888092,1427595.77,624,41.6667
0.08000,0.08500,0.01700,1.112158,0.476988,-0.528532,0.902476,1288147.61,624,46.9551
0.09000,0.08500,0.01700,1.112142,0.480747,-0.528543,0.909570,1329586.02,624,46.7949
0.09500,0.07500,0.01100,1.112142,0.474002,-0.457047,1.037096,1256081.49,624,44.3910
0.01000,0.06500,0.00200,1.112125,0.413989,-0.518866,0.797873,748412.26,624,66.3462
0.04500,0.05000,0.00900,1.111909,0.441367,-0.439295,1.004715,950360.57,624,48.3974
0.07500,0.08500,0.01200,1.111829,0.475368,-0.518893,0.916118,1270655.49,624,43.9103
0.03500,0.05000,0.01200,1.111741,0.432077,-0.449483,0.961275,876815.87,624,50.4808
0.08000,0.12500,0.00300,1.111685,0.492200,-0.548148,0.897932,1463529.00,624,40.7051
0.01000,0.03000,0.01600,1.111632,0.390260,-0.423116,0.922347,606148.16,624,66.6667
0.08000,0.05000,0.00400,1.111631,0.459860,-0.432337,1.063661,1113938.75,624,45.0321
0.02000,0.06500,0.02000,1.111604,0.413111,-0.465001,0.888411,742643.97,624,59.9359
0.01000,0.06000,0.01300,1.111573,0.393977,-0.390681,1.008436,626650.14,624,65.5449
0.04000,0.04500,0.00500,1.111540,0.435662,-0.435003,1.001517,904556.04,624,49.1987
0.01000,0.05000,0.01200,1.111512,0.395088,-0.390771,1.011048,632900.12,624,65.2244
0.06500,0.09500,0.01600,1.111472,0.473220,-0.526649,0.898550,1247809.01,624,46.6346
0.02500,0.05000,0.00700,1.111382,0.431359,-0.448739,0.961268,871351.45,624,53.8462
0.04000,0.05000,0.01800,1.111359,0.435326,-0.433980,1.003102,901919.97,624,51.9231
0.06500,0.15000,0.02000,1.111325,0.478424,-0.534272,0.895469,1303842.95,624,48.0769
0.07500,0.12000,0.01600,1.111312,0.482483,-0.526643,0.916149,1349140.35,624,45.6731
0.07500,0.12500,0.01200,1.111300,0.481351,-0.518891,0.927654,1336367.62,624,43.2692
0.09500,0.06500,0.01800,1.111263,0.468633,-0.440307,1.064333,1200262.76,624,48.0769
0.01000,0.06500,0.00400,1.111237,0.408521,-0.451436,0.904938,713147.69,624,65.5449
0.07500,0.12500,0.01700,1.111230,0.482509,-0.528559,0.912877,1349434.55,624,46.4744
0.04500,0.04500,0.00100,1.111197,0.441460,-0.442393,0.997891,951125.20,624,48.0769
0.04000,0.03500,0.00700,1.111155,0.426627,-0.444945,0.958832,836141.84,624,52.2436
0.05000,0.05000,0.00900,1.111091,0.441775,-0.433978,1.017967,953722.51,624,48.0769
0.09000,0.11000,0.00600,1.111083,0.487716,-0.553129,0.881741,1409684.37,624,41.6667
0.08000,0.12500,0.00500,1.111002,0.488642,-0.550856,0.887060,1420650.89,624,41.6667
0.02000,0.07500,0.02000,1.110986,0.412869,-0.465001,0.887889,741058.12,624,59.9359
0.01000,0.05000,0.00800,1.110982,0.400585,-0.425381,0.941708,664675.20,624,65.5449
0.02000,0.05000,0.01700,1.110778,0.411069,-0.409202,1.004563,729384.53,624,59.4551
0.06500,0.14500,0.02000,1.110732,0.477897,-0.534286,0.894458,1298057.02,624,48.0769
0.02500,0.08000,0.01900,1.110711,0.425577,-0.439733,0.967807,828507.98,624,56.2500
0.06500,0.09500,0.00400,1.110621,0.480180,-0.549523,0.873812,1323265.94,624,42.3077
0.07500,0.15000,0.00300,1.110538,0.491194,-0.548144,0.896105,1451288.21,624,40.7051
0.05500,0.04500,0.00300,1.110514,0.447430,-0.437843,1.021896,1001380.43,624,47.1154
0.02500,0.08500,0.01400,1.110512,0.425898,-0.442147,0.963249,830832.87,624,54.8077
0.02500,0.09000,0.01400,1.110512,0.425898,-0.442147,0.963249,830832.87,624,54.8077
0.02500,0.09500,0.01400,1.110512,0.425898,-0.442147,0.963249,830832.87,624,54.8077
0.02500,0.10000,0.01400,1.110512,0.425898,-0.442147,0.963249,830832.87,624,54.8077
0.02500,0.10500,0.01400,1.110512,0.425898,-0.442147,0.963249,830832.87,624,54.8077
0.02500,0.11000,0.01400,1.110512,0.425898,-0.442147,0.963249,830832.87,624,54.8077
0.02500,0.11500,0.01400,1.110512,0.425898,-0.442147,0.963249,830832.87,624,54.8077
0.02500,0.12000,0.01400,1.110512,0.425898,-0.442147,0.963249,830832.87,624,54.8077
0.02500,0.12500,0.01400,1.110512,0.425898,-0.442147,0.963249,830832.87,624,54.8077
0.02500,0.13000,0.01400,1.110512,0.425898,-0.442147,0.963249,830832.87,624,54.8077
0.02500,0.13500,0.01400,1.110512,0.425898,-0.442147,0.963249,830832.87,624,54.8077
0.02500,0.14000,0.01400,1.110512,0.425898,-0.442147,0.963249,830832.87,624,54.8077
0.02500,0.14500,0.01400,1.110512,0.425898,-0.442147,0.963249,830832.87,624,54.8077
0.02500,0.15000,0.01400,1.110512,0.425898,-0.442147,0.963249,830832.87,624,54.8077
0.02000,0.06000,0.01300,1.110451,0.412226,-0.425558,0.968673,736870.45,624,57.6923
0.06500,0.15000,0.01300,1.110448,0.474656,-0.520817,0.911367,1263038.52,624,44.8718
0.02000,0.08500,0.02000,1.110351,0.412532,-0.465001,0.887165,738862.30,624,59.9359
0.02000,0.09000,0.02000,1.110351,0.412532,-0.465001,0.887165,738862.30,624,59.9359
0.02000,0.09500,0.02000,1.110351,0.412532,-0.465001,0.887165,738862.30,624,59.9359
0.02000,0.10000,0.02000,1.110351,0.412532,-0.465001,0.887165,738862.30,624,59.9359
0.02000,0.10500,0.02000,1.110351,0.412532,-0.465001,0.887165,738862.30,624,59.9359
0.02000,0.11000,0.02000,1.110351,0.412532,-0.465001,0.887165,738862.30,624,59.9359
0.02000,0.11500,0.02000,1.110351,0.412532,-0.465001,0.887165,738862.30,624,59.9359
0.02000,0.12000,0.02000,1.110351,0.412532,-0.465001,0.887165,738862.30,624,59.9359
0.02000,0.12500,0.02000,1.110351,0.412532,-0.465001,0.887165,738862.30,624,59.9359
0.02000,0.13000,0.02000,1.110351,0.412532,-0.465001,0.887165,738862.30,624,59.9359
0.02000,0.13500,0.02000,1.110351,0.412532,-0.465001,0.887165,738862.30,624,59.9359
0.02000,0.14000,0.02000,1.110351,0.412532,-0.465001,0.887165,738862.30,624,59.9359
0.02000,0.14500,0.02000,1.110351,0.412532,-0.465001,0.887165,738862.30,624,59.9359
0.02000,0.15000,0.02000,1.110351,0.412532,-0.465001,0.887165,738862.30,624,59.9359
0.08000,0.05500,0.00800,1.110271,0.458556,-0.461829,0.992914,1101609.76,624,45.5128
0.09000,0.06500,0.00900,1.110165,0.470068,-0.456120,1.030580,1214956.64,624,44.7115
0.06500,0.14000,0.02000,1.110161,0.477389,-0.534280,0.893518,1292516.01,624,48.0769
0.02000,0.05000,0.00200,1.110155,0.426202,-0.444183,0.959519,833045.40,624,56.2500
0.03000,0.04500,0.00300,1.110026,0.435610,-0.435526,1.000194,904146.60,624,50.8013
0.06500,0.11000,0.01500,1.109983,0.472535,-0.524742,0.900511,1240601.43,624,45.8333
0.06500,0.14500,0.01300,1.109849,0.474125,-0.520830,0.910326,1257383.66,624,44.8718
0.09000,0.08500,0.01600,1.109799,0.479271,-0.526655,0.910030,1313177.85,624,45.9936
0.10000,0.08500,0.00500,1.109797,0.483497,-0.550864,0.877706,1360680.75,624,41.9872
0.07000,0.05500,0.02000,1.109776,0.453642,-0.436031,1.040388,1056251.32,624,50.0000
0.07500,0.14500,0.00400,1.109711,0.489385,-0.549525,0.890559,1429502.92,624,41.1859
0.07500,0.15000,0.00500,1.109688,0.487525,-0.551810,0.883502,1407426.05,624,41.6667
0.08000,0.08500,0.01600,1.109669,0.475432,-0.526648,0.902751,1271349.43,624,46.1538
0.06500,0.03500,0.00600,1.109630,0.443855,-0.486751,0.911873,971006.43,624,49.1987
0.06500,0.13500,0.02000,1.109539,0.476857,-0.534294,0.892500,1286730.14,624,48.0769
0.07500,0.12500,0.01600,1.109462,0.481369,-0.526634,0.914049,1336566.41,624,45.6731
0.01000,0.06500,0.00500,1.109391,0.404243,-0.458259,0.882128,686626.85,624,65.5449
0.09500,0.07500,0.00100,1.109372,0.478916,-0.445966,1.073884,1309251.10,624,41.0256
0.04500,0.04500,0.00500,1.109367,0.434917,-0.435101,0.999578,898726.15,624,48.8782
0.01000,0.07000,0.00900,1.109358,0.398479,-0.425970,0.935463,652331.62,624,65.0641
0.06500,0.15000,0.00800,1.109358,0.478545,-0.554938,0.862340,1305164.17,624,43.5897
0.06500,0.10000,0.01700,1.109281,0.472657,-0.528532,0.894282,1241878.33,624,47.2756
0.06500,0.14000,0.01300,1.109266,0.473614,-0.520809,0.909381,1251964.12,624,44.8718
0.02500,0.07500,0.01900,1.109229,0.425166,-0.439733,0.966873,825539.06,624,56.2500
0.06000,0.03000,0.00600,1.109066,0.435519,-0.459098,0.948642,903434.62,624,50.1603
0.03000,0.05000,0.01700,1.108995,0.427624,-0.409171,1.045099,843448.64,624,54.4872
0.01500,0.07000,0.00700,1.108953,0.414244,-0.421138,0.983630,750091.16,624,60.4167
0.08000,0.11000,0.01200,1.108935,0.480081,-0.518886,0.925214,1322159.66,624,43.2692
0.06500,0.11000,0.00300,1.108865,0.481210,-0.548162,0.877860,1334777.49,624,41.6667
0.06500,0.14500,0.00800,1.108767,0.478014,-0.554930,0.861395,1299345.22,624,43.5897
0.06500,0.13000,0.02000,1.108759,0.476205,-0.534284,0.891294,1279664.28,624,48.0769
0.06500,0.13500,0.01300,1.108660,0.473093,-0.520826,0.908352,1246470.93,624,44.8718
0.07500,0.14000,0.00400,1.108491,0.488339,-0.549523,0.888661,1417055.40,624,41.1859
0.06500,0.08500,0.01300,1.108478,0.468645,-0.520836,0.899794,1200381.07,624,45.3526
0.02000,0.06000,0.01100,1.108359,0.416416,-0.450187,0.924984,764573.30,624,57.8526
0.02500,0.09000,0.01900,1.108261,0.424190,-0.439733,0.964653,818520.97,624,56.2500
0.06500,0.08500,0.00500,1.108201,0.474477,-0.553338,0.857481,1261131.11,624,43.1090
0.06500,0.14000,0.00800,1.108171,0.477493,-0.554940,0.860440,1293643.31,624,43.5897
0.01000,0.07500,0.00400,1.108140,0.406914,-0.451436,0.901377,703074.76,624,65.5449
0.01000,0.08000,0.00400,1.108140,0.406914,-0.451436,0.901377,703074.76,624,65.5449
0.01000,0.08500,0.00400,1.108140,0.406914,-0.451436,0.901377,703074.76,624,65.5449
0.01000,0.09000,0.00400,1.108140,0.406914,-0.451436,0.901377,703074.76,624,65.5449
0.01000,0.09500,0.00400,1.108140,0.406914,-0.451436,0.901377,703074.76,624,65.5449
0.01000,0.10000,0.00400,1.108140,0.406914,-0.451436,0.901377,703074.76,624,65.5449
0.01000,0.10500,0.00400,1.108140,0.406914,-0.451436,0.901377,703074.76,624,65.5449
0.01000,0.11000,0.00400,1.108140,0.406914,-0.451436,0.901377,703074.76,624,65.5449
0.01000,0.11500,0.00400,1.108140,0.406914,-0.451436,0.901377,703074.76,624,65.5449
0.01000,0.12000,0.00400,1.108140,0.406914,-0.451436,0.901377,703074.76,624,65.5449
0.01000,0.12500,0.00400,1.108140,0.406914,-0.451436,0.901377,703074.76,624,65.5449
0.01000,0.13000,0.00400,1.108140,0.406914,-0.451436,0.901377,703074.76,624,65.5449
0.01000,0.13500,0.00400,1.108140,0.406914,-0.451436,0.901377,703074.76,624,65.5449
0.01000,0.14000,0.00400,1.108140,0.406914,-0.451436,0.901377,703074.76,624,65.5449
0.01000,0.14500,0.00400,1.108140,0.406914,-0.451436,0.901377,703074.76,624,65.5449
0.01000,0.15000,0.00400,1.108140,0.406914,-0.451436,0.901377,703074.76,624,65.5449
0.08000,0.11000,0.01700,1.108077,0.480935,-0.528556,0.909904,1331693.89,624,46.4744
0.07500,0.05500,0.00700,1.108055,0.458707,-0.458029,1.001481,1103025.99,624,45.5128
0.06500,0.13000,0.01300,1.107842,0.472420,-0.520840,0.907036,1239394.88,624,44.8718
0.07500,0.11500,0.01200,1.107820,0.478587,-0.518897,0.922317,1305633.63,624,43.2692
0.07000,0.15000,0.01200,1.107748,0.475486,-0.518905,0.916327,1271931.00,624,43.5897
0.07500,0.11500,0.01700,1.107708,0.479713,-0.528566,0.907573,1318065.34,624,46.4744
0.06500,0.13500,0.00800,1.107585,0.476984,-0.554933,0.859536,1288111.40,624,43.5897
0.09000,0.06500,0.01100,1.107563,0.467458,-0.450126,1.038505,1188355.03,624,45.3526
0.09500,0.08500,0.01200,1.107521,0.474889,-0.518886,0.915208,1265525.90,624,43.5897
0.02000,0.06000,0.01900,1.107496,0.409638,-0.455903,0.898520,720220.43,624,59.2949
0.06500,0.12500,0.02000,1.107481,0.475174,-0.534285,0.889364,1268574.25,624,48.0769
0.08500,0.06000,0.01200,1.107400,0.456429,-0.436321,1.046086,1081759.79,624,45.6731
0.02500,0.08500,0.01900,1.107323,0.423657,-0.439733,0.963441,814713.69,624,56.2500
0.04500,0.05000,0.02000,1.107308,0.437142,-0.436168,1.002233,916241.78,624,52.4038
0.07500,0.13500,0.00400,1.107269,0.487302,-0.549533,0.886757,1404804.15,624,41.1859
0.08000,0.06000,0.01700,1.107258,0.456812,-0.441737,1.034126,1085308.91,624,48.8782
0.07000,0.14500,0.01200,1.107167,0.474966,-0.518900,0.915331,1266348.05,624,43.5897
0.01000,0.06500,0.00900,1.107162,0.397288,-0.425970,0.932666,645443.97,624,65.0641
0.08000,0.11500,0.00300,1.106997,0.488388,-0.548156,0.890965,1417627.49,624,40.7051
0.08000,0.06000,0.00700,1.106991,0.461898,-0.452785,1.020127,1133464.25,624,45.0321
0.07500,0.06000,0.00300,1.106922,0.464884,-0.455893,1.019720,1162641.35,624,43.5897
0.07500,0.13000,0.00400,1.106849,0.486870,-0.549519,0.885994,1399728.60,624,41.1859
0.01000,0.07500,0.00200,1.106832,0.411128,-0.518866,0.792358,729761.57,624,66.3462
0.01000,0.08000,0.00200,1.106832,0.411128,-0.518866,0.792358,729761.57,624,66.3462
0.01000,0.08500,0.00200,1.106832,0.411128,-0.518866,0.792358,729761.57,624,66.3462
0.01000,0.09000,0.00200,1.106832,0.411128,-0.518866,0.792358,729761.57,624,66.3462
0.01000,0.09500,0.00200,1.106832,0.411128,-0.518866,0.792358,729761.57,624,66.3462
0.01000,0.10000,0.00200,1.106832,0.411128,-0.518866,0.792358,729761.57,624,66.3462
0.01000,0.10500,0.00200,1.106832,0.411128,-0.518866,0.792358,729761.57,624,66.3462
0.01000,0.11000,0.00200,1.106832,0.411128,-0.518866,0.792358,729761.57,624,66.3462
0.01000,0.11500,0.00200,1.106832,0.411128,-0.518866,0.792358,729761.57,624,66.3462
0.01000,0.12000,0.00200,1.106832,0.411128,-0.518866,0.792358,729761.57,624,66.3462
0.01000,0.12500,0.00200,1.106832,0.411128,-0.518866,0.792358,729761.57,624,66.3462
0.01000,0.13000,0.00200,1.106832,0.411128,-0.518866,0.792358,729761.57,624,66.3462
0.01000,0.13500,0.00200,1.106832,0.411128,-0.518866,0.792358,729761.57,624,66.3462
0.01000,0.14000,0.00200,1.106832,0.411128,-0.518866,0.792358,729761.57,624,66.3462
0.01000,0.14500,0.00200,1.106832,0.411128,-0.518866,0.792358,729761.57,624,66.3462
0.01000,0.15000,0.00200,1.106832,0.411128,-0.518866,0.792358,729761.57,624,66.3462
0.06500,0.13000,0.00800,1.106795,0.476323,-0.554933,0.858343,1280946.72,624,43.5897
0.06500,0.10000,0.01600,1.106752,0.471094,-0.526641,0.894526,1225555.49,624,46.4744
0.02500,0.05500,0.01300,1.106747,0.423031,-0.440456,0.960440,810261.90,624,54.8077
0.01000,0.05000,0.01400,1.106679,0.389779,-0.390825,0.997324,603539.87,624,65.5449
0.06500,0.08000,0.02000,1.106674,0.469273,-0.534299,0.878297,1206797.63,624,48.5577
0.07000,0.14000,0.01200,1.106577,0.474449,-0.518879,0.914373,1260832.99,624,43.5897
0.10000,0.14000,0.01200,1.106552,0.486196,-0.519855,0.935253,1391842.81,624,42.7885
0.06500,0.12500,0.01300,1.106545,0.471385,-0.520825,0.905073,1228582.52,624,44.8718
0.09000,0.14500,0.00600,1.106450,0.488069,-0.553119,0.882394,1413854.58,624,41.5064
0.01000,0.07000,0.00300,1.106317,0.408961,-0.527050,0.775943,715923.80,624,65.7051
0.10000,0.07500,0.01900,1.106284,0.468272,-0.436271,1.073352,1196589.37,624,47.1154
0.01000,0.07500,0.00500,1.106261,0.402635,-0.458259,0.878618,676894.55,624,65.5449
0.01000,0.08000,0.00500,1.106261,0.402635,-0.458259,0.878618,676894.55,624,65.5449
0.01000,0.08500,0.00500,1.106261,0.402635,-0.458259,0.878618,676894.55,624,65.5449
0.01000,0.09000,0.00500,1.106261,0.402635,-0.458259,0.878618,676894.55,624,65.5449
0.01000,0.09500,0.00500,1.106261,0.402635,-0.458259,0.878618,676894.55,624,65.5449
0.01000,0.10000,0.00500,1.106261,0.402635,-0.458259,0.878618,676894.55,624,65.5449
0.01000,0.10500,0.00500,1.106261,0.402635,-0.458259,0.878618,676894.55,624,65.5449
0.01000,0.11000,0.00500,1.106261,0.402635,-0.458259,0.878618,676894.55,624,65.5449
0.01000,0.11500,0.00500,1.106261,0.402635,-0.458259,0.878618,676894.55,624,65.5449
0.01000,0.12000,0.00500,1.106261,0.402635,-0.458259,0.878618,676894.55,624,65.5449
0.01000,0.12500,0.00500,1.106261,0.402635,-0.458259,0.878618,676894.55,624,65.5449
0.01000,0.13000,0.00500,1.106261,0.402635,-0.458259,0.878618,676894.55,624,65.5449
0.01000,0.13500,0.00500,1.106261,0.402635,-0.458259,0.878618,676894.55,624,65.5449
0.01000,0.14000,0.00500,1.106261,0.402635,-0.458259,0.878618,676894.55,624,65.5449
0.01000,0.14500,0.00500,1.106261,0.402635,-0.458259,0.878618,676894.55,624,65.5449
0.01000,0.15000,0.00500,1.106261,0.402635,-0.458259,0.878618,676894.55,624,65.5449
0.08000,0.11500,0.00500,1.106208,0.484777,-0.550870,0.880019,1375372.37,624,41.6667
0.07500,0.05000,0.00200,1.106199,0.458383,-0.426359,1.075111,1099981.35,624,44.5513
0.06500,0.12000,0.02000,1.106141,0.474110,-0.534271,0.887397,1257231.60,624,48.0769
0.08000,0.11000,0.01600,1.106114,0.479690,-0.526650,0.910833,1317817.50,624,45.6731
0.07000,0.13500,0.01200,1.105978,0.473934,-0.518893,0.913356,1255363.98,624,43.5897
0.07500,0.12000,0.00400,1.105976,0.485860,-0.549514,0.884163,1387925.02,624,41.1859
0.07500,0.11500,0.01600,1.105925,0.478570,-0.526657,0.908693,1305441.26,624,45.6731
0.04000,0.05000,0.01100,1.105820,0.435480,-0.446629,0.975037,903123.10,624,49.6795
0.02000,0.05500,0.01800,1.105751,0.409404,-0.485156,0.843860,718734.21,624,59.2949
0.07500,0.09000,0.01200,1.105703,0.472760,-0.518887,0.911103,1242958.11,624,43.7500
0.06500,0.05000,0.00200,1.105557,0.454474,-0.426408,1.065820,1063813.85,624,45.0321
0.04500,0.05000,0.01200,1.105554,0.433590,-0.449653,0.964277,888422.78,624,48.5577
0.06500,0.15000,0.01800,1.105530,0.472142,-0.530458,0.890064,1236474.72,624,46.9551
0.06500,0.12500,0.00800,1.105511,0.475288,-0.554919,0.856501,1269805.18,624,43.5897
0.08500,0.08500,0.01200,1.105451,0.472014,-0.518898,0.909646,1235141.14,624,43.7500
0.01000,0.06000,0.00200,1.105414,0.410337,-0.518866,0.790835,724684.07,624,66.3462
0.01500,0.07000,0.00800,1.105342,0.409897,-0.422941,0.969161,721874.79,624,60.4167
0.03000,0.04500,0.00100,1.105254,0.433936,-0.448211,0.968150,891098.22,624,50.4808
0.02000,0.04500,0.00800,1.105232,0.412933,-0.443542,0.930989,741478.36,624,57.3718
0.06500,0.12000,0.01300,1.105205,0.470330,-0.520848,0.903007,1217648.04,624,44.8718
0.08000,0.05500,0.01800,1.105200,0.451780,-0.445535,1.014018,1039523.46,624,48.7179
0.07000,0.13000,0.01200,1.105195,0.473282,-0.518886,0.912112,1248458.20,624,43.5897
0.10000,0.14000,0.01700,1.105070,0.487258,-0.529507,0.920211,1404284.05,624,46.1538
0.09500,0.14500,0.00600,1.105034,0.488804,-0.553128,0.883709,1422573.65,624,41.3462
0.08000,0.11000,0.00400,1.104976,0.485605,-0.549508,0.883709,1384966.40,624,41.1859
0.10000,0.08500,0.00300,1.104949,0.485571,-0.548131,0.885866,1384566.94,624,40.8654
0.06500,0.14500,0.01800,1.104907,0.471597,-0.530481,0.888999,1230789.25,624,46.9551
0.06000,0.03000,0.01600,1.104803,0.429693,-0.446388,0.962602,858805.91,624,54.0064
0.06500,0.11500,0.02000,1.104760,0.473036,-0.534305,0.885328,1245860.98,624,48.0769
0.05000,0.05000,0.02000,1.104720,0.436609,-0.436228,1.000873,912014.10,624,52.0833
0.05000,0.02500,0.01600,1.104649,0.419048,-0.451457,0.928214,782460.45,624,56.4103
0.02500,0.06500,0.01900,1.104614,0.422109,-0.439733,0.959919,803743.04,624,56.2500
0.07500,0.05000,0.00300,1.104597,0.456444,-0.426892,1.069227,1081900.83,624,44.7115
0.04500,0.04500,0.00700,1.104478,0.432022,-0.443258,0.974651,876392.30,624,49.5192
0.10000,0.08500,0.00400,1.104368,0.482260,-0.549520,0.877602,1346612.53,624,41.3462
0.08000,0.14000,0.01500,1.104359,0.479730,-0.524740,0.914224,1318261.93,624,45.0321
0.06500,0.14000,0.01800,1.104350,0.471103,-0.530446,0.888127,1225654.96,624,46.9551
0.06000,0.05000,0.00500,1.104317,0.448237,-0.420373,1.066283,1008356.99,624,46.1538
0.06500,0.08500,0.00800,1.104234,0.470676,-0.554935,0.848164,1221226.66,624,44.0705
0.08000,0.06000,0.01600,1.104229,0.455093,-0.440649,1.032780,1069466.23,624,48.0769
0.06500,0.10000,0.00400,1.104208,0.476735,-0.549503,0.867576,1285405.53,624,42.1474
0.02000,0.05000,0.00900,1.104183,0.412382,-0.437827,0.941883,737879.60,624,57.2115
0.06500,0.12000,0.00800,1.104157,0.474215,-0.554932,0.854547,1258345.97,624,43.5897
0.07500,0.06000,0.00400,1.104155,0.462260,-0.460773,1.003229,1136969.42,624,44.0705
0.07500,0.12500,0.00400,1.104147,0.484729,-0.549521,0.882094,1374827.27,624,41.1859
0.08000,0.09500,0.01200,1.104073,0.474335,-0.518901,0.914115,1259624.25,624,43.5897
0.07000,0.06000,0.01700,1.103972,0.451740,-0.432782,1.043803,1039165.10,624,49.0385
0.07000,0.12500,0.01200,1.103893,0.472240,-0.518883,0.910109,1237507.97,624,43.5897
0.06500,0.11500,0.01300,1.103846,0.469276,-0.520837,0.901004,1206824.45,624,44.8718
0.06500,0.10500,0.00500,1.103765,0.474442,-0.553346,0.857405,1260759.96,624,42.6282
0.06500,0.13500,0.01800,1.103740,0.470583,-0.530464,0.887115,1220266.86,624,46.9551
0.08500,0.06500,0.00100,1.103731,0.468985,-0.441727,1.061707,1203848.17,624,42.1474
0.05500,0.03500,0.01400,1.103718,0.424578,-0.448069,0.947574,821306.07,624,52.2436
0.10000,0.14000,0.01600,1.103674,0.486345,-0.527600,0.921807,1393586.72,624,45.3526
0.05000,0.03500,0.00400,1.103645,0.433512,-0.432766,1.001723,887820.54,624,49.8397
0.03000,0.04500,0.00500,1.103583,0.427539,-0.443746,0.963478,842822.74,624,51.4423
0.10000,0.08500,0.00800,1.103515,0.477979,-0.554946,0.861307,1298953.45,624,42.9487
0.01000,0.04500,0.01500,1.103506,0.388571,-0.393931,0.986394,597037.99,624,65.8654
0.01000,0.05500,0.01300,1.103466,0.390277,-0.390689,0.998943,606238.76,624,65.5449
0.10000,0.08500,0.02000,1.103460,0.478812,-0.534289,0.896168,1308111.30,624,47.5962
0.07000,0.06000,0.00800,1.103438,0.455288,-0.456624,0.997076,1071253.67,624,45.5128
0.01000,0.06000,0.00400,1.103431,0.404332,-0.451436,0.895657,687167.96,624,65.5449
0.07500,0.08500,0.01700,1.103400,0.470939,-0.528535,0.891027,1223949.46,624,46.9551
0.02500,0.04500,0.00500,1.103393,0.424052,-0.451417,0.939381,817535.34,624,53.5256
0.08500,0.06000,0.00200,1.103354,0.463896,-0.461645,1.004875,1152916.75,624,43.2692
0.08500,0.14500,0.00600,1.103285,0.484631,-0.552223,0.877600,1373691.08,624,41.6667
0.01000,0.05000,0.00700,1.103228,0.399109,-0.424764,0.939602,655999.47,624,65.5449
0.08000,0.09000,0.01700,1.103106,0.473051,-0.528533,0.895027,1246023.02,624,46.7949
0.02000,0.04500,0.00700,1.103104,0.413564,-0.440349,0.939173,745614.87,624,57.2115
0.07500,0.09500,0.01200,1.103063,0.472815,-0.518889,0.911207,1243541.99,624,43.5897
0.01000,0.02500,0.01700,1.103032,0.382054,-0.442945,0.862532,563057.28,624,67.3077
0.02500,0.05500,0.01100,1.103027,0.424431,-0.466764,0.909304,820244.50,624,54.4872
0.02500,0.06000,0.01900,1.103016,0.420131,-0.437533,0.960228,789930.66,624,56.4103
0.08000,0.05000,0.00500,1.102935,0.451971,-0.433442,1.042746,1041224.28,624,45.3526
0.06500,0.13000,0.01800,1.102935,0.469920,-0.530471,0.885854,1213427.24,624,46.9551
0.05000,0.05000,0.01200,1.102899,0.433008,-0.444496,0.974156,883940.32,624,48.2372
0.07000,0.08500,0.01200,1.102836,0.467512,-0.518893,0.900981,1188902.23,624,44.0705
0.06500,0.11500,0.00800,1.102809,0.473159,-0.554934,0.852640,1247165.30,624,43.5897
0.02500,0.05500,0.01400,1.102806,0.419517,-0.442147,0.948817,785685.52,624,55.1282
0.03000,0.04500,0.00700,1.102796,0.426261,-0.451773,0.943529,833470.33,624,52.0833
0.05000,0.03500,0.00300,1.102674,0.434318,-0.492912,0.881127,894057.68,624,49.3590
0.08500,0.10000,0.00600,1.102591,0.479866,-0.552213,0.868988,1319768.76,624,41.9872
0.07000,0.12000,0.01200,1.102541,0.471173,-0.518886,0.908048,1226380.90,624,43.5897
0.10000,0.06500,0.00900,1.102487,0.465962,-0.456113,1.021593,1173344.55,624,44.5513
0.08000,0.13500,0.01500,1.102461,0.478152,-0.524740,0.911217,1300849.31,624,45.0321
0.02500,0.03500,0.01700,1.102379,0.406172,-0.434651,0.934478,698469.18,624,58.4936
0.04500,0.03500,0.00200,1.102340,0.432550,-0.491309,0.880404,880430.44,624,50.1603
0.01500,0.07000,0.01600,1.102264,0.402303,-0.408820,0.984058,674902.58,624,62.0192
0.05500,0.05000,0.00700,1.102128,0.443036,-0.427972,1.035198,964160.58,624,47.5962
0.06500,0.05000,0.00300,1.102069,0.451318,-0.426796,1.057457,1035410.27,624,45.1923
0.08000,0.15000,0.01200,1.102068,0.479065,-0.518902,0.923228,1310898.64,624,43.1090
0.06500,0.15000,0.00700,1.102065,0.475414,-0.553578,0.858802,1271153.52,624,43.2692
0.10000,0.13500,0.01700,1.102065,0.484932,-0.529489,0.915850,1377167.98,624,46.1538
0.09500,0.08500,0.01700,1.102016,0.474853,-0.528548,0.898411,1265143.52,624,46.7949
0.04000,0.05000,0.01400,1.102004,0.428934,-0.435636,0.984616,853140.41,624,50.3205
0.01000,0.06500,0.00300,1.101977,0.406553,-0.527050,0.771375,700832.87,624,65.7051
0.01000,0.07500,0.00900,1.101804,0.394521,-0.425970,0.926171,629700.92,624,65.0641
0.01000,0.08000,0.00900,1.101804,0.394521,-0.425970,0.926171,629700.92,624,65.0641
0.01000,0.08500,0.00900,1.101804,0.394521,-0.425970,0.926171,629700.92,624,65.0641
0.01000,0.09000,0.00900,1.101804,0.394521,-0.425970,0.926171,629700.92,624,65.0641
0.01000,0.09500,0.00900,1.101804,0.394521,-0.425970,0.926171,629700.92,624,65.0641
0.01000,0.10000,0.00900,1.101804,0.394521,-0.425970,0.926171,629700.92,624,65.0641
0.01000,0.10500,0.00900,1.101804,0.394521,-0.425970,0.926171,629700.92,624,65.0641
0.01000,0.11000,0.00900,1.101804,0.394521,-0.425970,0.926171,629700.92,624,65.0641
0.01000,0.11500,0.00900,1.101804,0.394521,-0.425970,0.926171,629700.92,624,65.0641
0.01000,0.12000,0.00900,1.101804,0.394521,-0.425970,0.926171,629700.92,624,65.0641
0.01000,0.12500,0.00900,1.101804,0.394521,-0.425970,0.926171,629700.92,624,65.0641
0.01000,0.13000,0.00900,1.101804,0.394521,-0.425970,0.926171,629700.92,624,65.0641
0.01000,0.13500,0.00900,1.101804,0.394521,-0.425970,0.926171,629700.92,624,65.0641
0.01000,0.14000,0.00900,1.101804,0.394521,-0.425970,0.926171,629700.92,624,65.0641
0.01000,0.14500,0.00900,1.101804,0.394521,-0.425970,0.926171,629700.92,624,65.0641
0.01000,0.15000,0.00900,1.101804,0.394521,-0.425970,0.926171,629700.92,624,65.0641
0.01500,0.08000,0.00700,1.101800,0.410046,-0.421138,0.973662,722821.76,624,60.4167
0.01500,0.08500,0.00700,1.101800,0.410046,-0.421138,0.973662,722821.76,624,60.4167
0.01500,0.09000,0.00700,1.101800,0.410046,-0.421138,0.973662,722821.76,624,60.4167
0.01500,0.09500,0.00700,1.101800,0.410046,-0.421138,0.973662,722821.76,624,60.4167
0.01500,0.10000,0.00700,1.101800,0.410046,-0.421138,0.973662,722821.76,624,60.4167
0.01500,0.10500,0.00700,1.101800,0.410046,-0.421138,0.973662,722821.76,624,60.4167
0.01500,0.11000,0.00700,1.101800,0.410046,-0.421138,0.973662,722821.76,624,60.4167
0.01500,0.11500,0.00700,1.101800,0.410046,-0.421138,0.973662,722821.76,624,60.4167
0.01500,0.12000,0.00700,1.101800,0.410046,-0.421138,0.973662,722821.76,624,60.4167
0.01500,0.12500,0.00700,1.101800,0.410046,-0.421138,0.973662,722821.76,624,60.4167
0.01500,0.13000,0.00700,1.101800,0.410046,-0.421138,0.973662,722821.76,624,60.4167
0.01500,0.13500,0.00700,1.101800,0.410046,-0.421138,0.973662,722821.76,624,60.4167
0.01500,0.14000,0.00700,1.101800,0.410046,-0.421138,0.973662,722821.76,624,60.4167
0.01500,0.14500,0.00700,1.101800,0.410046,-0.421138,0.973662,722821.76,624,60.4167
0.01500,0.15000,0.00700,1.101800,0.410046,-0.421138,0.973662,722821.76,624,60.4167
0.06500,0.09000,0.00500,1.101769,0.471239,-0.553334,0.851637,1227067.99,624,42.9487
0.06500,0.12500,0.01800,1.101641,0.468890,-0.530468,0.883918,1202878.65,624,46.9551
0.05500,0.02500,0.00600,1.101517,0.425582,-0.461758,0.921657,828544.05,624,51.9231
0.06500,0.14500,0.00700,1.101475,0.474887,-0.553567,0.857868,1265513.43,624,43.2692
0.01000,0.06000,0.00500,1.101475,0.400041,-0.458259,0.872957,661464.40,624,65.5449
0.01000,0.04000,0.01700,1.101467,0.386434,-0.421131,0.917611,585694.98,624,66.1859
0.05500,0.03000,0.01600,1.101399,0.423219,-0.446459,0.947946,811593.95,624,54.6474
0.08000,0.13000,0.01500,1.101366,0.477184,-0.524741,0.909370,1290283.24,624,45.0321
0.06500,0.09500,0.00500,1.101346,0.471827,-0.553355,0.852666,1233186.71,624,42.7885
0.05500,0.04500,0.00400,1.101319,0.440826,-0.425234,1.036669,945933.53,624,47.4359
0.06500,0.08500,0.00400,1.101304,0.472418,-0.549509,0.859710,1239372.52,624,42.4679
0.08000,0.15000,0.01700,1.101263,0.479917,-0.528553,0.907982,1320335.60,624,46.3141
0.10000,0.13500,0.01200,1.101214,0.482520,-0.519861,0.928171,1349557.94,624,42.7885
0.07000,0.11500,0.01200,1.101193,0.470122,-0.518887,0.906019,1215506.06,624,43.5897
0.06000,0.02500,0.01400,1.101133,0.423427,-0.485426,0.872279,813073.22,624,54.4872
0.01500,0.07000,0.00400,1.101132,0.414752,-0.432647,0.958637,753454.41,624,60.2564
0.01000,0.07000,0.01800,1.101006,0.387491,-0.411365,0.941964,591277.79,624,65.8654
0.10000,0.03500,0.00600,1.101005,0.445724,-0.486774,0.915668,986777.51,624,48.2372
0.02000,0.04500,0.01600,1.101005,0.406161,-0.408030,0.995419,698398.76,624,59.1346
0.07500,0.08500,0.01600,1.100980,0.469443,-0.526635,0.891401,1208531.27,624,46.1538
0.01500,0.06500,0.00700,1.100938,0.409586,-0.421138,0.972569,719888.68,624,60.4167
0.09000,0.06000,0.00200,1.100920,0.465787,-0.461642,1.008979,1171601.39,624,43.1090
0.06500,0.14000,0.00700,1.100894,0.474376,-0.553555,0.856963,1260056.43,624,43.2692
0.06500,0.10500,0.01500,1.100873,0.466444,-0.524741,0.888902,1178159.38,624,45.8333
0.08000,0.09000,0.01600,1.100824,0.471630,-0.526651,0.895527,1231135.90,624,45.9936
0.07000,0.06000,0.01600,1.100822,0.449962,-0.431703,1.042295,1023424.43,624,48.2372
0.07500,0.15000,0.01500,1.100678,0.475864,-0.524732,0.906870,1275987.52,624,45.0321
0.07500,0.14500,0.00300,1.100676,0.484156,-0.548136,0.883278,1368233.42,624,40.7051
0.07500,0.11500,0.00400,1.100672,0.481941,-0.549513,0.877032,1343003.29,624,41.1859
0.03000,0.05000,0.01000,1.100668,0.426458,-0.453462,0.940450,834907.10,624,51.9231
0.10000,0.13500,0.01600,1.100657,0.484011,-0.527614,0.917358,1366569.12,624,45.3526
0.04500,0.05000,0.01500,1.100622,0.430288,-0.436787,0.985123,863268.96,624,50.1603
0.07000,0.05500,0.01800,1.100594,0.445801,-0.433839,1.027573,987436.05,624,48.8782
0.01500,0.07500,0.00700,1.100575,0.409404,-0.421138,0.972138,718733.30,624,60.4167
0.07000,0.05500,0.00100,1.100532,0.456235,-0.461889,0.987759,1079966.37,624,43.7500
0.08500,0.06000,0.00300,1.100531,0.461083,-0.455843,1.011493,1125614.75,624,43.4295
0.07000,0.15000,0.00400,1.100424,0.478902,-0.549519,0.871492,1309096.34,624,41.5064
0.06500,0.13500,0.00700,1.100294,0.473860,-0.553579,0.855993,1254571.52,624,43.2692
0.10000,0.11000,0.00600,1.100287,0.482028,-0.553125,0.871462,1343991.18,624,41.5064
0.06500,0.12000,0.01800,1.100279,0.467821,-0.530466,0.881906,1192022.70,624,46.9551
0.08000,0.09000,0.00500,1.100257,0.475790,-0.550841,0.863752,1275195.98,624,42.1474
0.02000,0.05000,0.01500,1.100143,0.405683,-0.417287,0.972194,695451.66,624,58.6538
0.07500,0.06500,0.00900,1.100130,0.459984,-0.455011,1.010931,1115121.13,624,45.0321
0.04500,0.03500,0.01600,1.100124,0.418047,-0.431501,0.968820,775607.64,624,54.0064
0.01000,0.06000,0.00900,1.100071,0.393626,-0.425982,0.924044,624687.60,624,65.0641
0.06500,0.10500,0.00300,1.099937,0.475081,-0.548156,0.866691,1267588.69,624,41.6667
0.07000,0.14500,0.00400,1.099846,0.478380,-0.549497,0.870577,1303350.67,624,41.5064
0.03000,0.05000,0.01200,1.099832,0.422793,-0.460193,0.918730,808577.59,624,51.9231
0.08000,0.14000,0.02000,1.099772,0.480164,-0.534287,0.898701,1323082.66,624,47.2756
0.09500,0.08500,0.01600,1.099767,0.473452,-0.526647,0.898993,1250259.64,624,45.9936
0.07500,0.14500,0.00500,1.099757,0.480502,-0.551819,0.870760,1326849.85,624,41.6667
0.01000,0.04500,0.00800,1.099709,0.394664,-0.425350,0.927857,630508.35,624,65.5449
0.02500,0.04500,0.00300,1.099670,0.426505,-0.437115,0.975726,835247.36,624,52.7244
0.02000,0.05500,0.01200,1.099630,0.407389,-0.458511,0.888505,706039.43,624,57.0513
0.06500,0.08000,0.01800,1.099524,0.462256,-0.530463,0.871420,1136926.28,624,47.4359
0.06500,0.13000,0.00700,1.099503,0.473200,-0.553564,0.854825,1247595.65,624,43.2692
0.01500,0.04500,0.00600,1.099491,0.404885,-0.420004,0.964002,690546.25,624,60.2564
0.02000,0.06000,0.02000,1.099479,0.406310,-0.465001,0.873785,699327.30,624,59.9359
0.04000,0.02500,0.00600,1.099473,0.413031,-0.451180,0.915446,742117.32,624,53.5256
0.07500,0.14000,0.00300,1.099461,0.483121,-0.548169,0.881336,1356389.23,624,40.7051
0.01500,0.06500,0.00800,1.099374,0.406438,-0.422941,0.960982,700120.63,624,60.4167
0.08000,0.15000,0.01600,1.099319,0.478674,-0.526656,0.908893,1306585.47,624,45.5128
0.01000,0.04500,0.01200,1.099306,0.388728,-0.390704,0.994943,597880.36,624,65.2244
0.07000,0.14000,0.00400,1.099255,0.477860,-0.549496,0.869632,1297651.56,624,41.5064
0.08000,0.12000,0.01500,1.099218,0.475135,-0.524743,0.905462,1268161.01,624,45.0321
0.03500,0.05000,0.02000,1.099195,0.425604,-0.412831,1.030940,828702.15,624,54.0064
0.02500,0.04500,0.00800,1.099140,0.418998,-0.455092,0.920690,782117.99,624,54.1667
0.08000,0.05500,0.01500,1.099124,0.447167,-0.442098,1.011466,999120.86,624,47.5962
0.08000,0.06500,0.00100,1.099094,0.464540,-0.441693,1.051725,1159247.86,624,42.3077
0.09000,0.06000,0.01200,1.098952,0.452115,-0.436276,1.036304,1042512.93,624,45.5128
0.06500,0.11500,0.01800,1.098916,0.466765,-0.530464,0.879919,1181383.20,624,46.9551
0.01000,0.07500,0.00300,1.098901,0.404934,-0.527050,0.768303,690850.81,624,65.7051
0.01000,0.08000,0.00300,1.098901,0.404934,-0.527050,0.768303,690850.81,624,65.7051
0.01000,0.08500,0.00300,1.098901,0.404934,-0.527050,0.768303,690850.81,624,65.7051
0.01000,0.09000,0.00300,1.098901,0.404934,-0.527050,0.768303,690850.81,624,65.7051
0.01000,0.09500,0.00300,1.098901,0.404934,-0.527050,0.768303,690850.81,624,65.7051
0.01000,0.10000,0.00300,1.098901,0.404934,-0.527050,0.768303,690850.81,624,65.7051
0.01000,0.10500,0.00300,1.098901,0.404934,-0.527050,0.768303,690850.81,624,65.7051
0.01000,0.11000,0.00300,1.098901,0.404934,-0.527050,0.768303,690850.81,624,65.7051
0.01000,0.11500,0.00300,1.098901,0.404934,-0.527050,0.768303,690850.81,624,65.7051
0.01000,0.12000,0.00300,1.098901,0.404934,-0.527050,0.768303,690850.81,624,65.7051
0.01000,0.12500,0.00300,1.098901,0.404934,-0.527050,0.768303,690850.81,624,65.7051
0.01000,0.13000,0.00300,1.098901,0.404934,-0.527050,0.768303,690850.81,624,65.7051
0.01000,0.13500,0.00300,1.098901,0.404934,-0.527050,0.768303,690850.81,624,65.7051
0.01000,0.14000,0.00300,1.098901,0.404934,-0.527050,0.768303,690850.81,624,65.7051
0.01000,0.14500,0.00300,1.098901,0.404934,-0.527050,0.768303,690850.81,624,65.7051
0.01000,0.15000,0.00300,1.098901,0.404934,-0.527050,0.768303,690850.81,624,65.7051
0.06500,0.08500,0.01400,1.098840,0.461817,-0.522769,0.883406,1132681.23,624,45.6731
0.01000,0.06500,0.01800,1.098734,0.386297,-0.411365,0.939061,584969.47,624,65.8654
0.09500,0.07500,0.01900,1.098723,0.463440,-0.436271,1.062277,1148448.84,624,47.1154
0.10000,0.08500,0.00700,1.098682,0.476373,-0.553570,0.860547,1281487.73,624,42.6282
0.02000,0.04500,0.00500,1.098677,0.412562,-0.436452,0.945264,739057.51,624,56.8910
0.07000,0.13500,0.00400,1.098647,0.477335,-0.549505,0.868663,1291923.33,624,41.5064
0.07500,0.14000,0.00500,1.098544,0.479471,-0.551812,0.868904,1315390.05,624,41.6667
0.02500,0.09500,0.01900,1.098524,0.418949,-0.439733,0.952733,781775.67,624,56.2500
0.02500,0.10000,0.01900,1.098524,0.418949,-0.439733,0.952733,781775.67,624,56.2500
0.02500,0.10500,0.01900,1.098524,0.418949,-0.439733,0.952733,781775.67,624,56.2500
0.02500,0.11000,0.01900,1.098524,0.418949,-0.439733,0.952733,781775.67,624,56.2500
0.02500,0.11500,0.01900,1.098524,0.418949,-0.439733,0.952733,781775.67,624,56.2500
0.02500,0.12000,0.01900,1.098524,0.418949,-0.439733,0.952733,781775.67,624,56.2500
0.02500,0.12500,0.01900,1.098524,0.418949,-0.439733,0.952733,781775.67,624,56.2500
0.02500,0.13000,0.01900,1.098524,0.418949,-0.439733,0.952733,781775.67,624,56.2500
0.02500,0.13500,0.01900,1.098524,0.418949,-0.439733,0.952733,781775.67,624,56.2500
0.02500,0.14000,0.01900,1.098524,0.418949,-0.439733,0.952733,781775.67,624,56.2500
0.02500,0.14500,0.01900,1.098524,0.418949,-0.439733,0.952733,781775.67,624,56.2500
0.02500,0.15000,0.01900,1.098524,0.418949,-0.439733,0.952733,781775.67,624,56.2500
0.05000,0.03500,0.00500,1.098520,0.427670,-0.436153,0.980551,843787.18,624,50.0000
0.08000,0.15000,0.00400,1.098361,0.484542,-0.549506,0.881777,1372666.65,624,41.0256
0.06500,0.08500,0.00300,1.098349,0.471050,-0.548156,0.859335,1225102.20,624,41.9872
0.04000,0.02500,0.01600,1.098310,0.408739,-0.431637,0.946950,714518.99,624,57.2115
0.07500,0.06000,0.01200,1.098277,0.449769,-0.427163,1.052920,1021724.24,624,45.8333
0.10000,0.06500,0.01100,1.098241,0.462356,-0.450117,1.027191,1137901.35,624,45.1923
0.06500,0.12500,0.00700,1.098230,0.472175,-0.553564,0.852972,1236824.87,624,43.2692
0.07500,0.13500,0.00300,1.098222,0.482077,-0.548152,0.879459,1344543.22,624,40.7051
0.02000,0.05500,0.01400,1.098201,0.404942,-0.426860,0.948654,690898.08,624,58.1731
0.06500,0.09000,0.01500,1.098181,0.462620,-0.524735,0.881626,1140456.77,624,46.1538
0.01500,0.08000,0.00800,1.098113,0.405706,-0.422941,0.959250,695591.97,624,60.4167
0.01500,0.08500,0.00800,1.098113,0.405706,-0.422941,0.959250,695591.97,624,60.4167
0.01500,0.09000,0.00800,1.098113,0.405706,-0.422941,0.959250,695591.97,624,60.4167
0.01500,0.09500,0.00800,1.098113,0.405706,-0.422941,0.959250,695591.97,624,60.4167
0.01500,0.10000,0.00800,1.098113,0.405706,-0.422941,0.959250,695591.97,624,60.4167
0.01500,0.10500,0.00800,1.098113,0.405706,-0.422941,0.959250,695591.97,624,60.4167
0.01500,0.11000,0.00800,1.098113,0.405706,-0.422941,0.959250,695591.97,624,60.4167
0.01500,0.11500,0.00800,1.098113,0.405706,-0.422941,0.959250,695591.97,624,60.4167
0.01500,0.12000,0.00800,1.098113,0.405706,-0.422941,0.959250,695591.97,624,60.4167
0.01500,0.12500,0.00800,1.098113,0.405706,-0.422941,0.959250,695591.97,624,60.4167
0.01500,0.13000,0.00800,1.098113,0.405706,-0.422941,0.959250,695591.97,624,60.4167
0.01500,0.13500,0.00800,1.098113,0.405706,-0.422941,0.959250,695591.97,624,60.4167
0.01500,0.14000,0.00800,1.098113,0.405706,-0.422941,0.959250,695591.97,624,60.4167
0.01500,0.14500,0.00800,1.098113,0.405706,-0.422941,0.959250,695591.97,624,60.4167
0.01500,0.15000,0.00800,1.098113,0.405706,-0.422941,0.959250,695591.97,624,60.4167
0.08000,0.12500,0.01500,1.098036,0.474548,-0.524723,0.904377,1261887.85,624,45.0321
0.07000,0.05500,0.00900,1.097987,0.447529,-0.465678,0.961026,1002235.44,624,45.8333
0.08000,0.13500,0.02000,1.097913,0.478607,-0.534307,0.895753,1305850.69,624,47.2756
0.07000,0.13000,0.00400,1.097871,0.476681,-0.549505,0.867475,1284822.92,624,41.5064
0.08000,0.06000,0.00800,1.097823,0.454649,-0.456616,0.995692,1065406.81,624,45.1923
0.09000,0.06000,0.00300,1.097819,0.462799,-0.455848,1.015248,1142195.11,624,43.2692
0.01000,0.05500,0.00200,1.097807,0.406611,-0.510279,0.796840,701190.98,624,66.3462
0.10000,0.08500,0.01800,1.097780,0.472612,-0.530488,0.890899,1241401.80,624,46.4744
0.07500,0.06000,0.00200,1.097713,0.460077,-0.461634,0.996626,1115998.71,624,43.4295
0.07000,0.05500,0.01500,1.097712,0.443287,-0.440531,1.006257,966257.60,624,47.7564
0.06500,0.09500,0.00300,1.097710,0.472590,-0.548143,0.862166,1241176.53,624,41.8269
0.05500,0.03500,0.00800,1.097683,0.429337,-0.446003,0.962634,856144.38,624,50.3205
0.07500,0.13000,0.00300,1.097653,0.481555,-0.548154,0.878502,1338654.19,624,40.7051
0.07500,0.06500,0.01100,1.097645,0.457459,-0.450107,1.016334,1091331.55,624,45.6731
0.06500,0.11000,0.02000,1.097616,0.468181,-0.534293,0.876262,1195664.18,624,48.0769
0.08000,0.09500,0.00400,1.097583,0.478241,-0.549510,0.870305,1301830.82,624,41.5064
0.08500,0.06000,0.00400,1.097537,0.458342,-0.460739,0.994798,1099595.97,624,43.9103
0.06500,0.08000,0.00500,1.097460,0.466736,-0.553349,0.843474,1181087.43,624,43.1090
0.02500,0.05000,0.00500,1.097359,0.424398,-0.443580,0.956756,820009.31,624,53.2051
0.06000,0.03000,0.01700,1.097328,0.424899,-0.465398,0.912981,823613.16,624,54.4872
0.01000,0.05000,0.01300,1.097296,0.386924,-0.390960,0.989678,588277.14,624,65.5449
0.06500,0.08000,0.01300,1.097294,0.460672,-0.520841,0.884476,1121676.41,624,45.3526
0.10000,0.12500,0.01700,1.097294,0.480426,-0.529484,0.907346,1326000.73,624,46.1538
0.07500,0.13500,0.00500,1.097290,0.478426,-0.551833,0.866976,1303861.82,624,41.6667
0.06500,0.08500,0.00700,1.097072,0.467753,-0.553568,0.844978,1191329.54,624,43.7500
0.07500,0.11000,0.01700,1.097001,0.472209,-0.528532,0.893436,1237182.87,624,46.4744
0.07500,0.11000,0.01200,1.097000,0.471039,-0.518882,0.907798,1224991.04,624,43.2692
0.08000,0.13000,0.02000,1.096958,0.477715,-0.534296,0.894101,1296068.73,624,47.2756
0.07500,0.05500,0.01200,1.096948,0.445460,-0.426996,1.043240,984530.68,624,45.8333
0.10000,0.09000,0.01200,1.096931,0.470336,-0.518893,0.906422,1217711.13,624,43.4295
0.09000,0.06500,0.00100,1.096929,0.468293,-0.451102,1.038109,1196806.24,624,41.9872
0.02000,0.05000,0.00100,1.096901,0.420825,-0.457864,0.919106,794755.82,624,56.4103
0.03000,0.04500,0.00400,1.096899,0.426821,-0.439824,0.970437,837560.71,624,50.9615
0.01500,0.07500,0.00800,1.096883,0.405067,-0.422941,0.957739,691662.19,624,60.4167
0.06500,0.12000,0.00700,1.096864,0.471095,-0.553583,0.850993,1225569.07,624,43.2692
0.08500,0.08500,0.01700,1.096862,0.467547,-0.528552,0.884581,1189254.78,624,46.7949
0.07500,0.12000,0.00300,1.096845,0.480590,-0.548152,0.876746,1327835.40,624,40.7051
0.07500,0.13000,0.00500,1.096832,0.477976,-0.551811,0.866195,1298927.66,624,41.6667
0.03000,0.05000,0.00900,1.096800,0.424598,-0.450109,0.943322,821447.95,624,51.4423
0.04500,0.02500,0.00600,1.096783,0.415756,-0.476711,0.872133,760141.03,624,52.8846
0.08500,0.05500,0.00200,1.096716,0.457020,-0.466712,0.979233,1087238.14,624,43.5897
0.02500,0.05500,0.02000,1.096696,0.417379,-0.450146,0.927208,771071.48,624,57.3718
0.06500,0.11000,0.01300,1.096651,0.464432,-0.520830,0.891716,1158185.46,624,44.8718
0.07000,0.12500,0.00400,1.096593,0.475646,-0.549500,0.865597,1273645.30,624,41.5064
0.01500,0.06500,0.01600,1.096556,0.399024,-0.408612,0.976537,655507.06,624,62.0192
0.08000,0.10000,0.01200,1.096547,0.470947,-0.518908,0.907572,1224031.98,624,43.4295
0.05000,0.05000,0.01500,1.096511,0.428898,-0.436799,0.981912,852874.97,624,49.8397
0.06500,0.09500,0.01500,1.096452,0.462446,-0.524720,0.881320,1138772.52,624,45.9936
0.09000,0.05500,0.00200,1.096368,0.459941,-0.466721,0.985475,1114712.04,624,43.4295
0.02500,0.05000,0.00800,1.096357,0.420999,-0.452255,0.930890,795967.05,624,53.8462
0.10000,0.12500,0.01200,1.096333,0.478053,-0.519872,0.919560,1299769.76,624,42.7885
0.07000,0.08500,0.01700,1.096277,0.464245,-0.528557,0.878326,1156348.35,624,47.1154
0.07500,0.15000,0.02000,1.096211,0.476391,-0.534303,0.891612,1281674.06,624,47.2756
0.03000,0.05000,0.01500,1.096167,0.420253,-0.406796,1.033082,790778.10,624,53.3654
0.05000,0.03500,0.00700,1.096166,0.425824,-0.443522,0.960097,830299.47,624,50.8013
0.02000,0.03500,0.01600,1.096115,0.398793,-0.427379,0.933112,654157.58,624,59.9359
0.06000,0.04500,0.00200,1.096095,0.443433,-0.437223,1.014204,967475.18,624,46.1538
0.07500,0.12000,0.00500,1.096032,0.477012,-0.551808,0.864453,1288411.23,624,41.6667
0.07500,0.05000,0.00400,1.095974,0.450150,-0.417690,1.077713,1025079.12,624,45.0321
0.10000,0.12500,0.01600,1.095956,0.479551,-0.527603,0.908925,1316278.02,624,45.3526
0.10000,0.13000,0.01700,1.095872,0.480184,-0.529494,0.906874,1323311.24,624,46.1538
0.01500,0.07000,0.00300,1.095713,0.413246,-0.500063,0.826388,743527.21,624,60.2564
0.09000,0.08500,0.01500,1.095705,0.466436,-0.524744,0.888883,1178085.56,624,45.3526
0.08000,0.11000,0.00300,1.095703,0.480225,-0.548147,0.876089,1323767.83,624,40.7051
0.06500,0.11000,0.00800,1.095660,0.468289,-0.554938,0.843857,1196759.61,624,43.5897
0.04000,0.03500,0.00300,1.095657,0.423459,-0.473127,0.895021,813302.29,624,50.8013
0.02000,0.05500,0.01300,1.095575,0.404427,-0.425558,0.950345,687746.77,624,57.6923
0.02500,0.05500,0.01800,1.095554,0.416252,-0.471954,0.881975,763467.39,624,56.4103
0.06500,0.11500,0.00700,1.095500,0.470031,-0.553585,0.849068,1214575.29,624,43.2692
0.01000,0.07000,0.00100,1.095451,0.407657,-0.486202,0.838451,707714.31,624,66.6667
0.03500,0.04500,0.00800,1.095415,0.422559,-0.446748,0.945854,806916.54,624,50.8013
0.08500,0.10500,0.00600,1.095391,0.475295,-0.552226,0.860689,1269880.03,624,41.8269
0.07500,0.05500,0.02000,1.095386,0.447640,-0.436272,1.026057,1003195.15,624,49.8397
0.07000,0.04500,0.00600,1.095370,0.438599,-0.432176,1.014860,927874.67,624,46.6346
0.07000,0.12000,0.00400,1.095244,0.474569,-0.549522,0.863604,1262116.42,624,41.5064
0.02500,0.04500,0.00200,1.095214,0.425580,-0.431613,0.986021,828526.70,624,52.5641
0.07500,0.11000,0.01600,1.095200,0.471061,-0.526666,0.894421,1225215.49,624,45.6731
0.08000,0.14000,0.01800,1.095184,0.474663,-0.530456,0.894821,1263114.29,624,46.1538
0.08000,0.14000,0.00800,1.095178,0.477978,-0.554924,0.861340,1298946.11,624,42.6282
0.09000,0.06000,0.00400,1.095085,0.457757,-0.460780,0.993438,1094112.25,624,43.7500
0.06500,0.06000,0.00900,1.095077,0.448388,-0.459658,0.975482,1009672.34,624,46.1538
0.07000,0.06500,0.00100,1.095044,0.458810,-0.445849,1.029071,1103999.11,624,42.6282
0.10000,0.13000,0.01200,1.095043,0.477851,-0.519865,0.919182,1297553.27,624,42.7885
0.01500,0.08000,0.01600,1.095014,0.398157,-0.408820,0.973916,650460.76,624,62.0192
0.01500,0.08500,0.01600,1.095014,0.398157,-0.408820,0.973916,650460.76,624,62.0192
0.01500,0.09000,0.01600,1.095014,0.398157,-0.408820,0.973916,650460.76,624,62.0192
0.01500,0.09500,0.01600,1.095014,0.398157,-0.408820,0.973916,650460.76,624,62.0192
0.01500,0.10000,0.01600,1.095014,0.398157,-0.408820,0.973916,650460.76,624,62.0192
0.01500,0.10500,0.01600,1.095014,0.398157,-0.408820,0.973916,650460.76,624,62.0192
0.01500,0.11000,0.01600,1.095014,0.398157,-0.408820,0.973916,650460.76,624,62.0192
0.01500,0.11500,0.01600,1.095014,0.398157,-0.408820,0.973916,650460.76,624,62.0192
0.01500,0.12000,0.01600,1.095014,0.398157,-0.408820,0.973916,650460.76,624,62.0192
0.01500,0.12500,0.01600,1.095014,0.398157,-0.408820,0.973916,650460.76,624,62.0192
0.01500,0.13000,0.01600,1.095014,0.398157,-0.408820,0.973916,650460.76,624,62.0192
0.01500,0.13500,0.01600,1.095014,0.398157,-0.408820,0.973916,650460.76,624,62.0192
0.01500,0.14000,0.01600,1.095014,0.398157,-0.408820,0.973916,650460.76,624,62.0192
0.01500,0.14500,0.01600,1.095014,0.398157,-0.408820,0.973916,650460.76,624,62.0192
0.01500,0.15000,0.01600,1.095014,0.398157,-0.408820,0.973916,650460.76,624,62.0192
0.04000,0.03500,0.00400,1.095011,0.421716,-0.432873,0.974224,800980.27,624,51.1218
0.01000,0.02500,0.00900,1.095011,0.382323,-0.390858,0.978162,564422.32,624,66.0256
0.07500,0.12500,0.00300,1.095007,0.479458,-0.548133,0.874711,1315247.49,624,40.7051
0.08000,0.08500,0.01500,1.094971,0.464723,-0.524743,0.885621,1161057.62,624,45.5128
0.08500,0.04500,0.00600,1.094969,0.440524,-0.437418,1.007102,943463.05,624,46.3141
0.08000,0.11000,0.00500,1.094888,0.476671,-0.550857,0.865326,1284706.86,624,41.6667
0.06500,0.10000,0.00500,1.094872,0.468371,-0.553328,0.846462,1197596.80,624,42.6282
0.01500,0.07000,0.00500,1.094745,0.408060,-0.436536,0.934768,710241.25,624,60.2564
0.08000,0.12000,0.02000,1.094744,0.475632,-0.534311,0.890178,1273494.43,624,47.2756
0.01000,0.05500,0.00400,1.094686,0.400070,-0.442081,0.904971,661639.58,624,65.5449
0.07500,0.06000,0.00500,1.094557,0.453748,-0.465616,0.974511,1057214.67,624,44.3910
0.10000,0.13000,0.01600,1.094555,0.479322,-0.527619,0.908462,1313739.55,624,45.3526
0.08500,0.08500,0.01600,1.094514,0.466090,-0.526659,0.884993,1174621.46,624,45.9936
0.07500,0.05500,0.01000,1.094496,0.446995,-0.469363,0.952344,997642.12,624,45.8333
0.06500,0.09000,0.00400,1.094487,0.468868,-0.549516,0.853239,1202659.47,624,42.3077
0.09500,0.06500,0.00900,1.094485,0.460714,-0.456123,1.010065,1122078.32,624,44.5513
0.08500,0.06000,0.00500,1.094421,0.454086,-0.465638,0.975191,1060281.44,624,44.2308
0.10000,0.06500,0.01900,1.094384,0.457947,-0.441268,1.037797,1095887.51,624,48.0769
0.05500,0.02500,0.01700,1.094235,0.416105,-0.470394,0.884588,762478.76,624,56.2500
0.01000,0.06000,0.00300,1.094228,0.402365,-0.527050,0.763428,675274.41,624,65.7051
0.07500,0.12500,0.00500,1.094188,0.475889,-0.551825,0.862392,1276262.49,624,41.6667
0.01500,0.07000,0.00200,1.094167,0.414157,-0.512187,0.808605,749519.95,624,60.5769
0.02500,0.05000,0.00300,1.094122,0.426985,-0.432340,0.987614,838761.32,624,52.4038
0.07000,0.11000,0.01200,1.094040,0.465278,-0.518872,0.896711,1166547.72,624,43.5897
0.01500,0.08000,0.00400,1.094021,0.410541,-0.432647,0.948905,725991.73,624,60.2564
0.01500,0.08500,0.00400,1.094021,0.410541,-0.432647,0.948905,725991.73,624,60.2564
0.01500,0.09000,0.00400,1.094021,0.410541,-0.432647,0.948905,725991.73,624,60.2564
0.01500,0.09500,0.00400,1.094021,0.410541,-0.432647,0.948905,725991.73,624,60.2564
0.01500,0.10000,0.00400,1.094021,0.410541,-0.432647,0.948905,725991.73,624,60.2564
0.01500,0.10500,0.00400,1.094021,0.410541,-0.432647,0.948905,725991.73,624,60.2564
0.01500,0.11000,0.00400,1.094021,0.410541,-0.432647,0.948905,725991.73,624,60.2564
0.01500,0.11500,0.00400,1.094021,0.410541,-0.432647,0.948905,725991.73,624,60.2564
0.01500,0.12000,0.00400,1.094021,0.410541,-0.432647,0.948905,725991.73,624,60.2564
0.01500,0.12500,0.00400,1.094021,0.410541,-0.432647,0.948905,725991.73,624,60.2564
0.01500,0.13000,0.00400,1.094021,0.410541,-0.432647,0.948905,725991.73,624,60.2564
0.01500,0.13500,0.00400,1.094021,0.410541,-0.432647,0.948905,725991.73,624,60.2564
0.01500,0.14000,0.00400,1.094021,0.410541,-0.432647,0.948905,725991.73,624,60.2564
0.01500,0.14500,0.00400,1.094021,0.410541,-0.432647,0.948905,725991.73,624,60.2564
0.01500,0.15000,0.00400,1.094021,0.410541,-0.432647,0.948905,725991.73,624,60.2564
0.07000,0.11500,0.00400,1.093918,0.473522,-0.549501,0.861731,1250992.09,624,41.5064
0.01000,0.02500,0.01500,1.093874,0.378297,-0.420618,0.899384,544283.94,624,66.9872
0.06500,0.05000,0.00400,1.093873,0.445323,-0.417865,1.065709,983371.47,624,45.5128
0.07000,0.08500,0.01600,1.093774,0.462725,-0.526664,0.878596,1141478.61,624,46.3141
0.01500,0.07500,0.01600,1.093762,0.397521,-0.408820,0.972361,646785.26,624,62.0192
0.08000,0.09000,0.00400,1.093726,0.473776,-0.549516,0.862170,1253682.66,624,41.5064
0.01000,0.04500,0.01400,1.093666,0.383058,-0.390857,0.980046,568172.50,624,65.5449
0.10000,0.08000,0.01200,1.093646,0.465991,-0.518893,0.898049,1173641.98,624,43.4295
0.08000,0.12500,0.02000,1.093544,0.475025,-0.534281,0.889090,1266979.85,624,47.2756
0.06500,0.15000,0.00200,1.093497,0.473452,-0.549999,0.860824,1250255.17,624,41.3462
0.01000,0.07500,0.01800,1.093430,0.383616,-0.411365,0.932545,571033.87,624,65.8654
0.01000,0.08000,0.01800,1.093430,0.383616,-0.411365,0.932545,571033.87,624,65.8654
0.01000,0.08500,0.01800,1.093430,0.383616,-0.411365,0.932545,571033.87,624,65.8654
0.01000,0.09000,0.01800,1.093430,0.383616,-0.411365,0.932545,571033.87,624,65.8654
0.01000,0.09500,0.01800,1.093430,0.383616,-0.411365,0.932545,571033.87,624,65.8654
0.01000,0.10000,0.01800,1.093430,0.383616,-0.411365,0.932545,571033.87,624,65.8654
0.01000,0.10500,0.01800,1.093430,0.383616,-0.411365,0.932545,571033.87,624,65.8654
0.01000,0.11000,0.01800,1.093430,0.383616,-0.411365,0.932545,571033.87,624,65.8654
0.01000,0.11500,0.01800,1.093430,0.383616,-0.411365,0.932545,571033.87,624,65.8654
0.01000,0.12000,0.01800,1.093430,0.383616,-0.411365,0.932545,571033.87,624,65.8654
0.01000,0.12500,0.01800,1.093430,0.383616,-0.411365,0.932545,571033.87,624,65.8654
0.01000,0.13000,0.01800,1.093430,0.383616,-0.411365,0.932545,571033.87,624,65.8654
0.01000,0.13500,0.01800,1.093430,0.383616,-0.411365,0.932545,571033.87,624,65.8654
0.01000,0.14000,0.01800,1.093430,0.383616,-0.411365,0.932545,571033.87,624,65.8654
0.01000,0.14500,0.01800,1.093430,0.383616,-0.411365,0.932545,571033.87,624,65.8654
0.01000,0.15000,0.01800,1.093430,0.383616,-0.411365,0.932545,571033.87,624,65.8654
0.07500,0.09500,0.00400,1.093410,0.474629,-0.549511,0.863730,1262754.90,624,41.5064
0.01000,0.06500,0.00100,1.093378,0.406487,-0.486202,0.836045,700420.66,624,66.6667
0.06000,0.02500,0.01200,1.093362,0.420448,-0.496114,0.847481,792126.98,624,53.0449
0.08000,0.13500,0.00800,1.093324,0.476431,-0.554949,0.858513,1282111.08,624,42.6282
0.08000,0.13500,0.01800,1.093249,0.473065,-0.530462,0.891798,1246168.81,624,46.1538
0.08000,0.11500,0.01500,1.093197,0.470737,-0.524754,0.897062,1221854.01,624,45.0321
0.04000,0.03500,0.00800,1.093067,0.415565,-0.448406,0.926761,758869.84,624,52.0833
0.01500,0.06500,0.00400,1.093054,0.410056,-0.432543,0.948012,722887.53,624,60.2564
0.06500,0.14500,0.00200,1.092888,0.472912,-0.549986,0.859862,1244563.02,624,41.3462
0.01500,0.07500,0.00400,1.092835,0.409912,-0.432647,0.947450,721964.74,624,60.2564
0.08000,0.05500,0.00100,1.092656,0.453999,-0.461884,0.982929,1059491.32,624,43.4295
0.03500,0.05000,0.01500,1.092647,0.420931,-0.436777,0.963721,795494.70,624,51.7628
0.01000,0.05500,0.00500,1.092567,0.395740,-0.449092,0.881201,636593.64,624,65.5449
0.06000,0.04500,0.00300,1.092552,0.440438,-0.437850,1.005910,942758.73,624,46.3141
0.03500,0.05000,0.01100,1.092531,0.424904,-0.446455,0.951728,823646.56,624,50.9615
0.05000,0.03000,0.01600,1.092456,0.415389,-0.446353,0.930631,757695.29,624,54.8077
0.09000,0.10500,0.00600,1.092368,0.474478,-0.553136,0.857797,1261145.85,624,41.6667
0.07500,0.10000,0.01200,1.092324,0.467220,-0.518875,0.900449,1185958.71,624,43.4295
0.06500,0.14000,0.00200,1.092296,0.472396,-0.550002,0.858899,1239134.92,624,41.3462
0.09500,0.11000,0.00600,1.092261,0.476440,-0.553133,0.861349,1282213.61,624,41.5064
0.08000,0.13000,0.00800,1.092260,0.475475,-0.554925,0.856827,1271808.80,624,42.6282
0.01000,0.04000,0.01500,1.092201,0.382578,-0.405512,0.943445,565722.46,624,65.8654
0.01000,0.05500,0.00900,1.092180,0.389977,-0.426025,0.915386,604612.77,624,65.0641
0.07000,0.05500,0.01100,1.092160,0.442975,-0.473069,0.936385,963656.96,624,46.4744
0.08000,0.13000,0.01800,1.092133,0.472094,-0.530460,0.889971,1235977.55,624,46.1538
0.08000,0.14000,0.00700,1.092103,0.477491,-0.553582,0.862547,1293625.81,624,42.3077
0.08000,0.14500,0.01200,1.092072,0.472091,-0.518900,0.909792,1235942.40,624,43.1090
0.05000,0.04000,0.00200,1.092031,0.430738,-0.447972,0.961529,866655.78,624,48.0769
0.05000,0.02500,0.00800,1.092028,0.414429,-0.483486,0.857168,751313.87,624,53.0449
0.08000,0.10000,0.00400,1.092027,0.475991,-0.549497,0.866230,1277354.49,624,41.3462
0.05500,0.05000,0.00100,1.092005,0.441782,-0.414204,1.066580,953777.25,624,45.6731
0.06500,0.10000,0.01500,1.091966,0.460474,-0.524756,0.877503,1119791.58,624,45.8333
0.06500,0.04500,0.00200,1.091945,0.441689,-0.437337,1.009952,953013.63,624,45.9936
0.06500,0.08000,0.00800,1.091908,0.461931,-0.554939,0.832399,1133787.49,624,44.0705
0.01000,0.07000,0.01000,1.091801,0.389508,-0.426565,0.913128,602077.39,624,65.3846
0.06500,0.11000,0.01800,1.091741,0.461938,-0.530438,0.870862,1133853.99,624,46.9551
0.06500,0.13500,0.00200,1.091728,0.471901,-0.550010,0.857986,1233960.37,624,41.3462
0.09000,0.08500,0.00500,1.091640,0.470093,-0.550861,0.853380,1215213.19,624,42.1474
0.09000,0.06000,0.00500,1.091638,0.453330,-0.465632,0.973579,1053431.73,624,44.0705
0.07500,0.11500,0.00300,1.091580,0.476713,-0.548139,0.869694,1285168.91,624,40.7051
0.04000,0.03500,0.00500,1.091573,0.416814,-0.437542,0.952626,767248.83,624,51.2821
0.06500,0.08000,0.00400,1.091513,0.465307,-0.549487,0.846802,1166830.88,624,42.4679
0.01000,0.06000,0.01800,1.091486,0.382656,-0.411365,0.930211,566118.05,624,65.8654
0.06000,0.02500,0.00800,1.091466,0.422728,-0.483449,0.874401,808114.87,624,51.9231
0.07500,0.15000,0.01800,1.091417,0.470774,-0.530461,0.887481,1222243.47,624,46.1538
0.08000,0.14500,0.01700,1.091286,0.472931,-0.528548,0.894774,1244759.06,624,46.3141
0.06500,0.10000,0.00300,1.091241,0.469100,-0.548134,0.855812,1205019.02,624,41.6667
0.01000,0.04500,0.00700,1.091113,0.392681,-0.424871,0.924237,619430.18,624,65.5449
0.02000,0.04500,0.00300,1.091003,0.413018,-0.435245,0.948934,742034.55,624,56.2500
0.07000,0.15000,0.00300,1.090944,0.473494,-0.548137,0.863825,1250699.86,624,41.0256
0.06500,0.13000,0.00200,1.090935,0.471240,-0.549994,0.856810,1227078.28,624,41.3462
0.09000,0.14000,0.01200,1.090891,0.474022,-0.519861,0.911825,1256294.95,624,42.9487
0.02000,0.03000,0.00600,1.090719,0.397867,-0.447899,0.888296,648781.58,624,58.3333
0.07500,0.15000,0.00800,1.090712,0.473834,-0.554933,0.853858,1254303.08,624,42.6282
0.01000,0.07000,0.01100,1.090671,0.389193,-0.427130,0.911181,600377.27,624,66.0256
0.07500,0.11500,0.00500,1.090658,0.473098,-0.551819,0.857342,1246517.57,624,41.6667
0.05500,0.02500,0.01500,1.090641,0.414217,-0.451032,0.918377,749913.85,624,55.4487
0.07500,0.14500,0.01500,1.090628,0.468902,-0.524744,0.893581,1202999.81,624,45.0321
0.04000,0.04500,0.00800,1.090574,0.421913,-0.446760,0.944385,802369.00,624,49.6795
0.07000,0.15000,0.00500,1.090514,0.470174,-0.553326,0.849724,1216047.35,624,41.9872
0.07500,0.05500,0.00800,1.090347,0.446170,-0.461809,0.966136,990578.74,624,45.5128
0.07000,0.14500,0.00300,1.090336,0.472958,-0.548147,0.862831,1245047.52,624,41.0256
0.08000,0.05500,0.00900,1.090303,0.445671,-0.465659,0.957076,986325.60,624,45.5128
0.08000,0.13500,0.00700,1.090264,0.475950,-0.553573,0.859777,1276912.90,624,42.3077
0.09500,0.06500,0.01100,1.090240,0.457136,-0.450124,1.015579,1088321.57,624,45.1923
0.02000,0.05000,0.01000,1.090219,0.405136,-0.460027,0.880680,692086.61,624,57.5321
0.08000,0.12000,0.00800,1.090127,0.473443,-0.554925,0.853166,1250165.17,624,42.6282
0.07500,0.11000,0.00400,1.090096,0.474415,-0.549519,0.863329,1260473.38,624,41.1859
0.02500,0.05000,0.01600,1.090024,0.412499,-0.408051,1.010899,738642.34,624,55.9295
0.08000,0.12000,0.01800,1.090011,0.470074,-0.530465,0.886155,1215017.66,624,46.1538
0.06500,0.03500,0.01600,1.090008,0.428699,-0.502102,0.853809,851392.84,624,52.4038
0.02500,0.04500,0.00400,1.089978,0.419718,-0.444162,0.944967,787073.69,624,52.8846
0.07000,0.14500,0.00500,1.089902,0.469639,-0.553359,0.848706,1210546.66,624,41.9872
0.08000,0.10500,0.01200,1.089861,0.467006,-0.518895,0.900001,1183801.44,624,43.2692
0.07000,0.14000,0.00300,1.089754,0.472447,-0.548135,0.861916,1239668.79,624,41.0256
0.05500,0.04500,0.00500,1.089696,0.431345,-0.428669,1.006241,871245.73,624,47.5962
0.03000,0.05000,0.02000,1.089672,0.417983,-0.415556,1.005839,775171.34,624,55.4487
0.06500,0.12500,0.00200,1.089651,0.470207,-0.550001,0.854920,1216384.19,624,41.3462
0.05500,0.05000,0.01600,1.089596,0.429115,-0.431578,0.994292,854485.32,624,50.0000
0.01500,0.06000,0.00700,1.089566,0.403223,-0.421138,0.957461,680441.36,624,60.4167
0.01000,0.06500,0.01000,1.089509,0.388278,-0.426499,0.910382,595468.81,624,65.3846
0.06000,0.02500,0.01300,1.089507,0.417383,-0.481868,0.866175,771095.76,624,54.0064
0.04000,0.05000,0.01900,1.089429,0.422481,-0.435087,0.971026,806367.38,624,51.9231
0.07500,0.14000,0.01500,1.089382,0.467867,-0.524754,0.891593,1192484.41,624,45.0321
0.08500,0.14000,0.01200,1.089368,0.471868,-0.518903,0.909357,1233614.70,624,43.1090
0.08000,0.14500,0.01600,1.089366,0.471711,-0.526652,0.895679,1231981.01,624,45.5128
0.10000,0.14000,0.00400,1.089347,0.482126,-0.552959,0.871902,1345094.72,624,40.5449
0.06500,0.08000,0.00300,1.089316,0.464468,-0.548143,0.847347,1158537.45,624,41.9872
0.07000,0.14000,0.00500,1.089301,0.469118,-0.553339,0.847795,1205205.93,624,41.9872
0.08000,0.15000,0.00300,1.089222,0.479190,-0.548164,0.874173,1312282.65,624,40.5449
0.06500,0.15000,0.01400,1.089195,0.460635,-0.522801,0.881092,1121331.18,624,45.1923
0.08000,0.13000,0.00700,1.089167,0.474973,-0.553563,0.858028,1266426.85,624,42.3077
0.07000,0.13500,0.00300,1.089148,0.471925,-0.548143,0.860953,1234213.54,624,41.0256
0.08000,0.10500,0.01700,1.089131,0.467904,-0.528565,0.885235,1192863.69,624,46.4744
0.01000,0.02000,0.00800,1.089123,0.379505,-0.397230,0.955379,550252.79,624,66.8269
0.08500,0.05500,0.01700,1.089093,0.442819,-0.444377,0.996494,962355.91,624,48.8782
0.01500,0.06000,0.00800,1.088961,0.400665,-0.422941,0.947332,665149.37,624,60.4167
0.06000,0.03500,0.00100,1.088952,0.435880,-0.450796,0.966913,906265.46,624,47.9167
0.08000,0.12500,0.00800,1.088915,0.472830,-0.554936,0.852044,1243693.02,624,42.6282
0.04000,0.05000,0.01300,1.088907,0.422823,-0.434030,0.974180,808789.61,624,49.8397
0.08000,0.06000,0.02000,1.088823,0.447782,-0.445110,1.006004,1004421.49,624,49.6795
0.02000,0.04500,0.00400,1.088813,0.410415,-0.430013,0.954425,725184.85,624,56.4103
0.08000,0.12500,0.01800,1.088797,0.469473,-0.530463,0.885024,1208840.89,624,46.1538
0.01000,0.02500,0.01200,1.088792,0.377773,-0.390931,0.966342,541709.94,624,66.3462
0.07000,0.13500,0.00500,1.088723,0.468617,-0.553337,0.846893,1200101.39,624,41.9872
0.01500,0.08000,0.00300,1.088684,0.409081,-0.500063,0.818059,716683.39,624,60.2564
0.01500,0.08500,0.00300,1.088684,0.409081,-0.500063,0.818059,716683.39,624,60.2564
0.01500,0.09000,0.00300,1.088684,0.409081,-0.500063,0.818059,716683.39,624,60.2564
0.01500,0.09500,0.00300,1.088684,0.409081,-0.500063,0.818059,716683.39,624,60.2564
0.01500,0.10000,0.00300,1.088684,0.409081,-0.500063,0.818059,716683.39,624,60.2564
0.01500,0.10500,0.00300,1.088684,0.409081,-0.500063,0.818059,716683.39,624,60.2564
0.01500,0.11000,0.00300,1.088684,0.409081,-0.500063,0.818059,716683.39,624,60.2564
0.01500,0.11500,0.00300,1.088684,0.409081,-0.500063,0.818059,716683.39,624,60.2564
0.01500,0.12000,0.00300,1.088684,0.409081,-0.500063,0.818059,716683.39,624,60.2564
0.01500,0.12500,0.00300,1.088684,0.409081,-0.500063,0.818059,716683.39,624,60.2564
0.01500,0.13000,0.00300,1.088684,0.409081,-0.500063,0.818059,716683.39,624,60.2564
0.01500,0.13500,0.00300,1.088684,0.409081,-0.500063,0.818059,716683.39,624,60.2564
0.01500,0.14000,0.00300,1.088684,0.409081,-0.500063,0.818059,716683.39,624,60.2564
0.01500,0.14500,0.00300,1.088684,0.409081,-0.500063,0.818059,716683.39,624,60.2564
0.01500,0.15000,0.00300,1.088684,0.409081,-0.500063,0.818059,716683.39,624,60.2564
0.08000,0.11500,0.02000,1.088684,0.471184,-0.534289,0.881889,1226491.21,624,47.2756
0.06500,0.10500,0.02000,1.088606,0.462125,-0.534276,0.864956,1135665.07,624,48.0769
0.06500,0.14500,0.01400,1.088584,0.460106,-0.522783,0.880109,1116276.89,624,45.1923
0.06500,0.09000,0.01300,1.088561,0.457038,-0.520841,0.877500,1087407.38,624,45.1923
0.01000,0.06500,0.01100,1.088554,0.388047,-0.427156,0.908442,594237.11,624,66.0256
0.08000,0.14500,0.00400,1.088520,0.477536,-0.549518,0.869008,1294111.09,624,41.0256
0.02500,0.05000,0.00900,1.088491,0.415140,-0.450133,0.922261,756036.33,624,53.6859
0.04000,0.03000,0.00600,1.088483,0.410271,-0.448527,0.914708,724261.09,624,52.4038
0.06500,0.11000,0.00700,1.088400,0.465189,-0.553558,0.840362,1165662.88,624,43.2692
0.04000,0.03500,0.00100,1.088394,0.422029,-0.472079,0.893980,803181.52,624,50.4808
0.07000,0.13000,0.00300,1.088374,0.471278,-0.548145,0.859769,1227466.54,624,41.0256
0.08000,0.15000,0.00500,1.088339,0.475659,-0.550850,0.863500,1273784.87,624,41.5064
0.06500,0.12000,0.00200,1.088320,0.469149,-0.549990,0.853013,1205521.60,624,41.3462
0.04500,0.04000,0.00200,1.088307,0.426130,-0.448182,0.950797,832517.88,624,48.8782
0.04500,0.05000,0.01800,1.088295,0.424081,-0.433950,0.977259,817743.81,624,51.2821
0.02500,0.05000,0.00200,1.088252,0.425111,-0.428375,0.992382,825140.58,624,52.2436
0.08000,0.09500,0.00300,1.088223,0.472879,-0.548151,0.862679,1244208.69,624,41.0256
0.07500,0.13500,0.01500,1.088118,0.466831,-0.524761,0.889607,1182040.11,624,45.0321
0.01000,0.07500,0.00100,1.088102,0.403631,-0.486202,0.830172,682910.80,624,66.6667
0.01000,0.08000,0.00100,1.088102,0.403631,-0.486202,0.830172,682910.80,624,66.6667
0.01000,0.08500,0.00100,1.088102,0.403631,-0.486202,0.830172,682910.80,624,66.6667
0.01000,0.09000,0.00100,1.088102,0.403631,-0.486202,0.830172,682910.80,624,66.6667
0.01000,0.09500,0.00100,1.088102,0.403631,-0.486202,0.830172,682910.80,624,66.6667
0.01000,0.10000,0.00100,1.088102,0.403631,-0.486202,0.830172,682910.80,624,66.6667
0.01000,0.10500,0.00100,1.088102,0.403631,-0.486202,0.830172,682910.80,624,66.6667
0.01000,0.11000,0.00100,1.088102,0.403631,-0.486202,0.830172,682910.80,624,66.6667
0.01000,0.11500,0.00100,1.088102,0.403631,-0.486202,0.830172,682910.80,624,66.6667
0.01000,0.12000,0.00100,1.088102,0.403631,-0.486202,0.830172,682910.80,624,66.6667
0.01000,0.12500,0.00100,1.088102,0.403631,-0.486202,0.830172,682910.80,624,66.6667
0.01000,0.13000,0.00100,1.088102,0.403631,-0.486202,0.830172,682910.80,624,66.6667
0.01000,0.13500,0.00100,1.088102,0.403631,-0.486202,0.830172,682910.80,624,66.6667
0.01000,0.14000,0.00100,1.088102,0.403631,-0.486202,0.830172,682910.80,624,66.6667
0.01000,0.14500,0.00100,1.088102,0.403631,-0.486202,0.830172,682910.80,624,66.6667
0.01000,0.15000,0.00100,1.088102,0.403631,-0.486202,0.830172,682910.80,624,66.6667
0.01500,0.06500,0.00200,1.088087,0.410587,-0.512394,0.801313,726288.29,624,60.5769
0.06500,0.04500,0.00300,1.088013,0.438470,-0.437719,1.001716,926844.67,624,46.1538
0.06500,0.14000,0.01400,1.087995,0.459601,-0.522801,0.879113,1111474.82,624,45.1923
0.10000,0.14000,0.00300,1.087968,0.483031,-0.549809,0.878543,1355359.54,624,40.0641
0.05500,0.05000,0.01200,1.087966,0.427207,-0.444422,0.961265,840387.80,624,47.9167
0.07000,0.13000,0.00500,1.087936,0.467964,-0.553330,0.845723,1193466.22,624,41.9872
0.06500,0.09000,0.02000,1.087886,0.459542,-0.534278,0.860118,1110923.27,624,48.3974
0.01500,0.06500,0.00300,1.087875,0.408654,-0.500090,0.817162,713984.82,624,60.2564
0.01000,0.05000,0.00200,1.087786,0.401094,-0.512690,0.782332,667689.01,624,66.3462
0.01000,0.04000,0.00800,1.087779,0.388142,-0.430794,0.900993,594745.85,624,65.5449
0.07500,0.13000,0.01500,1.087760,0.466448,-0.524736,0.888919,1178200.56,624,45.0321
0.08000,0.09500,0.00500,1.087745,0.469551,-0.550850,0.852412,1209641.52,624,41.9872
0.02500,0.04000,0.00700,1.087712,0.410545,-0.454283,0.903721,726014.59,624,54.4872
0.10000,0.08500,0.01300,1.087680,0.462970,-0.520851,0.888872,1143860.43,624,44.2308
0.08500,0.05500,0.01600,1.087659,0.442082,-0.443160,0.997569,956253.74,624,48.0769
0.06500,0.06000,0.01100,1.087637,0.442825,-0.443000,0.999603,962405.68,624,46.7949
0.06500,0.10500,0.01300,1.087624,0.458422,-0.520808,0.880212,1100344.30,624,44.8718
0.01500,0.08000,0.00500,1.087535,0.403853,-0.436536,0.925132,684256.67,624,60.2564
0.01500,0.08500,0.00500,1.087535,0.403853,-0.436536,0.925132,684256.67,624,60.2564
0.01500,0.09000,0.00500,1.087535,0.403853,-0.436536,0.925132,684256.67,624,60.2564
0.01500,0.09500,0.00500,1.087535,0.403853,-0.436536,0.925132,684256.67,624,60.2564
0.01500,0.10000,0.00500,1.087535,0.403853,-0.436536,0.925132,684256.67,624,60.2564
0.01500,0.10500,0.00500,1.087535,0.403853,-0.436536,0.925132,684256.67,624,60.2564
0.01500,0.11000,0.00500,1.087535,0.403853,-0.436536,0.925132,684256.67,624,60.2564
0.01500,0.11500,0.00500,1.087535,0.403853,-0.436536,0.925132,684256.67,624,60.2564
0.01500,0.12000,0.00500,1.087535,0.403853,-0.436536,0.925132,684256.67,624,60.2564
0.01500,0.12500,0.00500,1.087535,0.403853,-0.436536,0.925132,684256.67,624,60.2564
0.01500,0.13000,0.00500,1.087535,0.403853,-0.436536,0.925132,684256.67,624,60.2564
0.01500,0.13500,0.00500,1.087535,0.403853,-0.436536,0.925132,684256.67,624,60.2564
0.01500,0.14000,0.00500,1.087535,0.403853,-0.436536,0.925132,684256.67,624,60.2564
0.01500,0.14500,0.00500,1.087535,0.403853,-0.436536,0.925132,684256.67,624,60.2564
0.01500,0.15000,0.00500,1.087535,0.403853,-0.436536,0.925132,684256.67,624,60.2564
0.01000,0.03500,0.01700,1.087515,0.378201,-0.424455,0.891029,543812.42,624,66.1859
0.01500,0.07500,0.00300,1.087471,0.408434,-0.500063,0.816764,712593.36,624,60.2564
0.07500,0.06000,0.01700,1.087419,0.444252,-0.432805,1.026449,974334.40,624,48.8782
0.04500,0.03500,0.00400,1.087406,0.421561,-0.432754,0.974136,799899.21,624,50.4808
0.01000,0.03000,0.01700,1.087401,0.376978,-0.426505,0.883878,537828.40,624,66.6667
0.06500,0.13500,0.01400,1.087401,0.459096,-0.522786,0.878173,1106699.14,624,45.1923
0.02500,0.05000,0.01000,1.087379,0.414329,-0.474296,0.873567,750656.35,624,54.1667
0.07000,0.05500,0.01400,1.087226,0.436609,-0.435955,1.001499,912011.97,624,47.2756
0.03000,0.03500,0.01600,1.087218,0.402099,-0.408024,0.985478,673678.66,624,56.2500
0.06500,0.08500,0.01900,1.087205,0.455173,-0.532379,0.854980,1070200.64,624,47.4359
0.08500,0.06000,0.00800,1.087196,0.448935,-0.456597,0.983218,1014428.43,624,45.0321
0.01500,0.08000,0.00200,1.087186,0.409995,-0.512187,0.800479,722496.91,624,60.5769
0.01500,0.08500,0.00200,1.087186,0.409995,-0.512187,0.800479,722496.91,624,60.5769
0.01500,0.09000,0.00200,1.087186,0.409995,-0.512187,0.800479,722496.91,624,60.5769
0.01500,0.09500,0.00200,1.087186,0.409995,-0.512187,0.800479,722496.91,624,60.5769
0.01500,0.10000,0.00200,1.087186,0.409995,-0.512187,0.800479,722496.91,624,60.5769
0.01500,0.10500,0.00200,1.087186,0.409995,-0.512187,0.800479,722496.91,624,60.5769
0.01500,0.11000,0.00200,1.087186,0.409995,-0.512187,0.800479,722496.91,624,60.5769
0.01500,0.11500,0.00200,1.087186,0.409995,-0.512187,0.800479,722496.91,624,60.5769
0.01500,0.12000,0.00200,1.087186,0.409995,-0.512187,0.800479,722496.91,624,60.5769
0.01500,0.12500,0.00200,1.087186,0.409995,-0.512187,0.800479,722496.91,624,60.5769
0.01500,0.13000,0.00200,1.087186,0.409995,-0.512187,0.800479,722496.91,624,60.5769
0.01500,0.13500,0.00200,1.087186,0.409995,-0.512187,0.800479,722496.91,624,60.5769
0.01500,0.14000,0.00200,1.087186,0.409995,-0.512187,0.800479,722496.91,624,60.5769
0.01500,0.14500,0.00200,1.087186,0.409995,-0.512187,0.800479,722496.91,624,60.5769
0.01500,0.15000,0.00200,1.087186,0.409995,-0.512187,0.800479,722496.91,624,60.5769
0.08000,0.10500,0.01600,1.087163,0.466662,-0.526660,0.886078,1180345.79,624,45.6731
0.07500,0.05000,0.00500,1.087112,0.442275,-0.418776,1.056114,957845.97,624,45.3526
0.07000,0.12500,0.00300,1.087080,0.470235,-0.548148,0.857861,1216668.46,624,41.0256
0.10000,0.04500,0.00200,1.087068,0.447245,-0.437292,1.022761,999787.76,624,45.0321
0.08000,0.12000,0.00700,1.087034,0.472946,-0.553573,0.854350,1244912.11,624,42.3077
0.10000,0.13500,0.00400,1.087020,0.480376,-0.552952,0.868748,1325446.03,624,40.5449
0.06500,0.11500,0.00200,1.086961,0.468088,-0.550003,0.851064,1194724.20,624,41.3462
0.07000,0.15000,0.01700,1.086955,0.463427,-0.528538,0.876808,1148318.63,624,46.6346
0.07000,0.11000,0.00400,1.086859,0.468649,-0.549507,0.852854,1200422.98,624,41.5064
0.07500,0.12000,0.01500,1.086833,0.465422,-0.524758,0.886928,1167975.23,624,45.0321
0.06500,0.08000,0.01400,1.086804,0.453358,-0.522795,0.867181,1053683.96,624,45.6731
0.01500,0.06500,0.00500,1.086712,0.403438,-0.436245,0.924798,681741.53,624,60.2564
0.08000,0.10000,0.01700,1.086705,0.466085,-0.528543,0.881830,1174579.63,624,46.4744
0.06500,0.10500,0.00800,1.086669,0.462230,-0.554923,0.832963,1136680.63,624,43.5897
0.07000,0.12500,0.00500,1.086633,0.466925,-0.553332,0.843842,1182985.73,624,41.9872
0.06500,0.13000,0.01400,1.086599,0.458445,-0.522790,0.876919,1100558.73,624,45.1923
0.01000,0.06000,0.00100,1.086571,0.402806,-0.486202,0.828475,677928.15,624,66.6667
0.02000,0.05500,0.01100,1.086509,0.404656,-0.452200,0.894861,689147.15,624,57.8526
0.03500,0.05000,0.01800,1.086485,0.418102,-0.410347,1.018899,775982.45,624,52.8846
0.04000,0.03500,0.02000,1.086483,0.404744,-0.466990,0.866708,689684.20,624,56.0897
0.07500,0.06000,0.00700,1.086455,0.448950,-0.452776,0.991551,1014562.29,624,45.0321
0.04500,0.03500,0.01700,1.086435,0.409649,-0.432855,0.946388,720293.49,624,54.4872
0.08500,0.05500,0.00300,1.086425,0.449858,-0.461016,0.975798,1022512.22,624,43.7500
0.09000,0.08500,0.02000,1.086416,0.466570,-0.534268,0.873288,1179427.03,624,47.5962
0.09000,0.08500,0.00300,1.086401,0.471809,-0.548137,0.860751,1233002.75,624,41.0256
0.07000,0.14500,0.01700,1.086377,0.462918,-0.528525,0.875868,1143358.80,624,46.6346
0.08000,0.04000,0.00600,1.086364,0.430228,-0.439831,0.978168,862818.77,624,47.2756
0.04500,0.05000,0.01100,1.086354,0.426075,-0.446652,0.953932,832120.43,624,49.0385
0.01500,0.07500,0.00500,1.086316,0.403214,-0.436536,0.923667,680383.92,624,60.2564
0.05000,0.04500,0.00800,1.086301,0.424266,-0.438844,0.966781,819067.07,624,48.5577
0.06500,0.09500,0.01300,1.086283,0.456495,-0.520816,0.876500,1082371.79,624,45.0321
0.07500,0.05500,0.01800,1.086274,0.439917,-0.433827,1.014039,938526.56,624,48.7179
0.08000,0.09000,0.01500,1.086265,0.460981,-0.524735,0.878502,1124638.59,624,45.3526
0.07500,0.14500,0.02000,1.086243,0.469432,-0.534277,0.878631,1208420.23,624,47.2756
0.09500,0.06500,0.01900,1.086220,0.452678,-0.441436,1.025468,1047563.55,624,48.0769
0.08000,0.10500,0.00400,1.086219,0.472476,-0.549530,0.859781,1239972.99,624,41.1859
0.07500,0.09000,0.01700,1.086181,0.461518,-0.528549,0.873178,1129798.17,624,46.7949
0.07500,0.08500,0.01500,1.086162,0.458717,-0.524749,0.874164,1103122.96,624,45.5128
0.05000,0.05000,0.01800,1.086108,0.423750,-0.433987,0.976412,815377.74,624,50.9615
0.09000,0.08500,0.00400,1.086064,0.468726,-0.549524,0.852967,1201205.88,624,41.5064
0.09000,0.05500,0.00300,1.086014,0.452694,-0.461026,0.981927,1047706.67,624,43.5897
0.08000,0.14000,0.01300,1.086003,0.467850,-0.520831,0.898276,1192314.71,624,43.9103
0.01500,0.07500,0.00200,1.085986,0.409350,-0.512187,0.799220,718391.40,624,60.5769
0.02000,0.05500,0.01900,1.085974,0.398385,-0.457767,0.870278,651784.56,624,59.2949
0.01000,0.04000,0.01200,1.085968,0.381625,-0.390766,0.976608,560882.55,624,65.2244
0.08000,0.08500,0.00500,1.085917,0.465024,-0.550850,0.844192,1164026.72,624,42.3077
0.10000,0.12000,0.01700,1.085913,0.472275,-0.529501,0.891925,1237875.98,624,46.1538
0.06500,0.03500,0.01700,1.085898,0.425738,-0.503578,0.845425,829671.09,624,53.0449
0.01500,0.06000,0.01600,1.085867,0.393220,-0.408876,0.961711,622423.95,624,62.0192
0.03500,0.04000,0.00200,1.085852,0.420209,-0.424637,0.989571,790468.49,624,50.3205
0.08500,0.06000,0.00700,1.085840,0.449001,-0.452811,0.991587,1015008.55,624,44.8718
0.08000,0.12500,0.00700,1.085839,0.472336,-0.553570,0.853254,1238510.58,624,42.3077
0.10000,0.10500,0.00600,1.085776,0.471186,-0.553122,0.851867,1226512.71,624,41.5064
0.07000,0.14000,0.01700,1.085762,0.462393,-0.528540,0.874849,1138252.41,624,46.6346
0.07000,0.12000,0.00300,1.085735,0.469168,-0.548137,0.855932,1205720.06,624,41.0256
0.04000,0.03500,0.01800,1.085695,0.403951,-0.487600,0.828448,684851.86,624,55.2885
0.10000,0.06500,0.00100,1.085650,0.462050,-0.451125,1.024218,1134939.46,624,41.8269
0.02000,0.04000,0.01600,1.085638,0.396396,-0.407977,0.971614,640332.84,624,59.2949
0.06500,0.08000,0.00700,1.085559,0.459532,-0.553575,0.830116,1110821.30,624,43.7500
0.01000,0.05500,0.00300,1.085556,0.398084,-0.518907,0.767159,650038.60,624,65.7051
0.06500,0.09000,0.00800,1.085519,0.459617,-0.554940,0.828229,1111630.48,624,43.9103
0.09500,0.08500,0.01500,1.085472,0.460589,-0.524762,0.877710,1120887.00,624,45.3526
0.09000,0.05500,0.01700,1.085437,0.443955,-0.444432,0.998928,971842.93,624,48.7179
0.02500,0.04500,0.00100,1.085434,0.419487,-0.458051,0.915810,785482.29,624,52.7244
0.09000,0.13500,0.01200,1.085406,0.470090,-0.519861,0.904261,1215180.01,624,42.9487
0.07000,0.06000,0.02000,1.085394,0.442734,-0.436084,1.015250,961653.48,624,49.8397
0.06500,0.05000,0.00500,1.085346,0.437666,-0.420428,1.041002,920407.23,624,45.8333
0.06500,0.12500,0.01400,1.085293,0.457421,-0.522788,0.874965,1090975.69,624,45.1923
0.07000,0.12000,0.00500,1.085281,0.465859,-0.553340,0.841904,1172325.30,624,41.9872
0.07000,0.13500,0.01700,1.085179,0.461893,-0.528523,0.873931,1133418.37,624,46.6346
0.01000,0.04500,0.01300,1.085164,0.380679,-0.390591,0.974624,556118.63,624,65.5449
0.08000,0.09000,0.00300,1.085143,0.469019,-0.548149,0.855642,1204200.53,624,41.0256
0.06500,0.09500,0.02000,1.085124,0.458726,-0.534278,0.858591,1103208.54,624,48.2372
0.07500,0.12500,0.01500,1.085036,0.464345,-0.524730,0.884922,1157329.79,624,45.0321
0.07000,0.15000,0.01600,1.085024,0.462229,-0.526651,0.877675,1136663.99,624,45.8333
0.10000,0.13500,0.00300,1.085009,0.480721,-0.549818,0.874326,1329294.94,624,40.0641
0.07500,0.14000,0.02000,1.085009,0.468404,-0.534285,0.876693,1197926.86,624,47.2756
0.04000,0.04000,0.00200,1.084995,0.420632,-0.424698,0.990426,793411.26,624,49.5192
0.07000,0.10500,0.01200,1.084962,0.459206,-0.518894,0.884970,1107735.59,624,43.5897
0.07000,0.09000,0.01200,1.084901,0.457117,-0.518892,0.880948,1088145.26,624,43.9103
0.10000,0.12000,0.01200,1.084880,0.469918,-0.519859,0.903934,1213408.91,624,42.7885
0.10000,0.14000,0.00500,1.084877,0.477243,-0.556094,0.858206,1290922.00,624,41.0256
0.05500,0.03500,0.00100,1.084862,0.430283,-0.453834,0.948107,863231.32,624,48.3974
0.05000,0.05000,0.01100,1.084854,0.426092,-0.441396,0.965327,832240.51,624,48.7179
0.09000,0.14000,0.01700,1.084840,0.472062,-0.529498,0.891526,1235636.71,624,46.1538
0.08000,0.10000,0.01600,1.084826,0.464899,-0.526642,0.882761,1162795.71,624,45.6731
0.03000,0.04000,0.00200,1.084796,0.418343,-0.434342,0.963167,777631.41,624,51.2821
0.08500,0.05500,0.00500,1.084671,0.445479,-0.470630,0.946559,984698.92,624,44.5513
0.10000,0.12000,0.01600,1.084579,0.471410,-0.527601,0.893498,1228843.83,624,45.3526
0.02000,0.04500,0.01700,1.084506,0.396452,-0.411407,0.963651,640653.09,624,59.4551
0.07500,0.15000,0.00700,1.084482,0.471221,-0.553583,0.851221,1226876.41,624,42.3077
0.08000,0.03500,0.00600,1.084462,0.432781,-0.486725,0.889169,882200.10,624,48.5577
0.07500,0.06000,0.01600,1.084448,0.442573,-0.431618,1.025383,960318.85,624,48.0769
0.07000,0.14500,0.01600,1.084420,0.461702,-0.526648,0.876680,1131573.76,624,45.8333
0.07000,0.11500,0.00300,1.084407,0.468123,-0.548141,0.854020,1195081.72,624,41.0256
0.07500,0.10500,0.01700,1.084392,0.463525,-0.528555,0.876966,1149281.81,624,46.4744
0.07000,0.13000,0.01700,1.084381,0.461241,-0.528526,0.872693,1127137.92,624,46.6346
0.07500,0.10500,0.01200,1.084365,0.462373,-0.518893,0.891077,1138066.83,624,43.2692
0.06500,0.09500,0.00800,1.084356,0.459715,-0.554932,0.828418,1112562.88,624,43.7500
0.02500,0.05000,0.00400,1.084303,0.420116,-0.436631,0.962175,789823.31,624,52.5641
0.01000,0.07500,0.01000,1.084227,0.385566,-0.426565,0.903887,581142.57,624,65.3846
0.01000,0.08000,0.01000,1.084227,0.385566,-0.426565,0.903887,581142.57,624,65.3846
0.01000,0.08500,0.01000,1.084227,0.385566,-0.426565,0.903887,581142.57,624,65.3846
0.01000,0.09000,0.01000,1.084227,0.385566,-0.426565,0.903887,581142.57,624,65.3846
0.01000,0.09500,0.01000,1.084227,0.385566,-0.426565,0.903887,581142.57,624,65.3846
0.01000,0.10000,0.01000,1.084227,0.385566,-0.426565,0.903887,581142.57,624,65.3846
0.01000,0.10500,0.01000,1.084227,0.385566,-0.426565,0.903887,581142.57,624,65.3846
0.01000,0.11000,0.01000,1.084227,0.385566,-0.426565,0.903887,581142.57,624,65.3846
0.01000,0.11500,0.01000,1.084227,0.385566,-0.426565,0.903887,581142.57,624,65.3846
0.01000,0.12000,0.01000,1.084227,0.385566,-0.426565,0.903887,581142.57,624,65.3846
0.01000,0.12500,0.01000,1.084227,0.385566,-0.426565,0.903887,581142.57,624,65.3846
0.01000,0.13000,0.01000,1.084227,0.385566,-0.426565,0.903887,581142.57,624,65.3846
0.01000,0.13500,0.01000,1.084227,0.385566,-0.426565,0.903887,581142.57,624,65.3846
0.01000,0.14000,0.01000,1.084227,0.385566,-0.426565,0.903887,581142.57,624,65.3846
0.01000,0.14500,0.01000,1.084227,0.385566,-0.426565,0.903887,581142.57,624,65.3846
0.01000,0.15000,0.01000,1.084227,0.385566,-0.426565,0.903887,581142.57,624,65.3846
0.09000,0.08500,0.00800,1.084202,0.464124,-0.554948,0.836337,1155153.11,624,43.1090
0.08000,0.13500,0.01300,1.084193,0.466345,-0.520849,0.895355,1177173.19,624,43.9103
0.07500,0.09500,0.00300,1.084137,0.469346,-0.548161,0.856219,1207538.53,624,41.0256
0.02000,0.04500,0.00200,1.084133,0.411029,-0.445276,0.923088,729125.99,624,56.2500
0.08000,0.11500,0.00800,1.084084,0.469009,-0.554927,0.845173,1204094.92,624,42.6282
0.06000,0.05000,0.00700,1.084045,0.436263,-0.427893,1.019560,909280.03,624,46.7949
0.09000,0.05500,0.01600,1.084010,0.443222,-0.443339,0.999735,965710.01,624,47.9167
0.08000,0.05500,0.01100,1.083984,0.440850,-0.473108,0.931817,946128.70,624,46.1538
0.09500,0.10500,0.00600,1.083971,0.469869,-0.553128,0.849475,1212900.91,624,41.5064
0.09000,0.05500,0.00500,1.083964,0.445737,-0.470638,0.947091,986891.12,624,44.3910
0.09500,0.14000,0.01200,1.083938,0.470734,-0.519876,0.905474,1221830.30,624,42.7885
0.07000,0.11500,0.00500,1.083929,0.464805,-0.553341,0.839997,1161863.50,624,41.9872
0.07500,0.10000,0.00400,1.083927,0.469619,-0.549489,0.854647,1210339.23,624,41.3462
0.06500,0.12000,0.01400,1.083914,0.456356,-0.522775,0.872949,1081086.74,624,45.1923
0.08000,0.11500,0.01800,1.083896,0.465625,-0.530470,0.877759,1169994.25,624,46.1538
0.08500,0.13500,0.01200,1.083890,0.467946,-0.518897,0.901809,1193282.47,624,43.1090
0.09000,0.06000,0.00800,1.083864,0.447866,-0.456622,0.980825,1005144.35,624,44.8718
0.07000,0.14000,0.01600,1.083843,0.461201,-0.526637,0.875747,1126751.32,624,45.8333
0.07500,0.09000,0.01600,1.083816,0.460050,-0.526638,0.873561,1115750.21,624,45.9936
0.07500,0.13500,0.02000,1.083767,0.467378,-0.534270,0.874798,1187545.43,624,47.2756
0.01000,0.05000,0.00400,1.083718,0.394091,-0.444362,0.886870,627286.42,624,65.5449
0.08500,0.06000,0.01700,1.083717,0.442748,-0.441734,1.002297,961772.68,624,48.7179
0.05500,0.05000,0.00800,1.083624,0.430389,-0.430611,0.999483,864022.83,624,47.5962
0.01000,0.05500,0.01800,1.083601,0.379079,-0.400988,0.945362,548143.30,624,65.8654
0.07500,0.09500,0.00500,1.083580,0.465979,-0.551834,0.844419,1173523.13,624,41.9872
0.04500,0.03500,0.00500,1.083572,0.416526,-0.436742,0.953712,765309.65,624,50.6410
0.10000,0.12500,0.00400,1.083519,0.476985,-0.552937,0.862639,1288121.78,624,40.5449
0.09000,0.14000,0.01600,1.083424,0.471140,-0.527606,0.892978,1226035.43,624,45.3526
0.10000,0.04000,0.00600,1.083421,0.431653,-0.439764,0.981556,873586.32,624,46.9551
0.07500,0.13000,0.02000,1.083297,0.466929,-0.534288,0.873927,1183026.14,624,47.2756
0.07000,0.13500,0.01600,1.083244,0.460693,-0.526632,0.874793,1121886.14,624,45.8333
0.08000,0.09500,0.01700,1.083244,0.462386,-0.528547,0.874825,1138191.72,624,46.6346
0.07000,0.05500,0.01300,1.083224,0.435333,-0.431358,1.009215,901975.79,624,46.7949
0.07500,0.10000,0.01700,1.083185,0.462619,-0.528533,0.875290,1140450.09,624,46.4744
0.01000,0.07500,0.01100,1.083164,0.385288,-0.427130,0.902039,579691.93,624,66.0256
0.01000,0.08000,0.01100,1.083164,0.385288,-0.427130,0.902039,579691.93,624,66.0256
0.01000,0.08500,0.01100,1.083164,0.385288,-0.427130,0.902039,579691.93,624,66.0256
0.01000,0.09000,0.01100,1.083164,0.385288,-0.427130,0.902039,579691.93,624,66.0256
0.01000,0.09500,0.01100,1.083164,0.385288,-0.427130,0.902039,579691.93,624,66.0256
0.01000,0.10000,0.01100,1.083164,0.385288,-0.427130,0.902039,579691.93,624,66.0256
0.01000,0.10500,0.01100,1.083164,0.385288,-0.427130,0.902039,579691.93,624,66.0256
0.01000,0.11000,0.01100,1.083164,0.385288,-0.427130,0.902039,579691.93,624,66.0256
0.01000,0.11500,0.01100,1.083164,0.385288,-0.427130,0.902039,579691.93,624,66.0256
0.01000,0.12000,0.01100,1.083164,0.385288,-0.427130,0.902039,579691.93,624,66.0256
0.01000,0.12500,0.01100,1.083164,0.385288,-0.427130,0.902039,579691.93,624,66.0256
0.01000,0.13000,0.01100,1.083164,0.385288,-0.427130,0.902039,579691.93,624,66.0256
0.01000,0.13500,0.01100,1.083164,0.385288,-0.427130,0.902039,579691.93,624,66.0256
0.01000,0.14000,0.01100,1.083164,0.385288,-0.427130,0.902039,579691.93,624,66.0256
0.01000,0.14500,0.01100,1.083164,0.385288,-0.427130,0.902039,579691.93,624,66.0256
0.01000,0.15000,0.01100,1.083164,0.385288,-0.427130,0.902039,579691.93,624,66.0256
0.07500,0.09000,0.00500,1.083154,0.464118,-0.551806,0.841088,1155090.45,624,42.1474
0.08000,0.13000,0.01300,1.083063,0.465361,-0.520831,0.893497,1167372.07,624,43.9103
0.05500,0.03000,0.01700,1.083061,0.412235,-0.465518,0.885540,736926.37,624,54.9679
0.07000,0.12500,0.01700,1.083055,0.460197,-0.528533,0.870706,1117141.54,624,46.6346
0.04500,0.03500,0.00700,1.083016,0.415655,-0.444948,0.934164,759467.07,624,51.4423
0.09000,0.13000,0.01200,1.082974,0.468098,-0.519854,0.900441,1194825.52,624,42.9487
0.10000,0.06000,0.00200,1.082805,0.455250,-0.461599,0.986246,1070904.35,624,42.9487
0.08000,0.08500,0.02000,1.082741,0.460411,-0.534275,0.861749,1119185.64,624,47.7564
0.09500,0.08500,0.00500,1.082720,0.465342,-0.550867,0.844744,1167179.98,624,41.9872
0.06500,0.10500,0.01800,1.082660,0.455905,-0.530440,0.859485,1076925.84,624,46.9551
0.08000,0.10000,0.00300,1.082639,0.470583,-0.548140,0.858508,1220262.34,624,40.8654
0.01000,0.06000,0.01000,1.082634,0.384749,-0.426556,0.901990,576886.69,624,65.3846
0.01000,0.02500,0.01400,1.082616,0.371994,-0.390827,0.951814,514077.20,624,66.6667
0.09000,0.06000,0.00700,1.082613,0.447993,-0.452797,0.989391,1006245.05,624,44.7115
0.09500,0.14000,0.01700,1.082600,0.471822,-0.529502,0.891067,1233130.71,624,46.1538
0.10000,0.08500,0.00200,1.082594,0.471258,-0.546782,0.861875,1227258.87,624,40.5449
0.08500,0.08000,0.01200,1.082583,0.457008,-0.518890,0.880741,1087128.63,624,43.7500
0.03000,0.05000,0.01400,1.082575,0.412417,-0.441243,0.934670,738108.77,624,53.0449
0.06500,0.11500,0.01400,1.082562,0.455322,-0.522769,0.870980,1071558.01,624,45.1923
0.07500,0.10500,0.01600,1.082535,0.462352,-0.526657,0.877900,1137862.33,624,45.6731
0.07000,0.06000,0.01300,1.082495,0.438184,-0.428313,1.023047,924547.28,624,46.7949
0.06000,0.05000,0.00100,1.082490,0.439768,-0.414158,1.061838,937316.91,624,44.8718
0.05500,0.04500,0.00700,1.082482,0.427206,-0.436089,0.979631,840379.78,624,48.2372
0.07500,0.12000,0.02000,1.082449,0.465949,-0.534302,0.872070,1173218.52,624,47.2756
0.07000,0.13000,0.01600,1.082447,0.460042,-0.526641,0.873540,1115671.18,624,45.8333
0.06000,0.04500,0.00400,1.082367,0.433322,-0.425202,1.019097,886357.16,624,46.6346
0.10000,0.13500,0.00500,1.082358,0.475380,-0.556094,0.854854,1270784.17,624,41.0256
0.06500,0.09000,0.00300,1.082313,0.461872,-0.548135,0.842625,1133214.51,624,41.8269
0.07000,0.08000,0.01200,1.082279,0.453428,-0.518865,0.873884,1054323.33,624,44.0705
0.08000,0.04500,0.00200,1.082242,0.439265,-0.437403,1.004258,933243.12,624,45.3526
0.09500,0.03500,0.00600,1.082203,0.434331,-0.486785,0.892244,894157.81,624,48.2372
0.10000,0.04500,0.00300,1.082095,0.443433,-0.437890,1.012660,967475.81,624,45.1923
0.08000,0.10000,0.00500,1.082091,0.467265,-0.550857,0.848251,1186410.83,624,41.8269
0.06000,0.02500,0.01000,1.081950,0.414900,-0.489821,0.847044,754440.06,624,52.7244
0.10000,0.09000,0.01700,1.081942,0.462013,-0.528546,0.874122,1134581.03,624,46.6346
0.08000,0.05000,0.00100,1.081818,0.443546,-0.428964,1.033993,968416.26,624,44.0705
0.01500,0.06000,0.00400,1.081775,0.403665,-0.432699,0.932900,683111.79,624,60.2564
0.08000,0.11000,0.01500,1.081734,0.462704,-0.524731,0.881791,1141270.99,624,45.0321
0.01000,0.05000,0.00500,1.081719,0.389880,-0.451118,0.864254,604089.08,624,65.5449
0.07000,0.12000,0.01700,1.081714,0.459152,-0.528552,0.868698,1107227.64,624,46.6346
0.05500,0.05000,0.01700,1.081711,0.424085,-0.432776,0.979920,817772.63,624,50.6410
0.08000,0.05000,0.00700,1.081708,0.439305,-0.435774,1.008103,933564.38,624,45.9936
0.01000,0.05000,0.00900,1.081705,0.384469,-0.425995,0.902520,575434.04,624,65.0641
0.01000,0.04000,0.01400,1.081679,0.376690,-0.390899,0.963651,536429.36,624,65.5449
0.09000,0.13500,0.01700,1.081660,0.469449,-0.529497,0.886594,1208593.84,624,46.1538
0.06000,0.02500,0.01100,1.081642,0.415004,-0.493323,0.841242,755128.01,624,53.3654
0.10000,0.13000,0.00400,1.081533,0.476208,-0.552965,0.861190,1279700.80,624,40.5449
0.01000,0.06000,0.01100,1.081527,0.384449,-0.427168,0.899994,575330.50,624,66.0256
0.09500,0.06000,0.00200,1.081517,0.454436,-0.461599,0.984482,1063464.05,624,42.9487
0.07500,0.15000,0.01300,1.081447,0.463696,-0.520823,0.890316,1150959.42,624,43.9103
0.08500,0.13000,0.01200,1.081433,0.465947,-0.518892,0.897965,1173195.34,624,43.1090
0.07500,0.11500,0.01500,1.081397,0.461537,-0.524731,0.879570,1129987.44,624,45.0321
0.07500,0.10000,0.01600,1.081395,0.461487,-0.526643,0.876280,1129497.73,624,45.6731
0.07500,0.14500,0.01800,1.081381,0.463839,-0.530475,0.874384,1152352.08,624,46.1538
0.06500,0.15000,0.01000,1.081320,0.460623,-0.514969,0.894468,1121215.18,624,43.9103
0.10000,0.06000,0.01200,1.081274,0.441825,-0.436107,1.013113,954133.09,624,45.3526
0.07500,0.03500,0.00600,1.081216,0.430450,-0.486712,0.884404,864482.43,624,48.5577
0.07000,0.09500,0.01200,1.081179,0.455701,-0.518883,0.878234,1075043.53,624,43.7500
0.09500,0.14000,0.01600,1.081178,0.470894,-0.527601,0.892520,1223486.62,624,45.3526
0.04500,0.03500,0.00300,1.081173,0.419367,-0.491703,0.852887,784651.45,624,50.0000
0.08000,0.09500,0.01600,1.081131,0.461073,-0.526663,0.875461,1125519.33,624,45.8333
0.07000,0.12500,0.01600,1.081124,0.459000,-0.526643,0.871559,1105792.42,624,45.8333
0.02500,0.05000,0.01700,1.081092,0.406729,-0.426030,0.954696,701923.54,624,56.5705
0.06500,0.09000,0.01800,1.081069,0.452826,-0.530441,0.853678,1048888.01,624,47.2756
0.08000,0.11500,0.00700,1.080970,0.468491,-0.553571,0.846307,1198815.01,624,42.3077
0.08500,0.06000,0.01600,1.080932,0.441179,-0.440661,1.001175,948821.73,624,47.9167
0.07500,0.11000,0.00300,1.080916,0.469164,-0.548152,0.855901,1205678.29,624,40.7051
0.08000,0.12000,0.01300,1.080853,0.463309,-0.520827,0.889565,1147173.24,624,43.9103
0.07500,0.14500,0.00800,1.080758,0.466883,-0.554921,0.841350,1182565.44,624,42.6282
0.03500,0.05000,0.01400,1.080751,0.413969,-0.440471,0.939832,748280.02,624,51.4423
0.10000,0.14000,0.00800,1.080749,0.473846,-0.555842,0.852483,1254424.57,624,41.9872
0.06500,0.14500,0.01000,1.080725,0.460105,-0.514977,0.893448,1116271.16,624,43.9103
0.09000,0.08500,0.01800,1.080626,0.460426,-0.530469,0.867960,1119331.85,624,46.4744
0.09500,0.13500,0.01700,1.080590,0.470119,-0.529501,0.887852,1215478.33,624,46.1538
0.07500,0.12500,0.02000,1.080584,0.464829,-0.534279,0.870012,1162106.29,624,47.2756
0.05500,0.04000,0.00200,1.080482,0.426802,-0.448122,0.952424,837418.12,624,47.5962
0.07500,0.06500,0.00100,1.080397,0.452378,-0.445868,1.014601,1044873.56,624,42.3077
0.10000,0.12500,0.00300,1.080349,0.476310,-0.549816,0.866308,1280800.41,624,40.0641
0.07000,0.11500,0.01700,1.080332,0.458089,-0.528545,0.866700,1097224.25,624,46.6346
0.08000,0.09000,0.00800,1.080283,0.461649,-0.554914,0.831929,1131059.32,624,43.1090
0.04000,0.03500,0.01500,1.080268,0.401513,-0.430357,0.932978,670184.81,624,54.0064
0.09000,0.13500,0.01600,1.080243,0.468529,-0.527609,0.888024,1199202.62,624,45.3526
0.06500,0.08500,0.00200,1.080241,0.460052,-0.549985,0.836480,1115760.28,624,41.6667
0.10000,0.08500,0.01400,1.080190,0.457592,-0.522789,0.875290,1092571.01,624,44.5513
0.08000,0.08500,0.00300,1.080183,0.464088,-0.548131,0.846673,1154801.81,624,41.1859
0.07500,0.14000,0.01800,1.080166,0.462828,-0.530461,0.872502,1142483.92,624,46.1538
0.06500,0.14000,0.01000,1.080130,0.459594,-0.514978,0.892454,1111412.43,624,43.9103
0.07500,0.05500,0.01500,1.080118,0.435328,-0.440534,0.988184,901937.37,624,47.5962
0.07500,0.11000,0.00500,1.080004,0.465605,-0.551810,0.843779,1169798.14,624,41.6667
0.06500,0.15000,0.01900,1.079977,0.455604,-0.532366,0.855808,1074148.00,624,46.9551
0.08500,0.08500,0.01500,1.079953,0.455549,-0.524750,0.868126,1073646.66,624,45.3526
0.09500,0.06000,0.01200,1.079942,0.441016,-0.436107,1.011257,947482.68,624,45.3526
0.01000,0.02000,0.00600,1.079936,0.376815,-0.407895,0.923803,537034.60,624,66.3462
0.08000,0.08500,0.00400,1.079896,0.463357,-0.549522,0.843200,1147637.61,624,41.6667
0.10000,0.09000,0.01600,1.079890,0.460730,-0.526648,0.874835,1122233.37,624,45.8333
0.06500,0.11000,0.00200,1.079886,0.463235,-0.549977,0.842282,1146450.94,624,41.3462
0.04500,0.03000,0.00600,1.079825,0.410139,-0.474122,0.865049,723417.47,624,51.6026
0.07000,0.12000,0.01600,1.079800,0.457965,-0.526630,0.869614,1096062.70,624,45.8333
0.08000,0.06000,0.01500,1.079728,0.439261,-0.439556,0.999328,933208.20,624,47.4359
0.06500,0.10000,0.02000,1.079726,0.456162,-0.534279,0.853791,1079293.51,624,48.0769
0.08000,0.12500,0.01300,1.079688,0.462736,-0.520831,0.888457,1141590.32,624,43.9103
0.09500,0.13500,0.01200,1.079664,0.467737,-0.519852,0.899749,1191168.84,624,42.7885
0.04500,0.02500,0.01600,1.079654,0.403283,-0.460652,0.875461,680802.17,624,56.5705
0.09500,0.05500,0.00200,1.079599,0.450574,-0.466716,0.965413,1028813.45,624,43.2692
0.07500,0.09500,0.01700,1.079566,0.459038,-0.528544,0.868495,1106153.34,624,46.6346
0.03500,0.04500,0.01600,1.079548,0.410410,-0.407970,1.005981,725153.06,624,53.0449
0.06500,0.13500,0.01000,1.079545,0.459095,-0.514987,0.891469,1106691.83,624,43.9103
0.06000,0.04500,0.00500,1.079542,0.429030,-0.428732,1.000695,853853.00,624,46.9551
0.07500,0.14000,0.00800,1.079518,0.465852,-0.554921,0.839493,1172253.28,624,42.6282
0.04000,0.03500,0.01900,1.079470,0.399571,-0.461784,0.865278,658706.87,624,55.2885
0.06500,0.10500,0.00700,1.079444,0.459150,-0.553569,0.829435,1107207.70,624,43.2692
0.10000,0.06000,0.00300,1.079429,0.452174,-0.455875,0.991881,1043040.41,624,43.1090
0.08000,0.14500,0.00300,1.079392,0.472210,-0.548137,0.861482,1237187.80,624,40.5449
0.06500,0.14500,0.01900,1.079388,0.455090,-0.532357,0.854858,1069435.96,624,46.9551
0.09000,0.08500,0.00700,1.079334,0.462497,-0.553569,0.835483,1139269.01,624,42.7885
0.07500,0.04000,0.00600,1.079297,0.426069,-0.420033,1.014370,832073.82,624,47.2756
0.09000,0.13000,0.01700,1.079253,0.467444,-0.529505,0.882794,1188212.27,624,46.1538
0.05000,0.04000,0.00300,1.079207,0.422434,-0.448539,0.941800,806035.68,624,48.0769
0.09500,0.13500,0.01600,1.079160,0.469186,-0.527598,0.889287,1205902.55,624,45.3526
0.09000,0.08000,0.01200,1.079159,0.455916,-0.518874,0.878665,1077025.91,624,43.5897
0.01000,0.05500,0.00100,1.079129,0.399151,-0.477010,0.836777,656248.38,624,66.6667
0.10000,0.05500,0.00200,1.079092,0.450253,-0.466697,0.964766,1025985.59,624,43.2692
0.08000,0.05500,0.01900,1.079031,0.435735,-0.446571,0.975736,905124.71,624,48.7179
0.10000,0.13000,0.00300,1.079002,0.476071,-0.549807,0.865886,1278219.06,624,40.0641
0.10000,0.15000,0.01200,1.078969,0.469103,-0.519863,0.902358,1205053.70,624,42.6282
0.01000,0.03000,0.01500,1.078961,0.373549,-0.399181,0.935789,521381.80,624,66.3462
0.04000,0.02500,0.00800,1.078943,0.400923,-0.458709,0.874026,666677.95,624,54.0064
0.07000,0.08500,0.01500,1.078916,0.452137,-0.524731,0.861655,1042712.65,624,45.6731
0.07500,0.13500,0.01800,1.078895,0.461794,-0.530463,0.870549,1132461.01,624,46.1538
0.10000,0.15000,0.01700,1.078871,0.471243,-0.529503,0.889972,1227102.66,624,45.9936
0.10000,0.12500,0.00500,1.078862,0.472019,-0.556082,0.848830,1235191.75,624,41.0256
0.04500,0.05000,0.01400,1.078855,0.417649,-0.435755,0.958449,772903.37,624,49.6795
0.05000,0.04000,0.00400,1.078855,0.421082,-0.431974,0.974787,796545.66,624,48.5577
0.02500,0.04500,0.01600,1.078801,0.404686,-0.408661,0.990271,689327.56,624,56.2500
0.06000,0.04000,0.00200,1.078795,0.429311,-0.447987,0.958313,855951.19,624,46.9551
0.06500,0.14000,0.01900,1.078770,0.454571,-0.532377,0.853851,1064690.78,624,46.9551
0.08000,0.08500,0.00800,1.078770,0.459291,-0.554942,0.827637,1108538.61,624,43.2692
0.06500,0.13000,0.01000,1.078741,0.458440,-0.514962,0.890240,1100515.86,624,43.9103
0.01000,0.04500,0.00200,1.078741,0.396117,-0.513531,0.771359,638736.95,624,66.3462
0.06500,0.09500,0.01800,1.078715,0.452255,-0.530455,0.852579,1043765.61,624,47.1154
0.06500,0.10000,0.01300,1.078636,0.452434,-0.520842,0.868659,1045373.20,624,44.8718
0.08000,0.05500,0.01400,1.078477,0.434226,-0.440998,0.984644,893348.82,624,46.9551
0.07500,0.13000,0.01800,1.078467,0.461372,-0.530481,0.869725,1128396.96,624,46.1538
0.08000,0.14500,0.00500,1.078448,0.468698,-0.550869,0.850833,1200918.70,624,41.5064
0.07000,0.11500,0.01600,1.078410,0.456902,-0.526635,0.867588,1086146.07,624,45.8333
0.01000,0.03500,0.01500,1.078322,0.374394,-0.404015,0.926685,525391.88,624,65.8654
0.01000,0.04000,0.00700,1.078287,0.385651,-0.430229,0.896385,581586.33,624,65.5449
0.07500,0.13500,0.00800,1.078279,0.464834,-0.554939,0.837630,1162147.07,624,42.6282
0.09000,0.12500,0.01200,1.078197,0.464410,-0.519860,0.893336,1157971.04,624,42.9487
0.01500,0.06000,0.00200,1.078189,0.404920,-0.511951,0.790936,690763.63,624,60.5769
0.09500,0.08500,0.00300,1.078187,0.467403,-0.548135,0.852715,1187797.60,624,40.8654
0.06500,0.13500,0.01900,1.078156,0.454058,-0.532377,0.852888,1060025.52,624,46.9551
0.09500,0.06000,0.00300,1.078132,0.451357,-0.455875,0.990091,1035759.70,624,43.1090
0.02000,0.05500,0.02000,1.078118,0.395137,-0.466805,0.846472,633177.64,624,59.9359
0.02000,0.05000,0.01800,1.078089,0.394506,-0.499670,0.789532,629616.95,624,59.2949
0.05500,0.04000,0.00300,1.078084,0.424581,-0.448659,0.946333,821322.24,624,47.7564
0.01000,0.02500,0.01100,1.078083,0.373860,-0.390686,0.956933,522855.57,624,66.9872
0.02500,0.05000,0.01200,1.078057,0.405885,-0.487533,0.832528,696697.02,624,54.0064
0.09000,0.12000,0.01200,1.077985,0.463973,-0.519854,0.892506,1153668.74,624,42.9487
0.07000,0.10500,0.00400,1.077965,0.462581,-0.549518,0.841793,1140078.55,624,41.5064
0.05000,0.04500,0.01600,1.077945,0.417060,-0.431594,0.966324,768912.39,624,51.2821
0.06500,0.09000,0.00700,1.077943,0.456349,-0.553553,0.824399,1081022.11,624,43.5897
0.06500,0.04500,0.00400,1.077920,0.431436,-0.425210,1.014641,871937.12,624,46.4744
0.02000,0.02500,0.00600,1.077908,0.386532,-0.447145,0.864445,586209.65,624,59.4551
0.03000,0.05000,0.01300,1.077848,0.410956,-0.439587,0.934868,728655.95,624,52.7244
0.05000,0.02500,0.01500,1.077838,0.403369,-0.451142,0.894107,681325.05,624,55.9295
0.08000,0.06000,0.01800,1.077834,0.438743,-0.450008,0.974966,929035.61,624,48.5577
0.05500,0.04000,0.00400,1.077820,0.423266,-0.431973,0.979843,811931.78,624,48.2372
0.06500,0.10000,0.00800,1.077794,0.456242,-0.554917,0.822180,1080032.81,624,43.5897
0.09000,0.13000,0.01600,1.077763,0.466477,-0.527612,0.884128,1178490.22,624,45.3526
0.07500,0.13000,0.00800,1.077751,0.464347,-0.554952,0.836734,1157350.09,624,42.6282
0.10000,0.14000,0.02000,1.077732,0.471509,-0.535244,0.880924,1229871.34,624,46.9551
0.09500,0.06500,0.00100,1.077727,0.456797,-0.451130,1.012562,1085167.77,624,41.8269
0.08000,0.04500,0.00300,1.077676,0.435712,-0.437775,0.995287,904946.44,624,45.5128
0.05000,0.02500,0.00700,1.077671,0.407726,-0.481080,0.847523,708149.13,624,52.7244
0.01000,0.05000,0.01800,1.077632,0.375870,-0.403662,0.931149,532460.55,624,65.8654
0.07500,0.10500,0.00400,1.077629,0.465708,-0.549524,0.847474,1170816.64,624,41.1859
0.02500,0.05000,0.00100,1.077628,0.418584,-0.450284,0.929600,779274.72,624,52.4038
0.07500,0.09500,0.01600,1.077547,0.457775,-0.526649,0.869223,1094284.04,624,45.8333
0.07500,0.12000,0.01800,1.077542,0.460359,-0.530475,0.867824,1118686.46,624,46.1538
0.09500,0.09000,0.01200,1.077540,0.457501,-0.518895,0.881683,1091725.45,624,43.4295
0.06500,0.12500,0.01000,1.077448,0.457420,-0.514957,0.888267,1090964.44,624,43.9103
0.10000,0.15000,0.01600,1.077402,0.470290,-0.527605,0.891368,1217240.18,624,45.1923
0.06500,0.13000,0.01900,1.077390,0.453432,-0.532371,0.851723,1054359.11,624,46.9551
0.09500,0.08500,0.00400,1.077386,0.464102,-0.549533,0.844540,1154938.25,624,41.3462
0.07000,0.11000,0.00300,1.077381,0.463287,-0.548150,0.845183,1146955.94,624,41.0256
0.08000,0.11000,0.02000,1.077345,0.463186,-0.534293,0.866913,1145966.66,624,47.2756
0.01000,0.02500,0.01000,1.077342,0.373240,-0.390920,0.954772,519920.80,624,66.3462
0.02000,0.02500,0.00800,1.077289,0.384533,-0.453960,0.847064,575767.77,624,60.0962
0.07500,0.06000,0.00800,1.077266,0.441813,-0.456624,0.967563,954030.69,624,45.1923
0.08500,0.14000,0.01700,1.077208,0.464695,-0.528559,0.879173,1160776.14,624,46.3141
0.02500,0.05500,0.01900,1.077167,0.405750,-0.442216,0.917538,695862.30,624,56.4103
0.01500,0.04000,0.00600,1.077160,0.392353,-0.422638,0.928342,617612.91,624,60.2564
0.06500,0.08500,0.01000,1.077134,0.453596,-0.514972,0.880817,1055838.48,624,44.3910
0.07500,0.11500,0.02000,1.077058,0.462074,-0.534286,0.864844,1135168.22,624,47.2756
0.06500,0.09500,0.00700,1.076984,0.456566,-0.553569,0.824767,1083025.61,624,43.4295
0.09000,0.05000,0.00200,1.076982,0.444593,-0.429995,1.033950,977205.89,624,44.0705
0.10000,0.13000,0.00500,1.076959,0.471300,-0.556078,0.847543,1227700.20,624,41.0256
0.08000,0.10500,0.00300,1.076956,0.467144,-0.548140,0.852235,1185189.02,624,40.7051
0.04500,0.04000,0.00400,1.076954,0.417295,-0.424703,0.982556,770499.90,624,49.3590
0.07500,0.12000,0.00800,1.076934,0.463390,-0.554933,0.835037,1147958.19,624,42.6282
0.07000,0.11000,0.00500,1.076859,0.459980,-0.553348,0.831267,1115082.14,624,41.9872
0.08000,0.08500,0.01800,1.076796,0.454211,-0.530447,0.856281,1061418.52,624,46.6346
0.07500,0.08500,0.00500,1.076789,0.458801,-0.551827,0.831422,1103914.45,624,42.3077
0.05500,0.04500,0.00100,1.076752,0.428431,-0.425798,1.006183,849405.15,624,46.4744
0.08500,0.12500,0.01200,1.076626,0.462252,-0.518895,0.890840,1136893.07,624,43.1090
0.08500,0.05500,0.00400,1.076625,0.442891,-0.465872,0.950671,962956.59,624,44.0705
0.01500,0.06000,0.00300,1.076592,0.402264,-0.500252,0.804123,674670.50,624,60.2564
0.07500,0.09000,0.00400,1.076548,0.462007,-0.549509,0.840762,1134516.21,624,41.5064
0.08500,0.09000,0.01200,1.076544,0.456082,-0.518912,0.878921,1078555.32,624,43.5897
0.04500,0.04500,0.00800,1.076531,0.414764,-0.446755,0.928394,753537.81,624,49.3590
0.08500,0.12000,0.01200,1.076454,0.461838,-0.518887,0.890054,1132882.40,624,43.1090
0.09500,0.08500,0.00800,1.076435,0.459940,-0.554931,0.828825,1114702.75,624,42.9487
0.09000,0.05500,0.00400,1.076409,0.443386,-0.465845,0.951790,967084.40,624,43.9103
0.09500,0.08500,0.02000,1.076403,0.460759,-0.534295,0.862369,1122515.06,624,47.5962
0.05500,0.02500,0.01400,1.076359,0.405853,-0.485361,0.836187,696497.42,624,54.9679
0.03000,0.05000,0.01800,1.076295,0.410226,-0.434234,0.944712,723973.69,624,54.3269
0.03500,0.05000,0.01300,1.076271,0.412654,-0.433931,0.950967,739657.19,624,51.1218
0.10000,0.06000,0.00400,1.076257,0.446981,-0.460765,0.970086,997519.71,624,43.5897
0.07000,0.06000,0.01500,1.076155,0.434202,-0.435158,0.997803,893160.57,624,47.5962
0.07000,0.10000,0.01200,1.076114,0.453278,-0.518891,0.873551,1052960.37,624,43.5897
0.08000,0.10500,0.00500,1.076071,0.463657,-0.550861,0.841695,1150569.83,624,41.6667
0.06500,0.12000,0.01000,1.076065,0.456349,-0.514983,0.886142,1081016.42,624,43.9103
0.01500,0.07000,0.00100,1.076045,0.406539,-0.477857,0.850756,700745.97,624,60.5769
0.06500,0.12500,0.01900,1.076028,0.452377,-0.532374,0.849735,1044858.17,624,46.9551
0.08000,0.06000,0.01300,1.076018,0.437075,-0.437241,0.999618,915702.81,624,46.4744
0.02500,0.03500,0.00700,1.075984,0.400702,-0.456874,0.877050,665364.36,624,55.4487
0.09500,0.13000,0.01700,1.075966,0.466534,-0.529513,0.881063,1179064.87,624,46.1538
0.03500,0.03500,0.01600,1.075962,0.395788,-0.407964,0.970153,636864.33,624,55.6090
0.03000,0.05000,0.01100,1.075915,0.413019,-0.457374,0.903022,742037.90,624,52.4038
0.07500,0.12500,0.01800,1.075808,0.459318,-0.530455,0.865895,1108800.73,624,46.1538
0.02000,0.03500,0.01700,1.075771,0.387251,-0.431613,0.897218,590007.30,624,60.0962
0.09000,0.14000,0.00400,1.075701,0.470936,-0.552937,0.851700,1223922.37,624,40.7051
0.09500,0.08000,0.01200,1.075677,0.454308,-0.518878,0.875558,1062297.00,624,43.4295
0.08500,0.14000,0.01600,1.075650,0.463696,-0.526640,0.880480,1150954.20,624,45.5128
0.06000,0.04000,0.00300,1.075568,0.426632,-0.448503,0.951235,836175.28,624,47.1154
0.02000,0.04500,0.00900,1.075529,0.396366,-0.440795,0.899206,640158.91,624,57.2115
0.08000,0.09000,0.00700,1.075515,0.460091,-0.553553,0.831160,1116132.64,624,42.7885
0.10000,0.13500,0.00800,1.075496,0.470218,-0.555844,0.845954,1216500.96,624,41.9872
0.01500,0.06000,0.00500,1.075485,0.397153,-0.436369,0.910131,644669.83,624,60.2564
0.06500,0.11000,0.01400,1.075336,0.450518,-0.522771,0.861789,1028323.75,624,45.1923
0.08500,0.05000,0.00200,1.075115,0.440280,-0.430113,1.023640,941476.81,624,44.2308
0.08000,0.15000,0.01500,1.075102,0.461707,-0.524736,0.879884,1131622.31,624,44.8718
0.07500,0.12500,0.00800,1.075088,0.462279,-0.554943,0.833021,1137152.46,624,42.6282
0.05000,0.05000,0.01400,1.075083,0.416412,-0.433345,0.960925,764546.34,624,49.3590
0.01000,0.02000,0.00700,1.074961,0.374561,-0.394788,0.948764,526186.30,624,66.8269
0.09500,0.06000,0.00400,1.074952,0.446169,-0.460765,0.968324,990569.92,624,43.5897
0.06500,0.04500,0.00500,1.074947,0.427069,-0.428726,0.996134,839369.69,624,46.7949
0.09500,0.13000,0.01200,1.074938,0.464148,-0.519857,0.892837,1155386.44,624,42.7885
0.09500,0.14000,0.00400,1.074800,0.471886,-0.552960,0.853382,1233802.82,624,40.5449
0.08000,0.11500,0.01300,1.074765,0.458909,-0.520821,0.881126,1104934.42,624,43.9103
0.10000,0.13500,0.02000,1.074755,0.469228,-0.535237,0.876673,1206329.06,624,46.9551
0.08500,0.13500,0.01700,1.074706,0.462678,-0.528535,0.875397,1141022.62,624,46.3141
0.01000,0.05500,0.01000,1.074704,0.381101,-0.426581,0.893385,558239.63,624,65.3846
0.01000,0.05000,0.00300,1.074704,0.392177,-0.521217,0.752424,616641.02,624,65.7051
0.08000,0.05500,0.01300,1.074699,0.433027,-0.439891,0.984396,884089.53,624,46.4744
0.06500,0.11500,0.01000,1.074697,0.455301,-0.515002,0.884078,1071373.79,624,43.9103
0.06500,0.12000,0.01900,1.074676,0.451333,-0.532374,0.847775,1035547.25,624,46.9551
0.03000,0.03500,0.01700,1.074654,0.394490,-0.417095,0.945803,629527.40,624,56.7308
0.09000,0.05000,0.00300,1.074636,0.442300,-0.431163,1.025830,958052.04,624,44.2308
0.09000,0.12500,0.01700,1.074609,0.463792,-0.529479,0.875939,1151892.89,624,46.1538
0.07500,0.14500,0.00700,1.074553,0.464283,-0.553571,0.838705,1156718.45,624,42.3077
0.09500,0.13000,0.01600,1.074522,0.465601,-0.527604,0.882483,1169758.24,624,45.3526
0.10000,0.03500,0.01600,1.074504,0.429123,-0.502088,0.854678,854549.71,624,51.6026
0.07500,0.10000,0.00300,1.074491,0.464220,-0.548150,0.846885,1156093.73,624,40.8654
0.09000,0.12000,0.01700,1.074423,0.463334,-0.529509,0.875027,1147416.06,624,46.1538
0.07000,0.06000,0.01800,1.074371,0.433752,-0.433904,0.999649,889676.73,624,48.7179
0.06500,0.08000,0.01900,1.074260,0.446191,-0.532394,0.838084,990753.66,624,47.4359
0.02500,0.04000,0.00300,1.074252,0.408443,-0.437933,0.932661,712653.81,624,53.2051
0.07000,0.05500,0.01900,1.074158,0.429783,-0.435059,0.987873,859475.31,624,48.8782
0.06000,0.04000,0.00400,1.074156,0.424707,-0.431959,0.983212,822232.71,624,47.5962
0.07500,0.08500,0.02000,1.074139,0.454514,-0.534294,0.850682,1064175.31,624,47.7564
0.02500,0.04000,0.00800,1.074116,0.401530,-0.457767,0.877148,670280.98,624,54.4872
0.09000,0.14000,0.00300,1.074077,0.471669,-0.549811,0.857874,1231533.76,624,40.2244
0.03000,0.03500,0.00200,1.074054,0.408250,-0.472180,0.864606,711434.48,624,52.7244
0.10000,0.09000,0.00500,1.073961,0.461583,-0.550859,0.837933,1130426.76,624,41.6667
0.02500,0.04000,0.01600,1.073948,0.397713,-0.411578,0.966314,647895.58,624,56.7308
0.07500,0.10000,0.00500,1.073939,0.460926,-0.551815,0.835291,1124112.80,624,41.8269
0.09000,0.06000,0.01700,1.073936,0.440126,-0.441891,0.996006,940222.78,624,48.5577
0.02000,0.05000,0.01200,1.073896,0.393530,-0.473819,0.830549,624148.50,624,57.0513
0.08000,0.08500,0.00700,1.073880,0.457684,-0.553580,0.826771,1093427.71,624,42.9487
0.05000,0.03500,0.00800,1.073858,0.412204,-0.446016,0.924191,736723.79,624,50.6410
0.05000,0.03000,0.01700,1.073741,0.404333,-0.465500,0.868601,687178.34,624,55.1282
0.10000,0.08000,0.01700,1.073716,0.456036,-0.528533,0.862833,1078125.64,624,46.6346
0.06500,0.10000,0.01800,1.073697,0.449946,-0.530450,0.848234,1023281.07,624,46.9551
0.01000,0.04500,0.00400,1.073686,0.388681,-0.445184,0.873077,597625.24,624,65.5449
0.09000,0.08500,0.01300,1.073647,0.452889,-0.520842,0.869533,1049461.55,624,44.3910
0.01500,0.07000,0.01700,1.073608,0.386366,-0.409857,0.942684,585334.13,624,62.0192
0.01000,0.05500,0.01100,1.073588,0.380783,-0.427133,0.891485,556636.75,624,66.0256
0.08500,0.05500,0.00700,1.073576,0.438907,-0.479544,0.915259,930353.44,624,45.1923
0.03500,0.04500,0.01000,1.073548,0.409632,-0.448073,0.914210,720186.84,624,51.2821
0.09500,0.13500,0.00400,1.073504,0.470775,-0.552957,0.851376,1222247.47,624,40.5449
0.09500,0.14000,0.00300,1.073482,0.472789,-0.549816,0.859905,1243266.32,624,40.0641
0.08500,0.05500,0.01200,1.073478,0.432190,-0.438761,0.985025,877678.75,624,45.6731
0.04000,0.04500,0.01600,1.073370,0.409392,-0.431799,0.948109,718659.27,624,52.0833
0.05000,0.02500,0.01700,1.073368,0.401084,-0.470378,0.852684,667628.28,624,56.5705
0.07000,0.09500,0.00400,1.073337,0.458552,-0.549517,0.834463,1101564.52,624,41.6667
0.08000,0.09000,0.02000,1.073328,0.456191,-0.534298,0.853813,1079559.84,624,47.5962
0.07500,0.14000,0.00700,1.073311,0.463254,-0.553570,0.836848,1146630.32,624,42.3077
0.04500,0.05000,0.01300,1.073306,0.415810,-0.434050,0.957978,760506.49,624,49.1987
0.06500,0.11500,0.01900,1.073298,0.450290,-0.532374,0.845815,1026311.97,624,46.9551
0.07000,0.08000,0.01700,1.073220,0.448578,-0.528545,0.848704,1011321.06,624,47.1154
0.07000,0.11000,0.01700,1.073210,0.453299,-0.528522,0.857673,1053154.67,624,46.6346
0.09000,0.09000,0.01200,1.073149,0.454089,-0.518890,0.875117,1060310.94,624,43.5897
0.10000,0.14000,0.01500,1.073133,0.463854,-0.525708,0.882342,1152507.09,624,44.7115
0.07500,0.05500,0.00100,1.073125,0.441721,-0.461901,0.956310,953275.60,624,43.4295
0.09000,0.12500,0.01600,1.073106,0.462823,-0.527604,0.877216,1142431.38,624,45.3526
0.09000,0.13500,0.00400,1.073101,0.468829,-0.552943,0.847879,1202254.56,624,40.7051
0.06000,0.03000,0.01500,1.073058,0.410508,-0.457986,0.896332,725776.48,624,53.3654
0.08500,0.05000,0.00300,1.073033,0.438135,-0.431115,1.016285,924158.85,624,44.3910
0.08500,0.08500,0.00500,1.073024,0.457013,-0.550877,0.829610,1087176.38,624,42.1474
0.08500,0.13500,0.01600,1.073015,0.461595,-0.526651,0.876473,1130543.35,624,45.5128
0.09000,0.12000,0.01600,1.073008,0.462418,-0.527598,0.876458,1138493.90,624,45.3526
0.08000,0.08000,0.01200,1.072976,0.448739,-0.518889,0.864807,1012724.68,624,43.9103
0.01500,0.05500,0.01600,1.072949,0.386749,-0.407928,0.948082,587352.78,624,62.0192
0.08500,0.13000,0.01700,1.072887,0.461185,-0.528552,0.872545,1126602.06,624,46.3141
0.10000,0.12000,0.00400,1.072837,0.469356,-0.552965,0.848798,1207642.82,624,40.5449
0.08000,0.09000,0.01300,1.072756,0.452633,-0.520837,0.869048,1047155.32,624,44.3910
0.08000,0.11000,0.00800,1.072743,0.461010,-0.554919,0.830769,1124916.74,624,42.6282
0.09000,0.05500,0.00700,1.072723,0.439061,-0.479576,0.915520,931599.81,624,45.0321
0.03500,0.04500,0.01700,1.072707,0.405894,-0.409167,0.992002,696753.75,624,53.6859
0.01000,0.03500,0.00800,1.072671,0.379448,-0.433470,0.875373,549971.47,624,65.5449
0.07500,0.08000,0.01200,1.072631,0.448422,-0.518905,0.864170,1009966.33,624,43.9103
0.10000,0.06000,0.00500,1.072608,0.442541,-0.465605,0.950465,960052.35,624,43.9103
0.02000,0.04500,0.01500,1.072579,0.390398,-0.417275,0.935589,606897.13,624,58.6538
0.07000,0.06000,0.00100,1.072566,0.442334,-0.456702,0.968539,958335.99,624,43.2692
0.08000,0.11000,0.01800,1.072552,0.457695,-0.530474,0.862805,1093534.05,624,46.1538
0.07500,0.04500,0.00200,1.072500,0.433345,-0.437440,0.990638,886533.19,624,45.3526
0.02000,0.04000,0.00800,1.072357,0.394204,-0.446052,0.883762,627921.22,624,57.3718
0.06000,0.05000,0.01200,1.072333,0.422508,-0.444444,0.950645,806560.97,624,47.1154
0.08000,0.08500,0.01300,1.072328,0.450939,-0.520839,0.865793,1032043.90,624,44.5513
0.05000,0.03500,0.01800,1.072314,0.404338,-0.472667,0.855438,687205.59,624,54.0064
0.10000,0.08500,0.01900,1.072242,0.455898,-0.532389,0.856326,1076861.40,624,46.4744
0.07500,0.11500,0.01800,1.072241,0.456565,-0.530449,0.860714,1083016.98,624,46.1538
0.07500,0.13500,0.00700,1.072092,0.462247,-0.553556,0.835049,1136841.58,624,42.3077
0.06000,0.05000,0.01700,1.072039,0.423188,-0.432779,0.977838,811374.80,624,50.0000
0.01000,0.04000,0.01300,1.071976,0.373680,-0.390774,0.956255,521999.69,624,65.5449
0.02500,0.04500,0.00900,1.071923,0.403547,-0.453186,0.890466,682398.12,624,54.0064
0.02000,0.03500,0.00700,1.071915,0.393364,-0.447608,0.878812,623221.92,624,57.8526
0.07000,0.15000,0.00800,1.071885,0.456995,-0.554935,0.823509,1087004.58,624,42.9487
0.03500,0.04000,0.00300,1.071814,0.411068,-0.424751,0.967786,729375.41,624,50.3205
0.10000,0.08000,0.01600,1.071703,0.454779,-0.526647,0.863536,1066593.87,624,45.8333
0.08500,0.05500,0.01000,1.071695,0.433972,-0.490458,0.884830,891377.51,624,45.6731
0.04500,0.04000,0.00300,1.071689,0.415483,-0.448450,0.926487,758318.82,624,48.8782
0.07500,0.13000,0.00700,1.071643,0.461810,-0.553555,0.834262,1132617.11,624,42.3077
0.09500,0.08500,0.00700,1.071633,0.458322,-0.553567,0.827943,1099405.14,624,42.6282
0.05500,0.02500,0.00800,1.071593,0.408101,-0.483473,0.844101,710497.61,624,52.4038
0.01000,0.04500,0.00500,1.071564,0.384455,-0.452240,0.850113,575361.98,624,65.5449
0.07500,0.11500,0.00800,1.071530,0.459511,-0.554934,0.828046,1110628.73,624,42.6282
0.08500,0.14000,0.00400,1.071524,0.466919,-0.549495,0.849724,1182930.42,624,40.8654
0.09500,0.13500,0.00300,1.071501,0.471096,-0.549817,0.856823,1225573.83,624,40.0641
0.03000,0.04500,0.00800,1.071404,0.407270,-0.455185,0.894737,705296.45,624,51.9231
0.07500,0.14500,0.01300,1.071392,0.456793,-0.520823,0.877060,1085135.60,624,43.9103
0.10000,0.08500,0.01000,1.071372,0.457060,-0.514997,0.887500,1087609.96,624,43.2692
0.09000,0.06000,0.01600,1.071359,0.438644,-0.440746,0.995231,928235.32,624,47.7564
0.09000,0.13000,0.00400,1.071325,0.467349,-0.552947,0.845196,1187251.80,624,40.7051
0.05000,0.03500,0.00100,1.071323,0.418987,-0.466030,0.899055,782039.89,624,48.8782
0.07500,0.08500,0.00300,1.071313,0.457997,-0.548141,0.835546,1096357.43,624,41.1859
0.09500,0.06000,0.00500,1.071293,0.441728,-0.465605,0.948719,953333.54,624,43.9103
0.09000,0.05500,0.01200,1.071274,0.431631,-0.438773,0.983721,873416.05,624,45.5128
0.07000,0.14500,0.00800,1.071262,0.456459,-0.554936,0.822542,1082035.42,624,42.9487
0.07000,0.11000,0.01600,1.071258,0.452097,-0.526638,0.858459,1042357.20,624,45.8333
0.05500,0.03000,0.01500,1.071250,0.405256,-0.458027,0.884785,692821.47,624,54.0064
0.08500,0.13000,0.01600,1.071213,0.460125,-0.526633,0.873710,1116455.29,624,45.5128
0.09000,0.14000,0.00500,1.071206,0.466098,-0.556075,0.838192,1174704.26,624,41.1859
0.10000,0.04500,0.00500,1.071146,0.431017,-0.436014,0.988539,868764.81,624,45.8333
0.07500,0.08500,0.00800,1.071133,0.454066,-0.554933,0.818235,1060095.04,624,43.2692
0.06500,0.10500,0.00200,1.071037,0.457231,-0.549973,0.831370,1089202.50,624,41.3462
0.02000,0.03500,0.00800,1.070964,0.391239,-0.453325,0.863042,611484.43,624,58.0128
0.07000,0.15000,0.01500,1.070926,0.452034,-0.524745,0.861435,1041787.43,624,45.1923
0.07500,0.08500,0.00400,1.070913,0.457197,-0.549507,0.832013,1088883.92,624,41.6667
0.09000,0.13500,0.00300,1.070910,0.469055,-0.549830,0.853091,1204561.58,624,40.2244
0.04000,0.03500,0.01200,1.070892,0.398607,-0.486056,0.820085,653074.61,624,52.5641
0.08000,0.15000,0.02000,1.070814,0.462150,-0.534282,0.864991,1135898.44,624,47.1154
0.07500,0.12000,0.00700,1.070746,0.460813,-0.553574,0.832433,1123034.02,624,42.3077
0.10000,0.13500,0.01500,1.070739,0.462115,-0.525702,0.879043,1135562.10,624,44.7115
0.07000,0.08000,0.01600,1.070692,0.447058,-0.526623,0.848913,998175.87,624,46.3141
0.07000,0.14000,0.00800,1.070679,0.455957,-0.554923,0.821659,1077404.02,624,42.9487
0.05000,0.03500,0.01200,1.070641,0.406153,-0.481501,0.843516,698354.96,624,51.2821
0.07500,0.11000,0.01500,1.070625,0.454120,-0.524731,0.865435,1060593.24,624,45.0321
0.04000,0.03500,0.01000,1.070610,0.401795,-0.471902,0.851436,671863.11,624,52.7244
0.01000,0.04500,0.00900,1.070608,0.378706,-0.426008,0.888964,546298.51,624,65.0641
0.02500,0.04500,0.01700,1.070583,0.399326,-0.429123,0.930563,657272.84,624,56.8910
0.10000,0.12500,0.00800,1.070568,0.465779,-0.555828,0.837991,1171528.17,624,41.9872
0.07000,0.06000,0.01000,1.070550,0.435234,-0.464227,0.937546,901200.55,624,45.8333
0.10000,0.06000,0.00800,1.070540,0.440290,-0.456633,0.964210,941554.13,624,44.7115
0.06500,0.10000,0.00700,1.070538,0.453145,-0.553570,0.818586,1051765.12,624,43.2692
0.05500,0.05000,0.01000,1.070509,0.421569,-0.437594,0.963379,799951.56,624,47.9167
0.09500,0.08500,0.01800,1.070483,0.454586,-0.530487,0.856922,1064830.84,624,46.4744
0.07500,0.05500,0.00900,1.070457,0.433457,-0.465628,0.930909,887399.14,624,45.5128
0.07000,0.14500,0.01500,1.070332,0.451519,-0.524731,0.860477,1037201.60,624,45.1923
0.01000,0.03500,0.01200,1.070317,0.372417,-0.390688,0.953235,516055.26,624,65.2244
0.02000,0.05000,0.01400,1.070264,0.389973,-0.429661,0.907631,604592.18,624,58.1731
0.02000,0.04500,0.00100,1.070227,0.405237,-0.465433,0.870666,692705.05,624,56.4103
0.06500,0.08000,0.00200,1.070211,0.452883,-0.550010,0.823409,1049406.94,624,41.6667
0.01500,0.06500,0.00100,1.070201,0.403095,-0.477592,0.844015,679666.70,624,60.5769
0.04000,0.02500,0.01500,1.070198,0.392724,-0.436401,0.899916,619670.04,624,56.7308
0.09500,0.14000,0.00500,1.070180,0.466983,-0.556083,0.839772,1183569.02,624,41.0256
0.07500,0.14000,0.01300,1.070170,0.455789,-0.520834,0.875115,1075858.00,624,43.9103
0.07000,0.13500,0.00800,1.070069,0.455444,-0.554936,0.820715,1072686.40,624,42.9487
0.10000,0.12500,0.02000,1.070048,0.464857,-0.535216,0.868541,1162377.29,624,46.9551
0.03000,0.02500,0.01600,1.070042,0.386018,-0.432262,0.893018,583505.02,624,59.4551
0.05000,0.02500,0.00900,1.070021,0.401317,-0.486611,0.824719,669018.30,624,53.2051
0.04000,0.03500,0.00900,1.069981,0.402086,-0.446254,0.901025,673601.90,624,52.0833
0.03000,0.04000,0.00300,1.069959,0.408926,-0.438080,0.933450,715701.11,624,51.2821
0.05000,0.05000,0.01300,1.069935,0.414774,-0.429895,0.964827,753602.31,624,48.8782
0.06000,0.05000,0.01600,1.069930,0.422169,-0.431575,0.978205,804166.56,624,49.1987
0.07000,0.08500,0.00500,1.069921,0.452443,-0.553317,0.817691,1045448.42,624,42.4679
0.01500,0.05500,0.00700,1.069914,0.392893,-0.421138,0.932933,620606.06,624,60.4167
0.01500,0.05500,0.00800,1.069902,0.390766,-0.422941,0.923926,608900.93,624,60.4167
0.07000,0.14000,0.01500,1.069734,0.451013,-0.524741,0.859497,1032706.66,624,45.1923
0.08000,0.11000,0.00700,1.069708,0.460520,-0.553568,0.831913,1120231.48,624,42.3077
0.01000,0.03000,0.01200,1.069664,0.370934,-0.390476,0.949953,509150.01,624,65.7051
0.10000,0.03500,0.01700,1.069644,0.425732,-0.503589,0.845396,829630.31,624,52.2436
0.10000,0.10000,0.01700,1.069549,0.457879,-0.528544,0.866304,1095256.87,624,46.3141
0.02000,0.04000,0.00700,1.069500,0.394374,-0.443057,0.890121,628877.05,624,57.2115
0.10000,0.06000,0.00700,1.069495,0.440502,-0.452795,0.972851,943280.52,624,44.5513
0.08000,0.14000,0.01900,1.069472,0.457684,-0.532374,0.859704,1093430.09,624,46.1538
0.01000,0.03000,0.00800,1.069470,0.376540,-0.436172,0.863284,535704.10,624,65.8654
0.09500,0.13000,0.00400,1.069428,0.467660,-0.552944,0.845764,1190389.33,624,40.5449
0.01500,0.03500,0.00600,1.069415,0.386761,-0.425875,0.908157,587417.50,624,60.5769
0.08500,0.05500,0.02000,1.069395,0.433015,-0.447739,0.967115,883993.12,624,49.6795
0.07500,0.09000,0.01500,1.069315,0.449569,-0.524732,0.856759,1019971.25,624,45.3526
0.10000,0.13000,0.00800,1.069288,0.465548,-0.555839,0.837559,1169225.15,624,41.9872
0.07000,0.13000,0.00800,1.069286,0.454805,-0.554912,0.819598,1066831.68,624,42.9487
0.07000,0.10000,0.00400,1.069237,0.456622,-0.549491,0.830991,1083550.80,624,41.5064
0.09500,0.06000,0.00800,1.069219,0.439477,-0.456633,0.962431,934959.64,624,44.7115
0.08500,0.12000,0.01700,1.069214,0.458084,-0.528562,0.866661,1097171.24,624,46.3141
0.07500,0.06000,0.02000,1.069208,0.435380,-0.436138,0.998264,902346.06,624,49.6795
0.06000,0.02500,0.00900,1.069181,0.409198,-0.486594,0.840943,717425.15,624,52.0833
0.06000,0.02500,0.00700,1.069152,0.411218,-0.481076,0.854788,730340.94,624,51.6026
0.10000,0.09000,0.00400,1.069145,0.460661,-0.549505,0.838321,1121578.09,624,41.0256
0.10000,0.12000,0.00300,1.069122,0.468183,-0.549826,0.851510,1195683.73,624,40.0641
0.07000,0.13500,0.01500,1.069119,0.450502,-0.524732,0.858537,1028182.87,624,45.1923
0.02500,0.04500,0.01000,1.069112,0.401722,-0.481857,0.833697,671429.57,624,54.4872
0.09500,0.04500,0.00200,1.069081,0.436067,-0.437292,0.997200,907738.34,624,45.0321
0.01500,0.08000,0.00100,1.069055,0.402386,-0.477857,0.842065,675402.36,624,60.5769
0.01500,0.08500,0.00100,1.069055,0.402386,-0.477857,0.842065,675402.36,624,60.5769
0.01500,0.09000,0.00100,1.069055,0.402386,-0.477857,0.842065,675402.36,624,60.5769
0.01500,0.09500,0.00100,1.069055,0.402386,-0.477857,0.842065,675402.36,624,60.5769
0.01500,0.10000,0.00100,1.069055,0.402386,-0.477857,0.842065,675402.36,624,60.5769
0.01500,0.10500,0.00100,1.069055,0.402386,-0.477857,0.842065,675402.36,624,60.5769
0.01500,0.11000,0.00100,1.069055,0.402386,-0.477857,0.842065,675402.36,624,60.5769
0.01500,0.11500,0.00100,1.069055,0.402386,-0.477857,0.842065,675402.36,624,60.5769
0.01500,0.12000,0.00100,1.069055,0.402386,-0.477857,0.842065,675402.36,624,60.5769
0.01500,0.12500,0.00100,1.069055,0.402386,-0.477857,0.842065,675402.36,624,60.5769
0.01500,0.13000,0.00100,1.069055,0.402386,-0.477857,0.842065,675402.36,624,60.5769
0.01500,0.13500,0.00100,1.069055,0.402386,-0.477857,0.842065,675402.36,624,60.5769
0.01500,0.14000,0.00100,1.069055,0.402386,-0.477857,0.842065,675402.36,624,60.5769
0.01500,0.14500,0.00100,1.069055,0.402386,-0.477857,0.842065,675402.36,624,60.5769
0.01500,0.15000,0.00100,1.069055,0.402386,-0.477857,0.842065,675402.36,624,60.5769
0.01000,0.05000,0.00100,1.069054,0.393606,-0.479398,0.821042,624575.39,624,66.6667
0.09500,0.12500,0.01700,1.069042,0.461300,-0.529491,0.871214,1127703.24,624,46.1538
0.04000,0.04000,0.00300,1.069026,0.410446,-0.424731,0.966367,725378.85,624,49.5192
0.04000,0.02500,0.00700,1.069022,0.396674,-0.455364,0.871114,641920.87,624,53.8462
0.05000,0.04500,0.01700,1.069020,0.411372,-0.432870,0.950335,731335.90,624,51.9231
0.09500,0.05500,0.00300,1.069018,0.443250,-0.461012,0.961472,965945.57,624,43.4295
0.08500,0.13500,0.00400,1.068944,0.464843,-0.549506,0.845929,1162238.40,624,40.8654
0.08500,0.11500,0.01200,1.068933,0.456396,-0.518883,0.879575,1081457.54,624,43.1090
0.07500,0.12500,0.00700,1.068901,0.459696,-0.553569,0.830422,1112380.28,624,42.3077
0.05000,0.03500,0.02000,1.068886,0.402931,-0.451429,0.892567,678678.15,624,54.8077
0.07500,0.13500,0.01300,1.068877,0.454749,-0.520840,0.873108,1066322.27,624,43.9103
0.02000,0.04000,0.01700,1.068836,0.386676,-0.414240,0.933458,586967.48,624,59.6154
0.09500,0.13500,0.00500,1.068819,0.465840,-0.556093,0.837701,1172135.41,624,41.0256
0.08500,0.12500,0.01700,1.068784,0.458039,-0.528546,0.866602,1096753.59,624,46.3141
0.10000,0.09500,0.01200,1.068764,0.454465,-0.518878,0.875862,1063731.52,624,43.2692
0.01000,0.02500,0.01300,1.068722,0.366974,-0.396077,0.926521,491129.30,624,66.6667
0.07000,0.05000,0.00200,1.068722,0.434375,-0.426377,1.018758,894501.50,624,44.5513
0.01000,0.05000,0.01000,1.068716,0.377804,-0.426451,0.885927,541863.76,624,65.3846
0.10000,0.13000,0.02000,1.068684,0.464616,-0.535231,0.868067,1160001.28,624,46.9551
0.09000,0.13500,0.00500,1.068648,0.464034,-0.556086,0.834465,1154274.03,624,41.1859
0.10000,0.04500,0.00400,1.068647,0.431773,-0.434883,0.992848,874498.39,624,45.5128
0.01500,0.07000,0.00900,1.068636,0.389619,-0.425088,0.916562,602676.75,624,59.9359
0.06500,0.09500,0.00200,1.068590,0.454678,-0.550021,0.826656,1065672.79,624,41.5064
0.05000,0.03500,0.01500,1.068552,0.402750,-0.430401,0.935755,677586.38,624,52.7244
0.02000,0.05000,0.01300,1.068540,0.389966,-0.429759,0.907406,604554.77,624,57.6923
0.02500,0.04000,0.00200,1.068527,0.406825,-0.434291,0.936758,702522.79,624,53.0449
0.01000,0.04500,0.01800,1.068514,0.371181,-0.406875,0.912274,510293.82,624,65.8654
0.09000,0.13000,0.00300,1.068499,0.467032,-0.549806,0.849450,1184067.79,624,40.2244
0.07000,0.10500,0.00300,1.068482,0.457231,-0.548148,0.834138,1089201.84,624,41.0256
0.07500,0.10500,0.00300,1.068465,0.460476,-0.548159,0.840040,1119803.66,624,40.7051
0.07500,0.13000,0.01300,1.068464,0.454345,-0.520822,0.872361,1062632.82,624,43.9103
0.10000,0.14500,0.01200,1.068452,0.461706,-0.519844,0.888163,1131611.18,624,42.6282
0.10000,0.05500,0.00300,1.068362,0.442844,-0.460989,0.960640,962568.57,624,43.4295
0.07000,0.13000,0.01500,1.068329,0.449864,-0.524737,0.857313,1022561.53,624,45.1923
0.03000,0.03500,0.00700,1.068273,0.398629,-0.456991,0.872291,653202.29,624,53.8462
0.10000,0.12000,0.00500,1.068258,0.464486,-0.556075,0.835295,1158721.88,624,41.0256
0.09500,0.06000,0.00700,1.068161,0.439679,-0.452795,0.971035,936593.70,624,44.5513
0.08500,0.08500,0.00300,1.068091,0.456559,-0.548141,0.832922,1082963.35,624,41.0256
0.07500,0.08500,0.01800,1.068082,0.448307,-0.530451,0.845143,1008969.71,624,46.6346
0.01000,0.03000,0.01400,1.068031,0.367446,-0.390620,0.940674,493246.05,624,66.0256
0.07500,0.09000,0.00300,1.067992,0.457301,-0.548151,0.834261,1089853.71,624,41.0256
0.01000,0.04000,0.00200,1.067986,0.390097,-0.518142,0.752877,605263.41,624,66.3462
0.07000,0.12500,0.00800,1.067976,0.453776,-0.554932,0.817716,1057470.62,624,42.9487
0.10000,0.10000,0.01600,1.067934,0.456862,-0.526648,0.867490,1085772.09,624,45.5128
0.07000,0.10500,0.00500,1.067928,0.453953,-0.553357,0.820362,1059069.14,624,41.9872
0.03500,0.05000,0.01900,1.067914,0.407393,-0.411567,0.989860,706064.78,624,52.8846
0.09500,0.12500,0.01200,1.067889,0.458903,-0.519852,0.882756,1104871.01,624,42.7885
0.02500,0.03000,0.00600,1.067875,0.390126,-0.456060,0.855428,605423.12,624,56.0897
0.07000,0.09000,0.01700,1.067863,0.447533,-0.528558,0.846705,1002265.77,624,46.9551
0.01500,0.07500,0.00100,1.067860,0.401745,-0.477857,0.840724,671567.72,624,60.5769
0.01000,0.03500,0.00700,1.067810,0.379173,-0.432951,0.875788,548609.42,624,65.5449
0.10000,0.14500,0.01700,1.067769,0.463281,-0.529518,0.874909,1146891.53,624,45.9936
0.08000,0.14000,0.01000,1.067725,0.460134,-0.514976,0.893506,1116544.47,624,42.9487
0.09000,0.12000,0.00400,1.067721,0.464266,-0.552936,0.839636,1156545.96,624,40.7051
0.07500,0.04500,0.00300,1.067670,0.429668,-0.438002,0.980974,858618.86,624,45.5128
0.04500,0.02500,0.00800,1.067659,0.399024,-0.499082,0.799515,655503.69,624,53.3654
0.01500,0.06500,0.01700,1.067652,0.383033,-0.409872,0.934519,568045.18,624,62.0192
0.08500,0.12000,0.01600,1.067641,0.457092,-0.526636,0.867947,1087910.47,624,45.5128
0.08000,0.13500,0.01900,1.067629,0.456181,-0.532370,0.856887,1079464.85,624,46.1538
0.09500,0.05500,0.01700,1.067618,0.433952,-0.444421,0.976443,891219.72,624,48.7179
0.07500,0.12000,0.01300,1.067608,0.453373,-0.520822,0.870496,1053824.33,624,43.9103
0.08500,0.08500,0.00400,1.067572,0.455704,-0.549519,0.829278,1075071.79,624,41.5064
0.06500,0.11000,0.01000,1.067556,0.450500,-0.514998,0.874760,1028164.46,624,43.9103
0.01000,0.05000,0.01100,1.067550,0.377498,-0.427161,0.883735,540362.49,624,66.0256
0.09500,0.12500,0.01600,1.067530,0.460328,-0.527613,0.872473,1118398.20,624,45.3526
0.06000,0.04000,0.00500,1.067513,0.418228,-0.435810,0.959656,776843.19,624,47.7564
0.07500,0.10500,0.00500,1.067488,0.456960,-0.551802,0.828124,1086687.66,624,41.6667
0.08000,0.09000,0.01800,1.067486,0.450101,-0.530472,0.848490,1024642.88,624,46.4744
0.09000,0.09500,0.01200,1.067392,0.452831,-0.518895,0.872684,1048938.82,624,43.4295
0.06500,0.09000,0.01400,1.067365,0.443314,-0.522774,0.848002,966476.50,624,45.5128
0.03500,0.04500,0.00900,1.067363,0.406602,-0.444695,0.914337,701132.70,624,50.8013
0.10000,0.05000,0.00200,1.067357,0.439564,-0.430086,1.022036,935657.50,624,43.9103
0.09000,0.12500,0.00400,1.067237,0.464170,-0.552942,0.839454,1155605.18,624,40.7051
0.08500,0.14000,0.00500,1.067230,0.462228,-0.550878,0.839075,1136657.31,624,41.3462
0.04000,0.02500,0.01700,1.067195,0.391301,-0.437327,0.894755,611825.39,624,57.3718
0.08500,0.13000,0.00400,1.067161,0.463371,-0.549504,0.843254,1147779.45,624,40.8654
0.05500,0.02500,0.01200,1.067153,0.402208,-0.496060,0.810804,674332.51,624,53.5256
0.10000,0.12500,0.01500,1.067147,0.458749,-0.525703,0.872639,1103420.49,624,44.7115
0.08500,0.12500,0.01600,1.067117,0.456986,-0.526647,0.867726,1086921.79,624,45.5128
0.10000,0.05500,0.01700,1.067100,0.433636,-0.444337,0.975917,888782.52,624,48.7179
0.02500,0.03500,0.01500,1.067098,0.387685,-0.428516,0.904715,592311.10,624,57.3718
0.02000,0.03000,0.01600,1.067073,0.381231,-0.432694,0.881066,558894.68,624,61.0577
0.10000,0.09500,0.01700,1.067040,0.454622,-0.528538,0.860149,1065155.72,624,46.4744
0.07000,0.12500,0.01500,1.067004,0.448833,-0.524734,0.855353,1013542.04,624,45.1923
0.08000,0.09500,0.01500,1.066986,0.450737,-0.524752,0.858954,1030261.72,624,45.1923
0.08500,0.08500,0.02000,1.066935,0.450701,-0.534288,0.843554,1029937.37,624,47.5962
0.09000,0.11500,0.01200,1.066903,0.456192,-0.519863,0.877525,1079573.12,624,42.9487
0.09000,0.13000,0.00500,1.066861,0.462562,-0.556070,0.831840,1139892.88,624,41.1859
0.10000,0.11500,0.01700,1.066835,0.458890,-0.529501,0.866645,1104752.49,624,46.1538
0.10000,0.14000,0.01800,1.066832,0.461839,-0.531418,0.869070,1132895.42,624,45.8333
0.09500,0.13000,0.00300,1.066815,0.467442,-0.549825,0.850164,1188188.78,624,40.0641
0.07000,0.08500,0.02000,1.066786,0.447852,-0.534280,0.838235,1005027.89,624,47.9167
0.01000,0.03500,0.01400,1.066742,0.367991,-0.390850,0.941515,495702.07,624,65.5449
0.07000,0.12000,0.00800,1.066620,0.452724,-0.554923,0.815832,1047971.89,624,42.9487
0.08000,0.06000,0.00100,1.066611,0.441179,-0.456725,0.965963,948824.85,624,42.9487
0.06000,0.03000,0.01300,1.066563,0.408101,-0.479171,0.851681,710501.73,624,52.5641
0.09500,0.05000,0.00200,1.066541,0.439062,-0.429952,1.021190,931605.32,624,43.9103
0.04000,0.04500,0.01000,1.066514,0.407805,-0.448191,0.909891,708640.40,624,50.1603
0.08000,0.13000,0.01900,1.066497,0.455203,-0.532370,0.855050,1070472.98,624,46.1538
0.09000,0.08500,0.01400,1.066397,0.447701,-0.522766,0.856409,1003722.57,624,44.7115
0.09500,0.05500,0.00500,1.066368,0.436146,-0.470660,0.926670,908357.96,624,44.2308
0.09500,0.05500,0.01600,1.066365,0.433299,-0.443289,0.977465,886182.68,624,47.9167
0.08000,0.15000,0.00800,1.066341,0.460016,-0.554935,0.828955,1115421.00,624,42.4679
0.02500,0.04000,0.00500,1.066322,0.399927,-0.446499,0.895695,660797.18,624,53.6859
0.10000,0.14500,0.01600,1.066299,0.462336,-0.527620,0.876268,1137704.31,624,45.1923
0.07500,0.11000,0.02000,1.066281,0.454606,-0.534312,0.850824,1065011.65,624,47.2756
0.04000,0.04000,0.00400,1.066275,0.407706,-0.424644,0.960111,708018.76,624,49.8397
0.06500,0.10500,0.01400,1.066252,0.444545,-0.522792,0.850329,976798.63,624,45.1923
0.01500,0.08000,0.01700,1.066242,0.382244,-0.409857,0.932627,564019.47,624,62.0192
0.01500,0.08500,0.01700,1.066242,0.382244,-0.409857,0.932627,564019.47,624,62.0192
0.01500,0.09000,0.01700,1.066242,0.382244,-0.409857,0.932627,564019.47,624,62.0192
0.01500,0.09500,0.01700,1.066242,0.382244,-0.409857,0.932627,564019.47,624,62.0192
0.01500,0.10000,0.01700,1.066242,0.382244,-0.409857,0.932627,564019.47,624,62.0192
0.01500,0.10500,0.01700,1.066242,0.382244,-0.409857,0.932627,564019.47,624,62.0192
0.01500,0.11000,0.01700,1.066242,0.382244,-0.409857,0.932627,564019.47,624,62.0192
0.01500,0.11500,0.01700,1.066242,0.382244,-0.409857,0.932627,564019.47,624,62.0192
0.01500,0.12000,0.01700,1.066242,0.382244,-0.409857,0.932627,564019.47,624,62.0192
0.01500,0.12500,0.01700,1.066242,0.382244,-0.409857,0.932627,564019.47,624,62.0192
0.01500,0.13000,0.01700,1.066242,0.382244,-0.409857,0.932627,564019.47,624,62.0192
0.01500,0.13500,0.01700,1.066242,0.382244,-0.409857,0.932627,564019.47,624,62.0192
0.01500,0.14000,0.01700,1.066242,0.382244,-0.409857,0.932627,564019.47,624,62.0192
0.01500,0.14500,0.01700,1.066242,0.382244,-0.409857,0.932627,564019.47,624,62.0192
0.01500,0.15000,0.01700,1.066242,0.382244,-0.409857,0.932627,564019.47,624,62.0192
0.07500,0.05000,0.00100,1.066216,0.433927,-0.414197,1.047636,891032.80,624,44.0705
0.08000,0.09500,0.00800,1.066176,0.454413,-0.554941,0.818851,1063258.39,624,42.9487
0.06500,0.08000,0.01000,1.066089,0.445776,-0.515008,0.865571,987220.34,624,44.3910
0.06500,0.11000,0.01900,1.066085,0.445504,-0.532362,0.836845,984911.55,624,46.9551
0.08000,0.15000,0.01800,1.065995,0.456684,-0.530459,0.860922,1084119.01,624,45.9936
0.08000,0.13500,0.01000,1.065874,0.458617,-0.515001,0.890517,1102180.37,624,42.9487
0.06000,0.04500,0.00700,1.065836,0.421072,-0.436094,0.965554,796476.41,624,47.5962
0.07500,0.05000,0.00700,1.065823,0.429651,-0.432308,0.993854,858488.71,624,45.9936
0.08000,0.05000,0.01200,1.065792,0.423287,-0.441465,0.958823,812077.34,624,46.3141
0.10000,0.05500,0.01600,1.065761,0.432938,-0.443212,0.976819,883400.58,624,47.9167
0.10000,0.05500,0.00500,1.065747,0.435770,-0.470664,0.925861,905397.67,624,44.2308
0.07500,0.15000,0.01900,1.065734,0.453903,-0.532388,0.852580,1058622.04,624,46.1538
0.07500,0.12500,0.01300,1.065701,0.452245,-0.520832,0.868313,1043680.48,624,43.9103
0.07000,0.09000,0.01600,1.065663,0.446194,-0.526656,0.847222,990783.17,624,46.1538
0.07000,0.12000,0.01500,1.065644,0.447789,-0.524747,0.853341,1004475.47,624,45.1923
0.08500,0.08500,0.00800,1.065642,0.451201,-0.554938,0.813065,1034368.07,624,43.1090
0.09000,0.05000,0.00400,1.065613,0.433451,-0.432342,1.002566,887353.80,624,44.5513
0.10000,0.11500,0.01200,1.065587,0.456500,-0.519861,0.878119,1082417.25,624,42.7885
0.02500,0.04000,0.01700,1.065561,0.392324,-0.431878,0.908415,617455.41,624,57.3718
0.01500,0.02500,0.00600,1.065483,0.379318,-0.418157,0.907118,549326.44,624,61.8590
0.10000,0.11500,0.01600,1.065457,0.458004,-0.527602,0.868086,1096422.89,624,45.3526
0.09000,0.05500,0.02000,1.065450,0.433859,-0.447715,0.969053,890506.08,624,49.5192
0.02500,0.03000,0.01600,1.065433,0.384036,-0.417040,0.920860,573196.52,624,59.4551
0.07500,0.11500,0.00700,1.065402,0.456968,-0.553582,0.825475,1086761.54,624,42.3077
0.07000,0.15000,0.00700,1.065401,0.454272,-0.553577,0.820612,1061974.26,624,42.6282
0.04000,0.04500,0.01700,1.065391,0.404245,-0.432646,0.934354,686638.68,624,52.7244
0.09500,0.04000,0.00600,1.065384,0.420916,-0.439882,0.956883,795386.78,624,46.9551
0.08000,0.08500,0.01400,1.065361,0.445890,-0.522782,0.852918,988187.64,624,44.8718
0.07000,0.09000,0.00500,1.065333,0.450418,-0.553331,0.814013,1027442.84,624,42.3077
0.03500,0.04000,0.00700,1.065261,0.402529,-0.436954,0.921218,676262.17,624,51.4423
0.07000,0.11500,0.00800,1.065256,0.451678,-0.554940,0.813923,1038613.47,624,42.9487
0.07500,0.09000,0.00800,1.065197,0.451433,-0.554937,0.813485,1036430.73,624,43.1090
0.02500,0.04000,0.00400,1.065195,0.402118,-0.442344,0.909062,673792.62,624,53.3654
0.10000,0.13000,0.01500,1.065186,0.458019,-0.525701,0.871253,1096561.56,624,44.7115
0.10000,0.09000,0.01500,1.065157,0.450006,-0.524730,0.857594,1023806.38,624,45.1923
0.02000,0.04000,0.00500,1.065135,0.393362,-0.444385,0.885184,623213.43,624,56.8910
0.10000,0.09500,0.01600,1.065120,0.453423,-0.526638,0.860976,1054272.71,624,45.6731
0.01000,0.03000,0.00200,1.065087,0.387241,-0.550616,0.703286,589951.89,624,66.8269
0.09500,0.10000,0.01700,1.065083,0.454933,-0.528549,0.860721,1068000.97,624,46.3141
0.05000,0.04500,0.02000,1.065080,0.411140,-0.436322,0.942286,729840.79,624,53.0449
0.08000,0.14500,0.01500,1.065057,0.454795,-0.524743,0.866700,1066741.22,624,44.8718
0.06500,0.09500,0.01400,1.065041,0.442742,-0.522762,0.846929,961722.63,624,45.3526
0.07500,0.09500,0.00800,1.065037,0.452888,-0.554918,0.816135,1049453.07,624,42.9487
0.05500,0.05000,0.02000,1.065037,0.416610,-0.435920,0.955703,765877.03,624,51.4423
0.01500,0.07500,0.01700,1.065008,0.381624,-0.409857,0.931115,560878.80,624,62.0192
0.02000,0.02500,0.01600,1.064941,0.375441,-0.438419,0.856351,530397.75,624,62.1795
0.07000,0.05000,0.00300,1.064888,0.431148,-0.426756,1.010292,869755.90,624,44.7115
0.07500,0.08500,0.00700,1.064857,0.451548,-0.553576,0.815692,1037452.84,624,42.9487
0.08000,0.06000,0.01000,1.064828,0.434424,-0.464228,0.935799,894884.66,624,45.5128
0.07000,0.14500,0.00700,1.064806,0.453755,-0.553560,0.819704,1057280.61,624,42.6282
0.09500,0.13000,0.00500,1.064794,0.462773,-0.556088,0.832194,1141947.64,624,41.0256
0.06500,0.05000,0.00700,1.064770,0.425602,-0.427891,0.994651,828688.46,624,46.4744
0.10000,0.05000,0.00300,1.064754,0.437161,-0.431210,1.013799,916386.52,624,44.0705
0.08500,0.06000,0.02000,1.064747,0.433425,-0.445201,0.973550,887152.30,624,49.5192
0.08000,0.13000,0.01000,1.064733,0.457635,-0.514985,0.888637,1092968.13,624,42.9487
0.06000,0.05000,0.00800,1.064732,0.423208,-0.430549,0.982951,811520.50,624,46.7949
0.06500,0.05000,0.00100,1.064717,0.429807,-0.414089,1.037958,859656.76,624,44.5513
0.08500,0.13500,0.00500,1.064693,0.460189,-0.550871,0.835385,1117071.39,624,41.3462
0.09000,0.03500,0.00600,1.064670,0.423069,-0.486730,0.869208,810531.94,624,48.2372
0.07500,0.08500,0.01300,1.064565,0.445723,-0.520823,0.855805,986771.87,624,44.5513
0.09000,0.05500,0.01000,1.064463,0.430129,-0.490447,0.877013,862071.02,624,45.5128
0.01000,0.04500,0.00300,1.064439,0.386621,-0.522225,0.740334,586678.85,624,65.7051
0.04500,0.05000,0.01900,1.064437,0.410188,-0.434971,0.943024,723729.16,624,51.2821
0.10000,0.08000,0.00800,1.064390,0.452174,-0.554936,0.814821,1043040.52,624,42.7885
0.02000,0.03500,0.00500,1.064360,0.390770,-0.452949,0.862724,608925.82,624,57.5321
0.02000,0.02500,0.00700,1.064356,0.379519,-0.451005,0.841498,550326.53,624,59.9359
0.10000,0.09500,0.00400,1.064349,0.459207,-0.549513,0.835661,1107747.81,624,41.0256
0.07000,0.08500,0.00300,1.064317,0.451573,-0.548121,0.823857,1037682.38,624,41.3462
0.08500,0.06000,0.01300,1.064309,0.430853,-0.437380,0.985076,867524.03,624,46.3141
0.05500,0.02500,0.01300,1.064265,0.399684,-0.481745,0.829658,659365.78,624,54.4872
0.08000,0.12000,0.01900,1.064246,0.453152,-0.532395,0.851157,1051827.91,624,46.1538
0.07000,0.11500,0.01500,1.064242,0.446729,-0.524740,0.851334,995355.81,624,45.1923
0.07000,0.14000,0.00700,1.064203,0.453244,-0.553566,0.818773,1052661.31,624,42.6282
0.02500,0.05000,0.01500,1.064171,0.397443,-0.410175,0.968957,646334.31,624,55.4487
0.07000,0.08500,0.00800,1.064160,0.447686,-0.554937,0.806732,1003586.07,624,43.4295
0.07000,0.10500,0.01700,1.064086,0.447244,-0.528562,0.846152,999777.56,624,46.6346
0.05500,0.05000,0.00900,1.064072,0.418183,-0.433962,0.963641,776539.53,624,47.5962
0.07500,0.05500,0.01100,1.064033,0.428667,-0.473100,0.906081,851156.93,624,46.1538
0.07000,0.08500,0.00400,1.064027,0.450861,-0.549526,0.820455,1031358.11,624,41.8269
0.09500,0.04500,0.00300,1.064013,0.432248,-0.437890,0.987117,878121.17,624,45.1923
0.09000,0.08500,0.00200,1.064003,0.457632,-0.546761,0.836987,1092940.17,624,40.7051
0.08000,0.04500,0.00400,1.063959,0.426466,-0.435135,0.980078,834967.65,624,45.8333
0.09500,0.05000,0.00300,1.063934,0.436664,-0.431200,1.012671,912446.54,624,44.0705
0.09000,0.12500,0.00300,1.063880,0.463372,-0.549813,0.842780,1147785.12,624,40.2244
0.07000,0.09500,0.00300,1.063862,0.453227,-0.548150,0.826831,1052503.60,624,41.1859
0.08500,0.05000,0.00400,1.063843,0.431633,-0.432286,0.998490,873436.48,624,44.7115
0.05000,0.04000,0.00500,1.063788,0.409913,-0.435976,0.940220,721975.00,624,48.5577
0.04000,0.03500,0.01300,1.063733,0.393808,-0.446448,0.882091,625701.57,624,53.3654
0.09000,0.12000,0.00300,1.063667,0.462906,-0.549811,0.841937,1143244.65,624,40.2244
0.08500,0.12000,0.00400,1.063630,0.460347,-0.549514,0.837734,1118572.19,624,40.8654
0.07000,0.13500,0.00700,1.063621,0.452750,-0.553542,0.817914,1048207.36,624,42.6282
0.03500,0.03500,0.01700,1.063603,0.388399,-0.410120,0.947037,596116.30,624,56.0897
0.09000,0.11500,0.01700,1.063518,0.455610,-0.529500,0.860453,1074207.57,624,46.1538
0.04500,0.04000,0.00500,1.063514,0.407072,-0.428579,0.949819,704061.23,624,49.3590
0.09500,0.10000,0.01600,1.063440,0.453889,-0.526651,0.861840,1058490.90,624,45.5128
0.03500,0.02500,0.00600,1.063404,0.389779,-0.451113,0.864040,603543.43,624,54.6474
0.08000,0.15000,0.00700,1.063360,0.459514,-0.553549,0.830123,1110653.72,624,42.1474
0.08000,0.11000,0.01300,1.063344,0.450988,-0.520827,0.865907,1032484.46,624,43.9103
0.05000,0.02500,0.01000,1.063329,0.397146,-0.489854,0.810745,644630.41,624,53.8462
0.07500,0.09500,0.01500,1.063281,0.447411,-0.524740,0.852633,1001216.32,624,45.1923
0.09000,0.15000,0.01200,1.063278,0.457101,-0.519864,0.879271,1087993.11,624,42.7885
0.09000,0.12000,0.00500,1.063265,0.459498,-0.556063,0.826342,1110503.82,624,41.1859
0.08000,0.08000,0.01700,1.063252,0.443497,-0.528539,0.839100,968007.05,624,46.9551
0.07000,0.09500,0.00500,1.063220,0.449913,-0.553322,0.813113,1022992.85,624,42.1474
0.08000,0.12500,0.01900,1.063182,0.452645,-0.532384,0.850224,1047269.66,624,46.1538
0.09500,0.12500,0.00400,1.063180,0.462937,-0.552965,0.837191,1143544.79,624,40.5449
0.05500,0.02500,0.01000,1.063167,0.401006,-0.489816,0.818687,667165.54,624,53.2051
0.08500,0.12500,0.00400,1.063136,0.460239,-0.549501,0.837558,1117547.54,624,40.8654
0.05000,0.03500,0.01900,1.063093,0.398409,-0.446063,0.893167,651922.35,624,54.0064
0.07500,0.15000,0.01000,1.063042,0.455949,-0.514983,0.885368,1077326.74,624,42.9487
0.09000,0.04500,0.00200,1.063007,0.431685,-0.437292,0.987179,873828.16,624,45.0321
0.08000,0.14000,0.00200,1.062992,0.460568,-0.546754,0.842368,1120685.88,624,40.2244
0.05500,0.03000,0.01300,1.062988,0.402018,-0.479219,0.838903,673198.70,624,53.2051
0.05000,0.02500,0.01400,1.062979,0.394851,-0.485409,0.813439,631558.39,624,55.4487
0.08500,0.13000,0.00500,1.062952,0.458750,-0.550858,0.832791,1103430.66,624,41.3462
0.05500,0.04000,0.00500,1.062847,0.412127,-0.435899,0.945463,736222.04,624,48.2372
0.08500,0.14000,0.00300,1.062846,0.461902,-0.548154,0.842649,1133500.87,624,40.3846
0.07000,0.13000,0.00700,1.062825,0.452104,-0.553557,0.816724,1042413.26,624,42.6282
0.01000,0.02000,0.01600,1.062810,0.362009,-0.452618,0.799812,469364.75,624,67.6282
0.07000,0.15000,0.00200,1.062799,0.455911,-0.549997,0.828934,1076976.03,624,40.7051
0.09500,0.12000,0.01700,1.062787,0.456743,-0.529501,0.862590,1084665.63,624,46.1538
0.03000,0.04500,0.01600,1.062779,0.400177,-0.407955,0.980936,662269.70,624,54.1667
0.08000,0.09500,0.00700,1.062777,0.453700,-0.553551,0.819617,1056776.45,624,42.6282
0.09000,0.05000,0.00500,1.062757,0.429609,-0.433363,0.991337,858171.54,624,44.8718
0.09000,0.12500,0.00500,1.062754,0.459389,-0.556103,0.826086,1109472.81,624,41.1859
0.10000,0.13500,0.01800,1.062718,0.458803,-0.531418,0.863356,1103928.20,624,45.8333
0.07500,0.08000,0.01700,1.062712,0.443051,-0.528547,0.838243,964286.40,624,46.9551
0.01500,0.06500,0.00900,1.062690,0.386226,-0.425088,0.908579,584597.79,624,59.9359
0.09500,0.09000,0.01700,1.062675,0.449302,-0.528534,0.850091,1017635.62,624,46.6346
0.08000,0.10500,0.01500,1.062661,0.449805,-0.524737,0.857201,1022043.41,624,45.0321
0.08000,0.12000,0.01000,1.062579,0.455645,-0.514993,0.884760,1074532.53,624,42.9487
0.08500,0.11500,0.01700,1.062477,0.453232,-0.528553,0.857495,1052548.35,624,46.3141
0.10000,0.15000,0.00400,1.062415,0.465120,-0.552966,0.841137,1164979.31,624,40.3846
0.06000,0.02500,0.01800,1.062379,0.402810,-0.472523,0.852467,677951.64,624,55.4487
0.05000,0.03500,0.01300,1.062282,0.400441,-0.444238,0.901411,663823.33,624,52.0833
0.06500,0.10000,0.00200,1.062257,0.451271,-0.549974,0.820531,1034991.81,624,41.3462
0.10000,0.15000,0.00300,1.062252,0.466997,-0.549809,0.849380,1183710.60,624,39.9038
0.07000,0.10500,0.01600,1.062242,0.446112,-0.526641,0.847089,990083.65,624,45.8333
0.02000,0.03500,0.01500,1.062234,0.380372,-0.417901,0.910197,554578.42,624,59.4551
0.07500,0.11500,0.01300,1.062211,0.449554,-0.520817,0.863170,1019839.04,624,43.9103
0.01500,0.05500,0.00400,1.062199,0.393269,-0.422698,0.930378,622695.72,624,60.2564
0.07000,0.14500,0.00200,1.062191,0.455385,-0.550008,0.827961,1072138.91,624,40.7051
0.02500,0.03500,0.01800,1.062189,0.385405,-0.526174,0.732466,580298.21,624,58.3333
0.08000,0.14000,0.01400,1.062074,0.451955,-0.522776,0.864529,1041087.03,624,44.2308
0.05000,0.05000,0.01900,1.061975,0.409698,-0.435053,0.941721,720605.68,624,50.9615
0.07000,0.15000,0.01300,1.061970,0.446629,-0.520827,0.857538,994499.40,624,44.2308
0.09000,0.11500,0.01600,1.061951,0.454605,-0.527591,0.861661,1065000.15,624,45.3526
0.10000,0.08000,0.00500,1.061942,0.451365,-0.550848,0.819400,1035825.32,624,41.8269
0.09500,0.05500,0.00700,1.061825,0.433177,-0.479584,0.903235,885241.56,624,44.8718
0.01000,0.04000,0.00400,1.061803,0.382123,-0.450743,0.847763,563406.13,624,65.5449
0.08000,0.13500,0.00200,1.061770,0.459545,-0.546757,0.840493,1110949.21,624,40.2244
0.09000,0.09500,0.00400,1.061761,0.456876,-0.549526,0.831401,1085907.16,624,41.1859
0.01000,0.07000,0.01900,1.061699,0.367729,-0.412348,0.891795,494520.32,624,65.7051
0.08000,0.05000,0.00800,1.061691,0.425735,-0.436812,0.974640,829649.24,624,45.9936
0.08500,0.15000,0.01200,1.061662,0.454956,-0.518874,0.876813,1068207.44,624,42.9487
0.07000,0.14000,0.00200,1.061615,0.454888,-0.550006,0.827061,1067592.79,624,40.7051
0.10000,0.09000,0.00300,1.061581,0.456561,-0.548135,0.832936,1082986.70,624,40.5449
0.09500,0.12000,0.01200,1.061567,0.454343,-0.519848,0.873992,1062613.23,624,42.7885
0.07000,0.12500,0.00700,1.061511,0.451073,-0.553558,0.814862,1033235.80,624,42.6282
0.04500,0.03500,0.00800,1.061456,0.402604,-0.448344,0.897979,676708.58,624,51.2821
0.08000,0.12500,0.01000,1.061423,0.455059,-0.514984,0.883636,1069149.54,624,42.9487
0.08500,0.08000,0.01700,1.061394,0.443938,-0.528559,0.839903,971700.92,624,46.7949
0.01500,0.08000,0.00900,1.061382,0.385488,-0.425088,0.906843,580731.50,624,59.9359
0.01500,0.08500,0.00900,1.061382,0.385488,-0.425088,0.906843,580731.50,624,59.9359
0.01500,0.09000,0.00900,1.061382,0.385488,-0.425088,0.906843,580731.50,624,59.9359
0.01500,0.09500,0.00900,1.061382,0.385488,-0.425088,0.906843,580731.50,624,59.9359
0.01500,0.10000,0.00900,1.061382,0.385488,-0.425088,0.906843,580731.50,624,59.9359
0.01500,0.10500,0.00900,1.061382,0.385488,-0.425088,0.906843,580731.50,624,59.9359
0.01500,0.11000,0.00900,1.061382,0.385488,-0.425088,0.906843,580731.50,624,59.9359
0.01500,0.11500,0.00900,1.061382,0.385488,-0.425088,0.906843,580731.50,624,59.9359
0.01500,0.12000,0.00900,1.061382,0.385488,-0.425088,0.906843,580731.50,624,59.9359
0.01500,0.12500,0.00900,1.061382,0.385488,-0.425088,0.906843,580731.50,624,59.9359
0.01500,0.13000,0.00900,1.061382,0.385488,-0.425088,0.906843,580731.50,624,59.9359
0.01500,0.13500,0.00900,1.061382,0.385488,-0.425088,0.906843,580731.50,624,59.9359
0.01500,0.14000,0.00900,1.061382,0.385488,-0.425088,0.906843,580731.50,624,59.9359
0.01500,0.14500,0.00900,1.061382,0.385488,-0.425088,0.906843,580731.50,624,59.9359
0.01500,0.15000,0.00900,1.061382,0.385488,-0.425088,0.906843,580731.50,624,59.9359
0.07500,0.11000,0.01800,1.061377,0.449107,-0.530470,0.846621,1015930.65,624,46.1538
0.01000,0.03500,0.00200,1.061376,0.385646,-0.544171,0.708684,581557.06,624,66.3462
0.09500,0.12000,0.01600,1.061365,0.455824,-0.527604,0.863950,1076174.61,624,45.3526
0.07000,0.14500,0.01300,1.061357,0.446106,-0.520814,0.856554,990028.46,624,44.2308
0.10000,0.05500,0.00700,1.061339,0.432879,-0.479555,0.902669,882953.14,624,44.8718
0.08000,0.13000,0.00200,1.061314,0.459097,-0.546747,0.839689,1106711.05,624,40.2244
0.04000,0.04500,0.02000,1.061293,0.404019,-0.436160,0.926308,685261.83,624,53.8462
0.08500,0.05000,0.00500,1.061209,0.427925,-0.433326,0.987536,845667.92,624,45.0321
0.10000,0.14000,0.01300,1.061199,0.456641,-0.521809,0.875111,1083722.22,624,43.4295
0.03500,0.04000,0.00400,1.061118,0.403925,-0.424626,0.951249,684694.10,624,50.4808
0.04000,0.04500,0.00900,1.061111,0.405170,-0.444769,0.910966,692293.29,624,49.6795
0.08500,0.08500,0.01800,1.061073,0.444637,-0.530446,0.838234,977578.03,624,46.4744
0.07000,0.13500,0.00200,1.061001,0.454372,-0.549993,0.826142,1062884.29,624,40.7051
0.02500,0.03500,0.00800,1.060986,0.391148,-0.460346,0.849684,610991.50,624,55.4487
0.02500,0.04500,0.01200,1.060971,0.395025,-0.494860,0.798255,632540.34,624,54.3269
0.04000,0.03000,0.01600,1.060940,0.390883,-0.431763,0.905318,609540.19,624,55.9295
0.07500,0.11000,0.00800,1.060892,0.452121,-0.554911,0.814762,1042567.29,624,42.6282
0.08000,0.14500,0.02000,1.060878,0.455263,-0.534288,0.852092,1071018.06,624,47.1154
0.08500,0.11500,0.01600,1.060850,0.452207,-0.526646,0.858655,1043339.95,624,45.5128
0.08000,0.08000,0.01600,1.060807,0.442027,-0.526640,0.839334,955798.45,624,46.1538
0.07000,0.14000,0.01300,1.060748,0.445595,-0.520832,0.855545,985681.83,624,44.2308
0.08500,0.09500,0.01200,1.060725,0.448135,-0.518890,0.863641,1007476.07,624,43.4295
0.07000,0.08500,0.01800,1.060678,0.441663,-0.530469,0.832588,952794.20,624,46.7949
0.06500,0.04500,0.00700,1.060669,0.418798,-0.436067,0.960399,780740.92,624,47.4359
0.08500,0.08500,0.00700,1.060657,0.449488,-0.553562,0.811992,1019263.36,624,42.7885
0.03000,0.04000,0.00700,1.060646,0.398861,-0.454270,0.878028,654556.38,624,52.4038
0.02000,0.04500,0.01000,1.060630,0.388651,-0.467709,0.830968,597469.10,624,57.5321
0.09500,0.09000,0.01600,1.060620,0.448025,-0.526635,0.850733,1006525.36,624,45.8333
0.08500,0.05500,0.01800,1.060604,0.425608,-0.445304,0.955770,828730.89,624,48.5577
0.03500,0.04500,0.01200,1.060506,0.399685,-0.454929,0.878567,659375.96,624,51.1218
0.08000,0.12000,0.00200,1.060499,0.458125,-0.546751,0.837904,1097559.18,624,40.2244
0.10000,0.14000,0.00700,1.060494,0.461207,-0.554469,0.831799,1126809.38,624,41.6667
0.03500,0.02500,0.01600,1.060376,0.384029,-0.437607,0.877567,573162.72,624,58.1731
0.08500,0.13500,0.00300,1.060296,0.459845,-0.548157,0.838893,1113798.76,624,40.3846
0.03500,0.04000,0.00100,1.060290,0.407496,-0.428577,0.950810,706703.94,624,49.8397
0.09500,0.08500,0.01300,1.060258,0.445098,-0.520837,0.854582,981467.17,624,44.2308
0.07000,0.13000,0.00200,1.060229,0.453740,-0.550002,0.824979,1057142.30,624,40.7051
0.08000,0.13500,0.01400,1.060225,0.450457,-0.522752,0.861702,1027780.05,624,44.2308
0.07500,0.08000,0.01600,1.060193,0.441539,-0.526648,0.838395,951776.47,624,46.1538
0.07000,0.12000,0.00700,1.060167,0.450028,-0.553552,0.812983,1024007.48,624,42.6282
0.01500,0.07500,0.00900,1.060147,0.384858,-0.425088,0.905362,577453.00,624,59.9359
0.07000,0.13500,0.01300,1.060142,0.445094,-0.520837,0.854574,981431.58,624,44.2308
0.05000,0.02500,0.00200,1.060139,0.408155,-0.503844,0.810083,710841.15,624,51.9231
0.05500,0.05000,0.01500,1.060127,0.411212,-0.436787,0.941447,730305.52,624,49.3590
0.08000,0.04500,0.00500,1.060108,0.421726,-0.436159,0.966908,801055.23,624,46.1538
0.09500,0.12500,0.00300,1.060089,0.462279,-0.549814,0.840792,1137150.39,624,40.0641
0.01500,0.06000,0.00100,1.060053,0.397342,-0.477915,0.831408,645757.12,624,60.5769
0.09000,0.14000,0.00800,1.059960,0.458203,-0.555822,0.824369,1098288.19,624,42.1474
0.07500,0.05500,0.01900,1.059942,0.423951,-0.435005,0.974588,816810.59,624,48.7179
0.02000,0.05000,0.01100,1.059935,0.390233,-0.467761,0.834258,606003.35,624,57.8526
0.07500,0.06000,0.01500,1.059840,0.426867,-0.435135,0.980999,837893.57,624,47.4359
0.09000,0.04000,0.00600,1.059822,0.416943,-0.439989,0.947620,768119.02,624,46.9551
0.07000,0.10000,0.00300,1.059711,0.451255,-0.548145,0.823240,1034848.40,624,41.0256
0.08000,0.10000,0.00800,1.059697,0.451567,-0.554920,0.813752,1037627.75,624,42.7885
0.01500,0.05500,0.00200,1.059676,0.395013,-0.503413,0.784669,632472.54,624,60.5769
0.04000,0.04000,0.00100,1.059590,0.407923,-0.448254,0.910027,709384.56,624,49.0385
0.02500,0.03500,0.01300,1.059566,0.384904,-0.463014,0.831301,577689.95,624,56.8910
0.01000,0.06500,0.01900,1.059480,0.366577,-0.412348,0.889001,489357.05,624,65.7051
0.01000,0.04500,0.00100,1.059477,0.388279,-0.482434,0.804835,595478.37,624,66.6667
0.01000,0.04000,0.00500,1.059454,0.377864,-0.457573,0.825800,542155.46,624,65.5449
0.10000,0.12500,0.01800,1.059424,0.455468,-0.531405,0.857101,1072900.16,624,45.8333
0.07000,0.13000,0.01300,1.059349,0.444458,-0.520814,0.853390,976063.84,624,44.2308
0.01500,0.05000,0.01600,1.059284,0.379476,-0.407918,0.930275,550110.60,624,62.0192
0.08500,0.12000,0.00500,1.059220,0.455617,-0.550885,0.827064,1074270.44,624,41.3462
0.07000,0.10000,0.00500,1.059170,0.448037,-0.553327,0.809715,1006627.87,624,41.9872
0.10000,0.12000,0.00800,1.059132,0.457690,-0.555839,0.823421,1093484.68,624,41.9872
0.03000,0.05000,0.01900,1.059097,0.400355,-0.413358,0.968541,663313.84,624,54.3269
0.08000,0.13000,0.01400,1.059087,0.449492,-0.522777,0.859816,1019298.92,624,44.2308
0.08000,0.10000,0.01500,1.059043,0.447185,-0.524745,0.852194,999269.97,624,45.0321
0.07000,0.09000,0.00400,1.058972,0.448455,-0.549481,0.816143,1010249.02,624,41.6667
0.09500,0.05500,0.00400,1.058954,0.433817,-0.465892,0.931152,890174.37,624,43.7500
0.07000,0.12500,0.00200,1.058933,0.452717,-0.550021,0.823090,1047907.87,624,40.7051
0.08500,0.08000,0.01600,1.058922,0.442436,-0.526654,0.840088,959181.08,624,45.9936
0.08500,0.12500,0.00500,1.058876,0.455610,-0.550863,0.827084,1074207.74,624,41.3462
0.07000,0.11500,0.00700,1.058798,0.448982,-0.553566,0.811073,1014841.92,624,42.6282
0.09000,0.10000,0.01200,1.058759,0.448888,-0.518897,0.865081,1014016.40,624,43.2692
0.09000,0.06000,0.02000,1.058670,0.433166,-0.445201,0.972965,885152.79,624,49.3590
0.08000,0.12500,0.00200,1.058634,0.456998,-0.546756,0.835836,1087036.44,624,40.2244
0.08000,0.09500,0.01300,1.058616,0.445590,-0.520820,0.855554,985638.08,624,44.2308
0.10000,0.12000,0.02000,1.058614,0.456728,-0.535238,0.853318,1084533.41,624,46.9551
0.01000,0.04000,0.00900,1.058603,0.372255,-0.431380,0.862941,515297.37,624,65.0641
0.09000,0.15000,0.01700,1.058574,0.456196,-0.529523,0.861523,1079609.09,624,45.9936
0.06500,0.10500,0.01000,1.058564,0.444521,-0.514980,0.863181,976597.92,624,43.9103
0.07500,0.09500,0.00700,1.058521,0.450138,-0.553550,0.813183,1024969.87,624,42.6282
0.08500,0.13000,0.00300,1.058502,0.458368,-0.548141,0.836223,1099840.15,624,40.3846
0.09500,0.12500,0.00500,1.058491,0.458046,-0.556103,0.823671,1096818.87,624,41.0256
0.04000,0.03500,0.01400,1.058454,0.389556,-0.446859,0.871766,602337.30,624,53.6859
0.08000,0.10500,0.02000,1.058411,0.450284,-0.534272,0.842801,1026261.86,624,47.2756
0.09500,0.14000,0.00800,1.058393,0.458538,-0.555834,0.824955,1101433.33,624,41.9872
0.07500,0.05500,0.01400,1.058386,0.422103,-0.435977,0.968177,803703.74,624,46.9551
0.01000,0.02500,0.01800,1.058374,0.360970,-0.435605,0.828664,464924.33,624,66.9872
0.10000,0.05500,0.00400,1.058343,0.433449,-0.465848,0.930451,887337.65,624,43.7500
0.02000,0.05000,0.01900,1.058287,0.383609,-0.473270,0.810550,570996.77,624,59.2949
0.06000,0.04500,0.00100,1.058260,0.421005,-0.425800,0.988740,796009.23,624,45.6731
0.07500,0.09000,0.00700,1.058259,0.448459,-0.553554,0.810146,1010289.34,624,42.7885
0.08000,0.11500,0.01900,1.058211,0.448832,-0.532382,0.843064,1013532.12,624,46.1538
0.05000,0.03000,0.00200,1.058188,0.409172,-0.503091,0.813315,717259.52,624,50.6410
0.04000,0.04000,0.00700,1.058173,0.399740,-0.437017,0.914700,659694.64,624,50.6410
0.10000,0.10000,0.01200,1.058167,0.449098,-0.518890,0.865498,1015855.15,624,43.1090
0.08500,0.08500,0.01300,1.058148,0.442352,-0.520833,0.849317,958485.51,624,44.3910
0.07000,0.11000,0.00800,1.058125,0.446876,-0.554943,0.805264,996615.50,624,42.9487
0.01000,0.03000,0.00700,1.058091,0.372975,-0.435665,0.856106,518674.12,624,65.8654
0.06500,0.09000,0.01000,1.058083,0.442418,-0.515017,0.859035,959033.29,624,44.2308
0.10000,0.13500,0.00700,1.058066,0.459434,-0.554461,0.828615,1109898.93,624,41.6667
0.07500,0.06000,0.01800,1.058053,0.426379,-0.450051,0.947402,834331.06,624,48.5577
0.07000,0.12500,0.01300,1.057997,0.443415,-0.520818,0.851382,967321.91,624,44.2308
0.02500,0.03500,0.01900,1.057989,0.382230,-0.501922,0.761533,563949.57,624,58.3333
0.02000,0.04000,0.00300,1.057923,0.393887,-0.449156,0.876948,626142.93,624,56.2500
0.07000,0.08500,0.00700,1.057895,0.445206,-0.553546,0.804279,982378.10,624,43.1090
0.07500,0.10500,0.01500,1.057888,0.445503,-0.524737,0.849003,984901.44,624,45.0321
0.09000,0.04500,0.00300,1.057827,0.427812,-0.437843,0.977091,844835.38,624,45.1923
0.10000,0.15000,0.00500,1.057800,0.460277,-0.556077,0.827723,1117911.97,624,40.8654
0.09000,0.11500,0.00400,1.057762,0.457191,-0.552926,0.826857,1088828.90,624,40.7051
0.07000,0.09500,0.01700,1.057745,0.442083,-0.528537,0.836429,956264.14,624,46.7949
0.01500,0.07000,0.01200,1.057730,0.380517,-0.465770,0.816963,555304.18,624,60.0962
0.05500,0.02500,0.00700,1.057702,0.401538,-0.481163,0.834516,670331.56,624,52.0833
0.09500,0.12000,0.00400,1.057694,0.458940,-0.552959,0.829971,1105226.20,624,40.5449
0.01000,0.02000,0.00900,1.057664,0.362891,-0.390811,0.928560,473165.37,624,66.3462
0.07500,0.09000,0.01300,1.057632,0.442561,-0.520824,0.849733,960220.14,624,44.3910
0.07500,0.08500,0.01400,1.057615,0.440705,-0.522757,0.843040,944943.85,624,44.8718
0.08000,0.08500,0.00200,1.057605,0.450005,-0.546761,0.823038,1023802.06,624,40.8654
0.07000,0.12000,0.00200,1.057601,0.451675,-0.549994,0.821236,1038588.64,624,40.7051
0.09000,0.14000,0.02000,1.057578,0.456529,-0.535228,0.852961,1082686.13,624,46.9551
0.07500,0.15000,0.01400,1.057502,0.447886,-0.522765,0.856763,1005319.01,624,44.2308
0.01000,0.04000,0.01800,1.057454,0.365377,-0.409535,0.892176,484030.18,624,65.8654
0.07500,0.09500,0.01300,1.057449,0.444066,-0.520817,0.852632,972770.43,624,44.2308
0.10000,0.13000,0.01800,1.057406,0.454779,-0.531429,0.855766,1066596.00,624,45.8333
0.10000,0.08000,0.01500,1.057287,0.442168,-0.524747,0.842629,956961.45,624,45.1923
0.06500,0.10000,0.01400,1.057259,0.438631,-0.522765,0.839059,928131.77,624,45.1923
0.03000,0.04000,0.00400,1.057247,0.400647,-0.442343,0.905738,665039.97,624,51.4423
0.08000,0.10000,0.00700,1.057217,0.451436,-0.553554,0.815522,1036457.10,624,42.4679
0.06000,0.03000,0.01200,1.057206,0.404134,-0.493704,0.818575,685961.53,624,51.4423
0.03500,0.04000,0.00500,1.057187,0.398978,-0.428640,0.930799,655235.27,624,50.6410
0.07000,0.08500,0.01300,1.057176,0.439169,-0.520826,0.843216,932465.59,624,44.7115
0.09000,0.15000,0.01600,1.057139,0.455263,-0.527603,0.862889,1071018.93,624,45.1923
0.01500,0.05500,0.00300,1.057112,0.391864,-0.491215,0.797744,614917.94,624,60.2564
0.07000,0.11000,0.01500,1.057088,0.441975,-0.524710,0.842323,955371.31,624,45.1923
0.02500,0.05000,0.01300,1.057044,0.394821,-0.444724,0.887789,631390.41,624,54.8077
0.09000,0.08000,0.01700,1.056996,0.444596,-0.528558,0.841148,977227.12,624,46.6346
0.09000,0.05500,0.01800,1.056993,0.426637,-0.445385,0.957908,836215.70,624,48.3974
0.08500,0.09000,0.01700,1.056957,0.444886,-0.528519,0.841760,979677.36,624,46.6346
0.06500,0.10500,0.01900,1.056954,0.439522,-0.532360,0.825610,935318.73,624,46.9551
0.07000,0.06000,0.01400,1.056924,0.422335,-0.430540,0.980942,805338.61,624,47.1154
0.08000,0.12000,0.01400,1.056905,0.447492,-0.522768,0.856006,1001917.92,624,44.2308
0.01500,0.07000,0.01500,1.056904,0.377958,-0.417212,0.905914,542617.63,624,61.3782
0.08500,0.09500,0.00400,1.056900,0.453270,-0.549507,0.824867,1052896.06,624,41.1859
0.10000,0.09500,0.00300,1.056881,0.455185,-0.548145,0.830409,1070304.48,624,40.5449
0.08500,0.11500,0.00400,1.056866,0.455413,-0.549526,0.828738,1072400.34,624,40.8654
0.08000,0.15000,0.01300,1.056845,0.449990,-0.520807,0.864025,1023673.27,624,43.7500
0.01500,0.06000,0.01700,1.056703,0.377208,-0.409911,0.920219,538949.35,624,62.0192
0.07000,0.12000,0.01300,1.056692,0.442411,-0.520812,0.849463,958974.42,624,44.2308
0.06500,0.09500,0.01000,1.056595,0.442288,-0.514970,0.858860,957953.03,624,44.0705
0.08000,0.11500,0.01000,1.056570,0.451294,-0.514976,0.876340,1035196.11,624,42.9487
0.08500,0.06000,0.01500,1.056539,0.425602,-0.439557,0.968252,828685.62,624,47.2756
0.09500,0.15000,0.01200,1.056485,0.453877,-0.519867,0.873065,1058386.80,624,42.6282
0.01000,0.04500,0.01000,1.056450,0.371469,-0.426506,0.870959,511629.68,624,65.3846
0.08000,0.14500,0.00800,1.056417,0.453133,-0.554917,0.816578,1051656.16,624,42.4679
0.09500,0.15000,0.01700,1.056409,0.455945,-0.529504,0.861078,1077289.53,624,45.9936
0.10000,0.12000,0.01500,1.056383,0.451272,-0.525696,0.858428,1035004.49,624,44.7115
0.07500,0.09000,0.02000,1.056274,0.444681,-0.534264,0.832325,977948.71,624,47.5962
0.06000,0.02000,0.01600,1.056260,0.404836,-0.427200,0.947651,690249.80,624,56.0897
0.07000,0.11500,0.00200,1.056232,0.450622,-0.549981,0.819342,1029244.28,624,40.7051
0.01000,0.03500,0.01300,1.056223,0.364550,-0.390512,0.933518,480388.11,624,65.5449
0.05500,0.04500,0.01600,1.056197,0.407853,-0.431478,0.945246,708942.99,624,50.8013
0.07000,0.05000,0.00400,1.056184,0.424971,-0.417883,1.016961,824127.40,624,45.0321
0.07000,0.15000,0.02000,1.056096,0.445955,-0.534268,0.834704,988744.43,624,47.4359
0.01500,0.02500,0.00800,1.056072,0.372383,-0.423038,0.880261,515896.41,624,62.3397
0.08000,0.10000,0.02000,1.056030,0.448516,-0.534294,0.839454,1010777.12,624,47.2756
0.08500,0.11000,0.01200,1.056028,0.447414,-0.518896,0.862242,1001246.37,624,43.1090
0.02500,0.03500,0.00300,1.056020,0.395331,-0.472130,0.837336,634273.10,624,54.1667
0.08000,0.14500,0.01800,1.055985,0.449808,-0.530461,0.847958,1022070.12,624,45.9936
0.10000,0.13500,0.01300,1.055869,0.453053,-0.521798,0.868255,1050939.08,624,43.4295
0.01000,0.03000,0.01300,1.055847,0.363157,-0.390655,0.929611,474316.07,624,66.0256
0.09500,0.08000,0.01700,1.055815,0.444414,-0.528558,0.840805,975693.97,624,46.6346
0.07000,0.08000,0.01500,1.055792,0.436622,-0.524733,0.832085,912117.98,624,45.6731
0.09500,0.08500,0.00200,1.055780,0.453224,-0.546778,0.828898,1052473.77,624,40.5449
0.09500,0.05500,0.01200,1.055737,0.423013,-0.438897,0.963808,810130.52,624,45.3526
0.08000,0.12500,0.01400,1.055692,0.446901,-0.522775,0.854864,996833.37,624,44.2308
0.09000,0.06000,0.01300,1.055668,0.426438,-0.437220,0.975341,834764.88,624,46.1538
0.07500,0.14500,0.01900,1.055659,0.447039,-0.532381,0.839698,998018.97,624,46.1538
0.06500,0.09000,0.01900,1.055621,0.436690,-0.532377,0.820264,912651.56,624,47.2756
0.07000,0.09500,0.01600,1.055615,0.440797,-0.526661,0.836966,945692.96,624,45.9936
0.02000,0.04000,0.00400,1.055611,0.391321,-0.437467,0.894514,611933.48,624,56.4103
0.01500,0.05500,0.00500,1.055601,0.386727,-0.426405,0.906948,587235.91,624,60.2564
0.09500,0.03500,0.01600,1.055538,0.417804,-0.502067,0.832168,773956.43,624,51.6026
0.07500,0.10000,0.01500,1.055534,0.443806,-0.524750,0.845748,970596.17,624,45.0321
0.07000,0.14500,0.02000,1.055487,0.445436,-0.534275,0.833720,984328.42,624,47.4359
0.08000,0.09000,0.01400,1.055419,0.441270,-0.522784,0.844078,949567.85,624,44.7115
0.05500,0.04500,0.01200,1.055415,0.406707,-0.452392,0.899015,701790.36,624,48.8782
0.02000,0.04000,0.01500,1.055400,0.379879,-0.417298,0.910331,552116.94,624,58.8141
0.01000,0.04500,0.01100,1.055344,0.371185,-0.427195,0.868890,510312.78,624,66.0256
0.01500,0.07000,0.01400,1.055338,0.376651,-0.418924,0.899091,536240.10,624,61.0577
0.10000,0.05000,0.00400,1.055326,0.428159,-0.432521,0.989915,847393.56,624,44.3910
0.09500,0.14000,0.02000,1.055325,0.456210,-0.535223,0.852373,1079733.15,624,46.9551
0.08500,0.05500,0.00800,1.055308,0.426281,-0.483203,0.882199,833618.90,624,45.1923
0.07500,0.10000,0.00800,1.055274,0.447796,-0.554938,0.806929,1004535.92,624,42.7885
0.07000,0.11500,0.01300,1.055267,0.441346,-0.520845,0.847365,950188.37,624,44.2308
0.10000,0.05500,0.01200,1.055265,0.422724,-0.438727,0.963523,808085.89,624,45.3526
0.05000,0.02500,0.01100,1.055248,0.392986,-0.493405,0.796478,621121.73,624,54.4872
0.08000,0.11500,0.00200,1.055198,0.454282,-0.546744,0.830885,1062061.83,624,40.2244
0.10000,0.04500,0.00700,1.055197,0.421455,-0.438375,0.961402,799151.77,624,46.4744
0.03000,0.03500,0.00300,1.055174,0.396710,-0.472078,0.840348,642124.05,624,52.5641
0.06500,0.15000,0.01100,1.055174,0.443943,-0.516953,0.858769,971743.88,624,44.2308
0.07000,0.10000,0.01700,1.055161,0.441302,-0.528544,0.834939,949833.99,624,46.6346
0.09000,0.08500,0.01900,1.055111,0.443902,-0.532406,0.833767,971397.68,624,46.4744
0.07500,0.06000,0.01300,1.055104,0.424318,-0.428285,0.990737,819438.15,624,46.4744
0.09500,0.15000,0.01600,1.055044,0.455062,-0.527622,0.862476,1069175.84,624,45.1923
0.05000,0.04500,0.01200,1.055024,0.403811,-0.452426,0.892545,684000.53,624,49.1987
0.08500,0.05500,0.01500,1.054993,0.421394,-0.442299,0.952736,798729.68,624,47.4359
0.09500,0.09000,0.00500,1.054987,0.448922,-0.550879,0.814920,1014317.65,624,41.6667
0.05500,0.02500,0.01100,1.054973,0.396659,-0.493423,0.803891,641833.43,624,53.8462
0.05500,0.05000,0.01300,1.054962,0.408905,-0.429935,0.951085,715569.57,624,48.5577
0.08500,0.12000,0.00300,1.054925,0.455334,-0.548156,0.830664,1071671.36,624,40.3846
0.10000,0.09000,0.00800,1.054924,0.448045,-0.554922,0.807402,1006694.68,624,42.6282
0.10000,0.11500,0.00400,1.054909,0.456712,-0.552952,0.825953,1084383.27,624,40.5449
0.09000,0.08000,0.01600,1.054897,0.443293,-0.526659,0.841707,966302.32,624,45.8333
0.07000,0.14000,0.02000,1.054884,0.444929,-0.534262,0.832791,980037.72,624,47.4359
0.08500,0.09000,0.01600,1.054878,0.443614,-0.526645,0.842339,968985.77,624,45.8333
0.03000,0.04000,0.00100,1.054864,0.403285,-0.458655,0.879278,680814.17,624,50.8013
0.08000,0.09000,0.01000,1.054852,0.445517,-0.514974,0.865125,985017.11,624,43.4295
0.10000,0.06000,0.01700,1.054776,0.429036,-0.441851,0.970997,853899.79,624,48.5577
0.09000,0.11000,0.01200,1.054772,0.447877,-0.519843,0.861561,1005236.55,624,42.9487
0.03500,0.03500,0.00700,1.054751,0.392076,-0.444887,0.881292,616083.77,624,53.0449
0.06000,0.05000,0.02000,1.054738,0.415229,-0.436038,0.952277,756624.04,624,50.8013
0.07500,0.11000,0.00700,1.054727,0.449558,-0.553567,0.812111,1019877.46,624,42.3077
0.04000,0.02500,0.00900,1.054689,0.387018,-0.456688,0.847446,588774.60,624,54.0064
0.06500,0.04500,0.00100,1.054676,0.419574,-0.425795,0.985389,786079.60,624,45.5128
0.02500,0.03500,0.02000,1.054636,0.381619,-0.510237,0.747925,560851.04,624,59.1346
0.09000,0.13500,0.00800,1.054605,0.454375,-0.555828,0.817474,1062904.32,624,42.1474
0.07500,0.05500,0.01300,1.054602,0.420880,-0.431372,0.975678,795134.72,624,46.4744
0.02500,0.03500,0.00200,1.054595,0.396114,-0.472187,0.838893,638723.09,624,54.1667
0.06500,0.14500,0.01100,1.054549,0.443416,-0.516948,0.857758,967335.00,624,44.2308
0.09500,0.05000,0.00400,1.054501,0.427667,-0.432453,0.988934,843768.93,624,44.3910
0.10000,0.12500,0.00700,1.054495,0.456098,-0.554478,0.822572,1078706.40,624,41.6667
0.05500,0.02000,0.01600,1.054444,0.399494,-0.427163,0.935226,658254.27,624,56.7308
0.08500,0.12500,0.00300,1.054414,0.455213,-0.548163,0.830434,1070559.08,624,40.3846
0.07500,0.14000,0.01900,1.054412,0.446027,-0.532380,0.837799,989358.82,624,46.1538
0.08500,0.14000,0.00800,1.054404,0.453317,-0.554949,0.816862,1053314.82,624,42.3077
0.06000,0.02000,0.01700,1.054399,0.403188,-0.446872,0.902244,680226.53,624,56.7308
0.09000,0.13500,0.02000,1.054398,0.453958,-0.535248,0.848126,1059119.19,624,46.9551
0.08000,0.05000,0.01700,1.054329,0.417985,-0.447062,0.934962,775190.77,624,49.1987
0.09000,0.09000,0.01700,1.054320,0.443433,-0.528541,0.838976,967470.58,624,46.6346
0.07000,0.13500,0.02000,1.054266,0.444418,-0.534289,0.831794,975730.78,624,47.4359
0.09000,0.05500,0.00800,1.054246,0.426317,-0.483214,0.882254,833879.92,624,45.0321
0.09500,0.13500,0.00800,1.054192,0.455582,-0.555829,0.819645,1073952.65,624,41.9872
0.06500,0.15000,0.00900,1.054156,0.443894,-0.556225,0.798047,971328.56,624,43.5897
0.03500,0.03500,0.00200,1.054139,0.398116,-0.469926,0.847189,650225.57,624,51.7628
0.07500,0.04500,0.00400,1.054085,0.420554,-0.417757,1.006695,792866.76,624,45.8333
0.09000,0.09500,0.00300,1.054037,0.452702,-0.548160,0.825857,1047774.02,624,40.7051
0.01000,0.07500,0.01900,1.054007,0.363871,-0.412348,0.882439,477421.57,624,65.7051
0.01000,0.08000,0.01900,1.054007,0.363871,-0.412348,0.882439,477421.57,624,65.7051
0.01000,0.08500,0.01900,1.054007,0.363871,-0.412348,0.882439,477421.57,624,65.7051
0.01000,0.09000,0.01900,1.054007,0.363871,-0.412348,0.882439,477421.57,624,65.7051
0.01000,0.09500,0.01900,1.054007,0.363871,-0.412348,0.882439,477421.57,624,65.7051
0.01000,0.10000,0.01900,1.054007,0.363871,-0.412348,0.882439,477421.57,624,65.7051
0.01000,0.10500,0.01900,1.054007,0.363871,-0.412348,0.882439,477421.57,624,65.7051
0.01000,0.11000,0.01900,1.054007,0.363871,-0.412348,0.882439,477421.57,624,65.7051
0.01000,0.11500,0.01900,1.054007,0.363871,-0.412348,0.882439,477421.57,624,65.7051
0.01000,0.12000,0.01900,1.054007,0.363871,-0.412348,0.882439,477421.57,624,65.7051
0.01000,0.12500,0.01900,1.054007,0.363871,-0.412348,0.882439,477421.57,624,65.7051
0.01000,0.13000,0.01900,1.054007,0.363871,-0.412348,0.882439,477421.57,624,65.7051
0.01000,0.13500,0.01900,1.054007,0.363871,-0.412348,0.882439,477421.57,624,65.7051
0.01000,0.14000,0.01900,1.054007,0.363871,-0.412348,0.882439,477421.57,624,65.7051
0.01000,0.14500,0.01900,1.054007,0.363871,-0.412348,0.882439,477421.57,624,65.7051
0.01000,0.15000,0.01900,1.054007,0.363871,-0.412348,0.882439,477421.57,624,65.7051
0.09500,0.12000,0.00300,1.053997,0.457761,-0.549804,0.832590,1094153.59,624,40.0641
0.06000,0.03000,0.01400,1.053985,0.399833,-0.482822,0.828117,660245.01,624,52.8846
0.08500,0.06000,0.01000,1.053954,0.428606,-0.464235,0.923251,850702.97,624,45.3526
0.02000,0.03500,0.00400,1.053941,0.388311,-0.446248,0.870170,595648.39,624,57.0513
0.06500,0.14000,0.01100,1.053938,0.442907,-0.516961,0.856751,963092.05,624,44.2308
0.05500,0.04500,0.00800,1.053858,0.409443,-0.438837,0.933019,718980.49,624,48.0769
0.08000,0.10500,0.00800,1.053853,0.448130,-0.554920,0.807559,1007433.68,624,42.6282
0.09500,0.08000,0.01600,1.053813,0.443172,-0.526658,0.841481,965297.41,624,45.8333
0.05500,0.03000,0.00200,1.053773,0.408958,-0.503035,0.812981,715902.90,624,50.1603
0.09500,0.10000,0.01200,1.053708,0.446171,-0.518880,0.859873,990587.39,624,43.1090
0.07500,0.10500,0.02000,1.053653,0.445999,-0.534298,0.834738,989118.09,624,47.2756
0.02500,0.05000,0.01100,1.053642,0.396148,-0.481789,0.822245,638916.64,624,54.4872
0.10000,0.15000,0.00800,1.053641,0.456915,-0.555817,0.822059,1086261.58,624,41.8269
0.06500,0.04000,0.00200,1.053609,0.415916,-0.447904,0.928583,761216.71,624,46.4744
0.09000,0.08500,0.01000,1.053537,0.444392,-0.514981,0.862928,975507.56,624,43.4295
0.06500,0.14500,0.00900,1.053536,0.443369,-0.556217,0.797114,966938.00,624,43.5897
0.07000,0.13000,0.02000,1.053487,0.443789,-0.534261,0.830660,970454.03,624,47.4359
0.08000,0.14500,0.00700,1.053472,0.452640,-0.553554,0.817698,1047216.90,624,42.1474
0.09500,0.06000,0.01700,1.053464,0.428240,-0.441851,0.969195,847992.22,624,48.5577
0.08000,0.10500,0.01800,1.053459,0.444807,-0.530466,0.838521,979005.06,624,46.1538
0.09500,0.13500,0.02000,1.053365,0.454565,-0.535237,0.849278,1064637.19,624,46.9551
0.06500,0.13500,0.01100,1.053334,0.442407,-0.516956,0.855793,958944.69,624,44.2308
0.09500,0.09500,0.01200,1.053322,0.444190,-0.518879,0.856056,973809.40,624,43.2692
0.07000,0.10000,0.01600,1.053295,0.440165,-0.526641,0.835797,940541.57,624,45.8333
0.06500,0.09500,0.01900,1.053255,0.436094,-0.532376,0.819146,907948.40,624,47.1154
0.09000,0.11500,0.00500,1.053240,0.452441,-0.556094,0.813606,1045437.26,624,41.1859
0.06500,0.09000,0.00200,1.053239,0.444116,-0.550016,0.807460,973190.70,624,41.5064
0.02000,0.03500,0.00300,1.053227,0.389319,-0.495019,0.786473,601056.23,624,56.8910
0.07500,0.13500,0.01900,1.053175,0.445034,-0.532360,0.835965,980929.33,624,46.1538
0.10000,0.14000,0.00200,1.053158,0.459482,-0.547687,0.838949,1110347.85,624,39.5833
0.09000,0.11500,0.00300,1.053154,0.455357,-0.549809,0.828209,1071881.61,624,40.2244
0.08000,0.09500,0.02000,1.053142,0.445278,-0.534298,0.833388,982988.25,624,47.4359
0.07500,0.14500,0.01000,1.053084,0.449095,-0.514983,0.872058,1015825.20,624,42.9487
0.08000,0.08500,0.01000,1.053053,0.443023,-0.514968,0.860292,964055.32,624,43.5897
0.09500,0.12000,0.00500,1.053024,0.454090,-0.556073,0.816601,1060316.53,624,41.0256
0.09500,0.05500,0.01000,1.052995,0.424034,-0.490439,0.864601,817402.15,624,45.3526
0.08000,0.05000,0.01600,1.052966,0.417361,-0.445981,0.935828,770951.16,624,48.3974
0.06500,0.14000,0.00900,1.052940,0.442870,-0.556240,0.796185,962780.25,624,43.5897
0.04500,0.02500,0.00700,1.052928,0.392226,-0.495880,0.790969,616910.72,624,53.0449
0.04000,0.04000,0.00500,1.052920,0.397674,-0.428582,0.927882,647666.59,624,49.8397
0.09500,0.04500,0.00500,1.052848,0.419953,-0.436014,0.963164,788697.51,624,45.8333
0.08000,0.06000,0.01900,1.052780,0.423399,-0.443972,0.953663,812876.71,624,48.5577
0.04500,0.03500,0.00100,1.052760,0.406164,-0.466524,0.870618,698418.27,624,49.5192
0.09000,0.14000,0.01500,1.052683,0.448897,-0.525717,0.853875,1014098.70,624,44.7115
0.01500,0.03000,0.00600,1.052655,0.376787,-0.428531,0.879254,536902.61,624,61.0577
0.07500,0.13000,0.01900,1.052640,0.444555,-0.532401,0.834999,976881.61,624,46.1538
0.09500,0.08500,0.01400,1.052635,0.439730,-0.522771,0.841153,937008.35,624,44.5513
0.09000,0.14500,0.01200,1.052631,0.449716,-0.519855,0.865079,1021260.49,624,42.7885
0.08500,0.06000,0.01800,1.052614,0.423820,-0.450008,0.941804,815873.95,624,48.3974
0.10000,0.13000,0.00700,1.052612,0.455383,-0.554476,0.821286,1072124.23,624,41.6667
0.05500,0.03000,0.01200,1.052574,0.397580,-0.493652,0.805385,647126.88,624,52.0833
0.08500,0.11500,0.00500,1.052556,0.450784,-0.550844,0.818352,1030675.37,624,41.3462
0.06500,0.13000,0.01100,1.052543,0.441771,-0.516949,0.854574,953687.23,624,44.2308
0.07500,0.10000,0.02000,1.052539,0.445163,-0.534277,0.833205,982015.75,624,47.2756
0.03000,0.04500,0.01700,1.052533,0.393789,-0.411684,0.956531,625595.05,624,54.8077
0.01000,0.04000,0.00300,1.052523,0.380022,-0.526824,0.721344,552827.68,624,65.7051
0.10000,0.05500,0.01000,1.052407,0.423685,-0.490436,0.863894,814911.69,624,45.3526
0.01000,0.06000,0.01900,1.052352,0.363053,-0.412348,0.880455,473867.16,624,65.7051
0.02500,0.03500,0.00500,1.052348,0.389183,-0.457795,0.850125,600322.09,624,54.6474
0.05000,0.03000,0.01500,1.052346,0.392524,-0.457986,0.857066,618560.20,624,54.1667
0.06500,0.13500,0.00900,1.052331,0.442366,-0.556224,0.795301,958599.42,624,43.5897
0.09000,0.05500,0.01500,1.052319,0.420569,-0.442196,0.951091,792969.70,624,47.2756
0.01000,0.03500,0.00400,1.052308,0.376176,-0.485330,0.775093,533939.80,624,65.5449
0.04500,0.02500,0.01500,1.052299,0.387591,-0.460273,0.842090,591812.29,624,56.0897
0.10000,0.06000,0.01600,1.052292,0.427632,-0.440645,0.970467,843504.80,624,47.7564
0.10000,0.09000,0.02000,1.052285,0.445179,-0.534307,0.833189,982149.38,624,47.4359
0.10000,0.05000,0.00500,1.052248,0.424247,-0.433333,0.979032,818928.25,624,44.7115
0.09000,0.09000,0.01600,1.052246,0.442157,-0.526632,0.839593,956872.57,624,45.8333
0.10000,0.09500,0.00500,1.052224,0.449038,-0.550858,0.815161,1015324.98,624,41.5064
0.03000,0.04000,0.00500,1.052213,0.395204,-0.446348,0.885415,633551.96,624,51.6026
0.08500,0.06000,0.00100,1.052202,0.432311,-0.456758,0.946476,878598.65,624,42.7885
0.10000,0.08000,0.00300,1.052190,0.449664,-0.548146,0.820336,1020807.71,624,40.7051
0.07000,0.12500,0.02000,1.052174,0.442773,-0.534291,0.828713,961979.61,624,47.4359
0.08000,0.03500,0.01600,1.052140,0.411190,-0.502103,0.818934,730160.69,624,51.7628
0.10000,0.14500,0.00400,1.052064,0.457757,-0.552942,0.827857,1094111.30,624,40.3846
0.01500,0.06000,0.00900,1.052063,0.380479,-0.425088,0.895060,555114.06,624,59.9359
0.09000,0.13000,0.00800,1.052059,0.452342,-0.555810,0.813844,1044547.97,624,42.1474
0.04000,0.04500,0.01200,1.052014,0.397174,-0.454900,0.873103,644791.73,624,50.0000
0.05000,0.02000,0.01600,1.052012,0.394517,-0.427125,0.923659,629680.89,624,57.0513
0.02500,0.04000,0.00100,1.051998,0.399121,-0.469942,0.849299,656072.60,624,53.0449
0.06000,0.02500,0.02000,1.051975,0.399539,-0.476771,0.838010,658516.18,624,56.5705
0.02500,0.05000,0.01400,1.051966,0.390828,-0.444550,0.879154,609238.19,624,55.1282
0.09000,0.13000,0.02000,1.051936,0.451949,-0.535225,0.844408,1041028.73,624,46.9551
0.01500,0.06500,0.01200,1.051875,0.377217,-0.465770,0.809879,538994.92,624,60.0962
0.09000,0.14000,0.01800,1.051845,0.450480,-0.531409,0.847710,1027987.67,624,45.8333
0.07500,0.14000,0.01000,1.051828,0.448073,-0.514974,0.870089,1006937.30,624,42.9487
0.10000,0.15000,0.02000,1.051810,0.455662,-0.535229,0.851340,1074685.71,624,46.7949
0.07500,0.12000,0.01900,1.051713,0.443569,-0.532373,0.833192,968608.34,624,46.1538
0.07000,0.11000,0.00700,1.051708,0.444202,-0.553565,0.802439,973917.30,624,42.6282
0.03000,0.02500,0.00600,1.051675,0.380201,-0.457953,0.830218,553722.60,624,55.7692
0.09500,0.09500,0.01700,1.051674,0.444377,-0.528530,0.840780,975386.00,624,46.4744
0.06500,0.13000,0.00900,1.051533,0.441728,-0.556228,0.794149,953330.32,624,43.5897
0.09500,0.05000,0.00500,1.051497,0.423798,-0.433369,0.977916,815718.97,624,44.7115
0.08500,0.14000,0.01500,1.051454,0.446935,-0.524739,0.851728,997123.61,624,44.8718
0.09000,0.11000,0.01700,1.051401,0.447239,-0.529503,0.844640,999740.44,624,46.1538
0.01500,0.05000,0.00800,1.051365,0.380861,-0.428893,0.888010,557030.21,624,60.4167
0.07500,0.11000,0.01300,1.051333,0.442148,-0.520804,0.848973,956802.77,624,43.9103
0.10000,0.14500,0.00300,1.051331,0.459086,-0.549790,0.835020,1106605.03,624,39.9038
0.06500,0.08500,0.01100,1.051275,0.437325,-0.516949,0.845973,917691.80,624,44.7115
0.06500,0.12500,0.01100,1.051244,0.440765,-0.516937,0.852648,945430.73,624,44.2308
0.07000,0.15000,0.01800,1.051237,0.440556,-0.530439,0.830549,943724.41,624,46.3141
0.08000,0.08500,0.01900,1.051233,0.437849,-0.532360,0.822468,921868.87,624,46.6346
0.02500,0.04000,0.01200,1.051138,0.385553,-0.493738,0.780885,581072.82,624,54.8077
0.08000,0.10000,0.01800,1.051114,0.443086,-0.530441,0.835316,964580.26,624,46.1538
0.05500,0.03000,0.01400,1.051091,0.394175,-0.482890,0.816282,627755.67,624,53.5256
0.02500,0.03500,0.01200,1.051080,0.381629,-0.503955,0.757267,560899.95,624,55.9295
0.08000,0.10000,0.01300,1.051068,0.442162,-0.520817,0.848978,956913.04,624,44.0705
0.08500,0.14500,0.01200,1.051043,0.447616,-0.518888,0.862645,1002986.33,624,42.9487
0.10000,0.08000,0.00400,1.051033,0.446258,-0.549489,0.812132,991328.79,624,41.1859
0.05500,0.03000,0.00300,1.050980,0.406642,-0.506892,0.802225,701382.36,624,50.0000
0.09500,0.06000,0.01600,1.050974,0.426833,-0.440645,0.968655,837646.90,624,47.7564
0.08500,0.09000,0.00500,1.050956,0.445245,-0.550841,0.808301,982712.15,624,41.8269
0.10000,0.13500,0.00200,1.050881,0.457754,-0.547658,0.835839,1094083.50,624,39.5833
0.10000,0.12500,0.01300,1.050869,0.448663,-0.521807,0.859826,1012060.45,624,43.4295
0.07000,0.09000,0.01500,1.050863,0.435789,-0.524742,0.830483,905550.96,624,45.5128
0.08000,0.11500,0.01400,1.050848,0.443188,-0.522789,0.847737,965429.07,624,44.2308
0.08000,0.10500,0.00700,1.050846,0.447627,-0.553559,0.808634,1003078.11,624,42.3077
0.07000,0.12000,0.02000,1.050823,0.441737,-0.534267,0.826810,953409.12,624,47.4359
0.06000,0.04000,0.01200,1.050730,0.402987,-0.455530,0.884655,679014.32,624,49.1987
0.06500,0.05000,0.01200,1.050712,0.410859,-0.444459,0.924403,728034.72,624,46.7949
0.01500,0.06500,0.01500,1.050678,0.374515,-0.417197,0.897693,525966.93,624,61.3782
0.10000,0.10500,0.01700,1.050672,0.446596,-0.529479,0.843464,994220.83,624,46.1538
0.07500,0.09000,0.01800,1.050625,0.438809,-0.530428,0.827274,929567.74,624,46.4744
0.08500,0.08500,0.01400,1.050615,0.436984,-0.522785,0.835877,914982.49,624,44.7115
0.07000,0.14500,0.01800,1.050589,0.440016,-0.530456,0.829507,939330.71,624,46.3141
0.07500,0.13500,0.01000,1.050583,0.447068,-0.514963,0.868157,998268.70,624,42.9487
0.09500,0.03500,0.01700,1.050558,0.414395,-0.503588,0.822885,751092.26,624,52.2436
0.03500,0.04500,0.02000,1.050550,0.394273,-0.415430,0.949070,628305.82,624,54.6474
0.10000,0.11500,0.00300,1.050515,0.454972,-0.549825,0.827484,1068355.85,624,40.0641
0.02500,0.04500,0.01500,1.050480,0.388454,-0.416790,0.932013,596412.46,624,55.7692
0.09500,0.14000,0.01500,1.050456,0.448619,-0.525692,0.853389,1011680.06,624,44.7115
0.01500,0.08000,0.01200,1.050443,0.376439,-0.465770,0.808207,535210.07,624,60.0962
0.01500,0.08500,0.01200,1.050443,0.376439,-0.465770,0.808207,535210.07,624,60.0962
0.01500,0.09000,0.01200,1.050443,0.376439,-0.465770,0.808207,535210.07,624,60.0962
0.01500,0.09500,0.01200,1.050443,0.376439,-0.465770,0.808207,535210.07,624,60.0962
0.01500,0.10000,0.01200,1.050443,0.376439,-0.465770,0.808207,535210.07,624,60.0962
0.01500,0.10500,0.01200,1.050443,0.376439,-0.465770,0.808207,535210.07,624,60.0962
0.01500,0.11000,0.01200,1.050443,0.376439,-0.465770,0.808207,535210.07,624,60.0962
0.01500,0.11500,0.01200,1.050443,0.376439,-0.465770,0.808207,535210.07,624,60.0962
0.01500,0.12000,0.01200,1.050443,0.376439,-0.465770,0.808207,535210.07,624,60.0962
0.01500,0.12500,0.01200,1.050443,0.376439,-0.465770,0.808207,535210.07,624,60.0962
0.01500,0.13000,0.01200,1.050443,0.376439,-0.465770,0.808207,535210.07,624,60.0962
0.01500,0.13500,0.01200,1.050443,0.376439,-0.465770,0.808207,535210.07,624,60.0962
0.01500,0.14000,0.01200,1.050443,0.376439,-0.465770,0.808207,535210.07,624,60.0962
0.01500,0.14500,0.01200,1.050443,0.376439,-0.465770,0.808207,535210.07,624,60.0962
0.01500,0.15000,0.01200,1.050443,0.376439,-0.465770,0.808207,535210.07,624,60.0962
0.09500,0.04500,0.00400,1.050431,0.420693,-0.434883,0.967370,793834.15,624,45.5128
0.06000,0.02000,0.01000,1.050369,0.403729,-0.464418,0.869324,683505.17,624,53.5256
0.01500,0.05000,0.00700,1.050356,0.382347,-0.424241,0.901250,564543.78,624,60.4167
0.09000,0.06000,0.00100,1.050354,0.434267,-0.456741,0.950795,893662.62,624,42.6282
0.07500,0.04500,0.00500,1.050345,0.415908,-0.418623,0.993512,761159.33,624,46.1538
0.02000,0.05000,0.02000,1.050334,0.380309,-0.482043,0.788954,554264.84,624,59.9359
0.08000,0.06000,0.01400,1.050333,0.421077,-0.438343,0.960611,796513.46,624,46.7949
0.08500,0.11000,0.01700,1.050291,0.444782,-0.528565,0.841490,978795.40,624,46.3141
0.07000,0.09000,0.00300,1.050281,0.443733,-0.548161,0.809494,969983.09,624,41.1859
0.07000,0.08500,0.01400,1.050274,0.434237,-0.522769,0.830649,893432.56,624,45.0321
0.04000,0.02500,0.01400,1.050242,0.381876,-0.453222,0.842581,562153.95,624,56.2500
0.06500,0.12500,0.00900,1.050221,0.440712,-0.556221,0.792334,945001.19,624,43.5897
0.09500,0.09000,0.00400,1.050174,0.447956,-0.549518,0.815180,1005925.88,624,41.0256
0.10000,0.11500,0.00500,1.050172,0.451837,-0.556099,0.812512,1040033.09,624,41.0256
0.02000,0.04500,0.01800,1.050155,0.379221,-0.506848,0.748195,548844.67,624,59.2949
0.07500,0.13000,0.01000,1.050149,0.446655,-0.514982,0.867323,994726.56,624,42.9487
0.09000,0.13500,0.01500,1.050145,0.446892,-0.525692,0.850102,996752.23,624,44.7115
0.06000,0.03000,0.01800,1.050141,0.398052,-0.467634,0.851204,649854.04,624,54.1667
0.08000,0.09000,0.00200,1.050094,0.446959,-0.546750,0.817484,997330.53,624,40.7051
0.06000,0.03500,0.01000,1.050054,0.406114,-0.452770,0.896954,698111.61,624,50.4808
0.10000,0.09500,0.01500,1.050047,0.442403,-0.524750,0.843075,958910.85,624,45.0321
0.07000,0.14000,0.01800,1.049990,0.439514,-0.530453,0.828564,935258.48,624,46.3141
0.07500,0.08500,0.00200,1.049985,0.444786,-0.546760,0.813494,978827.76,624,40.8654
0.02500,0.03500,0.00400,1.049931,0.390694,-0.449944,0.868318,608512.17,624,54.3269
0.01000,0.04000,0.00100,1.049925,0.382904,-0.484553,0.790220,567383.15,624,66.6667
0.07000,0.08000,0.00500,1.049919,0.438807,-0.553326,0.793035,929547.43,624,42.4679
0.07500,0.12500,0.01900,1.049903,0.442499,-0.532360,0.831204,959707.61,624,46.1538
0.06500,0.12000,0.01100,1.049878,0.439721,-0.516944,0.850616,936930.66,624,44.2308
0.09000,0.11000,0.01600,1.049863,0.446267,-0.527612,0.845824,991403.53,624,45.3526
0.10000,0.09000,0.00700,1.049843,0.446126,-0.553552,0.805934,990200.74,624,42.3077
0.05000,0.03500,0.01400,1.049829,0.392173,-0.448004,0.875377,616618.91,624,52.4038
0.09000,0.09500,0.00500,1.049826,0.446844,-0.550860,0.811175,996341.75,624,41.6667
0.07500,0.03500,0.01600,1.049812,0.409224,-0.502104,0.815018,717589.38,624,51.7628
0.06500,0.04000,0.00300,1.049784,0.412969,-0.448431,0.920919,741712.70,624,46.6346
0.01000,0.03500,0.00500,1.049780,0.371875,-0.488850,0.760714,513520.16,624,65.5449
0.07500,0.05000,0.01200,1.049767,0.413820,-0.426966,0.969212,747299.44,624,46.3141
0.06500,0.03500,0.01800,1.049759,0.404703,-0.505046,0.801320,689435.23,624,52.8846
0.09500,0.09500,0.01600,1.049728,0.443162,-0.526635,0.841499,965216.06,624,45.6731
0.06500,0.10000,0.01000,1.049675,0.438614,-0.514961,0.851742,927995.84,624,43.9103
0.10000,0.08000,0.00700,1.049657,0.443625,-0.560474,0.791516,969074.42,624,42.4679
0.08500,0.15000,0.01700,1.049617,0.447880,-0.528549,0.847376,1005262.74,624,46.1538
0.01500,0.08000,0.01500,1.049583,0.373890,-0.417149,0.896298,522994.27,624,61.3782
0.01500,0.08500,0.01500,1.049583,0.373890,-0.417149,0.896298,522994.27,624,61.3782
0.01500,0.09000,0.01500,1.049583,0.373890,-0.417149,0.896298,522994.27,624,61.3782
0.01500,0.09500,0.01500,1.049583,0.373890,-0.417149,0.896298,522994.27,624,61.3782
0.01500,0.10000,0.01500,1.049583,0.373890,-0.417149,0.896298,522994.27,624,61.3782
0.01500,0.10500,0.01500,1.049583,0.373890,-0.417149,0.896298,522994.27,624,61.3782
0.01500,0.11000,0.01500,1.049583,0.373890,-0.417149,0.896298,522994.27,624,61.3782
0.01500,0.11500,0.01500,1.049583,0.373890,-0.417149,0.896298,522994.27,624,61.3782
0.01500,0.12000,0.01500,1.049583,0.373890,-0.417149,0.896298,522994.27,624,61.3782
0.01500,0.12500,0.01500,1.049583,0.373890,-0.417149,0.896298,522994.27,624,61.3782
0.01500,0.13000,0.01500,1.049583,0.373890,-0.417149,0.896298,522994.27,624,61.3782
0.01500,0.13500,0.01500,1.049583,0.373890,-0.417149,0.896298,522994.27,624,61.3782
0.01500,0.14000,0.01500,1.049583,0.373890,-0.417149,0.896298,522994.27,624,61.3782
0.01500,0.14500,0.01500,1.049583,0.373890,-0.417149,0.896298,522994.27,624,61.3782
0.01500,0.15000,0.01500,1.049583,0.373890,-0.417149,0.896298,522994.27,624,61.3782
0.02000,0.03500,0.00200,1.049552,0.389112,-0.491857,0.791108,599940.16,624,57.0513
0.10000,0.13000,0.01300,1.049543,0.448407,-0.521788,0.859365,1009830.44,624,43.4295
0.06000,0.05000,0.01000,1.049511,0.413256,-0.437558,0.944459,743588.98,624,47.1154
0.01000,0.02000,0.01200,1.049483,0.357581,-0.396594,0.901631,450706.71,624,66.8269
0.07000,0.11500,0.02000,1.049457,0.440704,-0.534276,0.824863,944933.96,624,47.4359
0.05500,0.02500,0.00900,1.049451,0.394904,-0.486605,0.811551,631861.85,624,52.5641
0.09500,0.13000,0.00800,1.049432,0.451991,-0.555835,0.813176,1041411.10,624,41.9872
0.07500,0.09500,0.02000,1.049428,0.441983,-0.534274,0.827260,955438.15,624,47.4359
0.07000,0.13500,0.01800,1.049399,0.439027,-0.530439,0.827667,931320.35,624,46.3141
0.09000,0.10000,0.01700,1.049259,0.444329,-0.528538,0.840677,974982.63,624,46.3141
0.07500,0.12000,0.01000,1.049253,0.445681,-0.514971,0.865447,986407.78,624,42.9487
0.01500,0.07500,0.01200,1.049199,0.375812,-0.465770,0.806862,532182.86,624,60.0962
0.07000,0.10500,0.00800,1.049169,0.440907,-0.554931,0.794526,946593.53,624,42.9487
0.07000,0.06000,0.01900,1.049166,0.418484,-0.434944,0.962155,778592.05,624,48.7179
0.07000,0.11000,0.00200,1.049164,0.445818,-0.550005,0.810571,987577.37,624,40.7051
0.09500,0.13500,0.01500,1.049162,0.447548,-0.525699,0.851339,1002401.30,624,44.7115
0.09500,0.09500,0.00400,1.049141,0.448884,-0.549491,0.816908,1013984.96,624,41.0256
0.10000,0.10500,0.01600,1.049139,0.445625,-0.527603,0.844621,985931.61,624,45.3526
0.06500,0.08500,0.00900,1.049116,0.436610,-0.556213,0.784968,912020.15,624,44.0705
0.01500,0.06500,0.01400,1.049094,0.373220,-0.418924,0.890900,519825.66,624,61.0577
0.08500,0.13500,0.00800,1.049004,0.449482,-0.554931,0.809978,1019209.12,624,42.3077
0.07500,0.10000,0.00700,1.048965,0.445146,-0.553551,0.804165,981874.40,624,42.4679
0.04000,0.02500,0.01000,1.048915,0.383384,-0.460127,0.833213,569841.47,624,54.6474
0.08500,0.13500,0.01500,1.048871,0.444909,-0.524744,0.847859,979867.82,624,44.8718
0.06500,0.12000,0.00900,1.048861,0.439674,-0.556219,0.790470,936555.10,624,43.5897
0.10000,0.09000,0.01300,1.048778,0.439911,-0.520825,0.844644,938476.19,624,44.0705
0.07500,0.10500,0.01800,1.048767,0.440591,-0.530454,0.830592,944012.59,624,46.1538
0.09500,0.13000,0.02000,1.048764,0.451049,-0.535244,0.842698,1033024.82,624,46.9551
0.09000,0.13500,0.01800,1.048650,0.447918,-0.531417,0.842875,1005592.16,624,45.8333
0.08500,0.11000,0.01600,1.048647,0.443750,-0.526643,0.842601,970121.85,624,45.5128
0.10000,0.11000,0.01700,1.048644,0.446461,-0.529479,0.843209,993064.06,624,46.1538
0.09000,0.15000,0.00400,1.048616,0.454023,-0.552949,0.821095,1059712.63,624,40.5449
0.07000,0.13000,0.01800,1.048601,0.438388,-0.530423,0.826489,926186.16,624,46.3141
0.10000,0.12000,0.01800,1.048570,0.447842,-0.531409,0.842746,1004941.27,624,45.8333
0.07500,0.15000,0.00200,1.048524,0.449623,-0.546746,0.822363,1020450.01,624,40.2244
0.06500,0.11500,0.01100,1.048507,0.438689,-0.516933,0.848639,928603.10,624,44.2308
0.01500,0.07500,0.01500,1.048362,0.373280,-0.417149,0.894837,520111.43,624,61.3782
0.09500,0.11500,0.01700,1.048348,0.446644,-0.529505,0.843512,994625.69,624,46.1538
0.09000,0.13000,0.01500,1.048339,0.445435,-0.525698,0.847321,984323.29,624,44.7115
0.02000,0.04000,0.00200,1.048325,0.390421,-0.464044,0.841344,607022.75,624,56.2500
0.07500,0.10500,0.00800,1.048283,0.443534,-0.554928,0.799263,968315.04,624,42.6282
0.03500,0.03000,0.00600,1.048238,0.385161,-0.448544,0.858691,579027.12,624,53.3654
0.09000,0.15000,0.00300,1.048215,0.455726,-0.549821,0.828862,1075274.03,624,40.0641
0.08500,0.11500,0.00300,1.048194,0.450438,-0.548148,0.821745,1027613.81,624,40.3846
0.02500,0.03000,0.01700,1.048170,0.374225,-0.438419,0.853578,524584.68,624,59.7756
0.07000,0.11000,0.01300,1.048105,0.436601,-0.520815,0.838304,911952.21,624,44.2308
0.06500,0.04000,0.00400,1.048079,0.410948,-0.431804,0.951700,728602.90,624,47.1154
0.06500,0.10000,0.01900,1.048019,0.433658,-0.532371,0.814578,888947.23,624,46.9551
0.07000,0.10500,0.01500,1.048007,0.436013,-0.524751,0.830895,907308.00,624,45.1923
0.08500,0.09500,0.00300,1.048002,0.448212,-0.548158,0.817670,1008145.38,624,40.7051
0.08500,0.15000,0.01600,1.047983,0.446844,-0.526660,0.848449,996345.21,624,45.3526
0.04500,0.02500,0.01700,1.047954,0.385423,-0.479382,0.803999,580393.16,624,56.7308
0.07500,0.14500,0.00200,1.047911,0.449098,-0.546754,0.821389,1015850.45,624,40.2244
0.01500,0.08000,0.01400,1.047900,0.372545,-0.418924,0.889290,516653.79,624,61.0577
0.01500,0.08500,0.01400,1.047900,0.372545,-0.418924,0.889290,516653.79,624,61.0577
0.01500,0.09000,0.01400,1.047900,0.372545,-0.418924,0.889290,516653.79,624,61.0577
0.01500,0.09500,0.01400,1.047900,0.372545,-0.418924,0.889290,516653.79,624,61.0577
0.01500,0.10000,0.01400,1.047900,0.372545,-0.418924,0.889290,516653.79,624,61.0577
0.01500,0.10500,0.01400,1.047900,0.372545,-0.418924,0.889290,516653.79,624,61.0577
0.01500,0.11000,0.01400,1.047900,0.372545,-0.418924,0.889290,516653.79,624,61.0577
0.01500,0.11500,0.01400,1.047900,0.372545,-0.418924,0.889290,516653.79,624,61.0577
0.01500,0.12000,0.01400,1.047900,0.372545,-0.418924,0.889290,516653.79,624,61.0577
0.01500,0.12500,0.01400,1.047900,0.372545,-0.418924,0.889290,516653.79,624,61.0577
0.01500,0.13000,0.01400,1.047900,0.372545,-0.418924,0.889290,516653.79,624,61.0577
0.01500,0.13500,0.01400,1.047900,0.372545,-0.418924,0.889290,516653.79,624,61.0577
0.01500,0.14000,0.01400,1.047900,0.372545,-0.418924,0.889290,516653.79,624,61.0577
0.01500,0.14500,0.01400,1.047900,0.372545,-0.418924,0.889290,516653.79,624,61.0577
0.01500,0.15000,0.01400,1.047900,0.372545,-0.418924,0.889290,516653.79,624,61.0577
0.06500,0.05000,0.01700,1.047897,0.410131,-0.432829,0.947560,723367.89,624,49.6795
0.09500,0.15000,0.00400,1.047876,0.454992,-0.552940,0.822861,1068541.72,624,40.3846
0.09500,0.15000,0.00300,1.047860,0.456920,-0.549815,0.831043,1086309.80,624,39.9038
0.01000,0.03000,0.00300,1.047852,0.376159,-0.553092,0.680102,533857.93,624,66.1859
0.08500,0.05500,0.00900,1.047838,0.420609,-0.486869,0.863906,793248.86,624,45.3526
0.08000,0.09500,0.01800,1.047807,0.439608,-0.530458,0.828733,936018.42,624,46.3141
0.04500,0.04000,0.00700,1.047794,0.397981,-0.436911,0.910896,649441.03,624,50.0000
0.05000,0.02500,0.01200,1.047716,0.388030,-0.496139,0.782099,594148.48,624,54.0064
0.09500,0.05500,0.02000,1.047694,0.423886,-0.447689,0.946831,816343.87,624,49.5192
0.10000,0.08000,0.02000,1.047653,0.441762,-0.534269,0.826852,953610.14,624,47.4359
0.09000,0.06000,0.01500,1.047611,0.421049,-0.439527,0.957960,796313.56,624,47.1154
0.07500,0.10000,0.01800,1.047563,0.439704,-0.530491,0.828863,936795.79,624,46.1538
0.05500,0.04500,0.01700,1.047541,0.402335,-0.432806,0.929597,675097.24,624,51.4423
0.09000,0.10000,0.01600,1.047524,0.443238,-0.526638,0.841638,965846.22,624,45.5128
0.06500,0.11500,0.00900,1.047478,0.438637,-0.556248,0.788564,928181.92,624,43.5897
0.09000,0.14500,0.01700,1.047435,0.448337,-0.529477,0.846755,1009223.58,624,45.9936
0.08500,0.03500,0.00600,1.047419,0.412214,-0.486747,0.846875,736787.92,624,48.2372
0.08000,0.03500,0.01700,1.047413,0.407971,-0.503576,0.810148,709683.23,624,52.4038
0.07500,0.14500,0.01400,1.047394,0.441045,-0.522785,0.843643,947718.58,624,44.2308
0.07500,0.12500,0.01000,1.047378,0.444556,-0.514985,0.863241,976888.53,624,42.9487
0.10000,0.11000,0.01200,1.047369,0.444154,-0.519850,0.854389,973510.02,624,42.7885
0.03000,0.03500,0.00400,1.047369,0.391187,-0.445233,0.878612,611203.46,624,52.7244
0.10000,0.14500,0.00500,1.047364,0.452907,-0.556077,0.814469,1049623.83,624,40.8654
0.09000,0.14000,0.00700,1.047357,0.450785,-0.554468,0.813005,1030682.40,624,41.8269
0.07500,0.12000,0.00200,1.047325,0.448193,-0.546747,0.819744,1007978.66,624,40.2244
0.09000,0.12500,0.00800,1.047322,0.448723,-0.555841,0.807286,1012577.84,624,42.1474
0.07500,0.14000,0.00200,1.047322,0.448596,-0.546759,0.820463,1011474.92,624,40.2244
0.07000,0.12500,0.01800,1.047301,0.437389,-0.530443,0.824573,918203.72,624,46.3141
0.07000,0.09000,0.00800,1.047296,0.437889,-0.554921,0.789102,922189.47,624,43.2692
0.10000,0.11000,0.01600,1.047271,0.445591,-0.527597,0.844566,985647.20,624,45.3526
0.10000,0.12500,0.00200,1.047271,0.454329,-0.547697,0.829528,1062493.81,624,39.5833
0.06000,0.03000,0.00200,1.047257,0.408751,-0.500367,0.816902,714594.79,624,49.3590
0.09000,0.12500,0.02000,1.047213,0.448294,-0.535222,0.837585,1008854.22,624,46.9551
0.10000,0.05500,0.02000,1.047153,0.423561,-0.447753,0.945970,814029.13,624,49.5192
0.10000,0.14000,0.01000,1.047126,0.451479,-0.515968,0.875015,1036845.29,624,42.4679
0.01500,0.02500,0.00700,1.047122,0.369739,-0.421085,0.878062,503646.93,624,62.3397
0.08500,0.13000,0.01500,1.047083,0.443471,-0.524739,0.845128,967794.38,624,44.8718
0.09000,0.12000,0.02000,1.047072,0.447883,-0.535226,0.836810,1005291.20,624,46.9551
0.09000,0.12000,0.00800,1.047069,0.448274,-0.555818,0.806513,1008681.83,624,42.1474
0.01500,0.07000,0.01300,1.047063,0.374078,-0.425600,0.878941,523885.67,624,60.7372
0.02000,0.03000,0.01700,1.047056,0.370026,-0.436958,0.846823,504964.95,624,61.2179
0.07000,0.05000,0.00500,1.047044,0.417216,-0.420383,0.992467,769970.41,624,45.3526
0.09500,0.11500,0.01200,1.047037,0.444277,-0.519863,0.854605,974547.17,624,42.7885
0.09000,0.05500,0.00100,1.047011,0.429557,-0.461873,0.930032,857782.63,624,42.9487
0.07000,0.06000,0.00900,1.046942,0.421922,-0.460500,0.916225,802429.02,624,45.5128
0.10000,0.08000,0.01300,1.046930,0.436736,-0.520831,0.838538,913021.44,624,44.0705
0.09500,0.11500,0.01600,1.046890,0.445712,-0.527594,0.844802,986675.29,624,45.3526
0.07500,0.13000,0.00200,1.046843,0.448121,-0.546739,0.819625,1007349.66,624,40.2244
0.07000,0.08500,0.00200,1.046839,0.441004,-0.550001,0.801824,947389.19,624,41.0256
0.08000,0.14500,0.01300,1.046820,0.443155,-0.520831,0.850862,965158.62,624,43.7500
0.08000,0.11000,0.01900,1.046766,0.440943,-0.532398,0.828221,946888.39,624,46.1538
0.05500,0.05000,0.01800,1.046748,0.404164,-0.433993,0.931270,686148.24,624,50.3205
0.09000,0.06000,0.01800,1.046745,0.423674,-0.450087,0.941315,814831.61,624,48.2372
0.07500,0.10000,0.01300,1.046743,0.438500,-0.520812,0.841955,927085.43,624,44.0705
0.07500,0.13500,0.00200,1.046724,0.448095,-0.546744,0.819570,1007128.38,624,40.2244
0.09000,0.09000,0.00500,1.046676,0.442694,-0.550845,0.803662,961317.77,624,41.8269
0.08500,0.05500,0.00100,1.046675,0.426505,-0.461842,0.923487,835250.01,624,43.1090
0.01500,0.07500,0.01400,1.046641,0.371918,-0.418924,0.887794,513722.70,624,61.0577
0.09500,0.08000,0.00800,1.046616,0.440598,-0.554929,0.793971,944064.02,624,42.7885
0.05000,0.04500,0.01800,1.046537,0.398840,-0.434049,0.918883,654431.10,624,51.9231
0.08500,0.14000,0.02000,1.046490,0.446837,-0.534283,0.836330,996278.43,624,47.1154
0.05500,0.04000,0.01200,1.046479,0.396989,-0.455725,0.871115,643723.91,624,49.6795
0.09000,0.09500,0.01700,1.046469,0.440914,-0.528542,0.834208,946650.55,624,46.4744
0.09000,0.04500,0.00500,1.046464,0.415484,-0.435980,0.952990,758330.05,624,45.8333
0.08500,0.13000,0.00800,1.046409,0.447432,-0.554947,0.806261,1001399.60,624,42.3077
0.07500,0.11500,0.01900,1.046352,0.439795,-0.532390,0.826077,937533.22,624,46.1538
0.07500,0.06000,0.00100,1.046297,0.428449,-0.456733,0.938074,849541.18,624,42.9487
0.10000,0.10000,0.00400,1.046246,0.448246,-0.549503,0.815730,1008432.93,624,40.8654
0.05000,0.04000,0.00700,1.046226,0.399759,-0.443966,0.900427,659810.81,624,49.1987
0.09000,0.13000,0.01800,1.046218,0.445933,-0.531423,0.839130,988556.88,624,45.8333
0.06500,0.05000,0.01600,1.046193,0.409340,-0.431507,0.948628,718327.40,624,48.8782
0.07500,0.14000,0.01400,1.046138,0.440036,-0.522783,0.841719,939491.55,624,44.2308
0.01000,0.03000,0.00100,1.046123,0.379693,-0.517965,0.733048,551190.14,624,67.1474
0.05000,0.04000,0.00100,1.046107,0.406326,-0.447401,0.908192,699424.84,624,47.4359
0.09000,0.14500,0.01600,1.045968,0.447388,-0.527597,0.847973,1001016.59,624,45.1923
0.02500,0.05000,0.01800,1.045915,0.388210,-0.488857,0.794119,595109.45,624,56.4103
0.07000,0.12000,0.01800,1.045908,0.436334,-0.530447,0.822577,909837.98,624,46.3141
0.09500,0.09000,0.01500,1.045845,0.437416,-0.524748,0.833573,918413.83,624,45.1923
0.07500,0.05000,0.00800,1.045839,0.416244,-0.435696,0.955354,763412.04,624,45.9936
0.08500,0.09000,0.00400,1.045839,0.444114,-0.549510,0.808200,973172.24,624,41.1859
0.09500,0.14000,0.00700,1.045834,0.451090,-0.554464,0.813560,1033384.64,624,41.6667
0.09500,0.14500,0.01200,1.045830,0.446489,-0.519841,0.858895,993303.02,624,42.6282
0.08000,0.08000,0.01500,1.045754,0.431494,-0.524717,0.822336,872379.33,624,45.5128
0.10000,0.15000,0.01500,1.045725,0.447071,-0.525690,0.850446,998294.75,624,44.5513
0.09000,0.14000,0.01300,1.045609,0.444859,-0.521795,0.852556,979451.49,624,43.5897
0.09000,0.10000,0.00400,1.045568,0.447318,-0.549517,0.814020,1000417.08,624,41.0256
0.07000,0.03500,0.00600,1.045550,0.408956,-0.486703,0.840259,715895.08,624,48.5577
0.01500,0.07000,0.01000,1.045480,0.377766,-0.453021,0.833881,541673.86,624,60.0962
0.08500,0.08500,0.00200,1.045384,0.442439,-0.546772,0.809184,959209.77,624,40.7051
0.10000,0.13000,0.00200,1.045348,0.453599,-0.547665,0.828242,1055866.69,624,39.5833
0.05500,0.04000,0.00700,1.045346,0.401963,-0.443979,0.905365,672866.11,624,48.8782
0.07500,0.08500,0.01000,1.045335,0.437823,-0.514984,0.850167,921659.41,624,43.5897
0.09500,0.14500,0.01700,1.045290,0.448078,-0.529513,0.846209,1006982.58,624,45.9936
0.07500,0.03500,0.01700,1.045282,0.406109,-0.503537,0.806513,698082.58,624,52.4038
0.07500,0.08000,0.01500,1.045281,0.431090,-0.524718,0.821565,869316.59,624,45.5128
0.02500,0.05000,0.02000,1.045256,0.388308,-0.467947,0.829814,595633.84,624,57.3718
0.02000,0.04500,0.01200,1.045195,0.377839,-0.481113,0.785345,542034.41,624,57.0513
0.07000,0.08000,0.00300,1.045186,0.438477,-0.548132,0.799948,926900.59,624,41.3462
0.07000,0.04000,0.00600,1.045185,0.405721,-0.439929,0.922242,695686.32,624,47.2756
0.08000,0.11000,0.01000,1.045159,0.443366,-0.514985,0.860930,966914.62,624,42.9487
0.02500,0.03500,0.01400,1.045151,0.376120,-0.463428,0.811605,533669.80,624,57.0513
0.05000,0.03000,0.00300,1.045142,0.401006,-0.506713,0.791386,667166.39,624,50.3205
0.09500,0.13000,0.01500,1.045089,0.444528,-0.525702,0.845590,976659.95,624,44.7115
0.06500,0.05000,0.00800,1.045072,0.412457,-0.430641,0.957774,738370.98,624,46.4744
0.09500,0.08500,0.01900,1.045024,0.438149,-0.532395,0.822977,924264.28,624,46.4744
0.03000,0.03500,0.00500,1.045023,0.387216,-0.452993,0.854795,589820.96,624,52.8846
0.08000,0.05000,0.01000,1.044993,0.414906,-0.442442,0.937766,754481.47,624,46.3141
0.10000,0.08500,0.01100,1.044979,0.440150,-0.516953,0.851432,940416.75,624,43.5897
0.08000,0.04500,0.00700,1.044918,0.412907,-0.438592,0.941438,741307.02,624,46.7949
0.08500,0.09500,0.00500,1.044904,0.443235,-0.550865,0.804616,965818.90,624,41.6667
0.08500,0.11000,0.00400,1.044898,0.446996,-0.549498,0.813462,997644.20,624,40.8654
0.07500,0.13500,0.01400,1.044853,0.439019,-0.522779,0.839780,931259.02,624,44.2308
0.07500,0.12500,0.00200,1.044838,0.446587,-0.546755,0.816797,994143.90,624,40.2244
0.05000,0.02500,0.01300,1.044829,0.385581,-0.481778,0.800329,581221.91,624,54.9679
0.07000,0.08000,0.00400,1.044805,0.437707,-0.549501,0.796553,920731.57,624,41.8269
0.02000,0.02500,0.01700,1.044767,0.364260,-0.442382,0.823406,479118.79,624,62.3397
0.09000,0.06000,0.01000,1.044761,0.423757,-0.464245,0.912788,815426.63,624,45.1923
0.09000,0.13500,0.00700,1.044749,0.448722,-0.554465,0.809288,1012574.48,624,41.8269
0.06500,0.15000,0.00100,1.044673,0.441595,-0.545933,0.808881,952239.71,624,40.8654
0.09000,0.12000,0.01500,1.044670,0.442398,-0.525698,0.841544,958868.16,624,44.7115
0.09000,0.08000,0.00800,1.044616,0.438627,-0.554928,0.790422,928104.61,624,42.9487
0.08000,0.11000,0.00200,1.044611,0.446875,-0.546759,0.817316,996604.93,624,40.2244
0.09000,0.09500,0.01600,1.044540,0.439712,-0.526646,0.834928,936856.97,624,45.6731
0.07000,0.09500,0.00800,1.044537,0.436980,-0.554936,0.787442,914951.63,624,43.1090
0.07000,0.11500,0.01800,1.044512,0.435293,-0.530454,0.820604,901660.70,624,46.3141
0.06000,0.04000,0.00700,1.044500,0.404784,-0.444025,0.911626,689931.03,624,48.3974
0.01000,0.03500,0.00100,1.044450,0.379068,-0.513337,0.738439,548088.47,624,66.6667
0.09500,0.13500,0.00700,1.044435,0.449952,-0.554470,0.811499,1023335.24,624,41.6667
0.08500,0.15000,0.00400,1.044396,0.450077,-0.549520,0.819035,1024431.48,624,40.7051
0.07500,0.13000,0.01400,1.044393,0.438591,-0.522784,0.838953,927814.83,624,44.2308
0.01500,0.05500,0.01700,1.044383,0.371055,-0.409006,0.907211,509708.66,624,62.0192
0.09500,0.11500,0.00400,1.044239,0.449469,-0.552972,0.812823,1019096.00,624,40.5449
0.09000,0.12500,0.01500,1.044223,0.442329,-0.525690,0.841425,958292.18,624,44.7115
0.09000,0.04500,0.00400,1.044213,0.416309,-0.434974,0.957091,763852.84,624,45.5128
0.08000,0.10500,0.01300,1.044197,0.438152,-0.520816,0.841280,924290.49,624,43.9103
0.01000,0.05500,0.01900,1.044189,0.359412,-0.402142,0.893744,458335.38,624,65.7051
0.09500,0.08500,0.01000,1.044183,0.439224,-0.514982,0.852892,932908.18,624,43.2692
0.07500,0.06000,0.01000,1.044176,0.421722,-0.464221,0.908451,801025.43,624,45.5128
0.09500,0.08000,0.00500,1.044176,0.439781,-0.550837,0.798388,937422.95,624,41.8269
0.02000,0.02500,0.00900,1.044143,0.366804,-0.451345,0.812690,490367.34,624,59.7756
0.08500,0.08000,0.01500,1.044118,0.432024,-0.524735,0.823318,876410.88,624,45.3526
0.09500,0.14000,0.01800,1.044097,0.446508,-0.531430,0.840201,993466.29,624,45.8333
0.08500,0.14000,0.01300,1.044091,0.442820,-0.520826,0.850225,962364.79,624,43.7500
0.06500,0.14500,0.00100,1.044081,0.441088,-0.545925,0.807965,948073.53,624,40.8654
0.09000,0.08000,0.00500,1.044077,0.438824,-0.550858,0.796620,929689.99,624,41.9872
0.09000,0.15000,0.00500,1.044041,0.449272,-0.556096,0.807904,1017373.29,624,41.0256
0.06000,0.05000,0.00900,1.044037,0.410371,-0.434095,0.945350,724904.12,624,46.7949
0.07500,0.09500,0.01800,1.044010,0.436279,-0.530430,0.822500,909406.66,624,46.3141
0.08500,0.08000,0.00800,1.043942,0.437011,-0.554916,0.787526,915199.48,624,43.1090
0.09500,0.14500,0.01600,1.043933,0.447209,-0.527608,0.847616,999477.04,624,45.1923
0.03500,0.04500,0.01500,1.043890,0.390081,-0.406819,0.958856,605175.60,624,52.4038
0.07500,0.11500,0.01000,1.043877,0.441873,-0.514979,0.858041,954527.48,624,42.9487
0.08500,0.13500,0.02000,1.043856,0.444777,-0.534279,0.832481,978759.09,624,47.1154
0.06000,0.03000,0.02000,1.043826,0.395122,-0.471949,0.837213,633089.44,624,54.9679
0.07000,0.08000,0.02000,1.043781,0.432369,-0.534288,0.809243,879042.71,624,47.9167
0.10000,0.12000,0.00700,1.043763,0.448576,-0.554471,0.809016,1011301.54,624,41.6667
0.03000,0.03500,0.00800,1.043733,0.384205,-0.460341,0.834610,574071.93,624,53.6859
0.01000,0.03500,0.01800,1.043716,0.357414,-0.424476,0.842013,450016.39,624,65.8654
0.06000,0.03000,0.00300,1.043674,0.406002,-0.504119,0.805368,697416.89,624,49.1987
0.07500,0.12000,0.01400,1.043525,0.437644,-0.522797,0.837122,920236.28,624,44.2308
0.06500,0.14000,0.00100,1.043481,0.440586,-0.545906,0.807073,943970.41,624,40.8654
0.01000,0.04000,0.01000,1.043428,0.364538,-0.431909,0.844017,480338.24,624,65.3846
0.01000,0.02500,0.00200,1.043365,0.374389,-0.560146,0.668378,525368.98,624,66.9872
0.08500,0.12000,0.01500,1.043339,0.440393,-0.524735,0.839267,942394.05,624,44.8718
0.10000,0.08500,0.00900,1.043271,0.439629,-0.556220,0.790387,936184.53,624,42.9487
0.09500,0.05500,0.00800,1.043259,0.420439,-0.483203,0.870109,792066.16,624,44.8718
0.04000,0.03000,0.01700,1.043218,0.380777,-0.432947,0.879501,556610.56,624,56.2500
0.10000,0.14500,0.00800,1.043172,0.449555,-0.555845,0.808777,1019848.35,624,41.8269
0.10000,0.08000,0.00200,1.043171,0.444401,-0.546753,0.812801,975589.67,624,40.3846
0.04500,0.02500,0.00900,1.043136,0.384898,-0.497216,0.774106,577660.89,624,53.3654
0.09500,0.15000,0.00500,1.043126,0.450138,-0.556087,0.809474,1024973.06,624,40.8654
0.01500,0.05000,0.00400,1.043076,0.382822,-0.425671,0.899338,566967.24,624,60.2564
0.05500,0.02000,0.01000,1.043031,0.395635,-0.464419,0.851892,635994.68,624,54.1667
0.02000,0.03500,0.00900,1.043007,0.375784,-0.454830,0.826206,532046.35,624,57.8526
0.09000,0.13000,0.00700,1.042941,0.447258,-0.554477,0.806630,999899.08,624,41.8269
0.08500,0.12500,0.01500,1.042940,0.440356,-0.524714,0.839229,942089.99,624,44.8718
0.07000,0.15000,0.01000,1.042940,0.438659,-0.515011,0.851746,928356.11,624,43.2692
0.06500,0.13500,0.00100,1.042896,0.440100,-0.545929,0.806148,940007.49,624,40.8654
0.01000,0.03000,0.00400,1.042885,0.370177,-0.493030,0.750819,505656.71,624,65.8654
0.09000,0.11000,0.00400,1.042817,0.446799,-0.552953,0.808023,995957.98,624,40.7051
0.07000,0.10500,0.00700,1.042775,0.438245,-0.553565,0.791677,925035.89,624,42.6282
0.02500,0.04000,0.01500,1.042754,0.380228,-0.416864,0.912113,553855.59,624,56.2500
0.03000,0.03500,0.01500,1.042715,0.377698,-0.415244,0.909582,541345.26,624,55.6090
0.07500,0.11500,0.00200,1.042698,0.444901,-0.546758,0.813707,979805.88,624,40.2244
0.10000,0.05500,0.00800,1.042676,0.420089,-0.483171,0.869442,789640.58,624,44.8718
0.02000,0.04000,0.00900,1.042659,0.377970,-0.446187,0.847110,542673.83,624,57.2115
0.05000,0.04500,0.01500,1.042615,0.396265,-0.430452,0.920580,639584.88,624,50.6410
0.09500,0.09000,0.00300,1.042575,0.443852,-0.548156,0.809718,970974.19,624,40.5449
0.07000,0.08000,0.00800,1.042491,0.433050,-0.554905,0.780403,884263.09,624,43.4295
0.07500,0.08500,0.01900,1.042487,0.432018,-0.532370,0.811499,876360.61,624,46.6346
0.02500,0.04000,0.00900,1.042478,0.383975,-0.455781,0.842454,572881.66,624,54.3269
0.09500,0.12500,0.00800,1.042430,0.446792,-0.555834,0.803824,995899.75,624,41.9872
0.05000,0.03000,0.00100,1.042424,0.401949,-0.466358,0.861889,672784.80,624,50.4808
0.03500,0.03500,0.00300,1.042396,0.390488,-0.473477,0.824723,607385.41,624,51.7628
0.01000,0.04000,0.01100,1.042375,0.364258,-0.432565,0.842088,479110.15,624,66.0256
0.07000,0.14500,0.01000,1.042362,0.438164,-0.514979,0.850839,924389.22,624,43.2692
0.08500,0.10000,0.01200,1.042323,0.437722,-0.518880,0.843590,920852.38,624,43.2692
0.07000,0.11000,0.02000,1.042283,0.435928,-0.534284,0.815911,906642.54,624,47.4359
0.07500,0.10500,0.00700,1.042181,0.440997,-0.553579,0.796629,947332.04,624,42.3077
0.01000,0.02000,0.01000,1.042177,0.355036,-0.390645,0.908847,440293.36,624,66.8269
0.08500,0.13000,0.02000,1.042137,0.443374,-0.534298,0.829826,966981.76,624,47.1154
0.05500,0.02000,0.01700,1.042112,0.391854,-0.446842,0.876941,614861.29,624,57.2115
0.06500,0.13000,0.00100,1.042110,0.439467,-0.545951,0.804957,934874.58,624,40.8654
0.03000,0.03500,0.02000,1.042056,0.377678,-0.485704,0.777589,541246.15,624,57.5321
0.08000,0.09000,0.01900,1.042015,0.433778,-0.532393,0.814771,889878.92,624,46.4744
0.09500,0.10000,0.00400,1.041940,0.445371,-0.549511,0.810486,983776.04,624,40.8654
0.10000,0.10000,0.00500,1.041901,0.443661,-0.550844,0.805421,969382.10,624,41.3462
0.08500,0.08000,0.00500,1.041891,0.436246,-0.550854,0.791945,909147.44,624,42.1474
0.08500,0.04000,0.00600,1.041844,0.405770,-0.440091,0.922014,695989.19,624,46.9551
0.09500,0.12500,0.02000,1.041843,0.445871,-0.535225,0.833054,988030.67,624,46.9551
0.10000,0.13500,0.01000,1.041814,0.447879,-0.515970,0.868034,1005257.68,624,42.4679
0.01500,0.05500,0.00100,1.041779,0.387538,-0.468079,0.827932,591528.57,624,60.5769
0.07000,0.14000,0.01000,1.041734,0.437647,-0.514992,0.849813,920259.23,624,43.2692
0.08500,0.12500,0.00800,1.041682,0.443835,-0.554941,0.799786,970831.61,624,42.3077
0.09500,0.09500,0.00300,1.041678,0.444868,-0.548153,0.811576,979523.14,624,40.5449
0.01000,0.03000,0.01800,1.041677,0.355258,-0.430200,0.825797,441191.57,624,66.3462
0.07500,0.12500,0.01400,1.041670,0.436549,-0.522775,0.835059,911536.48,624,44.2308
0.08000,0.06000,0.00900,1.041662,0.421270,-0.460463,0.914884,797861.93,624,45.1923
0.09000,0.09000,0.00400,1.041657,0.441604,-0.549505,0.803638,952310.53,624,41.1859
0.05000,0.02500,0.00100,1.041590,0.399852,-0.464271,0.861247,660353.27,624,51.7628
0.10000,0.04500,0.00100,1.041534,0.419944,-0.431491,0.973238,788632.38,624,44.5513
0.06000,0.03500,0.00900,1.041522,0.402097,-0.449410,0.894722,673668.47,624,49.8397
0.08500,0.14000,0.00700,1.041505,0.445747,-0.553577,0.805211,986968.57,624,41.9872
0.09000,0.12500,0.01800,1.041496,0.442330,-0.531405,0.832378,958303.42,624,45.8333
0.08500,0.12000,0.00800,1.041455,0.443410,-0.554939,0.799024,967281.18,624,42.3077
0.01500,0.05000,0.00200,1.041424,0.384987,-0.505707,0.761285,578121.99,624,60.5769
0.04000,0.04500,0.01500,1.041422,0.390810,-0.430514,0.907776,609143.96,624,51.4423
0.09000,0.10000,0.00500,1.041408,0.442840,-0.550853,0.803917,962537.62,624,41.5064
0.09000,0.03500,0.01600,1.041370,0.408890,-0.502044,0.814452,715476.88,624,51.6026
0.08000,0.14000,0.01100,1.041354,0.443005,-0.516946,0.856965,963903.07,624,43.2692
0.08000,0.08000,0.00500,1.041331,0.434444,-0.550839,0.788696,895041.64,624,42.3077
0.06500,0.11000,0.01100,1.041321,0.433929,-0.516938,0.839422,891044.61,624,44.2308
0.09000,0.12000,0.01800,1.041320,0.441898,-0.531424,0.831535,954733.51,624,45.8333
0.01000,0.03500,0.00300,1.041310,0.373176,-0.549670,0.678908,519617.57,624,65.7051
0.09500,0.13500,0.01800,1.041266,0.444290,-0.531416,0.836049,974652.05,624,45.8333
0.07000,0.09500,0.01500,1.041175,0.430640,-0.524733,0.820684,865915.63,624,45.3526
0.07000,0.13500,0.01000,1.041128,0.437147,-0.514996,0.848836,916277.36,624,43.2692
0.04500,0.04000,0.00100,1.041122,0.401255,-0.442386,0.907024,668644.73,624,48.2372
0.08500,0.05500,0.01100,1.041090,0.415697,-0.494054,0.841400,759750.40,624,45.9936
0.09500,0.10500,0.01700,1.041080,0.440292,-0.529489,0.831542,941570.87,624,46.1538
0.01500,0.07000,0.01800,1.041061,0.370631,-0.511098,0.725166,507751.11,624,61.6987
0.10000,0.14000,0.01900,1.041035,0.444748,-0.533324,0.833917,978508.48,624,45.8333
0.01500,0.06000,0.01200,1.040979,0.371418,-0.465770,0.797427,511391.64,624,60.0962
0.01500,0.06500,0.01300,1.040961,0.370706,-0.425600,0.871020,508097.85,624,60.7372
0.03000,0.04000,0.01600,1.040917,0.384021,-0.407965,0.941308,573117.51,624,54.6474
0.09000,0.05500,0.00900,1.040915,0.416948,-0.486908,0.856317,768154.62,624,45.1923
0.03000,0.02500,0.01700,1.040803,0.370090,-0.438892,0.843236,505257.80,624,59.6154
0.06500,0.12500,0.00100,1.040784,0.438442,-0.545926,0.803116,926616.59,624,40.8654
0.04000,0.04500,0.01800,1.040772,0.390837,-0.433845,0.900868,609290.84,624,52.7244
0.10000,0.15000,0.01800,1.040725,0.446058,-0.531425,0.839362,989617.59,624,45.6731
0.01000,0.03000,0.00500,1.040712,0.366104,-0.496094,0.737973,487249.04,624,65.8654
0.10000,0.14500,0.02000,1.040683,0.447755,-0.535238,0.836554,1004187.31,624,46.7949
0.10000,0.10000,0.02000,1.040648,0.441433,-0.534302,0.826186,950906.71,624,47.1154
0.10000,0.10000,0.01500,1.040631,0.437994,-0.524722,0.834717,923027.83,624,44.8718
0.03000,0.03500,0.00100,1.040576,0.391659,-0.469384,0.834412,613793.13,624,52.2436
0.08000,0.05000,0.00900,1.040572,0.412540,-0.439157,0.939392,738913.29,624,45.9936
0.06500,0.04000,0.00500,1.040542,0.404168,-0.435938,0.927124,686172.01,624,47.2756
0.07500,0.08000,0.00500,1.040537,0.433839,-0.551815,0.786204,890346.18,624,42.3077
0.05500,0.04500,0.02000,1.040450,0.400062,-0.436212,0.917127,661587.98,624,52.4038
0.08500,0.11000,0.00500,1.040448,0.442337,-0.550858,0.802996,958362.16,624,41.3462
0.09500,0.13000,0.00700,1.040441,0.446952,-0.554479,0.806075,997266.25,624,41.6667
0.08000,0.14000,0.00900,1.040439,0.442906,-0.556225,0.796271,963081.52,624,42.6282
0.09000,0.08000,0.01500,1.040430,0.430839,-0.524738,0.821056,867418.45,624,45.1923
0.08500,0.09000,0.01500,1.040429,0.433302,-0.524741,0.825745,886204.18,624,45.1923
0.07000,0.09000,0.00700,1.040417,0.434969,-0.553547,0.785786,899128.80,624,42.9487
0.08000,0.15000,0.01900,1.040402,0.439941,-0.532372,0.826379,938719.42,624,45.9936
0.06500,0.03500,0.01200,1.040398,0.401449,-0.497085,0.807608,669803.38,624,50.0000
0.09000,0.05000,0.00700,1.040384,0.416447,-0.454850,0.915570,764781.74,624,45.5128
0.02000,0.03500,0.01200,1.040371,0.370996,-0.496364,0.747427,509434.87,624,58.0128
0.08500,0.14000,0.01800,1.040364,0.440629,-0.530455,0.830663,944320.13,624,45.9936
0.07000,0.10500,0.00200,1.040361,0.439895,-0.549984,0.799832,938340.02,624,40.7051
0.10000,0.11500,0.00800,1.040355,0.444609,-0.555830,0.799900,977334.93,624,41.9872
0.07000,0.10000,0.00800,1.040343,0.435026,-0.554939,0.783917,899572.83,624,42.9487
0.06500,0.11000,0.00900,1.040322,0.433883,-0.556230,0.780041,890686.35,624,43.5897
0.07000,0.13000,0.01000,1.040312,0.436500,-0.514981,0.847604,911155.13,624,43.2692
0.07500,0.09000,0.01400,1.040229,0.431247,-0.522783,0.824906,870507.43,624,44.7115
0.01500,0.06000,0.01500,1.040133,0.368907,-0.417254,0.884131,499852.65,624,61.3782
0.09000,0.13500,0.01300,1.040065,0.440985,-0.521789,0.845141,947228.73,624,43.5897
0.06500,0.08000,0.01100,1.040029,0.429502,-0.516962,0.830819,857377.83,624,44.7115
0.05000,0.02000,0.00600,1.040022,0.393460,-0.434996,0.904513,623757.81,624,52.7244
0.08500,0.15000,0.00500,1.039974,0.445434,-0.550843,0.808641,984316.92,624,41.1859
0.06000,0.05000,0.01800,1.039953,0.404623,-0.433787,0.932769,688944.06,624,49.6795
0.06000,0.03000,0.01900,1.039923,0.391580,-0.470053,0.833056,613358.71,624,54.1667
0.10000,0.11500,0.02000,1.039889,0.443686,-0.535219,0.828980,969586.40,624,46.9551
0.09500,0.11500,0.00300,1.039853,0.447735,-0.549808,0.814347,1004009.05,624,40.0641
0.07500,0.09000,0.01000,1.039830,0.435468,-0.514998,0.845571,903028.39,624,43.4295
0.02000,0.03500,0.01800,1.039815,0.369442,-0.521232,0.708786,502289.50,624,59.9359
0.01500,0.08000,0.01300,1.039808,0.370048,-0.425600,0.869472,505063.94,624,60.7372
0.01500,0.08500,0.01300,1.039808,0.370048,-0.425600,0.869472,505063.94,624,60.7372
0.01500,0.09000,0.01300,1.039808,0.370048,-0.425600,0.869472,505063.94,624,60.7372
0.01500,0.09500,0.01300,1.039808,0.370048,-0.425600,0.869472,505063.94,624,60.7372
0.01500,0.10000,0.01300,1.039808,0.370048,-0.425600,0.869472,505063.94,624,60.7372
0.01500,0.10500,0.01300,1.039808,0.370048,-0.425600,0.869472,505063.94,624,60.7372
0.01500,0.11000,0.01300,1.039808,0.370048,-0.425600,0.869472,505063.94,624,60.7372
0.01500,0.11500,0.01300,1.039808,0.370048,-0.425600,0.869472,505063.94,624,60.7372
0.01500,0.12000,0.01300,1.039808,0.370048,-0.425600,0.869472,505063.94,624,60.7372
0.01500,0.12500,0.01300,1.039808,0.370048,-0.425600,0.869472,505063.94,624,60.7372
0.01500,0.13000,0.01300,1.039808,0.370048,-0.425600,0.869472,505063.94,624,60.7372
0.01500,0.13500,0.01300,1.039808,0.370048,-0.425600,0.869472,505063.94,624,60.7372
0.01500,0.14000,0.01300,1.039808,0.370048,-0.425600,0.869472,505063.94,624,60.7372
0.01500,0.14500,0.01300,1.039808,0.370048,-0.425600,0.869472,505063.94,624,60.7372
0.01500,0.15000,0.01300,1.039808,0.370048,-0.425600,0.869472,505063.94,624,60.7372
0.05000,0.02000,0.01700,1.039765,0.387017,-0.447012,0.865787,588767.66,624,57.5321
0.10000,0.09000,0.01800,1.039721,0.434842,-0.530474,0.819722,898134.20,624,46.3141
0.06500,0.03500,0.00200,1.039624,0.411004,-0.491311,0.836546,728963.68,624,47.7564
0.10000,0.06000,0.02000,1.039624,0.422123,-0.445233,0.948093,803841.65,624,49.3590
0.03000,0.02500,0.01500,1.039590,0.369467,-0.419602,0.880518,502402.42,624,58.9744
0.08500,0.08500,0.01000,1.039588,0.434809,-0.514994,0.844300,897882.55,624,43.4295
0.09500,0.10500,0.01600,1.039568,0.439334,-0.527585,0.832727,933801.16,624,45.3526
0.10000,0.10000,0.00300,1.039546,0.444773,-0.548133,0.811433,978725.41,624,40.3846
0.01500,0.06500,0.01000,1.039536,0.374438,-0.453021,0.826535,525600.22,624,60.0962
0.09500,0.11500,0.00500,1.039514,0.444660,-0.556090,0.799620,977772.09,624,41.0256
0.06500,0.03500,0.01900,1.039445,0.398097,-0.506544,0.785909,650116.19,624,52.8846
0.08000,0.13500,0.01100,1.039433,0.441468,-0.516964,0.853963,951197.75,624,43.2692
0.05000,0.02000,0.01000,1.039414,0.389971,-0.464425,0.839686,604580.54,624,54.6474
0.06500,0.12000,0.00100,1.039389,0.437380,-0.545918,0.801182,918127.63,624,40.8654
0.02500,0.04500,0.01300,1.039370,0.383730,-0.452764,0.847526,571618.99,624,55.1282
0.08000,0.11000,0.01400,1.039351,0.435332,-0.522776,0.832732,901967.98,624,44.2308
0.04500,0.04500,0.01600,1.039336,0.391857,-0.431622,0.907871,614881.11,624,51.6026
0.09000,0.12000,0.00700,1.039316,0.444235,-0.554468,0.801192,974191.54,624,41.8269
0.10000,0.12000,0.01300,1.039316,0.440667,-0.521794,0.844523,944631.79,624,43.4295
0.03500,0.04000,0.00800,1.039288,0.387022,-0.440445,0.878707,588796.27,624,51.2821
0.09500,0.08000,0.01500,1.039272,0.430677,-0.524734,0.820752,866193.90,624,45.1923
0.04000,0.02500,0.00200,1.039235,0.391038,-0.494941,0.790069,610385.73,624,53.0449
0.07000,0.04500,0.00200,1.039210,0.412851,-0.437281,0.944131,740938.73,624,45.3526
0.08500,0.05000,0.00700,1.039208,0.414992,-0.454846,0.912380,755050.57,624,45.6731
0.08000,0.09500,0.01000,1.039193,0.437318,-0.514995,0.849170,917639.84,624,43.2692
0.03500,0.04500,0.01100,1.039170,0.391346,-0.451906,0.865992,612075.07,624,51.6026
0.07000,0.09000,0.01300,1.039120,0.428844,-0.520829,0.823388,852473.84,624,44.5513
0.07000,0.10000,0.01500,1.039109,0.430161,-0.524718,0.819796,862315.77,624,45.1923
0.09500,0.05500,0.01800,1.039076,0.416655,-0.445351,0.935567,766181.45,624,48.3974
0.01000,0.03500,0.00900,1.039075,0.361423,-0.434117,0.832548,466853.32,624,65.0641
0.07500,0.05000,0.01700,1.039064,0.408760,-0.432907,0.944222,714653.42,624,49.1987
0.08000,0.15000,0.01000,1.039031,0.442414,-0.514982,0.859086,958999.58,624,42.7885
0.07000,0.12500,0.01000,1.039020,0.435501,-0.514977,0.845671,903291.30,624,43.2692
0.07000,0.10500,0.01300,1.038998,0.430647,-0.520811,0.826879,865972.12,624,44.2308
0.02000,0.04500,0.01300,1.038997,0.373852,-0.437849,0.853838,522813.96,624,57.6923
0.08500,0.14500,0.01700,1.038983,0.440562,-0.528537,0.833549,943770.10,624,46.1538
0.08000,0.09500,0.00200,1.038956,0.441228,-0.546753,0.806997,949224.96,624,40.5449
0.02000,0.04500,0.01400,1.038951,0.372943,-0.437802,0.851854,518522.23,624,58.1731
0.05500,0.05000,0.01400,1.038926,0.398929,-0.433367,0.920534,654948.79,624,48.8782
0.05000,0.03000,0.01300,1.038924,0.386593,-0.479267,0.806633,586527.27,624,53.3654
0.08500,0.13500,0.00700,1.038913,0.443709,-0.553575,0.801532,969776.86,624,41.9872
0.06000,0.04500,0.01200,1.038902,0.401039,-0.452310,0.886646,667365.75,624,48.2372
0.09000,0.12500,0.00700,1.038864,0.444149,-0.554480,0.801019,973470.76,624,41.8269
0.06000,0.05000,0.01300,1.038811,0.403766,-0.429906,0.939196,683726.87,624,47.7564
0.04500,0.03500,0.01800,1.038783,0.383611,-0.469663,0.816780,571008.88,624,54.3269
0.07500,0.10500,0.01300,1.038674,0.433651,-0.520822,0.832628,888896.20,624,43.9103
0.09000,0.10000,0.00300,1.038665,0.443731,-0.548153,0.809502,969963.67,624,40.5449
0.09500,0.12500,0.01500,1.038642,0.439836,-0.525697,0.836672,937866.25,624,44.7115
0.10000,0.05500,0.01800,1.038579,0.416363,-0.445370,0.934870,764216.86,624,48.3974
0.03000,0.04500,0.01000,1.038571,0.388638,-0.472327,0.822816,597396.15,624,52.2436
0.08500,0.13500,0.01300,1.038570,0.438976,-0.520822,0.842853,930910.71,624,43.7500
0.03000,0.04500,0.01200,1.038569,0.386629,-0.485645,0.796114,586718.86,624,52.2436
0.06000,0.05000,0.01500,1.038567,0.403101,-0.436760,0.922934,679703.66,624,48.5577
0.09500,0.14000,0.01300,1.038564,0.441491,-0.521801,0.846090,951382.22,624,43.4295
0.08000,0.13500,0.00900,1.038528,0.441378,-0.556232,0.793516,950458.43,624,42.6282
0.01500,0.07500,0.01300,1.038526,0.369409,-0.425600,0.867972,502140.57,624,60.7372
0.05500,0.03000,0.00100,1.038440,0.401923,-0.465928,0.862629,672628.95,624,50.0000
0.08500,0.12000,0.02000,1.038433,0.440324,-0.534280,0.824144,941832.65,624,47.1154
0.06500,0.03500,0.02000,1.038413,0.398715,-0.508077,0.784754,653706.30,624,53.6859
0.04000,0.03500,0.01100,1.038369,0.384554,-0.479890,0.801339,575878.04,624,53.0449
0.09500,0.06000,0.02000,1.038296,0.421317,-0.445233,0.946284,798188.46,624,49.3590
0.08000,0.13000,0.01100,1.038292,0.440510,-0.516945,0.852140,943345.61,624,43.2692
0.01500,0.06000,0.01400,1.038274,0.367504,-0.418924,0.877255,493504.81,624,61.0577
0.01000,0.02000,0.01400,1.038271,0.349614,-0.408440,0.855973,418841.41,624,67.1474
0.09000,0.11000,0.00500,1.038267,0.442103,-0.556088,0.795022,956423.04,624,41.1859
0.01500,0.08000,0.01000,1.038221,0.373683,-0.453021,0.824869,522014.35,624,60.0962
0.01500,0.08500,0.01000,1.038221,0.373683,-0.453021,0.824869,522014.35,624,60.0962
0.01500,0.09000,0.01000,1.038221,0.373683,-0.453021,0.824869,522014.35,624,60.0962
0.01500,0.09500,0.01000,1.038221,0.373683,-0.453021,0.824869,522014.35,624,60.0962
0.01500,0.10000,0.01000,1.038221,0.373683,-0.453021,0.824869,522014.35,624,60.0962
0.01500,0.10500,0.01000,1.038221,0.373683,-0.453021,0.824869,522014.35,624,60.0962
0.01500,0.11000,0.01000,1.038221,0.373683,-0.453021,0.824869,522014.35,624,60.0962
0.01500,0.11500,0.01000,1.038221,0.373683,-0.453021,0.824869,522014.35,624,60.0962
0.01500,0.12000,0.01000,1.038221,0.373683,-0.453021,0.824869,522014.35,624,60.0962
0.01500,0.12500,0.01000,1.038221,0.373683,-0.453021,0.824869,522014.35,624,60.0962
0.01500,0.13000,0.01000,1.038221,0.373683,-0.453021,0.824869,522014.35,624,60.0962
0.01500,0.13500,0.01000,1.038221,0.373683,-0.453021,0.824869,522014.35,624,60.0962
0.01500,0.14000,0.01000,1.038221,0.373683,-0.453021,0.824869,522014.35,624,60.0962
0.01500,0.14500,0.01000,1.038221,0.373683,-0.453021,0.824869,522014.35,624,60.0962
0.01500,0.15000,0.01000,1.038221,0.373683,-0.453021,0.824869,522014.35,624,60.0962
0.02500,0.04000,0.01000,1.038173,0.381354,-0.479799,0.794822,559515.20,624,54.8077
0.01500,0.04500,0.01600,1.038164,0.368249,-0.407934,0.902718,496864.81,624,62.0192
0.09000,0.14500,0.00400,1.038127,0.446660,-0.552937,0.807795,994762.24,624,40.5449
0.07500,0.11500,0.01400,1.038096,0.433860,-0.522792,0.829889,890508.49,624,44.2308
0.07000,0.09000,0.02000,1.038066,0.430985,-0.534287,0.806655,868523.84,624,47.7564
0.07000,0.06000,0.01100,1.038038,0.415704,-0.468000,0.888257,759797.14,624,46.1538
0.06500,0.11500,0.00100,1.038033,0.436354,-0.545919,0.799303,910003.06,624,40.8654
0.04000,0.02500,0.01100,1.038027,0.377817,-0.463765,0.814673,541924.06,624,55.2885
0.03500,0.04500,0.01800,1.038012,0.387238,-0.419950,0.922106,589938.57,624,53.5256
0.08500,0.12500,0.02000,1.037980,0.440242,-0.534273,0.824001,941164.30,624,47.1154
0.05500,0.05000,0.01100,1.037947,0.402676,-0.441416,0.912237,677143.36,624,48.2372
0.07500,0.09500,0.01000,1.037930,0.435764,-0.514995,0.846152,905355.41,624,43.2692
0.01000,0.05000,0.01900,1.037924,0.356118,-0.404929,0.879458,444689.99,624,65.7051
0.07000,0.09500,0.00700,1.037914,0.434189,-0.553574,0.784337,893059.11,624,42.7885
0.09000,0.05000,0.00100,1.037912,0.420684,-0.428835,0.980992,793767.91,624,43.5897
0.07000,0.15000,0.01400,1.037907,0.431095,-0.522789,0.824607,869353.99,624,44.5513
0.10000,0.09500,0.02000,1.037859,0.438055,-0.534268,0.819916,923519.18,624,47.2756
0.07500,0.05000,0.01600,1.037830,0.408202,-0.431609,0.945768,711138.31,624,48.3974
0.08500,0.13500,0.01800,1.037803,0.438628,-0.530465,0.826876,928113.01,624,45.9936
0.08500,0.09000,0.00300,1.037795,0.439691,-0.548137,0.802155,936689.03,624,40.7051
0.10000,0.06000,0.01300,1.037782,0.416181,-0.437246,0.951823,762989.09,624,45.9936
0.07500,0.09500,0.00200,1.037781,0.439725,-0.546773,0.804218,936964.83,624,40.5449
0.06000,0.04500,0.01700,1.037780,0.400803,-0.432575,0.926551,665964.14,624,50.9615
0.10000,0.11500,0.01500,1.037768,0.438555,-0.525708,0.834218,927522.03,624,44.7115
0.07000,0.12000,0.01000,1.037661,0.434466,-0.514974,0.843665,895209.74,624,43.2692
0.05500,0.03000,0.00400,1.037655,0.397252,-0.451250,0.880338,645239.02,624,50.3205
0.01500,0.05000,0.00300,1.037627,0.381226,-0.493891,0.771883,558867.51,624,60.2564
0.09000,0.13000,0.01300,1.037616,0.439044,-0.521786,0.841425,931456.38,624,43.5897
0.09000,0.11000,0.00300,1.037586,0.444449,-0.549829,0.808341,975992.25,624,40.2244
0.01000,0.02000,0.01100,1.037568,0.353054,-0.391107,0.902705,432337.78,624,67.4679
0.09000,0.09000,0.01500,1.037488,0.431621,-0.524727,0.822563,873339.90,624,45.1923
0.09500,0.14500,0.00400,1.037441,0.447639,-0.552952,0.809543,1003183.03,624,40.3846
0.08000,0.13000,0.00900,1.037433,0.440445,-0.556217,0.791858,942819.76,624,42.6282
0.07000,0.08000,0.01800,1.037432,0.426199,-0.530454,0.803462,833021.52,624,46.7949
0.09500,0.10000,0.00500,1.037426,0.440704,-0.550868,0.800017,944928.74,624,41.3462
0.08500,0.14500,0.01600,1.037413,0.439570,-0.526640,0.834669,935711.54,624,45.3526
0.08500,0.09500,0.01700,1.037342,0.434560,-0.528557,0.822163,895942.00,624,46.4744
0.07000,0.11000,0.01800,1.037328,0.430551,-0.530440,0.811686,865245.38,624,46.3141
0.09500,0.13000,0.01800,1.037320,0.441267,-0.531417,0.830360,949546.19,624,45.8333
0.07000,0.14500,0.01400,1.037304,0.430587,-0.522790,0.823634,865520.73,624,44.5513
0.02000,0.03500,0.01000,1.037281,0.372631,-0.483278,0.771049,517054.91,624,58.3333
0.03000,0.04000,0.00800,1.037249,0.384849,-0.457618,0.840983,577403.63,624,52.2436
0.09000,0.14500,0.00300,1.037245,0.447878,-0.549785,0.814642,1005246.92,624,40.0641
0.01000,0.02000,0.01700,1.037173,0.348592,-0.468565,0.743957,414907.89,624,67.6282
0.08500,0.13000,0.00700,1.037147,0.442277,-0.553561,0.798967,957867.24,624,41.9872
0.04500,0.02500,0.01400,1.037071,0.379052,-0.493967,0.767362,548006.50,624,55.6090
0.07000,0.08000,0.00700,1.037027,0.431079,-0.553559,0.778741,869231.26,624,43.1090
0.10000,0.13500,0.01900,1.036996,0.441807,-0.533350,0.828362,953984.55,624,45.8333
0.03500,0.02500,0.00800,1.036984,0.374567,-0.458689,0.816603,526214.90,624,55.1282
0.01500,0.07500,0.01000,1.036979,0.373054,-0.453021,0.823479,519042.79,624,60.0962
0.09500,0.14500,0.00300,1.036916,0.449062,-0.549809,0.816761,1015541.03,624,39.9038
0.09500,0.04500,0.00700,1.036878,0.410460,-0.438375,0.936321,725470.76,624,46.4744
0.09500,0.09500,0.00500,1.036851,0.438736,-0.550860,0.796457,928981.87,624,41.5064
0.10000,0.12500,0.01000,1.036825,0.443522,-0.515959,0.859606,968213.70,624,42.4679
0.04000,0.02000,0.01600,1.036779,0.379846,-0.421755,0.900630,551949.30,624,57.8526
0.03000,0.04500,0.01500,1.036769,0.385049,-0.406731,0.946693,578447.05,624,53.6859
0.04500,0.02500,0.01000,1.036764,0.380957,-0.500396,0.761310,557512.74,624,54.0064
0.06000,0.04500,0.00800,1.036741,0.403046,-0.438710,0.918707,679372.16,624,47.4359
0.07000,0.14000,0.01400,1.036723,0.430106,-0.522764,0.822753,861897.44,624,44.5513
0.10000,0.12000,0.00200,1.036686,0.446845,-0.547682,0.815884,996348.41,624,39.5833
0.06500,0.08000,0.00900,1.036660,0.428043,-0.556220,0.769556,846535.81,624,44.0705
0.07500,0.15000,0.01100,1.036648,0.438887,-0.516933,0.849020,930190.39,624,43.2692
0.08000,0.08000,0.00300,1.036630,0.434082,-0.548134,0.791926,892230.59,624,41.1859
0.09000,0.03500,0.01700,1.036611,0.405641,-0.503594,0.805493,695191.90,624,52.2436
0.03500,0.04000,0.01600,1.036611,0.381976,-0.408010,0.936192,562657.72,624,53.6859
0.08500,0.11500,0.01500,1.036550,0.435591,-0.524756,0.830082,903993.13,624,44.8718
0.06500,0.02500,0.01600,1.036528,0.395890,-0.533422,0.742170,637445.14,624,54.8077
0.07000,0.08000,0.01300,1.036505,0.425344,-0.520843,0.816646,826822.32,624,44.7115
0.01500,0.05000,0.00500,1.036460,0.376416,-0.431852,0.871632,535103.04,624,60.2564
0.08000,0.08000,0.00400,1.036443,0.433433,-0.549529,0.788736,887215.58,624,41.6667
0.09500,0.06000,0.01300,1.036442,0.415380,-0.437246,0.949993,757633.91,624,45.9936
0.09000,0.11500,0.00800,1.036341,0.440764,-0.555819,0.792999,945422.12,624,42.1474
0.09000,0.11500,0.02000,1.036329,0.440335,-0.535229,0.822704,941920.68,624,46.9551
0.06000,0.02500,0.01900,1.036307,0.388415,-0.474823,0.818021,596203.81,624,55.6090
0.07000,0.11500,0.01000,1.036273,0.433424,-0.514958,0.841669,887145.62,624,43.2692
0.04500,0.03500,0.01500,1.036264,0.382673,-0.430308,0.889300,566203.71,624,53.0449
0.09500,0.12000,0.00800,1.036192,0.442318,-0.555834,0.795774,958207.84,624,41.9872
0.02000,0.03500,0.01300,1.036184,0.367825,-0.454399,0.809476,494951.64,624,58.6538
0.09500,0.10000,0.01500,1.036167,0.435092,-0.524742,0.829155,900091.99,624,44.8718
0.03000,0.04500,0.00900,1.036149,0.387677,-0.453184,0.855451,592266.92,624,51.7628
0.09500,0.10000,0.02000,1.036145,0.438474,-0.534278,0.820686,926873.76,624,47.1154
0.08500,0.11000,0.00300,1.036132,0.441986,-0.548153,0.806318,955460.96,624,40.3846
0.07000,0.13500,0.01400,1.036112,0.429609,-0.522750,0.821825,858175.29,624,44.5513
0.08000,0.12000,0.01100,1.036097,0.438532,-0.516923,0.848352,927341.87,624,43.2692
0.07000,0.08500,0.01000,1.036096,0.430197,-0.514989,0.835351,862582.10,624,43.7500
0.10000,0.09000,0.01000,1.036093,0.436036,-0.514989,0.846689,907490.16,624,43.1090
0.06000,0.03000,0.00800,1.036088,0.396576,-0.480924,0.824613,641360.07,624,50.4808
0.08500,0.13000,0.01300,1.036071,0.437014,-0.520820,0.839088,915223.77,624,43.7500
0.06000,0.04500,0.01600,1.036002,0.400201,-0.431770,0.926886,662409.47,624,50.1603
0.02500,0.03500,0.01000,1.035999,0.376560,-0.490298,0.768023,535799.82,624,55.9295
0.08500,0.08000,0.01300,1.035940,0.428088,-0.520833,0.821929,846866.58,624,44.3910
0.04500,0.03500,0.02000,1.035938,0.382501,-0.448221,0.853377,565328.03,624,55.1282
0.06000,0.02500,0.00200,1.035910,0.401765,-0.496378,0.809392,671681.93,624,50.3205
0.07500,0.08000,0.00300,1.035906,0.433523,-0.548149,0.790885,887907.40,624,41.1859
0.08500,0.13000,0.01800,1.035902,0.437130,-0.530466,0.824049,916142.66,624,45.9936
0.07500,0.15000,0.00900,1.035856,0.438880,-0.556212,0.789052,930138.77,624,42.6282
0.08500,0.15000,0.00300,1.035829,0.445128,-0.548139,0.812071,981720.25,624,40.2244
0.09500,0.09000,0.00800,1.035816,0.435464,-0.554926,0.784724,902997.87,624,42.6282
0.02000,0.04000,0.00100,1.035798,0.385409,-0.473063,0.814710,580320.64,624,56.4103
0.10000,0.03500,0.00200,1.035704,0.416631,-0.491444,0.847768,766014.13,624,46.7949
0.10000,0.13000,0.01000,1.035695,0.443361,-0.515959,0.859295,966869.43,624,42.4679
0.09500,0.12000,0.02000,1.035668,0.441399,-0.535218,0.824709,950627.30,624,46.9551
0.10000,0.03500,0.01200,1.035643,0.404283,-0.497072,0.813330,686871.27,624,49.1987
0.08000,0.04500,0.00100,1.035634,0.411842,-0.431688,0.954026,734376.79,624,44.8718
0.07000,0.09500,0.00200,1.035626,0.435916,-0.549974,0.792612,906548.24,624,40.8654
0.07500,0.08000,0.00400,1.035571,0.432782,-0.549483,0.787617,882209.62,624,41.6667
0.08500,0.05000,0.00100,1.035531,0.416309,-0.429010,0.970396,763854.13,624,43.7500
0.07500,0.11000,0.01900,1.035471,0.432440,-0.532396,0.812254,879589.38,624,46.1538
0.08500,0.10500,0.01200,1.035435,0.433582,-0.518881,0.835610,888363.26,624,43.1090
0.08500,0.09500,0.01600,1.035426,0.433376,-0.526649,0.822893,886775.08,624,45.6731
0.08500,0.08500,0.01900,1.035366,0.428299,-0.532363,0.804524,848431.48,624,46.4744
0.07000,0.09500,0.01300,1.035296,0.427328,-0.520803,0.820517,841273.04,624,44.3910
0.07000,0.13000,0.01400,1.035274,0.428958,-0.522779,0.820534,853319.77,624,44.5513
0.05500,0.04000,0.00100,1.035262,0.402618,-0.434112,0.927453,676796.46,624,46.9551
0.02500,0.04500,0.01100,1.035239,0.384626,-0.489198,0.786238,576249.99,624,54.8077
0.03000,0.03000,0.00600,1.035232,0.374669,-0.455391,0.822742,526703.03,624,54.6474
0.07500,0.09000,0.00200,1.035206,0.436881,-0.546756,0.799043,914171.17,624,40.7051
0.08000,0.12000,0.00900,1.035203,0.438448,-0.556226,0.788255,926664.81,624,42.6282
0.03500,0.03500,0.00400,1.035155,0.385330,-0.432917,0.890078,579907.98,624,51.9231
0.06000,0.04000,0.00100,1.035141,0.405681,-0.434072,0.934595,695440.69,624,46.3141
0.10000,0.14500,0.01500,1.035138,0.439761,-0.525704,0.836518,937257.53,624,44.5513
0.09500,0.10000,0.00300,1.035086,0.441812,-0.548150,0.806006,954029.68,624,40.3846
0.07000,0.08500,0.01900,1.035064,0.425505,-0.532366,0.799270,827982.18,624,46.7949
0.07500,0.04500,0.00700,1.035052,0.407074,-0.425236,0.957289,704070.59,624,46.7949
0.04500,0.03000,0.01600,1.034986,0.381866,-0.455753,0.837879,562100.14,624,54.9679
0.08000,0.09500,0.01400,1.034950,0.430265,-0.522770,0.823049,863095.46,624,44.5513
0.08000,0.12500,0.01100,1.034931,0.437950,-0.516945,0.847188,922676.25,624,43.2692
0.01500,0.06500,0.01800,1.034887,0.367215,-0.511098,0.718482,492208.93,624,61.6987
0.10000,0.08000,0.01800,1.034877,0.431341,-0.530453,0.813156,871219.91,624,46.3141
0.07000,0.04500,0.00300,1.034702,0.409426,-0.437857,0.935068,718873.72,624,45.5128
0.09500,0.09500,0.01500,1.034654,0.432256,-0.524738,0.823756,878180.98,624,45.0321
0.09500,0.08000,0.00300,1.034629,0.438106,-0.548141,0.799258,923924.54,624,40.7051
0.08500,0.05500,0.01400,1.034532,0.408811,-0.440988,0.927035,714977.24,624,46.7949
0.09500,0.05500,0.01500,1.034446,0.410755,-0.442130,0.929037,727366.37,624,47.2756
0.08500,0.05500,0.01900,1.034310,0.409806,-0.446668,0.917473,721292.14,624,48.5577
0.05000,0.02500,0.00300,1.034300,0.392087,-0.507788,0.772147,616144.89,624,51.7628
0.09500,0.13500,0.01300,1.034295,0.438567,-0.521792,0.840502,927618.47,624,43.4295
0.01000,0.03000,0.00900,1.034281,0.357905,-0.436806,0.819368,452046.64,624,65.3846
0.09000,0.10500,0.01200,1.034276,0.433947,-0.519859,0.834740,891182.88,624,42.9487
0.03500,0.02500,0.00700,1.034264,0.374488,-0.455158,0.822765,525838.67,624,54.9679
0.03000,0.03500,0.01300,1.034228,0.374193,-0.455897,0.820785,524435.16,624,55.1282
0.02000,0.03500,0.01900,1.034212,0.365540,-0.495938,0.737068,484749.40,624,59.9359
0.09000,0.11500,0.01500,1.034206,0.435226,-0.525690,0.827914,901138.34,624,44.7115
0.09500,0.12500,0.00700,1.034079,0.442258,-0.554465,0.797630,957709.63,624,41.6667
0.08500,0.04500,0.00200,1.034078,0.411411,-0.437329,0.940735,731587.57,624,45.0321
0.03000,0.03500,0.01800,1.034064,0.373606,-0.502423,0.743609,521651.69,624,56.5705
0.08500,0.11500,0.00800,1.033990,0.438058,-0.554938,0.789382,923539.04,624,42.3077
0.08000,0.12500,0.00900,1.033981,0.437824,-0.556234,0.787123,921672.86,624,42.6282
0.07000,0.12500,0.01400,1.033954,0.427955,-0.522770,0.818629,845885.83,624,44.5513
0.09000,0.08000,0.00300,1.033921,0.436810,-0.548152,0.796878,913603.27,624,40.8654
0.08500,0.14500,0.00400,1.033915,0.442760,-0.549500,0.805751,961872.73,624,40.7051
0.08000,0.08000,0.02000,1.033866,0.427287,-0.534263,0.799769,840972.55,624,47.7564
0.07000,0.10000,0.00700,1.033857,0.432299,-0.553537,0.780975,878509.35,624,42.6282
0.09000,0.09000,0.00300,1.033841,0.437380,-0.548146,0.797926,918128.06,624,40.7051
0.10000,0.05500,0.01500,1.033835,0.410397,-0.442141,0.928203,725068.16,624,47.2756
0.10000,0.15000,0.01300,1.033821,0.439912,-0.521787,0.843088,938485.58,624,43.2692
0.01500,0.08000,0.01800,1.033795,0.366611,-0.511098,0.717300,489506.61,624,61.6987
0.01500,0.08500,0.01800,1.033795,0.366611,-0.511098,0.717300,489506.61,624,61.6987
0.01500,0.09000,0.01800,1.033795,0.366611,-0.511098,0.717300,489506.61,624,61.6987
0.01500,0.09500,0.01800,1.033795,0.366611,-0.511098,0.717300,489506.61,624,61.6987
0.01500,0.10000,0.01800,1.033795,0.366611,-0.511098,0.717300,489506.61,624,61.6987
0.01500,0.10500,0.01800,1.033795,0.366611,-0.511098,0.717300,489506.61,624,61.6987
0.01500,0.11000,0.01800,1.033795,0.366611,-0.511098,0.717300,489506.61,624,61.6987
0.01500,0.11500,0.01800,1.033795,0.366611,-0.511098,0.717300,489506.61,624,61.6987
0.01500,0.12000,0.01800,1.033795,0.366611,-0.511098,0.717300,489506.61,624,61.6987
0.01500,0.12500,0.01800,1.033795,0.366611,-0.511098,0.717300,489506.61,624,61.6987
0.01500,0.13000,0.01800,1.033795,0.366611,-0.511098,0.717300,489506.61,624,61.6987
0.01500,0.13500,0.01800,1.033795,0.366611,-0.511098,0.717300,489506.61,624,61.6987
0.01500,0.14000,0.01800,1.033795,0.366611,-0.511098,0.717300,489506.61,624,61.6987
0.01500,0.14500,0.01800,1.033795,0.366611,-0.511098,0.717300,489506.61,624,61.6987
0.01500,0.15000,0.01800,1.033795,0.366611,-0.511098,0.717300,489506.61,624,61.6987
0.09000,0.05500,0.01100,1.033734,0.411807,-0.494001,0.833616,734148.37,624,45.8333
0.10000,0.12500,0.01900,1.033712,0.438561,-0.533332,0.822304,927574.45,624,45.8333
0.07500,0.09500,0.01400,1.033652,0.428699,-0.522761,0.820067,851397.30,624,44.5513
0.02000,0.04000,0.01800,1.033588,0.369137,-0.513804,0.718439,500897.68,624,59.4551
0.09000,0.10500,0.01700,1.033584,0.434960,-0.529481,0.821483,899058.90,624,46.1538
0.09000,0.14500,0.00500,1.033556,0.441967,-0.556081,0.794789,955302.51,624,41.0256
0.02000,0.02500,0.01500,1.033546,0.358967,-0.417191,0.860439,456472.62,624,61.6987
0.10000,0.15000,0.00700,1.033527,0.444431,-0.554463,0.801553,975843.17,624,41.5064
0.08500,0.12000,0.00700,1.033464,0.439239,-0.553563,0.793475,933028.56,624,41.9872
0.01500,0.05500,0.00900,1.033391,0.370918,-0.425088,0.872569,509076.73,624,59.9359
0.10000,0.10000,0.01800,1.033376,0.434546,-0.530461,0.819185,895830.58,624,45.9936
0.08000,0.08000,0.00800,1.033374,0.428370,-0.554907,0.771968,848958.28,624,43.2692
0.02500,0.04500,0.01800,1.033355,0.379860,-0.498605,0.761844,552019.15,624,56.7308
0.09500,0.08000,0.00400,1.033353,0.434722,-0.549526,0.791085,897202.71,624,41.1859
0.04500,0.02500,0.00200,1.033333,0.391315,-0.499012,0.784179,611900.89,624,52.2436
0.02500,0.04500,0.01400,1.033332,0.379219,-0.452538,0.837984,548837.23,624,55.4487
0.07500,0.08000,0.02000,1.033313,0.426828,-0.534261,0.798914,837612.15,624,47.7564
0.07000,0.10500,0.02000,1.033285,0.429999,-0.534279,0.804822,861098.63,624,47.4359
0.06000,0.03000,0.00100,1.033249,0.402298,-0.463211,0.868500,674875.99,624,49.1987
0.09000,0.05000,0.01200,1.033244,0.405745,-0.441557,0.918896,695830.71,624,45.9936
0.08500,0.05000,0.01200,1.033218,0.404931,-0.441272,0.917645,690828.32,624,46.1538
0.07500,0.08000,0.00800,1.033134,0.428126,-0.554933,0.771491,847152.00,624,43.2692
0.09000,0.08000,0.00400,1.033127,0.433709,-0.549519,0.789251,889340.35,624,41.3462
0.09500,0.09000,0.02000,1.033105,0.432621,-0.534274,0.809736,880971.88,624,47.4359
0.07500,0.11000,0.01000,1.033093,0.434506,-0.514964,0.843761,895523.73,624,42.9487
0.09500,0.12000,0.01500,1.033080,0.435919,-0.525697,0.829221,906570.98,624,44.7115
0.08500,0.12500,0.00700,1.033022,0.439158,-0.553561,0.793332,932376.99,624,41.9872
0.08000,0.15000,0.01400,1.032991,0.434317,-0.522765,0.830806,894049.35,624,44.0705
0.01000,0.02500,0.01900,1.032917,0.348361,-0.428793,0.812422,414021.36,624,66.9872
0.07500,0.06000,0.01900,1.032902,0.411151,-0.434938,0.945310,729913.36,624,48.5577
0.04000,0.03000,0.00200,1.032900,0.388975,-0.496503,0.783429,599203.74,624,52.0833
0.09000,0.15000,0.00800,1.032851,0.441501,-0.555822,0.794321,951466.69,624,41.9872
0.10000,0.11000,0.00400,1.032807,0.441522,-0.552935,0.798506,951638.60,624,40.5449
0.05500,0.03500,0.01000,1.032794,0.393289,-0.452839,0.868496,622804.84,624,50.8013
0.07500,0.11000,0.00200,1.032739,0.438059,-0.546764,0.801184,923543.79,624,40.2244
0.09000,0.12500,0.01300,1.032735,0.435398,-0.521793,0.834426,902480.56,624,43.5897
0.09500,0.11000,0.01700,1.032705,0.435957,-0.529504,0.823331,906869.41,624,46.1538
0.09500,0.14500,0.00500,1.032670,0.442830,-0.556082,0.796338,962448.46,624,40.8654
0.07000,0.12000,0.01400,1.032586,0.426931,-0.522775,0.816662,838359.99,624,44.5513
0.03500,0.03500,0.00500,1.032575,0.381200,-0.436994,0.872323,558737.24,624,52.0833
0.01500,0.07500,0.01800,1.032567,0.365999,-0.511098,0.716103,486782.71,624,61.6987
0.04000,0.04000,0.00800,1.032555,0.384543,-0.440520,0.872931,575819.86,624,50.4808
0.06500,0.04500,0.01200,1.032504,0.398154,-0.452385,0.880123,650446.23,624,48.0769
0.09000,0.12000,0.01300,1.032502,0.434971,-0.521787,0.833618,899146.49,624,43.5897
0.08000,0.06000,0.01100,1.032485,0.414874,-0.467999,0.886486,754267.47,624,45.8333
0.05500,0.03000,0.01800,1.032468,0.384187,-0.467471,0.821842,573979.28,624,54.6474
0.09000,0.08000,0.01300,1.032457,0.426911,-0.520841,0.819658,838218.57,624,44.2308
0.08000,0.10000,0.01000,1.032413,0.434263,-0.514979,0.843264,893635.70,624,43.1090
0.10000,0.06000,0.00100,1.032359,0.423965,-0.456719,0.928286,816914.40,624,42.4679
0.06500,0.10500,0.01100,1.032347,0.428039,-0.516956,0.827999,846510.32,624,44.2308
0.08500,0.12000,0.01800,1.032342,0.434193,-0.530474,0.818502,893093.93,624,45.9936
0.07000,0.09000,0.01800,1.032208,0.425124,-0.530467,0.801414,825230.54,624,46.6346
0.02000,0.03000,0.01500,1.032107,0.362715,-0.425767,0.851908,472402.84,624,60.5769
0.09000,0.10500,0.01600,1.032099,0.434030,-0.527608,0.822637,891825.75,624,45.3526
0.09000,0.05500,0.01400,1.032092,0.408104,-0.441090,0.925218,710520.96,624,46.6346
0.08500,0.10000,0.00400,1.032087,0.437908,-0.549497,0.796927,922344.08,624,41.0256
0.06500,0.09000,0.01100,1.032077,0.426158,-0.516961,0.824353,832723.36,624,44.5513
0.05000,0.03000,0.00400,1.032019,0.391790,-0.451195,0.868337,614508.99,624,50.6410
0.10000,0.09500,0.00800,1.031958,0.435054,-0.554932,0.783977,899789.24,624,42.4679
0.02000,0.03000,0.00800,1.031952,0.368757,-0.460712,0.800405,499167.05,624,58.8141
0.09500,0.08000,0.00700,1.031908,0.432112,-0.560484,0.770962,877081.81,624,42.4679
0.08000,0.10000,0.00200,1.031898,0.437842,-0.546763,0.800788,921809.80,624,40.3846
0.01500,0.07000,0.01100,1.031882,0.371190,-0.460504,0.806051,510336.40,624,60.7372
0.08500,0.12500,0.01800,1.031846,0.434090,-0.530458,0.818331,892293.15,624,45.9936
0.05000,0.03000,0.01400,1.031747,0.381395,-0.482828,0.789920,559721.24,624,53.6859
0.05500,0.03000,0.00800,1.031723,0.390538,-0.480969,0.811982,607660.64,624,51.1218
0.06500,0.03500,0.00500,1.031627,0.402124,-0.485160,0.828847,673829.85,624,48.5577
0.08500,0.11500,0.02000,1.031615,0.435471,-0.534297,0.815035,903054.41,624,47.1154
0.07000,0.10000,0.00200,1.031598,0.434005,-0.549995,0.789106,891633.22,624,40.7051
0.09000,0.15000,0.02000,1.031588,0.440830,-0.535244,0.823606,945963.73,624,46.7949
0.02500,0.04500,0.02000,1.031577,0.379325,-0.478164,0.793294,549360.35,624,57.6923
0.10000,0.13000,0.01900,1.031576,0.437784,-0.533330,0.820849,921347.43,624,45.8333
0.08500,0.08000,0.02000,1.031481,0.427320,-0.534255,0.799842,841214.12,624,47.5962
0.03000,0.03500,0.01900,1.031439,0.371321,-0.477059,0.778355,510944.30,624,56.5705
0.06500,0.04500,0.00800,1.031437,0.400701,-0.438680,0.913424,665362.80,624,47.2756
0.09500,0.11000,0.01200,1.031374,0.433675,-0.519849,0.834233,889080.37,624,42.7885
0.09500,0.15000,0.00800,1.031362,0.441808,-0.555832,0.794860,953996.48,624,41.8269
0.06500,0.03500,0.00300,1.031352,0.405549,-0.491836,0.824561,694623.44,624,47.7564
0.03500,0.02500,0.01500,1.031333,0.368145,-0.456699,0.806100,496395.90,624,57.6923
0.08500,0.08000,0.00300,1.031318,0.431913,-0.548129,0.787977,875565.91,624,41.0256
0.06500,0.10500,0.00900,1.031316,0.427974,-0.556230,0.769419,846027.35,624,43.5897
0.02500,0.03500,0.00100,1.031289,0.385082,-0.480733,0.801031,578618.71,624,54.0064
0.09000,0.14000,0.00200,1.031281,0.443130,-0.547661,0.809131,964942.71,624,39.7436
0.09500,0.11000,0.01600,1.031267,0.435049,-0.527608,0.824569,899756.59,624,45.3526
0.08500,0.12500,0.01300,1.031262,0.433423,-0.520826,0.832185,887137.41,624,43.7500
0.02500,0.03500,0.00900,1.031244,0.374662,-0.461332,0.812130,526666.11,624,55.2885
0.04000,0.02500,0.01200,1.031205,0.373368,-0.466699,0.800018,520524.33,624,54.8077
0.07000,0.11500,0.01400,1.031197,0.425902,-0.522761,0.814716,830862.40,624,44.5513
0.08500,0.05500,0.01300,1.031166,0.407792,-0.439852,0.927113,708561.57,624,46.3141
0.10000,0.09500,0.01800,1.031122,0.431545,-0.530472,0.813511,872766.19,624,46.1538
0.09500,0.12500,0.01800,1.031089,0.436636,-0.531410,0.821655,912224.36,624,45.8333
0.04500,0.04500,0.01700,1.031088,0.386679,-0.432624,0.893798,586980.65,624,52.2436
0.09500,0.06000,0.00100,1.031064,0.423163,-0.456719,0.926530,811201.01,624,42.4679
0.08500,0.12000,0.01300,1.031041,0.433005,-0.520806,0.831414,883917.33,624,43.7500
0.08500,0.06000,0.00900,1.031019,0.415588,-0.460476,0.902518,759019.82,624,45.0321
0.03000,0.04500,0.02000,1.031012,0.383005,-0.449692,0.851705,567902.00,624,55.7692
0.09500,0.14000,0.00200,1.031000,0.444328,-0.547672,0.811303,974971.90,624,39.5833
0.10000,0.08000,0.01000,1.030975,0.430841,-0.516059,0.834867,867431.15,624,43.1090
0.06500,0.11000,0.00100,1.030954,0.431627,-0.545943,0.790608,873387.19,624,40.8654
0.03000,0.04000,0.01700,1.030941,0.377933,-0.414550,0.911670,542492.39,624,55.2885
0.10000,0.06000,0.01000,1.030900,0.415978,-0.464228,0.896064,761627.49,624,45.0321
0.09000,0.08000,0.02000,1.030837,0.430353,-0.534290,0.805467,863756.10,624,47.4359
0.06500,0.03500,0.00400,1.030831,0.404146,-0.483608,0.835690,686038.03,624,48.2372
0.06500,0.03500,0.01300,1.030796,0.395061,-0.500626,0.789133,632743.57,624,50.8013
0.09500,0.09000,0.00700,1.030794,0.433563,-0.553568,0.783216,888214.39,624,42.3077
0.06500,0.08500,0.00100,1.030779,0.428432,-0.545955,0.784738,849412.01,624,41.1859
0.08500,0.08000,0.00400,1.030739,0.431043,-0.549500,0.784429,868963.38,624,41.5064
0.08500,0.09000,0.00800,1.030728,0.431374,-0.554928,0.777351,871466.88,624,42.7885
0.06000,0.04500,0.02000,1.030679,0.398459,-0.436224,0.913427,652214.09,624,51.9231
0.04000,0.04500,0.01100,1.030639,0.388661,-0.451999,0.859871,597520.27,624,50.4808
0.02000,0.02500,0.01000,1.030624,0.359840,-0.453881,0.792807,460138.17,624,60.2564
0.10000,0.11500,0.01800,1.030620,0.435450,-0.531398,0.819443,902891.78,624,45.8333
0.09000,0.09500,0.00800,1.030587,0.433560,-0.554919,0.781302,888190.95,624,42.6282
0.09000,0.05500,0.01900,1.030574,0.410639,-0.446519,0.919643,726616.21,624,48.3974
0.09000,0.04500,0.00700,1.030561,0.406292,-0.438494,0.926563,699214.58,624,46.4744
0.09500,0.05500,0.00100,1.030548,0.420477,-0.461901,0.910317,792327.76,624,42.7885
0.02000,0.04500,0.01100,1.030546,0.374022,-0.475272,0.786964,523623.38,624,57.8526
0.08500,0.10500,0.01700,1.030540,0.431536,-0.528565,0.816428,872694.35,624,46.3141
0.02000,0.04500,0.01900,1.030511,0.368554,-0.480806,0.766534,498248.64,624,59.2949
0.09000,0.11500,0.01800,1.030490,0.434361,-0.531425,0.817352,894396.30,624,45.8333
0.03500,0.03500,0.02000,1.030445,0.370959,-0.473473,0.783485,509264.55,624,56.8910
0.06500,0.09500,0.01100,1.030431,0.425903,-0.516929,0.823909,830868.40,624,44.3910
0.01500,0.06000,0.01300,1.030397,0.365086,-0.425600,0.857814,482744.70,624,60.7372
0.06500,0.04500,0.01700,1.030373,0.397394,-0.432584,0.918651,646052.12,624,50.8013
0.08000,0.14500,0.01900,1.030369,0.433149,-0.532368,0.813628,885027.25,624,45.9936
0.06500,0.09000,0.00900,1.030362,0.425676,-0.556229,0.765290,829226.86,624,43.9103
0.10000,0.09000,0.01400,1.030361,0.427894,-0.522779,0.818500,845441.21,624,44.3910
0.01500,0.05000,0.01700,1.030349,0.363748,-0.409087,0.889169,476882.13,624,62.0192
0.03500,0.02500,0.01700,1.030292,0.367596,-0.440423,0.834645,493922.04,624,58.3333
0.06000,0.02000,0.00600,1.030159,0.396017,-0.469637,0.843241,638169.90,624,51.6026
0.07000,0.10000,0.01300,1.030138,0.424843,-0.520835,0.815696,823209.17,624,44.2308
0.08000,0.11500,0.01100,1.030072,0.434249,-0.516957,0.840010,893521.79,624,43.2692
0.10000,0.05500,0.00100,1.030033,0.420154,-0.461845,0.909731,790090.29,624,42.7885
0.10000,0.04500,0.01200,1.029899,0.401801,-0.444242,0.904464,671898.07,624,47.2756
0.09500,0.05500,0.00900,1.029869,0.411096,-0.486865,0.844374,729558.29,624,45.0321
0.09500,0.08000,0.02000,1.029848,0.430255,-0.534276,0.805304,863015.54,624,47.4359
0.04500,0.03500,0.01900,1.029831,0.377935,-0.442748,0.853612,542505.83,624,54.3269
0.05000,0.02000,0.00900,1.029808,0.385377,-0.461137,0.835709,580152.15,624,53.6859
0.09000,0.08000,0.00700,1.029792,0.430103,-0.560485,0.767375,861874.39,624,42.6282
0.06000,0.03000,0.00400,1.029656,0.396206,-0.451213,0.878091,639246.77,624,49.5192
0.09500,0.13500,0.00200,1.029590,0.443145,-0.547701,0.809100,965072.68,624,39.5833
0.02000,0.03500,0.00100,1.029582,0.380335,-0.481007,0.790707,554395.08,624,57.0513
0.09500,0.06000,0.01000,1.029573,0.415177,-0.464228,0.894339,756278.31,624,45.0321
0.10000,0.14500,0.01800,1.029545,0.438213,-0.531382,0.824667,924782.12,624,45.6731
0.07500,0.06000,0.01400,1.029484,0.408519,-0.430519,0.948901,713134.07,624,46.7949
0.09500,0.13000,0.01300,1.029483,0.435022,-0.521816,0.833669,899543.02,624,43.4295
0.09500,0.15000,0.02000,1.029482,0.440546,-0.535221,0.823111,943644.64,624,46.7949
0.01000,0.02000,0.01500,1.029475,0.345700,-0.443732,0.779075,403959.70,624,67.3077
0.08500,0.14500,0.00500,1.029418,0.438123,-0.550867,0.795333,924056.72,624,41.1859
0.04000,0.02500,0.01300,1.029403,0.371462,-0.451467,0.822788,511596.24,624,55.7692
0.09500,0.09000,0.01300,1.029383,0.427352,-0.520828,0.820525,841450.27,624,44.0705
0.10000,0.05000,0.00700,1.029363,0.410613,-0.454862,0.902719,726450.93,624,45.3526
0.09000,0.09500,0.01500,1.029342,0.428777,-0.524756,0.817097,851974.14,624,45.0321
0.08000,0.05000,0.02000,1.029296,0.405338,-0.450396,0.899958,693324.57,624,50.0000
0.10000,0.05500,0.00900,1.029291,0.410754,-0.486844,0.843708,727358.04,624,45.0321
0.09000,0.11500,0.00700,1.029276,0.437245,-0.554468,0.788585,917056.65,624,41.8269
0.06000,0.02500,0.00300,1.029273,0.396612,-0.499978,0.793258,641563.08,624,50.4808
0.04500,0.03500,0.01200,1.029248,0.380903,-0.480524,0.792682,557240.81,624,51.6026
0.10000,0.10500,0.01200,1.029218,0.431400,-0.519848,0.829858,871661.67,624,42.7885
0.06500,0.04500,0.01600,1.029177,0.397070,-0.431662,0.919864,644192.01,624,50.0000
0.08000,0.11500,0.00900,1.029148,0.434140,-0.556221,0.780518,892680.43,624,42.6282
0.07000,0.11000,0.01000,1.029133,0.428687,-0.514990,0.832418,851306.32,624,43.2692
0.01000,0.04500,0.01900,1.029114,0.351637,-0.407834,0.862206,426728.33,624,65.7051
0.08500,0.10000,0.01700,1.029088,0.430554,-0.528530,0.814626,865269.27,624,46.3141
0.08000,0.14500,0.01000,1.029047,0.435589,-0.514993,0.845815,903978.00,624,42.7885
0.07500,0.05000,0.01000,1.029039,0.405451,-0.442432,0.916413,694019.04,624,46.3141
0.06500,0.09500,0.00900,1.029037,0.425623,-0.556216,0.765212,828842.22,624,43.7500
0.09000,0.05500,0.01300,1.029021,0.407217,-0.439826,0.925859,704962.16,624,46.1538
0.01500,0.06000,0.01000,1.028934,0.368736,-0.453021,0.813949,499074.27,624,60.0962
0.09500,0.08000,0.01300,1.028930,0.425270,-0.520811,0.816553,826284.96,624,44.0705
0.06000,0.04000,0.01700,1.028919,0.391060,-0.432817,0.903524,610509.17,624,51.7628
0.09500,0.10000,0.01800,1.028867,0.431613,-0.530471,0.813642,873284.87,624,45.9936
0.03500,0.03500,0.00800,1.028863,0.376990,-0.448262,0.841003,537886.79,624,52.8846
0.08500,0.04500,0.00300,1.028858,0.407627,-0.437766,0.931153,707525.95,624,45.1923
0.04500,0.02500,0.01100,1.028846,0.376930,-0.503779,0.748206,537596.49,624,54.6474
0.06500,0.05000,0.01000,1.028840,0.402055,-0.437539,0.918901,673417.47,624,46.7949
0.08500,0.10500,0.01600,1.028813,0.430469,-0.526649,0.817374,864630.13,624,45.5128
0.10000,0.03500,0.00500,1.028806,0.406391,-0.485133,0.837691,699828.90,624,47.5962
0.08500,0.08000,0.00700,1.028753,0.428327,-0.560650,0.763982,848634.32,624,42.7885
0.09000,0.13500,0.00200,1.028746,0.441090,-0.547686,0.805370,948094.42,624,39.7436
0.08000,0.09000,0.01100,1.028738,0.428952,-0.516952,0.829772,853274.08,624,43.7500
0.09500,0.05000,0.00700,1.028651,0.410189,-0.454848,0.901816,723737.73,624,45.3526
0.06000,0.04000,0.01600,1.028649,0.391310,-0.431358,0.907160,611876.76,624,50.9615
0.01500,0.02500,0.01600,1.028604,0.356153,-0.438281,0.812613,444834.42,624,63.7821
0.02500,0.04000,0.01300,1.028567,0.373952,-0.452304,0.826771,523288.38,624,55.6090
0.09500,0.12000,0.00700,1.028557,0.438317,-0.554470,0.790515,925610.88,624,41.6667
0.08500,0.09000,0.01300,1.028556,0.426113,-0.520820,0.818158,832397.98,624,44.2308
0.08000,0.08000,0.00700,1.028529,0.426758,-0.553566,0.770925,837097.21,624,42.9487
0.03500,0.04000,0.01700,1.028525,0.376898,-0.409180,0.921106,537442.30,624,54.3269
0.07000,0.05000,0.00100,1.028468,0.410257,-0.414053,0.990833,724171.33,624,44.0705
0.04000,0.03000,0.00800,1.028436,0.379422,-0.456021,0.832027,549840.86,624,52.8846
0.05000,0.03000,0.01200,1.028409,0.382179,-0.493595,0.774275,563688.93,624,52.2436
0.05500,0.02500,0.01800,1.028404,0.380406,-0.473350,0.803647,554750.49,624,55.7692
0.10000,0.05000,0.00100,1.028378,0.415754,-0.428875,0.969405,760130.00,624,43.4295
0.10000,0.06000,0.01500,1.028356,0.410135,-0.439672,0.932819,723390.47,624,47.1154
0.02000,0.04000,0.01200,1.028351,0.367546,-0.488537,0.752341,493695.21,624,57.2115
0.07000,0.10500,0.01800,1.028298,0.424667,-0.530464,0.800558,821943.31,624,46.3141
0.04500,0.04500,0.01000,1.028294,0.387744,-0.448124,0.865260,592621.91,624,49.6795
0.01500,0.05500,0.01200,1.028056,0.365017,-0.465770,0.783686,482443.60,624,60.0962
0.10000,0.11000,0.00500,1.027988,0.436710,-0.556063,0.785360,912811.61,624,41.0256
0.08500,0.10000,0.00500,1.027922,0.433494,-0.550831,0.786982,887686.25,624,41.5064
0.07500,0.10000,0.01000,1.027885,0.430511,-0.514998,0.835948,864947.12,624,43.1090
0.01000,0.03500,0.01000,1.027870,0.355527,-0.434636,0.817986,442281.64,624,65.3846
0.07000,0.08000,0.01400,1.027857,0.419393,-0.522754,0.802277,784834.83,624,45.0321
0.10000,0.11000,0.00300,1.027815,0.439283,-0.549805,0.798980,933386.88,624,40.0641
0.09000,0.14000,0.01000,1.027789,0.437111,-0.515961,0.847178,915991.18,624,42.6282
0.04500,0.03500,0.01000,1.027752,0.383067,-0.466251,0.821591,568220.56,624,51.7628
0.07500,0.08000,0.00700,1.027744,0.426161,-0.553566,0.769847,832743.76,624,42.9487
0.09500,0.05000,0.00100,1.027710,0.415343,-0.428904,0.968382,757387.28,624,43.4295
0.08000,0.10500,0.01900,1.027630,0.428212,-0.532366,0.804355,847785.12,624,46.1538
0.10000,0.14000,0.00900,1.027624,0.439141,-0.557128,0.788222,932238.02,624,42.1474
0.08000,0.08000,0.01800,1.027616,0.421208,-0.530471,0.794026,797423.79,624,46.6346
0.07500,0.10000,0.00200,1.027540,0.434172,-0.546758,0.794084,892927.00,624,40.3846
0.08500,0.10000,0.01600,1.027493,0.429567,-0.526648,0.815662,857862.98,624,45.5128
0.10000,0.09500,0.00700,1.027437,0.433409,-0.553561,0.782946,887026.42,624,42.1474
0.07000,0.09500,0.02000,1.027390,0.425215,-0.534270,0.795881,825891.21,624,47.5962
0.06500,0.03500,0.00700,1.027388,0.399274,-0.488245,0.817775,656966.52,624,49.3590
0.08500,0.06000,0.01400,1.027375,0.407720,-0.438392,0.930034,708106.33,624,46.6346
0.09000,0.08500,0.01100,1.027362,0.427802,-0.516934,0.827577,844762.82,624,43.7500
0.03000,0.02500,0.00800,1.027328,0.366267,-0.465378,0.787031,487973.68,624,56.2500
0.08500,0.06000,0.01900,1.027307,0.408506,-0.444081,0.919891,713051.68,624,48.3974
0.07500,0.11000,0.01400,1.027239,0.426563,-0.522786,0.815941,835670.19,624,44.2308
0.05500,0.03000,0.02000,1.027220,0.381819,-0.472072,0.808814,561861.45,624,55.4487
0.06500,0.03500,0.01500,1.027215,0.392191,-0.507672,0.772528,616719.56,624,51.4423
0.01500,0.04500,0.00800,1.027189,0.367921,-0.431468,0.852720,495384.67,624,60.4167
0.08000,0.10000,0.01400,1.027179,0.426696,-0.522778,0.816210,836648.04,624,44.3910
0.08500,0.15000,0.00800,1.027176,0.436643,-0.554933,0.786839,912282.65,624,42.1474
0.10000,0.08000,0.01400,1.027162,0.423296,-0.522799,0.809673,812141.55,624,44.3910
0.09000,0.09000,0.00800,1.027106,0.429254,-0.554926,0.773534,855524.23,624,42.7885
0.01500,0.05500,0.01500,1.027102,0.362507,-0.417206,0.868892,471506.53,624,61.3782
0.05000,0.03000,0.00800,1.027092,0.385630,-0.480962,0.801789,581473.70,624,51.4423
0.03000,0.03500,0.01200,1.027071,0.371511,-0.499669,0.743513,511823.96,624,54.1667
0.09500,0.06000,0.01500,1.027013,0.409337,-0.439672,0.931005,718310.95,624,47.1154
0.07500,0.08000,0.01800,1.027012,0.420738,-0.530449,0.793173,794144.15,624,46.6346
0.02000,0.04000,0.01000,1.027011,0.369941,-0.475114,0.778637,504575.37,624,57.5321
0.08500,0.14000,0.01000,1.026958,0.435583,-0.514987,0.845814,903936.47,624,42.7885
0.08500,0.09000,0.02000,1.026953,0.427984,-0.534299,0.801019,846103.76,624,47.4359
0.02500,0.03000,0.01500,1.026915,0.363435,-0.439237,0.827425,475524.33,624,58.9744
0.09000,0.13000,0.00200,1.026906,0.439580,-0.547678,0.802625,935787.06,624,39.7436
0.08000,0.08500,0.01100,1.026868,0.426506,-0.516929,0.825077,835260.03,624,43.9103
0.07000,0.08000,0.00200,1.026787,0.427408,-0.549995,0.777113,841861.99,624,41.0256
0.10000,0.03500,0.00300,1.026744,0.410676,-0.491851,0.834959,726855.08,624,46.7949
0.08500,0.11500,0.00700,1.026727,0.434428,-0.553567,0.784778,894912.08,624,41.9872
0.02000,0.03500,0.01400,1.026711,0.362235,-0.454323,0.797307,470333.75,624,58.9744
0.02500,0.05000,0.01900,1.026679,0.377558,-0.460149,0.820511,540656.23,624,56.4103
0.07500,0.14500,0.01100,1.026657,0.432107,-0.516956,0.835868,877040.23,624,43.2692
0.10000,0.14000,0.01400,1.026651,0.433445,-0.523749,0.827583,887307.64,624,43.7500
0.05500,0.04000,0.01600,1.026641,0.386650,-0.431500,0.896060,586831.17,624,51.4423
0.05000,0.04500,0.01400,1.026632,0.387046,-0.440700,0.878253,588922.60,624,50.3205
0.01000,0.03500,0.01100,1.026623,0.355171,-0.435212,0.816086,440837.22,624,66.0256
0.08000,0.10500,0.00200,1.026545,0.434622,-0.546781,0.794874,896424.63,624,40.2244
0.02500,0.04000,0.01800,1.026499,0.372146,-0.513780,0.724329,514785.58,624,57.2115
0.03500,0.04500,0.01400,1.026462,0.380385,-0.441160,0.862238,554644.98,624,52.0833
0.10000,0.09000,0.00200,1.026455,0.434374,-0.546771,0.794436,894496.81,624,40.2244
0.08000,0.04000,0.00200,1.026384,0.402963,-0.447834,0.899805,678871.46,624,45.8333
0.08000,0.10500,0.01000,1.026239,0.430638,-0.514966,0.836246,865902.08,624,42.9487
0.08000,0.08000,0.01300,1.026236,0.420070,-0.520788,0.806605,789507.32,624,44.5513
0.04500,0.03500,0.01300,1.026187,0.378423,-0.441210,0.857692,544900.27,624,52.4038
0.09000,0.14000,0.01900,1.026144,0.433650,-0.533324,0.813108,888886.54,624,45.8333
0.01500,0.06500,0.01100,1.026137,0.367948,-0.460504,0.799010,495503.97,624,60.7372
0.01000,0.02000,0.01300,1.026094,0.345407,-0.420816,0.820803,402865.96,624,67.1474
0.07500,0.08000,0.01300,1.026088,0.419876,-0.520799,0.806215,788164.53,624,44.5513
0.10000,0.08500,0.00100,1.025981,0.434318,-0.545388,0.796346,894057.05,624,40.0641
0.10000,0.03500,0.01800,1.025914,0.399791,-0.505088,0.791528,659996.84,624,52.0833
0.09000,0.09500,0.00700,1.025869,0.431806,-0.553574,0.780034,874748.90,624,42.3077
0.07000,0.05000,0.00700,1.025857,0.404916,-0.432267,0.936727,690739.08,624,45.9936
0.07500,0.14500,0.00900,1.025857,0.432089,-0.556216,0.776838,876907.41,624,42.6282
0.07500,0.04500,0.00100,1.025793,0.405977,-0.414339,0.979819,697266.73,624,44.8718
0.10000,0.11500,0.00700,1.025699,0.436094,-0.554460,0.786520,907950.54,624,41.6667
0.09500,0.13000,0.00200,1.025680,0.440167,-0.547679,0.803695,940553.09,624,39.5833
0.04500,0.04500,0.02000,1.025661,0.385628,-0.436024,0.884421,581466.96,624,53.3654
0.09500,0.08000,0.00200,1.025628,0.432883,-0.546739,0.791755,882984.30,624,40.3846
0.09000,0.15000,0.01800,1.025599,0.434770,-0.531395,0.818167,897580.33,624,45.6731
0.09500,0.12000,0.01800,1.025508,0.432609,-0.531407,0.814082,880881.20,624,45.8333
0.08500,0.09000,0.00700,1.025504,0.429370,-0.553571,0.775636,856386.91,624,42.4679
0.01500,0.05500,0.01400,1.025475,0.361206,-0.418924,0.862221,465926.22,624,61.0577
0.08500,0.11500,0.01800,1.025469,0.429359,-0.530471,0.809392,856308.84,624,45.9936
0.02500,0.02500,0.01600,1.025464,0.357964,-0.432292,0.828060,452289.40,624,61.0577
0.07500,0.14000,0.01100,1.025409,0.431113,-0.516948,0.833958,869491.61,624,43.2692
0.01500,0.04500,0.00700,1.025404,0.368905,-0.426788,0.864376,499842.28,624,60.4167
0.10000,0.12000,0.01000,1.025402,0.435580,-0.515950,0.844230,903913.52,624,42.4679
0.04000,0.04500,0.01400,1.025364,0.381759,-0.441111,0.865449,561561.24,624,51.1218
0.08500,0.10500,0.00400,1.025345,0.433690,-0.549504,0.789238,889193.69,624,40.8654
0.08500,0.14500,0.00300,1.025333,0.437821,-0.548152,0.798721,921645.79,624,40.2244
0.08000,0.10000,0.01900,1.025286,0.426522,-0.532354,0.801199,835373.11,624,46.1538
0.04000,0.02000,0.01700,1.025257,0.372938,-0.422111,0.883507,518500.39,624,58.3333
0.09000,0.15000,0.01500,1.025246,0.432303,-0.525704,0.822331,878536.96,624,44.5513
0.08000,0.09000,0.00900,1.025221,0.427271,-0.556235,0.768148,840853.27,624,43.1090
0.07000,0.15000,0.01900,1.025172,0.423963,-0.532387,0.796343,816895.75,624,46.3141
0.10000,0.04500,0.00800,1.025157,0.402682,-0.439478,0.916274,677178.83,624,46.3141
0.09000,0.09000,0.01300,1.025149,0.424151,-0.520807,0.814412,818243.70,624,44.2308
0.03000,0.03000,0.01600,1.024988,0.365104,-0.413536,0.882883,482826.47,624,58.1731
0.07500,0.09000,0.01900,1.024948,0.422534,-0.532374,0.793678,806740.21,624,46.4744
0.03500,0.04500,0.01300,1.024931,0.380748,-0.439356,0.866606,556464.62,624,51.7628
0.09000,0.08000,0.00200,1.024910,0.431601,-0.546756,0.789386,873192.88,624,40.5449
0.05000,0.02000,0.00800,1.024881,0.384579,-0.457775,0.840105,576004.23,624,53.3654
0.09000,0.09000,0.02000,1.024788,0.426834,-0.534289,0.798883,837654.22,624,47.4359
0.05500,0.02000,0.00600,1.024777,0.389361,-0.469674,0.829002,601284.55,624,52.2436
0.09500,0.11000,0.00400,1.024760,0.436053,-0.552935,0.788615,907628.96,624,40.5449
0.09500,0.14000,0.01000,1.024717,0.436383,-0.515951,0.845785,910229.75,624,42.4679
0.01500,0.08000,0.01100,1.024684,0.367155,-0.460504,0.797288,491937.63,624,60.7372
0.01500,0.08500,0.01100,1.024684,0.367155,-0.460504,0.797288,491937.63,624,60.7372
0.01500,0.09000,0.01100,1.024684,0.367155,-0.460504,0.797288,491937.63,624,60.7372
0.01500,0.09500,0.01100,1.024684,0.367155,-0.460504,0.797288,491937.63,624,60.7372
0.01500,0.10000,0.01100,1.024684,0.367155,-0.460504,0.797288,491937.63,624,60.7372
0.01500,0.10500,0.01100,1.024684,0.367155,-0.460504,0.797288,491937.63,624,60.7372
0.01500,0.11000,0.01100,1.024684,0.367155,-0.460504,0.797288,491937.63,624,60.7372
0.01500,0.11500,0.01100,1.024684,0.367155,-0.460504,0.797288,491937.63,624,60.7372
0.01500,0.12000,0.01100,1.024684,0.367155,-0.460504,0.797288,491937.63,624,60.7372
0.01500,0.12500,0.01100,1.024684,0.367155,-0.460504,0.797288,491937.63,624,60.7372
0.01500,0.13000,0.01100,1.024684,0.367155,-0.460504,0.797288,491937.63,624,60.7372
0.01500,0.13500,0.01100,1.024684,0.367155,-0.460504,0.797288,491937.63,624,60.7372
0.01500,0.14000,0.01100,1.024684,0.367155,-0.460504,0.797288,491937.63,624,60.7372
0.01500,0.14500,0.01100,1.024684,0.367155,-0.460504,0.797288,491937.63,624,60.7372
0.01500,0.15000,0.01100,1.024684,0.367155,-0.460504,0.797288,491937.63,624,60.7372
0.08000,0.15000,0.00200,1.024587,0.435997,-0.546755,0.797426,907183.21,624,40.0641
0.07000,0.14500,0.01900,1.024585,0.423469,-0.532332,0.795497,813371.46,624,46.3141
0.07500,0.14000,0.00900,1.024579,0.431074,-0.556245,0.774970,869191.12,624,42.6282
0.06000,0.03500,0.01100,1.024525,0.391938,-0.456661,0.858268,615322.99,624,50.8013
0.07500,0.05000,0.00900,1.024498,0.403025,-0.439109,0.917825,679246.75,624,45.9936
0.06000,0.05000,0.01100,1.024429,0.398749,-0.441383,0.903408,653900.95,624,47.4359
0.07000,0.10000,0.02000,1.024363,0.424126,-0.534240,0.793887,818062.49,624,47.4359
0.08500,0.11000,0.01500,1.024288,0.427234,-0.524728,0.814201,840585.66,624,44.8718
0.05500,0.03000,0.00500,1.024225,0.387382,-0.455038,0.851318,590702.57,624,50.3205
0.01500,0.06000,0.01800,1.024196,0.361562,-0.511098,0.707422,467448.42,624,61.6987
0.10000,0.13500,0.01400,1.024194,0.431719,-0.523730,0.824317,874090.26,624,43.7500
0.07500,0.13500,0.01100,1.024123,0.430103,-0.516959,0.831986,861876.42,624,43.2692
0.04500,0.04500,0.00900,1.024046,0.385756,-0.444710,0.867433,582135.02,624,49.1987
0.08500,0.09500,0.00800,1.024044,0.428982,-0.554932,0.773036,853496.39,624,42.6282
0.07000,0.11000,0.01400,1.023996,0.421200,-0.522740,0.805754,797367.23,624,44.5513
0.06500,0.05000,0.00900,1.023993,0.399512,-0.433948,0.920645,658358.42,624,46.4744
0.08500,0.08000,0.01800,1.023978,0.420442,-0.530453,0.792609,792085.81,624,46.4744
0.08000,0.14500,0.00200,1.023973,0.435480,-0.546754,0.796482,903123.97,624,40.0641
0.07000,0.14000,0.01900,1.023972,0.422973,-0.532378,0.794498,809852.37,624,46.3141
0.06500,0.05000,0.02000,1.023949,0.398280,-0.436306,0.912846,651174.87,624,50.4808
0.03500,0.03500,0.00100,1.023943,0.383318,-0.453700,0.844871,569505.03,624,51.2821
0.05000,0.04500,0.01900,1.023933,0.385989,-0.435003,0.887325,583353.42,624,51.9231
0.09000,0.08500,0.00900,1.023922,0.426195,-0.556218,0.766238,832993.02,624,43.1090
0.08000,0.08500,0.00900,1.023857,0.425169,-0.556224,0.764386,825561.08,624,43.2692
0.08500,0.15000,0.01500,1.023849,0.430313,-0.524743,0.820045,863455.44,624,44.7115
0.05500,0.03500,0.00900,1.023715,0.389026,-0.449429,0.865599,599478.05,624,50.1603
0.09000,0.08000,0.01800,1.023688,0.423662,-0.530471,0.798652,814750.96,624,46.3141
0.07500,0.13000,0.01100,1.023651,0.429672,-0.516937,0.831188,858645.33,624,43.2692
0.09000,0.11000,0.02000,1.023608,0.431607,-0.535206,0.806430,873233.09,624,46.9551
0.08500,0.11500,0.01300,1.023496,0.427693,-0.520828,0.821179,843960.02,624,43.7500
0.09500,0.04500,0.00100,1.023495,0.408957,-0.431491,0.947776,715899.49,624,44.5513
0.01500,0.07500,0.01100,1.023492,0.366552,-0.460504,0.795979,489242.17,624,60.7372
0.03500,0.03500,0.01800,1.023481,0.367448,-0.490787,0.748692,493255.02,624,55.9295
0.08000,0.05000,0.01300,1.023476,0.399316,-0.442670,0.902063,657212.14,624,46.9551
0.01500,0.05000,0.00100,1.023447,0.377491,-0.470960,0.801537,540332.02,624,60.5769
0.09000,0.12000,0.00200,1.023441,0.436618,-0.547670,0.797229,912086.63,624,39.7436
0.03000,0.02500,0.00700,1.023432,0.365613,-0.462083,0.791229,485074.21,624,56.0897
0.05500,0.03000,0.00700,1.023365,0.386908,-0.478643,0.808344,588193.00,624,50.9615
0.06500,0.10000,0.01100,1.023351,0.422151,-0.516929,0.816652,804039.51,624,44.2308
0.10000,0.09500,0.01300,1.023328,0.425915,-0.520831,0.817761,830960.04,624,43.9103
0.07500,0.13500,0.00900,1.023328,0.430084,-0.556199,0.773257,861735.60,624,42.6282
0.07000,0.13500,0.01900,1.023326,0.422459,-0.532367,0.793549,806214.41,624,46.3141
0.10000,0.14500,0.01300,1.023281,0.432665,-0.521783,0.829205,881313.15,624,43.2692
0.06000,0.02000,0.01200,1.023255,0.387648,-0.471056,0.822934,592112.64,624,53.6859
0.08500,0.10000,0.00300,1.023210,0.432861,-0.548149,0.789678,882815.76,624,40.5449
0.08000,0.02500,0.01600,1.023191,0.393022,-0.528464,0.743706,621321.03,624,54.1667
0.10000,0.14500,0.00700,1.023078,0.437144,-0.554449,0.788430,916257.26,624,41.5064
0.02500,0.04000,0.01400,1.023029,0.369743,-0.452403,0.817287,503666.36,624,55.9295
0.09500,0.15000,0.01500,1.023020,0.431964,-0.525701,0.821690,875948.90,624,44.5513
0.08000,0.14500,0.01400,1.022913,0.427539,-0.522783,0.817814,842822.92,624,44.0705
0.09000,0.12500,0.00200,1.022906,0.436500,-0.547691,0.796983,911152.46,624,39.7436
0.09000,0.10000,0.00800,1.022888,0.430078,-0.554947,0.774989,861690.11,624,42.4679
0.09000,0.13500,0.01900,1.022850,0.431077,-0.533317,0.808294,869215.23,624,45.8333
0.07500,0.10500,0.01900,1.022844,0.424027,-0.532360,0.796505,817355.04,624,46.1538
0.10000,0.12000,0.01900,1.022825,0.431025,-0.533335,0.808170,868824.77,624,45.8333
0.07500,0.13000,0.00900,1.022814,0.429631,-0.556206,0.772432,858339.45,624,42.6282
0.09000,0.11000,0.01500,1.022771,0.427539,-0.525695,0.813284,842826.85,624,44.7115
0.10000,0.10500,0.01500,1.022722,0.427434,-0.525684,0.813102,842054.39,624,44.7115
0.07500,0.10000,0.01400,1.022706,0.423019,-0.522759,0.809204,810174.42,624,44.3910
0.07500,0.12000,0.01100,1.022699,0.428685,-0.516938,0.829278,851290.51,624,43.2692
0.02000,0.04500,0.02000,1.022694,0.365347,-0.489380,0.746551,483896.78,624,59.9359
0.04000,0.02500,0.00100,1.022687,0.384042,-0.455130,0.843807,573227.90,624,52.8846
0.05500,0.03000,0.01900,1.022621,0.377998,-0.469965,0.804310,542812.96,624,54.6474
0.02000,0.03000,0.00700,1.022584,0.365355,-0.455001,0.802975,483929.67,624,58.6538
0.07000,0.13000,0.01900,1.022534,0.421843,-0.532360,0.792403,801877.50,624,46.3141
0.09500,0.09500,0.02000,1.022504,0.427891,-0.534279,0.800876,845417.70,624,47.2756
0.05500,0.05000,0.01900,1.022470,0.390177,-0.435029,0.896899,605697.91,624,50.3205
0.02000,0.03500,0.01100,1.022449,0.365637,-0.490757,0.745045,485176.35,624,58.8141
0.06500,0.10000,0.00900,1.022440,0.422147,-0.556234,0.758938,804014.86,624,43.5897
0.09000,0.10500,0.00400,1.022436,0.432776,-0.552956,0.782659,882156.91,624,40.7051
0.09500,0.12500,0.01300,1.022419,0.429900,-0.521788,0.823898,860352.97,624,43.4295
0.06000,0.03000,0.00500,1.022381,0.389732,-0.454980,0.856590,603285.75,624,49.6795
0.10000,0.03500,0.00700,1.022328,0.402087,-0.488288,0.823463,673607.25,624,48.3974
0.09000,0.13500,0.01000,1.022324,0.433283,-0.515951,0.839776,886059.96,624,42.6282
0.10000,0.13500,0.00900,1.022300,0.435553,-0.557126,0.781785,903699.56,624,42.1474
0.09000,0.14500,0.00800,1.022273,0.434188,-0.555848,0.781128,893054.75,624,41.9872
0.10000,0.10500,0.02000,1.022262,0.430532,-0.535224,0.804395,865102.26,624,46.9551
0.05500,0.02500,0.00200,1.022253,0.390981,-0.499142,0.783306,610077.39,624,50.9615
0.04000,0.04000,0.01600,1.022243,0.375702,-0.431743,0.870200,531655.69,624,52.8846
0.10000,0.03500,0.00400,1.022235,0.404712,-0.483620,0.836839,689491.67,624,47.2756
0.06000,0.02000,0.00900,1.022215,0.389340,-0.465567,0.836270,601169.85,624,52.5641
0.05500,0.04500,0.01800,1.022154,0.387984,-0.433706,0.894579,593903.59,624,51.2821
0.09000,0.09500,0.01300,1.022121,0.424458,-0.520838,0.814952,820442.94,624,44.0705
0.01000,0.02500,0.00100,1.022086,0.365723,-0.526067,0.695202,485557.54,624,67.3077
0.08000,0.04000,0.00300,1.022082,0.399779,-0.448431,0.891508,659928.39,624,45.9936
0.10000,0.04000,0.00200,1.022066,0.405131,-0.447914,0.904484,692056.09,624,45.5128
0.08000,0.09500,0.01900,1.022065,0.423193,-0.532371,0.794921,811408.69,624,46.3141
0.09000,0.06000,0.00900,1.022043,0.410865,-0.460499,0.892219,728073.18,624,44.8718
0.06500,0.10500,0.00100,1.022033,0.425732,-0.545928,0.779831,829629.50,624,40.8654
0.05000,0.02500,0.00400,1.022022,0.383490,-0.453810,0.845047,570388.15,624,51.9231
0.07000,0.09500,0.01800,1.022019,0.419679,-0.530429,0.791208,786806.46,624,46.4744
0.09000,0.09000,0.00700,1.021994,0.427304,-0.553548,0.771937,841096.40,624,42.4679
0.09500,0.11500,0.00800,1.021981,0.432478,-0.555842,0.778059,879874.04,624,41.9872
0.09500,0.05500,0.01100,1.021981,0.405605,-0.494004,0.821056,694971.15,624,45.6731
0.07000,0.09000,0.00200,1.021964,0.426488,-0.550001,0.775432,835127.25,624,40.8654
0.08500,0.08000,0.00200,1.021962,0.426579,-0.546749,0.780210,835786.95,624,40.7051
0.07500,0.12000,0.00900,1.021871,0.428656,-0.556233,0.770640,851073.64,624,42.6282
0.10000,0.06000,0.01800,1.021841,0.409172,-0.450004,0.909262,717260.22,624,48.2372
0.08000,0.05000,0.01800,1.021711,0.398989,-0.448078,0.890445,655298.72,624,48.8782
0.04500,0.03000,0.00200,1.021708,0.386692,-0.495624,0.780213,587051.95,624,51.1218
0.08500,0.03500,0.01600,1.021693,0.394458,-0.502042,0.785706,629345.40,624,51.6026
0.05000,0.02000,0.01500,1.021689,0.377251,-0.429315,0.878729,539160.04,624,56.5705
0.07000,0.09000,0.01400,1.021642,0.417658,-0.522761,0.798947,772966.45,624,44.8718
0.06000,0.05000,0.01400,1.021628,0.393170,-0.433356,0.907269,622145.56,624,48.0769
0.10000,0.10000,0.00800,1.021612,0.429671,-0.554914,0.774302,858638.90,624,42.3077
0.09000,0.06000,0.01900,1.021565,0.408320,-0.444094,0.919445,711877.69,624,48.2372
0.08500,0.13500,0.01000,1.021506,0.431773,-0.514990,0.838410,874496.97,624,42.7885
0.07500,0.10000,0.01900,1.021491,0.423070,-0.532390,0.794662,810539.86,624,46.1538
0.09000,0.11500,0.01300,1.021412,0.427376,-0.521777,0.819077,841621.90,624,43.5897
0.05500,0.04500,0.01500,1.021406,0.387370,-0.430631,0.899541,590638.64,624,50.1603
0.09500,0.11500,0.02000,1.021397,0.431515,-0.535234,0.806217,872535.31,624,46.9551
0.08500,0.09500,0.01500,1.021346,0.423332,-0.524744,0.806741,812401.47,624,45.0321
0.10000,0.05500,0.01100,1.021339,0.405240,-0.494037,0.820261,692723.89,624,45.6731
0.08500,0.06000,0.01100,1.021326,0.408933,-0.467984,0.873819,715748.26,624,45.6731
0.04500,0.02500,0.01200,1.021274,0.372090,-0.506453,0.734697,514523.89,624,54.1667
0.04500,0.02000,0.01600,1.021263,0.375747,-0.436786,0.860254,531869.58,624,57.2115
0.07000,0.12500,0.01900,1.021225,0.420852,-0.532361,0.790538,794938.65,624,46.3141
0.08000,0.03500,0.00200,1.021222,0.403335,-0.491264,0.821015,681119.07,624,47.1154
0.10000,0.05000,0.01200,1.021132,0.399497,-0.441495,0.904874,658271.49,624,45.8333
0.08500,0.11000,0.00800,1.021126,0.429173,-0.554948,0.773358,854923.29,624,42.3077
0.07500,0.06000,0.00900,1.021005,0.408653,-0.460470,0.887470,713980.35,624,45.1923
0.07500,0.10500,0.00200,1.021003,0.430105,-0.546741,0.786670,861891.90,624,40.2244
0.10000,0.11000,0.02000,1.021002,0.430862,-0.535235,0.804995,867589.15,624,46.9551
0.07500,0.12500,0.01100,1.020923,0.427636,-0.516940,0.827246,843538.13,624,43.2692
0.08500,0.10500,0.00500,1.020890,0.429125,-0.550856,0.779015,854564.98,624,41.3462
0.10000,0.03500,0.02000,1.020880,0.397443,-0.508140,0.782152,646336.25,624,52.8846
0.08500,0.05000,0.01700,1.020853,0.399126,-0.446902,0.893097,656102.97,624,49.0385
0.09500,0.14500,0.00800,1.020815,0.434497,-0.555828,0.781710,895449.48,624,41.8269
0.02000,0.04000,0.01400,1.020814,0.362103,-0.445736,0.812371,469767.59,624,58.3333
0.02000,0.04000,0.01300,1.020781,0.362943,-0.445886,0.813981,473387.52,624,57.8526
0.07000,0.04500,0.00400,1.020775,0.400330,-0.425238,0.941424,663166.60,624,45.8333
0.02500,0.04000,0.01100,1.020739,0.372915,-0.487702,0.764637,518392.16,624,55.2885
0.09000,0.11000,0.00800,1.020559,0.429971,-0.555829,0.773568,860887.96,624,42.1474
0.09500,0.09000,0.01800,1.020524,0.422428,-0.530440,0.796373,805994.08,624,46.3141
0.09500,0.06000,0.01800,1.020513,0.408377,-0.450004,0.907497,712239.92,624,48.2372
0.10000,0.12500,0.01400,1.020511,0.428426,-0.523756,0.817989,849373.73,624,43.7500
0.10000,0.14000,0.01100,1.020497,0.434081,-0.517937,0.838096,892224.08,624,42.7885
0.09000,0.10000,0.02000,1.020487,0.428066,-0.534293,0.801183,846710.91,624,47.1154
0.07500,0.10500,0.01000,1.020468,0.426024,-0.514978,0.827267,831748.24,624,42.9487
0.09000,0.14500,0.02000,1.020467,0.433048,-0.535212,0.809114,884246.96,624,46.7949
0.09500,0.13500,0.01000,1.020453,0.433449,-0.515982,0.840046,887336.46,624,42.4679
0.09500,0.05000,0.01200,1.020451,0.399095,-0.441359,0.904241,655920.30,624,45.8333
0.01500,0.07000,0.01900,1.020416,0.359596,-0.486071,0.739801,459109.83,624,61.6987
0.01000,0.03000,0.01000,1.020355,0.350701,-0.437272,0.802022,423064.41,624,65.7051
0.09000,0.13000,0.01900,1.020349,0.429095,-0.533344,0.804537,854340.65,624,45.8333
0.09000,0.15000,0.00700,1.020348,0.434157,-0.554448,0.783044,892812.78,624,41.6667
0.01500,0.04500,0.00400,1.020336,0.370333,-0.428089,0.865086,506377.41,624,60.2564
0.09000,0.10000,0.01500,1.020318,0.424658,-0.524747,0.809262,821876.24,624,44.8718
0.06500,0.04500,0.02000,1.020284,0.393239,-0.436273,0.901358,622525.52,624,51.7628
0.07000,0.10500,0.01000,1.020210,0.422824,-0.514962,0.821079,808797.19,624,43.2692
0.08000,0.10500,0.01400,1.020160,0.422639,-0.522775,0.808452,807486.21,624,44.2308
0.03500,0.03500,0.01900,1.020130,0.364799,-0.464496,0.785365,481484.23,624,55.9295
0.07500,0.12500,0.00900,1.020094,0.427600,-0.556209,0.768776,843270.50,624,42.6282
0.10000,0.15000,0.01000,1.020089,0.434785,-0.515974,0.842649,897693.67,624,42.3077
0.10000,0.11000,0.01500,1.020080,0.426781,-0.525689,0.811851,837269.16,624,44.7115
0.06000,0.02000,0.01500,1.020064,0.384046,-0.428603,0.896042,573250.45,624,55.4487
0.02500,0.04000,0.02000,1.019996,0.369039,-0.497489,0.741804,500453.31,624,58.1731
0.10000,0.11500,0.01300,1.019984,0.427533,-0.521808,0.819331,842781.50,624,43.4295
0.09500,0.11000,0.00500,1.019925,0.431281,-0.556068,0.775589,870758.78,624,41.0256
0.02000,0.03500,0.02000,1.019903,0.359415,-0.504227,0.712805,458350.64,624,60.5769
0.03500,0.04500,0.01900,1.019812,0.377058,-0.413274,0.912368,538219.58,624,53.5256
0.07000,0.12000,0.01900,1.019810,0.419803,-0.532361,0.788568,787661.30,624,46.3141
0.09000,0.13000,0.01000,1.019740,0.431271,-0.515971,0.835844,870690.04,624,42.6282
0.08500,0.14000,0.00200,1.019718,0.433495,-0.546742,0.792869,887693.47,624,39.9038
0.08500,0.09000,0.01800,1.019706,0.421267,-0.530472,0.794137,797839.64,624,46.3141
0.07500,0.04000,0.00200,1.019706,0.399014,-0.447997,0.890663,655447.92,624,45.8333
0.08500,0.05000,0.01600,1.019704,0.398638,-0.446041,0.893726,653257.12,624,48.2372
0.02500,0.03000,0.01300,1.019688,0.361017,-0.473066,0.763143,465122.59,624,58.4936
0.09500,0.11000,0.00300,1.019678,0.433760,-0.549809,0.788929,889736.18,624,40.0641
0.09000,0.05000,0.00800,1.019654,0.402764,-0.458125,0.879156,677669.44,624,45.5128
0.08000,0.05000,0.01500,1.019627,0.396875,-0.444795,0.892265,643073.04,624,47.7564
0.01500,0.04500,0.00200,1.019592,0.372942,-0.506917,0.735707,518518.16,624,60.5769
0.01000,0.02500,0.00300,1.019590,0.360195,-0.562801,0.640004,461636.37,624,66.3462
0.09000,0.05000,0.01700,1.019579,0.401475,-0.446926,0.898302,669956.44,624,48.8782
0.06500,0.09500,0.00100,1.019545,0.423277,-0.545931,0.775330,812008.31,624,41.0256
0.09500,0.10500,0.01200,1.019528,0.425135,-0.519859,0.817788,825310.86,624,42.7885
0.08500,0.11000,0.02000,1.019494,0.427159,-0.534292,0.799486,840031.46,624,47.1154
0.08500,0.09500,0.00700,1.019365,0.427239,-0.553551,0.771815,840620.55,624,42.3077
0.08000,0.05000,0.01100,1.019329,0.399878,-0.445857,0.896874,660505.52,624,46.6346
0.09500,0.12500,0.00200,1.019322,0.435467,-0.547665,0.795134,903026.88,624,39.5833
0.06500,0.04000,0.01200,1.019269,0.386951,-0.455578,0.849363,588419.12,624,48.7179
0.07000,0.10000,0.01800,1.019261,0.418766,-0.530437,0.789474,780524.99,624,46.3141
0.07500,0.02500,0.01600,1.019220,0.390358,-0.533472,0.731731,606680.10,624,54.1667
0.06500,0.08000,0.00100,1.019208,0.420365,-0.545907,0.770031,791556.33,624,41.1859
0.01000,0.03000,0.01100,1.019191,0.350357,-0.437886,0.800110,421721.18,624,66.3462
0.06000,0.02500,0.00100,1.019142,0.394139,-0.450416,0.875054,627554.56,624,50.1603
0.07500,0.08500,0.01100,1.019142,0.421355,-0.516915,0.815134,798454.54,624,43.9103
0.08500,0.15000,0.02000,1.019136,0.430205,-0.534284,0.805199,862645.58,624,46.9551
0.09500,0.11500,0.01500,1.019130,0.426445,-0.525715,0.811172,834810.28,624,44.7115
0.03000,0.04000,0.01200,1.019078,0.372055,-0.487082,0.763845,514361.86,624,52.7244
0.04000,0.04500,0.01900,1.019068,0.378684,-0.435086,0.870366,546187.85,624,52.7244
0.04000,0.03000,0.01500,1.019044,0.367958,-0.457969,0.803455,495549.06,624,55.2885
0.08500,0.13000,0.01000,1.019012,0.429825,-0.514968,0.834663,859790.33,624,42.7885
0.06000,0.03000,0.00700,1.019011,0.387937,-0.478679,0.810433,593651.92,624,50.3205
0.04500,0.04000,0.00800,1.018958,0.380827,-0.440345,0.864838,556859.05,624,49.8397
0.09500,0.15000,0.00700,1.018900,0.434443,-0.554460,0.783543,895031.96,624,41.5064
0.07000,0.09000,0.01000,1.018899,0.420264,-0.514960,0.816111,790852.48,624,43.5897
0.03000,0.03500,0.01400,1.018897,0.365079,-0.456330,0.800032,482713.13,624,55.2885
0.05000,0.02500,0.01800,1.018856,0.372126,-0.472558,0.787473,514693.58,624,56.2500
0.05000,0.03000,0.00500,1.018837,0.382124,-0.455021,0.839795,563409.77,624,50.6410
0.09000,0.05000,0.01600,1.018819,0.401171,-0.445937,0.899612,668144.96,624,48.0769
0.05500,0.02500,0.02000,1.018752,0.377561,-0.476901,0.791698,540674.44,624,56.8910
0.10000,0.11500,0.00200,1.018721,0.434344,-0.547693,0.793043,894265.95,624,39.5833
0.03500,0.04000,0.01200,1.018681,0.372202,-0.453545,0.820650,515045.24,624,51.7628
0.10000,0.13000,0.01400,1.018647,0.427744,-0.523738,0.816714,844333.10,624,43.7500
0.09000,0.06000,0.01400,1.018626,0.403313,-0.438436,0.919891,680984.16,624,46.4744
0.08500,0.05000,0.00800,1.018619,0.401419,-0.458112,0.876246,669621.59,624,45.6731
0.08000,0.11000,0.01100,1.018616,0.426405,-0.516946,0.824855,834521.14,624,43.2692
0.06000,0.02000,0.01100,1.018604,0.385448,-0.468198,0.823258,580525.82,624,54.0064
0.06000,0.02000,0.00800,1.018533,0.389056,-0.457867,0.849714,599642.71,624,52.2436
0.04500,0.02500,0.01300,1.018440,0.369715,-0.492459,0.750753,503539.24,624,55.1282
0.07000,0.11500,0.01900,1.018413,0.418777,-0.532360,0.786643,780600.91,624,46.3141
0.09000,0.10000,0.00700,1.018366,0.428393,-0.553548,0.773904,849126.95,624,42.1474
0.09500,0.14000,0.01900,1.018363,0.429665,-0.533314,0.805651,858592.14,624,45.8333
0.03000,0.04500,0.01800,1.018302,0.375942,-0.473741,0.793560,532810.60,624,54.6474
0.09500,0.14500,0.02000,1.018280,0.432699,-0.535211,0.808464,881571.32,624,46.7949
0.05000,0.03000,0.00700,1.018229,0.381788,-0.478611,0.797700,561708.08,624,51.2821
0.07500,0.09500,0.01900,1.018178,0.419882,-0.532372,0.788701,788208.95,624,46.3141
0.09500,0.15000,0.01800,1.018160,0.430968,-0.531401,0.811003,868393.06,624,45.6731
0.05500,0.04500,0.01300,1.018114,0.386096,-0.436800,0.883920,583917.78,624,49.5192
0.09000,0.15000,0.01300,1.018102,0.428221,-0.521795,0.820669,847855.64,624,43.4295
0.02500,0.03500,0.01100,1.018006,0.367829,-0.497960,0.738672,494968.61,624,56.4103
0.09500,0.08500,0.01100,1.017900,0.422609,-0.516930,0.817536,807271.24,624,43.5897
0.10000,0.04500,0.01700,1.017840,0.398282,-0.449703,0.885655,651185.04,624,50.0000
0.10000,0.15000,0.00200,1.017826,0.436938,-0.547674,0.797807,914619.41,624,39.4231
0.01000,0.04000,0.01900,1.017819,0.345865,-0.410574,0.842394,404576.47,624,65.7051
0.09000,0.10500,0.00500,1.017748,0.428093,-0.556061,0.769868,846910.55,624,41.1859
0.08500,0.13500,0.00200,1.017741,0.431964,-0.546754,0.790052,875953.14,624,39.9038
0.01500,0.04000,0.01600,1.017734,0.357291,-0.407943,0.875835,449505.47,624,62.0192
0.09000,0.09000,0.01800,1.017701,0.420219,-0.530447,0.792197,790539.01,624,46.3141
0.09000,0.11000,0.01800,1.017698,0.425675,-0.531418,0.801018,829217.15,624,45.8333
0.01500,0.05500,0.01300,1.017697,0.358836,-0.425600,0.843130,455923.66,624,60.7372
0.08000,0.11000,0.00900,1.017690,0.426288,-0.556235,0.766382,833671.10,624,42.6282
0.07500,0.03500,0.00200,1.017675,0.400899,-0.491342,0.815926,666531.72,624,47.1154
0.05000,0.04500,0.01300,1.017632,0.383348,-0.436867,0.877494,569659.76,624,49.8397
0.04500,0.03500,0.00900,1.017628,0.378441,-0.446273,0.848003,544990.66,624,51.1218
0.08000,0.08000,0.01400,1.017605,0.414143,-0.522748,0.792243,749428.83,624,44.8718
0.05500,0.02000,0.01200,1.017548,0.380603,-0.470922,0.808208,555733.49,624,54.3269
0.03000,0.04500,0.01400,1.017530,0.374470,-0.444272,0.842884,525752.31,624,53.3654
0.10000,0.11000,0.00800,1.017470,0.429086,-0.555838,0.771963,854272.30,624,41.9872
0.10000,0.04500,0.01600,1.017375,0.398340,-0.448512,0.888136,651522.95,624,49.1987
0.07500,0.11500,0.01100,1.017373,0.424972,-0.516958,0.822062,824133.62,624,43.2692
0.09500,0.03500,0.00200,1.017346,0.405480,-0.491315,0.825295,694199.16,624,46.7949
0.10000,0.10000,0.00700,1.017309,0.428105,-0.553571,0.773351,846994.18,624,41.9872
0.09000,0.09500,0.02000,1.017304,0.424474,-0.534305,0.794442,820558.79,624,47.2756
0.07500,0.08000,0.01400,1.017261,0.413836,-0.522751,0.791650,747399.43,624,44.8718
0.10000,0.12500,0.00900,1.017210,0.431207,-0.557132,0.773977,870204.09,624,42.1474
0.09500,0.10000,0.00800,1.017208,0.426799,-0.554949,0.769078,837393.90,624,42.3077
0.10000,0.03500,0.01300,1.017187,0.392870,-0.500676,0.784678,620476.84,624,50.0000
0.10000,0.04000,0.00300,1.017164,0.401618,-0.448390,0.895688,670808.02,624,45.6731
0.09000,0.04500,0.00100,1.017161,0.404536,-0.431412,0.937703,688415.47,624,44.5513
0.05500,0.02000,0.01500,1.017084,0.378424,-0.428553,0.883027,544905.05,624,56.0897
0.09500,0.08000,0.01800,1.016998,0.419941,-0.530433,0.791694,788611.28,624,46.3141
0.09500,0.09000,0.01000,1.016981,0.423567,-0.514983,0.822487,814072.03,624,43.1090
0.08500,0.04500,0.00500,1.016937,0.397641,-0.436045,0.911926,647478.03,624,45.8333
0.08500,0.08000,0.01000,1.016893,0.420181,-0.516035,0.814249,790274.47,624,43.4295
0.06500,0.05000,0.01300,1.016845,0.392047,-0.429920,0.911907,615926.41,624,47.4359
0.04000,0.03000,0.00700,1.016781,0.374265,-0.452643,0.826844,524776.24,624,52.7244
0.09500,0.09500,0.00800,1.016670,0.424934,-0.554931,0.765742,823859.82,624,42.4679
0.08500,0.10500,0.00300,1.016655,0.428761,-0.548146,0.782202,851855.07,624,40.3846
0.09500,0.03500,0.01200,1.016650,0.393215,-0.497071,0.791064,622396.70,624,49.1987
0.07000,0.04500,0.00500,1.016647,0.395675,-0.428675,0.923020,636224.82,624,46.1538
0.08500,0.03500,0.01700,1.016623,0.391111,-0.503568,0.776678,610784.26,624,52.2436
0.08500,0.14500,0.00800,1.016610,0.429380,-0.554925,0.773762,856462.92,624,42.1474
0.05000,0.04000,0.01600,1.016608,0.379133,-0.431363,0.878918,548406.73,624,51.7628
0.08500,0.13000,0.00200,1.016585,0.431017,-0.546734,0.788350,868767.13,624,39.9038
0.06500,0.04000,0.00700,1.016585,0.390336,-0.444003,0.879129,606560.81,624,47.9167
0.07000,0.15000,0.00900,1.016584,0.422507,-0.556231,0.759589,806551.23,624,42.9487
0.03000,0.02500,0.01400,1.016551,0.357527,-0.454712,0.786271,450479.71,624,58.4936
0.07500,0.11500,0.00900,1.016547,0.424934,-0.556231,0.763952,823862.11,624,42.6282
0.08500,0.15000,0.01300,1.016544,0.426234,-0.520819,0.818391,833275.44,624,43.5897
0.05500,0.02500,0.00300,1.016531,0.386414,-0.502485,0.769006,585585.27,624,51.1218
0.03000,0.03500,0.01000,1.016505,0.368530,-0.485954,0.758365,498139.95,624,54.1667
0.08000,0.04000,0.00400,1.016483,0.395564,-0.437664,0.903808,635594.87,624,46.4744
0.09000,0.10500,0.00300,1.016478,0.429870,-0.549818,0.781840,860131.04,624,40.2244
0.07000,0.15000,0.01100,1.016401,0.421890,-0.516940,0.816129,802203.25,624,43.5897
0.04000,0.03000,0.00300,1.016396,0.378904,-0.499989,0.757824,547275.17,624,51.7628
0.05000,0.04000,0.00800,1.016376,0.381973,-0.447476,0.853616,562644.29,624,49.0385
0.08500,0.08000,0.01400,1.016370,0.414839,-0.522784,0.793520,754035.63,624,44.7115
0.10000,0.10500,0.00400,1.016356,0.429730,-0.552946,0.777165,859081.05,624,40.5449
0.04500,0.03000,0.01700,1.016343,0.371231,-0.474515,0.782336,510523.58,624,55.2885
0.05500,0.04000,0.01700,1.016272,0.380335,-0.432491,0.879407,554395.51,624,52.0833
0.06000,0.02500,0.00400,1.016152,0.387487,-0.453876,0.853729,591256.44,624,50.6410
0.09500,0.05500,0.01400,1.016140,0.399362,-0.440940,0.905705,657480.01,624,46.4744
0.09500,0.12000,0.01300,1.016125,0.425481,-0.521791,0.815424,827813.42,624,43.4295
0.07500,0.08500,0.00900,1.016093,0.420005,-0.556207,0.755123,789054.21,624,43.2692
0.09500,0.08500,0.00900,1.016092,0.422006,-0.556231,0.758687,803017.71,624,42.9487
0.10000,0.13000,0.00900,1.016048,0.431007,-0.557135,0.773613,868688.23,624,42.1474
0.03000,0.04500,0.01300,1.016038,0.374801,-0.442498,0.847011,527332.05,624,53.0449
0.07000,0.14500,0.00900,1.015960,0.421994,-0.556241,0.758653,802933.22,624,42.9487
0.10000,0.14500,0.00200,1.015951,0.435409,-0.547671,0.795019,902566.55,624,39.4231
0.01500,0.02500,0.00900,1.015938,0.351508,-0.425136,0.826812,426220.68,624,61.8590
0.07000,0.09500,0.01000,1.015897,0.419180,-0.514958,0.814008,783364.26,624,43.4295
0.07000,0.14500,0.01100,1.015778,0.421381,-0.516957,0.815117,798632.24,624,43.5897
0.05000,0.02000,0.01400,1.015712,0.374386,-0.459696,0.814420,525352.43,624,56.0897
0.09500,0.09500,0.01800,1.015705,0.421446,-0.530448,0.794510,799092.63,624,46.1538
0.07000,0.08000,0.01000,1.015677,0.416518,-0.514961,0.808833,765253.32,624,43.7500
0.09500,0.13000,0.01000,1.015635,0.429899,-0.515941,0.833233,860345.03,624,42.4679
0.08000,0.08000,0.00200,1.015620,0.421326,-0.546745,0.770608,798249.01,624,40.8654
0.06500,0.05000,0.01500,1.015618,0.390863,-0.436776,0.894881,609431.86,624,48.2372
0.06500,0.05000,0.01800,1.015601,0.391601,-0.433806,0.902709,613470.45,624,49.3590
0.02500,0.02500,0.00600,1.015575,0.357257,-0.457976,0.780078,449366.28,624,57.6923
0.10000,0.05500,0.01400,1.015560,0.399030,-0.441102,0.904620,655540.04,624,46.4744
0.09000,0.12500,0.01900,1.015540,0.425487,-0.533331,0.797792,827853.57,624,45.8333
0.06000,0.02000,0.01400,1.015539,0.381820,-0.459751,0.830492,561866.74,624,54.9679
0.06000,0.04500,0.01800,1.015469,0.387977,-0.433888,0.894187,593866.44,624,50.8013
0.01500,0.06000,0.01100,1.015469,0.362239,-0.460504,0.786613,470350.74,624,60.7372
0.07500,0.08000,0.00200,1.015436,0.421120,-0.546763,0.770206,796812.18,624,40.8654
0.06500,0.02500,0.01700,1.015389,0.383573,-0.536718,0.714663,570812.45,624,55.1282
0.09500,0.13500,0.01900,1.015387,0.427398,-0.533337,0.801367,841789.55,624,45.8333
0.05500,0.04000,0.00800,1.015385,0.383995,-0.447552,0.857991,572988.10,624,48.7179
0.09000,0.12000,0.01900,1.015383,0.425081,-0.533308,0.797066,824923.37,624,45.8333
0.07000,0.14000,0.00900,1.015349,0.421498,-0.556231,0.757776,799457.48,624,42.9487
0.08500,0.09500,0.01300,1.015296,0.419789,-0.520823,0.806012,787566.65,624,44.0705
0.07500,0.04000,0.00300,1.015284,0.395791,-0.448449,0.882577,636884.51,624,45.9936
0.04000,0.03000,0.00100,1.015259,0.380977,-0.463939,0.821179,557612.72,624,51.9231
0.08000,0.04500,0.00800,1.015249,0.394547,-0.439461,0.897799,629848.71,624,46.6346
0.06000,0.05000,0.01900,1.015210,0.390246,-0.435164,0.896780,606073.86,624,49.6795
0.07000,0.14000,0.01100,1.015188,0.420896,-0.516941,0.814204,795244.43,624,43.5897
0.10000,0.13500,0.01100,1.015138,0.430500,-0.517920,0.831210,864863.83,624,42.7885
0.10000,0.15000,0.01900,1.015057,0.429177,-0.533320,0.804727,854952.12,624,45.6731
0.09500,0.11500,0.00700,1.015034,0.428997,-0.554457,0.773724,853607.98,624,41.6667
0.09000,0.12500,0.01000,1.015017,0.427731,-0.515953,0.829012,844238.87,624,42.6282
0.01500,0.04500,0.00300,1.014932,0.368784,-0.494841,0.745258,499292.86,624,60.2564
0.07000,0.10500,0.01400,1.014910,0.415334,-0.522781,0.794469,757325.22,624,44.5513
0.04000,0.04500,0.01300,1.014822,0.377349,-0.439558,0.858474,539637.19,624,50.6410
0.02000,0.03000,0.00500,1.014818,0.362704,-0.460454,0.787709,472354.35,624,58.3333
0.02500,0.04500,0.01900,1.014815,0.369699,-0.470487,0.785778,503463.09,624,56.7308
0.09000,0.12000,0.01000,1.014810,0.427336,-0.515952,0.828248,841332.25,624,42.6282
0.07000,0.13500,0.00900,1.014748,0.421010,-0.556227,0.756904,796044.37,624,42.9487
0.08500,0.14000,0.01900,1.014734,0.424059,-0.532367,0.796554,817583.56,624,45.9936
0.08500,0.04500,0.00400,1.014704,0.398398,-0.435012,0.915832,651858.80,624,45.5128
0.01500,0.05000,0.01200,1.014684,0.358003,-0.476611,0.751143,452454.29,624,60.0962
0.09500,0.10500,0.00400,1.014655,0.428511,-0.552932,0.774979,849999.77,624,40.5449
0.08500,0.11000,0.00700,1.014611,0.426083,-0.553568,0.769702,832176.22,624,41.9872
0.09000,0.14500,0.01500,1.014582,0.425059,-0.525671,0.808602,824763.29,624,44.5513
0.10000,0.03500,0.01900,1.014563,0.392563,-0.506545,0.774982,618776.81,624,52.0833
0.07000,0.13500,0.01100,1.014554,0.420390,-0.516929,0.813244,791724.80,624,43.5897
0.01500,0.05000,0.00900,1.014540,0.361060,-0.435057,0.829912,465304.00,624,59.9359
0.07500,0.10500,0.01400,1.014491,0.418138,-0.522764,0.799860,776228.79,624,44.2308
0.10000,0.10500,0.01800,1.014460,0.423397,-0.531410,0.796743,812862.24,624,45.8333
0.09000,0.14500,0.01800,1.014448,0.427045,-0.531419,0.803594,839198.77,624,45.6731
0.06000,0.02000,0.01300,1.014400,0.381939,-0.456009,0.837568,562469.53,624,54.6474
0.05000,0.02000,0.01200,1.014370,0.375345,-0.470958,0.796983,529938.54,624,54.8077
0.08500,0.15000,0.00700,1.014354,0.429135,-0.553569,0.775216,854640.14,624,41.8269
0.08500,0.12000,0.00200,1.014345,0.429079,-0.546746,0.784788,854222.01,624,39.9038
0.07500,0.05000,0.02000,1.014329,0.396314,-0.436074,0.908823,639860.89,624,50.0000
0.09000,0.11000,0.00700,1.014296,0.427020,-0.554452,0.770166,839014.11,624,41.8269
0.06000,0.04000,0.00800,1.014256,0.386509,-0.447522,0.863664,586084.77,624,48.2372
0.08500,0.12500,0.01000,1.014210,0.426253,-0.514974,0.827718,833416.15,624,42.7885
0.05000,0.04000,0.01200,1.014185,0.377564,-0.455703,0.828530,540687.71,624,49.8397
0.04000,0.02500,0.00300,1.014113,0.375758,-0.498373,0.753970,531922.04,624,52.8846
0.01500,0.06500,0.01900,1.014104,0.356186,-0.486071,0.732785,444968.78,624,61.6987
0.09000,0.10000,0.01800,1.014092,0.421871,-0.530475,0.795271,802072.14,624,45.9936
0.10000,0.09000,0.01900,1.014053,0.418482,-0.532387,0.786050,778581.64,624,46.3141
0.03500,0.02500,0.00900,1.014021,0.361707,-0.456598,0.792178,468068.08,624,55.1282
0.04500,0.04500,0.01200,1.013968,0.377544,-0.454860,0.830024,540591.23,624,49.5192
0.08500,0.12000,0.01000,1.013960,0.425826,-0.514976,0.826885,830309.09,624,42.7885
0.09500,0.12000,0.00200,1.013944,0.431597,-0.547679,0.788046,873157.32,624,39.5833
0.07000,0.13000,0.00900,1.013921,0.420369,-0.556216,0.755766,791580.17,624,42.9487
0.04500,0.02500,0.00100,1.013884,0.382640,-0.459955,0.831907,566036.80,624,52.0833
0.04500,0.03500,0.01400,1.013855,0.370430,-0.442799,0.836563,506821.63,624,52.7244
0.03000,0.03500,0.00900,1.013807,0.367633,-0.458347,0.802085,494086.93,624,53.5256
0.07000,0.13000,0.01100,1.013773,0.419776,-0.516915,0.812079,787473.69,624,43.5897
0.05500,0.02000,0.00900,1.013744,0.380929,-0.465540,0.818252,557371.69,624,53.2051
0.02000,0.04000,0.01900,1.013670,0.358471,-0.488193,0.734281,454398.80,624,59.4551
0.07500,0.09000,0.01100,1.013661,0.418999,-0.516938,0.810539,782119.09,624,43.7500
0.05000,0.02000,0.00700,1.013656,0.379629,-0.455270,0.833856,550871.56,624,53.0449
0.06500,0.03500,0.01400,1.013638,0.384231,-0.504154,0.762130,574205.53,624,51.1218
0.05000,0.03000,0.01800,1.013638,0.371718,-0.474042,0.784147,512790.18,624,54.8077
0.01500,0.05000,0.01500,1.013597,0.355476,-0.417203,0.852046,442075.21,624,61.3782
0.08000,0.04500,0.01200,1.013590,0.390694,-0.443953,0.880035,608511.03,624,47.4359
0.09000,0.11500,0.00200,1.013539,0.429698,-0.547678,0.784582,858839.18,624,39.7436
0.02000,0.02500,0.01200,1.013536,0.350865,-0.459646,0.763337,423701.70,624,60.2564
0.03500,0.03000,0.01600,1.013534,0.362290,-0.421724,0.859069,470571.39,624,56.7308
0.06500,0.03500,0.00800,1.013486,0.390518,-0.489804,0.797296,607553.23,624,49.1987
0.02000,0.04000,0.01100,1.013467,0.363622,-0.482784,0.753177,476333.65,624,58.0128
0.03000,0.04500,0.01100,1.013458,0.376265,-0.479981,0.783917,534371.16,624,52.7244
0.09000,0.10000,0.01300,1.013420,0.420435,-0.520830,0.807241,792037.88,624,43.9103
0.09500,0.05500,0.01300,1.013354,0.398620,-0.439873,0.906217,653153.91,624,45.9936
0.06500,0.10000,0.00100,1.013206,0.419901,-0.545920,0.769162,788334.67,624,40.8654
0.08500,0.08500,0.01100,1.013190,0.418236,-0.516936,0.809068,776901.00,624,43.7500
0.01500,0.04500,0.00500,1.013190,0.363844,-0.434564,0.837262,477302.83,624,60.2564
0.09500,0.08000,0.01000,1.013183,0.419435,-0.516049,0.812781,785119.44,624,43.1090
0.08500,0.12500,0.00200,1.013183,0.428461,-0.546749,0.783651,849628.16,624,39.9038
0.01500,0.08000,0.01900,1.013174,0.355642,-0.486071,0.731667,442752.16,624,61.6987
0.01500,0.08500,0.01900,1.013174,0.355642,-0.486071,0.731667,442752.16,624,61.6987
0.01500,0.09000,0.01900,1.013174,0.355642,-0.486071,0.731667,442752.16,624,61.6987
0.01500,0.09500,0.01900,1.013174,0.355642,-0.486071,0.731667,442752.16,624,61.6987
0.01500,0.10000,0.01900,1.013174,0.355642,-0.486071,0.731667,442752.16,624,61.6987
0.01500,0.10500,0.01900,1.013174,0.355642,-0.486071,0.731667,442752.16,624,61.6987
0.01500,0.11000,0.01900,1.013174,0.355642,-0.486071,0.731667,442752.16,624,61.6987
0.01500,0.11500,0.01900,1.013174,0.355642,-0.486071,0.731667,442752.16,624,61.6987
0.01500,0.12000,0.01900,1.013174,0.355642,-0.486071,0.731667,442752.16,624,61.6987
0.01500,0.12500,0.01900,1.013174,0.355642,-0.486071,0.731667,442752.16,624,61.6987
0.01500,0.13000,0.01900,1.013174,0.355642,-0.486071,0.731667,442752.16,624,61.6987
0.01500,0.13500,0.01900,1.013174,0.355642,-0.486071,0.731667,442752.16,624,61.6987
0.01500,0.14000,0.01900,1.013174,0.355642,-0.486071,0.731667,442752.16,624,61.6987
0.01500,0.14500,0.01900,1.013174,0.355642,-0.486071,0.731667,442752.16,624,61.6987
0.01500,0.15000,0.01900,1.013174,0.355642,-0.486071,0.731667,442752.16,624,61.6987
0.08500,0.11000,0.01800,1.013159,0.421012,-0.530477,0.793648,796055.04,624,45.9936
0.08500,0.05000,0.01000,1.013157,0.396855,-0.464574,0.854234,642955.34,624,46.1538
0.08500,0.14500,0.01500,1.013148,0.423076,-0.524742,0.806255,810582.81,624,44.7115
0.09500,0.10500,0.01500,1.013083,0.421212,-0.525703,0.801235,797453.37,624,44.7115
0.04000,0.04000,0.01700,1.013014,0.370082,-0.432574,0.855534,505222.00,624,53.5256
0.08000,0.09500,0.01100,1.012919,0.420676,-0.516924,0.813806,793712.99,624,43.5897
0.08500,0.15000,0.01800,1.012878,0.424086,-0.530467,0.799458,817776.07,624,45.8333
0.09500,0.10000,0.00700,1.012844,0.425183,-0.553552,0.768099,825657.11,624,41.9872
0.02000,0.02500,0.01100,1.012839,0.351583,-0.457254,0.768900,426516.48,624,60.7372
0.09000,0.08000,0.01400,1.012831,0.413696,-0.522771,0.791351,746476.95,624,44.5513
0.10000,0.05000,0.01700,1.012762,0.398195,-0.446940,0.890935,650682.53,624,48.8782
0.10000,0.10000,0.01300,1.012755,0.420558,-0.520828,0.807480,792896.52,624,43.7500
0.09000,0.08000,0.01000,1.012705,0.418470,-0.516047,0.810915,778498.35,624,43.2692
0.01000,0.02500,0.00400,1.012685,0.353580,-0.503736,0.701916,434434.92,624,66.0256
0.09500,0.05500,0.01900,1.012680,0.400772,-0.446390,0.897807,665782.47,624,48.3974
0.10000,0.05500,0.01300,1.012646,0.398206,-0.439989,0.905036,650748.06,624,45.9936
0.08000,0.15000,0.01100,1.012633,0.425428,-0.516938,0.822977,827426.77,624,43.1090
0.09500,0.10500,0.02000,1.012614,0.424241,-0.535233,0.792629,818886.08,624,46.9551
0.07000,0.12500,0.00900,1.012613,0.419376,-0.556238,0.753952,784716.64,624,42.9487
0.03000,0.04000,0.01500,1.012570,0.368053,-0.409630,0.898500,495979.96,624,54.1667
0.04000,0.02500,0.01800,1.012511,0.362919,-0.439505,0.825746,473286.89,624,57.0513
0.02000,0.03000,0.00300,1.012511,0.366351,-0.511703,0.715945,488349.84,624,57.6923
0.10000,0.11000,0.01800,1.012469,0.423248,-0.531413,0.796457,811799.99,624,45.8333
0.08000,0.03500,0.00300,1.012445,0.397603,-0.491642,0.808723,647256.66,624,47.1154
0.07000,0.12500,0.01100,1.012417,0.418759,-0.516947,0.810062,780475.49,624,43.5897
0.06000,0.04000,0.01300,1.012409,0.381925,-0.440276,0.867467,562400.54,624,49.8397
0.09500,0.14500,0.01500,1.012389,0.424729,-0.525681,0.807960,822388.32,624,44.5513
0.09500,0.09500,0.00700,1.012220,0.423318,-0.553565,0.764711,812296.75,624,42.1474
0.01500,0.05000,0.01400,1.012144,0.354283,-0.430777,0.822428,437253.59,624,61.0577
0.01000,0.07000,0.02000,1.012093,0.344439,-0.413529,0.832925,399266.57,624,65.8654
0.10000,0.05500,0.01900,1.012081,0.400416,-0.446678,0.896431,663673.84,624,48.3974
0.08500,0.13500,0.01900,1.012046,0.422004,-0.532389,0.792662,803008.44,624,45.9936
0.09500,0.11500,0.01800,1.011984,0.423320,-0.531399,0.796615,812315.60,624,45.8333
0.09000,0.06000,0.01100,1.011967,0.404034,-0.467990,0.863338,685352.89,624,45.5128
0.09500,0.05000,0.01700,1.011954,0.397717,-0.446946,0.889855,647917.97,624,48.8782
0.10000,0.05000,0.01600,1.011937,0.397853,-0.445904,0.892239,648700.87,624,48.0769
0.05500,0.02000,0.01100,1.011934,0.377966,-0.468125,0.807405,542657.32,624,54.6474
0.06500,0.03000,0.00600,1.011903,0.386571,-0.498475,0.775509,586415.58,624,49.3590
0.08500,0.09000,0.01000,1.011891,0.419527,-0.514965,0.814671,785754.73,624,43.2692
0.01500,0.07500,0.01900,1.011867,0.354998,-0.486071,0.730342,440139.12,624,61.6987
0.08000,0.03500,0.01200,1.011808,0.388649,-0.497061,0.781894,597456.59,624,49.3590
0.08000,0.15000,0.00900,1.011798,0.425350,-0.556238,0.764691,826867.52,624,42.4679
0.07500,0.06000,0.01100,1.011759,0.402307,-0.467923,0.859773,674929.68,624,45.8333
0.07000,0.08000,0.01900,1.011726,0.410199,-0.532362,0.770526,723799.73,624,46.7949
0.07500,0.09500,0.01100,1.011612,0.419137,-0.516948,0.810791,783071.74,624,43.5897
0.06000,0.04000,0.01800,1.011583,0.381185,-0.433419,0.879484,558662.29,624,51.7628
0.05500,0.02000,0.01400,1.011546,0.375714,-0.459846,0.817042,531708.96,624,55.6090
0.10000,0.10500,0.00500,1.011532,0.424983,-0.556063,0.764272,824219.52,624,41.0256
0.10000,0.04000,0.00400,1.011498,0.395139,-0.437512,0.903150,633189.57,624,46.1538
0.09500,0.13000,0.01900,1.011476,0.424441,-0.533317,0.795851,820319.27,624,45.8333
0.02000,0.03000,0.00200,1.011456,0.367572,-0.508679,0.722601,493811.27,624,57.8526
0.09500,0.04500,0.01200,1.011292,0.390945,-0.444242,0.880027,609878.22,624,47.2756
0.07000,0.10000,0.01000,1.011282,0.416965,-0.514972,0.809685,768270.86,624,43.2692
0.07000,0.09500,0.01400,1.011271,0.412125,-0.522761,0.788362,736211.52,624,44.7115
0.07000,0.12000,0.00900,1.011254,0.418360,-0.556211,0.752160,777744.46,624,42.9487
0.08000,0.09500,0.00900,1.011240,0.420113,-0.556239,0.755274,789802.16,624,42.9487
0.09500,0.15000,0.01300,1.011239,0.424936,-0.521780,0.814397,823875.54,624,43.2692
0.07000,0.11000,0.01900,1.011209,0.414093,-0.532356,0.777851,749097.57,624,46.3141
0.09000,0.14000,0.01400,1.011201,0.422039,-0.523753,0.805797,803250.54,624,43.9103
0.09500,0.05000,0.01600,1.011130,0.397376,-0.445757,0.891462,645949.40,624,48.0769
0.10000,0.03500,0.01500,1.011060,0.389032,-0.507668,0.766311,599511.35,624,50.6410
0.07000,0.12000,0.01100,1.011051,0.417738,-0.516943,0.808092,773506.41,624,43.5897
0.08000,0.03500,0.01800,1.011027,0.386872,-0.505010,0.766068,588001.63,624,52.2436
0.09500,0.09000,0.01400,1.010925,0.415439,-0.522784,0.794666,758026.15,624,44.3910
0.10000,0.10500,0.00300,1.010758,0.427023,-0.549801,0.776686,839033.53,624,40.0641
0.03500,0.02500,0.01000,1.010729,0.359455,-0.462034,0.777983,458516.30,624,55.7692
0.03500,0.03500,0.01500,1.010617,0.361095,-0.415175,0.869741,465454.38,624,54.6474
0.04000,0.02000,0.01000,1.010596,0.368476,-0.433266,0.850461,497895.55,624,55.4487
0.07000,0.03500,0.01600,1.010586,0.386122,-0.502083,0.769040,584054.54,624,51.7628
0.08500,0.08500,0.00900,1.010520,0.417094,-0.556231,0.749857,769139.58,624,43.1090
0.09000,0.09500,0.01800,1.010516,0.418061,-0.530446,0.788131,775705.30,624,46.1538
0.01000,0.02500,0.00500,1.010505,0.349658,-0.506841,0.689877,419012.31,624,66.0256
0.08500,0.11000,0.01300,1.010458,0.418845,-0.520843,0.804167,781062.55,624,43.7500
0.10000,0.02500,0.01600,1.010420,0.391500,-0.537896,0.727835,612915.27,624,53.8462
0.06500,0.02500,0.00600,1.010413,0.384235,-0.552199,0.695826,574223.12,624,50.6410
0.07500,0.09000,0.00900,1.010240,0.417388,-0.556228,0.750390,771131.64,624,43.1090
0.08500,0.13000,0.01900,1.010185,0.420567,-0.532372,0.789988,792958.41,624,45.9936
0.06500,0.04000,0.00100,1.010160,0.392489,-0.434040,0.904269,618367.47,624,45.8333
0.02500,0.02500,0.00800,1.010091,0.353096,-0.465269,0.758908,432505.05,624,58.3333
0.09500,0.03500,0.00500,1.010018,0.395261,-0.485191,0.814649,633876.62,624,47.5962
0.01500,0.05500,0.01000,1.010001,0.359149,-0.453021,0.792787,457233.22,624,60.0962
0.10000,0.12500,0.01100,1.009982,0.426135,-0.517931,0.822765,832557.43,624,42.7885
0.07500,0.09500,0.00900,1.009979,0.418618,-0.556229,0.752600,779508.91,624,42.9487
0.01000,0.06500,0.02000,1.009881,0.343312,-0.413529,0.830200,395118.42,624,65.8654
0.07000,0.08500,0.01100,1.009858,0.413865,-0.516946,0.800596,747593.61,624,44.0705
0.08500,0.09000,0.01400,1.009838,0.414047,-0.522766,0.792031,748791.78,624,44.5513
0.03500,0.04000,0.01000,1.009838,0.370433,-0.441791,0.838479,506834.57,624,51.7628
0.03500,0.02500,0.01400,1.009836,0.356892,-0.470651,0.758295,447864.77,624,57.2115
0.07000,0.11500,0.00900,1.009836,0.417320,-0.556215,0.750285,770671.72,624,42.9487
0.07500,0.04000,0.00400,1.009809,0.391660,-0.417475,0.938166,613797.46,624,46.4744
0.09000,0.14500,0.00700,1.009764,0.426874,-0.554449,0.769906,837944.12,624,41.6667
0.09500,0.10500,0.00500,1.009679,0.423696,-0.556084,0.761928,814991.97,624,41.0256
0.07000,0.11500,0.01100,1.009665,0.416717,-0.516932,0.806134,766596.31,624,43.5897
0.08500,0.14000,0.01400,1.009652,0.419993,-0.522777,0.803388,788973.75,624,44.0705
0.05000,0.04500,0.01000,1.009650,0.382414,-0.445596,0.858208,564884.81,624,49.0385
0.05000,0.02500,0.02000,1.009643,0.369561,-0.476846,0.775012,502835.92,624,57.3718
0.10000,0.12000,0.01400,1.009641,0.421079,-0.523754,0.803962,796520.81,624,43.7500
0.10000,0.09000,0.01100,1.009638,0.419272,-0.516945,0.811056,783995.21,624,43.4295
0.10000,0.14500,0.01000,1.009594,0.427541,-0.515975,0.828608,842837.01,624,42.3077
0.04500,0.02000,0.00600,1.009549,0.374676,-0.450713,0.831297,526734.79,624,53.0449
0.10000,0.04000,0.00500,1.009466,0.391951,-0.438840,0.893154,615399.36,624,46.3141
0.05500,0.02000,0.01300,1.009425,0.375351,-0.455943,0.823240,529965.89,624,55.2885
0.07500,0.03500,0.00300,1.009254,0.395385,-0.491661,0.804182,634578.76,624,47.1154
0.09000,0.11000,0.01300,1.009176,0.419184,-0.521806,0.803333,783393.62,624,43.5897
0.03500,0.03500,0.01000,1.009135,0.365251,-0.468421,0.779748,483471.18,624,53.5256
0.09500,0.08000,0.01400,1.009118,0.411947,-0.522791,0.787977,735057.39,624,44.3910
0.05500,0.02000,0.00800,1.009114,0.380167,-0.457842,0.830345,553551.66,624,52.8846
0.10000,0.08000,0.01900,1.009066,0.414983,-0.532363,0.779512,754991.66,624,46.3141
0.04500,0.02000,0.01700,1.009055,0.368418,-0.456205,0.807570,497629.12,624,57.6923
0.01500,0.04500,0.01700,1.009007,0.352604,-0.409725,0.860588,430548.92,624,62.0192
0.09500,0.10500,0.00300,1.008961,0.425755,-0.549816,0.774358,829793.28,624,40.0641
0.07000,0.08500,0.00900,1.008953,0.413833,-0.556232,0.743993,747381.54,624,43.4295
0.08500,0.05000,0.00900,1.008941,0.394616,-0.461406,0.855246,630233.80,624,45.8333
0.07000,0.05000,0.01200,1.008879,0.389220,-0.444425,0.875782,600522.15,624,46.3141
0.10000,0.13000,0.01100,1.008869,0.425965,-0.517932,0.822434,831318.70,624,42.7885
0.03500,0.03500,0.01200,1.008800,0.361983,-0.482869,0.749651,469253.84,624,53.3654
0.09000,0.09000,0.01000,1.008795,0.417730,-0.514974,0.811167,773455.64,624,43.2692
0.07500,0.03500,0.01800,1.008768,0.385008,-0.505015,0.762368,578230.64,624,52.2436
0.10000,0.06000,0.00900,1.008726,0.403419,-0.460505,0.876035,681624.13,624,44.7115
0.09000,0.04500,0.01200,1.008720,0.389185,-0.444026,0.876491,600335.44,624,47.2756
0.05000,0.03500,0.01000,1.008627,0.376712,-0.467299,0.806147,536537.21,624,51.1218
0.09000,0.13500,0.01400,1.008587,0.420043,-0.523738,0.802009,789319.00,624,43.9103
0.09500,0.12500,0.01000,1.008571,0.424773,-0.515941,0.823297,822704.20,624,42.4679
0.05500,0.04000,0.01300,1.008546,0.376412,-0.440307,0.854884,535080.27,624,50.3205
0.08500,0.14500,0.02000,1.008539,0.422988,-0.534285,0.791690,809954.46,624,46.9551
0.02500,0.03000,0.01400,1.008506,0.354106,-0.473587,0.747710,436541.28,624,58.6538
0.10000,0.05000,0.00800,1.008462,0.396886,-0.458125,0.866327,643135.82,624,45.3526
0.07500,0.03500,0.01200,1.008436,0.386378,-0.497044,0.777352,585397.54,624,49.3590
0.05000,0.02000,0.01100,1.008413,0.372563,-0.468092,0.795918,516738.97,624,55.1282
0.09500,0.14500,0.00700,1.008404,0.427192,-0.554453,0.770476,840276.97,624,41.5064
0.09500,0.03500,0.00300,1.008258,0.399531,-0.491723,0.812513,658471.08,624,46.7949
0.02500,0.04000,0.01900,1.008239,0.362240,-0.489007,0.740767,470355.86,624,57.2115
0.04000,0.04000,0.01200,1.008225,0.367876,-0.452986,0.812115,495182.93,624,50.9615
0.08000,0.03500,0.00500,1.008224,0.391750,-0.485152,0.807478,614289.21,624,47.9167
0.05000,0.03000,0.02000,1.008224,0.369316,-0.472072,0.782331,501716.45,624,55.6090
0.08000,0.04000,0.00500,1.008206,0.388562,-0.438896,0.885317,596991.72,624,46.6346
0.09500,0.10000,0.01300,1.008200,0.417645,-0.520844,0.801861,772872.85,624,43.7500
0.08000,0.03500,0.00400,1.008195,0.394079,-0.483617,0.814859,627222.73,624,47.5962
0.08500,0.11500,0.00200,1.008187,0.424736,-0.546771,0.776808,822437.50,624,39.9038
0.09000,0.05000,0.01000,1.008149,0.394477,-0.464601,0.849065,629452.91,624,45.9936
0.06500,0.04500,0.01800,1.008144,0.384620,-0.433903,0.886419,576216.77,624,50.6410
0.09500,0.09500,0.01300,1.007866,0.415851,-0.520831,0.798437,760778.40,624,43.9103
0.09500,0.05000,0.00800,1.007717,0.396456,-0.458115,0.865406,640671.28,624,45.3526
0.05000,0.02500,0.00500,1.007655,0.373289,-0.457489,0.815952,520152.38,624,51.9231
0.04500,0.02500,0.00300,1.007616,0.375633,-0.502314,0.747805,531322.16,624,52.0833
0.10000,0.03500,0.00800,1.007579,0.392753,-0.489822,0.801828,619828.31,624,48.2372
0.10000,0.10000,0.01900,1.007571,0.417991,-0.532354,0.785174,775225.68,624,45.9936
0.04500,0.04500,0.01500,1.007569,0.373629,-0.430500,0.867896,521761.55,624,50.9615
0.07500,0.05000,0.01300,1.007561,0.390052,-0.429915,0.907277,605020.69,624,46.9551
0.09500,0.09000,0.00200,1.007536,0.421914,-0.546768,0.771651,802373.73,624,40.2244
0.09000,0.14500,0.01300,1.007475,0.421021,-0.521793,0.806874,796122.16,624,43.4295
0.09500,0.06000,0.00900,1.007389,0.402618,-0.460505,0.874296,676794.63,624,44.7115
0.04500,0.02000,0.01000,1.007307,0.370519,-0.475498,0.779224,507234.36,624,54.8077
0.08500,0.09500,0.02000,1.007105,0.417466,-0.534249,0.781406,771658.56,624,47.2756
0.08500,0.13500,0.01400,1.007048,0.418013,-0.522765,0.799619,775377.39,624,44.0705
0.09000,0.08500,0.00100,1.007033,0.420937,-0.545392,0.771807,795535.14,624,40.2244
0.06000,0.02500,0.00500,1.007019,0.380037,-0.457612,0.830478,552901.90,624,50.8013
0.09500,0.14500,0.01800,1.006999,0.423239,-0.531407,0.796450,811739.04,624,45.6731
0.09500,0.03500,0.01800,1.006948,0.388746,-0.505041,0.769731,597974.03,624,52.0833
0.09000,0.09000,0.01400,1.006905,0.412397,-0.522762,0.788881,737982.62,624,44.5513
0.04000,0.02000,0.00600,1.006873,0.369689,-0.423684,0.872559,503419.76,624,53.6859
0.05000,0.02000,0.01300,1.006843,0.370436,-0.455946,0.812456,506851.27,624,55.7692
0.09000,0.14000,0.00900,1.006823,0.424000,-0.557115,0.761064,817163.75,624,42.3077
0.09000,0.13000,0.01400,1.006769,0.418627,-0.523719,0.799335,779573.68,624,43.9103
0.09500,0.04500,0.00800,1.006730,0.391817,-0.439478,0.891551,614657.57,624,46.3141
0.03500,0.04000,0.00900,1.006728,0.369221,-0.438383,0.842234,501280.13,624,51.2821
0.08000,0.14000,0.00100,1.006727,0.423927,-0.545384,0.777301,816642.80,624,39.7436
0.07500,0.05000,0.01800,1.006710,0.390024,-0.433733,0.899226,604868.73,624,48.8782
0.08500,0.10000,0.00800,1.006694,0.419127,-0.554919,0.755294,782999.89,624,42.4679
0.10000,0.09500,0.00200,1.006671,0.422947,-0.546742,0.773576,809664.66,624,40.0641
0.07500,0.11000,0.01100,1.006577,0.417703,-0.516948,0.808018,773271.18,624,43.2692
0.08000,0.08000,0.01000,1.006558,0.411851,-0.514976,0.799747,734433.76,624,43.5897
0.10000,0.11500,0.01000,1.006531,0.422680,-0.515956,0.819217,807773.58,624,42.4679
0.10000,0.09000,0.00900,1.006492,0.417767,-0.556220,0.751083,773705.34,624,42.7885
0.08500,0.12000,0.01900,1.006467,0.417586,-0.532369,0.784392,772472.62,624,45.9936
0.08500,0.14000,0.00900,1.006450,0.422811,-0.556233,0.760133,808704.87,624,42.4679
0.08500,0.11500,0.01000,1.006448,0.420534,-0.514987,0.816591,792727.84,624,42.7885
0.07500,0.08000,0.01000,1.006426,0.411674,-0.514953,0.799441,733290.91,624,43.5897
0.03500,0.03500,0.00900,1.006397,0.364380,-0.446260,0.816518,479642.91,624,52.8846
0.07000,0.09000,0.01900,1.006368,0.408989,-0.532366,0.768248,716101.00,624,46.6346
0.02000,0.03000,0.01300,1.006252,0.350567,-0.461935,0.758910,422541.03,624,59.7756
0.04500,0.04500,0.01800,1.006239,0.373276,-0.433616,0.860845,520093.14,624,52.2436
0.05000,0.04000,0.01700,1.006236,0.372883,-0.432870,0.861420,518240.61,624,52.4038
0.03000,0.03000,0.01700,1.006206,0.354737,-0.433716,0.817902,439082.65,624,58.4936
0.01500,0.07000,0.02000,1.006201,0.353419,-0.494529,0.714658,433790.05,624,62.1795
0.08500,0.12500,0.01900,1.006126,0.417573,-0.532352,0.784392,772383.93,624,45.9936
0.05000,0.04500,0.00900,1.006054,0.380729,-0.442101,0.861180,556365.26,624,48.5577
0.08000,0.10000,0.01100,1.006017,0.417528,-0.516915,0.807730,772083.02,624,43.4295
0.01500,0.03500,0.01600,1.005933,0.349898,-0.427225,0.819002,419940.29,624,62.1795
0.07000,0.03500,0.01700,1.005928,0.383020,-0.503526,0.760674,567975.16,624,52.4038
0.03500,0.02500,0.00200,1.005927,0.369564,-0.495220,0.746261,502846.01,624,54.1667
0.07000,0.10000,0.01400,1.005919,0.409531,-0.522743,0.783426,719538.83,624,44.5513
0.08500,0.14500,0.01300,1.005902,0.419049,-0.520817,0.804600,782467.40,624,43.5897
0.08000,0.05000,0.01400,1.005881,0.388434,-0.443620,0.875601,596305.29,624,47.2756
0.10000,0.12000,0.00900,1.005840,0.423372,-0.557111,0.759942,812684.28,624,42.1474
0.07500,0.11000,0.00900,1.005784,0.417678,-0.556230,0.750910,773102.31,624,42.6282
0.03000,0.02500,0.00900,1.005739,0.354272,-0.463342,0.764601,437207.85,624,56.2500
0.05500,0.04500,0.01400,1.005646,0.378286,-0.440717,0.858341,544227.13,624,49.8397
0.07000,0.05000,0.00800,1.005611,0.391695,-0.435686,0.899031,613990.12,624,45.9936
0.07000,0.15000,0.00100,1.005565,0.419182,-0.545942,0.767814,783376.52,624,40.2244
0.09000,0.10500,0.01500,1.005560,0.415972,-0.525690,0.791286,761587.01,624,44.7115
0.10000,0.04500,0.02000,1.005509,0.392711,-0.452774,0.867344,619594.33,624,50.9615
0.08000,0.13500,0.00100,1.005485,0.422934,-0.545397,0.775462,809574.25,624,39.7436
0.10000,0.09500,0.01900,1.005437,0.415152,-0.532366,0.779825,756112.88,624,46.1538
0.07500,0.04500,0.00800,1.005275,0.388770,-0.426360,0.911836,598106.77,624,46.6346
0.09500,0.12500,0.01900,1.005247,0.419892,-0.533339,0.787290,788277.38,624,45.8333
0.09500,0.14000,0.00900,1.005221,0.424177,-0.557123,0.761370,818429.40,624,42.1474
0.04500,0.03000,0.00100,1.005176,0.379176,-0.480682,0.788830,548622.48,624,50.9615
0.10000,0.09500,0.01000,1.005170,0.418081,-0.514982,0.811835,775841.29,624,42.9487
0.08500,0.13000,0.01400,1.005145,0.416545,-0.522770,0.796804,765439.41,624,44.0705
0.09000,0.10500,0.02000,1.005126,0.418978,-0.535192,0.782856,781979.16,624,46.9551
0.01500,0.05500,0.01800,1.005120,0.352120,-0.511098,0.688947,428632.39,624,61.6987
0.08000,0.13000,0.00100,1.005112,0.422564,-0.545398,0.774782,806956.53,624,39.7436
0.09500,0.11000,0.02000,1.005079,0.420437,-0.535211,0.785553,792051.33,624,46.9551
0.07500,0.03500,0.00500,1.005033,0.389564,-0.485188,0.802913,602376.37,624,47.9167
0.07000,0.14500,0.00100,1.004962,0.418684,-0.545938,0.766907,779960.28,624,40.2244
0.04000,0.02000,0.01500,1.004885,0.362272,-0.421299,0.859894,470495.17,624,57.3718
0.04000,0.02500,0.02000,1.004851,0.361234,-0.444235,0.813160,466048.24,624,58.1731
0.10000,0.11500,0.01900,1.004765,0.418749,-0.533315,0.785181,780405.05,624,45.8333
0.09500,0.10500,0.01800,1.004755,0.417133,-0.531376,0.785005,769403.70,624,45.8333
0.08000,0.10000,0.00900,1.004749,0.417199,-0.556217,0.750065,769851.51,624,42.7885
0.01500,0.04000,0.00800,1.004711,0.355705,-0.433919,0.819750,443009.27,624,60.4167
0.07500,0.03500,0.00400,1.004670,0.391679,-0.483622,0.809887,613898.36,624,47.5962
0.05500,0.02500,0.00100,1.004617,0.383028,-0.453362,0.844862,568018.18,624,50.8013
0.09000,0.11500,0.01900,1.004594,0.417690,-0.533299,0.783219,773180.54,624,45.8333
0.07500,0.05000,0.01500,1.004493,0.387878,-0.436814,0.887970,593336.82,624,47.7564
0.09500,0.04000,0.00200,1.004438,0.394592,-0.447996,0.880794,630101.75,624,45.5128
0.10000,0.08000,0.01100,1.004420,0.414155,-0.525201,0.788565,749503.01,624,43.4295
0.08500,0.10500,0.01500,1.004418,0.414135,-0.524740,0.789220,749374.84,624,44.8718
0.07000,0.14000,0.00100,1.004375,0.418203,-0.545920,0.766051,776672.66,624,40.2244
0.01500,0.03000,0.01600,1.004375,0.347932,-0.432745,0.804013,412385.52,624,62.8205
0.01000,0.07500,0.02000,1.004337,0.340622,-0.413529,0.823695,385374.48,624,65.8654
0.01000,0.08000,0.02000,1.004337,0.340622,-0.413529,0.823695,385374.48,624,65.8654
0.01000,0.08500,0.02000,1.004337,0.340622,-0.413529,0.823695,385374.48,624,65.8654
0.01000,0.09000,0.02000,1.004337,0.340622,-0.413529,0.823695,385374.48,624,65.8654
0.01000,0.09500,0.02000,1.004337,0.340622,-0.413529,0.823695,385374.48,624,65.8654
0.01000,0.10000,0.02000,1.004337,0.340622,-0.413529,0.823695,385374.48,624,65.8654
0.01000,0.10500,0.02000,1.004337,0.340622,-0.413529,0.823695,385374.48,624,65.8654
0.01000,0.11000,0.02000,1.004337,0.340622,-0.413529,0.823695,385374.48,624,65.8654
0.01000,0.11500,0.02000,1.004337,0.340622,-0.413529,0.823695,385374.48,624,65.8654
0.01000,0.12000,0.02000,1.004337,0.340622,-0.413529,0.823695,385374.48,624,65.8654
0.01000,0.12500,0.02000,1.004337,0.340622,-0.413529,0.823695,385374.48,624,65.8654
0.01000,0.13000,0.02000,1.004337,0.340622,-0.413529,0.823695,385374.48,624,65.8654
0.01000,0.13500,0.02000,1.004337,0.340622,-0.413529,0.823695,385374.48,624,65.8654
0.01000,0.14000,0.02000,1.004337,0.340622,-0.413529,0.823695,385374.48,624,65.8654
0.01000,0.14500,0.02000,1.004337,0.340622,-0.413529,0.823695,385374.48,624,65.8654
0.01000,0.15000,0.02000,1.004337,0.340622,-0.413529,0.823695,385374.48,624,65.8654
0.02000,0.03000,0.00400,1.004196,0.360074,-0.453597,0.793819,461125.78,624,57.8526
0.09000,0.05000,0.00900,1.004147,0.392357,-0.461404,0.850354,617637.09,624,45.6731
0.08000,0.12000,0.00100,1.004137,0.421550,-0.545374,0.772955,799817.33,624,39.7436
0.04500,0.03000,0.00300,1.004136,0.376083,-0.499433,0.753019,533489.77,624,50.8013
0.08000,0.02500,0.00600,1.004062,0.384793,-0.552173,0.696869,577113.25,624,50.0000
0.09000,0.09500,0.01000,1.004057,0.416786,-0.514971,0.809339,767060.84,624,43.1090
0.06500,0.09000,0.00100,1.004047,0.412914,-0.545933,0.756345,741352.51,624,41.0256
0.09500,0.14000,0.01400,1.004046,0.418603,-0.523719,0.799290,779408.69,624,43.7500
0.05500,0.02500,0.00400,1.004025,0.377734,-0.453844,0.832300,541520.07,624,51.2821
0.09500,0.11000,0.01500,1.003983,0.416368,-0.525690,0.792041,764250.04,624,44.7115
0.01500,0.05000,0.01300,1.003976,0.351704,-0.437272,0.804314,426995.09,624,60.7372
0.09000,0.11500,0.01000,1.003945,0.419874,-0.515950,0.813787,788148.34,624,42.6282
0.10000,0.14500,0.01900,1.003912,0.421473,-0.533291,0.790325,799280.45,624,45.6731
0.10000,0.08000,0.00900,1.003888,0.414336,-0.565998,0.732046,750701.04,624,42.7885
0.01000,0.03500,0.01900,1.003841,0.337986,-0.417605,0.809344,376041.96,624,65.7051
0.02000,0.02500,0.01400,1.003801,0.344446,-0.442326,0.778716,399294.34,624,61.2179
0.08500,0.14500,0.00700,1.003799,0.421920,-0.553548,0.762211,802418.63,624,41.8269
0.07000,0.13500,0.00100,1.003751,0.417701,-0.545939,0.765106,773257.71,624,40.2244
0.05500,0.03500,0.01100,1.003700,0.377341,-0.456557,0.826494,539600.00,624,51.1218
0.09500,0.03500,0.00400,1.003652,0.393640,-0.483590,0.813995,624761.86,624,47.2756
0.06500,0.02500,0.01500,1.003634,0.376861,-0.548427,0.687168,537262.43,624,54.1667
0.03000,0.02500,0.01000,1.003631,0.352723,-0.466776,0.755657,431019.07,624,56.8910
0.09000,0.09500,0.00200,1.003606,0.420429,-0.546735,0.768981,791997.62,624,40.2244
0.06500,0.05000,0.01100,1.003541,0.387502,-0.441349,0.877994,591337.93,624,47.1154
0.09500,0.03500,0.00700,1.003515,0.390973,-0.488273,0.800727,610033.87,624,48.3974
0.04000,0.03000,0.01300,1.003515,0.361190,-0.451348,0.800246,465858.75,624,54.4872
0.10000,0.11000,0.00700,1.003508,0.421137,-0.554455,0.759551,796926.36,624,41.6667
0.07500,0.04500,0.01200,1.003455,0.384890,-0.431873,0.891212,577621.26,624,47.4359
0.01500,0.06000,0.01900,1.003339,0.350571,-0.486071,0.721234,422557.13,624,61.6987
0.07500,0.05000,0.01100,1.003333,0.390505,-0.445865,0.875837,607477.62,624,46.6346
0.05000,0.03000,0.01900,1.003259,0.365383,-0.469965,0.777469,484056.94,624,54.8077
0.06000,0.02000,0.00700,1.003229,0.381549,-0.484864,0.786920,560499.43,624,51.9231
0.09500,0.10000,0.01900,1.003087,0.415122,-0.532393,0.779729,755915.07,624,45.9936
0.09000,0.12000,0.01400,1.003022,0.415635,-0.523749,0.793577,759337.50,624,43.9103
0.07000,0.13000,0.00100,1.002923,0.417061,-0.545928,0.763949,768920.47,624,40.2244
0.02000,0.02500,0.01300,1.002831,0.344601,-0.441248,0.780968,399866.93,624,60.8974
0.07000,0.11000,0.00900,1.002727,0.412656,-0.556205,0.741913,739666.31,624,42.9487
0.08000,0.14500,0.01100,1.002648,0.418696,-0.516934,0.809960,780044.62,624,43.1090
0.08000,0.04500,0.01700,1.002607,0.385366,-0.449435,0.857445,580096.84,624,50.1603
0.01000,0.06000,0.02000,1.002607,0.339785,-0.413529,0.821672,382388.55,624,65.8654
0.08000,0.03500,0.00700,1.002597,0.388179,-0.488269,0.795009,594940.15,624,48.7179
0.04000,0.02000,0.00900,1.002568,0.364929,-0.429731,0.849203,482052.87,624,54.4872
0.09000,0.12500,0.01400,1.002531,0.415531,-0.523726,0.793413,758643.36,624,43.9103
0.07000,0.11000,0.01100,1.002521,0.412042,-0.516940,0.797078,735670.28,624,43.5897
0.09500,0.13500,0.01400,1.002500,0.417425,-0.523750,0.796992,771379.99,624,43.7500
0.03500,0.03500,0.01300,1.002480,0.357851,-0.442870,0.808027,451822.45,624,54.1667
0.03000,0.02500,0.01300,1.002459,0.350713,-0.452946,0.774295,423111.46,624,58.1731
0.05500,0.02500,0.01900,1.002458,0.366451,-0.474894,0.771648,488795.29,624,55.9295
0.09000,0.03500,0.01200,1.002451,0.384720,-0.497096,0.773934,576735.90,624,49.1987
0.08000,0.12500,0.00100,1.002390,0.420524,-0.545421,0.771009,792660.46,624,39.7436
0.09500,0.12000,0.01000,1.002356,0.420395,-0.515959,0.814785,791761.81,624,42.4679
0.08500,0.09000,0.00200,1.002349,0.417629,-0.546747,0.763842,772763.98,624,40.3846
0.08500,0.10000,0.00700,1.002277,0.417483,-0.553563,0.754175,771778.26,624,42.1474
0.03000,0.02500,0.01100,1.002265,0.352556,-0.470426,0.749440,430359.16,624,57.6923
0.02000,0.04000,0.02000,1.002199,0.353418,-0.496602,0.711673,433788.58,624,60.0962
0.08500,0.14500,0.01800,1.002185,0.416874,-0.530449,0.785888,767653.67,624,45.8333
0.07000,0.10500,0.01900,1.002149,0.408269,-0.532381,0.766874,711556.29,624,46.3141
0.02000,0.03000,0.01400,1.002078,0.347811,-0.461792,0.753177,411925.32,624,60.0962
0.01500,0.04000,0.00700,1.001997,0.356129,-0.429421,0.829323,444735.96,624,60.4167
0.04000,0.03000,0.00400,1.001993,0.369306,-0.440700,0.837998,501668.08,624,51.9231
0.01000,0.03000,0.01900,1.001990,0.336031,-0.423270,0.793894,369254.83,624,66.1859
0.02000,0.03000,0.01200,1.001980,0.349558,-0.503181,0.694697,418624.70,624,58.9744
0.06000,0.02000,0.01800,1.001943,0.373863,-0.464620,0.804664,522867.28,624,56.4103
0.08000,0.08000,0.01900,1.001899,0.405232,-0.532353,0.761208,692675.28,624,46.6346
0.08000,0.04500,0.01600,1.001890,0.385291,-0.448284,0.859479,579703.88,624,49.3590
0.08000,0.14500,0.00900,1.001873,0.418647,-0.556228,0.752654,779708.93,624,42.4679
0.08500,0.10000,0.01500,1.001823,0.412388,-0.524739,0.785891,737919.44,624,44.8718
0.08000,0.02500,0.01700,1.001755,0.380463,-0.531783,0.715449,555035.55,624,54.4872
0.10000,0.11000,0.01300,1.001698,0.415416,-0.521807,0.796110,757872.72,624,43.4295
0.09500,0.03500,0.02000,1.001652,0.386260,-0.508109,0.760192,584777.96,624,52.8846
0.09500,0.11000,0.00800,1.001636,0.418711,-0.555828,0.753311,780149.54,624,41.9872
0.07000,0.12500,0.00100,1.001595,0.416055,-0.545900,0.762145,762146.52,624,40.2244
0.09500,0.11500,0.01300,1.001497,0.415601,-0.521774,0.796515,759108.30,624,43.4295
0.07500,0.10000,0.01100,1.001450,0.413826,-0.516924,0.800555,747336.68,624,43.4295
0.08500,0.12000,0.01400,1.001403,0.413576,-0.522786,0.791100,745690.85,624,44.0705
0.07500,0.04000,0.00500,1.001391,0.384635,-0.418641,0.918772,576297.72,624,46.6346
0.07000,0.04500,0.00700,1.001356,0.386982,-0.436109,0.887351,588580.86,624,46.7949
0.07500,0.08000,0.01900,1.001341,0.404793,-0.532361,0.760374,689987.36,624,46.6346
0.09000,0.13500,0.00900,1.001330,0.420198,-0.557129,0.754221,790397.30,624,42.3077
0.01500,0.04500,0.00100,1.001313,0.365163,-0.473680,0.770907,483086.73,624,60.5769
0.03500,0.02500,0.01100,1.001236,0.354731,-0.471259,0.752731,439060.15,624,56.4103
0.06000,0.04000,0.02000,1.001197,0.375891,-0.436188,0.861765,532565.51,624,52.7244
0.09000,0.14000,0.01100,1.001159,0.419956,-0.517919,0.810853,788717.28,624,42.9487
0.08500,0.04500,0.00700,1.001085,0.388597,-0.438417,0.886363,597177.99,624,46.4744
0.06000,0.04500,0.01300,1.001052,0.380027,-0.436813,0.870001,552855.69,624,48.8782
0.03000,0.04500,0.01900,1.001019,0.366364,-0.444352,0.824491,488405.00,624,54.6474
0.08500,0.12500,0.01400,1.001017,0.413531,-0.522765,0.791047,745397.10,624,44.0705
0.08500,0.13500,0.00900,1.001011,0.419050,-0.556239,0.753363,782470.16,624,42.4679
0.03000,0.04000,0.02000,1.001002,0.362694,-0.469671,0.772230,472311.42,624,56.2500
0.09500,0.13500,0.00900,1.000910,0.421231,-0.557133,0.756070,797587.90,624,42.1474
0.10000,0.10000,0.00200,1.000888,0.420164,-0.546749,0.768477,790158.02,624,39.9038
0.08500,0.10500,0.00800,1.000745,0.415550,-0.554917,0.748852,758770.83,624,42.3077
0.04000,0.04000,0.01000,1.000729,0.366708,-0.441814,0.830006,489939.18,624,50.9615
0.09000,0.15000,0.01000,1.000701,0.420593,-0.515971,0.815148,793135.39,624,42.4679
0.10000,0.15000,0.00900,1.000697,0.422594,-0.557096,0.758565,807166.95,624,41.9872
0.09500,0.14500,0.01300,1.000608,0.417733,-0.521768,0.800610,773471.76,624,43.2692
0.08500,0.14000,0.01100,1.000547,0.418634,-0.516937,0.809835,779619.22,624,43.1090
0.02500,0.03000,0.00800,1.000540,0.356443,-0.469470,0.759245,446020.73,624,56.5705
0.09500,0.11500,0.00200,1.000534,0.422301,-0.547640,0.771128,805095.58,624,39.5833
0.09000,0.04500,0.00800,1.000452,0.387754,-0.439518,0.882225,592676.05,624,46.3141
0.02000,0.03000,0.01800,1.000427,0.347275,-0.516291,0.672635,409888.96,624,60.8974
0.01500,0.02500,0.01700,1.000399,0.341374,-0.442414,0.771617,388077.43,624,63.7821
0.02000,0.03000,0.00900,1.000360,0.351822,-0.462344,0.760953,427458.31,624,58.6538
0.10000,0.06000,0.01400,1.000300,0.392987,-0.438479,0.896250,621125.48,624,46.3141
0.07500,0.10000,0.00900,1.000294,0.413576,-0.556235,0.743527,745690.01,624,42.7885
0.02500,0.02500,0.00700,1.000279,0.349546,-0.462016,0.756566,418576.64,624,58.1731
0.08500,0.09500,0.01800,1.000278,0.411105,-0.530443,0.775022,729613.71,624,46.1538
0.01500,0.06500,0.02000,1.000269,0.350186,-0.494529,0.708120,421057.19,624,62.1795
0.09000,0.10500,0.00800,1.000268,0.416246,-0.555827,0.748877,763425.49,624,42.1474
0.07000,0.12000,0.00100,1.000222,0.415031,-0.545932,0.760224,755310.09,624,40.2244
0.08000,0.08500,0.00100,1.000140,0.413483,-0.545362,0.758180,745079.45,624,40.3846
0.08000,0.03500,0.01900,1.000048,0.380019,-0.506547,0.750215,552816.01,624,52.2436
0.07500,0.02500,0.00600,1.000034,0.382114,-0.552188,0.692000,563360.45,624,50.0000
0.09000,0.15000,0.01900,1.000002,0.418132,-0.533326,0.784009,776191.93,624,45.6731
0.09000,0.03500,0.00200,0.999870,0.394357,-0.491254,0.802756,628778.51,624,46.7949
0.08500,0.15000,0.01000,0.999816,0.419104,-0.514975,0.813834,782842.55,624,42.6282
0.09000,0.10000,0.00200,0.999762,0.419019,-0.546762,0.766363,782257.41,624,40.0641
0.08500,0.10500,0.02000,0.999753,0.414053,-0.534277,0.774980,748834.84,624,47.1154
0.09500,0.12000,0.01900,0.999679,0.415954,-0.533305,0.779954,761466.30,624,45.8333
0.08000,0.10500,0.01100,0.999631,0.413817,-0.516920,0.800545,747277.89,624,43.2692
0.08500,0.11500,0.01900,0.999603,0.412838,-0.532375,0.775465,740856.63,624,45.9936
0.06000,0.04500,0.01500,0.999570,0.378721,-0.430371,0.879988,546374.02,624,49.5192
0.05500,0.04500,0.01900,0.999559,0.375179,-0.434919,0.862642,529140.75,624,51.2821
0.04000,0.03000,0.00900,0.999555,0.363304,-0.454105,0.800043,474953.52,624,52.8846
0.04000,0.02000,0.00800,0.999504,0.365086,-0.431700,0.845693,482744.76,624,54.3269
0.10000,0.10500,0.00800,0.999480,0.416488,-0.555844,0.749289,765052.83,624,41.9872
0.05000,0.03500,0.00900,0.999475,0.372508,-0.449334,0.829021,516479.33,624,50.4808
0.09500,0.04500,0.01700,0.999381,0.387449,-0.449703,0.861566,591054.03,624,50.0000
0.10000,0.15000,0.01400,0.999343,0.416988,-0.523762,0.796141,768428.78,624,43.5897
0.10000,0.03500,0.01400,0.999328,0.381574,-0.504163,0.756845,560622.61,624,50.3205
0.09500,0.04000,0.00300,0.999289,0.390994,-0.448596,0.871594,610144.82,624,45.6731
0.09500,0.08500,0.00100,0.999274,0.416833,-0.545390,0.764284,767380.31,624,40.0641
0.06500,0.05000,0.01400,0.999216,0.381296,-0.433301,0.879979,559221.02,624,47.7564
0.07500,0.03500,0.00700,0.999201,0.385866,-0.488285,0.790249,582713.04,624,48.7179
0.09000,0.10500,0.01800,0.999186,0.413139,-0.531401,0.777452,742822.11,624,45.8333
0.05500,0.04000,0.01800,0.999170,0.370754,-0.433478,0.855300,508317.57,624,52.0833
0.03000,0.02500,0.01200,0.999144,0.350054,-0.473251,0.739679,420546.41,624,57.2115
0.09500,0.06000,0.01400,0.998968,0.392206,-0.438479,0.894470,616803.40,624,46.3141
0.09000,0.04000,0.00200,0.998959,0.390760,-0.448123,0.871992,608869.26,624,45.5128
0.09000,0.03500,0.01800,0.998952,0.383635,-0.505031,0.759628,571133.16,624,52.0833
0.04000,0.04000,0.00900,0.998935,0.366165,-0.438244,0.835527,487518.76,624,50.4808
0.09500,0.04500,0.01600,0.998904,0.387492,-0.448512,0.863950,591285.06,624,49.1987
0.07000,0.11500,0.00100,0.998859,0.414022,-0.545904,0.758415,748624.17,624,40.2244
0.06500,0.03000,0.01600,0.998845,0.376762,-0.508432,0.741028,536780.48,624,53.2051
0.08000,0.11500,0.00100,0.998843,0.417830,-0.545380,0.766126,774133.91,624,39.7436
0.09000,0.13000,0.00900,0.998804,0.418247,-0.557127,0.750721,776976.95,624,42.3077
0.08000,0.10500,0.00900,0.998775,0.413729,-0.556216,0.743829,746700.56,624,42.6282
0.01500,0.08000,0.02000,0.998773,0.349389,-0.494529,0.706510,417974.09,624,62.1795
0.01500,0.08500,0.02000,0.998773,0.349389,-0.494529,0.706510,417974.09,624,62.1795
0.01500,0.09000,0.02000,0.998773,0.349389,-0.494529,0.706510,417974.09,624,62.1795
0.01500,0.09500,0.02000,0.998773,0.349389,-0.494529,0.706510,417974.09,624,62.1795
0.01500,0.10000,0.02000,0.998773,0.349389,-0.494529,0.706510,417974.09,624,62.1795
0.01500,0.10500,0.02000,0.998773,0.349389,-0.494529,0.706510,417974.09,624,62.1795
0.01500,0.11000,0.02000,0.998773,0.349389,-0.494529,0.706510,417974.09,624,62.1795
0.01500,0.11500,0.02000,0.998773,0.349389,-0.494529,0.706510,417974.09,624,62.1795
0.01500,0.12000,0.02000,0.998773,0.349389,-0.494529,0.706510,417974.09,624,62.1795
0.01500,0.12500,0.02000,0.998773,0.349389,-0.494529,0.706510,417974.09,624,62.1795
0.01500,0.13000,0.02000,0.998773,0.349389,-0.494529,0.706510,417974.09,624,62.1795
0.01500,0.13500,0.02000,0.998773,0.349389,-0.494529,0.706510,417974.09,624,62.1795
0.01500,0.14000,0.02000,0.998773,0.349389,-0.494529,0.706510,417974.09,624,62.1795
0.01500,0.14500,0.02000,0.998773,0.349389,-0.494529,0.706510,417974.09,624,62.1795
0.01500,0.15000,0.02000,0.998773,0.349389,-0.494529,0.706510,417974.09,624,62.1795
0.01000,0.02000,0.00200,0.998642,0.350162,-0.568617,0.615814,420966.41,624,67.3077
0.09000,0.11000,0.00200,0.998613,0.419486,-0.547652,0.765972,785471.59,624,39.7436
0.09000,0.09000,0.00200,0.998606,0.415454,-0.546748,0.759864,758129.14,624,40.3846
0.05500,0.02000,0.00700,0.998570,0.375475,-0.484818,0.774466,530563.11,624,52.5641
0.10000,0.09500,0.01400,0.998509,0.409953,-0.522787,0.784168,722227.91,624,44.2308
0.10000,0.12000,0.01100,0.998494,0.418273,-0.517924,0.807596,777151.35,624,42.7885
0.09500,0.13000,0.01400,0.998470,0.414511,-0.523736,0.791451,751861.15,624,43.7500
0.08500,0.13000,0.00900,0.998458,0.417089,-0.556247,0.749827,769108.39,624,42.4679
0.10000,0.14000,0.00100,0.998430,0.423356,-0.546307,0.774941,812571.25,624,39.1026
0.04500,0.03500,0.01100,0.998422,0.367433,-0.474214,0.774826,493188.42,624,52.0833
0.02000,0.02500,0.01800,0.998413,0.342081,-0.446680,0.765831,390633.71,624,62.0192
0.02500,0.03000,0.00300,0.998413,0.362153,-0.496660,0.729177,469981.90,624,55.4487
0.08500,0.10000,0.02000,0.998397,0.413139,-0.534273,0.773274,742826.56,624,47.1154
0.08500,0.08000,0.01900,0.998273,0.404424,-0.532377,0.759658,687732.23,624,46.4744
0.08000,0.03500,0.02000,0.998272,0.380152,-0.508026,0.748292,553476.48,624,53.0449
0.09500,0.03500,0.01300,0.998202,0.381920,-0.500634,0.762872,562375.17,624,50.0000
0.10000,0.06000,0.01100,0.998057,0.396311,-0.467973,0.846867,639846.51,624,45.3526
0.03000,0.04000,0.01000,0.998023,0.363242,-0.472838,0.768217,474683.95,624,52.5641
0.09500,0.14000,0.01100,0.997985,0.419126,-0.517913,0.809259,782996.63,624,42.7885
0.09000,0.08000,0.01900,0.997971,0.407475,-0.532373,0.765393,706574.02,624,46.3141
0.03500,0.04000,0.02000,0.997961,0.360970,-0.440744,0.819001,464921.42,624,55.2885
0.07500,0.02500,0.01700,0.997949,0.377918,-0.536692,0.704162,542421.84,624,54.4872
0.01500,0.04000,0.00400,0.997933,0.357968,-0.431716,0.829174,452306.05,624,60.2564
0.09500,0.15000,0.01000,0.997691,0.419848,-0.515947,0.813744,787974.82,624,42.3077
0.07500,0.03500,0.01900,0.997674,0.378111,-0.506530,0.746472,543366.75,624,52.2436
0.08500,0.09500,0.00200,0.997655,0.416134,-0.546757,0.761094,762674.78,624,40.2244
0.03500,0.02000,0.01600,0.997651,0.355600,-0.422666,0.841326,442581.60,624,58.6538
0.09000,0.09500,0.01400,0.997603,0.408722,-0.522789,0.781810,714413.50,624,44.3910
0.03500,0.04000,0.01500,0.997587,0.360616,-0.409552,0.880512,463418.51,624,53.0449
0.01500,0.07500,0.02000,0.997542,0.348785,-0.494529,0.705287,415646.91,624,62.1795
0.04500,0.02000,0.00900,0.997488,0.365893,-0.472144,0.774962,486313.96,624,53.8462
0.04500,0.04000,0.01600,0.997471,0.366396,-0.431620,0.848885,488547.83,624,52.0833
0.02500,0.02500,0.01700,0.997406,0.343194,-0.441560,0.777230,394685.76,624,61.2179
0.03000,0.04000,0.00900,0.997207,0.363202,-0.455680,0.797056,474511.00,624,52.0833
0.04000,0.03000,0.01400,0.997077,0.356566,-0.456242,0.781529,446527.01,624,54.8077
0.08500,0.09500,0.01000,0.997038,0.412002,-0.515001,0.800003,735415.73,624,43.1090
0.02500,0.03000,0.00700,0.996999,0.355921,-0.463469,0.767949,443886.75,624,56.4103
0.04000,0.02500,0.00400,0.996979,0.364768,-0.443397,0.822666,481345.87,624,52.8846
0.03000,0.02500,0.01800,0.996903,0.348677,-0.440814,0.790985,415233.43,624,59.2949
0.08500,0.10000,0.01300,0.996858,0.409463,-0.520820,0.786190,719109.52,624,43.9103
0.10000,0.11000,0.00200,0.996845,0.419481,-0.547645,0.765973,785437.32,624,39.5833
0.08500,0.11000,0.00200,0.996836,0.416966,-0.546766,0.762604,768276.33,624,39.9038
0.03500,0.03000,0.01700,0.996824,0.353013,-0.431978,0.817202,432172.24,624,57.0513
0.08000,0.05000,0.01900,0.996790,0.384418,-0.449278,0.855635,575171.79,624,48.8782
0.09500,0.06000,0.01100,0.996737,0.395525,-0.467973,0.845187,635372.94,624,45.3526
0.09000,0.04500,0.01700,0.996707,0.385449,-0.449825,0.856887,580529.27,624,50.0000
0.10000,0.06000,0.01900,0.996683,0.393994,-0.443901,0.887572,626742.98,624,48.2372
0.01500,0.05500,0.01100,0.996527,0.352668,-0.460504,0.765830,430802.26,624,60.7372
0.09500,0.10000,0.00200,0.996526,0.417308,-0.546755,0.763246,770591.49,624,39.9038
0.10000,0.05000,0.01000,0.996473,0.388400,-0.464565,0.836051,596122.15,624,45.8333
0.09500,0.11000,0.01800,0.996462,0.412884,-0.531400,0.776974,741159.32,624,45.8333
0.09000,0.04500,0.01600,0.996190,0.385463,-0.448318,0.859798,580601.37,624,49.1987
0.07500,0.03500,0.02000,0.996143,0.378371,-0.508019,0.744797,544646.90,624,53.0449
0.04500,0.03000,0.00400,0.996140,0.369960,-0.465624,0.794547,504661.87,624,51.1218
0.09500,0.13000,0.00900,0.996127,0.417743,-0.557105,0.749846,773540.39,624,42.1474
0.09000,0.10000,0.01000,0.996093,0.413085,-0.515000,0.802108,742472.76,624,42.9487
0.03000,0.02500,0.00200,0.996082,0.361604,-0.498557,0.725302,467628.90,624,55.1282
0.07000,0.09500,0.01900,0.996004,0.403467,-0.532335,0.757920,681917.62,624,46.4744
0.03500,0.02500,0.01200,0.995963,0.351147,-0.466605,0.752557,424806.84,624,55.9295
0.10000,0.13500,0.00100,0.995951,0.421563,-0.546292,0.771681,799910.10,624,39.1026
0.03000,0.04000,0.01300,0.995942,0.360162,-0.445307,0.808795,461495.25,624,53.5256
0.02500,0.03000,0.00200,0.995861,0.362348,-0.493975,0.733535,470823.37,624,55.4487
0.09500,0.05000,0.01000,0.995827,0.388032,-0.464568,0.835253,594159.10,624,45.8333
0.09000,0.15000,0.00200,0.995802,0.420818,-0.547680,0.768364,794702.49,624,39.5833
0.01500,0.05000,0.01000,0.995689,0.351588,-0.464152,0.757484,426536.94,624,60.0962
0.09500,0.15000,0.00200,0.995677,0.422014,-0.547676,0.770554,803078.41,624,39.4231
0.09500,0.03500,0.01900,0.995659,0.381647,-0.506587,0.753369,560991.65,624,52.0833
0.09000,0.13500,0.01100,0.995631,0.416145,-0.517944,0.803455,762751.29,624,42.9487
0.08500,0.05000,0.02000,0.995587,0.386383,-0.450133,0.858376,585426.22,624,49.8397
0.03500,0.02500,0.01300,0.995573,0.349998,-0.451513,0.775166,420327.13,624,56.8910
0.04500,0.02500,0.00400,0.995495,0.367312,-0.468266,0.784410,492644.26,624,52.2436
0.02500,0.03000,0.01800,0.995455,0.347942,-0.527137,0.660060,412422.67,624,59.4551
0.09500,0.11000,0.00700,0.995399,0.415740,-0.554457,0.749815,760040.02,624,41.6667
0.09500,0.06000,0.01900,0.995344,0.393203,-0.443901,0.885789,622325.30,624,48.2372
0.06000,0.02000,0.02000,0.995297,0.372301,-0.480882,0.774205,515512.11,624,57.5321
0.07000,0.05000,0.01700,0.995285,0.382414,-0.432557,0.884077,564884.45,624,49.1987
0.08500,0.13500,0.01100,0.995061,0.414858,-0.516947,0.802515,754158.80,624,43.1090
0.08500,0.10500,0.00700,0.994980,0.412990,-0.553551,0.746075,741851.83,624,41.9872
0.08000,0.03000,0.00600,0.994942,0.380705,-0.498509,0.763688,556248.28,624,48.7179
0.04500,0.02000,0.00800,0.994915,0.366255,-0.474263,0.772261,487920.20,624,53.6859
0.01500,0.02000,0.00800,0.994891,0.340487,-0.397584,0.856389,384890.95,624,63.1410
0.10000,0.04500,0.01800,0.994870,0.384857,-0.450715,0.853881,577447.53,624,49.8397
0.09500,0.09000,0.01900,0.994842,0.406229,-0.532388,0.763033,698822.77,624,46.3141
0.01000,0.05500,0.02000,0.994809,0.336334,-0.403126,0.834314,370296.67,624,65.8654
0.09000,0.10500,0.00700,0.994772,0.413839,-0.554443,0.746406,747423.98,624,41.8269
0.06500,0.04500,0.01300,0.994741,0.377212,-0.436929,0.863325,538967.72,624,48.7179
0.01500,0.04000,0.00200,0.994629,0.359145,-0.511699,0.701867,457214.93,624,60.5769
0.08500,0.11500,0.01400,0.994602,0.408884,-0.522777,0.782139,715439.63,624,44.0705
0.10000,0.10000,0.01000,0.994592,0.412532,-0.514963,0.801090,738857.16,624,42.7885
0.06500,0.03500,0.00100,0.994499,0.386219,-0.491902,0.785153,584559.97,624,47.1154
0.06500,0.04000,0.01600,0.994407,0.373949,-0.431439,0.866747,523273.88,624,50.4808
0.03000,0.03500,0.01100,0.994328,0.357689,-0.493717,0.724483,451153.85,624,54.6474
0.06500,0.04000,0.01700,0.994267,0.373496,-0.432721,0.863133,521129.61,624,51.2821
0.04500,0.03000,0.01500,0.994221,0.359421,-0.457920,0.784899,458373.48,624,54.3269
0.04000,0.02000,0.01400,0.994179,0.357141,-0.434715,0.821552,448887.94,624,56.8910
0.07000,0.05000,0.01600,0.994115,0.381900,-0.431570,0.884909,562276.28,624,48.3974
0.09000,0.04000,0.00300,0.994068,0.387309,-0.448508,0.863550,590312.91,624,45.6731
0.08500,0.09000,0.01900,0.994020,0.405123,-0.532352,0.761005,692003.53,624,46.3141
0.09000,0.05000,0.02000,0.994000,0.388416,-0.450286,0.862599,596210.71,624,49.6795
0.09000,0.12500,0.00900,0.993997,0.414703,-0.557120,0.744370,753131.42,624,42.3077
0.09000,0.14500,0.00200,0.993961,0.419341,-0.547686,0.765659,784471.21,624,39.5833
0.07500,0.10500,0.01100,0.993923,0.409313,-0.516926,0.791822,718159.11,624,43.2692
0.09500,0.14500,0.00200,0.993803,0.420514,-0.547682,0.767806,792588.29,624,39.4231
0.03000,0.02000,0.01600,0.993802,0.351065,-0.406969,0.862632,424484.14,624,59.7756
0.09500,0.13500,0.01100,0.993791,0.416271,-0.517910,0.803750,763594.28,624,42.7885
0.09000,0.12000,0.00900,0.993748,0.414294,-0.557115,0.743643,750426.40,624,42.3077
0.07000,0.10500,0.00900,0.993736,0.406823,-0.556213,0.731415,702507.42,624,42.9487
0.02000,0.03000,0.01900,0.993734,0.342986,-0.490656,0.699035,393925.67,624,60.8974
0.04500,0.03000,0.00800,0.993712,0.365346,-0.496790,0.735413,483890.15,624,51.9231
0.10000,0.15000,0.01100,0.993659,0.417661,-0.517901,0.806449,772982.74,624,42.6282
0.08500,0.12500,0.00900,0.993620,0.413539,-0.556227,0.743472,745449.80,624,42.4679
0.08500,0.11000,0.01000,0.993569,0.411771,-0.514981,0.799585,733917.70,624,42.7885
0.09500,0.04000,0.00400,0.993562,0.384617,-0.437387,0.879353,576203.37,624,46.1538
0.07000,0.10500,0.01100,0.993496,0.406190,-0.516959,0.785730,698581.87,624,43.5897
0.01500,0.03500,0.00700,0.993478,0.350394,-0.432439,0.810275,421867.52,624,60.7372
0.08000,0.03500,0.01300,0.993438,0.377481,-0.500637,0.754000,540280.44,624,50.1603
0.08500,0.12000,0.00900,0.993360,0.413121,-0.556238,0.742704,742704.27,624,42.4679
0.09000,0.11000,0.01000,0.993337,0.412599,-0.515963,0.799669,739298.55,624,42.6282
0.04500,0.02500,0.01800,0.993322,0.356888,-0.481368,0.741404,447847.00,624,56.4103
0.08500,0.10500,0.01800,0.993307,0.407952,-0.530452,0.769064,709561.18,624,45.9936
0.04500,0.04500,0.01100,0.993270,0.369253,-0.451968,0.816988,501426.26,624,50.0000
0.07500,0.04500,0.01700,0.993242,0.379815,-0.432864,0.877445,551795.22,624,50.1603
0.07000,0.10000,0.01900,0.993237,0.402534,-0.532361,0.756131,676290.77,624,46.3141
0.09000,0.13000,0.01100,0.993144,0.414233,-0.517911,0.799815,750021.63,624,42.9487
0.07500,0.10500,0.00900,0.993109,0.409272,-0.556241,0.735782,717894.43,624,42.6282
0.05000,0.02500,0.01900,0.993106,0.358472,-0.474905,0.754828,454402.23,624,56.4103
0.04000,0.02000,0.00700,0.993038,0.362731,-0.428175,0.847155,472472.34,624,54.1667
0.03000,0.04000,0.01800,0.992967,0.358299,-0.487137,0.735520,453682.09,624,55.1282
0.02500,0.02500,0.01500,0.992905,0.341051,-0.421226,0.809663,386913.77,624,60.5769
0.08000,0.09000,0.00100,0.992902,0.410515,-0.545361,0.752740,725824.19,624,40.2244
0.01000,0.02000,0.00100,0.992900,0.348466,-0.533024,0.653754,414424.79,624,67.9487
0.06000,0.04500,0.01900,0.992875,0.375062,-0.434752,0.862703,528578.56,624,50.8013
0.07500,0.04500,0.01600,0.992852,0.379903,-0.431690,0.880037,552237.65,624,49.3590
0.06500,0.04500,0.01500,0.992811,0.375658,-0.430436,0.872737,531440.81,624,49.3590
0.01500,0.04000,0.00300,0.992797,0.356510,-0.499484,0.713757,446297.12,624,60.2564
0.10000,0.05000,0.00900,0.992784,0.386461,-0.461399,0.837586,585837.02,624,45.5128
0.07500,0.03000,0.00600,0.992780,0.379092,-0.498480,0.760495,548205.02,624,48.7179
0.01000,0.02000,0.01800,0.992720,0.328265,-0.441255,0.743936,343389.21,624,67.3077
0.08500,0.13000,0.01100,0.992557,0.412939,-0.516928,0.798833,741516.24,624,43.1090
0.07000,0.09000,0.01100,0.992545,0.403943,-0.516960,0.781381,684800.05,624,43.9103
0.09000,0.11500,0.01400,0.992502,0.408595,-0.523720,0.780177,713609.89,624,43.9103
0.07000,0.04500,0.00100,0.992496,0.385918,-0.425810,0.906315,582982.43,624,44.8718
0.09500,0.15000,0.01900,0.992471,0.414289,-0.533304,0.776834,750389.87,624,45.6731
0.09000,0.03500,0.00500,0.992402,0.384284,-0.485151,0.792092,574478.62,624,47.5962
0.07500,0.08500,0.00100,0.992288,0.408293,-0.545404,0.748606,711707.51,624,40.3846
0.10000,0.12500,0.00100,0.992261,0.418258,-0.546290,0.765634,777049.82,624,39.1026
0.01500,0.04500,0.01500,0.992199,0.344391,-0.417230,0.825421,399089.77,624,61.3782
0.07000,0.09000,0.00900,0.992056,0.404149,-0.556226,0.726592,686056.86,624,43.2692
0.09500,0.05000,0.00900,0.992018,0.386013,-0.461431,0.836557,583483.25,624,45.5128
0.07500,0.15000,0.00100,0.992006,0.413223,-0.545366,0.757698,743376.35,624,39.7436
0.09500,0.02500,0.01600,0.991978,0.380576,-0.537877,0.707552,555599.59,624,53.8462
0.08500,0.10000,0.01800,0.991978,0.407071,-0.530443,0.767416,704052.71,624,45.9936
0.09000,0.09000,0.01900,0.991934,0.404034,-0.532381,0.758919,685353.75,624,46.3141
0.02000,0.03000,0.00100,0.991933,0.359168,-0.475818,0.754843,457312.15,624,57.8526
0.09500,0.12500,0.01400,0.991933,0.409907,-0.523720,0.782684,721938.15,624,43.7500
0.09500,0.03500,0.01500,0.991872,0.378023,-0.507693,0.744589,542935.49,624,50.6410
0.03500,0.04000,0.01100,0.991862,0.361135,-0.446931,0.808033,465624.14,624,52.2436
0.07000,0.11000,0.00100,0.991808,0.409369,-0.545917,0.749874,718510.80,624,40.2244
0.09500,0.04000,0.00500,0.991745,0.381615,-0.438535,0.870203,560828.98,624,46.3141
0.09000,0.11000,0.01900,0.991745,0.409088,-0.533288,0.767105,716729.39,624,45.8333
0.01500,0.03500,0.00800,0.991649,0.347767,-0.437096,0.795632,411756.85,624,60.7372
0.04000,0.03000,0.01200,0.991586,0.356064,-0.464071,0.767262,444469.11,624,53.3654
0.10000,0.03000,0.00600,0.991493,0.381570,-0.498559,0.765346,560605.64,624,48.3974
0.09500,0.09500,0.00200,0.991435,0.412863,-0.546733,0.755147,741021.74,624,40.0641
0.07500,0.14500,0.00100,0.991364,0.412705,-0.545376,0.756734,739986.87,624,39.7436
0.02500,0.03000,0.01200,0.991336,0.347980,-0.513184,0.678080,412567.74,624,57.2115
0.08000,0.02500,0.01500,0.991324,0.374385,-0.543625,0.688681,525345.70,624,53.5256
0.06500,0.02500,0.01400,0.991269,0.369571,-0.544749,0.678424,502877.84,624,53.6859
0.09500,0.08000,0.01900,0.991136,0.403696,-0.532388,0.758274,683305.61,624,46.3141
0.04500,0.04500,0.01400,0.990949,0.364341,-0.441119,0.825946,479473.73,624,50.6410
0.09000,0.03500,0.00300,0.990925,0.388559,-0.491697,0.790242,596975.20,624,46.7949
0.10000,0.11500,0.01400,0.990918,0.408605,-0.523731,0.780180,713672.03,624,43.7500
0.08500,0.05000,0.01300,0.990862,0.381184,-0.442437,0.861556,558658.41,624,46.7949
0.09000,0.05000,0.01300,0.990803,0.381895,-0.442633,0.862781,562251.29,624,46.6346
0.07500,0.12000,0.00100,0.990749,0.411845,-0.545383,0.755149,734396.76,624,39.7436
0.07500,0.14000,0.00100,0.990738,0.412203,-0.545404,0.755775,736716.54,624,39.7436
0.06500,0.05000,0.01900,0.990729,0.377280,-0.435173,0.866964,539298.72,624,49.3590
0.08000,0.04500,0.02000,0.990727,0.380146,-0.452540,0.840029,553450.38,624,51.1218
0.03000,0.04000,0.01400,0.990643,0.356305,-0.446892,0.797295,445456.74,624,53.8462
0.01500,0.04000,0.00500,0.990581,0.351536,-0.437130,0.804191,426333.69,624,60.2564
0.03500,0.04000,0.01800,0.990561,0.356962,-0.458993,0.777707,448152.85,624,54.1667
0.08500,0.08000,0.01100,0.990524,0.403801,-0.525262,0.768760,683938.32,624,43.7500
0.09500,0.09000,0.01100,0.990510,0.406945,-0.516945,0.787212,703268.69,624,43.4295
0.10000,0.13000,0.00100,0.990371,0.417521,-0.546283,0.764294,772032.79,624,39.1026
0.04500,0.02000,0.01500,0.990346,0.358549,-0.436444,0.821524,454724.97,624,56.7308
0.01500,0.04500,0.00900,0.990280,0.348305,-0.437547,0.796040,413809.62,624,59.9359
0.07500,0.13000,0.00100,0.990271,0.411755,-0.545354,0.755024,733814.48,624,39.7436
0.04000,0.03000,0.00500,0.990230,0.360685,-0.444680,0.811111,463711.50,624,51.9231
0.10000,0.14500,0.00900,0.990207,0.415418,-0.557141,0.745624,757886.78,624,41.9872
0.06500,0.03000,0.01700,0.990184,0.371572,-0.511354,0.726644,512110.95,624,53.6859
0.01500,0.04500,0.01200,0.990181,0.345270,-0.478744,0.721199,402352.93,624,60.0962
0.01500,0.05000,0.01800,0.990158,0.344409,-0.521065,0.660972,399158.33,624,61.6987
0.07500,0.13500,0.00100,0.990150,0.411727,-0.545361,0.754962,733629.09,624,39.7436
0.09000,0.14500,0.01000,0.990116,0.413399,-0.515961,0.801221,744527.27,624,42.4679
0.09500,0.10000,0.01000,0.990066,0.409624,-0.514972,0.795430,720131.41,624,42.7885
0.07500,0.03500,0.01300,0.989962,0.375183,-0.500610,0.749451,529158.52,624,50.1603
0.09500,0.10500,0.00800,0.989903,0.410290,-0.555823,0.738166,724379.85,624,41.9872
0.08500,0.10500,0.01300,0.989877,0.405327,-0.520817,0.778252,693257.74,624,43.7500
0.09500,0.09500,0.01900,0.989876,0.405100,-0.532360,0.760952,691866.89,624,46.1538
0.09500,0.09500,0.01000,0.989860,0.408085,-0.514986,0.792421,710401.57,624,42.9487
0.05500,0.04000,0.02000,0.989849,0.366091,-0.435946,0.839762,487192.41,624,53.0449
0.10000,0.11000,0.01000,0.989782,0.411385,-0.515966,0.797309,731417.19,624,42.4679
0.07500,0.05000,0.01400,0.989765,0.379176,-0.433368,0.874951,548622.17,624,47.2756
0.08500,0.09500,0.01400,0.989624,0.403377,-0.522769,0.771615,681368.85,624,44.3910
0.01500,0.06000,0.02000,0.989613,0.344620,-0.494529,0.696865,399937.19,624,62.1795
0.03000,0.04000,0.01100,0.989591,0.359587,-0.480759,0.747956,459070.08,624,53.2051
0.05500,0.04000,0.01500,0.989550,0.365650,-0.430573,0.849218,485237.98,624,50.8013
0.05500,0.02500,0.00500,0.989480,0.367519,-0.457537,0.803255,493574.15,624,51.2821
0.06000,0.04000,0.01500,0.989400,0.368832,-0.430514,0.856726,499510.09,624,50.3205
0.02500,0.03000,0.01900,0.989397,0.344044,-0.501514,0.686010,397808.92,624,59.4551
0.06000,0.04000,0.01900,0.989371,0.368690,-0.435089,0.847389,498863.17,624,51.7628
0.07000,0.09500,0.01100,0.989315,0.402712,-0.516910,0.779075,677357.58,624,43.7500
0.08500,0.14500,0.01000,0.989273,0.411959,-0.514991,0.799936,735137.66,624,42.6282
0.01500,0.03500,0.00400,0.989262,0.352203,-0.471303,0.747297,428962.13,624,60.5769
0.01500,0.02500,0.01000,0.989211,0.338224,-0.427210,0.791704,376875.58,624,62.0192
0.02000,0.02500,0.00200,0.989180,0.352766,-0.530720,0.664693,431190.83,624,58.9744
0.07000,0.08000,0.01100,0.989165,0.400226,-0.516943,0.774216,662553.58,624,44.0705
0.07000,0.09500,0.00900,0.989143,0.403091,-0.556245,0.724664,679641.66,624,43.1090
0.09500,0.12500,0.00900,0.989046,0.412661,-0.557127,0.740693,739697.41,624,42.1474
0.10000,0.02500,0.01700,0.988998,0.378817,-0.541117,0.700064,546844.93,624,54.1667
0.07000,0.08500,0.00100,0.988915,0.404620,-0.545906,0.741189,688924.72,624,40.5449
0.09500,0.13000,0.01100,0.988911,0.412745,-0.517921,0.796926,740245.68,624,42.7885
0.09000,0.10000,0.01400,0.988780,0.404607,-0.522762,0.773979,688848.22,624,44.2308
0.08500,0.08000,0.00900,0.988766,0.403225,-0.566009,0.712399,680449.62,624,43.1090
0.09500,0.03500,0.00800,0.988758,0.381742,-0.489848,0.779307,561472.46,624,48.2372
0.06500,0.02500,0.00800,0.988739,0.371750,-0.565009,0.657954,512938.59,624,51.1218
0.10000,0.14500,0.01400,0.988738,0.409853,-0.523734,0.782561,721592.73,624,43.5897
0.09000,0.14500,0.01900,0.988737,0.410451,-0.533289,0.769660,725415.11,624,45.6731
0.01000,0.05000,0.02000,0.988662,0.333168,-0.405971,0.820670,359517.48,624,65.8654
0.07000,0.05000,0.01000,0.988633,0.381063,-0.442379,0.861395,558048.18,624,46.3141
0.09000,0.10500,0.01300,0.988560,0.405504,-0.521798,0.777129,694346.09,624,43.5897
0.01500,0.04000,0.01700,0.988523,0.341826,-0.412358,0.828955,389709.65,624,62.0192
0.09000,0.10000,0.01900,0.988420,0.405554,-0.532365,0.761797,694654.29,624,45.9936
0.01500,0.03500,0.00200,0.988354,0.354638,-0.531261,0.667539,438682.47,624,60.8974
0.09000,0.12500,0.01100,0.988351,0.410708,-0.517906,0.793015,727058.75,624,42.9487
0.10000,0.10500,0.01900,0.988336,0.406739,-0.533306,0.762675,701987.93,624,45.8333
0.07500,0.12500,0.00100,0.988330,0.410318,-0.545355,0.752387,724560.69,624,39.7436
0.08500,0.05000,0.01800,0.988250,0.380358,-0.448039,0.848938,554506.61,624,48.7179
0.08500,0.04500,0.00100,0.988172,0.384830,-0.431406,0.892037,577306.39,624,44.5513
0.08000,0.03500,0.00800,0.988165,0.379180,-0.489861,0.774056,548641.77,624,48.5577
0.08000,0.11000,0.00100,0.988145,0.410583,-0.545373,0.752848,726262.44,624,39.7436
0.09500,0.11500,0.01000,0.988135,0.410734,-0.515956,0.796064,727230.68,624,42.4679
0.08500,0.08500,0.00100,0.988112,0.406192,-0.545401,0.744758,698595.65,624,40.2244
0.09000,0.12000,0.01100,0.988102,0.410302,-0.517899,0.792243,724456.81,624,42.9487
0.09000,0.04000,0.00400,0.988095,0.380850,-0.437623,0.870269,556975.41,624,46.1538
0.03500,0.02500,0.00100,0.988075,0.362029,-0.455698,0.794451,469450.97,624,54.0064
0.03000,0.03000,0.01500,0.987968,0.345471,-0.433556,0.796831,403103.60,624,57.6923
0.10000,0.10000,0.01400,0.987837,0.404545,-0.522757,0.773868,688467.65,624,44.0705
0.03500,0.03500,0.01400,0.987804,0.349156,-0.443412,0.787430,417073.18,624,54.3269
0.06000,0.04500,0.01400,0.987762,0.371799,-0.440778,0.843507,513165.29,624,49.1987
0.02000,0.03000,0.01000,0.987742,0.345279,-0.490272,0.704261,402387.97,624,59.1346
0.08500,0.12500,0.01100,0.987720,0.409401,-0.516960,0.791941,718717.50,624,43.1090
0.10000,0.04000,0.01200,0.987672,0.374248,-0.446714,0.837780,524696.26,624,47.9167
0.09000,0.03500,0.02000,0.987645,0.377685,-0.508080,0.743356,541276.93,624,52.8846
0.08500,0.02500,0.01600,0.987561,0.373992,-0.528457,0.707706,523480.38,624,54.0064
0.04500,0.04000,0.01700,0.987514,0.360461,-0.432702,0.833045,462759.58,624,52.7244
0.08000,0.03500,0.01500,0.987512,0.373641,-0.507705,0.735941,521814.93,624,50.8013
0.09000,0.03500,0.01900,0.987482,0.376486,-0.506643,0.743100,535440.94,624,52.0833
0.08500,0.05000,0.01100,0.987421,0.381967,-0.467856,0.816421,562614.63,624,46.4744
0.08500,0.12000,0.01100,0.987418,0.408958,-0.516941,0.791113,715908.36,624,43.1090
0.08500,0.11000,0.01900,0.987385,0.404660,-0.532358,0.760128,689171.06,624,45.9936
0.09500,0.09000,0.00900,0.987371,0.405445,-0.556222,0.728927,693984.57,624,42.7885
0.07500,0.02500,0.01500,0.987356,0.371769,-0.548410,0.677903,513024.32,624,53.5256
0.08500,0.15000,0.01900,0.987261,0.407670,-0.532396,0.765727,707796.06,624,45.8333
0.09500,0.14500,0.01000,0.987224,0.412717,-0.515976,0.799878,740068.28,624,42.3077
0.10000,0.05000,0.02000,0.987210,0.385107,-0.450090,0.855622,578746.79,624,49.6795
0.04000,0.02500,0.01900,0.987173,0.349746,-0.442139,0.791032,419352.83,624,57.2115
0.03500,0.02000,0.01700,0.987165,0.349376,-0.424905,0.822245,417921.10,624,59.1346
0.07000,0.08000,0.00900,0.987142,0.399502,-0.556229,0.718233,658299.76,624,43.4295
0.09000,0.05000,0.01800,0.987138,0.382631,-0.448119,0.853861,565993.33,624,48.5577
0.09500,0.04500,0.02000,0.987123,0.381919,-0.452774,0.843509,562370.22,624,50.9615
0.10000,0.11500,0.00900,0.986991,0.410610,-0.557090,0.737062,726430.60,624,42.1474
0.04000,0.02000,0.01200,0.986867,0.354981,-0.440098,0.806595,440068.74,624,55.6090
0.01500,0.04500,0.01400,0.986704,0.341188,-0.433297,0.787423,387407.13,624,61.0577
0.10000,0.02500,0.00600,0.986685,0.378143,-0.553079,0.683706,543527.30,624,49.5192
0.08500,0.05000,0.01500,0.986593,0.378551,-0.444825,0.851011,545535.21,624,47.5962
0.10000,0.11000,0.01900,0.986573,0.406696,-0.533300,0.762604,701721.29,624,45.8333
0.09500,0.08000,0.01100,0.986566,0.402851,-0.525252,0.766966,678193.77,624,43.4295
0.09500,0.05000,0.02000,0.986500,0.384692,-0.450131,0.854622,576589.25,624,49.6795
0.09500,0.12000,0.01400,0.986345,0.406073,-0.523734,0.775343,697860.29,624,43.7500
0.10000,0.10500,0.00700,0.986285,0.409148,-0.554461,0.737921,717111.49,624,41.6667
0.07000,0.04000,0.00200,0.986245,0.379119,-0.447863,0.846507,548340.08,624,45.8333
0.05500,0.02000,0.01800,0.986244,0.361386,-0.464734,0.777620,466697.97,624,56.8910
0.09000,0.05000,0.01500,0.986225,0.379107,-0.444712,0.852478,548280.52,624,47.4359
0.09500,0.11500,0.01900,0.986195,0.406809,-0.533291,0.762827,702423.11,624,45.8333
0.09000,0.08000,0.01100,0.986115,0.401940,-0.525271,0.765205,672728.62,624,43.5897
0.09500,0.08000,0.00900,0.986107,0.403059,-0.565988,0.712134,679450.59,624,42.7885
0.07500,0.11500,0.00100,0.986069,0.408626,-0.545386,0.749241,713805.67,624,39.7436
0.09000,0.04000,0.00500,0.986027,0.377720,-0.438486,0.861419,541450.82,624,46.3141
0.09000,0.03500,0.00400,0.985974,0.382616,-0.483629,0.791137,565916.80,624,47.2756
0.01500,0.02500,0.01500,0.985905,0.334567,-0.417177,0.801979,364244.29,624,63.1410
0.06500,0.04000,0.00800,0.985886,0.372004,-0.447524,0.831250,514124.04,624,47.7564
0.01500,0.02000,0.00700,0.985872,0.337706,-0.397469,0.849640,375060.08,624,63.1410
0.09000,0.03500,0.00700,0.985847,0.380228,-0.488240,0.778771,553856.20,624,48.3974
0.06500,0.02500,0.01200,0.985837,0.367613,-0.537307,0.684177,493996.04,624,52.2436
0.08500,0.11500,0.00900,0.985818,0.407865,-0.556208,0.733295,709017.38,624,42.4679
0.01500,0.02500,0.01200,0.985745,0.336029,-0.432089,0.777684,369244.88,624,62.1795
0.09500,0.11000,0.01300,0.985704,0.405149,-0.521780,0.776474,692166.18,624,43.4295
0.08500,0.09000,0.01100,0.985587,0.403089,-0.516931,0.779774,679631.94,624,43.5897
0.04000,0.03000,0.01000,0.985577,0.355554,-0.457365,0.777397,442393.40,624,53.3654
0.03500,0.02500,0.01800,0.985520,0.345258,-0.443212,0.778992,402309.86,624,58.0128
0.04500,0.04000,0.01200,0.985499,0.359658,-0.448743,0.801478,459369.40,624,50.1603
0.02500,0.03000,0.02000,0.985322,0.342999,-0.509745,0.672883,393971.84,624,60.2564
0.06500,0.04500,0.01900,0.985180,0.371497,-0.434871,0.854271,511762.49,624,50.6410
0.01500,0.02000,0.00600,0.985147,0.337164,-0.402751,0.837153,373172.57,624,62.5000
0.10000,0.08000,0.00100,0.985069,0.407157,-0.545414,0.746511,704591.81,624,39.9038
0.07500,0.03500,0.01500,0.985047,0.371719,-0.507673,0.732201,512791.83,624,50.8013
0.07000,0.10000,0.00900,0.984916,0.401094,-0.556221,0.721106,667692.82,624,42.9487
0.04000,0.04000,0.01800,0.984800,0.355145,-0.455176,0.780236,440732.42,624,53.5256
0.07500,0.03500,0.00800,0.984794,0.376924,-0.489775,0.769585,537564.93,624,48.5577
0.09000,0.09500,0.01900,0.984777,0.401822,-0.532349,0.754809,672025.38,624,46.1538
0.04500,0.02500,0.02000,0.984689,0.354597,-0.485590,0.730240,438518.31,624,57.5321
0.07000,0.10000,0.01100,0.984632,0.400452,-0.516918,0.774691,663888.98,624,43.5897
0.09500,0.10500,0.00700,0.984539,0.407937,-0.554453,0.735748,709472.89,624,41.6667
0.08500,0.10000,0.00200,0.984388,0.408436,-0.546740,0.747040,712611.41,624,40.0641
0.09000,0.08000,0.00900,0.984248,0.401279,-0.565956,0.709029,668792.27,624,42.9487
0.04500,0.03000,0.00700,0.984229,0.361250,-0.493520,0.731987,466116.16,624,51.7628
0.09000,0.04500,0.02000,0.984185,0.379789,-0.452946,0.838486,551667.09,624,50.9615
0.04500,0.02000,0.01400,0.984183,0.355626,-0.468860,0.758490,442686.06,624,56.2500
0.07000,0.05000,0.00900,0.984126,0.378716,-0.439175,0.862336,546348.26,624,45.9936
0.09000,0.03500,0.01300,0.984074,0.373552,-0.500652,0.746131,521393.73,624,50.0000
0.01500,0.05500,0.01900,0.983895,0.341027,-0.486071,0.701599,386827.42,624,61.6987
0.10000,0.04500,0.01300,0.983872,0.375862,-0.445019,0.844598,532423.98,624,47.9167
0.09000,0.15000,0.01400,0.983829,0.405716,-0.523725,0.774674,695653.89,624,43.7500
0.10000,0.04000,0.00700,0.983818,0.376973,-0.445177,0.846792,537803.85,624,46.9551
0.04500,0.04500,0.01900,0.983674,0.360803,-0.434781,0.829850,464213.31,624,52.2436
0.04500,0.03000,0.00500,0.983605,0.360923,-0.469622,0.768539,464723.42,624,51.1218
0.02500,0.03000,0.00500,0.983556,0.350016,-0.467819,0.748186,420397.00,624,55.7692
0.10000,0.10500,0.01300,0.983538,0.402974,-0.521785,0.772298,678935.82,624,43.4295
0.04500,0.02000,0.00700,0.983431,0.361223,-0.470827,0.767209,466000.66,624,53.3654
0.09500,0.10000,0.01400,0.983378,0.401721,-0.522767,0.768452,671423.14,624,44.0705
0.08000,0.04000,0.00700,0.983375,0.374335,-0.440896,0.849032,525109.84,624,47.2756
0.01000,0.02500,0.02000,0.983231,0.326012,-0.430949,0.756498,336203.43,624,67.1474
0.04000,0.04000,0.01500,0.983225,0.354352,-0.430355,0.823396,437532.31,624,52.2436
0.09500,0.09500,0.01400,0.983079,0.400040,-0.522751,0.765260,661460.44,624,44.2308
0.10000,0.14500,0.01100,0.983060,0.410454,-0.517937,0.792477,725430.28,624,42.6282
0.10000,0.09500,0.00900,0.982936,0.404457,-0.556240,0.727128,687933.77,624,42.6282
0.09000,0.11500,0.00900,0.982916,0.406929,-0.557114,0.730423,703169.11,624,42.3077
0.07000,0.10500,0.00100,0.982911,0.403559,-0.545944,0.739195,682469.94,624,40.2244
0.01500,0.02500,0.00200,0.982869,0.348642,-0.547881,0.636346,415099.56,624,62.1795
0.09500,0.12000,0.00900,0.982842,0.408342,-0.557123,0.732948,712016.54,624,42.1474
0.08500,0.15000,0.00200,0.982831,0.410322,-0.546751,0.750474,724590.15,624,39.7436
0.07000,0.03500,0.00200,0.982810,0.379994,-0.491189,0.773620,552689.44,624,47.1154
0.10000,0.03500,0.00100,0.982798,0.386798,-0.478930,0.807631,587611.75,624,46.1538
0.09000,0.02500,0.01600,0.982758,0.374672,-0.537897,0.696550,526715.21,624,53.8462
0.04500,0.02000,0.01200,0.982599,0.356390,-0.481868,0.739601,445804.32,624,54.9679
0.04000,0.03000,0.01800,0.982595,0.349030,-0.462112,0.755292,416587.52,624,55.9295
0.08500,0.09000,0.00900,0.982493,0.401644,-0.556228,0.722086,670964.29,624,42.9487
0.09000,0.09000,0.01100,0.982461,0.401293,-0.516975,0.776234,668875.15,624,43.5897
0.04000,0.02500,0.00500,0.982348,0.354711,-0.447345,0.792925,438978.03,624,52.8846
0.03500,0.04000,0.01300,0.982307,0.353452,-0.433095,0.816107,433923.83,624,52.4038
0.08500,0.11000,0.01400,0.982253,0.400672,-0.522758,0.766457,665187.68,624,44.0705
0.08500,0.03500,0.01200,0.982229,0.372584,-0.497041,0.749604,516835.69,624,49.1987
0.09000,0.05000,0.01100,0.982200,0.379494,-0.467856,0.811134,550198.94,624,46.3141
0.08500,0.15000,0.01400,0.982196,0.403697,-0.522764,0.772234,683305.87,624,43.9103
0.01500,0.03500,0.00500,0.982118,0.345916,-0.474542,0.728947,404766.63,624,60.5769
0.08000,0.09500,0.00100,0.982062,0.404983,-0.545358,0.742599,691146.94,624,40.0641
0.01500,0.05000,0.01100,0.982036,0.345089,-0.471457,0.731963,401680.82,624,60.7372
0.04000,0.04000,0.01100,0.981959,0.356976,-0.446426,0.799629,448207.35,624,51.4423
0.08000,0.04000,0.01200,0.981944,0.369179,-0.446755,0.826357,501088.75,624,48.0769
0.04500,0.02500,0.00500,0.981935,0.357780,-0.472220,0.757656,451529.92,624,52.2436
0.09500,0.12500,0.01100,0.981828,0.407696,-0.517948,0.787138,707959.07,624,42.7885
0.01500,0.03500,0.00300,0.981740,0.349544,-0.534216,0.654312,418571.03,624,60.5769
0.10000,0.12000,0.00100,0.981683,0.410999,-0.546301,0.752331,728932.44,624,39.1026
0.09000,0.09500,0.00900,0.981635,0.403089,-0.556235,0.724673,679629.44,624,42.7885
0.08500,0.14500,0.00200,0.981605,0.409367,-0.546740,0.748741,718500.02,624,39.7436
0.04000,0.03000,0.02000,0.981581,0.348915,-0.440608,0.791896,416148.53,624,56.7308
0.07500,0.05000,0.01900,0.981578,0.375460,-0.434999,0.863129,530489.41,624,48.8782
0.04500,0.04500,0.01300,0.981540,0.360493,-0.439413,0.820396,462895.25,624,50.1603
0.07500,0.04500,0.02000,0.981531,0.374688,-0.436002,0.859373,526792.51,624,51.1218
0.07000,0.04000,0.00300,0.981473,0.375797,-0.448487,0.837922,532111.44,624,45.9936
0.05000,0.02000,0.00100,0.981371,0.369418,-0.443793,0.832411,502179.67,624,51.9231
0.09500,0.14500,0.01900,0.981305,0.406682,-0.533293,0.762587,701632.52,624,45.6731
0.03000,0.02000,0.01700,0.981134,0.343765,-0.414025,0.830301,396782.02,624,60.2564
0.08000,0.02500,0.00800,0.981122,0.371514,-0.560353,0.663000,511839.39,624,50.4808
0.09500,0.11000,0.00200,0.981099,0.409147,-0.547649,0.747097,717103.56,624,39.5833
0.06500,0.04500,0.01400,0.981080,0.368792,-0.440769,0.836701,499328.29,624,49.0385
0.06500,0.02500,0.01300,0.981059,0.364293,-0.540993,0.673378,479263.58,624,53.2051
0.09000,0.11000,0.01400,0.980929,0.401007,-0.523750,0.765646,667174.97,624,43.9103
0.01500,0.03000,0.00800,0.980877,0.341167,-0.439654,0.775989,387329.88,624,61.2179
0.03500,0.03000,0.00200,0.980873,0.358088,-0.485297,0.737875,452807.74,624,52.8846
0.02500,0.03000,0.00400,0.980783,0.351108,-0.460223,0.762910,424655.37,624,55.4487
0.04500,0.03000,0.01300,0.980765,0.353575,-0.490100,0.721433,434412.94,624,53.5256
0.07500,0.09500,0.00100,0.980694,0.403473,-0.545408,0.739763,681950.37,624,40.0641
0.06500,0.04000,0.01300,0.980532,0.365864,-0.440239,0.831059,486185.87,624,49.3590
0.10000,0.10500,0.00200,0.980442,0.407904,-0.547627,0.744858,709262.49,624,39.5833
0.10000,0.05000,0.01800,0.980390,0.379395,-0.448191,0.846503,549709.19,624,48.5577
0.05500,0.02000,0.02000,0.980371,0.360231,-0.480826,0.749191,461786.94,624,58.0128
0.08000,0.08000,0.01100,0.980236,0.395675,-0.516920,0.765447,636221.74,624,43.9103
0.09500,0.03500,0.01400,0.980113,0.370644,-0.504155,0.735178,507809.69,624,50.3205
0.04000,0.02000,0.01300,0.980074,0.350582,-0.424210,0.826436,422599.91,624,56.5705
0.07500,0.08000,0.01100,0.980006,0.395450,-0.516924,0.765006,634944.91,624,43.9103
0.05000,0.04000,0.01800,0.979996,0.358638,-0.439563,0.815897,455096.29,624,52.4038
0.02000,0.03000,0.02000,0.979987,0.337261,-0.499342,0.675411,373510.91,624,61.5385
0.08500,0.03500,0.00200,0.979982,0.379976,-0.491331,0.773360,552599.92,624,46.7949
0.08500,0.11500,0.01100,0.979922,0.403755,-0.516940,0.781047,683659.96,624,43.1090
0.04000,0.02000,0.01100,0.979879,0.351779,-0.437143,0.804723,427290.19,624,55.9295
0.09000,0.15000,0.00900,0.979773,0.407590,-0.557096,0.731633,707294.21,624,42.1474
0.10000,0.11500,0.01100,0.979752,0.405634,-0.517922,0.783196,695150.77,624,42.7885
0.08000,0.02500,0.01400,0.979744,0.367438,-0.539910,0.680554,493207.58,624,53.0449
0.04000,0.04000,0.02000,0.979672,0.352774,-0.437698,0.805975,431222.25,624,54.4872
0.08000,0.04500,0.01800,0.979600,0.372171,-0.450825,0.825532,514901.06,624,50.0000
0.10000,0.02500,0.01500,0.979595,0.371084,-0.552725,0.671371,509842.32,624,53.2051
0.01000,0.04500,0.02000,0.979576,0.328676,-0.408933,0.803740,344712.87,624,65.8654
0.09500,0.05000,0.01800,0.979546,0.378905,-0.448018,0.845736,547280.20,624,48.5577
0.08500,0.10000,0.01000,0.979523,0.402109,-0.514975,0.780833,673742.10,624,42.9487
0.08500,0.15000,0.00900,0.979426,0.406481,-0.556224,0.730786,700382.58,624,42.3077
0.01500,0.04500,0.01300,0.979188,0.338950,-0.439913,0.770493,379430.15,624,60.7372
0.10000,0.04500,0.01500,0.979183,0.373217,-0.447573,0.833870,519814.69,624,48.5577
0.10000,0.05000,0.01500,0.979141,0.375737,-0.444839,0.844659,531822.21,624,47.4359
0.05000,0.04000,0.01500,0.979105,0.358150,-0.430520,0.831901,453063.25,624,51.1218
0.09000,0.09000,0.00900,0.978939,0.399569,-0.556243,0.718336,658695.53,624,42.9487
0.09500,0.10500,0.01900,0.978879,0.400708,-0.533310,0.751361,665402.50,624,45.8333
0.05000,0.03500,0.01100,0.978864,0.360760,-0.475398,0.758857,464028.12,624,51.4423
0.08500,0.04500,0.01200,0.978838,0.371709,-0.443957,0.837262,512745.34,624,47.2756
0.10000,0.05000,0.01300,0.978779,0.375740,-0.442451,0.849226,531837.81,624,46.4744
0.10000,0.09500,0.01100,0.978691,0.401426,-0.516916,0.776579,669666.60,624,43.2692
0.09500,0.05000,0.01500,0.978565,0.375396,-0.444685,0.844186,530184.38,624,47.4359
0.08500,0.03500,0.01800,0.978436,0.369247,-0.505104,0.731032,501399.47,624,52.0833
0.01500,0.02500,0.01100,0.978380,0.333381,-0.430320,0.774729,360234.00,624,62.6603
0.09500,0.15000,0.00900,0.978348,0.407815,-0.557118,0.732008,708702.37,624,41.9872
0.05000,0.02000,0.00200,0.978314,0.368601,-0.493426,0.747024,498459.86,624,51.7628
0.05500,0.04500,0.01000,0.978235,0.368127,-0.445548,0.826233,496312.27,624,48.5577
0.09000,0.10500,0.00200,0.978203,0.405690,-0.547648,0.740785,695490.36,624,39.7436
0.03000,0.03000,0.00200,0.978125,0.353872,-0.491367,0.720178,435601.59,624,54.0064
0.08000,0.08000,0.00900,0.978106,0.394885,-0.556213,0.709952,631750.13,624,43.2692
0.07000,0.02500,0.01600,0.978076,0.366156,-0.533465,0.686373,487479.50,624,54.1667
0.07000,0.09500,0.00100,0.978067,0.399692,-0.545938,0.732120,659416.26,624,40.3846
0.09500,0.05000,0.01300,0.978053,0.375324,-0.442432,0.848319,529834.96,624,46.4744
0.01500,0.04000,0.00100,0.978049,0.352296,-0.475842,0.740363,429330.03,624,60.5769
0.08500,0.10500,0.00200,0.978040,0.404484,-0.546746,0.739802,688096.16,624,39.9038
0.08500,0.04000,0.00200,0.978001,0.375863,-0.448043,0.838898,532427.88,624,45.5128
0.07500,0.09000,0.00100,0.977957,0.400715,-0.545399,0.734719,665443.15,624,40.2244
0.07500,0.08000,0.00900,0.977954,0.394707,-0.556186,0.709667,630748.01,624,43.2692
0.03500,0.03500,0.01100,0.977904,0.349138,-0.476662,0.732465,417004.70,624,53.8462
0.09000,0.09500,0.01100,0.977687,0.400230,-0.516931,0.774242,662579.06,624,43.4295
0.02000,0.02500,0.01900,0.977678,0.331723,-0.434873,0.762804,354690.58,624,62.1795
0.09000,0.03500,0.01500,0.977568,0.369408,-0.507690,0.727625,502134.78,624,50.6410
0.03500,0.04000,0.01400,0.977562,0.349898,-0.434778,0.804773,419939.12,624,52.7244
0.05500,0.04000,0.01900,0.977387,0.358689,-0.435000,0.824573,455310.50,624,52.0833
0.07500,0.02500,0.00800,0.977320,0.368999,-0.564995,0.653101,500270.10,624,50.4808
0.09000,0.11500,0.01100,0.977243,0.402958,-0.517923,0.778028,678842.36,624,42.9487
0.01500,0.03000,0.00200,0.977149,0.348375,-0.538395,0.647061,414075.68,624,61.3782
0.03500,0.03000,0.00700,0.977057,0.350293,-0.452654,0.773865,421473.31,624,53.6859
0.03000,0.03000,0.01300,0.977004,0.341131,-0.468705,0.727817,387203.19,624,57.0513
0.06000,0.04000,0.01400,0.976969,0.361713,-0.437568,0.826645,468094.93,624,50.0000
0.01000,0.02000,0.00300,0.976946,0.337340,-0.572008,0.589747,373784.65,624,66.6667
0.01500,0.03500,0.01700,0.976815,0.334607,-0.431458,0.775527,364381.00,624,62.1795
0.09500,0.15000,0.01400,0.976736,0.402291,-0.523742,0.768109,674832.42,624,43.5897
0.06500,0.02500,0.01000,0.976620,0.363183,-0.533539,0.680706,474429.10,624,51.9231
0.08500,0.14500,0.01900,0.976593,0.400578,-0.532375,0.752436,664632.73,624,45.8333
0.03500,0.03000,0.00800,0.976584,0.348845,-0.456026,0.764968,415878.80,624,53.8462
0.02000,0.02500,0.00300,0.976542,0.344630,-0.533621,0.645833,399974.62,624,58.8141
0.07500,0.04000,0.00700,0.976536,0.370435,-0.427933,0.865637,506846.57,624,47.2756
0.06000,0.03000,0.00900,0.976405,0.364232,-0.484102,0.752387,478996.78,624,50.4808
0.09500,0.04500,0.01800,0.976381,0.374128,-0.450715,0.830077,524126.44,624,49.8397
0.04500,0.04000,0.01000,0.976329,0.357351,-0.441856,0.808749,449752.78,624,50.1603
0.04500,0.02000,0.01100,0.976323,0.353505,-0.479067,0.737904,434135.91,624,55.2885
0.05000,0.04000,0.01300,0.976305,0.357385,-0.440318,0.811651,449893.03,624,50.4808
0.07000,0.04000,0.00400,0.976207,0.371883,-0.431804,0.861231,513558.44,624,46.4744
0.09500,0.14000,0.00100,0.976131,0.408518,-0.546282,0.747815,713123.73,624,39.1026
0.01500,0.03000,0.00700,0.976130,0.340441,-0.435032,0.782566,384727.55,624,61.2179
0.07500,0.11000,0.00100,0.976128,0.401997,-0.545399,0.737069,673069.89,624,39.7436
0.06500,0.04000,0.01800,0.976109,0.363320,-0.433656,0.837807,475022.11,624,51.2821
0.09000,0.14000,0.00100,0.976053,0.407257,-0.546296,0.745487,705212.47,624,39.2628
0.01500,0.03000,0.01700,0.976050,0.333077,-0.436791,0.762554,359209.44,624,62.8205
0.03000,0.02500,0.00100,0.975910,0.352964,-0.459528,0.768102,431978.74,624,54.9679
0.03000,0.04000,0.01900,0.975859,0.349086,-0.460838,0.757504,416806.14,624,55.1282
0.08500,0.09500,0.00900,0.975849,0.399163,-0.556221,0.717634,656315.90,624,42.7885
0.07500,0.02500,0.01400,0.975764,0.364849,-0.544756,0.669748,481703.25,624,53.0449
0.01500,0.02500,0.01400,0.975741,0.329099,-0.414247,0.794451,346082.77,624,62.8205
0.08000,0.02500,0.01200,0.975680,0.366122,-0.532312,0.687796,487330.21,624,51.6026
0.06500,0.02500,0.01100,0.975598,0.362868,-0.542440,0.668954,473062.83,624,52.5641
0.08000,0.03500,0.01400,0.975583,0.366419,-0.504120,0.726849,488651.73,624,50.4808
0.09500,0.12000,0.01100,0.975547,0.403349,-0.517922,0.778783,681198.94,624,42.7885
0.04000,0.03000,0.01900,0.975495,0.344551,-0.436832,0.788749,399683.11,624,55.9295
0.02000,0.02500,0.00500,0.975485,0.339569,-0.473921,0.716509,381620.69,624,59.2949
0.07500,0.04000,0.01200,0.975314,0.365450,-0.435419,0.839306,484350.17,624,48.0769
0.08000,0.10000,0.00100,0.975111,0.401647,-0.545385,0.736447,670982.07,624,39.9038
0.04500,0.02000,0.01300,0.975109,0.351623,-0.467215,0.752592,426672.87,624,55.9295
0.03000,0.02500,0.01900,0.975021,0.337582,-0.444397,0.759640,374628.30,624,59.4551
0.09500,0.13500,0.00100,0.974814,0.407447,-0.546319,0.745803,706399.92,624,39.1026
0.05500,0.04500,0.00900,0.974720,0.366451,-0.442075,0.828934,488794.98,624,48.0769
0.08500,0.09500,0.01900,0.974461,0.394920,-0.532361,0.741827,631949.55,624,46.1538
0.05000,0.02000,0.01800,0.974407,0.352070,-0.462139,0.761828,428435.41,624,57.2115
0.05000,0.04500,0.01100,0.974402,0.363585,-0.449432,0.808988,476174.11,624,49.3590
0.08000,0.04000,0.00100,0.974327,0.374801,-0.433903,0.863789,527331.50,624,45.1923
0.07000,0.10000,0.00100,0.974130,0.397823,-0.545933,0.728703,648530.82,624,40.2244
0.09000,0.15000,0.01100,0.974122,0.403613,-0.517896,0.779334,682802.07,624,42.7885
0.02500,0.02500,0.00900,0.973968,0.334363,-0.463400,0.721543,363552.57,624,58.0128
0.09000,0.04500,0.01800,0.973942,0.372272,-0.450520,0.826317,515376.62,624,49.8397
0.07000,0.03500,0.00300,0.973925,0.374378,-0.491732,0.761345,525313.54,624,47.1154
0.09500,0.11000,0.01000,0.973892,0.401118,-0.515948,0.777438,667832.30,624,42.4679
0.09500,0.10500,0.01300,0.973866,0.396841,-0.521791,0.760537,642878.14,624,43.4295
0.02500,0.02500,0.01000,0.973743,0.333715,-0.466671,0.715097,361358.07,624,58.6538
0.05500,0.04000,0.01400,0.973549,0.356657,-0.437391,0.815419,446896.94,624,50.4808
0.09000,0.13500,0.00100,0.973541,0.405312,-0.546321,0.741894,693166.51,624,39.2628
0.08500,0.15000,0.01100,0.973487,0.402340,-0.516956,0.778286,675124.30,624,42.9487
0.03500,0.02000,0.01000,0.973458,0.345583,-0.456454,0.757103,403521.29,624,56.4103
0.01500,0.03000,0.00300,0.973388,0.344772,-0.540833,0.637484,400503.86,624,61.0577
0.02500,0.03000,0.00100,0.973332,0.352053,-0.481213,0.731595,428369.39,624,55.2885
0.04500,0.03000,0.01400,0.973326,0.348496,-0.491550,0.708973,414537.78,624,53.8462
0.09000,0.10000,0.00900,0.973188,0.399041,-0.556222,0.717414,655606.96,624,42.6282
0.10000,0.11000,0.01400,0.973180,0.397092,-0.523711,0.758227,644317.05,624,43.7500
0.08500,0.10500,0.01000,0.973121,0.398298,-0.514984,0.773419,651282.08,624,42.7885
0.09000,0.14500,0.01400,0.973112,0.398607,-0.523726,0.761097,653072.85,624,43.7500
0.09000,0.10500,0.01900,0.973010,0.396604,-0.533321,0.743651,641520.88,624,45.8333
0.08500,0.04000,0.00300,0.973005,0.372429,-0.448326,0.830711,516110.67,624,45.6731
0.08500,0.11000,0.00900,0.972950,0.399200,-0.556235,0.717682,656533.05,624,42.4679
0.08500,0.05000,0.01400,0.972942,0.370300,-0.443592,0.834776,506226.33,624,47.1154
0.09000,0.10500,0.01000,0.972828,0.398974,-0.515967,0.773256,655213.81,624,42.6282
0.09000,0.05000,0.01400,0.972820,0.370960,-0.443569,0.836306,509268.61,624,46.9551
0.03500,0.02500,0.00300,0.972402,0.350489,-0.498898,0.702526,422235.65,624,54.0064
0.05500,0.03000,0.00900,0.972371,0.358813,-0.484016,0.741325,455825.47,624,51.1218
0.03500,0.04000,0.01900,0.972368,0.347159,-0.431325,0.804866,409447.14,624,54.1667
0.07000,0.03500,0.01200,0.972331,0.365526,-0.497055,0.735385,484689.27,624,49.3590
0.09500,0.11500,0.01400,0.972289,0.396774,-0.523725,0.757599,642491.06,624,43.7500
0.07500,0.03500,0.01400,0.972220,0.364211,-0.504145,0.722433,478904.64,624,50.4808
0.08500,0.03500,0.00500,0.972203,0.372045,-0.485168,0.766838,514314.83,624,47.5962
0.02000,0.03000,0.01100,0.972168,0.337980,-0.497605,0.679214,376021.39,624,59.6154
0.07500,0.02500,0.01200,0.971896,0.363638,-0.537310,0.676775,476405.07,624,51.6026
0.10000,0.10000,0.00900,0.971890,0.398594,-0.556239,0.716587,652997.49,624,42.4679
0.10000,0.10500,0.01000,0.971751,0.398995,-0.515955,0.773313,655335.18,624,42.4679
0.09000,0.13000,0.00100,0.971740,0.403888,-0.546303,0.739311,684467.91,624,39.2628
0.03500,0.03000,0.00300,0.971690,0.352155,-0.489017,0.720129,428773.10,624,52.7244
0.10000,0.04500,0.01900,0.971672,0.371354,-0.451412,0.822648,511094.56,624,49.8397
0.10000,0.03000,0.01600,0.971591,0.370203,-0.504473,0.733843,505779.85,624,52.4038
0.01500,0.03000,0.00400,0.971476,0.342001,-0.478944,0.714074,390342.18,624,61.0577
0.07000,0.04500,0.00800,0.971464,0.368951,-0.438750,0.840915,500050.44,624,46.6346
0.08500,0.14500,0.01400,0.971419,0.396576,-0.522767,0.758610,641360.49,624,43.9103
0.01500,0.03500,0.00100,0.971414,0.347751,-0.499926,0.695604,411694.90,624,60.8974
0.01500,0.04000,0.01500,0.971310,0.333483,-0.417211,0.799316,360575.76,624,61.3782
0.05000,0.04000,0.02000,0.971107,0.354246,-0.436267,0.811994,437106.16,624,53.3654
0.09500,0.15000,0.01100,0.971084,0.402809,-0.517927,0.777734,677945.01,624,42.6282
0.09000,0.03500,0.00800,0.971081,0.371086,-0.489837,0.757571,509855.18,624,48.2372
0.10000,0.04000,0.00100,0.970969,0.377055,-0.434360,0.868070,538202.72,624,44.8718
0.08500,0.04500,0.00800,0.970902,0.370332,-0.439548,0.842528,506369.34,624,46.3141
0.09500,0.10500,0.00200,0.970891,0.401706,-0.547658,0.733498,671333.61,624,39.5833
0.08500,0.03500,0.00300,0.970848,0.374190,-0.491708,0.761001,524420.95,624,46.7949
0.09500,0.13000,0.00100,0.970666,0.404437,-0.546307,0.740310,687809.12,624,39.1026
0.08500,0.09500,0.01100,0.970663,0.395540,-0.516946,0.765147,635458.62,624,43.4295
0.07000,0.05000,0.02000,0.970643,0.370190,-0.436319,0.848439,505720.35,624,50.0000
0.07500,0.10000,0.00100,0.970525,0.398007,-0.545387,0.729771,649597.01,624,39.9038
0.04000,0.04000,0.01300,0.970495,0.348454,-0.433134,0.804494,414379.43,624,51.6026
0.01500,0.04500,0.01000,0.970485,0.338432,-0.466501,0.725468,377604.60,624,60.0962
0.07500,0.04500,0.01800,0.970471,0.366823,-0.433860,0.845486,490452.84,624,50.0000
0.09500,0.11000,0.01900,0.970468,0.396400,-0.533334,0.743248,640351.97,624,45.8333
0.08000,0.03000,0.01600,0.970447,0.364990,-0.504442,0.723551,482321.43,624,52.5641
0.09500,0.02500,0.01700,0.970371,0.367914,-0.541144,0.679883,495354.49,624,54.1667
0.10000,0.05000,0.01100,0.970318,0.373356,-0.467812,0.798090,520468.93,624,46.1538
0.08000,0.02500,0.01300,0.970290,0.362483,-0.536164,0.676067,471402.36,624,52.5641
0.08500,0.10000,0.01400,0.970248,0.392524,-0.522770,0.750854,618559.81,624,44.2308
0.01500,0.05500,0.02000,0.970179,0.335107,-0.494529,0.677630,366085.77,624,62.1795
0.08000,0.10500,0.00100,0.970086,0.398676,-0.545383,0.731003,653480.06,624,39.7436
0.10000,0.09000,0.00100,0.970024,0.398473,-0.545416,0.730586,652298.81,624,39.7436
0.09500,0.03000,0.00600,0.969808,0.368906,-0.498542,0.739969,499844.37,624,48.3974
0.10000,0.04500,0.01400,0.969620,0.367080,-0.446265,0.822560,491602.83,624,48.2372
0.09000,0.10000,0.01100,0.969606,0.396459,-0.516956,0.766911,640691.50,624,43.2692
0.07000,0.03500,0.00400,0.969602,0.370891,-0.483591,0.766952,508948.78,624,47.5962
0.09500,0.05000,0.01100,0.969541,0.372911,-0.467883,0.797019,518373.30,624,46.1538
0.09500,0.04000,0.01200,0.969522,0.363973,-0.446672,0.814855,477867.06,624,47.9167
0.01500,0.05000,0.01900,0.969423,0.333618,-0.496524,0.671907,361030.30,624,61.6987
0.07000,0.03500,0.01800,0.969358,0.362310,-0.504974,0.717482,470655.74,624,52.2436
0.07000,0.04500,0.01200,0.969316,0.365099,-0.452421,0.806989,482802.60,624,47.4359
0.09000,0.11000,0.00900,0.969275,0.397714,-0.557105,0.713893,647898.40,624,42.3077
0.09000,0.14500,0.00900,0.969225,0.400500,-0.557117,0.718879,664170.01,624,42.1474
0.07000,0.03500,0.00500,0.969180,0.368520,-0.485167,0.759574,498094.72,624,47.9167
0.08500,0.14500,0.00900,0.968852,0.399394,-0.556225,0.718044,657668.35,624,42.3077
0.05000,0.02000,0.02000,0.968833,0.351094,-0.476158,0.737348,424600.73,624,58.3333
0.09500,0.11500,0.00900,0.968571,0.398737,-0.557131,0.715697,653834.17,624,42.1474
0.08000,0.15000,0.00100,0.968496,0.400000,-0.545382,0.733431,661225.01,624,39.5833
0.10000,0.02500,0.01400,0.968312,0.364084,-0.549054,0.663112,478350.42,624,52.7244
0.07500,0.03000,0.01600,0.968246,0.363417,-0.504450,0.720422,475444.08,624,52.5641
0.08000,0.02500,0.01000,0.968146,0.362489,-0.524738,0.690800,471427.17,624,51.2821
0.01000,0.04000,0.02000,0.968089,0.322960,-0.411816,0.784234,326689.46,624,65.8654
0.09000,0.12000,0.00100,0.968046,0.400912,-0.546307,0.733858,666611.31,624,39.2628
0.10000,0.10000,0.01100,0.968040,0.395848,-0.516948,0.765740,637207.40,624,43.1090
0.09500,0.02500,0.00600,0.968017,0.367199,-0.553088,0.663907,492138.73,624,49.5192
0.06000,0.03000,0.01000,0.967953,0.359020,-0.487410,0.736588,456694.03,624,50.9615
0.04500,0.02500,0.01900,0.967941,0.343616,-0.483694,0.710401,396235.88,624,56.5705
0.01500,0.04500,0.01800,0.967933,0.332953,-0.523225,0.636348,358795.89,624,61.6987
0.08000,0.14500,0.00100,0.967868,0.399495,-0.545389,0.732495,658260.34,624,39.5833
0.06500,0.03000,0.01500,0.967834,0.358633,-0.545798,0.657081,455076.02,624,52.5641
0.09500,0.14500,0.00900,0.967753,0.400669,-0.557135,0.719161,665173.99,624,41.9872
0.03500,0.02000,0.00600,0.967747,0.345997,-0.423753,0.816507,405071.78,624,54.6474
0.09000,0.12500,0.00100,0.967682,0.400885,-0.546311,0.733804,666451.88,624,39.2628
0.09500,0.09500,0.00900,0.967631,0.394562,-0.556219,0.709364,629929.90,624,42.6282
0.09000,0.04000,0.01200,0.967523,0.362600,-0.446861,0.811438,471907.50,624,47.9167
0.09500,0.08000,0.00100,0.967514,0.395946,-0.545373,0.726008,637761.85,624,39.9038
0.07000,0.04000,0.00500,0.967494,0.364928,-0.435938,0.837111,482050.92,624,46.6346
0.09500,0.10000,0.00900,0.967493,0.395787,-0.556202,0.711588,636858.09,624,42.4679
0.06500,0.02500,0.00700,0.967484,0.360847,-0.553549,0.651879,464398.09,624,50.8013
0.01500,0.04000,0.00900,0.967479,0.336176,-0.439970,0.764088,369752.26,624,59.9359
0.05000,0.03000,0.00900,0.967467,0.354083,-0.484177,0.731309,436450.99,624,51.4423
0.07500,0.04000,0.00100,0.967440,0.370830,-0.414180,0.895336,508669.76,624,45.1923
0.08500,0.10500,0.01900,0.967406,0.391714,-0.532368,0.735796,614092.90,624,45.9936
0.01500,0.04000,0.01200,0.967363,0.333274,-0.481117,0.692710,359873.53,624,60.0962
0.08000,0.04500,0.01300,0.967197,0.364887,-0.445235,0.819539,481870.65,624,48.0769
0.03500,0.03000,0.01500,0.967165,0.338034,-0.457991,0.738080,376209.53,624,56.0897
0.07000,0.08000,0.00100,0.967145,0.390257,-0.545921,0.714859,606129.69,624,40.5449
0.08500,0.03500,0.02000,0.967142,0.363383,-0.508033,0.715276,475297.89,624,52.8846
0.01000,0.02000,0.01900,0.967135,0.316060,-0.434440,0.727512,306086.61,624,67.3077
0.08000,0.03500,0.00100,0.967047,0.373470,-0.487673,0.765821,521008.68,624,46.4744
0.08500,0.04000,0.00400,0.967045,0.368182,-0.437727,0.841121,496562.64,624,46.1538
0.02000,0.02500,0.00100,0.967018,0.343243,-0.494266,0.694450,394865.84,624,58.9744
0.08500,0.11000,0.01100,0.966964,0.395076,-0.516940,0.764258,632827.98,624,43.1090
0.08500,0.03500,0.01900,0.966911,0.362199,-0.506538,0.715047,470178.53,624,52.0833
0.08500,0.04500,0.01700,0.966905,0.365906,-0.449778,0.813527,486372.34,624,50.0000
0.07000,0.05000,0.01300,0.966738,0.365934,-0.429885,0.851238,486495.47,624,46.9551
0.06000,0.02000,0.01900,0.966613,0.354681,-0.467695,0.758361,438858.35,624,56.4103
0.09000,0.11000,0.01100,0.966575,0.395757,-0.517907,0.764146,636690.49,624,42.9487
0.01500,0.02500,0.01300,0.966574,0.325991,-0.412162,0.790929,336136.10,624,62.6603
0.03000,0.03000,0.00800,0.966553,0.340509,-0.467505,0.728353,384968.59,624,55.1282
0.08500,0.04500,0.01600,0.966485,0.365960,-0.448529,0.815910,486608.64,624,49.1987
0.03500,0.02000,0.01500,0.966452,0.338949,-0.440140,0.770095,379427.21,624,58.1731
0.09000,0.08000,0.00100,0.966366,0.394502,-0.545368,0.723369,629594.61,624,40.0641
0.07500,0.02500,0.01300,0.966299,0.359909,-0.540981,0.665289,460426.76,624,52.5641
0.08000,0.02500,0.01100,0.966262,0.361711,-0.530368,0.681999,468084.44,624,51.9231
0.10000,0.11000,0.00900,0.966186,0.396749,-0.557114,0.712150,642349.69,624,42.1474
0.08500,0.10000,0.01900,0.966133,0.390875,-0.532354,0.734239,609497.00,624,45.9936
0.08500,0.03500,0.00400,0.966113,0.370508,-0.483599,0.766147,507183.20,624,47.2756
0.09500,0.14500,0.01400,0.966029,0.395190,-0.523725,0.754577,633477.79,624,43.5897
0.09000,0.03500,0.01400,0.965950,0.362360,-0.504119,0.718798,470872.72,624,50.3205
0.08500,0.02500,0.01700,0.965826,0.361443,-0.531768,0.679700,466938.99,624,54.3269
0.04000,0.04000,0.01900,0.965800,0.344929,-0.434457,0.793932,401084.91,624,53.5256
0.09500,0.04000,0.00700,0.965799,0.366608,-0.445184,0.823497,489491.16,624,46.9551
0.08500,0.03500,0.00700,0.965666,0.368042,-0.488297,0.753725,495930.60,624,48.3974
0.10000,0.02500,0.00800,0.965596,0.365738,-0.569118,0.642639,485623.37,624,50.0000
0.06500,0.02500,0.00900,0.965357,0.358107,-0.567989,0.630482,452884.92,624,51.2821
0.09500,0.04500,0.01300,0.965276,0.365223,-0.445019,0.820690,483347.50,624,47.9167
0.02500,0.03000,0.00900,0.965141,0.337662,-0.471451,0.716218,374907.14,624,56.4103
0.04500,0.03000,0.01200,0.965122,0.346340,-0.504086,0.687066,406360.09,624,52.4038
0.04500,0.04000,0.00900,0.965109,0.351994,-0.438347,0.803004,428136.77,624,49.6795
0.10000,0.02500,0.01200,0.965025,0.363058,-0.541672,0.670254,473887.39,624,51.2821
0.05500,0.03000,0.01000,0.964939,0.354166,-0.487245,0.726874,436781.55,624,51.6026
0.02500,0.02500,0.01400,0.964853,0.327434,-0.457259,0.716079,340719.92,624,60.0962
0.04500,0.03000,0.00900,0.964848,0.349259,-0.494827,0.705821,417471.75,624,51.9231
0.02500,0.02500,0.01300,0.964799,0.327945,-0.455719,0.719621,342358.93,624,59.7756
0.01500,0.03000,0.00500,0.964791,0.336063,-0.482134,0.697032,369362.79,624,61.0577
0.02500,0.03000,0.01000,0.964714,0.336968,-0.499843,0.674149,372493.95,624,57.0513
0.08500,0.04000,0.00500,0.964629,0.364967,-0.438861,0.831622,482220.03,624,46.3141
0.03000,0.03000,0.00700,0.964615,0.340709,-0.461463,0.738325,385688.02,624,54.9679
0.01500,0.04000,0.01400,0.964472,0.329626,-0.435918,0.756165,347797.69,624,61.0577
0.08500,0.02500,0.00600,0.964442,0.363541,-0.552123,0.658443,475984.02,624,49.6795
0.09500,0.03500,0.00100,0.964269,0.375758,-0.478935,0.784569,531921.48,624,46.1538
0.07000,0.09000,0.00100,0.964265,0.390489,-0.545898,0.715315,607394.51,624,40.3846
0.09500,0.12500,0.00100,0.964256,0.399862,-0.546281,0.731972,660414.34,624,39.1026
0.07500,0.10500,0.00100,0.964227,0.394173,-0.545365,0.722769,627747.82,624,39.7436
0.07500,0.02500,0.01000,0.964097,0.359867,-0.529702,0.679377,460251.67,624,51.2821
0.08500,0.14000,0.00100,0.963990,0.397730,-0.545398,0.729247,647991.74,624,39.4231
0.07500,0.03500,0.00100,0.963823,0.371286,-0.487714,0.761278,510780.19,624,46.4744
0.04000,0.04000,0.01400,0.963810,0.343942,-0.434800,0.791035,397435.32,624,51.9231
0.01000,0.02000,0.00400,0.963810,0.328016,-0.513206,0.639151,342586.65,624,66.1859
0.02000,0.02500,0.00400,0.963684,0.336316,-0.470496,0.714811,370235.02,624,58.8141
0.06500,0.03000,0.01300,0.963681,0.357248,-0.539353,0.662363,449327.72,624,51.7628
0.09000,0.10500,0.01400,0.963655,0.389658,-0.523715,0.744026,602884.79,624,43.9103
0.10000,0.11500,0.00100,0.963625,0.398804,-0.546268,0.730051,654220.02,624,39.1026
0.07000,0.03500,0.00700,0.963606,0.365058,-0.488254,0.747680,482622.74,624,48.7179
0.07000,0.05000,0.01500,0.963591,0.363805,-0.436762,0.832958,477130.37,624,47.7564
0.09000,0.14500,0.01100,0.963538,0.396527,-0.517934,0.765593,641077.79,624,42.7885
0.09500,0.10000,0.01100,0.963508,0.392965,-0.516932,0.760188,621005.16,624,43.1090
0.08500,0.03500,0.01300,0.963445,0.361368,-0.500625,0.721833,466617.91,624,50.0000
0.09500,0.09500,0.01100,0.963357,0.391545,-0.516935,0.757436,613166.22,624,43.2692
0.10000,0.15000,0.00100,0.963231,0.401354,-0.546310,0.734664,669235.61,624,38.9423
0.08000,0.04500,0.01500,0.963011,0.362347,-0.447349,0.809989,470818.33,624,48.7179
0.10000,0.11000,0.01100,0.962890,0.394431,-0.517933,0.761549,629196.55,624,42.7885
0.08500,0.05000,0.01900,0.962861,0.365742,-0.449188,0.814227,485641.55,624,48.7179
0.08500,0.14500,0.01100,0.962814,0.395213,-0.516952,0.764506,633606.42,624,42.9487
0.03000,0.03000,0.01400,0.962812,0.332959,-0.468967,0.709984,358814.74,624,57.2115
0.08500,0.08000,0.00100,0.962808,0.389527,-0.545361,0.714255,602177.69,624,40.2244
0.07000,0.05000,0.01100,0.962808,0.366378,-0.445814,0.821818,488468.23,624,46.6346
0.03500,0.02000,0.00900,0.962801,0.340787,-0.447674,0.761239,385966.00,624,55.4487
0.07000,0.05000,0.01800,0.962785,0.364022,-0.433739,0.839267,478080.71,624,48.8782
0.03000,0.02500,0.00300,0.962728,0.342978,-0.501428,0.684002,393896.28,624,54.9679
0.04000,0.03000,0.01100,0.962714,0.343743,-0.461236,0.745265,396699.81,624,53.8462
0.05000,0.04000,0.01400,0.962564,0.349008,-0.437497,0.797739,416505.25,624,50.8013
0.01500,0.02500,0.00300,0.962482,0.336688,-0.550620,0.611471,371522.18,624,61.6987
0.07500,0.02500,0.01100,0.962406,0.359198,-0.535283,0.671043,457437.47,624,51.9231
0.09000,0.04500,0.01300,0.962406,0.363365,-0.445033,0.816490,475220.04,624,47.9167
0.02500,0.02500,0.01100,0.962354,0.328622,-0.470318,0.698723,344540.46,624,59.2949
0.10000,0.03000,0.01700,0.962353,0.364642,-0.505935,0.720728,480792.74,624,52.8846
0.03500,0.03000,0.00100,0.962304,0.349779,-0.447575,0.781497,419478.41,624,52.7244
0.08500,0.10500,0.01400,0.962257,0.387785,-0.522783,0.741770,592840.94,624,44.0705
0.03500,0.02500,0.01900,0.962256,0.333471,-0.446102,0.747521,360535.03,624,58.1731
0.09000,0.03000,0.00600,0.962249,0.364039,-0.498512,0.730250,478152.16,624,48.3974
0.03000,0.02500,0.02000,0.962208,0.331951,-0.450459,0.736918,355449.95,624,60.2564
0.09500,0.10500,0.01000,0.962190,0.392882,-0.515911,0.761531,620546.59,624,42.4679
0.08500,0.13500,0.00100,0.962042,0.396274,-0.545403,0.726571,639634.13,624,39.4231
0.09000,0.05000,0.01900,0.961710,0.367851,-0.449015,0.819239,495067.19,624,48.5577
0.01500,0.02500,0.00100,0.961631,0.339695,-0.512684,0.662583,382069.34,624,62.1795
0.08000,0.03000,0.01700,0.961471,0.359656,-0.505914,0.710904,459361.92,624,53.0449
0.06500,0.04000,0.02000,0.961351,0.355625,-0.435878,0.815884,442683.56,624,52.2436
0.10000,0.14500,0.00100,0.961327,0.399873,-0.546332,0.731923,660477.99,624,38.9423
0.09500,0.11500,0.01100,0.961307,0.393806,-0.517909,0.760376,625690.18,624,42.7885
0.08000,0.02500,0.00700,0.961132,0.361109,-0.553483,0.652430,465515.00,624,50.1603
0.09000,0.02500,0.01700,0.961008,0.362013,-0.541068,0.669071,469380.44,624,54.1667
0.03000,0.02000,0.01500,0.960902,0.333788,-0.401798,0.830737,361605.68,624,59.2949
0.02500,0.02500,0.01200,0.960856,0.326979,-0.473243,0.690934,339270.74,624,58.8141
0.08500,0.13000,0.00100,0.960843,0.395342,-0.545357,0.724924,634336.67,624,39.4231
0.09500,0.02500,0.01500,0.960840,0.360250,-0.552748,0.651742,461866.22,624,53.2051
0.09000,0.04000,0.00700,0.960614,0.363259,-0.445082,0.816162,474759.33,624,46.9551
0.09500,0.14500,0.01100,0.960558,0.395745,-0.517912,0.764116,636621.07,624,42.6282
0.09500,0.04500,0.01500,0.960555,0.362584,-0.447573,0.810113,471839.59,624,48.5577
0.04500,0.04000,0.01100,0.960423,0.349124,-0.445657,0.783392,416952.58,624,50.6410
0.07000,0.03000,0.00600,0.960314,0.360044,-0.498423,0.722366,460996.44,624,48.7179
0.06000,0.04500,0.01000,0.960182,0.361020,-0.445504,0.810364,465136.72,624,47.9167
0.10000,0.05000,0.01400,0.960155,0.364524,-0.443574,0.821788,480273.90,624,46.7949
0.05000,0.03000,0.01000,0.960094,0.349516,-0.487396,0.717109,418462.50,624,51.9231
0.06000,0.02000,0.00100,0.959931,0.364197,-0.474905,0.766883,478843.05,624,50.3205
0.03000,0.03000,0.00300,0.959929,0.343292,-0.494550,0.694150,395045.37,624,53.8462
0.09500,0.05000,0.01400,0.959275,0.364035,-0.443768,0.820327,478135.32,624,46.7949
0.07000,0.02500,0.00600,0.959269,0.358154,-0.552162,0.648640,453081.65,624,50.0000
0.10000,0.02500,0.01300,0.959255,0.359219,-0.545444,0.658581,457525.63,624,52.2436
0.04000,0.02000,0.01800,0.959228,0.338601,-0.423029,0.800421,378200.18,624,58.0128
0.04500,0.04000,0.01800,0.959180,0.345404,-0.436068,0.792086,402852.34,624,52.7244
0.04500,0.04000,0.01500,0.959161,0.345368,-0.430300,0.802620,402717.06,624,51.4423
0.07500,0.03000,0.01700,0.959144,0.358011,-0.505860,0.707727,452485.54,624,53.0449
0.01500,0.03000,0.00100,0.958951,0.340813,-0.504587,0.675431,386060.14,624,61.3782
0.09000,0.02500,0.00600,0.958926,0.361439,-0.553070,0.653514,466923.50,624,49.5192
0.09500,0.12000,0.00100,0.958885,0.396111,-0.546289,0.725095,638705.97,624,39.1026
0.03500,0.03000,0.01300,0.958745,0.334900,-0.451250,0.742160,365377.64,624,55.4487
0.08500,0.10000,0.00900,0.958614,0.389469,-0.556211,0.700219,601867.81,624,42.6282
0.08500,0.12000,0.00100,0.958569,0.393478,-0.545385,0.721469,623860.52,624,39.4231
0.05000,0.04000,0.01900,0.958447,0.346869,-0.434722,0.797910,408350.97,624,52.4038
0.03500,0.02000,0.00800,0.958378,0.340233,-0.431714,0.788099,383985.32,624,55.2885
0.02500,0.02000,0.01600,0.958301,0.328831,-0.424647,0.774362,345213.93,624,61.2179
0.10000,0.10500,0.01400,0.958241,0.386905,-0.523728,0.738753,588177.74,624,43.7500
0.07000,0.03500,0.01900,0.958219,0.355566,-0.506543,0.701947,442443.52,624,52.2436
0.09000,0.11500,0.00100,0.958148,0.394201,-0.546307,0.721575,627904.49,624,39.2628
0.04500,0.03000,0.01000,0.957999,0.344994,-0.497825,0.693002,401326.41,624,52.4038
0.03000,0.03000,0.00100,0.957939,0.344810,-0.479250,0.719478,400642.88,624,53.8462
0.09000,0.04500,0.01500,0.957876,0.360633,-0.447316,0.806215,463492.87,624,48.5577
0.08000,0.02500,0.00900,0.957634,0.357689,-0.563352,0.634931,451153.70,624,50.6410
0.01500,0.02500,0.00400,0.957615,0.332465,-0.489917,0.678616,357163.06,624,61.6987
0.02000,0.02000,0.00800,0.957597,0.322969,-0.426645,0.756996,326714.99,624,61.0577
0.08500,0.12500,0.00100,0.957412,0.392867,-0.545369,0.720369,620462.28,624,39.4231
0.06000,0.04500,0.00900,0.957403,0.359717,-0.442123,0.813615,459620.83,624,47.4359
0.07500,0.02500,0.00700,0.957116,0.358505,-0.553532,0.647668,454541.40,624,50.1603
0.09500,0.11000,0.01400,0.957066,0.386906,-0.523735,0.738744,588182.17,624,43.7500
0.08500,0.03500,0.01500,0.957042,0.357337,-0.507646,0.703910,449697.10,624,50.6410
0.01500,0.04500,0.01100,0.956989,0.332079,-0.473756,0.700950,355876.24,624,60.7372
0.01500,0.03500,0.01500,0.956890,0.324990,-0.417110,0.779147,332989.09,624,61.5385
0.07500,0.04500,0.01300,0.956880,0.359096,-0.428284,0.838451,457008.84,624,48.0769
0.01500,0.02000,0.00900,0.956724,0.321237,-0.397575,0.807989,321426.82,624,62.6603
0.07000,0.02500,0.01700,0.956706,0.353962,-0.536640,0.659588,435962.38,624,54.4872
0.07000,0.03500,0.02000,0.956519,0.355658,-0.508113,0.699958,442814.61,624,53.0449
0.01500,0.02000,0.01600,0.956375,0.318919,-0.461951,0.690373,314471.94,624,64.7436
0.01500,0.04000,0.01300,0.956368,0.327039,-0.442345,0.739329,339459.13,624,60.7372
0.01500,0.03500,0.01200,0.956299,0.326255,-0.484176,0.673836,336972.06,624,60.4167
0.06500,0.03000,0.00200,0.956268,0.362164,-0.510557,0.709350,470027.95,624,48.5577
0.08000,0.08000,0.00100,0.956148,0.384336,-0.545404,0.704681,574747.07,624,40.3846
0.06500,0.04000,0.01500,0.956117,0.352206,-0.430630,0.817885,428972.15,624,49.8397
0.07000,0.04500,0.01700,0.956078,0.358266,-0.432739,0.827902,453545.28,624,50.1603
0.08000,0.04500,0.01900,0.956019,0.358774,-0.451920,0.793890,455665.76,624,50.0000
0.02500,0.03000,0.01100,0.956014,0.333019,-0.507403,0.656321,359016.71,624,57.6923
0.01000,0.03500,0.02000,0.955881,0.316200,-0.420016,0.752829,306492.52,624,65.8654
0.04500,0.03000,0.01800,0.955841,0.339402,-0.484663,0.700284,381028.80,624,54.9679
0.06000,0.02000,0.00200,0.955788,0.362697,-0.502061,0.722416,472325.03,624,50.1603
0.08500,0.02500,0.01500,0.955774,0.355644,-0.543623,0.654212,442761.04,624,53.3654
0.07500,0.08000,0.00100,0.955772,0.384035,-0.545382,0.704158,573191.72,624,40.3846
0.01500,0.05000,0.02000,0.955757,0.327736,-0.504858,0.649164,341687.74,624,62.1795
0.01500,0.03000,0.01500,0.955679,0.323380,-0.417182,0.775154,327983.39,624,62.1795
0.01000,0.02000,0.00500,0.955665,0.321478,-0.516377,0.622564,322158.20,624,66.1859
0.06500,0.03000,0.01200,0.955650,0.353838,-0.536073,0.660057,435468.94,624,50.6410
0.01000,0.03000,0.02000,0.955399,0.315028,-0.425491,0.740387,303108.79,624,66.3462
0.07000,0.04500,0.01600,0.955338,0.358163,-0.431573,0.829902,453117.07,624,49.3590
0.04000,0.02000,0.02000,0.955290,0.338451,-0.423595,0.798997,377671.65,624,59.1346
0.03500,0.02000,0.00700,0.954972,0.339730,-0.428154,0.793475,382191.95,624,55.1282
0.10000,0.05000,0.01900,0.954901,0.364587,-0.449169,0.811694,480553.63,624,48.5577
0.01500,0.02500,0.01800,0.954797,0.319973,-0.446480,0.716657,317619.05,624,63.4615
0.03500,0.02000,0.01400,0.954466,0.333358,-0.462964,0.720051,360153.94,624,57.6923
0.06500,0.04500,0.01000,0.954387,0.358421,-0.445628,0.804304,454189.79,624,47.7564
0.08500,0.04500,0.02000,0.954349,0.360303,-0.452903,0.795542,462093.95,624,50.9615
0.10000,0.04000,0.01600,0.954309,0.359015,-0.451146,0.795783,456670.25,624,49.6795
0.09500,0.05000,0.01900,0.954073,0.364114,-0.449155,0.810663,478479.37,624,48.5577
0.05500,0.02000,0.00100,0.953918,0.357839,-0.474889,0.753521,451771.67,624,51.1218
0.07500,0.04500,0.01500,0.953746,0.356969,-0.430573,0.829056,448180.40,624,48.7179
0.07000,0.03500,0.01300,0.953674,0.354476,-0.500670,0.708003,438028.70,624,50.1603
0.06500,0.04000,0.01900,0.953619,0.350834,-0.434632,0.807197,423582.41,624,51.2821
0.07500,0.02500,0.00900,0.953544,0.355073,-0.568025,0.625101,440441.58,624,50.6410
0.09500,0.04000,0.00100,0.953190,0.366623,-0.434335,0.844102,489561.34,624,44.8718
0.10000,0.04500,0.01000,0.953176,0.361914,-0.441605,0.819541,468954.69,624,46.9551
0.10000,0.04000,0.01700,0.953169,0.358093,-0.452268,0.791773,452828.63,624,50.4808
0.09500,0.04500,0.01900,0.953150,0.360729,-0.451412,0.799112,463898.22,624,49.8397
0.08000,0.04500,0.01400,0.953036,0.356276,-0.446356,0.798189,445337.84,624,48.3974
0.08500,0.10000,0.01100,0.953031,0.385639,-0.516933,0.746014,581524.43,624,43.2692
0.03000,0.03000,0.01800,0.952900,0.328395,-0.522286,0.628763,343805.53,624,58.1731
0.03000,0.02000,0.01000,0.952859,0.332455,-0.440189,0.755255,357129.03,624,57.3718
0.04500,0.04000,0.01300,0.952715,0.342750,-0.433077,0.791431,393065.64,624,50.8013
0.10000,0.02500,0.01000,0.952546,0.356424,-0.534159,0.667262,445942.39,624,50.9615
0.08500,0.10500,0.00900,0.952447,0.385817,-0.556213,0.693650,582452.01,624,42.4679
0.08500,0.11500,0.00100,0.952363,0.389239,-0.545384,0.713697,600624.43,624,39.4231
0.10000,0.04000,0.00800,0.952331,0.358239,-0.447946,0.799737,453433.05,624,46.7949
0.02000,0.02500,0.02000,0.952203,0.320386,-0.441059,0.726402,318859.67,624,62.8205
0.06500,0.04500,0.00900,0.952084,0.357362,-0.442210,0.808127,449799.61,624,47.2756
0.03500,0.02000,0.01200,0.952031,0.333595,-0.440116,0.757971,360954.67,624,56.5705
0.08000,0.04000,0.00800,0.951985,0.355810,-0.442173,0.804685,443435.81,624,47.1154
0.06500,0.03000,0.00300,0.951853,0.359144,-0.505622,0.710301,457212.96,624,48.3974
0.09000,0.02500,0.01500,0.951539,0.354446,-0.552719,0.641277,437909.69,624,53.2051
0.04000,0.02000,0.00100,0.951533,0.348238,-0.437647,0.795705,413551.47,624,53.0449
0.10000,0.04500,0.00900,0.951362,0.361086,-0.440706,0.819335,465418.27,624,46.4744
0.06000,0.03000,0.01100,0.951274,0.350100,-0.490913,0.713160,420722.89,624,51.4423
0.01500,0.02500,0.00500,0.951193,0.326725,-0.493382,0.662216,338462.82,624,61.6987
0.09500,0.09000,0.00100,0.951045,0.386303,-0.545350,0.708358,585005.98,624,39.7436
0.09500,0.04500,0.01400,0.950931,0.356485,-0.446265,0.798819,446194.12,624,48.2372
0.05500,0.02000,0.01900,0.950889,0.342573,-0.467609,0.732606,392420.59,624,56.8910
0.08500,0.03500,0.00800,0.950794,0.358973,-0.489826,0.732859,456496.26,624,48.2372
0.04500,0.03000,0.02000,0.950792,0.337227,-0.481032,0.701049,373392.06,624,55.7692
0.04500,0.04000,0.02000,0.950777,0.341307,-0.435880,0.783032,387836.59,624,53.6859
0.05500,0.02000,0.00200,0.950668,0.356835,-0.502076,0.710719,447627.90,624,50.9615
0.10000,0.09500,0.00100,0.950640,0.387443,-0.545408,0.710373,591025.15,624,39.5833
0.03500,0.03000,0.00400,0.950531,0.339417,-0.440652,0.770262,381082.98,624,52.7244
0.10000,0.02500,0.01100,0.950463,0.355521,-0.539756,0.658669,442257.85,624,51.6026
0.09000,0.04500,0.01900,0.950344,0.358722,-0.451617,0.794306,455446.00,624,49.8397
0.05000,0.02000,0.00300,0.950337,0.351824,-0.487446,0.721770,427464.76,624,51.6026
0.09500,0.11000,0.00900,0.950280,0.386569,-0.557116,0.693876,586405.96,624,42.1474
0.01500,0.03500,0.00900,0.950166,0.326273,-0.443244,0.736101,337026.15,624,60.2564
0.02500,0.02500,0.01800,0.950061,0.320662,-0.447684,0.716267,319689.10,624,60.8974
0.06500,0.03000,0.01400,0.949961,0.348808,-0.542608,0.642837,415737.28,624,52.0833
0.06500,0.02500,0.01800,0.949924,0.347928,-0.539944,0.644379,412371.32,624,54.6474
0.09500,0.03000,0.01600,0.949803,0.357602,-0.504494,0.708833,450789.98,624,52.4038
0.09000,0.10500,0.00900,0.949646,0.384822,-0.557105,0.690752,577263.13,624,42.3077
0.09500,0.02500,0.01400,0.949517,0.353306,-0.549077,0.643454,433340.00,624,52.7244
0.03000,0.03000,0.01200,0.949473,0.328521,-0.511392,0.642406,344214.88,624,55.7692
0.08000,0.04000,0.01600,0.949322,0.352336,-0.451292,0.780729,429488.09,624,49.8397
0.01500,0.03500,0.01400,0.949223,0.320746,-0.438749,0.731046,319942.14,624,61.2179
0.07000,0.03500,0.00800,0.949033,0.356187,-0.489802,0.727206,444972.24,624,48.5577
0.03000,0.03000,0.01900,0.948983,0.325650,-0.495557,0.657139,335059.86,624,58.1731
0.03500,0.02500,0.00400,0.948946,0.336637,-0.443493,0.759057,371343.61,624,53.8462
0.03500,0.03000,0.00900,0.948803,0.333804,-0.453949,0.735333,361657.87,624,53.8462
0.07000,0.03500,0.01500,0.948793,0.351121,-0.507661,0.691646,424705.84,624,50.8013
0.04500,0.02000,0.00100,0.948750,0.349736,-0.439695,0.795406,419313.84,624,52.2436
0.10000,0.10500,0.00900,0.948697,0.384889,-0.557104,0.690874,577612.29,624,42.1474
0.07000,0.05000,0.01400,0.948691,0.355199,-0.433318,0.819720,440951.49,624,47.2756
0.03500,0.02500,0.02000,0.948585,0.327333,-0.448989,0.729046,340399.74,624,58.9744
0.09500,0.10500,0.01400,0.948551,0.380846,-0.523737,0.727171,556956.78,624,43.7500
0.08000,0.04000,0.01700,0.948264,0.351433,-0.451846,0.777771,425928.34,624,50.6410
0.09000,0.04500,0.01400,0.948162,0.354698,-0.446293,0.794764,438924.20,624,48.2372
0.09000,0.04000,0.00100,0.948104,0.363101,-0.433857,0.836914,474073.80,624,44.8718
0.06500,0.03500,0.01000,0.947987,0.354241,-0.492816,0.718809,437084.40,624,49.6795
0.03000,0.03000,0.02000,0.947940,0.326000,-0.502408,0.648874,336163.63,624,58.9744
0.03500,0.03000,0.00500,0.947767,0.335725,-0.444570,0.755168,368200.18,624,52.8846
0.03000,0.02000,0.01400,0.947677,0.327624,-0.427570,0.766247,341328.69,624,58.8141
0.01500,0.04500,0.01900,0.947552,0.322435,-0.498780,0.646447,325076.54,624,61.6987
0.09000,0.09500,0.00100,0.947524,0.385016,-0.545370,0.705972,578273.03,624,39.7436
0.07500,0.04500,0.01900,0.947155,0.353598,-0.434546,0.813718,434505.39,624,50.0000
0.09000,0.03500,0.00100,0.947037,0.365049,-0.478921,0.762232,482583.90,624,46.1538
0.09500,0.11000,0.01100,0.946954,0.384260,-0.517901,0.741956,574352.80,624,42.7885
0.09500,0.02500,0.00800,0.946873,0.354907,-0.569121,0.623605,439768.30,624,50.0000
0.01500,0.04000,0.01000,0.946756,0.325942,-0.468928,0.695078,335980.80,624,60.0962
0.01500,0.04000,0.01800,0.946749,0.321925,-0.525411,0.612711,323520.48,624,61.6987
0.06500,0.02000,0.01000,0.946648,0.351857,-0.535210,0.657418,427595.63,624,52.7244
0.02500,0.02000,0.01700,0.946572,0.322188,-0.422819,0.762001,324322.77,624,61.6987
0.08500,0.10500,0.01100,0.946469,0.381765,-0.516901,0.738565,561590.74,624,43.1090
0.06500,0.02000,0.01600,0.946457,0.350212,-0.521063,0.672110,421157.10,624,55.2885
0.09500,0.02500,0.01200,0.946447,0.352395,-0.541651,0.650594,429721.09,624,51.2821
0.01500,0.03000,0.01200,0.946438,0.320460,-0.486669,0.658475,319080.28,624,61.0577
0.10000,0.02500,0.00700,0.946367,0.355657,-0.554419,0.641495,442811.45,624,49.6795
0.04500,0.02000,0.00200,0.946367,0.349250,-0.489651,0.713263,417435.64,624,52.0833
0.03500,0.02000,0.01300,0.946225,0.329789,-0.434441,0.759111,348328.58,624,57.5321
0.07000,0.02500,0.01500,0.946186,0.348005,-0.548373,0.634614,412663.24,624,53.5256
0.08500,0.04000,0.01200,0.946176,0.350158,-0.446531,0.784175,420951.10,624,47.9167
0.03000,0.03000,0.00500,0.946175,0.332154,-0.465769,0.713130,356124.42,624,54.1667
0.09000,0.03000,0.01600,0.946138,0.355117,-0.504441,0.703980,440619.08,624,52.4038
0.09000,0.10500,0.01100,0.946076,0.382330,-0.517903,0.738226,564455.59,624,42.9487
0.02000,0.02000,0.00600,0.946065,0.318497,-0.419664,0.758935,313222.91,624,60.2564
0.04000,0.02000,0.00200,0.946021,0.346157,-0.487518,0.710040,405671.01,624,52.8846
0.04500,0.03000,0.01900,0.945781,0.333479,-0.478856,0.696407,360562.74,624,54.9679
0.08500,0.09000,0.00100,0.945754,0.382153,-0.545342,0.700757,563556.97,624,39.9038
0.01500,0.03500,0.01300,0.945494,0.320183,-0.445559,0.718611,318248.99,624,61.0577
0.01500,0.03000,0.01400,0.945344,0.317801,-0.441479,0.719854,311167.40,624,61.8590
0.02000,0.02000,0.00700,0.945336,0.318351,-0.423580,0.751573,312791.84,624,60.8974
0.09500,0.11500,0.00100,0.945329,0.387015,-0.546317,0.708409,588760.00,624,39.1026
0.08500,0.03500,0.01400,0.945272,0.350296,-0.504120,0.694866,421484.51,624,50.3205
0.07500,0.04000,0.00800,0.945219,0.352011,-0.429067,0.820412,428204.47,624,47.1154
0.03500,0.03000,0.01200,0.945184,0.329079,-0.464025,0.709183,346017.28,624,54.3269
0.05000,0.04000,0.01000,0.945151,0.344282,-0.448942,0.766873,398686.67,624,49.5192
0.02000,0.02000,0.01600,0.945065,0.314006,-0.450389,0.697188,300188.31,624,63.4615
0.10000,0.10000,0.00100,0.945032,0.384748,-0.545376,0.705473,576882.75,624,39.4231
0.05500,0.04000,0.01000,0.944967,0.346381,-0.448867,0.771678,406512.18,624,49.1987
0.10000,0.10500,0.01100,0.944796,0.382194,-0.517892,0.737981,563768.84,624,42.7885
0.10000,0.03500,0.01000,0.944737,0.356808,-0.492857,0.723957,447516.72,624,48.8782
0.05500,0.03000,0.01100,0.944634,0.343415,-0.490910,0.699548,395496.89,624,52.0833
0.06500,0.04000,0.01400,0.944621,0.345609,-0.437343,0.790247,403618.48,624,49.5192
0.10000,0.03000,0.00200,0.944620,0.363030,-0.503005,0.721722,473766.65,624,47.4359
0.07000,0.04500,0.02000,0.944456,0.353198,-0.435704,0.810637,432908.22,624,51.1218
0.08500,0.02500,0.01400,0.944422,0.348940,-0.539868,0.646342,416241.19,624,52.8846
0.06500,0.02000,0.01700,0.943885,0.348349,-0.525957,0.662315,413978.18,624,55.9295
0.03500,0.02500,0.00500,0.943861,0.331711,-0.447252,0.741666,354653.52,624,54.0064
0.03500,0.03000,0.01400,0.943836,0.326377,-0.464053,0.703317,337355.61,624,55.6090
0.08500,0.04500,0.01800,0.943777,0.352822,-0.450767,0.782716,431414.03,624,49.8397
0.09000,0.10000,0.00100,0.943747,0.383579,-0.545414,0.703280,570842.14,624,39.5833
0.05500,0.04500,0.01100,0.943741,0.349645,-0.449415,0.778001,418961.31,624,48.8782
0.03500,0.02000,0.01100,0.943492,0.329735,-0.465256,0.708716,348150.81,624,56.8910
0.04500,0.02000,0.01800,0.943490,0.334033,-0.458221,0.728977,362431.38,624,57.3718
0.03000,0.02500,0.00500,0.943391,0.329048,-0.454115,0.724591,345918.05,624,55.1282
0.03000,0.02000,0.00600,0.943349,0.330852,-0.430983,0.767668,351811.56,624,55.6090
0.06000,0.04000,0.01000,0.943346,0.348234,-0.448750,0.776010,413537.91,624,48.7179
0.07500,0.04000,0.01600,0.943326,0.348804,-0.431477,0.808394,415718.66,624,49.8397
0.06500,0.03000,0.00100,0.943307,0.356119,-0.506051,0.703721,444694.53,624,48.3974
0.03500,0.03000,0.01800,0.943284,0.326003,-0.461530,0.706353,336174.26,624,56.7308
0.08500,0.03000,0.00600,0.943190,0.352640,-0.498502,0.707399,430690.12,624,48.3974
0.09000,0.11000,0.00100,0.943170,0.384264,-0.546270,0.703432,574373.67,624,39.2628
0.06500,0.03000,0.01800,0.943051,0.345456,-0.514139,0.671912,403047.24,624,53.3654
0.07500,0.04500,0.01400,0.942923,0.350634,-0.429176,0.816992,422800.46,624,48.3974
0.10000,0.02500,0.00900,0.942561,0.351849,-0.572130,0.614980,427562.82,624,50.3205
0.07500,0.04000,0.01700,0.942465,0.348024,-0.432386,0.804891,412734.04,624,50.6410
0.07000,0.04000,0.00700,0.942435,0.350851,-0.444003,0.790200,423649.31,624,47.2756
0.09000,0.09000,0.00100,0.941801,0.379896,-0.545402,0.696544,552202.98,624,39.9038
0.10000,0.11000,0.00100,0.941645,0.384308,-0.546291,0.703484,574599.95,624,39.1026
0.03000,0.02000,0.00900,0.941417,0.327292,-0.436826,0.749250,340268.16,624,56.4103
0.08500,0.09500,0.00100,0.941238,0.380669,-0.545359,0.698015,556065.61,624,39.7436
0.09500,0.15000,0.00100,0.941051,0.386811,-0.546290,0.708070,587680.06,624,38.9423
0.08500,0.02500,0.01200,0.940994,0.347912,-0.532315,0.653582,412306.79,624,51.4423
0.08500,0.11000,0.00100,0.940925,0.381652,-0.545405,0.699759,561017.32,624,39.4231
0.08500,0.02500,0.00800,0.940922,0.350160,-0.560369,0.624874,420958.45,624,50.1603
0.09000,0.15000,0.00100,0.940839,0.385559,-0.546264,0.705810,581102.27,624,39.1026
0.08000,0.03000,0.00300,0.940821,0.356085,-0.505678,0.704173,444556.06,624,47.7564
0.09500,0.03000,0.01700,0.940686,0.352180,-0.505905,0.696138,428868.88,624,52.8846
0.09500,0.10000,0.00100,0.940608,0.381927,-0.545367,0.700313,562413.50,624,39.4231
0.06500,0.03500,0.00900,0.940543,0.350719,-0.491355,0.713780,423135.07,624,49.0385
0.03000,0.02000,0.01200,0.940496,0.325498,-0.447027,0.728139,334581.46,624,57.6923
0.07000,0.04000,0.01200,0.940482,0.345810,-0.455578,0.759058,404370.35,624,48.0769
0.09500,0.02500,0.01300,0.940473,0.348497,-0.545393,0.638984,414544.54,624,52.2436
0.09000,0.02500,0.01400,0.940450,0.347861,-0.549013,0.633612,412114.13,624,52.7244
0.10000,0.04000,0.01300,0.940442,0.348398,-0.447831,0.777968,414165.36,624,48.5577
0.05000,0.03000,0.01100,0.939919,0.338923,-0.490877,0.690444,379335.85,624,52.4038
0.08000,0.03000,0.00200,0.939848,0.356122,-0.502925,0.708102,444708.76,624,47.7564
0.03000,0.02500,0.00400,0.939830,0.329585,-0.450285,0.731946,347661.93,624,54.8077
0.03000,0.03000,0.00400,0.939769,0.331226,-0.458188,0.722903,353046.26,624,53.8462
0.06500,0.03000,0.00800,0.939620,0.348308,-0.522797,0.666240,413821.19,624,49.6795
0.04500,0.04000,0.01400,0.939416,0.334730,-0.434798,0.769852,364797.86,624,51.1218
0.06500,0.02500,0.00200,0.939370,0.352606,-0.553826,0.636674,430558.33,624,49.3590
0.09500,0.10500,0.00900,0.939200,0.378882,-0.557118,0.680075,547167.75,624,42.1474
0.08500,0.04000,0.00700,0.939151,0.350636,-0.445153,0.787675,422810.46,624,46.9551
0.09500,0.14500,0.00100,0.939089,0.385311,-0.546305,0.705305,579812.32,624,38.9423
0.01500,0.03000,0.01300,0.938970,0.315998,-0.443236,0.712934,305907.01,624,61.6987
0.09000,0.14500,0.00100,0.938889,0.384074,-0.546279,0.703074,573395.86,624,39.1026
0.05000,0.02000,0.01900,0.938827,0.333439,-0.463979,0.718652,360428.96,624,57.2115
0.06500,0.02500,0.02000,0.938751,0.343900,-0.546456,0.629327,397277.11,624,55.7692
0.10000,0.03000,0.01500,0.938717,0.348687,-0.545859,0.638785,415270.58,624,51.7628
0.04500,0.02000,0.02000,0.938498,0.333305,-0.462797,0.720196,359975.19,624,58.4936
0.07500,0.03000,0.00300,0.938425,0.354421,-0.505696,0.700858,437808.69,624,47.7564
0.01500,0.03000,0.00900,0.938269,0.319361,-0.445939,0.716154,315789.11,624,60.7372
0.03000,0.02000,0.01300,0.938233,0.323508,-0.425891,0.759604,328379.82,624,58.6538
0.10000,0.03500,0.00900,0.938189,0.353693,-0.491303,0.719907,434885.67,624,48.2372
0.09000,0.02500,0.00800,0.937782,0.349402,-0.569115,0.613940,418023.62,624,50.0000
0.08000,0.04500,0.01000,0.937744,0.351801,-0.441789,0.796310,427374.47,624,47.1154
0.04500,0.03000,0.01100,0.937740,0.334516,-0.501495,0.667038,364072.52,624,52.8846
0.03500,0.03000,0.01900,0.937639,0.322434,-0.436777,0.738211,325073.69,624,56.7308
0.04500,0.04000,0.01900,0.937594,0.333817,-0.434651,0.768013,361704.10,624,52.7244
0.10000,0.03000,0.01200,0.937458,0.349385,-0.536067,0.651756,417957.89,624,49.8397
0.07500,0.03000,0.00200,0.937378,0.354403,-0.502973,0.704616,437736.13,624,47.7564
0.07000,0.05000,0.01900,0.937219,0.349563,-0.434984,0.803624,418645.47,624,48.8782
0.08000,0.03000,0.01500,0.937101,0.345479,-0.545834,0.632939,403134.45,624,51.9231
0.09000,0.02500,0.01200,0.937026,0.346757,-0.541680,0.640150,407927.49,624,51.2821
0.03500,0.03000,0.01000,0.936917,0.327396,-0.457518,0.715591,340598.61,624,54.3269
0.06000,0.02000,0.00300,0.936887,0.350911,-0.504446,0.695636,423883.04,624,50.1603
0.08000,0.02000,0.01000,0.936840,0.350105,-0.521863,0.670876,420742.85,624,52.0833
0.09000,0.03000,0.01700,0.936801,0.349601,-0.505921,0.691019,418790.60,624,52.8846
0.06500,0.03000,0.00400,0.936685,0.349265,-0.509114,0.686025,417493.51,624,48.7179
0.08000,0.02500,0.01800,0.936645,0.344640,-0.535073,0.644099,400010.96,624,54.0064
0.09500,0.04000,0.01600,0.936292,0.348848,-0.451082,0.773359,415888.96,624,49.6795
0.10000,0.03000,0.01300,0.936240,0.347903,-0.539312,0.645088,412276.06,624,50.9615
0.08000,0.04500,0.00900,0.936175,0.351118,-0.440515,0.797063,424692.69,624,46.6346
0.07000,0.02500,0.00800,0.936126,0.345109,-0.564992,0.610821,401753.16,624,50.4808
0.03000,0.02000,0.00800,0.936031,0.326239,-0.438900,0.743311,336920.93,624,56.2500
0.10000,0.03000,0.00300,0.935814,0.357336,-0.505675,0.706651,449690.76,624,47.4359
0.07000,0.03500,0.01400,0.935649,0.343606,-0.504128,0.681584,396196.24,624,50.4808
0.08000,0.03000,0.01200,0.935565,0.346245,-0.536028,0.645947,406003.19,624,50.0000
0.09500,0.09500,0.00100,0.935388,0.377628,-0.545392,0.692398,541000.09,624,39.5833
0.03500,0.03000,0.02000,0.935336,0.322155,-0.441225,0.730137,324219.90,624,57.5321
0.09500,0.04000,0.01700,0.935320,0.348017,-0.451870,0.770169,412707.67,624,50.4808
0.08500,0.02500,0.01300,0.935299,0.344190,-0.536139,0.641979,398347.12,624,52.4038
0.09500,0.10500,0.01100,0.935230,0.376168,-0.517899,0.726334,533899.26,624,42.7885
0.06000,0.04000,0.01100,0.935094,0.344042,-0.452713,0.759956,397801.07,624,49.1987
0.05000,0.04000,0.00900,0.934833,0.339315,-0.445523,0.761611,380721.39,624,49.0385
0.08000,0.04000,0.01300,0.934757,0.343600,-0.447992,0.766977,396174.87,624,48.7179
0.07500,0.03000,0.01500,0.934721,0.343849,-0.545863,0.629917,397090.97,624,51.9231
0.09500,0.04500,0.01000,0.934708,0.351351,-0.441605,0.795622,425606.28,624,46.9551
0.10000,0.04000,0.01800,0.934685,0.347655,-0.453189,0.767131,411330.11,624,50.4808
0.09000,0.04000,0.01600,0.934526,0.347450,-0.451104,0.770221,410550.49,624,49.6795
0.08000,0.03000,0.01300,0.934486,0.344820,-0.539283,0.639404,400679.35,624,51.1218
0.07000,0.02500,0.01400,0.934464,0.341183,-0.544701,0.626366,387387.24,624,53.0449
0.05500,0.04000,0.00900,0.934428,0.341249,-0.445514,0.765966,387625.12,624,48.7179
0.09500,0.04000,0.00800,0.934400,0.348109,-0.447919,0.777169,413058.85,624,46.7949
0.07000,0.04000,0.00100,0.934068,0.351332,-0.434040,0.809446,425531.88,624,45.1923
0.01500,0.02000,0.01000,0.934009,0.310230,-0.397601,0.780255,289617.68,624,62.9808
0.01500,0.03500,0.01800,0.933985,0.314376,-0.528009,0.595400,301243.55,624,61.8590
0.09500,0.02500,0.01000,0.933864,0.345758,-0.534165,0.647287,404175.02,624,50.9615
0.08500,0.02500,0.01000,0.933804,0.344463,-0.524725,0.656464,399357.88,624,51.1218
0.07500,0.02000,0.01000,0.933719,0.348018,-0.526874,0.660534,412711.63,624,52.0833
0.01500,0.03500,0.01000,0.933413,0.317885,-0.471890,0.673642,311416.18,624,60.4167
0.06000,0.04000,0.00900,0.933408,0.343357,-0.445445,0.770817,395283.14,624,48.2372
0.01500,0.02500,0.01900,0.933241,0.309492,-0.430483,0.718943,287592.26,624,63.6218
0.09000,0.04000,0.01700,0.933202,0.346432,-0.451864,0.766673,406704.55,624,50.4808
0.01500,0.04000,0.01100,0.933197,0.319603,-0.476113,0.671274,316509.99,624,60.7372
0.01500,0.04500,0.02000,0.933100,0.316248,-0.507106,0.623633,306631.65,624,62.1795
0.07000,0.04500,0.01800,0.933024,0.345364,-0.433707,0.796306,402703.68,624,50.0000
0.07500,0.03000,0.01200,0.932986,0.344512,-0.536101,0.642624,399537.80,624,50.0000
0.09500,0.04500,0.00900,0.932981,0.350574,-0.440706,0.795483,422569.27,624,46.4744
0.08000,0.02000,0.01600,0.932760,0.346490,-0.518383,0.668405,406923.85,624,54.6474
0.05000,0.02000,0.00400,0.932718,0.340608,-0.484764,0.702627,385325.59,624,51.7628
0.05500,0.02000,0.00300,0.932631,0.345644,-0.504443,0.685199,403747.75,624,50.9615
0.08500,0.04500,0.01300,0.932566,0.346275,-0.445112,0.777950,406115.18,624,47.9167
0.07500,0.02500,0.01800,0.932535,0.342043,-0.539913,0.633516,390495.85,624,54.0064
0.07000,0.03000,0.01600,0.932062,0.342582,-0.508417,0.673820,392451.93,624,52.5641
0.07500,0.03000,0.01300,0.932003,0.343151,-0.539348,0.636233,394528.27,624,51.1218
0.08500,0.02500,0.01100,0.931996,0.343711,-0.530421,0.647997,396584.54,624,51.7628
0.06500,0.02500,0.00300,0.931967,0.347414,-0.549335,0.632427,410416.90,624,49.5192
0.09500,0.02500,0.01100,0.931723,0.344832,-0.539767,0.638854,400725.23,624,51.6026
0.08000,0.02500,0.00200,0.931660,0.351657,-0.546660,0.643283,426809.97,624,48.5577
0.03000,0.02000,0.00700,0.931624,0.325226,-0.435379,0.746995,333727.33,624,56.0897
0.06500,0.03000,0.01900,0.931567,0.338622,-0.517237,0.654673,378272.31,624,53.3654
0.03000,0.03000,0.00900,0.931270,0.321978,-0.469354,0.686002,323680.50,624,54.9679
0.03500,0.02000,0.01800,0.931044,0.321143,-0.428206,0.749974,321144.66,624,58.8141
0.09000,0.02500,0.01300,0.930948,0.342832,-0.545418,0.628568,393363.75,624,52.2436
0.06500,0.02000,0.00600,0.930749,0.345932,-0.568159,0.608865,404828.89,624,50.8013
0.07000,0.02500,0.01200,0.930550,0.339911,-0.537182,0.632767,382834.88,624,51.6026
0.01500,0.03000,0.01800,0.930047,0.311378,-0.518579,0.600445,292794.78,624,62.5000
0.03000,0.02000,0.01100,0.929951,0.320682,-0.444104,0.722086,319748.66,624,58.0128
0.02000,0.02000,0.00900,0.929897,0.308908,-0.424012,0.728535,285997.14,624,60.8974
0.08000,0.04000,0.01800,0.929727,0.341149,-0.452864,0.753314,387265.69,624,50.6410
0.07500,0.02000,0.01600,0.929708,0.344450,-0.521045,0.661076,399309.29,624,54.6474
0.06500,0.03000,0.02000,0.929411,0.338503,-0.520134,0.650800,377856.21,624,54.1667
0.03000,0.03000,0.01000,0.929307,0.320571,-0.497796,0.643980,319414.96,624,55.6090
0.08000,0.02000,0.01700,0.929231,0.344136,-0.519911,0.661913,398149.31,624,55.2885
0.06000,0.04500,0.01100,0.929195,0.344471,-0.449433,0.766457,399385.51,624,48.2372
0.02500,0.02500,0.01900,0.929082,0.310405,-0.452646,0.685756,290099.61,624,61.0577
0.05500,0.04000,0.01100,0.929078,0.338018,-0.452775,0.746548,376153.33,624,49.6795
0.09000,0.04000,0.00800,0.929039,0.344748,-0.447879,0.769735,400414.63,624,46.7949
0.05000,0.04000,0.01100,0.928883,0.335821,-0.452738,0.741756,368531.15,624,50.0000
0.08000,0.02500,0.00300,0.928741,0.348924,-0.548085,0.636624,416181.48,624,48.8782
0.01500,0.02000,0.01200,0.928579,0.307209,-0.400854,0.766385,281406.58,624,63.1410
0.07000,0.03500,0.00100,0.928561,0.350584,-0.491918,0.712687,422605.57,624,46.4744
0.09000,0.04500,0.01000,0.928225,0.347340,-0.441677,0.786413,410136.12,624,46.9551
0.08500,0.10000,0.00100,0.928192,0.373223,-0.545364,0.684355,519839.57,624,39.5833
0.02500,0.02000,0.01000,0.928117,0.316542,-0.440029,0.719365,307484.96,624,58.9744
0.06500,0.03000,0.00500,0.928030,0.342592,-0.512556,0.668399,392487.62,624,48.8782
0.07500,0.04500,0.01000,0.927996,0.346303,-0.428627,0.807934,406217.70,624,47.1154
0.09500,0.02500,0.00700,0.927899,0.345030,-0.554426,0.622319,401458.85,624,49.6795
0.08500,0.04500,0.01500,0.927859,0.343504,-0.447267,0.768005,395821.75,624,48.5577
0.07500,0.04000,0.01300,0.927831,0.339800,-0.428311,0.793349,382441.14,624,48.7179
0.07500,0.02500,0.00200,0.927642,0.349076,-0.546826,0.638368,416766.58,624,48.5577
0.01500,0.02000,0.01700,0.927557,0.304506,-0.478634,0.636199,274245.36,624,64.7436
0.08500,0.15000,0.00100,0.927356,0.375210,-0.545424,0.687925,529291.73,624,39.2628
0.08500,0.04000,0.00100,0.926732,0.348483,-0.433852,0.803231,414491.11,624,44.8718
0.08500,0.03500,0.00100,0.926686,0.350911,-0.478927,0.732703,423883.41,624,46.1538
0.09000,0.04500,0.00900,0.926503,0.346566,-0.440505,0.786747,407208.50,624,46.4744
0.07500,0.02000,0.01700,0.926338,0.342189,-0.523960,0.653083,391025.26,624,55.2885
0.07500,0.04500,0.00900,0.926077,0.345445,-0.427525,0.808011,403005.56,624,46.6346
0.08500,0.14500,0.00100,0.926070,0.374259,-0.545350,0.686273,524747.65,624,39.2628
0.09500,0.11000,0.00100,0.925877,0.374231,-0.546303,0.685025,524616.20,624,39.1026
0.02500,0.02500,0.00200,0.925767,0.321952,-0.529649,0.607859,323601.32,624,56.8910
0.09500,0.03500,0.01000,0.925661,0.345974,-0.492855,0.701979,404984.74,624,48.8782
0.01500,0.04000,0.01900,0.925220,0.311106,-0.500982,0.620992,292038.25,624,61.6987
0.03000,0.02000,0.01800,0.925208,0.316286,-0.416148,0.760032,306740.52,624,59.9359
0.01500,0.03500,0.01900,0.925163,0.309292,-0.503841,0.613868,287044.73,624,61.8590
0.10000,0.10500,0.00100,0.924950,0.372936,-0.546265,0.682701,518489.46,624,39.1026
0.07000,0.02500,0.01300,0.924841,0.336237,-0.541022,0.621486,369964.88,624,52.5641
0.07500,0.02500,0.00300,0.924820,0.346378,-0.549335,0.630541,406501.19,624,48.8782
0.09000,0.02500,0.01000,0.924629,0.340236,-0.534151,0.636966,383995.19,624,50.9615
0.08000,0.02500,0.02000,0.924408,0.339905,-0.541591,0.627605,382816.58,624,55.1282
0.06500,0.02500,0.00100,0.924360,0.345734,-0.549765,0.628877,404087.32,624,49.1987
0.04000,0.02000,0.01900,0.924191,0.320721,-0.423059,0.758100,319867.80,624,58.0128
0.09500,0.02500,0.00900,0.923978,0.341243,-0.572141,0.596432,387605.90,624,50.3205
0.06500,0.03000,0.00700,0.923956,0.340422,-0.501426,0.678908,384660.62,624,49.5192
0.02500,0.02000,0.01500,0.923776,0.311304,-0.397697,0.782765,292587.10,624,60.7372
0.07500,0.04000,0.01800,0.923710,0.337648,-0.433489,0.778908,374859.18,624,50.6410
0.08500,0.03000,0.01600,0.923662,0.340038,-0.504450,0.674077,383289.95,624,52.4038
0.06500,0.02500,0.01900,0.923610,0.333763,-0.543249,0.614382,361518.93,624,54.8077
0.08500,0.02500,0.00900,0.923544,0.339788,-0.563433,0.603066,382397.77,624,50.4808
0.06500,0.04500,0.01100,0.923477,0.341878,-0.449381,0.760776,389896.09,624,48.0769
0.10000,0.03000,0.00100,0.923456,0.352247,-0.498664,0.706380,429133.00,624,47.2756
0.09500,0.03000,0.00200,0.923366,0.350524,-0.502952,0.696933,422372.07,624,47.4359
0.07000,0.03000,0.01700,0.923201,0.337431,-0.511225,0.660044,374103.84,624,53.0449
0.07000,0.04500,0.01300,0.923022,0.339860,-0.436800,0.778067,382654.05,624,48.0769
0.02000,0.02000,0.01700,0.923009,0.302750,-0.467553,0.647522,269681.80,624,63.6218
0.07000,0.02500,0.01000,0.922712,0.336194,-0.533576,0.630076,369813.33,624,51.2821
0.09000,0.10500,0.00100,0.922667,0.370820,-0.546293,0.678792,508620.30,624,39.2628
0.09000,0.02500,0.01100,0.922400,0.339269,-0.539758,0.628558,380559.05,624,51.6026
0.08000,0.03000,0.00800,0.922370,0.341946,-0.522807,0.654057,390141.19,624,49.0385
0.09500,0.04000,0.01300,0.922322,0.338339,-0.447578,0.755933,377279.29,624,48.5577
0.08000,0.03000,0.00400,0.922249,0.344268,-0.509029,0.676323,398636.48,624,48.0769
0.06500,0.03500,0.01100,0.922201,0.340198,-0.494302,0.688240,383860.83,624,50.0000
0.08000,0.02000,0.00600,0.922183,0.344570,-0.555710,0.620053,399752.42,624,50.1603
0.10000,0.03000,0.01400,0.922039,0.339216,-0.542551,0.625224,380369.00,624,51.2821
0.02500,0.02000,0.00800,0.921988,0.315642,-0.438801,0.719327,304876.12,624,58.1731
0.08000,0.03500,0.01000,0.921973,0.342490,-0.492878,0.694879,392119.13,624,49.0385
0.08500,0.10500,0.00100,0.921934,0.369411,-0.545380,0.677345,502147.83,624,39.4231
0.01500,0.03000,0.01900,0.921857,0.306567,-0.494017,0.620560,279691.50,624,62.5000
0.10000,0.04500,0.01100,0.921588,0.344754,-0.442984,0.778252,400434.06,624,47.2756
0.10000,0.03000,0.00800,0.921549,0.343761,-0.522803,0.657534,396767.85,624,48.7179
0.08500,0.02500,0.00700,0.921292,0.340028,-0.553531,0.614289,383252.74,624,49.8397
0.07000,0.02500,0.01100,0.921174,0.335587,-0.542476,0.618620,367726.07,624,51.9231
0.01500,0.03500,0.01100,0.920610,0.311966,-0.479099,0.651152,294434.04,624,61.0577
0.09000,0.04000,0.01300,0.920604,0.337149,-0.447417,0.753546,373122.44,624,48.5577
0.07500,0.02500,0.02000,0.920349,0.337356,-0.546433,0.617378,373840.31,624,55.1282
0.06500,0.02000,0.00900,0.920243,0.338440,-0.564782,0.599239,377632.47,624,51.7628
0.08000,0.03000,0.01400,0.920234,0.336171,-0.542648,0.619501,369735.57,624,51.4423
0.08500,0.04500,0.01900,0.920060,0.339514,-0.451964,0.751199,381427.22,624,49.8397
0.07500,0.03000,0.00800,0.919995,0.340337,-0.522811,0.650974,384354.84,624,49.0385
0.07500,0.03000,0.00400,0.919761,0.342556,-0.509041,0.672944,392356.55,624,48.0769
0.07000,0.04500,0.01500,0.919621,0.337639,-0.430511,0.784276,374829.57,624,48.7179
0.09500,0.03500,0.00900,0.919342,0.342983,-0.491253,0.698180,393915.38,624,48.2372
0.07500,0.02000,0.00600,0.919226,0.342586,-0.560305,0.611428,392467.67,624,50.1603
0.04000,0.02000,0.00300,0.918788,0.330283,-0.473277,0.697863,349942.53,624,52.7244
0.10000,0.04000,0.02000,0.918578,0.339155,-0.455345,0.744831,380154.51,624,51.4423
0.07500,0.03500,0.01000,0.918578,0.340332,-0.492827,0.690572,384338.74,624,49.0385
0.09000,0.02500,0.00700,0.918552,0.339437,-0.554411,0.612249,381153.50,624,49.6795
0.02500,0.02000,0.00600,0.918543,0.314962,-0.430984,0.730797,302919.33,624,57.3718
0.10000,0.03500,0.01100,0.918466,0.342285,-0.494436,0.692275,391374.04,624,49.1987
0.01500,0.02000,0.01100,0.918367,0.303173,-0.399036,0.759763,270773.65,624,63.6218
0.06000,0.02000,0.00400,0.918358,0.339127,-0.521762,0.649966,380055.83,624,50.3205
0.04500,0.02000,0.00300,0.918134,0.332724,-0.487498,0.682513,358025.97,624,51.9231
0.01000,0.02000,0.02000,0.918124,0.294660,-0.436679,0.674775,249545.53,624,67.4679
0.06500,0.02000,0.00800,0.918006,0.338561,-0.555502,0.609469,378058.72,624,51.4423
0.08500,0.04500,0.01400,0.917992,0.337589,-0.446304,0.756410,374651.98,624,48.2372
0.06500,0.02000,0.01200,0.917970,0.335498,-0.524599,0.639532,367420.85,624,52.8846
0.02000,0.02000,0.01000,0.917883,0.303018,-0.426697,0.710148,270372.09,624,61.5385
0.08000,0.03000,0.00100,0.917768,0.345075,-0.498639,0.692034,401628.80,624,47.5962
0.07500,0.03000,0.01400,0.917740,0.334494,-0.542536,0.616538,363997.74,624,51.4423
0.06500,0.02500,0.00400,0.917531,0.338093,-0.552453,0.611985,376415.59,624,49.6795
0.01500,0.02000,0.01400,0.917201,0.299934,-0.407274,0.736443,262507.10,624,63.7821
0.03000,0.03000,0.01100,0.917013,0.314890,-0.505437,0.623005,302712.48,624,56.2500
0.02500,0.02500,0.00300,0.916882,0.316188,-0.528725,0.598020,306457.00,624,56.8910
0.05000,0.02000,0.00500,0.916853,0.330150,-0.495967,0.665669,349507.31,624,51.9231
0.09500,0.03000,0.01500,0.916687,0.336305,-0.545853,0.616109,370198.37,624,51.7628
0.09500,0.04000,0.01800,0.916633,0.337570,-0.452989,0.745206,374586.04,624,50.4808
0.10000,0.02500,0.01800,0.916555,0.338369,-0.544338,0.621616,377384.45,624,53.6859
0.10000,0.03000,0.00400,0.916424,0.343183,-0.509108,0.674087,394646.09,624,47.7564
0.07000,0.02500,0.00700,0.916171,0.334937,-0.553483,0.605144,365504.17,624,50.1603
0.09000,0.03000,0.00200,0.916052,0.345811,-0.502935,0.687586,404374.08,624,47.4359
0.09500,0.03000,0.01200,0.915575,0.337026,-0.536064,0.628704,372692.19,624,49.8397
0.09500,0.10500,0.00100,0.915474,0.366942,-0.546281,0.671709,490985.01,624,39.1026
0.02500,0.02000,0.00900,0.915431,0.310902,-0.436645,0.712025,291473.97,624,58.0128
0.07500,0.03000,0.00100,0.915384,0.343417,-0.498706,0.688616,395503.25,624,47.5962
0.08000,0.03500,0.00900,0.915359,0.339378,-0.491325,0.690739,380942.39,624,48.3974
0.03500,0.03000,0.01100,0.915337,0.316561,-0.464647,0.681294,307541.53,624,54.8077
0.03500,0.02000,0.00100,0.915120,0.326152,-0.444966,0.732982,336644.20,624,54.0064
0.01500,0.03000,0.01000,0.915076,0.307891,-0.474321,0.649119,283240.91,624,60.8974
0.09000,0.02500,0.00900,0.914705,0.335719,-0.572142,0.586776,368180.91,624,50.3205
0.02500,0.02000,0.01200,0.914644,0.309219,-0.447003,0.691760,286845.92,624,59.1346
0.09500,0.03000,0.00300,0.914624,0.344943,-0.505710,0.682096,401135.60,624,47.4359
0.05500,0.02000,0.00400,0.914595,0.334257,-0.521677,0.640736,363192.66,624,51.1218
0.10000,0.02500,0.00200,0.914519,0.346126,-0.551184,0.627969,405555.53,624,48.0769
0.09500,0.03000,0.01300,0.914482,0.335653,-0.539371,0.622304,367952.57,624,50.9615
0.02500,0.02000,0.00700,0.914473,0.313184,-0.435156,0.719704,297856.04,624,58.0128
0.09000,0.04000,0.01800,0.914397,0.335957,-0.453199,0.741303,369000.04,624,50.4808
0.06500,0.02000,0.01100,0.914289,0.333780,-0.539531,0.618649,361579.26,624,53.2051
0.08500,0.03000,0.01700,0.914233,0.334587,-0.505922,0.661342,364313.98,624,52.8846
0.06500,0.04000,0.01000,0.914074,0.333506,-0.448813,0.743086,360654.02,624,48.2372
0.10000,0.04000,0.01500,0.913932,0.333999,-0.449781,0.742581,362317.91,624,49.0385
0.10000,0.03000,0.00500,0.913841,0.340146,-0.512568,0.663611,383672.51,624,47.9167
0.08000,0.02500,0.00400,0.913761,0.339259,-0.549464,0.617437,380522.24,624,49.0385
0.08000,0.03000,0.01800,0.913734,0.333178,-0.507415,0.656618,359548.85,624,52.7244
0.10000,0.02000,0.01000,0.913701,0.340087,-0.531363,0.640028,383464.14,624,51.7628
0.08000,0.04000,0.02000,0.913604,0.332783,-0.455261,0.730972,358224.94,624,51.6026
0.10000,0.02000,0.01600,0.913402,0.340748,-0.525642,0.648251,385826.42,624,54.3269
0.08000,0.03000,0.00500,0.913047,0.337366,-0.512491,0.658286,373875.71,624,48.2372
0.09000,0.03000,0.01500,0.912912,0.333821,-0.545858,0.611552,361715.74,624,51.7628
0.01500,0.02000,0.01500,0.912805,0.298007,-0.452723,0.658254,257700.84,624,64.1026
0.08500,0.04000,0.01600,0.912609,0.332952,-0.450812,0.738560,358789.95,624,49.6795
0.02500,0.02000,0.01300,0.912376,0.307259,-0.428590,0.716908,281542.38,624,60.0962
0.07000,0.02500,0.00900,0.912366,0.331530,-0.567947,0.583735,354053.18,624,50.6410
0.07500,0.03500,0.00900,0.912183,0.337319,-0.491272,0.686623,373710.83,624,48.3974
0.10000,0.04000,0.01900,0.911911,0.334934,-0.454325,0.737212,365493.30,624,50.4808
0.09000,0.03000,0.01200,0.911843,0.334734,-0.536060,0.624433,364810.89,624,49.8397
0.10000,0.02500,0.02000,0.911804,0.337673,-0.550767,0.613096,374947.34,624,54.8077
0.06500,0.02000,0.01500,0.911762,0.330808,-0.534667,0.618718,351669.39,624,54.6474
0.07000,0.03000,0.00200,0.911578,0.339071,-0.510621,0.664036,379855.64,624,47.9167
0.06000,0.02000,0.00500,0.911574,0.333430,-0.532420,0.626254,360397.67,624,50.8013
0.07500,0.03000,0.01800,0.911499,0.331657,-0.507378,0.653668,354472.12,624,52.7244
0.08500,0.04000,0.01700,0.911478,0.332062,-0.452037,0.734591,355819.74,624,50.4808
0.02500,0.02000,0.01400,0.911041,0.305852,-0.430357,0.710694,277790.56,624,60.2564
0.10000,0.02500,0.00300,0.911033,0.343124,-0.553641,0.619759,394430.88,624,48.3974
0.07000,0.04000,0.00800,0.910957,0.332701,-0.447524,0.743427,357951.97,624,47.1154
0.03500,0.02000,0.00200,0.910820,0.324717,-0.493783,0.657609,332133.65,624,53.8462
0.07500,0.03000,0.00500,0.910605,0.335718,-0.512533,0.655018,368177.44,624,48.2372
0.09000,0.03000,0.01300,0.910584,0.333282,-0.539385,0.617892,359899.46,624,50.9615
0.08000,0.02000,0.00900,0.909949,0.336189,-0.553290,0.607618,369797.31,624,51.1218
0.08000,0.02500,0.01900,0.909759,0.330041,-0.538343,0.613069,349153.08,624,54.1667
0.02000,0.02000,0.01500,0.909697,0.296933,-0.440684,0.673801,255058.77,624,62.9808
0.07500,0.02500,0.00400,0.909589,0.336624,-0.552457,0.609321,371299.24,624,49.0385
0.07000,0.04500,0.01900,0.909496,0.332297,-0.434686,0.764454,356602.36,624,50.0000
0.10000,0.02000,0.01700,0.909470,0.338175,-0.528428,0.639965,376704.16,624,54.9679
0.07000,0.04500,0.01400,0.908912,0.331504,-0.440701,0.752220,353966.37,624,48.3974
0.06500,0.02500,0.00500,0.908893,0.331527,-0.555557,0.596746,354041.55,624,50.0000
0.01500,0.03500,0.02000,0.908460,0.302155,-0.511944,0.590210,268149.90,624,62.3397
0.08000,0.04000,0.01500,0.908398,0.329262,-0.450059,0.731598,346614.30,624,49.1987
0.08000,0.02000,0.00800,0.908329,0.336577,-0.550842,0.611022,371136.73,624,50.8013
0.06500,0.02000,0.01400,0.908259,0.329085,-0.558430,0.589304,346038.91,624,54.1667
0.01500,0.02000,0.01300,0.908183,0.296864,-0.418667,0.709071,254890.06,624,63.6218
0.06500,0.02000,0.01300,0.908088,0.329555,-0.527962,0.624201,347564.21,624,53.8462
0.09000,0.03500,0.01000,0.908035,0.335689,-0.492889,0.681064,368077.19,624,48.8782
0.04500,0.02000,0.01900,0.907780,0.315723,-0.460734,0.685260,305111.26,624,57.3718
0.10000,0.03000,0.01800,0.907706,0.333837,-0.507342,0.658011,361768.51,624,52.5641
0.08000,0.03000,0.00700,0.907648,0.334484,-0.501436,0.667051,363961.96,624,48.8782
0.08000,0.02500,0.00100,0.907606,0.339786,-0.545316,0.623098,382390.02,624,48.3974
0.07500,0.04000,0.02000,0.907594,0.329316,-0.435664,0.755894,346786.96,624,51.6026
0.01500,0.02000,0.00200,0.907500,0.309274,-0.564903,0.547482,286995.96,624,62.6603
0.01500,0.04000,0.02000,0.907491,0.303281,-0.509377,0.595397,271053.50,624,62.1795
0.10000,0.03000,0.00700,0.907323,0.336460,-0.501464,0.670955,370733.43,624,48.5577
0.08500,0.04000,0.00800,0.907288,0.332220,-0.447961,0.741628,356345.17,624,46.7949
0.08000,0.02000,0.01200,0.907272,0.333151,-0.519492,0.641300,359457.56,624,52.2436
0.09000,0.03000,0.00300,0.907017,0.340124,-0.505709,0.672569,383594.03,624,47.4359
0.10000,0.02000,0.00600,0.906902,0.338925,-0.550834,0.615295,379343.09,624,49.6795
0.07500,0.02000,0.00900,0.906889,0.334159,-0.558012,0.598838,362858.73,624,51.1218
0.07000,0.03000,0.00300,0.906665,0.335858,-0.505620,0.664250,368658.47,624,47.7564
0.08000,0.04000,0.01900,0.906618,0.328466,-0.454416,0.722832,344036.95,624,50.6410
0.08000,0.04500,0.01100,0.906539,0.335025,-0.442913,0.756411,365803.74,624,47.4359
0.02500,0.02500,0.00500,0.906131,0.306976,-0.468392,0.655382,280782.23,624,57.2115
0.07500,0.02500,0.01900,0.905716,0.327532,-0.543219,0.602947,341034.68,624,54.1667
0.07000,0.04000,0.01600,0.905403,0.327628,-0.431675,0.758968,341340.72,624,49.8397
0.07500,0.02000,0.00800,0.905283,0.334552,-0.554871,0.602936,364192.32,624,50.8013
0.06500,0.04000,0.01100,0.905078,0.328955,-0.452709,0.726638,345618.26,624,48.7179
0.07500,0.03000,0.00700,0.905040,0.332751,-0.501578,0.663408,358116.83,624,48.8782
0.06500,0.04000,0.00900,0.904774,0.328945,-0.445469,0.738423,345584.19,624,47.7564
0.02000,0.02000,0.01200,0.904601,0.296369,-0.432794,0.684781,253679.44,624,61.5385
0.08000,0.02500,0.00500,0.904428,0.332309,-0.550883,0.603229,356640.79,624,49.3590
0.01500,0.03000,0.02000,0.904311,0.299115,-0.502430,0.595335,260454.41,624,62.9808
0.07000,0.04000,0.01700,0.904288,0.326735,-0.432678,0.755146,338492.69,624,50.6410
0.08000,0.02000,0.01100,0.904238,0.331725,-0.527387,0.628996,354697.84,624,52.5641
0.08500,0.04500,0.01000,0.904101,0.333637,-0.441632,0.755466,361096.67,624,46.9551
0.10000,0.04000,0.01400,0.904042,0.327972,-0.449034,0.730394,342444.77,624,48.7179
0.07500,0.02000,0.01200,0.904024,0.331034,-0.524560,0.631070,352413.72,624,52.2436
0.06500,0.02000,0.00700,0.904010,0.331712,-0.580500,0.571424,354654.37,624,51.1218
0.01500,0.02500,0.02000,0.903887,0.296483,-0.436956,0.678519,253958.11,624,64.1026
0.07500,0.02500,0.00100,0.903723,0.337305,-0.545260,0.618613,373662.57,624,48.3974
0.02500,0.02500,0.02000,0.903381,0.298969,-0.458535,0.652008,260089.97,624,61.6987
0.05500,0.02000,0.00500,0.903291,0.326230,-0.532427,0.612723,336891.86,624,51.4423
0.09500,0.04500,0.01100,0.903256,0.334394,-0.442984,0.754866,363656.17,624,47.2756
0.08500,0.04500,0.00900,0.902637,0.333008,-0.440733,0.755579,358980.29,624,46.4744
0.07500,0.04000,0.01500,0.902336,0.325796,-0.430572,0.756659,335520.18,624,49.1987
0.02500,0.02000,0.01100,0.902305,0.303682,-0.444055,0.683883,272094.49,624,59.4551
0.09500,0.03000,0.00100,0.902270,0.339836,-0.498652,0.681509,382569.62,624,47.2756
0.01500,0.03000,0.01100,0.902201,0.302007,-0.481458,0.627275,267770.11,624,61.5385
0.08000,0.03000,0.01900,0.901977,0.326258,-0.508964,0.641024,336979.53,624,52.7244
0.07000,0.03000,0.01500,0.901945,0.325365,-0.545713,0.596220,334163.83,624,51.9231
0.09000,0.03500,0.00900,0.901534,0.332619,-0.491304,0.677013,357677.93,624,48.2372
0.07500,0.02000,0.01100,0.901319,0.329794,-0.532283,0.619585,348346.18,624,52.5641
0.07500,0.04000,0.01900,0.901065,0.325271,-0.434793,0.748105,333868.48,624,50.6410
0.02500,0.02500,0.00100,0.901039,0.310968,-0.489106,0.635790,291656.88,624,56.7308
0.04500,0.02000,0.00400,0.900996,0.322057,-0.443543,0.726100,323921.67,624,52.0833
0.10000,0.03000,0.02000,0.900723,0.330486,-0.511551,0.646047,350609.55,624,53.3654
0.07500,0.02500,0.00500,0.900400,0.329783,-0.555653,0.593505,348309.32,624,49.3590
0.07000,0.03000,0.01200,0.900330,0.325978,-0.536008,0.608160,336095.84,624,50.0000
0.01500,0.02000,0.00100,0.900316,0.306635,-0.528875,0.579786,279870.79,624,62.9808
0.09500,0.04000,0.02000,0.900256,0.328986,-0.455265,0.722624,345716.17,624,51.4423
0.09500,0.03000,0.00800,0.900012,0.331515,-0.522786,0.634132,354003.91,624,48.7179
0.09500,0.03000,0.01400,0.899929,0.326899,-0.542580,0.602489,339013.68,624,51.2821
0.09500,0.02000,0.01000,0.899583,0.331973,-0.531397,0.624717,355521.26,624,51.7628
0.09500,0.03500,0.01100,0.899554,0.331654,-0.494401,0.670819,354462.85,624,49.1987
0.07500,0.03000,0.01900,0.899509,0.324634,-0.508948,0.637852,331874.81,624,52.7244
0.08000,0.03000,0.02000,0.899472,0.325880,-0.511553,0.637041,335785.47,624,53.5256
0.09500,0.02000,0.01600,0.899390,0.332665,-0.525560,0.632974,357831.30,624,54.3269
0.07000,0.03000,0.01300,0.899181,0.324601,-0.539267,0.601931,331773.37,624,51.1218
0.08000,0.02000,0.01500,0.899110,0.327471,-0.529600,0.618337,340839.34,624,54.0064
0.08500,0.02500,0.01800,0.898975,0.325070,-0.535064,0.607536,333240.42,624,53.8462
0.08500,0.04000,0.01300,0.898758,0.324743,-0.447467,0.725735,332214.95,624,48.5577
0.08000,0.04000,0.01400,0.898454,0.323412,-0.448943,0.720386,328082.16,624,48.8782
0.09000,0.04000,0.02000,0.898233,0.327486,-0.455668,0.718693,340886.20,624,51.4423
0.09500,0.02500,0.01800,0.897901,0.327817,-0.544319,0.602252,341949.45,624,53.6859
0.03500,0.02000,0.01900,0.897709,0.304549,-0.430138,0.708026,274356.13,624,58.8141
0.04000,0.02000,0.00400,0.897343,0.317431,-0.415639,0.763718,310082.69,624,52.7244
0.03500,0.02000,0.02000,0.897246,0.304768,-0.443241,0.687589,274930.18,624,59.7756
0.07500,0.03000,0.02000,0.896926,0.324212,-0.511618,0.633699,330560.33,624,53.5256
0.08000,0.02000,0.01300,0.896856,0.326904,-0.522974,0.625087,339031.28,624,53.2051
0.08500,0.02000,0.01000,0.896856,0.328850,-0.521865,0.630144,345277.02,624,51.9231
0.09000,0.04500,0.01100,0.896717,0.330409,-0.442841,0.746112,350357.42,624,47.2756
0.07500,0.04500,0.01100,0.896543,0.329468,-0.429843,0.766485,347283.70,624,47.4359
0.09500,0.02500,0.00200,0.896441,0.335532,-0.551100,0.608840,367538.22,624,48.0769
0.08000,0.02000,0.01400,0.896311,0.326094,-0.545674,0.597599,336462.64,624,53.5256
0.09000,0.03000,0.01400,0.896136,0.324601,-0.542595,0.598237,331771.63,624,51.2821
0.07500,0.02000,0.01500,0.895875,0.325390,-0.534666,0.608585,334242.16,624,54.0064
0.08000,0.03500,0.01100,0.895833,0.328266,-0.494421,0.663941,343392.82,624,49.3590
0.09500,0.04000,0.01500,0.895740,0.324042,-0.450036,0.720036,330034.29,624,49.0385
0.02500,0.02500,0.00400,0.895585,0.304085,-0.467791,0.650045,273144.41,624,56.7308
0.10000,0.03000,0.01900,0.895504,0.326623,-0.508939,0.641773,338136.77,624,52.5641
0.09500,0.02000,0.01700,0.895442,0.330118,-0.528420,0.624727,349404.75,624,54.9679
0.08000,0.02000,0.00700,0.895310,0.330122,-0.568422,0.580770,349418.03,624,50.4808
0.02000,0.02000,0.01100,0.895105,0.292697,-0.430259,0.680281,244872.94,624,62.0192
0.09500,0.03000,0.00400,0.894986,0.330898,-0.509019,0.650070,351963.57,624,47.7564
0.10000,0.02500,0.00400,0.894940,0.331161,-0.556728,0.594835,352831.49,624,48.5577
0.09000,0.03000,0.00100,0.894814,0.335097,-0.498683,0.671964,366050.74,624,47.2756
0.09000,0.02500,0.01800,0.894655,0.325557,-0.544314,0.598105,334767.76,624,53.6859
0.02000,0.02000,0.01400,0.894545,0.290395,-0.414633,0.700368,239496.07,624,62.5000
0.10000,0.02000,0.00900,0.894422,0.330210,-0.562158,0.587397,349705.73,624,50.8013
0.07000,0.04500,0.01000,0.893985,0.327021,-0.445580,0.733922,339402.98,624,47.1154
0.09000,0.04000,0.01500,0.893763,0.322588,-0.449804,0.717175,325545.47,624,49.0385
0.07500,0.02000,0.01300,0.893698,0.324853,-0.527952,0.615307,332558.40,624,53.2051
0.09500,0.04000,0.01900,0.893627,0.324859,-0.454339,0.715014,332577.48,624,50.4808
0.07000,0.04000,0.01300,0.893512,0.320831,-0.440239,0.728765,320198.52,624,48.7179
0.08500,0.03000,0.00200,0.893462,0.330722,-0.502933,0.657587,351386.74,624,47.4359
0.08500,0.03500,0.01000,0.893362,0.327193,-0.492805,0.663940,339951.14,624,48.8782
0.07500,0.02000,0.01400,0.893188,0.324067,-0.550397,0.588787,330109.50,624,53.5256
0.09500,0.02500,0.02000,0.893079,0.327034,-0.550762,0.593785,339444.46,624,54.8077
0.03000,0.02000,0.01900,0.893060,0.300422,-0.418840,0.717271,263738.52,624,59.9359
0.09500,0.02000,0.00600,0.892973,0.330852,-0.550896,0.600571,351812.34,624,49.6795
0.02500,0.02000,0.01800,0.892972,0.296621,-0.418933,0.708039,254293.79,624,61.3782
0.09500,0.02500,0.00300,0.892958,0.332597,-0.553647,0.600739,357603.26,624,48.3974
0.08500,0.04000,0.01800,0.892646,0.321760,-0.452869,0.710493,323017.84,624,50.4808
0.07000,0.02500,0.00200,0.892608,0.328431,-0.553806,0.593042,343921.48,624,48.7179
0.09000,0.03000,0.00800,0.892444,0.326975,-0.522828,0.625397,339256.00,624,48.7179
0.07000,0.02000,0.01000,0.892420,0.324314,-0.534097,0.607219,330876.92,624,52.0833
0.07500,0.03500,0.01100,0.892310,0.326045,-0.494367,0.659519,336305.73,624,49.3590
0.07500,0.02000,0.00700,0.892300,0.328129,-0.572873,0.572778,342951.28,624,50.4808
0.09500,0.03000,0.00500,0.892296,0.327902,-0.512605,0.639678,342221.33,624,47.9167
0.07000,0.04500,0.00900,0.892269,0.326256,-0.442073,0.738013,336973.59,624,46.6346
0.03000,0.02000,0.00100,0.892256,0.312230,-0.448926,0.695504,295172.33,624,54.8077
0.10000,0.02500,0.00100,0.891906,0.334811,-0.547345,0.611700,365076.10,624,47.9167
0.10000,0.02000,0.00800,0.891881,0.330284,-0.559079,0.590764,349946.15,624,50.3205
0.10000,0.02500,0.00500,0.891761,0.327864,-0.559834,0.585646,342099.09,624,48.8782
0.09000,0.04000,0.01900,0.891713,0.323426,-0.454193,0.712089,328124.54,624,50.4808
0.03000,0.02000,0.02000,0.891685,0.300204,-0.421124,0.712863,263188.12,624,60.8974
0.07500,0.04000,0.01400,0.891571,0.319700,-0.429177,0.744914,316800.55,624,48.8782
0.01500,0.02000,0.00300,0.891431,0.299891,-0.567510,0.528433,262400.44,624,62.3397
0.08500,0.02000,0.01600,0.891379,0.324657,-0.518330,0.626351,331946.17,624,54.4872
0.06500,0.02000,0.01800,0.891362,0.319754,-0.564051,0.566888,316961.44,624,55.6090
0.07000,0.02500,0.01800,0.890936,0.318664,-0.539860,0.590271,313716.17,624,54.0064
0.08500,0.03000,0.01500,0.890208,0.320887,-0.545811,0.587909,320369.47,624,51.7628
0.02000,0.02000,0.01300,0.890104,0.288787,-0.413388,0.698587,235804.21,624,62.1795
0.07000,0.03000,0.00100,0.889756,0.328268,-0.506092,0.648633,343397.87,624,47.7564
0.10000,0.02500,0.01900,0.889653,0.323627,-0.547525,0.591072,328746.98,624,53.8462
0.08500,0.03000,0.01200,0.889330,0.321838,-0.536068,0.600368,323254.21,624,49.8397
0.10000,0.02000,0.01200,0.889114,0.326056,-0.529138,0.616201,336340.35,624,51.9231
0.03000,0.02000,0.00200,0.888794,0.311222,-0.496750,0.626516,292359.89,624,54.6474
0.08500,0.02500,0.02000,0.888355,0.321156,-0.541601,0.592976,321184.02,624,54.9679
0.07000,0.02000,0.01600,0.888131,0.320755,-0.521036,0.615610,319970.98,624,54.6474
0.08500,0.02500,0.00200,0.888034,0.327812,-0.546661,0.599662,341932.50,624,48.2372
0.08500,0.03000,0.01300,0.887970,0.320365,-0.539286,0.594055,318795.70,624,50.9615
0.09000,0.03000,0.01800,0.887905,0.322396,-0.507440,0.635338,324957.01,624,52.5641
0.08500,0.02000,0.01700,0.887840,0.322353,-0.519742,0.620217,324824.98,624,55.1282
0.07000,0.03000,0.00400,0.887618,0.324062,-0.509058,0.636593,330096.10,624,48.0769
0.07000,0.03000,0.00800,0.887604,0.321872,-0.522809,0.615658,323356.84,624,49.0385
0.09000,0.02500,0.00200,0.887387,0.329893,-0.551071,0.598641,348668.99,624,48.0769
0.09000,0.03000,0.00400,0.887295,0.326130,-0.509120,0.640576,336574.88,624,47.7564
0.08500,0.03500,0.00900,0.887052,0.324239,-0.491242,0.660039,330643.97,624,48.2372
0.01500,0.02000,0.00400,0.886233,0.295558,-0.509077,0.580577,251709.68,624,62.3397
0.07000,0.04000,0.01800,0.886165,0.316886,-0.434621,0.729110,308489.17,624,50.6410
0.09500,0.03000,0.01800,0.886020,0.321708,-0.507367,0.634073,322858.27,624,52.5641
0.09500,0.03000,0.00700,0.885821,0.324280,-0.501490,0.646634,330773.70,624,48.5577
0.09500,0.04000,0.01400,0.885729,0.317995,-0.448744,0.708633,311739.29,624,48.7179
0.04500,0.02000,0.00500,0.885421,0.312027,-0.454835,0.686022,294605.34,624,52.2436
0.08500,0.02500,0.00300,0.884751,0.325027,-0.548040,0.593072,333104.96,624,48.5577
0.07000,0.03000,0.01400,0.884697,0.316051,-0.542595,0.582480,306059.01,624,51.4423
0.07000,0.02000,0.01700,0.884657,0.318520,-0.524827,0.606906,313291.08,624,55.2885
0.08500,0.03000,0.00300,0.884639,0.325252,-0.505699,0.643174,333810.51,624,47.4359
0.09000,0.03000,0.00500,0.884615,0.323161,-0.512496,0.630564,327309.14,624,47.9167
0.07000,0.02500,0.00300,0.884227,0.322892,-0.549344,0.587778,326479.90,624,48.8782
0.10000,0.04000,0.01000,0.884176,0.320978,-0.453390,0.707951,320644.88,624,47.4359
0.09000,0.04000,0.01400,0.884003,0.316851,-0.448691,0.706167,308386.30,624,48.7179
0.09000,0.02000,0.01000,0.883926,0.322457,-0.531338,0.606877,325144.30,624,51.7628
0.09000,0.02000,0.01600,0.883913,0.323233,-0.525532,0.615059,327530.21,624,54.3269
0.09000,0.02500,0.02000,0.883775,0.321400,-0.550787,0.583529,321922.90,624,54.8077
0.06500,0.02000,0.02000,0.883717,0.317293,-0.577144,0.549765,309679.13,624,56.7308
0.08500,0.02000,0.00600,0.883673,0.324010,-0.555661,0.583108,329934.71,624,49.8397
0.09000,0.02500,0.00300,0.883576,0.326803,-0.553615,0.590306,338707.82,624,48.3974
0.07000,0.03500,0.01000,0.882627,0.320098,-0.492850,0.649485,317994.18,624,49.0385
0.01500,0.02000,0.01800,0.882499,0.284106,-0.451804,0.628826,225354.09,624,64.4231
0.09000,0.03500,0.01100,0.881674,0.321361,-0.494368,0.650043,321802.68,624,49.1987
0.10000,0.02000,0.01100,0.880986,0.321643,-0.536747,0.599245,322659.63,624,52.2436
0.04000,0.02000,0.00500,0.880585,0.306890,-0.426445,0.719648,280553.51,624,52.8846
0.09500,0.02000,0.00900,0.880349,0.322167,-0.562160,0.573088,324258.68,624,50.8013
0.06500,0.03000,0.00900,0.880114,0.316569,-0.526024,0.601815,307564.77,624,49.6795
0.10000,0.02000,0.01500,0.879815,0.319902,-0.539117,0.593382,317405.84,624,53.6859
0.07000,0.02000,0.00600,0.879765,0.319830,-0.567128,0.563947,317189.31,624,50.1603
0.09000,0.02000,0.01700,0.879742,0.320612,-0.528452,0.606700,319539.20,624,54.9679
0.10000,0.02000,0.00700,0.879643,0.324159,-0.563690,0.575066,330396.30,624,50.0000
0.08000,0.04000,0.01000,0.879482,0.317050,-0.444490,0.713290,308968.10,624,47.5962
0.07000,0.02500,0.02000,0.878870,0.314012,-0.546407,0.574684,300204.10,624,55.1282
0.09500,0.03000,0.02000,0.878755,0.318234,-0.511651,0.621974,312443.57,624,53.3654
0.09000,0.03000,0.00700,0.878387,0.319855,-0.501480,0.637822,317265.40,624,48.5577
0.07000,0.03000,0.00500,0.878318,0.317358,-0.512442,0.619305,309866.69,624,48.2372
0.10000,0.02000,0.01300,0.878309,0.319607,-0.532404,0.600308,316521.45,624,52.8846
0.09500,0.02000,0.00800,0.877974,0.322290,-0.559099,0.576445,324632.81,624,50.3205
0.10000,0.02000,0.01400,0.877559,0.318780,-0.540731,0.589535,314060.25,624,53.2051
0.09000,0.02000,0.00600,0.877486,0.321394,-0.550798,0.583507,321904.54,624,49.6795
0.02000,0.02000,0.01800,0.877308,0.282049,-0.451864,0.624189,220897.19,624,63.3013
0.08500,0.02000,0.00900,0.877293,0.318974,-0.553295,0.576499,314637.39,624,50.9615
0.08000,0.02000,0.01800,0.876932,0.315405,-0.551421,0.571987,304194.91,624,54.9679
0.09500,0.02500,0.00400,0.876646,0.320714,-0.556679,0.576121,319847.18,624,48.5577
0.07000,0.03500,0.00900,0.876167,0.317079,-0.491220,0.645494,309052.32,624,48.3974
0.08500,0.04000,0.02000,0.876160,0.313288,-0.455470,0.687834,298150.91,624,51.4423
0.10000,0.04000,0.00900,0.876140,0.317023,-0.450663,0.703459,308888.32,624,46.9551
0.09000,0.03000,0.01900,0.875736,0.315297,-0.508991,0.619454,303882.56,624,52.5641
0.07000,0.03000,0.01800,0.875225,0.311397,-0.514157,0.605646,292848.34,624,52.7244
0.03500,0.02000,0.00300,0.875073,0.305084,-0.479506,0.636246,275761.21,624,53.6859
0.09000,0.03000,0.02000,0.875071,0.315855,-0.511566,0.617427,305492.87,624,53.3654
0.09500,0.02000,0.01200,0.875001,0.318055,-0.529074,0.601155,311917.50,624,51.9231
0.10000,0.04000,0.01100,0.874648,0.316095,-0.456219,0.692858,306187.18,624,47.9167
0.09500,0.03000,0.01900,0.873783,0.314558,-0.508831,0.618198,301762.94,624,52.5641
0.07500,0.02000,0.01800,0.873717,0.313375,-0.556149,0.563474,298397.89,624,54.9679
0.09500,0.02500,0.00100,0.873686,0.324197,-0.547283,0.592375,330513.76,624,47.9167
0.08500,0.03000,0.01400,0.873348,0.311749,-0.542629,0.574515,293826.76,624,51.2821
0.09500,0.02500,0.00500,0.873170,0.317346,-0.559878,0.566812,309831.87,624,48.8782
0.01500,0.02000,0.00500,0.872893,0.287075,-0.512198,0.560476,231930.85,624,62.3397
0.08500,0.04500,0.01100,0.872668,0.316920,-0.442968,0.715447,308587.69,624,47.2756
0.07000,0.03000,0.00700,0.872647,0.314371,-0.501530,0.626824,301229.36,624,48.8782
0.07500,0.04000,0.01000,0.872586,0.313287,-0.431345,0.726302,298147.35,624,47.5962
0.08500,0.02500,0.01900,0.872156,0.310696,-0.538289,0.577192,290903.38,624,54.0064
0.08500,0.03000,0.00100,0.872142,0.320143,-0.498637,0.642036,318127.67,624,47.2756
0.08500,0.04000,0.01500,0.871799,0.310307,-0.450111,0.689401,289829.25,624,49.0385
0.08000,0.04000,0.00900,0.871363,0.313044,-0.443129,0.706440,297461.84,624,47.1154
0.06500,0.03000,0.01000,0.871055,0.311271,-0.535276,0.581515,292497.10,624,50.1603
0.09500,0.02500,0.01900,0.871055,0.313252,-0.547637,0.572007,298049.05,624,53.8462
0.08500,0.03000,0.00800,0.870276,0.314245,-0.522768,0.601118,300868.78,624,48.7179
0.08000,0.04000,0.01100,0.870084,0.312257,-0.445617,0.700731,295249.56,624,48.0769
0.07000,0.04000,0.02000,0.869864,0.308581,-0.436159,0.707498,285110.07,624,51.6026
0.08500,0.04000,0.01900,0.869700,0.309339,-0.453800,0.681665,287174.29,624,50.4808
0.02000,0.02000,0.00200,0.869697,0.290993,-0.563495,0.516407,240882.01,624,59.9359
0.07000,0.02500,0.00400,0.869282,0.313563,-0.552523,0.567511,298929.37,624,49.0385
0.08500,0.02500,0.00400,0.869086,0.315279,-0.549456,0.573802,303831.29,624,48.7179
0.08500,0.02000,0.00800,0.868985,0.315710,-0.550806,0.573178,305073.93,624,50.4808
0.07000,0.02500,0.00100,0.868585,0.316735,-0.549774,0.576119,308048.25,624,48.5577
0.08000,0.02000,0.02000,0.868242,0.312303,-0.565035,0.552715,295378.67,624,56.0897
0.09000,0.02500,0.01900,0.867922,0.311076,-0.547452,0.568226,291956.55,624,53.8462
0.07000,0.04000,0.01500,0.867839,0.306986,-0.430399,0.713259,280810.45,624,49.1987
0.09000,0.02500,0.00400,0.867179,0.314997,-0.556709,0.565820,303021.05,624,48.5577
0.07000,0.02000,0.00900,0.867035,0.311476,-0.564751,0.551528,293067.33,624,51.1218
0.08500,0.03500,0.01100,0.866963,0.312952,-0.494440,0.632942,297201.83,624,49.1987
0.09500,0.02000,0.01100,0.866879,0.313678,-0.536761,0.584391,299256.53,624,52.2436
0.08500,0.02000,0.01200,0.866771,0.311908,-0.519526,0.600371,294271.87,624,52.0833
0.06500,0.02000,0.00100,0.866480,0.316388,-0.572346,0.552791,307036.73,624,49.3590
0.09500,0.04000,0.01000,0.866113,0.311062,-0.453393,0.686075,291915.78,624,47.4359
0.08500,0.02500,0.00500,0.865937,0.312097,-0.550898,0.566524,294800.28,624,49.0385
0.09500,0.02000,0.00700,0.865734,0.316190,-0.563649,0.560969,306461.74,624,50.0000
0.07000,0.02000,0.00800,0.865694,0.311912,-0.554825,0.562182,294283.65,624,50.8013
0.09500,0.02000,0.01500,0.865679,0.311959,-0.539009,0.578763,294413.83,624,53.6859
0.02000,0.02000,0.00100,0.865575,0.289801,-0.523303,0.553792,238124.73,624,60.2564
0.07500,0.02000,0.02000,0.865246,0.310377,-0.569512,0.544988,290022.23,624,56.0897
0.08500,0.03000,0.00400,0.865124,0.313331,-0.509111,0.615448,298272.58,624,47.7564
0.08500,0.02500,0.00100,0.864987,0.316532,-0.545381,0.580387,307457.23,624,48.0769
0.08500,0.03000,0.01800,0.864716,0.307640,-0.507426,0.606276,282566.13,624,52.5641
0.09000,0.02000,0.00900,0.864680,0.312744,-0.562207,0.556279,296615.97,624,50.8013
0.09000,0.02500,0.00100,0.864634,0.318609,-0.547208,0.582244,313552.53,624,47.9167
0.07500,0.04000,0.00900,0.864432,0.309287,-0.430154,0.719015,287030.73,624,47.1154
0.10000,0.03000,0.00900,0.864413,0.312538,-0.525958,0.594226,296037.35,624,48.8782
0.09500,0.02000,0.01300,0.864200,0.311667,-0.532465,0.585328,293598.15,624,52.8846
0.09000,0.02500,0.00500,0.864066,0.311851,-0.559816,0.557061,294112.98,624,48.8782
0.08500,0.02000,0.01100,0.864044,0.310638,-0.527344,0.589060,290741.44,624,52.4038
0.07000,0.02500,0.01900,0.863862,0.304349,-0.543210,0.560278,273833.40,624,54.1667
0.07500,0.04000,0.01100,0.863522,0.308673,-0.433651,0.711802,285359.64,624,48.0769
0.09500,0.02000,0.01400,0.863282,0.310768,-0.540724,0.574726,291101.83,624,53.2051
0.08000,0.03000,0.00900,0.863195,0.310186,-0.526053,0.589648,289496.02,624,49.0385
0.07000,0.03000,0.01900,0.863142,0.304480,-0.517096,0.588826,274175.23,624,52.7244
0.07000,0.04500,0.01100,0.862733,0.310523,-0.449503,0.690814,290425.59,624,47.4359
0.07000,0.04000,0.01900,0.862724,0.304331,-0.435067,0.699504,273787.16,624,50.6410
0.07000,0.02000,0.01200,0.862525,0.307642,-0.524559,0.586477,282570.85,624,52.2436
0.09000,0.02000,0.00800,0.862444,0.312907,-0.559047,0.559715,297075.34,624,50.3205
0.08500,0.03000,0.00500,0.862244,0.310363,-0.512564,0.605510,289983.05,624,47.9167
0.08500,0.04000,0.01400,0.861978,0.304625,-0.449030,0.678407,274556.10,624,48.7179
0.06500,0.02000,0.00200,0.861802,0.314482,-0.594431,0.529047,301545.08,624,49.1987
0.02500,0.02000,0.01900,0.861757,0.281656,-0.442525,0.636476,220056.31,624,61.3782
0.07500,0.03000,0.00900,0.860627,0.308522,-0.526031,0.586509,284948.24,624,49.0385
0.03000,0.02000,0.00300,0.860583,0.295796,-0.483678,0.611555,252285.47,624,54.6474
0.07000,0.03000,0.02000,0.860566,0.304037,-0.520209,0.584451,273017.78,624,53.5256
0.09000,0.04000,0.01000,0.860514,0.307729,-0.453380,0.678743,282804.23,624,47.4359
0.02000,0.02000,0.00300,0.860075,0.284879,-0.563839,0.505249,227049.53,624,59.9359
0.07000,0.02500,0.00500,0.859693,0.306782,-0.555564,0.552198,280263.92,624,49.3590
0.07000,0.02000,0.01100,0.859675,0.306336,-0.539463,0.567854,279075.93,624,52.5641
0.09000,0.02000,0.01200,0.859236,0.308646,-0.529051,0.583394,285284.34,624,51.9231
0.09500,0.04000,0.00900,0.858124,0.307166,-0.450696,0.681538,281292.39,624,46.9551
0.08500,0.02000,0.01500,0.857772,0.305968,-0.529676,0.577651,278096.90,624,53.8462
0.07000,0.04000,0.01400,0.856937,0.300914,-0.437343,0.688050,264983.36,624,48.8782
0.07000,0.03500,0.01100,0.856606,0.306195,-0.494377,0.619356,278701.35,624,49.3590
0.08500,0.02000,0.00700,0.856475,0.309541,-0.568391,0.544592,287725.77,624,50.1603
0.09500,0.04000,0.01100,0.856393,0.306115,-0.456220,0.670980,278487.55,624,47.9167
0.08500,0.02000,0.01300,0.856054,0.305632,-0.522884,0.584512,277207.51,624,53.0449
0.08500,0.03000,0.00700,0.855859,0.307002,-0.501477,0.612195,280851.79,624,48.5577
0.06500,0.02000,0.01900,0.855739,0.300891,-0.566447,0.531190,264925.17,624,55.6090
0.08500,0.02000,0.01400,0.855276,0.304755,-0.545684,0.558482,274896.84,624,53.3654
0.10000,0.03000,0.01000,0.854485,0.306758,-0.529330,0.579521,280200.75,624,49.3590
0.03500,0.02000,0.00400,0.854245,0.292972,-0.444308,0.659389,245521.72,624,53.6859
0.07000,0.02000,0.01500,0.854111,0.302064,-0.534612,0.565016,267917.07,624,54.0064
0.06500,0.03000,0.01100,0.853512,0.302074,-0.534751,0.564888,267942.94,624,50.6410
0.08000,0.03000,0.01000,0.853483,0.304548,-0.529293,0.575386,274353.67,624,49.5192
0.01500,0.02000,0.01900,0.853265,0.270545,-0.434761,0.622284,197436.27,624,64.4231
0.08000,0.02000,0.00200,0.852731,0.312185,-0.582752,0.535709,295047.13,624,48.3974
0.07000,0.02000,0.00700,0.852640,0.305541,-0.579476,0.527271,276966.33,624,50.4808
0.08500,0.03000,0.01900,0.852463,0.300634,-0.508810,0.590857,264273.97,624,52.5641
0.09000,0.04000,0.00900,0.852415,0.303770,-0.450699,0.673997,272321.75,624,46.9551
0.07000,0.02000,0.01300,0.852039,0.301537,-0.527937,0.571161,266569.71,624,53.2051
0.08500,0.03000,0.02000,0.851466,0.300972,-0.511582,0.588316,265131.81,624,53.3654
0.07000,0.02000,0.01400,0.851365,0.300724,-0.557315,0.539594,264501.38,624,53.5256
0.09000,0.02000,0.01100,0.851066,0.304293,-0.536804,0.566860,273687.11,624,52.2436
0.07500,0.03000,0.01000,0.850906,0.302900,-0.529300,0.572265,270068.23,624,49.5192
0.09000,0.04000,0.01100,0.850849,0.302799,-0.456199,0.663743,269806.31,624,47.9167
0.09000,0.02000,0.00700,0.850103,0.306797,-0.563671,0.544285,280305.87,624,50.0000
0.09000,0.02000,0.01500,0.849996,0.302679,-0.538992,0.561564,269496.84,624,53.6859
0.10000,0.02000,0.01800,0.849743,0.305066,-0.546578,0.558137,275713.55,624,54.6474
0.07500,0.02000,0.00200,0.849574,0.310153,-0.587172,0.528214,289404.26,624,48.3974
0.02000,0.02000,0.00400,0.848516,0.277757,-0.502692,0.552538,211859.51,624,59.9359
0.10000,0.02000,0.02000,0.848475,0.305877,-0.560075,0.546135,277856.47,624,55.7692
0.09000,0.02000,0.01300,0.848388,0.302317,-0.532437,0.567799,268567.32,624,52.8846
0.08000,0.02000,0.00100,0.848272,0.309264,-0.560000,0.552258,286968.39,624,48.5577
0.09000,0.02000,0.01400,0.847563,0.301480,-0.540717,0.557556,266424.23,624,53.2051
0.02000,0.02000,0.01900,0.847217,0.268163,-0.450238,0.595604,192875.34,624,63.3013
0.02500,0.02000,0.02000,0.845769,0.274710,-0.451303,0.608703,205651.09,624,62.1795
0.07500,0.02000,0.00100,0.845262,0.307322,-0.564651,0.544268,281710.11,624,48.5577
0.08500,0.04000,0.01000,0.844610,0.298841,-0.453414,0.659091,259772.85,624,47.4359
0.09500,0.03000,0.00900,0.842742,0.300530,-0.526137,0.571202,264011.78,624,48.8782
0.06500,0.02000,0.00300,0.841953,0.302682,-0.596473,0.507453,269505.41,624,49.1987
0.08000,0.02000,0.01900,0.841003,0.296226,-0.553987,0.534717,253331.60,624,54.9679
0.03000,0.02000,0.00400,0.840890,0.284448,-0.423007,0.672442,226102.09,624,54.6474
0.03500,0.02000,0.00500,0.838737,0.283416,-0.455072,0.622794,223850.74,624,53.8462
0.07000,0.04000,0.01000,0.838561,0.294679,-0.448813,0.656574,249590.21,624,47.5962
0.02000,0.02000,0.00500,0.837956,0.270802,-0.506042,0.535137,197934.57,624,60.0962
0.07500,0.02000,0.01900,0.837911,0.294299,-0.558625,0.526828,248679.43,624,54.9679
0.02500,0.02000,0.00200,0.836851,0.282451,-0.531055,0.531868,221762.95,624,56.2500
0.08000,0.02000,0.00300,0.836699,0.302381,-0.584852,0.517021,268730.31,624,48.5577
0.10000,0.03000,0.01100,0.836674,0.297276,-0.532633,0.558126,255900.34,624,49.8397
0.08500,0.04000,0.00900,0.836652,0.294972,-0.450677,0.654509,250294.41,624,46.9551
0.02500,0.02000,0.00100,0.836250,0.281247,-0.485989,0.578711,219183.20,624,56.4103
0.08000,0.03000,0.01100,0.835710,0.295174,-0.532662,0.554149,250782.16,624,50.0000
0.09500,0.02000,0.01800,0.835588,0.297177,-0.546547,0.543735,255655.73,624,54.6474
0.10000,0.02000,0.00200,0.835373,0.306021,-0.578246,0.529222,278237.08,624,47.9167
0.09000,0.03000,0.00900,0.835267,0.296190,-0.526032,0.563065,253244.28,624,48.8782
0.08500,0.04000,0.01100,0.835031,0.294010,-0.456221,0.644446,247987.95,624,47.9167
0.09500,0.02000,0.02000,0.834324,0.297954,-0.560208,0.531863,257571.08,624,55.7692
0.08500,0.02000,0.01800,0.833644,0.293042,-0.551389,0.531463,245688.70,624,54.8077
0.07500,0.02000,0.00300,0.833635,0.300423,-0.589163,0.509916,263741.79,624,48.5577
0.07500,0.03000,0.01100,0.832838,0.293401,-0.532757,0.550722,246538.64,624,50.0000
0.09500,0.03000,0.01000,0.832817,0.294827,-0.529317,0.556994,249945.77,624,49.3590
0.07000,0.02000,0.01800,0.831861,0.290271,-0.563001,0.515579,239209.40,624,54.9679
0.10000,0.02000,0.00100,0.831576,0.303471,-0.555234,0.546564,271545.88,624,48.0769
0.07000,0.04000,0.00900,0.830077,0.290567,-0.445469,0.652271,239892.12,624,47.1154
0.07000,0.04000,0.01100,0.829172,0.289976,-0.452709,0.640535,238527.68,624,48.0769
0.07000,0.03000,0.00900,0.828184,0.290524,-0.525908,0.552424,239794.33,624,49.0385
0.02500,0.02000,0.00300,0.826930,0.276378,-0.520806,0.530674,209030.02,624,56.4103
0.08500,0.02000,0.02000,0.826517,0.290680,-0.564934,0.514538,240155.82,624,55.9295
0.09000,0.02000,0.01800,0.826038,0.291328,-0.546466,0.533112,241660.65,624,54.6474
0.03000,0.02000,0.00500,0.825650,0.275200,-0.427045,0.644428,206638.55,624,54.8077
0.09000,0.03000,0.01000,0.825115,0.290400,-0.529412,0.548534,239507.23,624,49.3590
0.07000,0.02000,0.02000,0.823439,0.287241,-0.576096,0.498598,232303.70,624,56.0897
0.06500,0.02000,0.00400,0.822296,0.290893,-0.610497,0.476485,240648.24,624,49.3590
0.01500,0.02000,0.02000,0.822285,0.257232,-0.438655,0.586411,173156.88,624,64.9038
0.09500,0.02000,0.00200,0.821744,0.298150,-0.578223,0.515632,258056.13,624,47.9167
0.10000,0.02000,0.00300,0.818909,0.295973,-0.580304,0.510031,252715.06,624,48.0769
0.09000,0.02000,0.02000,0.818624,0.288735,-0.560141,0.515468,235685.03,624,55.7692
0.08500,0.03000,0.00900,0.818418,0.286784,-0.526095,0.545118,231278.20,624,48.8782
0.07000,0.03000,0.01000,0.818088,0.284827,-0.535377,0.532012,226935.14,624,49.5192
0.09500,0.02000,0.00100,0.817823,0.295571,-0.555340,0.532234,251740.53,624,48.0769
0.08000,0.02000,0.00400,0.816544,0.290257,-0.599264,0.484355,239175.47,624,48.7179
0.06500,0.02000,0.00500,0.815836,0.285942,-0.619250,0.461755,229401.13,624,50.0000
0.02000,0.02000,0.02000,0.815002,0.254266,-0.458893,0.554085,168136.04,624,63.7821
0.07000,0.02000,0.00200,0.814848,0.290139,-0.593502,0.488860,238905.13,624,48.5577
0.09500,0.03000,0.01100,0.814833,0.285356,-0.532695,0.535683,228101.01,624,49.8397
0.10000,0.02000,0.01900,0.814242,0.285945,-0.549087,0.520765,229407.30,624,54.6474
0.07500,0.02000,0.00400,0.813310,0.288248,-0.603466,0.477654,234577.90,624,48.7179
0.07000,0.02000,0.00100,0.810186,0.287208,-0.571284,0.502742,232230.80,624,48.7179
0.08500,0.02000,0.00200,0.810028,0.289021,-0.582788,0.495928,236338.17,624,48.0769
0.08000,0.02000,0.00500,0.809285,0.284910,-0.608336,0.468344,227118.83,624,49.3590
0.02500,0.02000,0.00400,0.808336,0.265890,-0.460824,0.576989,188612.37,624,56.4103
0.08500,0.03000,0.01000,0.808323,0.281079,-0.529317,0.531022,218824.98,624,49.3590
0.09000,0.03000,0.01100,0.807204,0.281020,-0.532686,0.527554,218700.53,624,49.8397
0.07500,0.02000,0.00500,0.806332,0.283059,-0.612342,0.462256,223074.91,624,49.3590
0.09000,0.02000,0.00200,0.806233,0.288850,-0.578268,0.499510,235948.29,624,47.9167
0.08500,0.02000,0.00100,0.806030,0.286439,-0.560012,0.511487,230506.66,624,48.2372
0.09500,0.02000,0.00300,0.805073,0.288088,-0.580263,0.496479,234216.32,624,48.0769
0.09000,0.02000,0.00100,0.802435,0.286356,-0.555163,0.515806,230323.26,624,48.0769
0.07000,0.03000,0.01100,0.800325,0.275636,-0.534736,0.515461,207520.14,624,50.0000
0.09500,0.02000,0.01900,0.800078,0.278191,-0.549091,0.506639,212757.80,624,54.6474
0.02500,0.02000,0.00500,0.799550,0.259990,-0.456250,0.569841,177948.70,624,56.7308
0.08500,0.02000,0.01900,0.797698,0.274128,-0.553955,0.494856,204485.48,624,54.8077
0.10000,0.02000,0.00400,0.797034,0.281609,-0.594915,0.473360,219955.54,624,48.2372
0.10000,0.02000,0.00500,0.796192,0.279938,-0.603969,0.463497,216410.05,624,48.8782
0.07000,0.02000,0.01900,0.795990,0.271586,-0.565307,0.480422,199460.45,624,54.9679
0.07000,0.02000,0.00300,0.794473,0.278330,-0.595450,0.467428,213047.00,624,48.5577
0.08500,0.02000,0.00300,0.793670,0.279300,-0.584843,0.477565,215070.42,624,48.2372
0.08500,0.03000,0.01100,0.790381,0.271764,-0.532781,0.510086,199808.46,624,49.8397
0.09000,0.02000,0.01900,0.790126,0.272289,-0.548997,0.495975,200839.40,624,54.6474
0.09000,0.02000,0.00300,0.789731,0.278995,-0.580219,0.480845,214432.49,624,48.0769
0.09500,0.02000,0.00400,0.783244,0.273923,-0.594891,0.460459,204075.37,624,48.2372
0.09500,0.02000,0.00500,0.782139,0.272159,-0.603950,0.450631,200583.45,624,48.8782
0.07000,0.02000,0.00400,0.774006,0.266424,-0.609458,0.437149,189605.79,624,48.7179
0.08500,0.02000,0.00400,0.772781,0.267106,-0.599285,0.445708,190881.80,624,48.3974
0.08500,0.02000,0.00500,0.771891,0.265483,-0.608265,0.436460,187858.47,624,49.0385
0.09000,0.02000,0.00400,0.767521,0.264843,-0.594826,0.445245,186678.61,624,48.2372
0.07000,0.02000,0.00500,0.766689,0.261277,-0.618264,0.422598,180225.87,624,49.3590
0.09000,0.02000,0.00500,0.766166,0.263013,-0.604004,0.435448,183340.51,624,48.8782
