"Fecha","Último","Apertura","Máximo","Mínimo","Vol.","% var."
"10.08.2026","381,70","379,34","381,70","379,22","1,06K","1,47%"
"07.08.2026","376,18","366,68","376,84","366,60","9,75K","2,27%"
"06.08.2026","367,84","365,12","372,10","354,14","10,32K","-2,32%"
"05.08.2026","376,56","381,96","387,88","372,98","14,30K","1,45%"
"04.08.2026","371,18","351,70","374,38","348,96","14,23K","9,02%"
"03.08.2026","340,46","334,60","341,70","326,46","10,19K","6,08%"
"31.07.2026","320,94","331,56","338,50","318,12","14,49K","1,49%"
"30.07.2026","316,22","299,64","323,20","295,00","24,88K","3,83%"
"29.07.2026","304,56","315,08","320,82","303,10","13,74K","-4,33%"
"28.07.2026","318,34","317,66","320,28","304,00","11,61K","-0,28%"
"27.07.2026","319,24","343,14","344,70","317,10","7,54K","-5,18%"
"24.07.2026","336,68","338,74","343,88","328,46","11,16K","-0,10%"
"23.07.2026","337,02","355,92","358,16","334,86","9,61K","-7,71%"
"22.07.2026","365,16","357,36","365,66","353,00","3,62K","0,04%"
"21.07.2026","365,02","359,32","365,52","356,64","3,85K","2,80%"
"20.07.2026","355,08","346,84","360,00","346,48","4,95K","2,93%"
"17.07.2026","344,96","344,56","348,80","334,34","14,36K","-6,71%"
"16.07.2026","369,76","377,72","377,72","363,04","9,90K","-1,94%"
"15.07.2026","377,06","393,62","393,62","373,88","6,02K","-2,14%"
"14.07.2026","385,32","377,40","391,56","375,88","5,44K","1,20%"
"13.07.2026","380,74","379,16","385,40","374,90","3,79K","-2,56%"
"10.07.2026","390,76","385,30","392,48","382,42","4,61K","0,83%"
"09.07.2026","387,54","378,02","389,96","376,66","6,34K","7,57%"
"08.07.2026","360,26","366,28","372,54","352,50","10,42K","-1,40%"
"07.07.2026","365,38","381,60","382,38","363,18","7,78K","-7,43%"
"06.07.2026","394,70","387,80","394,88","386,00","6,59K","1,54%"
"03.07.2026","388,70","386,14","390,22","385,68","5,26K","1,02%"
"02.07.2026","384,78","391,18","403,66","376,12","11,83K","-5,55%"
"01.07.2026","407,40","409,10","411,38","400,00","5,44K","-0,61%"
"30.06.2026","409,92","398,90","410,82","394,60","12,46K","6,82%"
"29.06.2026","383,76","378,72","387,00","368,92","5,54K","1,27%"
"26.06.2026","378,96","375,00","379,74","362,64","6,03K","-0,56%"
"25.06.2026","381,08","400,38","403,50","370,32","8,93K","-1,94%"
"24.06.2026","388,60","388,12","392,50","377,98","6,21K","0,43%"
"23.06.2026","386,94","396,10","397,80","380,80","6,99K","-7,59%"
"22.06.2026","418,74","425,08","433,12","417,00","6,16K","-0,58%"
"19.06.2026","421,20","417,28","421,76","415,94","5,85K","1,06%"
"18.06.2026","416,78","410,02","421,00","408,98","4,35K","2,19%"
"17.06.2026","407,84","412,10","413,36","404,52","3,33K","-1,25%"
"16.06.2026","413,00","424,46","430,68","410,52","4,01K","-2,56%"
"15.06.2026","423,84","412,64","425,72","412,64","11,11K","7,83%"
"12.06.2026","393,06","378,64","395,00","371,68","8,46K","8,57%"
"11.06.2026","362,04","360,56","367,80","353,14","2,12K","0,85%"
"10.06.2026","358,98","366,06","377,00","353,70","5,57K","-0,79%"
"09.06.2026","361,84","394,98","399,78","361,84","4,64K","-7,46%"
"08.06.2026","391,02","374,36","397,72","373,32","11,45K","-1,85%"
"05.06.2026","398,38","412,36","417,48","396,92","4,40K","-6,58%"
"04.06.2026","426,46","431,58","431,80","415,60","8,36K","-2,21%"
"03.06.2026","436,12","438,66","442,56","431,00","1,74K","-0,06%"
"02.06.2026","436,38","429,16","436,38","424,40","1,51K","1,26%"
"01.06.2026","430,94","431,16","431,16","420,94","6,21K","1,64%"
"29.05.2026","423,98","421,14","430,00","419,50","3,99K","1,12%"
"28.05.2026","419,30","405,86","419,30","404,12","2,25K","3,33%"
"27.05.2026","405,78","411,70","423,60","404,26","5,20K","-0,72%"
"26.05.2026","408,74","401,26","412,46","400,00","2,45K","0,72%"
"25.05.2026","405,82","406,72","407,72","403,68","4,58K","2,05%"
"22.05.2026","397,66","391,92","397,86","388,80","10,85K","5,01%"
"21.05.2026","378,70","380,16","388,40","377,50","2,45K","-0,85%"
"20.05.2026","381,94","371,48","383,54","369,88","4,97K","5,41%"
"19.05.2026","362,34","370,16","373,10","358,72","3,46K","-2,11%"
"18.05.2026","370,16","374,14","384,30","368,62","4,21K","-3,54%"
"15.05.2026","383,76","385,20","387,84","376,00","6,66K","-3,55%"
"14.05.2026","397,88","390,56","398,98","385,50","28,28K","4,73%"
"13.05.2026","379,92","378,34","384,64","370,90","15,90K","4,70%"
"12.05.2026","362,88","374,42","378,00","361,26","10,30K","-4,88%"
"11.05.2026","381,48","378,02","381,64","376,16","9,38K","2,15%"
"08.05.2026","373,46","360,48","373,46","360,48","8,96K","3,06%"
"07.05.2026","362,36","357,02","363,14","355,74","5,45K","3,17%"
"06.05.2026","351,24","343,44","352,12","341,76","8,19K","4,29%"
"05.05.2026","336,80","329,06","337,04","328,68","6,95K","4,39%"
"04.05.2026","322,64","329,22","329,66","320,38","11,15K","3,76%"
"30.04.2026","310,94","308,70","316,34","304,64","9,23K","0,93%"
"29.04.2026","308,08","307,68","308,54","303,40","6,83K","3,19%"
"28.04.2026","298,56","309,88","310,06","298,56","8,98K","-3,47%"
"27.04.2026","309,28","312,10","313,94","308,18","4,30K","-0,08%"
"24.04.2026","309,54","302,80","310,00","301,96","14,77K","2,07%"
"23.04.2026","303,26","298,14","303,26","296,00","6,78K","1,85%"
"22.04.2026","297,76","292,04","297,84","290,80","7,87K","3,25%"
"21.04.2026","288,38","291,18","293,20","287,66","7,57K","0,87%"
"20.04.2026","285,90","287,46","290,68","283,10","10,93K","-2,04%"
"17.04.2026","291,86","280,62","291,86","280,38","17,07K","3,91%"
"16.04.2026","280,88","279,36","281,00","274,58","10,50K","3,78%"
"15.04.2026","270,64","265,18","270,88","264,06","12,92K","3,78%"
"14.04.2026","260,78","253,72","260,78","253,72","9,48K","5,66%"
"13.04.2026","246,82","242,08","247,66","240,86","7,45K","-0,13%"
"10.04.2026","247,14","245,26","249,26","244,70","9,92K","2,29%"
"09.04.2026","241,60","239,54","241,60","237,76","2,55K","0,87%"
"08.04.2026","239,52","243,22","244,84","237,20","12,21K","11,05%"
"07.04.2026","215,68","221,30","225,80","213,78","5,18K","-1,53%"
"02.04.2026","219,04","209,64","220,96","205,96","14,72K","-0,73%"
"01.04.2026","220,66","217,48","220,66","213,66","11,17K","9,26%"
"31.03.2026","201,96","198,02","203,62","196,56","10,62K","0,68%"
"30.03.2026","200,60","199,16","203,48","198,27","7,70K","-0,67%"
"27.03.2026","201,96","212,10","212,10","201,50","11,38K","-6,44%"
"26.03.2026","215,86","222,80","222,80","215,66","6,72K","-5,03%"
"25.03.2026","227,30","226,78","228,64","224,00","7,18K","2,22%"
"24.03.2026","222,36","227,22","227,58","219,54","7,32K","-1,28%"
"23.03.2026","225,24","212,46","236,72","212,32","19,11K","1,02%"
"20.03.2026","222,96","231,68","232,48","222,96","8,19K","-2,76%"
"19.03.2026","229,28","233,10","234,52","226,02","10,25K","-4,53%"
"18.03.2026","240,16","249,48","250,00","240,16","8,59K","-1,90%"
"17.03.2026","244,80","239,18","247,62","237,92","10,64K","1,32%"
"16.03.2026","241,60","240,12","244,18","238,04","9,85K","1,83%"
"13.03.2026","237,26","236,16","245,66","235,42","11,32K","-1,98%"
"12.03.2026","242,06","247,82","248,52","239,04","10,75K","-3,34%"
"11.03.2026","250,42","250,16","253,86","247,46","3,72K","-1,23%"
"10.03.2026","253,54","251,04","254,18","246,46","14,13K","5,01%"
"09.03.2026","241,44","229,16","241,74","228,84","13,22K","-1,73%"
"06.03.2026","245,70","253,56","253,56","240,00","10,06K","-2,29%"
"05.03.2026","251,46","251,00","255,44","249,52","3,38K","-0,77%"
"04.03.2026","253,40","240,10","254,02","239,44","11,41K","5,80%"
"03.03.2026","239,50","240,14","240,14","232,60","17,95K","-2,82%"
"02.03.2026","246,44","233,82","248,68","233,08","9,30K","0,20%"
"27.02.2026","245,94","248,62","249,20","240,38","6,66K","-1,13%"
"26.02.2026","248,76","257,12","258,62","242,96","6,21K","-2,69%"
"25.02.2026","255,64","248,90","257,20","248,90","7,44K","3,65%"
"24.02.2026","246,64","241,60","248,00","240,56","4,96K","2,81%"
"23.02.2026","239,90","243,26","247,00","237,82","4,29K","-3,33%"
"20.02.2026","248,16","246,22","251,08","239,24","10,54K","1,43%"
"19.02.2026","244,66","247,74","248,52","242,92","4,17K","-2,02%"
"18.02.2026","249,70","242,28","249,70","240,00","5,70K","4,50%"
"17.02.2026","238,94","237,80","240,50","231,16","5,22K","0,53%"
"16.02.2026","237,68","241,82","243,40","237,18","5,21K","-1,69%"
"13.02.2026","241,76","239,48","242,50","234,42","16,73K","-0,27%"
"12.02.2026","242,42","256,84","257,88","241,70","4,74K","-3,78%"
"11.02.2026","251,94","253,34","259,92","249,34","5,70K","-1,66%"
"10.02.2026","256,18","255,42","258,84","253,36","6,23K","0,00%"
"09.02.2026","256,18","252,26","256,40","244,50","9,91K","2,97%"
"06.02.2026","248,78","234,32","248,78","234,32","12,35K","2,52%"
"05.02.2026","242,66","250,24","251,88","235,28","11,82K","-3,14%"
"04.02.2026","250,52","262,04","262,66","249,90","12,03K","-5,24%"
"03.02.2026","264,36","279,42","279,70","263,28","11,99K","-4,13%"
"02.02.2026","275,76","258,30","276,30","257,98","14,00K","1,46%"
"30.01.2026","271,80","267,96","275,06","266,66","11,13K","2,05%"
"29.01.2026","266,34","283,16","284,20","262,00","16,15K","-5,36%"
"28.01.2026","281,42","285,38","285,50","281,42","6,95K","1,15%"
"27.01.2026","278,22","278,08","279,00","274,70","4,64K","1,26%"
"26.01.2026","274,76","269,70","274,76","265,54","9,88K","0,37%"
"23.01.2026","273,76","271,42","275,62","267,14","8,48K","1,12%"
"22.01.2026","270,72","270,06","273,50","267,30","6,25K","2,65%"
"21.01.2026","263,74","257,26","265,58","251,86","9,92K","0,17%"
"20.01.2026","263,30","259,36","263,52","254,08","7,74K","0,04%"
"19.01.2026","263,20","264,00","265,30","260,00","10,82K","-4,81%"
"16.01.2026","276,50","279,96","280,92","273,44","9,67K","-1,89%"
"15.01.2026","281,82","274,62","283,34","274,62","13,53K","4,87%"
"14.01.2026","268,72","280,14","280,14","267,40","11,64K","-5,00%"
"13.01.2026","282,86","281,16","284,92","278,60","8,42K","0,38%"
"12.01.2026","281,80","275,26","282,00","271,72","9,05K","0,67%"
"09.01.2026","279,92","273,98","280,72","273,86","6,79K","3,00%"
"08.01.2026","271,78","275,98","277,90","270,78","6,73K","-3,07%"
"07.01.2026","280,38","276,08","281,00","274,82","9,80K","2,48%"
"06.01.2026","273,60","270,60","276,18","268,82","8,74K","0,33%"
"05.01.2026","272,70","267,14","273,20","267,14","6,67K","3,55%"
"02.01.2026","263,36","271,06","275,18","261,00","11,43K","-3,52%"
"30.12.2025","272,96","272,38","273,24","271,82","5,56K","0,29%"
"29.12.2025","272,16","274,52","275,00","269,06","10,76K","-0,34%"
"23.12.2025","273,10","271,24","273,26","268,98","5,26K","0,31%"
"22.12.2025","272,26","273,14","274,76","270,52","10,00K","1,41%"
"19.12.2025","268,48","263,14","268,80","261,44","7,27K","2,15%"
"18.12.2025","262,82","252,14","263,36","252,00","11,76K","4,44%"
"17.12.2025","251,64","264,48","267,04","251,64","4,74K","-2,77%"
"16.12.2025","258,82","255,02","262,00","247,06","7,00K","-1,88%"
"15.12.2025","263,78","266,80","271,32","260,04","12,29K","-0,22%"
"12.12.2025","264,36","280,48","280,96","263,46","7,13K","-3,72%"
"11.12.2025","274,58","276,02","281,88","271,94","10,84K","-2,58%"
"10.12.2025","281,84","284,30","284,76","279,10","6,96K","-0,75%"
"09.12.2025","283,98","283,86","284,04","279,98","2,10K","0,63%"
"08.12.2025","282,20","286,62","287,36","282,20","5,15K","-0,54%"
"05.12.2025","283,72","284,58","288,20","281,32","10,84K","1,36%"
"04.12.2025","279,92","281,58","284,24","277,74","9,17K","-0,17%"
"03.12.2025","280,40","282,38","282,38","275,00","7,32K","1,45%"
"02.12.2025","276,38","273,24","282,70","273,00","6,72K","0,74%"
"01.12.2025","274,34","270,96","274,80","268,18","8,57K","-0,44%"
"28.11.2025","275,56","274,80","277,08","274,42","1,77K","1,31%"
"27.11.2025","272,00","272,70","272,78","271,78","2,69K","-0,47%"
"26.11.2025","273,28","269,24","273,28","267,00","10,23K","5,74%"
"25.11.2025","258,44","261,36","262,00","252,88","16,16K","-0,39%"
"24.11.2025","259,44","248,22","260,14","244,84","13,99K","7,58%"
"21.11.2025","241,16","238,88","243,12","232,32","22,46K","-7,18%"
"20.11.2025","259,82","270,04","273,80","259,82","10,33K","2,05%"
"19.11.2025","254,60","251,28","263,62","250,76","6,92K","0,94%"
"18.11.2025","252,22","255,62","258,78","244,40","14,04K","-5,32%"
"17.11.2025","266,38","273,70","274,62","261,96","10,08K","-1,47%"
"14.11.2025","270,36","262,52","271,46","251,16","21,38K","0,10%"
"13.11.2025","270,08","285,24","285,42","268,92","5,57K","-4,54%"
"12.11.2025","282,92","289,32","291,06","281,24","3,51K","0,84%"
"11.11.2025","280,56","286,44","286,74","279,36","7,40K","-0,15%"
"10.11.2025","280,98","279,64","286,16","279,50","8,23K","8,69%"
"07.11.2025","258,52","276,74","277,08","257,32","13,68K","-5,53%"
"06.11.2025","273,66","287,30","292,46","273,66","8,76K","-6,15%"
"05.11.2025","291,58","282,50","291,66","280,34","8,04K","-0,40%"
"04.11.2025","292,76","291,64","296,82","288,20","6,49K","-2,99%"
"03.11.2025","301,78","300,80","308,82","300,76","6,97K","0,12%"
"31.10.2025","301,42","306,04","307,36","298,82","6,12K","0,29%"
"30.10.2025","300,56","307,30","307,30","297,38","8,80K","-1,50%"
"29.10.2025","305,14","307,72","308,12","302,38","3,27K","1,68%"
"28.10.2025","300,10","295,18","301,40","294,46","12,12K","1,96%"
"27.10.2025","294,32","290,48","294,32","289,92","7,57K","4,42%"
"24.10.2025","281,86","277,04","282,26","275,74","16,58K","3,88%"
"23.10.2025","271,34","269,06","271,34","264,00","4,34K","2,12%"
"22.10.2025","265,70","274,72","275,26","264,12","3,25K","-3,27%"
"21.10.2025","274,68","273,52","275,36","272,30","7,26K","0,07%"
"20.10.2025","274,50","268,06","274,64","266,30","10,90K","7,64%"
"17.10.2025","255,02","248,34","261,12","245,66","15,81K","-4,08%"
"16.10.2025","265,86","265,96","269,74","264,48","4,25K","0,48%"
"15.10.2025","264,58","262,08","268,74","261,26","4,88K","2,42%"
"14.10.2025","258,34","256,34","258,34","250,00","9,06K","-1,76%"
"13.10.2025","262,98","260,84","263,80","258,16","15,89K","1,75%"
"10.10.2025","258,46","278,46","280,58","258,46","8,59K","-6,10%"
"09.10.2025","275,26","278,08","278,26","274,50","6,08K","0,31%"
"08.10.2025","274,42","268,48","274,42","268,48","4,60K","2,58%"
"07.10.2025","267,52","270,38","274,56","267,52","7,97K","-1,15%"
"06.10.2025","270,64","268,66","272,70","267,58","5,26K","0,67%"
"03.10.2025","268,84","270,74","270,98","265,76","7,76K","0,84%"
"02.10.2025","266,60","266,44","270,00","266,00","5,03K","1,77%"
"01.10.2025","261,96","253,26","261,96","253,02","4,56K","1,60%"
"30.09.2025","257,84","258,18","259,50","256,44","3,48K","-0,86%"
"29.09.2025","260,08","259,58","263,36","259,52","7,54K","2,64%"
"26.09.2025","253,40","254,44","256,58","251,08","7,37K","-0,49%"
"25.09.2025","254,64","255,52","256,92","247,52","10,31K","-1,01%"
"24.09.2025","257,24","259,44","261,24","257,24","6,29K","-1,83%"
"23.09.2025","262,04","263,16","264,00","261,34","5,40K","0,51%"
"22.09.2025","260,72","258,90","261,78","256,68","6,29K","1,84%"
"19.09.2025","256,00","253,90","258,00","253,56","12,96K","-0,34%"
"18.09.2025","256,88","251,58","257,00","251,46","16,18K","5,08%"
"17.09.2025","244,46","247,94","248,64","244,04","3,22K","-1,24%"
"16.09.2025","247,52","250,68","252,36","247,22","5,52K","-0,41%"
"15.09.2025","248,54","246,12","249,00","243,90","9,39K","1,65%"
"12.09.2025","244,50","242,00","245,00","241,00","6,01K","0,77%"
"11.09.2025","242,62","239,90","242,62","238,06","4,11K","1,19%"
"10.09.2025","239,76","240,34","242,80","239,04","6,61K","2,09%"
"09.09.2025","234,86","236,52","237,24","234,20","4,38K","-1,07%"
"08.09.2025","237,40","234,72","237,60","234,12","5,69K","2,87%"
"05.09.2025","230,78","235,48","238,52","228,00","9,16K","0,48%"
"04.09.2025","229,68","227,90","230,04","225,82","7,79K","1,66%"
"03.09.2025","225,94","224,48","228,74","224,12","6,38K","4,66%"
"02.09.2025","215,88","226,28","226,28","215,88","11,95K","-5,21%"
"01.09.2025","227,74","226,04","227,74","225,86","6,23K","0,53%"
"29.08.2025","226,54","235,28","235,28","225,50","23,02K","-3,49%"
"28.08.2025","234,74","232,46","235,24","231,22","6,50K","0,96%"
"27.08.2025","232,50","232,42","233,32","230,00","9,41K","1,61%"
"26.08.2025","228,82","228,36","229,72","227,16","1,81K","-0,89%"
"25.08.2025","230,88","228,72","231,28","226,90","3,35K","-0,28%"
"22.08.2025","231,52","220,22","233,02","220,22","16,76K","3,48%"
"21.08.2025","223,74","224,64","225,10","220,36","4,38K","0,97%"
"20.08.2025","221,60","226,00","227,48","215,44","9,45K","-4,03%"
"19.08.2025","230,90","236,50","237,50","229,48","4,89K","-1,89%"
"18.08.2025","235,36","237,20","237,26","234,34","4,01K","-0,72%"
"15.08.2025","237,06","242,50","242,50","236,28","7,59K","-1,56%"
"14.08.2025","240,82","240,84","243,40","238,70","5,68K","0,12%"
"13.08.2025","240,54","242,10","244,84","240,52","9,87K","0,80%"
"12.08.2025","238,62","234,52","239,56","233,06","7,78K","0,60%"
"11.08.2025","237,20","236,88","237,96","234,78","8,05K","1,75%"
"08.08.2025","233,12","230,48","234,94","230,38","9,00K","1,32%"
"07.08.2025","230,08","228,24","234,10","228,24","10,39K","2,29%"
"06.08.2025","224,92","222,52","224,92","219,24","9,83K","2,00%"
"05.08.2025","220,52","227,94","228,58","220,52","9,22K","-1,17%"
"04.08.2025","223,12","216,52","223,82","216,52","10,99K","3,86%"
"01.08.2025","214,82","227,48","227,48","211,16","15,99K","-8,97%"
"31.07.2025","236,00","242,42","244,36","234,00","13,20K","1,22%"
"30.07.2025","233,16","231,86","234,38","231,16","4,56K","0,73%"
"29.07.2025","231,48","233,60","236,44","231,08","12,91K","0,62%"
"28.07.2025","230,06","230,04","230,94","229,28","7,78K","1,81%"
"25.07.2025","225,96","224,68","226,00","223,82","10,68K","0,84%"
"24.07.2025","224,08","223,82","225,50","222,98","4,21K","1,69%"
"23.07.2025","220,36","221,32","222,06","218,54","10,34K","0,05%"
"22.07.2025","220,26","224,20","224,90","218,12","5,47K","-2,55%"
"21.07.2025","226,02","223,86","227,00","221,96","14,01K","1,68%"
"18.07.2025","222,28","224,42","224,60","221,38","8,79K","-0,47%"
"17.07.2025","223,32","220,66","223,80","219,36","8,90K","5,84%"
"16.07.2025","211,00","215,56","219,08","211,00","6,75K","-4,45%"
"15.07.2025","220,82","219,18","221,38","219,00","9,54K","2,70%"
"14.07.2025","215,02","210,74","215,20","209,98","9,52K","0,47%"
"11.07.2025","214,02","213,88","215,32","211,70","5,70K","-0,71%"
"10.07.2025","215,54","213,86","217,48","213,50","9,96K","0,68%"
"09.07.2025","214,08","211,42","217,46","211,00","6,54K","1,27%"
"08.07.2025","211,40","211,98","213,02","211,16","2,07K","-0,28%"
"07.07.2025","212,00","212,56","214,26","211,42","6,12K","0,20%"
"04.07.2025","211,58","213,50","213,50","210,52","8,40K","-2,07%"
"03.07.2025","216,06","210,22","216,06","208,76","8,48K","3,47%"
"02.07.2025","208,82","207,58","209,26","203,02","16,89K","1,85%"
"01.07.2025","205,02","209,78","209,78","203,10","14,77K","-2,17%"
"30.06.2025","209,56","210,94","212,34","209,30","8,00K","0,01%"
"27.06.2025","209,54","207,46","209,54","206,58","13,27K","2,75%"
"26.06.2025","203,94","202,44","204,26","201,96","7,32K","1,32%"
"25.06.2025","201,28","200,86","203,60","200,62","13,28K","0,85%"
"24.06.2025","199,58","199,39","199,94","196,72","25,98K","5,14%"
"23.06.2025","189,82","187,14","191,20","187,14","3,18K","0,29%"
"20.06.2025","189,27","188,95","195,00","186,06","6,05K","2,56%"
"19.06.2025","184,55","189,11","189,43","183,36","4,24K","-4,30%"
"18.06.2025","192,85","191,78","194,09","190,80","10,45K","-0,54%"
"17.06.2025","193,89","193,00","194,57","190,83","6,98K","-0,84%"
"16.06.2025","195,54","190,85","196,02","189,85","8,75K","2,08%"
"13.06.2025","191,55","187,05","192,10","185,88","23,57K","-1,67%"
"12.06.2025","194,80","194,16","196,00","190,00","12,22K","-2,13%"
"11.06.2025","199,04","197,23","200,84","196,13","20,35K","2,52%"
"10.06.2025","194,14","195,00","196,10","193,72","5,63K","-0,70%"
"09.06.2025","195,50","193,53","196,71","193,00","9,54K","0,74%"
"06.06.2025","194,07","190,60","196,37","190,21","24,46K","-1,54%"
"05.06.2025","197,10","193,39","197,16","190,74","13,05K","2,11%"
"04.06.2025","193,03","192,00","194,46","191,02","9,20K","0,69%"
"03.06.2025","191,71","185,71","191,93","184,18","5,96K","4,74%"
"02.06.2025","183,04","180,47","185,58","178,32","6,87K","-0,15%"
"30.05.2025","183,31","183,81","185,91","181,59","9,23K","-1,57%"
"29.05.2025","186,23","195,97","198,00","184,71","17,34K","-0,50%"
"28.05.2025","187,17","186,75","190,10","185,50","14,83K","1,12%"
"27.05.2025","185,09","181,51","185,31","179,11","10,72K","2,12%"
"26.05.2025","181,25","180,63","182,14","180,44","8,79K","3,62%"
"23.05.2025","174,92","179,95","181,30","169,00","22,49K","-4,14%"
"22.05.2025","182,48","181,08","184,46","177,55","13,91K","-3,12%"
"21.05.2025","188,36","183,68","189,00","181,16","13,63K","0,41%"
"20.05.2025","187,59","187,19","189,36","186,00","7,33K","-0,12%"
"19.05.2025","187,81","182,00","189,00","179,81","11,68K","-0,98%"
"16.05.2025","189,67","187,60","190,71","187,12","15,13K","0,62%"
"15.05.2025","188,50","186,39","188,84","183,00","8,84K","0,49%"
"14.05.2025","187,58","186,80","187,58","183,39","13,27K","1,26%"
"13.05.2025","185,25","175,44","185,86","175,00","30,98K","6,03%"
"12.05.2025","174,71","175,12","179,52","172,00","19,71K","11,24%"
"09.05.2025","157,05","158,32","160,00","154,94","11,12K","-0,71%"
"08.05.2025","158,17","157,65","159,46","152,95","16,39K","6,64%"
"07.05.2025","148,32","152,04","152,83","148,00","9,77K","-2,00%"
"06.05.2025","151,35","152,10","152,10","146,62","14,07K","-2,39%"
"05.05.2025","155,05","154,10","155,44","152,00","9,62K","-0,82%"
"02.05.2025","156,33","151,76","156,84","149,76","14,82K","11,62%"
"30.04.2025","140,05","142,59","143,69","132,70","18,39K","-0,88%"
"29.04.2025","141,30","141,81","143,47","137,59","8,90K","2,53%"
"28.04.2025","137,82","141,97","144,05","137,50","12,37K","-0,24%"
"25.04.2025","138,15","140,97","140,97","134,78","10,26K","2,68%"
"24.04.2025","134,54","125,49","135,49","123,20","19,16K","4,40%"
"23.04.2025","128,87","125,30","133,33","125,30","27,20K","10,46%"
"22.04.2025","116,67","113,32","117,99","111,01","10,05K","-2,03%"
"17.04.2025","119,09","123,23","124,87","117,41","15,57K","-5,51%"
"16.04.2025","126,04","124,13","129,42","122,00","14,37K","-5,50%"
"15.04.2025","133,37","131,60","136,00","129,62","11,96K","1,59%"
"14.04.2025","131,28","134,00","138,00","131,28","20,88K","8,35%"
"11.04.2025","121,16","126,25","126,43","118,00","33,76K","-1,56%"
"10.04.2025","123,08","139,95","140,11","123,08","51,16K","14,70%"
"09.04.2025","107,31","105,98","112,00","98,49","39,37K","-12,36%"
"08.04.2025","122,45","117,84","128,68","115,75","44,77K","12,39%"
"07.04.2025","108,95","94,35","117,00","92,80","88,38K","-9,76%"
"04.04.2025","120,73","135,30","136,35","115,01","173,19K","-14,30%"
"03.04.2025","140,88","146,24","149,46","137,00","37,49K","-14,42%"
"02.04.2025","164,62","161,72","164,70","156,00","35,93K","1,73%"
"01.04.2025","161,82","158,85","162,74","155,05","21,40K","5,50%"
"31.03.2025","153,38","152,70","154,20","145,33","26,65K","-4,57%"
"28.03.2025","160,73","170,73","172,93","159,65","24,04K","-8,57%"
"27.03.2025","175,80","175,88","178,43","172,20","37,89K","-1,80%"
"26.03.2025","179,03","186,48","186,60","178,06","23,53K","-2,92%"
"25.03.2025","184,42","183,00","186,27","181,60","14,81K","0,81%"
"24.03.2025","182,94","178,59","183,38","178,00","37,04K","8,23%"
"21.03.2025","169,03","169,51","170,09","164,00","12,25K","-0,81%"
"20.03.2025","170,41","173,85","175,44","166,92","30,25K","0,42%"
"19.03.2025","169,70","164,03","170,50","164,03","14,63K","2,71%"
"18.03.2025","165,22","171,23","172,28","162,62","27,05K","-2,38%"
"17.03.2025","169,24","167,63","173,39","167,21","26,80K","-0,03%"
"14.03.2025","169,29","163,15","170,33","163,15","21,22K","4,45%"
"13.03.2025","162,07","165,04","168,79","160,47","39,37K","-5,08%"
"12.03.2025","170,75","164,76","173,21","162,55","46,99K","4,42%"
"11.03.2025","163,52","165,44","167,60","159,50","35,09K","-3,25%"
"10.03.2025","169,01","182,89","182,89","167,24","35,68K","-4,01%"
"07.03.2025","176,07","185,11","186,48","176,07","10,28K","-8,19%"
"06.03.2025","191,77","196,55","196,55","187,75","25,79K","1,43%"
"05.03.2025","189,07","199,11","200,58","189,00","26,15K","-1,50%"
"04.03.2025","191,94","201,14","202,18","187,69","20,33K","-10,10%"
"03.03.2025","213,50","217,86","220,40","209,60","19,60K","1,90%"
"28.02.2025","209,52","207,22","211,52","202,82","32,57K","-5,77%"
"27.02.2025","222,36","226,28","230,50","216,00","16,66K","-2,80%"
"26.02.2025","228,76","226,28","229,40","223,44","16,75K","4,96%"
"25.02.2025","217,96","229,20","231,40","217,80","22,75K","-8,07%"
"24.02.2025","237,10","241,58","244,18","232,00","18,22K","-5,74%"
"21.02.2025","251,54","254,80","258,96","249,42","13,26K","-0,13%"
"20.02.2025","251,88","257,18","259,02","249,80","9,99K","-3,03%"
"19.02.2025","259,76","260,46","260,52","256,28","6,42K","1,00%"
"18.02.2025","257,18","261,04","262,40","255,88","11,00K","-0,56%"
"17.02.2025","258,62","259,30","259,68","258,00","7,43K","1,46%"
"14.02.2025","254,90","255,72","256,06","252,60","15,48K","0,95%"
"13.02.2025","252,50","247,44","253,64","245,00","14,25K","4,09%"
"12.02.2025","242,58","247,10","248,12","237,90","15,09K","-2,52%"
"11.02.2025","248,86","246,28","249,50","243,90","8,00K","-0,46%"
"10.02.2025","250,02","244,68","250,90","244,02","6,78K","3,05%"
"07.02.2025","242,62","248,68","252,00","242,12","15,09K","-1,65%"
"06.02.2025","246,68","246,18","248,52","244,48","8,65K","2,56%"
"05.02.2025","240,52","237,14","240,52","234,70","8,56K","-1,09%"
"04.02.2025","243,16","235,02","243,16","232,90","8,28K","2,94%"
"03.02.2025","236,22","229,50","237,28","226,90","32,57K","-5,82%"
"31.01.2025","250,82","245,58","252,04","245,58","17,98K","5,62%"
"30.01.2025","237,48","241,70","244,00","234,72","16,08K","0,45%"
"29.01.2025","236,42","241,84","242,50","234,72","16,39K","1,44%"
"28.01.2025","233,06","231,30","235,20","225,76","19,58K","3,44%"
"27.01.2025","225,30","227,44","232,22","210,00","50,53K","-10,63%"
"24.01.2025","252,10","252,70","254,62","251,18","20,22K","-0,06%"
"23.01.2025","252,24","251,36","252,52","250,00","7,38K","-1,38%"
"22.01.2025","255,76","249,52","255,76","249,20","17,01K","5,67%"
"21.01.2025","242,04","241,96","245,82","239,06","3,45K","-1,09%"
"20.01.2025","244,70","243,20","246,02","241,34","4,99K","0,39%"
"17.01.2025","243,76","233,30","245,00","233,06","13,82K","3,31%"
"16.01.2025","235,96","241,24","241,28","235,00","16,35K","0,89%"
"15.01.2025","233,88","221,20","236,58","221,20","17,98K","5,63%"
"14.01.2025","221,42","227,00","229,24","220,62","6,49K","0,74%"
"13.01.2025","219,80","222,60","222,76","216,16","10,80K","-1,45%"
"10.01.2025","223,04","233,22","235,86","221,72","15,59K","-4,84%"
"09.01.2025","234,38","232,74","235,22","232,34","1,54K","-0,64%"
"08.01.2025","235,88","236,46","238,48","231,52","14,43K","-1,41%"
"07.01.2025","239,26","246,00","248,52","237,26","11,05K","-4,56%"
"06.01.2025","250,70","242,04","251,68","242,04","9,39K","4,72%"
"03.01.2025","239,40","233,62","239,40","232,00","19,27K","1,54%"
"02.01.2025","235,76","236,06","239,26","229,68","5,76K","-0,36%"
"30.12.2024","236,60","242,86","243,76","235,72","6,50K","-2,55%"
"27.12.2024","242,78","251,76","252,98","239,10","12,06K","0,53%"
"23.12.2024","241,50","244,30","244,48","237,60","9,93K","-1,28%"
"20.12.2024","244,64","231,66","244,64","221,90","36,56K","1,76%"
"19.12.2024","240,42","238,64","243,92","237,00","26,62K","-8,97%"
"18.12.2024","264,10","264,06","265,72","260,22","6,49K","-0,53%"
"17.12.2024","265,50","265,02","267,00","260,80","18,79K","0,64%"
"16.12.2024","263,82","256,32","264,50","255,76","45,91K","3,68%"
"13.12.2024","254,46","254,66","259,40","252,08","26,46K","0,74%"
"12.12.2024","252,60","254,56","254,56","250,06","9,70K","-0,92%"
"11.12.2024","254,94","243,04","254,94","243,04","19,66K","4,27%"
"10.12.2024","244,50","243,36","248,86","243,14","4,54K","0,07%"
"09.12.2024","244,34","250,76","251,04","241,56","7,64K","-1,71%"
"06.12.2024","248,58","243,26","249,00","242,46","12,86K","1,27%"
"05.12.2024","245,46","244,80","246,40","244,00","11,14K","0,61%"
"04.12.2024","243,96","240,30","244,90","240,30","17,59K","3,10%"
"03.12.2024","236,62","236,84","236,84","233,22","8,10K","0,41%"
"02.12.2024","235,66","227,80","236,00","227,02","10,52K","3,71%"
"29.11.2024","227,24","224,46","227,86","222,38","4,11K","1,22%"
"28.11.2024","224,50","223,94","224,90","223,18","5,41K","2,27%"
"27.11.2024","219,52","228,10","228,10","218,26","4,59K","-3,85%"
"26.11.2024","228,30","225,84","229,38","224,40","9,70K","0,74%"
"25.11.2024","226,62","229,08","231,16","226,00","4,02K","1,18%"
"22.11.2024","223,98","223,66","226,70","221,58","12,07K","1,00%"
"21.11.2024","221,76","218,50","225,00","213,68","7,88K","3,18%"
"20.11.2024","214,92","221,30","222,04","212,54","12,19K","-1,19%"
"19.11.2024","217,50","217,36","217,50","207,94","9,10K","-0,33%"
"18.11.2024","218,22","215,12","218,22","211,72","10,74K","1,99%"
"15.11.2024","213,96","223,52","223,52","213,66","18,99K","-7,59%"
"14.11.2024","231,54","232,62","234,76","229,80","8,04K","-0,68%"
"13.11.2024","233,12","231,06","233,44","230,70","8,57K","-0,07%"
"12.11.2024","233,28","233,14","234,74","231,58","9,00K","0,09%"
"11.11.2024","233,06","235,08","237,32","231,62","22,77K","0,64%"
"08.11.2024","231,58","231,74","231,90","227,88","16,78K","1,30%"
"07.11.2024","228,60","221,78","228,60","221,68","17,49K","4,69%"
"06.11.2024","218,36","214,70","219,00","212,90","26,73K","8,62%"
"05.11.2024","201,04","195,49","201,04","195,21","5,61K","2,32%"
"04.11.2024","196,48","197,01","198,23","192,28","8,10K","-1,82%"
"01.11.2024","200,12","195,64","200,80","194,40","23,49K","2,65%"
"31.10.2024","194,96","201,82","204,12","193,54","17,78K","-8,18%"
"30.10.2024","212,34","215,86","216,00","209,70","9,68K","0,47%"
"29.10.2024","211,34","209,12","212,80","207,16","11,77K","1,07%"
"28.10.2024","209,10","212,00","213,60","209,10","10,92K","-1,67%"
"25.10.2024","212,66","205,10","214,00","205,00","19,04K","4,30%"
"24.10.2024","203,90","203,82","206,00","203,18","6,85K","0,04%"
"23.10.2024","203,82","209,40","210,10","203,52","10,21K","-1,92%"
"22.10.2024","207,82","206,82","209,24","204,58","7,56K","1,59%"
"21.10.2024","204,56","206,32","208,38","203,84","2,72K","-1,47%"
"18.10.2024","207,62","206,10","208,12","206,04","7,73K","0,39%"
"17.10.2024","206,82","205,94","211,32","205,18","6,84K","2,52%"
"16.10.2024","201,74","203,52","204,00","198,91","7,09K","-1,49%"
"15.10.2024","204,80","210,20","211,62","202,00","8,34K","-1,86%"
"14.10.2024","208,68","204,88","212,12","204,50","9,33K","1,99%"
"11.10.2024","204,60","204,28","205,36","201,46","7,91K","-0,13%"
"10.10.2024","204,86","204,80","205,50","200,60","12,52K","0,72%"
"09.10.2024","203,40","197,48","203,40","197,42","19,16K","2,86%"
"08.10.2024","197,75","190,35","198,65","189,84","8,13K","0,84%"
"07.10.2024","196,10","197,20","197,60","193,24","13,36K","1,43%"
"04.10.2024","193,34","190,40","199,00","190,40","19,27K","1,10%"
"03.10.2024","191,24","189,43","192,84","186,83","6,43K","-0,40%"
"02.10.2024","192,00","188,00","192,00","185,70","5,69K","2,24%"
"01.10.2024","187,79","196,31","198,44","184,49","17,26K","-3,21%"
"30.09.2024","194,02","193,80","195,22","190,90","11,19K","-0,61%"
"27.09.2024","195,21","197,04","199,13","195,21","10,63K","0,11%"
"26.09.2024","194,99","201,68","204,26","194,47","20,23K","0,13%"
"25.09.2024","194,74","190,23","195,17","190,10","4,47K","1,40%"
"24.09.2024","192,05","192,83","193,50","187,69","10,22K","0,13%"
"23.09.2024","191,80","190,18","191,80","188,57","5,69K","2,70%"
"20.09.2024","186,75","189,14","190,36","185,00","8,47K","-2,78%"
"19.09.2024","192,09","185,78","192,80","185,47","11,87K","7,32%"
"18.09.2024","178,98","181,52","181,52","178,98","3,07K","-1,86%"
"17.09.2024","182,38","180,57","184,47","180,57","6,54K","2,27%"
"16.09.2024","178,33","181,57","182,32","176,05","","-2,60%"
"13.09.2024","183,09","181,09","183,09","179,62","7,67K","3,20%"
"12.09.2024","177,41","177,80","179,87","174,48","6,56K","9,53%"
"11.09.2024","161,97","163,98","167,40","159,00","9,70K","-1,05%"
"10.09.2024","163,69","159,48","164,75","159,10","9,73K","3,03%"
"09.09.2024","158,88","158,42","161,55","156,34","9,15K","1,61%"
"06.09.2024","156,37","164,32","169,48","155,84","13,60K","-5,82%"
"05.09.2024","166,03","166,97","172,78","164,51","8,20K","-2,10%"
"04.09.2024","169,59","166,45","171,66","165,66","10,97K","-3,76%"
"03.09.2024","176,22","186,98","186,98","174,56","8,68K","-6,29%"
"02.09.2024","188,04","185,76","188,46","184,44","2,25K","2,76%"
"30.08.2024","182,99","183,35","187,20","182,75","3,64K","-2,47%"
"29.08.2024","187,63","178,80","189,22","178,80","6,66K","4,24%"
"28.08.2024","180,00","186,80","187,85","178,80","7,52K","-2,83%"
"27.08.2024","185,24","185,64","187,57","182,02","9,79K","0,07%"
"26.08.2024","185,11","190,25","192,00","182,32","7,62K","-2,42%"
"23.08.2024","189,71","188,62","193,65","187,74","16,72K","-1,05%"
"22.08.2024","191,73","195,11","198,00","191,73","8,33K","-0,89%"
"21.08.2024","193,45","192,30","197,09","191,94","11,65K","0,38%"
"20.08.2024","192,71","195,31","196,37","191,75","10,88K","1,96%"
"19.08.2024","189,01","186,90","189,35","185,94","10,19K","1,19%"
"16.08.2024","186,79","190,57","190,79","184,35","18,77K","0,39%"
"15.08.2024","186,06","176,30","186,47","175,00","14,82K","6,12%"
"14.08.2024","175,33","174,80","175,50","170,00","16,23K","1,79%"
"13.08.2024","172,25","166,55","172,25","164,44","17,80K","5,68%"
"12.08.2024","162,99","163,45","166,91","160,94","10,29K","1,59%"
"09.08.2024","160,44","159,91","164,00","157,51","10,10K","1,62%"
"08.08.2024","157,88","147,76","158,69","144,88","16,18K","-1,23%"
"07.08.2024","159,84","155,11","161,30","153,66","19,26K","3,93%"
"06.08.2024","153,79","154,35","156,18","147,43","19,15K","2,51%"
"05.08.2024","150,02","139,10","152,00","131,42","37,86K","-7,10%"
"02.08.2024","161,48","167,87","169,44","157,74","37,17K","-11,83%"
"01.08.2024","183,15","194,03","195,62","183,15","25,23K","-3,78%"
"31.07.2024","190,35","182,37","190,35","182,37","11,72K","7,62%"
"30.07.2024","176,87","182,76","185,10","176,83","8,43K","-2,21%"
"29.07.2024","180,86","185,07","187,82","180,86","10,16K","0,71%"
"26.07.2024","179,59","180,16","182,57","178,15","20,60K","-1,52%"
"25.07.2024","182,36","183,97","184,26","173,50","17,19K","-3,09%"
"24.07.2024","188,18","198,42","199,32","187,53","18,51K","-9,90%"
"23.07.2024","208,86","203,94","209,00","202,76","13,68K","4,01%"
"22.07.2024","200,80","199,55","206,66","199,00","19,11K","1,41%"
"19.07.2024","198,00","201,88","205,42","198,00","9,62K","-1,00%"
"18.07.2024","200,00","209,54","210,04","200,00","7,28K","-4,31%"
"17.07.2024","209,00","220,08","220,08","208,58","20,09K","-6,57%"
"16.07.2024","223,70","225,98","227,60","222,26","3,94K","-2,25%"
"15.07.2024","228,84","226,28","231,08","225,38","6,87K","0,94%"
"12.07.2024","226,72","220,62","227,66","219,14","11,69K","1,31%"
"11.07.2024","223,78","236,26","239,54","223,78","14,31K","-3,85%"
"10.07.2024","232,74","231,18","233,20","231,08","3,56K","0,71%"
"09.07.2024","231,10","231,52","233,00","230,54","9,60K","0,78%"
"08.07.2024","229,30","227,02","229,48","227,02","8,95K","1,29%"
"05.07.2024","226,38","222,76","226,40","220,00","15,04K","2,44%"
"04.07.2024","220,98","221,74","222,10","220,52","2,99K","0,67%"
"03.07.2024","219,50","217,02","219,98","215,92","3,92K","2,45%"
"02.07.2024","214,26","209,06","214,26","208,00","2,96K","2,60%"
"01.07.2024","208,84","209,62","209,78","204,04","6,98K","-2,27%"
"28.06.2024","213,70","214,04","218,60","212,74","5,18K","2,10%"
"27.06.2024","209,30","209,72","212,88","209,30","2,83K","-0,09%"
"26.06.2024","209,48","210,82","212,78","208,76","13,28K","0,59%"
"25.06.2024","208,26","202,52","208,28","201,96","11,59K","0,69%"
"24.06.2024","206,84","210,42","210,46","204,36","5,28K","-1,79%"
"21.06.2024","210,60","212,24","212,42","209,36","10,18K","-2,82%"
"20.06.2024","216,72","219,90","221,28","214,04","16,73K","-0,31%"
"19.06.2024","217,40","217,10","217,40","216,60","2,18K","1,26%"
"18.06.2024","214,70","216,00","217,90","213,96","9,28K","1,96%"
"17.06.2024","210,58","210,06","210,98","207,80","6,40K","1,66%"
"14.06.2024","207,14","206,96","208,00","204,32","5,50K","1,05%"
"13.06.2024","204,98","205,62","206,50","203,34","8,90K","1,87%"
"12.06.2024","201,22","194,80","201,98","194,80","12,25K","5,37%"
"11.06.2024","190,97","189,73","191,40","188,50","7,10K","0,39%"
"10.06.2024","190,22","187,51","190,22","186,79","8,37K","0,88%"
"07.06.2024","188,57","187,82","189,50","184,60","8,89K","0,83%"
"06.06.2024","187,01","187,33","188,56","186,90","12,09K","1,28%"
"05.06.2024","184,65","177,07","184,65","177,00","6,56K","6,41%"
"04.06.2024","173,53","173,53","175,31","171,73","0,95K","-0,64%"
"03.06.2024","174,64","175,70","178,20","172,95","5,61K","4,68%"
"31.05.2024","166,84","173,27","175,61","166,30","6,84K","-5,52%"
"30.05.2024","176,59","177,26","179,57","175,50","2,96K","-2,76%"
"29.05.2024","181,60","181,77","182,74","178,94","3,54K","-0,73%"
"28.05.2024","182,94","183,55","184,82","182,48","5,22K","-0,32%"
"27.05.2024","183,52","182,21","183,52","181,72","5,69K","0,48%"
"24.05.2024","182,64","178,10","183,31","177,42","8,54K","-0,38%"
"23.05.2024","183,33","184,29","186,40","180,68","15,18K","1,28%"
"22.05.2024","181,01","179,81","181,32","178,96","13,56K","1,56%"
"21.05.2024","178,23","178,13","178,61","176,53","2,90K","-0,15%"
"20.05.2024","178,50","175,72","178,70","175,11","9,47K","1,92%"
"17.05.2024","175,13","175,76","176,62","175,00","5,86K","-1,65%"
"16.05.2024","178,06","177,09","178,40","176,40","9,24K","2,32%"
"15.05.2024","174,03","169,32","174,20","169,31","17,37K","3,89%"
"14.05.2024","167,52","166,90","168,40","164,82","7,39K","0,54%"
"13.05.2024","166,62","167,09","167,79","165,80","2,92K","0,70%"
"10.05.2024","165,46","166,46","168,00","164,50","6,79K","-0,06%"
"09.05.2024","165,56","163,73","165,60","162,56","2,92K","0,58%"
"08.05.2024","164,61","165,14","166,25","161,64","8,06K","-0,81%"
"07.05.2024","165,95","164,18","166,00","163,56","9,11K","2,36%"
"06.05.2024","162,12","160,12","162,12","159,65","9,99K","2,10%"
"03.05.2024","158,78","153,19","160,00","153,01","11,18K","7,08%"
"02.05.2024","148,28","148,76","150,43","145,54","4,61K","-4,24%"
"30.04.2024","154,84","158,11","158,11","154,60","3,82K","-1,05%"
"29.04.2024","156,49","157,68","159,19","156,49","6,40K","-0,17%"
"26.04.2024","156,75","153,85","157,63","152,20","14,02K","8,22%"
"25.04.2024","144,85","146,60","147,79","143,25","5,55K","-5,06%"
"24.04.2024","152,57","154,01","155,00","151,88","6,11K","1,65%"
"23.04.2024","150,10","145,20","150,21","144,83","17,83K","6,02%"
"22.04.2024","141,58","143,27","144,60","140,34","11,87K","-1,95%"
"19.04.2024","144,40","147,40","149,79","144,40","9,06K","-6,20%"
"18.04.2024","153,94","155,18","155,18","150,78","17,22K","-0,84%"
"17.04.2024","155,25","158,46","161,36","155,25","6,14K","-2,74%"
"16.04.2024","159,63","158,60","160,08","157,17","18,43K","-5,13%"
"15.04.2024","168,26","169,68","171,29","166,58","4,44K","-0,98%"
"12.04.2024","169,92","175,20","175,30","168,40","9,25K","0,92%"
"11.04.2024","168,37","166,50","168,72","164,70","14,53K","1,81%"
"10.04.2024","165,38","169,39","170,90","161,26","9,63K","0,07%"
"09.04.2024","165,27","167,84","169,30","163,67","8,51K","-1,56%"
"08.04.2024","167,89","167,28","169,32","166,81","11,47K","0,14%"
"05.04.2024","167,66","163,18","168,20","161,69","7,54K","-3,20%"
"04.04.2024","173,21","171,20","174,60","171,20","3,61K","0,81%"
"03.04.2024","171,82","168,57","172,00","166,90","6,46K","2,08%"
"02.04.2024","168,32","174,60","175,32","166,42","9,42K","-2,73%"
"28.03.2024","173,05","174,16","174,51","172,69","4,04K","0,62%"
"27.03.2024","171,98","173,46","175,60","170,77","5,91K","-1,94%"
"26.03.2024","175,38","175,30","176,05","174,39","3,20K","0,76%"
"25.03.2024","174,06","174,81","175,26","170,99","4,81K","-0,25%"
"22.03.2024","174,50","175,47","176,15","173,25","3,27K","-2,12%"
"21.03.2024","178,28","175,36","178,60","174,63","10,41K","7,13%"
"20.03.2024","166,41","166,25","168,28","165,89","20,10K","0,79%"
"19.03.2024","165,11","164,53","165,80","161,10","7,60K","-0,95%"
"18.03.2024","166,69","163,25","168,48","162,86","15,46K","3,98%"
"15.03.2024","160,31","165,01","167,50","158,44","4,37K","-4,01%"
"14.03.2024","167,00","169,00","169,50","164,91","1,51K","0,08%"
"13.03.2024","166,87","171,41","171,41","166,04","6,56K","-1,07%"
"12.03.2024","168,67","167,17","170,91","163,60","8,76K","2,52%"
"11.03.2024","164,53","164,35","165,55","162,35","12,94K","-3,58%"
"08.03.2024","170,64","173,33","176,70","170,00","17,24K","-1,10%"
"07.03.2024","172,53","164,82","173,06","163,91","6,22K","2,76%"
"06.03.2024","167,90","166,51","168,92","165,92","9,38K","2,01%"
"05.03.2024","164,59","171,71","171,71","163,68","10,87K","-5,59%"
"04.03.2024","174,33","176,11","177,00","174,20","6,28K","0,80%"
"01.03.2024","172,95","171,10","173,40","168,10","13,64K","4,04%"
"29.02.2024","166,23","163,54","168,20","162,12","3,75K","0,33%"
"28.02.2024","165,68","166,30","166,30","164,50","1,67K","-0,22%"
"27.02.2024","166,04","165,93","167,38","165,11","3,25K","-0,57%"
"26.02.2024","166,99","165,45","167,20","165,40","2,67K","-0,02%"
"23.02.2024","167,03","167,68","170,47","165,97","12,56K","0,29%"
"22.02.2024","166,54","162,72","166,54","162,72","9,92K","8,52%"
"21.02.2024","153,47","155,76","155,76","152,55","4,24K","-0,83%"
"20.02.2024","154,75","160,18","160,18","154,00","6,33K","-4,50%"
"19.02.2024","162,04","161,41","162,53","161,02","1,48K","-1,48%"
"16.02.2024","164,47","167,35","168,80","161,00","14,34K","0,41%"
"15.02.2024","163,80","166,62","166,62","162,50","7,73K","0,90%"
"14.02.2024","162,34","162,00","164,11","160,79","9,25K","0,46%"
"13.02.2024","161,60","166,81","166,95","158,35","15,22K","-5,61%"
"12.02.2024","171,21","169,00","171,21","168,64","7,92K","2,28%"
"09.02.2024","167,39","165,44","168,00","164,80","6,17K","1,50%"
"08.02.2024","164,91","163,87","165,21","162,96","16,16K","1,18%"
"07.02.2024","162,98","158,34","164,70","158,34","14,91K","2,68%"
"06.02.2024","158,73","161,69","161,90","157,77","9,44K","0,09%"
"05.02.2024","158,58","159,79","161,13","157,62","8,58K","-0,40%"
"02.02.2024","159,21","155,54","159,21","154,00","14,75K","7,44%"
"01.02.2024","148,18","150,05","150,63","147,89","5,57K","-0,66%"
"31.01.2024","149,17","152,98","153,25","147,62","10,54K","-5,50%"
"30.01.2024","157,85","158,75","159,87","157,32","8,91K","1,28%"
"29.01.2024","155,85","155,36","156,39","155,00","4,63K","-0,35%"
"26.01.2024","156,39","153,52","156,88","153,00","12,05K","-2,12%"
"25.01.2024","159,78","156,43","159,90","156,08","8,86K","0,74%"
"24.01.2024","158,61","156,52","159,80","156,52","5,83K","4,26%"
"23.01.2024","152,13","152,34","153,67","151,11","24,61K","-0,58%"
"22.01.2024","153,01","153,40","154,85","151,61","11,66K","4,47%"
"19.01.2024","146,46","145,12","147,25","144,88","11,35K","2,37%"
"18.01.2024","143,07","138,04","143,07","138,04","10,33K","4,51%"
"17.01.2024","136,89","136,68","137,84","133,69","7,55K","-2,76%"
"16.01.2024","140,77","135,83","141,42","135,83","9,70K","1,35%"
"15.01.2024","138,89","139,41","139,75","138,56","3,81K","0,19%"
"12.01.2024","138,63","137,61","140,15","137,35","15,11K","2,93%"
"11.01.2024","134,69","139,70","140,50","134,69","16,59K","-1,12%"
"10.01.2024","136,22","136,27","137,20","135,12","8,83K","1,21%"
"09.01.2024","134,59","133,69","134,72","131,55","7,15K","2,63%"
"08.01.2024","131,14","126,78","131,35","125,41","11,54K","2,29%"
"05.01.2024","128,20","125,99","129,21","124,54","16,28K","-0,63%"
"04.01.2024","129,01","129,55","129,85","126,67","32,70K","-0,77%"
"03.01.2024","130,01","132,42","132,64","129,55","11,38K","-2,94%"
"02.01.2024","133,95","139,21","139,42","132,00","15,80K","-4,51%"
"29.12.2023","140,27","140,81","141,32","140,02","5,49K","-0,40%"
"28.12.2023","140,83","141,13","141,60","140,26","6,69K","0,85%"
"27.12.2023","139,64","141,95","141,95","138,93","10,30K","0,79%"
"22.12.2023","138,55","137,20","139,52","136,60","14,02K","1,25%"
"21.12.2023","136,84","136,92","137,78","136,00","14,27K","-2,67%"
"20.12.2023","140,59","139,93","141,35","138,75","13,29K","0,80%"
"19.12.2023","139,48","138,17","139,70","138,17","9,63K","1,35%"
"18.12.2023","137,62","136,02","137,70","135,67","6,68K","0,23%"
"15.12.2023","137,31","134,28","137,31","134,28","5,19K","2,78%"
"14.12.2023","133,59","137,08","137,50","133,13","10,76K","1,01%"
"13.12.2023","132,25","132,20","133,40","132,00","30,87K","2,03%"
"12.12.2023","129,62","129,00","130,20","127,77","23,54K","2,69%"
"11.12.2023","126,22","124,78","127,89","124,43","9,63K","1,34%"
"08.12.2023","124,55","122,99","125,65","121,50","10,67K","1,38%"
"07.12.2023","122,86","119,19","123,00","118,79","24,05K","1,97%"
"06.12.2023","120,49","122,29","123,50","120,34","25,94K","0,10%"
"05.12.2023","120,37","117,81","121,46","117,19","35,20K","2,59%"
"04.12.2023","117,33","120,93","121,95","116,35","15,81K","-3,03%"
"01.12.2023","121,00","120,75","121,67","119,94","11,27K","1,56%"
"30.11.2023","119,14","122,61","123,18","118,83","4,54K","-2,50%"
"29.11.2023","122,20","122,04","125,32","121,87","8,29K","0,16%"
"28.11.2023","122,00","120,42","122,00","119,88","9,24K","0,01%"
"27.11.2023","121,99","120,71","122,22","120,65","7,42K","0,31%"
"24.11.2023","121,61","122,16","123,20","121,00","6,58K","-1,25%"
"23.11.2023","123,15","123,28","123,28","122,96","2,04K","-0,04%"
"22.11.2023","123,20","120,69","125,53","120,69","21,73K","2,65%"
"21.11.2023","120,02","122,78","123,00","119,48","8,63K","-1,02%"
"20.11.2023","121,26","118,43","121,45","118,40","7,57K","2,26%"
"17.11.2023","118,58","119,76","120,12","118,00","8,08K","0,70%"
"16.11.2023","117,75","118,94","119,43","117,75","4,62K","-2,36%"
"15.11.2023","120,59","120,00","122,46","119,85","21,93K","1,29%"
"14.11.2023","119,06","114,48","119,92","114,04","23,33K","4,40%"
"13.11.2023","114,04","113,46","114,46","112,24","16,56K","2,37%"
"10.11.2023","111,40","108,16","111,90","106,82","26,52K","0,50%"
"09.11.2023","110,85","110,15","111,04","109,54","16,80K","1,20%"
"08.11.2023","109,54","109,72","111,06","109,18","15,02K","-0,93%"
"07.11.2023","110,57","106,08","110,57","106,08","10,76K","4,11%"
"06.11.2023","106,20","105,85","107,00","105,55","15,17K","0,35%"
"03.11.2023","105,83","102,05","105,83","101,60","24,65K","3,70%"
"02.11.2023","102,05","99,58","102,17","99,56","20,46K","6,59%"
"01.11.2023","95,74","93,01","96,65","92,38","10,32K","4,58%"
"31.10.2023","91,55","90,25","92,01","89,89","30,69K","0,82%"
"30.10.2023","90,81","91,25","92,52","89,99","33,30K","-0,02%"
"27.10.2023","90,82","89,90","91,70","89,60","36,38K","1,21%"
"26.10.2023","89,74","89,82","93,07","89,50","54,37K","-6,69%"
"25.10.2023","96,17","98,64","99,53","95,63","35,90K","-3,49%"
"24.10.2023","99,64","99,00","101,01","98,21","65,61K","1,54%"
"23.10.2023","98,13","97,75","98,13","94,17","35,93K","0,93%"
"20.10.2023","97,22","100,15","101,48","97,04","23,14K","-7,08%"
"19.10.2023","104,63","104,57","106,22","102,31","12,23K","-2,49%"
"18.10.2023","107,30","107,79","108,17","106,34","13,04K","-1,71%"
"17.10.2023","109,17","110,12","110,38","105,39","13,27K","-1,24%"
"16.10.2023","110,54","107,90","111,00","106,31","26,53K","2,06%"
"13.10.2023","108,31","111,28","112,11","107,97","60,10K","-4,21%"
"12.10.2023","113,07","112,73","114,07","111,95","45,54K","2,52%"
"11.10.2023","110,29","109,85","111,63","109,49","50,60K","-0,91%"
"10.10.2023","111,30","108,60","111,30","107,70","23,59K","5,98%"
"09.10.2023","105,02","104,50","105,22","103,05","78,16K","1,44%"
"06.10.2023","103,53","101,55","103,53","98,12","80,25K","3,72%"
"05.10.2023","99,82","102,55","103,53","98,89","87,84K","-1,43%"
"04.10.2023","101,26","97,13","101,44","97,00","65,68K","1,81%"
"03.10.2023","99,46","104,71","105,51","99,46","28,41K","-5,29%"
"02.10.2023","105,02","103,43","106,00","101,52","79,39K","1,99%"
"29.09.2023","102,97","102,26","105,20","102,11","39,21K","1,71%"
"28.09.2023","101,24","99,68","101,24","97,87","43,20K","2,25%"
"27.09.2023","99,01","99,24","100,15","98,37","39,84K","0,22%"
"26.09.2023","98,79","100,65","101,57","98,42","72,41K","-3,13%"
"25.09.2023","101,99","101,84","102,27","99,50","62,48K","-1,49%"
"22.09.2023","103,53","100,02","103,60","100,02","31,12K","0,79%"
"21.09.2023","102,72","105,77","105,77","102,21","24,25K","-6,73%"
"20.09.2023","110,13","111,09","112,20","109,80","26,18K","0,80%"
"19.09.2023","109,26","111,51","112,32","108,48","30,66K","-2,69%"
"18.09.2023","112,28","112,03","112,83","110,35","42,99K","0,15%"
"15.09.2023","112,11","118,61","118,61","112,11","9,64K","-4,52%"
"14.09.2023","117,42","115,64","118,11","115,13","17,74K","2,02%"
"13.09.2023","115,09","113,17","115,09","112,34","12,24K","0,63%"
"12.09.2023","114,37","116,87","116,94","114,01","11,27K","-0,57%"
"11.09.2023","115,03","114,72","116,34","114,00","5,43K","0,17%"
"08.09.2023","114,83","113,83","115,25","112,10","13,86K","1,98%"
"07.09.2023","112,60","114,27","114,27","110,90","33,88K","-2,32%"
"06.09.2023","115,27","117,24","117,88","114,60","9,08K","-2,59%"
"05.09.2023","118,33","116,77","119,55","114,52","9,37K","0,73%"
"04.09.2023","117,47","118,06","118,50","117,33","5,26K","0,32%"
"01.09.2023","117,10","116,81","119,35","115,06","12,00K","-0,37%"
"31.08.2023","117,53","115,70","118,99","115,56","14,33K","2,24%"
"30.08.2023","114,95","114,17","115,23","112,89","18,06K","1,37%"
"29.08.2023","113,40","108,53","113,40","107,19","12,26K","6,25%"
"28.08.2023","106,73","105,55","107,84","105,55","9,65K","3,07%"
"25.08.2023","103,55","102,60","106,37","101,35","13,69K","-2,04%"
"24.08.2023","105,71","114,66","114,66","105,71","24,20K","-3,45%"
"23.08.2023","109,49","106,32","109,57","105,27","25,03K","3,07%"
"22.08.2023","106,23","105,17","107,70","105,17","30,78K","4,35%"
"21.08.2023","101,80","100,38","103,82","100,38","58,01K","2,91%"
"18.08.2023","98,93","100,56","100,80","97,98","27,66K","-3,71%"
"17.08.2023","102,74","105,00","105,40","102,50","12,52K","-4,20%"
"16.08.2023","107,24","107,71","108,29","106,65","15,85K","-1,62%"
"15.08.2023","109,01","111,32","111,32","107,87","9,71K","-0,47%"
"14.08.2023","109,52","106,68","110,20","106,01","5,27K","3,46%"
"11.08.2023","105,86","109,09","110,59","105,86","20,45K","-4,69%"
"10.08.2023","111,07","109,72","113,18","109,72","3,89K","2,37%"
"09.08.2023","108,50","113,49","113,49","108,00","8,95K","-1,46%"
"08.08.2023","110,11","113,47","114,00","109,83","10,30K","-1,85%"
"07.08.2023","112,19","113,50","114,46","111,86","10,36K","-3,13%"
"04.08.2023","115,81","115,81","117,00","113,00","11,05K","0,96%"
"03.08.2023","114,71","113,63","115,03","112,52","16,13K","-1,09%"
"02.08.2023","115,97","119,29","120,04","115,56","9,72K","-5,49%"
"01.08.2023","122,71","122,81","123,07","121,14","12,06K","0,00%"
"31.07.2023","122,71","122,51","123,80","121,54","15,63K","-0,37%"
"28.07.2023","123,16","119,01","123,16","118,49","17,04K","0,24%"
"27.07.2023","122,86","119,28","124,08","119,26","26,93K","5,94%"
"26.07.2023","115,97","118,47","118,82","115,11","8,02K","-2,14%"
"25.07.2023","118,50","116,58","118,50","116,58","9,03K","2,60%"
"24.07.2023","115,50","115,09","117,00","114,50","35,37K","-0,93%"
"21.07.2023","116,59","116,58","118,65","115,54","19,90K","-2,74%"
"20.07.2023","119,88","121,25","122,35","118,42","20,82K","-4,52%"
"19.07.2023","125,56","123,87","125,63","123,67","11,76K","4,96%"
"18.07.2023","119,63","119,79","120,47","118,74","12,93K","0,34%"
"17.07.2023","119,23","117,14","119,23","117,02","11,60K","-0,71%"
"14.07.2023","120,08","117,80","120,50","117,44","12,60K","3,74%"
"13.07.2023","115,75","113,95","116,00","113,95","8,89K","2,62%"
"12.07.2023","112,80","110,40","114,00","110,40","7,37K","3,91%"
"11.07.2023","108,56","109,16","109,87","108,56","5,94K","0,12%"
"10.07.2023","108,43","107,25","109,12","107,00","8,61K","-1,84%"
"07.07.2023","110,46","109,91","111,20","109,29","8,13K","1,20%"
"06.07.2023","109,15","112,06","112,41","108,55","16,10K","-3,87%"
"05.07.2023","113,55","112,02","114,90","111,22","7,21K","0,19%"
"04.07.2023","113,34","113,08","113,34","112,91","3,85K","0,81%"
"03.07.2023","112,43","113,29","114,04","112,34","8,77K","0,14%"
"30.06.2023","112,27","108,82","113,02","108,82","19,02K","3,69%"
"29.06.2023","108,27","108,62","109,45","107,37","5,13K","-0,64%"
"28.06.2023","108,97","106,16","109,92","105,76","12,08K","4,02%"
"27.06.2023","104,76","104,02","104,76","103,07","12,25K","-1,23%"
"26.06.2023","106,06","106,97","108,63","105,27","7,90K","-0,45%"
"23.06.2023","106,54","108,78","109,67","106,40","11,10K","-1,44%"
"22.06.2023","108,10","104,72","108,51","104,43","18,35K","1,43%"
"21.06.2023","106,58","110,45","110,99","105,78","6,59K","-2,87%"
"20.06.2023","109,73","110,29","112,26","108,78","17,54K","-0,82%"
"19.06.2023","110,64","111,64","112,50","110,62","8,94K","-2,25%"
"16.06.2023","113,19","112,88","114,99","112,79","13,75K","1,05%"
"15.06.2023","112,01","110,23","112,01","107,78","14,50K","1,41%"
"14.06.2023","110,45","108,78","110,83","108,30","6,78K","1,79%"
"13.06.2023","108,51","107,95","109,93","106,15","25,59K","4,36%"
"12.06.2023","103,98","102,88","103,98","102,58","18,13K","2,16%"
"09.06.2023","101,78","100,31","104,18","99,90","13,54K","1,59%"
"08.06.2023","100,19","96,47","100,19","96,40","14,87K","-0,72%"
"07.06.2023","100,92","102,58","104,31","100,00","7,65K","-1,75%"
"06.06.2023","102,72","102,67","103,15","101,37","12,64K","-1,83%"
"05.06.2023","104,63","101,88","104,63","101,87","9,55K","2,24%"
"02.06.2023","102,34","100,68","103,15","100,01","31,34K","3,78%"
"01.06.2023","98,61","97,08","98,67","96,00","10,97K","2,30%"
"31.05.2023","96,39","97,87","99,18","96,39","11,55K","-3,42%"
"30.05.2023","99,80","99,18","102,14","98,99","18,20K","1,30%"
"29.05.2023","98,52","98,93","99,08","98,52","21,14K","2,44%"
"26.05.2023","96,18","90,49","96,18","90,02","23,84K","6,77%"
"25.05.2023","90,08","88,45","90,50","87,94","22,42K","7,92%"
"24.05.2023","83,47","85,11","85,38","82,68","44,71K","-5,12%"
"23.05.2023","87,97","88,63","88,75","87,67","7,99K","-0,78%"
"22.05.2023","88,66","87,79","89,28","87,04","25,58K","1,46%"
"19.05.2023","87,38","88,60","89,14","87,38","37,17K","0,16%"
"18.05.2023","87,24","83,60","87,42","83,60","21,19K","6,85%"
"17.05.2023","81,64","80,79","82,00","80,68","9,66K","0,73%"
"16.05.2023","81,05","79,68","81,22","79,42","20,89K","1,90%"
"15.05.2023","79,54","79,46","79,61","78,10","13,72K","1,31%"
"12.05.2023","78,51","79,83","80,24","78,51","12,93K","-0,94%"
"11.05.2023","79,25","79,32","79,60","78,13","24,53K","1,83%"
"10.05.2023","77,83","76,11","78,55","75,29","20,11K","1,85%"
"09.05.2023","76,42","76,82","76,82","75,86","14,28K","0,40%"
"08.05.2023","76,11","76,18","76,50","75,45","4,03K","0,65%"
"05.05.2023","75,61","72,83","75,81","72,64","7,31K","4,12%"
"04.05.2023","72,63","73,17","73,57","71,41","23,41K","-1,98%"
"03.05.2023","74,09","74,56","74,82","74,04","33,81K","0,48%"
"02.05.2023","73,74","76,77","77,04","73,46","17,09K","-1,61%"
"28.04.2023","74,94","74,75","76,17","74,40","12,23K","1,83%"
"27.04.2023","73,60","71,06","73,60","71,06","26,54K","3,90%"
"26.04.2023","70,84","70,75","71,07","69,43","18,96K","0,24%"
"25.04.2023","70,67","71,33","71,71","70,67","4,00K","-1,13%"
"24.04.2023","71,47","72,23","73,00","71,46","1,81K","-1,90%"
"21.04.2023","72,86","72,99","73,18","71,68","3,03K","-1,05%"
"20.04.2023","73,63","73,82","74,07","72,29","10,50K","-0,90%"
"19.04.2023","74,30","74,00","74,49","73,16","11,55K","-0,95%"
"18.04.2023","75,01","75,03","76,68","74,55","11,16K","1,76%"
"17.04.2023","73,71","74,99","75,15","73,71","2,41K","-0,28%"
"14.04.2023","73,93","74,25","75,58","73,35","8,32K","0,81%"
"13.04.2023","73,33","71,79","73,51","71,03","16,68K","1,77%"
"12.04.2023","72,06","73,04","75,70","71,72","27,45K","-1,71%"
"11.04.2023","73,31","75,36","75,69","73,15","12,10K","-0,45%"
"06.04.2023","73,64","73,20","73,66","71,70","21,63K","0,71%"
"05.04.2023","73,12","75,83","75,90","72,63","21,44K","-3,66%"
"04.04.2023","75,90","76,56","78,07","75,68","28,93K","0,60%"
"03.04.2023","75,45","76,66","76,78","75,40","13,86K","-0,47%"
"31.03.2023","75,81","73,90","75,81","73,60","9,05K","3,02%"
"30.03.2023","73,58","72,61","74,00","72,58","22,38K","3,36%"
"29.03.2023","71,19","70,18","71,39","70,04","2,28K","4,63%"
"28.03.2023","68,04","70,25","70,25","67,29","11,08K","-3,91%"
"27.03.2023","70,81","72,00","72,50","70,56","34,80K","1,48%"
"24.03.2023","69,78","71,19","71,19","69,10","20,02K","-3,12%"
"23.03.2023","72,02","69,60","72,60","69,40","25,82K","0,96%"
"22.03.2023","71,33","70,51","72,26","70,18","34,90K","2,40%"
"21.03.2023","69,66","68,99","70,64","68,75","37,90K","3,41%"
"20.03.2023","67,36","67,50","68,64","66,12","56,60K","-1,51%"
"17.03.2023","68,40","69,79","71,07","67,34","50,77K","0,33%"
"16.03.2023","68,18","65,17","68,80","63,93","44,60K","8,77%"
"15.03.2023","62,68","63,28","63,28","60,25","37,69K","-0,71%"
"14.03.2023","63,13","59,67","63,26","59,13","35,38K","5,50%"
"13.03.2023","59,84","60,34","60,90","55,84","24,79K","-2,56%"
"10.03.2023","61,41","60,28","62,05","58,57","41,12K","-6,31%"
"09.03.2023","65,54","64,14","66,49","63,44","20,59K","2,78%"
"08.03.2023","63,77","63,78","64,60","63,14","14,83K","-1,38%"
"07.03.2023","64,66","65,71","66,37","63,83","19,93K","-4,27%"
"06.03.2023","67,54","65,93","67,93","65,39","17,29K","5,50%"
"03.03.2023","64,03","61,70","64,10","61,58","9,92K","7,90%"
"02.03.2023","59,34","58,44","59,63","58,37","20,12K","-0,90%"
"01.03.2023","59,88","62,23","62,76","59,57","13,73K","-3,81%"
"28.02.2023","62,26","61,62","62,87","61,62","4,08K","-0,02%"
"27.02.2023","62,27","62,17","63,60","62,06","14,09K","2,57%"
"24.02.2023","60,71","63,55","63,55","60,25","7,26K","-2,61%"
"23.02.2023","62,33","63,79","64,88","62,33","12,54K","-0,11%"
"22.02.2023","62,40","62,65","63,29","61,35","52,25K","-1,40%"
"21.02.2023","63,29","65,67","65,86","63,20","17,14K","-4,93%"
"20.02.2023","66,57","66,57","67,10","66,32","8,86K","1,46%"
"17.02.2023","65,61","67,04","67,33","65,50","25,35K","-7,33%"
"16.02.2023","70,81","72,57","72,81","68,80","30,71K","0,28%"
"15.02.2023","70,61","68,97","70,79","68,97","11,93K","4,31%"
"14.02.2023","67,68","68,98","70,88","66,86","22,38K","-1,31%"
"13.02.2023","68,58","65,93","68,90","65,83","10,21K","4,11%"
"10.02.2023","65,88","66,92","67,41","64,91","25,19K","-5,32%"
"09.02.2023","69,58","70,63","71,52","69,58","8,53K","0,53%"
"08.02.2023","69,21","73,03","73,03","69,01","35,89K","-1,50%"
"07.02.2023","70,26","68,99","70,26","68,47","8,78K","0,44%"
"06.02.2023","69,96","69,38","69,96","67,92","20,28K","-5,56%"
"03.02.2023","74,07","69,06","74,07","68,70","58,18K","1,60%"
"02.02.2023","72,90","67,60","72,90","67,60","36,58K","17,74%"
"01.02.2023","61,92","61,99","62,58","61,08","11,63K","0,60%"
"31.01.2023","61,54","60,08","61,60","58,82","11,75K","0,53%"
"30.01.2023","61,22","62,13","62,16","59,92","49,72K","-2,96%"
"27.01.2023","63,09","60,79","63,09","60,16","16,35K","5,60%"
"26.01.2023","59,74","59,25","61,23","59,10","27,90K","6,38%"
"25.01.2023","56,16","58,09","58,09","54,56","14,60K","-4,92%"
"24.01.2023","59,06","59,18","59,29","57,94","11,74K","0,21%"
"23.01.2023","58,94","55,88","59,58","55,37","28,70K","9,29%"
"20.01.2023","53,93","52,37","53,93","51,88","10,02K","5,17%"
"19.01.2023","51,28","53,06","53,22","51,28","21,45K","-5,42%"
"18.01.2023","54,22","55,63","57,00","54,22","16,33K","-1,78%"
"17.01.2023","55,21","54,34","55,90","54,22","8,98K","0,97%"
"16.01.2023","54,67","54,75","55,08","53,78","5,63K","2,47%"
"13.01.2023","53,35","53,66","53,95","52,30","11,05K","0,94%"
"12.01.2023","52,86","53,44","54,49","51,64","45,80K","1,63%"
"11.01.2023","52,01","50,72","52,24","50,70","13,06K","4,66%"
"10.01.2023","49,70","49,52","50,67","48,68","15,04K","-4,47%"
"09.01.2023","52,02","49,22","52,12","49,22","23,22K","8,37%"
"06.01.2023","48,00","46,17","48,00","45,50","23,44K","3,12%"
"05.01.2023","46,55","47,46","48,51","45,99","23,79K","-4,35%"
"04.01.2023","48,67","48,16","48,67","46,64","22,23K","3,91%"
"03.01.2023","46,83","49,11","50,44","46,83","20,70K","-7,69%"
"02.01.2023","50,74","49,20","50,90","49,20","4,92K","8,47%"
"30.12.2022","46,77","47,49","47,88","46,77","6,77K","-3,08%"
"29.12.2022","48,26","45,80","48,26","45,56","22,97K","5,77%"
"28.12.2022","45,63","47,37","47,53","45,56","8,24K","-3,98%"
"27.12.2022","47,52","50,03","50,40","47,00","38,18K","-2,13%"
"23.12.2022","48,55","48,99","49,68","47,50","8,08K","0,54%"
"22.12.2022","48,29","52,92","53,14","48,15","35,05K","-8,70%"
"21.12.2022","52,89","51,17","53,12","50,85","13,88K","5,92%"
"20.12.2022","49,94","49,59","50,90","49,48","6,18K","-2,14%"
"19.12.2022","51,03","53,17","53,78","51,03","21,49K","-3,61%"
"16.12.2022","52,94","54,06","54,28","52,51","41,10K","-3,99%"
"15.12.2022","55,14","59,02","59,03","54,56","58,48K","-12,58%"
"14.12.2022","63,08","62,11","63,31","61,56","8,52K","-1,97%"
"13.12.2022","64,34","60,93","67,75","60,54","65,56K","10,06%"
"12.12.2022","58,46","58,40","58,88","57,85","3,93K","-3,00%"
"09.12.2022","60,26","60,24","60,67","58,12","17,68K","1,89%"
"08.12.2022","59,15","57,88","59,56","57,69","9,08K","3,06%"
"07.12.2022","57,40","58,94","58,95","56,57","24,72K","-3,76%"
"06.12.2022","59,63","62,47","62,92","59,04","9,93K","-5,65%"
"05.12.2022","63,21","64,60","65,06","63,21","10,21K","-1,92%"
"02.12.2022","64,44","65,83","66,38","62,33","17,76K","-2,85%"
"01.12.2022","66,33","66,77","67,48","64,96","23,00K","10,60%"
"30.11.2022","59,97","59,54","60,10","59,20","13,75K","2,01%"
"29.11.2022","58,79","61,42","61,78","58,56","19,24K","-4,62%"
"28.11.2022","61,64","61,71","61,99","60,80","7,83K","-2,32%"
"25.11.2022","63,10","64,83","64,83","63,10","20,54K","-3,18%"
"24.11.2022","65,18","64,71","65,32","64,58","15,03K","1,25%"
"23.11.2022","64,37","63,04","64,82","62,88","13,54K","5,11%"
"22.11.2022","61,24","60,53","61,69","59,88","10,84K","0,20%"
"21.11.2022","61,12","61,99","62,50","61,00","10,68K","-1,74%"
"18.11.2022","62,19","61,94","64,20","61,38","22,41K","1,20%"
"17.11.2022","61,46","63,65","63,70","59,62","16,15K","-2,18%"
"16.11.2022","62,83","65,82","65,86","61,80","22,33K","-6,53%"
"15.11.2022","67,21","64,01","68,06","64,01","18,07K","5,45%"
"14.11.2022","63,74","63,62","64,13","62,74","19,49K","3,09%"
"11.11.2022","61,83","63,28","63,83","60,74","40,33K","3,05%"
"10.11.2022","60,00","52,35","60,00","52,00","52,39K","11,88%"
"09.11.2022","53,63","56,00","56,04","53,63","6,29K","-6,22%"
"08.11.2022","57,19","53,94","57,19","53,89","21,91K","6,98%"
"07.11.2022","53,46","52,35","53,96","52,35","17,57K","3,99%"
"04.11.2022","51,41","52,22","54,00","50,50","39,87K","-2,93%"
"03.11.2022","52,96","55,19","55,19","51,71","28,55K","-9,47%"
"02.11.2022","58,50","61,12","61,16","58,50","10,74K","-3,36%"
"01.11.2022","60,53","63,76","64,71","60,53","13,95K","-3,38%"
"31.10.2022","62,65","63,51","63,60","61,56","47,58K","0,76%"
"28.10.2022","62,17","56,83","62,53","56,25","11,40K","2,96%"
"27.10.2022","60,38","61,85","61,92","59,22","13,28K","-7,58%"
"26.10.2022","65,34","63,08","65,54","62,20","26,79K","-1,16%"
"25.10.2022","66,11","63,47","66,11","63,12","12,72K","7,05%"
"24.10.2022","61,75","61,97","62,70","59,60","30,08K","5,23%"
"21.10.2022","58,68","57,10","58,86","56,01","22,02K","-3,43%"
"20.10.2022","60,76","57,72","61,13","57,54","9,53K","2,88%"
"19.10.2022","59,06","60,05","60,60","58,38","19,10K","2,15%"
"18.10.2022","57,82","60,68","62,16","57,82","25,44K","0,14%"
"17.10.2022","57,74","55,12","58,35","54,46","32,23K","4,45%"
"14.10.2022","55,28","59,13","60,24","54,99","32,49K","-1,94%"
"13.10.2022","56,38","54,60","56,38","50,00","38,04K","1,67%"
"12.10.2022","55,45","55,99","56,79","54,81","17,93K","-1,71%"
"11.10.2022","56,42","55,51","56,90","54,49","13,56K","-1,10%"
"10.10.2022","57,04","58,15","59,56","56,50","20,90K","-5,69%"
"07.10.2022","60,49","65,38","65,79","60,49","16,14K","-10,58%"
"06.10.2022","67,64","67,36","68,38","65,45","13,31K","5,90%"
"05.10.2022","63,88","65,29","65,79","62,94","15,92K","-4,32%"
"04.10.2022","66,76","63,95","67,24","63,94","33,46K","10,27%"
"03.10.2022","60,54","57,43","60,95","56,66","28,14K","-3,28%"
"30.09.2022","62,60","62,24","63,10","60,48","20,22K","2,01%"
"29.09.2022","61,37","65,54","66,01","60,66","23,98K","-6,71%"
"28.09.2022","65,78","63,23","66,48","61,80","23,97K","0,82%"
"27.09.2022","65,25","66,18","68,21","65,25","23,95K","-0,38%"
"26.09.2022","65,50","63,78","67,23","63,16","25,67K","1,22%"
"23.09.2022","64,71","66,32","66,79","63,80","19,60K","-3,24%"
"22.09.2022","66,88","67,92","70,25","66,28","25,84K","-9,48%"
"21.09.2022","73,88","72,15","73,89","72,15","7,64K","1,25%"
"20.09.2022","72,96","74,25","74,88","71,76","5,41K","1,94%"
"19.09.2022","71,57","70,93","73,07","70,25","9,98K","1,89%"
"16.09.2022","70,25","71,75","72,08","70,00","7,85K","-5,87%"
"15.09.2022","74,63","78,14","78,38","73,86","12,12K","-3,45%"
"14.09.2022","77,29","77,00","77,79","75,53","28,24K","-2,63%"
"13.09.2022","79,38","90,46","91,58","78,96","27,41K","-11,17%"
"12.09.2022","89,36","87,27","89,93","86,88","13,50K","2,91%"
"09.09.2022","86,83","83,22","86,98","83,03","10,34K","3,83%"
"08.09.2022","83,63","82,06","83,70","78,79","25,18K","5,75%"
"07.09.2022","79,08","76,96","79,42","76,69","21,50K","0,41%"
"06.09.2022","78,76","80,36","80,67","75,81","14,27K","-0,80%"
"05.09.2022","79,39","79,52","79,52","78,11","7,73K","-5,79%"
"02.09.2022","84,28","81,74","85,17","81,04","21,40K","7,71%"
"01.09.2022","78,25","79,02","80,47","77,51","10,64K","-5,38%"
"31.08.2022","82,69","84,76","85,74","81,93","9,88K","-0,51%"
"30.08.2022","83,11","87,14","89,08","81,70","9,65K","-3,55%"
"29.08.2022","86,17","86,70","88,07","85,40","13,23K","-7,66%"
"26.08.2022","93,32","100,66","102,00","92,80","21,49K","-5,33%"
"25.08.2022","98,57","98,97","99,98","97,12","6,40K","1,32%"
"24.08.2022","97,29","95,59","97,65","94,82","7,34K","1,14%"
"23.08.2022","96,19","95,54","97,60","95,25","12,06K","-1,49%"
"22.08.2022","97,64","101,56","101,83","96,86","15,49K","-5,44%"
"19.08.2022","103,26","107,11","107,34","103,26","9,98K","-5,82%"
"18.08.2022","109,64","106,20","109,64","106,16","9,48K","2,97%"
"17.08.2022","106,48","111,07","111,10","106,20","4,98K","-4,22%"
"16.08.2022","111,17","111,60","112,51","108,37","6,00K","0,76%"
"15.08.2022","110,33","108,11","110,73","107,37","5,80K","3,45%"
"12.08.2022","106,65","102,89","106,65","102,89","6,98K","1,73%"
"11.08.2022","104,84","105,47","107,82","104,20","9,51K","1,97%"
"10.08.2022","102,81","96,25","103,26","96,25","5,21K","5,97%"
"09.08.2022","97,01","101,08","101,20","95,82","9,81K","-5,72%"
"08.08.2022","102,90","103,30","105,90","102,18","9,75K","3,41%"
"05.08.2022","99,51","104,04","104,31","99,51","11,95K","-2,01%"
"04.08.2022","101,55","102,38","104,19","100,84","14,36K","0,12%"
"03.08.2022","101,43","94,86","101,43","94,82","12,30K","5,93%"
"02.08.2022","95,75","94,17","96,10","92,26","2,06K","-1,47%"
"01.08.2022","97,18","95,01","98,09","93,84","10,36K","4,72%"
"29.07.2022","92,80","94,46","95,21","92,08","7,79K","3,50%"
"28.07.2022","89,66","87,15","89,84","85,60","16,96K","5,16%"
"27.07.2022","85,26","82,37","85,83","82,03","5,79K","6,61%"
"26.07.2022","79,97","82,62","83,00","79,97","4,93K","-4,63%"
"25.07.2022","83,86","85,13","86,00","82,04","15,29K","-1,96%"
"22.07.2022","85,54","87,70","89,44","85,54","10,23K","-2,28%"
"21.07.2022","87,54","85,65","87,54","84,45","10,03K","1,34%"
"20.07.2022","86,38","83,08","86,38","81,68","7,04K","7,67%"
"19.07.2022","80,22","76,42","80,22","74,91","8,23K","-0,03%"
"18.07.2022","80,25","79,93","81,01","79,56","10,12K","3,55%"
"15.07.2022","77,50","74,39","77,60","74,39","7,31K","8,41%"
"14.07.2022","71,48","72,90","73,14","69,96","15,46K","-2,22%"
"13.07.2022","73,11","74,96","74,96","69,11","9,93K","-4,44%"
"12.07.2022","76,50","75,10","78,44","74,43","8,44K","-0,35%"
"11.07.2022","76,76","78,35","79,55","75,69","7,08K","-5,53%"
"08.07.2022","81,26","79,21","81,37","77,16","11,72K","3,58%"
"07.07.2022","78,46","75,79","78,86","75,74","4,13K","7,03%"
"06.07.2022","73,30","73,79","74,24","73,00","5,18K","7,73%"
"05.07.2022","68,04","69,61","69,92","65,96","4,49K","0,43%"
"04.07.2022","67,75","67,61","67,94","67,00","2,78K","0,94%"
"01.07.2022","67,12","64,75","68,30","64,75","17,04K","-0,27%"
"30.06.2022","67,31","66,83","68,14","64,34","13,98K","-4,04%"
"29.06.2022","70,14","68,99","70,46","67,66","11,05K","-3,83%"
"28.06.2022","72,93","76,99","78,39","72,93","15,77K","-5,31%"
"27.06.2022","77,03","78,08","79,82","75,50","12,38K","2,07%"
"24.06.2022","75,46","72,57","76,38","72,22","12,28K","8,35%"
"23.06.2022","69,65","67,01","70,18","66,68","31,87K","0,01%"
"22.06.2022","69,64","64,86","69,86","63,60","42,36K","1,19%"
"21.06.2022","68,82","65,94","69,19","65,94","33,18K","6,00%"
"20.06.2022","64,93","64,64","65,26","64,28","16,58K","2,74%"
"17.06.2022","63,19","62,08","64,04","61,04","31,51K","2,40%"
"16.06.2022","61,72","67,68","67,68","61,00","46,29K","-9,60%"
"15.06.2022","68,27","66,17","69,00","65,66","14,45K","4,12%"
"14.06.2022","65,57","68,02","68,14","64,15","25,67K","-2,32%"
"13.06.2022","67,13","70,15","70,18","65,66","13,14K","-9,95%"
"10.06.2022","74,55","82,83","84,10","74,55","19,71K","-16,06%"
"09.06.2022","88,81","88,87","90,94","87,13","10,79K","-3,50%"
"08.06.2022","92,04","90,21","92,26","89,81","4,01K","3,61%"
"07.06.2022","88,83","87,00","90,81","86,09","8,67K","-1,40%"
"06.06.2022","90,10","90,16","93,04","89,96","6,88K","2,39%"
"03.06.2022","87,99","94,43","94,48","87,00","12,51K","-2,49%"
"02.06.2022","90,24","89,28","91,00","86,54","8,63K","2,01%"
"01.06.2022","88,46","90,57","94,00","88,46","18,52K","-0,81%"
"31.05.2022","89,18","90,89","91,96","87,99","7,81K","-4,52%"
"30.05.2022","93,40","94,63","94,78","92,19","12,64K","4,97%"
"27.05.2022","88,97","82,62","88,97","82,04","16,76K","9,55%"
"26.05.2022","81,21","75,82","81,96","75,81","5,46K","9,05%"
"25.05.2022","74,47","75,18","76,40","72,26","9,75K","5,52%"
"24.05.2022","70,58","73,86","75,21","69,74","11,17K","-9,33%"
"23.05.2022","77,84","78,65","78,65","75,60","9,49K","4,59%"
"20.05.2022","74,43","78,50","80,71","73,74","8,61K","-5,53%"
"19.05.2022","78,78","77,31","78,78","73,90","18,04K","-5,04%"
"18.05.2022","82,96","90,46","90,65","82,96","15,78K","-7,80%"
"17.05.2022","89,98","87,75","91,62","87,27","6,89K","5,52%"
"16.05.2022","85,28","87,21","88,90","85,13","13,67K","-3,39%"
"13.05.2022","88,27","83,21","88,27","83,21","14,87K","9,12%"
"12.05.2022","80,89","78,68","83,01","75,50","59,91K","-6,72%"
"11.05.2022","86,71","89,39","92,00","83,24","49,70K","1,62%"
"10.05.2022","85,33","88,46","91,19","84,53","32,91K","-1,76%"
"09.05.2022","86,86","94,29","94,50","86,66","26,43K","-11,09%"
"06.05.2022","97,69","99,44","99,86","91,80","9,32K","-4,41%"
"05.05.2022","102,20","114,33","114,64","101,15","15,65K","0,37%"
"04.05.2022","101,82","107,53","107,53","101,82","1,10K","-4,75%"
"03.05.2022","106,90","106,95","107,42","104,51","7,74K","4,83%"
"02.05.2022","101,97","103,51","105,00","99,00","8,23K","-7,69%"
"29.04.2022","110,47","113,77","115,48","109,62","7,10K","0,56%"
"28.04.2022","109,86","111,30","113,60","107,66","8,73K","0,46%"
"27.04.2022","109,36","107,04","109,36","104,15","11,44K","1,64%"
"26.04.2022","107,60","117,00","118,26","107,50","13,09K","-4,66%"
"25.04.2022","112,86","110,91","115,45","109,15","12,58K","-4,98%"
"22.04.2022","118,77","122,76","123,11","118,77","13,48K","-9,35%"
"21.04.2022","131,02","130,95","136,04","130,95","7,37K","0,19%"
"20.04.2022","130,77","132,00","137,64","130,00","17,08K","-2,95%"
"19.04.2022","134,75","129,53","134,75","126,03","7,67K","2,39%"
"14.04.2022","131,60","136,41","136,47","131,30","5,83K","-1,92%"
"13.04.2022","134,17","131,77","134,17","128,61","4,89K","-0,40%"
"12.04.2022","134,71","128,71","137,21","127,65","5,49K","2,16%"
"11.04.2022","131,86","136,62","138,00","130,50","22,20K","-6,75%"
"08.04.2022","141,40","147,19","148,30","139,42","13,52K","0,06%"
"07.04.2022","141,31","144,69","147,39","141,31","10,22K","-1,11%"
"06.04.2022","142,89","153,97","154,19","142,50","4,28K","-9,10%"
"05.04.2022","157,20","163,90","164,80","157,20","2,13K","-2,55%"
"04.04.2022","161,31","154,43","161,63","152,74","14,77K","6,44%"
"01.04.2022","151,55","155,66","156,00","151,55","16,17K","-4,37%"
"31.03.2022","158,47","160,97","162,60","157,45","6,78K","-1,65%"
"30.03.2022","161,13","163,42","163,42","159,75","14,78K","-0,39%"
"29.03.2022","161,76","159,34","163,70","158,64","12,58K","6,45%"
"28.03.2022","151,96","150,98","154,88","150,54","7,20K","2,49%"
"25.03.2022","148,27","151,73","153,56","146,50","12,77K","1,11%"
"24.03.2022","146,64","145,04","147,86","142,70","4,06K","-0,27%"
"23.03.2022","147,03","148,28","149,50","143,33","6,49K","-0,16%"
"22.03.2022","147,26","141,18","148,96","140,78","6,16K","6,97%"
"21.03.2022","137,66","139,42","142,29","136,09","2,28K","0,11%"
"18.03.2022","137,51","129,98","137,51","129,42","13,65K","7,47%"
"17.03.2022","127,95","128,71","129,00","125,00","10,97K","2,81%"
"16.03.2022","124,45","121,05","125,81","120,53","12,66K","8,55%"
"15.03.2022","114,65","106,14","114,94","103,78","14,13K","5,67%"
"14.03.2022","108,50","114,12","116,00","108,50","13,75K","-7,11%"
"11.03.2022","116,81","120,14","126,48","116,81","20,92K","1,54%"
"10.03.2022","115,04","122,05","122,05","115,00","11,83K","-5,03%"
"09.03.2022","121,13","115,87","121,70","115,65","13,78K","9,35%"
"08.03.2022","110,77","113,35","116,72","110,00","8,95K","-9,01%"
"07.03.2022","121,74","123,08","129,80","121,34","25,43K","-3,72%"
"04.03.2022","126,45","131,78","132,10","126,45","6,75K","-6,12%"
"03.03.2022","134,70","137,63","142,68","133,73","13,41K","-1,46%"
"02.03.2022","136,69","131,06","136,69","130,42","21,12K","2,22%"
"01.03.2022","133,72","137,99","138,57","132,88","41,09K","-2,95%"
"28.02.2022","137,78","130,87","137,78","129,04","22,99K","3,05%"
"25.02.2022","133,70","126,15","133,70","124,34","20,42K","13,38%"
"24.02.2022","117,92","108,15","119,31","105,00","23,63K","-4,50%"
"23.02.2022","123,48","128,63","130,40","122,59","16,41K","-2,55%"
"22.02.2022","126,71","120,51","131,19","120,51","15,00K","2,09%"
"21.02.2022","124,12","131,93","132,50","123,46","10,87K","-5,01%"
"18.02.2022","130,66","136,38","138,15","129,88","4,71K","-7,20%"
"17.02.2022","140,79","145,96","145,96","139,72","5,74K","-1,11%"
"16.02.2022","142,37","145,92","148,50","141,02","4,50K","-2,25%"
"15.02.2022","145,64","139,22","146,73","139,22","11,68K","3,29%"
"14.02.2022","141,00","136,69","141,00","132,30","12,07K","-3,42%"
"11.02.2022","146,00","148,38","152,23","146,00","6,78K","-5,70%"
"10.02.2022","154,83","160,86","161,49","150,70","10,24K","-2,24%"
"09.02.2022","158,37","153,52","158,37","153,20","9,77K","5,36%"
"08.02.2022","150,32","147,14","150,32","144,43","12,28K","1,01%"
"07.02.2022","148,81","151,15","153,16","148,75","9,04K","0,86%"
"04.02.2022","147,54","152,39","152,39","140,96","14,19K","-3,28%"
"03.02.2022","152,55","158,27","158,47","151,51","29,00K","-6,28%"
"02.02.2022","162,78","168,99","171,41","162,76","23,03K","1,33%"
"01.02.2022","160,64","160,69","162,70","155,76","12,28K","3,16%"
"31.01.2022","155,72","148,03","156,19","147,70","14,08K","10,22%"
"28.01.2022","141,28","138,93","142,35","131,48","15,44K","-2,41%"
"27.01.2022","144,77","134,69","146,07","134,66","12,59K","-1,36%"
"26.01.2022","146,76","140,85","147,61","140,85","11,72K","7,97%"
"25.01.2022","135,93","141,94","144,66","135,27","13,39K","2,26%"
"24.01.2022","132,93","149,71","150,59","132,93","8,30K","-15,82%"
"21.01.2022","157,92","155,55","159,80","149,47","19,45K","-9,39%"
"20.01.2022","174,29","168,56","175,49","166,50","8,23K","3,63%"
"19.01.2022","168,18","168,44","176,21","166,78","16,61K","-3,33%"
"18.01.2022","173,98","178,58","178,75","173,00","26,50K","-5,38%"
"17.01.2022","183,87","182,63","184,90","182,13","1,38K","1,41%"
"14.01.2022","181,32","180,27","183,38","174,00","9,13K","-5,21%"
"13.01.2022","191,28","193,39","196,34","189,04","4,75K","-1,85%"
"12.01.2022","194,88","195,03","198,68","192,00","7,40K","1,87%"
"11.01.2022","191,31","186,32","191,31","182,50","26,33K","9,01%"
"10.01.2022","175,50","187,70","187,85","170,78","6,99K","-5,99%"
"07.01.2022","186,68","191,21","194,00","183,57","9,16K","-3,57%"
"06.01.2022","193,59","191,81","196,24","187,02","6,47K","-6,49%"
"05.01.2022","207,02","210,32","210,66","206,98","3,60K","-1,75%"
"04.01.2022","210,70","222,50","223,48","208,98","1,70K","-3,20%"
"03.01.2022","217,66","216,86","219,22","214,00","1,12K","-1,85%"
"30.12.2021","221,76","221,34","222,66","221,18","0,46K","1,49%"
"29.12.2021","218,50","223,26","224,00","217,86","3,77K","-1,31%"
"28.12.2021","221,40","223,24","226,86","221,32","2,82K","0,07%"
"27.12.2021","221,24","213,80","222,00","213,80","3,02K","3,33%"
"23.12.2021","214,12","208,70","214,12","208,22","0,91K","3,63%"
"22.12.2021","206,62","201,04","206,62","199,90","2,46K","6,66%"
"21.12.2021","193,71","194,11","195,93","189,10","2,54K","4,90%"
"20.12.2021","184,66","187,71","188,85","184,66","3,60K","-6,40%"
"17.12.2021","197,29","197,14","201,12","190,21","12,15K","-3,01%"
"16.12.2021","203,42","217,44","221,18","203,42","7,35K","3,83%"
"15.12.2021","195,92","202,28","202,28","195,92","0,79K","0,12%"
"14.12.2021","195,69","208,82","208,84","195,69","3,13K","-6,82%"
"13.12.2021","210,02","217,62","219,80","209,74","5,68K","-0,14%"
"10.12.2021","210,32","210,58","215,62","209,88","5,16K","-3,07%"
"09.12.2021","216,98","218,68","219,34","214,70","2,60K","0,73%"
"08.12.2021","215,40","218,92","220,00","213,72","4,92K","-0,47%"
"07.12.2021","216,42","206,08","217,52","206,08","2,71K","11,02%"
"06.12.2021","194,94","195,87","197,06","189,86","7,57K","0,54%"
"03.12.2021","193,89","203,86","207,94","191,20","20,10K","-3,14%"
"02.12.2021","200,18","201,20","203,78","196,92","9,48K","-9,29%"
"01.12.2021","220,68","218,42","220,68","215,66","1,48K","4,60%"
"30.11.2021","210,98","217,14","221,28","210,98","4,00K","-3,43%"
"29.11.2021","218,48","213,70","218,48","212,20","2,75K","4,94%"
"26.11.2021","208,20","214,38","215,86","206,64","4,80K","-6,72%"
"25.11.2021","223,20","223,80","224,42","222,76","0,83K","1,55%"
"24.11.2021","219,80","219,58","220,10","214,78","1,44K","2,45%"
"23.11.2021","214,54","219,24","221,50","212,84","7,41K","-7,37%"
"22.11.2021","231,62","231,24","237,14","230,70","3,97K","0,84%"
"19.11.2021","229,70","226,94","229,70","226,90","4,01K","3,78%"
"18.11.2021","221,34","220,02","221,42","217,40","1,77K","0,83%"
"17.11.2021","219,52","217,86","219,60","217,48","3,61K","1,10%"
"16.11.2021","217,14","212,28","217,14","211,50","1,50K","2,91%"
"15.11.2021","211,00","211,68","213,52","210,50","3,79K","0,28%"
"12.11.2021","210,42","205,80","210,42","204,68","3,45K","2,03%"
"11.11.2021","206,24","203,78","206,40","203,00","4,20K","-0,69%"
"10.11.2021","207,68","210,44","210,44","202,96","6,20K","-1,30%"
"09.11.2021","210,42","212,70","216,22","208,82","2,49K","-2,19%"
"08.11.2021","215,14","213,56","215,14","213,14","10,01K","-1,09%"
"05.11.2021","217,52","214,08","219,00","214,08","11,92K","2,00%"
"04.11.2021","213,26","208,60","214,40","208,00","6,28K","6,15%"
"03.11.2021","200,90","200,26","200,90","199,74","2,98K","0,92%"
"02.11.2021","199,06","195,98","200,00","195,85","7,25K","1,72%"
"01.11.2021","195,70","197,17","198,25","193,86","5,52K","1,91%"
"29.10.2021","192,04","186,37","192,04","186,37","2,41K","1,11%"
"28.10.2021","189,94","186,70","191,01","186,70","3,48K","1,06%"
"27.10.2021","187,95","185,65","188,31","183,74","5,02K","0,61%"
"26.10.2021","186,81","185,42","189,83","185,42","6,72K","3,85%"
"25.10.2021","179,89","177,99","179,89","177,50","1,31K","1,99%"
"22.10.2021","176,38","179,50","180,96","176,38","0,31K","-1,46%"
"21.10.2021","178,99","176,13","180,33","176,13","0,10K","0,05%"
"20.10.2021","178,90","178,29","180,00","178,29","1,53K","0,42%"
"19.10.2021","178,16","176,16","178,16","175,44","1,23K","3,11%"
"18.10.2021","172,79","168,49","172,79","168,10","4,03K","1,92%"
"15.10.2021","169,54","168,29","169,87","167,81","0,80K","2,10%"
"14.10.2021","166,06","161,77","166,06","161,44","0,42K","6,46%"
"13.10.2021","155,98","154,73","158,44","154,73","3,83K","-0,17%"
"12.10.2021","156,24","154,12","159,33","154,12","1,73K","-3,72%"
"11.10.2021","162,28","158,26","162,56","157,33","1,00K","0,68%"
"08.10.2021","161,19","163,56","166,18","161,19","1,33K","-2,98%"
"07.10.2021","166,14","163,24","166,26","162,86","0,74K","7,60%"
"06.10.2021","154,40","152,50","155,69","148,80","1,90K","-1,39%"
"05.10.2021","156,58","150,82","156,68","150,00","3,08K","5,88%"
"04.10.2021","147,88","155,66","156,94","147,88","5,68K","-5,53%"
"01.10.2021","156,53","152,72","158,15","152,58","7,06K","-2,21%"
"30.09.2021","160,07","162,04","162,29","160,00","4,19K","0,41%"
"29.09.2021","159,41","160,81","163,32","159,41","3,71K","-0,04%"
"28.09.2021","159,47","168,16","168,16","158,64","12,63K","-7,06%"
"27.09.2021","171,58","178,22","178,22","169,22","7,14K","-0,76%"
"24.09.2021","172,90","173,36","174,32","172,06","5,21K","-1,28%"
"23.09.2021","175,14","173,07","176,33","172,21","11,05K","2,53%"
"22.09.2021","170,82","168,46","170,82","166,34","4,09K","1,04%"
"21.09.2021","169,06","168,32","170,79","165,52","9,02K","2,10%"
"20.09.2021","165,59","172,91","172,92","165,59","14,57K","-6,10%"
"17.09.2021","176,35","183,23","183,23","176,35","2,93K","-1,01%"
"16.09.2021","178,15","180,89","181,60","177,96","0,72K","1,14%"
"15.09.2021","176,15","178,47","178,66","175,93","1,34K","-1,84%"
"14.09.2021","179,45","178,55","181,28","178,49","1,03K","1,16%"
"13.09.2021","177,39","181,52","183,20","177,39","2,87K","-3,13%"
"10.09.2021","183,13","184,57","185,43","183,13","0,19K","-1,25%"
"09.09.2021","185,44","183,26","186,76","183,26","1,03K","0,99%"
"08.09.2021","183,62","186,95","187,52","183,00","3,23K","-1,41%"
"07.09.2021","186,24","187,14","187,14","185,22","0,81K","-0,72%"
"06.09.2021","187,59","187,15","187,67","187,15","0,22K","1,00%"
"03.09.2021","185,73","184,35","185,73","184,35","4,31K","-0,12%"
"02.09.2021","185,96","185,24","186,70","185,24","1,89K","-0,61%"
"01.09.2021","187,10","186,36","187,10","185,17","1,21K","1,55%"
"31.08.2021","184,24","187,03","187,03","182,85","2,06K","-0,05%"
"30.08.2021","184,34","179,51","184,45","179,36","4,71K","3,47%"
"27.08.2021","178,15","175,86","178,58","175,86","0,08K","1,49%"
"26.08.2021","175,54","175,79","177,34","175,32","0,06K","-1,17%"
"25.08.2021","177,62","178,07","178,38","177,06","3,41K","0,33%"
"24.08.2021","177,04","177,99","178,30","176,28","4,10K","1,05%"
"23.08.2021","175,20","170,81","175,20","170,04","4,66K","3,90%"
"20.08.2021","168,63","163,84","168,63","162,84","0,01K","2,87%"
"19.08.2021","163,92","159,37","164,55","157,04","1,02K","-0,73%"
"18.08.2021","165,13","166,65","166,90","165,13","0,25K","-0,52%"
"17.08.2021","165,99","168,68","168,68","165,99","1,92K","0,62%"
"16.08.2021","164,96","168,31","168,99","162,95","0,89K","-2,24%"
"13.08.2021","168,74","168,88","169,00","168,28","1,59K","0,39%"
"12.08.2021","168,08","165,83","168,08","165,00","0,09K","1,50%"
"11.08.2021","165,60","167,57","167,57","165,60","0,50K","-1,18%"
"10.08.2021","167,58","170,19","171,12","166,97","0,18K","-1,16%"
"09.08.2021","169,54","167,78","169,82","167,78","0,13K","0,73%"
"06.08.2021","168,31","169,78","170,24","167,87","1,28K","-0,83%"
"05.08.2021","169,72","167,15","169,74","167,15","1,29K","1,95%"
"04.08.2021","166,47","166,28","166,47","165,93","2,17K","2,98%"
"03.08.2021","161,65","163,61","163,61","160,22","1,36K","-2,28%"
"02.08.2021","165,42","165,81","165,81","164,28","0,66K","2,39%"
"30.07.2021","161,56","158,73","162,50","158,73","0,09K","-2,68%"
"29.07.2021","166,01","164,32","166,42","163,67","2,18K","0,08%"
"28.07.2021","165,88","163,58","165,88","163,58","3,07K","4,32%"
"27.07.2021","159,01","168,51","169,68","159,01","5,81K","-5,62%"
"26.07.2021","168,48","169,07","169,07","167,00","1,62K","0,30%"
"23.07.2021","167,98","165,04","167,98","164,89","4,43K","3,51%"
"22.07.2021","162,29","161,39","162,93","159,86","0,69K","2,55%"
"21.07.2021","158,26","157,13","158,51","156,14","1,17K","1,92%"
"20.07.2021","155,28","153,97","155,28","151,18","0,42K","2,15%"
"19.07.2021","152,01","154,25","154,25","149,23","3,56K","-3,02%"
"16.07.2021","156,74","158,11","160,81","156,53","1,65K","-1,66%"
"15.07.2021","159,38","162,44","163,40","159,38","3,96K","-2,00%"
"14.07.2021","162,63","161,64","164,32","161,64","6,75K","-1,38%"
"13.07.2021","164,90","160,25","164,90","159,28","7,91K","3,53%"
"12.07.2021","159,27","158,56","160,43","157,61","2,60K","0,71%"
"09.07.2021","158,15","155,86","158,15","154,40","0,22K","3,62%"
"08.07.2021","152,62","157,47","157,47","151,65","7,70K","-3,06%"
"07.07.2021","157,44","158,63","162,11","157,44","8,18K","0,31%"
"06.07.2021","156,95","154,22","157,43","154,22","0,46K","1,31%"
"05.07.2021","154,92","154,82","155,11","154,45","2,68K","0,96%"
"02.07.2021","153,44","150,27","154,33","150,27","3,03K","3,02%"
"01.07.2021","148,94","150,56","151,95","148,72","3,46K","-1,11%"
"30.06.2021","150,61","150,52","151,07","149,52","1,70K","1,54%"
"29.06.2021","148,32","147,66","148,45","147,66","0,67K","0,90%"
"28.06.2021","146,99","143,78","147,26","143,78","3,90K","2,29%"
"25.06.2021","143,70","143,64","144,09","143,25","0,23K","-0,72%"
"24.06.2021","144,74","142,09","145,05","142,09","2,60K","2,68%"
"23.06.2021","140,96","142,00","142,00","140,69","5,40K","0,82%"
"22.06.2021","139,81","137,12","139,81","136,11","3,83K","2,52%"
"21.06.2021","136,37","135,59","137,29","133,80","1,09K","0,75%"
"18.06.2021","135,35","139,26","139,26","135,35","2,34K","-2,44%"
"17.06.2021","138,74","130,07","138,74","130,00","3,79K","4,87%"
"16.06.2021","132,30","132,42","133,51","132,30","0,10K","0,04%"
"15.06.2021","132,25","135,25","135,25","132,25","1,09K","0,26%"
"14.06.2021","131,91","132,18","132,54","131,02","0,17K","1,10%"
"11.06.2021","130,48","129,46","130,59","129,46","4,42K","1,91%"
"10.06.2021","128,04","125,29","128,80","124,67","1,11K","1,66%"
"09.06.2021","125,95","125,56","126,45","125,56","0,15K","1,28%"
"08.06.2021","124,36","125,67","127,70","124,36","1,80K","1,10%"
"07.06.2021","123,01","124,00","124,00","123,01","0,08K","-0,91%"
"04.06.2021","124,14","118,39","124,14","118,39","1,92K","3,97%"
"03.06.2021","119,40","121,51","121,51","117,61","4,28K","-2,36%"
"02.06.2021","122,29","120,87","122,29","120,80","1,13K","1,07%"
"01.06.2021","121,00","122,34","123,28","120,42","0,45K","-0,25%"
"31.05.2021","121,30","122,49","122,49","121,30","2,13K","-1,74%"
"28.05.2021","123,45","121,90","123,45","121,90","0,02K","1,17%"
"27.05.2021","122,02","121,30","122,83","120,54","0,29K","-0,07%"
"26.05.2021","122,11","122,21","122,71","121,37","1,39K","1,68%"
"25.05.2021","120,09","122,60","122,60","120,09","4,61K","3,53%"
"21.05.2021","115,99","117,54","118,33","115,99","2,63K","-0,48%"
"20.05.2021","116,55","110,31","116,55","109,19","1,00K","8,32%"
"19.05.2021","107,60","108,09","108,09","104,34","6,97K","-5,16%"
"18.05.2021","113,45","115,38","115,38","113,45","0,22K","1,57%"
"17.05.2021","111,70","114,61","115,10","111,70","1,84K","-2,17%"
"14.05.2021","114,18","111,14","114,18","111,14","5,33K","4,76%"
"13.05.2021","108,99","106,48","110,48","105,29","0,44K","1,46%"
"12.05.2021","107,42","113,61","114,27","107,42","5,27K","-5,42%"
"11.05.2021","113,57","111,80","113,57","107,99","9,23K","-3,86%"
"10.05.2021","118,13","123,27","123,27","117,68","12,37K","-6,51%"
"07.05.2021","126,36","122,74","127,18","122,74","2,55K","5,05%"
"06.05.2021","120,29","120,98","120,98","117,10","0,59K","-2,57%"
"05.05.2021","123,46","121,46","123,46","121,33","4,00K","4,20%"
"04.05.2021","118,48","127,40","127,40","118,48","5,78K","-7,61%"
"03.05.2021","128,24","130,51","131,47","127,28","2,67K","-2,02%"
"30.04.2021","130,88","130,49","130,88","129,07","2,76K","0,45%"
"29.04.2021","130,29","133,11","134,15","130,00","1,55K","-0,62%"
"28.04.2021","131,10","132,52","132,52","130,63","3,64K","-0,79%"
"27.04.2021","132,15","134,47","134,47","132,15","1,47K","-0,58%"
"26.04.2021","132,92","130,89","132,96","129,78","0,58K","1,37%"
"23.04.2021","131,13","126,89","131,13","126,89","0,05K","-0,73%"
"22.04.2021","132,09","131,56","132,09","130,52","2,62K","1,60%"
"21.04.2021","130,01","127,65","130,01","126,67","2,34K","2,77%"
"20.04.2021","126,50","130,83","131,22","126,50","2,73K","-3,41%"
"19.04.2021","130,96","135,68","135,68","130,96","1,12K","-2,68%"
"16.04.2021","134,57","134,30","135,35","133,51","11,14K","0,45%"
"15.04.2021","133,97","130,72","134,50","130,72","2,80K","1,82%"
"14.04.2021","131,58","134,25","135,39","131,58","1,98K","-0,65%"
"13.04.2021","132,44","129,95","133,37","129,86","1,17K","2,63%"
"12.04.2021","129,04","130,20","130,64","128,38","4,06K","0,37%"
"09.04.2021","128,56","128,01","128,56","126,69","1,70K","0,44%"
"08.04.2021","128,00","127,96","128,36","127,70","0,51K","2,68%"
"07.04.2021","124,66","124,90","124,90","122,54","0,86K","-1,06%"
"06.04.2021","125,99","124,36","126,09","123,96","4,03K","7,05%"
"01.04.2021","117,69","115,01","118,50","115,01","1,21K","3,76%"
"31.03.2021","113,42","107,78","113,44","107,78","4,26K","4,69%"
"30.03.2021","108,34","108,31","108,34","107,07","1,20K","0,63%"
"29.03.2021","107,66","107,63","109,61","106,35","4,27K","1,18%"
"26.03.2021","106,40","106,00","106,40","102,52","1,06K","2,24%"
"25.03.2021","104,07","105,19","106,70","101,56","4,14K","-4,62%"
"24.03.2021","109,11","111,47","112,95","109,11","0,72K","-2,73%"
"23.03.2021","112,17","110,77","114,14","110,18","1,91K","-0,34%"
"22.03.2021","112,55","107,11","112,55","107,11","3,63K","6,09%"
"19.03.2021","106,09","106,06","106,64","104,62","2,88K","-2,45%"
"18.03.2021","108,76","111,15","111,15","108,00","17,59K","-0,74%"
"17.03.2021","109,57","113,24","113,24","108,96","2,16K","-4,85%"
"16.03.2021","115,16","112,64","117,02","112,16","6,45K","6,26%"
"15.03.2021","108,38","106,84","109,33","106,84","4,16K","3,31%"
"12.03.2021","104,91","105,87","106,42","103,88","17,34K","-5,31%"
"11.03.2021","110,79","107,58","110,79","107,58","5,29K","5,25%"
"10.03.2021","105,26","104,30","108,71","103,56","1,98K","1,37%"
"09.03.2021","103,84","98,03","103,84","98,03","20,78K","3,10%"
"08.03.2021","100,72","96,98","102,76","96,98","0,42K","7,88%"
"05.03.2021","93,36","96,06","100,24","93,00","9,59K","-9,13%"
"04.03.2021","102,74","101,73","103,52","98,00","9,77K","-5,16%"
"03.03.2021","108,33","114,01","114,01","107,27","5,95K","-4,03%"
"02.03.2021","112,88","115,42","116,62","112,80","3,55K","-1,93%"
"01.03.2021","115,10","112,72","115,10","111,86","4,05K","4,80%"
"26.02.2021","109,83","105,00","109,83","104,34","11,07K","-1,14%"
"25.02.2021","111,10","116,94","116,94","111,10","7,79K","-3,02%"
"24.02.2021","114,56","113,54","117,13","109,14","15,30K","3,18%"
"23.02.2021","111,03","117,52","117,52","105,91","5,47K","-6,57%"
"22.02.2021","118,84","121,30","121,30","117,98","1,69K","-7,72%"
"19.02.2021","128,78","127,21","128,78","127,21","5,65K","2,70%"
"18.02.2021","125,39","127,93","128,15","124,00","0,43K","-0,29%"
"17.02.2021","125,76","130,91","130,99","125,76","1,09K","-4,86%"
"16.02.2021","132,19","133,74","133,74","132,19","1,16K","-0,94%"
"15.02.2021","133,44","132,95","133,44","132,85","2,64K","2,55%"
"12.02.2021","130,12","129,20","130,12","129,15","0,16K","0,12%"
"11.02.2021","129,97","128,14","129,97","128,14","4,92K","2,66%"
"10.02.2021","126,60","130,55","130,55","126,60","1,12K","-2,16%"
"09.02.2021","129,39","128,67","129,39","128,44","0,05K","1,22%"
"08.02.2021","127,83","128,61","129,09","127,83","4,77K","1,16%"
"05.02.2021","126,36","127,77","127,77","126,00","0,06K","2,11%"
"04.02.2021","123,75","122,72","123,75","122,72","1,42K","0,63%"
"03.02.2021","122,98","126,53","126,53","122,80","5,43K","0,42%"
"02.02.2021","122,46","119,27","122,62","119,27","5,14K","6,24%"
"01.02.2021","115,27","110,81","115,27","110,81","1,25K","4,88%"
"29.01.2021","109,91","109,87","113,48","109,87","0,32K","-7,04%"
"28.01.2021","118,24","111,50","118,24","109,60","0,31K","0,31%"
"27.01.2021","117,87","125,21","125,75","117,87","3,45K","-4,49%"
"26.01.2021","123,41","121,89","123,63","121,89","1,63K","2,26%"
"25.01.2021","120,68","122,98","125,60","115,62","8,97K","0,99%"
"22.01.2021","119,50","119,84","119,84","118,70","1,04K","-0,84%"
"21.01.2021","120,51","120,76","120,76","119,90","4,29K","2,58%"
"20.01.2021","117,48","112,28","117,50","112,28","4,72K","8,66%"
"19.01.2021","108,12","109,58","109,58","108,12","3,40K","1,04%"
"18.01.2021","107,01","106,34","107,16","106,34","3,75K","-1,04%"
"15.01.2021","108,13","108,30","109,50","105,40","1,90K","-2,36%"
"14.01.2021","110,74","110,04","111,62","109,90","0,26K","0,10%"
"13.01.2021","110,63","108,80","110,63","107,52","3,95K","1,80%"
"12.01.2021","108,67","109,56","109,76","108,13","0,76K","-1,75%"
"11.01.2021","110,61","112,63","112,63","108,92","1,65K","-0,35%"
"08.01.2021","111,00","110,35","111,80","110,34","0,48K","2,86%"
"07.01.2021","107,91","103,16","107,91","103,16","4,21K","3,32%"
"06.01.2021","104,44","99,72","104,88","98,32","7,17K","0,39%"
"05.01.2021","104,03","102,58","104,03","101,50","8,76K","0,96%"
"04.01.2021","103,04","109,01","109,16","103,04","2,78K","-4,19%"
"30.12.2020","107,55","107,81","107,86","107,48","0,22K","0,13%"
"29.12.2020","107,41","108,15","108,15","107,41","1,21K","0,87%"
"28.12.2020","106,48","105,46","106,88","105,46","1,76K","3,09%"
"23.12.2020","103,29","104,68","104,98","103,29","2,66K","1,07%"
"22.12.2020","102,20","103,13","104,70","102,20","9,24K","1,88%"
"21.12.2020","100,31","104,26","104,30","98,20","12,08K","-2,72%"
"18.12.2020","103,12","104,04","104,63","103,12","1,10K","-0,40%"
"17.12.2020","103,53","104,19","104,24","103,53","7,26K","1,00%"
"16.12.2020","102,51","101,83","102,51","101,81","0,75K","3,38%"
"15.12.2020","99,16","99,06","100,32","99,06","1,40K","-0,78%"
"14.12.2020","99,94","97,94","100,36","97,94","0,06K","5,72%"
"11.12.2020","94,53","96,47","96,47","94,49","2,21K","-3,43%"
"10.12.2020","97,89","95,36","97,89","94,90","4,47K","-4,06%"
"09.12.2020","102,03","103,15","103,15","101,83","8,30K","0,51%"
"08.12.2020","101,51","101,67","101,95","99,97","6,84K","-0,27%"
"07.12.2020","101,78","100,28","101,78","99,59","1,01K","1,83%"
"04.12.2020","99,95","99,80","99,95","98,80","1,17K","0,64%"
"03.12.2020","99,31","98,98","99,31","98,95","1,33K","1,21%"
"02.12.2020","98,12","98,21","98,83","95,97","1,05K","-0,83%"
"01.12.2020","98,94","98,08","98,94","97,32","1,45K","6,49%"
"30.11.2020","92,91","94,53","95,44","92,67","0,30K","-3,39%"
"27.11.2020","96,17","94,03","96,48","94,03","0,25K","1,82%"
"26.11.2020","94,45","94,16","94,71","94,09","4,47K","1,83%"
"25.11.2020","92,75","92,72","93,14","92,00","0,23K","2,59%"
"24.11.2020","90,41","90,03","90,51","88,92","1,82K","3,92%"
"23.11.2020","87,00","88,97","89,31","86,83","13,67K","-3,81%"
"20.11.2020","90,45","89,80","90,53","89,72","0,66K","1,12%"
"19.11.2020","89,45","87,78","89,45","86,43","11,09K","-0,37%"
"18.11.2020","89,78","89,47","90,28","88,82","0,17K","-0,11%"
"17.11.2020","89,88","91,33","91,43","89,88","0,06K","-0,50%"
"16.11.2020","90,33","90,57","90,61","87,67","1,61K","3,86%"
"13.11.2020","86,97","88,86","89,28","86,91","2,30K","-1,92%"
"12.11.2020","88,67","87,29","89,80","87,29","10,17K","1,59%"
"11.11.2020","87,28","82,53","87,40","82,53","4,46K","5,04%"
"10.11.2020","83,09","86,64","88,00","80,48","0,88K","-12,59%"
"09.11.2020","95,06","97,86","97,86","92,21","0,81K","-96,54%"
"06.11.2020","2.750,80","2.723,20","2.750,80","2.648,20","0,27K","-0,90%"
"05.11.2020","2.775,80","2.774,40","2.809,40","2.748,00","0,14K","6,14%"
"04.11.2020","2.615,20","2.395,80","2.620,00","2.395,80","0,35K","12,06%"
"03.11.2020","2.333,80","2.209,60","2.348,20","2.209,60","0,20K","5,84%"
"02.11.2020","2.205,00","2.205,80","2.273,60","2.205,00","0,43K","0,58%"
"30.10.2020","2.192,20","2.218,60","2.302,60","2.146,00","0,40K","-6,86%"
"29.10.2020","2.353,60","2.312,00","2.360,00","2.253,60","0,88K","2,63%"
"28.10.2020","2.293,20","2.475,40","2.475,40","2.279,60","0,65K","-7,60%"
"27.10.2020","2.481,80","2.469,20","2.496,00","2.460,60","0,13K","2,62%"
"26.10.2020","2.418,40","2.491,00","2.564,40","2.418,40","0,48K","-3,41%"
"23.10.2020","2.503,80","2.539,40","2.564,40","2.503,00","0,18K","-0,30%"
"22.10.2020","2.511,40","2.529,80","2.576,40","2.481,20","0,17K","-2,04%"
"21.10.2020","2.563,60","2.581,40","2.581,40","2.537,60","0,06K","0,95%"
"20.10.2020","2.539,40","2.605,80","2.614,80","2.525,00","0,19K","-4,99%"
"19.10.2020","2.672,80","2.755,20","2.769,20","2.672,80","0,23K","-3,04%"
"16.10.2020","2.756,60","2.734,80","2.823,60","2.734,80","0,28K","2,28%"
"15.10.2020","2.695,20","2.703,80","2.713,60","2.650,00","0,32K","-5,26%"
"14.10.2020","2.844,80","2.916,80","2.916,80","2.844,80","0,09K","-2,95%"
"13.10.2020","2.931,40","2.839,20","2.946,60","2.839,20","0,13K","4,25%"
"12.10.2020","2.811,80","2.645,20","2.811,80","2.645,20","0,22K","9,20%"
"09.10.2020","2.575,00","2.519,80","2.575,00","2.517,40","0,29K","3,37%"
"08.10.2020","2.491,00","2.520,20","2.529,40","2.491,00","0,25K","2,32%"
"07.10.2020","2.434,60","2.374,00","2.434,60","2.371,20","0,32K","0,75%"
"06.10.2020","2.416,40","2.456,20","2.457,00","2.416,40","0,16K","-0,62%"
"05.10.2020","2.431,40","2.388,40","2.431,40","2.370,40","0,29K","1,43%"
"02.10.2020","2.397,20","2.421,20","2.456,80","2.378,20","0,70K","-5,16%"
"01.10.2020","2.527,60","2.487,00","2.532,60","2.486,60","0,05K","2,13%"
"30.09.2020","2.475,00","2.329,00","2.475,00","2.324,00","0,22K","2,96%"
"29.09.2020","2.403,80","2.430,80","2.434,20","2.395,60","0,31K","0,92%"
"28.09.2020","2.381,80","2.344,80","2.423,40","2.344,80","0,25K","6,82%"
"25.09.2020","2.229,80","2.151,40","2.229,80","2.118,80","0,45K","2,14%"
"24.09.2020","2.183,00","2.073,20","2.183,00","2.024,40","0,67K","-2,13%"
"23.09.2020","2.230,60","2.291,00","2.344,00","2.230,60","0,16K","1,26%"
"22.09.2020","2.202,80","2.172,20","2.246,00","2.172,20","0,28K","7,75%"
"21.09.2020","2.044,40","2.132,80","2.132,80","2.010,00","0,61K","-4,26%"
"18.09.2020","2.135,40","2.251,80","2.278,40","2.135,40","0,40K","-4,57%"
"17.09.2020","2.237,60","2.225,20","2.271,20","2.196,60","0,41K","-8,86%"
"16.09.2020","2.455,20","2.490,60","2.499,80","2.428,80","0,13K","-0,78%"
"15.09.2020","2.474,40","2.373,80","2.474,40","2.373,80","0,10K","3,72%"
"14.09.2020","2.385,60","2.343,60","2.385,60","2.300,00","0,09K","5,01%"
"11.09.2020","2.271,80","2.368,40","2.395,80","2.268,60","0,02K","-8,05%"
"10.09.2020","2.470,60","2.455,40","2.525,80","2.380,00","0,33K","1,84%"
"09.09.2020","2.426,00","2.284,40","2.430,40","2.284,40","0,38K","2,72%"
"08.09.2020","2.361,80","2.564,60","2.564,60","2.347,60","0,18K","-6,83%"
"07.09.2020","2.535,00","2.458,60","2.541,00","2.458,60","0,17K","4,27%"
"04.09.2020","2.431,20","2.619,60","2.737,20","2.352,80","1,44K","-12,27%"
"03.09.2020","2.771,20","3.196,60","3.214,20","2.745,40","0,54K","-10,25%"
"02.09.2020","3.087,60","3.182,40","3.240,60","3.087,60","0,68K","1,51%"
"01.09.2020","3.041,60","3.008,00","3.059,40","3.008,00","0,25K","4,11%"
"31.08.2020","2.921,60","2.938,00","2.942,40","2.912,20","0,13K","1,17%"
"28.08.2020","2.887,80","2.881,60","2.887,80","2.860,40","0,40K","-1,35%"
"27.08.2020","2.927,40","2.888,00","2.927,40","2.862,20","0,22K","3,80%"
"26.08.2020","2.820,20","2.728,00","2.820,20","2.728,00","0,20K","5,51%"
"25.08.2020","2.673,00","2.694,00","2.694,00","2.624,40","1,05K","1,88%"
"24.08.2020","2.623,80","2.655,60","2.702,60","2.623,40","0,31K","1,38%"
"21.08.2020","2.588,20","2.556,60","2.590,60","2.542,40","0,77K","3,41%"
"20.08.2020","2.502,80","2.410,40","2.502,80","2.410,40","0,58K","0,17%"
"19.08.2020","2.498,60","2.482,00","2.498,60","2.482,00","0,15K","1,93%"
"18.08.2020","2.451,40","2.410,00","2.451,40","2.410,00","0,64K","2,13%"
"17.08.2020","2.400,20","2.365,60","2.406,20","2.365,60","0,09K","2,21%"
"14.08.2020","2.348,40","2.382,40","2.382,40","2.332,40","0,21K","-1,92%"
"13.08.2020","2.394,40","2.337,20","2.394,40","2.314,60","0,19K","2,77%"
"12.08.2020","2.329,80","2.243,60","2.338,00","2.243,60","0,29K","1,09%"
"11.08.2020","2.304,60","2.345,60","2.355,60","2.249,00","0,43K","1,13%"
"10.08.2020","2.278,80","2.335,00","2.355,40","2.278,80","0,05K","-5,11%"
"07.08.2020","2.401,40","2.389,60","2.423,40","2.389,60","0,14K","2,70%"
"06.08.2020","2.338,20","2.304,60","2.338,20","2.295,20","0,03K","1,10%"
"05.08.2020","2.312,80","2.341,00","2.341,00","2.294,40","0,11K","0,90%"
"04.08.2020","2.292,20","2.321,60","2.321,60","2.284,60","0,01K","-0,28%"
"03.08.2020","2.298,60","2.232,80","2.311,20","2.232,80","0,48K","7,09%"
"31.07.2020","2.146,40","2.187,80","2.204,60","2.111,20","0,45K","4,34%"
"30.07.2020","2.057,20","2.052,60","2.057,20","1.990,80","0,74K","0,06%"
"29.07.2020","2.056,00","2.035,40","2.062,80","2.035,40","0,34K","-0,41%"
"28.07.2020","2.064,40","2.112,00","2.112,00","2.048,40","0,19K","3,29%"
"27.07.2020","1.998,60","2.010,00","2.040,60","1.998,60","0,18K","-0,35%"
"24.07.2020","2.005,60","1.974,00","2.012,20","1.924,20","0,51K","-9,01%"
"23.07.2020","2.204,20","2.264,00","2.264,00","2.204,20","0,00K","-0,55%"
"22.07.2020","2.216,40","2.246,40","2.252,20","2.200,00","0,98K","-2,13%"
"21.07.2020","2.264,60","2.373,60","2.390,60","2.264,60","0,35K","1,72%"
"20.07.2020","2.226,40","2.086,80","2.226,40","2.086,80","1,90K","5,03%"
"17.07.2020","2.119,80","2.114,60","2.129,80","2.103,60","0,27K","2,78%"
"16.07.2020","2.062,40","2.108,20","2.109,80","2.062,40","1,01K","-4,13%"
"15.07.2020","2.151,20","2.175,40","2.202,20","2.139,00","1,71K","2,11%"
"14.07.2020","2.106,80","2.175,00","2.175,00","2.023,00","1,85K","-12,68%"
"13.07.2020","2.412,60","2.318,60","2.412,60","2.318,60","0,74K","8,55%"
"10.07.2020","2.222,60","2.186,60","2.234,00","2.186,60","0,10K","3,13%"
"09.07.2020","2.155,20","2.174,20","2.207,40","2.140,60","0,30K","1,94%"
"08.07.2020","2.114,20","2.116,40","2.157,20","2.114,20","0,12K","-3,19%"
"07.07.2020","2.183,80","2.129,20","2.183,80","2.116,00","0,43K","1,64%"
"06.07.2020","2.148,60","2.077,60","2.148,60","2.072,20","0,00K","7,22%"
"03.07.2020","2.004,00","2.026,60","2.030,60","2.004,00","0,05K","-0,51%"
"02.07.2020","2.014,20","1.982,00","2.039,60","1.982,00","0,39K","4,36%"
"01.07.2020","1.930,00","1.886,50","1.930,00","1.877,20","","4,22%"
"30.06.2020","1.851,80","1.819,40","1.853,10","1.796,40","0,46K","5,41%"
"29.06.2020","1.756,70","1.736,60","1.756,70","1.678,70","0,81K","-1,73%"
"26.06.2020","1.787,60","1.871,90","1.888,50","1.765,60","0,33K","-1,16%"
"25.06.2020","1.808,50","1.806,60","1.837,30","1.776,50","0,32K","-0,62%"
"24.06.2020","1.819,70","1.932,00","1.932,00","1.819,70","1,00K","-6,61%"
"23.06.2020","1.948,40","1.895,30","1.948,40","1.893,70","0,25K","5,08%"
"22.06.2020","1.854,20","1.821,20","1.854,20","1.821,20","0,21K","-1,07%"
"19.06.2020","1.874,20","1.857,60","1.874,20","1.856,70","0,21K","3,03%"
"18.06.2020","1.819,10","1.815,00","1.831,00","1.803,00","0,31K","-0,06%"
"17.06.2020","1.820,20","1.815,10","1.837,60","1.815,10","0,76K","3,07%"
"16.06.2020","1.766,00","1.737,60","1.772,20","1.737,60","0,04K","9,22%"
"15.06.2020","1.616,90","1.524,60","1.616,90","1.524,60","0,00K","-1,36%"
"12.06.2020","1.639,20","1.642,00","1.700,00","1.639,20","0,05K","-6,37%"
"11.06.2020","1.750,80","1.808,20","1.808,20","1.750,80","","-5,31%"
"10.06.2020","1.848,90","1.823,20","1.848,90","1.814,60","0,00K","2,93%"
"09.06.2020","1.796,20","1.775,80","1.800,00","1.746,60","0,39K","3,69%"
"08.06.2020","1.732,30","1.730,90","1.740,30","1.709,80","0,32K","0,08%"
"05.06.2020","1.731,00","1.650,20","1.731,00","1.637,80","0,14K","4,88%"
"04.06.2020","1.650,50","1.670,30","1.694,20","1.650,50","0,03K","-1,35%"
"03.06.2020","1.673,10","1.674,40","1.684,00","1.673,10","0,17K","3,78%"
"02.06.2020","1.612,20","1.651,00","1.675,10","1.612,20","0,14K","3,47%"
"29.05.2020","1.558,10","1.563,80","1.577,00","1.553,00","0,24K","-2,58%"
"28.05.2020","1.599,30","1.562,80","1.599,30","1.555,50","0,90K","6,95%"
"27.05.2020","1.495,40","1.608,70","1.618,10","1.495,40","0,10K","-6,33%"
"26.05.2020","1.596,40","1.673,80","1.673,80","1.596,40","0,09K","-3,15%"
"25.05.2020","1.648,30","1.615,70","1.648,30","1.615,70","","5,46%"
"22.05.2020","1.563,00","1.519,10","1.563,00","1.512,80","0,02K","-0,55%"
"21.05.2020","1.571,70","1.581,70","1.610,20","1.571,70","0,01K","-2,61%"
"20.05.2020","1.613,90","1.553,60","1.613,90","1.553,60","0,26K","2,34%"
"19.05.2020","1.577,00","1.575,70","1.580,20","1.539,10","0,18K","1,32%"
"18.05.2020","1.556,50","1.503,80","1.557,40","1.503,80","0,24K","11,24%"
"15.05.2020","1.399,20","1.469,40","1.469,40","1.383,50","0,00K","0,90%"
"14.05.2020","1.386,70","1.407,90","1.419,50","1.386,50","0,07K","-2,80%"
"13.05.2020","1.426,70","1.455,10","1.492,60","1.426,70","0,12K","-8,09%"
"12.05.2020","1.552,30","1.530,40","1.558,90","1.530,40","0,09K","1,20%"
"11.05.2020","1.533,90","1.524,10","1.540,00","1.495,20","0,26K","2,73%"
"08.05.2020","1.493,10","1.500,20","1.502,90","1.490,40","0,00K","2,72%"
"07.05.2020","1.453,60","1.427,80","1.453,60","1.427,80","0,07K","2,35%"
"06.05.2020","1.420,20","1.404,40","1.420,20","1.398,10","0,25K","1,94%"
"05.05.2020","1.393,20","1.338,40","1.393,20","1.338,40","0,06K","7,98%"
"04.05.2020","1.290,20","1.252,70","1.290,20","1.235,10","0,21K","-7,05%"
"30.04.2020","1.388,10","1.446,70","1.454,10","1.388,10","0,48K","0,75%"
"29.04.2020","1.377,70","1.344,20","1.380,30","1.320,00","0,02K","5,47%"
"28.04.2020","1.306,20","1.342,90","1.377,90","1.306,20","0,01K","-3,59%"
"27.04.2020","1.354,80","1.349,60","1.363,00","1.331,90","0,19K","7,20%"
"24.04.2020","1.263,80","1.240,10","1.271,40","1.240,10","0,01K","-3,18%"
"23.04.2020","1.305,30","1.268,40","1.305,30","1.244,70","0,11K","5,11%"
"22.04.2020","1.241,90","1.203,80","1.241,90","1.201,80","0,17K","8,55%"
"21.04.2020","1.144,10","1.295,00","1.295,00","1.144,10","0,04K","-15,31%"
"20.04.2020","1.350,90","1.316,80","1.350,90","1.297,30","0,08K","3,15%"
"17.04.2020","1.309,60","1.380,40","1.400,00","1.309,60","0,13K","-0,32%"
"16.04.2020","1.313,80","1.279,10","1.313,80","1.252,70","0,32K","7,28%"
"15.04.2020","1.224,60","1.270,00","1.270,00","1.201,80","0,51K","-0,75%"
"14.04.2020","1.233,80","1.192,80","1.241,30","1.190,20","0,01K","13,42%"
"09.04.2020","1.087,80","1.108,70","1.118,60","1.061,00","0,10K","0,46%"
"08.04.2020","1.082,80","1.032,20","1.082,80","1.032,10","0,49K","0,17%"
"07.04.2020","1.081,00","1.072,30","1.118,10","1.072,30","0,01K","10,76%"
"06.04.2020","975,95","966,80","977,85","954,20","0,06K","12,64%"
"03.04.2020","866,40","872,90","890,00","866,40","0,04K","-1,16%"
"02.04.2020","876,60","863,05","876,60","818,90","0,01K","-1,89%"
"01.04.2020","893,45","875,55","893,45","861,00","0,01K","-11,08%"
"31.03.2020","1.004,80","981,95","1.004,80","956,20","0,15K","5,47%"
"30.03.2020","952,65","883,65","952,65","861,10","0,01K","6,75%"
"27.03.2020","892,40","926,05","926,05","892,40","0,09K","-4,98%"
"26.03.2020","939,15","826,05","939,15","806,50","0,01K","4,01%"
"25.03.2020","902,95","914,15","950,30","868,60","0,02K","3,10%"
"24.03.2020","875,80","815,35","875,80","802,25","0,02K","24,86%"
"23.03.2020","701,45","657,65","749,10","657,65","0,00K","-12,40%"
"20.03.2020","800,70","932,45","932,45","800,00","0,02K","3,81%"
"19.03.2020","771,30","777,50","781,20","761,35","0,00K","2,72%"
"18.03.2020","750,90","734,25","763,75","728,45","0,03K","-11,76%"
"17.03.2020","850,95","819,55","865,00","750,00","0,08K","-6,27%"
"16.03.2020","907,90","772,05","959,00","744,60","0,51K","-0,06%"
"13.03.2020","908,40","990,85","1.018,00","908,40","0,07K","-4,58%"
"12.03.2020","952,00","1.050,70","1.050,70","952,00","0,26K","-23,19%"
"11.03.2020","1.239,40","1.272,90","1.287,20","1.224,70","0,15K","1,66%"
"10.03.2020","1.219,20","1.274,40","1.350,70","1.219,20","0,29K","-3,33%"
"09.03.2020","1.261,20","1.209,00","1.261,20","1.168,90","0,04K","-13,02%"
"06.03.2020","1.450,00","1.514,80","1.514,80","1.398,00","0,15K","-12,89%"
"05.03.2020","1.664,60","1.662,10","1.672,20","1.580,80","0,02K","1,41%"
"04.03.2020","1.641,40","1.618,50","1.660,00","1.600,10","0,10K","0,21%"
"03.03.2020","1.637,90","1.684,40","1.731,90","1.637,90","0,08K","2,48%"
"02.03.2020","1.598,30","1.581,30","1.598,30","1.477,30","0,07K","9,98%"
"28.02.2020","1.453,30","1.441,50","1.453,30","1.358,10","0,17K","-10,74%"
"27.02.2020","1.628,20","1.728,50","1.746,90","1.597,90","0,85K","-12,04%"
"26.02.2020","1.851,00","1.802,00","1.868,00","1.762,00","0,21K","-0,32%"
"25.02.2020","1.857,00","1.994,20","2.007,20","1.857,00","0,11K","-4,30%"
"24.02.2020","1.940,40","2.034,60","2.035,80","1.940,40","0,45K","-12,57%"
"21.02.2020","2.219,40","2.255,00","2.285,00","2.205,60","0,03K","-1,67%"
"20.02.2020","2.257,20","2.388,00","2.388,00","2.257,20","","-5,52%"
"19.02.2020","2.389,20","2.338,40","2.389,20","2.337,80","0,11K","4,48%"
"18.02.2020","2.286,80","2.244,00","2.300,80","2.233,00","0,13K","-1,91%"
"17.02.2020","2.331,40","2.333,80","2.336,20","2.329,20","0,02K","1,10%"
"14.02.2020","2.306,00","2.310,20","2.314,80","2.303,00","0,01K","0,27%"
"13.02.2020","2.299,80","2.250,60","2.299,80","2.226,80","0,18K","1,08%"
"12.02.2020","2.275,20","2.241,80","2.275,20","2.241,80","","1,07%"
"11.02.2020","2.251,20","2.240,80","2.268,20","2.235,80","0,01K","3,28%"
"10.02.2020","2.179,80","2.134,60","2.179,80","2.125,00","0,01K","0,89%"
"07.02.2020","2.160,60","2.145,60","2.160,60","2.136,60","","0,84%"
"06.02.2020","2.142,60","2.144,20","2.147,40","2.114,80","0,04K","3,02%"
"05.02.2020","2.079,80","2.061,60","2.150,00","2.061,60","0,35K","1,26%"
"04.02.2020","2.054,00","1.966,50","2.054,00","1.966,50","0,04K","6,77%"
"03.02.2020","1.923,70","1.891,60","1.938,80","1.854,50","0,03K","2,83%"
"31.01.2020","1.870,70","1.976,20","1.976,20","1.870,70","","-1,57%"
"30.01.2020","1.900,60","1.864,30","1.900,60","1.864,30","0,03K","-1,80%"
"29.01.2020","1.935,50","1.933,90","1.956,10","1.925,70","0,02K","1,13%"
"28.01.2020","1.913,90","1.877,40","1.913,90","1.870,00","0,02K","4,01%"
"27.01.2020","1.840,20","1.890,40","1.890,40","1.830,40","0,09K","-8,25%"
"24.01.2020","2.005,60","2.027,40","2.037,20","2.005,60","0,02K","1,33%"
"23.01.2020","1.979,20","1.974,90","1.982,60","1.958,80","0,14K","-1,15%"
"22.01.2020","2.002,20","1.996,60","2.010,80","1.996,60","0,06K","1,51%"
"21.01.2020","1.972,40","1.932,10","1.972,40","1.927,90","0,16K","0,61%"
"20.01.2020","1.960,40","1.967,20","1.967,20","1.955,50","0,01K","1,05%"
"17.01.2020","1.940,00","1.934,50","1.959,60","1.934,50","0,05K","2,14%"
"16.01.2020","1.899,30","1.896,30","1.900,40","1.896,30","","0,49%"
"15.01.2020","1.890,10","1.879,00","1.890,10","1.877,90","0,03K","0,31%"
"14.01.2020","1.884,30","1.883,50","1.898,50","1.881,40","0,10K","0,94%"
"13.01.2020","1.866,80","1.851,70","1.866,80","1.851,70","0,01K","0,31%"
"10.01.2020","1.861,00","1.871,00","1.879,70","1.861,00","0,02K","0,44%"
"09.01.2020","1.852,80","1.836,00","1.852,80","1.835,20","0,01K","3,72%"
"08.01.2020","1.786,40","1.742,90","1.786,40","1.742,90","","1,04%"
"07.01.2020","1.768,10","1.752,40","1.768,10","1.752,40","0,04K","1,95%"
"06.01.2020","1.734,30","1.701,30","1.734,30","1.685,80","0,00K","0,15%"
"03.01.2020","1.731,70","1.716,10","1.731,70","1.700,20","0,05K","0,65%"
"02.01.2020","1.720,50","1.709,10","1.724,00","1.709,10","0,04K","0,83%"
"30.12.2019","1.706,40","1.715,40","1.715,40","1.706,40","0,00K","-1,26%"
"27.12.2019","1.728,10","1.736,30","1.743,50","1.715,00","0,02K","2,25%"
"23.12.2019","1.690,10","1.679,80","1.692,70","1.679,80","0,02K","0,76%"
"20.12.2019","1.677,40","1.649,40","1.677,40","1.649,40","0,04K","2,44%"
"19.12.2019","1.637,50","1.620,20","1.637,50","1.619,10","","0,65%"
"18.12.2019","1.627,00","1.609,90","1.627,00","1.609,90","0,00K","1,19%"
"17.12.2019","1.607,80","1.615,30","1.615,30","1.603,60","0,04K","-0,30%"
"16.12.2019","1.612,70","1.580,30","1.612,70","1.580,30","0,02K","3,60%"
"13.12.2019","1.556,60","1.567,60","1.576,10","1.556,60","0,11K","1,30%"
"12.12.2019","1.536,60","1.521,10","1.558,30","1.521,10","0,01K","1,78%"
"11.12.2019","1.509,70","1.506,20","1.509,70","1.506,20","","0,17%"
"10.12.2019","1.507,10","1.500,60","1.507,10","1.477,90","0,01K","-0,95%"
"09.12.2019","1.521,50","1.520,40","1.521,50","1.517,70","0,01K","-0,01%"
"06.12.2019","1.521,60","1.481,60","1.521,60","1.481,60","","4,52%"
"05.12.2019","1.455,80","1.476,80","1.484,80","1.455,80","","-1,21%"
"04.12.2019","1.473,60","1.431,90","1.473,60","1.431,90","0,00K","4,54%"
"03.12.2019","1.409,60","1.481,60","1.481,60","1.409,60","0,01K","-3,38%"
"02.12.2019","1.458,90","1.553,40","1.553,40","1.457,40","0,00K","-5,42%"
"29.11.2019","1.542,50","1.545,20","1.554,00","1.542,50","","-0,91%"
"28.11.2019","1.556,60","1.549,10","1.556,60","1.549,10","","0,35%"
"27.11.2019","1.551,10","1.543,30","1.551,10","1.543,30","0,00K","1,46%"
"26.11.2019","1.528,80","1.520,80","1.528,80","1.519,50","","1,05%"
"25.11.2019","1.512,90","1.480,20","1.512,90","1.480,20","0,00K","4,00%"
"22.11.2019","1.454,70","1.468,50","1.474,10","1.454,70","0,00K","0,40%"
"21.11.2019","1.448,90","1.453,80","1.460,40","1.448,90","","-2,57%"
"20.11.2019","1.487,10","1.474,90","1.487,10","1.474,90","","-0,29%"
"19.11.2019","1.491,40","1.505,70","1.506,10","1.491,40","0,01K","0,74%"
"18.11.2019","1.480,50","1.489,00","1.495,40","1.480,50","0,00K","-0,20%"
"15.11.2019","1.483,50","1.477,00","1.483,50","1.477,00","","2,42%"
"14.11.2019","1.448,40","1.459,10","1.459,10","1.448,40","0,01K","-1,01%"
"13.11.2019","1.463,20","1.459,60","1.463,20","1.447,20","","-0,89%"
"12.11.2019","1.476,30","1.456,20","1.476,30","1.455,80","","2,45%"
"11.11.2019","1.441,00","1.438,50","1.441,00","1.435,50","","-0,18%"
"08.11.2019","1.443,60","1.432,10","1.443,60","1.432,10","","-1,04%"
"07.11.2019","1.458,80","1.444,80","1.458,80","1.442,20","","2,86%"
"06.11.2019","1.418,30","1.426,50","1.428,60","1.418,30","0,01K","-1,05%"
"05.11.2019","1.433,40","1.429,20","1.435,80","1.429,20","","1,21%"
"04.11.2019","1.416,20","1.402,40","1.416,20","1.402,40","","3,26%"
"01.11.2019","1.371,50","1.363,50","1.381,80","1.359,60","0,10K","2,04%"
"31.10.2019","1.344,10","1.370,60","1.370,60","1.344,10","0,01K","0,21%"
"30.10.2019","1.341,30","1.339,50","1.345,50","1.339,50","","-1,04%"
"29.10.2019","1.355,40","1.371,30","1.371,30","1.355,40","","-1,20%"
"28.10.2019","1.371,80","1.345,60","1.372,20","1.345,60","0,00K","3,07%"
"25.10.2019","1.331,00","1.287,40","1.331,00","1.286,70","","2,09%"
"24.10.2019","1.303,80","1.278,70","1.303,80","1.278,70","","3,28%"
"23.10.2019","1.262,40","1.238,30","1.262,40","1.238,30","","-1,49%"
"22.10.2019","1.281,50","1.292,00","1.292,00","1.281,50","0,01K","0,23%"
"21.10.2019","1.278,50","1.258,20","1.278,50","1.258,20","","1,03%"
"18.10.2019","1.265,50","1.283,90","1.289,10","1.265,50","","-1,61%"
"17.10.2019","1.286,20","1.291,10","1.304,10","1.286,20","","0,08%"
"16.10.2019","1.285,20","1.300,70","1.300,70","1.285,20","","-0,66%"
"15.10.2019","1.293,80","1.279,20","1.293,80","1.267,60","0,00K","2,45%"
"14.10.2019","1.262,80","1.259,50","1.262,80","1.242,50","0,00K","-1,14%"
"11.10.2019","1.277,40","1.232,20","1.277,40","1.232,20","0,01K","4,63%"
"10.10.2019","1.220,90","1.177,10","1.220,90","1.177,10","0,03K","3,16%"
"09.10.2019","1.183,50","1.152,80","1.184,60","1.152,80","","1,34%"
"08.10.2019","1.167,90","1.221,50","1.221,50","1.167,90","","-4,73%"
"07.10.2019","1.225,90","1.205,50","1.225,90","1.205,50","","1,60%"
"04.10.2019","1.206,60","1.173,70","1.206,60","1.159,30","","7,31%"
"02.10.2019","1.124,40","1.197,90","1.197,90","1.124,40","0,02K","-7,96%"
"01.10.2019","1.221,70","1.257,60","1.257,60","1.221,70","","-0,29%"
"30.09.2019","1.225,30","1.211,80","1.225,30","1.205,60","0,02K","-0,90%"
"27.09.2019","1.236,40","1.241,90","1.250,40","1.236,40","","1,01%"
"26.09.2019","1.224,00","1.244,00","1.257,40","1.224,00","","0,59%"
"25.09.2019","1.216,80","1.209,10","1.216,80","1.194,60","","-2,19%"
"24.09.2019","1.244,10","1.273,90","1.280,10","1.244,10","","-1,43%"
"23.09.2019","1.262,20","1.273,00","1.273,00","1.260,60","0,00K","-1,90%"
"20.09.2019","1.286,60","1.296,10","1.300,50","1.286,60","","-1,91%"
"19.09.2019","1.311,70","1.264,10","1.311,70","1.264,10","","2,84%"
"18.09.2019","1.275,50","1.279,80","1.281,50","1.275,50","0,00K","0,14%"
"17.09.2019","1.273,70","1.262,40","1.273,70","1.262,40","0,00K","-0,12%"
"16.09.2019","1.275,20","1.257,80","1.275,20","1.257,80","0,00K","-1,22%"
"13.09.2019","1.290,90","1.304,60","1.312,60","1.290,90","","-1,62%"
"12.09.2019","1.312,20","1.308,50","1.312,20","1.303,80","","2,01%"
"11.09.2019","1.286,40","1.258,00","1.286,40","1.253,00","","5,00%"
"10.09.2019","1.225,20","1.255,80","1.256,70","1.225,20","","-4,14%"
"09.09.2019","1.278,10","1.285,10","1.285,10","1.275,00","0,00K","0,27%"
"06.09.2019","1.274,70","1.278,50","1.283,80","1.274,70","0,02K","-0,23%"
"05.09.2019","1.277,70","1.245,90","1.277,70","1.245,90","0,00K","6,47%"
"04.09.2019","1.200,00","1.206,20","1.206,20","1.197,80","","1,83%"
"03.09.2019","1.178,40","1.175,50","1.179,30","1.173,30","0,01K","-1,03%"
"02.09.2019","1.190,70","1.182,90","1.200,90","1.182,90","","-0,18%"
"30.08.2019","1.192,90","1.201,30","1.229,70","1.192,90","","-1,10%"
"29.08.2019","1.206,20","1.136,50","1.206,20","1.136,50","","5,32%"
"28.08.2019","1.145,30","1.140,70","1.145,30","1.112,80","0,01K","0,13%"
"27.08.2019","1.143,80","1.132,30","1.153,10","1.132,30","","1,15%"
"26.08.2019","1.130,80","1.122,00","1.146,10","1.122,00","0,09K","0,24%"
"23.08.2019","1.128,10","1.227,40","1.227,40","1.128,10","","-5,98%"
"22.08.2019","1.199,80","1.216,40","1.216,90","1.199,80","","-2,15%"
"21.08.2019","1.226,10","1.212,60","1.226,10","1.212,60","0,00K","1,09%"
"20.08.2019","1.212,90","1.216,80","1.216,80","1.212,80","","-0,34%"
"19.08.2019","1.217,00","1.197,40","1.217,00","1.193,00","0,00K","5,11%"
"16.08.2019","1.157,80","1.129,50","1.157,80","1.129,50","0,00K","4,66%"
"15.08.2019","1.106,30","1.126,40","1.126,40","1.087,30","0,02K","-2,33%"
"14.08.2019","1.132,70","1.210,00","1.210,00","1.132,70","","-5,95%"
"13.08.2019","1.204,30","1.127,30","1.204,30","1.127,30","","4,86%"
"12.08.2019","1.148,50","1.197,50","1.197,50","1.148,50","","-0,57%"
"09.08.2019","1.155,10","1.196,40","1.200,00","1.155,10","0,02K","-2,61%"
"08.08.2019","1.186,10","1.147,40","1.186,10","1.144,00","0,00K","7,55%"
"07.08.2019","1.102,80","1.110,40","1.140,60","1.102,80","0,01K","1,52%"
"06.08.2019","1.086,30","1.076,70","1.099,70","1.075,50","0,02K","-1,38%"
"05.08.2019","1.101,50","1.164,10","1.172,10","1.101,50","0,05K","-8,38%"
"02.08.2019","1.202,20","1.259,30","1.259,30","1.202,20","0,04K","-12,23%"
"01.08.2019","1.369,70","1.294,00","1.369,70","1.294,00","0,02K","1,35%"
"31.07.2019","1.351,50","1.348,00","1.353,80","1.348,00","","0,63%"
"30.07.2019","1.343,00","1.360,10","1.360,10","1.341,40","","-0,43%"
"29.07.2019","1.348,80","1.364,40","1.371,50","1.348,80","0,02K","-1,81%"
"26.07.2019","1.373,60","1.363,50","1.373,60","1.361,50","0,00K","2,52%"
"25.07.2019","1.339,90","1.370,80","1.376,20","1.339,90","0,03K","-0,73%"
"24.07.2019","1.349,70","1.335,80","1.349,70","1.331,20","0,02K","2,09%"
"23.07.2019","1.322,10","1.322,30","1.337,70","1.322,10","0,02K","1,55%"
"22.07.2019","1.301,90","1.278,30","1.301,90","1.278,30","0,00K","-0,89%"
"19.07.2019","1.313,60","1.323,50","1.323,50","1.313,60","","2,87%"
"18.07.2019","1.277,00","1.270,60","1.288,00","1.270,60","","-2,95%"
"17.07.2019","1.315,80","1.329,90","1.329,90","1.315,80","0,00K","-1,47%"
"16.07.2019","1.335,40","1.341,80","1.345,10","1.335,40","","0,30%"
"15.07.2019","1.331,40","1.330,70","1.331,40","1.328,90","","0,84%"
"12.07.2019","1.320,30","1.309,00","1.320,30","1.309,00","0,00K","-0,11%"
"11.07.2019","1.321,70","1.319,00","1.321,70","1.319,00","0,00K","1,96%"
"10.07.2019","1.296,30","1.263,80","1.311,40","1.263,80","0,02K","4,84%"
"09.07.2019","1.236,40","1.231,40","1.236,40","1.231,40","","-1,21%"
"08.07.2019","1.251,50","1.262,80","1.264,70","1.251,50","","-1,27%"
"05.07.2019","1.267,60","1.295,50","1.295,50","1.264,50","0,01K","-2,34%"
"04.07.2019","1.298,00","1.289,60","1.298,00","1.289,60","0,00K","1,50%"
"03.07.2019","1.278,80","1.264,70","1.278,80","1.264,70","0,00K","3,16%"
"02.07.2019","1.239,60","1.242,20","1.244,40","1.234,50","0,13K","-0,52%"
"01.07.2019","1.246,10","1.255,50","1.255,50","1.238,30","0,02K","5,38%"
"28.06.2019","1.182,50","1.184,50","1.185,60","1.182,50","","0,78%"
"27.06.2019","1.173,40","1.192,10","1.193,80","1.173,40","0,05K","-0,14%"
"26.06.2019","1.175,10","1.160,90","1.183,90","1.160,90","0,02K","-0,61%"
"25.06.2019","1.182,30","1.202,50","1.208,40","1.182,30","0,03K","-3,11%"
"24.06.2019","1.220,20","1.230,50","1.230,50","1.220,20","","-1,33%"
"21.06.2019","1.236,70","1.224,80","1.236,70","1.221,80","","1,29%"
"20.06.2019","1.220,90","1.238,40","1.244,80","1.220,90","0,01K","2,67%"
"19.06.2019","1.189,20","1.200,50","1.200,50","1.189,20","0,02K","-1,76%"
"18.06.2019","1.210,50","1.144,50","1.218,10","1.144,50","0,01K","5,95%"
"17.06.2019","1.142,50","1.129,60","1.142,50","1.123,80","","1,89%"
"14.06.2019","1.121,30","1.116,30","1.121,30","1.110,30","0,00K","-0,75%"
"13.06.2019","1.129,80","1.106,10","1.130,30","1.106,10","","1,86%"
"12.06.2019","1.109,20","1.109,70","1.115,50","1.109,20","","-1,98%"
"11.06.2019","1.131,60","1.137,90","1.146,20","1.131,60","0,00K","4,51%"
"07.06.2019","1.082,80","1.034,30","1.082,80","1.034,30","","6,69%"
"06.06.2019","1.014,90","1.011,80","1.021,80","1.011,80","0,03K","1,57%"
"05.06.2019","999,25","991,05","1.010,60","991,05","","2,46%"
"04.06.2019","975,30","914,05","975,30","914,05","","2,02%"
"03.06.2019","956,00","964,35","964,35","956,00","","-4,75%"
"31.05.2019","1.003,70","1.006,80","1.006,80","991,90","0,00K","-2,31%"
"30.05.2019","1.027,40","1.032,30","1.032,30","1.026,40","","0,91%"
"29.05.2019","1.018,10","1.025,50","1.026,30","1.018,10","","-4,57%"
"28.05.2019","1.066,80","1.067,50","1.067,50","1.055,50","","0,96%"
"27.05.2019","1.056,70","1.059,90","1.059,90","1.056,00","","-0,65%"
"24.05.2019","1.063,60","1.072,20","1.075,70","1.063,60","","0,29%"
"23.05.2019","1.060,50","1.084,80","1.084,80","1.060,50","0,00K","-5,13%"
"22.05.2019","1.117,80","1.118,30","1.118,30","1.113,90","","-0,69%"
"21.05.2019","1.125,60","1.112,20","1.125,60","1.112,20","","2,67%"
"20.05.2019","1.096,30","1.155,90","1.155,90","1.096,30","","-7,45%"
"17.05.2019","1.184,50","1.177,50","1.184,50","1.165,30","","-1,30%"
"16.05.2019","1.200,10","1.141,80","1.200,10","1.141,80","0,00K","5,04%"
"15.05.2019","1.142,50","1.117,40","1.142,50","1.100,00","0,03K","2,64%"
"14.05.2019","1.113,10","1.073,50","1.113,10","1.073,50","0,00K","3,89%"
"13.05.2019","1.071,40","1.146,10","1.146,10","1.071,40","0,06K","-4,32%"
"10.05.2019","1.119,80","1.185,50","1.185,50","1.119,80","","-2,37%"
"09.05.2019","1.147,00","1.181,70","1.188,40","1.147,00","","-5,66%"
"08.05.2019","1.215,80","1.227,60","1.228,40","1.200,90","0,01K","-0,86%"
"07.05.2019","1.226,30","1.283,20","1.283,20","1.226,30","","-3,97%"
"06.05.2019","1.277,00","1.241,50","1.277,00","1.241,50","","-2,17%"
"03.05.2019","1.305,30","1.276,60","1.305,30","1.276,60","0,00K","3,19%"
"02.05.2019","1.264,90","1.277,20","1.279,60","1.264,90","","-0,31%"
"30.04.2019","1.268,80","1.294,00","1.294,00","1.268,80","","-3,98%"
"29.04.2019","1.321,40","1.317,40","1.321,40","1.311,90","0,01K","1,44%"
"26.04.2019","1.302,70","1.300,10","1.302,90","1.300,10","","-1,49%"
"25.04.2019","1.322,40","1.316,10","1.332,00","1.316,10","0,01K","0,65%"
"24.04.2019","1.313,90","1.301,20","1.313,90","1.301,20","0,00K","1,38%"
"23.04.2019","1.296,00","1.258,50","1.296,00","1.251,80","0,07K","4,94%"
"18.04.2019","1.235,00","1.221,00","1.235,00","1.221,00","0,02K","0,76%"
"17.04.2019","1.225,70","1.228,70","1.232,20","1.225,70","0,01K","0,27%"
"16.04.2019","1.222,40","1.215,40","1.222,40","1.215,40","","2,20%"
"15.04.2019","1.196,10","1.205,90","1.210,00","1.196,10","0,29K","-0,01%"
"12.04.2019","1.196,20","1.195,40","1.208,10","1.195,40","0,00K","-0,59%"
"11.04.2019","1.203,30","1.207,50","1.211,30","1.203,30","","0,03%"
"10.04.2019","1.202,90","1.189,10","1.202,90","1.189,10","","0,89%"
"09.04.2019","1.192,30","1.196,40","1.196,40","1.192,30","0,02K","0,11%"
"08.04.2019","1.191,00","1.190,70","1.191,00","1.189,90","0,01K","-0,23%"
"05.04.2019","1.193,70","1.183,90","1.193,70","1.181,30","0,00K","1,73%"
"04.04.2019","1.173,40","1.178,00","1.182,00","1.173,40","0,00K","-1,80%"
"03.04.2019","1.194,90","1.177,70","1.194,90","1.174,90","0,00K","3,59%"
"02.04.2019","1.153,50","1.145,60","1.153,50","1.145,60","","1,39%"
"01.04.2019","1.137,70","1.133,10","1.137,70","1.129,70","0,01K","3,64%"
"29.03.2019","1.097,70","1.093,00","1.097,70","1.093,00","0,00K","2,67%"
"28.03.2019","1.069,20","1.066,20","1.076,60","1.066,20","","0,75%"
"27.03.2019","1.061,20","1.097,60","1.097,60","1.054,00","0,00K","-2,79%"
"26.03.2019","1.091,70","1.079,00","1.108,10","1.079,00","0,02K","2,76%"
"25.03.2019","1.062,40","1.063,10","1.067,60","1.062,40","0,00K","-3,15%"
"22.03.2019","1.096,90","1.148,50","1.148,50","1.094,50","0,01K","-2,41%"
"21.03.2019","1.124,00","1.089,30","1.126,00","1.079,30","0,03K","4,83%"
"20.03.2019","1.072,20","1.086,10","1.086,10","1.072,20","0,01K","-2,17%"
"19.03.2019","1.096,00","1.078,90","1.096,00","1.078,90","","2,93%"
"18.03.2019","1.064,80","1.073,40","1.073,40","1.064,80","","-1,01%"
"15.03.2019","1.075,70","1.051,20","1.075,70","1.051,20","","2,38%"
"14.03.2019","1.050,70","1.053,60","1.057,30","1.050,70","","-0,42%"
"13.03.2019","1.055,10","1.029,00","1.055,10","1.029,00","0,01K","2,20%"
"12.03.2019","1.032,40","1.023,00","1.032,40","1.016,10","","2,38%"
"11.03.2019","1.008,40","965,65","1.008,40","965,65","","6,87%"
"08.03.2019","943,55","944,30","945,85","943,50","0,05K","-3,53%"
"07.03.2019","978,05","977,70","982,25","977,70","","-1,52%"
"06.03.2019","993,15","1.009,40","1.009,40","993,15","","-1,91%"
"05.03.2019","1.012,50","1.003,30","1.012,50","1.000,50","0,00K","1,27%"
"04.03.2019","999,80","1.019,20","1.019,20","999,80","","1,49%"
"01.03.2019","985,15","995,70","1.003,90","985,15","0,00K","0,13%"
"28.02.2019","983,90","967,65","983,90","967,65","","0,76%"
"27.02.2019","976,45","976,80","978,45","976,45","","-1,44%"
"26.02.2019","990,70","978,25","994,70","978,25","0,28K","-1,38%"
"25.02.2019","1.004,60","991,30","1.004,60","991,30","","2,45%"
"22.02.2019","980,55","957,70","980,55","957,70","0,00K","2,31%"
"21.02.2019","958,40","977,15","977,15","958,40","0,00K","-1,80%"
"20.02.2019","975,95","969,05","975,95","969,05","0,60K","0,55%"
"19.02.2019","970,65","975,80","975,80","965,00","0,02K","-0,37%"
"18.02.2019","974,30","972,35","974,30","968,65","","1,20%"
"15.02.2019","962,70","939,75","966,50","939,75","0,02K","1,73%"
"14.02.2019","946,30","967,00","967,00","946,30","","-1,00%"
"13.02.2019","955,90","964,15","965,00","955,90","0,04K","0,97%"
"12.02.2019","946,75","933,80","946,75","933,80","","3,46%"
"11.02.2019","915,10","906,85","920,70","906,85","","3,26%"
"08.02.2019","886,25","890,50","890,50","881,35","0,04K","-0,33%"
"07.02.2019","889,15","930,00","930,00","889,15","0,05K","-5,67%"
"06.02.2019","942,55","941,35","945,75","940,20","0,12K","0,13%"
"05.02.2019","941,30","908,70","945,30","908,70","0,15K","3,00%"
"04.02.2019","913,90","888,35","913,90","884,20","0,00K","2,04%"
"01.02.2019","895,65","893,90","895,65","884,30","0,04K","-0,21%"
"31.01.2019","897,55","878,55","897,55","874,00","0,01K","8,22%"
"30.01.2019","829,35","814,55","829,35","813,45","0,00K","3,63%"
"29.01.2019","800,30","810,90","822,70","800,20","0,02K","-1,67%"
"28.01.2019","813,90","846,65","848,45","813,80","0,04K","-5,00%"
"25.01.2019","856,75","840,70","856,75","840,00","0,00K","3,91%"
"24.01.2019","824,55","816,95","828,75","816,95","0,00K","2,10%"
"23.01.2019","807,60","807,50","832,45","805,90","0,02K","-3,56%"
"22.01.2019","837,45","842,30","845,65","835,00","0,01K","-1,78%"
"21.01.2019","852,65","853,75","855,10","848,60","0,02K","-2,15%"
"18.01.2019","871,40","841,50","871,40","841,50","0,02K","5,42%"
"17.01.2019","826,60","800,40","826,60","798,85","0,01K","-0,63%"
"16.01.2019","831,80","821,95","831,80","816,80","0,02K","2,79%"
"15.01.2019","809,20","785,00","809,20","779,10","","4,16%"
"14.01.2019","776,90","766,90","776,90","764,85","0,03K","-0,93%"
"11.01.2019","784,20","791,20","791,20","784,05","","-0,41%"
"10.01.2019","787,45","766,30","787,45","765,00","0,01K","0,29%"
"09.01.2019","785,15","774,65","787,05","774,65","0,01K","4,15%"
"08.01.2019","753,85","759,75","771,05","753,85","0,01K","0,53%"
"07.01.2019","749,90","736,90","749,90","724,15","0,02K","3,89%"
"04.01.2019","721,85","679,35","721,85","674,25","0,02K","6,77%"
"03.01.2019","676,05","668,40","676,05","654,35","0,21K","-5,26%"
"02.01.2019","713,60","676,25","720,70","657,65","0,05K","1,13%"
"28.12.2018","705,65","692,20","710,70","688,30","0,01K","8,51%"
"27.12.2018","650,30","672,00","672,00","650,30","0,02K","-4,42%"
"21.12.2018","680,35","704,45","704,45","675,15","0,02K","-2,75%"
"20.12.2018","699,60","710,45","733,10","699,60","0,05K","-11,97%"
"19.12.2018","794,75","782,75","795,15","782,75","0,01K","0,77%"
"18.12.2018","788,70","780,70","789,40","779,30","0,01K","-4,45%"
"17.12.2018","825,40","830,45","830,45","794,95","0,01K","-4,74%"
"14.12.2018","866,50","862,60","866,50","854,15","0,01K","-3,17%"
"13.12.2018","894,85","916,75","916,75","894,85","0,00K","-2,90%"
"12.12.2018","921,60","885,20","921,60","885,20","0,01K","4,44%"
"11.12.2018","882,45","855,80","890,15","855,80","0,01K","7,79%"
"10.12.2018","818,70","826,10","826,10","818,70","0,01K","-5,35%"
"07.12.2018","865,00","896,75","912,00","865,00","0,01K","0,80%"
"06.12.2018","858,10","880,30","880,30","852,45","0,11K","-6,55%"
"05.12.2018","918,20","926,45","928,05","918,20","0,01K","-7,94%"
"04.12.2018","997,40","1.000,70","1.000,70","997,40","","3,93%"
"30.11.2018","959,65","959,65","959,65","959,65","","1,31%"
"29.11.2018","947,20","947,20","947,20","947,20","","5,62%"
"28.11.2018","896,80","896,80","896,80","896,80","","1,58%"
"27.11.2018","882,85","882,85","882,85","882,85","","4,11%"
"26.11.2018","848,00","856,50","856,50","848,00","0,01K","2,27%"
"23.11.2018","829,15","829,15","829,15","829,15","","2,63%"
"22.11.2018","807,90","807,90","807,90","807,90","","-4,71%"
"21.11.2018","847,80","847,80","847,80","847,80","","2,65%"
"20.11.2018","825,95","806,35","825,95","806,35","0,00K","-6,48%"
"19.11.2018","883,15","957,90","957,90","883,15","0,00K","-5,98%"
"16.11.2018","939,35","931,15","939,35","931,15","0,00K","0,89%"
"15.11.2018","931,10","939,00","939,00","927,95","0,01K","0,08%"
"14.11.2018","930,35","938,65","965,35","930,35","0,01K","-5,47%"
"13.11.2018","984,15","968,40","984,15","951,80","0,07K","3,17%"
"12.11.2018","953,95","953,95","953,95","953,95","","-7,64%"
"09.11.2018","1.032,90","1.068,60","1.068,60","1.032,90","0,03K","-5,02%"
"08.11.2018","1.087,50","1.089,10","1.089,10","1.087,50","0,01K","1,55%"
"07.11.2018","1.070,90","1.049,30","1.070,90","1.049,30","0,02K","7,18%"
"06.11.2018","999,20","999,20","999,20","999,20","0,00K","3,52%"
"05.11.2018","965,20","996,45","996,45","965,20","0,00K","-3,14%"
"02.11.2018","996,45","1.030,00","1.030,00","996,45","0,00K","-2,88%"
"01.11.2018","1.026,00","1.026,00","1.026,00","1.026,00","","1,46%"
"31.10.2018","1.011,20","1.011,20","1.011,20","1.011,20","","10,19%"
"30.10.2018","917,65","917,65","917,65","917,65","","-2,64%"
"29.10.2018","942,55","942,55","942,55","942,55","","-1,79%"
"26.10.2018","959,75","954,30","959,75","908,40","0,07K","-5,76%"
"25.10.2018","1.018,40","969,15","1.018,40","969,15","0,11K","-0,58%"
"24.10.2018","1.024,30","1.058,90","1.062,90","1.024,30","0,08K","-0,05%"
"23.10.2018","1.024,80","1.040,30","1.041,80","1.007,80","0,31K","-7,00%"
"22.10.2018","1.101,90","1.080,00","1.110,50","1.080,00","0,13K","0,46%"
"19.10.2018","1.096,80","1.116,90","1.116,90","1.096,80","0,15K","0,68%"
"18.10.2018","1.089,40","1.089,40","1.089,40","1.089,40","","-3,85%"
"17.10.2018","1.133,00","1.145,00","1.145,00","1.133,00","0,02K","1,57%"
"16.10.2018","1.115,50","1.115,50","1.115,50","1.115,50","","3,57%"
"15.10.2018","1.077,10","1.069,50","1.085,70","1.061,60","0,19K","-0,01%"
"12.10.2018","1.077,20","1.078,30","1.080,10","1.077,20","0,11K","5,28%"
"11.10.2018","1.023,20","1.037,30","1.037,30","1.017,80","0,05K","-9,10%"
"10.10.2018","1.125,60","1.120,60","1.125,60","1.120,60","0,00K","-8,85%"
"09.10.2018","1.234,90","1.205,40","1.234,90","1.205,40","0,02K","3,40%"
"08.10.2018","1.194,30","1.222,00","1.235,10","1.194,30","0,05K","-2,65%"
"05.10.2018","1.226,80","1.269,50","1.269,50","1.226,80","0,02K","-4,51%"
"04.10.2018","1.284,80","1.284,80","1.284,80","1.284,80","","-5,91%"
"02.10.2018","1.365,50","1.336,70","1.365,50","1.336,70","0,18K","-0,44%"
"01.10.2018","1.371,60","1.369,60","1.371,60","1.369,60","0,03K","2,34%"
"28.09.2018","1.340,30","1.328,40","1.340,30","1.328,40","0,03K","0,22%"
"27.09.2018","1.337,40","1.337,40","1.337,40","1.337,40","","1,84%"
"26.09.2018","1.313,20","1.300,80","1.313,20","1.300,80","0,05K","2,32%"
"25.09.2018","1.283,40","1.291,30","1.291,30","1.275,00","0,12K","0,96%"
"24.09.2018","1.271,20","1.271,20","1.271,20","1.271,20","","-1,72%"
"21.09.2018","1.293,50","1.306,20","1.306,20","1.293,50","0,15K","-0,05%"
"20.09.2018","1.294,10","1.266,20","1.294,10","1.266,20","0,05K","3,20%"
"19.09.2018","1.254,00","1.254,00","1.254,00","1.254,00","","-1,98%"
"18.09.2018","1.279,30","1.236,70","1.279,30","1.236,70","0,00K","2,16%"
"17.09.2018","1.252,20","1.285,30","1.285,30","1.252,20","0,00K","-3,84%"
"14.09.2018","1.302,20","1.311,10","1.311,10","1.302,20","0,30K","0,28%"
"13.09.2018","1.298,60","1.298,60","1.298,60","1.298,60","","2,58%"
"12.09.2018","1.266,00","1.254,90","1.266,00","1.252,80","0,06K","-0,08%"
"11.09.2018","1.267,00","1.248,00","1.267,00","1.243,50","0,20K","1,46%"
"10.09.2018","1.248,80","1.268,00","1.268,00","1.248,80","0,00K","-1,86%"
"07.09.2018","1.272,50","1.241,20","1.272,50","1.241,20","0,00K","1,89%"
"06.09.2018","1.248,90","1.282,70","1.282,70","1.248,90","0,20K","-2,26%"
"05.09.2018","1.277,80","1.336,60","1.336,60","1.277,80","0,34K","-5,61%"
"04.09.2018","1.353,70","1.368,60","1.368,60","1.353,70","0,00K","-1,25%"
"03.09.2018","1.370,80","1.370,80","1.370,80","1.370,80","","0,95%"
"31.08.2018","1.357,90","1.357,90","1.357,90","1.357,90","","0,24%"
"30.08.2018","1.354,60","1.354,60","1.354,60","1.354,60","","0,73%"
"29.08.2018","1.344,80","1.318,00","1.344,80","1.318,00","0,00K","3,44%"
"28.08.2018","1.300,10","1.300,10","1.300,10","1.300,10","","-0,01%"
"27.08.2018","1.300,20","1.290,00","1.300,20","1.290,00","0,01K","2,15%"
"24.08.2018","1.272,80","1.272,80","1.272,80","1.272,80","","2,33%"
"23.08.2018","1.243,80","1.246,00","1.246,00","1.243,80","0,00K","-0,02%"
"22.08.2018","1.244,00","1.244,00","1.244,00","1.244,00","","-0,48%"
"21.08.2018","1.250,00","1.250,00","1.250,00","1.250,00","","1,62%"
"20.08.2018","1.230,10","1.255,70","1.255,70","1.230,10","0,02K","0,32%"
"17.08.2018","1.226,20","1.226,20","1.226,20","1.226,20","","-2,91%"
"16.08.2018","1.262,90","1.262,90","1.262,90","1.262,90","","2,18%"
"15.08.2018","1.235,90","1.282,60","1.282,60","1.235,90","0,01K","-3,29%"
"14.08.2018","1.278,00","1.278,00","1.278,00","1.278,00","","1,14%"
"13.08.2018","1.263,60","1.250,00","1.263,60","1.250,00","0,00K","-0,37%"
"10.08.2018","1.268,30","1.268,30","1.268,30","1.268,30","","-0,87%"
"09.08.2018","1.279,40","1.269,00","1.279,40","1.269,00","0,06K","0,47%"
"08.08.2018","1.273,40","1.273,40","1.273,40","1.273,40","","1,24%"
"07.08.2018","1.257,80","1.257,80","1.257,80","1.257,80","","1,30%"
"06.08.2018","1.241,70","1.233,90","1.241,70","1.233,90","0,01K","1,82%"
"03.08.2018","1.219,50","1.219,50","1.219,50","1.219,50","","2,03%"
"02.08.2018","1.195,20","1.195,20","1.195,20","1.195,20","","3,11%"
"01.08.2018","1.159,10","1.159,10","1.159,10","1.159,10","0,05K","1,36%"
"31.07.2018","1.143,60","1.123,80","1.143,60","1.123,80","0,08K","1,24%"
"30.07.2018","1.129,60","1.129,60","1.129,60","1.129,60","","-7,23%"
"27.07.2018","1.217,60","1.252,00","1.252,00","1.214,60","0,03K","-1,67%"
"26.07.2018","1.238,30","1.222,70","1.241,50","1.222,70","0,08K","-0,74%"
"25.07.2018","1.247,50","1.247,50","1.247,50","1.247,50","","0,30%"
"24.07.2018","1.243,80","1.243,90","1.243,90","1.243,80","0,08K","3,21%"
"23.07.2018","1.205,10","1.205,10","1.205,10","1.205,10","","-1,50%"
"20.07.2018","1.223,50","1.223,50","1.223,50","1.223,50","","-0,32%"
"19.07.2018","1.227,40","1.217,10","1.227,40","1.217,10","0,00K","-0,43%"
"18.07.2018","1.232,70","1.232,70","1.232,70","1.232,70","","1,82%"
"17.07.2018","1.210,70","1.210,70","1.210,70","1.210,70","","-0,12%"
"16.07.2018","1.212,10","1.218,20","1.218,20","1.211,50","0,01K","-1,29%"
"13.07.2018","1.228,00","1.228,00","1.228,00","1.228,00","","2,71%"
"12.07.2018","1.195,60","1.167,70","1.195,60","1.167,70","0,15K","3,32%"
"11.07.2018","1.157,15","1.142,50","1.157,15","1.142,50","0,05K","-1,23%"
"10.07.2018","1.171,60","1.176,50","1.176,50","1.171,60","0,00K","1,71%"
"09.07.2018","1.151,95","1.151,95","1.151,95","1.151,95","","2,40%"
"06.07.2018","1.125,00","1.091,40","1.125,00","1.091,40","0,00K","4,56%"
"05.07.2018","1.075,95","1.060,00","1.075,95","1.060,00","0,01K","1,78%"
"04.07.2018","1.057,10","1.057,10","1.057,10","1.057,10","","-2,85%"
"03.07.2018","1.088,15","1.101,80","1.101,80","1.088,15","0,00K","2,07%"
"02.07.2018","1.066,05","1.066,05","1.066,05","1.066,05","","-1,91%"
"29.06.2018","1.086,85","1.091,50","1.091,50","1.086,85","0,00K","2,43%"
"28.06.2018","1.061,10","1.055,10","1.061,10","1.041,70","0,00K","-3,06%"
"27.06.2018","1.094,65","1.094,65","1.094,65","1.094,65","","1,09%"
"26.06.2018","1.082,80","1.081,60","1.082,80","1.081,60","0,00K","2,03%"
"25.06.2018","1.061,30","1.123,70","1.123,70","1.061,30","0,02K","-7,89%"
"22.06.2018","1.152,25","1.162,00","1.162,00","1.152,25","0,00K","-2,30%"
"21.06.2018","1.179,35","1.206,40","1.206,40","1.179,35","0,00K","-1,09%"
"20.06.2018","1.192,35","1.177,50","1.192,35","1.176,00","0,00K","4,05%"
"19.06.2018","1.145,90","1.134,90","1.145,90","1.134,90","0,05K","-2,31%"
"18.06.2018","1.173,05","1.173,05","1.173,05","1.173,05","","-0,04%"
"15.06.2018","1.173,50","1.173,50","1.173,50","1.173,50","","-1,14%"
"14.06.2018","1.187,00","1.144,30","1.187,00","1.144,30","0,03K","1,85%"
"13.06.2018","1.165,40","1.165,40","1.165,40","1.165,40","","2,97%"
"12.06.2018","1.131,80","1.131,80","1.131,80","1.131,80","","1,29%"
"11.06.2018","1.117,40","1.111,00","1.117,40","1.111,00","0,00K","1,15%"
"08.06.2018","1.104,70","1.103,00","1.104,70","1.083,10","0,08K","-0,62%"
"07.06.2018","1.111,60","1.143,50","1.143,50","1.105,50","0,01K","-1,81%"
"06.06.2018","1.132,10","1.132,10","1.132,10","1.132,10","","0,76%"
"05.06.2018","1.123,60","1.123,60","1.123,60","1.123,60","","1,53%"
"04.06.2018","1.106,70","1.103,90","1.106,70","1.097,00","0,04K","1,40%"
"01.06.2018","1.091,40","1.091,40","1.091,40","1.091,40","","3,84%"
"31.05.2018","1.051,00","1.048,10","1.051,00","1.048,10","0,00K","0,05%"
"30.05.2018","1.050,50","1.050,50","1.050,50","1.050,50","","0,95%"
"29.05.2018","1.040,60","1.031,20","1.040,60","1.031,20","0,01K","-1,46%"
"28.05.2018","1.056,00","1.056,00","1.056,00","1.056,00","","0,55%"
"25.05.2018","1.050,20","1.050,20","1.050,20","1.050,20","","3,48%"
"24.05.2018","1.014,90","1.034,30","1.034,30","1.014,90","0,01K","1,25%"
"23.05.2018","1.002,40","1.002,40","1.002,40","1.002,40","","-0,73%"
"22.05.2018","1.009,80","1.005,60","1.009,80","1.005,60","0,01K","0,77%"
"18.05.2018","1.002,10","1.002,10","1.002,10","1.002,10","","-1,87%"
"17.05.2018","1.021,20","1.021,20","1.021,20","1.021,20","","1,65%"
"16.05.2018","1.004,60","997,85","1.004,60","997,85","0,01K","2,01%"
"15.05.2018","984,80","1.014,70","1.014,70","984,80","0,05K","-4,31%"
"14.05.2018","1.029,20","1.029,20","1.029,20","1.029,20","","1,49%"
"11.05.2018","1.014,10","1.018,00","1.018,00","1.014,10","0,01K","0,05%"
"10.05.2018","1.013,60","1.013,60","1.013,60","1.013,60","","4,85%"
"09.05.2018","966,75","968,85","968,85","966,75","0,01K","0,66%"
"08.05.2018","960,40","950,60","960,40","950,60","0,09K","-0,66%"
"07.05.2018","966,80","966,80","966,80","966,80","","4,08%"
"04.05.2018","928,90","928,90","928,90","928,90","","9,13%"
"03.05.2018","851,15","851,15","851,15","851,15","","-5,39%"
"02.05.2018","899,60","907,75","907,75","899,60","0,01K","1,38%"
"30.04.2018","887,35","887,35","887,35","887,35","","0,25%"
"27.04.2018","885,10","916,40","927,05","885,10","0,21K","1,73%"
"26.04.2018","870,05","842,60","870,05","842,60","0,03K","5,78%"
"25.04.2018","822,50","822,50","822,50","822,50","","-3,16%"
"24.04.2018","849,30","849,30","849,30","849,30","","-5,34%"
"23.04.2018","897,20","877,15","897,20","874,80","0,05K","1,48%"
"20.04.2018","884,10","884,10","884,10","884,10","","-3,15%"
"19.04.2018","912,85","929,25","929,25","912,85","0,33K","-2,74%"
"18.04.2018","938,60","939,35","939,35","932,90","0,12K","1,38%"
"17.04.2018","925,85","905,60","925,85","900,40","0,23K","6,87%"
"16.04.2018","866,30","868,90","877,45","864,60","0,77K","-0,18%"
"13.04.2018","867,90","867,55","877,45","861,60","0,08K","-0,83%"
"12.04.2018","875,15","875,15","875,15","875,15","","3,15%"
"11.04.2018","848,45","848,45","848,45","848,45","","0,05%"
"10.04.2018","848,05","848,00","848,05","848,00","0,00K","0,93%"
"09.04.2018","840,20","816,35","840,20","813,75","0,13K","1,02%"
"06.04.2018","831,70","843,05","843,05","829,00","0,01K","-4,63%"
"05.04.2018","872,05","868,10","872,05","868,10","0,01K","8,97%"
"04.04.2018","800,30","761,85","800,30","761,85","0,05K","0,94%"
"03.04.2018","792,85","792,85","792,85","792,85","","-4,48%"
"29.03.2018","830,00","826,85","840,70","826,85","0,05K","3,04%"
"28.03.2018","805,50","809,35","812,35","805,15","0,01K","-12,11%"
"27.03.2018","916,50","939,65","941,15","915,15","0,04K","7,36%"
"26.03.2018","853,70","872,60","879,40","844,40","0,12K","-2,60%"
"23.03.2018","876,45","876,45","876,45","876,45","","-6,40%"
"22.03.2018","936,35","953,20","953,80","915,30","0,08K","-6,29%"
"21.03.2018","999,20","983,85","999,20","983,85","0,04K","0,50%"
"20.03.2018","994,25","982,00","994,25","982,00","0,01K","2,90%"
"19.03.2018","966,20","1.016,60","1.018,00","966,20","0,17K","-8,36%"
"16.03.2018","1.054,40","1.054,40","1.054,40","1.054,40","","-0,62%"
"15.03.2018","1.061,00","1.061,00","1.061,00","1.061,00","","0,29%"
"14.03.2018","1.057,90","1.060,10","1.060,10","1.050,70","0,04K","-1,51%"
"13.03.2018","1.074,10","1.105,00","1.106,60","1.074,10","0,10K","-2,81%"
"12.03.2018","1.105,20","1.103,30","1.110,50","1.103,30","0,08K","3,54%"
"09.03.2018","1.067,40","1.028,80","1.067,40","1.028,80","0,03K","4,25%"
"08.03.2018","1.023,90","1.023,90","1.023,90","1.023,90","","3,40%"
"07.03.2018","990,20","969,35","990,20","967,75","0,09K","0,45%"
"06.03.2018","985,75","985,75","985,75","985,75","","1,32%"
"05.03.2018","972,95","957,05","972,95","957,05","0,01K","5,65%"
"02.03.2018","920,95","938,20","938,20","920,95","0,01K","-6,65%"
"01.03.2018","986,55","1.006,80","1.006,80","986,55","0,02K","-2,78%"
"28.02.2018","1.014,80","1.018,20","1.018,20","1.014,80","0,02K","-1,05%"
"27.02.2018","1.025,60","1.025,60","1.025,60","1.025,60","","-0,17%"
"26.02.2018","1.027,30","1.010,70","1.027,30","1.009,70","0,04K","5,56%"
"23.02.2018","973,15","973,15","973,15","973,15","","1,06%"
"22.02.2018","962,95","962,95","962,95","962,95","","-2,31%"
"21.02.2018","985,75","985,75","985,75","985,75","","1,75%"
"20.02.2018","968,75","947,20","968,75","947,20","0,00K","2,77%"
"19.02.2018","942,65","942,65","942,65","942,65","","-1,58%"
"16.02.2018","957,75","957,75","957,75","957,75","","4,44%"
"15.02.2018","917,00","917,00","917,00","917,00","","4,51%"
"14.02.2018","877,45","877,45","877,45","877,45","","4,44%"
"13.02.2018","840,15","840,15","840,15","840,15","","-0,30%"
"12.02.2018","842,70","817,60","842,70","817,60","0,04K","7,47%"
"09.02.2018","784,15","784,15","784,15","784,15","","-7,10%"
"08.02.2018","844,05","844,05","844,05","844,05","","-8,69%"
"07.02.2018","924,35","901,30","924,35","899,20","0,04K","11,55%"
"06.02.2018","828,65","840,50","848,85","812,25","0,41K","-12,76%"
"05.02.2018","949,80","933,65","949,80","919,10","0,02K","-7,72%"
"01.02.2018","1.029,30","1.031,00","1.031,00","1.029,30","0,03K","-0,73%"
"31.01.2018","1.036,90","1.036,90","1.036,90","1.036,90","","0,23%"
"30.01.2018","1.034,50","1.029,90","1.034,50","1.018,70","0,02K","-2,84%"
"29.01.2018","1.064,70","1.066,60","1.066,60","1.057,30","1,17K","1,60%"
"26.01.2018","1.047,90","1.041,30","1.047,90","1.041,30","0,01K","1,73%"
"25.01.2018","1.030,10","1.030,10","1.030,10","1.030,10","","0,18%"
"24.01.2018","1.028,30","1.028,30","1.028,30","1.028,30","","-2,68%"
"23.01.2018","1.056,60","1.050,10","1.056,60","1.037,30","0,02K","3,86%"
"22.01.2018","1.017,30","1.017,30","1.017,30","1.017,30","","1,93%"
"19.01.2018","998,00","1.000,20","1.002,60","998,00","0,01K","0,66%"
"18.01.2018","991,45","991,45","991,45","991,45","","1,45%"
"17.01.2018","977,30","977,15","981,25","977,15","0,07K","-1,36%"
"16.01.2018","990,80","983,65","992,30","983,65","0,03K","1,64%"
"15.01.2018","974,85","978,25","978,25","973,35","0,44K","0,23%"
"12.01.2018","972,60","972,60","972,60","972,60","","2,09%"
"11.01.2018","952,65","952,65","952,65","952,65","","0,90%"
"10.01.2018","944,15","954,25","954,25","944,15","0,00K","-2,27%"
"09.01.2018","966,10","963,00","966,10","963,00","0,00K","0,79%"
"08.01.2018","958,55","947,95","958,55","947,95","0,02K","2,32%"
"05.01.2018","936,85","936,85","936,85","936,85","","2,49%"
"04.01.2018","914,05","916,00","916,00","914,05","0,00K","0,68%"
"03.01.2018","907,90","907,90","907,90","907,90","","3,69%"
"02.01.2018","875,55","844,25","875,55","844,25","0,01K","1,01%"
"29.12.2017","866,81","866,81","866,81","866,81","","0,44%"
"28.12.2017","863,03","864,84","865,03","860,74","0,82K","-0,41%"
"27.12.2017","866,61","871,75","871,75","866,61","0,11K","-1,65%"
"22.12.2017","881,17","883,57","883,57","881,17","0,00K","-1,10%"
"21.12.2017","890,97","877,43","890,97","877,43","0,00K","1,61%"
"20.12.2017","876,85","897,18","897,18","876,85","0,01K","-1,86%"
"19.12.2017","893,51","910,00","910,00","893,51","0,10K","-1,06%"
"18.12.2017","903,07","903,07","903,07","903,07","","2,81%"
"15.12.2017","878,38","878,38","878,38","878,38","","1,33%"
"14.12.2017","866,88","867,11","867,11","866,88","0,00K","0,11%"
"13.12.2017","865,89","867,14","867,14","865,89","0,00K","0,04%"
"12.12.2017","865,53","860,10","865,53","859,41","0,06K","2,13%"
"11.12.2017","847,45","841,66","847,45","841,66","0,00K","0,63%"
"08.12.2017","842,12","842,12","842,12","842,12","","1,40%"
"07.12.2017","830,52","829,02","830,52","829,02","0,03K","1,99%"
"06.12.2017","814,28","814,28","814,28","814,28","","-1,85%"
"05.12.2017","829,66","801,17","829,66","799,48","0,16K","1,71%"
"04.12.2017","815,74","845,00","845,00","815,74","0,01K","-2,24%"
"01.12.2017","834,46","826,12","834,46","826,12","0,00K","0,13%"
"30.11.2017","833,36","826,48","839,13","825,75","0,19K","1,91%"
"29.11.2017","817,75","824,14","826,66","817,75","0,02K","-5,67%"
"28.11.2017","866,86","866,86","866,86","866,86","","1,58%"
"27.11.2017","853,34","853,34","853,34","853,34","","-0,24%"
"24.11.2017","855,39","853,81","855,39","853,81","0,07K","0,53%"
"23.11.2017","850,92","855,43","855,43","850,92","0,00K","-0,39%"
"22.11.2017","854,24","854,24","854,24","854,24","","-0,35%"
"21.11.2017","857,25","830,93","858,26","830,93","0,06K","3,13%"
"20.11.2017","831,22","831,22","831,22","831,22","","-0,42%"
"17.11.2017","834,71","834,71","834,71","834,71","","-0,34%"
"16.11.2017","837,56","820,07","837,56","820,07","0,00K","3,12%"
"15.11.2017","812,20","803,28","812,20","803,28","0,00K","-1,24%"
"14.11.2017","822,38","829,70","829,70","822,38","0,05K","-1,87%"
"13.11.2017","838,06","837,03","838,06","834,79","0,01K","1,00%"
"10.11.2017","829,76","829,76","829,76","829,76","","-0,11%"
"09.11.2017","830,68","830,68","830,68","830,68","","-2,00%"
"08.11.2017","847,62","847,62","847,62","847,62","","0,44%"
"07.11.2017","843,90","846,88","846,88","838,89","0,04K","0,57%"
"06.11.2017","839,14","831,06","839,14","831,06","0,00K","1,97%"
"03.11.2017","822,92","814,91","822,92","814,91","0,00K","2,44%"
"02.11.2017","803,35","803,35","803,35","803,35","","-1,62%"
"01.11.2017","816,58","824,71","824,71","816,58","0,00K","1,72%"
"30.10.2017","802,74","800,57","802,74","800,57","0,03K","0,92%"
"27.10.2017","795,39","795,39","795,39","795,39","","7,81%"
"26.10.2017","737,77","737,90","737,90","737,77","0,08K","1,89%"
"25.10.2017","724,08","724,08","724,08","724,08","","-2,85%"
"24.10.2017","745,36","741,68","745,36","741,68","0,02K","-0,78%"
"23.10.2017","751,24","751,24","751,24","751,24","","-0,52%"
"20.10.2017","755,16","753,78","755,16","753,78","0,01K","1,98%"
"19.10.2017","740,50","740,50","740,50","740,50","","-2,27%"
"18.10.2017","757,69","757,69","757,69","757,69","","0,04%"
"17.10.2017","757,37","757,37","757,37","757,37","","0,61%"
"16.10.2017","752,75","751,67","752,88","751,67","0,04K","1,07%"
"13.10.2017","744,79","744,79","744,79","744,79","0,01K","0,35%"
"12.10.2017","742,19","739,47","742,19","739,47","0,00K","1,10%"
"11.10.2017","734,10","734,10","734,10","734,10","","0,09%"
"10.10.2017","733,42","733,42","733,42","733,42","","-1,34%"
"09.10.2017","743,36","744,15","744,15","743,36","0,03K","0,76%"
"06.10.2017","737,73","737,73","737,73","737,73","","1,01%"
"05.10.2017","730,36","717,42","730,36","717,42","0,00K","1,98%"
"04.10.2017","716,17","713,06","716,17","713,06","0,00K","0,55%"
"02.10.2017","712,23","716,08","717,19","712,23","0,06K","1,44%"
"29.09.2017","702,12","702,12","702,12","702,12","","1,81%"
"28.09.2017","689,66","689,66","689,66","689,66","","0,48%"
"27.09.2017","686,37","687,91","687,91","686,37","0,01K","2,73%"
"26.09.2017","668,16","670,84","670,84","668,16","0,08K","0,56%"
"25.09.2017","664,44","664,44","664,44","664,44","","-2,07%"
"22.09.2017","678,51","678,51","678,51","678,51","","-1,91%"
"21.09.2017","691,71","691,71","691,71","691,71","","-0,03%"
"20.09.2017","691,90","700,57","700,57","691,90","0,04K","-1,37%"
"19.09.2017","701,50","697,86","701,50","697,86","0,01K","-1,18%"
"18.09.2017","709,91","708,13","709,91","708,13","0,01K","0,67%"
"15.09.2017","705,18","695,57","708,57","695,57","0,16K","-0,37%"
"14.09.2017","707,79","707,79","707,79","707,79","","0,21%"
"13.09.2017","706,33","701,53","706,33","701,53","0,00K","0,82%"
"12.09.2017","700,60","700,60","700,60","700,60","","0,66%"
"11.09.2017","695,99","695,99","695,99","695,99","","2,13%"
"08.09.2017","681,50","681,50","681,50","681,50","","-1,68%"
"07.09.2017","693,17","693,17","693,17","693,17","","1,56%"
"06.09.2017","682,49","682,49","682,49","682,49","","-1,47%"
"05.09.2017","692,67","704,23","704,23","692,67","0,03K","-1,07%"
"04.09.2017","700,16","700,16","700,16","700,16","","-1,22%"
"01.09.2017","708,83","709,71","709,77","708,83","0,08K","1,12%"
"31.08.2017","700,97","700,97","700,97","700,97","","3,11%"
"30.08.2017","679,86","679,86","679,86","679,86","","4,74%"
"29.08.2017","649,12","649,12","649,12","649,12","","-1,41%"
"28.08.2017","658,41","658,41","658,41","658,41","","0,94%"
"25.08.2017","652,31","652,31","652,31","652,31","","-0,26%"
"24.08.2017","654,00","654,00","654,00","654,00","","-1,79%"
"23.08.2017","665,89","665,89","665,89","665,89","","-0,93%"
"22.08.2017","672,17","672,17","672,17","672,17","","4,61%"
"21.08.2017","642,54","642,54","642,54","642,54","","-2,33%"
"18.08.2017","657,89","649,59","657,89","649,59","0,01K","-2,69%"
"17.08.2017","676,10","676,10","676,10","676,10","","-3,50%"
"16.08.2017","700,61","700,61","700,61","700,61","","1,10%"
"15.08.2017","692,98","692,98","692,98","692,98","","1,00%"
"14.08.2017","686,10","686,10","686,10","686,10","","4,32%"
"11.08.2017","657,71","657,71","657,71","657,71","","-1,79%"
"10.08.2017","669,72","669,72","669,72","669,72","","-2,77%"
"09.08.2017","688,77","685,50","688,77","685,50","0,00K","-2,51%"
"08.08.2017","706,50","706,50","706,50","706,50","","1,59%"
"07.08.2017","695,43","695,43","695,43","695,43","","1,04%"
"04.08.2017","688,29","688,29","688,29","688,29","","1,28%"
"03.08.2017","679,60","679,60","679,60","679,60","","0,91%"
"02.08.2017","673,50","673,50","673,50","673,50","","-1,30%"
"01.08.2017","682,38","691,62","691,62","682,38","0,06K","-0,09%"
"31.07.2017","683,00","697,29","697,29","683,00","0,00K","-0,75%"
"28.07.2017","688,16","688,16","688,16","688,16","","-5,41%"
"27.07.2017","727,54","727,54","727,54","727,54","","2,36%"
"26.07.2017","710,77","710,77","710,77","710,77","","0,74%"
"25.07.2017","705,55","705,55","705,55","705,55","","0,48%"
"24.07.2017","702,15","702,15","702,15","702,15","","0,66%"
"21.07.2017","697,58","694,00","697,58","694,00","0,03K","-0,38%"
"20.07.2017","700,21","700,21","700,21","700,21","","-0,99%"
"19.07.2017","707,20","707,20","707,20","707,20","","2,92%"
"18.07.2017","687,16","687,16","687,16","687,16","","0,22%"
"17.07.2017","685,64","685,64","685,64","685,64","","1,29%"
"14.07.2017","676,92","676,92","676,92","676,92","","0,49%"
"13.07.2017","673,64","673,64","673,64","673,64","","1,65%"
"12.07.2017","662,68","662,68","662,68","662,68","","4,25%"
"11.07.2017","635,67","635,67","635,67","635,67","","-0,07%"
"10.07.2017","636,12","636,12","636,12","636,12","","1,38%"
"07.07.2017","627,48","627,48","627,48","627,48","","1,77%"
"06.07.2017","616,59","613,97","616,59","613,97","0,00K","-1,15%"
"05.07.2017","623,76","616,06","623,76","616,06","0,00K","3,71%"
"04.07.2017","601,47","601,47","601,47","601,47","","-2,90%"
"03.07.2017","619,41","619,41","619,41","619,41","","-1,35%"
"30.06.2017","627,86","627,86","627,86","627,86","","0,46%"
"29.06.2017","625,01","625,01","625,01","625,01","","-3,93%"
"28.06.2017","650,55","650,55","650,55","650,55","","-2,40%"
"27.06.2017","666,58","666,58","666,58","666,58","","-1,94%"
"26.06.2017","679,78","679,78","679,78","679,78","","-1,08%"
"23.06.2017","687,17","683,00","687,17","683,00","0,01K","-0,25%"
"22.06.2017","688,91","689,86","689,86","688,91","0,02K","1,16%"
"21.06.2017","681,04","668,00","681,04","664,01","0,01K","0,42%"
"20.06.2017","678,19","685,49","685,49","678,19","0,00K","-0,28%"
"19.06.2017","680,09","663,64","680,09","663,64","0,01K","4,70%"
"16.06.2017","649,57","649,57","649,57","649,57","","-0,15%"
"15.06.2017","650,52","650,52","650,52","650,52","","-3,63%"
"14.06.2017","675,02","675,90","675,90","673,34","0,04K","1,30%"
"13.06.2017","666,36","666,36","666,36","666,36","","0,80%"
"12.06.2017","661,05","651,17","661,05","651,17","0,00K","-8,63%"
"09.06.2017","723,47","723,47","723,47","723,47","","0,25%"
"08.06.2017","721,63","721,63","721,63","721,63","","0,70%"
"07.06.2017","716,62","714,10","716,62","713,25","0,02K","-0,54%"
"06.06.2017","720,49","722,63","723,76","720,49","0,01K","1,34%"
"02.06.2017","710,97","710,97","710,97","710,97","","2,57%"
"01.06.2017","693,13","693,13","693,13","693,13","","1,09%"
"31.05.2017","685,64","698,21","698,21","685,64","0,01K","-1,45%"
"30.05.2017","695,75","695,75","695,75","695,75","","0,05%"
"29.05.2017","695,41","694,72","695,41","694,72","0,01K","0,53%"
"26.05.2017","691,74","692,00","693,67","691,74","0,02K","0,89%"
"25.05.2017","685,63","685,63","685,63","685,63","","2,72%"
"24.05.2017","667,47","667,47","667,47","667,47","","0,98%"
"23.05.2017","661,02","661,02","661,02","661,02","","0,95%"
"22.05.2017","654,79","654,79","654,79","654,79","","1,09%"
"19.05.2017","647,71","647,71","647,71","647,71","","1,37%"
"18.05.2017","638,98","625,72","638,98","625,72","0,01K","-0,29%"
"17.05.2017","640,81","650,21","650,21","640,81","0,02K","-4,83%"
"16.05.2017","673,36","673,36","673,36","673,36","","-0,15%"
"15.05.2017","674,34","674,34","674,34","674,34","","0,34%"
"12.05.2017","672,03","672,03","672,03","672,03","","1,08%"
"11.05.2017","664,83","664,83","664,83","664,83","","-1,02%"
"10.05.2017","671,70","671,70","671,70","671,70","","-0,34%"
"09.05.2017","674,01","674,01","674,01","674,01","","2,45%"
"08.05.2017","657,91","657,91","657,91","657,91","","1,71%"
"05.05.2017","646,87","646,87","646,87","646,87","","-0,77%"
"04.05.2017","651,89","651,89","651,89","651,89","","0,25%"
"03.05.2017","650,29","650,29","650,29","650,29","","-1,16%"
"02.05.2017","657,92","657,92","657,92","657,92","","3,22%"
"28.04.2017","637,39","645,03","645,03","637,39","0,01K","0,36%"
"27.04.2017","635,12","635,12","635,12","635,12","","0,52%"
"26.04.2017","631,84","631,84","631,84","631,84","","1,40%"
"25.04.2017","623,13","623,13","623,13","623,13","","1,33%"
"24.04.2017","614,94","614,94","614,94","614,94","","1,46%"
"21.04.2017","606,07","606,07","606,07","606,07","","1,80%"
"20.04.2017","595,35","595,35","595,35","595,35","","-0,81%"
"19.04.2017","600,22","600,22","600,22","600,22","","2,40%"
"18.04.2017","586,17","586,17","586,17","586,17","","-1,24%"
"13.04.2017","593,50","593,50","593,50","593,50","","0,91%"
"12.04.2017","588,17","588,17","588,17","588,17","","-0,08%"
"11.04.2017","588,65","603,50","603,50","588,65","0,00K","-2,59%"
"10.04.2017","604,32","604,32","604,32","604,32","","0,12%"
"07.04.2017","603,57","603,57","603,57","603,57","","-0,34%"
"06.04.2017","605,63","605,63","605,63","605,63","","-1,82%"
"05.04.2017","616,85","616,85","616,85","616,85","","2,06%"
"04.04.2017","604,40","602,63","604,40","602,63","0,00K","0,43%"
"03.04.2017","601,84","601,84","601,84","601,84","","-1,04%"
"31.03.2017","608,19","608,19","608,19","608,19","","0,72%"
"30.03.2017","603,87","603,87","603,87","603,87","","1,47%"
"29.03.2017","595,14","595,14","595,14","595,14","","2,81%"
"28.03.2017","578,86","578,86","578,86","578,86","","1,36%"
"27.03.2017","571,08","571,08","571,08","571,08","","-1,74%"
"24.03.2017","581,18","581,18","581,18","581,18","","0,32%"
"23.03.2017","579,31","579,31","579,31","579,31","","1,08%"
"22.03.2017","573,13","573,13","573,13","573,13","","-0,35%"
"21.03.2017","575,17","575,17","575,17","575,17","","-3,57%"
"20.03.2017","596,49","596,49","596,49","596,49","","0,03%"
"17.03.2017","596,31","596,31","596,31","596,31","","0,12%"
"16.03.2017","595,58","595,58","595,58","595,58","","0,30%"
"15.03.2017","593,81","593,81","593,81","593,81","","1,08%"
"14.03.2017","587,49","587,49","587,49","587,49","","-0,46%"
"13.03.2017","590,19","590,19","590,19","590,19","","0,01%"
"10.03.2017","590,14","590,14","590,14","590,14","","0,24%"
"09.03.2017","588,73","588,73","588,73","588,73","","-0,33%"
"08.03.2017","590,67","590,67","590,67","590,67","","0,98%"
"07.03.2017","584,93","584,93","584,93","584,93","","0,60%"
"06.03.2017","581,44","581,44","581,44","581,44","","-1,01%"
"03.03.2017","587,35","587,35","587,35","587,35","","-0,89%"
"02.03.2017","592,64","592,64","592,64","592,64","","-0,49%"
"01.03.2017","595,53","595,53","595,53","595,53","","2,71%"
"28.02.2017","579,80","580,45","580,45","579,80","0,02K","0,27%"
"27.02.2017","578,25","580,03","580,03","578,25","0,20K","0,98%"
"24.02.2017","572,62","572,62","572,62","572,62","","-0,57%"
"23.02.2017","575,91","575,91","575,91","575,91","","-1,75%"
"22.02.2017","586,14","587,68","587,68","586,14","0,00K","0,49%"
"21.02.2017","583,30","583,30","583,30","583,30","","0,76%"
"20.02.2017","578,92","578,92","578,92","578,92","","2,05%"
"17.02.2017","567,29","567,29","567,29","567,29","","0,87%"
"16.02.2017","562,38","562,38","562,38","562,38","","-0,30%"
"15.02.2017","564,06","563,72","564,06","563,72","0,04K","1,77%"
"14.02.2017","554,26","553,38","554,26","553,38","0,00K","0,49%"
"13.02.2017","551,56","551,56","551,56","551,56","","2,25%"
"10.02.2017","539,43","539,43","539,43","539,43","","0,28%"
"09.02.2017","537,91","537,91","537,91","537,91","","1,98%"
"08.02.2017","527,49","527,49","527,49","527,49","","0,20%"
"07.02.2017","526,45","526,45","526,45","526,45","","1,65%"
"06.02.2017","517,90","517,90","517,90","517,90","","1,26%"
"03.02.2017","511,48","511,48","511,48","511,48","","0,01%"
"02.02.2017","511,41","511,41","511,41","511,41","","0,86%"
"01.02.2017","507,05","507,05","507,05","507,05","","3,12%"
"31.01.2017","491,72","491,72","491,72","491,72","","-2,43%"
"30.01.2017","503,97","503,97","503,97","503,97","","-3,03%"
"27.01.2017","519,72","519,72","519,72","519,72","","0,05%"
"26.01.2017","519,48","519,48","519,48","519,48","","2,20%"
"25.01.2017","508,31","508,31","508,31","508,31","","3,53%"
"24.01.2017","490,96","490,96","490,96","490,96","","1,47%"
"23.01.2017","483,86","483,86","483,86","483,86","","-1,72%"
"20.01.2017","492,35","492,35","492,35","492,35","","0,06%"
"19.01.2017","492,06","492,06","492,06","492,06","","1,32%"
"18.01.2017","485,66","485,66","485,66","485,66","","0,16%"
"17.01.2017","484,86","484,86","484,86","484,86","","-1,57%"
"16.01.2017","492,61","492,61","492,61","492,61","","-0,23%"
"13.01.2017","493,73","493,73","493,73","493,73","","3,84%"
"12.01.2017","475,48","475,48","475,48","475,48","","-2,26%"
"11.01.2017","486,46","486,46","486,46","486,46","","-0,72%"
"10.01.2017","489,99","489,99","489,99","489,99","","1,19%"
"09.01.2017","484,21","484,21","484,21","484,21","","1,46%"
"06.01.2017","477,25","477,25","477,25","477,25","","3,19%"
"05.01.2017","462,48","462,48","462,48","462,48","","-0,32%"
"04.01.2017","463,96","463,96","463,96","463,96","","1,44%"
"03.01.2017","457,38","455,00","459,52","455,00","0,38K","-0,19%"
"02.01.2017","458,23","458,23","458,23","458,23","","-0,69%"
"30.12.2016","461,42","460,08","461,42","460,08","0,03K","0,72%"
"29.12.2016","458,11","460,21","461,00","458,11","0,04K","-3,08%"
"28.12.2016","472,67","472,67","472,67","472,67","","-1,32%"
"27.12.2016","478,99","478,99","478,99","478,99","","3,24%"
"23.12.2016","463,94","463,94","463,94","463,94","","-0,15%"
"22.12.2016","464,62","464,62","464,62","464,62","","-1,24%"
"21.12.2016","470,45","470,45","470,45","470,45","","-0,82%"
"20.12.2016","474,34","474,34","474,34","474,34","","0,67%"
"19.12.2016","471,16","471,16","471,16","471,16","","1,85%"
"16.12.2016","462,61","462,61","462,61","462,61","","-2,47%"
"15.12.2016","474,32","465,63","474,32","464,25","0,09K","3,52%"
"14.12.2016","458,18","458,18","458,18","458,18","","-0,98%"
"13.12.2016","462,70","462,70","462,70","462,70","","4,61%"
"12.12.2016","442,30","442,30","442,30","442,30","","-1,89%"
"09.12.2016","450,83","450,83","450,83","450,83","","2,68%"
"08.12.2016","439,07","439,07","439,07","439,07","","6,09%"
"07.12.2016","413,85","413,85","413,85","413,85","","0,44%"
"06.12.2016","412,04","414,52","414,52","412,04","0,15K","-0,41%"
"05.12.2016","413,75","414,45","414,45","413,75","0,15K","1,20%"
"02.12.2016","408,84","408,84","408,84","408,84","","-0,46%"
"01.12.2016","410,74","410,74","410,74","410,74","","-6,17%"
"30.11.2016","437,74","437,74","437,74","437,74","","-2,39%"
"29.11.2016","448,48","448,48","448,48","448,48","","0,84%"
"28.11.2016","444,75","444,75","444,75","444,75","","0,44%"
"25.11.2016","442,80","442,80","442,80","442,80","","0,16%"
"24.11.2016","442,09","442,09","442,09","442,09","","1,61%"
"23.11.2016","435,08","440,12","440,40","435,08","0,35K","-1,44%"
"22.11.2016","441,45","441,45","441,45","441,45","","0,92%"
"21.11.2016","437,41","437,41","437,41","437,41","","2,29%"
"18.11.2016","427,61","427,61","427,61","427,61","","0,45%"
"17.11.2016","425,69","418,85","425,69","418,85","0,20K","1,13%"
"16.11.2016","420,93","420,93","420,93","420,93","","2,86%"
"15.11.2016","409,23","392,87","409,23","392,87","1,03K","3,96%"
"14.11.2016","393,63","393,63","393,63","393,63","","-1,13%"
"11.11.2016","398,12","398,12","398,12","398,12","","0,39%"
"10.11.2016","396,58","396,58","396,58","396,58","","-5,34%"
"09.11.2016","418,93","406,05","418,93","406,05","0,20K","2,88%"
"08.11.2016","407,21","407,21","407,21","407,21","","1,44%"
"07.11.2016","401,41","401,41","401,41","401,41","","5,88%"
"04.11.2016","379,11","379,11","379,11","379,11","","-0,49%"
"03.11.2016","380,96","388,10","388,12","380,96","0,24K","-3,05%"
"02.11.2016","392,94","392,94","392,94","392,94","","-1,69%"
"01.11.2016","399,70","399,70","399,70","399,70","","-4,14%"
"31.10.2016","416,95","416,95","416,95","416,95","","-1,58%"
"28.10.2016","423,63","423,63","423,63","423,63","","-1,02%"
"27.10.2016","427,98","427,98","427,98","427,98","","-1,47%"
"26.10.2016","434,35","434,35","434,35","434,35","","-1,65%"
"25.10.2016","441,65","441,65","441,65","441,65","","-0,07%"
"24.10.2016","441,94","441,94","441,94","441,94","","3,24%"
"21.10.2016","428,06","428,06","428,06","428,06","","2,14%"
"20.10.2016","419,08","419,08","419,08","419,08","","-0,76%"
"19.10.2016","422,31","422,31","422,31","422,31","","-0,48%"
"18.10.2016","424,36","424,36","424,36","424,36","","2,88%"
"17.10.2016","412,47","412,47","412,47","412,47","","-1,14%"
"14.10.2016","417,24","417,24","417,24","417,24","","2,53%"
"13.10.2016","406,93","406,93","406,93","406,93","","-2,61%"
"12.10.2016","417,82","417,82","417,82","417,82","","-0,44%"
"11.10.2016","419,68","419,68","419,68","419,68","","-2,95%"
"10.10.2016","432,45","432,45","432,45","432,45","","2,52%"
"07.10.2016","421,81","421,81","421,81","421,81","","-0,08%"
"06.10.2016","422,13","422,13","422,13","422,13","","-1,04%"
"05.10.2016","426,58","426,58","426,58","426,58","","0,01%"
"04.10.2016","426,52","427,05","427,05","426,52","0,50K","0,70%"
"30.09.2016","423,55","423,55","423,55","423,55","","1,65%"
"29.09.2016","416,69","416,69","416,69","416,69","","-0,54%"
"28.09.2016","418,94","418,94","418,94","418,94","","0,10%"
"27.09.2016","418,51","418,51","418,51","418,51","","2,76%"
"26.09.2016","407,28","407,28","407,28","407,28","","-4,25%"
"23.09.2016","425,37","425,37","425,37","425,37","","-0,25%"
"22.09.2016","426,44","426,44","426,44","426,44","","3,98%"
"21.09.2016","410,10","410,10","410,10","410,10","","0,35%"
"20.09.2016","408,67","408,67","408,67","408,67","","-0,98%"
"19.09.2016","412,71","412,71","412,71","412,71","","1,13%"
"16.09.2016","408,11","408,11","408,11","408,11","","0,20%"
"15.09.2016","407,28","407,28","407,28","407,28","","3,47%"
"14.09.2016","393,63","393,63","393,63","393,63","","2,85%"
"13.09.2016","382,73","382,73","382,73","382,73","","-1,07%"
"12.09.2016","386,86","367,91","386,86","367,91","0,00K","-1,75%"
"09.09.2016","393,75","393,75","393,75","393,75","","-3,35%"
"08.09.2016","407,38","407,38","407,38","407,38","","-1,31%"
"07.09.2016","412,77","412,77","412,77","412,77","","0,75%"
"06.09.2016","409,70","408,59","409,70","408,59","0,03K","0,74%"
"05.09.2016","406,70","406,70","406,70","406,70","","-0,74%"
"02.09.2016","409,73","409,73","409,73","409,73","","2,63%"
"01.09.2016","399,23","399,23","399,23","399,23","","-0,57%"
"31.08.2016","401,51","401,51","401,51","401,51","","-0,30%"
"30.08.2016","402,70","402,70","402,70","402,70","","-1,15%"
"29.08.2016","407,37","407,37","407,37","407,37","","-0,22%"
"26.08.2016","408,26","408,26","408,26","408,26","","1,41%"
"25.08.2016","402,59","402,59","402,59","402,59","","-1,52%"
"24.08.2016","408,80","408,80","408,80","408,80","","-0,52%"
"23.08.2016","410,93","410,93","410,93","410,93","","2,04%"
"22.08.2016","402,72","402,72","402,72","402,72","","-1,16%"
"19.08.2016","407,45","407,45","407,45","407,45","","0,28%"
"18.08.2016","406,30","406,30","406,30","406,30","","1,75%"
"17.08.2016","399,32","399,32","399,32","399,32","","-1,83%"
"16.08.2016","406,78","408,52","408,52","406,78","0,01K","-2,60%"
"15.08.2016","417,65","417,65","417,65","417,65","","1,98%"
"12.08.2016","409,53","409,53","409,53","409,53","","-0,48%"
"11.08.2016","411,49","411,49","411,49","411,49","","2,25%"
"10.08.2016","402,42","402,42","402,42","402,42","","-2,57%"
"09.08.2016","413,03","409,52","413,03","409,52","0,01K","1,36%"
"08.08.2016","407,50","407,50","407,50","407,50","","-1,25%"
"05.08.2016","412,64","412,64","412,64","412,64","","4,18%"
"04.08.2016","396,09","396,09","396,09","396,09","","2,10%"
"03.08.2016","387,96","387,96","387,96","387,96","","1,23%"
"02.08.2016","383,25","383,25","383,25","383,25","","-4,11%"
"01.08.2016","399,69","399,69","399,69","399,69","","1,55%"
"29.07.2016","393,59","393,59","393,59","393,59","","1,40%"
"28.07.2016","388,16","388,16","388,16","388,16","","-0,68%"
"27.07.2016","390,83","390,83","390,83","390,83","","2,64%"
"26.07.2016","380,78","380,78","380,78","380,78","","-0,15%"
"25.07.2016","381,36","381,36","381,36","381,36","","-0,05%"
"22.07.2016","381,56","381,56","381,56","381,56","","0,44%"
"21.07.2016","379,87","379,87","379,87","379,87","","0,06%"
"20.07.2016","379,66","379,66","379,66","379,66","","3,12%"
"19.07.2016","368,19","368,19","368,19","368,19","","-0,22%"
"18.07.2016","369,01","369,01","369,01","369,01","","1,96%"
"15.07.2016","361,92","361,92","361,92","361,92","","0,20%"
"14.07.2016","361,19","361,19","361,19","361,19","","1,38%"
"13.07.2016","356,27","356,27","356,27","356,27","","-1,25%"
"12.07.2016","360,77","359,07","360,77","359,07","0,01K","1,15%"
"11.07.2016","356,67","356,67","356,67","356,67","","3,25%"
"08.07.2016","345,44","345,44","345,44","345,44","","4,38%"
"07.07.2016","330,93","330,93","330,93","330,93","","1,97%"
"06.07.2016","324,53","324,53","324,53","324,53","","1,63%"
"05.07.2016","319,34","319,34","319,34","319,34","","-1,92%"
"04.07.2016","325,60","325,60","325,60","325,60","","-0,31%"
"01.07.2016","326,61","326,61","326,61","326,61","","2,91%"
"30.06.2016","317,38","317,38","317,38","317,38","","2,81%"
"29.06.2016","308,70","308,70","308,70","308,70","","6,69%"
"28.06.2016","289,33","289,33","289,33","289,33","","3,45%"
"27.06.2016","279,67","279,67","279,67","279,67","","-8,39%"
"24.06.2016","305,28","305,28","305,28","305,28","","-6,02%"
"23.06.2016","324,83","324,83","324,83","324,83","","0,56%"
"22.06.2016","323,01","323,01","323,01","323,01","","1,69%"
"21.06.2016","317,64","317,64","317,64","317,64","","-2,14%"
"20.06.2016","324,59","318,94","324,59","318,94","0,08K","4,64%"
"17.06.2016","310,20","310,17","310,29","310,17","0,15K","-1,85%"
"16.06.2016","316,05","316,05","316,05","316,05","","-2,00%"
"15.06.2016","322,51","322,51","322,51","322,51","","1,08%"
"14.06.2016","319,05","319,05","319,05","319,05","","-2,10%"
"13.06.2016","325,89","325,89","325,89","325,89","","-2,25%"
"10.06.2016","333,38","333,38","333,38","333,38","","-1,90%"
"09.06.2016","339,84","339,84","339,84","339,84","","-0,11%"
"08.06.2016","340,20","340,20","340,20","340,20","","-0,89%"
"07.06.2016","343,24","343,24","343,24","343,24","","0,22%"
"06.06.2016","342,50","342,50","342,50","342,50","","1,45%"
"03.06.2016","337,59","337,59","337,59","337,59","","-2,24%"
"02.06.2016","345,34","345,34","345,34","345,34","","-0,34%"
"01.06.2016","346,52","346,52","346,52","346,52","","-0,36%"
"31.05.2016","347,78","347,78","347,78","347,78","","-0,34%"
"30.05.2016","348,95","348,95","348,95","348,95","","0,77%"
"27.05.2016","346,27","346,27","346,27","346,27","","2,09%"
"26.05.2016","339,19","339,19","339,19","339,19","","0,65%"
"25.05.2016","337,00","337,00","337,00","337,00","","2,73%"
"24.05.2016","328,06","328,06","328,06","328,06","","4,77%"
"23.05.2016","313,13","313,13","313,13","313,13","","-0,69%"
"20.05.2016","315,30","315,30","315,30","315,30","","6,42%"
"19.05.2016","296,28","296,28","296,28","296,28","","-3,48%"
"18.05.2016","306,95","306,95","306,95","306,95","","-0,44%"
"17.05.2016","308,30","308,30","308,30","308,30","","-0,10%"
"13.05.2016","308,61","308,61","308,61","308,61","","3,18%"
"12.05.2016","299,11","299,11","299,11","299,11","","-4,17%"
"11.05.2016","312,12","312,12","312,12","312,12","","0,26%"
"10.05.2016","311,30","311,30","311,30","311,30","","2,88%"
"09.05.2016","302,59","302,59","302,59","302,59","","3,68%"
"06.05.2016","291,85","291,85","291,85","291,85","","-2,56%"
"05.05.2016","299,51","299,51","299,51","299,51","","2,00%"
"04.05.2016","293,63","297,80","297,80","293,63","0,00K","-1,27%"
"03.05.2016","297,42","297,42","297,42","297,42","","-0,95%"
"02.05.2016","300,27","300,27","300,27","300,27","","1,82%"
"29.04.2016","294,89","294,89","294,89","294,89","","-9,89%"
"28.04.2016","327,27","327,27","327,27","327,27","","-0,64%"
"26.04.2016","329,39","329,39","329,39","329,39","","-0,67%"
"25.04.2016","331,62","331,62","331,62","331,62","","0,16%"
"22.04.2016","331,09","331,09","331,09","331,09","","-5,78%"
"21.04.2016","351,40","351,40","351,40","351,40","","-0,42%"
"20.04.2016","352,88","352,88","352,88","352,88","","1,21%"
"19.04.2016","348,65","348,65","348,65","348,65","","-0,80%"
"18.04.2016","351,47","351,47","351,47","351,47","","-0,51%"
"15.04.2016","353,27","353,27","353,27","353,27","","-0,39%"
"14.04.2016","354,66","354,66","354,66","354,66","","0,64%"
"13.04.2016","352,40","352,40","352,40","352,40","","5,61%"
"12.04.2016","333,69","333,69","333,69","333,69","","0,17%"
"11.04.2016","333,11","333,11","333,11","333,11","","0,00%"
"08.04.2016","333,12","333,12","333,12","333,12","","-1,16%"
"07.04.2016","337,02","337,02","337,02","337,02","","-1,17%"
"06.04.2016","341,02","341,02","341,02","341,02","","1,97%"
"05.04.2016","334,42","334,42","334,42","334,42","","-2,34%"
"04.04.2016","342,45","342,45","342,45","342,45","","-0,04%"
"01.04.2016","342,60","342,60","342,60","342,60","","1,46%"
"31.03.2016","337,67","337,67","337,67","337,67","","0,00%"
"30.03.2016","337,67","337,67","337,67","337,67","","3,60%"
"29.03.2016","325,95","319,97","325,95","319,97","0,04K","1,85%"
"24.03.2016","320,02","320,02","320,02","320,02","","-1,99%"
"23.03.2016","326,53","326,53","326,53","326,53","","-1,07%"
"22.03.2016","330,07","329,14","330,07","329,14","0,28K","1,70%"
"21.03.2016","324,54","324,54","324,54","324,54","","0,62%"
"18.03.2016","322,53","322,53","322,53","322,53","","0,52%"
"17.03.2016","320,85","320,85","320,85","320,85","","-0,16%"
"16.03.2016","321,36","321,36","321,36","321,36","","1,66%"
"15.03.2016","316,10","316,10","316,10","316,10","","-0,99%"
"14.03.2016","319,27","319,27","319,27","319,27","","2,87%"
"11.03.2016","310,36","310,36","310,36","310,36","","5,69%"
"10.03.2016","293,64","293,64","293,64","293,64","","-3,14%"
"09.03.2016","303,15","303,15","303,15","303,15","","0,25%"
"08.03.2016","302,40","302,40","302,40","302,40","","-4,00%"
"04.03.2016","314,99","314,99","314,99","314,99","","2,16%"
"03.03.2016","308,34","308,34","308,34","308,34","","-2,04%"
"02.03.2016","314,75","314,75","314,75","314,75","","1,59%"
"01.03.2016","309,81","309,81","309,81","309,81","","2,29%"
"29.02.2016","302,86","302,86","302,86","302,86","","2,03%"
"26.02.2016","296,83","296,83","296,83","296,83","","3,81%"
"25.02.2016","285,93","285,93","285,93","285,93","","6,95%"
"24.02.2016","267,35","267,35","267,35","267,35","","-5,12%"
"23.02.2016","281,78","281,78","281,78","281,78","","-3,57%"
"22.02.2016","292,22","292,22","292,22","292,22","","4,84%"
"19.02.2016","278,74","278,74","278,74","278,74","","-0,38%"
"18.02.2016","279,81","279,81","279,81","279,81","","-0,13%"
"17.02.2016","280,17","280,17","280,17","280,17","","8,14%"
"16.02.2016","259,07","259,07","259,07","259,07","","-0,69%"
"15.02.2016","260,88","260,88","260,88","260,88","","5,27%"
"12.02.2016","247,82","247,82","247,82","247,82","","-3,21%"
"05.02.2016","256,04","256,04","256,04","256,04","","-7,60%"
"04.02.2016","277,11","277,11","277,11","277,11","","1,07%"
"03.02.2016","274,17","274,17","274,17","274,17","","-9,85%"
"02.02.2016","304,14","304,14","304,14","304,14","","-1,83%"
"01.02.2016","309,80","309,80","309,80","309,80","","2,63%"
"29.01.2016","301,85","295,31","301,85","295,31","0,00K","2,53%"
"27.01.2016","294,41","294,41","294,41","294,41","","-1,68%"
"26.01.2016","299,45","299,45","299,45","299,45","","-1,89%"
"25.01.2016","305,22","305,22","305,22","305,22","","0,73%"
"22.01.2016","303,02","303,02","303,02","303,02","","4,75%"
"21.01.2016","289,29","289,29","289,29","289,29","","9,52%"
"20.01.2016","264,15","264,15","264,15","264,15","","-7,98%"
"19.01.2016","287,06","287,06","287,06","287,06","","1,15%"
"18.01.2016","283,80","283,80","283,80","283,80","","0,94%"
"15.01.2016","281,15","281,15","281,15","281,15","","-13,94%"
"13.01.2016","326,68","334,70","334,70","326,68","0,03K","1,11%"
"12.01.2016","323,09","323,09","323,09","323,09","","4,24%"
"11.01.2016","309,95","309,95","309,95","309,95","","-2,20%"
"08.01.2016","316,92","316,92","316,92","316,92","","-6,89%"
"07.01.2016","340,37","332,77","340,37","332,77","0,24K","-6,30%"
"06.01.2016","363,25","363,25","363,25","363,25","","-2,78%"
"05.01.2016","373,63","373,63","373,63","373,63","","3,85%"
"04.01.2016","359,78","359,78","359,78","359,78","","-13,56%"
"30.12.2015","416,22","418,20","418,20","416,22","0,03K","-0,03%"
"29.12.2015","416,36","416,36","416,36","416,36","","7,23%"
"28.12.2015","388,28","388,28","388,28","388,28","","-2,33%"
"23.12.2015","397,55","397,55","397,55","397,55","","3,53%"
"22.12.2015","383,98","383,98","383,98","383,98","","2,55%"
"21.12.2015","374,43","374,43","374,43","374,43","","-3,36%"
"18.12.2015","387,46","391,50","391,50","387,46","0,20K","-4,32%"
"17.12.2015","404,94","404,94","404,94","404,94","","2,56%"
"16.12.2015","394,84","394,84","394,84","394,84","","-0,88%"
"15.12.2015","398,36","398,36","398,36","398,36","","9,80%"
"14.12.2015","362,80","362,80","362,80","362,80","","-5,27%"
"11.12.2015","383,00","383,00","383,00","383,00","","-5,58%"
"10.12.2015","405,62","405,62","405,62","405,62","","-1,14%"
"09.12.2015","410,31","410,31","410,31","410,31","","-2,33%"
"08.12.2015","420,10","420,10","420,10","420,10","","0,03%"
"07.12.2015","419,96","419,96","419,96","419,96","","0,45%"
"04.12.2015","418,09","418,09","418,09","418,09","","0,35%"
"03.12.2015","416,64","416,64","416,64","416,64","","-6,23%"
"02.12.2015","444,31","444,31","444,31","444,31","","2,26%"
"01.12.2015","434,51","434,51","434,51","434,51","","1,40%"
"30.11.2015","428,49","428,49","428,49","428,49","","-1,20%"
"27.11.2015","433,71","433,71","433,71","433,71","","-0,49%"
"26.11.2015","435,84","435,84","435,84","435,84","","1,65%"
"25.11.2015","428,76","428,76","428,76","428,76","","1,56%"
"24.11.2015","422,19","422,19","422,19","422,19","","-2,71%"
"23.11.2015","433,93","433,93","433,93","433,93","","0,81%"
"20.11.2015","430,46","430,46","430,46","430,46","","2,43%"
"19.11.2015","420,25","420,25","420,25","420,25","","2,26%"
"18.11.2015","410,98","410,98","410,98","410,98","","1,04%"
"17.11.2015","406,74","406,74","406,74","406,74","","7,46%"
"16.11.2015","378,52","378,52","378,52","378,52","","-2,53%"
"13.11.2015","388,36","388,36","388,36","388,36","","-5,22%"
"12.11.2015","409,74","409,74","409,74","409,74","","-1,97%"
"11.11.2015","417,99","417,99","417,99","417,99","","0,67%"
"10.11.2015","415,20","415,20","415,20","415,20","","0,57%"
"09.11.2015","412,86","412,86","412,86","412,86","","-4,10%"
"06.11.2015","430,53","430,53","430,53","430,53","","1,41%"
"05.11.2015","424,53","424,53","424,53","424,53","","-0,72%"
"04.11.2015","427,61","427,61","427,61","427,61","","0,50%"
"03.11.2015","425,48","423,55","425,48","423,55","0,01K","2,36%"
"02.11.2015","415,65","415,65","415,65","415,65","","0,71%"
"30.10.2015","412,73","414,66","414,66","412,73","0,01K","-0,48%"
"29.10.2015","414,74","414,74","414,74","414,74","","2,00%"
"28.10.2015","406,60","408,14","408,14","406,60","0,05K","1,69%"
"27.10.2015","399,86","399,86","399,86","399,86","","-0,13%"
"26.10.2015","400,39","400,39","400,39","400,39","","0,88%"
"23.10.2015","396,91","385,39","396,91","385,39","0,03K","10,10%"
"22.10.2015","360,50","360,50","360,50","360,50","","3,12%"
"21.10.2015","349,59","349,59","349,59","349,59","","0,77%"
"20.10.2015","346,91","346,91","346,91","346,91","","-0,96%"
"19.10.2015","350,29","350,29","350,29","350,29","","2,17%"
"16.10.2015","342,86","342,86","342,86","342,86","","4,03%"
"15.10.2015","329,59","329,59","329,59","329,59","","3,15%"
"14.10.2015","319,54","319,54","319,54","319,54","","-3,98%"
"13.10.2015","332,80","332,80","332,80","332,80","","0,25%"
"12.10.2015","331,97","331,97","331,97","331,97","","1,11%"
"09.10.2015","328,34","328,34","328,34","328,34","","4,07%"
"08.10.2015","315,49","315,49","315,49","315,49","","0,12%"
"07.10.2015","315,11","315,11","315,11","315,11","","-0,13%"
"06.10.2015","315,53","315,53","315,53","315,53","","-1,32%"
"05.10.2015","319,75","319,75","319,75","319,75","","9,71%"
"02.10.2015","291,45","291,45","291,45","291,45","","1,26%"
"01.10.2015","287,82","287,82","287,82","287,82","","-1,05%"
"30.09.2015","290,88","285,03","290,88","285,03","0,00K","4,01%"
"29.09.2015","279,67","279,67","279,67","279,67","","-2,20%"
"28.09.2015","285,97","285,97","285,97","285,97","","-10,13%"
"25.09.2015","318,21","318,21","318,21","318,21","","6,72%"
"24.09.2015","298,16","298,16","298,16","298,16","","-5,52%"
"23.09.2015","315,59","315,59","315,59","315,59","","1,58%"
"22.09.2015","310,68","310,68","310,68","310,68","","-6,62%"
"21.09.2015","332,69","332,69","332,69","332,69","","1,23%"
"18.09.2015","328,66","328,66","328,66","328,66","","-2,60%"
"17.09.2015","337,43","337,43","337,43","337,43","","0,97%"
"16.09.2015","334,20","334,20","334,20","334,20","","1,64%"
"15.09.2015","328,81","328,81","328,81","328,81","","3,55%"
"14.09.2015","317,55","317,55","317,55","317,55","","1,82%"
"11.09.2015","311,86","311,86","311,86","311,86","","-1,08%"
"10.09.2015","315,27","315,27","315,27","315,27","","-3,24%"
"09.09.2015","325,83","325,83","325,83","325,83","","3,55%"
"08.09.2015","314,65","314,65","314,65","314,65","","3,21%"
"07.09.2015","304,85","310,35","310,35","304,85","0,00K","2,03%"
"04.09.2015","298,79","298,79","298,79","298,79","","-6,74%"
"03.09.2015","320,40","320,40","320,40","320,40","","7,74%"
"02.09.2015","297,39","297,39","297,39","297,39","","-1,63%"
"01.09.2015","302,32","302,32","302,32","302,32","","-6,75%"
"31.08.2015","324,21","324,21","324,21","324,21","","-2,53%"
"28.08.2015","332,61","332,61","332,61","332,61","","3,12%"
"27.08.2015","322,54","322,54","322,54","322,54","","18,45%"
"26.08.2015","272,30","272,30","272,30","272,30","","-7,95%"
"25.08.2015","295,83","295,83","295,83","295,83","","9,30%"
"24.08.2015","270,65","270,65","270,65","270,65","0,00K","-15,36%"
"21.08.2015","319,76","319,76","319,76","319,76","","-11,28%"
"20.08.2015","360,43","360,43","360,43","360,43","","-5,97%"
"19.08.2015","383,30","393,43","393,43","383,30","0,01K","-3,92%"
"18.08.2015","398,95","398,95","398,95","398,95","","0,66%"
"17.08.2015","396,32","396,32","396,32","396,32","","3,14%"
"14.08.2015","384,26","386,40","386,40","384,26","0,01K","-1,71%"
"13.08.2015","390,93","390,93","390,93","390,93","","5,21%"
"12.08.2015","371,56","371,56","371,56","371,56","","-4,92%"
"11.08.2015","390,80","399,67","399,67","390,80","0,01K","-3,44%"
"10.08.2015","404,74","404,74","404,74","404,74","","4,88%"
"07.08.2015","385,91","385,91","385,91","385,91","","-2,43%"
"06.08.2015","395,51","395,51","395,51","395,51","","-7,39%"
"05.08.2015","427,05","427,05","427,05","427,05","","5,48%"
"04.08.2015","404,85","404,85","404,85","404,85","","-2,28%"
"03.08.2015","414,30","414,30","414,30","414,30","","0,38%"
"31.07.2015","412,74","412,74","412,74","412,74","","0,73%"
"30.07.2015","409,76","409,76","409,76","409,76","","1,34%"
"29.07.2015","404,34","404,34","404,34","404,34","","2,73%"
"28.07.2015","393,58","393,58","393,58","393,58","","0,87%"
"27.07.2015","390,17","390,17","390,17","390,17","","-6,22%"
"24.07.2015","416,03","416,03","416,03","416,03","","-1,51%"
"23.07.2015","422,41","422,41","422,41","422,41","","-0,36%"
"22.07.2015","423,95","423,95","423,95","423,95","","-2,83%"
"21.07.2015","436,30","436,30","436,30","436,30","","-0,80%"
"20.07.2015","439,82","439,82","439,82","439,82","","1,86%"
"17.07.2015","431,80","431,80","431,80","431,80","","4,61%"
"16.07.2015","412,77","412,77","412,77","412,77","","3,10%"
"15.07.2015","400,37","396,44","400,37","396,44","0,00K","1,53%"
"14.07.2015","394,33","390,00","394,33","390,00","0,00K","2,82%"
"13.07.2015","383,52","383,52","383,52","383,52","","5,89%"
"10.07.2015","362,18","362,18","362,18","362,18","","0,60%"
"09.07.2015","360,01","362,00","362,00","360,01","0,00K","1,17%"
"08.07.2015","355,83","355,83","355,83","355,83","","1,34%"
"07.07.2015","351,14","351,14","351,14","351,14","","-4,34%"
"06.07.2015","367,06","367,06","367,06","367,06","","-0,02%"
"03.07.2015","367,15","370,30","370,30","367,15","0,00K","0,09%"
"02.07.2015","366,81","366,81","366,81","366,81","","-0,50%"
"01.07.2015","368,65","368,65","368,65","368,65","","2,98%"
"30.06.2015","357,97","361,00","361,00","357,97","0,00K","-1,68%"
"29.06.2015","364,08","364,08","364,08","364,08","","-5,26%"
"26.06.2015","384,31","384,31","384,31","384,31","","-2,44%"
"25.06.2015","393,92","393,92","393,92","393,92","","-0,58%"
"24.06.2015","396,22","396,22","396,22","396,22","","0,69%"
"23.06.2015","393,50","393,50","393,50","393,50","","0,71%"
"22.06.2015","390,74","390,74","390,74","390,74","","1,27%"
"19.06.2015","385,84","385,84","385,84","385,84","","0,39%"
"18.06.2015","384,33","384,33","384,33","384,33","","3,57%"
"17.06.2015","371,09","371,09","371,09","371,09","","0,91%"
"16.06.2015","367,73","367,73","367,73","367,73","","1,82%"
"15.06.2015","361,16","361,16","361,16","361,16","","-2,51%"
"12.06.2015","370,46","370,46","370,46","370,46","","-2,79%"
"11.06.2015","381,09","381,09","381,09","381,09","","1,21%"
"10.06.2015","376,52","376,52","376,52","376,52","","3,98%"
"09.06.2015","362,12","362,12","362,12","362,12","","-2,44%"
"08.06.2015","371,16","371,16","371,16","371,16","","-2,76%"
"05.06.2015","381,71","380,84","381,71","380,84","0,00K","0,03%"
"04.06.2015","381,61","381,61","381,61","381,61","","-2,13%"
"03.06.2015","389,90","390,50","390,50","389,90","0,00K","0,47%"
"02.06.2015","388,06","388,06","388,06","388,06","","-2,16%"
"01.06.2015","396,63","398,68","398,68","396,63","0,00K","0,73%"
"29.05.2015","393,74","393,74","393,74","393,74","","-2,57%"
"28.05.2015","404,12","404,12","404,12","404,12","","0,96%"
"27.05.2015","400,29","400,29","400,29","400,29","","2,86%"
"26.05.2015","389,17","391,50","391,50","389,17","0,00K","-2,18%"
"22.05.2015","397,86","397,86","397,86","397,86","","0,78%"
"21.05.2015","394,79","394,79","394,79","394,79","","1,53%"
"20.05.2015","388,84","388,84","388,84","388,84","","-0,03%"
"19.05.2015","388,95","391,18","391,18","388,95","0,00K","2,23%"
"18.05.2015","380,45","380,45","380,45","380,45","","1,96%"
"15.05.2015","373,14","373,14","373,14","373,14","","0,11%"
"14.05.2015","372,72","372,72","372,72","372,72","","2,82%"
"13.05.2015","362,48","362,48","362,48","362,48","","-0,29%"
"12.05.2015","363,52","363,52","363,52","363,52","","-2,67%"
"11.05.2015","373,51","373,51","373,51","373,51","","-0,04%"
"08.05.2015","373,66","373,66","373,66","373,66","","4,61%"
"07.05.2015","357,21","357,21","357,21","357,21","","1,38%"
"06.05.2015","352,35","352,35","352,35","352,35","","-3,37%"
"05.05.2015","364,64","364,64","364,64","364,64","","-4,95%"
"04.05.2015","383,64","383,64","383,64","383,64","","2,52%"
"30.04.2015","374,20","374,20","374,20","374,20","","-2,66%"
"29.04.2015","384,43","384,43","384,43","384,43","","-3,76%"
"28.04.2015","399,44","399,44","399,44","399,44","","-2,48%"
"27.04.2015","409,58","409,58","409,58","409,58","","0,82%"
"24.04.2015","406,23","406,23","406,23","406,23","","4,57%"
"23.04.2015","388,48","388,48","388,48","388,48","","0,36%"
"22.04.2015","387,07","387,07","387,07","387,07","","0,52%"
"21.04.2015","385,07","385,07","385,07","385,07","","1,63%"
"20.04.2015","378,90","378,90","378,90","378,90","","4,43%"
"17.04.2015","362,81","362,81","362,81","362,81","","-5,04%"
"16.04.2015","382,08","382,08","382,08","382,08","","-0,16%"
"15.04.2015","382,70","382,70","382,70","382,70","","1,78%"
"14.04.2015","376,01","376,01","376,01","376,01","","-4,22%"
"13.04.2015","392,56","392,56","392,56","392,56","","1,93%"
"10.04.2015","385,12","385,12","385,12","385,12","","3,83%"
"09.04.2015","370,93","370,93","370,93","370,93","","1,11%"
"08.04.2015","366,84","366,84","366,84","366,84","","0,37%"
"07.04.2015","365,49","365,49","365,49","365,49","","3,77%"
"02.04.2015","352,20","352,20","352,20","352,20","","0,51%"
"01.04.2015","350,42","350,42","350,42","350,42","","-4,83%"
"31.03.2015","368,22","368,22","368,22","368,22","","0,52%"
"30.03.2015","366,33","366,33","366,33","366,33","","4,27%"
"27.03.2015","351,32","351,32","351,32","351,32","","0,43%"
"26.03.2015","349,83","349,83","349,83","349,83","","-2,71%"
"25.03.2015","359,59","359,59","359,59","359,59","","-6,58%"
"24.03.2015","384,90","384,90","384,90","384,90","","-0,27%"
"23.03.2015","385,93","385,93","385,93","385,93","","-1,44%"
"20.03.2015","391,56","391,56","391,56","391,56","","0,91%"
"19.03.2015","388,02","388,02","388,02","388,02","","4,55%"
"18.03.2015","371,14","371,14","371,14","371,14","","-0,65%"
"17.03.2015","373,57","373,57","373,57","373,57","","0,70%"
"16.03.2015","370,97","370,97","370,97","370,97","","2,78%"
"13.03.2015","360,94","360,94","360,94","360,94","","-0,85%"
"12.03.2015","364,02","364,02","364,02","364,02","","-0,24%"
"11.03.2015","364,89","364,89","364,89","364,89","","0,37%"
"10.03.2015","363,55","363,55","363,55","363,55","","-3,01%"
"09.03.2015","374,83","373,23","374,83","373,23","0,00K","-0,96%"
"06.03.2015","378,48","378,48","378,48","378,48","","-1,14%"
"05.03.2015","382,85","382,85","382,85","382,85","","1,04%"
"04.03.2015","378,92","378,92","378,92","378,92","","1,59%"
"03.03.2015","372,99","372,99","372,99","372,99","","-2,72%"
"02.03.2015","383,42","383,42","383,42","383,42","","1,77%"
"27.02.2015","376,77","376,95","376,95","376,77","0,00K","-0,08%"
"26.02.2015","377,09","377,09","377,09","377,09","","1,55%"
"25.02.2015","371,35","371,35","371,35","371,35","","-0,17%"
"24.02.2015","371,99","371,99","371,99","371,99","","0,62%"
"23.02.2015","369,68","369,68","369,68","369,68","","1,98%"
"20.02.2015","362,49","362,49","362,49","362,49","","0,62%"
"19.02.2015","360,26","360,26","360,26","360,26","","1,62%"
"18.02.2015","354,52","354,52","354,52","354,52","","0,31%"
"17.02.2015","353,41","353,41","353,41","353,41","","-0,32%"
"16.02.2015","354,54","354,54","354,54","354,54","","2,10%"
"13.02.2015","347,26","347,26","347,26","347,26","","2,01%"
"12.02.2015","340,42","340,42","340,42","340,42","","1,43%"
"11.02.2015","335,61","335,61","335,61","335,61","","3,26%"
"10.02.2015","325,02","325,02","325,02","325,02","","2,04%"
"09.02.2015","318,51","318,51","318,51","318,51","","-2,72%"
"06.02.2015","327,43","327,43","327,43","327,43","","2,38%"
"05.02.2015","319,81","319,81","319,81","319,81","","0,59%"
"04.02.2015","317,93","317,93","317,93","317,93","","4,28%"
"03.02.2015","304,87","304,87","304,87","304,87","","0,12%"
"02.02.2015","304,49","304,49","304,49","304,49","","-1,45%"
"30.01.2015","308,96","308,96","308,96","308,96","","4,05%"
"29.01.2015","296,93","296,93","296,93","296,93","","-4,49%"
"28.01.2015","310,88","310,88","310,88","310,88","","1,33%"
"27.01.2015","306,81","306,81","306,81","306,81","","-6,81%"
"26.01.2015","329,23","329,23","329,23","329,23","","-1,00%"
"23.01.2015","332,55","332,55","332,55","332,55","","4,13%"
"22.01.2015","319,37","319,37","319,37","319,37","","4,04%"
"21.01.2015","306,97","306,97","306,97","306,97","","4,76%"
"20.01.2015","293,02","293,02","293,02","293,02","","0,01%"
"19.01.2015","292,98","292,98","292,98","292,98","","1,61%"
"16.01.2015","288,34","288,34","288,34","288,34","","-0,21%"
"15.01.2015","288,94","288,94","288,94","288,94","","0,76%"
"14.01.2015","286,76","286,76","286,76","286,76","","-7,88%"
"13.01.2015","311,30","311,30","311,30","311,30","","4,60%"
"12.01.2015","297,61","297,61","297,61","297,61","","-1,27%"
"09.01.2015","301,45","301,45","301,45","301,45","","-2,65%"
"08.01.2015","309,67","309,67","309,67","309,67","","6,94%"
"07.01.2015","289,58","289,58","289,58","289,58","","2,55%"
"06.01.2015","282,37","282,37","282,37","282,37","","-4,21%"
"05.01.2015","294,78","294,78","294,78","294,78","","-1,96%"
"02.01.2015","300,67","300,67","300,67","300,67","","-5,14%"
"30.12.2014","316,95","316,95","316,95","316,95","","-0,84%"
"29.12.2014","319,65","319,65","319,65","319,65","","2,45%"
"23.12.2014","312,01","312,01","312,01","312,01","","-0,06%"
"22.12.2014","312,19","312,19","312,19","312,19","","0,46%"
"19.12.2014","310,75","310,75","310,75","310,75","","4,68%"
"18.12.2014","296,86","296,86","296,86","296,86","","9,24%"
"17.12.2014","271,76","271,76","271,76","271,76","","-4,31%"
"16.12.2014","284,01","284,01","284,01","284,01","","-3,54%"
"12.12.2014","294,42","294,42","294,42","294,42","","-4,73%"
"11.12.2014","309,05","309,05","309,05","309,05","","1,66%"
"10.12.2014","304,01","304,01","304,01","304,01","","1,36%"
"09.12.2014","299,94","299,94","299,94","299,94","","-5,01%"
"08.12.2014","315,76","315,76","315,76","315,76","","-0,37%"
"05.12.2014","316,93","316,93","316,93","316,93","","2,08%"
"04.12.2014","310,46","310,46","310,46","310,46","","-1,17%"
"03.12.2014","314,13","314,13","314,13","314,13","","1,02%"
"02.12.2014","310,96","310,96","310,96","310,96","","-2,88%"
"28.11.2014","320,19","320,19","320,19","320,19","","1,54%"
"27.11.2014","315,32","315,32","315,32","315,32","","1,82%"
"26.11.2014","309,68","309,68","309,68","309,68","","0,63%"
"25.11.2014","307,73","307,73","307,73","307,73","","1,06%"
"24.11.2014","304,51","304,51","304,51","304,51","","5,79%"