"Fecha","Último","Apertura","Máximo","Mínimo","Vol.","% var."
"29.01.2026","7,32","7,62","7,64","7,24","1,34M","-3,61%"
"28.01.2026","7,59","7,65","7,66","7,59","630,60K","0,85%"
"27.01.2026","7,53","7,55","7,55","7,45","474,80K","0,72%"
"26.01.2026","7,47","7,38","7,48","7,30","825,60K","-0,08%"
"23.01.2026","7,48","7,44","7,52","7,36","524,60K","0,73%"
"22.01.2026","7,42","7,43","7,49","7,36","880,80K","1,74%"
"21.01.2026","7,30","7,18","7,35","7,07","1,23M","0,15%"
"20.01.2026","7,29","7,22","7,29","7,11","1,47M","-0,16%"
"19.01.2026","7,30","7,33","7,36","7,25","1,29M","-3,35%"
"16.01.2026","7,55","7,62","7,63","7,49","803,20K","-1,16%"
"15.01.2026","7,64","7,51","7,68","7,51","959,20K","3,10%"
"14.01.2026","7,41","7,61","7,61","7,38","915,80K","-3,20%"
"13.01.2026","7,66","7,63","7,70","7,57","486,20K","0,30%"
"12.01.2026","7,63","7,51","7,64","7,45","799,80K","0,33%"
"09.01.2026","7,61","7,49","7,63","7,48","680,40K","2,00%"
"08.01.2026","7,46","7,52","7,56","7,42","1,08M","-1,89%"
"07.01.2026","7,60","7,52","7,61","7,49","617,00K","1,79%"
"06.01.2026","7,47","7,41","7,51","7,36","568,00K","0,34%"
"05.01.2026","7,44","7,35","7,46","7,35","674,00K","2,46%"
"02.01.2026","7,26","7,41","7,51","7,22","579,40K","-1,76%"
"31.12.2025","7,39","7,38","7,39","7,36","322,80K","-0,94%"
"30.12.2025","7,46","7,43","7,47","7,41","394,20K","0,32%"
"29.12.2025","7,44","7,47","7,48","7,39","578,60K","-0,41%"
"24.12.2025","7,47","7,46","7,48","7,45","245,00K","0,50%"
"23.12.2025","7,43","7,40","7,44","7,35","392,00K","0,20%"
"22.12.2025","7,42","7,44","7,47","7,38","525,80K","0,87%"
"19.12.2025","7,36","7,26","7,38","7,20","808,00K","1,41%"
"18.12.2025","7,25","7,05","7,26","7,05","401,20K","3,07%"
"17.12.2025","7,04","7,27","7,33","7,03","687,00K","-1,65%"
"16.12.2025","7,16","7,10","7,21","7,09","641,20K","-1,47%"
"15.12.2025","7,26","7,32","7,39","7,18","649,00K","-0,14%"
"12.12.2025","7,27","7,56","7,57","7,24","1,23M","-2,39%"
"11.12.2025","7,45","7,49","7,59","7,39","638,60K","-2,04%"
"10.12.2025","7,61","7,65","7,66","7,54","245,20K","-0,51%"
"09.12.2025","7,64","7,64","7,64","7,57","350,80K","0,42%"
"08.12.2025","7,61","7,68","7,71","7,61","635,40K","-0,26%"
"05.12.2025","7,63","7,65","7,72","7,56","664,80K","0,94%"
"04.12.2025","7,56","7,60","7,63","7,51","210,60K","-0,08%"
"03.12.2025","7,57","7,61","7,61","7,45","677,00K","0,81%"
"02.12.2025","7,51","7,44","7,63","7,43","564,20K","0,48%"
"01.12.2025","7,47","7,40","7,47","7,34","625,40K","-0,23%"
"28.11.2025","7,49","7,44","7,53","7,44","651,80K","0,92%"
"27.11.2025","7,42","7,43","7,45","7,42","267,00K","-0,28%"
"26.11.2025","7,44","7,37","7,44","7,33","1,31M","3,45%"
"25.11.2025","7,19","7,24","7,25","7,03","814,60K","-0,07%"
"24.11.2025","7,20","6,99","7,22","6,93","1,26M","5,50%"
"21.11.2025","6,82","6,77","6,89","6,67","3,18M","-5,25%"
"20.11.2025","7,20","7,38","7,47","7,20","1,31M","1,54%"
"19.11.2025","7,09","7,02","7,27","7,01","1,02M","0,52%"
"18.11.2025","7,05","7,10","7,16","6,90","1,42M","-3,21%"
"17.11.2025","7,29","7,43","7,45","7,22","766,00K","-0,99%"
"14.11.2025","7,36","7,22","7,39","7,01","2,06M","-0,07%"
"13.11.2025","7,37","7,63","7,64","7,33","1,03M","-3,03%"
"12.11.2025","7,60","7,71","7,75","7,54","865,40K","0,41%"
"11.11.2025","7,57","7,66","7,68","7,54","592,40K","0,00%"
"10.11.2025","7,56","7,55","7,66","7,53","2,28M","5,83%"
"07.11.2025","7,15","7,49","7,50","7,12","2,68M","-4,16%"
"06.11.2025","7,46","7,68","7,77","7,44","1,06M","-3,98%"
"05.11.2025","7,77","7,60","7,77","7,56","1,16M","0,00%"
"04.11.2025","7,77","7,74","7,86","7,69","981,40K","-2,05%"
"03.11.2025","7,93","7,90","8,06","7,90","609,60K","0,51%"
"31.10.2025","7,89","7,99","8,03","7,86","854,40K","0,00%"
"30.10.2025","7,89","8,00","8,02","7,83","1,13M","-0,70%"
"29.10.2025","7,95","8,00","8,01","7,92","1,44M","1,08%"
"28.10.2025","7,86","7,78","7,87","7,76","841,80K","1,38%"
"27.10.2025","7,76","7,70","7,76","7,68","1,35M","2,92%"
"24.10.2025","7,54","7,45","7,55","7,43","1,15M","2,53%"
"23.10.2025","7,35","7,32","7,35","7,22","474,20K","1,35%"
"22.10.2025","7,25","7,41","7,43","7,25","672,60K","-2,08%"
"21.10.2025","7,41","7,39","7,43","7,36","582,20K","0,23%"
"20.10.2025","7,39","7,28","7,40","7,24","888,20K","4,85%"
"17.10.2025","7,05","6,93","7,19","6,84","1,80M","-2,58%"
"16.10.2025","7,24","7,24","7,30","7,21","493,00K","0,00%"
"15.10.2025","7,23","7,16","7,30","7,16","942,00K","1,99%"
"14.10.2025","7,09","7,08","7,12","6,93","1,46M","-1,53%"
"13.10.2025","7,20","7,14","7,22","7,11","2,45M","1,41%"
"10.10.2025","7,10","7,46","7,51","7,10","1,30M","-3,92%"
"09.10.2025","7,39","7,45","7,45","7,39","1,00M","0,08%"
"08.10.2025","7,38","7,27","7,39","7,26","568,80K","1,86%"
"07.10.2025","7,25","7,29","7,37","7,24","658,00K","-0,56%"
"06.10.2025","7,29","7,25","7,34","7,23","1,27M","0,62%"
"03.10.2025","7,24","7,29","7,29","7,20","923,60K","0,39%"
"02.10.2025","7,22","7,21","7,27","7,19","1,18M","1,32%"
"01.10.2025","7,12","6,96","7,12","6,95","972,60K","1,12%"
"30.09.2025","7,04","7,06","7,08","7,02","1,10M","-0,69%"
"29.09.2025","7,09","7,08","7,15","7,07","1,12M","1,68%"
"26.09.2025","6,98","7,00","7,05","6,93","607,20K","-0,36%"
"25.09.2025","7,00","7,00","7,03","6,86","1,48M","-0,38%"
"24.09.2025","7,03","7,06","7,10","7,03","699,00K","-1,10%"
"23.09.2025","7,11","7,13","7,14","7,08","644,60K","0,25%"
"22.09.2025","7,09","7,06","7,11","7,00","752,00K","1,17%"
"19.09.2025","7,01","6,96","7,04","6,95","896,20K","-0,13%"
"18.09.2025","7,01","6,91","7,02","6,90","1,91M","3,66%"
"17.09.2025","6,77","6,83","6,85","6,76","1,12M","-0,84%"
"16.09.2025","6,82","6,89","6,93","6,82","956,20K","-0,44%"
"15.09.2025","6,85","6,82","6,87","6,77","1,19M","0,87%"
"12.09.2025","6,80","6,74","6,80","6,72","764,20K","0,67%"
"11.09.2025","6,75","6,71","6,75","6,68","798,60K","0,82%"
"10.09.2025","6,70","6,72","6,76","6,68","721,60K","1,36%"
"09.09.2025","6,61","6,63","6,65","6,58","427,80K","-0,72%"
"08.09.2025","6,65","6,60","6,66","6,59","415,60K","1,99%"
"05.09.2025","6,52","6,63","6,68","6,45","1,23M","0,00%"
"04.09.2025","6,52","6,49","6,53","6,46","613,00K","1,35%"
"03.09.2025","6,44","6,43","6,50","6,42","1,02M","2,68%"
"02.09.2025","6,27","6,44","6,44","6,24","1,52M","-3,09%"
"01.09.2025","6,47","6,43","6,47","6,43","365,60K","0,28%"
"29.08.2025","6,45","6,62","6,62","6,42","875,60K","-2,36%"
"28.08.2025","6,61","6,57","6,63","6,53","586,60K","0,61%"
"27.08.2025","6,57","6,57","6,60","6,53","580,20K","1,34%"
"26.08.2025","6,48","6,48","6,52","6,46","434,80K","-0,72%"
"25.08.2025","6,53","6,48","6,53","6,44","657,40K","0,00%"
"22.08.2025","6,53","6,34","6,55","6,34","1,11M","2,10%"
"21.08.2025","6,39","6,42","6,43","6,34","824,40K","0,65%"
"20.08.2025","6,35","6,44","6,47","6,21","1,72M","-2,70%"
"19.08.2025","6,53","6,63","6,65","6,49","626,00K","-1,23%"
"18.08.2025","6,61","6,64","6,66","6,61","500,20K","-0,29%"
"15.08.2025","6,63","6,74","6,74","6,62","405,00K","-1,22%"
"14.08.2025","6,71","6,71","6,76","6,64","574,40K","0,24%"
"13.08.2025","6,70","6,73","6,78","6,68","589,00K","0,42%"
"12.08.2025","6,67","6,60","6,68","6,56","789,80K","0,20%"
"11.08.2025","6,65","6,63","6,67","6,58","727,80K","1,37%"
"08.08.2025","6,56","6,51","6,59","6,50","407,20K","0,83%"
"07.08.2025","6,51","6,47","6,59","6,47","775,80K","1,62%"
"06.08.2025","6,41","6,36","6,41","6,31","750,40K","0,91%"
"05.08.2025","6,35","6,48","6,50","6,34","1,08M","-0,47%"
"04.08.2025","6,38","6,25","6,40","6,25","844,40K","2,52%"
"01.08.2025","6,22","6,48","6,48","6,14","2,35M","-6,32%"
"31.07.2025","6,64","6,76","6,80","6,60","1,11M","0,94%"
"30.07.2025","6,58","6,54","6,61","6,52","672,00K","0,52%"
"29.07.2025","6,55","6,57","6,64","6,54","917,00K","0,74%"
"28.07.2025","6,50","6,48","6,51","6,47","1,03M","1,63%"
"25.07.2025","6,39","6,37","6,40","6,35","352,00K","0,66%"
"24.07.2025","6,35","6,35","6,38","6,32","488,40K","1,05%"
"23.07.2025","6,28","6,31","6,32","6,26","919,60K","-0,08%"
"22.07.2025","6,29","6,37","6,38","6,24","541,40K","-1,63%"
"21.07.2025","6,39","6,36","6,42","6,33","882,40K","0,98%"
"18.07.2025","6,33","6,38","6,39","6,32","613,80K","-0,53%"
"17.07.2025","6,37","6,32","6,38","6,29","1,08M","3,90%"
"16.07.2025","6,13","6,20","6,29","6,13","787,60K","-2,96%"
"15.07.2025","6,31","6,27","6,32","6,26","916,80K","1,94%"
"14.07.2025","6,19","6,11","6,20","6,09","408,60K","0,58%"
"11.07.2025","6,16","6,16","6,19","6,11","616,80K","-0,48%"
"10.07.2025","6,19","6,16","6,23","6,14","832,60K","0,42%"
"09.07.2025","6,16","6,11","6,23","6,10","850,00K","0,83%"
"08.07.2025","6,11","6,11","6,15","6,10","423,20K","0,00%"
"07.07.2025","6,11","6,13","6,17","6,10","361,00K","0,25%"
"04.07.2025","6,10","6,14","6,14","6,08","441,00K","-1,37%"
"03.07.2025","6,18","6,07","6,19","6,04","929,80K","2,32%"
"02.07.2025","6,05","6,02","6,06","5,93","800,40K","1,15%"
"01.07.2025","5,98","6,07","6,07","5,93","822,60K","-1,42%"
"30.06.2025","6,06","6,09","6,12","6,05","979,20K","0,00%"
"27.06.2025","6,06","6,02","6,07","6,00","1,36M","1,83%"
"26.06.2025","5,95","5,93","5,97","5,90","591,20K","0,59%"
"25.06.2025","5,92","5,91","5,99","5,91","888,00K","0,66%"
"24.06.2025","5,88","5,88","5,89","5,84","1,10M","3,09%"
"23.06.2025","5,70","5,66","5,74","5,65","841,80K","0,23%"
"20.06.2025","5,69","5,69","5,82","5,62","1,60M","1,43%"
"19.06.2025","5,61","5,71","5,71","5,57","456,80K","-2,69%"
"18.06.2025","5,76","5,74","5,80","5,72","636,00K","-0,19%"
"17.06.2025","5,78","5,75","5,80","5,72","584,20K","-0,53%"
"16.06.2025","5,81","5,70","5,82","5,69","1,19M","1,50%"
"13.06.2025","5,72","5,64","5,75","5,62","1,11M","-1,07%"
"12.06.2025","5,78","5,79","5,82","5,68","1,08M","-1,75%"
"11.06.2025","5,89","5,86","5,93","5,84","1,15M","1,50%"
"10.06.2025","5,80","5,82","5,84","5,79","442,40K","-0,28%"
"09.06.2025","5,82","5,78","5,86","5,78","557,60K","0,21%"
"06.06.2025","5,80","5,73","5,85","5,71","726,40K","-0,75%"
"05.06.2025","5,85","5,78","5,85","5,71","884,40K","1,25%"
"04.06.2025","5,78","5,76","5,80","5,72","649,40K","0,40%"
"03.06.2025","5,75","5,62","5,76","5,59","624,20K","3,34%"
"02.06.2025","5,57","5,52","5,60","5,47","683,00K","-0,43%"
"30.05.2025","5,59","5,60","5,64","5,53","811,80K","-1,06%"
"29.05.2025","5,65","5,84","5,90","5,61","1,38M","-0,46%"
"28.05.2025","5,68","5,66","5,74","5,63","730,60K","0,89%"
"27.05.2025","5,63","5,54","5,63","5,51","475,00K","1,70%"
"26.05.2025","5,53","5,51","5,55","5,51","631,60K","2,43%"
"23.05.2025","5,40","5,51","5,53","5,28","1,71M","-3,00%"
"22.05.2025","5,57","5,54","5,61","5,45","1,37M","-1,94%"
"21.05.2025","5,68","5,59","5,70","5,53","884,80K","0,00%"
"20.05.2025","5,67","5,67","5,71","5,64","498,60K","0,00%"
"19.05.2025","5,68","5,58","5,70","5,51","1,13M","-1,01%"
"16.05.2025","5,73","5,68","5,76","5,68","760,60K","0,47%"
"15.05.2025","5,71","5,65","5,72","5,58","660,80K","0,33%"
"14.05.2025","5,69","5,67","5,69","5,59","998,80K","0,67%"
"13.05.2025","5,65","5,45","5,65","5,44","1,86M","4,11%"
"12.05.2025","5,43","5,42","5,54","5,37","2,34M","7,85%"
"09.05.2025","5,03","5,06","5,11","4,97","723,60K","-0,32%"
"08.05.2025","5,05","5,02","5,07","4,95","860,60K","4,72%"
"07.05.2025","4,82","4,91","4,92","4,81","796,00K","-1,55%"
"06.05.2025","4,90","4,91","4,91","4,79","722,80K","-1,49%"
"05.05.2025","4,97","4,96","4,98","4,90","1,13M","-0,54%"
"02.05.2025","5,00","4,89","5,01","4,86","1,49M","7,61%"
"30.04.2025","4,64","4,69","4,72","4,48","1,52M","-0,24%"
"29.04.2025","4,65","4,67","4,71","4,60","984,20K","1,63%"
"28.04.2025","4,58","4,68","4,72","4,57","1,69M","-0,37%"
"25.04.2025","4,60","4,65","4,66","4,54","1,60M","2,02%"
"24.04.2025","4,51","4,30","4,53","4,24","2,38M","2,71%"
"23.04.2025","4,39","4,30","4,50","4,29","1,71M","6,56%"
"22.04.2025","4,12","4,03","4,12","3,95","1,20M","-1,02%"
"17.04.2025","4,16","4,24","4,29","4,10","1,46M","-3,37%"
"16.04.2025","4,30","4,25","4,39","4,21","2,16M","-3,81%"
"15.04.2025","4,47","4,43","4,54","4,37","881,60K","1,13%"
"14.04.2025","4,42","4,47","4,58","4,41","2,66M","5,38%"
"11.04.2025","4,20","4,31","4,32","4,11","2,17M","-1,50%"
"10.04.2025","4,26","4,55","4,59","4,26","5,66M","10,47%"
"09.04.2025","3,86","3,82","3,97","3,65","4,69M","-8,38%"
"08.04.2025","4,21","4,09","4,37","4,06","3,92M","8,15%"
"07.04.2025","3,89","3,63","4,36","3,59","9,55M","-6,11%"
"04.04.2025","4,15","4,46","4,50","4,03","4,78M","-9,54%"
"03.04.2025","4,59","4,73","4,76","4,49","3,14M","-10,10%"
"02.04.2025","5,10","5,05","5,10","4,93","872,60K","0,87%"
"01.04.2025","5,06","4,99","5,07","4,90","1,09M","4,11%"
"31.03.2025","4,86","4,86","4,89","4,74","2,03M","-3,18%"
"28.03.2025","5,02","5,22","5,28","5,00","1,87M","-6,00%"
"27.03.2025","5,34","5,33","5,39","5,26","1,12M","-1,09%"
"26.03.2025","5,39","5,54","5,55","5,38","889,60K","-2,03%"
"25.03.2025","5,51","5,48","5,54","5,45","962,60K","0,62%"
"24.03.2025","5,47","5,36","5,48","5,36","1,27M","5,23%"
"21.03.2025","5,20","5,19","5,21","5,07","822,60K","0,00%"
"20.03.2025","5,20","5,27","5,33","5,12","1,02M","0,37%"
"19.03.2025","5,18","5,07","5,21","5,07","576,40K","1,95%"
"18.03.2025","5,09","5,20","5,23","5,03","1,10M","-1,55%"
"17.03.2025","5,16","5,14","5,27","5,13","1,87M","0,14%"
"14.03.2025","5,16","5,05","5,20","5,04","1,16M","2,81%"
"13.03.2025","5,02","5,08","5,16","4,99","1,02M","-3,18%"
"12.03.2025","5,18","5,07","5,23","5,03","2,36M","3,31%"
"11.03.2025","5,02","5,08","5,13","4,95","3,51M","-3,02%"
"10.03.2025","5,17","5,43","5,44","5,12","3,04M","-2,49%"
"07.03.2025","5,30","5,47","5,53","5,30","1,99M","-5,71%"
"06.03.2025","5,63","5,70","5,71","5,53","1,31M","1,35%"
"05.03.2025","5,55","5,77","5,80","5,55","1,57M","-1,53%"
"04.03.2025","5,64","5,84","5,87","5,59","3,35M","-7,04%"
"03.03.2025","6,06","6,17","6,21","6,01","1,59M","1,15%"
"28.02.2025","5,99","5,98","6,06","5,88","2,25M","-4,05%"
"27.02.2025","6,25","6,31","6,40","6,12","1,50M","-1,76%"
"26.02.2025","6,36","6,31","6,37","6,27","1,02M","3,40%"
"25.02.2025","6,15","6,36","6,40","6,14","1,56M","-5,52%"
"24.02.2025","6,51","6,59","6,64","6,42","1,73M","-3,93%"
"21.02.2025","6,78","6,82","6,91","6,74","988,60K","-0,09%"
"20.02.2025","6,78","6,88","6,91","6,74","825,00K","-2,16%"
"19.02.2025","6,93","6,94","6,94","6,86","425,20K","0,84%"
"18.02.2025","6,87","6,94","6,97","6,84","737,60K","-0,33%"
"17.02.2025","6,90","6,90","6,91","6,87","798,60K","1,26%"
"14.02.2025","6,81","6,84","6,84","6,78","496,20K","0,49%"
"13.02.2025","6,78","6,70","6,81","6,65","996,40K","2,26%"
"12.02.2025","6,63","6,69","6,72","6,54","789,00K","-1,40%"
"11.02.2025","6,72","6,70","6,76","6,65","576,60K","-0,65%"
"10.02.2025","6,76","6,67","6,78","6,65","809,20K","1,94%"
"07.02.2025","6,64","6,73","6,78","6,61","1,51M","-0,76%"
"06.02.2025","6,69","6,67","6,72","6,64","891,60K","1,84%"
"05.02.2025","6,57","6,51","6,57","6,45","671,60K","-0,82%"
"04.02.2025","6,62","6,49","6,62","6,43","1,26M","1,64%"
"03.02.2025","6,51","6,41","6,53","6,34","2,37M","-3,37%"
"31.01.2025","6,74","6,66","6,78","6,65","1,66M","3,76%"
"30.01.2025","6,50","6,58","6,63","6,43","911,80K","0,20%"
"29.01.2025","6,48","6,58","6,61","6,45","673,00K","0,95%"
"28.01.2025","6,42","6,38","6,46","6,27","928,00K","2,46%"
"27.01.2025","6,27","6,32","6,39","5,99","4,14M","-6,98%"
"24.01.2025","6,74","6,76","6,80","6,71","463,60K","-0,46%"
"23.01.2025","6,77","6,75","6,77","6,71","654,20K","-0,72%"
"22.01.2025","6,82","6,71","6,82","6,68","1,36M","3,66%"
"21.01.2025","6,58","6,59","6,66","6,52","672,00K","-0,77%"
"20.01.2025","6,63","6,62","6,65","6,58","772,80K","0,00%"
"17.01.2025","6,63","6,43","6,68","6,43","1,32M","2,21%"
"16.01.2025","6,49","6,59","6,60","6,47","899,00K","0,46%"
"15.01.2025","6,45","6,21","6,48","6,21","1,32M","3,79%"
"14.01.2025","6,22","6,33","6,36","6,19","1,33M","0,76%"
"13.01.2025","6,17","6,24","6,25","6,13","1,35M","-1,42%"
"10.01.2025","6,26","6,43","6,56","6,22","894,40K","-3,10%"
"09.01.2025","6,46","6,41","6,46","6,39","311,60K","-0,19%"
"08.01.2025","6,47","6,47","6,52","6,39","615,00K","-0,75%"
"07.01.2025","6,52","6,63","6,68","6,47","777,60K","-2,96%"
"06.01.2025","6,72","6,58","6,74","6,57","1,34M","3,08%"
"03.01.2025","6,52","6,42","6,52","6,38","577,40K","0,77%"
"02.01.2025","6,47","6,46","6,53","6,35","1,57M","-0,11%"
"31.12.2024","6,48","6,42","6,50","6,40","759,40K","0,53%"
"30.12.2024","6,44","6,56","6,58","6,34","654,20K","-1,77%"
"27.12.2024","6,56","6,73","6,76","6,48","1,35M","-1,49%"
"24.12.2024","6,66","6,65","6,67","6,62","437,40K","1,77%"
"23.12.2024","6,54","6,58","6,59","6,50","785,40K","-0,43%"
"20.12.2024","6,57","6,35","6,57","6,17","2,77M","0,60%"
"19.12.2024","6,53","6,48","6,58","6,45","2,58M","-5,39%"
"18.12.2024","6,90","6,91","6,94","6,83","626,60K","-0,16%"
"17.12.2024","6,91","6,91","6,96","6,84","1,06M","0,39%"
"16.12.2024","6,89","6,76","6,91","6,74","960,40K","2,33%"
"13.12.2024","6,73","6,74","6,82","6,68","1,02M","0,39%"
"12.12.2024","6,70","6,72","6,73","6,64","851,60K","-0,40%"
"11.12.2024","6,73","6,53","6,73","6,52","692,80K","2,86%"
"10.12.2024","6,54","6,52","6,63","6,51","324,80K","0,20%"
"09.12.2024","6,53","6,65","6,66","6,48","818,00K","-1,12%"
"06.12.2024","6,61","6,51","6,62","6,47","666,00K","0,89%"
"05.12.2024","6,55","6,54","6,57","6,52","574,80K","0,43%"
"04.12.2024","6,52","6,47","6,55","6,46","1,18M","1,78%"
"03.12.2024","6,41","6,40","6,41","6,32","331,40K","0,31%"
"02.12.2024","6,39","6,25","6,40","6,22","744,20K","2,67%"
"29.11.2024","6,22","6,16","6,23","6,12","313,60K","0,88%"
"28.11.2024","6,16","6,16","6,18","6,14","221,00K","1,60%"
"27.11.2024","6,07","6,24","6,24","6,04","373,60K","-2,97%"
"26.11.2024","6,25","6,21","6,26","6,17","719,20K","0,26%"
"25.11.2024","6,24","6,26","6,30","6,17","767,20K","0,74%"
"22.11.2024","6,19","6,16","6,24","6,13","1,05M","0,81%"
"21.11.2024","6,14","6,05","6,18","5,96","1,14M","2,20%"
"20.11.2024","6,01","6,10","6,12","5,93","961,40K","-0,32%"
"19.11.2024","6,03","6,03","6,03","5,84","937,00K","-0,22%"
"18.11.2024","6,04","5,98","6,04","5,92","674,00K","1,21%"
"15.11.2024","5,97","6,13","6,14","5,95","1,48M","-4,74%"
"14.11.2024","6,27","6,31","6,36","6,23","524,60K","-0,43%"
"13.11.2024","6,29","6,26","6,31","6,24","719,00K","0,00%"
"12.11.2024","6,30","6,29","6,34","6,26","578,40K","0,00%"
"11.11.2024","6,29","6,32","6,37","6,26","906,60K","0,74%"
"08.11.2024","6,25","6,24","6,25","6,16","1,57M","0,97%"
"07.11.2024","6,19","6,06","6,19","6,05","1,64M","3,17%"
"06.11.2024","6,00","5,92","6,02","5,90","2,58M","6,35%"
"05.11.2024","5,64","5,53","5,64","5,53","765,40K","1,60%"
"04.11.2024","5,55","5,57","5,59","5,47","861,80K","-1,35%"
"01.11.2024","5,63","5,54","5,64","5,52","873,00K","1,72%"
"31.10.2024","5,53","5,66","5,71","5,51","2,10M","-5,50%"
"30.10.2024","5,85","5,93","5,93","5,80","824,40K","0,00%"
"29.10.2024","5,85","5,80","5,87","5,77","526,20K","0,77%"
"28.10.2024","5,81","5,86","5,89","5,80","731,60K","-0,94%"
"25.10.2024","5,86","5,72","5,89","5,72","1,23M","2,59%"
"24.10.2024","5,72","5,71","5,75","5,68","419,60K","0,28%"
"23.10.2024","5,70","5,80","5,82","5,70","631,40K","-1,28%"
"22.10.2024","5,77","5,75","5,80","5,71","309,80K","1,09%"
"21.10.2024","5,71","5,73","5,80","5,68","585,60K","-0,94%"
"18.10.2024","5,76","5,74","5,77","5,72","332,60K","0,28%"
"17.10.2024","5,75","5,72","5,83","5,71","836,40K","1,84%"
"16.10.2024","5,64","5,67","5,69","5,59","410,60K","-1,00%"
"15.10.2024","5,70","5,80","5,82","5,63","643,40K","-1,09%"
"14.10.2024","5,76","5,69","5,82","5,68","592,60K","1,44%"
"11.10.2024","5,68","5,68","5,70","5,62","691,20K","-0,18%"
"10.10.2024","5,69","5,69","5,70","5,62","698,40K","0,76%"
"09.10.2024","5,65","5,56","5,65","5,54","519,80K","1,78%"
"08.10.2024","5,55","5,40","5,57","5,39","668,80K","0,56%"
"07.10.2024","5,52","5,52","5,55","5,46","487,60K","1,14%"
"04.10.2024","5,46","5,40","5,57","5,39","770,60K","0,81%"
"03.10.2024","5,41","5,37","5,45","5,32","547,00K","-0,20%"
"02.10.2024","5,43","5,35","5,44","5,30","520,00K","1,73%"
"01.10.2024","5,33","5,49","5,54","5,28","919,20K","-2,07%"
"30.09.2024","5,45","5,43","5,46","5,37","646,60K","-0,33%"
"27.09.2024","5,46","5,49","5,53","5,46","821,60K","0,29%"
"26.09.2024","5,45","5,58","5,63","5,43","1,13M","0,13%"
"25.09.2024","5,44","5,35","5,46","5,35","514,80K","0,82%"
"24.09.2024","5,40","5,42","5,43","5,31","762,80K","0,00%"
"23.09.2024","5,39","5,36","5,40","5,33","341,60K","1,66%"
"20.09.2024","5,30","5,34","5,36","5,26","681,20K","-1,76%"
"19.09.2024","5,40","5,29","5,42","5,27","1,66M","4,86%"
"18.09.2024","5,15","5,20","5,20","5,15","754,00K","-1,23%"
"17.09.2024","5,21","5,18","5,26","5,18","403,20K","1,32%"
"16.09.2024","5,14","5,20","5,22","5,10","724,60K","-1,70%"
"13.09.2024","5,23","5,20","5,24","5,17","942,20K","2,01%"
"12.09.2024","5,13","5,14","5,18","5,07","1,61M","6,29%"
"11.09.2024","4,83","4,87","4,94","4,75","1,65M","-0,56%"
"10.09.2024","4,85","4,77","4,88","4,76","704,00K","1,93%"
"09.09.2024","4,76","4,75","4,83","4,71","942,80K","1,41%"
"06.09.2024","4,70","4,85","4,93","4,68","1,52M","-3,92%"
"05.09.2024","4,89","4,91","5,03","4,85","788,80K","-1,42%"
"04.09.2024","4,96","4,88","5,01","4,87","1,57M","-2,22%"
"03.09.2024","5,07","5,30","5,31","5,05","967,00K","-4,48%"
"02.09.2024","5,31","5,26","5,32","5,24","204,00K","2,04%"
"30.08.2024","5,20","5,21","5,28","5,20","625,80K","-1,63%"
"29.08.2024","5,29","5,13","5,32","5,12","773,80K","3,02%"
"28.08.2024","5,13","5,27","5,29","5,11","727,80K","-1,87%"
"27.08.2024","5,23","5,24","5,28","5,16","479,60K","0,00%"
"26.08.2024","5,23","5,32","5,36","5,18","534,80K","-1,65%"
"23.08.2024","5,32","5,30","5,39","5,24","804,60K","-0,77%"
"22.08.2024","5,36","5,41","5,48","5,36","769,80K","-0,41%"
"21.08.2024","5,38","5,37","5,45","5,36","388,80K","0,00%"
"20.08.2024","5,38","5,43","5,46","5,34","1,20M","1,24%"
"19.08.2024","5,31","5,28","5,32","5,25","527,60K","0,62%"
"16.08.2024","5,28","5,36","5,36","5,24","1,14M","0,15%"
"15.08.2024","5,27","5,07","5,28","5,05","1,17M","4,27%"
"14.08.2024","5,06","5,05","5,07","4,95","1,06M","1,08%"
"13.08.2024","5,00","4,90","5,00","4,84","931,20K","3,65%"
"12.08.2024","4,83","4,84","4,90","4,78","742,20K","0,77%"
"09.08.2024","4,79","4,76","4,85","4,72","1,17M","1,33%"
"08.08.2024","4,73","4,51","4,74","4,45","2,59M","-0,57%"
"07.08.2024","4,75","4,67","4,80","4,63","1,58M","2,60%"
"06.08.2024","4,63","4,65","4,68","4,49","2,10M","1,86%"
"05.08.2024","4,55","4,39","4,59","4,17","5,43M","-4,90%"
"02.08.2024","4,78","4,93","4,96","4,72","3,13M","-8,66%"
"01.08.2024","5,24","5,42","5,59","5,24","886,20K","-2,19%"
"31.07.2024","5,35","5,19","5,35","5,18","1,09M","4,96%"
"30.07.2024","5,10","5,20","5,25","5,08","481,60K","-1,05%"
"29.07.2024","5,15","5,23","5,28","5,15","788,00K","0,57%"
"26.07.2024","5,13","5,12","5,19","5,09","1,28M","-0,93%"
"25.07.2024","5,17","5,20","5,21","5,01","2,39M","-2,10%"
"24.07.2024","5,28","5,47","5,49","5,27","1,15M","-6,66%"
"23.07.2024","5,66","5,57","5,67","5,54","780,00K","2,83%"
"22.07.2024","5,51","5,49","5,62","5,48","858,60K","0,90%"
"19.07.2024","5,46","5,51","5,59","5,46","701,00K","-0,49%"
"18.07.2024","5,48","5,65","5,68","5,48","1,26M","-2,96%"
"17.07.2024","5,65","5,85","5,85","5,63","1,44M","-4,32%"
"16.07.2024","5,91","5,94","5,98","5,89","517,60K","-1,42%"
"15.07.2024","5,99","5,96","6,04","5,93","797,00K","0,59%"
"12.07.2024","5,95","5,85","5,97","5,53","2,05M","0,63%"
"11.07.2024","5,92","6,14","6,17","5,91","702,60K","-2,58%"
"10.07.2024","6,07","6,05","6,09","6,04","436,60K","0,56%"
"09.07.2024","6,04","6,05","6,07","6,03","702,60K","0,45%"
"08.07.2024","6,01","5,99","6,01","5,97","657,40K","0,89%"
"05.07.2024","5,96","5,89","5,96","5,87","527,40K","1,58%"
"04.07.2024","5,87","5,88","5,89","5,85","241,80K","0,34%"
"03.07.2024","5,85","5,81","5,85","5,77","552,40K","1,67%"
"02.07.2024","5,75","5,67","5,75","5,64","465,20K","1,59%"
"01.07.2024","5,66","5,66","5,67","5,57","584,20K","-1,62%"
"28.06.2024","5,76","5,76","5,84","5,72","692,40K","1,32%"
"27.06.2024","5,68","5,68","5,74","5,66","365,00K","0,28%"
"26.06.2024","5,66","5,69","5,73","5,64","710,00K","0,30%"
"25.06.2024","5,65","5,54","5,65","5,52","909,60K","0,55%"
"24.06.2024","5,62","5,69","5,70","5,57","955,80K","-1,18%"
"21.06.2024","5,68","5,71","5,73","5,65","1,28M","-1,88%"
"20.06.2024","5,79","5,85","5,88","5,75","656,80K","-0,19%"
"19.06.2024","5,80","5,80","5,81","5,79","430,60K","0,85%"
"18.06.2024","5,75","5,78","5,82","5,74","1,01M","1,32%"
"17.06.2024","5,68","5,67","5,69","5,63","996,00K","1,03%"
"14.06.2024","5,62","5,61","5,65","5,55","1,40M","0,88%"
"13.06.2024","5,57","5,58","5,60","5,53","808,20K","1,49%"
"12.06.2024","5,49","5,39","5,50","5,38","883,60K","3,20%"
"11.06.2024","5,32","5,29","5,33","5,25","838,60K","0,40%"
"10.06.2024","5,30","5,25","5,30","5,22","1,02M","0,86%"
"07.06.2024","5,25","5,22","5,28","5,12","479,60K","0,73%"
"06.06.2024","5,22","5,22","5,25","5,19","659,40K","0,97%"
"05.06.2024","5,17","5,03","5,18","5,02","642,40K","4,15%"
"04.06.2024","4,96","4,95","5,00","4,92","336,60K","-0,25%"
"03.06.2024","4,97","5,00","5,05","4,95","1,11M","2,96%"
"31.05.2024","4,83","4,96","5,00","4,83","1,17M","-3,85%"
"30.05.2024","5,02","5,04","5,09","4,99","424,20K","-1,82%"
"29.05.2024","5,12","5,12","5,14","5,06","714,60K","-0,47%"
"28.05.2024","5,14","5,14","5,17","5,10","515,40K","0,00%"
"27.05.2024","5,14","5,12","5,14","5,11","297,00K","0,00%"
"24.05.2024","5,14","5,04","5,14","5,03","386,80K","-0,14%"
"23.05.2024","5,15","5,17","5,20","5,09","842,80K","0,94%"
"22.05.2024","5,10","5,07","5,11","5,06","1,07M","0,99%"
"21.05.2024","5,05","5,04","5,05","5,01","448,60K","0,00%"
"20.05.2024","5,05","4,99","5,05","4,98","376,40K","1,30%"
"17.05.2024","4,98","5,00","5,02","4,97","408,20K","-1,13%"
"16.05.2024","5,04","5,02","5,05","5,00","1,58M","1,71%"
"15.05.2024","4,95","4,88","4,96","4,87","1,01M","2,44%"
"14.05.2024","4,84","4,83","4,86","4,75","476,00K","0,20%"
"13.05.2024","4,83","4,84","4,84","4,80","308,80K","0,41%"
"10.05.2024","4,81","4,82","4,86","4,80","251,80K","0,00%"
"09.05.2024","4,80","4,78","4,80","4,75","246,60K","0,11%"
"08.05.2024","4,80","4,80","4,82","4,74","433,60K","-0,26%"
"07.05.2024","4,81","4,78","4,82","4,76","827,00K","1,48%"
"06.05.2024","4,74","4,70","4,74","4,69","442,60K","1,55%"
"03.05.2024","4,67","4,57","4,69","4,56","1,05M","4,52%"
"02.05.2024","4,47","4,47","4,52","4,41","1,20M","-3,03%"
"30.04.2024","4,61","4,66","4,67","4,59","332,20K","-0,67%"
"29.04.2024","4,64","4,66","4,69","4,64","574,00K","0,00%"
"26.04.2024","4,63","4,57","4,66","4,54","1,26M","5,57%"
"25.04.2024","4,39","4,43","4,46","4,35","1,16M","-3,61%"
"24.04.2024","4,55","4,58","4,61","4,53","807,60K","1,29%"
"23.04.2024","4,50","4,41","4,51","4,39","1,92M","3,81%"
"22.04.2024","4,33","4,36","4,40","4,30","1,99M","-1,11%"
"19.04.2024","4,38","4,44","4,49","4,38","2,75M","-4,37%"
"18.04.2024","4,58","4,60","4,60","4,51","872,80K","-0,34%"
"17.04.2024","4,60","4,66","4,72","4,60","921,80K","-2,00%"
"16.04.2024","4,69","4,67","4,70","4,64","1,92M","-3,30%"
"15.04.2024","4,85","4,88","4,92","4,83","898,60K","-0,68%"
"12.04.2024","4,88","4,98","4,98","4,85","1,48M","0,72%"
"11.04.2024","4,85","4,80","4,85","4,73","795,60K","1,50%"
"10.04.2024","4,78","4,84","4,90","4,70","1,67M","0,42%"
"09.04.2024","4,76","4,81","4,84","4,73","671,20K","-1,17%"
"08.04.2024","4,81","4,80","4,84","4,77","736,40K","0,34%"
"05.04.2024","4,80","4,71","4,83","4,65","1,73M","-2,19%"
"04.04.2024","4,90","4,87","4,93","4,87","767,00K","0,55%"
"03.04.2024","4,88","4,83","4,89","4,80","593,00K","1,02%"
"02.04.2024","4,83","4,95","4,97","4,79","945,60K","-1,76%"
"28.03.2024","4,91","4,93","4,95","4,90","639,00K","0,48%"
"27.03.2024","4,89","4,92","4,96","4,86","585,40K","-0,98%"
"26.03.2024","4,94","4,94","4,96","4,92","365,20K","0,51%"
"25.03.2024","4,91","4,94","4,95","4,86","673,20K","-0,48%"
"22.03.2024","4,94","4,95","4,97","4,91","477,20K","-1,17%"
"21.03.2024","5,00","4,94","5,00","4,91","2,08M","4,68%"
"20.03.2024","4,77","4,76","4,81","4,76","673,20K","0,73%"
"19.03.2024","4,74","4,73","4,76","4,66","653,60K","-0,70%"
"18.03.2024","4,77","4,70","4,81","4,69","918,20K","2,88%"
"15.03.2024","4,64","4,74","4,78","4,63","998,00K","-2,82%"
"14.03.2024","4,77","4,81","4,82","4,72","789,00K","0,19%"
"13.03.2024","4,76","4,85","4,86","4,75","463,60K","-0,87%"
"12.03.2024","4,81","4,77","4,85","4,70","852,00K","1,79%"
"11.03.2024","4,72","4,73","4,75","4,68","1,60M","-2,39%"
"08.03.2024","4,84","4,89","4,95","4,80","1,07M","-0,60%"
"07.03.2024","4,87","4,73","4,88","4,70","1,20M","1,85%"
"06.03.2024","4,78","4,76","4,81","4,73","917,00K","0,97%"
"05.03.2024","4,73","4,86","4,87","4,71","1,03M","-3,78%"
"04.03.2024","4,92","4,95","4,97","4,91","1,18M","0,67%"
"01.03.2024","4,88","4,85","4,90","4,80","1,66M","2,64%"
"29.02.2024","4,76","4,71","4,80","4,68","922,80K","0,34%"
"28.02.2024","4,74","4,76","4,77","4,71","1,05M","-0,15%"
"27.02.2024","4,75","4,75","4,78","4,73","388,20K","-0,49%"
"26.02.2024","4,77","4,75","4,79","4,74","668,00K","0,00%"
"23.02.2024","4,78","4,79","4,85","4,75","1,14M","0,28%"
"22.02.2024","4,76","4,68","4,76","4,68","2,69M","5,67%"
"21.02.2024","4,51","4,55","4,56","4,49","818,20K","-0,51%"
"20.02.2024","4,53","4,64","4,65","4,50","1,54M","-3,25%"
"19.02.2024","4,68","4,67","4,70","4,65","422,20K","-0,98%"
"16.02.2024","4,73","4,78","4,81","4,66","1,39M","0,28%"
"15.02.2024","4,72","4,77","4,78","4,69","1,24M","0,54%"
"14.02.2024","4,69","4,68","4,73","4,66","905,00K","0,15%"
"13.02.2024","4,68","4,77","4,78","4,43","2,09M","-3,48%"
"12.02.2024","4,85","4,80","4,85","4,80","833,20K","1,53%"
"09.02.2024","4,78","4,74","4,79","4,72","1,04M","0,93%"
"08.02.2024","4,74","4,71","4,74","4,69","800,00K","0,91%"
"07.02.2024","4,69","4,61","4,73","4,60","1,03M","1,58%"
"06.02.2024","4,62","4,67","4,68","4,60","842,00K","0,00%"
"05.02.2024","4,62","4,63","4,66","4,58","1,32M","0,13%"
"02.02.2024","4,61","4,53","4,61","4,51","1,08M","4,79%"
"01.02.2024","4,40","4,43","4,45","4,38","996,40K","-0,14%"
"31.01.2024","4,41","4,49","4,50","4,38","1,32M","-3,67%"
"30.01.2024","4,58","4,60","4,62","4,57","839,60K","0,67%"
"29.01.2024","4,55","4,53","4,55","4,52","488,20K","0,00%"
"26.01.2024","4,55","4,49","4,55","4,49","969,60K","-1,52%"
"25.01.2024","4,62","4,54","4,62","4,53","930,00K","0,92%"
"24.01.2024","4,57","4,55","4,61","4,53","1,17M","2,44%"
"23.01.2024","4,46","4,46","4,50","4,44","481,00K","-0,21%"
"22.01.2024","4,47","4,48","4,51","4,45","1,45M","2,89%"
"19.01.2024","4,35","4,32","4,36","4,31","1,27M","1,66%"
"18.01.2024","4,28","4,18","4,28","4,17","1,29M","2,91%"
"17.01.2024","4,16","4,15","4,18","4,09","1,08M","-1,69%"
"16.01.2024","4,23","4,13","4,24","4,12","1,16M","1,02%"
"15.01.2024","4,19","4,20","4,20","4,17","512,60K","0,22%"
"12.01.2024","4,18","4,16","4,21","4,14","1,16M","1,78%"
"11.01.2024","4,10","4,20","4,22","4,09","2,64M","-0,70%"
"10.01.2024","4,13","4,14","4,15","4,11","951,00K","0,78%"
"09.01.2024","4,10","4,08","4,10","4,03","867,60K","2,03%"
"08.01.2024","4,02","3,93","4,03","3,90","1,49M","1,55%"
"05.01.2024","3,96","3,91","3,98","3,89","1,66M","-0,47%"
"04.01.2024","3,98","3,99","4,00","3,93","1,26M","-0,69%"
"03.01.2024","4,00","4,05","4,06","3,98","1,86M","-1,80%"
"02.01.2024","4,08","4,17","4,18","4,02","2,26M","-1,16%"
"29.12.2023","4,13","4,20","4,22","4,12","898,20K","-1,65%"
"28.12.2023","4,19","4,20","4,22","4,18","623,60K","0,76%"
"27.12.2023","4,16","4,19","4,20","4,15","726,80K","0,00%"
"22.12.2023","4,16","4,13","4,18","4,12","876,80K","0,77%"
"21.12.2023","4,13","4,13","4,16","4,11","1,12M","-1,62%"
"20.12.2023","4,20","4,19","4,22","4,17","1,21M","0,51%"
"19.12.2023","4,18","4,16","4,19","4,16","776,80K","0,54%"
"18.12.2023","4,16","4,12","4,16","4,11","626,60K","0,33%"
"15.12.2023","4,14","4,07","4,14","4,07","809,80K","2,15%"
"14.12.2023","4,05","4,14","4,15","4,05","2,26M","0,00%"
"13.12.2023","4,06","4,06","4,08","4,05","1,46M","1,31%"
"12.12.2023","4,01","3,99","4,01","3,96","3,78M","1,62%"
"11.12.2023","3,94","3,90","3,97","3,89","2,32M","1,23%"
"08.12.2023","3,89","3,86","3,92","3,81","1,82M","0,96%"
"07.12.2023","3,86","3,78","3,86","3,77","1,37M","1,41%"
"06.12.2023","3,80","3,85","3,87","3,80","2,24M","-0,17%"
"05.12.2023","3,81","3,75","3,83","3,73","1,11M","1,86%"
"04.12.2023","3,74","3,81","3,83","3,72","766,20K","-1,99%"
"01.12.2023","3,82","3,80","3,83","3,78","1,09M","1,34%"
"30.11.2023","3,77","3,83","3,85","3,76","1,51M","-1,38%"
"29.11.2023","3,82","3,82","3,89","3,81","1,54M","0,00%"
"28.11.2023","3,82","3,79","3,82","3,77","856,20K","-0,13%"
"27.11.2023","3,82","3,80","3,83","3,79","2,11M","0,24%"
"24.11.2023","3,81","3,83","3,85","3,80","654,00K","-0,97%"
"23.11.2023","3,85","3,85","3,85","3,84","160,40K","0,00%"
"22.11.2023","3,86","3,79","3,90","3,79","1,39M","1,89%"
"21.11.2023","3,78","3,84","3,84","3,76","816,60K","-0,66%"
"20.11.2023","3,81","3,75","3,81","3,74","425,20K","1,40%"
"17.11.2023","3,76","3,79","3,80","3,74","747,60K","0,31%"
"16.11.2023","3,74","3,76","3,79","3,73","691,80K","-1,46%"
"15.11.2023","3,80","3,79","3,84","3,78","1,10M","1,08%"
"14.11.2023","3,76","3,69","3,79","3,67","1,43M","2,23%"
"13.11.2023","3,68","3,66","3,69","3,64","1,15M","1,52%"
"10.11.2023","3,62","3,55","3,63","3,52","854,40K","0,39%"
"09.11.2023","3,61","3,59","3,61","3,58","276,40K","0,84%"
"08.11.2023","3,58","3,59","3,62","3,55","1,76M","-0,57%"
"07.11.2023","3,60","3,50","3,60","3,50","800,00K","2,74%"
"06.11.2023","3,50","3,49","3,51","3,48","1,12M","0,34%"
"03.11.2023","3,49","3,42","3,49","3,40","1,39M","2,21%"
"02.11.2023","3,42","3,36","3,42","3,36","1,78M","3,94%"
"01.11.2023","3,29","3,21","3,30","3,20","594,80K","2,86%"
"31.10.2023","3,19","3,15","3,19","3,14","827,00K","1,16%"
"30.10.2023","3,16","3,18","3,21","3,14","430,40K","0,00%"
"27.10.2023","3,16","3,14","3,18","3,14","797,20K","0,75%"
"26.10.2023","3,14","3,15","3,22","3,13","2,15M","-4,45%"
"25.10.2023","3,28","3,34","3,36","3,28","984,80K","-2,25%"
"24.10.2023","3,36","3,33","3,39","3,32","1,33M","1,28%"
"23.10.2023","3,32","3,31","3,32","3,23","1,92M","0,52%"
"20.10.2023","3,30","3,37","3,40","3,30","2,38M","-4,73%"
"19.10.2023","3,46","3,47","3,51","3,44","679,40K","-1,76%"
"18.10.2023","3,53","3,54","3,56","3,51","500,40K","-1,20%"
"17.10.2023","3,57","3,59","3,60","3,48","1,44M","-1,05%"
"16.10.2023","3,61","3,54","3,61","3,51","873,20K","1,45%"
"13.10.2023","3,56","3,62","3,64","3,55","2,03M","-2,83%"
"12.10.2023","3,66","3,63","3,67","3,62","1,45M","1,98%"
"11.10.2023","3,59","3,58","3,62","3,57","625,00K","-0,55%"
"10.10.2023","3,61","3,55","3,61","3,53","1,38M","3,71%"
"09.10.2023","3,48","3,46","3,49","3,44","1,40M","1,22%"
"06.10.2023","3,44","3,40","3,44","3,33","1,45M","2,37%"
"05.10.2023","3,36","3,42","3,45","3,34","787,00K","-1,09%"
"04.10.2023","3,39","3,31","3,40","3,30","1,40M","0,98%"
"03.10.2023","3,36","3,48","3,49","3,36","1,86M","-3,53%"
"02.10.2023","3,48","3,44","3,50","3,39","813,20K","1,65%"
"29.09.2023","3,43","3,41","3,48","3,40","882,80K","1,17%"
"28.09.2023","3,39","3,36","3,39","3,31","1,11M","1,30%"
"27.09.2023","3,35","3,34","3,38","3,33","1,37M","0,44%"
"26.09.2023","3,33","3,37","3,39","3,32","1,22M","-2,03%"
"25.09.2023","3,40","3,39","3,41","3,34","1,01M","-0,83%"
"22.09.2023","3,43","3,38","3,43","3,38","1,15M","0,72%"
"21.09.2023","3,40","3,48","3,48","3,39","1,88M","-4,46%"
"20.09.2023","3,56","3,59","3,61","3,56","1,53M","0,47%"
"19.09.2023","3,55","3,59","3,62","3,52","911,00K","-1,83%"
"18.09.2023","3,61","3,61","3,62","3,57","1,31M","0,00%"
"15.09.2023","3,61","3,75","3,75","3,61","924,00K","-2,98%"
"14.09.2023","3,73","3,68","3,74","3,65","874,80K","1,65%"
"13.09.2023","3,66","3,62","3,66","3,59","584,40K","0,23%"
"12.09.2023","3,66","3,71","3,71","3,63","1,38M","-0,18%"
"11.09.2023","3,66","3,66","3,69","3,63","926,20K","0,15%"
"08.09.2023","3,66","3,63","3,66","3,60","1,05M","1,23%"
"07.09.2023","3,61","3,64","3,65","3,57","1,45M","-1,47%"
"06.09.2023","3,67","3,71","3,72","3,65","1,23M","-1,79%"
"05.09.2023","3,73","3,70","3,76","3,67","1,25M","0,85%"
"04.09.2023","3,70","3,72","3,73","3,70","425,00K","0,00%"
"01.09.2023","3,70","3,68","3,74","3,68","905,60K","0,00%"
"31.08.2023","3,70","3,65","3,73","3,65","1,53M","1,81%"
"30.08.2023","3,64","3,63","3,64","3,59","1,10M","0,68%"
"29.08.2023","3,61","3,51","3,61","3,48","1,80M","4,08%"
"28.08.2023","3,47","3,45","3,51","3,44","705,40K","2,21%"
"25.08.2023","3,40","3,38","3,46","3,35","1,34M","-1,45%"
"24.08.2023","3,45","3,63","3,63","3,44","2,37M","-2,32%"
"23.08.2023","3,53","3,45","3,53","3,44","1,11M","2,10%"
"22.08.2023","3,45","3,42","3,48","3,42","1,88M","3,07%"
"21.08.2023","3,35","3,32","3,40","3,32","2,17M","2,23%"
"18.08.2023","3,28","3,33","3,33","3,26","2,18M","-2,80%"
"17.08.2023","3,37","3,42","3,43","3,36","1,52M","-2,63%"
"16.08.2023","3,46","3,48","3,49","3,44","719,80K","-0,80%"
"15.08.2023","3,49","3,55","3,55","3,46","1,08M","-0,43%"
"14.08.2023","3,51","3,45","3,53","3,44","891,80K","2,33%"
"11.08.2023","3,43","3,50","3,51","3,43","1,19M","-2,83%"
"10.08.2023","3,53","3,51","3,58","3,50","886,20K","1,22%"
"09.08.2023","3,48","3,59","3,60","3,47","1,23M","-0,98%"
"08.08.2023","3,52","3,59","3,60","3,51","1,30M","-1,00%"
"07.08.2023","3,56","3,59","3,61","3,55","539,60K","-2,04%"
"04.08.2023","3,63","3,64","3,67","3,57","1,04M","0,36%"
"03.08.2023","3,62","3,60","3,63","3,57","1,65M","-0,62%"
"02.08.2023","3,64","3,70","3,73","3,64","1,55M","-3,65%"
"01.08.2023","3,78","3,78","3,79","3,74","597,40K","0,20%"
"31.07.2023","3,77","3,77","3,80","3,75","548,60K","-0,33%"
"28.07.2023","3,78","3,70","3,78","3,69","1,21M","0,00%"
"27.07.2023","3,78","3,69","3,81","3,69","1,52M","4,23%"
"26.07.2023","3,63","3,67","3,68","3,61","528,80K","-1,39%"
"25.07.2023","3,68","3,64","3,69","3,63","992,40K","1,90%"
"24.07.2023","3,61","3,60","3,64","3,58","1,76M","-0,59%"
"21.07.2023","3,63","3,63","3,67","3,60","2,47M","-1,73%"
"20.07.2023","3,69","3,71","3,74","3,66","1,55M","-2,93%"
"19.07.2023","3,81","3,77","3,81","3,76","1,34M","3,44%"
"18.07.2023","3,68","3,68","3,69","3,65","821,60K","0,20%"
"17.07.2023","3,67","3,63","3,68","3,62","898,00K","-0,38%"
"14.07.2023","3,68","3,64","3,70","3,63","1,52M","2,43%"
"13.07.2023","3,60","3,57","3,61","3,57","982,40K","1,30%"
"12.07.2023","3,55","3,51","3,59","3,50","901,80K","2,25%"
"11.07.2023","3,47","3,48","3,50","3,45","470,60K","0,00%"
"10.07.2023","3,47","3,45","3,49","3,43","897,00K","-1,25%"
"07.07.2023","3,51","3,51","3,55","3,49","1,06M","0,46%"
"06.07.2023","3,50","3,56","3,57","3,48","1,35M","-2,62%"
"05.07.2023","3,59","3,55","3,62","3,53","896,80K","0,27%"
"04.07.2023","3,58","3,58","3,59","3,57","260,00K","0,55%"
"03.07.2023","3,56","3,58","3,60","3,56","690,80K","0,18%"
"30.06.2023","3,56","3,49","3,58","3,49","941,20K","2,33%"
"29.06.2023","3,47","3,48","3,50","3,44","1,01M","-0,29%"
"28.06.2023","3,48","3,42","3,51","3,41","698,40K","2,86%"
"27.06.2023","3,39","3,36","3,39","3,35","524,00K","-1,07%"
"26.06.2023","3,42","3,44","3,48","3,40","818,00K","-0,25%"
"23.06.2023","3,43","3,48","3,50","3,42","731,40K","-0,72%"
"22.06.2023","3,46","3,38","3,46","3,37","1,27M","0,95%"
"21.06.2023","3,42","3,51","3,53","3,40","948,40K","-2,07%"
"20.06.2023","3,50","3,51","3,55","3,47","1,14M","-0,43%"
"19.06.2023","3,51","3,53","3,54","3,51","619,80K","-1,42%"
"16.06.2023","3,56","3,56","3,62","3,55","1,23M","0,68%"
"15.06.2023","3,54","3,52","3,54","3,45","1,16M","0,75%"
"14.06.2023","3,51","3,49","3,53","3,46","1,10M","0,90%"
"13.06.2023","3,48","3,47","3,51","3,43","2,05M","2,84%"
"12.06.2023","3,38","3,37","3,38","3,35","637,80K","1,39%"
"09.06.2023","3,34","3,31","3,39","3,29","526,00K","1,12%"
"08.06.2023","3,30","3,23","3,30","3,22","856,20K","-0,78%"
"07.06.2023","3,33","3,36","3,40","3,30","534,00K","-1,01%"
"06.06.2023","3,36","3,36","3,38","3,35","638,00K","-1,34%"
"05.06.2023","3,41","3,35","3,41","3,35","1,20M","1,41%"
"02.06.2023","3,36","3,31","3,37","3,30","1,49M","2,82%"
"01.06.2023","3,27","3,24","3,27","3,21","796,00K","1,16%"
"31.05.2023","3,23","3,26","3,29","3,23","702,40K","-2,14%"
"30.05.2023","3,30","3,29","3,34","3,27","1,44M","0,99%"
"29.05.2023","3,27","3,28","3,29","3,26","1,48M","1,68%"
"26.05.2023","3,21","3,08","3,22","3,07","2,04M","4,62%"
"25.05.2023","3,07","3,03","3,09","3,02","1,40M","5,39%"
"24.05.2023","2,91","2,95","2,96","2,90","1,17M","-3,36%"
"23.05.2023","3,02","3,03","3,04","3,00","658,80K","-0,54%"
"22.05.2023","3,03","3,01","3,04","2,99","748,60K","1,10%"
"19.05.2023","3,00","3,03","3,05","3,00","1,37M","0,00%"
"18.05.2023","3,00","2,91","3,01","2,91","1,27M","4,76%"
"17.05.2023","2,87","2,84","2,88","2,84","629,80K","0,54%"
"16.05.2023","2,85","2,81","2,85","2,81","789,00K","1,41%"
"15.05.2023","2,81","2,81","2,82","2,78","368,20K","0,72%"
"12.05.2023","2,79","2,81","2,83","2,79","490,00K","-0,50%"
"11.05.2023","2,81","2,80","2,81","2,77","869,20K","1,54%"
"10.05.2023","2,76","2,72","2,78","2,69","1,66M","1,25%"
"09.05.2023","2,73","2,73","2,74","2,72","402,60K","0,46%"
"08.05.2023","2,72","2,71","2,72","2,70","385,00K","0,33%"
"05.05.2023","2,71","2,64","2,71","2,63","637,40K","2,83%"
"04.05.2023","2,63","2,64","2,65","2,60","758,80K","-1,15%"
"03.05.2023","2,66","2,67","2,69","2,66","593,40K","0,00%"
"02.05.2023","2,66","2,73","2,74","2,65","751,60K","-0,82%"
"28.04.2023","2,68","2,68","2,71","2,67","576,20K","1,19%"
"27.04.2023","2,65","2,59","2,65","2,58","522,00K","2,77%"
"26.04.2023","2,58","2,58","2,59","2,54","1,23M","0,00%"
"25.04.2023","2,58","2,59","2,61","2,58","723,60K","-0,67%"
"24.04.2023","2,60","2,62","2,65","2,60","182,40K","-1,55%"
"21.04.2023","2,64","2,64","2,65","2,61","948,00K","-0,49%"
"20.04.2023","2,65","2,66","2,66","2,62","584,60K","-0,64%"
"19.04.2023","2,67","2,66","2,67","2,64","480,60K","-0,56%"
"18.04.2023","2,68","2,69","2,73","2,67","1,23M","0,73%"
"17.04.2023","2,66","2,68","2,69","2,66","848,40K","0,00%"
"14.04.2023","2,66","2,66","2,70","2,63","902,80K","0,89%"
"13.04.2023","2,64","2,61","2,64","2,58","1,26M","0,78%"
"12.04.2023","2,62","2,64","2,70","2,60","1,75M","-1,45%"
"11.04.2023","2,65","2,70","2,70","2,64","1,21M","0,21%"
"06.04.2023","2,65","2,64","2,66","2,61","1,21M","0,00%"
"05.04.2023","2,64","2,71","2,71","2,63","945,00K","-2,31%"
"04.04.2023","2,71","2,73","2,76","2,69","925,40K","0,00%"
"03.04.2023","2,70","2,74","2,74","2,69","2,13M","-0,30%"
"31.03.2023","2,71","2,66","2,71","2,66","1,06M","2,22%"
"30.03.2023","2,65","2,63","2,67","2,63","1,22M","2,04%"
"29.03.2023","2,60","2,58","2,61","2,57","769,80K","3,26%"
"28.03.2023","2,52","2,58","2,58","2,50","1,26M","-2,93%"
"27.03.2023","2,59","2,63","2,64","2,58","2,29M","0,86%"
"24.03.2023","2,57","2,60","2,61","2,55","1,85M","-1,87%"
"23.03.2023","2,62","2,55","2,63","2,55","1,74M","0,61%"
"22.03.2023","2,60","2,59","2,63","2,58","991,20K","1,58%"
"21.03.2023","2,56","2,55","2,59","2,54","852,20K","1,85%"
"20.03.2023","2,52","2,52","2,55","2,48","1,65M","-0,87%"
"17.03.2023","2,54","2,58","2,61","2,51","2,12M","0,00%"
"16.03.2023","2,54","2,46","2,55","2,43","2,76M","5,57%"
"15.03.2023","2,41","2,40","2,44","2,33","2,81M","0,22%"
"14.03.2023","2,40","2,31","2,41","2,29","2,05M","3,73%"
"13.03.2023","2,32","2,33","2,35","2,23","6,73M","-2,29%"
"10.03.2023","2,37","2,35","2,40","2,29","3,41M","-4,19%"
"09.03.2023","2,47","2,44","2,50","2,41","1,33M","1,82%"
"08.03.2023","2,43","2,43","2,45","2,41","1,08M","-0,64%"
"07.03.2023","2,44","2,47","2,48","2,42","1,66M","-2,74%"
"06.03.2023","2,51","2,47","2,52","2,46","2,23M","3,48%"
"03.03.2023","2,43","2,37","2,43","2,36","1,80M","5,11%"
"02.03.2023","2,31","2,28","2,33","2,28","1,58M","-0,36%"
"01.03.2023","2,32","2,38","2,39","2,31","976,40K","-2,73%"
"28.02.2023","2,38","2,37","2,41","2,36","554,00K","0,00%"
"27.02.2023","2,38","2,39","2,42","2,38","1,26M","1,54%"
"24.02.2023","2,35","2,42","2,42","2,33","1,99M","-1,81%"
"23.02.2023","2,39","2,42","2,45","2,38","1,06M","0,00%"
"22.02.2023","2,39","2,39","2,40","2,36","2,56M","-0,52%"
"21.02.2023","2,40","2,46","2,46","2,40","1,39M","-3,32%"
"20.02.2023","2,48","2,48","2,50","2,47","657,60K","1,16%"
"17.02.2023","2,45","2,50","2,51","2,45","1,83M","-5,41%"
"16.02.2023","2,59","2,62","2,63","2,54","2,30M","0,41%"
"15.02.2023","2,58","2,54","2,59","2,54","994,00K","3,24%"
"14.02.2023","2,50","2,54","2,58","2,48","3,68M","-1,15%"
"13.02.2023","2,53","2,46","2,54","2,46","1,26M","2,78%"
"10.02.2023","2,46","2,48","2,50","2,44","2,16M","-3,40%"
"09.02.2023","2,55","2,57","2,60","2,55","1,29M","0,47%"
"08.02.2023","2,54","2,63","2,63","2,53","2,87M","-1,09%"
"07.02.2023","2,56","2,53","2,56","2,52","1,05M","0,22%"
"06.02.2023","2,56","2,54","2,56","2,50","2,31M","-3,49%"
"03.02.2023","2,65","2,52","2,65","2,51","5,60M","1,49%"
"02.02.2023","2,61","2,48","2,61","2,47","4,89M","11,59%"
"01.02.2023","2,34","2,34","2,36","2,32","1,66M","0,38%"
"31.01.2023","2,33","2,30","2,34","2,26","2,08M","0,31%"
"30.01.2023","2,32","2,34","2,35","2,29","1,75M","-1,87%"
"27.01.2023","2,37","2,31","2,37","2,30","2,78M","3,57%"
"26.01.2023","2,29","2,27","2,32","2,26","1,85M","4,12%"
"25.01.2023","2,20","2,24","2,24","2,14","2,91M","-2,98%"
"24.01.2023","2,26","2,27","2,28","2,24","1,48M","0,00%"
"23.01.2023","2,27","2,18","2,28","2,16","2,52M","6,20%"
"20.01.2023","2,13","2,09","2,13","2,07","829,20K","3,34%"
"19.01.2023","2,07","2,11","2,12","2,07","1,44M","-3,61%"
"18.01.2023","2,14","2,18","2,21","2,14","2,06M","-1,08%"
"17.01.2023","2,17","2,14","2,19","2,13","1,16M","0,55%"
"16.01.2023","2,15","2,16","2,17","2,13","836,20K","1,81%"
"13.01.2023","2,12","2,13","2,13","2,09","2,00M","0,61%"
"12.01.2023","2,10","2,12","2,15","2,07","3,92M","0,77%"
"11.01.2023","2,09","2,05","2,09","2,05","1,39M","3,16%"
"10.01.2023","2,02","2,02","2,06","2,00","1,61M","-2,96%"
"09.01.2023","2,09","2,01","2,09","2,01","1,83M","5,25%"
"06.01.2023","1,98","1,94","1,99","1,91","1,75M","1,80%"
"05.01.2023","1,95","1,97","2,00","1,93","1,20M","-2,48%"
"04.01.2023","2,00","1,99","2,00","1,94","1,54M","2,02%"
"03.01.2023","1,96","2,02","2,06","1,96","1,49M","-4,69%"
"02.01.2023","2,05","2,00","2,06","2,00","1,40M","5,65%"
"30.12.2022","1,94","1,96","1,97","1,92","985,00K","-2,12%"
"29.12.2022","1,98","1,91","1,99","1,91","1,23M","3,67%"
"28.12.2022","1,91","1,96","1,97","1,91","936,00K","-2,52%"
"27.12.2022","1,96","2,03","2,04","1,94","689,60K","-1,41%"
"23.12.2022","1,99","2,00","2,03","1,94","1,12M","0,00%"
"22.12.2022","1,99","2,11","2,12","1,98","2,69M","-5,97%"
"21.12.2022","2,11","2,06","2,12","2,05","1,12M","4,25%"
"20.12.2022","2,03","2,01","2,07","2,01","1,69M","-1,58%"
"19.12.2022","2,06","2,12","2,13","2,06","963,00K","-2,42%"
"16.12.2022","2,11","2,14","2,16","2,10","3,73M","-2,18%"
"15.12.2022","2,16","2,26","2,27","2,15","2,07M","-8,80%"
"14.12.2022","2,37","2,34","2,37","2,32","997,80K","-1,37%"
"13.12.2022","2,40","2,31","2,47","2,31","2,84M","6,42%"
"12.12.2022","2,26","2,25","2,27","2,24","531,20K","-2,03%"
"09.12.2022","2,30","2,29","2,31","2,24","836,80K","1,16%"
"08.12.2022","2,28","2,24","2,29","2,22","958,00K","2,18%"
"07.12.2022","2,23","2,27","2,27","2,20","1,30M","-2,50%"
"06.12.2022","2,28","2,36","2,37","2,27","812,40K","-3,99%"
"05.12.2022","2,38","2,41","2,42","2,37","765,00K","-1,31%"
"02.12.2022","2,41","2,44","2,46","2,35","1,09M","-1,69%"
"01.12.2022","2,45","2,47","2,49","2,42","1,85M","6,46%"
"30.11.2022","2,30","2,29","2,30","2,28","392,80K","1,43%"
"29.11.2022","2,27","2,33","2,34","2,26","1,67M","-2,80%"
"28.11.2022","2,34","2,34","2,36","2,31","723,60K","-1,62%"
"25.11.2022","2,37","2,42","2,42","2,37","749,60K","-2,00%"
"24.11.2022","2,42","2,41","2,43","2,41","519,00K","0,55%"
"23.11.2022","2,41","2,37","2,42","2,37","1,09M","2,86%"
"22.11.2022","2,34","2,32","2,35","2,30","785,60K","0,45%"
"21.11.2022","2,33","2,35","2,37","2,32","515,20K","-0,65%"
"18.11.2022","2,35","2,35","2,40","2,33","1,98M","0,55%"
"17.11.2022","2,34","2,39","2,39","2,29","3,42M","-1,42%"
"16.11.2022","2,37","2,44","2,44","2,34","1,51M","-4,51%"
"15.11.2022","2,48","2,40","2,49","2,39","3,14M","3,71%"
"14.11.2022","2,39","2,39","2,41","2,37","3,36M","2,12%"
"11.11.2022","2,34","2,40","2,40","2,32","2,56M","1,54%"
"10.11.2022","2,31","2,11","2,31","2,10","3,66M","7,57%"
"09.11.2022","2,14","2,20","2,21","2,14","1,50M","-3,83%"
"08.11.2022","2,23","2,15","2,23","2,15","1,93M","4,07%"
"07.11.2022","2,14","2,11","2,16","2,11","1,63M","2,15%"
"04.11.2022","2,10","2,12","2,18","2,07","3,08M","-2,05%"
"03.11.2022","2,14","2,20","2,20","2,11","2,54M","-6,12%"
"02.11.2022","2,28","2,34","2,35","2,28","1,26M","-2,43%"
"01.11.2022","2,34","2,41","2,43","2,33","1,83M","-1,59%"
"31.10.2022","2,38","2,40","2,40","2,35","1,92M","0,57%"
"28.10.2022","2,36","2,22","2,38","2,21","1,77M","2,06%"
"27.10.2022","2,31","2,34","2,35","2,27","2,14M","-5,02%"
"26.10.2022","2,44","2,38","2,44","2,35","1,32M","-0,77%"
"25.10.2022","2,46","2,40","2,46","2,38","2,18M","4,48%"
"24.10.2022","2,35","2,36","2,39","2,29","2,91M","3,26%"
"21.10.2022","2,28","2,24","2,31","2,21","1,27M","-2,30%"
"20.10.2022","2,33","2,25","2,34","2,24","1,42M","1,41%"
"19.10.2022","2,30","2,31","2,33","2,27","1,22M","1,42%"
"18.10.2022","2,27","2,32","2,37","2,26","2,51M","0,55%"
"17.10.2022","2,25","2,19","2,27","2,16","1,70M","2,87%"
"14.10.2022","2,19","2,28","2,33","2,18","1,49M","-0,60%"
"13.10.2022","2,20","2,17","2,25","2,05","2,22M","0,52%"
"12.10.2022","2,19","2,21","2,23","2,17","1,18M","-0,99%"
"11.10.2022","2,21","2,20","2,23","2,16","1,27M","-1,16%"
"10.10.2022","2,24","2,27","2,30","2,22","1,77M","-3,19%"
"07.10.2022","2,31","2,44","2,45","2,31","1,47M","-6,91%"
"06.10.2022","2,48","2,47","2,52","2,43","1,18M","3,87%"
"05.10.2022","2,39","2,42","2,44","2,37","1,82M","-2,49%"
"04.10.2022","2,45","2,40","2,46","2,39","2,83M","6,05%"
"03.10.2022","2,31","2,24","2,32","2,21","2,70M","-2,38%"
"30.09.2022","2,37","2,35","2,38","2,31","1,05M","1,62%"
"29.09.2022","2,33","2,45","2,45","2,31","2,35M","-4,91%"
"28.09.2022","2,45","2,40","2,47","2,35","1,41M","0,39%"
"27.09.2022","2,44","2,46","2,51","2,44","915,20K","0,00%"
"26.09.2022","2,44","2,40","2,49","2,38","961,80K","0,86%"
"23.09.2022","2,42","2,45","2,46","2,39","2,09M","-1,62%"
"22.09.2022","2,46","2,49","2,55","2,44","1,54M","-6,46%"
"21.09.2022","2,63","2,59","2,63","2,58","476,80K","1,21%"
"20.09.2022","2,60","2,62","2,64","2,57","1,39M","1,43%"
"19.09.2022","2,56","2,55","2,60","2,53","1,18M","1,39%"
"16.09.2022","2,52","2,56","2,58","2,52","1,66M","-4,21%"
"15.09.2022","2,64","2,72","2,72","2,61","1,44M","-2,19%"
"14.09.2022","2,69","2,69","2,72","2,65","1,52M","-1,77%"
"13.09.2022","2,74","2,97","3,01","2,74","3,42M","-7,00%"
"12.09.2022","2,95","2,89","2,96","2,88","1,95M","1,88%"
"09.09.2022","2,89","2,81","2,90","2,81","1,82M","2,46%"
"08.09.2022","2,83","2,79","2,83","2,72","772,80K","3,73%"
"07.09.2022","2,72","2,68","2,73","2,67","425,00K","0,00%"
"06.09.2022","2,72","2,75","2,77","2,65","803,40K","-0,46%"
"05.09.2022","2,73","2,74","2,75","2,70","629,40K","-3,27%"
"02.09.2022","2,83","2,78","2,86","2,76","2,17M","4,78%"
"01.09.2022","2,70","2,72","2,75","2,64","3,82M","-3,07%"
"31.08.2022","2,78","2,84","2,88","2,77","997,40K","-0,85%"
"30.08.2022","2,81","2,90","2,94","2,78","1,58M","-2,57%"
"29.08.2022","2,88","2,87","2,92","2,86","1,57M","-5,20%"
"26.08.2022","3,04","3,19","3,21","3,01","1,80M","-3,37%"
"25.08.2022","3,15","3,15","3,18","3,11","943,80K","1,06%"
"24.08.2022","3,11","3,08","3,12","3,05","551,40K","1,07%"
"23.08.2022","3,08","3,09","3,13","3,07","1,07M","-1,36%"
"22.08.2022","3,12","3,20","3,21","3,11","1,81M","-3,45%"
"19.08.2022","3,23","3,31","3,32","3,23","922,00K","-3,66%"
"18.08.2022","3,36","3,28","3,36","3,28","798,40K","2,11%"
"17.08.2022","3,29","3,38","3,38","3,28","2,73M","-2,87%"
"16.08.2022","3,38","3,39","3,42","3,32","1,51M","0,83%"
"15.08.2022","3,36","3,31","3,37","3,29","1,10M","2,39%"
"12.08.2022","3,28","3,19","3,28","3,19","833,20K","1,52%"
"11.08.2022","3,23","3,25","3,29","3,21","1,37M","1,24%"
"10.08.2022","3,19","3,06","3,21","3,06","1,53M","3,50%"
"09.08.2022","3,08","3,17","3,17","3,04","1,42M","-3,76%"
"08.08.2022","3,20","3,21","3,27","3,18","1,39M","1,89%"
"05.08.2022","3,14","3,22","3,23","3,13","2,00M","-0,98%"
"04.08.2022","3,17","3,19","3,24","3,16","2,46M","0,00%"
"03.08.2022","3,18","3,04","3,18","3,03","748,00K","4,25%"
"02.08.2022","3,05","3,01","3,07","2,97","1,09M","-0,78%"
"01.08.2022","3,07","3,03","3,10","2,99","1,27M","3,02%"
"29.07.2022","2,98","3,02","3,05","2,97","1,45M","2,14%"
"28.07.2022","2,92","2,86","2,92","2,83","1,10M","3,22%"
"27.07.2022","2,83","2,76","2,84","2,75","592,20K","4,40%"
"26.07.2022","2,71","2,76","2,78","2,70","414,40K","-2,84%"
"25.07.2022","2,79","2,81","2,84","2,74","629,00K","-1,28%"
"22.07.2022","2,82","2,87","2,92","2,82","845,60K","-1,53%"
"21.07.2022","2,87","2,82","2,87","2,80","1,13M","1,04%"
"20.07.2022","2,84","2,75","2,84","2,73","1,25M","5,13%"
"19.07.2022","2,70","2,62","2,70","2,58","1,18M","0,00%"
"18.07.2022","2,70","2,69","2,72","2,67","1,20M","2,29%"
"15.07.2022","2,64","2,58","2,65","2,55","3,44M","5,09%"
"14.07.2022","2,51","2,55","2,55","2,47","460,80K","-1,10%"
"13.07.2022","2,54","2,59","2,63","2,45","1,41M","-3,07%"
"12.07.2022","2,62","2,59","2,67","2,57","963,40K","0,00%"
"11.07.2022","2,62","2,66","2,69","2,60","756,40K","-3,80%"
"08.07.2022","2,73","2,68","2,73","2,63","1,45M","2,67%"
"07.07.2022","2,65","2,60","2,67","2,58","768,60K","4,71%"
"06.07.2022","2,54","2,53","2,58","2,51","1,71M","5,15%"
"05.07.2022","2,41","2,43","2,45","2,35","759,20K","1,05%"
"04.07.2022","2,39","2,38","2,39","2,37","438,00K","0,74%"
"01.07.2022","2,37","2,33","2,39","2,32","843,00K","-0,57%"
"30.06.2022","2,38","2,37","2,40","2,31","1,70M","-2,10%"
"29.06.2022","2,43","2,40","2,45","2,38","1,59M","-2,53%"
"28.06.2022","2,50","2,59","2,62","2,49","1,24M","-3,10%"
"27.06.2022","2,58","2,65","2,65","2,55","2,74M","1,44%"
"24.06.2022","2,54","2,48","2,58","2,47","1,86M","4,58%"
"23.06.2022","2,43","2,35","2,44","2,34","1,04M","0,62%"
"22.06.2022","2,41","2,31","2,44","2,28","1,65M","0,66%"
"21.06.2022","2,40","2,33","2,41","2,32","1,85M","3,94%"
"20.06.2022","2,31","2,30","2,31","2,28","510,40K","1,69%"
"17.06.2022","2,27","2,24","2,30","2,21","2,57M","1,57%"
"16.06.2022","2,23","2,37","2,38","2,21","2,86M","-6,24%"
"15.06.2022","2,38","2,33","2,41","2,32","1,20M","2,71%"
"14.06.2022","2,32","2,38","2,38","2,29","2,37M","-1,13%"
"13.06.2022","2,35","2,43","2,43","2,32","2,39M","-6,84%"
"10.06.2022","2,52","2,70","2,71","2,52","3,06M","-10,12%"
"09.06.2022","2,80","2,81","2,85","2,77","657,40K","-2,30%"
"08.06.2022","2,87","2,84","2,88","2,81","646,20K","1,97%"
"07.06.2022","2,81","2,77","2,85","2,73","1,03M","-0,79%"
"06.06.2022","2,84","2,83","2,90","2,82","901,00K","1,91%"
"03.06.2022","2,78","2,91","2,92","2,76","1,60M","-1,90%"
"02.06.2022","2,84","2,81","2,85","2,74","908,20K","1,11%"
"01.06.2022","2,81","2,84","2,91","2,79","1,05M","0,00%"
"31.05.2022","2,81","2,85","2,87","2,77","861,40K","-2,86%"
"30.05.2022","2,89","2,91","2,92","2,86","1,79M","3,07%"
"27.05.2022","2,80","2,66","2,80","2,64","2,48M","6,46%"
"26.05.2022","2,63","2,52","2,65","2,51","1,39M","5,51%"
"25.05.2022","2,50","2,50","2,53","2,43","1,36M","3,83%"
"24.05.2022","2,40","2,47","2,50","2,37","1,86M","-6,20%"
"23.05.2022","2,56","2,58","2,59","2,48","1,44M","2,48%"
"20.05.2022","2,50","2,58","2,63","2,49","1,04M","-3,14%"
"19.05.2022","2,58","2,57","2,59","2,49","1,93M","-3,78%"
"18.05.2022","2,68","2,84","2,84","2,68","890,40K","-4,88%"
"17.05.2022","2,82","2,78","2,86","2,75","980,60K","2,32%"
"16.05.2022","2,76","2,77","2,82","2,73","863,80K","-1,25%"
"13.05.2022","2,79","2,69","2,80","2,68","5,19M","5,86%"
"12.05.2022","2,64","2,57","2,70","2,52","3,24M","-4,23%"
"11.05.2022","2,75","2,80","2,86","2,66","3,73M","1,68%"
"10.05.2022","2,71","2,78","2,85","2,69","1,96M","-1,28%"
"09.05.2022","2,74","2,90","2,91","2,74","2,13M","-7,72%"
"06.05.2022","2,97","3,01","3,03","2,85","2,44M","-2,56%"
"05.05.2022","3,05","3,30","3,30","3,03","1,47M","0,58%"
"04.05.2022","3,03","3,15","3,16","3,03","933,80K","-3,76%"
"03.05.2022","3,15","3,13","3,16","3,08","1,02M","3,41%"
"02.05.2022","3,05","3,07","3,11","2,98","1,91M","-4,62%"
"29.04.2022","3,19","3,27","3,30","3,17","1,47M","0,00%"
"28.04.2022","3,19","3,22","3,27","3,14","771,80K","0,71%"
"27.04.2022","3,17","3,12","3,21","3,07","2,43M","0,80%"
"26.04.2022","3,14","3,30","3,31","3,12","857,60K","-2,04%"
"25.04.2022","3,21","3,17","3,25","3,14","1,66M","-3,34%"
"22.04.2022","3,32","3,39","3,40","3,31","1,92M","-6,04%"
"21.04.2022","3,53","3,53","3,63","3,53","780,00K","0,31%"
"20.04.2022","3,52","3,56","3,66","3,52","973,60K","-2,27%"
"19.04.2022","3,60","3,51","3,61","3,44","1,04M","1,35%"
"14.04.2022","3,56","3,62","3,63","3,54","645,20K","-0,91%"
"13.04.2022","3,59","3,54","3,59","3,48","1,42M","-0,32%"
"12.04.2022","3,60","3,49","3,63","3,47","1,60M","1,67%"
"11.04.2022","3,54","3,63","3,65","3,52","1,51M","-4,88%"
"08.04.2022","3,72","3,81","3,83","3,68","855,20K","0,85%"
"07.04.2022","3,69","3,76","3,80","3,69","1,05M","-0,98%"
"06.04.2022","3,73","3,92","3,93","3,72","1,84M","-6,38%"
"05.04.2022","3,98","4,07","4,09","3,96","708,60K","-1,34%"
"04.04.2022","4,04","3,91","4,04","3,88","660,20K","4,15%"
"01.04.2022","3,88","3,93","3,94","3,87","1,02M","-2,39%"
"31.03.2022","3,97","4,00","4,02","3,94","680,20K","-0,86%"
"30.03.2022","4,00","4,05","4,05","3,98","1,36M","-0,46%"
"29.03.2022","4,02","3,99","4,05","3,97","2,06M","3,49%"
"28.03.2022","3,89","3,86","3,95","3,84","1,18M","1,98%"
"25.03.2022","3,81","3,86","3,90","3,77","928,80K","0,86%"
"24.03.2022","3,78","3,76","3,81","3,71","679,00K","-0,43%"
"23.03.2022","3,80","3,80","3,82","3,72","1,28M","0,54%"
"22.03.2022","3,78","3,68","3,82","3,66","1,85M","3,78%"
"21.03.2022","3,64","3,64","3,69","3,59","1,53M","0,94%"
"18.03.2022","3,60","3,48","3,61","3,46","1,18M","5,04%"
"17.03.2022","3,43","3,44","3,46","3,37","1,71M","1,52%"
"16.03.2022","3,38","3,31","3,41","3,30","1,67M","6,04%"
"15.03.2022","3,19","3,01","3,20","2,98","1,66M","3,32%"
"14.03.2022","3,08","3,21","3,22","3,08","1,47M","-4,52%"
"11.03.2022","3,23","3,29","3,41","3,23","968,60K","0,87%"
"10.03.2022","3,20","3,32","3,33","3,20","1,07M","-2,62%"
"09.03.2022","3,29","3,21","3,32","3,20","1,79M","5,54%"
"08.03.2022","3,12","3,16","3,24","3,11","3,43M","-6,55%"
"07.03.2022","3,33","3,34","3,46","3,32","1,40M","-2,36%"
"04.03.2022","3,41","3,48","3,53","3,40","1,44M","-3,42%"
"03.03.2022","3,54","3,58","3,67","3,51","1,07M","-0,92%"
"02.03.2022","3,57","3,46","3,57","3,45","1,02M","1,70%"
"01.03.2022","3,51","3,58","3,60","3,49","789,00K","-1,75%"
"28.02.2022","3,57","3,46","3,57","3,41","1,30M","2,41%"
"25.02.2022","3,49","3,34","3,49","3,33","2,70M","8,32%"
"24.02.2022","3,22","3,02","3,25","2,99","4,25M","-2,39%"
"23.02.2022","3,30","3,39","3,44","3,28","1,09M","-1,83%"
"22.02.2022","3,36","3,27","3,46","3,26","1,93M","1,62%"
"21.02.2022","3,31","3,44","3,45","3,30","1,26M","-3,40%"
"18.02.2022","3,42","3,52","3,54","3,41","1,47M","-4,80%"
"17.02.2022","3,60","3,68","3,69","3,57","553,40K","-0,65%"
"16.02.2022","3,62","3,68","3,73","3,60","592,00K","-1,50%"
"15.02.2022","3,67","3,57","3,70","3,57","1,24M","2,21%"
"14.02.2022","3,60","3,53","3,61","3,44","2,85M","-2,27%"
"11.02.2022","3,68","3,72","3,78","3,68","838,80K","-3,39%"
"10.02.2022","3,81","3,91","3,92","3,77","1,66M","-1,49%"
"09.02.2022","3,87","3,79","3,88","3,79","810,00K","3,31%"
"08.02.2022","3,74","3,69","3,74","3,64","579,40K","0,81%"
"07.02.2022","3,71","3,75","3,79","3,70","753,40K","0,94%"
"04.02.2022","3,68","3,77","3,78","3,58","1,39M","-2,12%"
"03.02.2022","3,76","3,88","3,88","3,75","1,62M","-4,84%"
"02.02.2022","3,95","4,05","4,09","3,95","2,05M","0,53%"
"01.02.2022","3,93","3,92","3,95","3,83","2,57M","2,07%"
"31.01.2022","3,85","3,71","3,85","3,69","1,57M","6,97%"
"28.01.2022","3,60","3,57","3,62","3,42","2,27M","-1,64%"
"27.01.2022","3,66","3,48","3,70","3,47","1,92M","-0,65%"
"26.01.2022","3,68","3,58","3,71","3,58","2,21M","5,17%"
"25.01.2022","3,50","3,56","3,64","3,48","2,94M","1,77%"
"24.01.2022","3,44","3,71","3,73","3,43","5,05M","-10,69%"
"21.01.2022","3,85","3,83","3,88","3,71","3,72M","-6,36%"
"20.01.2022","4,11","4,01","4,13","3,97","1,61M","2,30%"
"19.01.2022","4,02","4,02","4,15","4,01","1,28M","-2,00%"
"18.01.2022","4,10","4,17","4,19","4,08","1,08M","-3,44%"
"17.01.2022","4,25","4,23","4,27","4,21","597,20K","1,20%"
"14.01.2022","4,20","4,17","4,24","4,08","1,50M","-3,62%"
"13.01.2022","4,35","4,38","4,44","4,31","941,00K","-1,39%"
"12.01.2022","4,41","4,42","4,48","4,36","1,43M","1,47%"
"11.01.2022","4,35","4,29","4,36","4,23","1,39M","5,41%"
"10.01.2022","4,13","4,31","4,32","4,05","3,14M","-3,74%"
"07.01.2022","4,29","4,37","4,42","4,24","1,50M","-2,70%"
"06.01.2022","4,41","4,38","4,47","4,30","2,07M","-4,21%"
"05.01.2022","4,60","4,65","4,67","4,57","1,60M","-1,18%"
"04.01.2022","4,66","4,84","4,86","4,62","1,66M","-2,39%"
"03.01.2022","4,77","4,74","4,79","4,69","973,80K","0,17%"
"31.12.2021","4,76","4,76","4,77","4,74","379,60K","-1,39%"
"30.12.2021","4,83","4,81","4,84","4,76","388,40K","1,39%"
"29.12.2021","4,76","4,84","4,86","4,73","994,00K","-1,18%"
"28.12.2021","4,82","4,84","4,89","4,82","1,17M","0,19%"
"27.12.2021","4,81","4,70","4,83","4,70","1,18M","2,16%"
"24.12.2021","4,71","4,70","4,71","4,67","598,40K","0,00%"
"23.12.2021","4,70","4,62","4,70","4,61","777,80K","2,51%"
"22.12.2021","4,59","4,51","4,59","4,47","1,46M","4,37%"
"21.12.2021","4,40","4,41","4,43","4,32","1,08M","3,13%"
"20.12.2021","4,26","4,31","4,33","4,26","1,57M","-4,42%"
"17.12.2021","4,46","4,44","4,53","4,34","3,07M","-1,71%"
"16.12.2021","4,54","4,75","4,80","4,54","2,23M","2,44%"
"15.12.2021","4,43","4,52","4,53","4,43","769,00K","0,00%"
"14.12.2021","4,43","4,62","4,63","4,42","1,55M","-4,49%"
"13.12.2021","4,64","4,74","4,78","4,63","958,80K","0,00%"
"10.12.2021","4,64","4,64","4,73","4,61","661,40K","-2,10%"
"09.12.2021","4,74","4,76","4,77","4,69","624,80K","0,64%"
"08.12.2021","4,71","4,76","4,80","4,67","1,30M","-0,51%"
"07.12.2021","4,74","4,57","4,74","4,56","1,97M","7,47%"
"06.12.2021","4,41","4,42","4,44","4,31","1,03M","0,57%"
"03.12.2021","4,38","4,53","4,60","4,34","1,42M","-2,31%"
"02.12.2021","4,48","4,49","4,55","4,41","1,96M","-5,75%"
"01.12.2021","4,76","4,73","4,78","4,69","872,40K","2,66%"
"30.11.2021","4,63","4,72","4,78","4,63","1,42M","-2,27%"
"29.11.2021","4,74","4,69","4,74","4,66","1,65M","3,27%"
"26.11.2021","4,59","4,68","4,73","4,56","1,93M","-4,79%"
"25.11.2021","4,82","4,83","4,84","4,80","496,60K","1,19%"
"24.11.2021","4,77","4,76","4,78","4,65","798,20K","1,52%"
"23.11.2021","4,70","4,76","4,82","4,63","2,34M","-4,87%"
"22.11.2021","4,94","4,93","5,03","4,92","1,06M","0,81%"
"19.11.2021","4,90","4,86","4,91","4,85","1,17M","2,33%"
"18.11.2021","4,78","4,76","4,78","4,71","581,00K","0,55%"
"17.11.2021","4,76","4,73","4,76","4,70","687,80K","0,98%"
"16.11.2021","4,71","4,64","4,71","4,62","718,80K","2,27%"
"15.11.2021","4,61","4,62","4,66","4,59","829,40K","0,15%"
"12.11.2021","4,60","4,54","4,60","4,51","455,80K","1,50%"
"11.11.2021","4,53","4,50","4,55","4,49","587,40K","-0,41%"
"10.11.2021","4,55","4,58","4,58","4,48","770,60K","-0,67%"
"09.11.2021","4,58","4,61","4,66","4,55","759,00K","-1,40%"
"08.11.2021","4,65","4,63","4,66","4,62","943,00K","-0,95%"
"05.11.2021","4,69","4,64","4,72","4,64","775,60K","1,42%"
"04.11.2021","4,63","4,56","4,65","4,55","1,27M","4,20%"
"03.11.2021","4,44","4,44","4,45","4,42","472,40K","0,63%"
"02.11.2021","4,41","4,37","4,43","4,36","522,00K","1,02%"
"01.11.2021","4,37","4,39","4,41","4,32","849,00K","1,13%"
"29.10.2021","4,32","4,21","4,32","4,20","683,00K","1,22%"
"28.10.2021","4,27","4,23","4,28","4,22","651,40K","0,27%"
"27.10.2021","4,25","4,21","4,26","4,18","515,40K","0,47%"
"26.10.2021","4,23","4,21","4,28","4,21","1,11M","2,68%"
"25.10.2021","4,12","4,09","4,13","4,08","393,00K","1,34%"
"22.10.2021","4,07","4,11","4,14","4,06","414,00K","-0,89%"
"21.10.2021","4,11","4,06","4,13","4,06","510,80K","0,00%"
"20.10.2021","4,11","4,09","4,13","4,09","500,20K","0,32%"
"19.10.2021","4,09","4,05","4,09","4,05","535,80K","1,94%"
"18.10.2021","4,01","3,95","4,02","3,93","779,60K","1,25%"
"15.10.2021","3,96","3,94","3,97","3,92","529,40K","1,47%"
"14.10.2021","3,91","3,84","3,91","3,83","967,40K","4,03%"
"13.10.2021","3,76","3,73","3,80","3,72","346,20K","0,00%"
"12.10.2021","3,76","3,72","3,81","3,71","366,40K","-2,54%"
"11.10.2021","3,85","3,78","3,86","3,76","636,20K","0,38%"
"08.10.2021","3,84","3,87","3,91","3,83","478,00K","-1,80%"
"07.10.2021","3,91","3,86","3,92","3,85","1,29M","4,80%"
"06.10.2021","3,73","3,69","3,77","3,63","757,80K","-0,51%"
"05.10.2021","3,75","3,66","3,76","3,64","557,80K","4,04%"
"04.10.2021","3,60","3,74","3,76","3,60","1,16M","-4,02%"
"01.10.2021","3,75","3,70","3,78","3,68","1,18M","-1,50%"
"30.09.2021","3,81","3,84","3,85","3,80","423,00K","0,21%"
"29.09.2021","3,80","3,81","3,85","3,80","806,00K","0,49%"
"28.09.2021","3,79","3,92","3,93","3,77","1,15M","-4,78%"
"27.09.2021","3,97","4,07","4,07","3,93","1,26M","-0,59%"
"24.09.2021","4,00","4,00","4,01","3,97","296,80K","-0,74%"
"23.09.2021","4,03","3,99","4,05","3,97","765,80K","1,85%"
"22.09.2021","3,96","3,92","3,96","3,88","1,01M","0,58%"
"21.09.2021","3,93","3,91","3,96","3,87","943,00K","1,46%"
"20.09.2021","3,88","3,99","4,00","3,87","1,69M","-4,06%"
"17.09.2021","4,04","4,13","4,14","4,04","562,00K","-0,60%"
"16.09.2021","4,06","4,10","4,11","4,05","501,20K","0,99%"
"15.09.2021","4,02","4,06","4,07","4,01","439,20K","-1,17%"
"14.09.2021","4,07","4,06","4,11","4,04","410,80K","0,49%"
"13.09.2021","4,05","4,11","4,14","4,03","696,80K","-1,90%"
"10.09.2021","4,13","4,15","4,19","4,13","265,20K","-0,84%"
"09.09.2021","4,17","4,14","4,20","4,13","531,00K","0,68%"
"08.09.2021","4,14","4,19","4,20","4,13","511,40K","-1,02%"
"07.09.2021","4,18","4,19","4,19","4,15","404,80K","-0,38%"
"06.09.2021","4,20","4,19","4,20","4,18","466,60K","0,77%"
"03.09.2021","4,16","4,14","4,17","4,11","803,00K","-0,13%"
"02.09.2021","4,17","4,16","4,18","4,15","668,00K","-0,56%"
"01.09.2021","4,19","4,18","4,20","4,16","456,20K","1,10%"
"31.08.2021","4,15","4,19","4,19","4,11","443,20K","-0,16%"
"30.08.2021","4,15","4,08","4,16","4,07","901,80K","2,29%"
"27.08.2021","4,06","4,03","4,07","4,01","639,40K","0,84%"
"26.08.2021","4,03","4,03","4,05","4,00","465,00K","-0,75%"
"25.08.2021","4,06","4,06","4,08","4,05","488,00K","0,42%"
"24.08.2021","4,04","4,07","4,07","4,03","692,60K","0,47%"
"23.08.2021","4,02","3,95","4,02","3,93","1,04M","2,51%"
"20.08.2021","3,92","3,85","3,94","3,81","426,60K","1,96%"
"19.08.2021","3,85","3,77","3,86","3,74","1,16M","-0,61%"
"18.08.2021","3,87","3,89","3,89","3,87","161,00K","-0,24%"
"17.08.2021","3,88","3,91","3,91","3,85","344,20K","0,79%"
"16.08.2021","3,85","3,91","3,92","3,82","503,00K","-1,55%"
"13.08.2021","3,91","3,92","3,92","3,90","294,40K","0,00%"
"12.08.2021","3,91","3,87","3,91","3,84","275,80K","0,88%"
"11.08.2021","3,87","3,90","3,93","3,86","454,00K","-0,71%"
"10.08.2021","3,90","3,94","3,96","3,88","623,60K","-0,75%"
"09.08.2021","3,93","3,90","3,94","3,89","439,20K","0,56%"
"06.08.2021","3,91","3,92","3,93","3,89","430,00K","-0,36%"
"05.08.2021","3,92","3,88","3,93","3,88","665,40K","1,50%"
"04.08.2021","3,86","3,86","3,87","3,84","415,60K","1,89%"
"03.08.2021","3,79","3,82","3,84","3,77","737,40K","-1,43%"
"02.08.2021","3,85","3,85","3,86","3,80","615,60K","1,20%"
"30.07.2021","3,80","3,74","3,81","3,74","614,40K","-1,46%"
"29.07.2021","3,86","3,84","3,87","3,81","505,80K","-0,28%"
"28.07.2021","3,87","3,82","3,89","3,80","683,40K","2,80%"
"27.07.2021","3,76","3,91","3,92","3,76","603,00K","-3,77%"
"26.07.2021","3,91","3,91","3,92","3,88","762,00K","0,27%"
"23.07.2021","3,90","3,85","3,90","3,83","1,13M","2,42%"
"22.07.2021","3,81","3,79","3,82","3,76","884,40K","1,82%"
"21.07.2021","3,74","3,73","3,75","3,70","468,60K","1,23%"
"20.07.2021","3,70","3,67","3,70","3,63","832,60K","1,66%"
"19.07.2021","3,63","3,68","3,69","3,57","1,29M","-2,17%"
"16.07.2021","3,72","3,74","3,78","3,71","453,80K","-1,29%"
"15.07.2021","3,76","3,81","3,82","3,72","788,20K","-1,14%"
"14.07.2021","3,81","3,80","3,85","3,79","736,00K","-0,99%"
"13.07.2021","3,85","3,77","3,85","3,75","989,20K","2,40%"
"12.07.2021","3,76","3,75","3,78","3,72","623,60K","0,62%"
"09.07.2021","3,73","3,70","3,74","3,67","658,20K","2,12%"
"08.07.2021","3,65","3,73","3,73","3,61","2,82M","-2,02%"
"07.07.2021","3,73","3,74","3,79","3,72","1,47M","0,42%"
"06.07.2021","3,71","3,67","3,74","3,66","728,60K","0,95%"
"05.07.2021","3,68","3,68","3,69","3,67","381,80K","0,60%"
"02.07.2021","3,66","3,61","3,67","3,61","871,40K","2,02%"
"01.07.2021","3,59","3,61","3,63","3,57","1,20M","-0,68%"
"30.06.2021","3,61","3,61","3,62","3,59","1,17M","0,91%"
"29.06.2021","3,58","3,56","3,59","3,55","519,80K","0,73%"
"28.06.2021","3,55","3,49","3,56","3,49","848,00K","1,70%"
"25.06.2021","3,49","3,49","3,51","3,46","759,80K","-0,58%"
"24.06.2021","3,51","3,46","3,52","3,46","1,13M","1,94%"
"23.06.2021","3,45","3,47","3,47","3,43","629,40K","0,45%"
"22.06.2021","3,43","3,39","3,43","3,36","683,60K","1,64%"
"21.06.2021","3,37","3,36","3,39","3,31","1,24M","0,40%"
"18.06.2021","3,36","3,42","3,43","3,36","1,11M","-1,52%"
"17.06.2021","3,41","3,28","3,41","3,25","1,58M","3,74%"
"16.06.2021","3,29","3,29","3,31","3,28","386,80K","0,00%"
"15.06.2021","3,29","3,33","3,34","3,29","1,19M","0,26%"
"14.06.2021","3,28","3,29","3,29","3,26","371,20K","0,74%"
"11.06.2021","3,26","3,23","3,27","3,23","915,80K","1,18%"
"10.06.2021","3,22","3,17","3,23","3,14","816,40K","1,29%"
"09.06.2021","3,18","3,17","3,20","3,17","178,40K","0,89%"
"08.06.2021","3,15","3,16","3,21","3,14","792,40K","0,80%"
"07.06.2021","3,13","3,14","3,15","3,12","189,20K","-0,60%"
"04.06.2021","3,14","3,06","3,15","3,05","775,20K","2,59%"
"03.06.2021","3,07","3,10","3,10","3,03","462,60K","-1,40%"
"02.06.2021","3,11","3,09","3,12","3,07","421,80K","0,89%"
"01.06.2021","3,08","3,11","3,14","3,06","795,20K","-0,31%"
"31.05.2021","3,09","3,11","3,12","3,09","216,00K","-1,26%"
"28.05.2021","3,13","3,11","3,14","3,11","295,40K","0,56%"
"27.05.2021","3,11","3,10","3,13","3,08","210,40K","0,23%"
"26.05.2021","3,11","3,11","3,12","3,09","649,20K","1,27%"
"25.05.2021","3,07","3,11","3,12","3,07","816,00K","-0,73%"
"24.05.2021","3,09","3,00","3,09","3,00","1,00M","2,61%"
"21.05.2021","3,01","3,02","3,06","3,00","845,00K","0,00%"
"20.05.2021","3,01","2,90","3,01","2,88","1,29M","5,54%"
"19.05.2021","2,85","2,85","2,87","2,78","1,29M","-3,55%"
"18.05.2021","2,96","2,99","3,00","2,94","880,40K","0,73%"
"17.05.2021","2,93","2,99","2,99","2,92","872,40K","-1,21%"
"14.05.2021","2,97","2,92","2,97","2,91","1,27M","2,80%"
"13.05.2021","2,89","2,84","2,93","2,80","1,47M","0,93%"
"12.05.2021","2,86","2,96","2,97","2,86","1,32M","-3,16%"
"11.05.2021","2,96","2,94","2,96","2,85","3,10M","-2,68%"
"10.05.2021","3,04","3,12","3,13","3,03","866,60K","-4,33%"
"07.05.2021","3,17","3,12","3,19","3,10","858,40K","3,05%"
"06.05.2021","3,08","3,09","3,11","3,02","1,04M","-1,83%"
"05.05.2021","3,14","3,11","3,15","3,10","682,20K","2,92%"
"04.05.2021","3,05","3,20","3,21","3,04","1,77M","-5,01%"
"03.05.2021","3,21","3,25","3,27","3,19","489,80K","-1,32%"
"30.04.2021","3,25","3,25","3,28","3,21","596,80K","0,35%"
"29.04.2021","3,24","3,29","3,31","3,23","696,20K","-0,32%"
"28.04.2021","3,25","3,28","3,29","3,24","547,40K","-0,75%"
"27.04.2021","3,28","3,31","3,32","3,26","784,20K","-0,29%"
"26.04.2021","3,29","3,25","3,29","3,23","482,60K","0,86%"
"23.04.2021","3,26","3,19","3,26","3,19","814,40K","-0,61%"
"22.04.2021","3,28","3,27","3,28","3,25","561,80K","1,08%"
"21.04.2021","3,24","3,20","3,24","3,18","879,00K","1,77%"
"20.04.2021","3,19","3,25","3,27","3,18","939,80K","-2,22%"
"19.04.2021","3,26","3,34","3,35","3,25","984,60K","-1,94%"
"16.04.2021","3,32","3,32","3,35","3,30","492,20K","0,26%"
"15.04.2021","3,32","3,26","3,33","3,26","446,60K","1,42%"
"14.04.2021","3,27","3,32","3,35","3,26","1,32M","-0,94%"
"13.04.2021","3,30","3,25","3,31","3,25","1,14M","1,84%"
"12.04.2021","3,24","3,26","3,27","3,22","1,02M","0,33%"
"09.04.2021","3,23","3,22","3,23","3,19","1,17M","0,36%"
"08.04.2021","3,22","3,22","3,24","3,21","890,00K","1,85%"
"07.04.2021","3,16","3,17","3,17","3,12","766,20K","-0,82%"
"06.04.2021","3,19","3,16","3,20","3,15","2,51M","4,44%"
"01.04.2021","3,05","3,01","3,07","3,01","1,66M","2,38%"
"31.03.2021","2,98","2,88","2,98","2,88","1,39M","3,04%"
"30.03.2021","2,89","2,89","2,89","2,84","1,14M","0,63%"
"29.03.2021","2,87","2,88","2,91","2,85","789,00K","0,82%"
"26.03.2021","2,85","2,84","2,86","2,78","654,60K","1,17%"
"25.03.2021","2,82","2,84","2,85","2,75","1,68M","-2,71%"
"24.03.2021","2,90","2,94","2,97","2,88","883,20K","-1,73%"
"23.03.2021","2,95","2,92","2,98","2,90","1,14M","0,00%"
"22.03.2021","2,95","2,85","2,95","2,85","1,01M","3,87%"
"19.03.2021","2,84","2,83","2,85","2,77","2,01M","-1,49%"
"18.03.2021","2,88","2,92","2,93","2,86","1,17M","-0,41%"
"17.03.2021","2,89","2,96","2,96","2,87","2,31M","-3,24%"
"16.03.2021","2,99","2,94","3,03","2,93","2,68M","4,25%"
"15.03.2021","2,87","2,85","2,89","2,84","2,11M","2,15%"
"12.03.2021","2,81","2,83","2,84","2,78","2,90M","-3,34%"
"11.03.2021","2,91","2,85","2,91","2,84","1,43M","3,16%"
"10.03.2021","2,82","2,80","2,88","2,77","1,53M","0,88%"
"09.03.2021","2,79","2,67","2,79","2,67","2,75M","2,14%"
"08.03.2021","2,73","2,66","2,78","2,64","2,74M","6,03%"
"05.03.2021","2,58","2,63","2,73","2,56","3,00M","-5,86%"
"04.03.2021","2,74","2,74","2,77","2,66","2,70M","-3,68%"
"03.03.2021","2,84","2,94","2,95","2,79","1,90M","-2,80%"
"02.03.2021","2,92","2,97","3,01","2,92","1,53M","-1,10%"
"01.03.2021","2,96","2,92","2,96","2,90","1,11M","3,37%"
"26.02.2021","2,86","2,77","2,87","2,74","4,05M","-0,54%"
"25.02.2021","2,88","2,96","2,96","2,87","1,43M","-2,08%"
"24.02.2021","2,94","2,92","2,98","2,85","2,92M","1,93%"
"23.02.2021","2,88","2,98","2,98","2,75","5,01M","-4,00%"
"22.02.2021","3,00","3,06","3,06","2,98","2,12M","-5,40%"
"19.02.2021","3,17","3,15","3,19","3,14","820,80K","1,55%"
"18.02.2021","3,13","3,17","3,17","3,09","1,38M","-0,59%"
"17.02.2021","3,14","3,21","3,23","3,13","1,00M","-2,63%"
"16.02.2021","3,23","3,26","3,26","3,22","972,00K","-0,68%"
"15.02.2021","3,25","3,24","3,26","3,24","1,15M","1,44%"
"12.02.2021","3,20","3,18","3,20","3,16","533,00K","0,25%"
"11.02.2021","3,20","3,16","3,20","3,16","366,20K","1,80%"
"10.02.2021","3,14","3,21","3,21","3,10","1,14M","-1,40%"
"09.02.2021","3,18","3,18","3,20","3,16","1,55M","0,70%"
"08.02.2021","3,16","3,18","3,19","3,16","1,38M","0,59%"
"05.02.2021","3,14","3,17","3,18","3,13","1,77M","1,26%"
"04.02.2021","3,11","3,09","3,12","3,08","1,28M","0,34%"
"03.02.2021","3,09","3,15","3,15","3,07","1,80M","0,70%"
"02.02.2021","3,07","3,02","3,08","3,02","1,41M","4,06%"
"01.02.2021","2,95","2,87","2,95","2,87","1,43M","3,31%"
"29.01.2021","2,86","2,85","2,93","2,84","1,23M","-4,43%"
"28.01.2021","2,99","2,88","3,01","2,83","3,37M","0,00%"
"27.01.2021","2,99","3,11","3,12","2,96","1,69M","-2,91%"
"26.01.2021","3,08","3,05","3,10","3,05","1,55M","1,70%"
"25.01.2021","3,03","3,07","3,12","2,95","1,83M","0,60%"
"22.01.2021","3,01","3,02","3,03","2,99","1,92M","-0,64%"
"21.01.2021","3,03","3,04","3,04","3,00","1,77M","1,58%"
"20.01.2021","2,98","2,89","2,99","2,89","1,97M","5,84%"
"19.01.2021","2,82","2,84","2,85","2,81","1,39M","0,64%"
"18.01.2021","2,80","2,79","2,81","2,79","319,00K","-0,67%"
"15.01.2021","2,82","2,82","2,84","2,77","851,20K","-1,59%"
"14.01.2021","2,87","2,85","2,89","2,84","541,20K","0,32%"
"13.01.2021","2,86","2,82","2,86","2,79","409,20K","1,20%"
"12.01.2021","2,82","2,84","2,85","2,80","1,69M","-1,21%"
"11.01.2021","2,86","2,89","2,89","2,82","2,63M","0,00%"
"08.01.2021","2,86","2,84","2,87","2,83","1,16M","2,07%"
"07.01.2021","2,80","2,71","2,81","2,69","1,51M","2,02%"
"06.01.2021","2,74","2,65","2,75","2,61","1,82M","0,51%"
"05.01.2021","2,73","2,71","2,75","2,68","1,26M","0,24%"
"04.01.2021","2,72","2,82","2,82","2,71","2,68M","-2,09%"
"31.12.2020","2,78","2,77","2,78","2,77","715,80K","0,00%"
"30.12.2020","2,78","2,80","2,80","2,76","515,80K","-0,32%"
"29.12.2020","2,79","2,80","2,81","2,76","1,15M","0,61%"
"28.12.2020","2,78","2,76","2,79","2,74","1,25M","2,08%"
"24.12.2020","2,72","2,72","2,72","2,71","282,20K","0,00%"
"23.12.2020","2,72","2,75","2,75","2,71","533,40K","0,46%"
"22.12.2020","2,71","2,72","2,75","2,71","1,47M","1,76%"
"21.12.2020","2,66","2,74","2,75","2,62","3,38M","-2,04%"
"18.12.2020","2,72","2,73","2,76","2,70","1,08M","0,00%"
"17.12.2020","2,72","2,73","2,74","2,72","939,20K","0,59%"
"16.12.2020","2,71","2,70","2,71","2,67","1,01M","2,11%"
"15.12.2020","2,65","2,65","2,68","2,64","868,00K","-0,32%"
"14.12.2020","2,66","2,62","2,67","2,61","1,34M","3,48%"
"11.12.2020","2,57","2,60","2,61","2,57","649,80K","-2,28%"
"10.12.2020","2,63","2,59","2,64","2,54","1,74M","-2,77%"
"09.12.2020","2,71","2,72","2,73","2,70","890,40K","0,56%"
"08.12.2020","2,69","2,70","2,70","2,67","513,60K","-0,22%"
"07.12.2020","2,70","2,67","2,70","2,66","1,38M","1,31%"
"04.12.2020","2,66","2,66","2,66","2,64","426,40K","0,40%"
"03.12.2020","2,65","2,64","2,66","2,63","681,60K","0,44%"
"02.12.2020","2,64","2,64","2,66","2,60","1,21M","-0,36%"
"01.12.2020","2,65","2,64","2,66","2,63","1,64M","3,98%"
"30.11.2020","2,55","2,58","2,61","2,52","1,12M","-2,36%"
"27.11.2020","2,61","2,57","2,62","2,57","779,20K","1,18%"
"26.11.2020","2,58","2,57","2,59","2,57","349,60K","1,22%"
"25.11.2020","2,55","2,55","2,56","2,54","849,40K","1,57%"
"24.11.2020","2,51","2,50","2,52","2,46","1,22M","2,81%"
"23.11.2020","2,44","2,48","2,51","2,44","2,47M","-2,71%"
"20.11.2020","2,51","2,50","2,51","2,48","1,43M","0,64%"
"19.11.2020","2,49","2,46","2,49","2,43","1,06M","0,00%"
"18.11.2020","2,50","2,49","2,52","2,47","698,40K","-0,25%"
"17.11.2020","2,50","2,53","2,53","2,49","1,04M","-0,38%"
"16.11.2020","2,51","2,51","2,53","2,46","1,95M","2,53%"
"13.11.2020","2,45","2,48","2,49","2,44","1,68M","-1,06%"
"12.11.2020","2,48","2,46","2,51","2,46","1,79M","0,72%"
"11.11.2020","2,46","2,37","2,47","2,36","2,58M","3,43%"
"10.11.2020","2,38","2,45","2,47","2,32","5,15M","-8,45%"
"09.11.2020","2,60","2,63","2,67","2,44","5,46M","2,81%"
"06.11.2020","2,53","2,52","2,54","2,46","2,03M","-0,92%"
"05.11.2020","2,55","2,53","2,57","2,51","3,67M","4,05%"
"04.11.2020","2,45","2,31","2,46","2,30","5,42M","7,90%"
"03.11.2020","2,27","2,19","2,28","2,19","1,37M","3,85%"
"02.11.2020","2,19","2,19","2,24","2,19","1,86M","0,00%"
"30.10.2020","2,18","2,20","2,26","2,15","2,21M","-4,20%"
"29.10.2020","2,28","2,25","2,29","2,21","2,38M","1,97%"
"28.10.2020","2,24","2,35","2,35","2,22","3,09M","-4,85%"
"27.10.2020","2,35","2,34","2,37","2,32","1,38M","1,69%"
"26.10.2020","2,31","2,36","2,41","2,31","3,68M","-2,20%"
"23.10.2020","2,36","2,39","2,40","2,36","725,20K","0,00%"
"22.10.2020","2,36","2,38","2,42","2,34","2,02M","-1,34%"
"21.10.2020","2,39","2,41","2,43","2,36","1,04M","0,40%"
"20.10.2020","2,38","2,44","2,44","2,37","1,84M","-3,27%"
"19.10.2020","2,47","2,54","2,54","2,53","699,20K","-2,41%"
"16.10.2020","2,53","2,52","2,57","2,51","1,82M","1,38%"
"15.10.2020","2,49","2,49","2,51","2,45","3,10M","-3,20%"
"14.10.2020","2,57","2,62","2,63","2,56","2,17M","-2,15%"
"13.10.2020","2,63","2,57","2,65","2,56","2,85M","3,04%"
"12.10.2020","2,55","2,45","2,55","2,45","3,94M","6,14%"
"09.10.2020","2,41","2,37","2,41","2,36","1,56M","2,18%"
"08.10.2020","2,35","2,37","2,38","2,35","1,66M","1,31%"
"07.10.2020","2,32","2,28","2,32","2,28","1,01M","0,76%"
"06.10.2020","2,31","2,33","2,34","2,30","1,13M","-0,41%"
"05.10.2020","2,32","2,29","2,32","2,27","2,24M","0,73%"
"02.10.2020","2,30","2,32","2,35","2,27","3,78M","-3,12%"
"01.10.2020","2,37","2,35","2,39","2,35","2,16M","1,39%"
"30.09.2020","2,34","2,25","2,35","2,21","1,55M","1,97%"
"29.09.2020","2,30","2,32","2,32","2,28","1,20M","0,33%"
"28.09.2020","2,29","2,27","2,33","2,26","3,20M","4,47%"
"25.09.2020","2,19","2,13","2,19","2,11","1,43M","1,73%"
"24.09.2020","2,15","2,08","2,15","2,05","2,74M","-1,49%"
"23.09.2020","2,19","2,22","2,26","2,19","1,81M","1,42%"
"22.09.2020","2,15","2,14","2,19","2,13","1,66M","5,07%"
"21.09.2020","2,05","2,11","2,11","2,03","5,24M","-2,69%"
"18.09.2020","2,11","2,19","2,20","2,11","1,79M","-3,40%"
"17.09.2020","2,18","2,19","2,22","2,12","3,14M","-5,84%"
"16.09.2020","2,32","2,34","2,35","2,29","1,66M","-0,35%"
"15.09.2020","2,33","2,26","2,33","2,25","3,02M","2,45%"
"14.09.2020","2,27","2,24","2,28","2,21","1,62M","3,05%"
"11.09.2020","2,20","2,26","2,28","2,18","3,24M","-4,88%"
"10.09.2020","2,32","2,31","2,36","2,25","3,36M","1,17%"
"09.09.2020","2,29","2,21","2,31","2,21","3,56M","1,74%"
"08.09.2020","2,25","2,37","2,38","2,20","4,85M","-4,59%"
"07.09.2020","2,36","2,31","2,36","2,31","1,98M","2,53%"
"04.09.2020","2,30","2,41","2,51","2,21","11,61M","-7,98%"
"03.09.2020","2,50","2,74","2,75","2,46","5,90M","-6,98%"
"02.09.2020","2,69","2,73","2,76","2,68","2,37M","1,68%"
"01.09.2020","2,64","2,62","2,66","2,60","2,36M","2,96%"
"31.08.2020","2,57","2,58","2,59","2,54","1,76M","0,49%"
"28.08.2020","2,55","2,55","2,57","2,53","2,02M","-1,20%"
"27.08.2020","2,58","2,56","2,60","2,54","2,01M","2,62%"
"26.08.2020","2,52","2,46","2,52","2,46","1,85M","3,48%"
"25.08.2020","2,43","2,44","2,44","2,39","1,73M","1,29%"
"24.08.2020","2,40","2,42","2,46","2,38","2,14M","0,93%"
"21.08.2020","2,38","2,35","2,40","2,33","2,62M","2,67%"
"20.08.2020","2,32","2,27","2,32","2,27","1,33M","0,00%"
"19.08.2020","2,32","2,30","2,32","2,28","1,66M","1,36%"
"18.08.2020","2,29","2,26","2,29","2,26","1,87M","1,36%"
"17.08.2020","2,26","2,23","2,27","2,23","1,41M","1,18%"
"14.08.2020","2,23","2,25","2,25","2,20","966,60K","-1,12%"
"13.08.2020","2,26","2,22","2,27","2,20","1,17M","1,76%"
"12.08.2020","2,22","2,16","2,22","2,15","1,37M","0,88%"
"11.08.2020","2,20","2,23","2,24","2,16","1,44M","0,61%"
"10.08.2020","2,18","2,22","2,24","2,15","1,84M","-3,59%"
"07.08.2020","2,27","2,25","2,28","2,24","1,65M","2,18%"
"06.08.2020","2,22","2,19","2,22","2,19","818,20K","0,90%"
"05.08.2020","2,20","2,22","2,22","2,18","2,16M","0,00%"
"04.08.2020","2,20","2,21","2,22","2,17","1,07M","0,00%"
"03.08.2020","2,20","2,16","2,21","2,14","2,51M","4,83%"
"31.07.2020","2,10","2,12","2,14","2,06","2,01M","2,87%"
"30.07.2020","2,04","2,04","2,04","1,99","1,46M","0,00%"
"29.07.2020","2,03","2,02","2,04","2,02","597,60K","-0,57%"
"28.07.2020","2,05","2,08","2,08","2,02","702,60K","1,94%"
"27.07.2020","2,01","2,01","2,04","2,00","1,17M","-0,55%"
"24.07.2020","2,02","1,98","2,02","1,94","5,04M","-5,85%"
"23.07.2020","2,14","2,18","2,19","2,13","1,31M","-0,28%"
"22.07.2020","2,15","2,17","2,18","2,12","2,34M","-1,87%"
"21.07.2020","2,19","2,26","2,27","2,18","3,50M","1,18%"
"20.07.2020","2,16","2,07","2,16","2,07","1,31M","3,33%"
"17.07.2020","2,10","2,09","2,12","2,07","722,40K","1,82%"
"16.07.2020","2,06","2,09","2,10","2,04","2,81M","-2,82%"
"15.07.2020","2,12","2,13","2,15","2,10","2,33M","1,30%"
"14.07.2020","2,09","2,13","2,13","2,00","5,33M","-8,55%"
"13.07.2020","2,29","2,23","2,29","2,22","2,67M","5,80%"
"10.07.2020","2,16","2,15","2,17","2,13","1,66M","1,79%"
"09.07.2020","2,12","2,13","2,17","2,10","1,92M","1,40%"
"08.07.2020","2,09","2,10","2,12","2,08","1,21M","-2,34%"
"07.07.2020","2,14","2,11","2,15","2,09","1,88M","1,38%"
"06.07.2020","2,11","2,07","2,12","2,06","1,83M","4,41%"
"03.07.2020","2,03","2,04","2,04","2,01","918,80K","-0,31%"
"02.07.2020","2,03","2,01","2,05","2,00","3,98M","3,00%"
"01.07.2020","1,97","1,95","1,98","1,93","2,77M","2,67%"
"30.06.2020","1,92","1,89","1,93","1,88","973,40K","3,57%"
"29.06.2020","1,85","1,85","1,86","1,79","1,96M","-1,00%"
"26.06.2020","1,87","1,93","1,95","1,85","2,02M","-0,90%"
"25.06.2020","1,89","1,89","1,92","1,86","3,72M","-0,28%"
"24.06.2020","1,90","1,97","1,98","1,89","2,79M","-4,33%"
"23.06.2020","1,98","1,95","1,98","1,94","1,64M","3,27%"
"22.06.2020","1,92","1,90","1,92","1,89","1,74M","-0,88%"
"19.06.2020","1,94","1,92","1,94","1,92","2,98M","2,15%"
"18.06.2020","1,89","1,89","1,91","1,88","2,73M","-0,30%"
"17.06.2020","1,90","1,89","1,91","1,88","3,46M","1,81%"
"16.06.2020","1,87","1,83","1,90","1,83","4,02M","6,79%"
"15.06.2020","1,75","1,68","1,75","1,68","2,98M","-0,96%"
"12.06.2020","1,76","1,78","1,82","1,74","5,42M","-3,71%"
"11.06.2020","1,83","1,88","1,88","1,83","2,98M","-3,74%"
"10.06.2020","1,90","1,88","1,91","1,87","1,74M","1,93%"
"09.06.2020","1,87","1,85","1,87","1,83","1,45M","2,37%"
"08.06.2020","1,83","1,82","1,83","1,80","2,39M","0,00%"
"05.06.2020","1,82","1,76","1,82","1,75","2,28M","3,07%"
"04.06.2020","1,77","1,78","1,80","1,75","3,27M","-1,11%"
"03.06.2020","1,79","1,78","1,80","1,78","1,89M","2,38%"
"02.06.2020","1,74","1,77","1,79","1,73","2,45M","-0,89%"
"01.06.2020","1,76","1,76","1,76","1,73","1,70M","3,21%"
"29.05.2020","1,71","1,71","1,73","1,69","1,76M","-1,94%"
"28.05.2020","1,74","1,72","1,75","1,69","4,30M","4,21%"
"27.05.2020","1,67","1,75","1,80","1,64","5,87M","-4,57%"
"26.05.2020","1,75","1,80","1,80","1,75","2,71M","-1,88%"
"25.05.2020","1,78","1,76","1,78","1,76","1,48M","3,51%"
"22.05.2020","1,72","1,69","1,74","1,68","1,75M","0,00%"
"21.05.2020","1,72","1,73","1,76","1,71","1,84M","-1,78%"
"20.05.2020","1,75","1,71","1,75","1,71","2,00M","1,61%"
"19.05.2020","1,73","1,73","1,73","1,69","3,29M","0,64%"
"18.05.2020","1,72","1,68","1,72","1,68","4,85M","7,12%"
"15.05.2020","1,60","1,65","1,66","1,58","3,39M","0,82%"
"14.05.2020","1,59","1,60","1,62","1,55","4,81M","-2,64%"
"13.05.2020","1,63","1,64","1,67","1,62","6,62M","-4,75%"
"12.05.2020","1,71","1,70","1,72","1,69","4,49M","0,71%"
"11.05.2020","1,70","1,69","1,70","1,65","4,01M","1,95%"
"08.05.2020","1,67","1,67","1,68","1,65","2,44M","1,74%"
"07.05.2020","1,64","1,62","1,65","1,62","4,38M","1,44%"
"06.05.2020","1,62","1,61","1,63","1,59","3,60M","1,40%"
"05.05.2020","1,59","1,55","1,60","1,54","4,72M","5,74%"
"04.05.2020","1,51","1,47","1,51","1,46","5,79M","-4,77%"
"30.04.2020","1,58","1,63","1,64","1,58","3,84M","0,00%"
"29.04.2020","1,58","1,54","1,59","1,53","4,99M","3,93%"
"28.04.2020","1,52","1,55","1,58","1,50","2,84M","-2,52%"
"27.04.2020","1,56","1,55","1,57","1,54","2,79M","4,93%"
"24.04.2020","1,49","1,47","1,50","1,46","1,49M","-2,30%"
"23.04.2020","1,52","1,49","1,54","1,48","2,48M","3,33%"
"22.04.2020","1,47","1,44","1,47","1,43","2,78M","5,33%"
"21.04.2020","1,40","1,51","1,51","1,38","5,79M","-9,57%"
"20.04.2020","1,55","1,53","1,55","1,51","2,41M","1,05%"
"17.04.2020","1,53","1,58","1,60","1,53","5,68M","0,54%"
"16.04.2020","1,52","1,49","1,53","1,47","2,79M","4,93%"
"15.04.2020","1,45","1,48","1,49","1,43","4,12M","-0,43%"
"14.04.2020","1,46","1,41","1,46","1,41","4,80M","8,91%"
"09.04.2020","1,34","1,36","1,37","1,31","3,23M","0,00%"
"08.04.2020","1,33","1,30","1,33","1,28","2,50M","0,00%"
"07.04.2020","1,33","1,32","1,37","1,29","4,44M","6,64%"
"06.04.2020","1,25","1,24","1,25","1,21","4,01M","8,67%"
"03.04.2020","1,15","1,15","1,18","1,14","1,24M","0,00%"
"02.04.2020","1,15","1,14","1,16","1,10","2,50M","-1,14%"
"01.04.2020","1,16","1,15","1,18","1,13","2,52M","-7,68%"
"31.03.2020","1,26","1,24","1,27","1,20","2,69M","3,90%"
"30.03.2020","1,21","1,15","1,21","1,11","2,43M","5,12%"
"27.03.2020","1,15","1,19","1,20","1,14","3,12M","-3,78%"
"26.03.2020","1,20","1,10","1,20","1,08","4,90M","2,00%"
"25.03.2020","1,17","1,18","1,22","1,11","6,07M","2,51%"
"24.03.2020","1,15","1,09","1,15","1,06","4,71M","15,90%"
"23.03.2020","0,99","0,95","1,09","0,93","6,40M","-8,57%"
"20.03.2020","1,08","1,19","1,21","1,05","4,02M","-0,80%"
"19.03.2020","1,09","1,05","1,14","1,02","3,21M","5,72%"
"18.03.2020","1,03","0,99","1,09","0,98","2,84M","-6,59%"
"17.03.2020","1,10","1,08","1,17","0,97","3,59M","0,00%"
"16.03.2020","1,11","1,11","1,17","0,98","3,30M","-3,27%"
"13.03.2020","1,15","1,15","1,25","1,10","3,30M","1,84%"
"12.03.2020","1,13","1,19","1,20","1,11","5,20M","-16,54%"
"11.03.2020","1,35","1,36","1,39","1,33","3,13M","0,48%"
"10.03.2020","1,34","1,38","1,42","1,28","6,42M","0,00%"
"09.03.2020","1,34","1,30","1,38","1,23","3,39M","-9,24%"
"06.03.2020","1,48","1,53","1,53","1,42","3,83M","-9,04%"
"05.03.2020","1,63","1,63","1,64","1,57","2,65M","0,87%"
"04.03.2020","1,61","1,58","1,63","1,58","2,64M","0,00%"
"03.03.2020","1,61","1,65","1,70","1,60","6,58M","2,85%"
"02.03.2020","1,57","1,57","1,59","1,47","4,55M","5,87%"
"28.02.2020","1,48","1,47","1,50","1,41","6,01M","-7,20%"
"27.02.2020","1,60","1,66","1,68","1,55","4,64M","-8,61%"
"26.02.2020","1,75","1,71","1,76","1,63","6,95M","0,00%"
"25.02.2020","1,75","1,83","1,84","1,73","6,52M","-2,92%"
"24.02.2020","1,80","1,85","1,85","1,77","7,44M","-8,55%"
"21.02.2020","1,97","1,99","2,01","1,95","2,36M","-1,16%"
"20.02.2020","1,99","2,07","2,07","1,99","1,94M","-3,71%"
"19.02.2020","2,07","2,04","2,07","2,03","1,70M","3,16%"
"18.02.2020","2,00","1,98","2,02","1,98","1,59M","-1,34%"
"17.02.2020","2,03","2,03","2,04","2,03","1,14M","0,82%"
"14.02.2020","2,02","2,02","2,02","2,00","1,01M","0,00%"
"13.02.2020","2,01","1,98","2,01","1,96","1,45M","0,85%"
"12.02.2020","2,00","1,97","2,00","1,97","1,42M","0,78%"
"11.02.2020","1,98","1,97","1,99","1,97","1,92M","2,23%"
"10.02.2020","1,94","1,91","1,94","1,89","1,25M","0,58%"
"07.02.2020","1,92","1,91","1,92","1,89","2,65M","0,64%"
"06.02.2020","1,91","1,91","1,91","1,88","1,77M","2,12%"
"05.02.2020","1,87","1,86","1,91","1,86","3,17M","1,00%"
"04.02.2020","1,85","1,80","1,85","1,80","1,55M","4,51%"
"03.02.2020","1,77","1,75","1,79","1,73","2,70M","2,19%"
"31.01.2020","1,74","1,81","1,81","1,73","1,75M","-1,14%"
"30.01.2020","1,76","1,74","1,77","1,74","2,08M","-1,31%"
"29.01.2020","1,78","1,78","1,80","1,76","1,50M","0,68%"
"28.01.2020","1,77","1,74","1,77","1,72","2,28M","2,93%"
"27.01.2020","1,72","1,74","1,75","1,70","5,12M","-5,71%"
"24.01.2020","1,82","1,83","1,84","1,82","1,13M","1,00%"
"23.01.2020","1,80","1,80","1,81","1,79","968,20K","-0,70%"
"22.01.2020","1,82","1,81","1,82","1,81","1,99M","1,04%"
"21.01.2020","1,80","1,77","1,80","1,77","1,47M","0,31%"
"20.01.2020","1,79","1,79","1,79","1,78","688,20K","0,79%"
"17.01.2020","1,78","1,77","1,79","1,77","1,67M","1,66%"
"16.01.2020","1,75","1,75","1,76","1,75","838,00K","0,32%"
"15.01.2020","1,74","1,74","1,75","1,73","468,40K","0,00%"
"14.01.2020","1,74","1,74","1,75","1,73","1,19M","0,65%"
"13.01.2020","1,73","1,72","1,73","1,72","1,61M","0,00%"
"10.01.2020","1,73","1,75","1,75","1,72","829,20K","0,33%"
"09.01.2020","1,72","1,71","1,73","1,71","1,84M","2,64%"
"08.01.2020","1,68","1,65","1,68","1,65","784,80K","0,64%"
"07.01.2020","1,67","1,66","1,67","1,65","2,13M","1,45%"
"06.01.2020","1,64","1,62","1,65","1,61","965,20K","0,00%"
"03.01.2020","1,64","1,64","1,65","1,62","1,84M","0,35%"
"02.01.2020","1,64","1,63","1,65","1,63","1,34M","2,63%"
"31.12.2019","1,60","1,60","1,61","1,60","498,20K","0,00%"
"30.12.2019","1,60","1,63","1,63","1,59","1,71M","-2,39%"
"27.12.2019","1,64","1,65","1,65","1,63","610,80K","1,30%"
"24.12.2019","1,62","1,62","1,62","1,62","186,60K","0,00%"
"23.12.2019","1,62","1,61","1,62","1,61","777,00K","0,48%"
"20.12.2019","1,61","1,59","1,62","1,59","564,20K","1,75%"
"19.12.2019","1,58","1,57","1,58","1,57","907,60K","0,49%"
"18.12.2019","1,58","1,56","1,58","1,56","715,60K","0,86%"
"17.12.2019","1,56","1,57","1,57","1,56","1,04M","0,00%"
"16.12.2019","1,57","1,55","1,57","1,54","2,32M","2,52%"
"13.12.2019","1,53","1,54","1,54","1,52","1,22M","0,74%"
"12.12.2019","1,52","1,51","1,54","1,50","1,94M","1,03%"
"11.12.2019","1,50","1,50","1,51","1,49","670,40K","0,00%"
"10.12.2019","1,50","1,50","1,51","1,48","1,30M","-0,66%"
"09.12.2019","1,51","1,51","1,52","1,50","533,80K","0,00%"
"06.12.2019","1,51","1,48","1,51","1,48","871,80K","3,03%"
"05.12.2019","1,47","1,48","1,49","1,47","912,00K","-0,68%"
"04.12.2019","1,48","1,45","1,48","1,45","1,41M","3,05%"
"03.12.2019","1,43","1,48","1,49","1,43","2,76M","-2,40%"
"02.12.2019","1,47","1,53","1,54","1,46","2,16M","-3,94%"
"29.11.2019","1,53","1,53","1,54","1,52","660,20K","-0,42%"
"28.11.2019","1,54","1,53","1,54","1,53","552,80K","0,00%"
"27.11.2019","1,53","1,53","1,53","1,52","986,00K","1,17%"
"26.11.2019","1,51","1,51","1,52","1,51","262,40K","0,58%"
"25.11.2019","1,50","1,48","1,51","1,48","698,80K","2,77%"
"22.11.2019","1,46","1,47","1,48","1,46","2,01M","0,00%"
"21.11.2019","1,46","1,46","1,47","1,46","2,03M","-1,55%"
"20.11.2019","1,48","1,48","1,49","1,47","961,20K","0,00%"
"19.11.2019","1,49","1,49","1,50","1,48","838,00K","0,61%"
"18.11.2019","1,48","1,49","1,49","1,47","601,00K","0,00%"
"15.11.2019","1,48","1,48","1,49","1,48","563,60K","1,56%"
"14.11.2019","1,46","1,47","1,47","1,46","654,20K","-0,75%"
"13.11.2019","1,47","1,47","1,47","1,45","1,29M","-0,51%"
"12.11.2019","1,48","1,47","1,48","1,46","514,40K","1,65%"
"11.11.2019","1,46","1,46","1,46","1,45","318,20K","0,00%"
"08.11.2019","1,46","1,45","1,46","1,45","1,21M","-0,65%"
"07.11.2019","1,47","1,46","1,47","1,45","1,61M","1,98%"
"06.11.2019","1,44","1,44","1,45","1,43","778,80K","-0,72%"
"05.11.2019","1,45","1,44","1,45","1,44","718,40K","1,05%"
"04.11.2019","1,43","1,43","1,44","1,43","1,03M","2,25%"
"01.11.2019","1,40","1,40","1,42","1,39","1,11M","1,39%"
"31.10.2019","1,38","1,40","1,41","1,38","914,80K","0,00%"
"30.10.2019","1,38","1,38","1,39","1,38","867,60K","-0,81%"
"29.10.2019","1,39","1,41","1,41","1,39","709,80K","-0,78%"
"28.10.2019","1,40","1,39","1,41","1,39","1,05M","1,94%"
"25.10.2019","1,38","1,35","1,38","1,34","682,40K","1,42%"
"24.10.2019","1,36","1,34","1,36","1,34","687,60K","2,28%"
"23.10.2019","1,33","1,31","1,33","1,31","1,02M","-0,86%"
"22.10.2019","1,34","1,35","1,36","1,34","630,40K","0,00%"
"21.10.2019","1,34","1,32","1,34","1,32","822,60K","0,77%"
"18.10.2019","1,33","1,34","1,35","1,33","608,20K","-1,15%"
"17.10.2019","1,34","1,35","1,36","1,34","671,00K","0,00%"
"16.10.2019","1,35","1,36","1,36","1,34","1,02M","-0,63%"
"15.10.2019","1,35","1,34","1,36","1,34","1,02M","1,69%"
"14.10.2019","1,33","1,33","1,33","1,31","1,69M","-0,73%"
"11.10.2019","1,34","1,31","1,34","1,31","2,76M","2,92%"
"10.10.2019","1,30","1,27","1,31","1,27","1,66M","2,10%"
"09.10.2019","1,28","1,25","1,28","1,25","1,34M","0,97%"
"08.10.2019","1,26","1,30","1,30","1,26","1,85M","-3,33%"
"07.10.2019","1,31","1,29","1,31","1,29","1,15M","1,16%"
"04.10.2019","1,29","1,26","1,29","1,26","1,55M","4,02%"
"03.10.2019","1,24","1,24","1,25","1,21","3,07M","0,65%"
"02.10.2019","1,23","1,29","1,29","1,23","2,99M","-5,37%"
"01.10.2019","1,30","1,33","1,34","1,30","1,13M","0,00%"
"30.09.2019","1,31","1,30","1,31","1,29","1,79M","-0,44%"
"27.09.2019","1,31","1,32","1,33","1,30","326,40K","0,94%"
"26.09.2019","1,30","1,32","1,33","1,30","1,27M","0,00%"
"25.09.2019","1,30","1,29","1,31","1,27","1,55M","-1,40%"
"24.09.2019","1,32","1,34","1,34","1,32","618,20K","-0,72%"
"23.09.2019","1,33","1,34","1,34","1,32","693,60K","-1,48%"
"20.09.2019","1,35","1,35","1,36","1,35","460,80K","-0,94%"
"19.09.2019","1,36","1,33","1,36","1,33","639,60K","2,00%"
"18.09.2019","1,33","1,34","1,34","1,33","228,60K","0,00%"
"17.09.2019","1,33","1,33","1,34","1,33","142,40K","0,00%"
"16.09.2019","1,34","1,33","1,34","1,32","1,00M","-0,74%"
"13.09.2019","1,35","1,35","1,36","1,35","639,60K","-1,07%"
"12.09.2019","1,36","1,36","1,38","1,35","2,51M","1,17%"
"11.09.2019","1,35","1,32","1,35","1,32","893,60K","3,52%"
"10.09.2019","1,30","1,32","1,32","1,30","1,02M","-2,82%"
"09.09.2019","1,34","1,34","1,34","1,33","1,18M","0,00%"
"06.09.2019","1,34","1,34","1,35","1,33","1,13M","0,00%"
"05.09.2019","1,34","1,31","1,34","1,31","2,26M","4,13%"
"04.09.2019","1,28","1,29","1,30","1,27","793,60K","1,28%"
"03.09.2019","1,27","1,27","1,28","1,26","1,46M","-0,82%"
"02.09.2019","1,28","1,27","1,29","1,27","555,20K","0,00%"
"30.08.2019","1,28","1,28","1,30","1,27","1,58M","0,00%"
"29.08.2019","1,28","1,24","1,29","1,23","1,95M","3,61%"
"28.08.2019","1,24","1,24","1,24","1,21","2,02M","0,00%"
"27.08.2019","1,24","1,23","1,26","1,22","1,80M","0,98%"
"26.08.2019","1,23","1,22","1,25","1,21","1,92M","0,00%"
"23.08.2019","1,23","1,30","1,30","1,23","1,37M","-3,86%"
"22.08.2019","1,28","1,29","1,30","1,27","1,09M","-1,49%"
"21.08.2019","1,29","1,28","1,30","1,28","826,00K","0,70%"
"20.08.2019","1,29","1,29","1,30","1,27","1,09M","0,00%"
"19.08.2019","1,29","1,28","1,29","1,27","1,28M","3,43%"
"16.08.2019","1,25","1,23","1,25","1,23","2,04M","3,21%"
"15.08.2019","1,21","1,22","1,23","1,17","4,86M","-1,59%"
"14.08.2019","1,23","1,28","1,28","1,22","1,39M","-3,18%"
"13.08.2019","1,27","1,22","1,30","1,21","2,28M","2,88%"
"12.08.2019","1,23","1,27","1,27","1,23","1,25M","-0,61%"
"09.08.2019","1,24","1,27","1,27","1,24","1,63M","-1,63%"
"08.08.2019","1,26","1,23","1,26","1,22","1,90M","5,00%"
"07.08.2019","1,20","1,21","1,23","1,17","2,84M","1,10%"
"06.08.2019","1,19","1,18","1,22","1,17","5,17M","-0,86%"
"05.08.2019","1,20","1,25","1,25","1,19","5,72M","-5,93%"
"02.08.2019","1,27","1,31","1,32","1,26","3,38M","-8,42%"
"01.08.2019","1,39","1,34","1,39","1,34","1,56M","1,09%"
"31.07.2019","1,37","1,37","1,38","1,37","489,00K","0,48%"
"30.07.2019","1,37","1,38","1,38","1,35","967,80K","0,00%"
"29.07.2019","1,37","1,38","1,39","1,36","772,40K","-1,30%"
"26.07.2019","1,39","1,38","1,39","1,38","783,40K","1,93%"
"25.07.2019","1,36","1,39","1,39","1,35","1,44M","-0,58%"
"24.07.2019","1,37","1,36","1,38","1,35","710,00K","1,41%"
"23.07.2019","1,35","1,35","1,36","1,35","966,40K","1,43%"
"22.07.2019","1,33","1,32","1,34","1,32","746,00K","-0,82%"
"19.07.2019","1,34","1,35","1,36","1,34","751,60K","1,93%"
"18.07.2019","1,32","1,31","1,33","1,31","741,40K","-1,79%"
"17.07.2019","1,34","1,35","1,36","1,34","862,00K","-1,07%"
"16.07.2019","1,36","1,36","1,37","1,36","1,70M","0,00%"
"15.07.2019","1,35","1,35","1,36","1,35","1,50M","0,54%"
"12.07.2019","1,35","1,34","1,35","1,34","739,60K","0,00%"
"11.07.2019","1,35","1,34","1,35","1,34","887,80K","1,22%"
"10.07.2019","1,33","1,31","1,34","1,31","1,01M","1,66%"
"09.07.2019","1,31","1,29","1,31","1,28","1,21M","0,69%"
"08.07.2019","1,30","1,31","1,31","1,29","1,25M","-0,78%"
"05.07.2019","1,31","1,33","1,33","1,30","1,68M","-1,39%"
"04.07.2019","1,33","1,32","1,33","1,32","818,00K","0,89%"
"03.07.2019","1,32","1,31","1,32","1,31","911,20K","2,27%"
"02.07.2019","1,29","1,29","1,29","1,28","1,10M","0,00%"
"01.07.2019","1,29","1,30","1,30","1,29","1,65M","3,64%"
"28.06.2019","1,24","1,25","1,25","1,24","608,60K","0,44%"
"27.06.2019","1,24","1,25","1,25","1,24","1,13M","0,00%"
"26.06.2019","1,24","1,23","1,26","1,23","1,12M","0,00%"
"25.06.2019","1,25","1,26","1,27","1,24","1,69M","-2,06%"
"24.06.2019","1,27","1,28","1,28","1,27","793,80K","-0,99%"
"21.06.2019","1,28","1,28","1,29","1,27","1,70M","0,84%"
"20.06.2019","1,27","1,29","1,30","1,27","2,57M","1,57%"
"19.06.2019","1,25","1,26","1,26","1,25","1,24M","-1,14%"
"18.06.2019","1,27","1,22","1,28","1,22","4,03M","3,95%"
"17.06.2019","1,22","1,21","1,23","1,21","508,20K","1,22%"
"14.06.2019","1,21","1,20","1,21","1,19","769,00K","0,00%"
"13.06.2019","1,21","1,19","1,22","1,19","611,80K","0,73%"
"12.06.2019","1,20","1,19","1,20","1,19","787,00K","-1,05%"
"11.06.2019","1,21","1,21","1,23","1,21","1,61M","-0,96%"
"10.06.2019","1,22","1,18","1,22","1,18","1,55M","4,18%"
"07.06.2019","1,17","1,14","1,18","1,13","1,70M","4,11%"
"06.06.2019","1,13","1,12","1,14","1,11","1,36M","0,94%"
"05.06.2019","1,12","1,11","1,13","1,10","1,47M","2,03%"
"04.06.2019","1,09","1,05","1,09","1,05","2,42M","0,85%"
"03.06.2019","1,08","1,09","1,10","1,07","2,17M","-3,15%"
"31.05.2019","1,12","1,12","1,12","1,11","1,71M","-1,71%"
"30.05.2019","1,14","1,14","1,15","1,14","965,60K","0,66%"
"29.05.2019","1,13","1,14","1,14","1,13","1,93M","-2,67%"
"28.05.2019","1,16","1,16","1,17","1,15","847,40K","0,45%"
"27.05.2019","1,16","1,16","1,16","1,15","404,60K","0,00%"
"24.05.2019","1,16","1,17","1,18","1,15","1,21M","0,00%"
"23.05.2019","1,16","1,18","1,18","1,16","1,19M","-3,41%"
"22.05.2019","1,20","1,20","1,21","1,18","1,87M","0,00%"
"21.05.2019","1,21","1,20","1,21","1,19","728,60K","1,43%"
"20.05.2019","1,19","1,23","1,23","1,17","1,69M","-4,70%"
"17.05.2019","1,25","1,24","1,26","1,22","1,48M","-0,64%"
"16.05.2019","1,26","1,22","1,26","1,21","1,58M","3,35%"
"15.05.2019","1,22","1,20","1,22","1,17","1,53M","1,93%"
"14.05.2019","1,19","1,17","1,19","1,17","2,27M","2,34%"
"13.05.2019","1,17","1,22","1,22","1,16","2,55M","-2,43%"
"10.05.2019","1,20","1,24","1,25","1,20","1,39M","-1,58%"
"09.05.2019","1,22","1,24","1,25","1,21","2,28M","-4,29%"
"08.05.2019","1,27","1,27","1,28","1,25","3,38M","-0,65%"
"07.05.2019","1,28","1,31","1,31","1,26","1,78M","-2,29%"
"06.05.2019","1,31","1,28","1,31","1,28","2,24M","-1,49%"
"03.05.2019","1,33","1,31","1,33","1,31","838,60K","2,15%"
"02.05.2019","1,30","1,31","1,32","1,30","912,20K","0,00%"
"30.04.2019","1,30","1,32","1,32","1,30","1,44M","-2,76%"
"29.04.2019","1,34","1,34","1,34","1,33","426,20K","1,00%"
"26.04.2019","1,33","1,33","1,34","1,31","645,60K","-0,88%"
"25.04.2019","1,34","1,34","1,35","1,32","1,25M","0,43%"
"24.04.2019","1,33","1,32","1,33","1,32","981,60K","1,06%"
"23.04.2019","1,32","1,29","1,32","1,29","1,18M","3,27%"
"18.04.2019","1,28","1,27","1,28","1,26","1,45M","0,75%"
"17.04.2019","1,27","1,27","1,28","1,27","1,23M","0,00%"
"16.04.2019","1,27","1,26","1,27","1,26","1,12M","1,56%"
"15.04.2019","1,25","1,25","1,26","1,24","796,40K","0,00%"
"12.04.2019","1,25","1,25","1,26","1,24","832,60K","0,00%"
"11.04.2019","1,25","1,26","1,26","1,25","858,20K","0,00%"
"10.04.2019","1,25","1,24","1,25","1,24","598,40K","0,58%"
"09.04.2019","1,24","1,25","1,25","1,24","721,40K","0,00%"
"08.04.2019","1,24","1,25","1,25","1,23","542,80K","0,00%"
"05.04.2019","1,25","1,24","1,25","1,24","705,80K","1,42%"
"04.04.2019","1,23","1,24","1,25","1,23","1,17M","-1,50%"
"03.04.2019","1,25","1,24","1,25","1,23","1,12M","2,29%"
"02.04.2019","1,22","1,21","1,22","1,21","745,00K","1,03%"
"01.04.2019","1,21","1,20","1,21","1,20","1,10M","2,61%"
"29.03.2019","1,18","1,18","1,18","1,17","1,09M","1,62%"
"28.03.2019","1,16","1,16","1,17","1,15","1,09M","0,63%"
"27.03.2019","1,15","1,18","1,18","1,14","1,41M","-1,62%"
"26.03.2019","1,17","1,16","1,19","1,16","1,26M","1,67%"
"25.03.2019","1,15","1,15","1,16","1,14","2,18M","-2,08%"
"22.03.2019","1,18","1,21","1,21","1,17","1,84M","-1,47%"
"21.03.2019","1,19","1,16","1,20","1,16","712,20K","3,22%"
"20.03.2019","1,16","1,16","1,17","1,16","817,60K","-1,43%"
"19.03.2019","1,17","1,16","1,18","1,16","911,00K","2,18%"
"18.03.2019","1,15","1,16","1,16","1,15","838,80K","-0,84%"
"15.03.2019","1,16","1,14","1,16","1,14","1,37M","1,53%"
"14.03.2019","1,14","1,14","1,15","1,14","737,40K","0,00%"
"13.03.2019","1,14","1,13","1,15","1,12","712,20K","1,46%"
"12.03.2019","1,13","1,12","1,13","1,11","1,65M","1,46%"
"11.03.2019","1,11","1,08","1,11","1,08","1,40M","4,56%"
"08.03.2019","1,06","1,07","1,07","1,05","2,20M","-2,39%"
"07.03.2019","1,09","1,09","1,10","1,07","1,27M","-0,89%"
"06.03.2019","1,10","1,11","1,11","1,10","711,20K","-1,19%"
"05.03.2019","1,11","1,11","1,11","1,10","752,40K","0,93%"
"04.03.2019","1,10","1,12","1,12","1,10","1,88M","1,10%"
"01.03.2019","1,09","1,10","1,10","1,09","752,40K","0,00%"
"28.02.2019","1,09","1,08","1,09","1,08","893,40K","0,53%"
"27.02.2019","1,08","1,08","1,09","1,07","1,31M","-1,07%"
"26.02.2019","1,09","1,09","1,10","1,08","1,16M","-0,97%"
"25.02.2019","1,11","1,09","1,11","1,09","801,60K","1,68%"
"22.02.2019","1,09","1,07","1,09","1,07","431,40K","1,57%"
"21.02.2019","1,07","1,09","1,09","1,06","1,09M","-1,18%"
"20.02.2019","1,08","1,08","1,09","1,08","395,40K","0,00%"
"19.02.2019","1,08","1,08","1,08","1,07","579,80K","0,00%"
"18.02.2019","1,08","1,08","1,08","1,08","335,60K","0,56%"
"15.02.2019","1,08","1,06","1,09","1,06","1,44M","1,32%"
"14.02.2019","1,06","1,08","1,08","1,05","634,80K","-0,61%"
"13.02.2019","1,07","1,07","1,08","1,07","548,60K","0,61%"
"12.02.2019","1,06","1,05","1,06","1,05","1,07M","2,24%"
"11.02.2019","1,04","1,03","1,05","1,03","893,60K","2,36%"
"08.02.2019","1,02","1,02","1,02","1,01","1,81M","0,00%"
"07.02.2019","1,02","1,05","1,05","1,02","1,64M","-3,64%"
"06.02.2019","1,06","1,06","1,06","1,05","871,60K","0,00%"
"05.02.2019","1,05","1,03","1,06","1,03","1,24M","1,91%"
"04.02.2019","1,03","1,01","1,03","1,01","1,27M","1,67%"
"01.02.2019","1,02","1,02","1,03","1,01","889,60K","0,00%"
"31.01.2019","1,02","1,00","1,02","1,00","2,04M","5,28%"
"30.01.2019","0,97","0,96","0,97","0,95","665,20K","2,52%"
"29.01.2019","0,94","0,95","0,97","0,94","668,00K","-1,16%"
"28.01.2019","0,96","0,98","0,98","0,95","1,29M","-3,27%"
"25.01.2019","0,99","0,98","0,99","0,98","1,31M","2,40%"
"24.01.2019","0,96","0,96","0,97","0,96","577,80K","1,43%"
"23.01.2019","0,95","0,95","0,97","0,95","828,40K","-2,29%"
"22.01.2019","0,97","0,98","0,98","0,97","657,40K","-1,33%"
"21.01.2019","0,99","0,99","0,99","0,98","761,80K","-1,46%"
"18.01.2019","1,00","0,98","1,00","0,97","1,40M","3,70%"
"17.01.2019","0,97","0,94","0,97","0,94","1,14M","0,00%"
"16.01.2019","0,97","0,96","0,98","0,96","1,52M","1,83%"
"15.01.2019","0,95","0,93","0,95","0,93","942,60K","3,04%"
"14.01.2019","0,92","0,92","0,92","0,91","639,60K","-0,75%"
"11.01.2019","0,93","0,93","0,94","0,92","732,40K","0,00%"
"10.01.2019","0,93","0,91","0,93","0,91","599,60K","0,00%"
"09.01.2019","0,93","0,92","0,93","0,92","2,22M","2,90%"
"08.01.2019","0,90","0,91","0,93","0,90","3,18M","0,00%"
"07.01.2019","0,90","0,89","0,90","0,88","1,23M","1,93%"
"04.01.2019","0,88","0,84","0,88","0,84","1,87M","5,55%"
"03.01.2019","0,84","0,84","0,86","0,82","1,26M","-4,31%"
"02.01.2019","0,87","0,84","0,88","0,82","1,41M","0,00%"
"31.12.2018","0,87","0,87","0,87","0,86","573,20K","2,07%"
"28.12.2018","0,85","0,85","0,87","0,84","1,31M","4,38%"
"27.12.2018","0,82","0,85","0,85","0,80","2,14M","4,98%"
"24.12.2018","0,78","0,81","0,81","0,78","1,70M","-7,19%"
"21.12.2018","0,84","0,86","0,87","0,83","2,82M","-1,63%"
"20.12.2018","0,85","0,86","0,88","0,85","2,92M","-8,11%"
"19.12.2018","0,93","0,92","0,94","0,91","1,40M","0,00%"
"18.12.2018","0,92","0,92","0,93","0,92","2,24M","-3,23%"
"17.12.2018","0,95","0,96","0,96","0,93","2,20M","-3,24%"
"14.12.2018","0,99","0,98","0,99","0,98","1,45M","-2,09%"
"13.12.2018","1,01","1,02","1,02","1,00","855,60K","-1,87%"
"12.12.2018","1,03","1,00","1,03","1,00","1,25M","3,05%"
"11.12.2018","1,00","0,98","1,01","0,98","1,74M","5,57%"
"10.12.2018","0,94","0,95","0,97","0,94","1,61M","-3,89%"
"07.12.2018","0,98","1,01","1,03","0,98","1,04M","0,86%"
"06.12.2018","0,97","1,00","1,00","0,96","1,50M","-4,55%"
"05.12.2018","1,02","1,03","1,03","1,02","1,76M","-5,45%"
"04.12.2018","1,08","1,08","1,09","1,07","754,80K","-1,80%"
"03.12.2018","1,10","1,12","1,12","1,09","2,02M","4,52%"
"30.11.2018","1,05","1,05","1,06","1,04","992,80K","1,08%"
"29.11.2018","1,04","1,04","1,05","1,03","1,34M","3,46%"
"28.11.2018","1,00","1,00","1,01","1,00","1,32M","1,19%"
"27.11.2018","0,99","0,98","1,00","0,97","973,80K","2,34%"
"26.11.2018","0,97","0,96","0,98","0,96","931,40K","1,99%"
"23.11.2018","0,95","0,94","0,96","0,93","1,42M","2,03%"
"22.11.2018","0,93","0,95","0,95","0,93","1,15M","-3,38%"
"21.11.2018","0,97","0,95","0,97","0,95","2,04M","2,27%"
"20.11.2018","0,94","0,96","0,96","0,92","5,97M","-4,36%"
"19.11.2018","0,99","1,04","1,05","0,99","1,90M","-4,16%"
"16.11.2018","1,03","1,04","1,05","1,02","766,20K","0,00%"
"15.11.2018","1,03","1,03","1,03","1,00","1,68M","0,00%"
"14.11.2018","1,03","1,03","1,06","1,02","2,22M","-3,61%"
"13.11.2018","1,07","1,06","1,08","1,04","1,93M","2,13%"
"12.11.2018","1,04","1,11","1,12","1,04","2,43M","-5,10%"
"09.11.2018","1,10","1,12","1,12","1,09","1,37M","-2,98%"
"08.11.2018","1,13","1,14","1,14","1,12","1,60M","1,30%"
"07.11.2018","1,12","1,09","1,12","1,09","2,53M","4,80%"
"06.11.2018","1,07","1,06","1,09","1,05","1,91M","2,03%"
"05.11.2018","1,05","1,07","1,08","1,04","1,61M","-1,97%"
"02.11.2018","1,07","1,11","1,12","1,06","2,94M","-2,18%"
"01.11.2018","1,09","1,07","1,09","1,06","1,74M","0,93%"
"31.10.2018","1,08","1,05","1,09","1,04","2,29M","7,25%"
"30.10.2018","1,01","1,02","1,02","0,98","1,45M","-1,73%"
"29.10.2018","1,03","1,06","1,08","1,02","2,16M","-1,51%"
"26.10.2018","1,04","1,04","1,05","1,00","2,66M","-3,74%"
"25.10.2018","1,08","1,04","1,09","1,04","2,07M","0,00%"
"24.10.2018","1,08","1,10","1,13","1,08","885,20K","0,46%"
"23.10.2018","1,08","1,10","1,10","1,06","4,55M","-4,62%"
"22.10.2018","1,13","1,12","1,14","1,11","1,57M","0,00%"
"19.10.2018","1,13","1,13","1,15","1,12","2,10M","0,00%"
"18.10.2018","1,13","1,16","1,17","1,13","1,69M","-2,11%"
"17.10.2018","1,15","1,18","1,18","1,14","2,65M","1,14%"
"16.10.2018","1,14","1,10","1,14","1,10","2,07M","2,29%"
"15.10.2018","1,11","1,11","1,12","1,09","1,61M","0,00%"
"12.10.2018","1,12","1,11","1,13","1,10","5,41M","3,24%"
"11.10.2018","1,08","1,08","1,11","1,06","4,62M","-5,68%"
"10.10.2018","1,15","1,21","1,21","1,14","2,48M","-5,80%"
"09.10.2018","1,22","1,20","1,23","1,19","1,44M","2,08%"
"08.10.2018","1,19","1,21","1,22","1,19","992,60K","-1,77%"
"05.10.2018","1,21","1,24","1,25","1,21","2,69M","-2,90%"
"04.10.2018","1,25","1,28","1,28","1,25","1,31M","-3,68%"
"03.10.2018","1,30","1,29","1,30","1,28","1,50M","0,00%"
"02.10.2018","1,30","1,28","1,30","1,28","892,80K","0,00%"
"01.10.2018","1,30","1,30","1,30","1,29","1,11M","1,84%"
"28.09.2018","1,28","1,28","1,28","1,27","714,60K","0,00%"
"27.09.2018","1,28","1,25","1,28","1,25","1,16M","1,57%"
"26.09.2018","1,26","1,25","1,26","1,25","766,00K","1,49%"
"25.09.2018","1,24","1,24","1,24","1,23","949,80K","0,65%"
"24.09.2018","1,23","1,22","1,23","1,20","1,92M","-1,20%"
"21.09.2018","1,25","1,25","1,25","1,24","1,01M","0,00%"
"20.09.2018","1,25","1,23","1,25","1,22","1,83M","1,88%"
"19.09.2018","1,22","1,23","1,23","1,21","521,80K","-1,23%"
"18.09.2018","1,24","1,21","1,24","1,21","846,80K","1,39%"
"17.09.2018","1,22","1,24","1,25","1,21","1,00M","-2,69%"
"14.09.2018","1,25","1,26","1,26","1,25","785,40K","0,00%"
"13.09.2018","1,25","1,23","1,25","1,23","697,00K","1,48%"
"12.09.2018","1,23","1,25","1,25","1,21","888,20K","0,00%"
"11.09.2018","1,23","1,23","1,23","1,21","581,20K","1,02%"
"10.09.2018","1,22","1,23","1,24","1,21","1,31M","-1,17%"
"07.09.2018","1,23","1,22","1,24","1,21","1,24M","1,35%"
"06.09.2018","1,22","1,24","1,25","1,21","1,43M","-1,81%"
"05.09.2018","1,24","1,28","1,28","1,24","1,93M","-3,72%"
"04.09.2018","1,29","1,30","1,30","1,27","1,48M","-0,64%"
"03.09.2018","1,30","1,29","1,30","1,29","625,60K","0,64%"
"31.08.2018","1,29","1,28","1,29","1,27","1,55M","0,00%"
"30.08.2018","1,29","1,28","1,29","1,28","1,19M","0,51%"
"29.08.2018","1,28","1,26","1,28","1,26","952,80K","2,34%"
"28.08.2018","1,25","1,25","1,26","1,25","782,40K","0,00%"
"27.08.2018","1,25","1,25","1,25","1,24","873,60K","1,44%"
"24.08.2018","1,23","1,22","1,23","1,22","605,20K","1,36%"
"23.08.2018","1,22","1,22","1,23","1,21","854,00K","0,00%"
"22.08.2018","1,22","1,20","1,22","1,20","991,40K","-0,45%"
"21.08.2018","1,22","1,21","1,22","1,21","471,20K","0,83%"
"20.08.2018","1,21","1,23","1,23","1,21","867,00K","0,00%"
"17.08.2018","1,21","1,22","1,22","1,20","734,80K","-1,94%"
"16.08.2018","1,23","1,23","1,24","1,23","1,43M","1,40%"
"15.08.2018","1,22","1,25","1,25","1,21","2,08M","-2,25%"
"14.08.2018","1,25","1,24","1,25","1,23","399,80K","0,69%"
"13.08.2018","1,24","1,23","1,25","1,22","1,10M","0,00%"
"10.08.2018","1,24","1,23","1,24","1,23","1,87M","0,00%"
"09.08.2018","1,24","1,23","1,24","1,23","567,00K","0,00%"
"08.08.2018","1,23","1,23","1,24","1,22","1,05M","0,94%"
"07.08.2018","1,22","1,23","1,23","1,22","1,23M","0,68%"
"06.08.2018","1,21","1,21","1,22","1,21","1,65M","1,19%"
"03.08.2018","1,20","1,20","1,21","1,20","1,52M","1,69%"
"02.08.2018","1,18","1,15","1,18","1,14","1,04M","2,01%"
"01.08.2018","1,16","1,16","1,17","1,15","894,00K","1,16%"
"31.07.2018","1,14","1,13","1,15","1,13","1,41M","0,59%"
"30.07.2018","1,14","1,16","1,17","1,13","2,36M","-4,83%"
"27.07.2018","1,19","1,22","1,22","1,19","1,75M","-1,20%"
"26.07.2018","1,21","1,20","1,21","1,19","1,37M","0,00%"
"25.07.2018","1,21","1,20","1,21","1,20","591,40K","0,00%"
"24.07.2018","1,21","1,21","1,22","1,20","886,00K","2,24%"
"23.07.2018","1,18","1,17","1,18","1,17","485,60K","-1,21%"
"20.07.2018","1,20","1,20","1,20","1,18","1,74M","0,00%"
"19.07.2018","1,20","1,20","1,21","1,19","405,40K","0,00%"
"18.07.2018","1,21","1,21","1,21","1,20","928,60K","1,39%"
"17.07.2018","1,19","1,16","1,19","1,16","1,05M","0,00%"
"16.07.2018","1,19","1,20","1,20","1,19","988,60K","-0,94%"
"13.07.2018","1,20","1,20","1,21","1,19","1,32M","1,69%"
"12.07.2018","1,18","1,16","1,18","1,16","949,00K","2,85%"
"11.07.2018","1,15","1,14","1,16","1,13","3,24M","-1,10%"
"10.07.2018","1,16","1,16","1,17","1,16","1,40M","1,20%"
"09.07.2018","1,15","1,14","1,15","1,14","1,19M","1,57%"
"06.07.2018","1,13","1,11","1,13","1,10","1,35M","2,92%"
"05.07.2018","1,10","1,08","1,10","1,08","1,04M","0,99%"
"04.07.2018","1,09","1,09","1,09","1,08","617,80K","-1,79%"
"03.07.2018","1,11","1,12","1,13","1,10","1,48M","1,17%"
"02.07.2018","1,09","1,08","1,10","1,07","1,60M","-0,97%"
"29.06.2018","1,10","1,10","1,11","1,10","1,64M","1,24%"
"28.06.2018","1,09","1,09","1,09","1,07","1,71M","-2,07%"
"27.06.2018","1,11","1,10","1,13","1,08","2,41M","1,48%"
"26.06.2018","1,10","1,09","1,11","1,09","1,47M","1,01%"
"25.06.2018","1,09","1,14","1,14","1,09","1,82M","-5,38%"
"22.06.2018","1,15","1,15","1,16","1,14","1,16M","-1,71%"
"21.06.2018","1,17","1,19","1,19","1,15","1,29M","-0,79%"
"20.06.2018","1,18","1,17","1,18","1,17","1,42M","2,62%"
"19.06.2018","1,15","1,14","1,15","1,13","1,45M","-1,42%"
"18.06.2018","1,16","1,16","1,17","1,15","1,49M","0,00%"
"15.06.2018","1,16","1,18","1,18","1,16","2,32M","-0,83%"
"14.06.2018","1,17","1,13","1,17","1,12","1,52M","1,69%"
"13.06.2018","1,15","1,14","1,15","1,14","1,09M","1,86%"
"12.06.2018","1,13","1,13","1,13","1,12","646,80K","0,92%"
"11.06.2018","1,12","1,12","1,12","1,11","1,24M","0,54%"
"08.06.2018","1,11","1,11","1,12","1,10","970,00K","0,00%"
"07.06.2018","1,12","1,14","1,14","1,11","402,80K","-1,26%"
"06.06.2018","1,13","1,13","1,13","1,12","1,14M","0,00%"
"05.06.2018","1,13","1,12","1,14","1,12","1,15M","0,85%"
"04.06.2018","1,12","1,11","1,12","1,11","921,60K","1,43%"
"01.06.2018","1,10","1,08","1,10","1,08","1,49M","2,37%"
"31.05.2018","1,08","1,08","1,08","1,07","913,00K","0,00%"
"30.05.2018","1,08","1,08","1,08","1,07","1,36M","0,00%"
"29.05.2018","1,08","1,07","1,08","1,06","1,23M","-0,58%"
"28.05.2018","1,08","1,08","1,09","1,08","524,20K","0,56%"
"25.05.2018","1,08","1,07","1,08","1,06","1,88M","2,45%"
"24.05.2018","1,05","1,06","1,07","1,04","2,11M","0,91%"
"23.05.2018","1,04","1,04","1,04","1,02","1,18M","0,00%"
"22.05.2018","1,05","1,05","1,06","1,04","981,40K","0,63%"
"21.05.2018","1,04","1,05","1,06","1,04","1,23M","0,00%"
"18.05.2018","1,04","1,05","1,05","1,03","958,40K","-1,14%"
"17.05.2018","1,05","1,04","1,06","1,04","616,40K","0,69%"
"16.05.2018","1,05","1,03","1,05","1,03","538,20K","1,93%"
"15.05.2018","1,03","1,04","1,05","1,02","1,34M","-2,68%"
"14.05.2018","1,05","1,05","1,06","1,04","1,19M","0,96%"
"11.05.2018","1,04","1,05","1,05","1,04","1,94M","0,00%"
"10.05.2018","1,04","1,04","1,05","1,03","1,11M","3,21%"
"09.05.2018","1,01","1,01","1,02","1,01","2,40M","0,55%"
"08.05.2018","1,01","1,01","1,01","1,00","1,90M","0,00%"
"07.05.2018","1,01","1,00","1,01","1,00","1,69M","2,83%"
"04.05.2018","0,98","0,95","0,98","0,95","1,61M","5,92%"
"03.05.2018","0,93","0,95","0,95","0,92","890,40K","-3,47%"
"02.05.2018","0,96","0,97","0,97","0,96","805,40K","1,01%"
"30.04.2018","0,95","0,96","0,96","0,95","736,80K","0,00%"
"27.04.2018","0,95","0,97","0,98","0,94","1,56M","1,43%"
"26.04.2018","0,93","0,91","0,94","0,91","720,60K","3,71%"
"25.04.2018","0,90","0,90","0,91","0,88","1,39M","-1,98%"
"24.04.2018","0,92","0,94","0,95","0,91","1,87M","-3,44%"
"23.04.2018","0,95","0,94","0,96","0,94","886,00K","1,27%"
"20.04.2018","0,94","0,96","0,97","0,94","2,12M","-2,42%"
"19.04.2018","0,96","0,98","0,98","0,96","474,60K","-1,21%"
"18.04.2018","0,98","0,98","0,98","0,96","1,61M","0,69%"
"17.04.2018","0,97","0,95","0,97","0,94","1,09M","4,61%"
"16.04.2018","0,93","0,93","0,93","0,92","1,09M","0,00%"
"13.04.2018","0,93","0,93","0,94","0,92","1,84M","-0,72%"
"12.04.2018","0,93","0,91","0,94","0,91","1,07M","2,41%"
"11.04.2018","0,91","0,91","0,92","0,89","1,58M","0,00%"
"10.04.2018","0,91","0,91","0,92","0,90","1,35M","0,66%"
"09.04.2018","0,91","0,89","0,91","0,88","1,02M","0,00%"
"06.04.2018","0,90","0,91","0,92","0,89","573,60K","-3,16%"
"05.04.2018","0,93","0,92","0,93","0,92","1,54M","5,99%"
"04.04.2018","0,88","0,87","0,88","0,84","3,93M","0,00%"
"03.04.2018","0,87","0,85","0,88","0,85","4,74M","-3,00%"
"29.03.2018","0,90","0,89","0,91","0,87","2,43M","2,97%"
"28.03.2018","0,88","0,89","0,90","0,87","4,42M","-8,48%"
"27.03.2018","0,96","0,97","0,98","0,95","2,02M","5,25%"
"26.03.2018","0,91","0,92","0,93","0,90","2,31M","-2,26%"
"23.03.2018","0,93","0,94","0,95","0,92","3,33M","-3,93%"
"22.03.2018","0,97","0,98","0,99","0,95","2,02M","-4,48%"
"21.03.2018","1,01","1,01","1,01","1,00","373,20K","0,00%"
"20.03.2018","1,01","1,00","1,01","1,00","1,40M","2,14%"
"19.03.2018","0,99","1,03","1,03","0,99","3,43M","-5,67%"
"16.03.2018","1,05","1,05","1,06","1,05","712,20K","0,00%"
"15.03.2018","1,05","1,05","1,06","1,04","328,00K","0,55%"
"14.03.2018","1,05","1,05","1,06","1,04","2,18M","-1,20%"
"13.03.2018","1,06","1,08","1,09","1,05","1,38M","-2,21%"
"12.03.2018","1,08","1,08","1,08","1,07","1,94M","2,51%"
"09.03.2018","1,06","1,03","1,06","1,03","1,23M","2,90%"
"08.03.2018","1,03","1,01","1,03","1,01","812,20K","2,47%"
"07.03.2018","1,00","0,99","1,01","0,98","1,00M","0,00%"
"06.03.2018","1,00","1,01","1,01","0,99","926,60K","0,00%"
"05.03.2018","0,99","0,97","0,99","0,97","1,40M","3,59%"
"02.03.2018","0,96","0,97","0,98","0,94","1,62M","-4,52%"
"01.03.2018","1,00","1,02","1,02","0,99","1,78M","-1,90%"
"28.02.2018","1,02","1,02","1,04","1,02","1,01M","-0,90%"
"27.02.2018","1,03","1,04","1,05","1,03","694,20K","0,00%"
"26.02.2018","1,03","1,01","1,03","1,01","1,60M","3,72%"
"23.02.2018","0,99","0,99","0,99","0,98","686,40K","0,68%"
"22.02.2018","0,99","0,96","0,99","0,96","560,60K","-1,35%"
"21.02.2018","1,00","0,98","1,00","0,98","317,80K","1,12%"
"20.02.2018","0,99","0,97","0,99","0,96","529,60K","2,04%"
"19.02.2018","0,97","0,98","0,98","0,96","801,60K","-0,87%"
"16.02.2018","0,98","0,98","0,98","0,97","1,04M","3,00%"
"15.02.2018","0,95","0,95","0,96","0,94","1,20M","2,68%"
"14.02.2018","0,92","0,92","0,93","0,89","3,17M","2,78%"
"13.02.2018","0,90","0,90","0,91","0,89","510,80K","0,00%"
"12.02.2018","0,90","0,88","0,91","0,88","2,25M","4,83%"
"09.02.2018","0,86","0,86","0,88","0,85","2,06M","-4,46%"
"08.02.2018","0,90","0,93","0,94","0,89","1,36M","-5,92%"
"07.02.2018","0,96","0,92","0,96","0,92","1,75M","8,15%"
"06.02.2018","0,88","0,88","0,93","0,86","5,89M","-8,65%"
"05.02.2018","0,97","0,96","0,98","0,94","2,76M","-2,09%"
"02.02.2018","0,99","1,01","1,01","0,98","1,63M","-3,22%"
"01.02.2018","1,02","1,03","1,03","1,01","791,00K","0,00%"
"31.01.2018","1,02","1,02","1,03","1,02","836,20K","0,00%"
"30.01.2018","1,02","1,03","1,03","1,01","2,24M","-1,99%"
"29.01.2018","1,05","1,05","1,05","1,04","637,40K","1,19%"
"26.01.2018","1,03","1,02","1,03","1,02","470,00K","1,55%"
"25.01.2018","1,02","1,02","1,03","1,01","732,60K","0,00%"
"24.01.2018","1,02","1,04","1,05","1,02","483,20K","-2,21%"
"23.01.2018","1,04","1,04","1,04","1,03","754,80K","2,60%"
"22.01.2018","1,02","1,01","1,02","1,00","233,40K","1,14%"
"19.01.2018","1,00","1,00","1,01","1,00","382,00K","0,00%"
"18.01.2018","1,00","1,00","1,00","0,99","383,00K","0,98%"
"17.01.2018","0,99","0,99","0,99","0,98","542,20K","-0,91%"
"16.01.2018","1,00","0,99","1,01","0,99","786,60K","1,27%"
"15.01.2018","0,99","0,99","0,99","0,98","652,40K","0,00%"
"12.01.2018","0,99","0,99","0,99","0,98","389,20K","1,26%"
"11.01.2018","0,98","0,99","0,99","0,98","529,60K","0,00%"
"10.01.2018","0,97","0,98","0,98","0,97","795,40K","-1,61%"
"09.01.2018","0,99","0,99","0,99","0,98","828,80K","0,74%"
"08.01.2018","0,98","0,98","0,98","0,97","1,16M","1,62%"
"05.01.2018","0,97","0,96","0,97","0,96","1,04M","1,76%"
"04.01.2018","0,95","0,95","0,96","0,95","1,55M","0,00%"
"03.01.2018","0,95","0,93","0,95","0,93","547,80K","2,52%"
"02.01.2018","0,92","0,90","0,93","0,89","638,60K","2,28%"
"29.12.2017","0,90","0,92","0,92","0,90","640,80K","-1,47%"
"28.12.2017","0,92","0,92","0,93","0,92","795,20K","-0,59%"
"27.12.2017","0,92","0,92","0,92","0,92","251,40K","-0,99%"
"22.12.2017","0,93","0,94","0,94","0,93","295,40K","-0,81%"
"21.12.2017","0,94","0,94","0,94","0,93","250,60K","1,04%"
"20.12.2017","0,93","0,94","0,95","0,93","303,00K","-1,34%"
"19.12.2017","0,94","0,95","0,96","0,94","402,40K","-0,76%"
"18.12.2017","0,95","0,95","0,95","0,95","829,20K","1,87%"
"15.12.2017","0,93","0,92","0,93","0,92","405,20K","0,84%"
"14.12.2017","0,92","0,92","0,93","0,92","121,80K","0,00%"
"13.12.2017","0,92","0,92","0,93","0,92","442,00K","0,00%"
"12.12.2017","0,92","0,92","0,92","0,91","8,54M","1,63%"
"11.12.2017","0,91","0,91","0,91","0,90","195,60K","0,00%"
"08.12.2017","0,91","0,91","0,91","0,91","1,09M","0,95%"
"07.12.2017","0,90","0,89","0,90","0,89","347,80K","1,56%"
"06.12.2017","0,88","0,87","0,89","0,87","618,00K","-1,58%"
"05.12.2017","0,90","0,88","0,90","0,87","1,10M","1,35%"
"04.12.2017","0,89","0,91","0,91","0,88","552,00K","1,12%"
"01.12.2017","0,88","0,90","0,90","0,88","744,80K","-2,36%"
"30.11.2017","0,90","0,89","0,90","0,88","993,40K","0,86%"
"29.11.2017","0,89","0,92","0,92","0,89","1,22M","-3,01%"
"28.11.2017","0,92","0,91","0,92","0,91","718,20K","0,74%"
"27.11.2017","0,91","0,91","0,91","0,91","261,20K","0,00%"
"24.11.2017","0,91","0,91","0,91","0,91","71,40K","0,00%"
"23.11.2017","0,91","0,91","0,91","0,91","161,20K","0,00%"
"22.11.2017","0,91","0,92","0,92","0,91","485,60K","0,00%"
"21.11.2017","0,92","0,90","0,92","0,90","720,80K","2,17%"
"20.11.2017","0,90","0,89","0,90","0,89","130,40K","0,00%"
"17.11.2017","0,90","0,90","0,90","0,90","656,20K","0,00%"
"16.11.2017","0,90","0,89","0,90","0,89","1,30M","2,14%"
"15.11.2017","0,88","0,88","0,89","0,87","621,40K","-0,82%"
"14.11.2017","0,89","0,90","0,90","0,89","363,20K","-1,63%"
"13.11.2017","0,91","0,91","0,91","0,90","697,20K","0,82%"
"10.11.2017","0,90","0,91","0,91","0,90","580,60K","0,00%"
"09.11.2017","0,90","0,92","0,92","0,90","1,38M","-1,38%"
"08.11.2017","0,91","0,91","0,92","0,91","650,40K","0,00%"
"07.11.2017","0,91","0,91","0,91","0,91","723,60K","0,00%"
"06.11.2017","0,91","0,90","0,91","0,90","669,20K","1,23%"
"03.11.2017","0,90","0,89","0,90","0,89","630,40K","1,90%"
"02.11.2017","0,88","0,88","0,89","0,87","519,60K","-1,20%"
"01.11.2017","0,89","0,89","0,90","0,89","425,40K","0,00%"
"31.10.2017","0,89","0,88","0,89","0,88","334,00K","0,80%"
"30.10.2017","0,88","0,88","0,89","0,88","1,38M","0,00%"
"27.10.2017","0,88","0,85","0,88","0,85","1,16M","5,71%"
"26.10.2017","0,83","0,82","0,83","0,82","337,80K","1,39%"
"25.10.2017","0,82","0,83","0,83","0,81","427,80K","-2,02%"
"24.10.2017","0,83","0,83","0,83","0,83","336,80K","-0,60%"
"23.10.2017","0,84","0,84","0,85","0,84","915,00K","0,00%"
"20.10.2017","0,84","0,84","0,84","0,84","439,20K","1,35%"
"19.10.2017","0,83","0,84","0,84","0,82","628,40K","-1,65%"
"18.10.2017","0,84","0,85","0,85","0,84","531,20K","0,00%"
"17.10.2017","0,84","0,84","0,84","0,84","288,60K","0,00%"
"16.10.2017","0,84","0,84","0,84","0,84","152,40K","0,82%"
"13.10.2017","0,83","0,83","0,83","0,83","382,60K","0,00%"
"12.10.2017","0,83","0,83","0,83","0,83","117,80K","0,80%"
"11.10.2017","0,82","0,82","0,83","0,82","307,60K","0,00%"
"10.10.2017","0,82","0,83","0,83","0,82","260,60K","-0,98%"
"09.10.2017","0,83","0,83","0,83","0,83","643,00K","0,00%"
"06.10.2017","0,83","0,83","0,83","0,83","426,40K","0,68%"
"05.10.2017","0,82","0,81","0,82","0,81","408,60K","1,54%"
"04.10.2017","0,81","0,81","0,81","0,81","146,20K","0,00%"
"03.10.2017","0,81","0,81","0,81","0,81","340,00K","0,00%"
"02.10.2017","0,81","0,81","0,81","0,81","817,20K","1,29%"
"29.09.2017","0,80","0,79","0,80","0,79","531,00K","1,18%"
"28.09.2017","0,79","0,80","0,80","0,79","646,00K","0,00%"
"27.09.2017","0,79","0,79","0,80","0,78","357,20K","1,27%"
"26.09.2017","0,78","0,77","0,78","0,77","337,00K","1,11%"
"25.09.2017","0,77","0,78","0,78","0,76","354,60K","-1,02%"
"22.09.2017","0,78","0,78","0,78","0,78","203,20K","-1,04%"
"21.09.2017","0,79","0,79","0,80","0,78","422,60K","0,00%"
"20.09.2017","0,79","0,79","0,79","0,79","36,80K","-1,34%"
"19.09.2017","0,80","0,79","0,80","0,79","432,20K","-0,74%"
"18.09.2017","0,80","0,80","0,80","0,80","314,20K","0,00%"
"15.09.2017","0,80","0,79","0,80","0,79","85,40K","0,00%"
"14.09.2017","0,80","0,80","0,80","0,79","579,20K","0,00%"
"13.09.2017","0,80","0,80","0,80","0,79","1,77M","0,00%"
"12.09.2017","0,80","0,80","0,80","0,79","430,60K","0,00%"
"11.09.2017","0,79","0,78","0,79","0,78","184,80K","1,63%"
"08.09.2017","0,78","0,78","0,78","0,78","43,40K","-0,97%"
"07.09.2017","0,79","0,79","0,79","0,78","267,80K","0,98%"
"06.09.2017","0,78","0,79","0,79","0,78","68,00K","-1,24%"
"05.09.2017","0,79","0,80","0,80","0,79","405,40K","-0,70%"
"04.09.2017","0,79","0,79","0,80","0,79","117,20K","-0,97%"
"01.09.2017","0,80","0,80","0,81","0,79","269,00K","0,81%"
"31.08.2017","0,80","0,79","0,80","0,79","385,40K","2,39%"
"30.08.2017","0,78","0,77","0,78","0,77","148,60K","2,94%"
"29.08.2017","0,76","0,74","0,76","0,74","325,60K","0,00%"
"28.08.2017","0,76","0,75","0,76","0,75","642,80K","0,00%"
"25.08.2017","0,76","0,77","0,77","0,76","68,60K","0,00%"
"24.08.2017","0,76","0,77","0,77","0,76","30,40K","-1,69%"
"23.08.2017","0,77","0,78","0,78","0,77","260,00K","0,00%"
"22.08.2017","0,78","0,76","0,78","0,76","1,70M","3,05%"
"21.08.2017","0,75","0,76","0,76","0,75","948,40K","-1,74%"
"18.08.2017","0,77","0,76","0,77","0,75","3,59M","-1,63%"
"17.08.2017","0,78","0,79","0,79","0,78","120,00K","-2,67%"
"16.08.2017","0,80","0,79","0,80","0,79","1,42M","0,86%"
"15.08.2017","0,79","0,80","0,80","0,79","293,60K","0,94%"
"14.08.2017","0,79","0,77","0,79","0,77","640,80K","3,11%"
"11.08.2017","0,76","0,76","0,77","0,75","635,60K","-1,69%"
"10.08.2017","0,78","0,79","0,79","0,77","616,60K","-1,52%"
"09.08.2017","0,79","0,79","0,79","0,78","251,00K","-1,82%"
"08.08.2017","0,80","0,79","0,80","0,79","256,20K","1,01%"
"07.08.2017","0,79","0,79","0,79","0,79","566,00K","0,00%"
"04.08.2017","0,79","0,78","0,79","0,78","148,80K","1,48%"
"03.08.2017","0,78","0,78","0,79","0,78","3,21M","0,81%"
"02.08.2017","0,77","0,79","0,79","0,77","958,40K","-1,10%"
"01.08.2017","0,78","0,79","0,79","0,78","114,60K","0,00%"
"31.07.2017","0,78","0,79","0,80","0,78","276,00K","-0,69%"
"28.07.2017","0,79","0,78","0,79","0,78","1,20M","-3,99%"
"27.07.2017","0,82","0,81","0,82","0,81","346,00K","1,59%"
"26.07.2017","0,81","0,81","0,81","0,80","598,80K","0,00%"
"25.07.2017","0,80","0,80","0,81","0,80","303,00K","0,00%"
"24.07.2017","0,80","0,80","0,80","0,80","148,80K","0,00%"
"21.07.2017","0,80","0,80","0,80","0,79","149,40K","0,00%"
"20.07.2017","0,80","0,81","0,82","0,80","357,80K","-0,77%"
"19.07.2017","0,81","0,80","0,81","0,80","652,00K","2,15%"
"18.07.2017","0,79","0,79","0,79","0,78","389,20K","0,00%"
"17.07.2017","0,79","0,80","0,80","0,79","550,80K","0,87%"
"14.07.2017","0,79","0,78","0,79","0,78","130,80K","0,00%"
"13.07.2017","0,78","0,78","0,79","0,78","786,60K","0,97%"
"12.07.2017","0,78","0,76","0,78","0,76","305,40K","2,96%"
"11.07.2017","0,75","0,76","0,76","0,75","574,20K","0,00%"
"10.07.2017","0,76","0,75","0,76","0,75","296,20K","1,00%"
"07.07.2017","0,75","0,73","0,75","0,73","173,80K","1,32%"
"06.07.2017","0,74","0,75","0,75","0,73","770,00K","-1,03%"
"05.07.2017","0,75","0,73","0,75","0,73","517,60K","2,33%"
"04.07.2017","0,73","0,73","0,74","0,73","160,60K","-1,74%"
"03.07.2017","0,74","0,75","0,76","0,74","374,00K","0,00%"
"30.06.2017","0,75","0,74","0,75","0,74","3,22M","0,00%"
"29.06.2017","0,75","0,78","0,78","0,74","276,20K","-2,65%"
"28.06.2017","0,77","0,76","0,77","0,74","1,14M","-1,71%"
"27.06.2017","0,78","0,79","0,79","0,78","396,00K","-2,05%"
"26.06.2017","0,80","0,81","0,81","0,80","327,60K","0,00%"
"23.06.2017","0,80","0,80","0,80","0,79","357,80K","-0,72%"
"22.06.2017","0,80","0,80","0,80","0,80","268,00K","0,83%"
"21.06.2017","0,80","0,78","0,80","0,78","355,60K","0,00%"
"20.06.2017","0,79","0,80","0,80","0,79","328,40K","0,00%"
"19.06.2017","0,79","0,78","0,80","0,78","4,49M","3,19%"
"16.06.2017","0,77","0,78","0,78","0,76","454,60K","0,00%"
"15.06.2017","0,77","0,77","0,77","0,76","3,18M","-1,59%"
"14.06.2017","0,79","0,79","0,80","0,79","490,60K","0,00%"
"13.06.2017","0,78","0,78","0,79","0,78","1,59M","0,00%"
"12.06.2017","0,78","0,78","0,78","0,76","2,19M","-5,41%"
"09.06.2017","0,83","0,83","0,83","0,82","577,60K","0,00%"
"08.06.2017","0,82","0,82","0,83","0,82","451,80K","0,00%"
"07.06.2017","0,82","0,82","0,82","0,82","262,20K","0,00%"
"06.06.2017","0,82","0,82","0,82","0,82","1,77M","0,00%"
"05.06.2017","0,82","0,82","0,83","0,82","759,20K","0,87%"
"02.06.2017","0,81","0,81","0,82","0,81","1,41M","1,52%"
"01.06.2017","0,80","0,80","0,81","0,80","637,40K","0,88%"
"31.05.2017","0,80","0,80","0,81","0,79","314,80K","-1,22%"
"30.05.2017","0,80","0,81","0,81","0,80","581,00K","0,00%"
"29.05.2017","0,81","0,81","0,81","0,80","394,60K","0,00%"
"26.05.2017","0,80","0,80","0,80","0,80","978,80K","0,77%"
"25.05.2017","0,80","0,79","0,80","0,79","1,48M","1,72%"
"24.05.2017","0,78","0,78","0,78","0,78","775,60K","0,80%"
"23.05.2017","0,78","0,77","0,78","0,77","605,80K","0,00%"
"22.05.2017","0,77","0,77","0,77","0,76","306,40K","0,00%"
"19.05.2017","0,77","0,76","0,77","0,76","607,60K","0,00%"
"18.05.2017","0,76","0,75","0,76","0,74","2,30M","0,00%"
"17.05.2017","0,76","0,78","0,79","0,76","761,40K","-3,51%"
"16.05.2017","0,79","0,79","0,79","0,79","1,28M","0,00%"
"15.05.2017","0,79","0,80","0,80","0,79","362,40K","0,00%"
"12.05.2017","0,79","0,79","0,79","0,79","437,80K","0,00%"
"11.05.2017","0,79","0,79","0,79","0,78","278,40K","-0,67%"
"10.05.2017","0,79","0,79","0,79","0,79","511,00K","0,00%"
"09.05.2017","0,79","0,79","0,80","0,78","347,00K","1,73%"
"08.05.2017","0,78","0,78","0,78","0,78","865,20K","1,26%"
"05.05.2017","0,77","0,77","0,78","0,77","194,00K","0,00%"
"04.05.2017","0,78","0,78","0,78","0,77","735,40K","0,00%"
"03.05.2017","0,77","0,78","0,78","0,77","884,00K","-0,86%"
"02.05.2017","0,78","0,78","0,78","0,78","827,40K","2,16%"
"28.04.2017","0,77","0,77","0,77","0,76","471,20K","0,00%"
"27.04.2017","0,76","0,75","0,76","0,75","224,40K","0,00%"
"26.04.2017","0,76","0,76","0,76","0,76","549,20K","1,04%"
"25.04.2017","0,75","0,75","0,75","0,75","658,40K","0,96%"
"24.04.2017","0,75","0,74","0,75","0,74","736,80K","0,00%"
"21.04.2017","0,74","0,74","0,75","0,74","314,00K","1,37%"
"20.04.2017","0,73","0,73","0,73","0,73","194,20K","-0,68%"
"19.04.2017","0,74","0,73","0,74","0,73","252,60K","1,69%"
"18.04.2017","0,73","0,73","0,73","0,73","217,40K","-1,03%"
"13.04.2017","0,73","0,73","0,74","0,72","566,20K","0,00%"
"12.04.2017","0,73","0,74","0,74","0,73","185,60K","0,00%"
"11.04.2017","0,73","0,74","0,74","0,73","540,40K","-2,08%"
"10.04.2017","0,74","0,75","0,75","0,74","300,00K","0,00%"
"07.04.2017","0,74","0,74","0,74","0,74","110,80K","0,00%"
"06.04.2017","0,74","0,74","0,74","0,73","509,00K","-1,17%"
"05.04.2017","0,75","0,74","0,75","0,74","330,20K","1,22%"
"04.04.2017","0,74","0,74","0,74","0,74","275,80K","0,00%"
"03.04.2017","0,74","0,75","0,75","0,73","293,40K","0,00%"
"31.03.2017","0,74","0,74","0,74","0,74","420,80K","0,00%"
"30.03.2017","0,74","0,74","0,74","0,74","326,00K","0,98%"
"29.03.2017","0,73","0,73","0,73","0,73","872,00K","2,17%"
"28.03.2017","0,72","0,72","0,72","0,71","103,80K","1,07%"
"27.03.2017","0,71","0,70","0,71","0,69","766,40K","-1,36%"
"24.03.2017","0,72","0,72","0,72","0,71","361,20K","0,00%"
"23.03.2017","0,72","0,72","0,72","0,71","367,40K","0,85%"
"22.03.2017","0,71","0,70","0,71","0,70","549,60K","0,00%"
"21.03.2017","0,72","0,73","0,73","0,71","2,72M","-2,43%"
"20.03.2017","0,73","0,73","0,73","0,73","1,31M","0,00%"
"17.03.2017","0,73","0,73","0,73","0,73","471,80K","0,00%"
"16.03.2017","0,73","0,74","0,74","0,73","1,59M","0,00%"
"15.03.2017","0,73","0,73","0,74","0,73","179,60K","0,93%"
"14.03.2017","0,73","0,73","0,73","0,73","647,60K","0,00%"
"13.03.2017","0,73","0,73","0,73","0,73","1,65M","0,00%"
"10.03.2017","0,73","0,73","0,73","0,73","70,60K","0,00%"
"09.03.2017","0,73","0,73","0,73","0,73","244,20K","0,00%"
"08.03.2017","0,73","0,73","0,74","0,73","1,29M","0,00%"
"07.03.2017","0,73","0,73","0,73","0,73","227,60K","0,00%"
"06.03.2017","0,73","0,73","0,73","0,72","806,20K","-0,70%"
"03.03.2017","0,73","0,73","0,73","0,73","578,40K","0,00%"
"02.03.2017","0,74","0,74","0,74","0,74","501,40K","0,00%"
"01.03.2017","0,74","0,73","0,74","0,73","912,80K","1,95%"
"28.02.2017","0,72","0,72","0,73","0,72","304,20K","0,00%"
"27.02.2017","0,72","0,73","0,73","0,72","435,80K","0,00%"
"24.02.2017","0,72","0,72","0,72","0,71","1,30M","0,00%"
"23.02.2017","0,72","0,73","0,73","0,71","632,40K","-1,44%"
"22.02.2017","0,73","0,73","0,73","0,73","687,80K","0,00%"
"21.02.2017","0,73","0,72","0,73","0,72","570,20K","0,85%"
"20.02.2017","0,72","0,72","0,72","0,72","498,00K","1,21%"
"17.02.2017","0,71","0,71","0,71","0,71","1,62M","0,88%"
"16.02.2017","0,71","0,72","0,72","0,70","3,63M","-0,72%"
"15.02.2017","0,71","0,71","0,71","0,71","6,99M","1,31%"
"14.02.2017","0,70","0,70","0,70","0,70","876,60K","0,00%"
"13.02.2017","0,70","0,69","0,70","0,69","580,60K","1,55%"
"10.02.2017","0,69","0,69","0,69","0,69","4,24M","0,00%"
"09.02.2017","0,69","0,68","0,69","0,68","309,60K","1,50%"
"08.02.2017","0,68","0,68","0,68","0,67","333,80K","0,00%"
"07.02.2017","0,68","0,67","0,68","0,67","642,00K","1,29%"
"06.02.2017","0,67","0,66","0,67","0,66","145,80K","0,97%"
"03.02.2017","0,66","0,66","0,66","0,66","230,20K","0,00%"
"02.02.2017","0,66","0,66","0,66","0,65","2,90M","0,00%"
"01.02.2017","0,66","0,66","0,66","0,66","309,00K","2,09%"
"31.01.2017","0,65","0,65","0,66","0,65","1,34M","-1,71%"
"30.01.2017","0,66","0,67","0,67","0,65","1,91M","-2,02%"
"27.01.2017","0,67","0,67","0,67","0,67","312,40K","0,00%"
"26.01.2017","0,67","0,67","0,67","0,67","611,60K","1,46%"
"25.01.2017","0,66","0,65","0,66","0,65","679,80K","2,54%"
"24.01.2017","0,64","0,64","0,64","0,64","141,80K","1,03%"
"23.01.2017","0,64","0,64","0,64","0,64","139,00K","-1,40%"
"20.01.2017","0,65","0,64","0,65","0,64","106,60K","0,00%"
"19.01.2017","0,65","0,64","0,65","0,64","414,80K","1,01%"
"18.01.2017","0,64","0,64","0,64","0,64","186,40K","0,00%"
"17.01.2017","0,64","0,65","0,65","0,64","220,80K","-1,45%"
"16.01.2017","0,65","0,65","0,65","0,65","162,00K","0,00%"
"13.01.2017","0,65","0,64","0,65","0,64","228,40K","2,70%"
"12.01.2017","0,63","0,64","0,64","0,63","655,60K","-2,09%"
"11.01.2017","0,65","0,65","0,65","0,64","259,60K","0,00%"
"10.01.2017","0,65","0,64","0,65","0,64","150,20K","0,00%"
"09.01.2017","0,64","0,64","0,64","0,64","1,56M","0,96%"
"06.01.2017","0,64","0,63","0,64","0,63","1,14M","2,25%"
"05.01.2017","0,62","0,62","0,63","0,62","1,27M","0,00%"
"04.01.2017","0,62","0,62","0,63","0,62","1,64M","0,00%"
"03.01.2017","0,62","0,62","0,63","0,62","2,67M","0,00%"
"02.01.2017","0,62","0,60","0,62","0,60","207,60K","2,04%"
"30.12.2016","0,61","0,62","0,62","0,61","180,80K","-1,80%"
"29.12.2016","0,62","0,62","0,62","0,62","384,60K","-2,33%"
"28.12.2016","0,63","0,64","0,64","0,63","312,80K","0,00%"
"27.12.2016","0,64","0,63","0,64","0,63","749,80K","2,16%"
"23.12.2016","0,62","0,63","0,63","0,62","3,08M","0,00%"
"22.12.2016","0,63","0,63","0,63","0,62","191,00K","-0,96%"
"21.12.2016","0,63","0,64","0,64","0,63","165,20K","0,00%"
"20.12.2016","0,64","0,63","0,64","0,63","296,60K","0,81%"
"19.12.2016","0,63","0,62","0,63","0,62","3,32M","1,19%"
"16.12.2016","0,62","0,63","0,63","0,62","726,80K","-1,85%"
"15.12.2016","0,64","0,62","0,64","0,62","772,00K","3,16%"
"14.12.2016","0,62","0,62","0,62","0,62","783,20K","0,00%"
"13.12.2016","0,62","0,61","0,62","0,60","442,40K","2,85%"
"12.12.2016","0,60","0,61","0,61","0,60","463,20K","-1,38%"
"09.12.2016","0,61","0,60","0,61","0,60","408,00K","1,81%"
"08.12.2016","0,60","0,59","0,60","0,58","1,13M","4,60%"
"07.12.2016","0,57","0,58","0,58","0,57","417,40K","0,00%"
"06.12.2016","0,57","0,57","0,58","0,57","124,60K","0,00%"
"05.12.2016","0,57","0,57","0,58","0,57","556,80K","0,00%"
"02.12.2016","0,57","0,56","0,57","0,56","390,20K","0,00%"
"01.12.2016","0,57","0,59","0,59","0,57","309,20K","-4,15%"
"30.11.2016","0,60","0,60","0,61","0,60","202,80K","-1,25%"
"29.11.2016","0,61","0,60","0,61","0,60","224,40K","0,00%"
"28.11.2016","0,60","0,60","0,61","0,59","890,20K","0,00%"
"25.11.2016","0,60","0,60","0,60","0,60","112,60K","0,00%"
"24.11.2016","0,60","0,60","0,60","0,60","72,80K","0,90%"
"23.11.2016","0,60","0,60","0,61","0,60","615,80K","0,00%"
"22.11.2016","0,60","0,61","0,61","0,60","684,40K","0,00%"
"21.11.2016","0,60","0,59","0,60","0,59","394,60K","1,39%"
"18.11.2016","0,59","0,59","0,60","0,59","567,00K","0,00%"
"17.11.2016","0,59","0,58","0,59","0,58","279,00K","0,93%"
"16.11.2016","0,58","0,57","0,58","0,57","65,80K","1,86%"
"15.11.2016","0,57","0,55","0,57","0,55","289,40K","2,85%"
"14.11.2016","0,55","0,57","0,57","0,55","314,00K","0,00%"
"11.11.2016","0,56","0,55","0,56","0,55","2,33M","0,00%"
"10.11.2016","0,55","0,58","0,59","0,55","11,18M","-3,24%"
"09.11.2016","0,57","0,52","0,57","0,52","12,14M","1,91%"
"08.11.2016","0,56","0,56","0,56","0,55","1,94M","1,04%"
"07.11.2016","0,56","0,55","0,56","0,55","1,69M","4,16%"
"04.11.2016","0,53","0,53","0,54","0,53","2,55M","0,00%"
"03.11.2016","0,54","0,54","0,55","0,54","911,20K","-1,83%"
"02.11.2016","0,55","0,55","0,55","0,55","436,20K","-1,78%"
"01.11.2016","0,56","0,57","0,57","0,56","2,45M","-2,47%"
"31.10.2016","0,57","0,57","0,57","0,57","2,43M","-1,32%"
"28.10.2016","0,58","0,57","0,58","0,57","275,40K","0,00%"
"27.10.2016","0,58","0,58","0,59","0,58","1,10M","-1,00%"
"26.10.2016","0,59","0,59","0,59","0,58","2,18M","-1,13%"
"25.10.2016","0,59","0,60","0,60","0,59","857,20K","0,00%"
"24.10.2016","0,60","0,59","0,60","0,59","1,03M","2,19%"
"21.10.2016","0,58","0,58","0,58","0,58","256,20K","1,56%"
"20.10.2016","0,57","0,58","0,58","0,57","2,31M","0,00%"
"19.10.2016","0,58","0,57","0,58","0,57","73,00K","0,00%"
"18.10.2016","0,58","0,57","0,58","0,57","493,00K","2,00%"
"17.10.2016","0,57","0,57","0,57","0,56","48,80K","0,00%"
"14.10.2016","0,57","0,57","0,58","0,56","215,20K","1,90%"
"13.10.2016","0,56","0,56","0,56","0,55","1,73M","-2,06%"
"12.10.2016","0,57","0,57","0,57","0,57","1,64M","0,00%"
"11.10.2016","0,57","0,58","0,58","0,57","1,45M","-1,69%"
"10.10.2016","0,58","0,57","0,58","0,57","2,58M","1,56%"
"07.10.2016","0,57","0,57","0,58","0,57","1,35M","0,00%"
"06.10.2016","0,57","0,58","0,58","0,57","120,60K","0,00%"
"05.10.2016","0,58","0,57","0,58","0,57","3,09M","0,00%"
"04.10.2016","0,58","0,57","0,58","0,57","7,98M","1,14%"
"03.10.2016","0,57","0,57","0,57","0,57","5,14M","0,00%"
"30.09.2016","0,57","0,56","0,57","0,56","314,20K","1,15%"
"29.09.2016","0,57","0,57","0,57","0,57","946,80K","0,00%"
"28.09.2016","0,57","0,57","0,57","0,57","997,40K","0,00%"
"27.09.2016","0,57","0,56","0,57","0,56","201,40K","2,14%"
"26.09.2016","0,56","0,57","0,57","0,56","361,40K","-2,99%"
"23.09.2016","0,57","0,58","0,58","0,57","149,20K","0,00%"
"22.09.2016","0,57","0,57","0,57","0,57","962,40K","2,42%"
"21.09.2016","0,56","0,57","0,57","0,56","580,40K","0,00%"
"20.09.2016","0,56","0,56","0,56","0,56","57,00K","0,00%"
"19.09.2016","0,56","0,57","0,57","0,56","3,68M","0,00%"
"16.09.2016","0,56","0,56","0,56","0,56","1,31M","0,00%"
"15.09.2016","0,56","0,54","0,56","0,54","615,20K","2,17%"
"14.09.2016","0,54","0,54","0,55","0,54","176,20K","1,92%"
"13.09.2016","0,53","0,54","0,54","0,53","181,00K","0,00%"
"12.09.2016","0,54","0,52","0,54","0,52","2,92M","-1,09%"
"09.09.2016","0,54","0,55","0,55","0,54","4,91M","-2,16%"
"08.09.2016","0,56","0,56","0,56","0,55","508,40K","-0,95%"
"07.09.2016","0,56","0,56","0,56","0,56","44,60K","0,00%"
"06.09.2016","0,56","0,56","0,56","0,56","684,60K","0,00%"
"05.09.2016","0,56","0,56","0,56","0,56","163,80K","0,00%"
"02.09.2016","0,56","0,56","0,56","0,55","875,40K","1,89%"
"01.09.2016","0,55","0,56","0,56","0,55","389,40K","0,00%"
"31.08.2016","0,55","0,55","0,56","0,55","370,00K","0,00%"
"30.08.2016","0,55","0,55","0,56","0,55","1,98M","0,00%"
"29.08.2016","0,56","0,55","0,56","0,55","34,60K","0,00%"
"26.08.2016","0,56","0,55","0,56","0,55","121,60K","0,94%"
"25.08.2016","0,55","0,55","0,55","0,55","111,80K","-1,08%"
"24.08.2016","0,56","0,56","0,56","0,56","2,01M","0,00%"
"23.08.2016","0,56","0,55","0,56","0,55","164,20K","1,30%"
"22.08.2016","0,55","0,55","0,56","0,55","921,80K","0,00%"
"19.08.2016","0,55","0,55","0,55","0,55","3,40M","0,00%"
"18.08.2016","0,55","0,55","0,55","0,55","123,80K","0,92%"
"17.08.2016","0,55","0,56","0,56","0,55","723,00K","-1,22%"
"16.08.2016","0,55","0,56","0,56","0,55","384,60K","-1,92%"
"15.08.2016","0,57","0,56","0,57","0,56","2,20M","1,27%"
"12.08.2016","0,56","0,56","0,56","0,56","1,69M","0,00%"
"11.08.2016","0,56","0,56","0,56","0,56","321,60K","1,28%"
"10.08.2016","0,55","0,56","0,56","0,55","76,60K","-1,97%"
"09.08.2016","0,56","0,56","0,56","0,56","2,91M","0,00%"
"08.08.2016","0,56","0,56","0,56","0,56","334,80K","0,00%"
"05.08.2016","0,56","0,55","0,56","0,55","1,30M","2,87%"
"04.08.2016","0,55","0,54","0,55","0,54","121,20K","1,33%"
"03.08.2016","0,54","0,54","0,54","0,53","142,40K","1,12%"
"02.08.2016","0,53","0,55","0,55","0,53","296,40K","-2,88%"
"01.08.2016","0,55","0,55","0,55","0,54","378,20K","1,07%"
"29.07.2016","0,54","0,55","0,55","0,54","381,20K","0,00%"
"28.07.2016","0,54","0,54","0,54","0,54","219,20K","0,00%"
"27.07.2016","0,54","0,54","0,55","0,54","571,00K","1,76%"
"26.07.2016","0,53","0,54","0,54","0,53","304,00K","0,00%"
"25.07.2016","0,54","0,54","0,54","0,53","242,80K","0,00%"
"22.07.2016","0,54","0,53","0,54","0,53","159,40K","0,00%"
"21.07.2016","0,53","0,53","0,54","0,53","377,80K","0,00%"
"20.07.2016","0,53","0,53","0,53","0,52","554,60K","2,09%"
"19.07.2016","0,52","0,52","0,52","0,52","340,60K","0,00%"
"18.07.2016","0,52","0,52","0,52","0,52","53,80K","1,20%"
"15.07.2016","0,52","0,51","0,52","0,51","267,00K","0,00%"
"14.07.2016","0,51","0,52","0,52","0,51","487,60K","0,00%"
"13.07.2016","0,51","0,51","0,51","0,51","224,80K","0,00%"
"12.07.2016","0,51","0,51","0,51","0,51","402,40K","0,00%"
"11.07.2016","0,51","0,51","0,51","0,51","785,00K","2,12%"
"08.07.2016","0,50","0,49","0,50","0,49","526,80K","3,13%"
"07.07.2016","0,49","0,48","0,49","0,48","226,20K","1,39%"
"06.07.2016","0,48","0,47","0,48","0,47","985,60K","0,00%"
"05.07.2016","0,47","0,48","0,48","0,47","192,40K","-1,18%"
"04.07.2016","0,48","0,48","0,48","0,48","57,40K","0,00%"
"01.07.2016","0,48","0,47","0,48","0,47","678,80K","2,12%"
"30.06.2016","0,47","0,46","0,47","0,46","227,00K","1,68%"
"29.06.2016","0,46","0,45","0,46","0,45","1,39M","4,19%"
"28.06.2016","0,44","0,44","0,45","0,44","803,20K","2,19%"
"27.06.2016","0,44","0,45","0,45","0,43","491,40K","-5,07%"
"24.06.2016","0,46","0,45","0,47","0,44","1,96M","-3,41%"
"23.06.2016","0,47","0,47","0,47","0,47","399,80K","0,00%"
"22.06.2016","0,47","0,47","0,47","0,47","133,80K","1,10%"
"21.06.2016","0,47","0,47","0,47","0,47","217,00K","-1,33%"
"20.06.2016","0,47","0,47","0,47","0,47","229,00K","2,90%"
"17.06.2016","0,46","0,47","0,47","0,46","145,80K","-1,53%"
"16.06.2016","0,47","0,47","0,47","0,47","230,20K","-1,08%"
"15.06.2016","0,47","0,48","0,48","0,47","222,40K","0,00%"
"14.06.2016","0,47","0,47","0,47","0,47","332,00K","-1,43%"
"13.06.2016","0,48","0,48","0,48","0,48","713,80K","-1,35%"
"10.06.2016","0,48","0,49","0,49","0,48","352,60K","-1,26%"
"09.06.2016","0,49","0,49","0,49","0,49","64,20K","0,00%"
"08.06.2016","0,49","0,49","0,49","0,49","70,40K","0,00%"
"07.06.2016","0,49","0,49","0,49","0,49","134,20K","0,00%"
"06.06.2016","0,49","0,49","0,49","0,49","97,60K","0,00%"
"03.06.2016","0,49","0,50","0,50","0,48","402,20K","-1,99%"
"02.06.2016","0,50","0,50","0,50","0,49","34,00K","0,00%"
"01.06.2016","0,50","0,50","0,50","0,50","439,60K","0,00%"
"31.05.2016","0,50","0,50","0,50","0,50","373,40K","0,00%"
"30.05.2016","0,50","0,50","0,50","0,50","253,40K","0,00%"
"27.05.2016","0,50","0,49","0,50","0,49","355,40K","1,60%"
"26.05.2016","0,49","0,49","0,49","0,49","433,00K","0,00%"
"25.05.2016","0,49","0,49","0,49","0,49","1,34M","1,78%"
"24.05.2016","0,48","0,46","0,48","0,46","174,20K","3,33%"
"23.05.2016","0,46","0,46","0,47","0,46","195,40K","0,00%"
"20.05.2016","0,47","0,46","0,47","0,46","392,60K","4,00%"
"19.05.2016","0,45","0,46","0,46","0,45","281,60K","-1,93%"
"18.05.2016","0,46","0,45","0,46","0,45","637,40K","0,00%"
"17.05.2016","0,46","0,46","0,47","0,46","473,40K","0,00%"
"16.05.2016","0,46","0,45","0,46","0,45","296,20K","0,00%"
"13.05.2016","0,46","0,45","0,46","0,45","404,20K","2,67%"
"12.05.2016","0,45","0,45","0,46","0,44","974,60K","-2,57%"
"11.05.2016","0,46","0,46","0,46","0,46","163,00K","0,00%"
"10.05.2016","0,46","0,45","0,46","0,45","279,40K","2,02%"
"09.05.2016","0,45","0,45","0,45","0,45","362,00K","2,28%"
"06.05.2016","0,44","0,44","0,44","0,44","214,00K","-1,37%"
"05.05.2016","0,45","0,45","0,45","0,44","1,49M","1,48%"
"04.05.2016","0,44","0,45","0,45","0,44","206,60K","0,00%"
"03.05.2016","0,44","0,45","0,45","0,44","485,00K","0,00%"
"02.05.2016","0,45","0,45","0,45","0,45","512,60K","0,00%"
"29.04.2016","0,44","0,46","0,46","0,44","402,60K","-6,88%"
"28.04.2016","0,48","0,47","0,48","0,47","108,80K","1,79%"
"27.04.2016","0,47","0,47","0,47","0,46","367,00K","-2,19%"
"26.04.2016","0,48","0,49","0,49","0,48","226,20K","0,00%"
"25.04.2016","0,48","0,49","0,49","0,48","303,20K","0,00%"
"22.04.2016","0,48","0,49","0,49","0,48","698,00K","-3,85%"
"21.04.2016","0,50","0,50","0,50","0,50","3,23M","0,00%"
"20.04.2016","0,50","0,49","0,50","0,49","3,33M","0,00%"
"19.04.2016","0,50","0,50","0,51","0,50","435,40K","0,00%"
"18.04.2016","0,50","0,49","0,50","0,49","283,60K","0,00%"
"15.04.2016","0,50","0,50","0,50","0,50","2,09M","0,00%"
"14.04.2016","0,50","0,50","0,50","0,50","437,20K","0,00%"
"13.04.2016","0,50","0,49","0,50","0,49","1,22M","4,17%"
"12.04.2016","0,48","0,48","0,48","0,47","334,20K","0,00%"
"11.04.2016","0,48","0,48","0,49","0,47","131,00K","0,00%"
"08.04.2016","0,48","0,49","0,49","0,48","200,80K","0,00%"
"07.04.2016","0,48","0,49","0,50","0,48","638,00K","0,00%"
"06.04.2016","0,49","0,49","0,49","0,48","399,60K","1,37%"
"05.04.2016","0,48","0,48","0,48","0,48","301,40K","-1,51%"
"04.04.2016","0,49","0,49","0,50","0,49","437,40K","0,00%"
"01.04.2016","0,49","0,48","0,49","0,48","1,06M","0,00%"
"31.03.2016","0,48","0,48","0,49","0,48","68,00K","0,00%"
"30.03.2016","0,49","0,48","0,49","0,48","1,64M","2,05%"
"29.03.2016","0,48","0,47","0,48","0,47","106,20K","0,00%"
"24.03.2016","0,47","0,47","0,47","0,47","77,00K","-1,37%"
"23.03.2016","0,48","0,48","0,48","0,47","923,00K","0,00%"
"22.03.2016","0,48","0,47","0,48","0,47","262,20K","1,25%"
"21.03.2016","0,47","0,47","0,47","0,47","283,60K","0,00%"
"18.03.2016","0,47","0,47","0,47","0,47","243,60K","0,00%"
"17.03.2016","0,47","0,47","0,47","0,46","531,40K","0,00%"
"16.03.2016","0,47","0,47","0,47","0,47","387,20K","1,16%"
"15.03.2016","0,47","0,47","0,47","0,46","2,04M","0,00%"
"14.03.2016","0,47","0,47","0,47","0,46","1,56M","1,98%"
"11.03.2016","0,46","0,46","0,47","0,46","364,20K","3,85%"
"10.03.2016","0,44","0,46","0,48","0,44","1,58M","-2,47%"
"09.03.2016","0,46","0,46","0,46","0,45","157,60K","0,00%"
"08.03.2016","0,45","0,45","0,46","0,45","950,20K","-1,88%"
"07.03.2016","0,46","0,46","0,47","0,46","526,60K","0,00%"
"04.03.2016","0,47","0,47","0,48","0,46","515,00K","1,27%"
"03.03.2016","0,46","0,47","0,47","0,46","293,20K","-1,81%"
"02.03.2016","0,47","0,47","0,48","0,47","1,24M","1,35%"
"01.03.2016","0,46","0,45","0,46","0,45","953,00K","1,62%"
"29.02.2016","0,46","0,44","0,46","0,44","605,00K","1,37%"
"26.02.2016","0,45","0,45","0,46","0,45","1,05M","2,91%"
"25.02.2016","0,44","0,44","0,44","0,43","495,20K","4,70%"
"24.02.2016","0,42","0,43","0,43","0,42","822,20K","-3,44%"
"23.02.2016","0,43","0,44","0,44","0,43","588,80K","-2,31%"
"22.02.2016","0,44","0,44","0,44","0,44","547,40K","3,37%"
"19.02.2016","0,43","0,43","0,43","0,42","1,16M","0,00%"
"18.02.2016","0,43","0,44","0,44","0,43","1,23M","0,00%"
"17.02.2016","0,43","0,41","0,43","0,41","759,80K","5,38%"
"16.02.2016","0,41","0,41","0,41","0,40","3,03M","0,00%"
"15.02.2016","0,41","0,40","0,41","0,40","1,05M","3,72%"
"12.02.2016","0,39","0,39","0,39","0,38","2,32M","7,26%"
"11.02.2016","0,37","0,40","0,40","0,36","1,07M","-6,07%"
"10.02.2016","0,39","0,38","0,40","0,38","1,49M","2,75%"
"09.02.2016","0,38","0,39","0,39","0,37","1,86M","0,00%"
"08.02.2016","0,38","0,40","0,40","0,37","2,87M","-6,87%"
"05.02.2016","0,40","0,42","0,43","0,40","452,60K","-4,29%"
"04.02.2016","0,42","0,44","0,44","0,42","3,22M","0,00%"
"03.02.2016","0,42","0,45","0,45","0,42","758,00K","-6,88%"
"02.02.2016","0,46","0,46","0,46","0,45","420,20K","0,00%"
"01.02.2016","0,46","0,46","0,46","0,45","299,00K","1,38%"
"29.01.2016","0,45","0,45","0,46","0,44","454,20K","4,73%"
"28.01.2016","0,43","0,44","0,44","0,42","889,00K","-2,67%"
"27.01.2016","0,44","0,44","0,45","0,44","85,40K","-1,38%"
"26.01.2016","0,45","0,44","0,45","0,43","769,00K","-1,34%"
"25.01.2016","0,46","0,46","0,46","0,45","264,60K","0,00%"
"22.01.2016","0,46","0,45","0,46","0,44","1,17M","3,97%"
"21.01.2016","0,44","0,43","0,44","0,42","1,63M","6,08%"
"20.01.2016","0,41","0,42","0,42","0,41","819,60K","-5,54%"
"19.01.2016","0,44","0,45","0,45","0,43","1,32M","0,00%"
"18.01.2016","0,43","0,44","0,44","0,43","1,45M","0,00%"
"15.01.2016","0,43","0,46","0,46","0,43","4,61M","-4,01%"
"14.01.2016","0,45","0,45","0,46","0,44","4,39M","-5,33%"
"13.01.2016","0,48","0,48","0,49","0,47","631,60K","0,00%"
"12.01.2016","0,47","0,46","0,48","0,46","2,42M","3,33%"
"11.01.2016","0,46","0,46","0,47","0,46","4,51M","-1,39%"
"08.01.2016","0,46","0,48","0,49","0,46","803,20K","-4,96%"
"07.01.2016","0,49","0,49","0,49","0,47","1,93M","-4,47%"
"06.01.2016","0,51","0,51","0,51","0,50","997,60K","-1,91%"
"05.01.2016","0,52","0,52","0,53","0,51","2,56M","2,41%"
"04.01.2016","0,51","0,52","0,52","0,50","2,30M","-7,14%"
"31.12.2015","0,55","0,55","0,55","0,55","191,60K","0,00%"
"30.12.2015","0,55","0,56","0,56","0,55","417,00K","0,00%"
"29.12.2015","0,56","0,54","0,56","0,54","670,20K","4,98%"
"28.12.2015","0,53","0,54","0,54","0,53","119,20K","-1,54%"
"24.12.2015","0,54","0,54","0,54","0,53","185,60K","0,00%"
"23.12.2015","0,54","0,53","0,54","0,53","335,20K","2,90%"
"22.12.2015","0,53","0,53","0,53","0,52","230,60K","1,25%"
"21.12.2015","0,52","0,52","0,53","0,52","1,06M","-2,39%"
"18.12.2015","0,53","0,53","0,54","0,53","708,20K","-2,94%"
"17.12.2015","0,55","0,56","0,56","0,55","1,32M","1,97%"
"16.12.2015","0,54","0,54","0,55","0,54","2,73M","0,00%"
"15.12.2015","0,54","0,52","0,54","0,52","558,40K","6,84%"
"14.12.2015","0,51","0,53","0,53","0,51","2,82M","-3,70%"
"11.12.2015","0,53","0,55","0,55","0,53","645,80K","-3,68%"
"10.12.2015","0,55","0,54","0,55","0,54","1,07M","0,00%"
"09.12.2015","0,55","0,56","0,56","0,55","335,80K","-1,76%"
"08.12.2015","0,56","0,56","0,56","0,55","714,40K","0,00%"
"07.12.2015","0,56","0,57","0,57","0,56","593,20K","0,00%"
"04.12.2015","0,56","0,55","0,56","0,54","1,40M","0,00%"
"03.12.2015","0,56","0,58","0,59","0,56","1,09M","-5,23%"
"02.12.2015","0,59","0,58","0,59","0,58","723,40K","1,58%"
"01.12.2015","0,58","0,58","0,58","0,57","276,40K","0,00%"
"30.11.2015","0,57","0,58","0,58","0,57","384,80K","0,00%"
"27.11.2015","0,58","0,57","0,58","0,57","412,00K","0,00%"
"26.11.2015","0,58","0,58","0,58","0,57","425,20K","1,16%"
"25.11.2015","0,57","0,57","0,58","0,57","4,61M","1,12%"
"24.11.2015","0,57","0,57","0,57","0,56","489,60K","-2,10%"
"23.11.2015","0,58","0,57","0,58","0,57","665,80K","0,00%"
"20.11.2015","0,57","0,57","0,57","0,56","724,80K","1,85%"
"19.11.2015","0,56","0,57","0,57","0,56","524,80K","1,49%"
"18.11.2015","0,55","0,54","0,55","0,54","287,00K","0,00%"
"17.11.2015","0,55","0,54","0,55","0,54","513,00K","4,91%"
"16.11.2015","0,52","0,52","0,53","0,52","654,00K","-1,65%"
"13.11.2015","0,53","0,54","0,55","0,53","1,93M","-3,34%"
"12.11.2015","0,55","0,56","0,56","0,55","244,80K","-1,43%"
"11.11.2015","0,56","0,56","0,56","0,56","10,46M","0,00%"
"10.11.2015","0,56","0,56","0,56","0,56","2,14M","0,00%"
"09.11.2015","0,55","0,57","0,57","0,55","1,04M","-2,69%"
"06.11.2015","0,57","0,56","0,57","0,56","1,74M","1,23%"
"05.11.2015","0,56","0,57","0,57","0,56","820,60K","0,00%"
"04.11.2015","0,57","0,56","0,57","0,56","1,01M","0,00%"
"03.11.2015","0,56","0,55","0,56","0,55","590,80K","1,84%"
"02.11.2015","0,55","0,54","0,55","0,54","449,60K","0,00%"
"30.10.2015","0,55","0,55","0,56","0,55","1,95M","0,00%"
"29.10.2015","0,55","0,55","0,55","0,55","333,00K","1,57%"
"28.10.2015","0,54","0,54","0,55","0,54","453,20K","1,05%"
"27.10.2015","0,54","0,54","0,54","0,53","563,20K","0,00%"
"26.10.2015","0,54","0,53","0,54","0,53","1,03M","0,00%"
"23.10.2015","0,54","0,52","0,54","0,52","1,94M","7,24%"
"22.10.2015","0,50","0,48","0,50","0,48","705,00K","2,93%"
"21.10.2015","0,49","0,49","0,49","0,48","2,35M","0,00%"
"20.10.2015","0,48","0,49","0,49","0,48","327,80K","0,00%"
"19.10.2015","0,49","0,48","0,49","0,48","217,60K","1,49%"
"16.10.2015","0,48","0,48","0,48","0,48","376,40K","2,82%"
"15.10.2015","0,47","0,46","0,47","0,46","247,00K","2,25%"
"14.10.2015","0,46","0,46","0,47","0,46","1,55M","-2,87%"
"13.10.2015","0,47","0,47","0,47","0,46","150,20K","0,00%"
"12.10.2015","0,47","0,47","0,47","0,46","360,80K","0,00%"
"09.10.2015","0,47","0,47","0,47","0,46","1,76M","2,63%"
"08.10.2015","0,45","0,46","0,46","0,45","515,00K","0,00%"
"07.10.2015","0,45","0,46","0,47","0,45","948,80K","0,00%"
"06.10.2015","0,46","0,46","0,47","0,46","941,40K","-1,12%"
"05.10.2015","0,46","0,45","0,46","0,45","1,42M","6,55%"
"02.10.2015","0,43","0,44","0,45","0,42","2,07M","0,00%"
"01.10.2015","0,43","0,45","0,45","0,42","1,37M","0,00%"
"30.09.2015","0,43","0,42","0,43","0,42","615,60K","3,10%"
"29.09.2015","0,42","0,42","0,43","0,41","782,40K","-1,46%"
"28.09.2015","0,43","0,45","0,45","0,43","1,85M","-6,94%"
"25.09.2015","0,46","0,46","0,47","0,46","1,30M","4,57%"
"24.09.2015","0,44","0,45","0,46","0,44","2,42M","-3,90%"
"23.09.2015","0,46","0,45","0,46","0,45","2,91M","0,00%"
"22.09.2015","0,45","0,47","0,47","0,45","810,00K","-4,53%"
"21.09.2015","0,47","0,46","0,48","0,46","985,20K","1,47%"
"18.09.2015","0,47","0,47","0,47","0,46","1,44M","-1,91%"
"17.09.2015","0,47","0,47","0,48","0,47","230,00K","0,00%"
"16.09.2015","0,47","0,47","0,47","0,47","156,00K","1,14%"
"15.09.2015","0,47","0,46","0,47","0,46","577,00K","2,39%"
"14.09.2015","0,46","0,46","0,47","0,46","257,60K","0,00%"
"11.09.2015","0,45","0,45","0,46","0,45","46,80K","0,00%"
"10.09.2015","0,45","0,45","0,46","0,45","1,30M","-2,62%"
"09.09.2015","0,47","0,47","0,48","0,46","1,23M","2,62%"
"08.09.2015","0,45","0,45","0,46","0,45","815,40K","2,01%"
"07.09.2015","0,45","0,45","0,45","0,44","156,00K","0,00%"
"04.09.2015","0,44","0,44","0,45","0,43","1,72M","-4,36%"
"03.09.2015","0,46","0,45","0,46","0,45","817,60K","5,40%"
"02.09.2015","0,44","0,44","0,44","0,43","1,04M","0,00%"
"01.09.2015","0,44","0,44","0,45","0,43","1,76M","-4,62%"
"31.08.2015","0,46","0,46","0,47","0,46","778,60K","-1,73%"
"28.08.2015","0,47","0,47","0,47","0,46","1,07M","2,30%"
"27.08.2015","0,46","0,44","0,46","0,44","741,00K","12,41%"
"26.08.2015","0,41","0,40","0,42","0,40","1,05M","-5,16%"
"25.08.2015","0,43","0,40","0,43","0,40","13,42M","7,51%"
"24.08.2015","0,40","0,40","0,41","0,37","4,95M","-11,62%"
"21.08.2015","0,46","0,47","0,48","0,45","4,26M","-7,62%"
"20.08.2015","0,49","0,51","0,51","0,49","6,80M","-4,35%"
"19.08.2015","0,52","0,53","0,53","0,52","508,20K","-2,72%"
"18.08.2015","0,53","0,53","0,53","0,53","690,80K","0,00%"
"17.08.2015","0,53","0,53","0,53","0,52","971,00K","2,07%"
"14.08.2015","0,52","0,52","0,52","0,51","1,29M","0,00%"
"13.08.2015","0,52","0,52","0,53","0,52","530,00K","3,49%"
"12.08.2015","0,50","0,51","0,51","0,50","2,38M","-3,69%"
"11.08.2015","0,52","0,54","0,54","0,52","653,00K","-2,48%"
"10.08.2015","0,54","0,53","0,54","0,53","692,00K","2,99%"
"07.08.2015","0,52","0,53","0,53","0,52","4,71M","-1,74%"
"06.08.2015","0,53","0,55","0,55","0,53","1,16M","-5,01%"
"05.08.2015","0,56","0,54","0,56","0,54","376,80K","4,00%"
"04.08.2015","0,54","0,54","0,54","0,53","370,20K","-1,59%"
"03.08.2015","0,54","0,54","0,55","0,54","11,17M","0,00%"
"31.07.2015","0,54","0,54","0,55","0,54","10,46M","0,00%"
"30.07.2015","0,54","0,54","0,54","0,53","480,20K","1,22%"
"29.07.2015","0,53","0,53","0,54","0,53","634,60K","1,81%"
"28.07.2015","0,52","0,53","0,53","0,52","1,10M","0,00%"
"27.07.2015","0,52","0,54","0,54","0,52","1,34M","-4,55%"
"24.07.2015","0,55","0,55","0,56","0,54","213,60K","-0,99%"
"23.07.2015","0,55","0,56","0,56","0,55","311,60K","0,00%"
"22.07.2015","0,55","0,55","0,56","0,55","793,00K","-1,73%"
"21.07.2015","0,56","0,57","0,57","0,56","3,71M","0,00%"
"20.07.2015","0,57","0,57","0,57","0,56","1,02M","1,29%"
"17.07.2015","0,56","0,55","0,56","0,55","1,71M","3,24%"
"16.07.2015","0,54","0,53","0,54","0,53","1,56M","2,20%"
"15.07.2015","0,53","0,53","0,53","0,53","690,60K","1,28%"
"14.07.2015","0,52","0,52","0,52","0,52","699,20K","1,92%"
"13.07.2015","0,51","0,50","0,52","0,50","1,82M","4,19%"
"10.07.2015","0,49","0,49","0,49","0,49","709,80K","0,00%"
"09.07.2015","0,49","0,49","0,50","0,49","338,60K","1,13%"
"08.07.2015","0,49","0,49","0,50","0,49","184,40K","0,00%"
"07.07.2015","0,49","0,51","0,51","0,49","1,58M","-2,41%"
"06.07.2015","0,50","0,49","0,50","0,49","544,00K","0,00%"
"03.07.2015","0,50","0,50","0,50","0,50","130,20K","0,00%"
"02.07.2015","0,50","0,50","0,50","0,50","78,40K","0,00%"
"01.07.2015","0,50","0,50","0,50","0,49","902,20K","2,42%"
"30.06.2015","0,49","0,49","0,49","0,49","710,00K","-1,20%"
"29.06.2015","0,49","0,50","0,50","0,49","2,53M","-3,51%"
"26.06.2015","0,51","0,51","0,52","0,51","195,20K","-1,55%"
"25.06.2015","0,52","0,52","0,52","0,52","228,20K","0,00%"
"24.06.2015","0,52","0,52","0,52","0,52","451,60K","0,00%"
"23.06.2015","0,52","0,52","0,52","0,52","5,23M","1,02%"
"22.06.2015","0,52","0,51","0,52","0,51","782,20K","0,00%"
"19.06.2015","0,51","0,51","0,52","0,51","364,60K","0,00%"
"18.06.2015","0,51","0,49","0,51","0,49","791,60K","1,85%"
"17.06.2015","0,50","0,50","0,50","0,50","167,40K","0,00%"
"16.06.2015","0,50","0,49","0,50","0,49","1,31M","1,25%"
"15.06.2015","0,49","0,50","0,50","0,49","652,40K","-1,63%"
"12.06.2015","0,50","0,51","0,51","0,50","751,60K","-1,81%"
"11.06.2015","0,51","0,50","0,51","0,50","504,40K","1,01%"
"10.06.2015","0,50","0,49","0,50","0,49","934,00K","2,41%"
"09.06.2015","0,49","0,49","0,49","0,49","1,62M","-1,79%"
"08.06.2015","0,50","0,51","0,51","0,50","262,80K","-2,20%"
"05.06.2015","0,51","0,51","0,51","0,50","565,40K","0,00%"
"04.06.2015","0,51","0,51","0,51","0,50","3,63M","-1,55%"
"03.06.2015","0,52","0,52","0,52","0,51","577,80K","0,00%"
"02.06.2015","0,52","0,53","0,53","0,51","1,30M","-2,16%"
"01.06.2015","0,53","0,53","0,53","0,52","520,40K","0,00%"
"29.05.2015","0,52","0,53","0,53","0,52","2,22M","-1,89%"
"28.05.2015","0,53","0,53","0,54","0,53","599,60K","0,00%"
"27.05.2015","0,53","0,52","0,53","0,52","1,02M","1,92%"
"26.05.2015","0,52","0,53","0,53","0,52","1,11M","-1,10%"
"22.05.2015","0,53","0,52","0,53","0,52","1,03M","0,00%"
"21.05.2015","0,52","0,52","0,52","0,51","2,47M","0,00%"
"20.05.2015","0,52","0,52","0,52","0,51","280,80K","0,00%"
"19.05.2015","0,52","0,51","0,52","0,51","1,01M","2,14%"
"18.05.2015","0,51","0,50","0,51","0,50","189,40K","1,48%"
"15.05.2015","0,50","0,50","0,51","0,50","308,00K","0,00%"
"14.05.2015","0,50","0,49","0,50","0,49","5,40M","1,71%"
"13.05.2015","0,49","0,49","0,50","0,49","268,40K","0,00%"
"12.05.2015","0,49","0,50","0,50","0,48","10,93M","-1,98%"
"11.05.2015","0,50","0,50","0,51","0,50","390,60K","0,00%"
"08.05.2015","0,50","0,49","0,50","0,49","1,41M","3,18%"
"07.05.2015","0,49","0,47","0,49","0,47","5,70M","0,00%"
"06.05.2015","0,48","0,49","0,49","0,48","6,23M","-2,41%"
"05.05.2015","0,49","0,51","0,51","0,49","775,00K","-3,61%"
"04.05.2015","0,51","0,50","0,51","0,50","2,92M","1,80%"
"30.04.2015","0,50","0,51","0,51","0,50","1,51M","-1,81%"
"29.04.2015","0,51","0,53","0,53","0,51","4,24M","-2,95%"
"28.04.2015","0,53","0,53","0,53","0,51","1,18M","-2,04%"
"27.04.2015","0,54","0,54","0,54","0,53","1,69M","0,00%"
"24.04.2015","0,54","0,53","0,54","0,53","2,77M","2,85%"
"23.04.2015","0,52","0,52","0,52","0,52","4,53M","0,00%"
"22.04.2015","0,52","0,52","0,52","0,51","1,21M","0,00%"
"21.04.2015","0,52","0,52","0,52","0,52","964,80K","1,08%"
"20.04.2015","0,51","0,50","0,51","0,50","1,02M","2,96%"
"17.04.2015","0,50","0,51","0,51","0,50","1,89M","-3,39%"
"16.04.2015","0,52","0,52","0,52","0,51","373,40K","0,00%"
"15.04.2015","0,52","0,51","0,52","0,51","297,40K","1,44%"
"14.04.2015","0,51","0,52","0,52","0,51","5,96M","-3,07%"
"13.04.2015","0,53","0,52","0,53","0,52","2,38M","1,43%"
"10.04.2015","0,52","0,52","0,52","0,51","1,44M","2,69%"
"09.04.2015","0,51","0,50","0,51","0,50","2,14M","1,20%"
"08.04.2015","0,50","0,49","0,50","0,49","306,40K","0,00%"
"07.04.2015","0,50","0,49","0,50","0,49","1,13M","2,60%"
"02.04.2015","0,49","0,49","0,49","0,48","6,37M","0,00%"
"01.04.2015","0,49","0,49","0,50","0,48","1,30M","-3,46%"
"31.03.2015","0,50","0,50","0,51","0,50","915,20K","0,00%"
"30.03.2015","0,50","0,49","0,50","0,49","10,30M","3,13%"
"27.03.2015","0,48","0,49","0,49","0,48","967,60K","0,00%"
"26.03.2015","0,48","0,47","0,49","0,47","6,26M","-1,52%"
"25.03.2015","0,49","0,51","0,51","0,49","1,25M","-4,66%"
"24.03.2015","0,52","0,51","0,52","0,51","1,01M","0,00%"
"23.03.2015","0,52","0,52","0,52","0,51","9,02M","-1,30%"
"20.03.2015","0,52","0,52","0,53","0,52","838,60K","0,00%"
"19.03.2015","0,52","0,52","0,52","0,52","2,84M","3,17%"
"18.03.2015","0,51","0,51","0,51","0,51","1,77M","0,00%"
"17.03.2015","0,51","0,51","0,51","0,51","7,49M","0,00%"
"16.03.2015","0,51","0,50","0,51","0,50","10,09M","1,68%"
"13.03.2015","0,50","0,50","0,51","0,50","3,63M","0,00%"
"12.03.2015","0,50","0,50","0,50","0,49","2,59M","0,00%"
"11.03.2015","0,50","0,50","0,51","0,50","7,56M","0,00%"
"10.03.2015","0,50","0,51","0,51","0,50","5,53M","-1,44%"
"09.03.2015","0,51","0,51","0,51","0,50","6,96M","0,00%"
"06.03.2015","0,51","0,51","0,52","0,51","1,75M","0,00%"
"05.03.2015","0,51","0,51","0,51","0,51","1,44M","0,00%"
"04.03.2015","0,51","0,50","0,51","0,50","2,37M","1,52%"
"03.03.2015","0,50","0,51","0,51","0,50","2,52M","-1,78%"
"02.03.2015","0,51","0,50","0,51","0,50","4,04M","1,24%"
"27.02.2015","0,50","0,50","0,51","0,50","2,37M","0,00%"
"26.02.2015","0,50","0,49","0,50","0,49","1,77M","1,41%"
"25.02.2015","0,50","0,49","0,50","0,49","1,42M","0,00%"
"24.02.2015","0,50","0,50","0,50","0,49","2,29M","0,00%"
"23.02.2015","0,49","0,49","0,50","0,49","1,73M","1,21%"
"20.02.2015","0,49","0,49","0,49","0,49","5,02M","0,00%"
"19.02.2015","0,49","0,48","0,49","0,48","8,46M","0,00%"
"18.02.2015","0,48","0,48","0,48","0,48","1,60M","0,00%"
"17.02.2015","0,48","0,48","0,48","0,48","3,24M","0,00%"
"16.02.2015","0,48","0,48","0,48","0,48","2,22M","1,40%"
"13.02.2015","0,47","0,47","0,47","0,47","4,36M","1,38%"
"12.02.2015","0,47","0,46","0,47","0,46","4,00M","0,00%"
"11.02.2015","0,46","0,46","0,46","0,46","2,05M","2,36%"
"10.02.2015","0,45","0,45","0,45","0,45","2,10M","1,30%"
"09.02.2015","0,45","0,44","0,45","0,44","2,77M","-1,90%"
"06.02.2015","0,46","0,45","0,46","0,45","2,17M","1,77%"
"05.02.2015","0,45","0,44","0,45","0,44","2,82M","0,00%"
"04.02.2015","0,45","0,44","0,45","0,44","2,80M","3,01%"
"03.02.2015","0,43","0,44","0,44","0,43","20,38M","0,00%"
"02.02.2015","0,43","0,43","0,43","0,42","13,04M","-1,27%"
"30.01.2015","0,44","0,44","0,44","0,43","8,11M","2,51%"
"29.01.2015","0,43","0,43","0,43","0,42","2,86M","-2,79%"
"28.01.2015","0,44","0,45","0,45","0,44","7,48M","0,00%"
"27.01.2015","0,44","0,46","0,46","0,43","7,77M","-4,77%"
"26.01.2015","0,46","0,46","0,46","0,46","13,38M","0,00%"
"23.01.2015","0,46","0,45","0,47","0,45","7,24M","3,31%"
"22.01.2015","0,45","0,43","0,45","0,43","12,41M","3,14%"
"21.01.2015","0,43","0,43","0,43","0,42","4,38M","3,12%"
"20.01.2015","0,42","0,42","0,43","0,42","7,83M","0,00%"
"19.01.2015","0,42","0,42","0,42","0,42","1,20M","0,00%"
"16.01.2015","0,41","0,41","0,42","0,40","4,10M","0,00%"
"15.01.2015","0,42","0,42","0,42","0,41","15,63M","0,00%"
"14.01.2015","0,41","0,41","0,42","0,41","24,30M","-5,29%"
"13.01.2015","0,43","0,42","0,44","0,42","2,01M","3,31%"
"12.01.2015","0,42","0,43","0,43","0,42","2,58M","0,00%"
"09.01.2015","0,42","0,43","0,44","0,42","6,05M","-1,78%"
"08.01.2015","0,43","0,42","0,43","0,42","2,80M","4,44%"
"07.01.2015","0,41","0,41","0,42","0,41","14,47M","1,90%"
"06.01.2015","0,41","0,41","0,42","0,41","5,14M","-2,30%"
"05.01.2015","0,42","0,42","0,43","0,41","9,45M","-1,32%"
"02.01.2015","0,42","0,43","0,43","0,42","2,21M","-2,32%"
"30.12.2014","0,43","0,43","0,44","0,43","1,13M","0,00%"
"29.12.2014","0,44","0,44","0,44","0,43","4,76M","1,39%"
"23.12.2014","0,43","0,43","0,43","0,43","4,52M","0,00%"
"22.12.2014","0,43","0,43","0,43","0,42","7,90M","0,00%"
"19.12.2014","0,43","0,43","0,43","0,42","8,48M","3,11%"
"18.12.2014","0,41","0,40","0,42","0,40","10,29M","6,70%"
"17.12.2014","0,39","0,38","0,39","0,38","5,80M","-2,86%"
"16.12.2014","0,40","0,40","0,40","0,38","7,96M","0,00%"
"15.12.2014","0,40","0,41","0,41","0,40","15,00M","-2,72%"
"12.12.2014","0,41","0,41","0,41","0,40","8,97M","-3,44%"
"11.12.2014","0,42","0,41","0,42","0,41","62,06M","0,00%"
"10.12.2014","0,42","0,42","0,43","0,42","15,38M","0,00%"
"09.12.2014","0,42","0,42","0,42","0,41","8,35M","-3,64%"
"08.12.2014","0,43","0,43","0,43","0,43","3,57M","0,00%"
"05.12.2014","0,43","0,43","0,43","0,43","5,62M","1,87%"
"04.12.2014","0,42","0,43","0,43","0,42","4,42M","-1,16%"
"03.12.2014","0,43","0,43","0,43","0,43","7,13M","0,00%"
"02.12.2014","0,43","0,42","0,43","0,42","1,86M","0,00%"
"01.12.2014","0,42","0,43","0,43","0,42","4,71M","-2,77%"
"28.11.2014","0,43","0,43","0,43","0,43","2,50M","0,00%"
"27.11.2014","0,43","0,43","0,43","0,43","1,50M","1,31%"
"26.11.2014","0,42","0,42","0,42","0,42","981,40K","0,00%"
"25.11.2014","0,42","0,42","0,42","0,42","2,09M","0,00%"
"24.11.2014","0,42","0,42","0,42","0,42","3,37M","0,00%"
"21.11.2014","0,42","0,41","0,42","0,41","3,33M","1,82%"
"20.11.2014","0,41","0,40","0,41","0,40","1,37M","1,47%"
"19.11.2014","0,40","0,41","0,41","0,40","2,31M","0,00%"
"18.11.2014","0,41","0,41","0,41","0,40","1,72M","0,00%"
"17.11.2014","0,40","0,40","0,41","0,40","2,63M","0,00%"
"14.11.2014","0,41","0,41","0,41","0,40","442,60K","0,00%"
"13.11.2014","0,41","0,41","0,41","0,40","9,65M","0,00%"
"12.11.2014","0,40","0,40","0,40","0,40","3,79M","0,00%"
"11.11.2014","0,40","0,40","0,40","0,40","1,30M","0,00%"
"10.11.2014","0,40","0,39","0,40","0,39","796,20K","0,00%"
"07.11.2014","0,40","0,40","0,40","0,40","6,92M","0,00%"
"06.11.2014","0,40","0,39","0,40","0,39","6,90M","0,00%"
"05.11.2014","0,39","0,40","0,40","0,39","2,73M","1,52%"
"04.11.2014","0,39","0,39","0,40","0,39","4,01M","-1,98%"
"03.11.2014","0,40","0,39","0,40","0,39","2,20M","0,00%"
"31.10.2014","0,39","0,39","0,40","0,39","2,69M","3,73%"
"30.10.2014","0,38","0,38","0,38","0,37","2,75M","0,00%"
"29.10.2014","0,37","0,37","0,38","0,37","973,00K","0,00%"
"28.10.2014","0,37","0,37","0,37","0,37","6,76M","1,82%"
"27.10.2014","0,37","0,37","0,37","0,36","2,97M","0,00%"
"24.10.2014","0,36","0,36","0,37","0,36","15,10M","0,00%"
"23.10.2014","0,36","0,35","0,36","0,35","6,24M","1,63%"
"22.10.2014","0,36","0,35","0,36","0,35","5,92M","2,68%"
"21.10.2014","0,35","0,33","0,35","0,33","8,33M","6,01%"
"20.10.2014","0,33","0,33","0,33","0,32","4,79M","0,00%"
"17.10.2014","0,33","0,32","0,33","0,31","28,37M","4,18%"
"16.10.2014","0,32","0,32","0,32","0,30","29,36M","0,00%"
"15.10.2014","0,31","0,33","0,33","0,31","9,28M","-5,22%"
"14.10.2014","0,33","0,33","0,33","0,33","8,80M","0,00%"
"13.10.2014","0,34","0,33","0,34","0,33","5,77M","-3,38%"
"10.10.2014","0,35","0,35","0,36","0,34","3,14M","-5,20%"
"09.10.2014","0,37","0,37","0,37","0,36","1,37M","3,34%"
"08.10.2014","0,35","0,36","0,36","0,35","3,16M","-1,48%"
"07.10.2014","0,36","0,36","0,36","0,36","1,54M","-2,40%"
"06.10.2014","0,37","0,37","0,37","0,37","922,80K","0,00%"
"03.10.2014","0,37","0,36","0,37","0,36","1,20M","4,74%"
"02.10.2014","0,35","0,36","0,36","0,35","1,94M","-3,01%"
"01.10.2014","0,37","0,37","0,37","0,36","3,01M","-2,80%"
"30.09.2014","0,38","0,37","0,38","0,37","7,83M","1,71%"
"29.09.2014","0,37","0,37","0,37","0,36","1,73M","1,37%"
"26.09.2014","0,36","0,36","0,37","0,36","1,54M","0,00%"
"25.09.2014","0,36","0,38","0,38","0,36","2,61M","-2,43%"
"24.09.2014","0,37","0,37","0,37","0,37","1,35M","1,53%"
"23.09.2014","0,37","0,37","0,37","0,36","1,66M","0,00%"
"22.09.2014","0,37","0,37","0,37","0,37","1,61M","-2,13%"
"19.09.2014","0,38","0,38","0,38","0,38","1,03M","0,00%"
"18.09.2014","0,37","0,37","0,37","0,37","2,48M","1,79%"
"17.09.2014","0,37","0,37","0,37","0,36","3,11M","0,00%"
"16.09.2014","0,36","0,36","0,36","0,36","2,74M","0,00%"
"15.09.2014","0,36","0,36","0,37","0,36","2,96M","-2,37%"
"12.09.2014","0,37","0,37","0,37","0,37","3,54M","0,00%"
"11.09.2014","0,37","0,37","0,37","0,37","2,69M","0,00%"
"10.09.2014","0,37","0,37","0,37","0,37","600,60K","0,00%"
"09.09.2014","0,37","0,37","0,37","0,37","921,60K","0,00%"
"08.09.2014","0,37","0,37","0,37","0,37","1,95M","2,26%"
"05.09.2014","0,36","0,37","0,37","0,36","3,24M","-1,55%"
"04.09.2014","0,37","0,36","0,37","0,36","1,90M","1,93%"
"03.09.2014","0,36","0,37","0,37","0,36","3,55M","0,00%"
"02.09.2014","0,37","0,37","0,37","0,36","4,19M","0,00%"
"01.09.2014","0,36","0,36","0,36","0,36","479,80K","0,00%"
"29.08.2014","0,36","0,36","0,36","0,36","2,07M","0,00%"
"28.08.2014","0,36","0,36","0,36","0,36","6,19M","0,00%"
"27.08.2014","0,36","0,36","0,36","0,36","912,40K","0,00%"
"26.08.2014","0,36","0,36","0,36","0,36","2,12M","0,00%"
"25.08.2014","0,36","0,36","0,36","0,36","1,20M","0,00%"
"22.08.2014","0,36","0,35","0,36","0,35","1,05M","0,00%"
"21.08.2014","0,35","0,35","0,35","0,35","1,15M","0,00%"
"20.08.2014","0,35","0,35","0,35","0,35","893,60K","0,00%"
"19.08.2014","0,35","0,35","0,35","0,35","2,29M","0,00%"
"18.08.2014","0,35","0,34","0,35","0,34","1,03M","3,06%"
"15.08.2014","0,34","0,34","0,34","0,34","2,37M","0,00%"
"14.08.2014","0,34","0,33","0,34","0,33","5,49M","0,00%"
"13.08.2014","0,33","0,33","0,33","0,33","1,13M","2,44%"
"12.08.2014","0,33","0,33","0,33","0,32","1,36M","0,00%"
"11.08.2014","0,33","0,32","0,33","0,32","5,52M","2,87%"
"08.08.2014","0,32","0,32","0,32","0,31","2,24M","0,00%"
"07.08.2014","0,32","0,32","0,33","0,32","428,60K","0,00%"
"06.08.2014","0,32","0,32","0,32","0,32","548,80K","0,00%"
"05.08.2014","0,33","0,32","0,33","0,32","1,85M","0,00%"
"04.08.2014","0,32","0,32","0,32","0,32","740,80K","0,00%"
"01.08.2014","0,32","0,33","0,33","0,32","3,86M","-2,06%"
"31.07.2014","0,33","0,34","0,34","0,33","1,13M","-3,10%"
"30.07.2014","0,34","0,34","0,34","0,34","856,00K","0,00%"
"29.07.2014","0,33","0,34","0,34","0,33","2,09M","0,00%"
"28.07.2014","0,33","0,33","0,34","0,33","1,39M","0,00%"
"25.07.2014","0,33","0,34","0,34","0,33","2,00M","-1,78%"
"24.07.2014","0,34","0,34","0,34","0,34","1,12M","0,00%"
"23.07.2014","0,34","0,33","0,34","0,33","855,20K","0,00%"
"22.07.2014","0,33","0,33","0,33","0,33","2,20M","2,20%"
"21.07.2014","0,33","0,33","0,33","0,33","815,20K","0,00%"
"18.07.2014","0,33","0,32","0,33","0,32","1,84M","0,00%"
"17.07.2014","0,32","0,33","0,33","0,32","2,83M","0,00%"
"16.07.2014","0,33","0,33","0,33","0,33","8,11M","0,00%"
"15.07.2014","0,32","0,33","0,33","0,32","956,80K","0,00%"
"14.07.2014","0,33","0,32","0,33","0,32","1,02M","1,77%"
"11.07.2014","0,32","0,32","0,32","0,32","787,00K","0,00%"
"10.07.2014","0,32","0,32","0,32","0,31","979,80K","0,00%"
"09.07.2014","0,32","0,31","0,32","0,31","672,40K","0,00%"
"08.07.2014","0,31","0,32","0,32","0,31","3,19M","-2,68%"
"07.07.2014","0,32","0,33","0,33","0,32","1,27M","0,00%"
"04.07.2014","0,32","0,32","0,33","0,32","1,11M","0,00%"
"03.07.2014","0,32","0,32","0,32","0,32","1,39M","0,00%"
"02.07.2014","0,32","0,32","0,32","0,32","1,69M","0,00%"
"01.07.2014","0,32","0,31","0,32","0,31","2,53M","2,08%"
"30.06.2014","0,31","0,31","0,31","0,31","1,66M","0,00%"
"27.06.2014","0,31","0,31","0,31","0,31","1,26M","0,00%"
"26.06.2014","0,31","0,31","0,31","0,31","887,80K","0,00%"
"25.06.2014","0,31","0,30","0,31","0,30","1,37M","0,00%"
"24.06.2014","0,31","0,30","0,31","0,30","1,22M","2,10%"
"23.06.2014","0,30","0,31","0,31","0,30","253,40K","0,00%"
"20.06.2014","0,30","0,30","0,31","0,30","3,28M","0,00%"
"19.06.2014","0,30","0,31","0,31","0,30","551,00K","0,00%"
"18.06.2014","0,30","0,30","0,30","0,30","225,80K","0,00%"
"17.06.2014","0,30","0,30","0,30","0,30","19,01M","0,00%"
"16.06.2014","0,30","0,30","0,30","0,30","550,80K","0,00%"
"13.06.2014","0,30","0,30","0,30","0,30","10,99M","0,00%"
"12.06.2014","0,30","0,31","0,31","0,30","3,35M","0,00%"
"11.06.2014","0,31","0,31","0,31","0,30","1,04M","0,00%"
"10.06.2014","0,31","0,30","0,31","0,30","828,20K","0,00%"
"09.06.2014","0,30","0,30","0,30","0,30","1,35M","0,00%"
"06.06.2014","0,30","0,30","0,30","0,30","4,53M","0,00%"
"05.06.2014","0,30","0,30","0,30","0,30","3,75M","0,00%"
"04.06.2014","0,30","0,29","0,30","0,29","3,56M","0,00%"
"03.06.2014","0,29","0,29","0,29","0,29","331,20K","0,00%"
"02.06.2014","0,29","0,29","0,30","0,29","3,54M","0,00%"
"30.05.2014","0,29","0,29","0,29","0,29","699,40K","0,00%"
"29.05.2014","0,29","0,29","0,29","0,29","7,73M","0,00%"
"28.05.2014","0,29","0,29","0,29","0,29","2,92M","0,00%"
"27.05.2014","0,29","0,29","0,29","0,29","1,86M","0,00%"
"26.05.2014","0,29","0,29","0,29","0,29","1,06M","0,00%"
"23.05.2014","0,28","0,28","0,28","0,28","4,26M","0,00%"
"22.05.2014","0,28","0,28","0,28","0,28","2,48M","2,30%"
"21.05.2014","0,27","0,27","0,28","0,27","1,43M","0,00%"
"20.05.2014","0,27","0,27","0,27","0,27","558,00K","0,00%"
"19.05.2014","0,27","0,27","0,27","0,27","1,99M","2,76%"
"16.05.2014","0,27","0,27","0,27","0,26","3,74M","0,00%"
"15.05.2014","0,26","0,27","0,27","0,26","3,23M","-2,61%"
"14.05.2014","0,27","0,27","0,27","0,27","614,20K","0,00%"
"13.05.2014","0,27","0,27","0,28","0,27","2,26M","0,00%"
"12.05.2014","0,27","0,26","0,27","0,26","2,28M","4,10%"
"09.05.2014","0,26","0,26","0,26","0,26","4,01M","-1,98%"
"08.05.2014","0,27","0,26","0,27","0,26","1,33M","3,71%"
"07.05.2014","0,26","0,26","0,26","0,25","1,21M","-3,36%"
"06.05.2014","0,26","0,27","0,27","0,26","218,20K","0,00%"
"05.05.2014","0,27","0,27","0,27","0,26","804,00K","0,00%"
"02.05.2014","0,27","0,27","0,27","0,26","990,20K","0,00%"
"30.04.2014","0,26","0,26","0,26","0,26","6,68M","0,00%"
"29.04.2014","0,26","0,26","0,26","0,26","777,80K","2,13%"
"28.04.2014","0,26","0,26","0,26","0,26","1,32M","0,00%"
"25.04.2014","0,26","0,27","0,27","0,26","1,61M","-2,92%"
"24.04.2014","0,27","0,27","0,27","0,26","4,83M","0,00%"
"23.04.2014","0,26","0,27","0,27","0,26","497,60K","0,00%"
"22.04.2014","0,27","0,26","0,27","0,26","3,18M","3,36%"
"17.04.2014","0,26","0,25","0,26","0,25","2,02M","0,00%"
"16.04.2014","0,26","0,26","0,26","0,25","3,38M","2,91%"
"15.04.2014","0,25","0,25","0,26","0,25","4,45M","-2,04%"
"14.04.2014","0,25","0,25","0,25","0,25","2,83M","0,00%"
"11.04.2014","0,25","0,25","0,25","0,25","4,02M","-2,69%"
"10.04.2014","0,26","0,27","0,27","0,26","1,68M","0,00%"
"09.04.2014","0,26","0,26","0,26","0,26","3,36M","0,00%"
"08.04.2014","0,26","0,26","0,26","0,25","8,47M","0,00%"
"07.04.2014","0,26","0,26","0,26","0,26","5,09M","-3,54%"
"04.04.2014","0,27","0,28","0,28","0,27","8,62M","-3,30%"
"03.04.2014","0,28","0,28","0,28","0,28","851,60K","0,00%"
"02.04.2014","0,28","0,28","0,28","0,28","627,60K","0,00%"
"01.04.2014","0,28","0,27","0,28","0,27","2,82M","2,12%"
"31.03.2014","0,27","0,27","0,27","0,27","25,17M","0,00%"
"28.03.2014","0,27","0,27","0,27","0,27","9,67M","0,00%"
"27.03.2014","0,27","0,27","0,27","0,26","6,61M","-3,04%"
"26.03.2014","0,27","0,27","0,28","0,27","10,94M","0,00%"
"25.03.2014","0,27","0,27","0,28","0,27","974,00K","0,00%"
"24.03.2014","0,27","0,28","0,28","0,27","7,91M","-4,68%"
"21.03.2014","0,28","0,29","0,29","0,28","20,81M","0,00%"
"20.03.2014","0,29","0,28","0,29","0,28","438,40K","0,00%"
"19.03.2014","0,28","0,28","0,29","0,28","10,17M","0,00%"
"18.03.2014","0,28","0,28","0,28","0,28","3,64M","0,00%"
"17.03.2014","0,28","0,27","0,28","0,27","12,18M","0,00%"
"14.03.2014","0,27","0,28","0,28","0,27","15,38M","0,00%"
"13.03.2014","0,28","0,28","0,29","0,28","4,60M","0,00%"
"12.03.2014","0,28","0,28","0,28","0,28","2,80M","0,00%"
"11.03.2014","0,29","0,29","0,29","0,29","360,20K","0,00%"
"10.03.2014","0,28","0,28","0,29","0,28","1,93M","0,00%"
"07.03.2014","0,28","0,29","0,29","0,28","5,31M","-2,14%"
"06.03.2014","0,29","0,29","0,29","0,29","12,42M","0,00%"
"05.03.2014","0,29","0,29","0,29","0,29","1,78M","0,00%"
"04.03.2014","0,29","0,29","0,29","0,29","5,85M","3,38%"
"03.03.2014","0,28","0,28","0,28","0,28","4,43M","-2,76%"
"28.02.2014","0,29","0,29","0,29","0,28","2,43M","0,00%"
"27.02.2014","0,29","0,29","0,29","0,28","5,70M","0,00%"
"26.02.2014","0,29","0,29","0,29","0,29","4,00M","0,00%"
"25.02.2014","0,29","0,28","0,29","0,28","1,65M","0,00%"
"24.02.2014","0,29","0,28","0,29","0,28","1,02M","0,00%"
"21.02.2014","0,28","0,29","0,29","0,28","941,20K","0,00%"
"20.02.2014","0,28","0,28","0,28","0,28","12,05M","0,00%"
"19.02.2014","0,28","0,28","0,28","0,28","9,24M","0,00%"
"18.02.2014","0,28","0,28","0,28","0,28","7,47M","0,00%"
"17.02.2014","0,28","0,28","0,28","0,28","17,48M","0,00%"
"14.02.2014","0,28","0,28","0,28","0,28","1,70M","0,00%"
"13.02.2014","0,28","0,28","0,28","0,27","22,41M","0,00%"
"12.02.2014","0,28","0,28","0,28","0,28","2,71M","0,00%"
"11.02.2014","0,27","0,27","0,27","0,27","4,95M","0,00%"
"10.02.2014","0,27","0,27","0,27","0,27","4,85M","2,13%"
"07.02.2014","0,26","0,26","0,26","0,26","2,50M","1,99%"
"06.02.2014","0,26","0,26","0,26","0,25","3,13M","2,44%"
"05.02.2014","0,25","0,25","0,26","0,25","2,45M","0,00%"
"04.02.2014","0,26","0,25","0,26","0,25","3,89M","0,00%"
"03.02.2014","0,26","0,27","0,27","0,26","6,84M","-2,22%"
"31.01.2014","0,26","0,26","0,26","0,26","1,37M","0,00%"
"30.01.2014","0,27","0,26","0,27","0,26","3,43M","2,97%"
"29.01.2014","0,26","0,26","0,26","0,25","2,88M","0,00%"
"28.01.2014","0,26","0,26","0,26","0,26","6,93M","0,00%"
"27.01.2014","0,26","0,27","0,27","0,26","7,98M","-2,41%"
"24.01.2014","0,27","0,28","0,28","0,27","7,58M","-2,21%"
"23.01.2014","0,27","0,28","0,28","0,27","7,63M","-2,27%"
"22.01.2014","0,28","0,28","0,28","0,28","3,67M","0,00%"
"21.01.2014","0,28","0,28","0,28","0,27","679,20K","0,00%"
"20.01.2014","0,27","0,27","0,27","0,27","1,09M","0,00%"
"17.01.2014","0,28","0,28","0,28","0,27","4,60M","0,00%"
"16.01.2014","0,28","0,28","0,28","0,27","2,63M","0,00%"
"15.01.2014","0,28","0,27","0,28","0,27","10,05M","2,97%"
"14.01.2014","0,27","0,26","0,27","0,26","6,23M","0,00%"
"13.01.2014","0,27","0,27","0,27","0,27","1,41M","1,97%"
"10.01.2014","0,26","0,27","0,27","0,26","4,18M","0,00%"
"09.01.2014","0,27","0,27","0,27","0,27","1,21M","0,00%"
"08.01.2014","0,27","0,27","0,27","0,27","548,60K","0,00%"
"07.01.2014","0,27","0,26","0,27","0,26","1,94M","2,45%"
"06.01.2014","0,26","0,27","0,27","0,26","3,38M","0,00%"
"03.01.2014","0,27","0,27","0,27","0,27","3,65M","0,00%"
"02.01.2014","0,27","0,27","0,27","0,27","2,06M","0,00%"
"30.12.2013","0,27","0,27","0,27","0,26","1,75M","0,00%"
"27.12.2013","0,27","0,27","0,27","0,27","2,49M","0,00%"
"23.12.2013","0,27","0,27","0,27","0,27","4,00M","0,00%"
"20.12.2013","0,26","0,26","0,26","0,26","1,87M","0,00%"
"19.12.2013","0,26","0,26","0,26","0,26","6,81M","3,19%"
"18.12.2013","0,25","0,25","0,25","0,25","1,16M","0,00%"
"17.12.2013","0,25","0,25","0,25","0,25","737,60K","0,00%"
"16.12.2013","0,25","0,25","0,26","0,25","7,55M","0,00%"
"13.12.2013","0,25","0,25","0,25","0,25","1,07M","0,00%"
"12.12.2013","0,25","0,25","0,25","0,25","10,70M","0,00%"
"11.12.2013","0,26","0,26","0,26","0,26","991,80K","0,00%"
"10.12.2013","0,26","0,26","0,26","0,26","1,83M","0,00%"
"09.12.2013","0,26","0,26","0,26","0,26","5,62M","0,00%"
"06.12.2013","0,26","0,26","0,26","0,26","2,59M","0,00%"
"05.12.2013","0,26","0,26","0,26","0,26","2,98M","0,00%"
"04.12.2013","0,26","0,26","0,26","0,26","6,16M","0,00%"
"03.12.2013","0,26","0,26","0,26","0,26","2,07M","0,00%"
"02.12.2013","0,26","0,26","0,26","0,26","5,26M","0,00%"
"29.11.2013","0,26","0,26","0,26","0,26","3,76M","0,00%"
"28.11.2013","0,26","0,26","0,26","0,26","2,00M","0,00%"
"27.11.2013","0,26","0,25","0,26","0,25","2,90M","0,00%"
"26.11.2013","0,25","0,25","0,25","0,25","1,59M","0,00%"
"25.11.2013","0,25","0,25","0,25","0,25","1,41M","0,00%"
"22.11.2013","0,25","0,25","0,25","0,25","1,97M","0,00%"
"21.11.2013","0,25","0,24","0,25","0,24","2,41M","0,00%"
"20.11.2013","0,25","0,24","0,25","0,24","1,18M","0,00%"
"19.11.2013","0,25","0,25","0,25","0,24","1,69M","0,00%"
"18.11.2013","0,25","0,25","0,25","0,25","2,10M","0,00%"
"15.11.2013","0,25","0,25","0,25","0,25","5,16M","0,00%"
"14.11.2013","0,25","0,25","0,25","0,25","2,52M","2,08%"
"13.11.2013","0,24","0,24","0,24","0,24","709,60K","0,00%"
"12.11.2013","0,24","0,24","0,24","0,24","598,80K","0,00%"
"11.11.2013","0,24","0,24","0,24","0,24","563,00K","0,00%"
"08.11.2013","0,24","0,24","0,24","0,24","3,18M","0,00%"
"07.11.2013","0,24","0,24","0,25","0,24","2,12M","0,00%"
"06.11.2013","0,24","0,25","0,25","0,24","3,08M","0,00%"
"05.11.2013","0,25","0,24","0,25","0,24","889,00K","0,00%"
"04.11.2013","0,24","0,24","0,25","0,24","6,66M","0,00%"
"01.11.2013","0,24","0,24","0,25","0,24","1,17M","0,00%"
"31.10.2013","0,25","0,24","0,25","0,24","2,11M","0,00%"
"30.10.2013","0,24","0,24","0,24","0,24","2,28M","0,00%"
"29.10.2013","0,24","0,24","0,24","0,24","1,11M","0,00%"
"28.10.2013","0,24","0,24","0,24","0,24","1,37M","0,00%"
"25.10.2013","0,24","0,24","0,24","0,24","3,53M","0,00%"
"24.10.2013","0,24","0,24","0,24","0,23","868,40K","0,00%"
"23.10.2013","0,23","0,24","0,24","0,23","1,87M","0,00%"
"22.10.2013","0,24","0,24","0,24","0,23","2,71M","0,00%"
"21.10.2013","0,24","0,24","0,24","0,24","957,60K","0,00%"
"18.10.2013","0,23","0,23","0,24","0,23","2,69M","2,70%"
"17.10.2013","0,23","0,23","0,23","0,23","858,80K","0,00%"
"16.10.2013","0,23","0,23","0,23","0,23","2,01M","0,00%"
"15.10.2013","0,23","0,23","0,23","0,23","5,48M","3,04%"
"14.10.2013","0,22","0,22","0,22","0,22","412,40K","0,00%"
"11.10.2013","0,22","0,22","0,22","0,22","2,55M","0,00%"
"10.10.2013","0,22","0,21","0,22","0,21","2,71M","4,29%"
"09.10.2013","0,21","0,21","0,21","0,21","1,90M","0,00%"
"08.10.2013","0,21","0,22","0,22","0,21","1,29M","-3,59%"
"07.10.2013","0,22","0,22","0,22","0,22","610,40K","0,00%"
"04.10.2013","0,22","0,22","0,22","0,22","936,60K","0,00%"
"03.10.2013","0,22","0,22","0,22","0,22","555,00K","0,00%"
"02.10.2013","0,22","0,23","0,23","0,22","549,80K","0,00%"
"01.10.2013","0,23","0,22","0,23","0,22","537,80K","0,00%"
"30.09.2013","0,22","0,22","0,22","0,22","539,00K","0,00%"
"27.09.2013","0,22","0,22","0,22","0,22","831,00K","0,00%"
"26.09.2013","0,22","0,22","0,22","0,22","513,20K","0,00%"
"25.09.2013","0,22","0,22","0,22","0,22","930,40K","0,00%"
"24.09.2013","0,22","0,22","0,22","0,22","261,20K","0,00%"
"23.09.2013","0,22","0,22","0,22","0,22","621,60K","0,00%"
"20.09.2013","0,22","0,22","0,23","0,22","1,91M","0,00%"
"19.09.2013","0,22","0,22","0,22","0,22","1,16M","0,00%"
"18.09.2013","0,22","0,22","0,22","0,22","1,12M","0,00%"
"17.09.2013","0,22","0,22","0,22","0,22","1,62M","0,00%"
"16.09.2013","0,22","0,22","0,22","0,22","1,08M","0,00%"
"13.09.2013","0,22","0,22","0,22","0,22","876,40K","0,00%"
"12.09.2013","0,22","0,22","0,22","0,22","201,00K","0,00%"
"11.09.2013","0,22","0,22","0,22","0,22","483,20K","0,00%"
"10.09.2013","0,22","0,22","0,22","0,22","2,39M","0,00%"
"09.09.2013","0,22","0,22","0,22","0,22","540,80K","0,00%"
"06.09.2013","0,22","0,22","0,22","0,21","649,40K","0,00%"
"05.09.2013","0,22","0,21","0,22","0,21","1,20M","0,00%"
"04.09.2013","0,21","0,21","0,21","0,21","586,60K","0,00%"
"03.09.2013","0,21","0,21","0,21","0,21","1,47M","0,00%"
"02.09.2013","0,21","0,21","0,21","0,21","664,40K","2,44%"
"30.08.2013","0,21","0,21","0,21","0,21","352,60K","0,00%"
"29.08.2013","0,21","0,21","0,21","0,21","576,00K","3,19%"
"28.08.2013","0,20","0,20","0,20","0,20","754,40K","0,00%"
"27.08.2013","0,21","0,21","0,21","0,21","537,40K","-3,27%"
"26.08.2013","0,21","0,21","0,21","0,21","333,40K","0,00%"
"23.08.2013","0,21","0,21","0,21","0,21","389,00K","0,00%"
"22.08.2013","0,21","0,20","0,21","0,20","591,40K","0,00%"
"21.08.2013","0,21","0,20","0,21","0,20","73,80K","0,00%"
"20.08.2013","0,21","0,20","0,21","0,20","835,40K","0,00%"
"19.08.2013","0,21","0,21","0,21","0,20","1,43M","0,00%"
"16.08.2013","0,21","0,21","0,21","0,20","980,80K","0,00%"
"15.08.2013","0,21","0,21","0,21","0,21","8,92M","-3,17%"
"14.08.2013","0,21","0,22","0,22","0,21","2,57M","0,00%"
"13.08.2013","0,21","0,21","0,21","0,21","355,20K","0,00%"
"12.08.2013","0,21","0,21","0,21","0,21","542,60K","0,00%"
"09.08.2013","0,21","0,21","0,21","0,21","2,44M","0,00%"
"08.08.2013","0,21","0,21","0,21","0,21","7,80M","0,00%"
"07.08.2013","0,21","0,21","0,21","0,21","1,52M","0,00%"
"06.08.2013","0,21","0,22","0,22","0,21","5,37M","0,00%"
"05.08.2013","0,22","0,22","0,22","0,21","2,08M","0,00%"
"02.08.2013","0,21","0,21","0,21","0,21","645,40K","0,00%"
"01.08.2013","0,21","0,21","0,21","0,21","4,86M","0,00%"
"31.07.2013","0,21","0,21","0,21","0,21","1,19M","0,00%"
"30.07.2013","0,21","0,21","0,21","0,21","176,80K","0,00%"
"29.07.2013","0,21","0,21","0,21","0,21","361,60K","0,00%"
"26.07.2013","0,20","0,20","0,20","0,20","205,80K","0,00%"
"25.07.2013","0,20","0,20","0,20","0,20","926,60K","0,00%"
"24.07.2013","0,20","0,20","0,20","0,20","998,20K","0,00%"
"23.07.2013","0,20","0,21","0,21","0,20","567,00K","0,00%"
"22.07.2013","0,20","0,20","0,20","0,20","689,20K","0,00%"
"19.07.2013","0,20","0,20","0,21","0,20","2,61M","-3,22%"
"18.07.2013","0,21","0,21","0,21","0,21","599,40K","0,00%"
"17.07.2013","0,21","0,21","0,21","0,21","605,60K","0,00%"
"16.07.2013","0,21","0,21","0,21","0,21","719,40K","0,00%"
"15.07.2013","0,21","0,21","0,21","0,21","6,61M","0,00%"
"12.07.2013","0,21","0,21","0,21","0,21","3,04M","0,00%"
"11.07.2013","0,21","0,20","0,21","0,20","1,12M","0,00%"
"10.07.2013","0,20","0,20","0,20","0,20","301,80K","0,00%"
"09.07.2013","0,20","0,20","0,20","0,20","558,20K","0,00%"
"08.07.2013","0,20","0,20","0,20","0,20","982,20K","0,00%"
"05.07.2013","0,20","0,20","0,20","0,19","880,80K","0,00%"
"04.07.2013","0,20","0,19","0,20","0,19","779,40K","3,27%"
"03.07.2013","0,19","0,19","0,19","0,19","264,60K","0,00%"
"02.07.2013","0,19","0,19","0,19","0,19","366,20K","0,00%"
"01.07.2013","0,19","0,19","0,19","0,19","921,60K","0,00%"
"28.06.2013","0,19","0,19","0,19","0,19","1,01M","0,00%"
"27.06.2013","0,19","0,19","0,19","0,19","3,04M","0,00%"
"26.06.2013","0,19","0,18","0,19","0,18","285,20K","0,00%"
"25.06.2013","0,18","0,18","0,18","0,18","472,80K","0,00%"
"24.06.2013","0,18","0,18","0,18","0,18","1,47M","0,00%"
"21.06.2013","0,18","0,18","0,18","0,18","1,44M","-3,62%"
"20.06.2013","0,19","0,19","0,19","0,19","2,86M","-3,88%"
"19.06.2013","0,19","0,19","0,20","0,19","274,60K","0,00%"
"18.06.2013","0,19","0,19","0,19","0,19","181,20K","0,00%"
"17.06.2013","0,19","0,19","0,19","0,19","1,46M","2,69%"
"14.06.2013","0,19","0,19","0,19","0,19","156,00K","0,00%"
"13.06.2013","0,19","0,18","0,19","0,18","847,00K","0,00%"
"12.06.2013","0,19","0,19","0,19","0,19","1,40M","0,00%"
"11.06.2013","0,19","0,19","0,19","0,19","1,15M","0,00%"
"10.06.2013","0,20","0,20","0,20","0,20","344,40K","0,00%"
"07.06.2013","0,20","0,19","0,20","0,19","1,00M","3,25%"
"06.06.2013","0,19","0,19","0,19","0,19","464,80K","0,00%"
"05.06.2013","0,19","0,20","0,20","0,19","1,07M","-3,39%"
"04.06.2013","0,20","0,20","0,20","0,20","573,40K","3,21%"
"03.06.2013","0,19","0,20","0,20","0,19","2,60M","-5,26%"
"31.05.2013","0,20","0,20","0,20","0,20","3,44M","0,00%"
"30.05.2013","0,20","0,20","0,20","0,20","230,20K","0,00%"
"29.05.2013","0,20","0,20","0,20","0,20","3,49M","-3,12%"
"28.05.2013","0,21","0,20","0,21","0,20","2,18M","0,00%"
"27.05.2013","0,20","0,20","0,20","0,20","9,52M","0,00%"
"24.05.2013","0,20","0,20","0,20","0,20","1,86M","0,00%"
"23.05.2013","0,20","0,20","0,20","0,20","5,91M","-3,25%"
"22.05.2013","0,21","0,21","0,21","0,21","1,50M","0,00%"
"21.05.2013","0,21","0,21","0,21","0,20","3,00M","0,00%"
"20.05.2013","0,21","0,21","0,21","0,21","1,74M","0,00%"
"17.05.2013","0,21","0,20","0,21","0,20","1,89M","0,00%"
"16.05.2013","0,20","0,20","0,20","0,20","1,82M","0,00%"
"15.05.2013","0,20","0,20","0,20","0,20","19,71M","0,00%"
"14.05.2013","0,20","0,20","0,20","0,20","1,91M","0,00%"
"13.05.2013","0,20","0,20","0,20","0,20","6,40M","0,00%"
"10.05.2013","0,20","0,20","0,20","0,20","1,37M","0,00%"
"09.05.2013","0,19","0,19","0,19","0,19","3,56M","0,00%"
"08.05.2013","0,19","0,19","0,19","0,19","338,60K","0,00%"
"07.05.2013","0,19","0,19","0,19","0,19","2,31M","0,00%"
"06.05.2013","0,19","0,19","0,19","0,19","1,52M","0,00%"
"03.05.2013","0,19","0,19","0,19","0,19","2,22M","0,00%"
"02.05.2013","0,19","0,18","0,19","0,18","1,59M","3,15%"
"30.04.2013","0,18","0,18","0,18","0,18","845,00K","0,00%"
"29.04.2013","0,18","0,18","0,18","0,18","975,00K","0,00%"
"26.04.2013","0,18","0,18","0,18","0,18","408,60K","0,00%"
"25.04.2013","0,18","0,18","0,18","0,18","316,00K","0,00%"
"24.04.2013","0,18","0,18","0,18","0,18","562,00K","0,00%"
"23.04.2013","0,18","0,17","0,18","0,17","1,85M","3,84%"
"22.04.2013","0,17","0,17","0,17","0,17","270,20K","0,00%"
"19.04.2013","0,17","0,17","0,17","0,17","2,86M","0,00%"
"18.04.2013","0,17","0,17","0,17","0,17","496,60K","0,00%"
"17.04.2013","0,17","0,18","0,18","0,17","902,20K","0,00%"
"16.04.2013","0,18","0,18","0,18","0,17","2,85M","0,00%"
"15.04.2013","0,18","0,18","0,18","0,18","419,20K","0,00%"
"12.04.2013","0,18","0,18","0,18","0,18","1,75M","0,00%"
"11.04.2013","0,18","0,18","0,18","0,18","3,59M","0,00%"
"10.04.2013","0,18","0,17","0,18","0,17","7,34M","4,86%"
"09.04.2013","0,17","0,17","0,17","0,17","674,20K","0,00%"
"08.04.2013","0,17","0,17","0,17","0,17","32,69M","0,00%"
"05.04.2013","0,17","0,17","0,17","0,17","16,01M","-3,47%"
"04.04.2013","0,18","0,18","0,18","0,18","2,40M","0,00%"
"03.04.2013","0,18","0,18","0,18","0,18","4,43M","0,00%"
"02.04.2013","0,18","0,18","0,18","0,18","5,09M","0,00%"
"28.03.2013","0,18","0,18","0,18","0,18","3,15M","0,00%"
"27.03.2013","0,18","0,18","0,18","0,18","14,78M","0,00%"
"26.03.2013","0,18","0,18","0,18","0,18","606,20K","0,00%"
"25.03.2013","0,18","0,18","0,18","0,17","1,59M","0,00%"
"22.03.2013","0,17","0,17","0,17","0,17","3,29M","0,00%"
"21.03.2013","0,17","0,18","0,18","0,17","3,54M","0,00%"
"20.03.2013","0,18","0,18","0,18","0,18","9,90M","0,00%"
"19.03.2013","0,17","0,18","0,18","0,17","4,33M","0,00%"
"18.03.2013","0,18","0,17","0,18","0,17","2,56M","0,00%"
"15.03.2013","0,17","0,18","0,18","0,17","16,97M","0,00%"
"14.03.2013","0,18","0,18","0,18","0,18","5,01M","0,00%"
"13.03.2013","0,18","0,17","0,18","0,17","3,54M","0,00%"
"12.03.2013","0,17","0,18","0,18","0,17","2,83M","0,00%"
"11.03.2013","0,18","0,17","0,18","0,17","2,62M","0,00%"
"08.03.2013","0,18","0,17","0,18","0,17","3,84M","0,00%"
"07.03.2013","0,17","0,17","0,17","0,17","1,21M","0,00%"
"06.03.2013","0,17","0,17","0,18","0,17","2,71M","0,00%"
"05.03.2013","0,17","0,17","0,17","0,17","1,07M","3,53%"
"04.03.2013","0,17","0,17","0,17","0,17","137,80K","0,00%"
"01.03.2013","0,17","0,17","0,17","0,17","1,68M","0,00%"
"28.02.2013","0,17","0,17","0,17","0,17","3,63M","0,00%"
"27.02.2013","0,17","0,16","0,17","0,16","1,81M","0,00%"
"26.02.2013","0,16","0,16","0,16","0,16","781,60K","0,00%"
"25.02.2013","0,17","0,16","0,17","0,16","3,82M","0,00%"
"22.02.2013","0,16","0,16","0,16","0,16","720,60K","0,00%"
"21.02.2013","0,16","0,16","0,16","0,16","3,88M","0,00%"
"20.02.2013","0,17","0,17","0,17","0,17","14,47M","0,00%"
"19.02.2013","0,17","0,17","0,17","0,17","934,20K","0,00%"
"18.02.2013","0,17","0,17","0,17","0,17","683,40K","0,00%"
"15.02.2013","0,17","0,17","0,17","0,17","2,68M","0,00%"
"14.02.2013","0,17","0,17","0,17","0,17","1,16M","0,00%"
"13.02.2013","0,17","0,17","0,17","0,17","2,59M","0,00%"
"12.02.2013","0,17","0,17","0,17","0,17","1,00M","0,00%"
"11.02.2013","0,17","0,17","0,17","0,17","745,00K","0,00%"
"08.02.2013","0,17","0,16","0,17","0,16","3,19M","4,10%"
"07.02.2013","0,16","0,16","0,16","0,16","2,80M","0,00%"
"06.02.2013","0,16","0,16","0,16","0,16","10,00M","0,00%"
"05.02.2013","0,16","0,16","0,16","0,16","1,27M","0,00%"
"04.02.2013","0,16","0,16","0,16","0,16","7,37M","0,00%"
"01.02.2013","0,16","0,16","0,16","0,16","1,17M","0,00%"
"31.01.2013","0,16","0,16","0,16","0,16","1,51M","0,00%"
"30.01.2013","0,16","0,16","0,16","0,16","1,76M","0,00%"
"29.01.2013","0,16","0,16","0,16","0,16","1,10M","0,00%"
"28.01.2013","0,16","0,16","0,16","0,16","1,26M","0,00%"
"25.01.2013","0,16","0,16","0,16","0,16","1,83M","0,00%"
"24.01.2013","0,16","0,16","0,16","0,16","2,01M","0,00%"
"23.01.2013","0,17","0,17","0,17","0,17","1,56M","0,00%"
"22.01.2013","0,16","0,16","0,16","0,16","1,17M","0,00%"
"21.01.2013","0,16","0,16","0,16","0,16","249,80K","0,00%"
"18.01.2013","0,16","0,16","0,16","0,16","382,80K","0,00%"
"17.01.2013","0,16","0,16","0,16","0,16","866,60K","0,00%"
"16.01.2013","0,16","0,16","0,16","0,16","391,60K","0,00%"
"15.01.2013","0,16","0,16","0,16","0,16","1,53M","0,00%"
"14.01.2013","0,16","0,16","0,16","0,16","1,61M","0,00%"
"11.01.2013","0,16","0,16","0,17","0,16","1,37M","0,00%"
"10.01.2013","0,16","0,17","0,17","0,16","1,10M","0,00%"
"09.01.2013","0,17","0,17","0,17","0,16","1,18M","0,00%"
"08.01.2013","0,16","0,16","0,17","0,16","922,80K","0,00%"
"07.01.2013","0,16","0,16","0,17","0,16","1,91M","0,00%"
"04.01.2013","0,17","0,17","0,17","0,16","1,78M","0,00%"
"03.01.2013","0,17","0,17","0,17","0,17","2,11M","0,00%"
"02.01.2013","0,16","0,16","0,16","0,16","3,39M","10,27%"
"31.12.2012","0,15","0,15","0,15","0,15","824,20K","0,00%"
"28.12.2012","0,15","0,15","0,15","0,15","470,40K","0,00%"
"27.12.2012","0,15","0,15","0,15","0,15","5,20M","0,00%"
"24.12.2012","0,16","0,16","0,16","0,16","3,32M","0,00%"
"21.12.2012","0,16","0,16","0,16","0,15","17,19M","0,00%"
"20.12.2012","0,16","0,16","0,16","0,16","813,80K","0,00%"
"19.12.2012","0,16","0,16","0,16","0,16","2,32M","0,00%"
"18.12.2012","0,16","0,16","0,16","0,16","4,75M","0,00%"
"17.12.2012","0,15","0,15","0,15","0,15","5,69M","0,00%"
"14.12.2012","0,15","0,16","0,16","0,15","1,09M","0,00%"
"13.12.2012","0,16","0,16","0,16","0,16","742,00K","0,00%"
"12.12.2012","0,16","0,16","0,16","0,16","4,07M","0,00%"
"11.12.2012","0,16","0,16","0,16","0,16","5,96M","0,00%"
"10.12.2012","0,16","0,16","0,16","0,16","1,48M","0,00%"
"07.12.2012","0,16","0,16","0,16","0,16","486,80K","0,00%"
"06.12.2012","0,16","0,15","0,16","0,15","6,43M","0,00%"
"05.12.2012","0,16","0,16","0,16","0,15","5,06M","0,00%"
"04.12.2012","0,16","0,16","0,16","0,16","2,13M","0,00%"
"03.12.2012","0,16","0,16","0,16","0,16","4,76M","0,00%"
"30.11.2012","0,16","0,16","0,16","0,16","664,60K","0,00%"
"29.11.2012","0,16","0,16","0,16","0,16","1,37M","0,00%"
"28.11.2012","0,16","0,16","0,16","0,15","21,48M","0,00%"
"27.11.2012","0,16","0,16","0,16","0,16","1,10M","0,00%"
"26.11.2012","0,16","0,16","0,16","0,16","1,64M","0,00%"
"23.11.2012","0,16","0,15","0,16","0,15","1,28M","0,00%"
"22.11.2012","0,15","0,15","0,15","0,15","676,20K","0,00%"
"21.11.2012","0,15","0,15","0,15","0,15","532,00K","0,00%"
"20.11.2012","0,15","0,15","0,15","0,15","9,77M","0,00%"
"19.11.2012","0,15","0,15","0,15","0,15","5,79M","5,26%"
"16.11.2012","0,14","0,15","0,15","0,14","4,86M","0,00%"
"15.11.2012","0,15","0,15","0,15","0,14","6,27M","0,00%"
"14.11.2012","0,15","0,15","0,15","0,15","1,13M","0,00%"
"13.11.2012","0,15","0,15","0,15","0,15","1,62M","0,00%"
"12.11.2012","0,15","0,15","0,15","0,15","1,56M","0,00%"
"09.11.2012","0,15","0,15","0,15","0,15","1,22M","0,00%"
"08.11.2012","0,15","0,16","0,16","0,15","2,11M","0,00%"
"07.11.2012","0,16","0,16","0,16","0,16","2,13M","-4,55%"
"06.11.2012","0,16","0,16","0,16","0,16","1,32M","0,00%"
"05.11.2012","0,16","0,16","0,16","0,16","1,31M","0,00%"
"02.11.2012","0,16","0,16","0,17","0,16","2,70M","0,00%"
"01.11.2012","0,16","0,16","0,16","0,16","603,00K","3,71%"
"31.10.2012","0,16","0,16","0,16","0,16","801,60K","0,00%"
"30.10.2012","0,16","0,16","0,16","0,16","78,80K","0,00%"
"29.10.2012","0,16","0,16","0,16","0,16","654,40K","0,00%"
"26.10.2012","0,16","0,16","0,16","0,16","1,17M","0,00%"
"25.10.2012","0,16","0,16","0,16","0,16","501,60K","0,00%"
"24.10.2012","0,16","0,16","0,16","0,16","1,15M","0,00%"
"23.10.2012","0,16","0,16","0,16","0,16","1,05M","0,00%"
"22.10.2012","0,16","0,16","0,16","0,16","2,72M","0,00%"
"19.10.2012","0,16","0,17","0,17","0,16","1,43M","-4,20%"
"18.10.2012","0,17","0,17","0,17","0,17","821,20K","0,00%"
"17.10.2012","0,17","0,17","0,17","0,17","3,99M","0,00%"
"16.10.2012","0,17","0,17","0,17","0,17","301,80K","0,00%"
"15.10.2012","0,17","0,17","0,17","0,17","3,04M","0,00%"
"12.10.2012","0,17","0,17","0,17","0,17","4,75M","0,00%"
"11.10.2012","0,17","0,17","0,17","0,17","7,94M","0,00%"
"10.10.2012","0,17","0,17","0,17","0,17","2,55M","0,00%"
"09.10.2012","0,17","0,18","0,18","0,17","6,49M","0,00%"
"08.10.2012","0,17","0,18","0,18","0,17","5,03M","-2,84%"
"05.10.2012","0,18","0,18","0,18","0,18","4,07M","0,00%"
"04.10.2012","0,18","0,18","0,18","0,18","9,17M","0,00%"
"03.10.2012","0,18","0,18","0,18","0,18","376,20K","0,00%"
"02.10.2012","0,18","0,18","0,18","0,18","7,87M","0,00%"
"01.10.2012","0,18","0,18","0,18","0,18","6,26M","0,00%"
"28.09.2012","0,18","0,18","0,18","0,18","4,89M","0,00%"
"27.09.2012","0,18","0,18","0,18","0,18","4,00M","0,00%"
"26.09.2012","0,18","0,18","0,18","0,17","7,41M","-4,75%"
"25.09.2012","0,18","0,18","0,18","0,18","1,26M","0,00%"
"24.09.2012","0,18","0,18","0,18","0,18","1,84M","0,00%"
"21.09.2012","0,19","0,19","0,19","0,18","718,00K","0,00%"
"20.09.2012","0,18","0,18","0,18","0,18","6,43M","0,00%"
"19.09.2012","0,18","0,18","0,18","0,18","4,48M","0,00%"
"18.09.2012","0,18","0,18","0,18","0,18","1,02M","0,00%"
"17.09.2012","0,18","0,18","0,18","0,18","3,03M","0,00%"
"14.09.2012","0,18","0,18","0,18","0,18","3,73M","0,00%"
"13.09.2012","0,18","0,18","0,18","0,18","1,59M","0,00%"
"12.09.2012","0,18","0,18","0,18","0,18","2,04M","0,00%"
"11.09.2012","0,18","0,18","0,18","0,18","2,00M","0,00%"
"10.09.2012","0,18","0,18","0,18","0,18","747,40K","0,00%"
"07.09.2012","0,18","0,19","0,19","0,18","2,75M","0,00%"
"06.09.2012","0,18","0,18","0,18","0,18","1,76M","2,95%"
"05.09.2012","0,18","0,18","0,18","0,18","1,44M","0,00%"
"04.09.2012","0,18","0,18","0,18","0,18","1,33M","0,00%"
"03.09.2012","0,18","0,18","0,18","0,18","4,46M","0,00%"
"31.08.2012","0,18","0,18","0,18","0,18","3,47M","0,00%"
"30.08.2012","0,18","0,18","0,18","0,18","2,04M","0,00%"
"29.08.2012","0,18","0,18","0,18","0,18","6,15M","0,00%"
"28.08.2012","0,18","0,18","0,18","0,18","816,00K","0,00%"
"27.08.2012","0,18","0,18","0,18","0,18","4,83M","0,00%"
"24.08.2012","0,18","0,18","0,18","0,18","9,02M","0,00%"
"23.08.2012","0,18","0,18","0,18","0,18","7,41M","0,00%"
"22.08.2012","0,18","0,18","0,18","0,18","7,82M","0,00%"
"21.08.2012","0,18","0,18","0,18","0,18","7,60M","0,00%"
"20.08.2012","0,18","0,18","0,18","0,18","2,37M","0,00%"
"17.08.2012","0,18","0,18","0,18","0,18","7,02M","0,00%"
"16.08.2012","0,18","0,18","0,18","0,18","4,05M","0,00%"
"15.08.2012","0,18","0,18","0,18","0,18","793,80K","0,00%"
"14.08.2012","0,18","0,18","0,18","0,18","996,20K","0,00%"
"13.08.2012","0,17","0,18","0,18","0,17","2,98M","0,00%"
"10.08.2012","0,18","0,18","0,18","0,17","706,60K","0,00%"
"09.08.2012","0,18","0,18","0,18","0,17","2,22M","0,00%"
"08.08.2012","0,18","0,17","0,18","0,17","4,47M","0,00%"
"07.08.2012","0,17","0,17","0,17","0,17","16,18M","0,00%"
"06.08.2012","0,17","0,17","0,17","0,17","6,52M","0,00%"
"03.08.2012","0,17","0,17","0,17","0,17","17,56M","0,00%"
"02.08.2012","0,17","0,17","0,17","0,16","15,67M","0,00%"
"01.08.2012","0,17","0,17","0,17","0,17","1,95M","0,00%"
"31.07.2012","0,17","0,17","0,17","0,17","11,32M","0,00%"
"30.07.2012","0,17","0,17","0,17","0,17","26,47M","0,00%"
"27.07.2012","0,16","0,16","0,16","0,16","7,46M","0,00%"
"26.07.2012","0,16","0,16","0,16","0,16","31,50M","0,00%"
"25.07.2012","0,16","0,16","0,16","0,16","4,63M","-3,17%"
"24.07.2012","0,16","0,16","0,16","0,16","10,62M","0,00%"
"23.07.2012","0,16","0,16","0,16","0,16","18,84M","-4,40%"
"20.07.2012","0,17","0,17","0,17","0,17","5,94M","0,00%"
"19.07.2012","0,17","0,17","0,17","0,17","10,98M","0,00%"
"18.07.2012","0,16","0,16","0,16","0,16","18,81M","3,76%"
"17.07.2012","0,16","0,16","0,16","0,16","3,95M","0,00%"
"16.07.2012","0,16","0,16","0,16","0,16","1,97M","0,00%"
"13.07.2012","0,16","0,16","0,16","0,16","17,36M","0,00%"
"12.07.2012","0,15","0,16","0,16","0,15","1,38M","0,00%"
"11.07.2012","0,16","0,16","0,16","0,16","802,80K","0,00%"
"10.07.2012","0,16","0,16","0,17","0,16","1,41M","0,00%"
"09.07.2012","0,16","0,16","0,16","0,16","1,08M","0,00%"
"06.07.2012","0,16","0,17","0,17","0,16","4,34M","-3,20%"
"05.07.2012","0,17","0,16","0,17","0,16","1,78M","0,00%"
"04.07.2012","0,16","0,16","0,16","0,16","799,00K","0,00%"
"03.07.2012","0,16","0,16","0,16","0,16","1,17M","0,00%"
"02.07.2012","0,16","0,16","0,16","0,16","11,28M","0,00%"
"29.06.2012","0,16","0,15","0,16","0,15","20,73M","3,88%"
"28.06.2012","0,15","0,16","0,16","0,15","8,84M","-3,22%"
"27.06.2012","0,16","0,15","0,16","0,15","2,91M","0,00%"
"26.06.2012","0,15","0,15","0,15","0,15","405,60K","0,00%"
"25.06.2012","0,15","0,15","0,16","0,15","5,16M","0,00%"
"22.06.2012","0,15","0,15","0,16","0,15","5,13M","0,00%"
"21.06.2012","0,16","0,16","0,16","0,16","3,94M","0,00%"
"20.06.2012","0,16","0,16","0,16","0,16","882,60K","0,00%"
"19.06.2012","0,16","0,16","0,16","0,16","837,00K","0,00%"
"18.06.2012","0,16","0,15","0,16","0,15","4,06M","0,00%"
"15.06.2012","0,15","0,15","0,15","0,15","10,45M","0,00%"
"14.06.2012","0,15","0,15","0,15","0,15","5,38M","0,00%"
"13.06.2012","0,15","0,15","0,15","0,15","11,30M","0,00%"
"12.06.2012","0,15","0,15","0,15","0,15","1,06M","0,00%"
"11.06.2012","0,15","0,16","0,16","0,15","5,66M","0,00%"
"08.06.2012","0,15","0,15","0,15","0,15","5,45M","0,00%"
"07.06.2012","0,15","0,15","0,15","0,15","2,02M","0,00%"
"06.06.2012","0,15","0,15","0,15","0,15","3,71M","4,09%"
"05.06.2012","0,15","0,15","0,15","0,14","13,14M","0,00%"
"04.06.2012","0,14","0,14","0,14","0,14","7,84M","0,00%"
"01.06.2012","0,15","0,15","0,15","0,15","1,69M","-3,82%"
"31.05.2012","0,15","0,15","0,15","0,15","3,30M","0,00%"
"30.05.2012","0,15","0,15","0,15","0,15","786,60K","0,00%"
"29.05.2012","0,15","0,15","0,16","0,15","2,98M","0,00%"
"28.05.2012","0,15","0,15","0,15","0,15","6,39M","0,00%"
"25.05.2012","0,15","0,15","0,15","0,15","4,50M","0,00%"
"24.05.2012","0,15","0,15","0,15","0,15","2,25M","0,00%"
"23.05.2012","0,15","0,15","0,15","0,15","2,22M","0,00%"
"22.05.2012","0,15","0,15","0,15","0,15","8,71M","4,01%"
"21.05.2012","0,15","0,14","0,15","0,14","2,66M","0,00%"
"18.05.2012","0,15","0,15","0,15","0,15","4,25M","0,00%"
"17.05.2012","0,15","0,15","0,15","0,15","3,14M","0,00%"
"16.05.2012","0,15","0,15","0,16","0,15","3,10M","0,00%"
"15.05.2012","0,16","0,16","0,16","0,16","5,95M","0,00%"
"14.05.2012","0,16","0,16","0,16","0,15","2,90M","0,00%"
"11.05.2012","0,16","0,16","0,16","0,16","1,12M","0,00%"
"10.05.2012","0,16","0,16","0,16","0,16","8,40M","0,00%"
"09.05.2012","0,16","0,16","0,16","0,15","14,28M","0,00%"
"08.05.2012","0,15","0,16","0,16","0,15","21,07M","0,00%"
"07.05.2012","0,16","0,15","0,16","0,15","17,26M","0,00%"
"04.05.2012","0,16","0,16","0,16","0,16","2,04M","-4,90%"
"03.05.2012","0,17","0,17","0,17","0,17","4,95M","0,00%"
"02.05.2012","0,17","0,17","0,17","0,16","2,74M","0,00%"
"30.04.2012","0,17","0,17","0,17","0,17","1,56M","0,00%"
"27.04.2012","0,17","0,17","0,17","0,17","3,32M","0,00%"
"26.04.2012","0,16","0,16","0,17","0,16","6,74M","0,00%"
"25.04.2012","0,16","0,16","0,16","0,16","4,03M","3,72%"
"24.04.2012","0,16","0,16","0,16","0,16","14,79M","0,00%"
"23.04.2012","0,16","0,16","0,16","0,16","5,93M","-4,20%"
"20.04.2012","0,16","0,16","0,16","0,16","3,74M","0,00%"
"19.04.2012","0,17","0,17","0,17","0,17","5,97M","0,00%"
"18.04.2012","0,17","0,17","0,17","0,17","3,53M","0,00%"
"17.04.2012","0,17","0,16","0,17","0,16","3,81M","0,00%"
"16.04.2012","0,16","0,16","0,17","0,16","15,12M","0,00%"
"13.04.2012","0,17","0,17","0,17","0,17","7,43M","0,00%"
"12.04.2012","0,17","0,17","0,17","0,17","4,66M","0,00%"
"11.04.2012","0,17","0,17","0,17","0,17","7,09M","0,00%"
"10.04.2012","0,17","0,17","0,17","0,17","3,92M","0,00%"
"05.04.2012","0,17","0,17","0,17","0,17","4,81M","0,00%"
"04.04.2012","0,17","0,17","0,17","0,17","5,52M","0,00%"
"03.04.2012","0,17","0,17","0,17","0,17","3,10M","0,00%"
"02.04.2012","0,17","0,17","0,17","0,17","1,14M","0,00%"
"30.03.2012","0,17","0,17","0,17","0,17","2,80M","0,00%"
"29.03.2012","0,17","0,17","0,17","0,17","5,22M","0,00%"
"28.03.2012","0,17","0,17","0,17","0,17","2,84M","0,00%"
"27.03.2012","0,17","0,17","0,17","0,17","7,96M","0,00%"
"26.03.2012","0,17","0,17","0,17","0,17","5,85M","0,00%"
"23.03.2012","0,17","0,17","0,17","0,17","2,40M","0,00%"
"22.03.2012","0,17","0,17","0,17","0,17","5,74M","0,00%"
"21.03.2012","0,17","0,17","0,17","0,17","5,63M","0,00%"
"20.03.2012","0,17","0,17","0,17","0,17","3,39M","0,00%"
"19.03.2012","0,17","0,17","0,17","0,17","3,62M","0,00%"
"16.03.2012","0,17","0,17","0,17","0,17","2,89M","0,00%"
"15.03.2012","0,17","0,17","0,17","0,17","4,58M","0,00%"
"14.03.2012","0,17","0,17","0,17","0,16","8,19M","0,00%"
"13.03.2012","0,16","0,16","0,16","0,16","6,91M","0,00%"
"12.03.2012","0,16","0,16","0,16","0,16","2,05M","0,00%"
"09.03.2012","0,16","0,16","0,16","0,16","4,15M","0,00%"
"08.03.2012","0,15","0,15","0,16","0,15","5,78M","0,00%"
"07.03.2012","0,15","0,15","0,15","0,15","1,90M","0,00%"
"06.03.2012","0,15","0,15","0,15","0,15","7,64M","0,00%"
"05.03.2012","0,15","0,16","0,16","0,15","2,68M","0,00%"
"02.03.2012","0,16","0,16","0,16","0,16","1,51M","0,00%"
"01.03.2012","0,15","0,15","0,16","0,15","2,49M","0,00%"
"29.02.2012","0,15","0,15","0,15","0,15","2,42M","0,00%"
"28.02.2012","0,15","0,15","0,15","0,15","774,40K","0,00%"
"27.02.2012","0,15","0,15","0,15","0,15","8,61M","0,00%"
"24.02.2012","0,15","0,15","0,15","0,15","3,85M","0,00%"
"23.02.2012","0,15","0,15","0,15","0,15","4,65M","0,00%"
"22.02.2012","0,15","0,15","0,15","0,15","2,46M","0,00%"
"21.02.2012","0,15","0,15","0,15","0,15","873,60K","0,00%"
"20.02.2012","0,15","0,15","0,15","0,15","5,30M","0,00%"
"17.02.2012","0,15","0,15","0,15","0,15","4,69M","0,00%"
"16.02.2012","0,15","0,15","0,15","0,15","1,81M","0,00%"
"15.02.2012","0,15","0,15","0,15","0,15","8,09M","0,00%"
"14.02.2012","0,15","0,15","0,15","0,15","4,23M","0,00%"
"13.02.2012","0,15","0,15","0,15","0,15","4,43M","0,00%"
"10.02.2012","0,15","0,15","0,15","0,15","3,59M","0,00%"
"09.02.2012","0,15","0,14","0,15","0,14","6,26M","0,00%"
"08.02.2012","0,14","0,14","0,14","0,14","4,61M","0,00%"
"07.02.2012","0,14","0,15","0,15","0,14","4,65M","0,00%"
"06.02.2012","0,14","0,14","0,14","0,14","2,47M","0,00%"
"03.02.2012","0,14","0,14","0,14","0,14","1,09M","0,00%"
"02.02.2012","0,14","0,14","0,14","0,14","10,80M","0,00%"
"01.02.2012","0,14","0,14","0,14","0,14","3,04M","0,00%"
"31.01.2012","0,14","0,14","0,14","0,14","3,61M","0,00%"
"30.01.2012","0,14","0,14","0,14","0,13","4,13M","0,00%"
"27.01.2012","0,14","0,14","0,14","0,14","4,48M","0,00%"
"26.01.2012","0,14","0,14","0,14","0,14","3,36M","0,00%"
"25.01.2012","0,14","0,14","0,14","0,14","1,99M","0,00%"
"24.01.2012","0,14","0,14","0,14","0,13","7,06M","0,00%"
"23.01.2012","0,14","0,14","0,14","0,14","1,27M","0,00%"
"20.01.2012","0,14","0,14","0,14","0,14","1,91M","0,00%"
"19.01.2012","0,14","0,14","0,14","0,14","7,29M","0,00%"
"18.01.2012","0,13","0,13","0,14","0,13","2,95M","0,00%"
"17.01.2012","0,13","0,13","0,13","0,13","2,61M","0,00%"
"16.01.2012","0,13","0,13","0,13","0,13","1,43M","0,00%"
"13.01.2012","0,13","0,13","0,13","0,13","4,44M","0,00%"
"12.01.2012","0,13","0,13","0,13","0,13","2,88M","0,00%"
"11.01.2012","0,13","0,13","0,13","0,13","1,95M","0,00%"
"10.01.2012","0,13","0,13","0,13","0,13","5,14M","0,00%"
"09.01.2012","0,13","0,13","0,13","0,13","2,66M","0,00%"
"06.01.2012","0,13","0,13","0,13","0,13","3,19M","0,00%"
"05.01.2012","0,13","0,12","0,13","0,12","3,13M","0,00%"
"04.01.2012","0,12","0,12","0,12","0,12","1,45M","0,00%"
"03.01.2012","0,12","0,12","0,12","0,12","3,63M","0,00%"
"02.01.2012","0,12","0,12","0,12","0,12","567,20K","0,00%"
"30.12.2011","0,12","0,12","0,12","0,12","6,49M","0,00%"
"29.12.2011","0,12","0,12","0,12","0,12","780,20K","0,00%"
"28.12.2011","0,12","0,12","0,12","0,12","8,71M","0,00%"
"27.12.2011","0,12","0,12","0,12","0,12","1,68M","0,00%"
"23.12.2011","0,12","0,12","0,12","0,12","3,56M","0,00%"
"22.12.2011","0,12","0,12","0,12","0,12","4,25M","0,00%"
"21.12.2011","0,11","0,12","0,12","0,11","19,44M","0,00%"
"20.12.2011","0,12","0,11","0,12","0,11","847,00K","0,00%"
"19.12.2011","0,11","0,11","0,12","0,11","407,60K","0,00%"
"16.12.2011","0,12","0,11","0,12","0,11","2,12M","0,00%"
"15.12.2011","0,11","0,11","0,12","0,11","30,39M","0,00%"
"14.12.2011","0,11","0,12","0,12","0,11","7,73M","-5,16%"
"13.12.2011","0,12","0,12","0,12","0,12","689,60K","0,00%"
"12.12.2011","0,12","0,12","0,12","0,12","1,35M","0,00%"
"09.12.2011","0,12","0,12","0,12","0,12","2,75M","0,00%"
"08.12.2011","0,12","0,12","0,12","0,12","2,91M","0,00%"
"07.12.2011","0,12","0,12","0,12","0,12","2,04M","0,00%"
"06.12.2011","0,12","0,12","0,12","0,12","8,96M","0,00%"
"05.12.2011","0,12","0,12","0,12","0,12","4,10M","0,00%"
"02.12.2011","0,12","0,12","0,12","0,12","7,67M","0,00%"
"01.12.2011","0,12","0,12","0,12","0,12","1,47M","0,00%"
"30.11.2011","0,12","0,11","0,12","0,11","8,50M","0,00%"
"29.11.2011","0,11","0,11","0,11","0,11","3,57M","0,00%"
"28.11.2011","0,11","0,11","0,11","0,11","7,13M","0,00%"
"25.11.2011","0,11","0,11","0,11","0,11","1,28M","0,00%"
"24.11.2011","0,11","0,11","0,11","0,11","531,40K","0,00%"
"23.11.2011","0,11","0,11","0,11","0,11","5,81M","0,00%"
"22.11.2011","0,11","0,11","0,11","0,11","2,67M","0,00%"
"21.11.2011","0,11","0,11","0,11","0,11","18,56M","-6,09%"
"18.11.2011","0,12","0,12","0,12","0,11","1,48M","0,00%"
"17.11.2011","0,12","0,12","0,12","0,12","1,80M","-5,09%"
"16.11.2011","0,13","0,12","0,13","0,12","4,94M","0,00%"
"15.11.2011","0,12","0,12","0,12","0,12","437,00K","0,00%"
"14.11.2011","0,12","0,12","0,12","0,12","2,47M","0,00%"
"11.11.2011","0,12","0,12","0,12","0,12","244,60K","0,00%"
"10.11.2011","0,12","0,12","0,12","0,12","4,79M","0,00%"
"09.11.2011","0,12","0,13","0,13","0,12","13,90M","0,00%"
"08.11.2011","0,12","0,12","0,13","0,12","2,30M","0,00%"
"07.11.2011","0,12","0,12","0,12","0,12","832,80K","0,00%"
"04.11.2011","0,12","0,12","0,12","0,12","4,99M","0,00%"
"03.11.2011","0,12","0,12","0,12","0,12","1,88M","0,00%"
"02.11.2011","0,12","0,12","0,12","0,12","2,33M","0,00%"
"01.11.2011","0,12","0,12","0,12","0,12","6,75M","-4,37%"
"31.10.2011","0,12","0,12","0,12","0,12","1,71M","0,00%"
"28.10.2011","0,12","0,12","0,12","0,12","2,32M","0,00%"
"27.10.2011","0,12","0,12","0,12","0,12","3,90M","0,00%"
"26.10.2011","0,12","0,12","0,12","0,12","2,53M","0,00%"
"25.10.2011","0,12","0,12","0,12","0,12","1,22M","0,00%"
"24.10.2011","0,12","0,12","0,12","0,12","3,32M","0,00%"
"21.10.2011","0,12","0,12","0,12","0,12","4,09M","0,00%"
"20.10.2011","0,12","0,12","0,12","0,12","3,13M","-4,45%"
"19.10.2011","0,12","0,12","0,12","0,12","1,55M","0,00%"
"18.10.2011","0,12","0,12","0,12","0,12","5,11M","0,00%"
"17.10.2011","0,12","0,13","0,13","0,12","3,47M","0,00%"
"14.10.2011","0,12","0,12","0,12","0,12","1,60M","0,00%"
"13.10.2011","0,12","0,12","0,12","0,12","10,22M","0,00%"
"12.10.2011","0,12","0,12","0,12","0,12","39,00M","0,00%"
"11.10.2011","0,12","0,12","0,12","0,12","7,21M","0,00%"
"10.10.2011","0,12","0,11","0,12","0,11","3,84M","4,68%"
"07.10.2011","0,11","0,11","0,11","0,11","1,05M","0,00%"
"06.10.2011","0,11","0,11","0,11","0,11","2,51M","0,00%"
"05.10.2011","0,11","0,10","0,11","0,10","7,27M","5,97%"
"04.10.2011","0,10","0,10","0,10","0,10","6,88M","-4,74%"
"03.10.2011","0,11","0,10","0,11","0,10","14,20M","0,00%"
"30.09.2011","0,11","0,11","0,11","0,11","11,13M","0,00%"
"29.09.2011","0,11","0,11","0,12","0,11","6,72M","0,00%"
"28.09.2011","0,11","0,12","0,12","0,11","33,61M","0,00%"
"27.09.2011","0,12","0,11","0,12","0,11","37,70M","5,87%"
"26.09.2011","0,11","0,11","0,11","0,11","8,64M","0,00%"
"23.09.2011","0,11","0,11","0,11","0,11","28,13M","0,00%"
"22.09.2011","0,11","0,11","0,11","0,11","13,55M","-7,00%"
"21.09.2011","0,12","0,12","0,12","0,12","21,92M","0,00%"
"20.09.2011","0,12","0,12","0,12","0,12","17,06M","0,00%"
"19.09.2011","0,12","0,12","0,12","0,12","26,08M","0,00%"
"16.09.2011","0,12","0,12","0,12","0,12","16,20M","0,00%"
"15.09.2011","0,11","0,11","0,12","0,11","7,18M","0,00%"
"14.09.2011","0,11","0,11","0,11","0,11","6,41M","0,00%"
"13.09.2011","0,11","0,11","0,11","0,11","5,56M","0,00%"
"12.09.2011","0,11","0,10","0,11","0,10","6,20M","0,00%"
"09.09.2011","0,11","0,11","0,11","0,11","4,94M","0,00%"
"08.09.2011","0,11","0,11","0,11","0,11","10,78M","0,00%"
"07.09.2011","0,11","0,10","0,11","0,10","5,62M","5,92%"
"06.09.2011","0,10","0,10","0,10","0,10","9,95M","0,00%"
"05.09.2011","0,10","0,10","0,10","0,10","35,40M","0,00%"
"02.09.2011","0,10","0,11","0,11","0,10","8,87M","-5,22%"
"01.09.2011","0,11","0,11","0,11","0,11","15,60M","0,00%"
"31.08.2011","0,11","0,11","0,11","0,11","5,31M","0,00%"
"30.08.2011","0,11","0,10","0,11","0,10","1,69M","0,00%"
"29.08.2011","0,10","0,10","0,10","0,10","6,88M","0,00%"
"26.08.2011","0,10","0,10","0,10","0,09","13,36M","0,00%"
"25.08.2011","0,10","0,10","0,10","0,10","1,79M","0,00%"
"24.08.2011","0,10","0,10","0,10","0,09","3,64M","0,00%"
"23.08.2011","0,09","0,09","0,09","0,09","5,86M","0,00%"
"22.08.2011","0,09","0,09","0,09","0,09","12,67M","0,00%"
"19.08.2011","0,09","0,09","0,09","0,09","38,50M","0,00%"
"18.08.2011","0,09","0,10","0,10","0,09","9,40M","-8,45%"
"17.08.2011","0,10","0,10","0,10","0,10","47,80M","0,00%"
"16.08.2011","0,10","0,10","0,11","0,10","5,54M","0,00%"
"15.08.2011","0,10","0,10","0,10","0,10","7,73M","0,00%"
"12.08.2011","0,10","0,10","0,10","0,10","18,96M","0,00%"
"11.08.2011","0,10","0,10","0,10","0,09","2,84M","0,00%"
"10.08.2011","0,10","0,10","0,10","0,09","19,50M","0,00%"
"09.08.2011","0,10","0,09","0,10","0,09","21,69M","0,00%"
"08.08.2011","0,10","0,10","0,10","0,10","23,83M","-5,97%"
"05.08.2011","0,11","0,11","0,11","0,10","29,27M","-6,18%"
"04.08.2011","0,11","0,12","0,12","0,11","32,08M","0,00%"
"03.08.2011","0,12","0,12","0,12","0,11","68,22M","-4,20%"
"02.08.2011","0,12","0,12","0,12","0,12","14,49M","0,00%"
"01.08.2011","0,12","0,13","0,13","0,12","27,58M","0,00%"
"29.07.2011","0,12","0,12","0,12","0,12","18,98M","0,00%"
"28.07.2011","0,13","0,12","0,13","0,12","4,15M","0,00%"
"27.07.2011","0,13","0,13","0,13","0,12","7,31M","0,00%"
"26.07.2011","0,13","0,13","0,13","0,13","13,53M","0,00%"
"25.07.2011","0,13","0,13","0,13","0,13","9,71M","0,00%"
"22.07.2011","0,13","0,13","0,13","0,13","8,18M","0,00%"
"21.07.2011","0,13","0,13","0,13","0,12","29,00M","0,00%"
"20.07.2011","0,13","0,13","0,13","0,13","11,29M","0,00%"
"19.07.2011","0,13","0,12","0,13","0,12","9,07M","0,00%"
"18.07.2011","0,12","0,12","0,12","0,12","8,14M","0,00%"
"15.07.2011","0,12","0,12","0,12","0,12","394,80K","0,00%"
"14.07.2011","0,12","0,12","0,12","0,12","3,58M","0,00%"
"13.07.2011","0,13","0,13","0,13","0,12","11,22M","0,00%"
"12.07.2011","0,13","0,13","0,13","0,12","22,52M","0,00%"
"11.07.2011","0,13","0,13","0,13","0,13","16,38M","0,00%"
"08.07.2011","0,13","0,13","0,13","0,13","8,27M","0,00%"
"07.07.2011","0,13","0,13","0,13","0,13","9,01M","0,00%"
"06.07.2011","0,12","0,12","0,12","0,12","12,34M","0,00%"
"05.07.2011","0,12","0,12","0,12","0,12","3,41M","0,00%"
"04.07.2011","0,12","0,12","0,12","0,12","15,00M","0,00%"
"01.07.2011","0,12","0,12","0,12","0,12","11,08M","0,00%"
"30.06.2011","0,12","0,12","0,12","0,11","5,57M","0,00%"
"29.06.2011","0,12","0,11","0,12","0,11","4,30M","0,00%"
"28.06.2011","0,11","0,11","0,11","0,11","4,87M","0,00%"
"27.06.2011","0,11","0,11","0,11","0,11","4,11M","0,00%"
"24.06.2011","0,11","0,11","0,11","0,11","10,54M","0,00%"
"23.06.2011","0,11","0,11","0,11","0,11","3,36M","0,00%"
"22.06.2011","0,11","0,11","0,11","0,11","6,77M","0,00%"
"21.06.2011","0,11","0,11","0,11","0,11","5,13M","0,00%"
"20.06.2011","0,11","0,11","0,11","0,11","5,01M","0,00%"
"17.06.2011","0,11","0,11","0,11","0,11","2,24M","0,00%"
"16.06.2011","0,11","0,11","0,11","0,11","11,96M","0,00%"
"15.06.2011","0,11","0,11","0,11","0,11","3,17M","0,00%"
"14.06.2011","0,11","0,11","0,11","0,11","13,37M","0,00%"
"13.06.2011","0,11","0,11","0,11","0,11","968,20K","0,00%"
"10.06.2011","0,11","0,11","0,11","0,11","2,96M","0,00%"
"09.06.2011","0,11","0,11","0,11","0,11","16,41M","0,00%"
"08.06.2011","0,11","0,11","0,11","0,11","5,06M","0,00%"
"07.06.2011","0,11","0,11","0,11","0,11","8,35M","0,00%"
"06.06.2011","0,11","0,11","0,11","0,11","11,50M","0,00%"
"03.06.2011","0,12","0,12","0,12","0,12","1,27M","0,00%"
"02.06.2011","0,12","0,12","0,12","0,12","3,01M","0,00%"
"01.06.2011","0,12","0,12","0,12","0,12","4,10M","0,00%"
"31.05.2011","0,12","0,12","0,12","0,12","13,45M","0,00%"
"30.05.2011","0,12","0,12","0,12","0,12","665,80K","0,00%"
"27.05.2011","0,12","0,12","0,12","0,12","1,47M","0,00%"
"26.05.2011","0,12","0,12","0,12","0,12","3,82M","0,00%"
"25.05.2011","0,12","0,12","0,12","0,12","4,41M","0,00%"
"24.05.2011","0,12","0,12","0,12","0,12","2,11M","0,00%"
"23.05.2011","0,12","0,12","0,12","0,12","6,34M","0,00%"
"20.05.2011","0,12","0,12","0,12","0,12","716,40K","0,00%"
"19.05.2011","0,12","0,12","0,13","0,12","8,65M","0,00%"
"18.05.2011","0,12","0,12","0,12","0,12","1,58M","0,00%"
"17.05.2011","0,12","0,12","0,12","0,12","7,12M","0,00%"
"16.05.2011","0,12","0,13","0,13","0,12","5,66M","0,00%"
"13.05.2011","0,13","0,13","0,13","0,13","5,36M","0,00%"
"12.05.2011","0,13","0,13","0,13","0,13","2,74M","0,00%"
"11.05.2011","0,13","0,13","0,13","0,13","2,43M","0,00%"
"10.05.2011","0,13","0,13","0,13","0,13","6,45M","0,00%"
"09.05.2011","0,13","0,13","0,13","0,12","1,28M","0,00%"
"06.05.2011","0,13","0,12","0,13","0,12","1,42M","0,00%"
"05.05.2011","0,12","0,12","0,12","0,12","4,63M","0,00%"
"04.05.2011","0,12","0,12","0,12","0,12","8,03M","0,00%"
"03.05.2011","0,12","0,12","0,12","0,12","6,67M","0,00%"
"02.05.2011","0,12","0,13","0,13","0,12","3,33M","0,00%"
"29.04.2011","0,12","0,12","0,12","0,12","5,90M","0,00%"
"28.04.2011","0,12","0,12","0,12","0,12","10,31M","0,00%"
"27.04.2011","0,12","0,12","0,12","0,12","1,57M","0,00%"
"26.04.2011","0,12","0,12","0,12","0,12","1,92M","0,00%"
"21.04.2011","0,12","0,12","0,12","0,12","4,60M","0,00%"
"20.04.2011","0,12","0,12","0,12","0,12","4,81M","4,47%"
"19.04.2011","0,12","0,12","0,12","0,12","3,01M","0,00%"
"18.04.2011","0,11","0,12","0,12","0,11","5,76M","0,00%"
"15.04.2011","0,12","0,12","0,12","0,12","5,53M","0,00%"
"14.04.2011","0,12","0,12","0,12","0,12","870,60K","0,00%"
"13.04.2011","0,12","0,12","0,12","0,12","2,11M","0,00%"
"12.04.2011","0,12","0,12","0,12","0,11","5,18M","0,00%"
"11.04.2011","0,12","0,12","0,12","0,12","2,21M","0,00%"
"08.04.2011","0,12","0,12","0,12","0,12","1,74M","0,00%"
"07.04.2011","0,12","0,12","0,12","0,12","3,50M","0,00%"
"06.04.2011","0,12","0,12","0,12","0,12","13,39M","0,00%"
"05.04.2011","0,12","0,12","0,12","0,12","4,99M","0,00%"
"04.04.2011","0,12","0,12","0,12","0,12","4,91M","0,00%"
"01.04.2011","0,12","0,12","0,12","0,12","8,44M","0,00%"
"31.03.2011","0,12","0,12","0,12","0,12","13,25M","0,00%"
"30.03.2011","0,12","0,12","0,12","0,12","4,35M","0,00%"
"29.03.2011","0,12","0,12","0,12","0,12","1,58M","0,00%"
"28.03.2011","0,12","0,12","0,12","0,12","5,07M","0,00%"
"25.03.2011","0,12","0,12","0,12","0,12","7,88M","0,00%"
"24.03.2011","0,12","0,12","0,12","0,12","15,55M","0,00%"
"23.03.2011","0,11","0,11","0,12","0,11","9,79M","0,00%"
"22.03.2011","0,11","0,11","0,11","0,11","8,33M","0,00%"
"21.03.2011","0,11","0,11","0,12","0,11","10,83M","0,00%"
"18.03.2011","0,11","0,11","0,11","0,11","5,46M","0,00%"
"17.03.2011","0,11","0,11","0,11","0,11","14,78M","0,00%"
"16.03.2011","0,11","0,12","0,12","0,11","9,29M","0,00%"
"15.03.2011","0,12","0,12","0,12","0,11","15,76M","0,00%"
"14.03.2011","0,12","0,12","0,12","0,12","9,14M","0,00%"
"11.03.2011","0,12","0,12","0,12","0,12","14,87M","0,00%"
"10.03.2011","0,12","0,12","0,12","0,12","7,23M","0,00%"
"09.03.2011","0,12","0,12","0,12","0,12","7,15M","0,00%"
"08.03.2011","0,13","0,12","0,13","0,12","9,61M","0,00%"
"07.03.2011","0,12","0,13","0,13","0,12","18,60M","0,00%"
"04.03.2011","0,13","0,13","0,13","0,13","8,76M","0,00%"
"03.03.2011","0,13","0,12","0,13","0,12","3,42M","0,00%"
"02.03.2011","0,12","0,12","0,13","0,12","6,71M","0,00%"
"01.03.2011","0,13","0,13","0,13","0,13","8,97M","0,00%"
"28.02.2011","0,13","0,13","0,13","0,13","8,09M","0,00%"
"25.02.2011","0,13","0,12","0,13","0,12","6,90M","0,00%"
"24.02.2011","0,12","0,12","0,12","0,12","14,79M","0,00%"
"23.02.2011","0,12","0,13","0,13","0,12","17,92M","-4,56%"
"22.02.2011","0,13","0,13","0,13","0,13","11,73M","0,00%"
"21.02.2011","0,13","0,13","0,13","0,13","10,14M","0,00%"
"18.02.2011","0,13","0,13","0,13","0,13","1,67M","0,00%"
"17.02.2011","0,13","0,13","0,13","0,13","5,09M","0,00%"
"16.02.2011","0,14","0,13","0,14","0,13","3,99M","0,00%"
"15.02.2011","0,13","0,13","0,13","0,13","3,23M","0,00%"
"14.02.2011","0,13","0,13","0,13","0,13","7,44M","0,00%"
"11.02.2011","0,13","0,13","0,13","0,13","13,88M","0,00%"
"10.02.2011","0,13","0,13","0,13","0,13","6,50M","0,00%"
"09.02.2011","0,13","0,13","0,13","0,13","11,14M","0,00%"
"08.02.2011","0,13","0,13","0,13","0,13","6,36M","0,00%"
"07.02.2011","0,13","0,13","0,13","0,13","7,62M","0,00%"
"04.02.2011","0,13","0,13","0,13","0,13","4,76M","0,00%"
"03.02.2011","0,13","0,12","0,13","0,12","3,63M","0,00%"
"02.02.2011","0,12","0,12","0,13","0,12","7,14M","0,00%"
"01.02.2011","0,12","0,12","0,12","0,12","8,34M","0,00%"
"31.01.2011","0,12","0,12","0,12","0,12","10,51M","0,00%"
"28.01.2011","0,12","0,13","0,13","0,12","37,80M","0,00%"
"27.01.2011","0,13","0,13","0,13","0,12","1,52M","0,00%"
"26.01.2011","0,12","0,12","0,13","0,12","3,27M","0,00%"
"25.01.2011","0,12","0,12","0,12","0,12","6,19M","0,00%"
"24.01.2011","0,12","0,12","0,12","0,12","6,13M","0,00%"
"21.01.2011","0,12","0,12","0,12","0,12","5,20M","0,00%"
"20.01.2011","0,12","0,13","0,13","0,12","23,36M","0,00%"
"19.01.2011","0,13","0,13","0,13","0,13","23,38M","0,00%"
"18.01.2011","0,13","0,13","0,13","0,13","24,90M","0,00%"
"17.01.2011","0,13","0,13","0,13","0,13","31,37M","0,00%"
"14.01.2011","0,13","0,13","0,13","0,13","11,95M","0,00%"
"13.01.2011","0,13","0,13","0,13","0,13","10,09M","0,00%"
"12.01.2011","0,13","0,13","0,13","0,13","13,39M","0,00%"
"11.01.2011","0,13","0,13","0,13","0,13","11,32M","0,00%"
"10.01.2011","0,13","0,13","0,13","0,13","14,03M","0,00%"
"07.01.2011","0,13","0,13","0,13","0,13","11,45M","0,00%"
"06.01.2011","0,13","0,13","0,13","0,13","7,48M","0,00%"
"05.01.2011","0,12","0,12","0,12","0,12","12,18M","0,00%"
"04.01.2011","0,12","0,12","0,12","0,12","11,16M","0,00%"
"03.01.2011","0,12","0,12","0,12","0,12","13,51M","0,00%"
"31.12.2010","0,12","0,12","0,12","0,12","812,20K","0,00%"
"30.12.2010","0,12","0,12","0,12","0,12","5,53M","0,00%"
"29.12.2010","0,12","0,12","0,12","0,12","7,56M","0,00%"
"28.12.2010","0,12","0,12","0,12","0,12","4,61M","0,00%"
"27.12.2010","0,12","0,12","0,12","0,12","13,61M","0,00%"
"24.12.2010","0,12","0,12","0,12","0,12","9,80M","0,00%"
"23.12.2010","0,12","0,12","0,12","0,12","7,00M","0,00%"
"22.12.2010","0,12","0,12","0,12","0,12","10,97M","0,00%"
"21.12.2010","0,12","0,12","0,12","0,12","6,26M","0,00%"
"20.12.2010","0,12","0,12","0,12","0,12","7,31M","0,00%"
"17.12.2010","0,12","0,12","0,12","0,12","17,75M","0,00%"
"16.12.2010","0,12","0,12","0,12","0,12","18,34M","0,00%"
"15.12.2010","0,12","0,12","0,12","0,12","5,16M","0,00%"
"14.12.2010","0,12","0,12","0,12","0,12","4,53M","0,00%"
"13.12.2010","0,12","0,12","0,12","0,12","6,40M","0,00%"
"10.12.2010","0,12","0,12","0,12","0,12","4,68M","0,00%"
"09.12.2010","0,12","0,12","0,12","0,12","2,63M","0,00%"
"08.12.2010","0,12","0,12","0,12","0,12","10,46M","0,00%"
"07.12.2010","0,12","0,12","0,12","0,12","9,17M","0,00%"
"06.12.2010","0,12","0,11","0,12","0,11","1,75M","0,00%"
"03.12.2010","0,11","0,12","0,12","0,11","13,01M","0,00%"
"02.12.2010","0,11","0,11","0,12","0,11","12,57M","0,00%"
"01.12.2010","0,11","0,11","0,11","0,11","10,56M","0,00%"
"30.11.2010","0,11","0,11","0,11","0,11","16,20M","0,00%"
"29.11.2010","0,11","0,11","0,11","0,11","10,95M","0,00%"
"26.11.2010","0,11","0,11","0,11","0,11","5,80M","0,00%"
"25.11.2010","0,11","0,11","0,11","0,11","3,73M","0,00%"
"24.11.2010","0,11","0,11","0,11","0,11","16,00M","5,38%"
"23.11.2010","0,11","0,11","0,11","0,11","8,74M","0,00%"
"22.11.2010","0,11","0,11","0,11","0,11","6,79M","0,00%"
"19.11.2010","0,11","0,11","0,11","0,11","4,21M","0,00%"
"18.11.2010","0,11","0,11","0,11","0,11","9,52M","0,00%"
"17.11.2010","0,10","0,10","0,11","0,10","2,33M","0,00%"
"16.11.2010","0,10","0,11","0,11","0,10","19,21M","0,00%"
"15.11.2010","0,11","0,11","0,11","0,11","11,57M","0,00%"
"12.11.2010","0,11","0,11","0,11","0,11","3,59M","0,00%"
"11.11.2010","0,11","0,11","0,11","0,11","11,43M","0,00%"
"10.11.2010","0,11","0,11","0,11","0,11","6,45M","0,00%"
"09.11.2010","0,11","0,11","0,11","0,11","9,52M","0,00%"
"08.11.2010","0,11","0,11","0,11","0,11","6,29M","0,00%"
"05.11.2010","0,11","0,11","0,11","0,11","8,05M","0,00%"
"04.11.2010","0,11","0,11","0,11","0,11","4,89M","0,00%"
"03.11.2010","0,10","0,11","0,11","0,10","9,56M","0,00%"
"02.11.2010","0,11","0,10","0,11","0,10","1,76M","0,00%"
"01.11.2010","0,10","0,10","0,11","0,10","3,18M","0,00%"
"29.10.2010","0,10","0,10","0,11","0,10","4,37M","0,00%"
"28.10.2010","0,10","0,10","0,11","0,10","2,25M","0,00%"
"27.10.2010","0,10","0,10","0,10","0,10","8,78M","0,00%"
"26.10.2010","0,10","0,10","0,10","0,10","5,86M","0,00%"
"25.10.2010","0,10","0,10","0,10","0,10","11,02M","0,00%"
"22.10.2010","0,10","0,10","0,10","0,10","3,45M","0,00%"
"21.10.2010","0,10","0,10","0,10","0,10","397,60K","0,00%"
"20.10.2010","0,10","0,10","0,10","0,10","4,37M","0,00%"
"19.10.2010","0,10","0,10","0,10","0,10","3,33M","0,00%"
"18.10.2010","0,10","0,10","0,10","0,10","12,55M","0,00%"
"15.10.2010","0,10","0,10","0,10","0,10","6,00M","0,00%"
"14.10.2010","0,10","0,10","0,10","0,10","2,82M","0,00%"
"13.10.2010","0,10","0,10","0,10","0,10","6,89M","0,00%"
"12.10.2010","0,10","0,09","0,10","0,09","563,60K","0,00%"
"11.10.2010","0,10","0,09","0,10","0,09","1,40M","0,00%"
"08.10.2010","0,09","0,09","0,09","0,09","161,80K","0,00%"
"07.10.2010","0,09","0,09","0,09","0,09","1,67M","0,00%"
"06.10.2010","0,09","0,09","0,10","0,09","1,02M","0,00%"
"05.10.2010","0,09","0,09","0,09","0,09","2,21M","0,00%"
"04.10.2010","0,09","0,09","0,09","0,09","6,31M","0,00%"
"01.10.2010","0,09","0,09","0,09","0,09","3,17M","0,00%"
"30.09.2010","0,09","0,10","0,10","0,09","7,11M","0,00%"
"29.09.2010","0,10","0,10","0,10","0,09","2,86M","0,00%"
"28.09.2010","0,10","0,10","0,10","0,09","11,57M","0,00%"
"27.09.2010","0,10","0,10","0,10","0,10","11,48M","0,00%"
"24.09.2010","0,10","0,10","0,10","0,09","7,08M","0,00%"
"23.09.2010","0,10","0,09","0,10","0,09","2,16M","0,00%"
"22.09.2010","0,09","0,10","0,10","0,09","6,72M","0,00%"
"21.09.2010","0,10","0,10","0,10","0,10","6,01M","0,00%"
"20.09.2010","0,10","0,09","0,10","0,09","6,73M","0,00%"
"17.09.2010","0,09","0,09","0,09","0,09","5,52M","0,00%"
"16.09.2010","0,09","0,09","0,09","0,09","4,31M","0,00%"
"15.09.2010","0,09","0,09","0,09","0,09","6,17M","0,00%"
"14.09.2010","0,09","0,09","0,09","0,09","3,83M","0,00%"
"13.09.2010","0,09","0,09","0,09","0,09","6,21M","0,00%"
"10.09.2010","0,09","0,09","0,09","0,09","1,38M","0,00%"
"09.09.2010","0,09","0,09","0,09","0,09","5,76M","0,00%"
"08.09.2010","0,09","0,09","0,09","0,09","10,64M","0,00%"
"07.09.2010","0,09","0,09","0,09","0,09","6,07M","0,00%"
"06.09.2010","0,09","0,09","0,09","0,09","4,01M","0,00%"
"03.09.2010","0,09","0,08","0,09","0,08","11,45M","0,00%"
"02.09.2010","0,08","0,08","0,08","0,08","596,60K","0,00%"
"01.09.2010","0,08","0,08","0,08","0,08","13,59M","0,00%"
"31.08.2010","0,08","0,08","0,08","0,08","4,26M","0,00%"
"30.08.2010","0,08","0,08","0,08","0,08","1,13M","0,00%"
"27.08.2010","0,08","0,08","0,08","0,08","15,95M","0,00%"
"26.08.2010","0,08","0,08","0,08","0,08","5,44M","0,00%"
"25.08.2010","0,08","0,08","0,08","0,08","11,27M","0,00%"
"24.08.2010","0,08","0,08","0,08","0,08","18,85M","0,00%"
"23.08.2010","0,08","0,09","0,09","0,08","40,40M","0,00%"
"20.08.2010","0,08","0,08","0,08","0,08","2,08M","0,00%"
"19.08.2010","0,08","0,09","0,09","0,08","542,20K","0,00%"
"18.08.2010","0,09","0,08","0,09","0,08","9,31M","0,00%"
"17.08.2010","0,09","0,08","0,09","0,08","448,40K","0,00%"
"16.08.2010","0,08","0,08","0,08","0,08","1,74M","0,00%"
"13.08.2010","0,08","0,09","0,09","0,08","597,60K","0,00%"
"12.08.2010","0,08","0,08","0,08","0,08","5,99M","0,00%"
"11.08.2010","0,09","0,09","0,09","0,08","4,05M","0,00%"
"10.08.2010","0,09","0,09","0,09","0,09","6,20M","0,00%"
"09.08.2010","0,09","0,09","0,09","0,09","5,06M","0,00%"
"06.08.2010","0,09","0,09","0,09","0,09","2,08M","0,00%"
"05.08.2010","0,09","0,09","0,09","0,09","1,92M","0,00%"
"04.08.2010","0,09","0,09","0,09","0,09","2,17M","0,00%"
"03.08.2010","0,09","0,09","0,09","0,09","576,40K","0,00%"
"02.08.2010","0,09","0,09","0,09","0,09","2,19M","0,00%"
"30.07.2010","0,09","0,08","0,09","0,08","7,35M","0,00%"
"29.07.2010","0,08","0,09","0,09","0,08","26,30M","0,00%"
"28.07.2010","0,09","0,09","0,09","0,09","3,99M","0,00%"
"27.07.2010","0,09","0,09","0,09","0,09","5,72M","0,00%"
"26.07.2010","0,09","0,09","0,09","0,09","1,46M","0,00%"
"23.07.2010","0,09","0,09","0,09","0,09","3,59M","0,00%"
"22.07.2010","0,09","0,08","0,09","0,08","4,19M","0,00%"
"21.07.2010","0,08","0,09","0,09","0,08","15,92M","0,00%"
"20.07.2010","0,08","0,08","0,08","0,08","4,52M","0,00%"
"19.07.2010","0,08","0,08","0,08","0,08","5,82M","0,00%"
"16.07.2010","0,08","0,09","0,09","0,08","6,79M","0,00%"
"15.07.2010","0,08","0,09","0,09","0,08","3,57M","0,00%"
"14.07.2010","0,09","0,09","0,09","0,09","11,94M","0,00%"
"13.07.2010","0,09","0,09","0,09","0,09","12,03M","0,00%"
"12.07.2010","0,08","0,08","0,09","0,08","3,15M","0,00%"
"09.07.2010","0,08","0,08","0,08","0,08","2,78M","0,00%"
"08.07.2010","0,08","0,08","0,08","0,08","10,63M","0,00%"
"07.07.2010","0,08","0,08","0,08","0,08","8,15M","0,00%"
"06.07.2010","0,08","0,08","0,08","0,08","4,69M","0,00%"
"05.07.2010","0,08","0,08","0,08","0,08","3,04M","0,00%"
"02.07.2010","0,08","0,08","0,08","0,08","9,70M","0,00%"
"01.07.2010","0,08","0,08","0,08","0,08","7,82M","-7,01%"
"30.06.2010","0,08","0,08","0,08","0,08","2,30M","0,00%"
"29.06.2010","0,08","0,09","0,09","0,08","7,92M","-6,25%"
"28.06.2010","0,09","0,09","0,09","0,09","5,73M","0,00%"
"25.06.2010","0,09","0,09","0,09","0,09","2,01M","0,00%"
"24.06.2010","0,09","0,09","0,09","0,09","9,30M","0,00%"
"23.06.2010","0,09","0,09","0,09","0,09","4,77M","0,00%"
"22.06.2010","0,10","0,10","0,10","0,09","3,00M","0,00%"
"21.06.2010","0,10","0,10","0,10","0,10","10,21M","0,00%"
"18.06.2010","0,10","0,10","0,10","0,10","4,43M","0,00%"
"17.06.2010","0,10","0,10","0,10","0,09","8,45M","0,00%"
"16.06.2010","0,10","0,09","0,10","0,09","13,07M","0,00%"
"15.06.2010","0,09","0,09","0,09","0,09","5,32M","0,00%"
"14.06.2010","0,09","0,09","0,09","0,09","8,25M","0,00%"
"11.06.2010","0,09","0,09","0,09","0,09","6,65M","0,00%"
"10.06.2010","0,09","0,09","0,09","0,09","3,27M","0,00%"
"09.06.2010","0,09","0,09","0,09","0,09","6,63M","0,00%"
"08.06.2010","0,09","0,09","0,09","0,09","6,45M","0,00%"
"07.06.2010","0,09","0,09","0,09","0,09","4,75M","0,00%"
"04.06.2010","0,09","0,10","0,10","0,09","21,87M","0,00%"
"03.06.2010","0,10","0,09","0,10","0,09","9,20M","0,00%"
"02.06.2010","0,09","0,09","0,09","0,09","2,90M","0,00%"
"01.06.2010","0,09","0,09","0,09","0,09","3,64M","0,00%"
"31.05.2010","0,09","0,09","0,09","0,09","956,60K","0,00%"
"28.05.2010","0,09","0,09","0,09","0,09","18,20M","0,00%"
"27.05.2010","0,09","0,09","0,09","0,09","14,25M","0,00%"
"26.05.2010","0,09","0,09","0,09","0,09","19,30M","6,53%"
"25.05.2010","0,08","0,08","0,08","0,08","6,97M","0,00%"
"24.05.2010","0,09","0,09","0,09","0,09","12,53M","0,00%"
"21.05.2010","0,09","0,09","0,09","0,08","28,97M","0,00%"
"20.05.2010","0,09","0,09","0,09","0,09","25,98M","0,00%"
"19.05.2010","0,09","0,09","0,10","0,09","11,08M","0,00%"
"18.05.2010","0,10","0,10","0,10","0,10","21,53M","0,00%"
"17.05.2010","0,10","0,10","0,10","0,10","6,07M","0,00%"
"14.05.2010","0,10","0,10","0,10","0,09","10,65M","-5,34%"
"13.05.2010","0,10","0,10","0,10","0,10","11,94M","0,00%"
"12.05.2010","0,10","0,10","0,10","0,10","7,32M","0,00%"
"11.05.2010","0,10","0,10","0,10","0,09","10,16M","0,00%"
"10.05.2010","0,10","0,09","0,10","0,09","39,79M","7,39%"
"07.05.2010","0,09","0,09","0,09","0,09","22,74M","-8,33%"
"06.05.2010","0,10","0,10","0,10","0,10","12,41M","0,00%"
"05.05.2010","0,10","0,10","0,10","0,10","21,39M","0,00%"
"04.05.2010","0,10","0,10","0,10","0,10","10,20M","-5,07%"
"03.05.2010","0,10","0,10","0,10","0,10","5,85M","0,00%"
"30.04.2010","0,10","0,10","0,10","0,10","5,33M","0,00%"
"29.04.2010","0,10","0,10","0,10","0,10","12,98M","0,00%"
"28.04.2010","0,10","0,10","0,10","0,10","14,05M","0,00%"
"27.04.2010","0,10","0,10","0,10","0,10","7,93M","0,00%"
"26.04.2010","0,10","0,10","0,11","0,10","9,71M","0,00%"
"23.04.2010","0,10","0,10","0,10","0,10","7,90M","0,00%"
"22.04.2010","0,10","0,10","0,10","0,10","8,44M","0,00%"
"21.04.2010","0,10","0,10","0,10","0,10","9,43M","0,00%"
"20.04.2010","0,10","0,10","0,10","0,10","12,33M","0,00%"
"19.04.2010","0,10","0,10","0,10","0,10","9,71M","0,00%"
"16.04.2010","0,10","0,10","0,10","0,10","14,73M","0,00%"
"15.04.2010","0,10","0,10","0,10","0,10","9,91M","0,00%"
"14.04.2010","0,10","0,10","0,10","0,10","9,56M","0,00%"
"13.04.2010","0,10","0,10","0,10","0,10","9,17M","0,00%"
"12.04.2010","0,10","0,10","0,10","0,10","11,48M","0,00%"
"09.04.2010","0,10","0,10","0,10","0,10","11,69M","0,00%"
"08.04.2010","0,10","0,10","0,10","0,10","7,30M","0,00%"
"07.04.2010","0,10","0,10","0,10","0,10","3,55M","0,00%"
"06.04.2010","0,10","0,10","0,10","0,09","3,84M","0,00%"
"01.04.2010","0,09","0,09","0,10","0,09","7,32M","0,00%"
"31.03.2010","0,09","0,10","0,10","0,09","9,25M","0,00%"
"30.03.2010","0,09","0,09","0,10","0,09","4,99M","0,00%"
"29.03.2010","0,09","0,09","0,10","0,09","4,77M","0,00%"
"26.03.2010","0,09","0,10","0,10","0,09","10,15M","0,00%"
"25.03.2010","0,10","0,09","0,10","0,09","7,14M","0,00%"
"24.03.2010","0,09","0,09","0,10","0,09","10,73M","0,00%"
"23.03.2010","0,09","0,09","0,09","0,09","2,37M","0,00%"
"22.03.2010","0,09","0,09","0,09","0,09","49,25M","0,00%"
"19.03.2010","0,09","0,09","0,09","0,09","6,81M","0,00%"
"18.03.2010","0,09","0,09","0,09","0,09","2,32M","0,00%"
"17.03.2010","0,09","0,09","0,09","0,09","2,83M","0,00%"
"16.03.2010","0,09","0,09","0,09","0,09","2,96M","0,00%"
"15.03.2010","0,09","0,09","0,09","0,09","9,09M","0,00%"
"12.03.2010","0,09","0,09","0,09","0,09","20,47M","0,00%"
"11.03.2010","0,09","0,09","0,09","0,09","3,80M","0,00%"
"10.03.2010","0,09","0,09","0,09","0,09","3,18M","0,00%"
"09.03.2010","0,09","0,09","0,09","0,09","1,97M","0,00%"
"08.03.2010","0,09","0,09","0,09","0,09","2,74M","0,00%"
"05.03.2010","0,09","0,08","0,09","0,08","4,68M","0,00%"
"04.03.2010","0,08","0,08","0,08","0,08","2,57M","0,00%"
"03.03.2010","0,08","0,08","0,08","0,08","6,03M","0,00%"
"02.03.2010","0,08","0,08","0,08","0,08","5,11M","0,00%"
"01.03.2010","0,08","0,08","0,08","0,08","14,43M","0,00%"
"26.02.2010","0,08","0,08","0,08","0,08","2,75M","0,00%"
"25.02.2010","0,08","0,08","0,08","0,08","1,13M","0,00%"
"24.02.2010","0,08","0,08","0,08","0,08","1,16M","0,00%"
"23.02.2010","0,08","0,08","0,08","0,08","813,00K","0,00%"
"22.02.2010","0,08","0,08","0,08","0,08","5,90M","0,00%"
"19.02.2010","0,08","0,08","0,08","0,08","6,49M","0,00%"
"18.02.2010","0,08","0,08","0,08","0,08","1,38M","0,00%"
"17.02.2010","0,08","0,08","0,08","0,08","1,91M","0,00%"
"16.02.2010","0,08","0,08","0,08","0,08","6,89M","0,00%"
"15.02.2010","0,08","0,08","0,08","0,08","734,60K","0,00%"
"12.02.2010","0,08","0,08","0,08","0,07","690,20K","0,00%"
"11.02.2010","0,08","0,07","0,08","0,07","1,61M","0,00%"
"10.02.2010","0,07","0,07","0,07","0,07","4,16M","0,00%"
"09.02.2010","0,07","0,07","0,07","0,07","699,20K","0,00%"
"08.02.2010","0,07","0,07","0,07","0,07","5,40M","0,00%"
"05.02.2010","0,07","0,07","0,07","0,07","5,93M","0,00%"
"04.02.2010","0,07","0,08","0,08","0,07","2,37M","0,00%"
"03.02.2010","0,08","0,07","0,08","0,07","6,08M","0,00%"
"02.02.2010","0,07","0,07","0,07","0,07","14,97M","0,00%"
"01.02.2010","0,07","0,07","0,07","0,07","4,22M","0,00%"
"29.01.2010","0,07","0,08","0,08","0,07","13,98M","0,00%"
"28.01.2010","0,07","0,08","0,08","0,07","15,16M","0,00%"
"27.01.2010","0,08","0,08","0,08","0,08","919,00K","0,00%"
"26.01.2010","0,08","0,08","0,08","0,08","1,93M","0,00%"
"25.01.2010","0,08","0,08","0,08","0,08","8,39M","0,00%"
"22.01.2010","0,08","0,08","0,08","0,08","15,86M","0,00%"
"21.01.2010","0,08","0,08","0,08","0,08","653,60K","0,00%"
"20.01.2010","0,08","0,08","0,08","0,08","1,18M","0,00%"
"19.01.2010","0,08","0,08","0,08","0,08","489,80K","0,00%"
"18.01.2010","0,08","0,08","0,08","0,08","7,75M","0,00%"
"15.01.2010","0,08","0,08","0,08","0,08","9,54M","0,00%"
"14.01.2010","0,08","0,08","0,08","0,08","1,07M","0,00%"
"13.01.2010","0,08","0,08","0,08","0,08","3,71M","0,00%"
"12.01.2010","0,08","0,08","0,08","0,08","12,97M","0,00%"
"11.01.2010","0,08","0,08","0,08","0,08","21,25M","0,00%"
"08.01.2010","0,08","0,08","0,08","0,08","13,35M","0,00%"
"07.01.2010","0,08","0,08","0,08","0,08","13,83M","0,00%"
"06.01.2010","0,08","0,08","0,08","0,08","2,26M","0,00%"
"05.01.2010","0,08","0,08","0,08","0,08","18,79M","0,00%"
"04.01.2010","0,08","0,08","0,08","0,08","19,97M","0,00%"
"31.12.2009","0,08","0,08","0,08","0,08","945,00K","0,00%"
"30.12.2009","0,08","0,08","0,08","0,08","6,19M","0,00%"
"29.12.2009","0,08","0,08","0,08","0,08","7,57M","0,00%"
"28.12.2009","0,08","0,08","0,08","0,08","11,55M","0,00%"
"24.12.2009","0,08","0,08","0,08","0,08","872,40K","0,00%"
"23.12.2009","0,08","0,08","0,08","0,08","5,51M","0,00%"
"22.12.2009","0,08","0,08","0,08","0,08","5,84M","0,00%"
"21.12.2009","0,08","0,08","0,08","0,08","3,29M","0,00%"
"18.12.2009","0,07","0,07","0,08","0,07","1,43M","0,00%"
"17.12.2009","0,07","0,07","0,07","0,07","6,76M","0,00%"
"16.12.2009","0,07","0,07","0,08","0,07","15,15M","0,00%"
"15.12.2009","0,08","0,07","0,08","0,07","1,61M","0,00%"
"14.12.2009","0,07","0,07","0,07","0,07","3,01M","0,00%"
"11.12.2009","0,07","0,07","0,07","0,07","9,58M","0,00%"
"10.12.2009","0,07","0,07","0,07","0,07","577,00K","0,00%"
"09.12.2009","0,07","0,07","0,07","0,07","2,89M","0,00%"
"08.12.2009","0,07","0,07","0,07","0,07","2,97M","0,00%"
"07.12.2009","0,07","0,07","0,07","0,07","6,69M","0,00%"
"04.12.2009","0,07","0,07","0,07","0,07","5,11M","0,00%"
"03.12.2009","0,07","0,07","0,07","0,07","835,20K","0,00%"
"02.12.2009","0,07","0,07","0,07","0,07","2,37M","0,00%"
"01.12.2009","0,07","0,07","0,07","0,07","5,74M","0,00%"
"30.11.2009","0,07","0,07","0,07","0,07","263,20K","0,00%"
"27.11.2009","0,07","0,07","0,07","0,07","10,56M","0,00%"
"26.11.2009","0,07","0,07","0,07","0,07","3,61M","0,00%"
"25.11.2009","0,07","0,07","0,07","0,07","7,03M","0,00%"
"24.11.2009","0,07","0,07","0,07","0,07","2,72M","0,00%"
"23.11.2009","0,07","0,07","0,07","0,07","2,27M","0,00%"
"20.11.2009","0,07","0,07","0,07","0,07","1,09M","0,00%"
"19.11.2009","0,07","0,07","0,07","0,07","3,81M","0,00%"
"18.11.2009","0,07","0,07","0,07","0,07","1,56M","0,00%"
"17.11.2009","0,07","0,07","0,07","0,07","535,00K","0,00%"
"16.11.2009","0,07","0,07","0,07","0,07","11,32M","0,00%"
"13.11.2009","0,07","0,07","0,07","0,07","6,65M","0,00%"
"12.11.2009","0,07","0,07","0,07","0,07","4,72M","0,00%"
"11.11.2009","0,07","0,07","0,07","0,07","2,97M","0,00%"
"10.11.2009","0,07","0,07","0,07","0,07","1,47M","0,00%"
"09.11.2009","0,07","0,07","0,07","0,07","5,27M","0,00%"
"06.11.2009","0,07","0,07","0,07","0,07","1,00M","0,00%"
"05.11.2009","0,07","0,06","0,07","0,06","1,46M","0,00%"
"04.11.2009","0,06","0,06","0,06","0,06","2,25M","0,00%"
"03.11.2009","0,06","0,06","0,06","0,06","2,32M","0,00%"
"02.11.2009","0,06","0,06","0,06","0,06","6,17M","0,00%"
"30.10.2009","0,06","0,07","0,07","0,06","4,11M","0,00%"
"29.10.2009","0,07","0,06","0,07","0,06","12,74M","0,00%"
"28.10.2009","0,06","0,07","0,07","0,06","4,95M","0,00%"
"27.10.2009","0,07","0,07","0,07","0,07","2,28M","0,00%"
"26.10.2009","0,07","0,07","0,07","0,07","5,02M","0,00%"
"23.10.2009","0,07","0,07","0,07","0,07","881,20K","0,00%"
"22.10.2009","0,07","0,07","0,07","0,07","4,66M","0,00%"
"21.10.2009","0,07","0,07","0,07","0,07","8,72M","0,00%"
"20.10.2009","0,07","0,07","0,07","0,07","7,92M","0,00%"
"19.10.2009","0,07","0,07","0,07","0,07","1,19M","0,00%"
"16.10.2009","0,07","0,07","0,07","0,07","4,91M","0,00%"
"15.10.2009","0,07","0,07","0,07","0,07","5,79M","0,00%"
"14.10.2009","0,07","0,07","0,07","0,07","2,60M","0,00%"
"13.10.2009","0,07","0,07","0,07","0,07","2,04M","0,00%"
"12.10.2009","0,07","0,07","0,07","0,07","6,52M","0,00%"
"09.10.2009","0,07","0,07","0,07","0,07","2,13M","0,00%"
"08.10.2009","0,07","0,07","0,07","0,07","3,10M","0,00%"
"07.10.2009","0,07","0,07","0,07","0,07","239,00K","0,00%"
"06.10.2009","0,07","0,06","0,07","0,06","9,79M","0,00%"
"05.10.2009","0,06","0,06","0,06","0,06","4,00M","0,00%"
"02.10.2009","0,06","0,06","0,06","0,06","5,89M","0,00%"
"01.10.2009","0,06","0,07","0,07","0,06","6,47M","0,00%"
"30.09.2009","0,07","0,07","0,07","0,07","474,20K","0,00%"
"29.09.2009","0,07","0,07","0,07","0,07","1,15M","0,00%"
"28.09.2009","0,07","0,07","0,07","0,07","46,74M","0,00%"
"25.09.2009","0,07","0,07","0,07","0,07","2,85M","0,00%"
"24.09.2009","0,07","0,07","0,07","0,07","3,20M","0,00%"
"23.09.2009","0,07","0,07","0,07","0,07","696,80K","0,00%"
"22.09.2009","0,07","0,07","0,07","0,07","2,76M","0,00%"
"21.09.2009","0,07","0,07","0,07","0,07","783,80K","0,00%"
"18.09.2009","0,07","0,07","0,07","0,07","1,82M","0,00%"
"17.09.2009","0,07","0,07","0,07","0,07","4,76M","0,00%"
"16.09.2009","0,07","0,07","0,07","0,07","2,65M","0,00%"
"15.09.2009","0,07","0,07","0,07","0,06","27,99M","0,00%"
"14.09.2009","0,07","0,07","0,07","0,06","2,70M","0,00%"
"11.09.2009","0,07","0,06","0,07","0,06","1,36M","0,00%"
"10.09.2009","0,06","0,06","0,06","0,06","2,44M","0,00%"
"09.09.2009","0,06","0,06","0,06","0,06","1,34M","0,00%"
"08.09.2009","0,06","0,06","0,06","0,06","4,21M","0,00%"
"07.09.2009","0,06","0,06","0,06","0,06","1,23M","0,00%"
"04.09.2009","0,06","0,06","0,06","0,06","786,80K","0,00%"
"03.09.2009","0,06","0,06","0,06","0,06","2,97M","0,00%"
"02.09.2009","0,06","0,06","0,06","0,06","703,20K","0,00%"
"01.09.2009","0,06","0,06","0,06","0,06","3,94M","0,00%"
"31.08.2009","0,06","0,06","0,06","0,06","2,01M","0,00%"
"28.08.2009","0,06","0,06","0,06","0,06","3,07M","0,00%"
"27.08.2009","0,06","0,06","0,06","0,06","2,90M","0,00%"
"26.08.2009","0,06","0,06","0,06","0,06","1,04M","0,00%"
"25.08.2009","0,06","0,06","0,06","0,06","1,65M","0,00%"
"24.08.2009","0,06","0,06","0,06","0,06","1,59M","0,00%"
"21.08.2009","0,06","0,06","0,06","0,06","4,38M","0,00%"
"20.08.2009","0,06","0,06","0,06","0,06","858,60K","0,00%"
"19.08.2009","0,06","0,06","0,06","0,06","933,20K","0,00%"
"18.08.2009","0,06","0,06","0,06","0,06","2,07M","0,00%"
"17.08.2009","0,06","0,06","0,06","0,06","4,62M","0,00%"
"14.08.2009","0,06","0,06","0,06","0,06","879,20K","0,00%"
"13.08.2009","0,06","0,06","0,06","0,06","4,03M","0,00%"
"12.08.2009","0,06","0,06","0,06","0,06","1,29M","0,00%"
"11.08.2009","0,06","0,06","0,06","0,06","784,00K","0,00%"
"10.08.2009","0,06","0,06","0,06","0,06","6,92M","0,00%"
"07.08.2009","0,06","0,06","0,06","0,06","3,88M","0,00%"
"06.08.2009","0,06","0,06","0,06","0,06","213,60K","0,00%"
"05.08.2009","0,06","0,06","0,06","0,06","5,98M","0,00%"
"04.08.2009","0,06","0,06","0,06","0,06","1,63M","0,00%"
"03.08.2009","0,06","0,06","0,06","0,06","3,73M","0,00%"
"31.07.2009","0,06","0,06","0,06","0,06","3,39M","0,00%"
"30.07.2009","0,06","0,06","0,06","0,06","2,58M","0,00%"
"29.07.2009","0,06","0,06","0,06","0,06","1,20M","0,00%"
"28.07.2009","0,06","0,06","0,06","0,06","9,30M","0,00%"
"27.07.2009","0,06","0,06","0,06","0,06","1,27M","0,00%"
"24.07.2009","0,06","0,06","0,06","0,06","5,25M","0,00%"
"23.07.2009","0,06","0,06","0,06","0,06","1,37M","0,00%"
"22.07.2009","0,06","0,06","0,06","0,06","5,06M","0,00%"
"21.07.2009","0,06","0,06","0,06","0,06","1,83M","0,00%"
"20.07.2009","0,06","0,06","0,06","0,06","4,28M","0,00%"
"17.07.2009","0,05","0,05","0,05","0,05","1,08M","0,00%"
"16.07.2009","0,05","0,05","0,05","0,05","1,46M","0,00%"
"15.07.2009","0,05","0,05","0,05","0,05","1,27M","0,00%"
"14.07.2009","0,05","0,05","0,05","0,05","1,07M","0,00%"
"13.07.2009","0,05","0,05","0,05","0,05","1,89M","0,00%"
"10.07.2009","0,05","0,05","0,05","0,05","3,38M","0,00%"
"09.07.2009","0,05","0,05","0,05","0,05","4,74M","0,00%"
"08.07.2009","0,05","0,05","0,05","0,05","7,99M","0,00%"
"07.07.2009","0,05","0,05","0,05","0,05","2,22M","0,00%"
"06.07.2009","0,05","0,05","0,05","0,05","4,87M","0,00%"
"03.07.2009","0,05","0,05","0,05","0,05","","0,00%"
"02.07.2009","0,05","0,05","0,05","0,05","1,92M","0,00%"
"01.07.2009","0,05","0,05","0,05","0,05","111,20K","0,00%"
"30.06.2009","0,05","0,05","0,05","0,05","186,80K","0,00%"
"29.06.2009","0,05","0,05","0,05","0,05","672,20K","0,00%"
"26.06.2009","0,05","0,05","0,05","0,05","877,60K","0,00%"
"25.06.2009","0,05","0,05","0,05","0,05","4,04M","0,00%"
"24.06.2009","0,05","0,05","0,05","0,05","4,82M","0,00%"
"23.06.2009","0,05","0,05","0,05","0,05","3,59M","0,00%"
"22.06.2009","0,05","0,05","0,05","0,05","2,85M","0,00%"
"19.06.2009","0,05","0,05","0,05","0,05","3,92M","0,00%"
"18.06.2009","0,05","0,05","0,05","0,05","4,82M","0,00%"
"17.06.2009","0,05","0,05","0,05","0,05","2,35M","0,00%"
"16.06.2009","0,05","0,05","0,05","0,05","1,62M","0,00%"
"15.06.2009","0,05","0,05","0,05","0,05","1,44M","0,00%"
"12.06.2009","0,05","0,05","0,05","0,05","1,91M","0,00%"
"11.06.2009","0,05","0,05","0,05","0,05","7,90M","0,00%"
"10.06.2009","0,05","0,06","0,06","0,05","2,72M","0,00%"
"09.06.2009","0,05","0,05","0,05","0,05","21,37M","0,00%"
"08.06.2009","0,05","0,05","0,05","0,05","48,62M","0,00%"
"05.06.2009","0,05","0,05","0,06","0,05","2,19M","0,00%"
"04.06.2009","0,05","0,05","0,05","0,05","1,83M","0,00%"
"03.06.2009","0,05","0,05","0,05","0,05","3,39M","0,00%"
"02.06.2009","0,05","0,05","0,05","0,05","1,68M","0,00%"
"01.06.2009","0,05","0,05","0,05","0,05","52,04M","0,00%"
"29.05.2009","0,05","0,05","0,05","0,05","50,55M","0,00%"
"28.05.2009","0,05","0,05","0,05","0,05","1,97M","0,00%"
"27.05.2009","0,05","0,05","0,05","0,05","1,66M","0,00%"
"26.05.2009","0,05","0,05","0,05","0,04","1,78M","0,00%"
"22.05.2009","0,05","0,05","0,05","0,04","2,25M","0,00%"
"21.05.2009","0,05","0,05","0,05","0,05","8,21M","0,00%"
"20.05.2009","0,05","0,05","0,05","0,05","8,73M","0,00%"
"19.05.2009","0,05","0,05","0,05","0,05","1,04M","0,00%"
"18.05.2009","0,05","0,05","0,05","0,05","1,54M","0,00%"
"15.05.2009","0,05","0,05","0,05","0,05","5,00M","0,00%"
"14.05.2009","0,05","0,05","0,05","0,05","192,40K","0,00%"
"13.05.2009","0,05","0,05","0,05","0,05","2,97M","0,00%"
"12.05.2009","0,05","0,05","0,05","0,05","563,80K","0,00%"
"11.05.2009","0,05","0,05","0,05","0,05","4,70M","0,00%"
"08.05.2009","0,05","0,05","0,05","0,05","10,19M","0,00%"
"07.05.2009","0,05","0,05","0,05","0,05","6,28M","0,00%"
"06.05.2009","0,05","0,05","0,05","0,05","3,43M","0,00%"
"05.05.2009","0,05","0,05","0,05","0,05","5,06M","0,00%"
"04.05.2009","0,05","0,05","0,05","0,05","8,90M","0,00%"
"30.04.2009","0,05","0,05","0,05","0,05","6,28M","0,00%"
"29.04.2009","0,05","0,05","0,05","0,05","524,80K","0,00%"
"28.04.2009","0,05","0,05","0,05","0,05","1,43M","0,00%"
"27.04.2009","0,05","0,05","0,05","0,05","10,82M","0,00%"
"24.04.2009","0,05","0,05","0,05","0,05","462,40K","0,00%"
"23.04.2009","0,05","0,05","0,05","0,05","5,26M","0,00%"
"22.04.2009","0,05","0,05","0,05","0,05","962,00K","0,00%"
"21.04.2009","0,05","0,05","0,05","0,05","1,91M","0,00%"
"20.04.2009","0,05","0,05","0,05","0,05","11,25M","0,00%"
"17.04.2009","0,05","0,05","0,05","0,05","1,40M","0,00%"
"16.04.2009","0,05","0,04","0,05","0,04","2,29M","0,00%"
"15.04.2009","0,04","0,04","0,04","0,04","1,92M","0,00%"
"14.04.2009","0,05","0,04","0,05","0,04","1,59M","0,00%"
"09.04.2009","0,05","0,04","0,05","0,04","3,65M","0,00%"
"08.04.2009","0,04","0,04","0,04","0,04","90,40K","0,00%"
"07.04.2009","0,04","0,04","0,04","0,04","1,33M","0,00%"
"06.04.2009","0,04","0,04","0,04","0,04","3,74M","0,00%"
"03.04.2009","0,04","0,04","0,04","0,04","439,00K","0,00%"
"02.04.2009","0,04","0,04","0,04","0,04","2,49M","0,00%"
"01.04.2009","0,04","0,04","0,04","0,04","70,00K","0,00%"
"31.03.2009","0,04","0,04","0,04","0,04","362,20K","0,00%"
"30.03.2009","0,04","0,04","0,04","0,04","3,32M","0,00%"
"27.03.2009","0,04","0,04","0,04","0,04","1,50M","0,00%"
"26.03.2009","0,04","0,04","0,04","0,04","227,80K","0,00%"
"25.03.2009","0,04","0,04","0,04","0,04","14,97M","0,00%"
"24.03.2009","0,04","0,04","0,04","0,04","8,51M","0,00%"
"23.03.2009","0,04","0,04","0,04","0,04","3,37M","0,00%"
"20.03.2009","0,04","0,04","0,04","0,04","2,28M","0,00%"
"19.03.2009","0,04","0,04","0,04","0,04","490,40K","0,00%"
"18.03.2009","0,04","0,04","0,04","0,04","8,15M","0,00%"
"17.03.2009","0,04","0,04","0,04","0,04","39,49M","0,00%"
"16.03.2009","0,04","0,04","0,04","0,04","589,60K","0,00%"
"13.03.2009","0,04","0,04","0,04","0,04","783,60K","0,00%"
"12.03.2009","0,04","0,03","0,04","0,03","16,68M","0,00%"
"11.03.2009","0,03","0,03","0,03","0,03","39,78M","0,00%"
"10.03.2009","0,03","0,03","0,03","0,03","4,62M","0,00%"
"09.03.2009","0,03","0,03","0,03","0,03","5,27M","0,00%"
"06.03.2009","0,03","0,03","0,03","0,03","1,25M","0,00%"
"05.03.2009","0,03","0,03","0,03","0,03","2,67M","0,00%"
"04.03.2009","0,03","0,03","0,03","0,03","3,82M","0,00%"
"03.03.2009","0,03","0,03","0,03","0,03","141,00K","0,00%"
"02.03.2009","0,03","0,03","0,03","0,03","841,20K","0,00%"
"27.02.2009","0,03","0,04","0,04","0,03","1,59M","0,00%"
"26.02.2009","0,04","0,04","0,04","0,04","110,20K","0,00%"
"25.02.2009","0,04","0,04","0,04","0,04","457,00K","0,00%"
"24.02.2009","0,04","0,04","0,04","0,04","156,00K","0,00%"
"23.02.2009","0,04","0,04","0,04","0,04","9,07M","0,00%"
"20.02.2009","0,04","0,04","0,04","0,04","603,60K","0,00%"
"19.02.2009","0,04","0,04","0,04","0,04","264,00K","0,00%"
"18.02.2009","0,04","0,04","0,04","0,04","8,34M","0,00%"
"17.02.2009","0,04","0,04","0,04","0,04","9,93M","0,00%"
"13.02.2009","0,04","0,04","0,04","0,04","183,20K","0,00%"
"12.02.2009","0,04","0,04","0,04","0,04","256,20K","0,00%"
"11.02.2009","0,04","0,04","0,04","0,04","168,40K","0,00%"
"10.02.2009","0,04","0,04","0,04","0,04","156,80K","0,00%"
"09.02.2009","0,04","0,04","0,04","0,04","284,20K","0,00%"
"06.02.2009","0,04","0,04","0,04","0,04","1,59M","0,00%"
"05.02.2009","0,04","0,04","0,04","0,04","166,20K","0,00%"
"04.02.2009","0,04","0,04","0,04","0,04","443,20K","0,00%"
"03.02.2009","0,04","0,04","0,04","0,04","2,80K","0,00%"
"02.02.2009","0,04","0,04","0,04","0,04","171,80K","0,00%"
"30.01.2009","0,04","0,04","0,04","0,04","38,00M","0,00%"
"29.01.2009","0,04","0,04","0,04","0,04","1,86M","0,00%"
"28.01.2009","0,04","0,04","0,04","0,04","629,40K","0,00%"
"27.01.2009","0,04","0,04","0,04","0,04","130,00K","0,00%"
"26.01.2009","0,04","0,04","0,04","0,04","700,20K","0,00%"
"23.01.2009","0,04","0,04","0,04","0,04","228,00K","0,00%"
"22.01.2009","0,04","0,04","0,04","0,04","381,00K","0,00%"
"21.01.2009","0,04","0,04","0,04","0,04","55,00K","0,00%"
"20.01.2009","0,04","0,04","0,04","0,04","324,00K","0,00%"
"16.01.2009","0,04","0,04","0,04","0,04","324,60K","0,00%"
"15.01.2009","0,04","0,04","0,04","0,03","9,29M","0,00%"
"14.01.2009","0,04","0,04","0,04","0,04","3,97M","0,00%"
"13.01.2009","0,04","0,04","0,04","0,04","2,58M","0,00%"
"12.01.2009","0,04","0,04","0,04","0,04","642,40K","0,00%"
"09.01.2009","0,04","0,04","0,04","0,04","14,99M","0,00%"
"08.01.2009","0,04","0,04","0,04","0,04","18,45M","0,00%"
"07.01.2009","0,04","0,04","0,04","0,04","668,60K","0,00%"
"06.01.2009","0,04","0,04","0,04","0,04","1,04M","0,00%"
"05.01.2009","0,04","0,04","0,04","0,04","88,58M","0,00%"
"02.01.2009","0,04","0,04","0,04","0,04","8,20K","0,00%"
"31.12.2008","0,04","0,04","0,04","0,04","0,20K","0,00%"
"30.12.2008","0,03","0,04","0,04","0,03","8,00M","0,00%"
"29.12.2008","0,03","0,04","0,04","0,03","778,60K","0,00%"
"24.12.2008","0,04","0,04","0,04","0,04","8,08M","0,00%"
"23.12.2008","0,04","0,04","0,04","0,04","689,40K","0,00%"
"22.12.2008","0,04","0,04","0,04","0,04","8,00M","0,00%"
"19.12.2008","0,04","0,04","0,04","0,04","323,40K","0,00%"
"18.12.2008","0,04","0,04","0,04","0,04","189,20K","0,00%"
"17.12.2008","0,04","0,04","0,04","0,04","6,84M","0,00%"
"16.12.2008","0,04","0,04","0,04","0,04","609,20K","0,00%"
"15.12.2008","0,04","0,04","0,04","0,04","237,20K","0,00%"
"12.12.2008","0,04","0,04","0,04","0,03","1,91M","0,00%"
"11.12.2008","0,04","0,04","0,04","0,04","1,19M","0,00%"
"10.12.2008","0,04","0,04","0,04","0,04","704,80K","0,00%"
"09.12.2008","0,04","0,04","0,04","0,04","43,93M","0,00%"
"08.12.2008","0,04","0,04","0,04","0,04","3,68M","15,93%"
"05.12.2008","0,03","0,04","0,04","0,03","478,80K","0,00%"
"04.12.2008","0,04","0,04","0,04","0,04","1,67M","0,00%"
"03.12.2008","0,04","0,04","0,04","0,03","532,00K","0,00%"
"02.12.2008","0,04","0,03","0,04","0,03","1,73M","0,00%"
"01.12.2008","0,04","0,04","0,04","0,04","3,39M","0,00%"
"28.11.2008","0,04","0,04","0,04","0,04","1,71M","0,00%"
"26.11.2008","0,04","0,04","0,04","0,04","2,72M","0,00%"
"25.11.2008","0,04","0,04","0,04","0,04","1,35M","0,00%"
"24.11.2008","0,04","0,03","0,04","0,03","7,24M","0,00%"
"21.11.2008","0,03","0,03","0,03","0,03","4,49M","0,00%"
"20.11.2008","0,04","0,03","0,04","0,03","4,76M","0,00%"
"19.11.2008","0,04","0,04","0,04","0,04","318,20K","0,00%"
"18.11.2008","0,04","0,04","0,04","0,04","10,56M","0,00%"
"17.11.2008","0,04","0,04","0,04","0,04","4,42M","0,00%"
"14.11.2008","0,04","0,04","0,04","0,04","250,80K","0,00%"
"13.11.2008","0,04","0,04","0,04","0,04","986,60K","0,00%"
"12.11.2008","0,04","0,04","0,04","0,04","352,20K","0,00%"
"11.11.2008","0,04","0,04","0,04","0,04","360,20K","0,00%"
"10.11.2008","0,05","0,05","0,05","0,05","644,80K","0,00%"
"07.11.2008","0,04","0,05","0,05","0,04","5,40M","0,00%"
"06.11.2008","0,05","0,05","0,05","0,04","11,93M","-11,18%"
"05.11.2008","0,05","0,05","0,05","0,05","1,13M","0,00%"
"04.11.2008","0,05","0,05","0,05","0,05","1,21M","0,00%"
"03.11.2008","0,05","0,05","0,05","0,05","4,00M","0,00%"
"31.10.2008","0,05","0,05","0,05","0,05","3,42M","0,00%"
"30.10.2008","0,05","0,05","0,05","0,05","3,85M","0,00%"
"29.10.2008","0,05","0,05","0,05","0,05","24,19M","18,90%"
"28.10.2008","0,04","0,04","0,04","0,04","3,42M","0,00%"
"27.10.2008","0,04","0,04","0,04","0,04","1,11M","0,00%"
"24.10.2008","0,04","0,04","0,04","0,04","524,80K","0,00%"
"23.10.2008","0,04","0,05","0,05","0,04","3,62M","0,00%"
"22.10.2008","0,05","0,05","0,05","0,04","5,09M","0,00%"
"21.10.2008","0,05","0,05","0,05","0,05","1,44M","0,00%"
"20.10.2008","0,05","0,05","0,05","0,05","858,60K","0,00%"
"17.10.2008","0,05","0,05","0,05","0,04","296,20K","21,47%"
"16.10.2008","0,04","0,04","0,04","0,04","2,94M","-15,25%"
"15.10.2008","0,05","0,05","0,05","0,05","1,14M","-10,61%"
"14.10.2008","0,05","0,06","0,06","0,05","16,52M","0,00%"
"13.10.2008","0,05","0,05","0,05","0,05","5,66M","15,98%"
"10.10.2008","0,04","0,04","0,04","0,04","1,33M","-11,70%"
"09.10.2008","0,05","0,05","0,05","0,05","958,20K","0,00%"
"08.10.2008","0,05","0,05","0,05","0,04","13,25M","0,00%"
"07.10.2008","0,05","0,05","0,05","0,05","1,21M","0,00%"
"06.10.2008","0,05","0,05","0,05","0,05","58,20K","-13,72%"
"03.10.2008","0,06","0,06","0,06","0,06","2,31M","0,00%"
"02.10.2008","0,06","0,06","0,06","0,06","17,21M","0,00%"
"01.10.2008","0,06","0,06","0,06","0,06","316,60K","0,00%"
"30.09.2008","0,06","0,06","0,06","0,06","6,71M","0,00%"
"29.09.2008","0,06","0,07","0,07","0,06","4,33M","0,00%"
"26.09.2008","0,07","0,07","0,07","0,06","5,61M","0,00%"
"25.09.2008","0,07","0,07","0,07","0,07","319,20K","0,00%"
"24.09.2008","0,07","0,07","0,07","0,07","4,95M","0,00%"
"23.09.2008","0,07","0,07","0,07","0,07","669,60K","0,00%"
"22.09.2008","0,07","0,07","0,07","0,07","1,47M","0,00%"
"19.09.2008","0,08","0,07","0,08","0,07","117,20K","13,04%"
"18.09.2008","0,07","0,07","0,07","0,07","19,79M","0,00%"
"17.09.2008","0,07","0,07","0,07","0,07","5,93M","0,00%"
"16.09.2008","0,07","0,07","0,07","0,07","163,40K","0,00%"
"15.09.2008","0,07","0,08","0,08","0,07","205,60K","0,00%"
"12.09.2008","0,08","0,08","0,08","0,08","5,02M","0,00%"
"11.09.2008","0,08","0,08","0,08","0,07","3,65M","0,00%"
"10.09.2008","0,08","0,08","0,08","0,07","360,20K","0,00%"
"09.09.2008","0,08","0,08","0,08","0,08","520,20K","0,00%"
"08.09.2008","0,08","0,08","0,08","0,08","561,20K","0,00%"
"05.09.2008","0,08","0,08","0,08","0,08","355,60K","0,00%"
"04.09.2008","0,08","0,08","0,08","0,08","500,00K","0,00%"
"03.09.2008","0,08","0,08","0,08","0,08","36,60K","0,00%"
"02.09.2008","0,09","0,08","0,09","0,08","320,60K","0,00%"
"29.08.2008","0,08","0,08","0,08","0,08","738,20K","0,00%"
"28.08.2008","0,09","0,08","0,09","0,08","1,24M","0,00%"
"27.08.2008","0,08","0,08","0,08","0,08","60,80K","0,00%"
"26.08.2008","0,08","0,08","0,08","0,08","246,20K","0,00%"
"25.08.2008","0,08","0,09","0,09","0,08","43,60K","0,00%"
"22.08.2008","0,09","0,08","0,09","0,08","149,00K","0,00%"
"21.08.2008","0,08","0,08","0,08","0,08","663,00K","0,00%"
"20.08.2008","0,09","0,09","0,09","0,09","701,40K","0,00%"
"19.08.2008","0,09","0,09","0,09","0,09","458,20K","0,00%"
"18.08.2008","0,09","0,09","0,09","0,09","181,00K","0,00%"
"15.08.2008","0,09","0,09","0,09","0,09","173,20K","0,00%"
"14.08.2008","0,09","0,09","0,09","0,09","12,60K","0,00%"
"13.08.2008","0,09","0,09","0,09","0,09","145,20K","0,00%"
"12.08.2008","0,09","0,09","0,09","0,09","268,60K","0,00%"
"11.08.2008","0,09","0,09","0,09","0,08","467,20K","0,00%"
"08.08.2008","0,08","0,08","0,08","0,08","66,20K","0,00%"
"07.08.2008","0,08","0,08","0,08","0,08","406,20K","0,00%"
"06.08.2008","0,08","0,08","0,08","0,08","358,00K","0,00%"
"05.08.2008","0,08","0,07","0,08","0,07","218,00K","0,00%"
"04.08.2008","0,07","0,07","0,07","0,07","0,20K","0,00%"
"01.08.2008","0,08","0,08","0,08","0,08","2,40K","0,00%"
"31.07.2008","0,08","0,08","0,08","0,08","3,04M","0,00%"
"30.07.2008","0,08","0,08","0,08","0,08","19,40K","0,00%"
"29.07.2008","0,08","0,07","0,08","0,07","193,80K","0,00%"
"28.07.2008","0,07","0,08","0,08","0,07","433,40K","0,00%"
"25.07.2008","0,08","0,07","0,08","0,07","4,23M","0,00%"
"24.07.2008","0,07","0,08","0,08","0,07","305,40K","0,00%"
"23.07.2008","0,08","0,07","0,08","0,07","218,20K","7,67%"
"22.07.2008","0,07","0,07","0,07","0,07","1,01M","0,00%"
"21.07.2008","0,07","0,07","0,07","0,07","698,20K","0,00%"
"18.07.2008","0,07","0,07","0,07","0,07","56,00K","0,00%"
"17.07.2008","0,07","0,07","0,08","0,07","472,20K","0,00%"
"16.07.2008","0,07","0,07","0,07","0,07","115,20K","0,00%"
"15.07.2008","0,07","0,07","0,07","0,07","21,00K","-7,99%"
"14.07.2008","0,07","0,07","0,07","0,07","26,60K","0,00%"
"11.07.2008","0,07","0,07","0,07","0,07","140,20K","0,00%"
"10.07.2008","0,07","0,07","0,07","0,07","6,00K","0,00%"
"09.07.2008","0,08","0,08","0,08","0,08","120,20K","0,00%"
"08.07.2008","0,07","0,07","0,07","0,07","0,20K","0,00%"
"07.07.2008","0,07","0,07","0,07","0,07","13,00K","0,00%"
"03.07.2008","0,07","0,07","0,07","0,07","124,20K","0,00%"
"02.07.2008","0,07","0,07","0,08","0,07","120,20K","0,00%"
"01.07.2008","0,07","0,07","0,07","0,07","306,80K","0,00%"
"30.06.2008","0,08","0,08","0,08","0,08","6,11M","0,00%"
"27.06.2008","0,08","0,08","0,08","0,08","1,44M","0,00%"
"26.06.2008","0,08","0,08","0,08","0,08","243,40K","-6,86%"
"25.06.2008","0,08","0,08","0,08","0,08","326,20K","0,00%"
"24.06.2008","0,08","0,08","0,08","0,08","25,20K","0,00%"
"23.06.2008","0,08","0,08","0,08","0,08","1,41M","0,00%"
"20.06.2008","0,08","0,09","0,09","0,08","442,60K","0,00%"
"19.06.2008","0,09","0,09","0,09","0,09","0,20K","0,00%"
"18.06.2008","0,09","0,09","0,09","0,09","48,20K","0,00%"
"17.06.2008","0,09","0,09","0,09","0,09","200,20K","0,00%"
"16.06.2008","0,09","0,09","0,09","0,09","2,20M","0,00%"
"13.06.2008","0,09","0,08","0,09","0,08","412,20K","0,00%"
"12.06.2008","0,09","0,08","0,09","0,08","1,21M","0,00%"
"11.06.2008","0,09","0,08","0,09","0,08","20,20K","0,00%"
"10.06.2008","0,08","0,08","0,08","0,08","269,60K","0,00%"
"09.06.2008","0,09","0,09","0,09","0,08","149,20K","0,00%"
"06.06.2008","0,09","0,09","0,09","0,09","271,60K","0,00%"
"05.06.2008","0,09","0,09","0,09","0,09","276,20K","0,00%"
"04.06.2008","0,09","0,09","0,09","0,09","272,40K","0,00%"
"03.06.2008","0,09","0,09","0,09","0,09","246,20K","0,00%"
"02.06.2008","0,09","0,09","0,09","0,09","160,00K","0,00%"
"30.05.2008","0,09","0,09","0,09","0,09","89,20K","0,00%"
"29.05.2008","0,09","0,09","0,09","0,09","39,20K","0,00%"
"28.05.2008","0,09","0,09","0,09","0,09","129,00K","0,00%"
"27.05.2008","0,08","0,08","0,08","0,08","447,00K","0,00%"
"23.05.2008","0,08","0,08","0,08","0,08","83,80K","0,00%"
"22.05.2008","0,08","0,08","0,08","0,08","220,60K","0,00%"
"21.05.2008","0,09","0,09","0,09","0,09","364,00K","0,00%"
"20.05.2008","0,09","0,09","0,09","0,09","488,00K","0,00%"
"19.05.2008","0,09","0,09","0,09","0,09","31,00K","0,00%"
"16.05.2008","0,09","0,09","0,09","0,09","262,40K","0,00%"
"15.05.2008","0,09","0,09","0,09","0,09","294,40K","0,00%"
"14.05.2008","0,09","0,09","0,09","0,09","258,60K","0,00%"
"13.05.2008","0,09","0,09","0,09","0,09","40,80K","0,00%"
"12.05.2008","0,09","0,09","0,09","0,09","358,40K","0,00%"
"09.05.2008","0,09","0,09","0,09","0,08","132,60K","0,00%"
"08.05.2008","0,09","0,09","0,09","0,08","3,99M","0,00%"
"07.05.2008","0,09","0,09","0,09","0,09","674,60K","0,00%"
"06.05.2008","0,09","0,09","0,09","0,09","67,60K","0,00%"
"05.05.2008","0,09","0,09","0,09","0,09","8,34M","0,00%"
"02.05.2008","0,09","0,09","0,09","0,09","15,64M","0,00%"
"30.04.2008","0,08","0,08","0,08","0,08","212,80K","0,00%"
"29.04.2008","0,08","0,08","0,08","0,08","343,20K","0,00%"
"28.04.2008","0,08","0,08","0,08","0,08","288,00K","0,00%"
"25.04.2008","0,08","0,08","0,08","0,08","500,40K","0,00%"
"24.04.2008","0,08","0,08","0,08","0,08","360,80K","0,00%"
"23.04.2008","0,08","0,08","0,08","0,08","821,60K","0,00%"
"22.04.2008","0,08","0,08","0,08","0,08","381,80K","0,00%"
"21.04.2008","0,08","0,08","0,08","0,08","6,51M","0,00%"
"18.04.2008","0,08","0,08","0,08","0,08","684,40K","7,23%"
"17.04.2008","0,07","0,08","0,08","0,07","618,20K","0,00%"
"16.04.2008","0,07","0,07","0,07","0,07","600,40K","0,00%"
"15.04.2008","0,07","0,07","0,07","0,07","2,61M","0,00%"
"14.04.2008","0,07","0,07","0,07","0,07","1,30M","0,00%"
"11.04.2008","0,07","0,08","0,08","0,07","70,20K","0,00%"
"10.04.2008","0,08","0,07","0,08","0,07","29,80K","0,00%"
"09.04.2008","0,07","0,08","0,08","0,07","295,00K","0,00%"
"08.04.2008","0,08","0,08","0,08","0,08","535,00K","0,00%"
"07.04.2008","0,08","0,08","0,08","0,08","831,40K","0,00%"
"04.04.2008","0,08","0,08","0,08","0,08","337,20K","0,00%"
"03.04.2008","0,08","0,08","0,08","0,08","3,77M","0,00%"
"02.04.2008","0,08","0,08","0,08","0,08","271,00K","0,00%"
"01.04.2008","0,08","0,07","0,08","0,07","409,60K","0,00%"
"31.03.2008","0,07","0,07","0,07","0,07","664,00K","0,00%"
"28.03.2008","0,07","0,07","0,07","0,07","110,40K","0,00%"
"27.03.2008","0,07","0,07","0,07","0,07","358,00K","0,00%"
"26.03.2008","0,07","0,07","0,07","0,07","180,20K","0,00%"
"25.03.2008","0,07","0,07","0,08","0,07","6,40M","7,85%"
"20.03.2008","0,07","0,07","0,07","0,07","1,07M","0,00%"
"19.03.2008","0,07","0,07","0,07","0,07","1,34M","0,00%"
"18.03.2008","0,07","0,07","0,07","0,06","1,10M","0,00%"
"17.03.2008","0,06","0,07","0,07","0,06","2,74M","-7,49%"
"14.03.2008","0,07","0,07","0,07","0,07","2,17M","0,00%"
"13.03.2008","0,07","0,07","0,07","0,07","56,40K","0,00%"
"12.03.2008","0,07","0,07","0,07","0,07","541,60K","0,00%"
"11.03.2008","0,07","0,07","0,07","0,06","16,16M","0,00%"
"10.03.2008","0,07","0,07","0,07","0,07","279,80K","0,00%"
"07.03.2008","0,07","0,07","0,07","0,07","231,80K","0,00%"
"06.03.2008","0,07","0,07","0,07","0,07","111,20K","0,00%"
"05.03.2008","0,07","0,07","0,07","0,07","206,20K","0,00%"
"04.03.2008","0,07","0,07","0,07","0,07","300,20K","0,00%"
"03.03.2008","0,07","0,07","0,07","0,07","385,40K","0,00%"
"29.02.2008","0,07","0,07","0,07","0,07","736,80K","0,00%"
"28.02.2008","0,08","0,08","0,08","0,08","465,80K","0,00%"
"27.02.2008","0,08","0,08","0,08","0,08","34,20K","0,00%"
"26.02.2008","0,08","0,08","0,08","0,08","557,00K","0,00%"
"25.02.2008","0,08","0,08","0,08","0,08","234,20K","0,00%"
"22.02.2008","0,07","0,08","0,08","0,07","575,40K","0,00%"
"21.02.2008","0,08","0,08","0,08","0,08","0,40K","0,00%"
"20.02.2008","0,08","0,08","0,08","0,08","157,20K","0,00%"
"19.02.2008","0,08","0,08","0,08","0,08","4,23M","0,00%"
"18.02.2008","0,08","0,08","0,08","0,08","4,05M","0,00%"
"15.02.2008","0,08","0,08","0,08","0,08","2,32M","0,00%"
"14.02.2008","0,08","0,08","0,08","0,08","556,20K","0,00%"
"13.02.2008","0,08","0,08","0,08","0,08","2,03M","0,00%"
"12.02.2008","0,08","0,08","0,08","0,08","1,12M","0,00%"
"11.02.2008","0,08","0,08","0,08","0,08","1,16M","0,00%"
"08.02.2008","0,08","0,08","0,08","0,08","512,80K","0,00%"
"07.02.2008","0,07","0,07","0,08","0,07","1,96M","0,00%"
"06.02.2008","0,08","0,08","0,08","0,08","676,20K","0,00%"
"05.02.2008","0,08","0,08","0,08","0,08","255,20K","0,00%"
"04.02.2008","0,08","0,08","0,08","0,08","260,40K","0,00%"
"01.02.2008","0,08","0,08","0,08","0,08","628,40K","0,00%"
"31.01.2008","0,08","0,08","0,08","0,08","106,60K","0,00%"
"30.01.2008","0,08","0,08","0,08","0,08","2,06M","0,00%"
"29.01.2008","0,08","0,08","0,08","0,08","2,66M","0,00%"
"28.01.2008","0,08","0,08","0,08","0,08","777,60K","0,00%"
"25.01.2008","0,08","0,09","0,09","0,08","3,90M","0,00%"
"24.01.2008","0,08","0,08","0,08","0,08","2,79M","7,80%"
"23.01.2008","0,07","0,08","0,08","0,07","5,75M","0,00%"
"22.01.2008","0,08","0,08","0,08","0,08","10,80K","0,00%"
"21.01.2008","0,08","0,08","0,08","0,08","2,09M","-9,65%"
"18.01.2008","0,09","0,09","0,09","0,09","436,20K","0,00%"
"17.01.2008","0,09","0,09","0,09","0,08","1,70M","0,00%"
"16.01.2008","0,08","0,09","0,09","0,08","5,46M","0,00%"
"15.01.2008","0,09","0,09","0,09","0,09","2,47M","0,00%"
"14.01.2008","0,09","0,09","0,09","0,09","770,40K","0,00%"
"11.01.2008","0,09","0,09","0,09","0,09","2,43M","0,00%"
"10.01.2008","0,09","0,09","0,09","0,09","4,31M","0,00%"
"09.01.2008","0,09","0,09","0,09","0,09","855,20K","-5,36%"
"08.01.2008","0,10","0,10","0,10","0,09","1,24M","0,00%"
"07.01.2008","0,10","0,10","0,10","0,09","960,80K","0,00%"
"04.01.2008","0,10","0,11","0,11","0,10","4,08M","-5,48%"
"03.01.2008","0,10","0,10","0,10","0,10","48,40K","0,00%"
"02.01.2008","0,11","0,11","0,11","0,11","186,40K","-4,80%"
"31.12.2007","0,11","0,11","0,11","0,11","0,20K","0,00%"
"28.12.2007","0,11","0,11","0,11","0,11","0,40K","0,00%"
"27.12.2007","0,11","0,11","0,12","0,11","1,30M","0,00%"
"24.12.2007","0,11","0,11","0,11","0,11","74,40K","0,00%"
"21.12.2007","0,11","0,11","0,11","0,11","241,60K","0,00%"
"20.12.2007","0,11","0,11","0,11","0,11","5,20K","0,00%"
"19.12.2007","0,10","0,10","0,10","0,10","1,12M","0,00%"
"18.12.2007","0,10","0,10","0,11","0,10","6,31M","0,00%"
"17.12.2007","0,11","0,11","0,11","0,11","10,30M","0,00%"
"14.12.2007","0,11","0,11","0,11","0,11","216,40K","0,00%"
"13.12.2007","0,11","0,11","0,11","0,11","175,20K","0,00%"
"12.12.2007","0,11","0,11","0,11","0,11","701,80K","0,00%"
"11.12.2007","0,11","0,11","0,11","0,11","209,20K","0,00%"
"10.12.2007","0,11","0,11","0,11","0,11","263,80K","0,00%"
"07.12.2007","0,11","0,11","0,11","0,11","409,80K","0,00%"
"06.12.2007","0,11","0,11","0,11","0,11","92,60K","0,00%"
"05.12.2007","0,11","0,11","0,11","0,11","7,68M","0,00%"
"04.12.2007","0,11","0,11","0,11","0,10","344,40K","0,00%"
"03.12.2007","0,11","0,11","0,11","0,11","241,40K","0,00%"
"30.11.2007","0,11","0,11","0,11","0,11","217,80K","0,00%"
"29.11.2007","0,11","0,11","0,11","0,11","189,80K","0,00%"
"28.11.2007","0,11","0,10","0,11","0,10","320,20K","6,41%"
"27.11.2007","0,10","0,10","0,10","0,10","275,00K","0,00%"
"26.11.2007","0,10","0,10","0,10","0,10","229,20K","0,00%"
"23.11.2007","0,10","0,10","0,10","0,10","430,60K","0,00%"
"22.11.2007","0,10","0,10","0,10","0,10","0,20K","0,00%"
"21.11.2007","0,10","0,10","0,10","0,10","873,80K","-5,35%"
"20.11.2007","0,10","0,10","0,10","0,10","410,20K","0,00%"
"19.11.2007","0,10","0,11","0,11","0,10","4,61M","0,00%"
"16.11.2007","0,10","0,10","0,10","0,10","9,30M","0,00%"
"15.11.2007","0,11","0,11","0,11","0,10","289,60K","0,00%"
"14.11.2007","0,11","0,11","0,11","0,11","285,20K","0,00%"
"13.11.2007","0,10","0,10","0,10","0,10","881,00K","0,00%"
"12.11.2007","0,10","0,10","0,11","0,10","989,60K","0,00%"
"09.11.2007","0,11","0,11","0,11","0,11","972,60K","-6,38%"
"08.11.2007","0,11","0,12","0,12","0,11","769,00K","-5,72%"
"07.11.2007","0,12","0,12","0,12","0,12","244,60K","0,00%"
"06.11.2007","0,12","0,12","0,12","0,12","21,00K","0,00%"
"05.11.2007","0,12","0,12","0,12","0,12","145,00K","0,00%"
"02.11.2007","0,12","0,12","0,13","0,12","453,20K","0,00%"
"01.11.2007","0,13","0,13","0,13","0,13","1,61M","0,00%"
"31.10.2007","0,13","0,12","0,13","0,12","1,24M","0,00%"
"30.10.2007","0,12","0,12","0,12","0,12","90,20K","0,00%"
"29.10.2007","0,12","0,12","0,12","0,12","154,60K","0,00%"
"26.10.2007","0,12","0,12","0,12","0,12","288,60K","0,00%"
"25.10.2007","0,12","0,12","0,12","0,12","418,20K","0,00%"
"24.10.2007","0,12","0,12","0,12","0,12","290,40K","0,00%"
"23.10.2007","0,12","0,12","0,12","0,12","636,40K","0,00%"
"22.10.2007","0,12","0,11","0,12","0,11","9,17M","0,00%"
"19.10.2007","0,12","0,12","0,12","0,12","611,40K","0,00%"
"18.10.2007","0,12","0,12","0,12","0,12","260,40K","0,00%"
"17.10.2007","0,12","0,12","0,12","0,12","585,80K","0,00%"
"16.10.2007","0,12","0,12","0,12","0,12","315,80K","0,00%"
"15.10.2007","0,12","0,12","0,12","0,12","616,60K","0,00%"
"12.10.2007","0,12","0,12","0,12","0,12","2,17M","0,00%"
"11.10.2007","0,12","0,12","0,12","0,12","3,53M","0,00%"
"10.10.2007","0,12","0,12","0,12","0,12","1,06M","0,00%"
"09.10.2007","0,12","0,12","0,12","0,12","805,20K","0,00%"
"08.10.2007","0,12","0,12","0,12","0,12","2,18M","0,00%"
"05.10.2007","0,12","0,12","0,12","0,11","632,60K","0,00%"
"04.10.2007","0,12","0,12","0,12","0,11","4,24M","0,00%"
"03.10.2007","0,12","0,12","0,12","0,12","73,80K","0,00%"
"02.10.2007","0,12","0,12","0,12","0,12","363,20K","0,00%"
"01.10.2007","0,12","0,11","0,12","0,11","64,40K","0,00%"
"28.09.2007","0,11","0,12","0,12","0,11","980,40K","0,00%"
"27.09.2007","0,12","0,11","0,12","0,11","6,31M","0,00%"
"26.09.2007","0,11","0,11","0,12","0,11","1,58M","0,00%"
"25.09.2007","0,11","0,11","0,11","0,11","12,09M","0,00%"
"24.09.2007","0,11","0,11","0,11","0,11","31,46M","0,00%"
"21.09.2007","0,11","0,11","0,11","0,11","111,40K","0,00%"
"20.09.2007","0,11","0,11","0,11","0,11","419,40K","0,00%"
"19.09.2007","0,11","0,11","0,11","0,11","1,44M","0,00%"
"18.09.2007","0,11","0,11","0,11","0,11","0,40K","0,00%"
"17.09.2007","0,11","0,11","0,11","0,10","160,60K","0,00%"
"14.09.2007","0,11","0,11","0,11","0,10","929,40K","0,00%"
"13.09.2007","0,11","0,11","0,11","0,11","1,13M","0,00%"
"12.09.2007","0,11","0,11","0,11","0,10","244,60K","0,00%"
"11.09.2007","0,11","0,10","0,11","0,10","127,00K","0,00%"
"10.09.2007","0,10","0,11","0,11","0,10","6,14M","0,00%"
"07.09.2007","0,10","0,11","0,11","0,10","1,78M","-5,42%"
"06.09.2007","0,11","0,11","0,11","0,11","384,00K","0,00%"
"05.09.2007","0,11","0,11","0,11","0,11","6,79M","0,00%"
"04.09.2007","0,11","0,11","0,11","0,11","598,20K","0,00%"
"31.08.2007","0,11","0,11","0,11","0,11","592,20K","0,00%"
"30.08.2007","0,11","0,11","0,11","0,11","6,40K","5,35%"
"29.08.2007","0,10","0,10","0,10","0,10","54,40K","0,00%"
"28.08.2007","0,10","0,10","0,10","0,10","2,64M","0,00%"
"27.08.2007","0,10","0,11","0,11","0,10","173,00K","0,00%"
"24.08.2007","0,10","0,10","0,10","0,10","967,20K","0,00%"
"23.08.2007","0,10","0,11","0,11","0,10","855,00K","0,00%"
"22.08.2007","0,10","0,10","0,10","0,10","2,19M","0,00%"
"21.08.2007","0,10","0,10","0,10","0,10","20,40K","0,00%"
"20.08.2007","0,10","0,10","0,10","0,10","593,80K","0,00%"
"17.08.2007","0,10","0,09","0,10","0,09","1,90M","0,00%"
"16.08.2007","0,10","0,10","0,10","0,10","6,57M","0,00%"
"15.08.2007","0,10","0,10","0,10","0,10","6,01M","0,00%"
"14.08.2007","0,10","0,10","0,10","0,10","10,24M","0,00%"
"13.08.2007","0,10","0,10","0,10","0,10","5,09M","0,00%"
"10.08.2007","0,10","0,10","0,10","0,10","10,70M","-6,61%"
"09.08.2007","0,11","0,11","0,11","0,11","170,60K","0,00%"
"08.08.2007","0,11","0,11","0,11","0,11","555,60K","0,00%"
"07.08.2007","0,10","0,10","0,10","0,10","40,40K","0,00%"
"06.08.2007","0,10","0,10","0,10","0,10","2,95M","0,00%"
"03.08.2007","0,10","0,11","0,11","0,10","10,20K","0,00%"
"02.08.2007","0,10","0,10","0,10","0,10","0,40K","0,00%"
"01.08.2007","0,10","0,10","0,11","0,10","456,80K","-5,14%"
"31.07.2007","0,11","0,11","0,11","0,11","442,60K","0,00%"
"30.07.2007","0,11","0,11","0,11","0,11","4,56M","0,00%"
"27.07.2007","0,11","0,11","0,11","0,11","288,20K","0,00%"
"26.07.2007","0,11","0,11","0,11","0,11","331,20K","0,00%"
"25.07.2007","0,11","0,11","0,11","0,11","422,40K","0,00%"
"24.07.2007","0,11","0,11","0,11","0,11","1,12M","0,00%"
"23.07.2007","0,11","0,11","0,11","0,11","326,40K","0,00%"
"20.07.2007","0,11","0,12","0,12","0,11","182,60K","0,00%"
"19.07.2007","0,12","0,12","0,12","0,11","276,20K","0,00%"
"18.07.2007","0,11","0,11","0,11","0,11","1,50M","0,00%"
"17.07.2007","0,11","0,11","0,11","0,11","107,00K","0,00%"
"16.07.2007","0,11","0,11","0,11","0,11","361,60K","0,00%"
"13.07.2007","0,11","0,11","0,11","0,11","144,40K","0,00%"
"12.07.2007","0,11","0,11","0,11","0,11","656,00K","0,00%"
"11.07.2007","0,11","0,11","0,11","0,11","415,00K","0,00%"
"10.07.2007","0,11","0,11","0,11","0,11","184,60K","0,00%"
"09.07.2007","0,11","0,11","0,11","0,11","406,20K","0,00%"
"06.07.2007","0,11","0,11","0,11","0,11","37,00K","0,00%"
"05.07.2007","0,11","0,11","0,11","0,11","132,20K","0,00%"
"03.07.2007","0,11","0,11","0,11","0,11","146,40K","0,00%"
"02.07.2007","0,10","0,11","0,11","0,10","235,20K","0,00%"
"29.06.2007","0,11","0,11","0,11","0,11","105,40K","0,00%"
"28.06.2007","0,11","0,11","0,11","0,11","6,26M","0,00%"
"27.06.2007","0,10","0,10","0,10","0,10","242,20K","0,00%"
"26.06.2007","0,10","0,10","0,10","0,10","9,40K","0,00%"
"25.06.2007","0,11","0,11","0,11","0,11","456,40K","0,00%"
"22.06.2007","0,11","0,11","0,11","0,11","105,40K","0,00%"
"21.06.2007","0,11","0,11","0,11","0,11","360,40K","0,00%"
"20.06.2007","0,11","0,11","0,11","0,11","150,00K","0,00%"
"19.06.2007","0,11","0,11","0,11","0,11","293,00K","0,00%"
"18.06.2007","0,11","0,11","0,11","0,11","368,00K","0,00%"
"15.06.2007","0,11","0,11","0,11","0,11","67,60K","0,00%"
"14.06.2007","0,11","0,11","0,11","0,11","0,40K","0,00%"
"13.06.2007","0,10","0,10","0,10","0,10","98,60K","0,00%"
"12.06.2007","0,10","0,10","0,10","0,10","1,02M","0,00%"
"11.06.2007","0,10","0,10","0,10","0,10","53,80K","0,00%"
"08.06.2007","0,10","0,10","0,10","0,10","370,20K","0,00%"
"07.06.2007","0,10","0,10","0,10","0,10","74,40K","0,00%"
"06.06.2007","0,10","0,10","0,11","0,10","438,40K","0,00%"
"05.06.2007","0,10","0,11","0,11","0,10","208,40K","0,00%"
"04.06.2007","0,11","0,11","0,11","0,11","3,60K","0,00%"
"01.06.2007","0,11","0,11","0,11","0,11","302,80K","0,00%"
"31.05.2007","0,11","0,10","0,11","0,10","365,80K","0,00%"
"30.05.2007","0,10","0,10","0,10","0,10","539,40K","0,00%"
"29.05.2007","0,10","0,10","0,10","0,10","113,20K","0,00%"
"25.05.2007","0,10","0,10","0,10","0,10","320,40K","0,00%"
"24.05.2007","0,10","0,10","0,10","0,10","1,02M","0,00%"
"23.05.2007","0,10","0,10","0,10","0,10","0,20K","0,00%"
"22.05.2007","0,10","0,10","0,10","0,10","175,60K","0,00%"
"21.05.2007","0,10","0,10","0,10","0,10","486,60K","0,00%"
"18.05.2007","0,10","0,10","0,10","0,10","0,20K","0,00%"
"17.05.2007","0,10","0,10","0,10","0,10","46,00K","0,00%"
"16.05.2007","0,10","0,10","0,10","0,10","3,42M","0,00%"
"15.05.2007","0,10","0,10","0,10","0,10","46,20K","0,00%"
"14.05.2007","0,10","0,10","0,10","0,10","11,40K","0,00%"
"11.05.2007","0,10","0,10","0,10","0,10","218,20K","0,00%"
"10.05.2007","0,10","0,10","0,10","0,10","0,40K","0,00%"
"09.05.2007","0,10","0,10","0,10","0,10","4,80K","0,00%"
"08.05.2007","0,10","0,10","0,10","0,10","1,26M","0,00%"
"07.05.2007","0,10","0,10","0,10","0,10","94,20K","0,00%"
"04.05.2007","0,10","0,10","0,10","0,10","754,40K","0,00%"
"03.05.2007","0,10","0,10","0,10","0,10","20,40K","0,00%"
"02.05.2007","0,10","0,10","0,10","0,10","651,20K","0,00%"
"30.04.2007","0,10","0,10","0,10","0,10","160,40K","0,00%"
"27.04.2007","0,10","0,10","0,10","0,10","168,80K","0,00%"
"26.04.2007","0,10","0,10","0,10","0,10","1,47M","0,00%"
"25.04.2007","0,10","0,10","0,10","0,10","80,40K","0,00%"
"24.04.2007","0,10","0,10","0,10","0,10","102,60K","0,00%"
"23.04.2007","0,10","0,10","0,10","0,10","22,00K","0,00%"
"20.04.2007","0,10","0,10","0,10","0,10","282,20K","0,00%"
"19.04.2007","0,09","0,09","0,09","0,09","0,40K","0,00%"
"18.04.2007","0,09","0,10","0,10","0,09","70,40K","0,00%"
"17.04.2007","0,10","0,09","0,10","0,09","310,40K","0,00%"
"16.04.2007","0,09","0,09","0,09","0,09","453,40K","0,00%"
"13.04.2007","0,09","0,09","0,09","0,09","79,20K","0,00%"
"12.04.2007","0,09","0,09","0,09","0,09","0,40K","0,00%"
"11.04.2007","0,09","0,09","0,09","0,09","151,40K","0,00%"
"10.04.2007","0,09","0,09","0,09","0,09","448,00K","0,00%"
"05.04.2007","0,09","0,09","0,09","0,09","482,40K","0,00%"
"04.04.2007","0,09","0,09","0,09","0,09","71,00K","0,00%"
"03.04.2007","0,09","0,09","0,09","0,09","276,40K","0,00%"
"02.04.2007","0,09","0,09","0,09","0,09","476,40K","0,00%"
"30.03.2007","0,09","0,09","0,09","0,09","378,40K","0,00%"
"29.03.2007","0,09","0,09","0,09","0,09","339,40K","0,00%"
"28.03.2007","0,09","0,09","0,09","0,09","128,40K","0,00%"
"27.03.2007","0,09","0,09","0,09","0,09","0,40K","0,00%"
"26.03.2007","0,09","0,09","0,09","0,09","552,40K","0,00%"
"23.03.2007","0,09","0,09","0,09","0,09","612,40K","0,00%"
"22.03.2007","0,09","0,09","0,09","0,09","348,80K","0,00%"
"21.03.2007","0,09","0,09","0,09","0,09","75,20K","0,00%"
"20.03.2007","0,09","0,09","0,09","0,09","22,00K","0,00%"
"19.03.2007","0,09","0,09","0,09","0,09","12,40K","0,00%"
"16.03.2007","0,09","0,09","0,09","0,09","20,40K","0,00%"
"15.03.2007","0,09","0,09","0,09","0,09","153,60K","0,00%"
"14.03.2007","0,09","0,09","0,09","0,09","670,00K","0,00%"
"13.03.2007","0,09","0,09","0,09","0,09","140,40K","0,00%"
"12.03.2007","0,09","0,09","0,09","0,09","963,40K","0,00%"
"09.03.2007","0,09","0,09","0,09","0,09","369,00K","0,00%"
"08.03.2007","0,09","0,09","0,09","0,09","1,06M","0,00%"
"07.03.2007","0,09","0,09","0,09","0,09","141,60K","0,00%"
"06.03.2007","0,09","0,09","0,09","0,09","20,40K","0,00%"
"05.03.2007","0,09","0,09","0,09","0,09","1,05M","0,00%"
"02.03.2007","0,09","0,09","0,09","0,09","7,40K","0,00%"
"01.03.2007","0,09","0,09","0,09","0,09","430,40K","0,00%"
"28.02.2007","0,09","0,09","0,09","0,09","1,53M","0,00%"
"27.02.2007","0,10","0,10","0,10","0,10","263,80K","0,00%"
"26.02.2007","0,10","0,10","0,10","0,10","73,20K","0,00%"
"23.02.2007","0,10","0,10","0,10","0,10","43,40K","0,00%"
"22.02.2007","0,10","0,10","0,10","0,10","343,80K","0,00%"
"21.02.2007","0,10","0,10","0,10","0,10","1,08M","0,00%"
"20.02.2007","0,10","0,10","0,10","0,10","203,40K","0,00%"
"19.02.2007","0,10","0,10","0,10","0,10","30,00K","0,00%"
"16.02.2007","0,10","0,10","0,10","0,10","136,40K","0,00%"
"15.02.2007","0,10","0,10","0,10","0,10","271,40K","0,00%"
"14.02.2007","0,10","0,10","0,10","0,10","19,80K","0,00%"
"13.02.2007","0,10","0,10","0,10","0,10","230,40K","0,00%"
"12.02.2007","0,10","0,10","0,10","0,10","181,20K","0,00%"
"09.02.2007","0,10","0,10","0,10","0,10","120,40K","0,00%"
"08.02.2007","0,10","0,10","0,10","0,10","540,20K","0,00%"
"07.02.2007","0,10","0,10","0,10","0,10","277,60K","0,00%"
"06.02.2007","0,10","0,10","0,10","0,10","3,07M","0,00%"
"05.02.2007","0,10","0,10","0,10","0,10","56,40K","0,00%"
"02.02.2007","0,10","0,10","0,10","0,10","60,40K","0,00%"
"01.02.2007","0,10","0,10","0,10","0,10","480,80K","0,00%"
"31.01.2007","0,10","0,10","0,10","0,09","615,40K","0,00%"
"30.01.2007","0,10","0,10","0,10","0,10","141,40K","0,00%"
"29.01.2007","0,09","0,10","0,10","0,09","608,20K","0,00%"
"26.01.2007","0,10","0,10","0,10","0,09","317,40K","0,00%"
"25.01.2007","0,10","0,10","0,10","0,10","226,40K","0,00%"
"24.01.2007","0,10","0,10","0,10","0,10","1,47M","0,00%"
"23.01.2007","0,10","0,10","0,10","0,10","2,43M","0,00%"
"22.01.2007","0,10","0,10","0,10","0,10","353,60K","0,00%"
"19.01.2007","0,10","0,10","0,10","0,10","126,40K","0,00%"
"18.01.2007","0,10","0,10","0,10","0,10","680,40K","0,00%"
"17.01.2007","0,10","0,10","0,10","0,10","193,20K","0,00%"
"16.01.2007","0,10","0,10","0,10","0,10","277,00K","0,00%"
"15.01.2007","0,10","0,10","0,10","0,10","3,39M","0,00%"
"12.01.2007","0,10","0,10","0,10","0,10","1,47M","0,00%"
"11.01.2007","0,10","0,10","0,10","0,10","1,26M","5,22%"
"10.01.2007","0,10","0,10","0,10","0,10","104,40K","0,00%"
"09.01.2007","0,10","0,10","0,10","0,10","57,80K","0,00%"
"08.01.2007","0,10","0,10","0,10","0,10","181,40K","0,00%"
"05.01.2007","0,10","0,10","0,10","0,10","856,40K","0,00%"
"04.01.2007","0,09","0,09","0,09","0,09","192,40K","0,00%"
"03.01.2007","0,10","0,09","0,10","0,09","142,00K","0,00%"
"02.01.2007","0,09","0,09","0,09","0,09","151,40K","0,00%"
"29.12.2006","0,09","0,09","0,09","0,09","318,60K","0,00%"
"28.12.2006","0,09","0,09","0,09","0,09","7,10M","0,00%"
"27.12.2006","0,09","0,09","0,09","0,09","808,00K","0,00%"
"22.12.2006","0,09","0,09","0,09","0,09","56,80K","0,00%"
"21.12.2006","0,10","0,10","0,10","0,10","343,80K","0,00%"
"20.12.2006","0,10","0,10","0,10","0,10","98,40K","0,00%"
"19.12.2006","0,09","0,10","0,10","0,09","173,20K","0,00%"
"18.12.2006","0,10","0,10","0,10","0,10","240,00K","0,00%"
"15.12.2006","0,10","0,10","0,10","0,10","479,40K","0,00%"
"14.12.2006","0,10","0,10","0,10","0,09","262,00K","0,00%"
"13.12.2006","0,10","0,10","0,10","0,10","71,60K","0,00%"
"12.12.2006","0,10","0,10","0,10","0,10","85,40K","0,00%"
"11.12.2006","0,10","0,10","0,10","0,10","768,20K","0,00%"
"08.12.2006","0,10","0,09","0,10","0,09","170,00K","0,00%"
"07.12.2006","0,10","0,10","0,10","0,10","341,60K","0,00%"
"06.12.2006","0,10","0,10","0,10","0,10","138,80K","0,00%"
"05.12.2006","0,10","0,10","0,10","0,10","134,00K","0,00%"
"04.12.2006","0,10","0,09","0,10","0,09","138,60K","0,00%"
"01.12.2006","0,09","0,10","0,10","0,09","171,00K","0,00%"
"30.11.2006","0,10","0,10","0,10","0,10","275,80K","0,00%"
"29.11.2006","0,10","0,10","0,10","0,10","452,40K","0,00%"
"28.11.2006","0,10","0,10","0,10","0,09","955,40K","0,00%"
"27.11.2006","0,10","0,10","0,10","0,10","319,40K","0,00%"
"24.11.2006","0,10","0,10","0,10","0,10","166,80K","0,00%"
"23.11.2006","0,10","0,10","0,10","0,10","124,40K","0,00%"
"22.11.2006","0,10","0,10","0,10","0,10","0,60K","0,00%"
"21.11.2006","0,10","0,10","0,10","0,10","88,60K","0,00%"
"20.11.2006","0,10","0,10","0,10","0,10","99,20K","0,00%"
"17.11.2006","0,10","0,10","0,10","0,10","737,20K","0,00%"
"16.11.2006","0,10","0,10","0,10","0,10","137,40K","0,00%"
"15.11.2006","0,10","0,10","0,10","0,10","2,61M","0,00%"
"14.11.2006","0,10","0,10","0,10","0,10","722,60K","0,00%"
"13.11.2006","0,10","0,10","0,10","0,10","307,60K","0,00%"
"10.11.2006","0,09","0,09","0,09","0,09","124,00K","0,00%"
"09.11.2006","0,10","0,10","0,10","0,10","586,80K","0,00%"
"08.11.2006","0,09","0,10","0,10","0,09","306,00K","0,00%"
"07.11.2006","0,10","0,09","0,10","0,09","120,40K","0,00%"
"06.11.2006","0,09","0,09","0,09","0,09","105,00K","0,00%"
"03.11.2006","0,09","0,09","0,09","0,09","108,40K","0,00%"
"02.11.2006","0,09","0,09","0,09","0,09","260,80K","0,00%"
"01.11.2006","0,09","0,09","0,09","0,09","60,40K","0,00%"
"31.10.2006","0,09","0,09","0,09","0,09","60,40K","0,00%"
"30.10.2006","0,09","0,09","0,09","0,09","139,40K","0,00%"
"27.10.2006","0,10","0,10","0,10","0,09","350,00K","0,00%"
"26.10.2006","0,09","0,10","0,10","0,09","1,26M","0,00%"
"25.10.2006","0,09","0,09","0,09","0,09","32,80K","0,00%"
"24.10.2006","0,09","0,10","0,10","0,09","132,80K","0,00%"
"23.10.2006","0,10","0,09","0,10","0,09","108,80K","0,00%"
"20.10.2006","0,09","0,09","0,09","0,09","350,00K","0,00%"
"19.10.2006","0,09","0,09","0,09","0,09","213,80K","0,00%"
"18.10.2006","0,09","0,09","0,09","0,09","248,20K","0,00%"
"17.10.2006","0,09","0,10","0,10","0,09","855,40K","0,00%"
"16.10.2006","0,10","0,10","0,10","0,10","182,00K","0,00%"
"13.10.2006","0,10","0,09","0,10","0,09","58,40K","0,00%"
"12.10.2006","0,09","0,09","0,09","0,09","517,40K","0,00%"
"11.10.2006","0,09","0,09","0,09","0,09","193,20K","0,00%"
"10.10.2006","0,09","0,09","0,09","0,09","210,80K","0,00%"
"09.10.2006","0,09","0,09","0,09","0,09","342,00K","0,00%"
"06.10.2006","0,09","0,09","0,09","0,09","260,40K","0,00%"
"05.10.2006","0,09","0,09","0,09","0,09","199,20K","0,00%"
"04.10.2006","0,09","0,08","0,09","0,08","0,40K","0,00%"
"03.10.2006","0,08","0,08","0,08","0,08","12,20K","0,00%"
"02.10.2006","0,09","0,09","0,09","0,09","118,00K","0,00%"
"29.09.2006","0,09","0,09","0,09","0,09","191,60K","0,00%"
"28.09.2006","0,09","0,09","0,09","0,09","191,60K","0,00%"
"27.09.2006","0,09","0,09","0,09","0,09","109,40K","0,00%"
"26.09.2006","0,09","0,09","0,09","0,09","1,24M","0,00%"
"25.09.2006","0,08","0,08","0,08","0,08","132,80K","0,00%"
"22.09.2006","0,08","0,09","0,09","0,08","164,40K","0,00%"
"21.09.2006","0,09","0,09","0,09","0,09","380,20K","0,00%"
"20.09.2006","0,09","0,08","0,09","0,08","11,60M","0,00%"
"19.09.2006","0,09","0,09","0,09","0,09","118,40K","0,00%"
"18.09.2006","0,09","0,09","0,09","0,09","100,60K","0,00%"
"15.09.2006","0,09","0,08","0,09","0,08","1,89M","0,00%"
"14.09.2006","0,08","0,08","0,08","0,08","12,20K","0,00%"
"13.09.2006","0,08","0,08","0,08","0,08","66,80K","0,00%"
"12.09.2006","0,08","0,08","0,08","0,08","27,60K","0,00%"
"11.09.2006","0,08","0,08","0,08","0,08","0,40K","0,00%"
"08.09.2006","0,08","0,08","0,08","0,08","18,00K","0,00%"
"07.09.2006","0,08","0,08","0,08","0,08","218,20K","0,00%"
"06.09.2006","0,08","0,08","0,08","0,08","610,40K","0,00%"
"05.09.2006","0,08","0,08","0,08","0,08","137,40K","0,00%"
"04.09.2006","0,08","0,08","0,08","0,08","26,40K","0,00%"
"01.09.2006","0,08","0,08","0,08","0,08","69,40K","0,00%"
"31.08.2006","0,08","0,08","0,08","0,08","64,40K","0,00%"
"30.08.2006","0,08","0,08","0,08","0,08","514,80K","0,00%"
"29.08.2006","0,08","0,08","0,08","0,08","98,00K","0,00%"
"28.08.2006","0,08","0,08","0,08","0,08","0,40K","0,00%"
"25.08.2006","0,08","0,08","0,08","0,08","20,40K","0,00%"
"24.08.2006","0,08","0,08","0,08","0,08","180,40K","0,00%"
"23.08.2006","0,08","0,08","0,08","0,08","587,00K","0,00%"
"22.08.2006","0,08","0,08","0,08","0,08","66,40K","0,00%"
"21.08.2006","0,08","0,08","0,08","0,08","327,80K","0,00%"
"18.08.2006","0,08","0,08","0,08","0,08","117,00K","0,00%"
"17.08.2006","0,08","0,08","0,08","0,08","919,60K","0,00%"
"16.08.2006","0,08","0,07","0,08","0,07","453,20K","0,00%"
"15.08.2006","0,07","0,07","0,07","0,07","0,40K","0,00%"
"14.08.2006","0,07","0,07","0,07","0,07","10,40K","0,00%"
"11.08.2006","0,07","0,07","0,07","0,07","128,40K","0,00%"
"10.08.2006","0,07","0,07","0,07","0,07","419,40K","0,00%"
"09.08.2006","0,07","0,07","0,07","0,07","62,40K","0,00%"
"08.08.2006","0,07","0,07","0,07","0,07","0,40K","0,00%"
"07.08.2006","0,07","0,07","0,07","0,07","55,00K","0,00%"
"04.08.2006","0,07","0,07","0,07","0,07","102,80K","0,00%"
"03.08.2006","0,07","0,07","0,07","0,07","100,40K","0,00%"
"02.08.2006","0,07","0,07","0,07","0,07","0,40K","0,00%"
"01.08.2006","0,07","0,07","0,07","0,07","4,30M","0,00%"
"31.07.2006","0,07","0,07","0,07","0,07","0,40K","0,00%"
"28.07.2006","0,07","0,07","0,07","0,07","0,40K","0,00%"
"27.07.2006","0,07","0,07","0,07","0,07","47,80K","0,00%"
"26.07.2006","0,07","0,07","0,07","0,07","6,20K","0,00%"
"25.07.2006","0,07","0,07","0,07","0,07","20,40K","0,00%"
"24.07.2006","0,07","0,07","0,07","0,07","20,40K","0,00%"
"21.07.2006","0,07","0,07","0,07","0,07","42,40K","0,00%"
"20.07.2006","0,07","0,07","0,07","0,07","186,20K","0,00%"
"19.07.2006","0,07","0,07","0,07","0,07","28,20K","0,00%"
"18.07.2006","0,07","0,07","0,07","0,07","10,40K","0,00%"
"17.07.2006","0,07","0,07","0,07","0,07","77,40K","0,00%"
"14.07.2006","0,07","0,07","0,07","0,07","144,00K","0,00%"
"13.07.2006","0,07","0,08","0,08","0,07","246,20K","0,00%"
"12.07.2006","0,08","0,08","0,08","0,08","4,36M","0,00%"
"11.07.2006","0,07","0,08","0,08","0,07","4,12M","0,00%"
"10.07.2006","0,08","0,08","0,08","0,08","190,20K","0,00%"
"07.07.2006","0,08","0,08","0,08","0,08","349,20K","0,00%"
"06.07.2006","0,08","0,08","0,08","0,08","267,40K","0,00%"
"05.07.2006","0,08","0,08","0,08","0,08","443,40K","0,00%"
"04.07.2006","0,08","0,08","0,08","0,08","0,40K","0,00%"
"03.07.2006","0,08","0,08","0,08","0,08","270,00K","0,00%"
"30.06.2006","0,08","0,08","0,08","0,08","64,40K","0,00%"
"29.06.2006","0,08","0,08","0,08","0,08","100,20K","0,00%"