"Fecha","Último","Apertura","Máximo","Mínimo","Vol.","% var."
"26.08.2026","243,55","243,15","244,00","242,40","10,59K","0,19%"
"25.08.2026","243,10","243,55","244,40","242,60","13,73K","0,48%"
"24.08.2026","241,95","242,15","243,15","240,75","18,84K","-0,88%"
"21.08.2026","244,10","243,60","244,90","242,75","11,28K","0,41%"
"20.08.2026","243,10","245,95","246,10","242,70","25,74K","-1,12%"
"19.08.2026","245,85","246,80","247,60","244,20","25,92K","-0,69%"
"18.08.2026","247,55","250,10","250,20","247,20","11,03K","-2,15%"
"17.08.2026","253,00","253,30","253,40","252,05","14,62K","0,66%"
"14.08.2026","251,35","253,30","253,70","251,35","23,18K","-0,75%"
"13.08.2026","253,25","251,00","254,05","250,45","34,44K","1,16%"
"12.08.2026","250,35","249,75","251,35","249,50","17,18K","0,50%"
"11.08.2026","249,10","249,75","250,65","248,65","19,12K","-0,14%"
"10.08.2026","249,45","250,65","251,05","249,20","16,95K","-0,14%"
"07.08.2026","249,80","248,30","249,85","247,75","32,96K","0,50%"
"06.08.2026","248,55","247,55","249,05","245,40","19,92K","-0,56%"
"05.08.2026","249,95","251,25","252,05","249,50","39,61K","0,36%"
"04.08.2026","249,05","244,70","249,25","243,95","19,32K","2,87%"
"03.08.2026","242,10","240,15","242,10","237,70","35,86K","2,07%"
"31.07.2026","237,20","239,70","241,70","237,10","26,24K","0,64%"
"30.07.2026","235,70","232,30","237,25","231,25","70,30K","0,58%"
"29.07.2026","234,35","236,85","237,95","233,55","20,01K","-1,33%"
"28.07.2026","237,50","237,75","238,50","234,75","16,71K","-0,21%"
"27.07.2026","238,00","243,45","243,85","237,70","15,15K","-1,73%"
"24.07.2026","242,20","242,60","243,85","240,25","19,35K","-0,12%"
"23.07.2026","242,50","246,00","246,75","242,00","12,72K","-2,28%"
"22.07.2026","248,15","246,40","248,35","245,60","78,89K","0,02%"
"21.07.2026","248,10","246,50","248,20","246,00","11,19K","0,98%"
"20.07.2026","245,70","243,35","246,80","243,35","25,89K","1,24%"
"17.07.2026","242,70","242,40","243,90","240,25","25,10K","-2,26%"
"16.07.2026","248,30","249,80","249,80","247,00","34,01K","-0,78%"
"15.07.2026","250,25","253,90","253,90","249,55","15,08K","-0,67%"
"14.07.2026","251,95","250,80","252,25","249,75","12,88K","0,22%"
"13.07.2026","251,40","250,80","251,70","249,65","23,37K","-0,59%"
"10.07.2026","252,90","251,65","253,15","251,00","11,34K","0,30%"
"09.07.2026","252,15","249,90","252,55","249,80","15,64K","2,27%"
"08.07.2026","246,55","247,45","248,40","244,70","62,66K","-0,28%"
"07.07.2026","247,25","250,70","250,85","246,60","24,03K","-2,52%"
"06.07.2026","253,65","252,10","253,65","251,60","11,38K","0,67%"
"03.07.2026","251,95","251,20","252,25","251,05","5,70K","0,44%"
"02.07.2026","250,85","253,10","255,10","249,55","48,18K","-2,24%"
"01.07.2026","256,60","256,65","257,25","254,60","50,41K","0,10%"
"30.06.2026","256,35","254,35","256,75","253,55","9,03K","2,25%"
"29.06.2026","250,70","249,75","251,40","247,00","19,08K","0,34%"
"26.06.2026","249,85","249,20","250,00","246,30","19,91K","-0,26%"
"25.06.2026","250,50","255,20","256,20","248,50","36,13K","-0,83%"
"24.06.2026","252,60","252,55","253,40","250,70","48,78K","0,34%"
"23.06.2026","251,75","252,90","253,95","250,30","24,24K","-2,20%"
"22.06.2026","257,40","258,35","260,55","257,00","19,15K","0,08%"
"19.06.2026","257,20","256,85","257,55","256,25","10,88K","0,39%"
"18.06.2026","256,20","254,20","257,00","253,90","15,26K","1,51%"
"17.06.2026","252,40","253,20","253,45","251,75","17,87K","-0,34%"
"16.06.2026","253,25","255,80","256,70","253,05","20,33K","-0,86%"
"15.06.2026","255,45","253,05","255,65","252,75","40,52K","2,38%"
"12.06.2026","249,50","246,35","249,90","245,85","30,42K","2,65%"
"11.06.2026","243,05","242,45","244,70","241,45","36,34K","0,54%"
"10.06.2026","241,75","243,65","245,60","240,95","22,23K","-0,45%"
"09.06.2026","242,85","249,75","250,60","242,50","38,73K","-2,45%"
"08.06.2026","248,95","245,60","250,25","245,60","25,10K","-0,36%"
"05.06.2026","249,85","251,55","252,40","249,85","21,32K","-1,77%"
"04.06.2026","254,35","255,40","255,50","251,80","50,78K","-0,82%"
"03.06.2026","256,45","256,70","257,70","255,45","21,07K","0,18%"
"02.06.2026","256,00","254,55","256,00","254,00","18,46K","0,33%"
"01.06.2026","255,15","254,65","255,15","252,80","47,32K","0,97%"
"29.05.2026","252,70","252,80","254,35","252,30","25,17K","0,24%"
"28.05.2026","252,10","250,15","252,10","249,60","24,58K","0,96%"
"27.05.2026","249,70","250,75","252,55","249,00","24,94K","-0,32%"
"26.05.2026","250,50","248,65","251,30","248,00","39,71K","0,44%"
"25.05.2026","249,40","249,75","250,00","249,25","14,87K","0,44%"
"22.05.2026","248,30","246,90","248,30","246,25","26,21K","1,51%"
"21.05.2026","244,60","244,30","245,45","243,90","32,48K","0,02%"
"20.05.2026","244,55","242,65","244,55","242,60","18,90K","1,64%"
"19.05.2026","240,60","241,85","242,60","239,50","25,66K","-0,46%"
"18.05.2026","241,70","242,60","244,60","241,45","30,01K","-1,27%"
"15.05.2026","244,80","245,00","245,25","242,95","35,45K","-0,83%"
"14.05.2026","246,85","244,90","247,05","244,00","18,16K","1,75%"
"13.05.2026","242,60","242,30","243,65","240,95","35,75K","1,59%"
"12.05.2026","238,80","240,85","241,70","238,50","25,97K","-1,28%"
"11.05.2026","241,90","241,45","242,05","240,70","24,91K","0,71%"
"08.05.2026","240,20","237,70","240,20","237,30","13,04K","1,07%"
"07.05.2026","237,65","236,80","238,00","236,05","30,71K","0,93%"
"06.05.2026","235,45","233,90","235,45","233,75","78,25K","1,18%"
"05.05.2026","232,70","231,10","232,80","230,90","32,31K","1,39%"
"04.05.2026","229,50","230,55","230,90","229,10","70,03K","1,50%"
"30.04.2026","226,10","226,35","228,00","224,75","20,10K","0,11%"
"29.04.2026","225,85","225,55","226,10","224,75","25,49K","1,14%"
"28.04.2026","223,30","226,25","226,30","223,30","59,79K","-0,98%"
"27.04.2026","225,50","226,20","226,55","225,00","28,49K","-0,15%"
"24.04.2026","225,85","224,50","225,85","224,05","25,72K","0,78%"
"23.04.2026","224,10","223,15","224,10","222,55","15,73K","0,65%"
"22.04.2026","222,65","220,80","222,80","220,50","9,79K","1,27%"
"21.04.2026","219,85","220,25","221,00","219,50","15,36K","0,48%"
"20.04.2026","218,80","219,35","220,20","218,25","32,42K","-0,52%"
"17.04.2026","219,95","217,30","219,95","217,20","25,73K","1,10%"
"16.04.2026","217,55","216,80","217,55","216,00","17,63K","1,47%"
"15.04.2026","214,40","213,10","214,50","212,95","44,93K","1,25%"
"14.04.2026","211,75","209,85","211,75","209,85","35,31K","1,36%"
"13.04.2026","208,90","207,65","209,20","207,35","37,16K","0,12%"
"10.04.2026","208,65","208,65","209,00","208,20","14,08K","0,65%"
"09.04.2026","207,30","207,30","207,30","206,45","20,62K","0,19%"
"08.04.2026","206,90","208,05","208,65","206,00","73,30K","2,96%"
"07.04.2026","200,95","203,05","203,75","199,94","37,37K","-0,59%"
"02.04.2026","202,15","199,50","202,75","198,48","35,70K","0,10%"
"01.04.2026","201,95","201,35","201,95","200,00","61,88K","2,53%"
"31.03.2026","196,96","195,96","197,26","195,60","21,76K","-0,06%"
"30.03.2026","197,08","195,94","197,66","195,94","33,33K","0,23%"
"27.03.2026","196,62","199,78","199,78","196,30","39,55K","-2,03%"
"26.03.2026","200,70","202,65","202,65","200,70","45,26K","-1,45%"
"25.03.2026","203,65","203,40","204,00","202,50","44,92K","0,84%"
"24.03.2026","201,95","203,30","203,45","201,15","24,67K","-0,37%"
"23.03.2026","202,70","199,64","205,60","199,54","82,42K","0,12%"
"20.03.2026","202,45","204,75","205,00","202,45","39,05K","-0,93%"
"19.03.2026","204,35","206,60","207,05","204,30","23,21K","-1,73%"
"18.03.2026","207,95","210,35","210,50","207,85","19,19K","-0,53%"
"17.03.2026","209,05","207,90","209,80","207,20","31,59K","0,19%"
"16.03.2026","208,65","208,55","209,25","207,85","27,76K","0,38%"
"13.03.2026","207,85","207,45","209,75","207,30","31,86K","-0,14%"
"12.03.2026","208,15","209,45","209,60","207,40","16,06K","-0,86%"
"11.03.2026","209,95","209,30","210,65","208,75","33,35K","0,05%"
"10.03.2026","209,85","209,00","210,00","208,05","26,99K","1,35%"
"09.03.2026","207,05","204,30","207,20","204,00","22,23K","-0,36%"
"06.03.2026","207,80","210,10","210,20","206,95","30,50K","-1,07%"
"05.03.2026","210,05","209,60","210,95","209,15","33,88K","0,14%"
"04.03.2026","209,75","206,20","209,80","206,15","28,98K","1,67%"
"03.03.2026","206,30","205,95","206,70","204,30","36,65K","-0,39%"
"02.03.2026","207,10","203,30","207,75","203,00","50,39K","0,90%"
"27.02.2026","205,25","206,00","206,40","203,75","58,73K","-0,48%"
"26.02.2026","206,25","208,55","209,00","204,85","18,73K","-0,91%"
"25.02.2026","208,15","206,20","208,80","206,10","70,90K","1,19%"
"24.02.2026","205,70","204,30","206,25","203,65","50,77K","1,06%"
"23.02.2026","203,55","204,30","205,90","203,00","29,21K","-1,29%"
"20.02.2026","206,20","205,85","206,65","203,75","49,53K","0,46%"
"19.02.2026","205,25","205,75","205,95","204,25","22,76K","-0,36%"
"18.02.2026","206,00","203,70","206,05","203,25","52,59K","1,60%"
"17.02.2026","202,75","202,45","203,45","200,90","25,69K","0,30%"
"16.02.2026","202,15","203,15","203,65","201,85","30,43K","-0,39%"
"13.02.2026","202,95","202,55","203,25","200,95","54,13K","-0,17%"
"12.02.2026","203,30","207,05","207,35","203,10","14,28K","-1,12%"
"11.02.2026","205,60","205,55","207,95","204,60","26,95K","-0,36%"
"10.02.2026","206,35","206,15","207,15","205,45","20,95K","-0,07%"
"09.02.2026","206,50","205,85","206,50","203,00","53,64K","0,61%"
"06.02.2026","205,25","201,40","205,25","201,40","39,56K","0,69%"
"05.02.2026","203,85","205,75","206,20","201,50","76,52K","-0,92%"
"04.02.2026","205,75","208,45","208,85","205,75","43,08K","-1,72%"
"03.02.2026","209,35","213,10","213,40","209,00","85,04K","-1,41%"
"02.02.2026","212,35","207,20","212,40","207,10","87,22K","0,93%"
"30.01.2026","210,40","208,65","211,00","208,35","46,23K","1,03%"
"29.01.2026","208,25","212,00","212,50","207,20","63,92K","-1,86%"
"28.01.2026","212,20","212,40","213,00","211,85","75,84K","0,74%"
"27.01.2026","210,65","212,00","212,10","209,95","22,03K","-0,09%"
"26.01.2026","210,85","209,95","211,00","208,60","47,84K","-0,54%"
"23.01.2026","212,00","211,75","212,60","210,45","34,50K","0,31%"
"22.01.2026","211,35","211,90","212,75","210,65","25,53K","0,69%"
"21.01.2026","209,90","208,00","210,55","206,40","32,22K","0,21%"
"20.01.2026","209,45","208,70","209,45","206,90","53,40K","-0,43%"
"19.01.2026","210,35","210,90","211,30","209,70","40,27K","-1,91%"
"16.01.2026","214,45","215,05","215,35","213,50","65,80K","-0,58%"
"15.01.2026","215,70","213,55","216,25","213,50","28,84K","1,89%"
"14.01.2026","211,70","214,60","214,70","211,20","20,38K","-1,72%"
"13.01.2026","215,40","214,75","215,70","214,25","37,64K","0,37%"
"12.01.2026","214,60","212,90","214,80","212,00","29,75K","-0,07%"
"09.01.2026","214,75","213,00","214,90","212,90","24,87K","1,20%"
"08.01.2026","212,20","213,15","213,85","211,95","20,92K","-0,91%"
"07.01.2026","214,15","213,10","214,30","212,60","39,90K","0,92%"
"06.01.2026","212,20","211,00","212,90","210,35","25,97K","0,24%"
"05.01.2026","211,70","210,50","212,05","210,45","48,87K","1,39%"
"02.01.2026","208,80","211,05","212,20","208,00","50,70K","-1,07%"
"30.12.2025","211,05","210,70","211,10","210,60","5,98K","0,19%"
"29.12.2025","210,65","211,15","211,30","210,05","98,62K","0,00%"
"23.12.2025","210,65","210,15","210,85","209,65","9,33K","-0,02%"
"22.12.2025","210,70","211,10","211,35","210,00","23,47K","0,29%"
"19.12.2025","210,10","208,70","210,15","207,90","22,29K","0,84%"
"18.12.2025","208,35","205,40","208,55","205,40","36,80K","1,63%"
"17.12.2025","205,00","209,00","209,60","205,00","30,18K","-0,82%"
"16.12.2025","206,70","205,85","207,25","205,75","33,81K","-0,72%"
"15.12.2025","208,20","209,35","210,20","206,95","37,42K","-0,19%"
"12.12.2025","208,60","212,60","212,70","208,15","33,36K","-1,09%"
"11.12.2025","210,90","211,85","213,20","210,30","28,71K","-1,45%"
"10.12.2025","214,00","214,65","214,80","213,20","29,67K","-0,28%"
"09.12.2025","214,60","214,45","214,60","213,60","20,45K","0,19%"
"08.12.2025","214,20","214,95","215,50","214,20","36,35K","-0,09%"
"05.12.2025","214,40","214,25","215,55","213,40","22,26K","0,59%"
"04.12.2025","213,15","213,50","214,10","212,40","11,41K","-0,02%"
"03.12.2025","213,20","213,95","214,10","211,70","30,99K","0,07%"
"02.12.2025","213,05","211,90","214,65","211,80","23,89K","0,42%"
"01.12.2025","212,15","211,40","212,15","210,30","55,10K","-0,19%"
"28.11.2025","212,55","212,10","213,35","212,00","14,03K","0,38%"
"27.11.2025","211,75","211,80","212,20","211,55","20,79K","-0,12%"
"26.11.2025","212,00","211,15","212,00","210,55","30,73K","1,65%"
"25.11.2025","208,55","209,70","209,85","206,80","27,86K","-0,26%"
"24.11.2025","209,10","205,95","209,30","204,95","36,10K","2,45%"
"21.11.2025","204,10","202,90","204,35","201,30","96,46K","-2,27%"
"20.11.2025","208,85","211,85","212,85","208,85","50,70K","0,72%"
"19.11.2025","207,35","205,75","209,45","205,70","43,35K","0,44%"
"18.11.2025","206,45","206,70","207,80","204,10","72,08K","-1,53%"
"17.11.2025","209,65","211,35","211,75","208,50","65,21K","-0,33%"
"14.11.2025","210,35","208,25","210,65","205,15","65,01K","0,26%"
"13.11.2025","209,80","214,05","214,20","209,70","61,70K","-1,82%"
"12.11.2025","213,70","215,50","216,20","213,05","32,33K","0,28%"
"11.11.2025","213,10","215,10","215,10","212,95","32,04K","-0,23%"
"10.11.2025","213,60","213,20","215,00","212,95","53,71K","3,06%"
"07.11.2025","207,25","212,75","212,85","207,25","52,29K","-2,24%"
"06.11.2025","212,00","215,50","216,70","212,00","43,32K","-2,30%"
"05.11.2025","217,00","214,60","217,00","214,10","40,66K","0,05%"
"04.11.2025","216,90","216,30","218,10","215,85","29,82K","-0,87%"
"03.11.2025","218,80","218,35","220,80","218,35","35,65K","0,21%"
"31.10.2025","218,35","219,30","219,85","217,80","30,26K","0,23%"
"30.10.2025","217,85","218,80","219,15","217,00","22,57K","0,07%"
"29.10.2025","217,70","218,65","218,75","217,35","29,88K","0,62%"
"28.10.2025","216,35","215,35","216,85","215,15","53,38K","0,51%"
"27.10.2025","215,25","214,45","215,30","214,20","37,32K","1,46%"
"24.10.2025","212,15","211,05","212,35","210,70","26,57K","1,24%"
"23.10.2025","209,55","209,40","209,75","208,00","24,80K","0,72%"
"22.10.2025","208,05","210,45","211,00","208,05","14,87K","-1,16%"
"21.10.2025","210,50","209,90","210,80","209,70","25,04K","0,38%"
"20.10.2025","209,70","208,05","209,90","207,55","30,18K","2,59%"
"17.10.2025","204,40","202,40","206,70","201,45","112,52K","-1,45%"
"16.10.2025","207,40","207,45","208,30","207,00","29,50K","0,02%"
"15.10.2025","207,35","206,70","208,60","206,30","28,29K","0,63%"
"14.10.2025","206,05","205,90","206,35","203,75","70,65K","-0,77%"
"13.10.2025","207,65","206,45","207,85","206,20","74,57K","1,07%"
"10.10.2025","205,45","211,10","211,80","205,45","33,72K","-2,35%"
"09.10.2025","210,40","210,50","210,75","209,95","39,48K","0,36%"
"08.10.2025","209,65","208,00","209,65","207,65","27,65K","1,28%"
"07.10.2025","207,00","207,65","208,90","207,00","20,61K","-0,19%"
"06.10.2025","207,40","207,00","208,50","206,50","45,83K","0,51%"
"03.10.2025","206,35","207,15","207,30","205,80","28,88K","0,02%"
"02.10.2025","206,30","205,80","206,80","205,65","33,23K","0,71%"
"01.10.2025","204,85","202,00","204,85","201,80","56,42K","0,64%"
"30.09.2025","203,55","203,70","204,10","203,00","16,33K","-0,32%"
"29.09.2025","204,20","204,10","205,00","204,00","30,82K","0,76%"
"26.09.2025","202,65","203,20","204,15","202,35","13,85K","-0,32%"
"25.09.2025","203,30","202,75","203,30","201,45","31,12K","0,00%"
"24.09.2025","203,30","203,20","204,20","202,95","16,56K","-0,29%"
"23.09.2025","203,90","204,20","204,40","203,45","24,81K","0,10%"
"22.09.2025","203,70","203,55","204,00","202,35","35,05K","0,44%"
"19.09.2025","202,80","201,90","203,15","201,70","33,51K","0,10%"
"18.09.2025","202,60","200,90","202,70","200,35","23,15K","2,13%"
"17.09.2025","198,38","199,32","199,56","198,20","10,22K","-0,41%"
"16.09.2025","199,20","200,75","201,05","199,14","20,04K","-0,57%"
"15.09.2025","200,35","200,10","200,55","199,24","30,44K","0,31%"
"12.09.2025","199,74","198,70","199,74","198,62","21,15K","0,40%"
"11.09.2025","198,94","198,76","199,32","198,00","20,86K","0,34%"
"10.09.2025","198,26","198,82","199,18","198,12","22,55K","0,72%"
"09.09.2025","196,84","196,80","197,42","196,44","17,38K","-0,25%"
"08.09.2025","197,34","196,68","197,50","196,42","29,07K","0,99%"
"05.09.2025","195,40","197,66","197,92","194,44","38,09K","-0,41%"
"04.09.2025","196,20","195,56","196,46","195,22","25,18K","0,81%"
"03.09.2025","194,62","194,80","195,64","194,56","15,80K","1,35%"
"02.09.2025","192,02","194,32","194,64","192,02","42,21K","-1,47%"
"01.09.2025","194,88","194,22","194,88","194,04","51,57K","0,21%"
"29.08.2025","194,48","197,26","197,32","194,16","17,71K","-1,31%"
"28.08.2025","197,06","196,82","197,48","195,98","11,21K","-0,05%"
"27.08.2025","197,16","196,98","197,66","196,56","14,84K","0,84%"
"26.08.2025","195,52","195,64","195,82","194,96","16,96K","-0,12%"
"25.08.2025","195,76","194,68","195,76","194,30","11,09K","0,14%"
"22.08.2025","195,48","193,56","195,80","193,56","17,80K","0,61%"
"21.08.2025","194,30","194,58","194,70","193,16","14,54K","0,62%"
"20.08.2025","193,10","194,78","195,08","191,32","23,54K","-1,38%"
"19.08.2025","195,80","197,20","197,52","195,32","10,18K","-0,59%"
"18.08.2025","196,96","197,26","197,58","196,86","14,52K","0,06%"
"15.08.2025","196,84","198,74","198,74","196,74","20,02K","-0,92%"
"14.08.2025","198,66","198,18","199,28","197,40","14,27K","0,56%"
"13.08.2025","197,56","198,46","199,04","197,56","16,05K","0,00%"
"12.08.2025","197,56","197,10","198,02","196,20","30,32K","-0,23%"
"11.08.2025","198,02","197,22","198,30","196,60","14,12K","0,97%"
"08.08.2025","196,12","195,46","196,64","195,34","29,27K","0,33%"
"07.08.2025","195,48","194,56","196,66","194,46","14,98K","0,79%"
"06.08.2025","193,94","193,82","194,00","192,78","15,39K","0,37%"
"05.08.2025","193,22","195,80","196,14","193,22","26,50K","-0,45%"
"04.08.2025","194,10","192,10","194,32","192,08","41,26K","1,22%"
"01.08.2025","191,76","196,76","196,76","190,52","84,02K","-3,66%"
"31.07.2025","199,04","200,70","201,50","198,36","64,99K","0,66%"
"30.07.2025","197,74","196,44","198,12","196,18","15,72K","0,59%"
"29.07.2025","196,58","197,08","198,26","196,58","28,96K","0,72%"
"28.07.2025","195,18","194,16","195,28","194,06","44,61K","1,24%"
"25.07.2025","192,78","192,28","192,84","191,94","19,56K","0,53%"
"24.07.2025","191,76","191,82","192,40","191,00","20,06K","0,33%"
"23.07.2025","191,12","191,34","191,58","190,54","24,09K","0,12%"
"22.07.2025","190,90","192,58","192,84","190,70","15,79K","-1,03%"
"21.07.2025","192,88","193,00","193,56","192,24","22,55K","0,28%"
"18.07.2025","192,34","193,36","193,40","192,08","42,57K","-0,53%"
"17.07.2025","193,36","192,58","193,56","192,12","17,92K","2,58%"
"16.07.2025","188,50","190,64","192,16","188,50","19,53K","-2,08%"
"15.07.2025","192,50","191,26","192,54","190,92","56,48K","1,44%"
"14.07.2025","189,76","188,82","190,00","188,44","32,68K","0,25%"
"11.07.2025","189,28","189,48","189,88","188,34","25,09K","-0,36%"
"10.07.2025","189,96","188,92","190,30","188,88","14,47K","0,43%"
"09.07.2025","189,14","188,18","190,28","188,06","33,43K","0,38%"
"08.07.2025","188,42","188,08","189,08","187,98","10,73K","0,13%"
"07.07.2025","188,18","188,14","189,00","187,90","13,97K","0,35%"
"04.07.2025","187,52","188,08","188,20","187,36","20,06K","-0,75%"
"03.07.2025","188,94","186,82","189,06","186,54","24,62K","1,31%"
"02.07.2025","186,50","186,20","187,00","184,92","26,89K","0,51%"
"01.07.2025","185,56","187,02","187,02","184,90","55,54K","-0,79%"
"30.06.2025","187,04","187,58","188,22","186,82","29,29K","-0,15%"
"27.06.2025","187,32","186,68","187,44","186,24","69,67K","0,82%"
"26.06.2025","185,80","185,50","186,14","184,74","28,59K","-0,01%"
"25.06.2025","185,82","185,96","187,00","185,82","17,03K","0,31%"
"24.06.2025","185,24","185,32","185,58","184,62","22,30K","1,29%"
"23.06.2025","182,88","182,48","184,00","182,46","20,62K","-0,01%"
"20.06.2025","182,90","183,04","184,82","182,00","29,37K","0,48%"
"19.06.2025","182,02","183,50","183,54","181,52","17,10K","-1,09%"
"18.06.2025","184,02","183,72","184,68","183,42","24,12K","-0,11%"
"17.06.2025","184,22","183,56","184,50","182,94","28,19K","0,02%"
"16.06.2025","184,18","182,72","184,46","182,32","32,22K","0,56%"
"13.06.2025","183,16","181,98","183,94","181,88","41,10K","-0,51%"
"12.06.2025","184,10","184,48","184,60","182,00","39,00K","-1,17%"
"11.06.2025","186,28","186,54","187,24","186,00","36,44K","0,43%"
"10.06.2025","185,48","186,00","186,36","185,38","41,15K","-0,22%"
"09.06.2025","185,88","185,22","186,52","185,00","22,44K","0,11%"
"06.06.2025","185,68","184,26","186,58","184,06","28,95K","-0,18%"
"05.06.2025","186,02","185,34","186,02","183,62","22,31K","0,51%"
"04.06.2025","185,08","185,18","185,72","184,00","22,64K","0,08%"
"03.06.2025","184,94","182,62","185,04","181,98","32,16K","1,77%"
"02.06.2025","181,72","181,06","182,52","180,10","67,58K","-0,42%"
"30.05.2025","182,48","182,74","183,54","181,68","20,35K","-0,39%"
"29.05.2025","183,20","187,50","188,06","182,92","18,55K","-0,58%"
"28.05.2025","184,26","183,94","185,16","183,22","29,94K","0,64%"
"27.05.2025","183,08","181,48","183,20","181,02","23,37K","1,00%"
"26.05.2025","181,26","180,72","181,72","180,72","6,38K","1,00%"
"23.05.2025","179,46","181,42","181,70","177,80","39,35K","-1,73%"
"22.05.2025","182,62","181,72","183,08","180,56","26,08K","-0,69%"
"21.05.2025","183,88","182,50","184,12","181,30","21,02K","-0,37%"
"20.05.2025","184,56","184,50","185,28","184,04","22,25K","0,02%"
"19.05.2025","184,52","183,08","184,94","181,62","52,62K","-0,99%"
"16.05.2025","186,36","184,88","186,36","184,76","22,57K","0,39%"
"15.05.2025","185,64","184,48","185,64","183,38","41,67K","0,39%"
"14.05.2025","184,92","184,82","185,06","183,00","63,15K","0,22%"
"13.05.2025","184,52","181,82","184,80","181,54","47,54K","1,66%"
"12.05.2025","181,50","181,32","183,42","180,38","90,02K","4,77%"
"09.05.2025","173,24","174,00","174,70","172,32","45,39K","-0,28%"
"08.05.2025","173,72","173,32","174,02","171,50","56,00K","2,71%"
"07.05.2025","169,14","170,36","170,78","168,76","23,84K","-0,63%"
"06.05.2025","170,22","170,64","170,74","168,40","44,54K","-0,93%"
"05.05.2025","171,82","171,50","171,96","170,36","32,12K","-0,22%"
"02.05.2025","172,20","170,30","172,20","169,82","50,00K","3,73%"
"30.04.2025","166,00","166,42","166,96","162,76","30,48K","0,22%"
"29.04.2025","165,64","165,92","166,74","164,52","34,74K","0,82%"
"28.04.2025","164,30","166,46","167,02","164,18","36,68K","-0,15%"
"25.04.2025","164,54","165,90","165,90","163,72","28,90K","0,85%"
"24.04.2025","163,16","159,44","163,44","158,06","33,01K","1,59%"
"23.04.2025","160,60","159,06","162,88","158,86","60,41K","4,06%"
"22.04.2025","154,34","152,40","154,78","151,72","29,42K","-1,10%"
"17.04.2025","156,06","157,84","158,68","155,14","15,38K","-1,87%"
"16.04.2025","159,04","157,96","160,40","157,16","30,85K","-2,15%"
"15.04.2025","162,54","161,58","163,76","160,50","42,06K","0,91%"
"14.04.2025","161,08","161,50","164,50","161,00","44,74K","2,68%"
"11.04.2025","156,88","159,48","159,54","154,84","49,90K","-1,40%"
"10.04.2025","159,10","167,70","168,00","159,10","120,40K","4,91%"
"09.04.2025","151,66","150,82","153,80","147,12","87,91K","-5,06%"
"08.04.2025","159,74","156,38","162,44","156,28","125,30K","4,08%"
"07.04.2025","153,48","145,80","161,74","144,86","207,36K","-2,39%"
"04.04.2025","157,24","162,46","163,52","155,46","180,42K","-4,51%"
"03.04.2025","164,66","167,38","168,40","162,52","85,92K","-5,92%"
"02.04.2025","175,02","174,66","175,02","172,24","46,29K","0,30%"
"01.04.2025","174,50","173,56","174,80","171,98","59,10K","1,65%"
"31.03.2025","171,66","170,66","171,66","169,24","115,82K","-1,11%"
"28.03.2025","173,58","177,50","178,54","173,40","41,29K","-3,20%"
"27.03.2025","179,32","179,64","180,28","178,00","35,45K","-0,59%"
"26.03.2025","180,38","182,80","183,00","180,08","37,86K","-0,90%"
"25.03.2025","182,02","181,66","182,48","181,10","44,58K","0,29%"
"24.03.2025","181,50","179,54","181,68","179,24","61,02K","2,84%"
"21.03.2025","176,48","176,38","176,78","174,36","29,70K","-0,10%"
"20.03.2025","176,66","177,34","178,74","175,36","36,13K","0,42%"
"19.03.2025","175,92","173,78","176,30","173,74","39,34K","1,32%"
"18.03.2025","173,62","175,72","176,10","172,96","39,34K","-0,95%"
"17.03.2025","175,28","175,12","176,90","174,76","37,33K","-0,22%"
"14.03.2025","175,66","173,92","176,30","173,30","100,66K","1,50%"
"13.03.2025","173,06","174,08","175,80","172,68","30,63K","-1,45%"
"12.03.2025","175,60","173,60","176,60","173,00","89,84K","1,62%"
"11.03.2025","172,80","173,94","174,58","171,62","125,85K","-1,61%"
"10.03.2025","175,62","180,26","180,26","174,90","123,63K","-1,29%"
"07.03.2025","177,92","180,88","181,50","177,78","111,92K","-2,73%"
"06.03.2025","182,92","184,70","184,90","181,68","69,95K","0,11%"
"05.03.2025","182,72","186,94","187,24","182,62","75,12K","-1,88%"
"04.03.2025","186,22","189,50","189,88","185,56","142,38K","-3,61%"
"03.03.2025","193,20","195,74","195,84","192,04","64,02K","0,06%"
"28.02.2025","193,08","192,60","193,86","189,76","78,15K","-1,86%"
"27.02.2025","196,74","197,06","198,76","194,62","40,33K","-0,32%"
"26.02.2025","197,38","196,72","197,76","195,96","39,20K","1,68%"
"25.02.2025","194,12","197,90","198,36","194,02","79,74K","-2,94%"
"24.02.2025","200,00","201,20","202,00","198,74","82,15K","-2,06%"
"21.02.2025","204,20","204,50","206,00","203,70","28,09K","0,05%"
"20.02.2025","204,10","205,95","206,40","203,65","50,36K","-1,31%"
"19.02.2025","206,80","206,50","207,05","205,55","50,13K","0,61%"
"18.02.2025","205,55","206,50","207,10","205,15","71,74K","-0,07%"
"17.02.2025","205,70","205,80","206,00","205,35","26,58K","0,76%"
"14.02.2025","204,15","205,00","205,05","203,90","39,77K","-0,15%"
"13.02.2025","204,45","203,30","204,90","202,40","49,74K","0,91%"
"12.02.2025","202,60","203,50","204,00","201,65","34,20K","-0,90%"
"11.02.2025","204,45","204,40","204,80","203,40","22,12K","-0,39%"
"10.02.2025","205,25","203,80","205,45","203,40","66,55K","1,18%"
"07.02.2025","202,85","203,90","204,85","202,60","29,35K","-0,22%"
"06.02.2025","203,30","203,05","204,00","202,90","47,71K","1,14%"
"05.02.2025","201,00","200,25","201,00","199,28","34,71K","-0,62%"
"04.02.2025","202,25","200,75","202,25","199,80","36,29K","0,52%"
"03.02.2025","201,20","200,60","201,45","199,22","114,71K","-1,35%"
"31.01.2025","203,95","202,45","204,60","202,45","61,52K","2,04%"
"30.01.2025","199,88","201,20","201,70","198,74","50,37K","0,15%"
"29.01.2025","199,58","201,10","201,65","199,10","37,61K","0,47%"
"28.01.2025","198,64","197,82","199,08","196,30","23,92K","1,76%"
"27.01.2025","195,20","196,74","197,30","191,14","127,42K","-3,49%"
"24.01.2025","202,25","203,05","203,50","202,00","28,22K","-0,71%"
"23.01.2025","203,70","203,75","204,05","203,00","56,53K","-0,44%"
"22.01.2025","204,60","202,90","204,60","202,20","46,14K","1,94%"
"21.01.2025","200,70","201,40","202,75","200,25","30,89K","-0,52%"
"20.01.2025","201,75","202,45","202,70","200,95","34,11K","-0,44%"
"17.01.2025","202,65","199,82","203,55","199,66","26,65K","1,07%"
"16.01.2025","200,50","202,00","202,05","200,15","37,13K","0,22%"
"15.01.2025","200,05","195,90","200,35","195,86","69,63K","1,98%"
"14.01.2025","196,16","198,28","198,84","195,86","33,97K","-0,22%"
"13.01.2025","196,60","197,26","197,56","195,46","37,84K","-0,41%"
"10.01.2025","197,40","199,40","200,15","196,60","25,21K","-1,22%"
"09.01.2025","199,84","199,12","199,84","199,10","15,63K","-0,10%"
"08.01.2025","200,05","199,72","200,55","198,78","61,62K","0,07%"
"07.01.2025","199,92","201,15","202,25","199,32","46,72K","-1,40%"
"06.01.2025","202,75","201,25","203,30","200,85","27,97K","1,02%"
"03.01.2025","200,70","199,26","200,70","198,68","42,00K","0,15%"
"02.01.2025","200,40","198,80","200,55","197,90","97,91K","1,25%"
"30.12.2024","197,92","199,86","200,40","197,86","30,39K","-0,97%"
"27.12.2024","199,86","202,50","202,80","198,84","25,97K","0,13%"
"23.12.2024","199,60","200,30","200,35","198,72","25,50K","-0,30%"
"20.12.2024","200,20","196,92","200,20","194,10","66,03K","0,19%"
"19.12.2024","199,82","198,90","200,20","198,46","46,79K","-2,22%"
"18.12.2024","204,35","204,10","204,60","203,10","56,50K","0,02%"
"17.12.2024","204,30","204,05","205,00","203,10","35,21K","0,22%"
"16.12.2024","203,85","201,80","204,00","201,40","35,82K","1,17%"
"13.12.2024","201,50","202,00","202,85","200,85","44,65K","0,27%"
"12.12.2024","200,95","201,20","201,65","200,15","90,11K","-0,27%"
"11.12.2024","201,50","198,34","201,55","198,08","51,33K","1,42%"
"10.12.2024","198,68","197,72","199,70","197,62","21,80K","0,59%"
"09.12.2024","197,52","199,50","199,60","196,74","55,82K","-0,60%"
"06.12.2024","198,72","197,14","199,20","196,58","45,39K","0,43%"
"05.12.2024","197,86","198,06","198,60","197,38","72,61K","-0,03%"
"04.12.2024","197,92","197,22","198,72","197,08","50,43K","0,92%"
"03.12.2024","196,12","196,18","196,22","194,94","42,10K","-0,02%"
"02.12.2024","196,16","193,82","196,50","193,14","43,89K","1,70%"
"29.11.2024","192,88","191,76","193,00","191,32","32,74K","0,35%"
"28.11.2024","192,20","192,26","192,30","191,68","27,38K","0,99%"
"27.11.2024","190,32","193,60","193,60","189,96","30,88K","-1,87%"
"26.11.2024","193,94","193,26","194,22","192,40","27,51K","0,26%"
"25.11.2024","193,44","194,34","194,46","192,42","38,63K","-0,13%"
"22.11.2024","193,70","192,36","194,72","192,28","45,01K","0,93%"
"21.11.2024","191,92","190,32","192,44","189,04","58,13K","1,27%"
"20.11.2024","189,52","190,74","191,12","188,70","28,44K","0,00%"
"19.11.2024","189,52","189,36","189,52","186,84","33,91K","-0,16%"
"18.11.2024","189,82","188,98","189,82","187,90","27,48K","0,54%"
"15.11.2024","188,80","191,22","191,38","188,74","55,63K","-2,33%"
"14.11.2024","193,30","193,76","195,12","192,74","35,04K","-0,23%"
"13.11.2024","193,74","192,80","193,74","192,24","28,60K","0,23%"
"12.11.2024","193,30","193,08","193,70","192,68","25,94K","0,32%"
"11.11.2024","192,68","192,78","193,84","192,32","43,85K","0,67%"
"08.11.2024","191,40","190,82","191,40","189,60","22,31K","0,90%"
"07.11.2024","189,70","188,28","189,80","188,00","38,14K","1,22%"
"06.11.2024","187,42","186,14","187,90","185,54","110,15K","4,09%"
"05.11.2024","180,06","178,78","180,20","178,50","22,62K","0,64%"
"04.11.2024","178,92","179,20","179,50","177,48","35,15K","-0,84%"
"01.11.2024","180,44","178,86","180,66","178,44","41,93K","0,95%"
"31.10.2024","178,74","180,76","181,42","178,50","26,70K","-2,70%"
"30.10.2024","183,70","185,20","185,26","183,22","22,28K","-0,30%"
"29.10.2024","184,26","183,24","184,54","182,92","14,40K","0,56%"
"28.10.2024","183,24","184,32","184,66","183,24","15,70K","-0,52%"
"25.10.2024","184,20","182,06","184,54","181,92","27,52K","1,30%"
"24.10.2024","181,84","182,06","182,76","181,46","24,61K","-0,13%"
"23.10.2024","182,08","183,50","183,90","181,90","22,34K","-0,38%"
"22.10.2024","182,78","182,38","183,16","181,70","11,19K","0,59%"
"21.10.2024","181,70","181,84","182,82","180,98","19,25K","-0,21%"
"18.10.2024","182,08","181,90","182,20","181,58","17,93K","0,03%"
"17.10.2024","182,02","181,72","183,56","181,40","38,38K","1,07%"
"16.10.2024","180,10","180,56","180,76","179,02","30,56K","-0,30%"
"15.10.2024","180,64","182,46","182,52","179,98","32,88K","-0,54%"
"14.10.2024","181,62","180,34","182,58","180,30","29,75K","0,94%"
"11.10.2024","179,92","179,90","180,38","179,10","26,28K","-0,26%"
"10.10.2024","180,38","180,20","180,38","179,18","18,29K","0,42%"
"09.10.2024","179,62","177,80","179,62","177,64","15,82K","1,06%"
"08.10.2024","177,74","175,16","178,00","175,10","23,59K","0,42%"
"07.10.2024","177,00","177,42","177,48","176,26","22,37K","0,43%"
"04.10.2024","176,24","174,54","178,00","174,54","20,80K","0,67%"
"03.10.2024","175,06","174,14","175,40","173,34","10,74K","0,05%"
"02.10.2024","174,98","173,48","175,00","172,88","17,87K","0,89%"
"01.10.2024","173,44","175,38","176,40","172,42","70,41K","-0,60%"
"30.09.2024","174,48","174,06","174,64","172,96","25,85K","-0,06%"
"27.09.2024","174,58","175,30","175,66","174,48","28,68K","0,24%"
"26.09.2024","174,16","176,56","177,26","173,98","23,55K","-0,10%"
"25.09.2024","174,34","172,70","174,36","172,60","20,94K","0,41%"
"24.09.2024","173,62","174,20","174,30","172,22","12,13K","-0,01%"
"23.09.2024","173,64","172,96","173,86","172,64","23,02K","0,92%"
"20.09.2024","172,06","172,40","172,92","171,44","19,94K","-0,96%"
"19.09.2024","173,72","171,72","174,06","171,48","31,00K","2,34%"
"18.09.2024","169,74","170,34","170,42","169,64","8,37K","-0,57%"
"17.09.2024","170,72","170,06","171,28","170,06","22,93K","0,79%"
"16.09.2024","169,38","170,50","170,84","168,70","","-1,04%"
"13.09.2024","171,16","170,66","171,20","169,96","10,00K","0,77%"
"12.09.2024","169,86","170,42","170,64","169,12","21,51K","3,03%"
"11.09.2024","164,86","165,26","166,72","163,90","21,81K","-0,27%"
"10.09.2024","165,30","163,78","165,62","163,64","22,42K","1,10%"
"09.09.2024","163,50","163,18","164,52","162,64","24,99K","0,93%"
"06.09.2024","162,00","164,44","165,86","161,82","29,85K","-2,01%"
"05.09.2024","165,32","165,70","167,52","163,78","40,41K","-0,71%"
"04.09.2024","166,50","165,66","167,16","165,10","22,82K","-1,47%"
"03.09.2024","168,98","171,90","172,18","168,46","24,95K","-1,88%"
"02.09.2024","172,22","171,50","172,40","171,12","28,38K","0,95%"
"30.08.2024","170,60","170,40","171,80","170,40","14,18K","-0,73%"
"29.08.2024","171,86","168,66","172,42","168,66","25,79K","1,78%"
"28.08.2024","168,86","170,74","171,36","168,50","20,51K","-0,81%"
"27.08.2024","170,24","170,22","170,80","169,00","20,60K","0,15%"
"26.08.2024","169,98","171,44","172,04","169,20","10,07K","-0,67%"
"23.08.2024","171,12","171,38","172,60","170,28","21,64K","-0,78%"
"22.08.2024","172,46","173,06","174,26","172,46","8,63K","-0,14%"
"21.08.2024","172,70","172,44","174,02","172,28","18,38K","-0,03%"
"20.08.2024","172,76","173,80","174,18","171,96","39,59K","0,44%"
"19.08.2024","172,00","171,66","172,14","171,10","22,24K","0,01%"
"16.08.2024","171,98","173,34","173,36","171,38","25,31K","0,08%"
"15.08.2024","171,84","168,34","171,96","167,94","36,81K","2,36%"
"14.08.2024","167,88","168,04","168,16","165,92","43,34K","0,17%"
"13.08.2024","167,60","165,94","167,60","165,12","29,88K","1,77%"
"12.08.2024","164,68","164,96","165,96","163,96","53,50K","0,46%"
"09.08.2024","163,92","163,66","165,16","162,98","35,37K","0,54%"
"08.08.2024","163,04","159,26","163,46","158,06","50,12K","-0,23%"
"07.08.2024","163,42","161,90","164,06","161,34","78,89K","1,26%"
"06.08.2024","161,38","161,42","162,06","158,94","59,59K","1,13%"
"05.08.2024","159,58","156,08","160,00","152,86","190,44K","-2,64%"
"02.08.2024","163,90","167,22","167,60","162,70","66,74K","-4,80%"
"01.08.2024","172,16","175,00","175,66","172,16","44,15K","-0,83%"
"31.07.2024","173,60","171,24","173,70","171,08","34,00K","2,46%"
"30.07.2024","169,44","171,20","172,10","169,44","10,10K","-0,63%"
"29.07.2024","170,52","171,54","172,70","170,52","20,28K","0,48%"
"26.07.2024","169,70","169,80","170,76","169,26","26,69K","-0,48%"
"25.07.2024","170,52","171,20","171,26","167,94","46,16K","-0,99%"
"24.07.2024","172,22","175,32","175,68","171,92","68,35K","-3,29%"
"23.07.2024","178,08","176,42","178,28","176,00","26,74K","1,50%"
"22.07.2024","175,44","175,22","177,16","175,00","32,56K","0,46%"
"19.07.2024","174,64","175,64","176,64","174,64","28,99K","-0,18%"
"18.07.2024","174,96","177,34","177,82","174,96","38,76K","-1,28%"
"17.07.2024","177,22","180,54","180,54","176,94","21,85K","-2,40%"
"16.07.2024","181,58","181,98","182,82","181,22","16,82K","-0,60%"
"15.07.2024","182,68","182,32","183,28","181,62","28,43K","0,25%"
"12.07.2024","182,22","180,94","182,30","178,90","19,14K","0,29%"
"11.07.2024","181,70","185,36","185,42","181,70","24,32K","-1,46%"
"10.07.2024","184,40","184,00","184,76","183,98","20,22K","0,16%"
"09.07.2024","184,10","184,00","184,64","183,96","20,47K","0,45%"
"08.07.2024","183,28","182,98","183,38","182,64","17,71K","0,37%"
"05.07.2024","182,60","181,70","182,62","181,10","27,38K","0,77%"
"04.07.2024","181,20","181,66","181,80","181,18","18,03K","0,13%"
"03.07.2024","180,96","180,88","181,04","180,00","22,05K","0,41%"
"02.07.2024","180,22","178,76","180,22","178,40","18,84K","0,85%"
"01.07.2024","178,70","178,42","178,70","177,08","52,01K","-0,85%"
"28.06.2024","180,24","180,52","181,72","179,92","21,55K","0,73%"
"27.06.2024","178,94","179,22","180,00","178,94","16,68K","-0,17%"
"26.06.2024","179,24","179,46","180,04","178,78","24,06K","0,36%"
"25.06.2024","178,60","176,70","178,62","176,40","26,78K","0,38%"
"24.06.2024","177,92","179,16","179,26","177,22","34,65K","-0,82%"
"21.06.2024","179,40","179,64","179,94","178,74","28,85K","-0,71%"
"20.06.2024","180,68","181,48","182,32","179,94","26,44K","0,04%"
"19.06.2024","180,60","180,56","180,70","180,30","9,96K","0,41%"
"18.06.2024","179,86","180,30","181,02","179,66","40,18K","0,55%"
"17.06.2024","178,88","179,02","179,10","178,14","35,75K","0,31%"
"14.06.2024","178,32","177,92","178,92","177,34","33,06K","0,73%"
"13.06.2024","177,02","176,84","177,06","176,26","16,20K","1,15%"
"12.06.2024","175,00","174,16","175,20","173,90","23,46K","1,10%"
"11.06.2024","173,10","172,28","173,40","171,96","10,70K","0,28%"
"10.06.2024","172,62","171,80","172,64","171,38","29,68K","0,64%"
"07.06.2024","171,52","170,34","171,56","169,96","17,75K","0,81%"
"06.06.2024","170,14","170,24","170,80","169,86","17,40K","0,37%"
"05.06.2024","169,52","167,12","169,52","167,00","20,37K","2,26%"
"04.06.2024","165,78","165,64","166,84","165,28","13,03K","-0,19%"
"03.06.2024","166,10","166,90","167,64","165,66","41,31K","1,26%"
"31.05.2024","164,04","166,26","166,38","163,86","26,67K","-1,87%"
"30.05.2024","167,16","167,80","168,32","166,80","16,28K","-1,01%"
"29.05.2024","168,86","168,60","169,16","167,76","19,61K","0,13%"
"28.05.2024","168,64","168,80","169,26","168,00","14,46K","-0,21%"
"27.05.2024","169,00","168,62","169,00","168,32","7,84K","0,19%"
"24.05.2024","168,68","167,64","168,94","167,40","10,52K","-0,35%"
"23.05.2024","169,28","169,56","169,94","168,42","31,08K","0,55%"
"22.05.2024","168,36","167,70","168,36","167,56","9,70K","0,65%"
"21.05.2024","167,28","167,12","167,36","166,64","8,27K","0,08%"
"20.05.2024","167,14","166,16","167,16","166,12","12,29K","0,60%"
"17.05.2024","166,14","166,36","166,84","166,00","32,44K","-0,51%"
"16.05.2024","167,00","166,62","167,22","166,40","37,04K","0,82%"
"15.05.2024","165,64","164,58","165,70","164,36","25,70K","1,07%"
"14.05.2024","163,88","164,02","164,38","163,34","10,28K","-0,07%"
"13.05.2024","164,00","164,32","164,38","163,54","11,57K","0,23%"
"10.05.2024","163,62","164,02","164,42","163,62","32,09K","0,05%"
"09.05.2024","163,54","163,42","163,74","162,96","5,58K","-0,10%"
"08.05.2024","163,70","163,80","164,00","162,68","17,50K","-0,04%"
"07.05.2024","163,76","163,38","163,76","162,98","22,75K","0,83%"
"06.05.2024","162,42","161,80","162,42","161,66","21,61K","0,68%"
"03.05.2024","161,32","159,74","161,48","159,60","36,22K","1,93%"
"02.05.2024","158,26","158,26","159,00","157,46","75,20K","-1,47%"
"30.04.2024","160,62","161,46","161,58","160,44","7,23K","-0,22%"
"29.04.2024","160,98","161,28","162,00","160,98","30,24K","-0,16%"
"26.04.2024","161,24","159,56","161,62","159,28","19,19K","3,00%"
"25.04.2024","156,54","157,22","157,70","156,34","30,12K","-1,89%"
"24.04.2024","159,56","159,98","160,52","159,20","14,25K","0,55%"
"23.04.2024","158,68","157,30","158,70","156,60","25,80K","1,69%"
"22.04.2024","156,04","156,36","157,10","155,46","64,28K","-0,36%"
"19.04.2024","156,60","157,84","158,56","156,52","74,59K","-2,23%"
"18.04.2024","160,18","160,24","160,36","158,94","28,21K","-0,25%"
"17.04.2024","160,58","161,74","162,62","160,58","38,21K","-1,06%"
"16.04.2024","162,30","162,08","162,38","161,42","37,79K","-1,56%"
"15.04.2024","164,88","165,30","166,02","164,60","61,08K","-0,31%"
"12.04.2024","165,40","166,68","166,80","164,92","30,87K","0,74%"
"11.04.2024","164,18","163,30","164,30","162,72","20,66K","0,82%"
"10.04.2024","162,84","163,02","163,50","160,92","29,13K","0,72%"
"09.04.2024","161,68","162,44","162,72","160,98","33,90K","-0,39%"
"08.04.2024","162,32","162,38","163,08","162,00","16,99K","-0,15%"
"05.04.2024","162,56","160,88","162,86","160,00","24,38K","-0,81%"
"04.04.2024","163,88","163,52","164,30","163,34","18,51K","0,09%"
"03.04.2024","163,74","163,38","163,90","162,58","25,64K","0,36%"
"02.04.2024","163,16","165,76","165,84","162,52","97,49K","-0,66%"
"28.03.2024","164,24","164,64","164,86","164,12","20,33K","0,27%"
"27.03.2024","163,80","164,18","164,86","163,30","27,22K","-0,43%"
"26.03.2024","164,50","164,54","164,78","164,22","16,26K","0,16%"
"25.03.2024","164,24","164,68","164,82","163,22","28,56K","-0,19%"
"22.03.2024","164,56","164,72","165,14","164,00","16,21K","-0,47%"
"21.03.2024","165,34","163,74","165,40","163,54","27,51K","2,37%"
"20.03.2024","161,52","161,38","162,20","161,30","17,96K","0,30%"
"19.03.2024","161,04","160,78","161,34","159,66","22,73K","-0,19%"
"18.03.2024","161,34","160,02","161,88","159,78","28,81K","1,41%"
"15.03.2024","159,10","160,70","161,34","158,78","29,04K","-1,30%"
"14.03.2024","161,20","161,58","161,80","160,34","13,90K","0,25%"
"13.03.2024","160,80","162,36","162,38","160,46","40,06K","-0,47%"
"12.03.2024","161,56","160,88","162,28","159,98","15,95K","0,84%"
"11.03.2024","160,22","160,18","160,42","159,40","33,60K","-1,06%"
"08.03.2024","161,94","162,78","163,70","161,70","13,68K","-0,39%"
"07.03.2024","162,58","160,40","162,70","160,10","9,94K","0,81%"
"06.03.2024","161,28","161,18","161,78","160,48","27,04K","0,42%"
"05.03.2024","160,60","162,90","162,94","160,22","25,87K","-1,85%"
"04.03.2024","163,62","164,26","164,64","163,58","25,44K","0,05%"
"01.03.2024","163,54","163,08","163,68","162,20","55,39K","1,31%"
"29.02.2024","161,42","160,28","161,78","159,84","13,96K","0,25%"
"28.02.2024","161,02","161,28","161,44","160,34","13,74K","0,15%"
"27.02.2024","160,78","160,88","161,38","160,50","17,94K","-0,26%"
"26.02.2024","161,20","160,96","161,42","160,70","19,28K","-0,24%"
"23.02.2024","161,58","161,58","162,54","161,14","42,30K","0,09%"
"22.02.2024","161,44","159,74","161,44","159,40","40,56K","2,84%"
"21.02.2024","156,98","157,60","157,64","156,62","26,58K","-0,15%"
"20.02.2024","157,22","159,50","159,50","156,70","40,49K","-1,82%"
"19.02.2024","160,14","159,78","160,40","159,52","14,67K","-0,44%"
"16.02.2024","160,84","161,92","162,34","159,84","18,70K","0,01%"
"15.02.2024","160,82","161,92","161,92","160,24","27,76K","0,20%"
"14.02.2024","160,50","160,64","161,22","159,90","46,03K","-0,04%"
"13.02.2024","160,56","161,50","161,58","159,12","24,85K","-1,38%"
"12.02.2024","162,80","161,86","162,80","161,84","28,51K","0,79%"
"09.02.2024","161,52","160,90","161,70","160,68","23,30K","0,41%"
"08.02.2024","160,86","160,40","161,00","160,24","10,04K","0,44%"
"07.02.2024","160,16","158,64","160,90","158,56","38,90K","0,72%"
"06.02.2024","159,02","159,86","160,10","158,60","39,67K","-0,10%"
"05.02.2024","159,18","158,90","159,78","158,50","50,07K","0,39%"
"02.02.2024","158,56","156,42","158,56","156,28","31,71K","2,75%"
"01.02.2024","154,32","155,40","155,72","154,16","55,99K","-0,19%"
"31.01.2024","154,62","156,12","156,20","153,92","45,88K","-1,84%"
"30.01.2024","157,52","157,88","158,36","157,22","26,18K","0,22%"
"29.01.2024","157,18","156,64","157,26","156,50","49,01K","0,33%"
"26.01.2024","156,66","156,16","156,82","155,78","35,97K","-0,95%"
"25.01.2024","158,16","156,44","158,16","156,24","36,86K","0,78%"
"24.01.2024","156,94","156,60","157,40","156,00","42,43K","0,84%"
"23.01.2024","155,64","154,82","155,96","154,48","35,48K","0,22%"
"22.01.2024","155,30","155,44","155,86","154,72","29,47K","1,56%"
"19.01.2024","152,92","152,58","153,14","152,42","30,44K","0,57%"
"18.01.2024","152,06","149,90","152,06","149,84","27,37K","1,54%"
"17.01.2024","149,76","149,50","150,20","148,50","38,11K","-0,76%"
"16.01.2024","150,90","148,84","151,00","148,72","28,42K","0,84%"
"15.01.2024","149,64","149,74","149,84","149,40","28,37K","0,31%"
"12.01.2024","149,18","148,88","149,70","148,86","24,99K","0,73%"
"11.01.2024","148,10","149,54","149,86","147,88","32,55K","-0,20%"
"10.01.2024","148,40","148,70","148,84","148,16","34,83K","0,23%"
"09.01.2024","148,06","147,50","148,10","146,80","25,37K","1,20%"
"08.01.2024","146,30","144,98","146,38","144,50","25,87K","0,69%"
"05.01.2024","145,30","144,78","145,46","144,50","39,87K","-0,26%"
"04.01.2024","145,68","146,02","146,04","144,76","48,90K","-0,42%"
"03.01.2024","146,30","146,82","146,94","146,08","32,24K","-0,73%"
"02.01.2024","147,38","148,66","148,76","146,74","66,80K","-0,87%"
"29.12.2023","148,68","148,84","149,10","148,44","21,16K","0,09%"
"28.12.2023","148,54","148,38","148,90","148,16","18,23K","0,36%"
"27.12.2023","148,00","148,78","148,90","147,60","16,06K","-0,27%"
"22.12.2023","148,40","147,54","148,68","147,54","21,46K","0,31%"
"21.12.2023","147,94","148,18","148,50","147,46","17,04K","-0,96%"
"20.12.2023","149,38","149,20","149,68","148,66","34,64K","0,36%"
"19.12.2023","148,84","148,84","149,08","148,44","34,97K","0,03%"
"18.12.2023","148,80","148,08","148,86","147,84","30,16K","0,09%"
"15.12.2023","148,66","146,84","148,66","146,66","37,46K","1,52%"
"14.12.2023","146,44","148,76","148,88","146,40","49,97K","-0,96%"
"13.12.2023","147,86","147,92","148,30","147,76","44,28K","0,65%"
"12.12.2023","146,90","146,74","146,96","146,18","48,55K","0,60%"
"11.12.2023","146,02","145,32","146,58","144,98","44,55K","0,54%"
"08.12.2023","145,24","144,28","145,48","143,80","36,08K","0,75%"
"07.12.2023","144,16","142,74","144,30","142,68","19,49K","0,74%"
"06.12.2023","143,10","143,88","144,36","143,00","22,11K","-0,08%"
"05.12.2023","143,22","141,90","143,52","141,44","26,52K","1,03%"
"04.12.2023","141,76","142,74","143,02","141,32","34,93K","-0,62%"
"01.12.2023","142,64","142,34","143,00","142,00","56,51K","0,76%"
"30.11.2023","141,56","142,50","143,04","141,52","20,40K","-0,48%"
"29.11.2023","142,24","142,00","143,32","141,88","28,83K","0,24%"
"28.11.2023","141,90","141,72","141,94","141,08","31,78K","-0,38%"
"27.11.2023","142,44","141,80","142,50","141,62","17,32K","0,10%"
"24.11.2023","142,30","142,58","142,94","141,88","18,70K","-0,55%"
"23.11.2023","143,08","142,98","143,16","142,70","11,60K","-0,28%"
"22.11.2023","143,48","141,92","144,06","141,92","42,81K","1,38%"
"21.11.2023","141,52","142,40","142,58","141,12","40,77K","-0,34%"
"20.11.2023","142,00","140,96","142,00","140,86","68,81K","0,44%"
"17.11.2023","141,38","142,26","142,32","141,00","34,41K","0,13%"
"16.11.2023","141,20","141,86","141,88","140,98","31,53K","-0,90%"
"15.11.2023","142,48","141,98","142,80","141,90","64,12K","0,56%"
"14.11.2023","141,68","141,06","142,22","140,74","41,11K","0,50%"
"13.11.2023","140,98","140,78","141,52","140,46","48,51K","0,64%"
"10.11.2023","140,08","138,66","140,26","137,98","17,16K","0,43%"
"09.11.2023","139,48","139,14","139,60","138,84","37,48K","0,40%"
"08.11.2023","138,92","139,20","139,80","138,70","25,85K","-0,42%"
"07.11.2023","139,50","137,46","139,50","137,42","41,19K","1,74%"
"06.11.2023","137,12","136,96","137,40","136,76","17,60K","0,07%"
"03.11.2023","137,02","136,20","137,02","135,80","65,59K","0,48%"
"02.11.2023","136,36","135,30","136,36","135,20","54,46K","1,70%"
"01.11.2023","134,08","132,44","134,12","132,18","46,14K","1,67%"
"31.10.2023","131,88","130,70","131,94","130,68","31,63K","0,75%"
"30.10.2023","130,90","131,70","132,06","130,40","23,28K","-0,18%"
"27.10.2023","131,14","130,90","131,52","130,60","41,54K","0,03%"
"26.10.2023","131,10","131,08","132,24","130,84","90,78K","-1,80%"
"25.10.2023","133,50","134,58","135,12","133,40","17,15K","-1,11%"
"24.10.2023","135,00","133,84","135,66","133,80","15,82K","0,82%"
"23.10.2023","133,90","134,16","134,30","132,44","47,15K","0,07%"
"20.10.2023","133,80","135,38","135,78","133,80","35,29K","-2,53%"
"19.10.2023","137,28","137,52","138,00","136,94","17,12K","-1,07%"
"18.10.2023","138,76","138,56","139,10","138,26","34,68K","-0,34%"
"17.10.2023","139,24","139,98","140,02","137,78","20,46K","-0,61%"
"16.10.2023","140,10","138,94","140,14","138,24","29,52K","0,59%"
"13.10.2023","139,28","140,38","140,80","139,28","12,75K","-1,09%"
"12.10.2023","140,82","140,00","141,34","139,98","17,35K","1,28%"
"11.10.2023","139,04","139,02","139,64","138,86","18,11K","-0,39%"
"10.10.2023","139,58","138,82","139,62","138,24","26,10K","1,59%"
"09.10.2023","137,40","137,24","137,56","136,76","33,43K","0,85%"
"06.10.2023","136,24","135,98","136,32","134,72","22,05K","0,78%"
"05.10.2023","135,18","136,58","136,90","134,88","15,07K","-0,56%"
"04.10.2023","135,94","134,62","136,16","134,36","75,34K","0,24%"
"03.10.2023","135,62","137,76","138,00","135,56","18,03K","-1,48%"
"02.10.2023","137,66","136,28","137,84","135,68","82,15K","1,18%"
"29.09.2023","136,06","135,60","137,08","135,52","20,92K","0,53%"
"28.09.2023","135,34","135,20","135,34","133,96","24,93K","0,43%"
"27.09.2023","134,76","134,38","135,32","134,36","22,69K","0,51%"
"26.09.2023","134,08","134,98","135,08","133,82","22,73K","-1,00%"
"25.09.2023","135,44","134,82","135,50","133,96","27,85K","-0,01%"
"22.09.2023","135,46","134,54","135,52","134,42","15,98K","0,28%"
"21.09.2023","135,08","136,48","136,50","134,78","33,68K","-1,90%"
"20.09.2023","137,70","138,36","138,58","137,50","11,02K","0,04%"
"19.09.2023","137,64","138,52","138,86","137,16","12,96K","-0,79%"
"18.09.2023","138,74","138,92","139,02","138,12","18,53K","-0,12%"
"15.09.2023","138,90","141,56","141,56","138,86","44,96K","-1,49%"
"14.09.2023","141,00","139,54","141,24","139,30","24,49K","1,23%"
"13.09.2023","139,28","138,52","139,36","138,10","15,98K","0,06%"
"12.09.2023","139,20","140,06","140,20","139,00","12,01K","-0,06%"
"11.09.2023","139,28","139,12","139,80","138,70","10,96K","-0,04%"
"08.09.2023","139,34","138,90","139,34","138,30","18,17K","0,61%"
"07.09.2023","138,50","138,98","139,12","137,80","31,63K","-0,77%"
"06.09.2023","139,58","140,18","140,24","139,26","22,85K","-0,81%"
"05.09.2023","140,72","139,62","141,08","139,32","19,33K","0,74%"
"04.09.2023","139,68","139,90","140,12","139,62","29,02K","0,07%"
"01.09.2023","139,58","138,90","139,82","138,68","42,99K","0,24%"
"31.08.2023","139,24","137,92","139,60","137,90","37,48K","1,29%"
"30.08.2023","137,46","137,50","137,66","136,42","27,54K","0,04%"
"29.08.2023","137,40","135,66","137,40","135,28","19,53K","1,85%"
"28.08.2023","134,90","134,40","135,66","134,40","22,85K","0,84%"
"25.08.2023","133,78","133,26","134,46","132,92","11,37K","-0,27%"
"24.08.2023","134,14","137,56","137,62","134,14","22,77K","-1,11%"
"23.08.2023","135,64","134,20","135,74","134,20","20,33K","1,07%"
"22.08.2023","134,20","133,12","134,66","133,12","16,63K","1,62%"
"21.08.2023","132,06","131,46","132,84","131,40","16,88K","1,04%"
"18.08.2023","130,70","131,60","131,66","130,36","34,99K","-1,27%"
"17.08.2023","132,38","133,26","133,46","132,26","18,06K","-1,28%"
"16.08.2023","134,10","134,12","134,32","133,62","13,69K","-0,34%"
"15.08.2023","134,56","135,48","135,48","133,82","22,28K","-0,19%"
"14.08.2023","134,82","133,52","135,20","133,44","19,79K","1,49%"
"11.08.2023","132,84","134,02","134,24","132,84","17,76K","-1,35%"
"10.08.2023","134,66","134,20","135,42","133,94","9,48K","0,73%"
"09.08.2023","133,68","135,92","135,96","133,46","17,44K","-0,73%"
"08.08.2023","134,66","135,60","136,04","134,52","11,27K","-0,34%"
"07.08.2023","135,12","135,88","136,14","134,84","27,65K","-0,75%"
"04.08.2023","136,14","136,98","137,38","135,24","28,27K","-0,25%"
"03.08.2023","136,48","136,28","136,80","135,70","16,55K","-0,38%"
"02.08.2023","137,00","137,88","138,34","136,94","43,93K","-1,72%"
"01.08.2023","139,40","139,36","139,46","138,68","50,71K","0,52%"
"31.07.2023","138,68","138,76","139,20","138,34","20,53K","-0,23%"
"28.07.2023","139,00","137,66","139,00","137,54","25,42K","-0,06%"
"27.07.2023","139,08","136,76","139,60","136,68","75,91K","2,52%"
"26.07.2023","135,66","136,66","136,76","135,28","21,83K","-0,89%"
"25.07.2023","136,88","135,88","137,32","135,70","16,93K","1,02%"
"24.07.2023","135,50","134,80","136,00","134,76","17,50K","-0,03%"
"21.07.2023","135,54","135,30","136,20","135,00","26,92K","-0,70%"
"20.07.2023","136,50","136,40","137,10","135,96","30,52K","-1,19%"
"19.07.2023","138,14","137,30","138,30","137,10","17,32K","1,86%"
"18.07.2023","135,62","135,46","135,82","135,18","15,13K","0,13%"
"17.07.2023","135,44","134,68","135,70","134,46","23,43K","-0,10%"
"14.07.2023","135,58","135,00","136,06","134,68","21,44K","0,95%"
"13.07.2023","134,30","134,04","134,48","134,00","20,33K","0,42%"
"12.07.2023","133,74","133,48","134,58","133,42","39,47K","0,54%"
"11.07.2023","133,02","133,06","133,64","132,60","8,82K","0,00%"
"10.07.2023","133,02","132,78","133,66","132,60","11,28K","-0,75%"
"07.07.2023","134,02","134,40","134,86","133,80","18,41K","-0,25%"
"06.07.2023","134,36","135,48","135,74","134,00","50,58K","-1,15%"
"05.07.2023","135,92","135,24","136,46","134,84","13,78K","0,24%"
"04.07.2023","135,60","135,44","135,70","135,40","25,35K","0,37%"
"03.07.2023","135,10","135,66","136,08","135,04","52,83K","0,13%"
"30.06.2023","134,92","133,94","135,34","133,94","34,58K","1,00%"
"29.06.2023","133,58","133,52","133,98","132,86","13,84K","-0,10%"
"28.06.2023","133,72","132,26","134,06","131,84","65,31K","1,67%"
"27.06.2023","131,52","131,12","131,52","130,66","18,59K","-0,62%"
"26.06.2023","132,34","132,80","133,54","132,00","23,77K","-0,36%"
"23.06.2023","132,82","133,26","134,10","132,32","29,56K","0,11%"
"22.06.2023","132,68","131,18","132,76","130,76","28,27K","0,39%"
"21.06.2023","132,16","133,96","134,22","131,78","27,03K","-1,24%"
"20.06.2023","133,82","133,88","134,62","133,26","20,56K","-0,10%"
"19.06.2023","133,96","134,26","134,46","133,88","23,43K","-0,71%"
"16.06.2023","134,92","134,60","135,58","134,58","37,74K","0,39%"
"15.06.2023","134,40","134,70","134,78","133,18","36,93K","-0,19%"
"14.06.2023","134,66","134,52","134,96","133,56","34,80K","0,18%"
"13.06.2023","134,42","134,06","134,68","133,42","35,90K","1,31%"
"12.06.2023","132,68","132,32","132,68","131,84","15,09K","0,64%"
"09.06.2023","131,84","130,96","132,60","130,72","18,33K","0,83%"
"08.06.2023","130,76","129,70","130,82","129,60","23,05K","-0,64%"
"07.06.2023","131,60","132,56","133,02","131,30","28,66K","-0,72%"
"06.06.2023","132,56","132,26","132,86","132,10","22,81K","-0,54%"
"05.06.2023","133,28","132,14","133,28","132,12","27,27K","0,83%"
"02.06.2023","132,18","131,00","132,32","130,88","27,42K","1,44%"
"01.06.2023","130,30","130,06","130,56","129,24","100,48K","0,23%"
"31.05.2023","130,00","130,48","131,00","130,00","62,27K","-0,70%"
"30.05.2023","130,92","130,88","131,70","130,40","52,68K","0,35%"
"29.05.2023","130,46","130,52","130,68","130,30","12,39K","0,83%"
"26.05.2023","129,38","126,56","129,46","126,18","57,28K","2,34%"
"25.05.2023","126,42","125,50","126,56","125,34","34,43K","2,88%"
"24.05.2023","122,88","123,48","123,66","122,40","37,61K","-1,63%"
"23.05.2023","124,92","124,94","125,22","124,56","25,96K","-0,08%"
"22.05.2023","125,02","124,48","125,18","124,04","42,48K","0,64%"
"19.05.2023","124,22","125,02","125,32","124,22","44,95K","-0,13%"
"18.05.2023","124,38","122,22","124,52","122,22","20,04K","2,62%"
"17.05.2023","121,20","120,60","121,44","120,54","21,19K","0,38%"
"16.05.2023","120,74","119,94","120,88","119,72","19,47K","0,73%"
"15.05.2023","119,86","119,84","120,08","119,10","36,74K","0,37%"
"12.05.2023","119,42","119,52","120,10","119,40","34,93K","0,03%"
"11.05.2023","119,38","119,24","119,50","118,76","56,83K","0,96%"
"10.05.2023","118,24","117,32","118,44","116,90","26,45K","0,60%"
"09.05.2023","117,54","117,48","117,74","117,30","22,72K","0,50%"
"08.05.2023","116,96","116,78","117,10","116,48","13,66K","0,24%"
"05.05.2023","116,68","115,04","116,84","114,92","22,59K","1,39%"
"04.05.2023","115,08","114,96","115,32","114,24","27,12K","-0,40%"
"03.05.2023","115,54","115,96","116,12","115,50","14,35K","-0,31%"
"02.05.2023","115,90","117,36","117,70","115,70","66,64K","-0,10%"
"28.04.2023","116,02","116,12","116,86","115,68","19,69K","0,59%"
"27.04.2023","115,34","113,82","115,34","113,70","47,90K","1,44%"
"26.04.2023","113,70","113,94","114,00","112,64","23,28K","-0,26%"
"25.04.2023","114,00","113,98","114,32","113,78","14,79K","-0,11%"
"24.04.2023","114,12","114,88","115,08","114,08","22,80K","-0,90%"
"21.04.2023","115,16","115,44","115,52","114,70","18,65K","-0,40%"
"20.04.2023","115,62","115,72","115,86","114,82","27,29K","-0,22%"
"19.04.2023","115,88","115,78","116,12","115,40","25,12K","-0,43%"
"18.04.2023","116,38","116,46","117,26","116,00","28,68K","0,29%"
"17.04.2023","116,04","116,10","116,66","115,86","38,44K","0,50%"
"14.04.2023","115,46","115,16","116,16","114,66","25,55K","0,57%"
"13.04.2023","114,80","114,34","114,80","113,78","26,93K","0,19%"
"12.04.2023","114,58","115,42","116,30","114,32","45,64K","-0,99%"
"11.04.2023","115,72","116,78","116,90","115,60","29,46K","0,10%"
"06.04.2023","115,60","115,52","115,74","114,90","26,88K","0,09%"
"05.04.2023","115,50","116,60","116,70","115,26","38,59K","-0,96%"
"04.04.2023","116,62","117,28","118,00","116,40","21,96K","-0,24%"
"03.04.2023","116,90","118,06","118,06","116,72","57,15K","-0,15%"
"31.03.2023","117,08","115,86","117,20","115,84","34,73K","1,18%"
"30.03.2023","115,72","115,60","115,92","115,20","87,31K","0,77%"
"29.03.2023","114,84","114,40","114,90","113,94","40,13K","1,56%"
"28.03.2023","113,08","114,50","114,50","112,70","37,54K","-1,57%"
"27.03.2023","114,88","115,92","115,98","114,80","102,95K","0,23%"
"24.03.2023","114,62","114,86","115,24","114,30","58,83K","-0,26%"
"23.03.2023","114,92","113,42","115,20","113,36","72,45K","-0,12%"
"22.03.2023","115,06","114,76","115,62","114,54","51,16K","0,59%"
"21.03.2023","114,38","114,28","114,74","113,80","32,27K","0,94%"
"20.03.2023","113,32","113,94","114,34","112,78","51,47K","-0,86%"
"17.03.2023","114,30","115,08","115,80","113,86","57,21K","-0,35%"
"16.03.2023","114,70","112,80","114,80","112,26","58,84K","2,56%"
"15.03.2023","111,84","110,64","112,60","109,70","103,49K","0,79%"
"14.03.2023","110,96","109,00","111,00","108,46","64,49K","2,04%"
"13.03.2023","108,74","109,14","109,48","106,40","132,74K","-1,29%"
"10.03.2023","110,16","110,22","110,88","108,50","48,01K","-2,62%"
"09.03.2023","113,12","112,48","113,66","111,98","38,39K","0,73%"
"08.03.2023","112,30","112,34","112,82","112,00","46,48K","-0,20%"
"07.03.2023","112,52","112,46","113,00","111,98","35,04K","-0,92%"
"06.03.2023","113,56","112,80","113,70","112,46","54,53K","1,48%"
"03.03.2023","111,90","110,46","112,14","110,38","39,03K","2,51%"
"02.03.2023","109,16","108,32","109,42","108,32","38,68K","0,11%"
"01.03.2023","109,04","110,68","110,78","108,78","65,04K","-1,55%"
"28.02.2023","110,76","110,54","111,28","110,34","16,07K","-0,18%"
"27.02.2023","110,96","111,16","111,66","110,82","29,56K","0,69%"
"24.02.2023","110,20","111,64","111,68","110,00","27,33K","-0,65%"
"23.02.2023","110,92","111,60","112,28","110,86","23,68K","0,18%"
"22.02.2023","110,72","110,60","111,00","109,96","52,66K","-0,07%"
"21.02.2023","110,80","112,22","112,26","110,80","41,98K","-1,58%"
"20.02.2023","112,58","112,46","112,92","112,36","28,73K","0,54%"
"17.02.2023","111,98","113,12","113,34","111,98","34,44K","-2,61%"
"16.02.2023","114,98","115,78","115,82","113,84","97,17K","0,10%"
"15.02.2023","114,86","113,66","114,92","113,66","43,11K","1,88%"
"14.02.2023","112,74","113,52","114,26","112,48","38,65K","-0,56%"
"13.02.2023","113,38","112,00","113,48","112,00","19,17K","1,18%"
"10.02.2023","112,06","112,02","112,62","111,36","40,30K","-1,36%"
"09.02.2023","113,60","114,26","114,56","113,50","19,69K","0,05%"
"08.02.2023","113,54","115,34","115,40","113,50","85,52K","-0,54%"
"07.02.2023","114,16","113,36","114,16","113,12","80,08K","0,26%"
"06.02.2023","113,86","113,04","113,86","112,36","94,54K","-1,13%"
"03.02.2023","115,16","112,18","115,16","112,00","62,86K","1,00%"
"02.02.2023","114,02","110,48","114,02","110,36","72,19K","5,81%"
"01.02.2023","107,76","108,08","108,30","107,34","83,16K","-0,09%"
"31.01.2023","107,86","107,14","107,98","106,42","30,32K","0,24%"
"30.01.2023","107,60","108,14","108,14","106,82","52,15K","-1,01%"
"27.01.2023","108,70","107,30","108,74","107,02","49,41K","1,86%"
"26.01.2023","106,72","106,00","107,34","105,96","98,36K","2,16%"
"25.01.2023","104,46","105,48","105,52","103,22","24,14K","-1,53%"
"24.01.2023","106,08","106,16","106,64","105,56","41,54K","-0,09%"
"23.01.2023","106,18","103,76","106,52","103,50","61,93K","3,01%"
"20.01.2023","103,08","102,06","103,08","101,58","29,25K","1,46%"
"19.01.2023","101,60","102,64","102,80","101,60","39,02K","-1,63%"
"18.01.2023","103,28","104,12","104,86","103,28","32,71K","-0,77%"
"17.01.2023","104,08","103,28","104,54","103,00","20,97K","0,44%"
"16.01.2023","103,62","103,60","103,94","103,00","57,98K","0,76%"
"13.01.2023","102,84","102,80","103,10","102,06","31,14K","0,37%"
"12.01.2023","102,46","103,14","103,52","100,50","41,85K","0,25%"
"11.01.2023","102,20","101,48","102,36","101,34","47,15K","1,41%"
"10.01.2023","100,78","100,64","101,32","100,10","26,04K","-1,49%"
"09.01.2023","102,30","100,72","102,46","100,64","73,00K","1,97%"
"06.01.2023","100,32","99,50","100,52","99,10","41,87K","0,45%"
"05.01.2023","99,87","99,81","100,58","99,24","64,08K","-0,84%"
"04.01.2023","100,72","100,38","100,72","99,29","47,44K","0,85%"
"03.01.2023","99,87","100,98","102,38","99,87","59,82K","-1,97%"
"02.01.2023","101,88","100,68","102,20","100,42","43,79K","3,03%"
"30.12.2022","98,88","99,51","99,66","98,88","19,33K","-1,07%"
"29.12.2022","99,95","98,38","99,97","98,19","132,85K","1,65%"
"28.12.2022","98,33","99,34","99,40","98,28","25,87K","-1,09%"
"27.12.2022","99,41","101,20","101,42","98,98","29,98K","-0,89%"
"23.12.2022","100,30","100,46","101,14","99,42","42,00K","-0,06%"
"22.12.2022","100,36","102,96","103,20","100,18","170,07K","-2,86%"
"21.12.2022","103,32","101,92","103,40","101,74","47,89K","2,16%"
"20.12.2022","101,14","100,88","101,90","100,60","55,40K","-0,71%"
"19.12.2022","101,86","103,14","103,70","101,86","32,75K","-1,24%"
"16.12.2022","103,14","103,66","104,04","102,58","110,45K","-1,02%"
"15.12.2022","104,20","106,70","106,70","103,94","62,81K","-4,33%"
"14.12.2022","108,92","108,58","109,08","107,98","24,27K","-0,77%"
"13.12.2022","109,76","108,40","112,00","108,16","47,04K","2,69%"
"12.12.2022","106,88","107,00","107,28","106,60","30,98K","-1,02%"
"09.12.2022","107,98","107,72","108,26","106,88","27,15K","0,71%"
"08.12.2022","107,22","106,62","107,64","106,22","29,55K","0,64%"
"07.12.2022","106,54","107,74","107,74","105,80","46,21K","-1,13%"
"06.12.2022","107,76","109,46","109,90","107,26","41,11K","-1,88%"
"05.12.2022","109,82","110,36","110,76","109,76","46,26K","-0,69%"
"02.12.2022","110,58","111,22","111,62","109,50","18,77K","-1,00%"
"01.12.2022","111,70","112,56","112,56","111,00","85,53K","2,38%"
"30.11.2022","109,10","108,44","109,10","108,00","26,96K","1,02%"
"29.11.2022","108,00","109,48","109,72","107,94","39,54K","-1,37%"
"28.11.2022","109,50","109,54","109,78","108,22","39,23K","-0,71%"
"25.11.2022","110,28","111,14","111,14","110,28","20,57K","-0,97%"
"24.11.2022","111,36","111,04","111,56","110,90","32,77K","0,18%"
"23.11.2022","111,16","110,52","111,54","110,46","64,23K","1,09%"
"22.11.2022","109,96","109,58","110,22","109,14","29,89K","-0,15%"
"21.11.2022","110,12","110,40","110,86","109,80","26,35K","0,27%"
"18.11.2022","109,82","109,64","111,00","109,32","18,23K","0,24%"
"17.11.2022","109,56","110,46","110,48","108,62","48,75K","-0,33%"
"16.11.2022","109,92","111,64","111,64","109,32","176,38K","-2,36%"
"15.11.2022","112,58","110,62","112,58","110,42","53,83K","1,61%"
"14.11.2022","110,80","110,88","111,36","110,32","26,40K","0,82%"
"11.11.2022","109,90","111,22","111,38","109,42","101,13K","0,22%"
"10.11.2022","109,66","105,54","109,66","105,40","79,89K","3,37%"
"09.11.2022","106,08","107,22","107,38","105,90","24,76K","-1,74%"
"08.11.2022","107,96","106,54","107,96","106,54","33,09K","1,54%"
"07.11.2022","106,32","105,86","106,70","105,70","42,63K","0,89%"
"04.11.2022","105,38","106,94","107,76","104,90","60,07K","-1,95%"
"03.11.2022","107,48","108,72","108,80","106,82","61,64K","-2,49%"
"02.11.2022","110,22","111,62","111,70","110,22","42,03K","-1,25%"
"01.11.2022","111,62","112,82","113,38","111,42","116,18K","-0,76%"
"31.10.2022","112,48","112,70","113,02","111,68","40,37K","0,66%"
"28.10.2022","111,74","108,16","112,02","107,90","42,85K","1,51%"
"27.10.2022","110,08","110,48","111,18","109,36","55,16K","-2,10%"
"26.10.2022","112,44","111,82","112,66","110,88","33,05K","-1,02%"
"25.10.2022","113,60","113,06","113,98","112,42","33,59K","1,70%"
"24.10.2022","111,70","112,18","112,86","110,48","39,04K","1,31%"
"21.10.2022","110,26","109,34","110,76","109,00","20,73K","-1,06%"
"20.10.2022","111,44","109,88","111,60","109,40","45,92K","0,70%"
"19.10.2022","110,66","110,90","111,50","110,20","25,42K","0,93%"
"18.10.2022","109,64","111,02","112,22","109,64","77,71K","0,07%"
"17.10.2022","109,56","108,18","110,08","107,72","87,59K","1,07%"
"14.10.2022","108,40","110,52","111,54","108,18","53,38K","-0,29%"
"13.10.2022","108,72","108,14","111,90","105,28","124,98K","0,17%"
"12.10.2022","108,54","108,80","109,48","108,00","46,25K","-0,39%"
"11.10.2022","108,96","108,60","109,36","107,90","31,07K","-0,71%"
"10.10.2022","109,74","110,18","111,00","109,22","44,41K","-1,22%"
"07.10.2022","111,10","113,84","114,80","110,96","23,13K","-3,17%"
"06.10.2022","114,74","113,88","115,16","113,00","67,60K","2,05%"
"05.10.2022","112,44","112,28","112,94","111,90","36,56K","-0,65%"
"04.10.2022","113,18","112,32","113,62","112,12","50,23K","2,50%"
"03.10.2022","110,42","108,92","110,90","108,18","45,08K","-1,30%"
"30.09.2022","111,88","111,64","112,34","110,68","30,83K","0,63%"
"29.09.2022","111,18","114,54","114,54","111,00","48,55K","-3,14%"
"28.09.2022","114,78","113,96","114,98","113,04","44,35K","0,07%"
"27.09.2022","114,70","115,02","116,18","114,68","30,04K","0,03%"
"26.09.2022","114,66","113,38","115,52","113,00","66,60K","1,08%"
"23.09.2022","113,44","113,84","114,20","112,78","137,80K","-0,42%"
"22.09.2022","113,92","114,58","115,40","113,60","47,06K","-2,83%"
"21.09.2022","117,24","116,24","117,30","116,00","12,89K","1,10%"
"20.09.2022","115,96","116,32","116,56","115,44","15,72K","0,85%"
"19.09.2022","114,98","114,84","115,88","114,38","17,11K","0,75%"
"16.09.2022","114,12","115,16","115,68","113,96","34,63K","-2,24%"
"15.09.2022","116,74","118,82","118,82","116,14","40,88K","-1,15%"
"14.09.2022","118,10","118,02","118,42","116,98","45,90K","-0,66%"
"13.09.2022","118,88","122,70","123,00","118,60","52,06K","-2,78%"
"12.09.2022","122,28","121,12","122,58","120,80","16,68K","0,38%"
"09.09.2022","121,82","119,80","121,82","119,62","18,65K","0,84%"
"08.09.2022","120,80","119,84","120,86","118,40","22,61K","1,79%"
"07.09.2022","118,68","118,00","118,98","117,94","30,07K","-0,19%"
"06.09.2022","118,90","119,04","119,76","117,50","27,44K","-0,17%"
"05.09.2022","119,10","119,18","119,30","118,30","17,66K","-1,19%"
"02.09.2022","120,54","119,90","120,98","119,26","20,78K","1,86%"
"01.09.2022","118,34","118,24","119,02","117,50","102,01K","-1,00%"
"31.08.2022","119,54","120,84","121,60","119,12","36,60K","-0,38%"
"30.08.2022","120,00","122,18","122,74","119,70","32,09K","-1,23%"
"29.08.2022","121,50","122,38","122,42","121,24","63,42K","-2,69%"
"26.08.2022","124,86","128,16","128,24","124,42","21,20K","-1,81%"
"25.08.2022","127,16","127,04","127,72","126,52","17,34K","0,44%"
"24.08.2022","126,60","126,04","126,78","125,52","17,88K","0,59%"
"23.08.2022","125,86","126,22","126,88","125,22","16,65K","-0,76%"
"22.08.2022","126,82","127,96","128,00","126,40","31,13K","-1,18%"
"19.08.2022","128,34","129,62","129,70","128,32","32,64K","-1,29%"
"18.08.2022","130,02","128,50","130,02","128,50","85,95K","1,17%"
"17.08.2022","128,52","130,46","130,46","128,40","40,22K","-1,37%"
"16.08.2022","130,30","130,64","131,30","129,16","33,79K","0,37%"
"15.08.2022","129,82","128,62","129,92","128,18","46,29K","1,61%"
"12.08.2022","127,76","125,76","127,84","125,66","14,26K","1,14%"
"11.08.2022","126,32","126,84","127,46","125,92","52,86K","0,75%"
"10.08.2022","125,38","123,64","125,90","123,56","33,23K","1,11%"
"09.08.2022","124,00","125,82","125,88","123,20","81,76K","-1,88%"
"08.08.2022","126,38","126,84","127,82","126,26","34,50K","0,69%"
"05.08.2022","125,52","126,72","127,04","125,40","135,78K","-0,33%"
"04.08.2022","125,94","126,50","127,36","125,66","55,64K","-0,40%"
"03.08.2022","126,44","123,32","126,52","123,14","163,45K","2,46%"
"02.08.2022","123,40","122,40","123,68","121,64","144,75K","0,00%"
"01.08.2022","123,40","122,78","123,90","121,98","199,51K","1,03%"
"29.07.2022","122,14","122,48","123,52","121,82","104,63K","0,94%"
"28.07.2022","121,00","119,46","121,12","118,82","47,66K","1,60%"
"27.07.2022","119,10","117,56","119,42","117,22","16,13K","2,20%"
"26.07.2022","116,54","117,08","118,10","116,52","26,12K","-0,95%"
"25.07.2022","117,66","118,46","118,72","116,76","50,95K","-0,56%"
"22.07.2022","118,32","119,46","120,50","118,32","50,68K","-0,92%"
"21.07.2022","119,42","118,52","119,42","118,00","39,02K","0,42%"
"20.07.2022","118,92","116,64","118,92","116,42","39,42K","2,84%"
"19.07.2022","115,64","114,06","115,64","112,90","31,53K","-0,16%"
"18.07.2022","115,82","116,36","116,78","115,34","19,63K","0,43%"
"15.07.2022","115,32","114,24","115,94","113,50","36,02K","2,31%"
"14.07.2022","112,72","113,60","113,60","112,24","20,93K","-0,28%"
"13.07.2022","113,04","114,38","114,60","111,34","49,23K","-1,64%"
"12.07.2022","114,92","114,42","115,90","114,16","15,66K","-0,02%"
"11.07.2022","114,94","115,22","116,48","114,56","21,53K","-1,17%"
"08.07.2022","116,30","115,60","116,54","114,72","36,01K","1,08%"
"07.07.2022","115,06","113,38","115,16","113,14","37,32K","2,31%"
"06.07.2022","112,46","111,70","113,32","111,36","36,90K","3,12%"
"05.07.2022","109,06","108,44","109,64","107,76","59,08K","1,24%"
"04.07.2022","107,72","107,54","107,72","107,14","4,75K","0,24%"
"01.07.2022","107,46","105,92","108,14","105,80","54,40K","0,30%"
"30.06.2022","107,14","107,06","107,74","105,78","57,19K","-1,25%"
"29.06.2022","108,50","107,44","108,76","107,12","44,86K","-0,82%"
"28.06.2022","109,40","111,02","112,04","109,40","52,23K","-1,23%"
"27.06.2022","110,76","111,60","112,50","110,34","60,91K","0,34%"
"24.06.2022","110,38","108,82","111,04","108,82","43,43K","2,55%"
"23.06.2022","107,64","105,90","108,10","105,90","32,75K","0,45%"
"22.06.2022","107,16","105,46","107,52","104,56","38,40K","0,09%"
"21.06.2022","107,06","105,54","107,30","105,30","27,83K","2,00%"
"20.06.2022","104,96","104,94","105,14","104,54","36,66K","0,48%"
"17.06.2022","104,46","103,64","104,96","103,34","44,00K","1,04%"
"16.06.2022","103,38","106,94","107,10","102,96","41,98K","-3,78%"
"15.06.2022","107,44","105,84","107,54","105,36","68,73K","1,30%"
"14.06.2022","106,06","107,12","107,12","105,20","92,75K","-0,49%"
"13.06.2022","106,58","108,02","108,10","105,88","42,68K","-2,81%"
"10.06.2022","109,66","112,82","113,50","109,66","54,17K","-4,68%"
"09.06.2022","115,04","114,70","115,62","113,86","13,82K","-0,60%"
"08.06.2022","115,74","115,32","115,90","114,80","26,24K","0,75%"
"07.06.2022","114,88","113,98","115,52","113,46","22,91K","-0,36%"
"06.06.2022","115,30","115,04","116,56","114,98","17,78K","1,12%"
"03.06.2022","114,02","116,64","116,64","113,76","34,40K","-0,89%"
"02.06.2022","115,04","114,92","115,30","113,50","21,83K","0,19%"
"01.06.2022","114,82","115,10","116,88","114,40","66,20K","0,17%"
"31.05.2022","114,62","115,14","115,72","113,76","45,85K","-1,09%"
"30.05.2022","115,88","116,46","116,72","115,32","98,90K","1,21%"
"27.05.2022","114,50","111,34","114,50","110,98","44,89K","3,36%"
"26.05.2022","110,78","108,46","111,08","108,38","13,05K","2,69%"
"25.05.2022","107,88","108,28","108,80","106,90","41,15K","2,06%"
"24.05.2022","105,70","107,16","107,98","105,12","31,50K","-3,36%"
"23.05.2022","109,38","110,22","110,30","107,84","41,86K","0,48%"
"20.05.2022","108,86","110,36","111,44","108,16","46,09K","-1,39%"
"19.05.2022","110,40","110,72","110,72","108,74","82,92K","-2,06%"
"18.05.2022","112,72","115,86","115,88","112,72","31,48K","-2,29%"
"17.05.2022","115,36","115,08","116,64","114,16","35,32K","0,84%"
"16.05.2022","114,40","115,14","115,86","114,30","55,02K","-1,06%"
"13.05.2022","115,62","113,38","115,74","113,18","37,22K","3,16%"
"12.05.2022","112,08","110,44","113,42","109,74","75,26K","-1,36%"
"11.05.2022","113,62","114,82","115,90","112,20","55,62K","0,62%"
"10.05.2022","112,92","114,26","115,70","112,60","80,89K","-0,70%"
"09.05.2022","113,72","116,86","116,94","113,42","128,58K","-3,41%"
"06.05.2022","117,74","119,04","119,22","115,26","102,20K","-1,69%"
"05.05.2022","119,76","123,62","124,00","119,40","78,35K","0,57%"
"04.05.2022","119,08","121,50","121,78","119,00","43,14K","-1,73%"
"03.05.2022","121,18","121,20","121,58","119,86","71,46K","1,42%"
"02.05.2022","119,48","119,74","120,30","118,14","63,42K","-2,18%"
"29.04.2022","122,14","123,38","124,48","121,60","29,22K","0,25%"
"28.04.2022","121,84","122,40","123,46","121,16","33,10K","0,26%"
"27.04.2022","121,52","120,00","122,00","119,44","40,15K","1,23%"
"26.04.2022","120,04","122,84","123,20","119,80","39,79K","-1,20%"
"25.04.2022","121,50","120,52","122,24","119,84","43,79K","-1,04%"
"22.04.2022","122,78","123,78","124,00","122,56","45,23K","-2,63%"
"21.04.2022","126,10","125,88","127,70","125,70","92,80K","-0,16%"
"20.04.2022","126,30","126,90","128,58","125,90","73,75K","-1,20%"
"19.04.2022","127,84","126,24","127,84","124,80","37,49K","0,80%"
"14.04.2022","126,82","127,34","128,22","126,48","83,90K","-0,05%"
"13.04.2022","126,88","126,48","127,06","125,52","21,46K","-0,31%"
"12.04.2022","127,28","125,40","127,68","124,80","30,12K","1,00%"
"11.04.2022","126,02","127,60","127,82","125,50","28,95K","-2,40%"
"08.04.2022","129,12","130,94","131,12","128,70","20,21K","0,30%"
"07.04.2022","128,74","129,60","130,60","128,74","20,55K","-0,39%"
"06.04.2022","129,24","132,60","132,62","129,00","39,94K","-2,91%"
"05.04.2022","133,12","134,54","134,86","132,86","56,09K","-0,43%"
"04.04.2022","133,70","131,38","133,76","130,90","31,37K","2,37%"
"01.04.2022","130,60","131,50","131,90","130,58","101,13K","-1,03%"
"31.03.2022","131,96","132,04","132,88","131,58","30,21K","-0,20%"
"30.03.2022","132,22","133,16","133,16","131,72","56,15K","-0,45%"
"29.03.2022","132,82","132,90","133,46","132,00","80,60K","1,31%"
"28.03.2022","131,10","130,90","132,36","130,36","69,99K","0,94%"
"25.03.2022","129,88","130,60","131,26","129,10","50,36K","0,46%"
"24.03.2022","129,28","128,96","129,80","128,30","30,46K","-0,12%"
"23.03.2022","129,44","129,54","130,00","128,62","41,45K","0,11%"
"22.03.2022","129,30","127,66","129,76","126,94","80,57K","2,39%"
"21.03.2022","126,28","126,62","127,46","125,68","38,66K","0,27%"
"18.03.2022","125,94","123,46","125,96","123,34","27,81K","2,79%"
"17.03.2022","122,52","123,24","123,30","121,80","21,38K","0,41%"
"16.03.2022","122,02","121,18","122,58","120,78","56,92K","2,54%"
"15.03.2022","119,00","115,12","119,12","114,54","64,27K","2,06%"
"14.03.2022","116,60","119,08","119,30","116,50","37,61K","-2,70%"
"11.03.2022","119,84","120,54","122,46","119,84","27,44K","0,98%"
"10.03.2022","118,68","120,76","120,88","118,48","36,96K","-1,12%"
"09.03.2022","120,02","119,50","120,64","119,00","74,80K","1,88%"
"08.03.2022","117,80","118,66","119,80","117,56","37,03K","-3,35%"
"07.03.2022","121,88","121,70","123,82","121,30","38,88K","-0,81%"
"04.03.2022","122,88","123,74","124,92","122,68","52,40K","-1,14%"
"03.03.2022","124,30","124,98","126,50","123,82","96,11K","-0,08%"
"02.03.2022","124,40","122,90","124,78","122,78","49,29K","0,66%"
"01.03.2022","123,58","124,06","125,08","122,66","117,29K","-0,29%"
"28.02.2022","123,94","122,14","123,94","121,54","81,96K","1,23%"
"25.02.2022","122,44","120,06","122,48","119,92","72,94K","3,75%"
"24.02.2022","118,02","113,72","118,64","113,26","156,55K","-0,37%"
"23.02.2022","118,46","120,02","120,88","118,30","25,78K","-0,84%"
"22.02.2022","119,46","117,68","121,02","117,56","81,57K","0,71%"
"21.02.2022","118,62","120,76","120,90","118,50","94,85K","-1,66%"
"18.02.2022","120,62","122,12","122,54","120,28","60,06K","-2,13%"
"17.02.2022","123,24","124,68","124,84","122,88","39,32K","-0,45%"
"16.02.2022","123,80","124,78","125,46","123,02","16,81K","-0,79%"
"15.02.2022","124,78","123,18","125,22","123,18","61,93K","0,84%"
"14.02.2022","123,74","122,52","123,74","120,92","170,56K","-0,55%"
"11.02.2022","124,42","125,24","126,20","124,42","16,50K","-1,36%"
"10.02.2022","126,14","128,22","128,28","126,02","76,33K","-1,04%"
"09.02.2022","127,46","126,28","127,60","126,18","75,18K","1,63%"
"08.02.2022","125,42","124,52","125,42","123,68","27,09K","0,48%"
"07.02.2022","124,82","125,44","126,24","124,54","63,04K","0,47%"
"04.02.2022","124,24","125,72","125,76","122,48","50,60K","-0,91%"
"03.02.2022","125,38","128,18","128,26","125,38","71,54K","-2,93%"
"02.02.2022","129,16","131,14","131,70","129,12","95,92K","0,03%"
"01.02.2022","129,12","129,06","129,60","127,70","133,36K","0,80%"
"31.01.2022","128,10","126,08","128,26","125,82","98,03K","3,21%"
"28.01.2022","124,12","123,72","124,46","121,14","76,69K","-0,91%"
"27.01.2022","125,26","121,84","125,74","121,72","92,17K","0,34%"
"26.01.2022","124,84","123,06","125,46","123,04","90,19K","2,72%"
"25.01.2022","121,54","122,52","124,20","121,48","95,03K","0,88%"
"24.01.2022","120,48","125,06","125,44","120,42","234,82K","-5,21%"
"21.01.2022","127,10","127,00","127,54","124,60","302,17K","-3,36%"
"20.01.2022","131,52","129,84","131,74","129,20","68,16K","1,20%"
"19.01.2022","129,96","129,58","132,04","129,52","76,21K","-1,08%"
"18.01.2022","131,38","131,96","132,40","130,70","39,17K","-1,35%"
"17.01.2022","133,18","132,74","133,62","132,52","43,84K","0,62%"
"14.01.2022","132,36","131,68","133,24","130,16","52,77K","-1,46%"
"13.01.2022","134,32","134,82","135,62","133,66","76,88K","-0,94%"
"12.01.2022","135,60","136,10","136,60","134,88","42,31K","0,34%"
"11.01.2022","135,14","134,20","135,30","133,32","49,92K","2,64%"
"10.01.2022","131,66","134,54","134,62","130,40","201,81K","-1,89%"
"07.01.2022","134,20","135,54","136,44","133,46","72,01K","-1,50%"
"06.01.2022","136,24","135,98","137,02","134,50","58,30K","-1,96%"
"05.01.2022","138,96","139,92","140,08","138,50","45,57K","-0,81%"
"04.01.2022","140,10","142,58","143,00","139,34","55,19K","-0,99%"
"03.01.2022","141,50","140,90","141,86","140,42","69,69K","-0,38%"
"30.12.2021","142,04","142,06","142,54","141,84","12,70K","0,57%"
"29.12.2021","141,24","142,62","143,00","140,76","16,14K","-0,61%"
"28.12.2021","142,10","142,50","143,22","142,10","22,92K","0,11%"
"27.12.2021","141,94","140,26","142,22","140,26","33,53K","1,01%"
"23.12.2021","140,52","139,14","140,52","139,00","15,93K","1,33%"
"22.12.2021","138,68","137,84","138,68","136,90","24,48K","1,97%"
"21.12.2021","136,00","135,98","136,62","134,86","36,13K","1,64%"
"20.12.2021","133,80","134,96","135,00","133,80","46,97K","-2,28%"
"17.12.2021","136,92","136,46","137,90","134,80","78,49K","-0,77%"
"16.12.2021","137,98","141,14","141,92","137,98","52,48K","1,03%"
"15.12.2021","136,58","137,94","138,00","136,58","31,59K","0,09%"
"14.12.2021","136,46","139,44","139,50","136,28","60,63K","-2,09%"
"13.12.2021","139,38","141,14","141,84","139,38","36,30K","0,06%"
"10.12.2021","139,30","139,52","140,90","139,08","20,25K","-1,19%"
"09.12.2021","140,98","141,04","141,36","140,36","21,78K","0,56%"
"08.12.2021","140,20","141,30","141,84","139,76","34,42K","-0,68%"
"07.12.2021","141,16","138,18","141,20","138,18","62,23K","3,82%"
"06.12.2021","135,96","136,14","136,38","134,36","35,07K","0,38%"
"03.12.2021","135,44","137,84","138,60","134,94","55,21K","-1,01%"
"02.12.2021","136,82","136,98","137,64","135,68","76,48K","-2,94%"
"01.12.2021","140,96","140,50","141,18","139,72","92,08K","1,03%"
"30.11.2021","139,52","140,24","141,00","139,44","52,62K","-1,16%"
"29.11.2021","141,16","140,12","141,16","139,60","52,38K","2,01%"
"26.11.2021","138,38","140,40","140,68","138,00","69,40K","-2,86%"
"25.11.2021","142,46","142,52","142,68","142,20","37,54K","0,42%"
"24.11.2021","141,86","141,44","141,96","140,00","63,68K","1,20%"
"23.11.2021","140,18","141,46","142,12","139,64","55,50K","-2,56%"
"22.11.2021","143,86","143,72","145,16","143,54","57,91K","0,66%"
"19.11.2021","142,92","142,14","143,32","142,14","50,34K","1,42%"
"18.11.2021","140,92","140,76","141,16","140,08","46,49K","0,01%"
"17.11.2021","140,90","140,56","141,14","140,10","52,13K","0,57%"
"16.11.2021","140,10","138,74","140,10","138,48","30,41K","1,45%"
"15.11.2021","138,10","138,08","138,58","137,72","42,74K","0,25%"
"12.11.2021","137,76","136,72","137,76","136,40","61,04K","0,83%"
"11.11.2021","136,62","136,10","136,98","135,90","31,52K","0,06%"
"10.11.2021","136,54","136,66","136,88","135,20","27,16K","-0,12%"
"09.11.2021","136,70","137,06","138,30","136,12","46,82K","-0,65%"
"08.11.2021","137,60","137,46","138,00","137,12","39,21K","-0,58%"
"05.11.2021","138,40","137,62","139,00","137,62","30,35K","0,63%"
"04.11.2021","137,54","136,38","137,84","136,20","64,18K","2,26%"
"03.11.2021","134,50","134,36","134,62","134,12","33,80K","0,25%"
"02.11.2021","134,16","133,26","134,32","133,02","56,53K","0,63%"
"01.11.2021","133,32","133,86","134,04","132,94","55,83K","0,47%"
"29.10.2021","132,70","130,58","132,70","130,42","19,57K","1,08%"
"28.10.2021","131,28","131,14","131,92","130,80","18,82K","-0,17%"
"27.10.2021","131,50","130,82","131,60","130,26","33,95K","0,14%"
"26.10.2021","131,32","130,80","131,88","130,62","30,45K","1,50%"
"25.10.2021","129,38","128,70","129,50","128,42","26,56K","0,75%"
"22.10.2021","128,42","129,04","129,48","128,42","32,05K","-0,42%"
"21.10.2021","128,96","128,24","129,26","128,22","24,68K","0,06%"
"20.10.2021","128,88","128,80","129,22","128,76","29,39K","0,09%"
"19.10.2021","128,76","128,10","128,76","128,00","23,64K","0,86%"
"18.10.2021","127,66","126,86","127,74","126,40","36,74K","0,57%"
"15.10.2021","126,94","126,50","126,98","126,24","61,35K","0,63%"
"14.10.2021","126,14","124,78","126,14","124,70","26,64K","2,10%"
"13.10.2021","123,54","123,36","124,50","123,16","33,19K","-0,27%"
"12.10.2021","123,88","123,08","124,76","123,02","32,90K","-1,07%"
"11.10.2021","125,22","124,08","125,34","123,68","42,83K","0,19%"
"08.10.2021","124,98","125,66","126,04","124,86","36,42K","-0,95%"
"07.10.2021","126,18","125,40","126,38","125,26","30,65K","2,34%"
"06.10.2021","123,30","122,56","123,82","121,78","42,08K","-0,11%"
"05.10.2021","123,44","121,98","123,56","121,66","55,62K","2,08%"
"04.10.2021","120,92","123,22","123,50","120,82","45,73K","-2,04%"
"01.10.2021","123,44","122,56","123,86","122,22","76,27K","-0,74%"
"30.09.2021","124,36","124,84","125,04","124,26","24,45K","0,29%"
"29.09.2021","124,00","124,04","124,88","123,96","22,14K","0,39%"
"28.09.2021","123,52","125,68","125,92","123,36","39,76K","-2,26%"
"27.09.2021","126,38","127,96","127,96","125,82","30,99K","-0,16%"
"24.09.2021","126,58","126,52","126,78","126,30","23,48K","-0,30%"
"23.09.2021","126,96","126,56","127,28","126,16","34,29K","0,86%"
"22.09.2021","125,88","125,38","125,88","124,82","41,32K","0,27%"
"21.09.2021","125,54","125,32","125,92","124,50","40,40K","0,77%"
"20.09.2021","124,58","126,50","126,66","124,50","68,92K","-2,08%"
"17.09.2021","127,22","128,50","128,50","127,22","18,67K","-0,13%"
"16.09.2021","127,38","127,88","128,12","127,26","12,60K","0,65%"
"15.09.2021","126,56","127,18","127,18","126,16","52,92K","-0,55%"
"14.09.2021","127,26","127,16","127,68","126,82","24,18K","0,32%"
"13.09.2021","126,86","128,02","128,40","126,66","27,22K","-0,92%"
"10.09.2021","128,04","128,34","128,96","128,00","260,04K","-0,45%"
"09.09.2021","128,62","128,20","129,10","128,14","16,96K","0,20%"
"08.09.2021","128,36","128,88","129,16","128,18","32,16K","-0,30%"
"07.09.2021","128,74","128,74","128,82","128,14","32,71K","-0,12%"
"06.09.2021","128,90","128,72","128,94","128,68","24,08K","0,44%"
"03.09.2021","128,34","128,02","128,34","127,40","34,56K","-0,14%"
"02.09.2021","128,52","128,50","128,80","128,28","24,54K","-0,29%"
"01.09.2021","128,90","128,98","129,04","128,50","93,29K","0,30%"
"31.08.2021","128,52","129,02","129,02","127,90","48,13K","-0,03%"
"30.08.2021","128,56","127,44","128,76","127,38","27,77K","1,09%"
"27.08.2021","127,18","126,80","127,40","126,56","41,25K","0,33%"
"26.08.2021","126,76","126,76","127,24","126,42","50,15K","-0,41%"
"25.08.2021","127,28","127,56","127,72","127,12","25,95K","0,05%"
"24.08.2021","127,22","127,44","127,66","126,92","37,74K","0,33%"
"23.08.2021","126,80","125,86","126,80","125,50","19,30K","0,92%"
"20.08.2021","125,64","124,38","125,88","123,82","23,46K","1,06%"
"19.08.2021","124,32","122,86","124,44","122,54","35,68K","-0,26%"
"18.08.2021","124,64","124,84","124,96","124,48","27,19K","-0,05%"
"17.08.2021","124,70","124,94","125,08","124,08","23,28K","0,61%"
"16.08.2021","123,94","124,74","124,98","123,32","56,66K","-0,66%"
"13.08.2021","124,76","125,28","125,28","124,70","35,68K","-0,19%"
"12.08.2021","125,00","124,44","125,02","124,10","30,67K","0,45%"
"11.08.2021","124,44","125,12","125,40","124,30","21,98K","-0,42%"
"10.08.2021","124,96","125,54","126,00","124,66","15,15K","-0,29%"
"09.08.2021","125,32","124,78","125,46","124,78","17,81K","0,34%"
"06.08.2021","124,90","124,82","125,22","124,70","46,44K","0,18%"
"05.08.2021","124,68","124,16","124,84","124,04","21,27K","0,73%"
"04.08.2021","123,78","123,56","123,84","123,04","21,63K","1,01%"
"03.08.2021","122,54","122,92","123,18","122,00","34,00K","-0,63%"
"02.08.2021","123,32","123,34","123,44","122,50","61,74K","0,59%"
"30.07.2021","122,60","121,56","122,80","121,42","33,37K","-0,65%"
"29.07.2021","123,40","123,32","123,60","122,74","19,36K","-0,40%"
"28.07.2021","123,90","123,20","124,48","123,12","43,00K","1,46%"
"27.07.2021","122,12","124,70","124,98","122,12","34,69K","-2,05%"
"26.07.2021","124,68","124,94","124,94","124,30","27,77K","-0,10%"
"23.07.2021","124,80","124,00","124,80","123,74","21,66K","1,28%"
"22.07.2021","123,22","122,74","123,30","122,18","26,38K","0,97%"
"21.07.2021","122,04","121,96","122,20","121,44","19,91K","0,48%"
"20.07.2021","121,46","121,00","121,52","120,28","47,41K","0,96%"
"19.07.2021","120,30","121,00","121,20","119,16","31,69K","-0,97%"
"16.07.2021","121,48","121,92","122,64","121,42","24,31K","-0,61%"
"15.07.2021","122,22","122,80","123,06","121,68","44,70K","-0,57%"
"14.07.2021","122,92","122,92","123,52","122,78","35,22K","-0,55%"
"13.07.2021","123,60","122,10","123,62","121,98","36,48K","1,48%"
"12.07.2021","121,80","121,74","122,32","121,38","32,15K","0,20%"
"09.07.2021","121,56","121,16","121,60","120,50","25,09K","1,06%"
"08.07.2021","120,28","121,86","121,86","119,42","48,99K","-1,28%"
"07.07.2021","121,84","121,90","122,66","121,76","41,19K","0,38%"
"06.07.2021","121,38","120,34","121,62","120,32","25,67K","0,60%"
"05.07.2021","120,66","120,66","120,80","120,46","28,32K","0,22%"
"02.07.2021","120,40","119,66","120,74","119,66","40,97K","1,04%"
"01.07.2021","119,16","119,60","120,00","119,00","82,37K","-0,37%"
"30.06.2021","119,60","119,34","119,68","118,98","24,05K","0,76%"
"29.06.2021","118,70","118,38","119,00","118,38","29,54K","0,49%"
"28.06.2021","118,12","117,18","118,26","117,12","18,31K","0,89%"
"25.06.2021","117,08","117,12","117,34","116,56","21,05K","-0,37%"
"24.06.2021","117,52","116,72","117,66","116,60","42,04K","1,03%"
"23.06.2021","116,32","116,74","116,80","116,18","29,35K","0,00%"
"22.06.2021","116,32","115,54","116,32","115,08","49,08K","0,88%"
"21.06.2021","115,30","115,28","115,68","114,30","29,07K","-0,03%"
"18.06.2021","115,34","116,16","116,22","115,18","20,80K","-0,45%"
"17.06.2021","115,86","112,96","115,86","112,90","51,80K","2,71%"
"16.06.2021","112,80","112,78","113,20","112,62","23,60K","0,05%"
"15.06.2021","112,74","113,48","113,70","112,74","44,01K","-0,02%"
"14.06.2021","112,76","112,98","113,02","112,30","25,43K","0,23%"
"11.06.2021","112,50","111,68","112,56","111,56","18,93K","0,93%"
"10.06.2021","111,46","110,58","111,68","110,00","40,51K","0,70%"
"09.06.2021","110,68","110,56","110,92","110,50","23,51K","0,44%"
"08.06.2021","110,20","110,60","111,40","110,04","28,39K","0,42%"
"07.06.2021","109,74","110,24","110,28","109,62","24,52K","-0,38%"
"04.06.2021","110,16","108,72","110,26","108,72","50,96K","1,12%"
"03.06.2021","108,94","109,26","109,30","108,12","16,99K","-0,31%"
"02.06.2021","109,28","108,92","109,50","108,82","26,35K","0,46%"
"01.06.2021","108,78","109,26","109,70","108,30","80,88K","-0,15%"
"31.05.2021","108,94","109,52","109,56","108,88","18,90K","-0,73%"
"28.05.2021","109,74","109,38","110,04","109,36","17,79K","0,26%"
"27.05.2021","109,46","109,04","109,58","108,82","24,30K","0,16%"
"26.05.2021","109,28","109,06","109,42","108,84","24,76K","0,72%"
"25.05.2021","108,50","109,14","109,18","108,50","28,97K","0,84%"
"21.05.2021","107,60","107,66","108,36","107,48","35,10K","0,09%"
"20.05.2021","107,50","105,68","107,56","105,18","63,37K","2,77%"
"19.05.2021","104,60","104,42","104,82","103,46","87,22K","-1,86%"
"18.05.2021","106,58","107,30","107,38","106,26","24,52K","0,19%"
"17.05.2021","106,38","107,32","107,46","106,30","50,29K","-0,75%"
"14.05.2021","107,18","106,26","107,18","106,00","43,97K","1,25%"
"13.05.2021","105,86","104,90","106,62","104,22","23,22K","0,51%"
"12.05.2021","105,32","106,94","107,10","105,26","112,14K","-1,27%"
"11.05.2021","106,68","106,48","106,68","104,66","96,32K","-1,26%"
"10.05.2021","108,04","109,62","109,80","107,92","35,53K","-2,33%"
"07.05.2021","110,62","110,02","110,96","109,60","39,72K","1,17%"
"06.05.2021","109,34","109,78","109,98","108,26","72,08K","-1,17%"
"05.05.2021","110,64","110,02","110,90","109,98","52,49K","1,45%"
"04.05.2021","109,06","111,58","111,76","108,82","127,24K","-2,31%"
"03.05.2021","111,64","112,48","112,70","111,30","78,48K","-0,76%"
"30.04.2021","112,50","112,00","112,70","111,44","134,15K","0,55%"
"29.04.2021","111,88","112,70","113,02","111,86","18,13K","-0,32%"
"28.04.2021","112,24","112,84","112,90","112,08","29,41K","-0,36%"
"27.04.2021","112,64","113,36","113,48","112,28","22,52K","-0,19%"
"26.04.2021","112,86","112,16","112,88","111,80","18,94K","0,36%"
"23.04.2021","112,46","111,40","112,48","111,14","41,21K","-0,48%"
"22.04.2021","113,00","112,58","113,08","112,26","34,99K","0,70%"
"21.04.2021","112,22","111,66","112,22","111,36","24,59K","0,92%"
"20.04.2021","111,20","112,28","112,70","111,20","32,05K","-1,16%"
"19.04.2021","112,50","114,16","114,24","112,34","37,18K","-1,21%"
"16.04.2021","113,88","113,86","114,34","113,58","58,66K","0,00%"
"15.04.2021","113,88","112,78","114,04","112,74","72,95K","0,76%"
"14.04.2021","113,02","113,86","114,38","112,92","41,22K","-0,46%"
"13.04.2021","113,54","113,08","113,92","112,96","29,41K","0,75%"
"12.04.2021","112,70","113,20","113,50","112,50","73,19K","0,04%"
"09.04.2021","112,66","112,46","112,70","112,08","27,40K","0,21%"
"08.04.2021","112,42","112,54","112,90","112,16","29,07K","0,86%"
"07.04.2021","111,46","111,66","111,70","110,78","32,40K","-0,66%"
"06.04.2021","112,20","111,90","112,24","111,48","58,26K","1,94%"
"01.04.2021","110,06","109,48","110,54","109,40","79,88K","1,05%"
"31.03.2021","108,92","107,08","108,92","106,98","33,72K","1,55%"
"30.03.2021","107,26","107,12","107,26","106,30","63,36K","0,54%"
"29.03.2021","106,68","106,68","107,44","106,20","34,81K","0,45%"
"26.03.2021","106,20","106,14","106,38","104,98","22,36K","0,53%"
"25.03.2021","105,64","105,70","106,16","104,38","68,27K","-1,07%"
"24.03.2021","106,78","107,70","108,26","106,54","25,15K","-0,78%"
"23.03.2021","107,62","106,92","108,06","106,60","53,70K","0,28%"
"22.03.2021","107,32","105,78","107,32","105,70","49,36K","1,86%"
"19.03.2021","105,36","105,12","105,52","104,12","73,41K","-0,59%"
"18.03.2021","105,98","106,54","106,68","105,76","57,28K","-0,41%"
"17.03.2021","106,42","107,56","107,68","105,94","22,95K","-1,57%"
"16.03.2021","108,12","107,28","108,90","107,06","54,81K","2,17%"
"15.03.2021","105,82","105,34","106,16","105,34","87,61K","1,13%"
"12.03.2021","104,64","104,94","105,32","104,40","66,62K","-1,67%"
"11.03.2021","106,42","105,50","106,42","105,30","56,73K","1,37%"
"10.03.2021","104,98","104,74","106,20","104,24","59,27K","0,54%"
"09.03.2021","104,42","102,40","104,56","102,04","72,61K","0,93%"
"08.03.2021","103,46","101,98","104,28","101,68","96,79K","2,88%"
"05.03.2021","100,56","101,16","103,12","99,96","101,10K","-2,37%"
"04.03.2021","103,00","102,70","103,30","101,44","101,76K","-1,42%"
"03.03.2021","104,48","106,22","106,40","103,74","49,45K","-1,45%"
"02.03.2021","106,02","107,16","107,64","105,96","64,01K","-0,67%"
"01.03.2021","106,74","105,88","106,74","105,50","140,15K","1,89%"
"26.02.2021","104,76","102,52","104,76","102,50","133,42K","0,38%"
"25.02.2021","104,36","106,30","106,34","104,12","55,53K","-1,32%"
"24.02.2021","105,76","105,36","106,66","104,28","80,43K","0,97%"
"23.02.2021","104,74","106,52","106,60","102,50","135,20K","-2,17%"
"22.02.2021","107,06","107,98","108,10","106,66","69,97K","-2,64%"
"19.02.2021","109,96","109,68","110,32","109,54","40,88K","0,53%"
"18.02.2021","109,38","110,30","110,38","108,80","46,53K","-0,46%"
"17.02.2021","109,88","111,02","111,22","109,88","48,84K","-1,13%"
"16.02.2021","111,14","111,46","111,76","111,00","47,82K","-0,23%"
"15.02.2021","111,40","111,22","111,50","111,06","69,05K","0,76%"
"12.02.2021","110,56","110,26","110,58","110,10","41,80K","0,16%"
"11.02.2021","110,38","109,92","110,38","109,88","54,67K","0,86%"
"10.02.2021","109,44","110,56","110,66","108,70","51,85K","-0,85%"
"09.02.2021","110,38","110,30","110,68","109,98","35,05K","0,15%"
"08.02.2021","110,22","110,60","110,76","110,22","52,36K","0,27%"
"05.02.2021","109,92","110,66","110,78","109,64","44,10K","0,40%"
"04.02.2021","109,48","109,00","109,82","108,96","38,60K","0,48%"
"03.02.2021","108,96","109,88","109,92","108,70","66,43K","0,15%"
"02.02.2021","108,80","107,64","108,86","107,48","78,33K","2,29%"
"01.02.2021","106,36","104,64","106,36","104,56","66,75K","2,07%"
"29.01.2021","104,20","104,66","105,66","104,20","46,72K","-2,42%"
"28.01.2021","106,78","104,90","107,04","103,94","94,36K","0,00%"
"27.01.2021","106,78","108,62","108,98","106,42","51,36K","-1,22%"
"26.01.2021","108,10","107,90","108,42","107,72","46,45K","0,61%"
"25.01.2021","107,44","107,84","108,96","106,20","33,19K","0,60%"
"22.01.2021","106,80","107,04","107,20","106,46","38,47K","-0,48%"
"21.01.2021","107,32","107,52","107,56","106,66","29,77K","0,68%"
"20.01.2021","106,60","104,60","106,72","104,60","41,96K","3,00%"
"19.01.2021","103,50","104,02","104,12","103,40","52,03K","0,06%"
"18.01.2021","103,44","103,20","103,50","103,16","40,00K","-0,21%"
"15.01.2021","103,66","103,56","104,04","102,76","50,58K","-0,52%"
"14.01.2021","104,20","104,00","104,64","103,60","24,23K","0,08%"
"13.01.2021","104,12","103,28","104,12","102,88","22,80K","0,62%"
"12.01.2021","103,48","103,74","103,94","103,16","70,72K","-0,52%"
"11.01.2021","104,02","104,48","104,62","103,50","45,62K","0,39%"
"08.01.2021","103,62","103,48","104,00","103,20","45,66K","1,09%"
"07.01.2021","102,50","100,66","102,60","100,32","52,51K","1,18%"
"06.01.2021","101,30","99,43","101,50","98,83","48,57K","0,18%"
"05.01.2021","101,12","100,82","101,70","100,32","50,85K","0,08%"
"04.01.2021","101,04","103,18","103,30","100,88","154,05K","-1,23%"
"30.12.2020","102,30","102,64","102,64","102,20","21,42K","-0,27%"
"29.12.2020","102,58","102,62","102,76","102,00","27,56K","0,27%"
"28.12.2020","102,30","101,92","102,48","101,52","46,98K","0,91%"
"23.12.2020","101,38","101,74","101,98","101,00","27,34K","0,22%"
"22.12.2020","101,16","101,20","101,90","101,04","58,38K","0,94%"
"21.12.2020","100,22","101,76","101,84","99,43","45,13K","-0,87%"
"18.12.2020","101,10","101,30","101,72","100,90","50,35K","-0,02%"
"17.12.2020","101,12","101,34","101,50","101,02","50,53K","-0,06%"
"16.12.2020","101,18","101,00","101,18","100,50","36,84K","1,00%"
"15.12.2020","100,18","100,24","100,80","99,97","110,31K","-0,38%"
"14.12.2020","100,56","99,64","100,78","99,46","48,53K","1,75%"
"11.12.2020","98,83","99,37","99,43","98,68","47,40K","-1,14%"
"10.12.2020","99,97","99,40","100,12","98,45","37,40K","-1,53%"
"09.12.2020","101,52","101,56","101,80","101,32","69,08K","0,38%"
"08.12.2020","101,14","101,28","101,32","100,64","158,18K","0,04%"
"07.12.2020","101,10","100,78","101,28","100,50","76,32K","0,62%"
"04.12.2020","100,48","100,40","100,50","99,75","35,95K","0,26%"
"03.12.2020","100,22","100,20","100,44","99,88","86,82K","0,06%"
"02.12.2020","100,16","100,30","100,72","99,39","57,54K","-0,54%"
"01.12.2020","100,70","100,74","100,98","100,20","103,59K","1,68%"
"30.11.2020","99,04","99,54","100,02","98,40","149,40K","-1,12%"
"27.11.2020","100,16","99,58","100,38","99,58","42,19K","0,30%"
"26.11.2020","99,86","99,62","100,02","99,59","76,47K","0,60%"
"25.11.2020","99,26","99,21","99,43","98,88","53,71K","0,77%"
"24.11.2020","98,50","98,42","98,65","97,80","116,56K","0,90%"
"23.11.2020","97,62","98,09","98,49","97,51","38,49K","-1,08%"
"20.11.2020","98,69","98,36","98,77","98,15","57,59K","0,33%"
"19.11.2020","98,37","97,74","98,37","97,34","32,63K","0,03%"
"18.11.2020","98,34","98,18","98,66","97,89","36,36K","-0,07%"
"17.11.2020","98,41","98,99","99,02","98,26","25,85K","-0,33%"
"16.11.2020","98,74","98,72","99,05","97,85","88,12K","1,12%"
"13.11.2020","97,65","98,37","98,41","97,37","43,02K","-0,57%"
"12.11.2020","98,21","98,03","98,87","97,95","36,20K","0,28%"
"11.11.2020","97,94","95,86","98,23","95,81","61,14K","1,99%"
"10.11.2020","96,03","97,78","97,84","94,98","134,91K","-4,30%"
"09.11.2020","100,34","101,00","101,58","97,51","159,48K","1,54%"
"06.11.2020","98,82","98,72","99,02","97,70","86,44K","-0,67%"
"05.11.2020","99,49","99,62","100,04","98,76","215,66K","1,47%"
"04.11.2020","98,05","95,42","98,21","95,13","245,28K","4,10%"
"03.11.2020","94,19","92,78","94,28","92,50","89,20K","1,40%"
"02.11.2020","92,89","92,90","94,23","92,79","124,21K","0,38%"
"30.10.2020","92,54","92,82","93,91","91,73","175,66K","-2,26%"
"29.10.2020","94,68","93,68","94,77","92,90","107,75K","1,54%"
"28.10.2020","93,24","95,48","95,55","93,10","200,35K","-2,07%"
"27.10.2020","95,21","95,06","95,57","94,78","93,63K","0,73%"
"26.10.2020","94,52","95,30","96,41","94,52","152,79K","-0,91%"
"23.10.2020","95,39","96,06","96,31","95,39","34,74K","-0,14%"
"22.10.2020","95,52","95,75","96,52","94,97","38,70K","-0,52%"
"21.10.2020","96,02","96,34","96,71","95,31","29,00K","0,03%"
"20.10.2020","95,99","97,08","97,22","95,68","64,02K","-1,87%"
"19.10.2020","97,82","99,22","99,38","97,37","41,37K","-1,36%"
"16.10.2020","99,17","99,02","99,96","98,77","96,35K","0,60%"
"15.10.2020","98,58","98,45","99,01","97,75","115,05K","-1,38%"
"14.10.2020","99,96","100,92","101,00","99,71","58,46K","-1,11%"
"13.10.2020","101,08","99,85","101,30","99,69","94,97K","1,79%"
"12.10.2020","99,30","97,14","99,37","97,14","97,01K","3,18%"
"09.10.2020","96,24","95,83","96,31","95,46","99,71K","0,69%"
"08.10.2020","95,58","95,87","96,16","95,50","60,15K","0,81%"
"07.10.2020","94,81","94,05","94,81","93,89","46,32K","0,46%"
"06.10.2020","94,38","94,82","95,13","94,30","31,61K","-0,19%"
"05.10.2020","94,56","94,31","94,70","93,77","59,32K","0,13%"
"02.10.2020","94,44","94,72","95,44","93,89","49,35K","-1,50%"
"01.10.2020","95,88","95,37","96,08","95,37","161,11K","0,66%"
"30.09.2020","95,25","93,40","95,38","93,28","49,70K","0,96%"
"29.09.2020","94,34","95,00","95,02","93,90","68,90K","-0,10%"
"28.09.2020","94,43","94,06","94,99","94,03","62,90K","2,05%"
"25.09.2020","92,53","91,27","92,56","90,65","82,22K","1,02%"
"24.09.2020","91,60","90,14","91,60","89,50","80,34K","-0,61%"
"23.09.2020","92,16","92,90","93,46","92,16","54,70K","0,64%"
"22.09.2020","91,57","90,88","92,00","90,70","53,21K","2,63%"
"21.09.2020","89,22","89,76","89,97","88,70","105,62K","-0,67%"
"18.09.2020","89,82","91,52","91,88","89,74","60,60K","-1,71%"
"17.09.2020","91,38","91,60","92,34","90,16","69,60K","-2,94%"
"16.09.2020","94,15","94,52","94,74","93,61","58,71K","-0,14%"
"15.09.2020","94,28","92,80","94,34","92,69","59,39K","1,33%"
"14.09.2020","93,04","92,58","93,10","91,89","71,29K","1,48%"
"11.09.2020","91,68","93,01","93,35","91,47","136,26K","-2,51%"
"10.09.2020","94,04","94,05","94,70","92,90","66,07K","0,29%"
"09.09.2020","93,77","92,15","94,08","92,03","126,44K","1,15%"
"08.09.2020","92,70","95,22","95,25","91,95","109,52K","-2,23%"
"07.09.2020","94,81","93,84","94,91","93,81","76,82K","1,08%"
"04.09.2020","93,80","95,81","97,60","91,93","448,03K","-3,85%"
"03.09.2020","97,56","102,26","102,34","96,51","175,67K","-3,25%"
"02.09.2020","100,84","101,68","102,34","100,78","75,24K","1,13%"
"01.09.2020","99,71","99,17","100,06","98,69","92,85K","1,39%"
"31.08.2020","98,34","98,78","98,79","97,84","63,02K","0,17%"
"28.08.2020","98,17","98,22","98,49","97,70","36,21K","-1,03%"
"27.08.2020","99,19","98,57","99,39","98,13","69,67K","1,33%"
"26.08.2020","97,89","96,84","97,89","96,75","184,21K","1,89%"
"25.08.2020","96,07","96,43","96,43","95,33","59,19K","0,48%"
"24.08.2020","95,61","95,95","96,53","95,20","34,66K","0,38%"
"21.08.2020","95,25","94,37","95,58","94,33","43,72K","1,60%"
"20.08.2020","93,75","92,70","93,80","92,66","53,07K","0,27%"
"19.08.2020","93,50","93,10","93,50","92,60","29,84K","0,81%"
"18.08.2020","92,75","92,41","92,79","92,18","29,25K","0,37%"
"17.08.2020","92,41","91,97","92,52","91,92","50,73K","0,54%"
"14.08.2020","91,91","92,47","92,54","91,49","33,10K","-0,66%"
"13.08.2020","92,52","91,77","92,70","91,41","36,15K","0,71%"
"12.08.2020","91,87","91,01","91,92","90,38","56,43K","0,40%"
"11.08.2020","91,50","92,28","92,38","90,67","34,42K","0,26%"
"10.08.2020","91,26","91,97","92,32","90,78","30,45K","-1,60%"
"07.08.2020","92,74","92,27","93,18","92,12","33,89K","1,23%"
"06.08.2020","91,61","91,01","91,82","90,99","28,41K","0,67%"
"05.08.2020","91,00","91,78","91,82","90,78","24,80K","-0,39%"
"04.08.2020","91,36","91,73","92,02","90,93","26,87K","-0,31%"
"03.08.2020","91,64","90,62","91,96","90,39","69,64K","2,86%"
"31.07.2020","89,09","89,29","89,95","88,24","55,91K","1,26%"
"30.07.2020","87,98","88,04","88,04","86,97","55,59K","-0,06%"
"29.07.2020","88,03","87,81","88,27","87,72","53,90K","-0,40%"
"28.07.2020","88,38","88,84","89,03","87,69","40,24K","1,31%"
"27.07.2020","87,24","87,60","88,07","87,24","57,45K","-0,77%"
"24.07.2020","87,92","87,61","88,30","86,57","113,34K","-3,24%"
"23.07.2020","90,86","91,72","91,86","90,72","29,51K","-0,27%"
"22.07.2020","91,11","91,78","91,86","90,71","44,94K","-1,30%"
"21.07.2020","92,31","93,84","94,26","92,15","110,92K","0,40%"
"20.07.2020","91,94","89,95","91,96","89,87","70,24K","1,66%"
"17.07.2020","90,44","90,60","90,93","89,92","30,79K","0,87%"
"16.07.2020","89,66","90,45","90,66","89,50","91,71K","-1,45%"
"15.07.2020","90,98","91,41","91,77","90,76","82,38K","0,65%"
"14.07.2020","90,39","91,80","91,80","88,68","142,77K","-4,72%"
"13.07.2020","94,87","93,80","94,87","93,72","126,74K","2,57%"
"10.07.2020","92,49","92,29","92,67","91,70","33,07K","0,95%"
"09.07.2020","91,62","91,57","92,40","91,35","67,63K","0,86%"
"08.07.2020","90,84","91,15","91,47","90,63","43,97K","-1,30%"
"07.07.2020","92,04","91,26","92,26","91,06","51,22K","0,67%"
"06.07.2020","91,43","90,48","91,43","90,07","44,56K","2,01%"
"03.07.2020","89,63","90,06","90,12","89,46","103,98K","-0,18%"
"02.07.2020","89,79","89,14","90,23","88,99","91,09K","1,53%"
"01.07.2020","88,44","88,04","88,56","87,77","56,32K","1,35%"
"30.06.2020","87,26","86,88","87,37","86,44","39,35K","1,77%"
"29.06.2020","85,74","85,32","85,77","84,30","70,13K","-0,75%"
"26.06.2020","86,39","87,68","87,84","85,96","31,65K","-0,31%"
"25.06.2020","86,66","86,42","87,18","85,99","79,57K","0,14%"
"24.06.2020","86,54","88,00","88,36","86,53","53,77K","-1,94%"
"23.06.2020","88,25","87,65","88,25","87,50","85,93K","1,32%"
"22.06.2020","87,10","86,93","87,18","86,65","31,72K","-0,77%"
"19.06.2020","87,78","87,34","87,87","87,23","147,52K","1,22%"
"18.06.2020","86,72","86,50","86,86","86,24","31,91K","-0,21%"
"17.06.2020","86,90","86,27","87,00","86,24","67,68K","1,22%"
"16.06.2020","85,85","84,77","86,57","84,73","91,14K","3,25%"
"15.06.2020","83,15","81,71","83,24","81,35","83,20K","-0,89%"
"12.06.2020","83,90","83,48","84,77","82,99","97,86K","-0,93%"
"11.06.2020","84,69","85,75","85,75","84,55","48,80K","-1,96%"
"10.06.2020","86,38","85,97","86,50","85,57","68,36K","1,06%"
"09.06.2020","85,47","85,55","85,64","84,96","117,23K","0,84%"
"08.06.2020","84,76","84,74","85,00","84,04","55,60K","0,05%"
"05.06.2020","84,72","83,01","84,72","82,88","54,61K","1,74%"
"04.06.2020","83,27","84,10","84,43","82,95","50,70K","-0,94%"
"03.06.2020","84,06","84,12","84,39","84,00","39,86K","0,92%"
"02.06.2020","83,29","84,26","84,41","82,94","244,79K","0,82%"
"29.05.2020","82,61","82,77","83,07","82,25","88,39K","-1,27%"
"28.05.2020","83,67","83,20","83,86","82,62","136,33K","1,74%"
"27.05.2020","82,24","84,30","84,54","81,59","136,06K","-2,08%"
"26.05.2020","83,99","85,70","85,73","83,99","87,52K","-1,57%"
"25.05.2020","85,33","84,85","85,37","84,72","69,11K","1,79%"
"22.05.2020","83,83","82,89","84,19","82,70","46,66K","0,20%"
"21.05.2020","83,66","83,74","84,45","83,45","12,40K","-0,66%"
"20.05.2020","84,22","83,30","84,22","83,21","43,07K","0,43%"
"19.05.2020","83,86","83,78","83,91","82,80","46,69K","0,18%"
"18.05.2020","83,71","83,06","83,90","83,03","86,14K","3,24%"
"15.05.2020","81,08","82,50","82,50","80,42","82,69K","0,23%"
"14.05.2020","80,89","81,11","81,57","79,98","176,44K","-0,92%"
"13.05.2020","81,64","82,00","82,73","81,31","112,79K","-2,34%"
"12.05.2020","83,60","83,45","83,99","82,96","75,74K","0,08%"
"11.05.2020","83,53","83,22","83,57","82,28","100,96K","1,19%"
"08.05.2020","82,55","82,84","82,96","82,19","89,91K","0,44%"
"07.05.2020","82,19","81,70","82,66","81,66","69,25K","0,87%"
"06.05.2020","81,48","81,09","81,79","80,77","98,57K","0,90%"
"05.05.2020","80,75","79,44","80,82","79,44","150,19K","3,08%"
"04.05.2020","78,34","77,42","78,50","76,97","943,15K","-2,03%"
"30.04.2020","79,96","81,47","81,76","79,91","108,30K","-0,36%"
"29.04.2020","80,25","79,36","80,54","78,99","232,02K","1,89%"
"28.04.2020","78,76","79,66","80,22","78,36","91,86K","-1,30%"
"27.04.2020","79,80","79,61","80,09","79,46","71,02K","2,23%"
"24.04.2020","78,06","77,73","78,38","77,59","80,11K","-0,96%"
"23.04.2020","78,82","78,11","79,10","77,76","77,30K","1,77%"
"22.04.2020","77,45","76,50","77,50","76,35","91,73K","3,06%"
"21.04.2020","75,15","78,33","78,40","74,97","264,17K","-5,17%"
"20.04.2020","79,25","78,89","79,28","78,20","107,10K","1,12%"
"17.04.2020","78,37","80,11","80,65","78,29","123,40K","-0,43%"
"16.04.2020","78,71","77,72","78,99","77,08","89,70K","2,96%"
"15.04.2020","76,45","77,20","77,21","76,20","288,16K","0,05%"
"14.04.2020","76,41","75,66","76,59","75,22","144,00K","4,24%"
"09.04.2020","73,30","74,10","74,30","72,93","128,36K","-0,19%"
"08.04.2020","73,44","72,31","73,44","71,88","86,47K","0,16%"
"07.04.2020","73,32","73,40","74,45","72,34","219,51K","3,11%"
"06.04.2020","71,11","70,66","71,25","70,38","73,94K","4,36%"
"03.04.2020","68,14","68,21","69,31","67,92","45,27K","-0,03%"
"02.04.2020","68,16","67,51","68,35","66,42","101,94K","0,01%"
"01.04.2020","68,15","67,64","68,62","67,27","111,41K","-3,65%"
"31.03.2020","70,73","70,00","71,12","69,27","142,32K","2,26%"
"30.03.2020","69,17","67,12","69,19","66,12","69,98K","2,67%"
"27.03.2020","67,37","68,44","68,71","66,87","85,72K","-1,72%"
"26.03.2020","68,55","65,90","68,84","65,40","71,72K","0,18%"
"25.03.2020","68,43","68,83","69,99","66,70","185,88K","0,84%"
"24.03.2020","67,86","65,95","67,86","65,32","184,89K","8,09%"
"23.03.2020","62,78","61,84","66,03","60,86","208,80K","-4,82%"
"20.03.2020","65,96","69,09","70,16","65,23","231,16K","-0,90%"
"19.03.2020","66,56","63,59","67,47","63,41","116,45K","4,18%"
"18.03.2020","63,89","62,94","65,45","61,69","170,58K","-2,68%"
"17.03.2020","65,65","64,16","67,09","61,29","154,32K","0,75%"
"16.03.2020","65,16","65,62","66,97","60,76","301,20K","-0,76%"
"13.03.2020","65,66","65,91","68,79","63,96","226,80K","1,00%"
"12.03.2020","65,01","66,58","66,75","62,00","345,96K","-7,30%"
"11.03.2020","70,13","70,32","71,11","69,50","93,66K","1,29%"
"10.03.2020","69,24","70,05","71,78","68,03","136,98K","0,06%"
"09.03.2020","69,20","69,55","70,36","63,00","263,46K","-5,23%"
"06.03.2020","73,02","74,44","74,56","71,50","150,59K","-5,14%"
"05.03.2020","76,98","77,34","77,50","75,64","88,62K","0,23%"
"04.03.2020","76,80","76,06","77,26","76,00","100,26K","0,35%"
"03.03.2020","76,53","77,23","78,53","76,30","268,85K","1,11%"
"02.03.2020","75,69","75,96","75,96","73,39","139,18K","2,28%"
"28.02.2020","74,00","73,64","74,10","71,77","432,48K","-3,71%"
"27.02.2020","76,85","78,15","78,71","75,48","186,57K","-4,57%"
"26.02.2020","80,53","79,81","81,02","77,92","274,24K","-0,07%"
"25.02.2020","80,59","82,67","82,69","80,09","160,71K","-1,44%"
"24.02.2020","81,77","83,04","83,09","81,38","185,62K","-4,26%"
"21.02.2020","85,41","86,23","86,60","84,96","102,21K","-1,09%"
"20.02.2020","86,35","87,87","87,87","86,35","42,31K","-1,76%"
"19.02.2020","87,90","87,20","87,90","87,04","76,50K","1,68%"
"18.02.2020","86,45","85,87","86,75","85,79","78,86K","-0,53%"
"17.02.2020","86,91","86,96","87,00","86,79","41,11K","0,42%"
"14.02.2020","86,55","86,60","86,75","86,16","46,63K","0,09%"
"13.02.2020","86,47","85,66","86,47","85,19","50,89K","0,71%"
"12.02.2020","85,86","85,37","85,89","85,30","34,46K","0,54%"
"11.02.2020","85,40","85,32","85,77","85,15","98,84K","1,01%"
"10.02.2020","84,55","83,80","84,55","83,50","70,12K","0,55%"
"07.02.2020","84,09","83,81","84,11","83,39","37,71K","0,49%"
"06.02.2020","83,68","83,57","83,80","82,92","40,10K","1,12%"
"05.02.2020","82,75","82,36","83,74","82,36","93,63K","0,58%"
"04.02.2020","82,27","80,98","82,27","80,98","54,70K","2,34%"
"03.02.2020","80,39","79,83","80,72","79,39","76,33K","1,13%"
"31.01.2020","79,49","81,17","81,24","79,29","51,02K","-0,79%"
"30.01.2020","80,12","79,76","80,34","79,64","36,03K","-0,76%"
"29.01.2020","80,73","80,69","81,16","80,34","40,52K","0,42%"
"28.01.2020","80,39","79,76","80,40","79,34","45,33K","1,43%"
"27.01.2020","79,26","79,72","79,90","78,84","70,46K","-2,71%"
"24.01.2020","81,47","81,67","81,91","81,46","56,81K","0,52%"
"23.01.2020","81,05","80,76","81,25","80,45","29,41K","-0,06%"
"22.01.2020","81,10","81,07","81,36","80,90","56,56K","0,55%"
"21.01.2020","80,66","80,13","80,66","79,97","47,59K","0,10%"
"20.01.2020","80,58","80,43","80,58","80,38","48,07K","0,46%"
"17.01.2020","80,21","79,97","80,52","79,94","46,89K","0,93%"
"16.01.2020","79,47","79,32","79,65","79,21","25,36K","0,33%"
"15.01.2020","79,21","79,25","79,54","78,95","39,31K","-0,13%"
"14.01.2020","79,31","79,21","79,62","79,04","26,02K","0,44%"
"13.01.2020","78,96","78,84","79,04","78,80","33,93K","0,04%"
"10.01.2020","78,93","79,23","79,44","78,93","41,61K","0,01%"
"09.01.2020","78,92","78,69","79,05","78,61","54,63K","1,23%"
"08.01.2020","77,96","77,14","77,96","77,07","32,05K","0,52%"
"07.01.2020","77,56","77,12","77,64","77,12","62,11K","0,95%"
"06.01.2020","76,83","76,44","76,85","75,90","22,65K","0,03%"
"03.01.2020","76,81","76,69","77,02","76,33","46,35K","0,23%"
"02.01.2020","76,63","76,33","77,03","76,29","51,54K","0,38%"
"30.12.2019","76,34","76,44","76,54","76,23","8,29K","-0,48%"
"27.12.2019","76,71","77,08","77,13","76,47","46,89K","0,25%"
"23.12.2019","76,52","76,40","76,66","76,34","18,21K","0,20%"
"20.12.2019","76,37","75,75","76,37","75,68","21,11K","1,10%"
"19.12.2019","75,54","75,27","75,54","75,14","20,23K","0,20%"
"18.12.2019","75,39","75,07","75,42","75,02","25,46K","0,63%"
"17.12.2019","74,92","75,11","75,11","74,77","35,51K","-0,20%"
"16.12.2019","75,07","74,59","75,10","74,53","48,17K","1,08%"
"13.12.2019","74,27","74,32","74,63","73,74","76,69K","0,30%"
"12.12.2019","74,05","73,70","74,45","73,35","28,21K","0,47%"
"11.12.2019","73,70","73,66","73,81","73,53","22,51K","0,07%"
"10.12.2019","73,65","73,67","73,86","73,01","30,58K","-0,46%"
"09.12.2019","73,99","74,01","74,18","73,82","24,32K","-0,12%"
"06.12.2019","74,08","73,12","74,10","73,12","23,38K","1,83%"
"05.12.2019","72,75","73,20","73,32","72,75","8,62K","-0,51%"
"04.12.2019","73,12","72,47","73,16","72,45","48,85K","1,56%"
"03.12.2019","72,00","73,29","73,34","71,43","77,32K","-1,19%"
"02.12.2019","72,87","74,72","74,87","72,80","78,63K","-2,23%"
"29.11.2019","74,53","74,58","74,85","74,51","20,97K","-0,33%"
"28.11.2019","74,78","74,65","74,82","74,57","72,87K","0,05%"
"27.11.2019","74,74","74,58","74,75","74,47","31,45K","0,71%"
"26.11.2019","74,21","74,17","74,30","74,02","11,74K","0,18%"
"25.11.2019","74,08","73,42","74,09","73,42","36,98K","1,52%"
"22.11.2019","72,97","73,03","73,18","72,77","24,35K","0,37%"
"21.11.2019","72,70","72,76","72,98","72,68","35,06K","-0,89%"
"20.11.2019","73,35","73,14","73,47","73,05","34,76K","0,01%"
"19.11.2019","73,34","73,46","73,76","73,17","50,45K","0,26%"
"18.11.2019","73,15","73,66","73,66","72,94","20,44K","-0,27%"
"15.11.2019","73,35","73,40","73,41","73,14","45,96K","0,59%"
"14.11.2019","72,92","73,10","73,27","72,91","21,92K","-0,37%"
"13.11.2019","73,19","73,14","73,25","72,72","36,57K","-0,26%"
"12.11.2019","73,38","72,97","73,42","72,79","35,22K","0,99%"
"11.11.2019","72,66","72,66","72,80","72,53","102,59K","-0,19%"
"08.11.2019","72,80","72,44","72,85","72,39","21,62K","-0,19%"
"07.11.2019","72,94","72,56","72,96","72,46","18,50K","1,17%"
"06.11.2019","72,10","72,20","72,33","71,84","33,63K","-0,41%"
"05.11.2019","72,40","72,03","72,40","72,03","21,36K","0,82%"
"04.11.2019","71,81","71,50","71,88","71,46","26,57K","1,25%"
"01.11.2019","70,92","70,80","71,29","70,74","38,07K","0,57%"
"31.10.2019","70,52","70,91","71,00","70,36","14,84K","-0,06%"
"30.10.2019","70,56","70,56","70,81","70,45","27,69K","-0,42%"
"29.10.2019","70,86","71,25","71,27","70,60","36,61K","-0,48%"
"28.10.2019","71,20","70,76","71,24","70,69","16,75K","1,02%"
"25.10.2019","70,48","69,62","70,58","69,47","15,94K","0,70%"
"24.10.2019","69,99","69,33","69,99","69,25","32,72K","1,24%"
"23.10.2019","69,13","68,64","69,13","68,58","15,72K","-0,35%"
"22.10.2019","69,37","69,54","69,82","69,35","19,80K","0,12%"
"21.10.2019","69,29","68,85","69,35","68,82","27,18K","0,41%"
"18.10.2019","69,01","69,49","69,51","69,01","22,82K","-0,63%"
"17.10.2019","69,45","69,81","70,00","69,45","31,86K","-0,40%"
"16.10.2019","69,73","70,06","70,14","69,72","22,17K","-0,34%"
"15.10.2019","69,97","69,75","70,17","69,58","24,24K","0,72%"
"14.10.2019","69,47","69,44","69,52","68,89","22,51K","-0,26%"
"11.10.2019","69,65","68,93","69,65","68,91","29,96K","1,29%"
"10.10.2019","68,76","67,98","68,82","67,78","9,99K","0,91%"
"09.10.2019","68,14","67,60","68,39","67,55","67,86K","0,28%"
"08.10.2019","67,95","68,77","68,84","67,69","19,44K","-1,36%"
"07.10.2019","68,89","68,54","68,89","68,43","13,23K","0,48%"
"04.10.2019","68,56","67,79","68,59","67,56","38,18K","2,22%"
"02.10.2019","67,07","68,56","68,56","67,07","67,01K","-2,73%"
"01.10.2019","68,95","69,86","70,00","68,89","40,96K","-0,26%"
"30.09.2019","69,13","68,74","69,13","68,74","10,84K","-0,04%"
"27.09.2019","69,16","69,40","69,63","68,92","23,92K","0,28%"
"26.09.2019","68,97","69,28","69,68","68,82","16,56K","0,32%"
"25.09.2019","68,75","68,42","68,93","67,89","41,68K","-0,39%"
"24.09.2019","69,02","69,58","69,77","69,02","6,65K","-0,53%"
"23.09.2019","69,39","69,52","69,52","69,14","24,29K","-0,63%"
"20.09.2019","69,83","69,72","70,10","69,64","16,78K","-0,33%"
"19.09.2019","70,06","69,19","70,10","69,19","22,58K","1,10%"
"18.09.2019","69,30","69,41","69,57","69,30","24,87K","-0,01%"
"17.09.2019","69,31","69,36","69,50","69,21","12,74K","-0,37%"
"16.09.2019","69,57","68,97","69,67","68,84","25,80K","0,03%"
"13.09.2019","69,55","69,68","69,90","69,40","24,31K","-0,73%"
"12.09.2019","70,06","70,10","70,70","69,88","35,42K","0,39%"
"11.09.2019","69,79","68,99","69,79","68,93","26,84K","2,00%"
"10.09.2019","68,42","68,96","69,10","68,42","31,64K","-1,38%"
"09.09.2019","69,38","69,65","69,65","69,17","30,44K","-0,12%"
"06.09.2019","69,46","69,41","69,67","69,15","52,89K","0,09%"
"05.09.2019","69,40","68,82","69,43","68,65","29,40K","2,07%"
"04.09.2019","67,99","68,28","68,52","67,79","24,77K","0,22%"
"03.09.2019","67,84","67,84","68,47","67,57","23,53K","-0,37%"
"02.09.2019","68,09","67,88","68,27","67,82","47,98K","0,12%"
"30.08.2019","68,01","67,95","68,53","67,70","48,00K","0,13%"
"29.08.2019","67,92","66,50","67,92","66,50","50,31K","1,91%"
"28.08.2019","66,65","66,50","66,65","66,00","31,67K","0,09%"
"27.08.2019","66,59","66,30","67,03","66,16","23,00K","0,50%"
"26.08.2019","66,26","66,07","66,75","65,81","51,49K","0,41%"
"23.08.2019","65,99","68,20","68,25","65,99","149,02K","-2,40%"
"22.08.2019","67,61","67,89","68,23","67,32","35,17K","-0,62%"
"21.08.2019","68,03","67,71","68,08","67,64","31,11K","0,35%"
"20.08.2019","67,79","67,95","68,07","67,50","24,45K","-0,12%"
"19.08.2019","67,87","67,51","67,87","67,23","36,55K","1,74%"
"16.08.2019","66,71","66,15","66,84","66,15","17,87K","1,57%"
"15.08.2019","65,68","65,89","65,97","64,49","82,23K","-0,41%"
"14.08.2019","65,95","67,24","67,24","65,77","32,73K","-1,57%"
"13.08.2019","67,00","65,61","67,76","65,31","40,34K","1,76%"
"12.08.2019","65,84","66,94","67,12","65,76","38,19K","-0,35%"
"09.08.2019","66,07","66,89","66,94","66,07","18,96K","-0,78%"
"08.08.2019","66,59","65,93","66,67","65,60","65,24K","2,57%"
"07.08.2019","64,92","65,17","65,81","63,85","48,92K","0,26%"
"06.08.2019","64,75","64,43","65,50","64,26","81,64K","-0,35%"
"05.08.2019","64,98","66,59","66,59","64,86","74,54K","-3,26%"
"02.08.2019","67,17","68,25","68,25","67,02","58,60K","-4,53%"
"01.08.2019","70,36","69,14","70,39","69,14","50,58K","0,92%"
"31.07.2019","69,72","69,42","69,76","69,42","21,72K","0,32%"
"30.07.2019","69,50","69,85","69,85","69,13","34,49K","-0,19%"
"29.07.2019","69,63","69,96","70,22","69,47","17,54K","-0,73%"
"26.07.2019","70,14","69,86","70,14","69,77","28,40K","1,23%"
"25.07.2019","69,29","69,98","70,26","69,13","22,40K","-0,47%"
"24.07.2019","69,62","69,32","69,64","69,15","53,52K","0,80%"
"23.07.2019","69,07","68,94","69,25","68,86","23,79K","0,92%"
"22.07.2019","68,44","68,01","68,53","67,97","16,96K","-0,28%"
"19.07.2019","68,63","68,62","69,00","68,60","20,89K","0,99%"
"18.07.2019","67,96","67,85","68,38","67,84","81,27K","-0,98%"
"17.07.2019","68,63","68,94","69,03","68,63","14,46K","-0,55%"
"16.07.2019","69,01","68,95","69,22","68,94","34,48K","0,36%"
"15.07.2019","68,76","68,69","68,83","68,55","31,39K","0,28%"
"12.07.2019","68,57","68,32","68,62","68,32","76,83K","-0,04%"
"11.07.2019","68,60","68,47","68,60","68,38","25,61K","0,65%"
"10.07.2019","68,16","67,74","68,64","67,65","45,05K","0,66%"
"09.07.2019","67,71","67,18","67,85","67,09","27,29K","0,33%"
"08.07.2019","67,49","67,70","67,82","67,31","80,43K","-0,50%"
"05.07.2019","67,83","68,05","68,05","67,51","47,14K","-0,32%"
"04.07.2019","68,05","67,90","68,07","67,83","147,36K","0,47%"
"03.07.2019","67,73","67,46","67,76","67,43","47,20K","1,20%"
"02.07.2019","66,93","66,99","67,15","66,69","49,67K","-0,12%"
"01.07.2019","67,01","67,14","67,20","66,77","105,33K","2,23%"
"28.06.2019","65,55","65,62","65,71","65,40","34,58K","0,14%"
"27.06.2019","65,46","65,77","65,77","65,32","71,55K","0,11%"
"26.06.2019","65,39","65,24","65,83","65,05","35,32K","-0,24%"
"25.06.2019","65,55","65,90","66,06","65,54","40,87K","-1,00%"
"24.06.2019","66,21","66,42","66,45","66,08","58,29K","-0,84%"
"21.06.2019","66,77","66,64","66,83","66,33","61,63K","0,24%"
"20.06.2019","66,61","66,96","67,22","66,61","38,44K","0,51%"
"19.06.2019","66,27","66,56","66,58","66,13","23,63K","-0,67%"
"18.06.2019","66,72","65,30","66,98","65,12","68,92K","2,22%"
"17.06.2019","65,27","65,19","65,42","64,85","26,04K","0,37%"
"14.06.2019","65,03","64,68","65,12","64,48","15,70K","0,25%"
"13.06.2019","64,87","64,44","65,15","64,35","72,09K","0,67%"
"12.06.2019","64,44","64,35","64,68","64,33","30,25K","-0,68%"
"11.06.2019","64,88","64,91","65,48","64,88","89,48K","1,64%"
"07.06.2019","63,83","63,10","64,00","62,80","45,63K","2,00%"
"06.06.2019","62,58","62,76","63,07","62,33","62,51K","0,26%"
"05.06.2019","62,42","62,20","62,65","61,90","20,81K","0,89%"
"04.06.2019","61,87","60,44","61,87","60,26","54,69K","0,47%"
"03.06.2019","61,58","61,85","62,04","61,19","80,01K","-1,88%"
"31.05.2019","62,76","62,84","62,85","62,37","49,73K","-0,96%"
"30.05.2019","63,37","63,42","63,67","63,27","5,53K","0,40%"
"29.05.2019","63,12","63,17","63,43","63,09","30,18K","-1,25%"
"28.05.2019","63,92","63,91","64,12","63,55","43,75K","0,38%"
"27.05.2019","63,68","63,74","63,85","63,64","23,47K","-0,19%"
"24.05.2019","63,80","63,98","64,25","63,61","38,67K","-0,05%"
"23.05.2019","63,83","64,41","64,43","63,83","44,21K","-1,82%"
"22.05.2019","65,01","65,02","65,17","64,47","61,90K","-0,17%"
"21.05.2019","65,12","64,90","65,21","64,64","36,09K","0,98%"
"20.05.2019","64,49","65,65","65,72","64,20","50,98K","-2,57%"
"17.05.2019","66,19","65,96","66,43","65,48","73,95K","-0,35%"
"16.05.2019","66,42","65,17","66,42","65,00","61,00K","1,81%"
"15.05.2019","65,24","64,74","65,26","64,00","62,56K","0,91%"
"14.05.2019","64,65","63,72","64,65","63,70","37,35K","1,49%"
"13.05.2019","63,70","65,07","65,07","63,60","65,14K","-1,30%"
"10.05.2019","64,54","65,79","65,93","64,42","17,37K","-0,84%"
"09.05.2019","65,09","65,83","66,01","64,72","47,75K","-2,02%"
"08.05.2019","66,43","66,65","66,82","66,08","71,53K","-0,49%"
"07.05.2019","66,76","67,61","67,62","66,58","44,90K","-1,18%"
"06.05.2019","67,56","66,83","67,62","66,72","119,78K","-0,71%"
"03.05.2019","68,04","67,63","68,18","67,63","135,41K","0,96%"
"02.05.2019","67,39","67,55","67,90","67,30","144,52K","0,06%"
"30.04.2019","67,35","67,82","67,85","67,29","49,61K","-1,52%"
"29.04.2019","68,39","68,39","68,49","68,28","23,53K","0,44%"
"26.04.2019","68,09","68,10","68,42","67,75","24,23K","-0,63%"
"25.04.2019","68,52","68,45","68,84","68,00","30,14K","0,57%"
"24.04.2019","68,13","67,83","68,13","67,80","14,49K","0,56%"
"23.04.2019","67,75","66,89","67,75","66,72","25,24K","1,85%"
"18.04.2019","66,52","66,05","66,65","66,04","25,15K","0,60%"
"17.04.2019","66,12","66,14","66,52","66,03","14,65K","0,05%"
"16.04.2019","66,09","65,89","66,14","65,86","15,78K","0,78%"
"15.04.2019","65,58","65,73","65,84","65,39","31,44K","0,03%"
"12.04.2019","65,56","65,60","65,76","65,40","45,21K","-0,36%"
"11.04.2019","65,80","65,81","66,00","65,68","22,86K","0,00%"
"10.04.2019","65,80","65,53","65,90","65,47","25,48K","0,34%"
"09.04.2019","65,58","65,70","65,70","65,34","18,42K","-0,02%"
"08.04.2019","65,59","65,70","65,71","65,23","34,87K","-0,30%"
"05.04.2019","65,79","65,57","65,83","65,49","36,59K","0,53%"
"04.04.2019","65,44","65,45","65,81","65,36","28,79K","-0,49%"
"03.04.2019","65,76","65,50","65,81","65,29","45,62K","0,89%"
"02.04.2019","65,18","64,97","65,24","64,94","26,95K","0,68%"
"01.04.2019","64,74","64,60","64,80","64,45","77,57K","1,30%"
"29.03.2019","63,91","63,78","63,96","63,69","21,30K","0,88%"
"28.03.2019","63,35","63,24","63,75","63,19","44,88K","0,38%"
"27.03.2019","63,11","63,79","63,79","62,79","33,70K","-0,71%"
"26.03.2019","63,56","63,21","63,90","63,13","37,09K","1,10%"
"25.03.2019","62,87","62,85","63,15","62,62","24,99K","-1,16%"
"22.03.2019","63,61","64,36","64,56","63,50","78,86K","-0,44%"
"21.03.2019","63,89","63,03","64,00","62,84","20,12K","1,64%"
"20.03.2019","62,86","63,12","63,27","62,86","26,17K","-0,76%"
"19.03.2019","63,34","63,01","63,47","63,00","31,32K","0,86%"
"18.03.2019","62,80","62,89","63,06","62,73","34,50K","-0,40%"
"15.03.2019","63,05","62,53","63,05","62,52","80,93K","0,59%"
"14.03.2019","62,68","62,65","62,84","62,53","47,45K","-0,11%"
"13.03.2019","62,75","62,29","62,78","62,26","45,76K","0,66%"
"12.03.2019","62,34","62,26","62,42","62,06","31,09K","0,47%"
"11.03.2019","62,05","61,11","62,10","60,97","31,02K","2,27%"
"08.03.2019","60,67","60,75","60,92","60,26","32,23K","-1,25%"
"07.03.2019","61,44","61,11","61,69","60,98","33,75K","0,03%"
"06.03.2019","61,42","61,76","61,83","61,41","14,92K","-0,70%"
"05.03.2019","61,85","61,53","61,85","61,40","21,11K","0,57%"
"04.03.2019","61,50","61,80","62,07","61,50","38,32K","0,84%"
"01.03.2019","60,99","61,24","61,42","60,99","34,84K","0,10%"
"28.02.2019","60,93","60,59","60,96","60,53","14,73K","0,16%"
"27.02.2019","60,83","60,77","60,90","60,41","33,46K","-0,43%"
"26.02.2019","61,09","60,93","61,24","60,79","14,04K","-0,57%"
"25.02.2019","61,44","61,14","61,55","61,07","23,61K","0,75%"
"22.02.2019","60,98","60,51","61,00","60,49","62,64K","0,71%"
"21.02.2019","60,55","60,91","60,93","60,20","30,99K","-0,39%"
"20.02.2019","60,79","60,72","60,94","60,58","15,61K","0,03%"
"19.02.2019","60,77","60,95","60,95","60,63","39,51K","-0,26%"
"18.02.2019","60,93","60,92","60,96","60,73","22,71K","0,16%"
"15.02.2019","60,83","60,33","61,21","60,33","45,57K","0,61%"
"14.02.2019","60,46","60,89","61,02","60,18","31,26K","-0,33%"
"13.02.2019","60,66","60,70","60,99","60,54","44,73K","0,53%"
"12.02.2019","60,34","60,15","60,47","59,99","27,03K","0,95%"
"11.02.2019","59,77","59,42","60,06","59,41","22,97K","1,39%"
"08.02.2019","58,95","58,99","59,16","58,74","97,19K","0,08%"
"07.02.2019","58,90","59,84","59,94","58,90","57,27K","-1,87%"
"06.02.2019","60,02","59,96","60,20","59,70","49,38K","0,28%"
"05.02.2019","59,85","59,13","60,00","59,13","22,38K","1,15%"
"04.02.2019","59,17","58,61","59,20","58,46","17,65K","0,89%"
"01.02.2019","58,65","58,72","58,82","58,26","93,61K","-0,09%"
"31.01.2019","58,70","58,17","58,73","58,03","58,75K","2,46%"
"30.01.2019","57,29","56,92","57,44","56,87","38,52K","1,25%"
"29.01.2019","56,58","56,80","57,32","56,45","23,53K","-0,44%"
"28.01.2019","56,83","57,70","57,72","56,79","39,45K","-1,85%"
"25.01.2019","57,90","57,82","58,01","57,69","44,13K","0,92%"
"24.01.2019","57,37","57,09","57,60","57,06","31,19K","0,99%"
"23.01.2019","56,81","56,90","57,54","56,75","19,02K","-1,30%"
"22.01.2019","57,56","57,70","57,86","57,45","34,07K","-0,55%"
"21.01.2019","57,88","57,88","58,00","57,75","59,68K","-0,77%"
"18.01.2019","58,33","57,50","58,33","57,44","65,10K","2,03%"
"17.01.2019","57,17","56,59","57,19","56,53","25,63K","-0,14%"
"16.01.2019","57,25","57,00","57,45","56,84","32,07K","0,95%"
"15.01.2019","56,71","55,91","56,71","55,84","21,54K","1,83%"
"14.01.2019","55,69","55,48","55,76","55,35","47,97K","-0,32%"
"11.01.2019","55,87","55,86","55,99","55,67","12,52K","0,11%"
"10.01.2019","55,81","55,25","55,81","55,07","86,42K","0,11%"
"09.01.2019","55,75","55,73","56,00","55,37","63,13K","1,00%"
"08.01.2019","55,20","55,34","56,02","55,10","49,79K","0,33%"
"07.01.2019","55,02","54,85","55,02","54,45","28,18K","0,92%"
"04.01.2019","54,52","53,36","54,61","53,17","17,66K","2,44%"
"03.01.2019","53,22","53,27","53,90","52,73","30,09K","-2,17%"
"02.01.2019","54,40","52,98","54,52","52,40","61,88K","1,28%"
"28.12.2018","53,71","53,40","54,04","53,37","59,01K","2,40%"
"27.12.2018","52,45","53,12","53,26","52,02","58,60K","-1,06%"
"21.12.2018","53,01","53,42","53,87","52,89","58,39K","-0,73%"
"20.12.2018","53,40","53,70","54,32","53,40","94,95K","-4,08%"
"19.12.2018","55,67","55,48","55,94","55,33","17,51K","-0,11%"
"18.12.2018","55,73","55,50","55,86","55,45","30,94K","-1,62%"
"17.12.2018","56,65","56,87","56,91","55,88","58,26K","-1,97%"
"14.12.2018","57,79","57,44","57,93","57,39","18,27K","-0,65%"
"13.12.2018","58,17","58,51","58,70","57,98","22,30K","-0,90%"
"12.12.2018","58,70","58,02","58,85","58,01","27,35K","1,26%"
"11.12.2018","57,97","57,21","58,40","57,11","31,68K","2,78%"
"10.12.2018","56,40","56,37","57,00","56,14","69,11K","-1,59%"
"07.12.2018","57,31","58,03","58,51","57,31","91,58K","0,10%"
"06.12.2018","57,25","57,84","57,86","56,89","121,41K","-2,45%"
"05.12.2018","58,69","58,80","59,08","58,39","30,97K","-2,28%"
"04.12.2018","60,06","60,07","60,40","59,72","87,35K","-0,83%"
"03.12.2018","60,56","61,15","61,23","60,40","121,31K","1,97%"
"30.11.2018","59,39","59,10","59,58","58,90","30,30K","0,75%"
"29.11.2018","58,95","59,04","59,15","58,57","41,63K","1,43%"
"28.11.2018","58,12","58,07","58,37","57,99","38,73K","0,54%"
"27.11.2018","57,81","57,38","57,86","56,91","123,47K","1,69%"
"26.11.2018","56,85","56,68","57,17","56,65","21,99K","0,74%"
"23.11.2018","56,43","55,87","56,61","55,78","42,30K","1,27%"
"22.11.2018","55,72","56,16","56,16","55,60","57,84K","-1,62%"
"21.11.2018","56,64","56,20","56,81","56,14","91,59K","0,64%"
"20.11.2018","56,28","56,24","56,41","55,13","116,53K","-1,47%"
"19.11.2018","57,12","58,87","59,05","57,12","32,80K","-2,31%"
"16.11.2018","58,47","58,93","58,96","58,18","29,08K","-0,24%"
"15.11.2018","58,61","58,72","58,74","57,78","25,94K","0,07%"
"14.11.2018","58,57","58,86","59,63","58,50","38,30K","-2,06%"
"13.11.2018","59,80","59,67","60,06","59,17","54,28K","0,83%"
"12.11.2018","59,31","61,21","61,24","59,19","39,48K","-2,08%"
"09.11.2018","60,57","61,23","61,23","60,40","42,22K","-1,06%"
"08.11.2018","61,22","61,36","61,46","60,92","31,45K","0,86%"
"07.11.2018","60,70","59,82","60,70","59,82","75,53K","2,17%"
"06.11.2018","59,41","59,17","59,84","58,97","120,07K","0,99%"
"05.11.2018","58,83","59,60","59,88","58,62","37,79K","-1,14%"
"02.11.2018","59,51","60,52","60,61","59,31","52,95K","-0,88%"
"01.11.2018","60,04","59,68","60,12","59,26","45,18K","0,08%"
"31.10.2018","59,99","58,89","60,39","58,87","41,50K","3,68%"
"30.10.2018","57,86","58,01","58,26","56,96","69,62K","-0,75%"
"29.10.2018","58,30","58,85","59,67","58,00","57,86K","-0,56%"
"26.10.2018","58,63","58,68","59,06","57,62","186,36K","-1,96%"
"25.10.2018","59,80","58,47","59,84","58,39","100,36K","0,30%"
"24.10.2018","59,62","60,01","61,01","59,62","88,99K","0,34%"
"23.10.2018","59,42","59,78","59,91","58,97","60,83K","-2,38%"
"22.10.2018","60,87","60,22","61,05","60,18","38,16K","0,28%"
"19.10.2018","60,70","60,93","61,20","60,67","31,87K","0,35%"
"18.10.2018","60,49","61,53","61,67","60,49","44,85K","-1,03%"
"17.10.2018","61,12","61,87","61,91","60,91","38,37K","0,86%"
"16.10.2018","60,60","59,65","60,60","59,63","39,38K","1,17%"
"15.10.2018","59,90","59,84","60,14","59,27","62,83K","-0,07%"
"12.10.2018","59,94","59,92","60,34","59,62","84,61K","1,63%"
"11.10.2018","58,98","59,09","59,78","58,41","250,31K","-3,07%"
"10.10.2018","60,85","62,51","62,61","60,83","48,97K","-3,23%"
"09.10.2018","62,88","62,51","63,02","62,34","56,39K","1,03%"
"08.10.2018","62,24","62,57","62,89","62,24","36,78K","-0,61%"
"05.10.2018","62,62","63,37","63,45","62,62","56,48K","-1,45%"
"04.10.2018","63,54","64,50","64,50","63,54","66,18K","-1,76%"
"02.10.2018","64,68","64,40","64,72","64,33","30,80K","-0,12%"
"01.10.2018","64,76","64,58","64,76","64,33","67,47K","1,14%"
"28.09.2018","64,03","63,91","64,13","63,86","35,44K","0,34%"
"27.09.2018","63,81","63,07","63,88","62,91","24,40K","1,13%"
"26.09.2018","63,10","62,88","63,10","62,81","24,23K","0,90%"
"25.09.2018","62,54","62,59","62,67","62,29","19,50K","0,39%"
"24.09.2018","62,30","62,17","62,35","61,48","31,38K","-0,80%"
"21.09.2018","62,80","62,78","63,10","62,60","25,93K","0,02%"
"20.09.2018","62,79","62,42","62,79","62,30","23,63K","0,77%"
"19.09.2018","62,31","62,54","62,71","62,13","33,02K","-0,61%"
"18.09.2018","62,69","61,98","62,69","61,87","39,38K","0,66%"
"17.09.2018","62,28","63,04","63,05","62,10","44,65K","-1,41%"
"14.09.2018","63,17","63,16","63,31","63,05","33,17K","0,16%"
"13.09.2018","63,07","62,67","63,09","62,67","31,54K","0,64%"
"12.09.2018","62,67","63,22","63,42","62,25","39,66K","-0,30%"
"11.09.2018","62,86","62,64","62,88","62,31","19,54K","0,61%"
"10.09.2018","62,48","62,88","62,95","62,22","36,64K","-0,83%"
"07.09.2018","63,00","62,31","63,00","62,22","41,53K","0,95%"
"06.09.2018","62,41","63,00","63,16","62,12","593,74K","-0,78%"
"05.09.2018","62,90","64,13","64,18","62,89","110,26K","-2,27%"
"04.09.2018","64,36","64,68","64,76","64,00","32,46K","-0,11%"
"03.09.2018","64,43","64,39","64,44","64,23","38,30K","0,28%"
"31.08.2018","64,25","63,84","64,27","63,64","19,51K","0,33%"
"30.08.2018","64,04","63,73","64,18","63,68","22,11K","0,49%"
"29.08.2018","63,73","63,35","63,73","63,29","26,91K","1,26%"
"28.08.2018","62,94","63,15","63,20","62,94","31,41K","-0,24%"
"27.08.2018","63,09","63,14","63,18","62,90","33,81K","0,45%"
"24.08.2018","62,81","62,59","62,81","62,50","36,64K","0,51%"
"23.08.2018","62,49","62,55","62,93","62,41","36,64K","0,08%"
"22.08.2018","62,44","62,16","62,44","61,88","38,92K","-0,48%"
"21.08.2018","62,74","62,49","62,77","62,43","69,23K","0,03%"
"20.08.2018","62,72","63,22","63,32","62,60","45,90K","-0,11%"
"17.08.2018","62,79","63,18","63,21","62,47","128,06K","-1,09%"
"16.08.2018","63,48","63,38","63,65","63,17","199,75K","0,33%"
"15.08.2018","63,27","63,97","64,06","62,91","122,45K","-0,77%"
"14.08.2018","63,76","63,50","63,83","63,30","30,22K","0,62%"
"13.08.2018","63,37","63,16","63,68","63,16","19,12K","-0,02%"
"10.08.2018","63,38","63,11","63,42","63,03","60,43K","0,51%"
"09.08.2018","63,06","62,73","63,06","62,70","59,05K","0,40%"
"08.08.2018","62,81","62,59","62,85","62,50","39,33K","0,34%"
"07.08.2018","62,60","62,81","62,85","62,57","26,55K","0,26%"
"06.08.2018","62,44","62,41","62,59","62,26","33,50K","0,86%"
"03.08.2018","61,91","61,99","62,20","61,91","33,38K","0,72%"
"02.08.2018","61,47","60,57","61,47","60,42","37,26K","1,39%"
"01.08.2018","60,63","60,59","60,85","60,38","41,42K","0,70%"
"31.07.2018","60,21","59,89","60,29","59,75","46,40K","0,52%"
"30.07.2018","59,90","60,74","60,83","59,90","45,25K","-2,82%"
"27.07.2018","61,64","62,17","62,45","61,54","48,03K","-0,44%"
"26.07.2018","61,91","61,46","62,02","61,39","38,92K","-0,26%"
"25.07.2018","62,07","61,71","62,07","61,57","61,96K","0,31%"
"24.07.2018","61,88","61,90","62,18","61,75","33,93K","1,16%"
"23.07.2018","61,17","60,85","61,17","60,75","92,81K","-0,54%"
"20.07.2018","61,50","61,70","61,76","61,20","50,28K","-0,73%"
"19.07.2018","61,95","61,81","61,97","61,64","642,57K","0,11%"
"18.07.2018","61,88","61,99","62,09","61,59","111,14K","0,96%"
"17.07.2018","61,29","60,51","61,35","60,32","67,45K","0,00%"
"16.07.2018","61,29","61,45","61,58","61,25","39,54K","-0,58%"
"13.07.2018","61,65","61,80","61,92","61,52","52,31K","0,97%"
"12.07.2018","61,06","60,56","61,13","60,47","38,81K","1,45%"
"11.07.2018","60,19","59,82","60,35","59,75","22,33K","-0,41%"
"10.07.2018","60,44","60,46","60,76","60,40","40,63K","0,67%"
"09.07.2018","60,04","59,93","60,07","59,81","22,89K","0,86%"
"06.07.2018","59,53","59,15","59,53","58,91","32,60K","1,19%"
"05.07.2018","58,83","58,36","58,85","58,36","23,75K","0,32%"
"04.07.2018","58,64","58,54","58,84","58,54","13,36K","-0,88%"
"03.07.2018","59,16","59,42","59,62","59,11","22,92K","0,37%"
"02.07.2018","58,94","58,47","59,04","58,36","61,71K","-0,24%"
"29.06.2018","59,08","59,26","59,39","58,96","25,38K","0,29%"
"28.06.2018","58,91","58,97","59,09","58,30","16,93K","-0,96%"
"27.06.2018","59,48","58,81","59,72","58,55","25,46K","1,07%"
"26.06.2018","58,85","58,80","59,17","58,71","17,46K","0,55%"
"25.06.2018","58,53","59,90","59,91","58,49","133,18K","-2,90%"
"22.06.2018","60,28","60,36","60,63","60,08","17,00K","-1,00%"
"21.06.2018","60,89","61,63","61,66","60,47","66,50K","-0,44%"
"20.06.2018","61,16","61,00","61,23","60,89","141,63K","1,12%"
"19.06.2018","60,48","60,31","60,63","60,06","54,40K","-0,54%"
"18.06.2018","60,81","60,66","60,89","60,31","94,91K","0,28%"
"15.06.2018","60,64","61,39","61,39","60,58","114,22K","-0,49%"
"14.06.2018","60,94","59,26","60,94","59,25","46,91K","1,40%"
"13.06.2018","60,10","59,90","60,10","59,71","49,08K","1,06%"
"12.06.2018","59,47","59,45","59,52","59,15","142,90K","0,52%"
"11.06.2018","59,16","59,02","59,20","58,98","47,31K","0,14%"
"08.06.2018","59,08","59,00","59,16","58,50","86,73K","0,20%"
"07.06.2018","58,96","59,61","59,61","58,90","49,55K","-0,94%"
"06.06.2018","59,52","59,78","59,78","59,12","50,76K","-0,20%"
"05.06.2018","59,64","59,44","60,02","59,44","95,31K","0,39%"
"04.06.2018","59,41","59,31","59,41","58,90","45,85K","0,58%"
"01.06.2018","59,07","58,36","59,07","58,24","31,78K","1,15%"
"31.05.2018","58,40","58,30","58,46","58,19","16,55K","0,03%"
"30.05.2018","58,38","58,52","58,61","58,22","35,17K","-0,34%"
"29.05.2018","58,58","58,42","58,67","58,20","41,79K","0,02%"
"28.05.2018","58,57","58,25","58,64","58,20","24,59K","0,41%"
"25.05.2018","58,33","58,06","58,34","57,95","30,83K","1,50%"
"24.05.2018","57,47","57,78","57,91","57,28","39,29K","0,28%"
"23.05.2018","57,31","57,01","57,31","56,75","41,53K","0,23%"
"22.05.2018","57,18","57,28","57,43","57,01","31,43K","0,18%"
"18.05.2018","57,08","57,09","57,24","56,81","21,28K","-0,44%"
"17.05.2018","57,33","57,04","57,45","56,90","36,09K","0,33%"
"16.05.2018","57,14","56,72","57,25","56,71","30,26K","1,26%"
"15.05.2018","56,43","56,77","56,96","56,40","46,78K","-0,84%"
"14.05.2018","56,91","56,87","57,04","56,61","39,93K","0,30%"
"11.05.2018","56,74","56,98","56,99","56,55","19,10K","-0,23%"
"10.05.2018","56,87","56,74","56,89","56,44","87,95K","1,41%"
"09.05.2018","56,08","56,11","56,26","55,91","122,41K","0,21%"
"08.05.2018","55,96","55,78","56,03","55,67","33,19K","0,13%"
"07.05.2018","55,89","55,58","55,89","55,53","43,50K","1,53%"
"04.05.2018","55,05","54,13","55,05","53,94","20,51K","3,09%"
"03.05.2018","53,40","53,95","54,06","53,30","19,99K","-1,78%"
"02.05.2018","54,37","54,46","54,56","54,13","145,75K","1,12%"
"30.04.2018","53,77","53,74","54,10","53,74","36,82K","0,26%"
"27.04.2018","53,63","54,32","54,61","53,33","39,30K","0,56%"
"26.04.2018","53,33","52,41","53,35","52,41","65,62K","2,32%"
"25.04.2018","52,12","51,93","52,22","51,34","111,17K","-0,70%"
"24.04.2018","52,49","53,26","53,51","52,47","74,88K","-1,91%"
"23.04.2018","53,51","52,94","53,56","52,85","32,01K","0,91%"
"20.04.2018","53,03","53,34","53,69","52,97","29,97K","-0,82%"
"19.04.2018","53,47","53,81","53,84","53,33","29,28K","-0,61%"
"18.04.2018","53,80","53,83","53,94","53,41","155,42K","0,34%"
"17.04.2018","53,62","52,88","53,67","52,76","13,75K","2,41%"
"16.04.2018","52,36","52,54","52,62","52,19","29,05K","-0,36%"
"13.04.2018","52,55","52,52","52,94","52,33","14,60K","-0,28%"
"12.04.2018","52,70","51,97","52,81","51,88","23,60K","1,44%"
"11.04.2018","51,95","51,82","52,06","51,45","37,38K","-0,19%"
"10.04.2018","52,05","52,17","52,19","51,50","23,01K","0,25%"
"09.04.2018","51,92","51,58","51,92","51,26","17,05K","0,19%"
"06.04.2018","51,82","52,00","52,25","51,70","34,78K","-1,87%"
"05.04.2018","52,81","52,64","52,81","52,34","16,61K","3,35%"
"04.04.2018","51,10","50,90","51,10","49,97","41,21K","0,18%"
"03.04.2018","51,01","50,79","51,30","50,37","123,87K","-1,24%"
"29.03.2018","51,65","51,36","51,94","50,90","43,37K","1,39%"
"28.03.2018","50,94","51,29","51,54","50,68","65,70K","-3,87%"
"27.03.2018","52,99","53,19","53,64","52,90","40,86K","2,73%"
"26.03.2018","51,58","52,11","52,25","51,37","33,80K","-1,30%"
"23.03.2018","52,26","52,59","52,76","52,12","83,16K","-2,24%"
"22.03.2018","53,46","53,61","53,73","53,05","44,93K","-2,43%"
"21.03.2018","54,79","54,66","54,81","54,37","15,12K","0,20%"
"20.03.2018","54,68","54,23","54,71","54,12","34,22K","1,24%"
"19.03.2018","54,01","55,33","55,33","53,92","61,71K","-2,96%"
"16.03.2018","55,66","55,68","56,00","55,59","30,62K","-0,07%"
"15.03.2018","55,70","55,49","55,84","55,33","50,31K","0,45%"
"14.03.2018","55,45","55,54","55,86","55,31","24,14K","-0,36%"
"13.03.2018","55,65","56,46","56,56","55,36","29,45K","-1,36%"
"12.03.2018","56,42","56,38","56,49","56,22","37,40K","1,20%"
"09.03.2018","55,75","55,07","55,75","55,06","21,80K","1,46%"
"08.03.2018","54,95","54,41","54,95","54,41","33,59K","1,53%"
"07.03.2018","54,12","53,74","54,18","53,60","12,59K","0,19%"
"06.03.2018","54,02","54,44","54,53","54,02","64,81K","0,13%"
"05.03.2018","53,95","53,47","53,99","53,40","29,08K","1,68%"
"02.03.2018","53,06","53,61","53,71","52,56","61,42K","-2,91%"
"01.03.2018","54,65","54,94","55,01","54,40","58,44K","-0,78%"
"28.02.2018","55,08","55,03","55,55","55,03","24,88K","-0,22%"
"27.02.2018","55,20","55,14","55,57","55,06","40,75K","0,42%"
"26.02.2018","54,97","54,59","55,08","54,51","55,88K","1,72%"
"23.02.2018","54,04","53,91","54,05","53,71","12,68K","0,46%"
"22.02.2018","53,79","53,24","53,85","53,22","26,89K","-0,90%"
"21.02.2018","54,28","53,74","54,28","53,50","24,77K","0,85%"
"20.02.2018","53,82","53,35","53,82","53,04","36,91K","1,24%"
"19.02.2018","53,16","53,35","53,48","53,07","13,43K","-0,23%"
"16.02.2018","53,28","53,13","53,35","53,05","72,85K","1,64%"
"15.02.2018","52,42","52,45","52,56","52,04","64,92K","1,14%"
"14.02.2018","51,83","51,84","52,00","51,26","52,47K","1,21%"
"13.02.2018","51,21","51,43","51,46","51,04","22,46K","-0,51%"
"12.02.2018","51,47","51,03","51,65","51,00","75,97K","2,24%"
"09.02.2018","50,34","50,38","50,84","49,94","88,12K","-2,20%"
"08.02.2018","51,47","52,22","52,41","51,37","42,26K","-2,78%"
"07.02.2018","52,94","51,81","53,06","51,70","57,73K","4,25%"
"06.02.2018","50,78","50,97","51,95","49,94","177,68K","-4,10%"
"05.02.2018","52,95","52,60","53,22","52,22","59,12K","-0,75%"
"02.02.2018","53,35","53,73","53,77","53,32","49,56K","-1,48%"
"01.02.2018","54,15","54,64","54,64","53,92","36,83K","-0,39%"
"31.01.2018","54,36","54,37","54,50","54,20","21,22K","-0,24%"
"30.01.2018","54,49","54,81","54,82","53,97","47,38K","-1,13%"
"29.01.2018","55,11","54,99","55,14","54,75","33,57K","1,01%"
"26.01.2018","54,56","54,11","54,58","54,11","89,49K","0,83%"
"25.01.2018","54,11","54,26","54,61","53,70","49,24K","-0,51%"
"24.01.2018","54,39","55,03","55,03","54,39","24,72K","-1,41%"
"23.01.2018","55,17","55,12","55,24","54,87","60,76K","1,08%"
"22.01.2018","54,58","54,31","54,60","54,14","22,13K","0,57%"
"19.01.2018","54,27","53,98","54,33","53,98","26,66K","0,24%"
"18.01.2018","54,14","54,21","54,25","53,84","44,68K","0,50%"
"17.01.2018","53,87","53,78","54,07","53,62","40,64K","-0,44%"
"16.01.2018","54,11","53,95","54,48","53,90","96,48K","0,73%"
"15.01.2018","53,72","54,00","54,00","53,59","45,69K","-0,72%"
"12.01.2018","54,11","54,33","54,33","53,70","84,78K","0,22%"
"11.01.2018","53,99","54,46","54,48","53,81","55,14K","-0,06%"
"10.01.2018","54,02","54,23","54,33","53,74","41,42K","-0,94%"
"09.01.2018","54,53","54,45","54,67","54,36","12,85K","0,52%"
"08.01.2018","54,25","54,12","54,26","53,91","25,45K","1,06%"
"05.01.2018","53,68","53,33","53,68","53,30","42,19K","0,98%"
"04.01.2018","53,16","53,31","53,32","52,95","26,27K","0,08%"
"03.01.2018","53,12","52,60","53,16","52,60","82,95K","1,24%"
"02.01.2018","52,47","52,06","52,49","51,50","33,95K","0,27%"
"29.12.2017","52,33","52,43","52,45","52,29","30,88K","-0,25%"
"28.12.2017","52,46","52,49","52,70","52,37","16,47K","-0,44%"
"27.12.2017","52,69","52,68","52,82","52,53","17,83K","-0,77%"
"22.12.2017","53,10","53,24","53,24","52,95","36,04K","-0,23%"
"21.12.2017","53,22","53,02","53,29","52,94","21,76K","0,55%"
"20.12.2017","52,93","53,44","53,52","52,73","41,68K","-0,92%"
"19.12.2017","53,42","53,79","53,85","53,36","25,34K","-0,45%"
"18.12.2017","53,66","53,78","53,83","53,52","35,37K","0,73%"
"15.12.2017","53,27","52,88","53,27","52,77","27,64K","0,38%"
"14.12.2017","53,07","52,85","53,17","52,69","27,20K","0,02%"
"13.12.2017","53,06","53,10","53,19","52,97","24,29K","-0,24%"
"12.12.2017","53,19","52,99","53,19","52,88","25,84K","1,20%"
"11.12.2017","52,56","52,53","52,60","52,37","100,20K","-0,08%"
"08.12.2017","52,60","52,63","52,83","52,60","48,24K","0,67%"
"07.12.2017","52,25","52,12","52,32","52,01","18,95K","0,62%"
"06.12.2017","51,93","51,42","51,96","51,37","39,16K","-0,42%"
"05.12.2017","52,15","51,50","52,19","51,20","53,62K","0,71%"
"04.12.2017","51,78","52,37","52,50","51,62","35,09K","0,82%"
"01.12.2017","51,36","52,04","52,30","51,36","77,47K","-1,12%"
"30.11.2017","51,94","51,79","52,06","51,76","14,99K","0,06%"
"29.11.2017","51,91","52,69","52,90","51,91","21,00K","-1,37%"
"28.11.2017","52,63","52,51","52,64","52,36","37,79K","0,73%"
"27.11.2017","52,25","52,32","52,45","52,17","16,06K","-0,08%"
"24.11.2017","52,29","52,58","52,58","52,20","9,22K","-0,32%"
"23.11.2017","52,46","52,49","52,59","52,46","17,22K","-0,44%"
"22.11.2017","52,69","52,86","53,00","52,69","16,20K","-0,40%"
"21.11.2017","52,90","52,38","52,96","52,35","35,03K","1,03%"
"20.11.2017","52,36","52,15","52,39","52,01","17,70K","0,17%"
"17.11.2017","52,27","52,37","52,43","52,27","20,39K","-0,21%"
"16.11.2017","52,38","51,93","52,41","51,91","30,23K","1,14%"
"15.11.2017","51,79","51,65","51,80","51,28","128,95K","-0,48%"
"14.11.2017","52,04","52,53","52,62","51,87","23,22K","-1,35%"
"13.11.2017","52,75","52,82","52,84","52,43","13,78K","0,36%"
"10.11.2017","52,56","52,83","52,86","52,45","10,06K","-0,06%"
"09.11.2017","52,59","53,15","53,20","52,56","23,87K","-1,00%"
"08.11.2017","53,12","53,10","53,19","52,96","46,08K","0,02%"
"07.11.2017","53,11","53,11","53,20","53,01","39,05K","0,30%"
"06.11.2017","52,95","52,70","53,04","52,66","54,11K","0,72%"
"03.11.2017","52,57","52,23","52,57","52,14","24,06K","1,15%"
"02.11.2017","51,97","52,15","52,21","51,67","148,03K","-0,84%"
"01.11.2017","52,41","52,46","52,62","52,30","30,22K","0,77%"
"30.10.2017","52,01","52,04","52,38","51,93","22,68K","0,02%"
"27.10.2017","52,00","51,07","52,00","51,07","36,27K","3,28%"
"26.10.2017","50,35","49,92","50,41","49,91","26,18K","1,29%"
"25.10.2017","49,71","50,19","50,27","49,71","12,20K","-1,27%"
"24.10.2017","50,35","50,31","50,38","50,19","8,43K","-0,34%"
"23.10.2017","50,52","50,57","50,80","50,47","13,61K","-0,02%"
"20.10.2017","50,53","50,37","50,57","50,31","33,06K","1,04%"
"19.10.2017","50,01","50,36","50,37","49,75","30,13K","-1,22%"
"18.10.2017","50,63","50,78","50,82","50,55","22,64K","-0,06%"
"17.10.2017","50,66","50,68","50,79","50,57","20,93K","0,52%"
"16.10.2017","50,40","50,45","50,48","50,29","90,46K","0,52%"
"13.10.2017","50,14","50,00","50,17","49,97","16,44K","0,16%"
"12.10.2017","50,06","49,94","50,06","49,83","22,64K","0,40%"
"11.10.2017","49,86","49,98","49,98","49,75","13,44K","-0,18%"
"10.10.2017","49,95","50,22","50,25","49,95","89,42K","-0,77%"
"09.10.2017","50,34","50,41","50,43","50,29","13,16K","0,22%"
"06.10.2017","50,23","50,44","50,51","50,19","20,75K","0,20%"
"05.10.2017","50,13","49,66","50,13","49,60","39,23K","0,93%"
"04.10.2017","49,67","49,65","49,67","49,42","56,91K","0,08%"
"02.10.2017","49,63","49,57","49,75","49,50","38,72K","0,98%"
"29.09.2017","49,15","48,95","49,15","48,89","13,26K","0,43%"
"28.09.2017","48,94","49,23","49,23","48,82","18,13K","-0,02%"
"27.09.2017","48,95","48,81","49,20","48,81","17,62K","0,82%"
"26.09.2017","48,55","48,21","48,76","48,21","22,72K","0,87%"
"25.09.2017","48,13","48,40","48,53","47,97","15,99K","-0,04%"
"22.09.2017","48,15","48,19","48,23","48,05","9,44K","-0,62%"
"21.09.2017","48,45","48,83","49,07","48,30","17,09K","0,12%"
"20.09.2017","48,39","48,56","48,62","48,24","26,79K","-0,55%"
"19.09.2017","48,66","48,45","48,67","48,45","23,86K","-0,53%"
"18.09.2017","48,92","48,94","49,00","48,72","20,24K","0,29%"
"15.09.2017","48,78","48,66","48,84","48,38","16,35K","-0,71%"
"14.09.2017","49,13","49,18","49,18","48,94","14,45K","0,08%"
"13.09.2017","49,09","48,74","49,11","48,66","21,99K","0,66%"
"12.09.2017","48,77","48,78","49,01","48,69","65,54K","0,29%"
"11.09.2017","48,63","48,29","48,73","48,29","30,72K","1,06%"
"08.09.2017","48,12","48,10","48,28","48,05","30,05K","-0,66%"
"07.09.2017","48,44","48,59","48,59","48,20","18,00K","0,17%"
"06.09.2017","48,36","48,56","48,70","48,31","11,23K","-0,64%"
"05.09.2017","48,67","48,91","49,08","48,63","11,42K","-0,37%"
"04.09.2017","48,85","48,84","48,89","48,76","14,62K","-0,69%"
"01.09.2017","49,19","49,25","49,25","49,08","27,35K","0,43%"
"31.08.2017","48,98","48,75","49,09","48,67","19,30K","1,43%"
"30.08.2017","48,29","47,98","48,32","47,88","3,58K","1,96%"
"29.08.2017","47,36","47,03","47,42","46,64","89,93K","-0,48%"
"28.08.2017","47,59","47,44","47,72","47,36","34,37K","-0,44%"
"25.08.2017","47,80","48,32","48,37","47,80","23,83K","-0,25%"
"24.08.2017","47,92","48,38","48,52","47,92","120,36K","-0,91%"
"23.08.2017","48,36","48,65","48,66","48,28","19,89K","-0,43%"
"22.08.2017","48,57","48,15","48,57","48,06","23,76K","1,78%"
"21.08.2017","47,72","48,03","48,12","47,50","72,03K","-1,20%"
"18.08.2017","48,30","48,06","48,31","47,91","21,17K","-0,76%"
"17.08.2017","48,67","48,94","49,31","48,62","16,68K","-1,40%"
"16.08.2017","49,36","49,15","49,40","49,10","22,33K","0,43%"
"15.08.2017","49,15","49,23","49,33","49,03","21,66K","0,74%"
"14.08.2017","48,79","48,25","48,88","48,25","20,14K","1,58%"
"11.08.2017","48,03","47,86","48,12","47,70","140,86K","-0,89%"
"10.08.2017","48,46","49,09","49,09","48,38","75,64K","-0,86%"
"09.08.2017","48,88","48,89","48,96","48,74","9,52K","-0,95%"
"08.08.2017","49,35","48,97","49,35","48,75","23,05K","0,88%"
"07.08.2017","48,92","48,91","48,96","48,68","25,76K","-0,04%"
"04.08.2017","48,94","48,25","48,97","48,25","23,10K","1,26%"
"03.08.2017","48,33","48,50","48,66","48,28","49,87K","0,19%"
"02.08.2017","48,24","48,83","48,88","48,16","12,03K","-0,78%"
"01.08.2017","48,62","48,68","48,77","48,43","53,38K","0,02%"
"31.07.2017","48,61","49,10","49,19","48,59","10,19K","-0,49%"
"28.07.2017","48,85","48,79","48,94","48,57","41,52K","-2,36%"
"27.07.2017","50,03","49,66","50,03","49,61","23,38K","0,64%"
"26.07.2017","49,71","49,61","49,85","49,60","28,53K","0,32%"
"25.07.2017","49,55","49,48","49,61","49,28","23,63K","0,18%"
"24.07.2017","49,46","49,42","49,56","49,30","32,67K","0,18%"
"21.07.2017","49,37","49,37","49,53","49,28","56,76K","-0,16%"
"20.07.2017","49,45","49,99","50,26","49,35","27,96K","-1,04%"
"19.07.2017","49,97","49,82","49,97","49,74","54,93K","1,38%"
"18.07.2017","49,29","49,44","49,50","48,94","22,89K","-0,58%"
"17.07.2017","49,58","49,74","49,80","49,50","48,29K","0,36%"
"14.07.2017","49,40","49,36","49,50","49,35","16,54K","-0,24%"
"13.07.2017","49,52","49,30","49,59","49,30","21,37K","0,69%"
"12.07.2017","49,18","48,59","49,18","48,55","31,28K","1,53%"
"11.07.2017","48,44","48,72","48,77","48,44","47,32K","-0,23%"
"10.07.2017","48,55","48,47","48,57","48,32","18,65K","0,46%"
"07.07.2017","48,33","47,78","48,33","47,68","19,50K","0,73%"
"06.07.2017","47,98","48,46","48,46","47,64","62,09K","-0,83%"
"05.07.2017","48,38","47,82","48,46","47,73","80,91K","1,23%"
"04.07.2017","47,79","47,80","48,14","47,69","51,66K","-0,85%"
"03.07.2017","48,20","48,43","48,75","48,18","27,05K","-0,08%"
"30.06.2017","48,24","48,02","48,43","47,95","51,85K","0,29%"
"29.06.2017","48,10","49,10","49,15","48,10","45,08K","-1,78%"
"28.06.2017","48,97","48,63","49,14","48,14","62,47K","-1,21%"
"27.06.2017","49,57","50,07","50,13","49,49","22,63K","-1,04%"
"26.06.2017","50,09","50,59","50,81","50,09","27,92K","-0,42%"
"23.06.2017","50,30","50,38","50,49","50,20","28,86K","-0,34%"
"22.06.2017","50,47","50,44","50,54","50,33","20,10K","0,30%"
"21.06.2017","50,32","50,02","50,35","49,77","21,47K","0,08%"
"20.06.2017","50,28","50,41","50,49","50,27","19,70K","0,14%"
"19.06.2017","50,21","49,72","50,25","49,63","26,10K","1,66%"
"16.06.2017","49,39","49,86","49,90","49,22","21,86K","-0,34%"
"15.06.2017","49,56","49,60","49,61","49,27","22,73K","-0,86%"
"14.06.2017","49,99","50,13","50,33","49,77","36,05K","0,08%"
"13.06.2017","49,95","50,06","50,16","49,85","49,52K","0,24%"
"12.06.2017","49,83","49,97","49,97","49,26","113,93K","-2,92%"
"09.06.2017","51,33","51,47","51,60","51,33","21,74K","0,31%"
"08.06.2017","51,17","51,20","51,48","51,07","34,95K","0,22%"
"07.06.2017","51,06","50,81","51,24","50,81","21,30K","0,02%"
"06.06.2017","51,05","51,06","51,13","50,97","16,59K","0,47%"
"02.06.2017","50,81","50,88","50,95","50,58","17,16K","0,47%"
"01.06.2017","50,57","50,50","50,67","50,39","31,96K","0,52%"
"31.05.2017","50,31","50,73","50,74","50,21","18,79K","-0,71%"
"30.05.2017","50,67","50,79","50,85","50,55","81,65K","-0,10%"
"29.05.2017","50,72","50,79","50,79","50,62","15,46K","0,20%"
"26.05.2017","50,62","50,49","50,65","50,33","25,39K","0,66%"
"25.05.2017","50,29","50,06","50,33","49,98","2,66K","0,60%"
"24.05.2017","49,99","49,99","50,03","49,88","15,11K","0,68%"
"23.05.2017","49,65","49,61","49,76","49,56","7,19K","0,18%"
"22.05.2017","49,56","49,50","49,56","49,16","23,68K","0,22%"
"19.05.2017","49,45","49,44","49,53","49,34","16,27K","0,00%"
"18.05.2017","49,45","49,16","49,47","48,82","97,59K","0,12%"
"17.05.2017","49,39","50,15","50,30","49,39","31,02K","-2,04%"
"16.05.2017","50,42","50,64","50,64","50,32","42,66K","-0,61%"
"15.05.2017","50,73","50,97","50,97","50,64","23,63K","-0,22%"
"12.05.2017","50,84","50,93","50,97","50,79","16,73K","-0,02%"
"11.05.2017","50,85","50,97","51,04","50,71","18,31K","-0,26%"
"10.05.2017","50,98","50,95","51,05","50,87","12,60K","0,00%"
"09.05.2017","50,98","50,71","51,01","50,65","24,74K","0,99%"
"08.05.2017","50,48","50,26","50,49","50,22","18,13K","0,92%"
"05.05.2017","50,02","50,09","50,25","50,00","33,08K","-0,40%"
"04.05.2017","50,22","50,59","50,59","50,13","44,33K","-0,22%"
"03.05.2017","50,33","50,44","50,44","50,26","25,47K","-0,55%"
"02.05.2017","50,61","50,56","50,61","50,43","88,08K","1,04%"
"28.04.2017","50,09","50,22","50,24","49,98","19,34K","-0,08%"
"27.04.2017","50,13","49,75","50,13","49,62","36,82K","-0,58%"
"26.04.2017","50,42","50,11","50,42","50,06","77,75K","1,08%"
"25.04.2017","49,88","49,95","50,07","49,86","41,35K","-0,14%"
"24.04.2017","49,95","50,02","50,05","49,83","38,31K","-0,46%"
"21.04.2017","50,18","50,17","50,31","50,10","59,60K","0,97%"
"20.04.2017","49,70","49,65","49,76","49,56","19,65K","-0,62%"
"19.04.2017","50,01","49,69","50,01","49,61","45,72K","0,83%"
"18.04.2017","49,60","50,01","50,05","49,60","36,65K","-0,96%"
"13.04.2017","50,08","49,79","50,09","49,65","20,69K","0,24%"
"12.04.2017","49,96","50,13","50,28","49,96","16,15K","0,10%"
"11.04.2017","49,91","50,42","50,51","49,76","34,06K","-1,03%"
"10.04.2017","50,43","50,56","50,67","50,43","16,18K","0,16%"
"07.04.2017","50,35","50,14","50,42","50,06","154,68K","0,02%"
"06.04.2017","50,34","50,05","50,34","50,00","33,60K","-0,55%"
"05.04.2017","50,62","50,25","50,66","50,20","163,26K","0,72%"
"04.04.2017","50,26","50,23","50,31","50,08","96,75K","0,12%"
"03.04.2017","50,20","50,37","50,41","50,14","40,82K","-0,04%"
"31.03.2017","50,22","50,10","50,23","49,99","22,93K","0,32%"
"30.03.2017","50,06","49,89","50,06","49,82","23,43K","0,83%"
"29.03.2017","49,65","49,45","49,74","49,37","28,75K","1,53%"
"28.03.2017","48,90","48,95","48,95","48,68","255,19K","0,58%"
"27.03.2017","48,62","48,37","48,62","48,22","97,16K","-1,04%"
"24.03.2017","49,13","49,10","49,22","48,86","26,99K","-0,08%"
"23.03.2017","49,17","49,03","49,17","48,94","18,98K","0,47%"
"22.03.2017","48,94","48,55","48,94","48,55","122,51K","-0,02%"
"21.03.2017","48,95","49,68","49,68","48,90","93,63K","-1,55%"
"20.03.2017","49,72","49,51","49,78","49,51","28,15K","-0,08%"
"17.03.2017","49,76","49,63","49,77","49,53","18,37K","0,10%"
"16.03.2017","49,71","49,99","50,04","49,67","35,11K","-0,64%"
"15.03.2017","50,03","49,98","50,13","49,91","25,62K","0,26%"
"14.03.2017","49,90","50,11","50,12","49,85","18,19K","-0,04%"
"13.03.2017","49,92","49,78","49,97","49,78","14,49K","0,04%"
"10.03.2017","49,90","50,20","50,22","49,85","142,81K","-0,56%"
"09.03.2017","50,18","50,31","50,31","49,95","42,59K","-0,32%"
"08.03.2017","50,34","50,07","50,40","50,07","31,93K","0,56%"
"07.03.2017","50,06","50,05","50,27","50,01","45,27K","0,24%"
"06.03.2017","49,94","49,95","50,16","49,76","48,15K","-0,54%"
"03.03.2017","50,21","50,34","50,35","50,10","19,10K","-0,53%"
"02.03.2017","50,48","50,55","50,73","50,45","36,71K","0,12%"
"01.03.2017","50,42","50,15","50,49","50,15","73,93K","1,29%"
"28.02.2017","49,78","49,91","49,98","49,57","27,46K","0,18%"
"27.02.2017","49,69","49,96","50,05","49,69","130,56K","-0,06%"
"24.02.2017","49,72","49,69","49,82","49,32","78,71K","-0,12%"
"23.02.2017","49,78","50,16","50,22","49,62","79,91K","-0,76%"
"22.02.2017","50,16","50,38","50,41","50,11","57,03K","0,12%"
"21.02.2017","50,10","49,91","50,21","49,86","51,04K","0,80%"
"20.02.2017","49,70","49,75","49,75","49,59","55,75K","0,65%"
"17.02.2017","49,38","49,16","49,40","49,06","61,61K","0,67%"
"16.02.2017","49,05","49,46","49,46","49,00","62,46K","-0,63%"
"15.02.2017","49,36","49,36","49,50","49,29","117,78K","0,49%"
"14.02.2017","49,12","48,96","49,12","48,87","38,95K","0,33%"
"13.02.2017","48,96","48,60","48,96","48,54","47,73K","1,05%"
"10.02.2017","48,45","48,54","48,63","48,43","32,41K","0,17%"
"09.02.2017","48,37","48,07","48,37","47,93","38,17K","0,92%"
"08.02.2017","47,93","48,15","48,16","47,80","95,70K","0,06%"
"07.02.2017","47,90","47,74","48,02","47,74","14,78K","0,82%"
"06.02.2017","47,51","47,38","47,52","47,36","30,85K","0,72%"
"03.02.2017","47,17","47,15","47,33","47,15","33,49K","0,08%"
"02.02.2017","47,13","46,93","47,13","46,82","31,75K","-0,02%"
"01.02.2017","47,14","47,09","47,37","47,00","43,43K","1,25%"
"31.01.2017","46,56","47,23","47,28","46,56","54,16K","-1,40%"
"30.01.2017","47,22","47,59","47,84","47,12","98,28K","-0,96%"
"27.01.2017","47,68","47,72","47,72","47,50","35,25K","-0,19%"
"26.01.2017","47,77","47,55","47,77","47,43","35,39K","1,14%"
"25.01.2017","47,23","47,12","47,34","46,99","46,48K","1,27%"
"24.01.2017","46,64","46,58","46,88","46,49","31,11K","0,52%"
"23.01.2017","46,40","46,38","46,72","46,35","41,22K","-1,00%"
"20.01.2017","46,87","46,84","47,12","46,84","29,01K","-0,32%"
"19.01.2017","47,02","46,91","47,33","46,75","48,96K","0,77%"
"18.01.2017","46,66","46,71","46,82","46,59","45,29K","0,28%"
"17.01.2017","46,53","46,79","46,79","46,38","21,80K","-1,17%"
"16.01.2017","47,08","47,01","47,18","47,01","25,70K","-0,02%"
"13.01.2017","47,09","46,79","47,09","46,71","30,24K","1,53%"
"12.01.2017","46,38","46,78","46,85","46,27","101,30K","-1,72%"
"11.01.2017","47,19","47,13","47,62","47,04","107,87K","0,21%"
"10.01.2017","47,09","46,86","47,09","46,73","56,48K","0,38%"
"09.01.2017","46,91","47,03","47,08","46,90","39,53K","0,45%"
"06.01.2017","46,70","46,28","46,70","46,22","69,39K","1,30%"
"05.01.2017","46,10","46,09","46,45","45,99","100,42K","-0,80%"
"04.01.2017","46,47","46,58","46,62","46,45","31,57K","0,13%"
"03.01.2017","46,41","46,24","46,93","46,21","77,96K","0,15%"
"02.01.2017","46,34","45,68","46,38","44,90","107,35K","0,30%"
"30.12.2016","46,20","46,35","46,35","46,03","17,03K","-0,15%"
"29.12.2016","46,27","46,47","46,59","46,25","37,07K","-1,60%"
"28.12.2016","47,02","46,93","47,29","46,86","22,07K","0,02%"
"27.12.2016","47,01","46,74","47,15","46,64","13,13K","1,03%"
"23.12.2016","46,53","46,66","46,70","46,53","42,78K","-0,09%"
"22.12.2016","46,57","46,72","46,82","46,48","46,97K","-0,58%"
"21.12.2016","46,84","47,04","47,08","46,72","74,83K","-0,53%"
"20.12.2016","47,09","46,95","47,19","46,94","37,27K","0,64%"
"19.12.2016","46,79","46,42","46,92","46,39","18,70K","0,49%"
"16.12.2016","46,56","46,68","46,92","46,48","35,64K","-0,94%"
"15.12.2016","47,00","46,47","47,07","46,30","48,92K","2,53%"
"14.12.2016","45,84","45,87","46,04","45,81","38,43K","-0,39%"
"13.12.2016","46,02","45,37","46,02","45,37","65,57K","1,23%"
"12.12.2016","45,46","45,69","45,69","45,38","66,74K","-0,92%"
"09.12.2016","45,88","45,25","45,96","45,24","41,65K","1,26%"
"08.12.2016","45,31","44,54","45,40","44,04","91,00K","2,95%"
"07.12.2016","44,01","44,23","44,26","43,89","24,17K","0,09%"
"06.12.2016","43,97","43,91","44,20","43,83","34,88K","-0,27%"
"05.12.2016","44,09","44,28","44,40","43,77","112,30K","0,09%"
"02.12.2016","44,05","43,80","44,11","43,69","27,35K","-0,47%"
"01.12.2016","44,26","44,82","44,92","44,20","128,10K","-2,45%"
"30.11.2016","45,37","45,42","45,55","45,19","63,76K","-0,44%"
"29.11.2016","45,57","45,34","45,57","45,27","54,29K","0,15%"
"28.11.2016","45,50","45,12","45,58","44,96","41,35K","0,20%"
"25.11.2016","45,41","45,37","45,44","45,26","36,54K","-0,15%"
"24.11.2016","45,48","45,54","45,60","45,34","23,55K","0,49%"
"23.11.2016","45,26","45,46","45,58","45,26","127,31K","-0,13%"
"22.11.2016","45,32","45,48","45,60","45,30","31,49K","0,18%"
"21.11.2016","45,24","44,83","45,24","44,70","37,00K","0,71%"
"18.11.2016","44,92","45,06","45,15","44,92","26,46K","0,67%"
"17.11.2016","44,62","44,30","44,62","44,20","71,88K","0,47%"
"16.11.2016","44,41","44,04","44,41","43,80","29,19K","1,14%"
"15.11.2016","43,91","43,18","44,00","43,09","43,09K","1,29%"
"14.11.2016","43,35","43,83","43,96","43,20","67,04K","0,35%"
"11.11.2016","43,20","42,97","43,20","42,67","39,97K","0,49%"
"10.11.2016","42,99","43,97","44,26","42,62","91,41K","-1,35%"
"09.11.2016","43,58","41,81","43,58","41,43","184,62K","1,42%"
"08.11.2016","42,97","42,72","42,97","42,60","18,85K","0,56%"
"07.11.2016","42,73","42,37","42,75","42,25","41,34K","2,45%"
"04.11.2016","41,71","41,69","41,72","41,56","34,76K","-0,43%"
"03.11.2016","41,89","41,83","42,28","41,76","35,80K","-0,83%"
"02.11.2016","42,24","42,37","42,54","42,20","46,68K","-1,12%"
"01.11.2016","42,72","43,37","43,37","42,69","30,41K","-1,70%"
"31.10.2016","43,46","43,53","43,63","43,41","45,93K","-0,73%"
"28.10.2016","43,78","43,57","43,79","43,42","65,67K","-0,39%"
"27.10.2016","43,95","44,01","44,25","43,89","37,60K","-0,50%"
"26.10.2016","44,17","44,24","44,24","43,88","31,63K","-0,72%"
"25.10.2016","44,49","44,68","44,75","44,48","45,92K","-0,09%"
"24.10.2016","44,53","44,16","44,53","44,16","22,79K","1,02%"
"21.10.2016","44,08","43,92","44,08","43,85","22,58K","1,12%"
"20.10.2016","43,59","43,66","43,70","43,33","12,60K","-0,11%"
"19.10.2016","43,64","43,46","43,67","43,33","50,18K","0,05%"
"18.10.2016","43,62","43,33","43,69","43,33","19,60K","1,04%"
"17.10.2016","43,17","43,12","43,23","43,04","29,24K","-0,51%"
"14.10.2016","43,39","43,08","43,48","43,08","20,49K","1,24%"
"13.10.2016","42,86","43,00","43,06","42,73","19,13K","-1,08%"
"12.10.2016","43,33","43,24","43,33","43,12","12,83K","0,12%"
"11.10.2016","43,28","43,48","43,74","43,23","11,77K","-0,39%"
"10.10.2016","43,45","43,15","43,47","43,03","16,43K","0,88%"
"07.10.2016","43,07","43,28","43,30","42,95","14,64K","0,09%"
"06.10.2016","43,03","43,14","43,16","42,99","14,30K","-0,14%"
"05.10.2016","43,09","42,80","43,14","42,74","28,61K","-0,42%"
"04.10.2016","43,27","43,16","43,34","43,13","103,23K","0,86%"
"30.09.2016","42,90","42,54","42,92","42,54","16,30K","0,56%"
"29.09.2016","42,66","42,92","43,00","42,64","40,06K","-0,54%"
"28.09.2016","42,89","42,98","43,10","42,80","32,82K","0,14%"
"27.09.2016","42,83","42,58","42,83","42,40","17,90K","1,35%"
"26.09.2016","42,26","42,66","42,66","42,26","21,08K","-1,68%"
"23.09.2016","42,98","43,12","43,12","42,90","29,77K","0,00%"
"22.09.2016","42,98","42,67","42,98","42,67","21,54K","0,75%"
"21.09.2016","42,66","42,84","42,88","42,66","12,01K","0,26%"
"20.09.2016","42,55","42,45","42,62","42,40","6,78K","-0,30%"
"19.09.2016","42,68","42,82","42,89","42,56","24,91K","0,26%"
"16.09.2016","42,57","42,29","42,60","42,25","58,72K","0,78%"
"15.09.2016","42,24","41,67","42,24","41,66","31,73K","0,98%"
"14.09.2016","41,83","41,75","41,92","41,70","29,58K","0,87%"
"13.09.2016","41,47","41,80","41,81","41,47","17,66K","-0,48%"
"12.09.2016","41,67","40,84","41,69","40,78","238,99K","-0,60%"
"09.09.2016","41,92","42,14","42,14","41,92","25,49K","-0,85%"
"08.09.2016","42,28","42,51","42,56","42,14","9,05K","-0,59%"
"07.09.2016","42,53","42,57","42,66","42,52","13,07K","0,24%"
"06.09.2016","42,43","42,65","42,70","42,35","19,44K","-0,28%"
"05.09.2016","42,55","42,59","42,62","42,50","10,53K","-0,23%"
"02.09.2016","42,65","42,37","42,69","42,18","15,67K","1,11%"
"01.09.2016","42,18","42,59","42,65","42,10","17,72K","-0,45%"
"31.08.2016","42,37","42,46","42,52","42,37","25,98K","-0,09%"
"30.08.2016","42,41","42,52","42,62","42,40","18,25K","-0,21%"
"29.08.2016","42,50","42,33","42,57","42,33","68,74K","0,38%"
"26.08.2016","42,34","41,94","42,34","41,88","41,94K","0,64%"
"25.08.2016","42,07","42,07","42,07","41,89","35,82K","-0,66%"
"24.08.2016","42,35","42,20","42,40","42,20","6,90K","0,26%"
"23.08.2016","42,24","42,10","42,32","42,06","10,30K","0,67%"
"22.08.2016","41,96","42,14","42,26","41,95","29,18K","-0,36%"
"19.08.2016","42,11","41,98","42,11","41,91","36,02K","0,14%"
"18.08.2016","42,05","42,03","42,13","41,92","71,26K","0,19%"
"17.08.2016","41,97","42,28","42,28","41,97","49,97K","-0,52%"
"16.08.2016","42,19","42,46","42,46","42,19","13,95K","-1,33%"
"15.08.2016","42,76","42,67","42,77","42,63","17,71K","0,54%"
"12.08.2016","42,53","42,69","42,70","42,37","20,80K","-0,19%"
"11.08.2016","42,61","42,51","42,64","42,48","43,56K","0,73%"
"10.08.2016","42,30","42,57","42,65","42,30","43,92K","-1,19%"
"09.08.2016","42,81","42,75","42,83","42,68","70,75K","0,23%"
"08.08.2016","42,71","42,81","42,87","42,66","17,53K","-0,44%"
"05.08.2016","42,90","42,27","42,93","42,19","14,08K","1,73%"
"04.08.2016","42,17","42,07","42,18","41,98","33,14K","0,98%"
"03.08.2016","41,76","41,66","41,84","41,52","48,35K","0,65%"
"02.08.2016","41,49","42,11","42,11","41,47","27,98K","-1,68%"
"01.08.2016","42,20","42,09","42,22","41,92","41,71K","0,50%"
"29.07.2016","41,99","42,16","42,17","41,85","7,95K","-0,02%"
"28.07.2016","42,00","42,07","42,13","41,95","17,37K","-0,78%"
"27.07.2016","42,33","42,31","42,42","42,26","103,61K","0,83%"
"26.07.2016","41,98","41,95","42,20","41,85","40,16K","-0,10%"
"25.07.2016","42,02","42,05","42,08","41,95","21,10K","-0,05%"
"22.07.2016","42,04","41,70","42,04","41,69","142,06K","0,38%"
"21.07.2016","41,88","41,83","41,95","41,73","22,43K","0,05%"
"20.07.2016","41,86","41,62","41,86","41,52","105,75K","1,14%"
"19.07.2016","41,39","41,22","41,43","41,12","44,24K","0,27%"
"18.07.2016","41,28","41,12","41,32","41,08","17,97K","0,58%"
"15.07.2016","41,04","40,80","41,14","40,75","21,14K","0,34%"
"14.07.2016","40,90","40,94","41,05","40,77","107,96K","0,44%"
"13.07.2016","40,72","40,94","41,00","40,72","163,70K","-0,61%"
"12.07.2016","40,97","40,70","40,97","40,68","40,08K","0,24%"
"11.07.2016","40,87","40,75","40,87","40,63","52,44K","1,06%"
"08.07.2016","40,44","39,85","40,50","39,79","26,77K","1,56%"
"07.07.2016","39,82","39,68","39,82","39,61","26,92K","0,78%"
"06.07.2016","39,51","39,29","39,57","39,07","93,64K","0,61%"
"05.07.2016","39,27","39,34","39,34","39,09","8,64K","-0,33%"
"04.07.2016","39,40","39,63","39,64","39,40","13,37K","-0,13%"
"01.07.2016","39,45","39,33","39,55","39,15","30,82K","0,77%"
"30.06.2016","39,15","38,80","39,15","38,80","13,71K","1,01%"
"29.06.2016","38,76","38,48","38,76","38,39","40,38K","1,84%"
"28.06.2016","38,06","37,83","38,17","37,74","18,35K","0,87%"
"27.06.2016","37,73","38,19","38,27","37,65","27,59K","-1,95%"
"24.06.2016","38,48","38,07","38,86","38,07","73,65K","-0,52%"
"23.06.2016","38,68","38,59","38,74","38,55","31,06K","-0,41%"
"22.06.2016","38,84","38,75","38,85","38,51","18,80K","0,47%"
"21.06.2016","38,66","38,45","38,85","38,45","63,60K","-0,44%"
"20.06.2016","38,83","38,50","38,83","38,49","7,31K","1,23%"
"17.06.2016","38,36","38,92","38,96","38,36","18,43K","-1,21%"
"16.06.2016","38,83","38,41","38,90","38,39","24,57K","-0,10%"
"15.06.2016","38,87","39,01","39,15","38,87","18,50K","-0,21%"
"14.06.2016","38,95","38,97","39,25","38,88","93,05K","-0,20%"
"13.06.2016","39,03","39,19","39,24","39,03","28,45K","-0,81%"
"10.06.2016","39,35","39,51","39,51","39,25","56,73K","-0,30%"
"09.06.2016","39,47","39,23","39,60","39,22","61,99K","0,30%"
"08.06.2016","39,35","39,36","39,40","39,23","12,73K","-0,51%"
"07.06.2016","39,55","39,56","39,66","39,49","23,55K","0,13%"
"06.06.2016","39,50","39,46","39,55","39,43","99,53K","0,36%"
"03.06.2016","39,36","40,27","40,34","39,25","27,56K","-1,80%"
"02.06.2016","40,08","40,01","40,11","39,89","54,82K","-0,05%"
"01.06.2016","40,10","40,35","40,35","40,00","25,73K","-0,37%"
"31.05.2016","40,25","40,35","40,35","40,09","22,12K","-0,05%"
"30.05.2016","40,27","40,28","40,32","40,19","31,57K","0,17%"
"27.05.2016","40,20","39,86","40,20","39,85","74,42K","1,06%"
"26.05.2016","39,78","39,76","39,79","39,58","14,69K","0,10%"
"25.05.2016","39,74","39,65","39,86","39,64","64,45K","0,84%"
"24.05.2016","39,41","38,45","39,41","38,45","26,53K","1,91%"
"23.05.2016","38,67","38,47","38,82","38,46","63,96K","-0,21%"
"20.05.2016","38,75","38,35","38,75","38,28","15,93K","2,11%"
"19.05.2016","37,95","38,21","38,32","37,95","12,42K","-0,76%"
"18.05.2016","38,24","37,99","38,25","37,87","38,79K","0,26%"
"17.05.2016","38,14","38,46","38,46","38,05","52,09K","-0,37%"
"13.05.2016","38,28","37,67","38,28","37,67","24,54K","1,73%"
"12.05.2016","37,63","37,86","38,12","37,57","15,91K","-1,10%"
"11.05.2016","38,05","38,15","38,18","38,05","28,46K","-0,18%"
"10.05.2016","38,12","38,00","38,12","37,88","10,24K","1,06%"
"09.05.2016","37,72","37,68","37,91","37,61","13,25K","1,29%"
"06.05.2016","37,24","37,28","37,40","37,10","226,62K","-1,01%"
"05.05.2016","37,62","37,42","37,67","37,42","22,00K","1,24%"
"04.05.2016","37,16","37,32","37,41","37,02","30,89K","-0,38%"
"03.05.2016","37,30","37,51","37,51","37,13","61,63K","-0,32%"
"02.05.2016","37,42","37,62","37,62","37,30","26,50K","0,27%"
"29.04.2016","37,32","38,17","38,23","37,32","39,39K","-4,14%"
"28.04.2016","38,93","38,51","38,93","38,41","69,27K","0,88%"
"27.04.2016","38,59","38,70","38,71","38,36","33,67K","-1,15%"
"26.04.2016","39,04","39,48","39,52","39,02","37,40K","-0,43%"
"25.04.2016","39,21","39,47","39,47","39,15","27,47K","-0,18%"
"22.04.2016","39,28","39,56","39,66","39,19","21,23K","-1,55%"
"21.04.2016","39,90","39,90","40,01","39,47","250,23K","0,05%"
"20.04.2016","39,88","39,49","39,88","39,42","34,48K","0,78%"
"19.04.2016","39,57","39,95","40,14","39,55","56,71K","-0,63%"
"18.04.2016","39,82","39,57","39,94","39,54","46,09K","-0,33%"
"15.04.2016","39,95","40,08","40,08","39,85","13,49K","-0,45%"
"14.04.2016","40,13","40,01","40,13","39,87","68,74K","0,35%"
"13.04.2016","39,99","39,37","40,00","39,37","44,18K","2,62%"
"12.04.2016","38,97","38,80","39,00","38,51","26,28K","0,26%"
"11.04.2016","38,87","38,82","39,16","38,70","97,53K","-0,13%"
"08.04.2016","38,92","39,32","39,37","38,92","26,90K","-0,46%"
"07.04.2016","39,10","39,31","39,50","38,99","37,14K","-0,33%"
"06.04.2016","39,23","39,15","39,27","38,94","44,07K","0,69%"
"05.04.2016","38,96","39,14","39,18","38,94","16,42K","-0,89%"
"04.04.2016","39,31","39,51","39,69","39,23","127,75K","0,00%"
"01.04.2016","39,31","38,86","39,33","38,65","68,99K","0,54%"
"31.03.2016","39,10","39,14","39,19","39,00","8,48K","-0,38%"
"30.03.2016","39,25","39,22","39,53","39,22","22,79K","0,49%"
"29.03.2016","39,06","39,11","39,12","38,78","30,87K","0,41%"
"24.03.2016","38,90","38,99","39,05","38,79","9,85K","-0,69%"
"23.03.2016","39,17","39,35","39,41","39,02","204,27K","-0,03%"
"22.03.2016","39,18","38,81","39,18","38,81","55,27K","0,77%"
"21.03.2016","38,88","38,66","38,91","38,60","74,56K","0,36%"
"18.03.2016","38,74","38,68","38,77","38,57","18,59K","0,47%"
"17.03.2016","38,56","38,84","38,84","38,31","11,21K","-1,46%"
"16.03.2016","39,13","39,04","39,22","38,90","25,34K","0,57%"
"15.03.2016","38,91","38,77","38,99","38,70","19,35K","-0,44%"
"14.03.2016","39,08","38,78","39,10","38,76","42,23K","1,37%"
"11.03.2016","38,55","38,58","38,87","38,43","41,33K","1,90%"
"10.03.2016","37,83","38,84","39,80","37,83","26,46K","-1,94%"
"09.03.2016","38,58","38,67","38,88","38,49","37,97K","0,21%"
"08.03.2016","38,50","38,38","38,58","38,27","20,14K","-1,21%"
"07.03.2016","38,97","38,99","39,15","38,83","51,95K","-0,31%"
"04.03.2016","39,09","39,18","39,50","38,82","44,92K","0,31%"
"03.03.2016","38,97","39,49","39,56","38,97","64,85K","-1,29%"
"02.03.2016","39,48","39,60","39,72","39,48","20,03K","0,66%"
"01.03.2016","39,22","38,49","39,22","38,43","39,57K","0,87%"
"29.02.2016","38,88","37,94","38,88","37,93","20,31K","1,14%"
"26.02.2016","38,44","38,34","38,71","38,34","14,78K","1,85%"
"25.02.2016","37,74","37,66","38,00","37,64","20,11K","2,25%"
"24.02.2016","36,91","37,50","37,50","36,83","27,27K","-1,73%"
"23.02.2016","37,56","37,71","38,00","37,50","85,56K","-1,13%"
"22.02.2016","37,99","37,59","38,05","37,59","19,28K","2,18%"
"19.02.2016","37,18","37,05","37,27","36,89","24,87K","-0,24%"
"18.02.2016","37,27","37,52","37,75","37,27","25,87K","0,22%"
"17.02.2016","37,19","36,15","37,22","36,15","37,09K","2,65%"
"16.02.2016","36,23","36,47","36,47","36,03","16,05K","-0,14%"
"15.02.2016","36,28","35,99","36,34","35,96","29,86K","2,23%"
"12.02.2016","35,49","34,94","35,49","34,92","139,71K","4,26%"
"11.02.2016","34,04","34,79","34,79","33,90","227,28K","-3,54%"
"10.02.2016","35,29","34,76","35,72","34,76","41,89K","1,85%"
"09.02.2016","34,65","35,15","35,32","34,28","121,61K","-0,14%"
"08.02.2016","34,70","35,94","35,94","34,57","110,28K","-3,66%"
"05.02.2016","36,02","36,72","37,03","35,90","29,76K","-2,23%"
"04.02.2016","36,84","37,44","37,49","36,48","23,58K","-0,35%"
"03.02.2016","36,97","38,20","38,31","36,80","31,98K","-4,32%"
"02.02.2016","38,64","38,92","38,92","38,37","19,49K","-0,64%"
"01.02.2016","38,89","38,91","38,91","38,63","21,67K","0,44%"
"29.01.2016","38,72","38,10","38,73","37,91","44,55K","3,12%"
"28.01.2016","37,55","38,09","38,23","37,48","34,42K","-1,78%"
"27.01.2016","38,23","38,29","38,35","37,90","9,42K","-0,78%"
"26.01.2016","38,53","37,95","38,61","37,88","64,94K","-0,75%"
"25.01.2016","38,82","38,86","38,92","38,70","17,64K","0,15%"
"22.01.2016","38,76","38,34","38,97","38,30","43,30K","1,68%"
"21.01.2016","38,12","37,43","38,35","37,24","82,18K","3,45%"
"20.01.2016","36,85","36,85","37,07","36,47","54,38K","-2,62%"
"19.01.2016","37,84","38,40","38,53","37,77","46,43K","0,34%"
"18.01.2016","37,71","37,82","38,04","37,60","42,03K","0,72%"
"15.01.2016","37,44","38,62","38,62","37,38","119,90K","-2,53%"
"14.01.2016","38,41","38,45","38,77","37,63","83,33K","-2,83%"
"13.01.2016","39,53","39,90","40,00","39,33","79,43K","0,48%"
"12.01.2016","39,34","38,80","39,74","38,75","56,77K","1,52%"
"11.01.2016","38,75","38,85","39,30","38,72","68,49K","-0,49%"
"08.01.2016","38,94","39,68","40,15","38,94","36,48K","-2,65%"
"07.01.2016","40,00","40,19","40,28","39,38","66,13K","-2,75%"
"06.01.2016","41,13","41,15","41,22","40,57","33,98K","-1,13%"
"05.01.2016","41,60","41,41","41,73","41,17","25,18K","1,54%"
"04.01.2016","40,97","41,15","41,15","40,72","57,65K","-3,60%"
"30.12.2015","42,50","42,52","42,65","42,48","18,17K","-0,12%"
"29.12.2015","42,55","41,87","42,57","41,81","33,84K","2,75%"
"28.12.2015","41,41","41,76","41,76","41,41","25,91K","-1,43%"
"23.12.2015","42,01","41,81","42,02","41,75","23,10K","1,72%"
"22.12.2015","41,30","41,55","41,65","41,21","50,64K","0,63%"
"21.12.2015","41,04","41,37","41,65","41,04","50,64K","-1,65%"
"18.12.2015","41,73","41,69","42,05","41,69","118,71K","-1,65%"
"17.12.2015","42,43","42,55","42,90","42,28","59,58K","1,68%"
"16.12.2015","41,73","41,81","42,12","41,67","62,48K","-0,31%"
"15.12.2015","41,86","41,09","42,02","41,09","64,80K","3,87%"
"14.12.2015","40,30","41,41","41,47","40,30","46,31K","-2,21%"
"11.12.2015","41,21","42,18","42,18","41,20","58,79K","-2,18%"
"10.12.2015","42,13","41,88","42,33","41,80","50,34K","-0,14%"
"09.12.2015","42,19","42,81","42,81","42,19","48,89K","-1,38%"
"08.12.2015","42,78","42,82","42,94","42,41","167,87K","-0,19%"
"07.12.2015","42,86","43,05","43,47","42,86","24,04K","0,45%"
"04.12.2015","42,67","42,29","42,75","41,80","52,77K","0,26%"
"03.12.2015","42,56","44,16","44,51","42,56","47,87K","-4,06%"
"02.12.2015","44,36","44,09","44,50","44,09","15,37K","1,00%"
"01.12.2015","43,92","44,02","44,07","43,75","35,20K","0,14%"
"30.11.2015","43,86","43,83","44,12","43,77","21,86K","-0,16%"
"27.11.2015","43,93","43,76","44,07","43,68","41,21K","-0,18%"
"26.11.2015","44,01","43,85","44,01","43,85","42,58K","0,55%"
"25.11.2015","43,77","43,38","43,95","43,38","105,46K","0,71%"
"24.11.2015","43,46","43,70","43,71","43,15","57,65K","-1,11%"
"23.11.2015","43,95","43,80","43,99","43,71","39,08K","0,60%"
"20.11.2015","43,69","43,42","43,72","43,30","21,99K","1,46%"
"19.11.2015","43,06","43,39","43,46","43,06","43,75K","0,02%"
"18.11.2015","43,05","42,56","43,05","42,39","17,14K","0,42%"
"17.11.2015","42,87","42,39","42,87","42,39","28,94K","2,88%"
"16.11.2015","41,67","41,54","41,90","41,54","19,83K","-0,81%"
"13.11.2015","42,01","42,26","42,39","41,88","56,49K","-1,38%"
"12.11.2015","42,60","42,90","42,99","42,55","45,36K","-0,84%"
"11.11.2015","42,96","42,95","43,22","42,80","18,74K","-0,02%"
"10.11.2015","42,97","42,95","43,07","42,84","13,66K","0,66%"
"09.11.2015","42,69","43,34","43,39","42,69","59,63K","-1,57%"
"06.11.2015","43,37","42,83","43,55","42,83","66,06K","1,31%"
"05.11.2015","42,81","43,10","43,22","42,79","43,09K","-0,37%"
"04.11.2015","42,97","42,80","43,15","42,80","72,89K","0,73%"
"03.11.2015","42,66","42,27","42,66","42,21","62,60K","1,23%"
"02.11.2015","42,14","41,68","42,15","41,68","37,03K","0,29%"
"30.10.2015","42,02","42,36","42,36","41,80","16,56K","-0,54%"
"29.10.2015","42,25","42,33","42,35","42,10","56,66K","1,29%"
"28.10.2015","41,71","41,75","41,85","41,51","125,03K","0,36%"
"27.10.2015","41,56","41,44","41,78","41,38","187,96K","0,02%"
"26.10.2015","41,55","41,49","41,58","41,30","29,59K","0,14%"
"23.10.2015","41,49","40,85","41,60","40,81","80,14K","4,25%"
"22.10.2015","39,80","38,70","39,90","38,70","26,26K","2,23%"
"21.10.2015","38,93","38,86","38,98","38,66","38,35K","0,23%"
"20.10.2015","38,84","39,07","39,07","38,75","18,00K","-0,49%"
"19.10.2015","39,03","38,67","39,03","38,67","20,37K","0,90%"
"16.10.2015","38,68","38,45","38,73","38,45","40,19K","1,66%"
"15.10.2015","38,05","37,72","38,25","37,71","83,34K","1,28%"
"14.10.2015","37,57","37,72","37,96","37,57","18,36K","-1,67%"
"13.10.2015","38,21","38,22","38,28","37,82","19,26K","-0,03%"
"12.10.2015","38,22","38,17","38,25","37,95","23,35K","0,37%"
"09.10.2015","38,08","38,26","38,26","37,94","38,40K","0,93%"
"08.10.2015","37,73","37,83","38,06","37,72","27,89K","-0,16%"
"07.10.2015","37,79","38,11","38,30","37,69","61,14K","0,00%"
"06.10.2015","37,79","38,09","38,20","37,79","25,33K","-0,74%"
"05.10.2015","38,07","37,70","38,07","37,60","21,28K","3,45%"
"02.10.2015","36,80","37,39","37,50","36,14","25,91K","0,14%"
"01.10.2015","36,75","37,65","37,65","36,75","64,40K","-0,51%"
"30.09.2015","36,94","36,38","37,02","36,34","26,17K","1,93%"
"29.09.2015","36,24","35,97","36,70","35,96","37,87K","-0,88%"
"28.09.2015","36,56","37,67","37,67","36,56","9,49K","-3,69%"
"25.09.2015","37,96","38,11","38,48","37,93","19,91K","2,71%"
"24.09.2015","36,96","37,64","37,90","36,88","14,42K","-2,53%"
"23.09.2015","37,92","37,85","38,26","37,85","32,29K","0,45%"
"22.09.2015","37,75","38,42","38,42","37,75","23,19K","-1,95%"
"21.09.2015","38,50","37,82","38,50","37,82","8,69K","1,50%"
"18.09.2015","37,93","38,10","38,10","37,43","45,78K","-1,33%"
"17.09.2015","38,44","38,48","38,50","38,31","6,13K","0,31%"
"16.09.2015","38,32","38,38","38,55","38,12","14,46K","0,31%"
"15.09.2015","38,20","37,81","38,20","37,64","18,41K","1,33%"
"14.09.2015","37,70","37,87","38,11","37,70","32,31K","0,59%"
"11.09.2015","37,48","37,78","37,78","37,48","83,17K","-0,58%"
"10.09.2015","37,70","37,85","38,18","37,58","171,27K","-1,87%"
"09.09.2015","38,42","38,79","38,86","38,24","77,73K","1,45%"
"08.09.2015","37,87","37,81","38,11","37,81","37,14K","0,96%"
"07.09.2015","37,51","37,83","37,83","37,44","27,68K","0,37%"
"04.09.2015","37,37","37,54","37,54","37,20","18,25K","-2,33%"
"03.09.2015","38,26","37,76","38,38","37,68","34,59K","3,32%"
"02.09.2015","37,03","36,92","37,20","36,85","22,66K","-0,27%"
"01.09.2015","37,13","37,05","37,35","36,55","47,48K","-2,60%"
"31.08.2015","38,12","38,20","38,23","37,80","19,06K","-0,83%"
"28.08.2015","38,44","38,13","38,44","37,74","18,90K","1,29%"
"27.08.2015","37,95","37,16","38,13","37,13","68,44K","6,87%"
"26.08.2015","35,51","34,94","36,22","34,94","81,48K","-2,58%"
"25.08.2015","36,45","34,97","36,47","34,97","226,03K","4,11%"
"24.08.2015","35,01","35,03","35,32","31,00","293,94K","-6,37%"
"21.08.2015","37,39","38,32","38,50","37,39","207,87K","-4,59%"
"20.08.2015","39,19","40,17","40,17","39,13","272,58K","-2,80%"
"19.08.2015","40,32","40,72","40,82","40,32","52,15K","-1,61%"
"18.08.2015","40,98","40,88","41,08","40,78","17,63K","0,54%"
"17.08.2015","40,76","40,69","40,78","40,38","21,52K","1,27%"
"14.08.2015","40,25","40,19","40,33","40,00","38,78K","-0,37%"
"13.08.2015","40,40","40,69","40,71","40,33","22,83K","2,07%"
"12.08.2015","39,58","40,21","40,21","39,38","46,31K","-2,49%"
"11.08.2015","40,59","41,32","41,32","40,59","34,43K","-1,58%"
"10.08.2015","41,24","41,00","41,35","40,92","11,79K","1,38%"
"07.08.2015","40,68","41,11","41,30","40,68","85,92K","-1,02%"
"06.08.2015","41,10","41,74","42,03","41,10","17,73K","-2,79%"
"05.08.2015","42,28","41,65","42,28","41,65","21,99K","2,45%"
"04.08.2015","41,27","41,50","41,50","41,24","9,67K","-0,86%"
"03.08.2015","41,63","41,45","41,63","41,38","31,34K","0,65%"
"31.07.2015","41,36","41,63","41,81","41,14","10,94K","-0,46%"
"30.07.2015","41,55","41,45","41,55","41,19","12,18K","1,05%"
"29.07.2015","41,12","41,03","41,16","40,92","18,63K","1,03%"
"28.07.2015","40,70","40,76","40,96","40,50","26,28K","0,74%"
"27.07.2015","40,40","41,08","41,08","40,38","77,53K","-2,95%"
"24.07.2015","41,63","41,90","42,14","41,63","15,05K","-0,45%"
"23.07.2015","41,82","42,12","42,12","41,73","27,07K","-0,64%"
"22.07.2015","42,09","41,89","42,33","41,84","29,66K","-0,78%"
"21.07.2015","42,42","42,94","42,99","42,33","56,60K","-0,70%"
"20.07.2015","42,72","42,58","42,81","42,55","65,16K","0,66%"
"17.07.2015","42,44","42,09","42,45","42,02","34,44K","1,80%"
"16.07.2015","41,69","41,29","41,69","41,29","68,26K","1,46%"
"15.07.2015","41,09","40,92","41,16","40,71","21,69K","0,78%"
"14.07.2015","40,77","40,67","40,77","40,33","21,18K","0,99%"
"13.07.2015","40,37","39,39","40,37","39,39","36,83K","2,64%"
"10.07.2015","39,33","39,30","39,33","38,97","28,24K","-0,35%"
"09.07.2015","39,47","39,22","39,67","39,22","22,13K","0,66%"
"08.07.2015","39,21","39,50","39,66","39,18","158,60K","-0,36%"
"07.07.2015","39,35","40,03","40,26","39,35","8,80K","-0,76%"
"06.07.2015","39,65","39,51","39,80","39,36","164,16K","0,28%"
"03.07.2015","39,54","39,70","39,70","39,54","8,66K","-0,05%"
"02.07.2015","39,56","39,75","39,85","39,53","61,58K","-0,18%"
"01.07.2015","39,63","39,41","39,80","39,41","51,55K","1,28%"
"30.06.2015","39,13","39,02","39,21","38,91","71,15K","-0,31%"
"29.06.2015","39,25","39,57","39,85","39,25","49,19K","-1,92%"
"26.06.2015","40,02","39,99","40,08","39,89","18,61K","-0,60%"
"25.06.2015","40,26","40,20","40,41","40,07","84,59K","-0,27%"
"24.06.2015","40,37","40,34","40,48","40,12","24,13K","0,40%"
"23.06.2015","40,21","40,02","40,52","40,02","34,34K","1,34%"
"22.06.2015","39,68","39,54","39,82","39,54","73,33K","0,15%"
"19.06.2015","39,62","39,76","39,89","39,50","25,90K","0,56%"
"18.06.2015","39,40","38,90","39,41","38,78","31,23K","0,25%"
"17.06.2015","39,30","39,27","39,50","39,19","14,48K","0,23%"
"16.06.2015","39,21","38,75","39,21","38,64","15,32K","0,67%"
"15.06.2015","38,95","39,24","39,29","38,79","17,02K","-1,14%"
"12.06.2015","39,40","39,67","39,95","39,35","10,95K","-1,13%"
"11.06.2015","39,85","39,57","40,06","39,51","63,75K","0,78%"
"10.06.2015","39,54","39,03","39,54","38,95","24,13K","1,15%"
"09.06.2015","39,09","39,17","39,26","38,96","19,14K","-1,16%"
"08.06.2015","39,55","39,94","40,14","39,55","82,10K","-1,54%"
"05.06.2015","40,17","39,71","40,35","39,70","101,29K","1,03%"
"04.06.2015","39,76","40,02","40,08","39,32","25,33K","-0,82%"
"03.06.2015","40,09","40,30","40,78","40,09","21,33K","-0,69%"
"02.06.2015","40,37","41,17","41,17","40,15","16,04K","-1,97%"
"01.06.2015","41,18","41,19","41,38","40,94","29,77K","0,61%"
"29.05.2015","40,93","41,33","41,33","40,85","22,04K","-1,23%"
"28.05.2015","41,44","41,50","41,55","41,29","28,67K","0,19%"
"27.05.2015","41,36","40,93","41,45","40,82","172,84K","1,03%"
"26.05.2015","40,94","41,36","41,41","40,82","159,28K","0,10%"
"22.05.2015","40,90","40,52","41,05","40,35","42,79K","0,76%"
"21.05.2015","40,59","40,34","40,64","40,05","60,09K","0,32%"
"20.05.2015","40,46","40,59","40,59","40,27","60,62K","0,37%"
"19.05.2015","40,31","40,00","40,46","40,00","75,67K","1,92%"
"18.05.2015","39,55","39,06","39,55","39,06","18,35K","1,23%"
"15.05.2015","39,07","39,32","39,59","39,07","40,19K","-0,48%"
"14.05.2015","39,26","38,69","39,26","38,60","3,53K","1,08%"
"13.05.2015","38,84","39,25","39,50","38,84","115,85K","-0,89%"
"12.05.2015","39,19","39,48","39,48","38,75","166,89K","-1,48%"
"11.05.2015","39,78","39,66","39,87","39,60","19,89K","0,53%"
"08.05.2015","39,57","39,25","39,67","39,08","34,00K","1,83%"
"07.05.2015","38,86","38,36","38,93","37,98","62,30K","0,83%"
"06.05.2015","38,54","39,10","39,29","38,32","133,90K","-1,91%"
"05.05.2015","39,29","40,18","40,34","39,29","63,71K","-2,02%"
"04.05.2015","40,10","39,88","40,27","39,73","38,91K","1,11%"
"30.04.2015","39,66","40,11","40,11","39,44","73,13K","-1,00%"
"29.04.2015","40,06","40,96","40,99","40,06","327,70K","-2,36%"
"28.04.2015","41,03","41,50","41,50","40,79","153,90K","-1,32%"
"27.04.2015","41,58","41,69","41,86","41,54","123,42K","0,10%"
"24.04.2015","41,54","41,28","41,62","41,17","24,64K","1,14%"
"23.04.2015","41,07","41,52","41,52","41,02","19,41K","-0,39%"
"22.04.2015","41,23","41,07","41,31","40,71","97,66K","0,44%"
"21.04.2015","41,05","41,33","41,45","41,03","31,60K","0,51%"
"20.04.2015","40,84","40,30","40,84","40,30","40,11K","1,69%"
"17.04.2015","40,16","40,76","40,78","40,13","46,32K","-1,98%"
"16.04.2015","40,97","41,44","41,46","40,77","60,53K","-0,90%"
"15.04.2015","41,34","41,14","41,51","41,14","55,60K","1,03%"
"14.04.2015","40,92","41,74","41,74","40,71","43,92K","-1,96%"
"13.04.2015","41,74","41,49","41,83","41,40","20,47K","0,70%"
"10.04.2015","41,45","41,29","41,45","41,16","62,98K","1,87%"
"09.04.2015","40,69","40,41","40,79","40,19","12,06K","1,02%"
"08.04.2015","40,28","39,84","40,28","39,72","38,53K","0,45%"
"07.04.2015","40,10","39,64","40,10","39,63","81,11K","1,42%"
"02.04.2015","39,54","39,61","39,70","39,41","175,53K","-0,50%"
"01.04.2015","39,74","39,89","40,24","39,60","51,98K","-1,73%"
"31.03.2015","40,44","40,36","40,59","40,33","38,74K","0,57%"
"30.03.2015","40,21","39,98","40,26","39,95","76,74K","2,03%"
"27.03.2015","39,41","39,76","39,76","39,30","82,08K","0,15%"
"26.03.2015","39,35","38,82","39,35","38,55","207,91K","-0,51%"
"25.03.2015","39,55","40,29","40,39","39,54","96,29K","-2,61%"
"24.03.2015","40,61","40,36","40,77","40,24","42,79K","0,10%"
"23.03.2015","40,57","41,07","41,14","40,48","74,09K","-1,02%"
"20.03.2015","40,99","41,38","41,43","40,99","57,40K","-1,04%"
"19.03.2015","41,42","41,26","41,45","41,08","58,26K","1,57%"
"18.03.2015","40,78","41,06","41,15","40,76","55,81K","-0,51%"
"17.03.2015","40,99","40,95","41,04","40,76","102,16K","0,24%"
"16.03.2015","40,89","40,79","41,04","40,71","76,86K","0,37%"
"13.03.2015","40,74","40,70","41,09","40,61","213,46K","0,20%"
"12.03.2015","40,66","40,50","40,67","39,88","100,94K","-0,15%"
"11.03.2015","40,72","40,47","40,97","40,47","104,28K","0,92%"
"10.03.2015","40,35","40,67","40,81","40,24","38,86K","-0,10%"
"09.03.2015","40,39","40,33","40,50","40,19","42,18K","-0,17%"
"06.03.2015","40,46","40,21","40,83","40,21","41,52K","0,55%"
"05.03.2015","40,24","40,01","40,29","40,00","45,57K","0,68%"
"04.03.2015","39,97","39,70","40,00","39,63","70,01K","1,22%"
"03.03.2015","39,49","39,85","39,96","39,49","33,96K","-0,95%"
"02.03.2015","39,87","39,69","39,87","39,42","82,32K","0,68%"
"27.02.2015","39,60","39,67","39,75","39,48","29,01K","0,08%"
"26.02.2015","39,57","38,95","39,59","38,89","33,95K","1,31%"
"25.02.2015","39,06","38,92","39,08","38,91","36,35K","-0,23%"
"24.02.2015","39,15","39,12","39,21","39,00","100,11K","0,41%"
"23.02.2015","38,99","39,00","39,14","38,93","35,48K","0,65%"
"20.02.2015","38,74","38,75","38,94","38,69","59,21K","0,49%"
"19.02.2015","38,55","38,25","38,61","38,10","42,87K","0,26%"
"18.02.2015","38,45","38,41","38,46","38,30","24,19K","0,39%"
"17.02.2015","38,30","38,34","38,39","38,18","121,33K","-0,18%"
"16.02.2015","38,37","38,21","38,37","38,17","62,67K","0,76%"
"13.02.2015","38,08","38,00","38,16","37,91","66,86K","0,63%"
"12.02.2015","37,84","37,91","38,05","37,77","41,42K","-0,16%"
"11.02.2015","37,90","37,58","37,93","37,58","37,43K","1,23%"
"10.02.2015","37,44","37,17","37,45","37,13","43,27K","0,70%"
"09.02.2015","37,18","37,07","37,27","36,92","42,13K","-0,80%"
"06.02.2015","37,48","37,05","37,52","36,96","39,80K","1,19%"
"05.02.2015","37,04","36,88","37,04","36,74","25,96K","0,16%"
"04.02.2015","36,98","36,60","36,98","36,56","144,69K","1,96%"
"03.02.2015","36,27","36,81","36,95","36,27","50,83K","-0,87%"
"02.02.2015","36,59","36,56","36,62","35,95","87,94K","-0,76%"
"30.01.2015","36,87","36,79","37,07","36,64","74,03K","1,51%"
"29.01.2015","36,32","36,59","36,59","36,02","95,77K","-1,47%"
"28.01.2015","36,86","37,20","37,25","36,72","47,25K","0,79%"
"27.01.2015","36,57","37,80","37,80","36,23","148,87K","-2,82%"
"26.01.2015","37,63","37,80","37,90","37,57","118,99K","-0,34%"
"23.01.2015","37,76","37,47","38,17","37,44","115,88K","2,25%"
"22.01.2015","36,93","36,15","36,97","35,84","44,13K","2,36%"
"21.01.2015","36,08","36,00","36,12","35,55","90,94K","1,23%"
"20.01.2015","35,64","35,67","35,89","35,57","48,85K","0,54%"
"19.01.2015","35,45","35,60","35,66","35,32","52,47K","-0,14%"
"16.01.2015","35,50","34,93","35,66","34,69","83,77K","0,45%"
"15.01.2015","35,34","35,35","35,66","34,87","73,77K","1,35%"
"14.01.2015","34,87","35,04","35,36","34,68","73,35K","-2,71%"
"13.01.2015","35,84","35,06","36,00","35,06","81,58K","1,73%"
"12.01.2015","35,23","35,44","35,75","34,97","98,64K","-0,59%"
"09.01.2015","35,44","35,78","36,00","35,39","64,80K","-0,81%"
"08.01.2015","35,73","35,30","35,82","35,29","70,15K","2,35%"
"07.01.2015","34,91","34,59","35,01","34,52","78,95K","1,45%"
"06.01.2015","34,41","34,77","34,99","34,41","63,53K","-1,32%"
"05.01.2015","34,87","35,08","35,26","34,77","98,05K","-0,11%"
"02.01.2015","34,91","35,19","35,47","34,83","44,22K","-0,96%"
"30.12.2014","35,25","35,25","35,34","35,17","58,93K","-0,14%"
"29.12.2014","35,30","35,31","35,33","35,06","56,50K","0,71%"
"23.12.2014","35,05","34,91","35,23","34,84","99,48K","0,52%"
"22.12.2014","34,87","34,78","34,95","34,74","88,76K","0,06%"
"19.12.2014","34,85","34,79","34,85","34,51","60,72K","1,81%"
"18.12.2014","34,23","33,79","34,35","33,77","100,26K","3,73%"
"17.12.2014","33,00","32,76","33,02","32,71","122,38K","-0,87%"
"16.12.2014","33,29","33,41","33,41","32,69","69,09K","0,09%"
"15.12.2014","33,26","33,67","33,95","33,20","117,56K","-1,51%"
"12.12.2014","33,77","33,98","34,01","33,60","48,77K","-2,12%"
"11.12.2014","34,50","33,83","34,53","33,73","52,84K","0,88%"
"10.12.2014","34,20","34,50","34,57","34,20","29,48K","0,35%"
"09.12.2014","34,08","34,38","34,44","33,74","74,53K","-2,41%"
"08.12.2014","34,92","34,92","35,05","34,83","49,95K","-0,03%"
"05.12.2014","34,93","34,72","35,09","34,72","56,02K","1,33%"
"04.12.2014","34,47","34,95","34,97","34,40","37,25K","-1,01%"
"03.12.2014","34,82","34,68","34,95","34,68","41,37K","0,87%"
"02.12.2014","34,52","34,38","34,59","34,35","52,64K","0,88%"
"01.12.2014","34,22","34,69","34,70","34,20","51,90K","-1,67%"
"28.11.2014","34,80","34,69","34,82","34,48","50,19K","0,67%"
"27.11.2014","34,57","34,45","34,57","34,41","23,00K","0,82%"
"26.11.2014","34,29","34,30","34,43","34,21","70,73K","0,06%"
"25.11.2014","34,27","34,39","34,48","34,26","42,18K","0,23%"
"24.11.2014","34,19","34,15","34,29","34,12","34,34K","-0,03%"
"21.11.2014","34,20","33,77","34,37","33,77","128,54K","1,39%"
"20.11.2014","33,73","33,48","33,73","33,35","21,09K","0,81%"
"19.11.2014","33,46","33,68","33,74","33,41","68,31K","-0,51%"
"18.11.2014","33,63","33,61","33,76","33,45","23,40K","0,24%"
"17.11.2014","33,55","33,48","33,79","33,43","69,49K","-0,36%"
"14.11.2014","33,67","33,74","33,81","33,52","56,61K","0,27%"
"13.11.2014","33,58","33,64","33,74","33,57","29,36K","0,39%"
"12.11.2014","33,45","33,35","33,45","33,25","68,66K","0,00%"
"11.11.2014","33,45","33,58","33,58","33,37","82,91K","0,00%"
"10.11.2014","33,45","33,16","33,45","33,10","25,38K","0,33%"
"07.11.2014","33,34","33,60","33,65","33,10","63,22K","0,18%"
"06.11.2014","33,28","32,99","33,35","32,89","104,85K","0,42%"
"05.11.2014","33,14","33,14","33,34","33,05","62,58K","1,01%"
"04.11.2014","32,81","33,15","33,27","32,72","46,66K","-1,14%"
"03.11.2014","33,19","33,08","33,31","33,00","65,11K","0,64%"
"31.10.2014","32,98","32,79","33,15","32,73","68,60K","2,26%"
"30.10.2014","32,25","32,43","32,43","32,02","37,39K","1,13%"
"29.10.2014","31,89","31,99","32,07","31,85","64,05K","0,03%"
"28.10.2014","31,88","31,77","31,96","31,69","96,67K","0,82%"
"27.10.2014","31,62","31,82","31,82","31,56","28,09K","0,06%"
"24.10.2014","31,60","31,49","31,65","31,39","32,97K","-0,03%"
"23.10.2014","31,61","31,21","31,63","31,17","45,41K","0,86%"
"22.10.2014","31,34","31,07","31,38","31,07","117,16K","1,52%"
"21.10.2014","30,87","29,91","30,87","29,91","39,82K","3,31%"
"20.10.2014","29,88","29,91","29,93","29,66","119,46K","-0,27%"
"17.10.2014","29,96","29,29","29,98","29,27","100,32K","2,32%"
"16.10.2014","29,28","29,32","29,33","28,80","119,61K","-0,10%"
"15.10.2014","29,31","30,09","30,10","28,73","173,10K","-2,95%"
"14.10.2014","30,20","29,95","30,27","29,85","68,06K","-0,33%"
"13.10.2014","30,30","30,19","30,46","29,91","215,33K","-1,91%"
"10.10.2014","30,89","31,13","31,22","30,84","128,47K","-2,37%"
"09.10.2014","31,64","31,42","31,69","31,35","56,18K","1,70%"
"08.10.2014","31,11","31,29","31,29","30,89","154,42K","-0,89%"
"07.10.2014","31,39","31,57","31,67","31,36","85,38K","-1,44%"
"06.10.2014","31,85","32,08","32,11","31,82","33,66K","2,44%"
"02.10.2014","31,09","31,48","31,54","31,09","66,08K","-1,92%"
"01.10.2014","31,70","31,93","32,02","31,53","199,53K","-1,28%"
"30.09.2014","32,11","31,82","32,22","31,79","41,02K","1,26%"
"29.09.2014","31,71","31,74","31,81","31,42","26,19K","0,67%"
"26.09.2014","31,50","31,40","31,63","31,33","47,53K","0,10%"
"25.09.2014","31,47","31,95","32,08","31,36","57,74K","-0,91%"
"24.09.2014","31,76","31,40","31,76","31,31","41,39K","1,02%"
"23.09.2014","31,44","31,38","31,48","31,21","91,22K","-0,10%"
"22.09.2014","31,47","31,58","31,72","31,47","33,79K","-1,04%"
"19.09.2014","31,80","31,84","31,92","31,76","53,83K","0,79%"
"18.09.2014","31,55","31,43","31,63","31,43","80,86K","1,12%"
"17.09.2014","31,20","31,24","31,30","31,13","45,85K","0,42%"
"16.09.2014","31,07","30,97","31,10","30,88","84,41K","0,32%"
"15.09.2014","30,97","31,21","31,41","30,94","66,11K","-1,31%"
"12.09.2014","31,38","31,57","31,57","31,32","33,01K","-0,19%"
"11.09.2014","31,44","31,58","31,58","31,33","25,49K","0,03%"
"10.09.2014","31,43","31,27","31,43","31,25","50,62K","-0,29%"
"09.09.2014","31,52","31,64","31,71","31,45","90,65K","-0,13%"
"08.09.2014","31,56","31,45","31,58","31,38","62,91K","1,09%"
"05.09.2014","31,22","31,34","31,39","31,17","102,72K","-0,67%"
"04.09.2014","31,43","30,93","31,51","30,77","71,16K","1,65%"
"03.09.2014","30,92","31,15","31,25","30,92","52,13K","-0,42%"
"02.09.2014","31,05","31,02","31,11","31,00","22,27K","0,26%"
"01.09.2014","30,97","30,95","30,99","30,90","46,74K","0,16%"
"29.08.2014","30,92","30,86","30,92","30,71","32,80K","0,62%"
"28.08.2014","30,73","30,72","30,77","30,64","27,41K","-0,03%"
"27.08.2014","30,74","30,82","30,82","30,67","36,48K","-0,03%"
"26.08.2014","30,75","30,67","30,76","30,64","28,85K","0,00%"
"25.08.2014","30,75","30,74","30,79","30,69","82,06K","0,79%"
"22.08.2014","30,51","30,36","30,51","30,33","37,56K","0,66%"
"21.08.2014","30,31","30,34","30,42","30,27","34,47K","0,07%"
"20.08.2014","30,29","30,20","30,29","30,15","30,28K","0,50%"
"19.08.2014","30,14","30,00","30,15","30,00","53,79K","0,70%"
"18.08.2014","29,93","29,77","29,95","29,76","47,20K","1,60%"
"15.08.2014","29,46","29,60","29,68","29,46","14,41K","0,14%"
"14.08.2014","29,42","29,39","29,45","29,31","18,78K","0,10%"
"13.08.2014","29,39","29,19","29,39","29,10","17,33K","1,24%"
"12.08.2014","29,03","29,17","29,24","28,99","56,78K","-0,34%"
"11.08.2014","29,13","28,96","29,13","28,89","32,38K","1,53%"
"08.08.2014","28,69","28,51","28,76","28,49","33,28K","-0,80%"
"07.08.2014","28,92","28,79","29,05","28,77","60,70K","-0,17%"
"06.08.2014","28,97","28,89","28,97","28,68","36,94K","-0,03%"
"05.08.2014","28,98","28,87","29,00","28,80","20,50K","0,45%"
"04.08.2014","28,85","28,84","28,86","28,71","106,37K","0,56%"
"01.08.2014","28,69","28,98","28,98","28,38","58,44K","-1,14%"
"31.07.2014","29,02","29,49","29,49","29,02","99,16K","-1,63%"
"30.07.2014","29,50","29,42","29,62","29,40","31,89K","0,55%"
"29.07.2014","29,34","29,36","29,53","29,29","89,74K","0,07%"
"28.07.2014","29,32","29,40","29,40","29,13","34,34K","0,24%"
"25.07.2014","29,25","29,33","29,38","29,22","20,63K","-0,75%"
"24.07.2014","29,47","29,48","29,51","29,36","19,25K","0,07%"
"23.07.2014","29,45","29,26","29,47","29,24","79,55K","0,72%"
"22.07.2014","29,24","28,98","29,29","28,96","28,10K","1,18%"
"21.07.2014","28,90","28,90","28,96","28,81","35,97K","0,28%"
"18.07.2014","28,82","28,52","28,85","28,52","32,56K","0,31%"
"17.07.2014","28,73","28,83","28,90","28,70","42,57K","-0,52%"
"16.07.2014","28,88","28,81","29,00","28,79","99,17K","0,87%"
"15.07.2014","28,63","28,73","28,81","28,63","92,25K","-0,21%"
"14.07.2014","28,69","28,56","28,72","28,55","85,93K","0,77%"
"11.07.2014","28,47","28,39","28,47","28,38","56,65K","0,46%"
"10.07.2014","28,34","28,32","28,34","28,11","101,08K","0,11%"
"09.07.2014","28,31","28,33","28,36","28,24","98,37K","0,46%"
"08.07.2014","28,18","28,70","28,70","28,18","68,06K","-1,43%"
"07.07.2014","28,59","28,58","28,70","28,58","345,43K","-0,28%"
"04.07.2014","28,67","28,65","28,71","28,65","82,50K","0,24%"
"03.07.2014","28,60","28,40","28,61","28,39","312,98K","0,67%"
"02.07.2014","28,41","28,33","28,44","28,33","148,97K","0,39%"
"01.07.2014","28,30","28,04","28,30","28,01","38,01K","1,07%"
"30.06.2014","28,00","28,00","28,06","27,94","28,74K","0,18%"
"27.06.2014","27,95","27,88","27,97","27,87","40,83K","0,14%"
"26.06.2014","27,91","27,87","27,99","27,76","27,99K","0,36%"
"25.06.2014","27,81","27,75","27,85","27,65","34,31K","-0,93%"
"24.06.2014","28,07","27,82","28,08","27,70","51,68K","1,08%"
"23.06.2014","27,77","27,84","27,85","27,76","20,09K","-0,18%"
"20.06.2014","27,82","27,72","27,85","27,72","31,10K","0,36%"
"19.06.2014","27,72","27,81","27,81","27,69","13,69K","0,14%"
"18.06.2014","27,68","27,77","27,80","27,67","25,75K","-0,25%"
"17.06.2014","27,75","27,74","27,82","27,70","97,09K","0,58%"
"16.06.2014","27,59","27,69","27,83","27,59","38,34K","-1,46%"
"13.06.2014","28,00","27,95","28,04","27,85","28,40K","-0,14%"
"12.06.2014","28,04","28,17","28,25","27,98","43,57K","-0,43%"
"11.06.2014","28,16","28,16","28,18","27,98","36,45K","0,11%"
"10.06.2014","28,13","27,96","28,14","27,94","24,56K","0,25%"
"09.06.2014","28,06","27,97","28,06","27,92","5,57K","0,61%"
"06.06.2014","27,89","27,78","27,91","27,75","36,74K","0,40%"
"05.06.2014","27,78","27,60","27,92","27,55","152,97K","0,83%"
"04.06.2014","27,55","27,50","27,55","27,36","21,00K","0,47%"
"03.06.2014","27,42","27,47","27,59","27,33","36,26K","-0,29%"
"02.06.2014","27,50","27,55","27,59","27,39","75,59K","0,04%"
"30.05.2014","27,49","27,52","27,55","27,43","23,20K","0,04%"
"29.05.2014","27,48","27,39","27,48","27,39","0,93K","0,07%"
"28.05.2014","27,46","27,51","27,51","27,39","36,82K","0,62%"
"27.05.2014","27,29","27,12","27,34","27,09","102,62K","0,59%"
"26.05.2014","27,13","27,14","27,16","27,09","40,17K","0,59%"
"23.05.2014","26,97","26,84","26,97","26,82","110,69K","0,41%"
"22.05.2014","26,86","26,75","26,86","26,67","92,16K","1,17%"
"21.05.2014","26,55","26,32","26,63","26,31","41,46K","0,23%"
"20.05.2014","26,49","26,46","26,52","26,36","22,43K","0,30%"
"19.05.2014","26,41","26,18","26,41","26,09","24,15K","1,34%"
"16.05.2014","26,06","26,06","26,12","25,97","15,18K","0,19%"
"15.05.2014","26,01","26,38","26,45","25,99","166,69K","-1,37%"
"14.05.2014","26,37","26,44","26,44","26,34","36,52K","-0,26%"
"13.05.2014","26,44","26,36","26,50","26,33","44,98K","0,65%"
"12.05.2014","26,27","25,93","26,28","25,90","28,53K","1,98%"
"09.05.2014","25,76","25,67","25,83","25,58","15,27K","-0,62%"
"08.05.2014","25,92","25,52","25,92","25,48","39,76K","2,17%"
"07.05.2014","25,37","25,55","25,69","25,23","70,52K","-1,59%"
"06.05.2014","25,78","25,99","25,99","25,77","23,16K","-0,66%"
"05.05.2014","25,95","25,89","25,95","25,68","145,67K","-0,15%"
"02.05.2014","25,99","26,00","26,19","25,89","47,21K","0,78%"
"30.04.2014","25,79","25,81","25,86","25,67","93,91K","-0,27%"
"29.04.2014","25,86","25,70","25,86","25,69","34,17K","1,13%"
"28.04.2014","25,57","25,68","25,77","25,57","16,48K","-0,43%"
"25.04.2014","25,68","26,02","26,06","25,54","82,14K","-1,42%"
"24.04.2014","26,05","26,10","26,32","25,84","148,75K","0,62%"
"23.04.2014","25,89","26,20","26,20","25,82","38,75K","-0,77%"
"22.04.2014","26,09","25,79","26,09","25,79","108,16K","1,95%"
"17.04.2014","25,59","25,37","25,66","25,32","24,87K","0,59%"
"16.04.2014","25,44","25,48","25,54","25,32","56,09K","1,48%"
"15.04.2014","25,07","25,26","25,45","24,99","108,05K","-0,99%"
"14.04.2014","25,32","24,94","25,32","24,91","95,20K","0,44%"
"11.04.2014","25,21","25,19","25,24","24,94","378,54K","-1,18%"
"10.04.2014","25,51","26,09","26,11","25,50","205,19K","-1,28%"
"09.04.2014","25,84","25,70","25,89","25,70","101,99K","0,58%"
"08.04.2014","25,69","25,67","25,69","25,41","109,25K","-0,31%"
"07.04.2014","25,77","25,80","25,86","25,60","154,79K","-1,75%"
"04.04.2014","26,23","26,65","26,82","26,23","58,96K","-1,69%"
"03.04.2014","26,68","26,68","26,84","26,66","56,01K","0,04%"
"02.04.2014","26,67","26,63","26,71","26,60","54,68K","0,79%"
"01.04.2014","26,46","26,16","26,52","26,12","200,73K","1,07%"
"31.03.2014","26,18","26,20","26,30","26,02","53,12K","-0,15%"
"28.03.2014","26,22","26,09","26,28","26,02","193,24K","0,81%"
"27.03.2014","26,01","26,13","26,20","25,87","165,20K","-1,44%"
"26.03.2014","26,39","26,35","26,56","26,33","37,04K","0,42%"
"25.03.2014","26,28","26,24","26,56","26,22","46,75K","0,69%"
"24.03.2014","26,10","26,58","26,65","26,10","61,14K","-2,43%"
"21.03.2014","26,75","26,97","27,01","26,63","65,98K","-0,48%"
"20.03.2014","26,88","26,67","26,90","26,65","71,11K","0,75%"
"19.03.2014","26,68","26,70","26,74","26,63","66,10K","0,15%"
"18.03.2014","26,64","26,35","26,68","26,29","67,05K","0,79%"
"17.03.2014","26,43","26,21","26,47","26,21","140,21K","0,65%"
"14.03.2014","26,26","26,48","26,48","26,16","104,04K","-0,83%"
"13.03.2014","26,48","26,69","26,77","26,48","39,46K","-0,79%"
"12.03.2014","26,69","26,74","26,78","26,50","36,04K","-0,52%"
"11.03.2014","26,83","26,88","26,95","26,83","77,86K","0,34%"
"10.03.2014","26,74","26,71","26,82","26,68","86,54K","0,04%"
"07.03.2014","26,73","26,94","27,06","26,70","195,38K","-1,15%"
"06.03.2014","27,04","27,31","27,32","27,02","93,65K","-0,62%"
"05.03.2014","27,21","27,18","27,25","26,94","96,40K","0,22%"
"04.03.2014","27,15","26,97","27,19","26,94","77,27K","1,88%"
"03.03.2014","26,65","26,71","26,80","26,62","82,32K","-1,19%"
"28.02.2014","26,97","27,10","27,10","26,86","65,99K","0,00%"
"27.02.2014","26,97","27,08","27,10","26,92","91,60K","-0,74%"
"26.02.2014","27,17","27,04","27,18","26,97","148,80K","0,74%"
"25.02.2014","26,97","26,89","26,97","26,86","19,85K","-0,15%"
"24.02.2014","27,01","26,86","27,05","26,74","83,08K","0,30%"
"21.02.2014","26,93","26,95","26,95","26,85","35,51K","0,49%"
"20.02.2014","26,80","26,65","26,82","26,64","59,70K","-0,07%"
"19.02.2014","26,82","26,85","26,86","26,77","42,16K","-0,07%"
"18.02.2014","26,84","26,86","26,89","26,69","37,40K","-0,11%"
"17.02.2014","26,87","26,86","26,91","26,85","92,27K","0,26%"
"14.02.2014","26,80","26,75","26,84","26,70","95,64K","0,22%"
"13.02.2014","26,74","26,64","26,77","26,41","165,72K","0,00%"
"12.02.2014","26,74","26,66","26,85","26,64","72,03K","1,17%"
"11.02.2014","26,43","26,37","26,45","26,36","27,32K","0,72%"
"10.02.2014","26,24","26,19","26,28","26,16","114,23K","0,81%"
"07.02.2014","26,03","25,86","26,04","25,75","62,66K","0,97%"
"06.02.2014","25,78","25,63","25,80","25,51","52,24K","1,02%"
"05.02.2014","25,52","25,60","25,86","25,34","48,22K","-1,01%"
"04.02.2014","25,78","25,59","25,78","25,51","116,27K","0,04%"
"03.02.2014","25,77","26,24","26,25","25,75","46,33K","-1,15%"
"31.01.2014","26,07","26,05","26,10","25,88","37,86K","-0,15%"
"30.01.2014","26,11","25,68","26,11","25,68","36,67K","1,75%"
"29.01.2014","25,66","25,87","25,90","25,44","124,55K","0,16%"
"28.01.2014","25,62","25,64","25,75","25,58","40,93K","-0,47%"
"27.01.2014","25,74","26,00","26,03","25,73","154,81K","-1,34%"
"24.01.2014","26,09","26,50","26,54","26,07","36,04K","-1,14%"
"23.01.2014","26,39","26,76","26,76","26,29","72,38K","-1,49%"
"22.01.2014","26,79","26,81","26,81","26,69","105,26K","0,75%"
"21.01.2014","26,59","26,70","26,80","26,54","57,86K","0,08%"
"20.01.2014","26,57","26,55","26,59","26,53","62,51K","-0,26%"
"17.01.2014","26,64","26,61","26,65","26,55","32,04K","0,26%"
"16.01.2014","26,57","26,59","26,65","26,46","40,95K","-0,08%"
"15.01.2014","26,59","26,32","26,64","26,32","65,41K","1,84%"
"14.01.2014","26,11","25,78","26,12","25,74","40,56K","-0,46%"
"13.01.2014","26,23","26,14","26,25","26,07","103,83K","1,08%"
"10.01.2014","25,95","26,25","26,38","25,95","59,37K","-0,84%"
"09.01.2014","26,17","26,32","26,46","26,17","151,49K","-0,68%"
"08.01.2014","26,35","26,19","26,35","26,19","197,22K","0,61%"
"07.01.2014","26,19","25,99","26,31","25,97","54,43K","1,32%"
"06.01.2014","25,85","26,12","26,13","25,80","51,76K","-0,96%"
"03.01.2014","26,10","26,13","26,25","26,10","28,78K","-0,19%"
"02.01.2014","26,15","26,65","26,65","26,09","71,26K","0,54%"
"30.12.2013","26,01","26,00","26,08","25,95","61,78K","-0,15%"
"27.12.2013","26,05","26,10","26,14","25,88","55,81K","0,00%"
"23.12.2013","26,05","26,07","26,11","25,99","64,67K","0,66%"
"20.12.2013","25,88","25,73","25,88","25,68","71,60K","0,86%"
"19.12.2013","25,66","25,69","25,76","25,57","59,01K","1,95%"
"18.12.2013","25,17","25,28","25,36","25,15","130,27K","-0,20%"
"17.12.2013","25,22","25,28","25,33","25,22","53,42K","-0,55%"
"16.12.2013","25,36","25,15","25,44","25,15","58,89K","0,28%"
"13.12.2013","25,29","25,30","25,41","25,25","34,47K","0,00%"
"12.12.2013","25,29","25,24","25,36","25,20","48,39K","-0,55%"
"11.12.2013","25,43","25,57","25,63","25,43","54,74K","-0,66%"
"10.12.2013","25,60","25,66","25,71","25,50","88,83K","-0,58%"
"09.12.2013","25,75","25,76","25,77","25,61","32,97K","0,39%"
"06.12.2013","25,65","25,58","25,74","25,58","62,51K","0,59%"
"05.12.2013","25,50","25,60","25,79","25,50","37,30K","-1,01%"
"04.12.2013","25,76","25,70","25,88","25,60","65,45K","0,47%"
"03.12.2013","25,64","25,80","25,80","25,64","48,39K","-0,62%"
"02.12.2013","25,80","25,77","25,89","25,75","38,25K","0,23%"
"29.11.2013","25,74","25,66","25,75","25,64","436,59K","0,19%"
"28.11.2013","25,69","25,64","25,71","25,63","78,72K","0,23%"
"27.11.2013","25,63","25,48","25,63","25,45","48,76K","0,87%"
"26.11.2013","25,41","25,41","25,44","25,36","22,10K","-0,35%"
"25.11.2013","25,50","25,42","25,51","25,42","39,50K","0,71%"
"22.11.2013","25,32","25,31","25,34","25,23","27,44K","0,32%"
"21.11.2013","25,24","25,17","25,30","25,11","41,94K","-0,28%"
"20.11.2013","25,31","25,03","25,31","25,00","24,77K","0,72%"
"19.11.2013","25,13","25,11","25,22","25,07","37,38K","-0,75%"
"18.11.2013","25,32","25,38","25,40","25,24","40,05K","-0,28%"
"15.11.2013","25,39","25,50","25,54","25,35","24,69K","0,16%"
"14.11.2013","25,35","25,34","25,42","25,30","31,08K","0,88%"
"13.11.2013","25,13","25,07","25,21","24,94","32,48K","0,08%"
"12.11.2013","25,11","25,14","25,15","24,97","106,45K","0,04%"
"11.11.2013","25,10","25,20","25,20","25,05","20,91K","-0,32%"
"08.11.2013","25,18","24,88","25,20","24,86","102,22K","0,60%"
"07.11.2013","25,03","25,04","25,56","24,98","87,69K","-0,16%"
"06.11.2013","25,07","25,22","25,23","25,01","40,44K","-0,32%"
"05.11.2013","25,15","25,12","25,16","24,99","79,89K","0,52%"
"04.11.2013","25,02","25,13","25,18","25,02","54,54K","-0,32%"
"01.11.2013","25,10","25,04","25,20","25,02","64,74K","0,24%"
"31.10.2013","25,04","24,74","25,04","24,71","58,54K","1,46%"
"30.10.2013","24,68","24,78","24,81","24,66","27,84K","-0,08%"
"29.10.2013","24,70","24,61","24,73","24,55","71,73K","0,45%"
"28.10.2013","24,59","24,61","24,62","24,50","35,41K","0,12%"
"25.10.2013","24,56","24,51","24,65","24,45","13,71K","0,57%"
"24.10.2013","24,42","24,38","24,44","24,31","87,93K","0,58%"
"23.10.2013","24,28","24,34","24,40","24,25","39,14K","-0,57%"
"22.10.2013","24,42","24,64","24,66","24,40","40,80K","-0,89%"
"21.10.2013","24,64","24,59","24,70","24,57","34,45K","0,86%"
"18.10.2013","24,43","24,30","24,45","24,29","24,03K","1,29%"
"17.10.2013","24,12","24,17","24,17","23,92","31,01K","-1,03%"
"16.10.2013","24,37","24,11","24,37","24,06","47,37K","0,45%"
"15.10.2013","24,26","24,09","24,27","24,07","77,78K","1,85%"
"14.10.2013","23,82","23,74","23,82","23,72","19,44K","0,13%"
"11.10.2013","23,79","23,72","23,80","23,62","193,54K","0,55%"
"10.10.2013","23,66","23,37","23,66","23,37","39,50K","2,11%"
"09.10.2013","23,17","23,39","23,50","23,12","29,06K","-0,86%"
"08.10.2013","23,37","23,75","23,77","23,37","41,76K","-1,89%"
"07.10.2013","23,82","23,78","23,96","23,67","22,44K","0,17%"
"04.10.2013","23,78","23,63","23,81","23,63","74,18K","0,55%"
"03.10.2013","23,65","23,87","23,89","23,65","56,36K","-1,09%"
"02.10.2013","23,91","24,06","24,06","23,84","18,02K","-0,50%"
"01.10.2013","24,03","23,84","24,03","23,80","16,57K","0,84%"
"30.09.2013","23,83","23,84","23,84","23,56","20,06K","-0,29%"
"27.09.2013","23,90","24,01","24,01","23,71","52,68K","-0,21%"
"26.09.2013","23,95","23,86","24,04","23,82","18,19K","0,46%"
"25.09.2013","23,84","23,93","23,93","23,77","365,95K","-0,63%"
"24.09.2013","23,99","23,86","24,01","23,86","15,15K","0,67%"
"23.09.2013","23,83","23,94","24,03","23,82","30,76K","-0,67%"
"20.09.2013","23,99","23,95","24,06","23,95","29,67K","0,25%"
"19.09.2013","23,93","23,95","23,96","23,88","57,64K","-0,21%"
"18.09.2013","23,98","23,99","24,03","23,97","85,62K","0,25%"
"17.09.2013","23,92","23,81","23,95","23,71","35,70K","0,04%"
"16.09.2013","23,91","24,05","24,12","23,87","17,37K","-0,29%"
"13.09.2013","23,98","23,99","24,00","23,92","16,22K","0,17%"
"12.09.2013","23,94","23,91","24,06","23,91","46,78K","0,13%"
"11.09.2013","23,91","24,06","24,06","23,88","65,05K","-0,83%"
"10.09.2013","24,11","24,05","24,18","24,05","124,00K","0,96%"
"09.09.2013","23,88","23,90","23,95","23,86","71,30K","-0,21%"
"06.09.2013","23,93","23,93","24,01","23,80","105,46K","-0,17%"
"05.09.2013","23,97","23,82","23,97","23,75","115,25K","1,27%"
"04.09.2013","23,67","23,50","23,73","23,49","8,73K","0,25%"
"03.09.2013","23,61","23,61","23,75","23,53","37,19K","-0,21%"
"02.09.2013","23,66","23,58","23,66","23,55","13,78K","1,33%"
"30.08.2013","23,35","23,52","23,52","23,35","39,00K","-0,89%"
"29.08.2013","23,56","23,30","23,57","23,26","66,22K","1,90%"
"28.08.2013","23,12","23,00","23,17","22,96","32,17K","-0,17%"
"27.08.2013","23,16","23,42","23,42","23,10","34,67K","-1,70%"
"26.08.2013","23,56","23,41","23,58","23,39","42,30K","0,94%"
"23.08.2013","23,34","23,33","23,45","23,26","30,17K","0,39%"
"22.08.2013","23,25","23,10","23,31","23,09","58,17K","0,48%"
"21.08.2013","23,14","23,07","23,15","22,98","13,12K","0,22%"
"20.08.2013","23,09","23,12","23,12","22,97","36,26K","-0,77%"
"19.08.2013","23,27","23,15","23,31","23,05","20,24K","0,17%"
"16.08.2013","23,23","23,15","23,24","23,06","77,02K","-0,51%"
"15.08.2013","23,35","23,49","23,50","23,27","34,62K","-1,48%"
"14.08.2013","23,70","23,72","23,77","23,66","24,54K","0,17%"
"13.08.2013","23,66","23,60","23,68","23,54","65,79K","0,34%"
"12.08.2013","23,58","23,45","23,61","23,37","15,32K","0,68%"
"09.08.2013","23,42","23,47","23,52","23,40","32,89K","-0,13%"
"08.08.2013","23,45","23,45","23,55","23,33","132,68K","0,51%"
"07.08.2013","23,33","23,46","23,52","23,29","48,16K","-0,77%"
"06.08.2013","23,51","23,73","23,75","23,45","21,74K","-0,89%"
"05.08.2013","23,72","23,74","23,79","23,69","72,49K","0,55%"
"02.08.2013","23,59","23,69","23,76","23,57","270,74K","-0,08%"
"01.08.2013","23,61","23,47","23,64","23,47","112,41K","0,94%"
"31.07.2013","23,39","23,31","23,49","23,31","49,51K","-0,17%"
"30.07.2013","23,43","23,23","23,43","23,22","70,64K","1,03%"
"29.07.2013","23,19","23,21","23,31","23,13","305,25K","0,52%"
"26.07.2013","23,07","23,06","23,07","22,96","77,11K","0,17%"
"25.07.2013","23,03","23,16","23,17","23,02","70,87K","-0,35%"
"24.07.2013","23,11","23,11","23,20","23,00","171,20K","0,17%"
"23.07.2013","23,07","23,29","23,29","23,04","13,54K","-0,56%"
"22.07.2013","23,20","23,25","23,25","23,11","64,72K","-0,13%"
"19.07.2013","23,23","23,27","23,32","23,20","36,16K","-1,78%"
"18.07.2013","23,65","23,53","23,65","23,53","70,20K","0,47%"
"17.07.2013","23,54","23,49","23,62","23,43","62,01K","0,43%"
"16.07.2013","23,44","23,60","23,64","23,44","67,83K","-0,89%"
"15.07.2013","23,65","23,60","23,67","23,60","26,12K","0,68%"
"12.07.2013","23,49","23,45","23,59","23,45","58,08K","0,38%"
"11.07.2013","23,40","23,23","23,40","23,20","151,25K","0,30%"
"10.07.2013","23,33","23,37","23,43","23,25","53,68K","-0,26%"
"09.07.2013","23,39","23,15","23,39","23,14","41,05K","1,52%"
"08.07.2013","23,04","23,22","23,27","23,04","29,00K","0,30%"
"05.07.2013","22,97","23,09","23,13","22,92","21,06K","-0,17%"
"04.07.2013","23,01","22,75","23,07","22,74","37,30K","1,81%"
"03.07.2013","22,60","22,51","22,65","22,48","100,81K","-0,04%"
"02.07.2013","22,61","22,53","22,66","22,48","16,94K","0,04%"
"01.07.2013","22,60","22,55","22,66","22,43","28,64K","0,71%"
"28.06.2013","22,44","22,39","22,49","22,22","19,46K","0,09%"
"27.06.2013","22,42","22,29","22,48","22,21","46,38K","0,76%"
"26.06.2013","22,25","21,91","22,28","21,91","128,84K","1,51%"
"25.06.2013","21,92","21,76","21,95","21,76","22,25K","1,34%"
"24.06.2013","21,63","21,91","21,93","21,63","166,00K","-0,87%"
"21.06.2013","21,82","21,95","22,05","21,82","53,88K","-1,40%"
"20.06.2013","22,13","22,29","22,31","22,09","81,55K","-1,16%"
"19.06.2013","22,39","22,45","22,47","22,38","54,38K","-0,09%"
"18.06.2013","22,41","22,32","22,41","22,24","24,34K","-0,04%"
"17.06.2013","22,42","22,30","22,44","22,25","33,31K","0,54%"
"14.06.2013","22,30","22,40","22,50","22,30","77,76K","0,54%"
"13.06.2013","22,18","21,93","22,29","21,86","95,13K","-0,85%"
"12.06.2013","22,37","22,51","22,63","22,37","32,00K","-1,32%"
"11.06.2013","22,67","22,71","22,71","22,47","65,99K","-0,83%"
"10.06.2013","22,86","22,88","22,95","22,78","34,43K","0,40%"
"07.06.2013","22,77","22,43","22,77","22,40","97,01K","1,52%"
"06.06.2013","22,43","22,63","22,69","22,42","104,05K","-1,32%"
"05.06.2013","22,73","22,90","22,94","22,68","78,84K","-1,69%"
"04.06.2013","23,12","23,07","23,25","23,01","122,95K","1,49%"
"03.06.2013","22,78","23,14","23,25","22,78","69,85K","-3,06%"
"31.05.2013","23,50","23,27","23,53","23,17","58,94K","0,69%"
"30.05.2013","23,34","23,26","23,41","23,21","38,94K","0,17%"
"29.05.2013","23,30","23,52","23,52","23,20","499,72K","-1,73%"
"28.05.2013","23,71","23,52","23,81","23,52","75,29K","1,41%"
"27.05.2013","23,38","23,34","23,42","23,27","41,30K","0,56%"
"24.05.2013","23,25","23,28","23,29","23,08","28,85K","-0,60%"
"23.05.2013","23,39","23,33","23,40","23,16","84,34K","-1,72%"
"22.05.2013","23,80","23,60","23,80","23,56","83,76K","0,72%"
"21.05.2013","23,63","23,67","23,74","23,61","45,68K","-0,51%"
"20.05.2013","23,75","23,72","23,77","23,65","10,25K","0,30%"
"17.05.2013","23,68","23,57","23,76","23,50","41,43K","0,42%"
"16.05.2013","23,58","23,57","23,58","23,47","22,40K","0,13%"
"15.05.2013","23,55","23,41","23,55","23,38","40,94K","0,90%"
"14.05.2013","23,34","23,14","23,34","23,06","21,59K","0,78%"
"13.05.2013","23,16","23,09","23,16","23,02","39,00K","0,09%"
"10.05.2013","23,14","22,96","23,14","22,95","90,27K","1,40%"
"09.05.2013","22,82","22,66","22,82","22,66","10,34K","0,57%"
"08.05.2013","22,69","22,66","22,72","22,58","62,82K","-0,22%"
"07.05.2013","22,74","22,76","22,79","22,69","51,79K","0,04%"
"06.05.2013","22,73","22,70","22,76","22,61","57,52K","0,31%"
"03.05.2013","22,66","22,39","22,67","22,29","75,54K","0,89%"
"02.05.2013","22,46","22,04","22,47","22,00","44,86K","2,04%"
"30.04.2013","22,01","22,09","22,10","21,94","38,73K","-0,23%"
"29.04.2013","22,06","21,93","22,10","21,88","85,71K","0,55%"
"26.04.2013","21,94","22,02","22,02","21,93","48,98K","-0,90%"
"25.04.2013","22,14","21,89","22,14","21,89","115,27K","0,87%"
"24.04.2013","21,95","21,94","22,02","21,93","90,45K","-0,27%"
"23.04.2013","22,01","21,58","22,01","21,58","52,46K","2,04%"
"22.04.2013","21,57","21,52","21,61","21,50","18,17K","0,61%"
"19.04.2013","21,44","21,29","21,44","21,08","39,23K","0,85%"
"18.04.2013","21,26","21,49","21,55","21,26","67,26K","-0,98%"
"17.04.2013","21,47","21,63","21,63","21,47","130,89K","-0,88%"
"16.04.2013","21,66","21,65","21,67","21,55","139,70K","-1,01%"
"15.04.2013","21,88","21,94","21,94","21,86","15,14K","0,00%"
"12.04.2013","21,88","22,00","22,01","21,84","48,23K","-0,41%"
"11.04.2013","21,97","22,00","22,04","21,89","29,17K","-0,05%"
"10.04.2013","21,98","21,61","21,99","21,61","70,15K","2,42%"
"09.04.2013","21,46","21,63","21,65","21,42","35,70K","0,05%"
"08.04.2013","21,45","21,48","21,54","21,42","108,42K","0,47%"
"05.04.2013","21,35","21,72","21,77","21,18","138,55K","-2,33%"
"04.04.2013","21,86","22,05","22,09","21,84","43,27K","-0,82%"
"03.04.2013","22,04","22,20","22,20","22,04","17,25K","-0,68%"
"02.04.2013","22,19","21,93","22,20","21,89","26,66K","0,50%"
"28.03.2013","22,08","22,10","22,15","22,07","37,59K","-0,05%"
"27.03.2013","22,09","22,06","22,13","22,01","84,33K","0,73%"
"26.03.2013","21,93","21,95","21,96","21,89","21,06K","0,46%"
"25.03.2013","21,83","21,74","21,90","21,74","45,88K","0,74%"
"22.03.2013","21,67","21,64","21,69","21,62","32,41K","-0,14%"
"21.03.2013","21,70","21,76","21,79","21,68","47,74K","-0,28%"
"20.03.2013","21,76","21,87","21,89","21,75","23,27K","0,23%"
"19.03.2013","21,71","21,74","21,81","21,71","43,80K","-0,05%"
"18.03.2013","21,72","21,54","21,72","21,51","137,56K","0,42%"
"15.03.2013","21,63","21,70","21,71","21,61","17,24K","-0,69%"
"14.03.2013","21,78","21,78","21,90","21,78","32,77K","0,00%"
"13.03.2013","21,78","21,63","21,79","21,63","21,51K","0,79%"
"12.03.2013","21,61","21,71","21,74","21,59","21,35K","-0,37%"
"11.03.2013","21,69","21,65","21,70","21,64","32,95K","-0,23%"
"08.03.2013","21,74","21,56","21,75","21,52","44,30K","0,93%"
"07.03.2013","21,54","21,65","21,65","21,46","60,68K","-0,55%"
"06.03.2013","21,66","21,61","21,70","21,61","114,72K","0,14%"
"05.03.2013","21,63","21,35","21,63","21,33","120,19K","1,60%"
"04.03.2013","21,29","21,17","21,29","21,17","20,26K","0,14%"
"01.03.2013","21,26","21,11","21,26","21,07","70,57K","0,38%"
"28.02.2013","21,18","21,01","21,20","21,01","77,94K","0,62%"
"27.02.2013","21,05","20,80","21,08","20,80","27,03K","1,25%"
"26.02.2013","20,79","20,86","20,89","20,79","144,41K","-0,76%"
"25.02.2013","20,95","20,86","20,96","20,85","11,64K","0,58%"
"22.02.2013","20,83","20,74","20,86","20,73","26,74K","0,63%"
"21.02.2013","20,70","20,80","20,86","20,70","53,69K","-0,81%"
"20.02.2013","20,87","20,90","20,96","20,87","48,38K","0,00%"
"19.02.2013","20,87","20,84","20,92","20,84","40,27K","0,10%"
"18.02.2013","20,85","20,87","20,87","20,80","58,74K","-0,19%"
"15.02.2013","20,89","20,84","20,94","20,84","40,09K","-0,10%"
"14.02.2013","20,91","20,82","20,93","20,79","40,42K","0,72%"
"13.02.2013","20,76","20,70","20,82","20,66","25,07K","0,19%"
"12.02.2013","20,72","20,85","20,85","20,69","47,68K","-0,48%"
"11.02.2013","20,82","20,87","20,93","20,82","18,08K","-0,43%"
"08.02.2013","20,91","20,63","20,91","20,60","74,16K","2,25%"
"07.02.2013","20,45","20,36","20,57","20,33","37,51K","-0,15%"
"06.02.2013","20,48","20,49","20,52","20,39","88,68K","0,69%"
"05.02.2013","20,34","20,29","20,41","20,21","47,52K","0,25%"
"04.02.2013","20,29","20,40","20,47","20,29","67,68K","0,30%"
"01.02.2013","20,23","20,23","20,33","20,16","49,77K","0,00%"
"31.01.2013","20,23","20,33","20,37","20,23","26,21K","-0,83%"
"30.01.2013","20,40","20,47","20,48","20,34","43,60K","-0,39%"
"29.01.2013","20,48","20,51","20,51","20,34","35,15K","-0,29%"
"28.01.2013","20,54","20,46","20,58","20,44","103,93K","0,49%"
"25.01.2013","20,44","20,46","20,51","20,38","157,72K","-1,06%"
"24.01.2013","20,66","20,63","20,66","20,52","30,74K","-1,05%"
"23.01.2013","20,88","20,84","20,92","20,79","39,83K","1,11%"
"22.01.2013","20,65","20,68","20,74","20,64","7,55K","-0,48%"
"21.01.2013","20,75","20,73","20,75","20,68","47,57K","0,39%"
"18.01.2013","20,67","20,63","20,72","20,62","21,24K","-0,19%"
"17.01.2013","20,71","20,66","20,73","20,57","32,11K","0,15%"
"16.01.2013","20,68","20,58","20,70","20,56","25,61K","0,83%"
"15.01.2013","20,51","20,56","20,60","20,45","78,73K","-0,24%"
"14.01.2013","20,56","20,69","20,71","20,56","34,44K","-0,39%"
"11.01.2013","20,64","20,79","20,82","20,64","21,92K","-0,53%"
"10.01.2013","20,75","21,04","21,05","20,74","112,99K","-1,43%"
"09.01.2013","21,05","20,97","21,08","20,92","24,91K","1,06%"
"08.01.2013","20,83","20,80","20,95","20,80","125,17K","-0,43%"
"07.01.2013","20,92","20,98","21,01","20,91","15,65K","-0,43%"
"04.01.2013","21,01","21,11","21,14","20,99","68,52K","-0,43%"
"03.01.2013","21,10","21,00","21,10","20,96","16,68K","1,59%"
"02.01.2013","20,77","20,29","20,80","20,28","75,05K","4,16%"
"28.12.2012","19,94","19,92","20,04","19,92","15,08K","0,15%"
"27.12.2012","19,91","19,97","20,03","19,90","111,73K","-1,58%"
"21.12.2012","20,23","20,28","20,32","20,16","135,90K","-0,93%"
"20.12.2012","20,42","20,47","20,51","20,35","93,55K","-0,73%"
"19.12.2012","20,57","20,59","20,61","20,49","90,13K","0,39%"
"18.12.2012","20,49","20,48","20,49","20,43","188,85K","1,24%"
"17.12.2012","20,24","20,14","20,24","20,02","129,10K","0,35%"
"14.12.2012","20,17","20,39","20,42","20,17","9,56K","-1,75%"
"13.12.2012","20,53","20,60","20,64","20,53","60,85K","-0,77%"
"12.12.2012","20,69","20,80","20,82","20,67","100,80K","-0,77%"
"11.12.2012","20,85","20,58","20,87","20,57","55,16K","0,92%"
"10.12.2012","20,66","20,48","20,70","20,47","49,66K","0,68%"
"07.12.2012","20,52","20,62","20,85","20,50","72,03K","-0,48%"
"06.12.2012","20,62","20,29","20,62","20,26","289,66K","1,33%"
"05.12.2012","20,35","20,54","20,57","20,25","347,20K","-0,54%"
"04.12.2012","20,46","20,56","20,58","20,44","19,52K","-1,02%"
"03.12.2012","20,67","20,74","20,83","20,66","97,76K","0,10%"
"30.11.2012","20,65","20,75","20,81","20,65","13,48K","-0,63%"
"29.11.2012","20,78","20,75","20,84","20,73","122,00K","1,07%"
"28.11.2012","20,56","20,58","20,58","20,41","118,68K","-0,15%"
"27.11.2012","20,59","20,57","20,61","20,55","54,10K","0,83%"
"26.11.2012","20,42","20,40","20,48","20,38","58,67K","-0,05%"
"23.11.2012","20,43","20,33","20,43","20,28","241,78K","0,49%"
"22.11.2012","20,33","20,39","20,41","20,31","51,20K","-0,15%"
"21.11.2012","20,36","20,41","20,41","20,35","45,99K","-0,05%"
"20.11.2012","20,37","20,34","20,39","20,30","97,76K","0,69%"
"19.11.2012","20,23","20,02","20,25","20,02","110,76K","2,17%"
"16.11.2012","19,80","19,89","19,91","19,80","127,33K","-0,20%"
"15.11.2012","19,84","20,00","20,01","19,84","28,03K","-1,68%"
"14.11.2012","20,18","20,39","20,41","20,14","65,69K","-1,08%"
"13.11.2012","20,40","20,30","20,40","20,28","207,73K","0,05%"
"12.11.2012","20,39","20,47","20,54","20,38","40,80K","-0,59%"
"09.11.2012","20,51","20,37","20,51","20,29","96,39K","0,20%"
"08.11.2012","20,47","20,64","20,68","20,47","80,53K","-0,39%"
"07.11.2012","20,55","21,00","21,07","20,55","211,71K","-2,05%"
"06.11.2012","20,98","20,98","21,05","20,94","92,52K","0,29%"
"05.11.2012","20,92","20,81","20,95","20,78","126,47K","-0,38%"
"02.11.2012","21,00","20,95","21,07","20,95","41,89K","0,72%"
"01.11.2012","20,85","20,48","20,88","20,48","14,69K","1,91%"
"31.10.2012","20,46","20,64","20,71","20,46","296,15K","-0,68%"
"30.10.2012","20,60","20,57","20,66","20,57","109,80K","-0,29%"
"29.10.2012","20,66","20,66","20,69","20,56","26,53K","0,29%"
"26.10.2012","20,60","20,50","20,68","20,43","21,71K","0,10%"
"25.10.2012","20,58","20,62","20,73","20,58","190,32K","-0,29%"
"24.10.2012","20,64","20,66","20,76","20,64","88,94K","-0,19%"
"23.10.2012","20,68","20,69","20,70","20,58","130,94K","0,29%"
"22.10.2012","20,62","20,60","20,67","20,57","210,75K","-0,87%"
"19.10.2012","20,80","21,08","21,08","20,79","21,95K","-2,03%"
"18.10.2012","21,23","21,24","21,27","21,19","19,19K","-0,05%"
"17.10.2012","21,24","21,19","21,24","21,16","112,64K","-0,38%"
"16.10.2012","21,32","21,20","21,32","21,12","13,45K","0,71%"
"15.10.2012","21,17","21,17","21,19","21,08","82,02K","0,47%"
"12.10.2012","21,07","21,09","21,14","21,03","26,88K","-0,75%"
"11.10.2012","21,23","21,34","21,36","21,23","54,15K","-0,42%"
"10.10.2012","21,32","21,37","21,39","21,30","121,56K","-0,23%"
"09.10.2012","21,37","21,55","21,62","21,33","80,92K","-0,79%"
"08.10.2012","21,54","21,70","21,70","21,54","16,12K","-1,06%"
"05.10.2012","21,77","21,80","21,90","21,77","23,49K","-0,05%"
"04.10.2012","21,78","21,93","21,93","21,77","62,88K","-0,50%"
"03.10.2012","21,89","21,78","21,90","21,75","18,23K","1,06%"
"02.10.2012","21,66","21,74","21,83","21,66","30,19K","-1,05%"
"01.10.2012","21,89","21,83","21,93","21,83","121,88K","0,18%"
"28.09.2012","21,85","21,90","21,90","21,80","76,08K","0,09%"
"27.09.2012","21,83","21,74","21,84","21,72","20,49K","0,78%"
"26.09.2012","21,66","21,90","21,92","21,64","184,32K","-2,04%"
"25.09.2012","22,11","22,15","22,15","22,07","35,04K","0,18%"
"24.09.2012","22,07","22,15","22,16","22,04","18,30K","-0,45%"
"21.09.2012","22,17","22,14","22,20","22,06","29,36K","0,18%"
"20.09.2012","22,13","22,05","22,13","22,01","188,78K","0,77%"
"19.09.2012","21,96","22,02","22,07","21,93","39,19K","0,09%"
"18.09.2012","21,94","21,84","21,95","21,81","50,68K","0,73%"
"17.09.2012","21,78","21,79","21,84","21,78","56,96K","-0,18%"
"14.09.2012","21,82","21,81","21,88","21,71","217,13K","0,37%"
"13.09.2012","21,74","21,70","21,78","21,63","289,05K","0,28%"
"12.09.2012","21,68","21,74","21,78","21,66","19,63K","-0,64%"
"11.09.2012","21,82","21,89","21,93","21,78","69,36K","-0,95%"
"10.09.2012","22,03","22,11","22,16","22,03","51,81K","-0,59%"
"07.09.2012","22,16","22,45","22,45","22,14","48,61K","-1,03%"
"06.09.2012","22,39","22,07","22,40","22,07","35,05K","1,40%"
"05.09.2012","22,08","22,16","22,16","21,99","38,77K","0,59%"
"04.09.2012","21,95","22,10","22,12","21,92","42,01K","-1,04%"
"03.09.2012","22,18","22,11","22,18","22,11","36,57K","0,27%"
"31.08.2012","22,12","22,10","22,15","21,90","31,12K","-0,05%"
"30.08.2012","22,13","22,19","22,20","22,08","31,52K","-0,45%"
"29.08.2012","22,23","22,25","22,31","22,18","38,48K","0,09%"
"28.08.2012","22,21","22,38","22,38","22,18","30,02K","-0,76%"
"27.08.2012","22,38","22,37","22,38","22,29","33,26K","0,77%"
"24.08.2012","22,21","22,10","22,23","22,08","195,62K","0,27%"
"23.08.2012","22,15","22,27","22,30","22,05","74,86K","-0,54%"
"22.08.2012","22,27","22,30","22,32","22,22","56,91K","-0,49%"
"21.08.2012","22,38","22,58","22,58","22,38","75,26K","-0,75%"
"20.08.2012","22,55","22,55","22,67","22,53","79,79K","-0,27%"
"17.08.2012","22,61","22,44","22,61","22,44","62,04K","0,98%"
"16.08.2012","22,39","22,43","22,43","22,31","59,38K","0,31%"
"15.08.2012","22,32","22,16","22,35","22,12","42,22K","0,00%"
"14.08.2012","22,32","22,20","22,32","22,16","51,02K","1,27%"
"13.08.2012","22,04","22,20","22,20","22,00","48,24K","-0,41%"
"10.08.2012","22,13","22,14","22,19","22,09","38,37K","-0,23%"
"09.08.2012","22,18","22,04","22,18","22,04","76,69K","0,73%"
"08.08.2012","22,02","21,97","22,04","21,95","23,84K","0,50%"
"07.08.2012","21,91","21,81","21,91","21,80","29,67K","0,64%"
"06.08.2012","21,77","21,72","21,81","21,72","49,48K","0,18%"
"03.08.2012","21,73","21,60","21,78","21,60","51,47K","0,51%"
"02.08.2012","21,62","21,54","21,76","21,22","120,49K","0,46%"
"01.08.2012","21,52","21,56","21,64","21,46","88,79K","-0,32%"
"31.07.2012","21,59","21,60","21,65","21,53","42,05K","-0,05%"
"30.07.2012","21,60","21,57","21,74","21,55","55,22K","1,79%"
"27.07.2012","21,22","21,11","21,22","21,06","83,71K","1,10%"
"26.07.2012","20,99","21,04","21,12","20,96","47,70K","-0,14%"
"25.07.2012","21,02","21,04","21,14","20,95","32,04K","-1,82%"
"24.07.2012","21,41","21,37","21,41","21,31","83,07K","0,80%"
"23.07.2012","21,24","21,56","21,56","21,12","81,86K","-1,94%"
"20.07.2012","21,66","21,70","21,82","21,66","21,27K","-0,14%"
"19.07.2012","21,69","21,52","21,70","21,45","57,05K","1,31%"
"18.07.2012","21,41","21,10","21,41","21,08","42,00K","1,57%"
"17.07.2012","21,08","21,12","21,18","21,00","25,13K","-0,09%"
"16.07.2012","21,10","21,11","21,20","21,04","111,22K","0,14%"
"13.07.2012","21,07","20,97","21,07","20,91","67,06K","1,25%"
"12.07.2012","20,81","20,94","21,00","20,75","26,44K","-1,09%"
"11.07.2012","21,04","21,09","21,15","21,01","30,70K","-0,99%"
"10.07.2012","21,25","21,22","21,46","21,18","12,30K","0,24%"
"09.07.2012","21,20","21,23","21,29","21,20","66,86K","0,00%"
"06.07.2012","21,20","21,39","21,44","21,20","38,02K","-1,30%"
"05.07.2012","21,48","21,13","21,48","21,13","50,63K","1,32%"
"04.07.2012","21,20","21,04","21,20","21,02","14,71K","1,05%"
"03.07.2012","20,98","20,86","20,98","20,84","27,53K","0,77%"
"02.07.2012","20,82","20,72","20,87","20,70","56,02K","1,26%"
"29.06.2012","20,56","20,44","20,56","20,40","49,92K","0,98%"
"28.06.2012","20,36","20,55","20,58","20,32","77,35K","-1,50%"
"27.06.2012","20,67","20,50","20,69","20,46","63,43K","1,32%"
"26.06.2012","20,40","20,36","20,46","20,32","114,54K","0,64%"
"25.06.2012","20,27","20,57","20,58","20,27","58,30K","-1,22%"
"22.06.2012","20,52","20,42","20,52","20,42","119,84K","-0,48%"
"21.06.2012","20,62","20,63","20,75","20,62","85,40K","-0,24%"
"20.06.2012","20,67","20,68","20,70","20,64","145,46K","0,00%"
"19.06.2012","20,67","20,65","20,72","20,63","15,99K","0,58%"
"18.06.2012","20,55","20,39","20,58","20,33","29,69K","1,28%"
"15.06.2012","20,29","20,21","20,30","20,19","77,82K","-0,25%"
"14.06.2012","20,34","20,35","20,35","20,27","82,67K","-0,49%"
"13.06.2012","20,44","20,53","20,53","20,40","47,55K","-0,29%"
"12.06.2012","20,50","20,36","20,50","20,33","15,26K","-0,53%"
"11.06.2012","20,61","20,65","20,70","20,50","185,28K","0,34%"
"08.06.2012","20,54","20,39","20,60","20,35","22,69K","0,34%"
"07.06.2012","20,47","20,50","20,55","20,45","24,32K","0,20%"
"06.06.2012","20,43","20,14","20,47","20,14","28,37K","1,84%"
"05.06.2012","20,06","19,98","20,13","19,97","67,79K","1,31%"
"04.06.2012","19,80","19,87","19,96","19,80","31,75K","-1,88%"
"01.06.2012","20,18","20,53","20,53","20,18","261,06K","-1,85%"
"31.05.2012","20,56","20,59","20,64","20,42","41,01K","-0,10%"
"30.05.2012","20,58","20,56","20,60","20,55","14,96K","-0,05%"
"29.05.2012","20,59","20,43","20,62","20,39","26,04K","0,83%"
"28.05.2012","20,42","20,36","20,42","20,36","1,43K","0,39%"
"25.05.2012","20,34","20,40","20,43","20,31","40,11K","0,15%"
"24.05.2012","20,31","20,33","20,45","20,28","495,87K","1,04%"
"23.05.2012","20,10","20,12","20,14","20,00","43,86K","-0,74%"
"22.05.2012","20,25","20,10","20,25","20,05","63,72K","2,07%"
"21.05.2012","19,84","19,58","19,84","19,56","47,63K","0,25%"
"18.05.2012","19,79","19,93","20,01","19,79","39,19K","-1,69%"
"17.05.2012","20,13","20,31","20,31","20,13","10,47K","-1,42%"
"16.05.2012","20,42","20,41","20,54","20,37","61,43K","-0,49%"
"15.05.2012","20,52","20,41","20,53","20,38","50,44K","0,59%"
"14.05.2012","20,40","20,39","20,40","20,25","69,55K","-0,78%"
"11.05.2012","20,56","20,38","20,56","20,27","39,61K","1,08%"
"10.05.2012","20,34","20,38","20,49","20,29","51,09K","-0,25%"
"09.05.2012","20,39","20,30","20,39","20,19","314,51K","1,39%"
"08.05.2012","20,11","20,32","20,36","20,08","27,22K","-1,23%"
"07.05.2012","20,36","20,22","20,41","20,16","43,59K","-0,10%"
"04.05.2012","20,38","20,67","20,71","20,38","77,89K","-2,25%"
"03.05.2012","20,85","20,91","21,05","20,84","63,70K","0,00%"
"02.05.2012","20,85","20,78","20,86","20,73","130,42K","0,68%"
"30.04.2012","20,71","20,85","20,86","20,71","59,13K","-0,53%"
"27.04.2012","20,82","20,76","20,82","20,72","19,96K","0,97%"
"26.04.2012","20,62","20,64","20,69","20,58","63,88K","0,15%"
"25.04.2012","20,59","20,39","20,64","20,39","90,65K","1,98%"
"24.04.2012","20,19","20,33","20,40","19,92","179,94K","-0,20%"
"23.04.2012","20,23","20,32","20,41","20,23","42,10K","-1,75%"
"20.04.2012","20,59","20,61","20,65","20,56","12,99K","-1,10%"
"19.04.2012","20,82","20,85","20,89","20,76","42,96K","0,00%"
"18.04.2012","20,82","20,88","20,93","20,82","81,98K","0,19%"
"17.04.2012","20,78","20,45","20,79","20,45","43,84K","1,02%"
"16.04.2012","20,57","20,86","20,93","20,57","153,52K","-1,30%"
"13.04.2012","20,84","20,93","20,96","20,84","58,95K","-0,43%"
"12.04.2012","20,93","20,88","20,96","20,78","63,21K","0,14%"
"11.04.2012","20,90","20,80","20,92","20,76","172,70K","-0,52%"
"10.04.2012","21,01","21,05","21,11","21,01","25,00K","-1,13%"
"05.04.2012","21,25","21,01","21,25","21,01","131,59K","1,29%"
"04.04.2012","20,98","21,15","21,20","20,98","287,78K","-0,24%"
"03.04.2012","21,03","21,01","21,11","20,95","54,97K","0,29%"
"02.04.2012","20,97","20,86","20,97","20,76","31,97K","0,58%"
"30.03.2012","20,85","20,88","20,95","20,74","90,55K","-0,14%"
"29.03.2012","20,88","20,92","20,99","20,86","252,27K","-0,57%"
"28.03.2012","21,00","21,01","21,09","20,99","33,27K","-0,19%"
"27.03.2012","21,04","21,00","21,06","20,96","77,94K","0,91%"
"26.03.2012","20,85","20,80","20,88","20,78","34,46K","0,82%"
"23.03.2012","20,68","20,86","20,86","20,68","59,03K","-0,91%"
"22.03.2012","20,87","20,83","20,87","20,82","67,16K","-0,33%"
"21.03.2012","20,94","20,83","20,94","20,81","42,96K","1,16%"
"20.03.2012","20,70","20,76","20,78","20,65","230,28K","-0,34%"
"19.03.2012","20,77","20,80","20,80","20,68","141,47K","0,00%"
"16.03.2012","20,77","20,89","20,98","20,72","71,92K","-0,81%"
"15.03.2012","20,94","20,95","20,97","20,89","78,32K","0,14%"
"14.03.2012","20,91","20,83","20,94","20,76","327,10K","1,65%"
"13.03.2012","20,57","20,39","20,57","20,39","111,42K","1,63%"
"12.03.2012","20,24","20,32","20,36","20,24","87,40K","-0,54%"
"09.03.2012","20,35","20,09","20,36","20,06","96,24K","1,80%"
"08.03.2012","19,99","19,99","20,05","19,93","123,89K","0,00%"
"07.03.2012","19,99","19,90","20,00","19,90","224,41K","0,65%"
"06.03.2012","19,86","19,87","19,92","19,79","60,64K","-0,30%"
"05.03.2012","19,92","20,14","20,14","19,88","39,97K","-1,43%"
"02.03.2012","20,21","20,07","20,21","20,04","43,30K","1,46%"
"01.03.2012","19,92","19,82","19,97","19,81","83,50K","0,56%"
"29.02.2012","19,81","19,73","19,86","19,72","30,20K","0,76%"
"28.02.2012","19,66","19,60","19,72","19,57","16,40K","0,20%"
"27.02.2012","19,62","19,45","19,62","19,40","44,36K","0,67%"
"24.02.2012","19,49","19,64","19,64","19,46","178,11K","-0,81%"
"23.02.2012","19,65","19,62","19,65","19,53","20,54K","0,10%"
"22.02.2012","19,63","19,73","19,75","19,63","38,11K","-0,51%"
"21.02.2012","19,73","19,70","19,73","19,65","22,11K","0,10%"
"20.02.2012","19,71","19,80","19,81","19,69","51,44K","-0,15%"
"17.02.2012","19,74","19,87","19,90","19,72","26,79K","-0,10%"
"16.02.2012","19,76","19,72","19,84","19,72","30,78K","-1,15%"
"15.02.2012","19,99","19,82","20,02","19,81","125,48K","1,73%"
"14.02.2012","19,65","19,62","19,65","19,59","80,14K","0,67%"
"13.02.2012","19,52","19,46","19,55","19,46","57,48K","0,26%"
"10.02.2012","19,47","19,42","19,48","19,37","29,90K","0,52%"
"09.02.2012","19,37","19,30","19,39","19,28","106,45K","0,78%"
"08.02.2012","19,22","19,27","19,28","19,22","236,03K","-0,26%"
"07.02.2012","19,27","19,39","19,40","19,20","108,62K","-0,57%"
"06.02.2012","19,38","19,40","19,44","19,37","243,86K","-0,05%"
"03.02.2012","19,39","19,11","19,42","19,11","67,49K","1,47%"
"02.02.2012","19,11","19,07","19,16","19,05","232,56K","0,74%"
"01.02.2012","18,97","19,00","19,04","18,93","266,31K","0,26%"
"31.01.2012","18,92","18,93","18,97","18,87","86,00K","0,21%"
"30.01.2012","18,88","18,74","18,88","18,71","162,53K","0,53%"
"27.01.2012","18,78","18,89","18,91","18,78","10,63K","-0,37%"
"26.01.2012","18,85","18,88","18,95","18,85","33,16K","-1,00%"
"25.01.2012","19,04","19,02","19,09","18,99","89,12K","0,85%"
"24.01.2012","18,88","18,78","18,91","18,78","35,58K","0,27%"
"23.01.2012","18,83","18,96","18,99","18,83","8,53K","-0,53%"
"20.01.2012","18,93","18,92","18,99","18,92","96,97K","-0,73%"
"19.01.2012","19,07","19,02","19,10","18,95","22,31K","0,58%"
"18.01.2012","18,96","18,92","18,97","18,82","11,90K","-0,26%"
"17.01.2012","19,01","18,94","19,01","18,88","123,19K","0,26%"
"16.01.2012","18,96","18,86","18,98","18,84","7,60K","0,80%"
"13.01.2012","18,81","18,70","18,84","18,70","96,04K","0,97%"
"12.01.2012","18,63","18,77","18,83","18,59","71,11K","-1,01%"
"11.01.2012","18,82","18,65","18,82","18,63","107,36K","0,59%"
"10.01.2012","18,71","18,62","18,74","18,62","110,56K","0,81%"
"09.01.2012","18,56","18,62","18,70","18,53","81,98K","-0,38%"
"06.01.2012","18,63","18,48","18,63","18,45","105,62K","1,47%"
"05.01.2012","18,36","18,15","18,36","18,13","16,27K","1,49%"
"04.01.2012","18,09","17,94","18,09","17,94","31,94K","0,67%"
"03.01.2012","17,97","17,90","18,28","17,89","23,21K","-0,94%"
"02.01.2012","18,14","17,82","18,22","17,67","10,47K","1,97%"
"30.12.2011","17,79","17,81","17,81","17,76","1,38K","0,34%"
"29.12.2011","17,73","17,65","17,73","17,65","6,45K","0,28%"
"28.12.2011","17,68","17,60","17,70","17,60","46,30K","0,17%"
"27.12.2011","17,65","17,49","17,70","17,49","10,27K","0,34%"
"23.12.2011","17,59","17,53","17,59","17,47","45,75K","0,74%"
"22.12.2011","17,46","17,31","17,46","17,29","128,28K","1,16%"
"21.12.2011","17,26","17,52","17,52","17,25","75,63K","-1,26%"
"20.12.2011","17,48","17,20","17,48","17,20","6,81K","1,33%"
"19.12.2011","17,25","17,25","17,43","17,22","43,41K","-0,92%"
"16.12.2011","17,41","17,33","17,42","17,28","22,30K","0,87%"
"15.12.2011","17,26","17,30","17,40","17,25","74,14K","0,12%"
"14.12.2011","17,24","17,56","17,56","17,24","62,85K","-2,21%"
"13.12.2011","17,63","17,57","17,65","17,53","16,62K","1,26%"
"12.12.2011","17,41","17,49","17,54","17,33","27,64K","0,06%"
"09.12.2011","17,40","17,22","17,40","17,22","13,42K","-0,11%"
"08.12.2011","17,42","17,41","17,48","17,38","48,71K","0,11%"
"07.12.2011","17,40","17,54","17,55","17,25","116,27K","-0,23%"
"06.12.2011","17,44","17,47","17,57","17,44","89,40K","-0,17%"
"05.12.2011","17,47","17,39","17,50","17,35","284,25K","0,23%"
"02.12.2011","17,43","17,46","17,46","17,36","77,09K","1,51%"
"01.12.2011","17,17","17,17","17,17","17,12","15,00K","0,29%"
"30.11.2011","17,12","16,71","17,12","16,71","69,16K","1,72%"
"29.11.2011","16,83","16,84","16,86","16,79","74,69K","0,12%"
"28.11.2011","16,81","16,59","16,81","16,55","93,48K","1,94%"
"25.11.2011","16,49","16,31","16,53","16,25","36,77K","1,04%"
"24.11.2011","16,32","16,33","16,43","16,28","34,77K","-0,55%"
"23.11.2011","16,41","16,40","16,54","16,36","13,06K","0,18%"
"22.11.2011","16,38","16,46","16,52","16,38","1,12M","0,12%"
"21.11.2011","16,36","16,75","16,75","16,36","87,33K","-3,02%"
"18.11.2011","16,87","16,94","16,95","16,83","92,90K","-1,52%"
"17.11.2011","17,13","17,38","17,38","17,10","176,30K","-2,62%"
"16.11.2011","17,59","17,55","17,61","17,54","29,39K","1,03%"
"15.11.2011","17,41","17,30","17,41","17,25","8,59K","0,06%"
"14.11.2011","17,40","17,27","17,41","17,26","85,71K","1,10%"
"11.11.2011","17,21","17,12","17,23","17,12","4,31K","0,41%"
"10.11.2011","17,14","17,23","17,33","17,02","145,90K","-1,49%"
"09.11.2011","17,40","17,41","17,43","17,28","117,17K","0,64%"
"08.11.2011","17,29","17,32","17,49","17,29","76,79K","0,93%"
"07.11.2011","17,13","17,12","17,21","17,06","9,25K","-0,23%"
"04.11.2011","17,17","17,25","17,25","17,10","17,17K","0,12%"
"03.11.2011","17,15","16,84","17,19","16,84","7,02K","1,30%"
"02.11.2011","16,93","17,03","17,03","16,89","245,13K","0,18%"
"01.11.2011","16,90","17,04","17,07","16,90","28,09K","-1,40%"
"31.10.2011","17,14","17,08","17,17","17,03","66,19K","0,65%"
"28.10.2011","17,03","16,99","17,04","16,93","210,43K","1,01%"
"27.10.2011","16,86","17,00","17,08","16,85","133,38K","0,36%"
"26.10.2011","16,80","16,93","16,93","16,71","63,33K","-1,58%"
"25.10.2011","17,07","17,21","17,25","17,06","86,74K","-0,76%"
"24.10.2011","17,20","17,00","17,20","16,98","123,95K","1,42%"
"21.10.2011","16,96","16,90","16,96","16,90","10,90K","0,36%"
"20.10.2011","16,90","17,03","17,03","16,83","122,14K","-1,57%"
"19.10.2011","17,17","17,11","17,18","17,10","315,87K","0,00%"
"18.10.2011","17,17","17,05","17,17","17,05","19,16K","-0,35%"
"17.10.2011","17,23","17,30","17,35","17,20","22,58K","1,12%"
"14.10.2011","17,04","17,06","17,15","17,04","18,49K","0,59%"
"13.10.2011","16,94","16,81","16,97","16,81","155,02K","-0,12%"
"12.10.2011","16,96","16,93","16,98","16,88","71,66K","0,12%"
"11.10.2011","16,94","16,81","16,96","16,78","80,51K","1,50%"
"10.10.2011","16,69","16,66","16,75","16,52","155,04K","1,71%"
"07.10.2011","16,41","16,56","16,63","16,41","215,15K","-0,61%"
"06.10.2011","16,51","16,46","16,51","16,42","27,47K","1,16%"
"05.10.2011","16,32","16,06","16,32","15,95","34,71K","2,97%"
"04.10.2011","15,85","15,78","15,85","15,68","91,38K","-2,28%"
"03.10.2011","16,22","15,96","16,22","15,93","10,31K","-0,73%"
"30.09.2011","16,34","16,26","16,34","16,20","39,36K","-0,18%"
"29.09.2011","16,37","16,57","16,70","16,37","41,44K","-1,74%"
"28.09.2011","16,66","16,65","16,74","16,65","14,78K","-0,95%"
"27.09.2011","16,82","16,65","16,82","16,65","108,11K","2,56%"
"26.09.2011","16,40","16,37","16,62","16,37","10,57K","0,24%"
"23.09.2011","16,36","16,30","16,38","16,10","84,74K","-0,55%"
"22.09.2011","16,45","16,63","16,63","16,44","82,70K","-2,78%"
"21.09.2011","16,92","16,98","17,03","16,89","190,52K","-1,11%"
"20.09.2011","17,11","16,94","17,12","16,94","526,85K","1,60%"
"19.09.2011","16,84","16,74","16,84","16,70","14,10K","0,54%"
"16.09.2011","16,75","16,60","16,75","16,60","27,08K","1,70%"
"15.09.2011","16,47","16,47","16,55","16,42","113,48K","0,30%"
"14.09.2011","16,42","16,25","16,45","16,25","138,99K","1,61%"
"13.09.2011","16,16","16,18","16,20","16,02","29,22K","1,00%"
"12.09.2011","16,00","15,80","16,00","15,64","82,74K","-0,37%"
"09.09.2011","16,06","16,06","16,13","16,01","157,37K","-0,12%"
"08.09.2011","16,08","15,83","16,10","15,81","20,15K","2,03%"
"07.09.2011","15,76","15,61","15,76","15,60","31,61K","2,67%"
"06.09.2011","15,35","15,22","15,35","15,17","50,01K","1,05%"
"05.09.2011","15,19","15,31","15,31","15,12","236,75K","-1,68%"
"02.09.2011","15,45","15,62","15,62","15,36","132,59K","-2,46%"
"01.09.2011","15,84","15,78","15,90","15,74","76,12K","0,89%"
"31.08.2011","15,70","15,60","15,83","15,58","120,08K","0,96%"
"30.08.2011","15,55","15,36","15,55","15,36","94,67K","1,83%"
"29.08.2011","15,27","15,13","15,27","15,11","81,68K","1,94%"
"26.08.2011","14,98","14,76","14,98","14,58","69,87K","0,60%"
"25.08.2011","14,89","14,87","14,95","14,81","128,98K","0,47%"
"24.08.2011","14,82","14,67","14,90","14,67","283,94K","2,07%"
"23.08.2011","14,52","14,51","14,52","14,32","26,34K","1,40%"
"22.08.2011","14,32","14,31","14,54","14,31","117,46K","-1,10%"
"19.08.2011","14,48","14,50","14,52","14,35","189,23K","-1,16%"
"18.08.2011","14,65","15,05","15,05","14,59","163,01K","-3,87%"
"17.08.2011","15,24","15,30","15,34","15,24","254,13K","-0,72%"
"16.08.2011","15,35","15,32","15,36","15,21","109,71K","1,05%"
"15.08.2011","15,19","15,41","15,44","15,19","132,95K","-1,49%"
"12.08.2011","15,42","15,09","15,42","15,07","59,47K","2,19%"
"11.08.2011","15,09","14,96","15,14","14,72","99,83K","1,82%"
"10.08.2011","14,82","15,08","15,08","14,70","332,89K","-1,00%"
"09.08.2011","14,97","14,71","15,00","14,24","179,69K","-0,27%"
"08.08.2011","15,01","15,03","15,23","14,96","644,58K","-2,78%"
"05.08.2011","15,44","15,57","15,78","15,42","164,32K","-3,32%"
"04.08.2011","15,97","16,24","16,27","15,97","251,49K","-0,87%"
"03.08.2011","16,11","16,19","16,20","15,89","140,62K","-2,30%"
"02.08.2011","16,49","16,52","16,56","16,48","158,51K","-0,36%"
"01.08.2011","16,55","16,73","16,73","16,55","68,75K","-0,30%"
"29.07.2011","16,60","16,62","16,66","16,40","8,18K","-1,31%"
"28.07.2011","16,82","16,58","16,82","16,55","45,88K","0,54%"
"27.07.2011","16,73","16,80","16,85","16,60","76,79K","-0,65%"
"26.07.2011","16,84","16,85","16,90","16,83","57,22K","-0,77%"
"25.07.2011","16,97","16,84","16,97","16,84","4,45K","0,71%"
"22.07.2011","16,85","16,85","16,87","16,80","24,83K","0,30%"
"21.07.2011","16,80","16,79","16,87","16,75","81,09K","-0,77%"
"20.07.2011","16,93","17,04","17,07","16,93","46,92K","0,30%"
"19.07.2011","16,88","16,74","16,89","16,70","177,86K","1,20%"
"18.07.2011","16,68","16,76","16,76","16,67","28,13K","0,06%"
"15.07.2011","16,67","16,64","16,72","16,60","65,67K","0,12%"
"14.07.2011","16,65","16,62","16,70","16,60","169,05K","-1,13%"
"13.07.2011","16,84","16,90","16,91","16,84","87,28K","-0,47%"
"12.07.2011","16,92","16,98","17,00","16,91","207,37K","-0,18%"
"11.07.2011","16,95","16,96","17,03","16,95","28,43K","0,77%"
"08.07.2011","16,82","16,94","17,07","16,77","143,62K","-0,06%"
"07.07.2011","16,83","16,71","16,89","16,71","135,09K","1,20%"
"06.07.2011","16,63","16,56","16,64","16,56","24,30K","1,22%"
"05.07.2011","16,43","16,41","16,43","16,37","15,05K","0,31%"
"04.07.2011","16,38","16,30","16,40","16,30","80,55K","0,80%"
"01.07.2011","16,25","16,07","16,25","16,06","80,56K","1,06%"
"30.06.2011","16,08","15,92","16,08","15,92","22,50K","0,63%"
"29.06.2011","15,98","16,01","16,03","15,96","51,89K","0,50%"
"28.06.2011","15,90","15,81","15,90","15,81","14,84K","0,70%"
"27.06.2011","15,79","15,68","15,79","15,68","496,92K","-0,06%"
"24.06.2011","15,80","15,88","15,90","15,80","14,88K","0,45%"
"23.06.2011","15,73","15,66","15,73","15,66","37,01K","0,45%"
"22.06.2011","15,66","15,66","15,67","15,64","30,89K","-0,06%"
"21.06.2011","15,67","15,48","15,67","15,45","12,07K","1,62%"
"20.06.2011","15,42","15,44","15,45","15,38","16,49K","-0,32%"
"17.06.2011","15,47","15,60","15,61","15,47","95,91K","-1,53%"
"16.06.2011","15,71","15,68","15,73","15,68","17,28K","0,06%"
"15.06.2011","15,70","15,69","15,73","15,66","73,97K","0,38%"
"14.06.2011","15,64","15,60","15,66","15,57","91,47K","0,39%"
"13.06.2011","15,58","15,61","15,61","15,57","266,96K","-0,19%"
"10.06.2011","15,61","15,64","15,66","15,61","19,78K","-0,19%"
"09.06.2011","15,64","15,51","15,64","15,50","259,39K","0,32%"
"08.06.2011","15,59","15,57","15,60","15,50","230,23K","-0,13%"
"07.06.2011","15,61","15,66","15,70","15,61","139,94K","-1,27%"
"06.06.2011","15,81","15,72","15,81","15,70","84,02K","-0,75%"
"03.06.2011","15,93","16,11","16,14","15,93","45,29K","-1,67%"
"02.06.2011","16,20","16,20","16,21","16,19","2,77K","-1,16%"
"01.06.2011","16,39","16,52","16,56","16,39","7,75K","-0,43%"
"31.05.2011","16,46","16,42","16,46","16,42","89,57K","0,12%"
"30.05.2011","16,44","16,43","16,47","16,43","20,48K","-0,18%"
"27.05.2011","16,47","16,46","16,50","16,44","4,21K","-0,30%"
"26.05.2011","16,52","16,42","16,52","16,38","18,37K","0,36%"
"25.05.2011","16,46","16,45","16,53","16,42","35,23K","-0,06%"
"24.05.2011","16,47","16,55","16,58","16,47","19,98K","-0,60%"
"23.05.2011","16,57","16,68","16,72","16,53","253,28K","-0,66%"
"20.05.2011","16,68","16,60","16,72","16,60","104,19K","0,30%"
"19.05.2011","16,63","16,68","16,76","16,63","25,59K","0,42%"
"18.05.2011","16,56","16,56","16,57","16,51","188,55K","0,36%"
"17.05.2011","16,50","16,59","16,63","16,48","210,87K","-1,43%"
"16.05.2011","16,74","16,85","16,86","16,71","19,85K","-1,06%"
"13.05.2011","16,92","16,97","17,00","16,92","12,15K","0,12%"
"12.05.2011","16,90","16,83","16,90","16,83","114,40K","-0,12%"
"11.05.2011","16,92","16,86","16,92","16,86","18,53K","0,77%"
"10.05.2011","16,79","16,76","16,87","16,75","63,64K","0,00%"
"09.05.2011","16,79","16,66","16,79","16,66","17,68K","0,66%"
"06.05.2011","16,68","16,47","16,68","16,47","16,56K","1,46%"
"05.05.2011","16,44","16,14","16,44","16,13","38,75K","2,49%"
"04.05.2011","16,04","16,16","16,19","16,04","349,23K","-0,80%"
"03.05.2011","16,17","16,28","16,28","16,16","82,77K","-0,31%"
"02.05.2011","16,22","16,41","16,41","16,22","109,91K","-0,25%"
"29.04.2011","16,26","16,22","16,27","16,21","13,27K","-0,18%"
"28.04.2011","16,29","16,28","16,31","16,25","62,60K","-0,49%"
"27.04.2011","16,37","16,33","16,42","16,33","420,69K","-0,49%"
"26.04.2011","16,45","16,38","16,45","16,36","35,24K","0,67%"
"21.04.2011","16,34","16,32","16,38","16,28","103,50K","0,43%"
"20.04.2011","16,27","16,17","16,27","16,17","10,92K","1,50%"
"19.04.2011","16,03","16,11","16,14","16,03","33,57K","0,44%"
"18.04.2011","15,96","16,09","16,15","15,87","242,72K","-0,44%"
"15.04.2011","16,03","15,96","16,03","15,92","16,90K","0,69%"
"14.04.2011","15,92","15,96","16,01","15,92","105,65K","-0,62%"
"13.04.2011","16,02","15,92","16,05","15,92","87,79K","0,75%"
"12.04.2011","15,90","16,01","16,02","15,88","62,95K","-1,12%"
"11.04.2011","16,08","16,17","16,18","16,08","13,49K","-0,68%"
"08.04.2011","16,19","16,25","16,27","16,18","9,16K","-0,55%"
"07.04.2011","16,28","16,34","16,39","16,25","58,20K","0,00%"
"06.04.2011","16,28","16,39","16,49","16,28","266,60K","-1,21%"
"05.04.2011","16,48","16,47","16,53","16,40","42,98K","-0,06%"
"04.04.2011","16,49","16,51","16,59","16,42","75,01K","-1,14%"
"01.04.2011","16,68","16,61","16,74","16,61","29,70K","1,28%"
"31.03.2011","16,47","16,54","16,54","16,47","17,47K","-0,72%"
"30.03.2011","16,59","16,65","16,68","16,59","62,63K","0,48%"
"29.03.2011","16,51","16,41","16,51","16,34","55,90K","0,24%"
"28.03.2011","16,47","16,57","16,62","16,47","183,81K","-0,54%"
"25.03.2011","16,56","16,44","16,56","16,39","22,48K","1,85%"
"24.03.2011","16,26","16,18","16,29","16,15","619,35K","1,31%"
"23.03.2011","16,05","15,92","16,05","15,86","200,57K","0,56%"
"22.03.2011","15,96","15,91","15,98","15,88","85,10K","-0,19%"
"21.03.2011","15,99","15,88","16,06","15,88","116,82K","1,40%"
"18.03.2011","15,77","15,98","16,01","15,72","21,49K","-1,50%"
"17.03.2011","16,01","15,95","16,08","15,87","139,90K","0,19%"
"16.03.2011","15,98","16,22","16,23","15,91","389,39K","-1,11%"
"15.03.2011","16,16","16,22","16,27","16,00","680,64K","-0,98%"
"14.03.2011","16,32","16,46","16,52","16,31","520,72K","-1,39%"
"11.03.2011","16,55","16,48","16,63","16,45","224,74K","-0,42%"
"10.03.2011","16,62","16,66","16,71","16,52","235,07K","-0,54%"
"09.03.2011","16,71","16,80","16,87","16,64","195,13K","-1,07%"
"08.03.2011","16,89","16,78","16,89","16,73","146,75K","1,14%"
"07.03.2011","16,70","16,90","16,97","16,67","155,71K","-1,59%"
"04.03.2011","16,97","17,05","17,07","16,92","187,12K","-0,35%"
"03.03.2011","17,03","16,89","17,03","16,85","23,74K","1,13%"
"02.03.2011","16,84","16,82","16,88","16,73","83,99K","-0,77%"
"01.03.2011","16,97","17,16","17,19","16,93","100,30K","-0,64%"
"28.02.2011","17,08","17,06","17,13","16,98","115,67K","-0,06%"
"25.02.2011","17,09","16,83","17,13","16,83","129,61K","1,91%"
"24.02.2011","16,77","16,70","16,82","16,62","311,94K","-0,12%"
"23.02.2011","16,79","17,00","17,06","16,79","13,45K","-2,61%"
"22.02.2011","17,24","17,42","17,43","17,20","201,48K","-0,69%"
"21.02.2011","17,36","17,53","17,53","17,34","215,60K","-1,42%"
"18.02.2011","17,61","17,69","17,72","17,59","132,12K","-0,28%"
"17.02.2011","17,66","17,68","17,73","17,62","45,12K","-0,39%"
"16.02.2011","17,73","17,68","17,84","17,67","34,82K","0,34%"
"15.02.2011","17,67","17,71","17,71","17,60","36,83K","-0,34%"
"14.02.2011","17,73","17,63","17,75","17,61","83,08K","1,14%"
"11.02.2011","17,53","17,38","17,54","17,38","15,61K","0,81%"
"10.02.2011","17,39","17,23","17,41","17,20","23,13K","0,69%"
"09.02.2011","17,27","17,35","17,35","17,27","18,79K","0,17%"
"08.02.2011","17,24","17,27","17,32","17,20","22,61K","-1,15%"
"07.02.2011","17,44","17,25","17,44","17,23","82,54K","1,63%"
"04.02.2011","17,16","17,10","17,20","17,07","49,88K","0,88%"
"03.02.2011","17,01","16,85","17,02","16,81","59,24K","0,71%"
"02.02.2011","16,89","16,84","16,89","16,81","119,02K","0,30%"
"01.02.2011","16,84","16,73","16,85","16,68","37,13K","1,14%"
"31.01.2011","16,65","16,74","16,74","16,49","204,47K","-0,95%"
"28.01.2011","16,81","16,99","17,07","16,81","145,78K","-0,77%"
"27.01.2011","16,94","16,99","17,01","16,92","24,53K","0,00%"
"26.01.2011","16,94","16,89","17,00","16,87","93,80K","0,47%"
"25.01.2011","16,86","16,85","16,92","16,81","699,28K","0,54%"
"24.01.2011","16,77","16,80","16,80","16,68","109,06K","-0,53%"
"21.01.2011","16,86","16,89","17,04","16,85","37,93K","-0,53%"
"20.01.2011","16,95","17,10","17,12","16,95","124,82K","-1,40%"
"19.01.2011","17,19","17,38","17,39","17,19","149,39K","-0,75%"
"18.01.2011","17,32","17,29","17,35","17,21","509,35K","0,41%"
"17.01.2011","17,25","17,48","17,53","17,25","372,62K","-0,75%"
"14.01.2011","17,38","17,28","17,38","17,22","133,61K","0,35%"
"13.01.2011","17,32","17,63","17,63","17,31","270,38K","-1,98%"
"12.01.2011","17,67","17,65","17,79","17,62","978,55K","-0,11%"
"11.01.2011","17,69","17,75","17,79","17,69","50,46K","0,57%"
"10.01.2011","17,59","17,64","17,65","17,59","68,01K","0,11%"
"07.01.2011","17,57","17,57","17,65","17,54","24,19K","0,29%"
"06.01.2011","17,52","17,34","17,52","17,34","79,95K","1,45%"
"05.01.2011","17,27","16,96","17,27","16,88","20,74K","2,13%"
"04.01.2011","16,91","16,92","16,95","16,86","66,69K","-0,47%"
"03.01.2011","16,99","16,84","17,05","16,80","144,69K","0,95%"
"30.12.2010","16,83","16,92","16,92","16,83","2,98K","-1,06%"
"29.12.2010","17,01","17,01","17,06","17,01","11,08K","-0,06%"
"28.12.2010","17,02","16,92","17,02","16,89","317,19K","0,89%"
"27.12.2010","16,87","16,99","17,25","16,84","271,32K","-1,00%"
"23.12.2010","17,04","17,10","17,13","17,02","17,61K","-0,29%"
"22.12.2010","17,09","17,04","17,12","17,00","67,24K","0,41%"
"21.12.2010","17,02","16,94","17,03","16,94","75,06K","0,59%"
"20.12.2010","16,92","16,81","16,95","16,81","55,50K","-0,06%"
"17.12.2010","16,93","16,70","16,93","16,64","60,19K","0,53%"
"16.12.2010","16,84","16,69","16,84","16,66","282,09K","1,08%"
"15.12.2010","16,66","16,62","16,72","16,56","78,58K","0,42%"
"14.12.2010","16,59","16,50","16,60","16,45","144,05K","-0,24%"
"13.12.2010","16,63","16,80","16,82","16,62","129,82K","-0,48%"
"10.12.2010","16,71","16,65","16,74","16,63","24,22K","0,06%"
"09.12.2010","16,70","16,66","16,76","16,66","69,73K","0,66%"
"08.12.2010","16,59","16,61","16,64","16,57","146,58K","0,24%"
"07.12.2010","16,55","16,48","16,59","16,44","269,27K","0,30%"
"06.12.2010","16,50","16,41","16,54","16,40","27,27K","0,98%"
"03.12.2010","16,34","16,57","16,58","16,29","81,72K","-0,91%"
"02.12.2010","16,49","16,49","16,57","16,44","24,96K","-0,66%"
"01.12.2010","16,60","16,31","16,61","16,31","76,82K","1,97%"
"30.11.2010","16,28","16,39","16,50","16,28","117,99K","0,25%"
"29.11.2010","16,24","16,29","16,38","16,24","233,72K","-0,49%"
"26.11.2010","16,32","16,25","16,33","16,17","43,12K","0,80%"
"25.11.2010","16,19","16,20","16,25","16,17","26,56K","0,06%"
"24.11.2010","16,18","15,87","16,18","15,87","249,85K","2,60%"
"23.11.2010","15,77","15,82","15,88","15,77","82,86K","0,25%"
"22.11.2010","15,73","15,67","15,78","15,62","75,93K","0,51%"
"19.11.2010","15,65","15,63","15,65","15,55","66,74K","-0,63%"
"18.11.2010","15,75","15,59","15,78","15,57","120,65K","1,03%"
"17.11.2010","15,59","15,55","15,59","15,54","73,60K","0,45%"
"16.11.2010","15,52","15,59","15,61","15,51","108,21K","-1,40%"
"15.11.2010","15,74","15,66","15,80","15,66","104,84K","0,38%"
"12.11.2010","15,68","15,79","15,82","15,68","41,50K","-0,95%"
"11.11.2010","15,83","15,76","15,85","15,67","58,84K","-0,31%"
"10.11.2010","15,88","15,83","15,88","15,82","44,68K","0,51%"
"09.11.2010","15,80","15,77","15,80","15,75","21,08K","0,38%"
"08.11.2010","15,74","15,65","15,75","15,65","35,94K","1,16%"
"05.11.2010","15,56","15,41","15,63","15,38","93,64K","1,10%"
"04.11.2010","15,39","15,33","15,40","15,30","78,61K","0,65%"
"03.11.2010","15,29","15,36","15,38","15,29","20,98K","-0,13%"
"02.11.2010","15,31","15,34","15,34","15,30","60,03K","-0,33%"
"01.11.2010","15,36","15,31","15,36","15,27","13,57K","0,26%"
"29.10.2010","15,32","15,35","15,36","15,32","41,60K","0,46%"
"28.10.2010","15,25","15,40","15,44","15,25","45,35K","-0,39%"
"27.10.2010","15,31","15,32","15,32","15,29","26,39K","0,20%"
"26.10.2010","15,28","15,14","15,28","15,12","20,54K","0,79%"
"25.10.2010","15,16","15,06","15,17","15,06","7,26K","0,40%"
"22.10.2010","15,10","14,99","15,10","14,98","13,25K","0,53%"
"21.10.2010","15,02","14,99","15,02","14,94","27,60K","0,07%"
"20.10.2010","15,01","15,05","15,07","14,99","18,43K","-0,46%"
"19.10.2010","15,08","14,95","15,10","14,91","43,79K","0,47%"
"18.10.2010","15,01","15,08","15,12","15,01","38,54K","1,01%"
"15.10.2010","14,86","14,74","14,86","14,69","11,78K","1,50%"
"14.10.2010","14,64","14,68","14,69","14,63","41,42K","-0,88%"
"13.10.2010","14,77","14,65","14,79","14,64","43,15K","0,41%"
"12.10.2010","14,71","14,60","14,71","14,58","27,81K","0,48%"
"11.10.2010","14,64","14,54","14,64","14,53","9,31K","0,48%"
"08.10.2010","14,57","14,47","14,57","14,47","25,75K","0,69%"
"07.10.2010","14,47","14,37","14,48","14,34","90,24K","0,00%"
"06.10.2010","14,47","14,62","14,64","14,47","191,51K","-0,75%"
"05.10.2010","14,58","14,46","14,60","14,41","179,72K","1,25%"
"04.10.2010","14,40","14,51","14,57","14,39","64,17K","-0,76%"
"01.10.2010","14,51","14,70","14,71","14,50","71,97K","-0,96%"
"30.09.2010","14,65","14,77","14,80","14,65","90,66K","-0,75%"
"29.09.2010","14,76","14,81","14,85","14,76","24,14K","-0,54%"
"28.09.2010","14,84","15,00","15,00","14,68","161,42K","-0,80%"
"27.09.2010","14,96","15,03","15,04","14,96","7,79K","-0,13%"
"24.09.2010","14,98","14,96","14,99","14,85","6,28K","-0,20%"
"23.09.2010","15,01","14,87","15,01","14,75","42,06K","1,62%"
"22.09.2010","14,77","14,97","14,97","14,73","42,50K","-2,38%"
"21.09.2010","15,13","15,17","15,18","15,13","49,35K","0,00%"
"20.09.2010","15,13","14,96","15,15","14,96","9,53K","1,07%"
"17.09.2010","14,97","15,01","15,02","14,93","39,29K","1,08%"
"16.09.2010","14,81","14,92","14,92","14,81","17,52K","-0,34%"
"15.09.2010","14,86","14,89","14,89","14,80","33,86K","-0,13%"
"14.09.2010","14,88","14,89","14,93","14,85","26,62K","-0,33%"
"13.09.2010","14,93","14,91","14,96","14,85","127,22K","0,61%"
"10.09.2010","14,84","14,87","14,89","14,84","21,24K","-0,40%"
"09.09.2010","14,90","14,78","14,90","14,78","40,01K","0,95%"
"08.09.2010","14,76","14,64","14,76","14,64","2,46K","0,75%"
"07.09.2010","14,65","14,55","14,66","14,55","24,47K","0,90%"
"06.09.2010","14,52","14,51","14,58","14,49","28,35K","0,62%"
"03.09.2010","14,43","14,32","14,49","14,32","24,26K","1,12%"
"02.09.2010","14,27","14,20","14,27","14,17","18,74K","0,14%"
"01.09.2010","14,25","14,01","14,25","13,95","126,88K","2,08%"
"31.08.2010","13,96","13,87","13,96","13,82","74,19K","-1,06%"
"30.08.2010","14,11","14,13","14,13","14,11","7,87K","0,86%"
"27.08.2010","13,99","13,89","14,03","13,74","86,90K","-0,57%"
"26.08.2010","14,07","14,10","14,15","14,00","199,37K","0,14%"
"25.08.2010","14,05","14,00","14,05","13,90","68,24K","-0,57%"
"24.08.2010","14,13","14,24","14,25","13,97","79,83K","-1,33%"
"23.08.2010","14,32","14,40","14,49","14,32","97,10K","0,14%"
"20.08.2010","14,30","14,23","14,36","14,22","291,95K","1,06%"
"19.08.2010","14,15","14,37","14,38","14,15","21,55K","-1,39%"
"18.08.2010","14,35","14,33","14,38","14,25","69,96K","-0,28%"
"17.08.2010","14,39","14,22","14,39","14,21","22,98K","1,12%"
"16.08.2010","14,23","14,25","14,25","14,07","58,58K","-0,21%"
"13.08.2010","14,26","14,28","14,29","14,21","42,12K","0,07%"
"12.08.2010","14,25","14,21","14,29","14,18","17,85K","-0,42%"
"11.08.2010","14,31","14,38","14,39","14,27","178,27K","-1,11%"
"10.08.2010","14,47","14,48","14,50","14,39","100,95K","0,21%"
"09.08.2010","14,44","14,39","14,44","14,36","29,73K","2,05%"
"06.08.2010","14,15","14,46","14,48","14,12","227,84K","-2,01%"
"05.08.2010","14,44","14,51","14,51","14,44","66,68K","-0,21%"
"04.08.2010","14,47","14,28","14,47","14,23","284,77K","0,98%"
"03.08.2010","14,33","14,36","14,36","14,24","43,89K","-0,49%"
"02.08.2010","14,40","14,31","14,42","14,31","63,04K","1,12%"
"30.07.2010","14,24","14,21","14,24","14,12","142,06K","0,71%"
"29.07.2010","14,14","14,39","14,43","14,14","190,99K","-2,08%"
"28.07.2010","14,44","14,53","14,57","14,44","519,73K","-0,55%"
"27.07.2010","14,52","14,54","14,61","14,51","67,02K","0,00%"
"26.07.2010","14,52","14,52","14,53","14,45","24,27K","0,41%"
"23.07.2010","14,46","14,40","14,50","14,37","27,44K","0,14%"
"22.07.2010","14,44","14,29","14,44","14,25","40,83K","0,98%"
"21.07.2010","14,30","14,34","14,52","14,30","23,76K","2,22%"
"20.07.2010","13,99","13,94","13,99","13,89","105,16K","0,36%"
"19.07.2010","13,94","13,99","14,01","13,92","57,20K","-1,06%"
"16.07.2010","14,09","14,32","14,32","14,07","227,80K","-1,12%"
"15.07.2010","14,25","14,56","14,56","14,21","86,30K","-2,20%"
"14.07.2010","14,57","14,66","14,67","14,53","53,97K","0,55%"
"13.07.2010","14,49","14,52","14,61","14,48","46,88K","0,56%"
"12.07.2010","14,41","14,36","14,55","14,34","109,47K","0,98%"
"09.07.2010","14,27","14,15","14,27","14,15","90,84K","0,99%"
"08.07.2010","14,13","14,10","14,18","14,10","101,95K","1,29%"
"07.07.2010","13,95","13,78","13,95","13,71","109,16K","0,50%"
"06.07.2010","13,88","13,76","13,95","13,76","60,72K","1,17%"
"05.07.2010","13,72","13,79","13,79","13,72","33,16K","0,15%"
"02.07.2010","13,70","13,89","13,89","13,70","46,51K","-0,72%"
"01.07.2010","13,80","14,20","14,20","13,69","18,74K","-4,37%"
"30.06.2010","14,43","14,46","14,49","14,37","55,03K","-1,10%"
"29.06.2010","14,59","14,84","14,85","14,56","411,36K","-2,67%"
"28.06.2010","14,99","14,90","14,99","14,82","117,70K","0,47%"
"25.06.2010","14,92","15,00","15,04","14,92","8,88K","-0,47%"
"24.06.2010","14,99","15,15","15,15","14,99","12,10K","-1,83%"
"23.06.2010","15,27","15,34","15,39","15,21","72,10K","-1,67%"
"22.06.2010","15,53","15,45","15,53","15,40","55,13K","0,06%"
"21.06.2010","15,52","15,55","15,66","15,52","22,57K","0,06%"
"18.06.2010","15,51","15,40","15,51","15,40","4,40K","0,71%"
"17.06.2010","15,40","15,50","15,50","15,39","18,44K","-0,13%"
"16.06.2010","15,42","15,34","15,42","15,32","6,89K","1,51%"
"15.06.2010","15,19","15,18","15,21","15,10","20,18K","-0,39%"
"14.06.2010","15,25","15,24","15,31","15,19","115,27K","0,53%"
"11.06.2010","15,17","15,06","15,18","14,98","34,23K","1,20%"
"10.06.2010","14,99","14,90","15,00","14,87","103,56K","-0,86%"
"09.06.2010","15,12","14,98","15,12","14,95","48,32K","1,00%"
"08.06.2010","14,97","15,17","15,18","14,97","45,95K","-1,90%"
"07.06.2010","15,26","15,30","15,42","15,24","46,21K","-1,74%"
"04.06.2010","15,53","15,55","15,62","15,50","115,82K","0,19%"
"03.06.2010","15,50","15,29","15,50","15,29","217,10K","1,91%"
"02.06.2010","15,21","15,09","15,21","15,07","296,54K","0,20%"
"01.06.2010","15,18","15,15","15,27","15,04","97,15K","0,07%"
"31.05.2010","15,17","15,14","15,18","15,14","14,33K","1,07%"
"28.05.2010","15,01","15,11","15,11","15,01","24,17K","0,13%"
"27.05.2010","14,99","14,85","15,02","14,84","207,22K","-0,07%"
"26.05.2010","15,00","14,80","15,08","14,80","339,76K","3,31%"
"25.05.2010","14,52","14,44","14,57","14,42","223,86K","-1,83%"
"24.05.2010","14,79","14,57","14,79","14,55","26,41K","1,72%"
"21.05.2010","14,54","14,45","14,54","14,16","235,34K","-1,56%"
"20.05.2010","14,77","15,07","15,10","14,70","299,62K","-2,38%"
"19.05.2010","15,13","15,43","15,47","15,10","293,86K","-2,01%"
"18.05.2010","15,44","15,55","15,55","15,39","256,67K","0,26%"
"17.05.2010","15,40","15,44","15,56","15,40","51,78K","0,59%"
"14.05.2010","15,31","15,55","15,57","15,31","118,29K","-2,36%"
"13.05.2010","15,68","15,64","15,71","15,64","10,93K","0,84%"
"12.05.2010","15,55","15,27","15,55","15,26","113,32K","1,30%"
"11.05.2010","15,35","15,13","15,35","15,10","32,33K","1,79%"
"10.05.2010","15,08","14,71","15,08","14,71","156,97K","3,01%"
"07.05.2010","14,64","14,94","14,97","14,13","583,86K","-4,13%"
"06.05.2010","15,27","15,35","15,41","15,27","460,59K","0,07%"
"05.05.2010","15,26","15,22","15,26","15,12","276,82K","0,99%"
"04.05.2010","15,11","15,39","15,41","15,05","368,62K","-1,56%"
"03.05.2010","15,35","15,19","15,35","15,15","12,34K","0,52%"
"30.04.2010","15,27","15,38","15,42","15,25","129,89K","-0,78%"
"29.04.2010","15,39","15,23","15,41","15,22","563,56K","0,46%"
"28.04.2010","15,32","15,27","15,32","15,16","1,07M","0,59%"
"27.04.2010","15,23","15,35","15,41","15,23","300,21K","-1,17%"
"26.04.2010","15,41","15,41","15,48","15,41","190,01K","0,85%"
"23.04.2010","15,28","15,37","15,46","15,28","322,66K","0,66%"
"22.04.2010","15,18","15,14","15,24","15,13","255,80K","0,20%"
"21.04.2010","15,15","15,18","15,22","15,15","121,76K","0,66%"
"20.04.2010","15,05","14,99","15,05","14,95","216,05K","1,01%"
"19.04.2010","14,90","14,93","14,99","14,90","331,55K","-0,47%"
"16.04.2010","14,97","15,04","15,07","14,97","795,77K","-0,47%"
"15.04.2010","15,04","14,92","15,04","14,90","109,87K","1,62%"
"14.04.2010","14,80","14,80","14,85","14,78","172,59K","0,54%"
"13.04.2010","14,72","14,66","14,74","14,63","117,71K","0,07%"
"12.04.2010","14,71","14,69","14,72","14,66","265,85K","-0,34%"
"09.04.2010","14,76","14,84","14,88","14,73","383,26K","-0,20%"
"08.04.2010","14,79","14,86","14,87","14,76","140,08K","-0,54%"
"07.04.2010","14,87","14,81","14,88","14,79","413,94K","0,47%"
"06.04.2010","14,80","14,69","14,80","14,69","208,67K","1,79%"
"01.04.2010","14,54","14,62","14,69","14,51","411,25K","-0,21%"
"31.03.2010","14,57","14,67","14,67","14,55","117,20K","-0,41%"
"30.03.2010","14,63","14,59","14,70","14,59","271,60K","0,00%"
"29.03.2010","14,63","14,58","14,65","14,56","392,66K","0,14%"
"26.03.2010","14,61","14,69","14,69","14,61","337,62K","-1,28%"
"25.03.2010","14,80","14,72","14,84","14,69","149,17K","0,82%"
"24.03.2010","14,68","14,61","14,70","14,61","124,77K","1,59%"
"23.03.2010","14,45","14,46","14,50","14,41","102,03K","0,56%"
"22.03.2010","14,37","14,28","14,42","14,24","178,68K","0,42%"
"19.03.2010","14,31","14,31","14,42","14,30","263,53K","0,35%"
"18.03.2010","14,26","14,18","14,30","14,13","53,56K","0,85%"
"17.03.2010","14,14","14,07","14,16","14,05","85,98K","0,64%"
"16.03.2010","14,05","14,05","14,08","14,05","197,57K","0,43%"
"15.03.2010","13,99","14,02","14,03","13,99","305,67K","-0,07%"
"12.03.2010","14,00","14,05","14,07","13,99","111,73K","-0,28%"
"11.03.2010","14,04","14,07","14,08","13,99","244,74K","-0,21%"
"10.03.2010","14,07","14,05","14,07","14,03","81,32K","0,07%"
"09.03.2010","14,06","13,90","14,06","13,88","74,93K","1,15%"
"08.03.2010","13,90","13,81","13,90","13,80","19,01K","0,29%"
"05.03.2010","13,86","13,74","13,88","13,70","271,81K","1,39%"
"04.03.2010","13,67","13,54","13,67","13,53","125,88K","0,66%"
"03.03.2010","13,58","13,64","13,64","13,57","268,97K","-0,95%"
"02.03.2010","13,71","13,67","13,73","13,65","103,30K","0,51%"
"01.03.2010","13,64","13,46","13,69","13,43","209,49K","2,17%"
"26.02.2010","13,35","13,38","13,39","13,35","136,15K","0,60%"
"25.02.2010","13,27","13,40","13,42","13,21","108,92K","-0,82%"
"24.02.2010","13,38","13,30","13,38","13,30","83,27K","0,75%"
"23.02.2010","13,28","13,38","13,41","13,28","308,23K","-0,67%"
"22.02.2010","13,37","13,45","13,47","13,35","761,14K","-1,11%"
"19.02.2010","13,52","13,38","13,52","13,38","117,14K","1,12%"
"18.02.2010","13,37","13,36","13,39","13,33","31,01K","0,91%"
"17.02.2010","13,25","13,13","13,25","13,12","148,25K","1,15%"
"16.02.2010","13,10","13,16","13,17","13,10","152,48K","0,15%"
"15.02.2010","13,08","13,12","13,14","13,08","178,80K","0,77%"
"12.02.2010","12,98","13,03","13,05","12,93","211,21K","0,23%"
"11.02.2010","12,95","12,75","12,95","12,75","235,52K","1,57%"
"10.02.2010","12,75","12,74","12,78","12,73","182,79K","0,08%"
"09.02.2010","12,74","12,74","12,78","12,74","315,42K","-0,39%"
"08.02.2010","12,79","12,81","12,81","12,74","129,77K","0,55%"
"05.02.2010","12,72","12,72","12,76","12,64","636,78K","0,08%"
"04.02.2010","12,71","12,86","12,87","12,68","237,71K","-0,55%"
"03.02.2010","12,78","12,71","12,78","12,65","69,25K","0,95%"
"02.02.2010","12,66","12,61","12,66","12,57","83,67K","0,48%"
"01.02.2010","12,60","12,58","12,61","12,54","59,98K","-0,71%"
"29.01.2010","12,69","12,77","12,85","12,68","331,15K","0,24%"
"28.01.2010","12,66","12,96","12,98","12,66","140,48K","-1,40%"
"27.01.2010","12,84","12,79","12,87","12,77","340,08K","-0,31%"
"26.01.2010","12,88","12,72","12,89","12,71","55,26K","1,34%"
"25.01.2010","12,71","12,75","12,81","12,71","287,86K","-2,16%"
"22.01.2010","12,99","13,08","13,09","12,96","182,22K","-1,52%"
"21.01.2010","13,19","13,31","13,31","13,19","116,41K","0,08%"
"20.01.2010","13,18","13,29","13,33","13,18","108,34K","-0,68%"
"19.01.2010","13,27","13,02","13,27","13,00","261,26K","1,92%"
"18.01.2010","13,02","13,00","13,02","12,97","425,71K","0,08%"
"15.01.2010","13,01","13,12","13,14","13,01","80,00K","-0,08%"
"14.01.2010","13,02","13,01","13,05","13,00","16,10K","0,93%"
"13.01.2010","12,90","12,88","12,92","12,84","29,05K","0,23%"
"12.01.2010","12,87","13,00","13,00","12,87","78,96K","-0,54%"
"11.01.2010","12,94","13,10","13,11","12,94","199,88K","-1,82%"
"08.01.2010","13,18","13,14","13,19","13,01","191,28K","0,61%"
"07.01.2010","13,10","13,07","13,13","13,05","77,44K","-0,08%"
"06.01.2010","13,11","13,12","13,18","13,10","81,92K","0,15%"
"05.01.2010","13,09","13,10","13,13","13,06","101,62K","-0,08%"
"04.01.2010","13,10","13,13","13,13","13,04","147,18K","0,46%"
"30.12.2009","13,04","13,05","13,07","13,00","13,86K","-0,23%"
"29.12.2009","13,07","13,03","13,07","13,02","34,25K","0,08%"
"28.12.2009","13,06","13,06","13,08","13,01","13,19K","1,16%"
"23.12.2009","12,91","12,95","13,00","12,91","13,79K","0,16%"
"22.12.2009","12,89","12,82","12,92","12,81","435,51K","0,55%"
"21.12.2009","12,82","12,67","12,84","12,66","141,66K","2,07%"
"18.12.2009","12,56","12,45","12,57","12,45","115,75K","0,72%"
"17.12.2009","12,47","12,50","12,52","12,43","128,77K","0,24%"
"16.12.2009","12,44","12,40","12,45","12,40","11,83K","-0,32%"
"15.12.2009","12,48","12,43","12,48","12,40","5,29K","1,13%"
"14.12.2009","12,34","12,35","12,37","12,30","11,75K","0,57%"
"11.12.2009","12,27","12,30","12,36","12,27","62,17K","-0,16%"
"10.12.2009","12,29","12,18","12,29","12,18","28,83K","1,74%"
"09.12.2009","12,08","12,06","12,09","12,04","28,86K","-0,17%"
"08.12.2009","12,10","12,07","12,10","11,97","69,28K","0,00%"
"07.12.2009","12,10","12,06","12,13","12,06","19,30K","0,33%"
"04.12.2009","12,06","11,83","12,16","11,83","125,47K","1,01%"
"03.12.2009","11,94","11,93","11,97","11,88","92,32K","-0,17%"
"02.12.2009","11,96","11,89","11,96","11,86","15,08K","0,59%"
"01.12.2009","11,89","11,84","11,89","11,81","16,73K","1,54%"
"30.11.2009","11,71","11,80","11,80","11,70","55,79K","-1,35%"
"27.11.2009","11,87","11,64","11,89","11,64","202,43K","1,45%"
"26.11.2009","11,70","11,83","11,83","11,70","193,40K","-1,85%"
"25.11.2009","11,92","11,97","11,99","11,92","170,45K","-0,17%"
"24.11.2009","11,94","11,97","12,02","11,93","73,40K","-0,42%"
"23.11.2009","11,99","11,88","12,01","11,88","14,42K","1,18%"
"20.11.2009","11,85","11,91","11,94","11,85","163,47K","-0,25%"
"19.11.2009","11,88","12,06","12,06","11,88","69,51K","-1,08%"
"18.11.2009","12,01","12,15","12,15","12,01","72,17K","-1,15%"
"17.11.2009","12,15","12,04","12,17","12,04","75,75K","0,33%"
"16.11.2009","12,11","12,03","12,11","12,00","45,11K","0,83%"
"13.11.2009","12,01","11,97","12,01","11,95","307,19K","0,25%"
"12.11.2009","11,98","11,91","12,02","11,89","143,48K","0,76%"
"11.11.2009","11,89","11,84","11,91","11,84","70,38K","0,51%"
"10.11.2009","11,83","11,76","11,83","11,76","35,93K","0,94%"
"09.11.2009","11,72","11,61","11,73","11,61","265,76K","0,86%"
"06.11.2009","11,62","11,58","11,66","11,52","487,39K","0,43%"
"05.11.2009","11,57","11,35","11,57","11,28","159,69K","1,14%"
"04.11.2009","11,44","11,42","11,44","11,39","107,29K","0,79%"
"03.11.2009","11,35","11,30","11,39","11,27","163,40K","0,27%"
"02.11.2009","11,32","11,33","11,35","11,30","173,88K","-0,53%"
"30.10.2009","11,38","11,52","11,57","11,38","552,87K","-1,22%"
"29.10.2009","11,52","11,43","11,52","11,42","522,75K","0,26%"
"28.10.2009","11,49","11,58","11,62","11,45","244,56K","-1,96%"
"27.10.2009","11,72","11,75","11,78","11,63","383,42K","0,09%"
"26.10.2009","11,71","11,72","11,75","11,70","81,77K","0,09%"
"23.10.2009","11,70","11,78","11,82","11,70","187,31K","0,34%"
"22.10.2009","11,66","11,68","11,70","11,64","370,85K","-1,35%"
"21.10.2009","11,82","11,81","11,85","11,73","60,31K","0,25%"
"20.10.2009","11,79","11,83","11,83","11,76","143,68K","0,34%"
"19.10.2009","11,75","11,70","11,75","11,66","8,78K","1,03%"
"16.10.2009","11,63","11,79","11,80","11,62","586,44K","-0,43%"
"15.10.2009","11,68","11,70","11,76","11,68","364,00K","-0,60%"
"14.10.2009","11,75","11,76","11,78","11,70","405,93K","0,51%"
"13.10.2009","11,69","11,72","11,73","11,65","473,28K","-0,68%"
"12.10.2009","11,77","11,75","11,80","11,75","34,86K","1,03%"
"09.10.2009","11,65","11,67","11,67","11,60","12,26K","-0,17%"
"08.10.2009","11,67","11,69","11,69","11,64","409,25K","0,34%"
"07.10.2009","11,63","11,60","11,63","11,59","65,61K","1,04%"
"06.10.2009","11,51","11,45","11,51","11,45","29,36K","0,61%"
"05.10.2009","11,44","11,43","11,49","11,42","31,48K","0,26%"
"02.10.2009","11,41","11,48","11,48","11,41","282,40K","-1,89%"
"01.10.2009","11,63","11,77","11,78","11,62","53,42K","-0,26%"
"30.09.2009","11,66","11,79","11,82","11,63","267,74K","-1,52%"
"29.09.2009","11,84","11,80","11,86","11,80","31,69K","0,42%"
"28.09.2009","11,79","11,61","11,79","11,61","21,14K","1,73%"
"25.09.2009","11,59","11,62","11,64","11,58","92,34K","-0,43%"
"24.09.2009","11,64","11,67","11,75","11,58","66,55K","-1,27%"
"23.09.2009","11,79","11,73","11,80","11,73","37,78K","0,34%"
"22.09.2009","11,75","11,78","11,81","11,74","55,80K","-0,25%"
"21.09.2009","11,78","11,72","11,78","11,68","67,89K","0,60%"
"18.09.2009","11,71","11,72","11,76","11,69","243,47K","-0,34%"
"17.09.2009","11,75","11,71","11,75","11,67","66,15K","1,03%"
"16.09.2009","11,63","11,59","11,67","11,59","106,18K","0,00%"
"15.09.2009","11,63","11,58","11,63","11,55","20,18K","1,22%"
"14.09.2009","11,49","11,50","11,50","11,49","0,77K","-0,52%"
"11.09.2009","11,55","11,56","11,60","11,55","50,12K","0,09%"
"10.09.2009","11,54","11,53","11,56","11,47","206,20K","1,14%"
"09.09.2009","11,41","11,37","11,45","11,35","434,64K","0,00%"
"08.09.2009","11,41","11,47","11,49","11,38","80,44K","-0,70%"
"07.09.2009","11,49","11,43","11,49","11,43","27,20K","0,70%"
"04.09.2009","11,41","11,27","11,42","11,27","178,33K","1,78%"
"03.09.2009","11,21","11,20","11,24","11,17","141,80K","-0,36%"
"02.09.2009","11,25","11,24","11,25","11,17","113,63K","-0,71%"
"01.09.2009","11,33","11,39","11,48","11,28","337,20K","0,35%"
"31.08.2009","11,29","11,41","11,44","11,29","86,66K","-1,48%"
"28.08.2009","11,46","11,49","11,61","11,46","265,27K","-0,61%"
"27.08.2009","11,53","11,46","11,53","11,46","36,78K","-0,69%"
"26.08.2009","11,61","11,50","11,61","11,46","112,58K","0,96%"
"25.08.2009","11,50","11,49","11,56","11,46","549,80K","-0,26%"
"24.08.2009","11,53","11,52","11,53","11,46","151,05K","0,61%"
"21.08.2009","11,46","11,27","11,46","11,27","147,91K","1,06%"
"20.08.2009","11,34","11,31","11,35","11,23","152,03K","1,70%"
"19.08.2009","11,15","11,18","11,20","11,11","36,66K","-0,27%"
"18.08.2009","11,18","11,16","11,20","11,16","19,24K","0,27%"
"17.08.2009","11,15","11,32","11,34","11,15","551,46K","-1,06%"
"14.08.2009","11,27","11,44","11,47","11,27","154,64K","-0,70%"
"13.08.2009","11,35","11,45","11,49","11,35","13,29K","-0,87%"
"12.08.2009","11,45","11,29","11,45","11,26","101,89K","1,69%"
"11.08.2009","11,26","11,44","11,44","11,24","533,30K","-1,92%"
"10.08.2009","11,48","11,41","11,48","11,39","62,38K","0,09%"
"07.08.2009","11,47","11,19","11,47","11,15","134,76K","2,14%"
"06.08.2009","11,23","11,22","11,28","11,17","84,04K","0,18%"
"05.08.2009","11,21","11,33","11,37","11,21","92,93K","-0,97%"
"04.08.2009","11,32","11,32","11,32","11,23","72,91K","0,62%"
"03.08.2009","11,25","11,34","11,43","11,25","151,32K","-1,83%"
"31.07.2009","11,46","11,41","11,48","11,39","100,06K","-1,55%"
"30.07.2009","11,64","11,47","11,65","11,47","358,98K","2,37%"
"29.07.2009","11,37","11,30","11,38","11,29","39,23K","0,80%"
"28.07.2009","11,28","11,23","11,28","11,21","31,68K","0,89%"
"27.07.2009","11,18","11,28","11,28","11,17","41,02K","-0,36%"
"24.07.2009","11,22","11,16","11,24","11,11","425,46K","0,36%"
"23.07.2009","11,18","11,01","11,21","11,01","179,17K","1,82%"
"22.07.2009","10,98","10,92","10,98","10,92","13,82K","1,01%"
"21.07.2009","10,87","10,88","10,90","10,82","166,27K","0,09%"
"20.07.2009","10,86","10,86","10,87","10,79","229,05K","0,84%"
"17.07.2009","10,77","10,73","10,78","10,73","33,04K","1,03%"
"16.07.2009","10,66","10,64","10,66","10,57","23,27K","0,95%"
"15.07.2009","10,56","10,47","10,56","10,46","19,40K","2,23%"
"14.07.2009","10,33","10,33","10,39","10,33","151,70K","2,28%"
"13.07.2009","10,10","10,14","10,20","10,10","12,43K","-0,98%"
"10.07.2009","10,20","10,13","10,24","10,13","26,91K","0,59%"
"09.07.2009","10,14","10,18","10,18","10,14","11,99K","0,60%"
"08.07.2009","10,08","10,16","10,18","10,08","63,46K","-2,80%"
"07.07.2009","10,37","10,33","10,37","10,33","7,00K","0,19%"
"06.07.2009","10,35","10,32","10,35","10,31","47,12K","0,19%"
"03.07.2009","10,33","10,38","10,38","10,33","1,75K","-0,39%"
"02.07.2009","10,37","10,44","10,51","10,37","28,77K","-1,89%"
"01.07.2009","10,57","10,58","10,60","10,51","98,25K","0,28%"
"30.06.2009","10,54","10,55","10,55","10,52","58,94K","0,19%"
"29.06.2009","10,52","10,56","10,57","10,52","44,90K","0,77%"
"26.06.2009","10,44","10,52","10,52","10,44","22,30K","-0,85%"
"25.06.2009","10,53","10,45","10,53","10,31","523,23K","1,35%"
"24.06.2009","10,39","10,11","10,39","10,11","453,31K","2,47%"
"23.06.2009","10,14","10,33","10,35","10,14","205,39K","-2,41%"
"22.06.2009","10,39","10,60","10,60","10,37","266,00K","-1,98%"
"19.06.2009","10,60","10,49","10,60","10,47","65,62K","1,53%"
"18.06.2009","10,44","10,46","10,47","10,40","8,91K","-0,29%"
"17.06.2009","10,47","10,43","10,50","10,42","59,18K","-0,66%"
"16.06.2009","10,54","10,55","10,55","10,50","83,68K","-0,28%"
"15.06.2009","10,57","10,59","10,67","10,57","21,62K","-0,28%"
"12.06.2009","10,60","10,68","10,69","10,56","105,61K","-1,03%"
"11.06.2009","10,71","10,73","10,75","10,71","7,45K","0,94%"
"10.06.2009","10,61","10,80","10,81","10,61","128,86K","-1,03%"
"09.06.2009","10,72","10,76","10,76","10,70","177,75K","0,66%"
"08.06.2009","10,65","10,73","10,73","10,65","16,50K","-0,09%"
"05.06.2009","10,66","10,57","10,73","10,57","28,74K","1,62%"
"04.06.2009","10,49","10,45","10,53","10,45","31,82K","1,35%"
"03.06.2009","10,35","10,38","10,40","10,35","8,89K","-0,29%"
"02.06.2009","10,38","10,42","10,46","10,35","6,11K","-0,29%"
"01.06.2009","10,41","10,25","10,41","10,22","35,45K","3,58%"
"29.05.2009","10,05","10,24","10,24","10,05","81,51K","-1,08%"
"28.05.2009","10,16","10,23","10,23","10,16","85,31K","-1,55%"
"27.05.2009","10,32","10,19","10,32","10,09","40,37K","2,28%"
"26.05.2009","10,09","9,71","10,09","9,71","87,60K","3,38%"
"25.05.2009","9,76","9,75","9,76","9,74","8,75K","-0,71%"
"22.05.2009","9,83","9,86","9,88","9,76","45,98K","-1,50%"
"21.05.2009","9,98","10,10","10,10","9,98","49,45K","-3,29%"
"20.05.2009","10,32","10,29","10,33","10,24","188,33K","0,39%"
"19.05.2009","10,28","10,24","10,30","10,19","170,23K","1,68%"
"18.05.2009","10,11","10,04","10,15","10,04","10,75K","0,20%"
"15.05.2009","10,09","10,03","10,10","9,95","129,55K","1,31%"
"14.05.2009","9,96","9,90","9,96","9,90","9,01K","0,40%"
"13.05.2009","9,92","10,11","10,14","9,92","137,94K","-1,68%"
"12.05.2009","10,09","10,23","10,31","10,09","167,41K","-1,85%"
"11.05.2009","10,28","10,13","10,30","10,05","85,75K","0,19%"
"08.05.2009","10,26","10,45","10,51","10,26","83,23K","-1,54%"
"07.05.2009","10,42","10,75","10,80","10,42","99,78K","-2,25%"
"06.05.2009","10,66","10,71","10,71","10,66","24,46K","0,76%"
"05.05.2009","10,58","10,70","10,70","10,58","43,70K","-0,56%"
"04.05.2009","10,64","10,62","10,66","10,61","18,25K","-0,28%"
"30.04.2009","10,67","10,45","10,71","10,45","135,61K","2,11%"
"29.04.2009","10,45","10,38","10,45","10,33","320,89K","-1,23%"
"28.04.2009","10,58","10,41","10,58","10,41","452,12K","0,57%"
"27.04.2009","10,52","10,29","10,55","10,29","18,28K","2,73%"
"24.04.2009","10,24","10,20","10,27","10,16","92,18K","0,20%"
"23.04.2009","10,22","10,35","10,35","10,22","92,43K","-1,54%"
"22.04.2009","10,38","10,23","10,40","10,18","35,20K","1,76%"
"21.04.2009","10,20","10,28","10,31","10,11","506,53K","-0,20%"
"20.04.2009","10,22","10,45","10,46","10,20","107,75K","-1,83%"
"17.04.2009","10,41","10,35","10,44","10,33","143,52K","2,26%"
"16.04.2009","10,18","10,08","10,26","10,00","275,84K","1,50%"
"15.04.2009","10,03","9,98","10,07","9,93","165,99K","-1,08%"
"14.04.2009","10,14","10,02","10,15","10,02","97,28K","-0,88%"
"09.04.2009","10,23","9,88","10,23","9,86","178,21K","4,60%"
"08.04.2009","9,78","9,67","9,83","9,67","204,80K","0,62%"
"07.04.2009","9,72","9,87","9,92","9,71","261,75K","0,00%"
"06.04.2009","9,72","9,76","9,88","9,69","311,18K","-0,41%"
"03.04.2009","9,76","9,70","9,84","9,68","171,49K","0,21%"
"02.04.2009","9,74","9,58","9,74","9,50","385,57K","4,51%"
"01.04.2009","9,32","9,38","9,38","9,20","71,74K","-0,53%"
"31.03.2009","9,37","9,34","9,37","9,29","44,62K","-0,53%"
"30.03.2009","9,42","9,36","9,42","9,36","73,62K","-1,26%"
"27.03.2009","9,54","9,36","9,58","9,36","57,96K","1,49%"
"26.03.2009","9,40","9,21","9,40","9,21","62,00K","2,29%"
"25.03.2009","9,19","9,24","9,33","9,19","117,78K","-0,97%"
"24.03.2009","9,28","9,18","9,28","9,17","85,70K","1,75%"
"23.03.2009","9,12","8,97","9,12","8,95","48,78K","2,93%"
"20.03.2009","8,86","8,80","8,86","8,80","2,18K","1,03%"
"19.03.2009","8,77","8,93","9,00","8,77","80,48K","-3,63%"
"18.03.2009","9,10","9,14","9,16","9,09","28,06K","2,02%"
"17.03.2009","8,92","8,92","8,95","8,90","62,35K","-1,11%"
"16.03.2009","9,02","9,10","9,16","8,83","64,72K","0,11%"
"13.03.2009","9,01","9,14","9,14","9,00","292,61K","1,01%"
"12.03.2009","8,92","8,73","8,92","8,73","15,45K","0,34%"
"11.03.2009","8,89","8,83","8,89","8,77","165,44K","3,49%"
"10.03.2009","8,59","8,38","8,59","8,38","87,26K","1,30%"
"09.03.2009","8,48","8,56","8,63","8,44","229,92K","1,80%"
"06.03.2009","8,33","8,58","8,60","8,33","121,64K","-4,80%"
"05.03.2009","8,75","8,79","8,85","8,70","690,25K","-1,24%"
"04.03.2009","8,86","8,72","8,86","8,70","12,16K","2,78%"
"03.03.2009","8,62","8,68","8,71","8,62","64,21K","-2,49%"
"02.03.2009","8,84","8,81","8,84","8,68","3,68K","-0,34%"
"27.02.2009","8,87","8,93","8,97","8,87","18,18K","-2,95%"
"26.02.2009","9,14","9,13","9,23","9,13","11,32K","0,55%"
"25.02.2009","9,09","9,12","9,12","9,06","107,35K","0,66%"
"24.02.2009","9,03","9,01","9,05","8,91","75,97K","-0,44%"
"23.02.2009","9,07","9,22","9,34","9,07","27,84K","-1,41%"
"20.02.2009","9,20","9,30","9,30","9,20","5,50K","-2,54%"
"19.02.2009","9,44","9,44","9,44","9,44","3,10K","-1,67%"
"18.02.2009","9,60","9,45","9,60","9,45","268,04K","0,63%"
"17.02.2009","9,54","9,56","9,67","9,46","106,23K","-2,45%"
"16.02.2009","9,78","9,78","9,78","9,78","0,07K","-0,31%"
"13.02.2009","9,81","9,66","9,84","9,66","3,08K","2,72%"
"12.02.2009","9,55","9,59","9,59","9,55","1,02K","0,10%"
"11.02.2009","9,54","9,54","9,54","9,54","4,50K","-3,15%"
"10.02.2009","9,85","9,89","9,89","9,83","83,62K","-0,51%"
"09.02.2009","9,90","9,93","9,93","9,78","129,53K","-0,80%"
"06.02.2009","9,98","9,79","9,98","9,79","56,20K","6,17%"
"05.02.2009","9,40","9,37","9,40","9,34","2,71K","-2,08%"
"04.02.2009","9,60","9,51","9,60","9,41","15,60K","1,69%"
"03.02.2009","9,44","9,35","9,50","9,31","7,99K","1,83%"
"02.02.2009","9,27","9,96","9,96","9,16","0,19K","-2,83%"
"30.01.2009","9,54","9,45","9,57","9,45","28,55K","3,58%"
"29.01.2009","9,21","9,38","9,39","9,21","2,08K","-2,33%"
"28.01.2009","9,43","9,43","9,43","9,43","0,06K","4,20%"
"27.01.2009","9,05","9,00","9,05","8,98","7,06K","-0,22%"
"26.01.2009","9,07","9,12","9,12","9,07","4,57K","-0,55%"
"23.01.2009","9,12","9,01","9,12","8,95","2,54K","-0,33%"
"22.01.2009","9,15","9,21","9,36","9,15","13,78K","0,99%"
"21.01.2009","9,06","8,91","9,12","8,89","58,16K","-0,22%"
"20.01.2009","9,08","9,30","9,30","8,93","10,64K","-0,11%"
"19.01.2009","9,09","9,19","9,19","9,08","35,89K","0,33%"
"16.01.2009","9,06","8,99","9,06","8,99","3,02K","2,49%"
"15.01.2009","8,84","8,86","8,86","8,84","0,73K","-1,78%"
"14.01.2009","9,00","9,00","9,00","9,00","3,00K","-2,60%"
"13.01.2009","9,24","9,12","9,24","9,12","8,30K","1,09%"
"12.01.2009","9,14","9,14","9,14","9,14","0,46K","-1,19%"
"09.01.2009","9,25","9,25","9,26","9,20","11,08K","1,31%"
"08.01.2009","9,13","9,10","9,13","9,10","14,36K","-1,30%"
"07.01.2009","9,25","9,32","9,44","9,22","19,08K","-2,94%"
"06.01.2009","9,53","9,43","9,55","9,39","9,99K","2,36%"
"05.01.2009","9,31","8,93","9,31","8,93","63,66K","5,80%"
"02.01.2009","8,80","8,73","8,80","8,64","3,41K","4,51%"
"30.12.2008","8,42","8,40","8,43","8,33","57,87K","2,68%"
"29.12.2008","8,20","8,40","8,42","8,07","182,89K","-4,09%"
"23.12.2008","8,55","8,58","8,67","8,48","142,64K","0,23%"
"22.12.2008","8,53","8,56","8,72","8,51","82,49K","-3,51%"
"19.12.2008","8,84","8,51","8,87","8,50","94,34K","3,15%"
"18.12.2008","8,57","8,52","8,60","8,31","157,02K","1,06%"
"17.12.2008","8,48","8,73","8,75","8,40","332,06K","-2,30%"
"16.12.2008","8,68","8,80","8,84","8,64","69,21K","1,05%"
"15.12.2008","8,59","9,01","9,04","8,59","65,14K","-4,34%"
"12.12.2008","8,98","8,63","8,98","8,57","129,67K","-1,86%"
"11.12.2008","9,15","9,26","9,29","9,15","27,37K","-2,14%"
"10.12.2008","9,35","9,45","9,57","9,35","109,99K","-3,11%"
"09.12.2008","9,65","9,38","9,67","9,32","56,88K","2,44%"
"08.12.2008","9,42","9,31","9,42","9,23","176,95K","8,78%"
"05.12.2008","8,66","8,93","8,93","8,66","13,09K","-4,31%"
"04.12.2008","9,05","9,12","9,30","9,03","60,59K","4,87%"
"03.12.2008","8,63","8,83","8,87","8,63","87,67K","-1,15%"
"02.12.2008","8,73","8,65","8,89","8,62","154,56K","-1,91%"
"01.12.2008","8,90","9,29","9,29","8,90","34,44K","-3,16%"
"28.11.2008","9,19","9,20","9,26","9,01","77,36K","-0,33%"
"27.11.2008","9,22","9,15","9,22","9,10","24,22K","2,44%"
"26.11.2008","9,00","8,55","9,00","8,55","41,89K","3,09%"
"25.11.2008","8,73","8,72","8,94","8,69","4,97K","0,00%"
"24.11.2008","8,73","8,52","8,84","8,52","38,51K","5,95%"
"21.11.2008","8,24","8,61","8,61","8,24","18,18K","-4,85%"
"20.11.2008","8,66","8,68","8,71","8,44","18,22K","-4,73%"
"19.11.2008","9,09","9,14","9,14","8,98","18,73K","-0,55%"
"18.11.2008","9,14","9,14","9,14","8,90","22,11K","0,11%"
"17.11.2008","9,13","9,26","9,26","9,00","285,70K","-2,87%"
"14.11.2008","9,40","9,62","9,69","9,33","3,41K","2,06%"
"13.11.2008","9,21","9,29","9,36","9,12","39,67K","-3,66%"
"12.11.2008","9,56","9,80","9,81","9,51","28,43K","-0,73%"
"11.11.2008","9,63","9,75","9,75","9,63","12,33K","-2,83%"
"10.11.2008","9,91","10,30","10,30","9,91","35,24K","0,41%"
"07.11.2008","9,87","9,73","9,92","9,73","50,88K","0,30%"
"06.11.2008","9,84","9,96","10,05","9,82","96,21K","-5,75%"
"05.11.2008","10,44","10,64","10,64","10,40","60,17K","-1,23%"
"04.11.2008","10,57","10,67","10,78","10,38","75,32K","0,76%"
"03.11.2008","10,49","10,58","10,58","10,36","54,60K","0,00%"
"31.10.2008","10,49","10,34","10,55","10,24","216,53K","3,86%"
"30.10.2008","10,10","10,06","10,24","10,02","29,39K","1,00%"
"29.10.2008","10,00","9,92","10,27","9,85","41,80K","7,07%"
"28.10.2008","9,34","9,53","9,75","9,34","49,31K","-1,68%"
"27.10.2008","9,50","9,28","9,55","8,60","31,37K","-0,11%"
"24.10.2008","9,51","9,46","9,54","9,10","248,90K","-2,66%"
"23.10.2008","9,77","9,75","9,80","9,57","76,11K","-1,41%"
"22.10.2008","9,91","10,10","10,16","9,77","56,49K","-2,94%"
"21.10.2008","10,21","10,16","10,23","10,00","202,00K","3,97%"
"20.10.2008","9,82","10,02","10,02","9,80","96,11K","1,45%"
"17.10.2008","9,68","9,70","9,73","9,40","39,25K","6,96%"
"16.10.2008","9,05","9,19","9,23","9,00","20,98K","-6,02%"
"15.10.2008","9,63","10,00","10,03","9,63","19,12K","-6,23%"
"14.10.2008","10,27","10,81","10,88","10,09","22,52K","4,05%"
"13.10.2008","9,87","9,82","9,89","9,51","67,44K","6,13%"
"10.10.2008","9,30","9,21","9,55","8,40","138,18K","-4,32%"
"09.10.2008","9,72","9,70","9,91","9,54","19,92K","-0,72%"
"08.10.2008","9,79","9,56","10,06","9,29","216,22K","-4,11%"
"07.10.2008","10,21","10,40","10,49","10,15","176,24K","-1,07%"
"06.10.2008","10,32","10,56","10,56","10,05","169,55K","-7,61%"
"03.10.2008","11,17","10,90","11,17","10,86","7,96K","2,20%"
"02.10.2008","10,93","11,34","11,49","10,93","74,57K","-3,19%"
"01.10.2008","11,29","11,51","11,51","11,10","117,40K","2,64%"
"30.09.2008","11,00","10,54","11,00","10,50","44,71K","1,57%"
"29.09.2008","10,83","11,50","11,50","10,83","193,15K","-3,04%"
"26.09.2008","11,17","11,21","11,37","11,06","76,01K","-2,45%"
"25.09.2008","11,45","11,23","11,45","11,23","38,94K","1,69%"
"24.09.2008","11,26","11,27","11,28","11,10","152,08K","-1,14%"
"23.09.2008","11,39","11,43","11,43","11,13","83,31K","-3,96%"
"22.09.2008","11,86","11,87","11,87","11,71","38,08K","-1,25%"
"19.09.2008","12,01","12,18","12,31","12,01","109,71K","6,66%"
"18.09.2008","11,26","11,46","11,50","11,26","23,98K","-4,17%"
"17.09.2008","11,75","12,02","12,12","11,75","9,50K","-2,33%"
"16.09.2008","12,03","12,05","12,16","11,88","49,40K","-2,12%"
"15.09.2008","12,29","12,13","12,29","12,03","27,17K","-1,21%"
"12.09.2008","12,44","12,57","12,59","12,37","29,88K","-0,32%"
"11.09.2008","12,48","12,36","12,50","12,27","33,44K","1,30%"
"10.09.2008","12,32","12,32","12,37","12,26","67,12K","-0,88%"
"09.09.2008","12,43","12,43","12,52","12,40","36,27K","-0,80%"
"08.09.2008","12,53","12,59","12,71","12,46","33,46K","2,54%"
"05.09.2008","12,22","12,44","12,45","12,22","82,40K","-3,02%"
"04.09.2008","12,60","12,63","12,65","12,56","35,02K","-1,49%"
"03.09.2008","12,79","12,85","12,90","12,71","49,59K","-1,84%"
"02.09.2008","13,03","12,86","13,28","12,86","226,64K","2,04%"
"01.09.2008","12,77","12,80","12,82","12,77","9,17K","-0,93%"
"29.08.2008","12,89","12,94","12,95","12,84","75,45K","-1,07%"
"28.08.2008","13,03","12,78","13,03","12,78","116,75K","1,24%"
"27.08.2008","12,87","12,90","12,92","12,80","101,58K","-0,85%"
"26.08.2008","12,98","12,96","12,98","12,88","18,51K","0,78%"
"25.08.2008","12,88","13,04","13,04","12,85","64,69K","-0,62%"
"22.08.2008","12,96","12,75","12,96","12,75","5,64K","1,89%"
"21.08.2008","12,72","12,81","12,88","12,72","118,96K","-2,97%"
"20.08.2008","13,11","13,09","13,13","13,00","14,62K","0,08%"
"19.08.2008","13,10","13,15","13,18","13,10","25,16K","-1,21%"
"18.08.2008","13,26","13,22","13,36","13,22","122,80K","-0,53%"
"15.08.2008","13,33","13,27","13,42","13,27","65,00K","1,60%"
"14.08.2008","13,12","13,18","13,18","12,96","153,11K","0,77%"
"13.08.2008","13,02","13,04","13,07","12,95","490,63K","-0,69%"
"12.08.2008","13,11","13,14","13,14","12,95","1,10M","2,02%"
"11.08.2008","12,85","12,81","12,90","12,75","282,08K","1,66%"
"08.08.2008","12,64","12,44","12,73","12,44","23,80K","2,60%"
"07.08.2008","12,32","12,27","12,33","12,16","14,40K","1,32%"
"06.08.2008","12,16","12,07","12,16","12,07","8,29K","2,01%"
"05.08.2008","11,92","11,72","11,92","11,65","10,76K","2,49%"
"04.08.2008","11,63","11,68","11,72","11,61","8,92K","-0,85%"
"01.08.2008","11,73","11,85","11,97","11,60","40,62K","-1,92%"
"31.07.2008","11,96","11,87","11,96","11,81","17,19K","-0,25%"
"30.07.2008","11,99","11,95","11,99","11,85","182,41K","1,01%"
"29.07.2008","11,87","11,53","11,87","11,53","2,66K","1,89%"
"28.07.2008","11,65","11,68","11,77","11,65","186,33K","0,52%"
"25.07.2008","11,59","11,61","11,65","11,52","46,34K","-1,45%"
"24.07.2008","11,76","11,88","11,91","11,74","32,12K","1,03%"
"23.07.2008","11,64","11,68","11,71","11,64","8,61K","2,19%"
"22.07.2008","11,39","11,37","11,39","11,26","70,81K","-1,21%"
"21.07.2008","11,53","11,61","11,69","11,50","60,95K","-0,86%"
"18.07.2008","11,63","11,52","11,67","11,46","81,90K","-0,60%"
"17.07.2008","11,70","11,56","11,75","11,56","205,30K","2,45%"
"16.07.2008","11,42","11,28","11,42","11,20","42,64K","0,62%"
"15.07.2008","11,35","11,32","11,35","11,06","30,18K","-1,05%"
"14.07.2008","11,47","11,58","11,69","11,45","134,31K","0,17%"
"11.07.2008","11,45","11,73","11,73","11,41","32,05K","-1,80%"
"10.07.2008","11,66","11,70","11,79","11,63","135,44K","-2,35%"
"09.07.2008","11,94","11,88","11,94","11,77","71,06K","1,53%"
"08.07.2008","11,76","11,58","11,80","11,58","13,96K","-0,84%"
"07.07.2008","11,86","11,56","11,86","11,56","3,35K","2,15%"
"04.07.2008","11,61","11,62","11,66","11,50","88,38K","0,35%"
"03.07.2008","11,57","11,45","11,57","11,43","22,46K","-0,94%"
"02.07.2008","11,68","11,81","11,97","11,68","49,64K","0,78%"
"01.07.2008","11,59","11,77","11,77","11,50","25,30K","-1,36%"
"30.06.2008","11,75","11,85","11,85","11,74","16,36K","0,34%"
"27.06.2008","11,71","11,96","11,96","11,71","97,86K","-2,74%"
"26.06.2008","12,04","12,04","12,13","12,04","1,54K","-3,22%"
"25.06.2008","12,44","12,31","12,44","12,26","159,01K","1,30%"
"24.06.2008","12,28","12,24","12,28","12,14","62,95K","-1,60%"
"23.06.2008","12,48","12,49","12,55","12,44","142,50K","1,05%"
"20.06.2008","12,35","12,66","12,67","12,35","74,88K","-2,14%"
"19.06.2008","12,62","12,50","12,68","12,50","40,66K","0,00%"
"18.06.2008","12,62","12,71","12,71","12,62","13,90K","-1,17%"
"17.06.2008","12,77","12,75","12,77","12,75","5,90K","0,47%"
"16.06.2008","12,71","12,73","12,73","12,59","13,81K","-0,31%"
"13.06.2008","12,75","12,48","12,84","12,48","32,37K","1,19%"
"12.06.2008","12,60","12,53","12,70","12,53","9,10K","0,40%"
"11.06.2008","12,55","12,78","12,79","12,48","18,27K","-0,95%"
"10.06.2008","12,67","12,68","12,71","12,61","20,01K","0,72%"
"09.06.2008","12,58","12,70","12,73","12,58","29,72K","-2,25%"
"06.06.2008","12,87","13,21","13,23","12,85","172,38K","-2,50%"
"05.06.2008","13,20","13,17","13,20","13,12","25,76K","2,72%"
"04.06.2008","12,85","12,93","12,93","12,85","3,97K","-1,38%"
"03.06.2008","13,03","12,93","13,13","12,85","45,05K","0,70%"
"02.06.2008","12,94","13,12","13,12","12,94","13,41K","-0,69%"
"30.05.2008","13,03","13,08","13,14","13,03","635,19K","0,77%"
"29.05.2008","12,93","12,85","12,94","12,85","4,92K","0,86%"
"28.05.2008","12,82","12,75","12,82","12,70","7,81K","1,58%"
"27.05.2008","12,62","12,62","12,64","12,44","176,29K","1,12%"
"26.05.2008","12,48","12,57","12,57","12,37","254,88K","-0,16%"
"23.05.2008","12,50","12,52","12,52","12,47","12,16K","-0,64%"
"22.05.2008","12,58","12,54","12,58","12,54","2,08K","-1,10%"
"21.05.2008","12,72","12,86","12,86","12,72","164,55K","-0,70%"
"20.05.2008","12,81","13,01","13,06","12,81","37,36K","-3,10%"
"19.05.2008","13,22","13,05","13,22","13,05","11,64K","0,92%"
"16.05.2008","13,10","13,21","13,27","13,10","14,57K","0,77%"
"15.05.2008","13,00","12,89","13,00","12,89","102,79K","-1,22%"
"14.05.2008","13,16","13,00","13,16","12,98","115,31K","2,41%"
"13.05.2008","12,85","12,93","12,95","12,85","70,24K","0,71%"
"12.05.2008","12,76","12,87","12,87","12,76","2,27K","0,31%"
"09.05.2008","12,72","12,76","12,79","12,63","49,14K","-1,24%"
"08.05.2008","12,88","12,86","12,88","12,75","123,80K","-1,15%"
"07.05.2008","13,03","12,89","13,03","12,82","143,08K","2,36%"
"06.05.2008","12,73","12,86","12,86","12,59","14,42K","-0,24%"
"05.05.2008","12,76","12,85","12,85","12,76","7,53K","-0,39%"
"02.05.2008","12,81","12,84","12,94","12,81","42,09K","1,67%"
"30.04.2008","12,60","12,43","12,60","12,43","80,28K","2,02%"
"29.04.2008","12,35","12,37","12,39","12,32","3,54K","0,24%"
"28.04.2008","12,32","12,33","12,41","12,32","54,72K","0,82%"
"25.04.2008","12,22","12,30","12,33","12,22","1,94K","0,66%"
"24.04.2008","12,14","11,99","12,14","11,98","2,21K","0,75%"
"23.04.2008","12,05","11,92","12,09","11,79","74,14K","1,43%"
"22.04.2008","11,88","11,98","12,03","11,88","30,36K","-0,59%"
"21.04.2008","11,95","12,07","12,07","11,92","22,46K","-0,58%"
"18.04.2008","12,02","11,76","12,02","11,75","19,28K","3,53%"
"17.04.2008","11,61","11,64","11,64","11,53","52,76K","1,49%"
"16.04.2008","11,44","11,49","11,49","11,40","2,10K","0,35%"
"15.04.2008","11,40","11,31","11,40","11,31","20,61K","0,35%"
"14.04.2008","11,36","11,47","11,47","11,27","10,52K","-1,82%"
"11.04.2008","11,57","11,82","11,82","11,57","1,40K","-1,53%"
"10.04.2008","11,75","11,65","11,75","11,52","60,04K","0,00%"
"09.04.2008","11,75","11,77","11,79","11,75","26,26K","-0,51%"
"08.04.2008","11,81","11,83","12,00","11,75","105,86K","-1,58%"
"07.04.2008","12,00","12,00","12,03","11,95","162,50K","1,35%"
"04.04.2008","11,84","11,89","11,89","11,84","5,05K","0,42%"
"03.04.2008","11,79","11,88","11,96","11,79","137,17K","-0,92%"
"02.04.2008","11,90","11,86","11,99","11,83","227,09K","1,88%"
"01.04.2008","11,68","11,38","11,68","11,38","52,29K","4,01%"
"31.03.2008","11,23","11,25","11,28","11,16","15,24K","-1,32%"
"28.03.2008","11,38","11,36","11,41","11,36","12,86K","-0,61%"
"27.03.2008","11,45","11,54","11,54","11,45","14,10K","-0,87%"
"26.03.2008","11,55","11,68","11,68","11,48","34,18K","-1,45%"
"25.03.2008","11,72","11,64","11,72","11,60","107,50K","5,02%"
"20.03.2008","11,16","11,09","11,19","11,05","34,95K","-0,80%"
"19.03.2008","11,25","11,19","11,25","11,12","42,22K","2,65%"
"18.03.2008","10,96","10,86","10,99","10,82","67,69K","1,86%"
"17.03.2008","10,76","10,69","10,82","10,67","176,18K","-3,32%"
"14.03.2008","11,13","11,22","11,28","11,02","36,14K","0,72%"
"13.03.2008","11,05","11,02","11,05","10,98","108,51K","-1,95%"
"12.03.2008","11,27","11,41","11,41","11,27","7,39K","1,81%"
"11.03.2008","11,07","11,00","11,15","10,87","10,06K","0,09%"
"10.03.2008","11,06","11,13","11,22","11,05","52,10K","-1,07%"
"07.03.2008","11,18","11,12","11,18","11,12","3,52K","-2,61%"
"06.03.2008","11,48","11,45","11,48","11,45","1,91K","-0,26%"
"05.03.2008","11,51","11,51","11,51","11,51","0,25K","1,95%"
"04.03.2008","11,29","11,41","11,49","11,29","36,78K","-1,57%"
"03.03.2008","11,47","11,46","11,48","11,45","3,64K","-1,46%"
"29.02.2008","11,64","11,68","11,73","11,61","6,23K","-2,51%"
"28.02.2008","11,94","11,94","11,94","11,83","25,31K","1,02%"
"27.02.2008","11,82","12,00","12,00","11,82","1,26K","-0,51%"
"26.02.2008","11,88","12,09","12,11","11,88","10,43K","-1,41%"
"25.02.2008","12,05","12,06","12,06","11,96","28,27K","1,43%"
"22.02.2008","11,88","11,95","12,03","11,88","3,56K","-2,94%"
"21.02.2008","12,24","12,16","12,29","12,16","38,87K","1,41%"
"20.02.2008","12,07","12,03","12,07","12,00","48,40K","-1,23%"
"19.02.2008","12,22","12,26","12,28","12,22","26,51K","0,25%"
"18.02.2008","12,19","12,19","12,19","12,19","3,00K","0,41%"
"15.02.2008","12,14","12,24","12,25","12,10","64,77K","-1,78%"
"14.02.2008","12,36","12,53","12,53","12,36","8,75K","0,00%"
"13.02.2008","12,36","12,26","12,36","12,24","47,76K","-0,40%"
"12.02.2008","12,41","12,33","12,41","12,33","5,35K","0,81%"
"11.02.2008","12,31","12,15","12,31","12,15","10,27K","0,33%"
"08.02.2008","12,27","12,17","12,27","12,17","11,65K","2,51%"
"07.02.2008","11,97","11,89","11,97","11,80","49,95K","-2,05%"
"06.02.2008","12,22","12,20","12,22","12,15","2,82K","-0,57%"
"05.02.2008","12,29","12,38","12,46","12,29","25,22K","-1,68%"
"04.02.2008","12,50","12,57","12,57","12,50","2,72K","0,16%"
"01.02.2008","12,48","12,40","12,62","12,33","56,53K","2,72%"
"31.01.2008","12,15","12,16","12,16","12,00","22,62K","-0,90%"
"30.01.2008","12,26","12,17","12,27","12,15","48,19K","0,00%"
"29.01.2008","12,26","12,24","12,29","12,20","15,64K","1,32%"
"28.01.2008","12,10","12,12","12,12","12,02","7,06K","-2,26%"
"25.01.2008","12,38","12,54","12,65","12,38","108,08K","0,41%"
"24.01.2008","12,33","12,40","12,41","12,21","35,64K","2,58%"
"23.01.2008","12,02","12,18","12,19","11,88","32,74K","-2,04%"
"22.01.2008","12,27","12,00","12,27","11,40","104,84K","-0,57%"
"21.01.2008","12,34","12,56","12,56","12,12","70,68K","-3,14%"
"18.01.2008","12,74","12,72","12,75","12,70","29,12K","0,39%"
"17.01.2008","12,69","12,94","12,94","12,69","185,04K","-0,47%"
"16.01.2008","12,75","12,55","12,75","12,55","166,71K","-1,01%"
"15.01.2008","12,88","13,03","13,04","12,81","255,20K","-0,85%"
"14.01.2008","12,99","12,89","13,00","12,80","104,43K","-0,15%"
"11.01.2008","13,01","13,14","13,15","13,00","66,80K","-0,99%"
"10.01.2008","13,14","13,28","13,28","13,14","28,07K","0,08%"
"09.01.2008","13,13","13,11","13,13","12,96","451,80K","-1,94%"
"08.01.2008","13,39","13,37","13,45","13,33","6,85K","0,30%"
"07.01.2008","13,35","13,48","13,48","13,13","5,68K","-1,18%"
"04.01.2008","13,51","14,00","14,03","13,51","33,35K","-2,53%"
"03.01.2008","13,86","13,98","13,98","13,83","55,98K","-2,05%"
"02.01.2008","14,15","14,20","14,26","14,15","24,68K","-1,94%"
"28.12.2007","14,43","14,45","14,45","14,40","10,86K","-1,57%"
"27.12.2007","14,66","14,73","14,79","14,65","46,55K","0,41%"
"21.12.2007","14,60","14,51","14,64","14,51","8,47K","2,03%"
"20.12.2007","14,31","14,22","14,33","14,21","60,07K","0,99%"
"19.12.2007","14,17","14,13","14,17","14,07","57,20K","0,57%"
"18.12.2007","14,09","14,18","14,22","14,09","6,02K","-1,74%"
"17.12.2007","14,34","14,31","14,41","14,31","14,04K","-1,10%"
"14.12.2007","14,50","14,33","14,50","14,33","35,99K","1,68%"
"13.12.2007","14,26","14,24","14,31","14,22","29,74K","-1,79%"
"12.12.2007","14,52","14,33","14,54","14,33","52,16K","-0,55%"
"11.12.2007","14,60","14,57","14,65","14,57","37,01K","0,27%"
"10.12.2007","14,56","14,53","14,59","14,52","4,54K","0,07%"
"07.12.2007","14,55","14,61","14,61","14,50","35,27K","0,62%"
"06.12.2007","14,46","14,50","14,53","14,38","9,70K","1,05%"
"05.12.2007","14,31","14,11","14,31","14,09","9,19K","2,21%"
"04.12.2007","14,00","14,16","14,26","13,91","27,40K","-2,10%"
"03.12.2007","14,30","14,24","14,37","14,22","92,10K","0,28%"
"30.11.2007","14,26","14,30","14,44","14,26","112,28K","0,35%"
"29.11.2007","14,21","14,14","14,26","14,14","253,08K","0,35%"
"28.11.2007","14,16","13,73","14,19","13,73","346,16K","3,51%"
"27.11.2007","13,68","13,53","13,68","13,40","528,14K","-0,58%"
"26.11.2007","13,76","13,77","13,81","13,69","44,87K","1,03%"
"23.11.2007","13,62","13,44","13,65","13,44","18,42K","0,81%"
"22.11.2007","13,51","13,48","13,51","13,48","11,11K","0,15%"
"21.11.2007","13,49","13,64","13,64","13,45","338,76K","-3,30%"
"20.11.2007","13,95","13,84","13,95","13,73","284,88K","1,16%"
"19.11.2007","13,79","13,98","13,98","13,79","31,96K","0,36%"
"16.11.2007","13,74","13,93","13,96","13,71","132,37K","-2,07%"
"15.11.2007","14,03","13,95","14,03","13,87","19,31K","-0,07%"
"14.11.2007","14,04","14,04","14,23","14,00","23,87K","1,81%"
"13.11.2007","13,79","13,65","13,79","13,61","34,75K","-1,71%"
"12.11.2007","14,03","13,91","14,12","13,85","197,81K","0,36%"
"09.11.2007","13,98","14,29","14,33","13,98","237,42K","-3,98%"
"08.11.2007","14,56","14,63","14,80","14,53","303,75K","-3,19%"
"07.11.2007","15,04","15,14","15,16","14,94","81,91K","-0,20%"
"06.11.2007","15,07","15,20","15,25","15,05","29,12K","-1,25%"
"05.11.2007","15,26","15,20","15,26","15,13","12,41K","0,07%"
"02.11.2007","15,25","15,21","15,36","15,12","107,02K","-0,97%"
"01.11.2007","15,40","15,51","15,54","15,39","6,38K","0,06%"
"31.10.2007","15,39","15,31","15,39","15,29","35,98K","0,85%"
"30.10.2007","15,26","15,26","15,31","15,22","206,34K","-0,46%"
"29.10.2007","15,33","15,49","15,50","15,30","14,87K","0,59%"
"26.10.2007","15,24","15,25","15,33","15,17","24,99K","-0,13%"
"25.10.2007","15,26","15,32","15,40","15,21","149,24K","0,39%"
"24.10.2007","15,20","15,37","15,37","15,20","60,76K","-0,52%"
"23.10.2007","15,28","15,32","15,52","15,26","91,21K","1,26%"
"22.10.2007","15,09","14,96","15,23","14,81","60,29K","-0,07%"
"19.10.2007","15,10","15,25","15,39","15,10","11,95K","-0,53%"
"18.10.2007","15,18","15,30","15,32","15,14","10,64K","-1,11%"
"17.10.2007","15,35","15,36","15,36","15,33","23,39K","0,99%"
"16.10.2007","15,20","15,21","15,24","15,17","8,18K","-0,33%"
"15.10.2007","15,25","15,36","15,53","15,25","370,40K","-0,39%"
"12.10.2007","15,31","15,16","15,31","15,10","317,60K","-0,52%"
"11.10.2007","15,39","15,41","15,48","15,39","16,30K","0,13%"
"10.10.2007","15,37","15,45","15,45","15,34","73,08K","-0,39%"
"09.10.2007","15,43","15,43","15,51","15,43","27,76K","0,46%"
"08.10.2007","15,36","15,25","15,43","15,25","102,40K","1,32%"
"05.10.2007","15,16","14,97","15,19","14,97","122,09K","1,34%"
"04.10.2007","14,96","14,92","14,98","14,91","13,50K","-0,07%"
"03.10.2007","14,97","14,93","14,98","14,90","39,72K","-0,07%"
"02.10.2007","14,98","14,95","15,00","14,92","22,10K","1,42%"
"01.10.2007","14,77","14,70","14,79","14,70","2,29K","0,27%"
"28.09.2007","14,73","14,83","14,83","14,73","13,63K","-0,74%"
"27.09.2007","14,84","14,84","14,95","14,82","58,45K","0,00%"
"26.09.2007","14,84","14,78","14,84","14,73","89,63K","1,85%"
"25.09.2007","14,57","14,57","14,60","14,53","52,76K","-0,68%"
"24.09.2007","14,67","14,54","14,67","14,50","136,98K","0,41%"
"21.09.2007","14,61","14,49","14,61","14,47","1,43K","0,55%"
"20.09.2007","14,53","14,57","14,57","14,49","89,51K","-1,09%"
"19.09.2007","14,69","14,61","14,69","14,55","26,47K","2,30%"
"18.09.2007","14,36","14,29","14,39","14,29","29,29K","0,49%"
"17.09.2007","14,29","14,41","14,41","14,29","2,58K","-0,83%"
"14.09.2007","14,41","14,33","14,41","14,31","9,40K","0,21%"
"13.09.2007","14,38","14,34","14,42","14,34","14,90K","0,49%"
"12.09.2007","14,31","14,35","14,38","14,31","14,27K","0,07%"
"11.09.2007","14,30","14,25","14,30","14,25","4,58K","0,21%"
"10.09.2007","14,27","14,24","14,29","14,24","11,69K","0,49%"
"07.09.2007","14,20","14,63","14,63","14,20","70,33K","-3,07%"
"06.09.2007","14,65","14,64","14,70","14,64","2,31K","-0,34%"
"05.09.2007","14,70","14,86","14,86","14,70","5,94K","-0,74%"
"04.09.2007","14,81","14,60","14,81","14,60","6,33K","1,23%"
"03.09.2007","14,63","14,59","14,63","14,57","2,69K","0,62%"
"31.08.2007","14,54","14,52","14,54","14,49","0,61K","0,97%"
"30.08.2007","14,40","14,35","14,40","14,29","0,47K","2,49%"
"29.08.2007","14,05","14,04","14,05","14,04","22,55K","-0,64%"
"28.08.2007","14,14","14,18","14,19","14,14","0,79K","-1,05%"
"27.08.2007","14,29","14,35","14,35","14,29","21,81K","0,35%"
"24.08.2007","14,24","14,33","14,33","14,10","1,07K","0,42%"
"23.08.2007","14,18","14,39","14,39","14,18","1,08K","-1,12%"
"22.08.2007","14,34","14,30","14,36","14,16","27,90K","2,14%"
"21.08.2007","14,04","13,89","14,04","13,89","2,04K","0,65%"
"20.08.2007","13,95","14,08","14,08","13,94","113,94K","2,35%"
"17.08.2007","13,63","13,63","14,00","13,60","34,48K","-1,73%"
"16.08.2007","13,87","13,94","13,94","13,70","8,95K","-1,42%"
"15.08.2007","14,07","14,07","14,07","14,06","2,65K","-1,54%"
"14.08.2007","14,29","14,14","14,29","14,14","1,95K","0,99%"
"13.08.2007","14,15","14,08","14,22","14,08","1,46K","1,73%"
"10.08.2007","13,91","14,04","14,04","13,91","87,42K","-2,86%"
"09.08.2007","14,32","14,50","14,50","14,32","3,05K","-0,90%"
"08.08.2007","14,45","14,42","14,45","14,27","204,82K","1,83%"
"07.08.2007","14,19","14,18","14,23","14,16","26,61K","1,43%"
"06.08.2007","13,99","14,00","14,05","13,99","11,72K","-1,82%"
"03.08.2007","14,25","14,31","14,32","14,14","340,85K","-0,14%"
"02.08.2007","14,27","14,25","14,33","14,25","5,63K","1,13%"
"01.08.2007","14,11","14,05","14,15","13,95","49,80K","-3,29%"
"31.07.2007","14,59","14,53","14,59","14,50","3,07K","1,67%"
"30.07.2007","14,35","14,36","14,37","14,33","3,41K","-1,37%"
"27.07.2007","14,55","14,50","14,63","14,48","24,12K","-0,41%"
"26.07.2007","14,61","14,73","14,73","14,60","3,76K","-0,68%"
"25.07.2007","14,71","14,65","14,84","14,60","241,14K","-0,27%"
"24.07.2007","14,75","14,77","14,77","14,75","21,10K","-0,34%"
"23.07.2007","14,80","14,80","14,81","14,75","41,52K","0,14%"
"20.07.2007","14,78","14,86","14,88","14,78","49,42K","-0,74%"
"19.07.2007","14,89","14,87","14,99","14,85","37,74K","1,15%"
"18.07.2007","14,72","14,75","14,78","14,72","34,29K","-0,47%"
"17.07.2007","14,79","14,75","14,80","14,69","18,53K","-0,14%"
"16.07.2007","14,81","14,76","14,81","14,75","0,57K","0,89%"
"13.07.2007","14,68","14,70","14,70","14,64","20,21K","1,03%"
"12.07.2007","14,53","14,47","14,53","14,45","2,36K","0,97%"
"11.07.2007","14,39","14,32","14,39","14,26","44,57K","-1,03%"
"10.07.2007","14,54","14,65","14,65","14,49","12,29K","-0,62%"
"09.07.2007","14,63","14,66","14,66","14,62","27,29K","0,41%"
"06.07.2007","14,57","14,60","14,70","14,54","18,21K","0,62%"
"05.07.2007","14,48","14,50","14,51","14,44","3,10K","-0,41%"
"04.07.2007","14,54","14,42","14,54","14,42","1,66K","0,69%"
"03.07.2007","14,44","14,41","14,44","14,39","48,27K","0,42%"
"02.07.2007","14,38","14,34","14,38","14,28","30,16K","-0,21%"
"29.06.2007","14,41","14,35","14,41","14,35","4,10K","0,07%"
"28.06.2007","14,40","14,42","14,42","14,40","4,56K","0,98%"
"27.06.2007","14,26","14,26","14,26","14,26","0,28K","-0,70%"
"25.06.2007","14,36","14,33","14,36","14,29","12,65K","-0,42%"
"22.06.2007","14,42","14,46","14,46","14,42","3,24K","0,42%"
"21.06.2007","14,36","14,45","14,45","14,36","3,10K","-0,83%"
"20.06.2007","14,48","14,54","14,55","14,48","1,43K","-0,14%"
"19.06.2007","14,50","14,50","14,53","14,50","3,15K","-0,34%"
"18.06.2007","14,55","14,57","14,57","14,55","7,53K","-0,21%"
"15.06.2007","14,58","14,50","14,58","14,50","3,70K","0,90%"
"14.06.2007","14,45","14,44","14,45","14,44","2,68K","0,63%"
"13.06.2007","14,36","14,31","14,36","14,31","1,11K","0,70%"
"12.06.2007","14,26","14,29","14,29","14,26","0,77K","0,00%"
"11.06.2007","14,26","14,31","14,32","14,26","0,69K","0,56%"
"08.06.2007","14,18","14,23","14,23","14,18","0,40K","-0,56%"
"07.06.2007","14,26","14,20","14,26","14,20","0,66K","-0,07%"
"06.06.2007","14,27","14,30","14,30","14,27","0,74K","-0,07%"
"05.06.2007","14,28","14,38","14,38","14,28","2,68K","-0,35%"
"04.06.2007","14,33","14,38","14,38","14,33","2,68K","-0,97%"
"01.06.2007","14,47","14,42","14,49","14,42","25,47K","0,84%"
"31.05.2007","14,35","14,33","14,37","14,33","6,74K","1,77%"
"30.05.2007","14,10","14,12","14,13","14,10","1,11K","-0,35%"
"29.05.2007","14,15","14,08","14,15","14,08","6,13K","0,14%"
"25.05.2007","14,13","14,04","14,13","14,04","5,14K","-1,26%"
"23.05.2007","14,31","14,28","14,39","14,28","35,60K","0,70%"
"22.05.2007","14,21","14,21","14,21","14,21","0,15K","0,71%"
"21.05.2007","14,11","14,10","14,11","14,10","2,68K","0,36%"
"18.05.2007","14,06","13,97","14,06","13,97","1,28K","1,30%"
"16.05.2007","13,88","13,88","13,88","13,88","0,50K","-1,56%"
"14.05.2007","14,10","14,14","14,14","14,06","2,41K","0,86%"
"11.05.2007","13,98","13,99","13,99","13,93","1,39K","-0,43%"
"10.05.2007","14,04","14,06","14,06","14,04","1,20K","0,14%"
"09.05.2007","14,02","14,03","14,03","13,99","4,03K","0,29%"
"08.05.2007","13,98","13,97","13,98","13,97","0,33K","0,22%"
"07.05.2007","13,95","13,95","13,95","13,95","0,30K","-0,50%"
"04.05.2007","14,02","14,00","14,02","14,00","1,30K","0,14%"
"03.05.2007","14,00","14,00","14,00","14,00","1,45K","0,86%"
"02.05.2007","13,88","13,88","13,88","13,88","0,01K","-0,43%"
"30.04.2007","13,94","13,94","13,94","13,94","0,68K","0,72%"
"27.04.2007","13,84","13,90","13,90","13,81","21,47K","-0,93%"
"26.04.2007","13,97","13,85","13,97","13,85","216,93K","2,05%"
"25.04.2007","13,69","13,69","13,69","13,69","1,00K","0,74%"
"24.04.2007","13,59","13,64","13,64","13,59","0,70K","-0,07%"
"23.04.2007","13,60","13,65","13,65","13,60","1,07K","-0,15%"
"20.04.2007","13,62","13,62","13,62","13,62","10,00K","1,64%"
"19.04.2007","13,40","13,42","13,43","13,40","8,29K","-0,67%"
"18.04.2007","13,49","13,49","13,49","13,49","0,10K","0,07%"
"16.04.2007","13,48","13,40","13,48","13,40","2,10K","0,37%"
"13.04.2007","13,43","13,43","13,43","13,40","1,77K","-0,59%"
"10.04.2007","13,51","13,51","13,51","13,51","1,46K","0,07%"
"05.04.2007","13,50","13,50","13,50","13,50","0,01K","0,00%"
"04.04.2007","13,50","13,50","13,50","13,50","1,10K","1,28%"
"02.04.2007","13,33","13,33","13,33","13,33","0,01K","0,15%"
"30.03.2007","13,31","13,31","13,31","13,31","1,00K","-0,52%"
"29.03.2007","13,38","13,38","13,38","13,38","0,19K","-0,67%"
"27.03.2007","13,47","13,49","13,49","13,47","0,64K","-0,59%"
"23.03.2007","13,55","13,54","13,55","13,54","0,43K","1,80%"
"20.03.2007","13,31","13,31","13,31","13,31","0,55K","0,53%"
"15.03.2007","13,24","13,27","13,27","13,24","2,69K","2,48%"
"14.03.2007","12,92","13,03","13,05","12,92","43,20K","-3,44%"
"08.03.2007","13,38","13,35","13,38","13,35","0,48K","1,36%"
"06.03.2007","13,20","13,23","13,23","13,20","14,39K","0,15%"
"05.03.2007","13,18","13,01","13,18","12,98","2,59K","-0,90%"
"01.03.2007","13,30","13,40","13,40","13,11","19,62K","-0,52%"
"28.02.2007","13,37","13,28","13,37","13,28","18,42K","-1,84%"
"27.02.2007","13,62","13,76","13,76","13,59","10,97K","-3,13%"
"26.02.2007","14,06","13,99","14,06","13,99","11,22K","0,00%"
"23.02.2007","14,06","14,10","14,10","14,06","0,65K","0,00%"
"22.02.2007","14,06","14,06","14,06","14,06","1,15K","0,79%"
"21.02.2007","13,95","13,95","13,95","13,95","1,21K","0,50%"
"16.02.2007","13,88","13,88","13,88","13,88","0,15K","0,43%"
"15.02.2007","13,82","13,84","13,84","13,82","0,60K","0,51%"
"14.02.2007","13,75","13,69","13,75","13,68","71,00K","0,22%"
"13.02.2007","13,72","13,70","13,72","13,61","49,47K","-0,58%"
"12.02.2007","13,80","13,76","13,80","13,76","2,24K","-1,43%"
"09.02.2007","14,00","14,00","14,00","14,00","0,67K","1,30%"
"08.02.2007","13,82","13,97","13,97","13,82","26,24K","-0,29%"
"07.02.2007","13,86","14,00","14,00","13,84","78,95K","0,00%"
"06.02.2007","13,86","13,94","13,94","13,86","24,74K","-0,43%"
"05.02.2007","13,92","13,92","13,92","13,92","0,10K","0,22%"
"02.02.2007","13,89","13,79","13,89","13,79","2,11K","1,98%"
"31.01.2007","13,62","13,77","13,77","13,62","1,05K","-1,23%"
"30.01.2007","13,79","13,76","13,79","13,72","7,89K","-1,29%"
"25.01.2007","13,97","13,94","13,97","13,94","4,70K","1,31%"
"24.01.2007","13,79","13,79","13,79","13,79","2,06K","0,88%"
"23.01.2007","13,67","13,74","13,76","13,67","5,55K","-0,44%"
"22.01.2007","13,73","13,93","13,93","13,73","4,38K","-1,44%"
"19.01.2007","13,93","13,93","13,93","13,93","0,73K","-0,14%"
"18.01.2007","13,95","14,00","14,00","13,95","5,41K","-2,11%"
"17.01.2007","14,25","14,27","14,27","14,25","20,60K","0,07%"
"16.01.2007","14,24","14,30","14,30","14,24","9,11K","-0,63%"
"15.01.2007","14,33","14,31","14,33","14,31","3,60K","0,70%"
"12.01.2007","14,23","14,25","14,27","14,23","23,00K","0,92%"
"11.01.2007","14,10","14,08","14,10","14,08","1,75K","1,59%"
"10.01.2007","13,88","13,80","13,88","13,78","10,93K","0,58%"
"09.01.2007","13,80","13,77","13,86","13,77","30,63K","0,58%"
"08.01.2007","13,72","13,76","13,76","13,68","20,45K","0,00%"
"05.01.2007","13,72","13,68","13,75","13,68","14,14K","0,22%"
"04.01.2007","13,69","13,69","13,69","13,69","10,00K","0,88%"
"03.01.2007","13,57","13,35","13,57","13,35","6,05K","1,34%"
"29.12.2006","13,39","13,39","13,39","13,39","0,09K","-0,30%"
"28.12.2006","13,43","13,40","13,43","13,34","3,08K","0,07%"
"27.12.2006","13,42","13,42","13,42","13,42","1,80K","0,30%"
"22.12.2006","13,38","13,38","13,38","13,38","0,10K","-1,25%"
"21.12.2006","13,55","13,50","13,55","13,50","44,08K","-0,51%"
"20.12.2006","13,62","13,53","13,62","13,53","2,31K","0,96%"
"19.12.2006","13,49","13,49","13,49","13,49","1,06K","-2,74%"
"18.12.2006","13,87","13,83","13,90","13,70","46,22K","0,29%"
"15.12.2006","13,83","13,82","13,83","13,82","1,46K","2,29%"
"14.12.2006","13,52","13,52","13,52","13,52","0,09K","0,22%"
"13.12.2006","13,49","13,44","13,49","13,44","3,05K","-0,66%"
"07.12.2006","13,58","13,58","13,58","13,58","0,04K","0,22%"
"06.12.2006","13,55","13,52","13,55","13,52","1,50K","-0,15%"
"05.12.2006","13,57","13,58","13,58","13,57","25,76K","1,27%"
"04.12.2006","13,40","13,40","13,40","13,40","2,00K","0,45%"
"01.12.2006","13,34","13,58","13,58","13,34","1,49K","-2,20%"
"30.11.2006","13,64","13,64","13,64","13,64","0,37K","0,00%"
"29.11.2006","13,64","13,64","13,64","13,64","0,73K","1,49%"
"28.11.2006","13,44","13,53","13,53","13,44","2,95K","-1,54%"
"27.11.2006","13,65","13,89","13,89","13,65","37,50K","-1,23%"
"24.11.2006","13,82","14,05","14,05","13,82","35,43K","-2,12%"
"22.11.2006","14,12","14,12","14,12","14,12","0,07K","0,79%"
"20.11.2006","14,01","14,01","14,01","14,01","0,05K","-0,99%"
"17.11.2006","14,15","14,15","14,15","14,15","0,40K","0,35%"
"16.11.2006","14,10","14,04","14,10","14,02","30,25K","0,79%"
"15.11.2006","13,99","13,99","14,02","13,99","1,90K","1,38%"
"14.11.2006","13,80","13,82","13,82","13,80","0,83K","0,95%"
"13.11.2006","13,67","13,64","13,68","13,64","31,65K","-0,94%"
"09.11.2006","13,80","13,78","13,80","13,78","1,31K","1,47%"
"08.11.2006","13,60","13,60","13,60","13,60","0,60K","0,15%"
"07.11.2006","13,58","13,58","13,58","13,58","0,30K","0,97%"
"06.11.2006","13,45","13,45","13,45","13,45","0,20K","0,30%"
"03.11.2006","13,41","13,41","13,41","13,41","0,30K","-1,32%"
"01.11.2006","13,59","13,62","13,62","13,59","0,33K","-0,59%"
"31.10.2006","13,67","13,65","13,67","13,65","30,95K","0,66%"
"30.10.2006","13,58","13,58","13,58","13,58","10,00K","-1,38%"
"27.10.2006","13,77","13,75","13,77","13,75","0,93K","0,51%"
"26.10.2006","13,70","13,73","13,73","13,70","2,88K","0,22%"
"25.10.2006","13,67","13,67","13,67","13,67","1,00K","-0,65%"
"24.10.2006","13,76","13,76","13,76","13,76","0,15K","1,18%"
"20.10.2006","13,60","13,82","13,82","13,60","69,90K","-0,15%"
"19.10.2006","13,62","13,53","13,62","13,53","0,21K","-0,29%"
"18.10.2006","13,66","13,68","13,68","13,66","88,36K","-0,94%"
"17.10.2006","13,79","13,79","13,79","13,79","0,40K","-0,36%"
"16.10.2006","13,84","13,81","13,84","13,81","4,50K","0,65%"
"13.10.2006","13,75","13,71","13,75","13,69","21,78K","1,55%"
"12.10.2006","13,54","13,46","13,54","13,46","0,85K","0,52%"
"11.10.2006","13,47","13,45","13,48","13,41","382,75K","1,05%"
"09.10.2006","13,33","13,33","13,33","13,33","29,98K","-0,82%"
"06.10.2006","13,44","13,35","13,44","13,35","64,49K","1,05%"
"05.10.2006","13,30","13,24","13,30","13,23","56,64K","1,92%"
"04.10.2006","13,05","13,05","13,05","13,05","5,00K","0,38%"
"02.10.2006","13,00","13,08","13,08","13,00","2,03K","-1,29%"
"29.09.2006","13,17","13,17","13,17","13,17","10,00K","0,61%"
"27.09.2006","13,09","13,09","13,11","13,09","70,50K","2,19%"
"22.09.2006","12,81","12,81","12,81","12,81","3,85K","-1,08%"
"21.09.2006","12,95","12,95","12,95","12,95","2,00K","0,15%"
"20.09.2006","12,93","12,93","12,93","12,93","0,38K","0,54%"
"19.09.2006","12,86","12,86","12,86","12,86","0,20K","0,70%"
"14.09.2006","12,77","12,77","12,77","12,77","2,00K","-0,08%"
"13.09.2006","12,78","12,78","12,78","12,78","0,08K","2,57%"
"12.09.2006","12,46","12,46","12,46","12,46","15,00K","1,30%"
"11.09.2006","12,30","12,33","12,35","12,30","50,08K","-0,89%"
"08.09.2006","12,41","12,41","12,41","12,41","1,00K","0,40%"
"07.09.2006","12,36","12,28","12,36","12,28","20,15K","-0,88%"
"06.09.2006","12,47","12,47","12,47","12,47","5,00K","0,48%"
"05.09.2006","12,41","12,41","12,41","12,41","5,00K","-0,88%"
"01.09.2006","12,52","12,40","12,52","12,40","20,23K","1,21%"
"31.08.2006","12,37","12,37","12,37","12,37","5,00K","1,06%"
"29.08.2006","12,24","12,24","12,24","12,24","0,16K","0,33%"
"25.08.2006","12,20","12,20","12,20","12,20","0,45K","0,16%"
"23.08.2006","12,18","12,18","12,18","12,18","0,84K","0,74%"
"21.08.2006","12,09","12,09","12,09","12,09","10,00K","-1,39%"
"18.08.2006","12,26","12,26","12,26","12,26","0,20K","0,33%"
"17.08.2006","12,22","12,22","12,22","12,22","0,08K","1,58%"
"16.08.2006","12,03","12,03","12,03","12,03","1,65K","2,04%"
"15.08.2006","11,79","11,79","11,79","11,79","0,04K","0,77%"
"11.08.2006","11,70","11,70","11,70","11,70","0,87K","0,09%"
"09.08.2006","11,69","11,61","11,69","11,61","1,20K","-0,09%"
"08.08.2006","11,70","11,70","11,70","11,70","12,73K","0,60%"
"03.08.2006","11,63","11,75","11,75","11,63","6,71K","-1,77%"
"01.08.2006","11,84","11,84","11,84","11,84","0,04K","0,34%"
"27.07.2006","11,80","11,80","11,80","11,80","0,15K","0,00%"
"20.07.2006","11,80","11,86","11,86","11,80","20,00K","0,68%"
"13.07.2006","11,72","11,72","11,72","11,72","5,00K","-2,50%"
"12.07.2006","12,02","12,09","12,09","12,02","6,92K","0,17%"
"07.07.2006","12,00","12,16","12,17","12,00","2,96K","-2,44%"
"05.07.2006","12,30","12,30","12,30","12,30","0,20K","-0,73%"
"04.07.2006","12,39","12,39","12,39","12,39","0,20K","-0,80%"
"30.06.2006","12,49","12,49","12,49","12,49","0,40K","-0,24%"
"22.06.2006","12,52","12,52","12,52","12,52","1,00K","3,13%"
"14.06.2006","12,14","12,12","12,14","12,12","36,40K","-2,57%"
"09.06.2006","12,46","12,41","12,46","12,41","20,75K","2,55%"
"08.06.2006","12,15","12,15","12,15","12,15","0,35K","-2,80%"
"30.05.2006","12,50","12,50","12,50","12,50","0,25K","-0,32%"
"26.05.2006","12,54","12,54","12,54","12,54","0,15K","0,97%"
"23.05.2006","12,42","12,42","12,42","12,42","0,50K","-0,96%"
"19.05.2006","12,54","12,54","12,54","12,54","0,50K","-6,14%"
"11.05.2006","13,36","13,36","13,36","13,36","3,79K","-0,89%"
"08.05.2006","13,48","13,48","13,48","13,48","0,80K","0,15%"
"05.05.2006","13,46","13,46","13,46","13,46","20,00K","-1,39%"
"28.04.2006","13,65","13,66","13,66","13,65","0,44K","-0,87%"
"26.04.2006","13,77","13,77","13,77","13,77","3,65K","-0,29%"
"24.04.2006","13,81","13,74","13,81","13,74","10,78K","-1,92%"
"20.04.2006","14,08","14,08","14,08","14,08","0,80K","1,29%"
"18.04.2006","13,90","13,90","13,90","13,90","0,05K","-1,56%"