"Fecha","Último","Apertura","Máximo","Mínimo","Vol.","% var."
"11.08.2026","371,98","373,78","378,36","369,70","14,39K","-0,45%"
"10.08.2026","373,65","379,50","381,78","372,36","10,23K","-0,76%"
"07.08.2026","376,53","367,17","377,12","366,45","21,01K","2,49%"
"06.08.2026","367,38","364,81","371,91","356,00","15,95K","-2,43%"
"05.08.2026","376,53","382,52","386,00","371,10","20,66K","1,62%"
"04.08.2026","370,52","351,96","371,87","349,00","26,03K","8,90%"
"03.08.2026","340,24","333,68","341,51","324,50","21,22K","6,01%"
"31.07.2026","320,96","329,57","339,29","317,23","23,14K","1,46%"
"30.07.2026","316,33","300,55","322,77","294,83","56,19K","4,02%"
"29.07.2026","304,11","315,07","320,00","302,00","24,65K","-4,29%"
"28.07.2026","317,73","317,48","320,41","305,50","35,03K","-0,69%"
"27.07.2026","319,94","342,85","344,86","317,00","23,96K","-4,93%"
"24.07.2026","336,53","339,00","343,63","328,00","29,28K","-0,12%"
"23.07.2026","336,94","355,99","358,38","334,95","31,32K","-7,68%"
"22.07.2026","364,98","357,35","366,33","353,00","14,45K","-0,11%"
"21.07.2026","365,39","359,66","365,85","356,80","11,82K","3,00%"
"20.07.2026","354,75","347,22","361,27","346,25","21,76K","2,98%"
"17.07.2026","344,49","344,47","349,90","332,30","40,60K","-6,83%"
"16.07.2026","369,74","377,41","377,41","363,00","17,47K","-1,95%"
"15.07.2026","377,10","393,01","394,13","374,00","19,07K","-1,93%"
"14.07.2026","384,54","376,78","389,99","375,00","23,43K","0,68%"
"13.07.2026","381,94","379,86","384,21","374,00","20,40K","-2,55%"
"10.07.2026","391,93","385,60","391,93","381,00","14,85K","1,08%"
"09.07.2026","387,76","378,11","389,50","377,00","15,77K","7,94%"
"08.07.2026","359,25","366,69","371,91","352,19","27,74K","-1,68%"
"07.07.2026","365,38","382,16","382,55","362,53","30,00K","-7,56%"
"06.07.2026","395,28","386,92","396,99","385,00","17,52K","1,65%"
"03.07.2026","388,88","386,16","390,66","385,51","4,61K","2,10%"
"02.07.2026","380,90","391,11","404,99","375,02","33,92K","-6,69%"
"01.07.2026","408,22","408,85","411,05","395,51","15,96K","-0,42%"
"30.06.2026","409,94","399,34","411,00","394,90","24,77K","6,61%"
"29.06.2026","384,52","378,15","387,00","367,00","24,09K","1,57%"
"26.06.2026","378,57","375,30","380,09","362,63","25,87K","-0,68%"
"25.06.2026","381,16","400,36","405,80","366,03","28,19K","-1,68%"
"24.06.2026","387,67","388,04","392,00","378,00","13,56K","0,10%"
"23.06.2026","387,28","393,62","399,95","380,77","37,92K","-7,47%"
"22.06.2026","418,56","424,77","434,17","412,99","12,26K","-0,64%"
"19.06.2026","421,27","417,11","422,00","415,99","12,45K","1,03%"
"18.06.2026","416,98","409,85","421,37","408,60","21,36K","2,44%"
"17.06.2026","407,05","412,19","413,64","402,50","11,03K","-1,26%"
"16.06.2026","412,23","424,78","430,31","410,38","24,26K","-2,89%"
"15.06.2026","424,48","412,40","425,35","412,12","38,81K","8,32%"
"12.06.2026","391,87","378,62","395,00","376,00","30,35K","8,37%"
"11.06.2026","361,61","360,21","370,00","353,80","17,65K","0,49%"
"10.06.2026","359,85","366,88","377,10","353,19","20,04K","-0,69%"
"09.06.2026","362,35","394,85","400,53","361,75","23,10K","-7,28%"
"08.06.2026","390,82","373,77","397,06","373,25","34,80K","-1,75%"
"05.06.2026","397,80","412,68","417,56","397,80","24,30K","-6,71%"
"04.06.2026","426,39","430,84","432,27","414,50","15,52K","-2,08%"
"03.06.2026","435,44","437,53","443,00","430,00","23,70K","-0,13%"
"02.06.2026","436,00","429,64","436,00","426,00","18,44K","1,32%"
"01.06.2026","430,30","431,04","431,89","421,00","23,73K","1,61%"
"29.05.2026","423,50","421,86","429,78","418,99","29,13K","1,18%"
"28.05.2026","418,56","405,77","419,81","404,22","12,58K","2,97%"
"27.05.2026","406,50","412,00","422,48","403,20","28,84K","-0,63%"
"26.05.2026","409,07","401,67","414,65","398,09","40,35K","0,85%"
"25.05.2026","405,64","407,00","407,98","404,77","20,41K","2,00%"
"22.05.2026","397,68","391,31","398,00","387,90","32,22K","4,69%"
"21.05.2026","379,87","380,56","387,59","376,65","21,85K","-0,49%"
"20.05.2026","381,73","371,92","382,94","371,30","13,22K","5,33%"
"19.05.2026","362,42","369,42","373,99","357,80","22,47K","-2,06%"
"18.05.2026","370,05","374,57","384,46","368,00","25,90K","-3,40%"
"15.05.2026","383,07","385,23","387,89","374,00","18,01K","-3,70%"
"14.05.2026","397,80","390,59","398,78","385,63","49,72K","4,79%"
"13.05.2026","379,60","379,18","384,68","371,00","35,05K","4,52%"
"12.05.2026","363,17","374,47","378,00","361,01","24,48K","-4,82%"
"11.05.2026","381,58","377,76","382,02","375,58","39,94K","2,30%"
"08.05.2026","372,99","360,51","373,16","359,96","45,34K","2,91%"
"07.05.2026","362,43","356,79","363,70","355,12","33,13K","3,08%"
"06.05.2026","351,59","343,31","352,34","342,60","58,16K","4,43%"
"05.05.2026","336,66","328,77","337,14","328,30","31,91K","4,24%"
"04.05.2026","322,98","327,90","330,17","320,51","27,45K","3,65%"
"30.04.2026","311,62","308,55","316,92","304,00","25,99K","1,18%"
"29.04.2026","307,99","307,50","309,19","303,00","14,77K","3,20%"
"28.04.2026","298,43","309,56","310,22","298,43","22,99K","-3,58%"
"27.04.2026","309,52","312,26","314,06","307,58","17,48K","0,09%"
"24.04.2026","309,25","302,56","310,00","301,71","44,45K","1,99%"
"23.04.2026","303,23","298,07","303,50","295,50","37,20K","1,85%"
"22.04.2026","297,72","292,05","298,10","290,50","36,99K","2,98%"
"21.04.2026","289,10","290,97","294,02","286,80","28,68K","0,51%"
"20.04.2026","287,63","287,23","291,50","283,53","19,93K","-1,43%"
"17.04.2026","291,80","280,56","291,80","280,00","57,71K","4,23%"
"16.04.2026","279,97","279,61","281,36","274,21","34,68K","3,48%"
"15.04.2026","270,56","264,98","271,20","263,68","41,04K","3,91%"
"14.04.2026","260,39","253,70","260,79","253,70","50,75K","5,37%"
"13.04.2026","247,13","241,99","248,39","240,73","24,95K","-0,11%"
"10.04.2026","247,40","245,17","248,89","244,42","30,98K","2,37%"
"09.04.2026","241,67","239,82","241,67","237,58","22,89K","0,99%"
"08.04.2026","239,30","242,50","245,23","236,50","44,76K","11,04%"
"07.04.2026","215,50","220,88","225,70","212,94","22,22K","-1,31%"
"02.04.2026","218,36","209,54","221,00","205,82","24,12K","-0,92%"
"01.04.2026","220,39","217,90","220,74","213,69","42,46K","9,21%"
"31.03.2026","201,81","198,06","203,69","196,55","19,07K","0,51%"
"30.03.2026","200,79","199,42","203,81","197,72","18,92K","-0,64%"
"27.03.2026","202,09","212,28","212,42","201,00","35,20K","-6,37%"
"26.03.2026","215,84","222,74","223,71","215,84","27,62K","-4,80%"
"25.03.2026","226,73","226,79","229,00","223,00","36,91K","1,60%"
"24.03.2026","223,16","226,91","227,70","219,10","20,02K","-0,20%"
"23.03.2026","223,61","212,55","238,15","211,77","68,98K","0,06%"
"20.03.2026","223,48","231,71","232,52","222,80","31,06K","-2,57%"
"19.03.2026","229,37","233,60","234,92","226,00","35,31K","-4,98%"
"18.03.2026","241,39","249,53","250,10","239,90","12,15K","-1,43%"
"17.03.2026","244,89","239,32","247,64","237,78","19,44K","1,49%"
"16.03.2026","241,30","239,78","244,08","237,66","12,93K","1,90%"
"13.03.2026","236,81","236,41","246,60","235,46","29,89K","-2,13%"
"12.03.2026","241,96","247,78","248,68","239,00","34,87K","-3,34%"
"11.03.2026","250,33","249,81","255,00","247,41","11,50K","-1,22%"
"10.03.2026","253,41","251,10","254,01","246,25","36,07K","4,87%"
"09.03.2026","241,64","230,15","242,36","228,85","29,18K","-1,23%"
"06.03.2026","244,66","253,46","253,75","239,91","20,59K","-2,29%"
"05.03.2026","250,40","251,39","256,55","249,09","26,48K","-1,09%"
"04.03.2026","253,15","240,00","254,00","238,94","35,28K","5,58%"
"03.03.2026","239,78","240,00","240,97","232,20","42,32K","-2,13%"
"02.03.2026","245,01","234,42","248,36","232,79","25,18K","-0,46%"
"27.02.2026","246,15","248,48","249,20","240,02","27,38K","-0,94%"
"26.02.2026","248,48","257,31","258,98","243,40","26,42K","-2,71%"
"25.02.2026","255,41","248,75","257,30","248,45","15,53K","3,55%"
"24.02.2026","246,65","241,52","248,29","239,00","16,30K","2,61%"
"23.02.2026","240,37","243,26","248,08","237,50","18,90K","-2,68%"
"20.02.2026","247,00","246,02","251,53","239,00","18,80K","0,87%"
"19.02.2026","244,86","247,42","248,44","241,51","15,16K","-1,84%"
"18.02.2026","249,46","242,44","249,83","240,00","13,98K","4,37%"
"17.02.2026","239,01","238,13","241,30","231,12","12,84K","0,38%"
"16.02.2026","238,11","241,77","243,64","237,00","6,85K","-1,27%"
"13.02.2026","241,17","239,14","243,99","234,50","20,43K","-0,10%"
"12.02.2026","241,40","256,80","258,50","241,14","15,45K","-4,25%"
"11.02.2026","252,11","253,00","260,00","248,96","18,00K","-1,38%"
"10.02.2026","255,65","255,18","258,86","252,97","17,35K","-0,19%"
"09.02.2026","256,13","252,09","256,25","244,60","20,41K","2,91%"
"06.02.2026","248,88","234,37","248,88","233,71","18,39K","2,64%"
"05.02.2026","242,47","250,45","251,73","234,56","32,71K","-3,17%"
"04.02.2026","250,40","262,09","263,06","250,00","28,43K","-4,91%"
"03.02.2026","263,32","279,23","279,90","263,00","22,31K","-4,59%"
"02.02.2026","275,99","258,32","276,39","257,82","22,37K","1,78%"
"30.01.2026","271,16","267,50","275,15","266,40","21,98K","1,86%"
"29.01.2026","266,21","282,98","284,40","261,80","20,30K","-5,73%"
"28.01.2026","282,38","285,10","285,90","281,38","20,48K","1,40%"
"27.01.2026","278,47","278,19","279,00","274,00","12,46K","1,40%"
"26.01.2026","274,63","269,56","274,63","265,70","12,20K","0,46%"
"23.01.2026","273,37","271,00","275,99","267,00","16,43K","0,95%"
"22.01.2026","270,81","270,00","273,60","267,07","19,25K","2,71%"
"21.01.2026","263,67","257,03","265,70","251,60","23,41K","0,27%"
"20.01.2026","262,97","259,15","263,37","253,39","23,94K","-0,05%"
"19.01.2026","263,11","264,50","265,73","260,00","21,04K","-4,72%"
"16.01.2026","276,15","280,16","281,30","272,60","14,43K","-2,08%"
"15.01.2026","282,02","274,11","283,50","274,11","29,07K","4,70%"
"14.01.2026","269,37","280,00","280,38","267,05","27,27K","-4,65%"
"13.01.2026","282,50","280,92","285,50","278,23","14,39K","0,31%"
"12.01.2026","281,63","275,24","282,22","271,73","20,21K","0,52%"
"09.01.2026","280,16","274,06","281,00","273,34","17,70K","2,96%"
"08.01.2026","272,10","275,99","278,00","270,50","14,21K","-2,96%"
"07.01.2026","280,39","276,02","281,20","274,71","14,60K","2,38%"
"06.01.2026","273,88","270,59","276,22","267,66","10,59K","0,53%"
"05.01.2026","272,43","267,01","273,20","266,84","9,49K","3,19%"
"02.01.2026","264,00","271,00","275,82","260,08","24,51K","-3,61%"
"30.12.2025","273,90","272,17","274,30","271,21","16,41K","0,59%"
"29.12.2025","272,29","274,56","275,40","270,50","17,25K","-0,34%"
"23.12.2025","273,22","271,35","273,41","268,60","9,72K","0,41%"
"22.12.2025","272,10","272,93","274,79","269,94","13,98K","1,51%"
"19.12.2025","268,04","263,14","269,55","260,40","15,83K","2,36%"
"18.12.2025","261,85","252,15","263,50","251,80","17,63K","3,94%"
"17.12.2025","251,92","264,08","267,16","251,77","24,13K","-2,73%"
"16.12.2025","258,99","255,39","262,00","254,74","19,58K","-2,01%"
"15.12.2025","264,31","267,24","271,15","259,45","19,94K","-0,17%"
"12.12.2025","264,75","280,39","280,99","263,18","21,50K","-3,55%"
"11.12.2025","274,49","276,24","281,68","271,40","22,78K","-2,59%"
"10.12.2025","281,79","284,31","285,10","278,14","12,17K","-0,59%"
"09.12.2025","283,46","283,80","284,25","279,80","14,31K","0,49%"
"08.12.2025","282,07","286,34","288,77","281,90","17,59K","-0,42%"
"05.12.2025","283,27","284,62","289,00","279,77","28,83K","1,28%"
"04.12.2025","279,69","281,89","284,00","277,23","13,11K","0,29%"
"03.12.2025","278,87","282,37","282,95","274,15","14,85K","0,71%"
"02.12.2025","276,90","273,06","283,50","272,86","27,83K","1,15%"
"01.12.2025","273,76","270,54","274,90","267,97","14,67K","-0,62%"
"28.11.2025","275,47","274,37","276,99","270,30","19,74K","1,29%"
"27.11.2025","271,96","272,45","273,11","271,71","5,56K","-0,22%"
"26.11.2025","272,57","269,20","273,13","266,91","34,23K","5,47%"
"25.11.2025","258,44","261,21","262,61","250,44","23,05K","-0,51%"
"24.11.2025","259,77","248,03","260,16","244,89","24,87K","8,25%"
"21.11.2025","239,97","236,49","243,27","231,60","54,64K","-7,94%"
"20.11.2025","260,68","269,34","274,40","260,68","36,47K","2,28%"
"19.11.2025","254,87","250,99","263,46","250,30","19,78K","0,74%"
"18.11.2025","253,00","255,15","258,95","244,90","26,56K","-5,10%"
"17.11.2025","266,61","273,62","274,80","261,90","28,27K","-1,30%"
"14.11.2025","270,13","262,75","271,68","251,00","41,53K","-0,22%"
"13.11.2025","270,72","285,00","285,73","268,21","19,92K","-4,24%"
"12.11.2025","282,72","289,47","291,40","280,00","18,42K","0,74%"
"11.11.2025","280,65","286,60","286,89","279,76","18,86K","-0,16%"
"10.11.2025","281,10","280,38","286,50","279,32","29,00K","9,01%"
"07.11.2025","257,87","276,96","277,30","257,20","35,19K","-6,25%"
"06.11.2025","275,05","287,35","292,78","274,72","19,47K","-5,76%"
"05.11.2025","291,86","282,35","292,30","280,81","26,46K","-0,29%"
"04.11.2025","292,70","291,68","297,00","287,94","44,60K","-2,93%"
"03.11.2025","301,52","300,36","309,00","300,36","14,59K","0,48%"
"31.10.2025","300,09","306,03","308,20","299,00","21,21K","-0,29%"
"30.10.2025","300,96","307,09","308,01","296,59","21,26K","-1,37%"
"29.10.2025","305,15","307,65","308,50","303,64","24,27K","1,73%"
"28.10.2025","299,97","295,30","300,68","294,78","26,88K","1,95%"
"27.10.2025","294,23","290,60","294,40","289,69","34,74K","4,59%"
"24.10.2025","281,33","276,74","282,30","275,60","47,03K","3,77%"
"23.10.2025","271,12","269,12","271,58","263,61","14,87K","1,91%"
"22.10.2025","266,03","274,80","275,71","266,00","10,96K","-3,10%"
"21.10.2025","274,53","273,56","275,55","271,90","15,51K","0,01%"
"20.10.2025","274,50","268,15","274,79","265,90","20,04K","7,44%"
"17.10.2025","255,50","249,92","263,39","245,50","26,19K","-3,81%"
"16.10.2025","265,61","266,00","270,00","264,25","12,29K","0,23%"
"15.10.2025","265,01","261,78","268,93","261,58","30,71K","3,11%"
"14.10.2025","257,01","256,38","258,61","248,21","26,44K","-2,43%"
"13.10.2025","263,42","260,96","264,00","258,48","38,03K","1,79%"
"10.10.2025","258,79","278,45","280,70","258,79","31,65K","-5,96%"
"09.10.2025","275,19","278,12","278,25","274,90","14,27K","0,28%"
"08.10.2025","274,42","268,56","274,80","268,50","10,61K","2,42%"
"07.10.2025","267,94","270,33","274,63","267,54","23,54K","-0,89%"
"06.10.2025","270,35","268,74","273,16","267,50","17,65K","0,59%"
"03.10.2025","268,76","270,82","271,02","266,22","17,06K","0,79%"
"02.10.2025","266,65","266,50","270,20","265,50","25,63K","1,90%"
"01.10.2025","261,67","253,19","261,90","252,69","11,90K","1,25%"
"30.09.2025","258,43","258,38","259,70","256,00","10,47K","-0,73%"
"29.09.2025","260,32","259,55","263,37","259,27","16,93K","2,55%"
"26.09.2025","253,85","254,69","257,69","250,80","15,56K","0,24%"
"25.09.2025","253,25","255,46","256,95","248,00","16,55K","-1,54%"
"24.09.2025","257,21","259,36","261,20","257,21","10,87K","-1,83%"
"23.09.2025","262,00","263,16","264,02","260,90","18,39K","0,45%"
"22.09.2025","260,83","258,82","261,61","256,35","24,26K","1,97%"
"19.09.2025","255,80","253,75","258,10","253,50","22,72K","-0,30%"
"18.09.2025","256,58","251,58","257,60","251,22","48,96K","5,07%"
"17.09.2025","244,19","247,83","248,80","244,01","7,90K","-1,37%"
"16.09.2025","247,59","250,72","252,36","247,35","26,83K","-0,39%"
"15.09.2025","248,55","246,01","249,06","243,80","31,62K","1,64%"
"12.09.2025","244,55","242,00","245,00","241,00","22,41K","0,80%"
"11.09.2025","242,60","240,01","242,72","230,10","15,02K","1,27%"
"10.09.2025","239,56","240,56","242,46","238,48","26,69K","1,75%"
"09.09.2025","235,43","236,70","237,40","233,57","8,92K","-0,95%"
"08.09.2025","237,70","234,65","237,81","234,17","15,14K","3,22%"
"05.09.2025","230,29","235,55","238,73","227,00","21,71K","0,04%"
"04.09.2025","230,19","227,75","230,10","226,35","15,09K","2,05%"
"03.09.2025","225,56","224,67","228,80","223,92","13,20K","4,02%"
"02.09.2025","216,85","226,28","226,28","215,30","26,65K","-4,77%"
"01.09.2025","227,70","226,23","227,68","225,65","4,35K","0,41%"
"29.08.2025","226,76","235,02","235,31","225,38","21,09K","-3,34%"
"28.08.2025","234,59","232,50","235,83","231,10","24,86K","0,82%"
"27.08.2025","232,68","232,11","233,49","229,80","9,68K","1,59%"
"26.08.2025","229,03","228,26","230,00","226,90","8,64K","-0,90%"
"25.08.2025","231,10","228,58","231,23","226,50","12,53K","-0,16%"
"22.08.2025","231,47","220,48","232,00","220,04","16,06K","3,91%"
"21.08.2025","222,75","225,08","225,25","219,64","15,40K","0,58%"
"20.08.2025","221,46","226,26","227,68","215,30","26,47K","-4,23%"
"19.08.2025","231,25","236,87","237,64","229,20","15,58K","-2,09%"
"18.08.2025","236,18","237,89","238,08","235,80","8,91K","-1,99%"
"14.08.2025","240,98","241,05","244,00","237,87","19,08K","0,19%"
"13.08.2025","240,52","242,36","245,00","239,69","30,57K","0,79%"
"12.08.2025","238,64","234,66","239,50","232,81","30,10K","0,41%"
"11.08.2025","237,67","236,75","238,00","234,33","30,83K","1,90%"
"08.08.2025","233,23","230,70","235,00","230,09","19,29K","1,36%"
"07.08.2025","230,09","228,03","234,40","228,03","35,92K","2,39%"
"06.08.2025","224,72","222,12","224,92","219,40","15,14K","1,68%"
"05.08.2025","221,00","227,91","228,75","220,95","27,33K","-0,82%"
"04.08.2025","222,83","216,67","224,00","216,35","25,63K","3,94%"
"01.08.2025","214,39","227,23","227,44","211,26","47,70K","-9,08%"
"31.07.2025","235,81","242,52","244,50","233,68","32,63K","1,20%"
"30.07.2025","233,02","231,91","234,50","230,80","11,32K","0,79%"
"29.07.2025","231,20","233,34","236,98","231,40","26,21K","0,61%"
"28.07.2025","229,80","229,90","231,18","229,00","20,36K","1,69%"
"25.07.2025","225,97","224,94","226,00","223,85","17,78K","0,73%"
"24.07.2025","224,34","224,00","225,20","222,00","10,78K","1,73%"
"23.07.2025","220,52","221,64","222,19","218,19","12,69K","-0,07%"
"22.07.2025","220,68","224,30","224,94","217,95","13,00K","-2,28%"
"21.07.2025","225,84","223,89","227,14","222,00","25,38K","1,80%"
"18.07.2025","221,85","224,59","224,59","221,32","19,82K","-0,52%"
"17.07.2025","223,00","220,54","223,75","219,20","24,80K","5,19%"
"16.07.2025","212,00","215,60","219,05","212,00","20,64K","-4,03%"
"15.07.2025","220,90","219,14","221,83","218,91","35,26K","2,59%"
"14.07.2025","215,32","210,77","215,50","209,85","17,04K","0,84%"
"11.07.2025","213,52","214,05","215,32","211,00","12,39K","-0,81%"
"10.07.2025","215,27","214,11","217,50","212,50","25,58K","0,70%"
"09.07.2025","213,77","211,51","217,75","211,00","22,42K","1,31%"
"08.07.2025","211,01","211,93","213,33","211,00","11,28K","-0,48%"
"07.07.2025","212,02","212,58","214,48","211,18","19,44K","0,31%"
"04.07.2025","211,36","213,33","213,41","210,50","11,73K","-2,03%"
"03.07.2025","215,75","210,01","216,00","208,90","35,01K","3,48%"
"02.07.2025","208,50","207,32","209,56","202,75","25,63K","1,75%"
"01.07.2025","204,92","209,59","210,00","202,86","19,51K","-2,03%"
"30.06.2025","209,17","210,57","212,34","208,75","27,37K","0,07%"
"27.06.2025","209,03","207,21","209,50","205,88","27,37K","2,47%"
"26.06.2025","204,00","202,50","204,72","200,90","19,96K","1,04%"
"25.06.2025","201,91","200,83","204,50","200,70","25,88K","1,10%"
"24.06.2025","199,72","199,05","200,00","196,80","24,61K","5,30%"
"23.06.2025","189,67","187,09","191,75","186,34","28,81K","0,84%"
"20.06.2025","188,09","189,39","195,00","186,00","20,01K","1,95%"
"19.06.2025","184,49","189,61","193,15","183,50","22,05K","-4,28%"
"18.06.2025","192,74","191,96","194,17","190,30","13,28K","-0,64%"
"17.06.2025","193,98","193,04","194,70","189,95","14,49K","-0,74%"
"16.06.2025","195,42","190,54","196,31","189,71","14,02K","1,95%"
"13.06.2025","191,68","186,89","192,44","186,54","23,17K","-1,57%"
"12.06.2025","194,73","194,36","196,00","189,66","18,42K","-2,19%"
"11.06.2025","199,08","196,91","201,00","196,21","32,85K","2,53%"
"10.06.2025","194,16","195,08","196,49","193,00","7,63K","-0,40%"
"09.06.2025","194,94","193,38","196,88","192,95","11,76K","0,26%"
"06.06.2025","194,43","191,00","196,38","189,91","28,62K","-1,02%"
"05.06.2025","196,44","193,35","197,20","190,50","25,43K","1,74%"
"04.06.2025","193,08","192,14","194,41","190,40","13,72K","0,93%"
"03.06.2025","191,30","185,72","192,00","184,20","14,19K","4,59%"
"02.06.2025","182,90","180,77","185,39","178,00","12,95K","-0,23%"
"30.05.2025","183,32","184,04","185,85","180,76","17,78K","-1,55%"
"29.05.2025","186,20","195,42","198,14","184,50","48,51K","-0,77%"
"28.05.2025","187,65","186,67","190,00","185,32","27,07K","1,45%"
"27.05.2025","184,96","181,46","185,30","180,00","16,96K","1,92%"
"26.05.2025","181,48","180,39","182,30","180,03","17,12K","3,90%"
"23.05.2025","174,67","179,85","181,29","169,00","43,94K","-3,72%"
"22.05.2025","181,41","180,91","185,00","177,00","30,36K","-3,91%"
"21.05.2025","188,79","183,51","189,23","181,00","20,92K","0,69%"
"20.05.2025","187,50","187,58","189,40","186,01","18,60K","-0,01%"
"19.05.2025","187,52","182,56","188,71","179,50","27,80K","-1,04%"
"16.05.2025","189,50","187,54","190,91","186,92","44,32K","0,45%"
"15.05.2025","188,65","186,39","188,91","182,60","27,49K","0,69%"
"14.05.2025","187,36","186,59","187,95","183,50","21,39K","1,08%"
"13.05.2025","185,35","175,13","185,70","174,78","31,32K","6,27%"
"12.05.2025","174,41","172,60","179,46","171,99","75,57K","11,06%"
"09.05.2025","157,04","158,42","160,78","154,90","22,59K","-0,78%"
"08.05.2025","158,28","157,00","159,48","152,92","35,62K","6,87%"
"07.05.2025","148,11","151,96","152,70","147,75","30,40K","-2,23%"
"06.05.2025","151,49","151,80","152,48","146,65","28,28K","-2,33%"
"05.05.2025","155,10","154,10","155,70","151,77","22,38K","-0,68%"
"02.05.2025","156,16","151,49","156,91","149,73","43,62K","11,85%"
"30.04.2025","139,62","142,65","143,86","132,71","44,24K","-1,08%"
"29.04.2025","141,15","141,60","143,61","138,59","20,03K","2,77%"
"28.04.2025","137,34","141,80","144,00","137,20","34,86K","-0,61%"
"25.04.2025","138,18","140,54","140,93","135,60","42,27K","2,91%"
"24.04.2025","134,27","125,29","135,33","122,72","39,98K","3,36%"
"23.04.2025","129,90","125,83","134,11","125,03","47,12K","10,77%"
"22.04.2025","117,27","113,26","117,74","111,20","25,75K","-1,45%"
"17.04.2025","119,00","123,23","125,02","117,09","33,01K","-5,85%"
"16.04.2025","126,40","123,88","129,00","122,00","43,74K","-5,36%"
"15.04.2025","133,56","131,33","135,77","129,14","28,18K","1,54%"
"14.04.2025","131,54","133,70","138,21","131,00","49,55K","8,29%"
"11.04.2025","121,47","126,22","126,58","117,67","45,84K","-1,44%"
"10.04.2025","123,25","141,39","141,79","123,25","111,44K","14,68%"
"09.04.2025","107,47","107,08","112,40","99,08","110,92K","-12,38%"
"08.04.2025","122,66","117,26","128,90","115,91","110,21K","12,93%"
"07.04.2025","108,62","93,08","122,00","92,74","202,61K","-9,86%"
"04.04.2025","120,50","135,30","136,50","114,90","120,79K","-14,85%"
"03.04.2025","141,51","146,58","149,21","136,96","108,20K","-13,88%"
"02.04.2025","164,32","162,11","164,70","155,60","25,29K","1,33%"
"01.04.2025","162,16","158,78","162,90","153,57","33,10K","5,86%"
"31.03.2025","153,18","152,92","154,27","147,30","50,98K","-4,39%"
"28.03.2025","160,22","170,19","172,98","159,56","40,46K","-8,98%"
"27.03.2025","176,03","175,77","178,48","171,75","25,63K","-1,68%"
"26.03.2025","179,03","186,45","186,68","178,00","36,77K","-3,13%"
"25.03.2025","184,82","182,62","186,40","181,31","24,14K","1,27%"
"24.03.2025","182,51","177,43","183,29","177,43","32,32K","7,50%"
"21.03.2025","169,78","169,73","170,00","163,10","18,90K","0,06%"
"20.03.2025","169,68","173,84","176,00","166,50","44,69K","-0,07%"
"19.03.2025","169,80","164,48","170,80","164,30","24,75K","2,67%"
"18.03.2025","165,38","171,16","172,50","162,07","34,78K","-2,36%"
"17.03.2025","169,37","167,57","173,98","166,89","33,55K","0,54%"
"14.03.2025","168,46","163,44","170,30","163,01","39,25K","4,76%"
"13.03.2025","160,81","164,67","169,10","160,26","43,75K","-5,28%"
"12.03.2025","169,78","164,93","172,69","162,65","62,88K","4,15%"
"11.03.2025","163,01","165,63","167,61","159,50","38,28K","-3,93%"
"10.03.2025","169,68","182,49","182,70","166,88","56,42K","-3,96%"
"07.03.2025","176,68","185,08","187,13","176,29","38,57K","-8,22%"
"06.03.2025","192,51","196,50","196,50","187,60","26,76K","1,86%"
"05.03.2025","189,00","198,67","200,75","189,00","31,37K","-1,40%"
"04.03.2025","191,68","201,16","202,70","188,22","53,71K","-9,98%"
"03.03.2025","212,93","217,58","220,18","210,00","27,48K","1,86%"
"28.02.2025","209,05","207,52","211,79","202,20","31,82K","-5,83%"
"27.02.2025","222,00","226,37","231,00","215,60","21,37K","-2,97%"
"26.02.2025","228,80","226,07","229,48","223,50","24,70K","4,95%"
"25.02.2025","218,00","229,28","231,47","218,00","48,18K","-8,00%"
"24.02.2025","236,96","241,60","244,09","232,00","36,88K","-5,62%"
"21.02.2025","251,08","254,45","259,33","249,61","17,56K","-0,75%"
"20.02.2025","252,99","256,85","259,00","249,70","19,02K","-2,68%"
"19.02.2025","259,97","259,55","261,00","255,77","18,59K","0,93%"
"18.02.2025","257,58","261,50","262,50","255,97","19,93K","-0,45%"
"17.02.2025","258,75","258,85","259,84","257,61","14,78K","1,63%"
"14.02.2025","254,61","255,79","256,10","252,70","29,17K","1,13%"
"13.02.2025","251,76","247,52","253,61","244,40","35,66K","3,92%"
"12.02.2025","242,27","247,08","248,24","237,61","27,82K","-2,50%"
"11.02.2025","248,49","246,19","249,67","243,50","21,28K","-0,67%"
"10.02.2025","250,16","244,08","251,19","244,00","23,61K","2,61%"
"07.02.2025","243,80","248,76","252,47","242,00","44,10K","-1,12%"
"06.02.2025","246,55","246,14","248,90","244,17","22,28K","2,67%"
"05.02.2025","240,14","237,25","240,48","234,25","21,82K","-1,15%"
"04.02.2025","242,94","235,08","243,00","232,38","22,78K","2,60%"
"03.02.2025","236,78","228,71","237,78","226,87","37,60K","-5,31%"
"31.01.2025","250,07","245,68","252,26","245,30","30,20K","5,59%"
"30.01.2025","236,83","241,67","244,40","233,98","27,36K","0,36%"
"29.01.2025","235,99","241,87","242,53","234,65","21,62K","1,14%"
"28.01.2025","233,33","231,31","235,47","225,56","34,61K","3,41%"
"27.01.2025","225,64","229,00","232,24","209,87","81,54K","-10,52%"
"24.01.2025","252,17","252,34","255,00","250,84","17,84K","-0,17%"
"23.01.2025","252,60","251,01","252,70","249,15","13,48K","-1,25%"
"22.01.2025","255,80","249,29","255,80","248,68","35,93K","5,93%"
"21.01.2025","241,47","242,10","245,94","238,90","20,92K","-1,18%"
"20.01.2025","244,35","243,89","246,25","241,00","21,73K","0,11%"
"17.01.2025","244,07","233,55","246,40","232,94","29,00K","2,97%"
"16.01.2025","237,04","241,10","241,73","234,90","29,45K","1,26%"
"15.01.2025","234,10","221,53","236,28","221,23","29,67K","5,43%"
"14.01.2025","222,05","227,06","229,10","220,88","27,40K","1,45%"
"13.01.2025","218,87","222,18","222,88","216,00","29,54K","-2,07%"
"10.01.2025","223,50","233,39","235,93","221,50","20,49K","-4,78%"
"09.01.2025","234,73","232,04","235,49","231,55","5,06K","-0,36%"
"08.01.2025","235,57","236,00","238,57","231,50","19,57K","-1,66%"
"07.01.2025","239,55","245,48","248,90","236,38","40,21K","-4,56%"
"06.01.2025","251,00","241,92","251,80","241,92","32,33K","5,10%"
"03.01.2025","238,83","233,62","238,83","231,70","15,59K","1,56%"
"02.01.2025","235,16","234,98","239,58","230,00","26,06K","-0,17%"
"30.12.2024","235,56","242,59","243,87","230,10","29,11K","-3,03%"
"27.12.2024","242,92","250,76","253,24","238,50","34,27K","0,13%"
"23.12.2024","242,60","243,88","244,99","237,40","27,51K","-0,57%"
"20.12.2024","244,00","231,40","244,00","221,68","65,91K","1,09%"
"19.12.2024","241,38","239,34","244,00","236,76","50,59K","-8,58%"
"18.12.2024","264,04","264,14","265,95","260,00","18,82K","-0,06%"
"17.12.2024","264,19","264,43","267,50","260,58","43,07K","0,08%"
"16.12.2024","263,97","255,86","264,60","255,72","55,71K","3,69%"
"13.12.2024","254,57","254,67","259,80","251,60","28,69K","0,53%"
"12.12.2024","253,22","254,50","255,00","249,99","16,98K","-0,66%"
"11.12.2024","254,90","243,51","254,90","242,94","44,05K","4,22%"
"10.12.2024","244,57","243,09","249,03","242,75","26,82K","0,12%"
"09.12.2024","244,27","250,70","251,20","241,60","34,37K","-1,67%"
"06.12.2024","248,41","243,47","249,30","242,00","33,74K","1,35%"
"05.12.2024","245,11","244,59","246,20","244,00","26,27K","0,45%"
"04.12.2024","244,02","240,33","244,81","240,20","53,81K","3,01%"
"03.12.2024","236,89","236,83","237,00","233,00","25,34K","0,59%"
"02.12.2024","235,50","228,23","236,36","226,95","25,92K","3,45%"
"29.11.2024","227,64","224,75","227,87","222,05","9,90K","1,28%"
"28.11.2024","224,77","223,97","225,21","223,19","8,38K","2,43%"
"27.11.2024","219,43","228,08","228,08","218,00","14,06K","-3,86%"
"26.11.2024","228,24","226,00","229,72","224,98","16,61K","0,52%"
"25.11.2024","227,05","228,63","231,40","224,64","16,28K","1,20%"
"22.11.2024","224,36","223,84","227,00","221,46","23,15K","0,85%"
"21.11.2024","222,48","218,33","225,24","213,30","24,86K","3,24%"
"20.11.2024","215,49","221,81","222,50","212,00","28,60K","-0,97%"
"19.11.2024","217,60","217,43","217,60","208,00","26,17K","-0,08%"
"18.11.2024","217,77","215,11","218,34","211,62","27,23K","1,49%"
"15.11.2024","214,58","223,42","223,42","213,52","34,65K","-7,18%"
"14.11.2024","231,18","232,31","235,30","229,80","29,81K","-0,65%"
"13.11.2024","232,69","231,43","233,90","230,00","25,41K","0,05%"
"12.11.2024","232,57","233,19","235,19","231,50","23,93K","-0,09%"
"11.11.2024","232,79","234,94","237,12","231,58","45,97K","0,59%"
"08.11.2024","231,42","231,63","231,99","227,52","48,31K","1,13%"
"07.11.2024","228,83","221,68","228,83","221,60","82,25K","5,06%"
"06.11.2024","217,81","214,90","219,43","212,92","66,82K","8,54%"
"05.11.2024","200,68","195,68","200,77","195,04","18,05K","2,12%"
"04.11.2024","196,51","197,37","198,50","192,40","16,20K","-1,60%"
"01.11.2024","199,70","195,62","200,63","194,50","35,99K","2,46%"
"31.10.2024","194,90","201,92","204,70","193,47","46,00K","-8,09%"
"30.10.2024","212,06","215,84","216,34","209,23","24,33K","-0,01%"
"29.10.2024","212,08","209,19","212,88","207,10","19,26K","1,22%"
"28.10.2024","209,53","212,18","213,55","209,00","22,42K","-1,31%"
"25.10.2024","212,32","205,45","214,16","205,20","50,75K","4,00%"
"24.10.2024","204,16","204,22","206,52","203,20","22,86K","0,22%"
"23.10.2024","203,71","209,17","210,39","203,29","23,02K","-2,06%"
"22.10.2024","208,00","207,00","209,56","204,40","32,81K","1,84%"
"21.10.2024","204,25","206,43","209,55","203,37","8,10K","-1,66%"
"18.10.2024","207,70","206,50","208,50","205,81","23,04K","0,33%"
"17.10.2024","207,02","205,86","211,23","204,73","38,42K","2,54%"
"16.10.2024","201,89","203,60","204,25","198,50","23,24K","-0,97%"
"15.10.2024","203,87","210,26","211,89","202,00","21,13K","-2,36%"
"14.10.2024","208,79","204,91","212,00","204,50","29,26K","1,97%"
"11.10.2024","204,75","203,82","205,60","201,30","21,69K","-0,11%"
"10.10.2024","204,97","205,00","205,00","201,00","25,34K","0,92%"
"09.10.2024","203,11","198,11","203,11","197,10","27,43K","2,55%"
"08.10.2024","198,06","190,36","199,00","189,76","19,54K","1,03%"
"07.10.2024","196,04","196,74","197,23","193,49","20,48K","1,22%"
"04.10.2024","193,68","190,60","199,12","190,60","43,77K","1,17%"
"03.10.2024","191,44","189,38","193,65","186,35","15,40K","-0,19%"
"02.10.2024","191,80","187,92","192,49","185,40","22,38K","2,40%"
"01.10.2024","187,30","196,24","198,70","184,48","52,09K","-3,67%"
"30.09.2024","194,44","193,88","195,50","191,00","19,06K","-0,70%"
"27.09.2024","195,82","197,22","199,25","195,16","22,52K","0,61%"
"26.09.2024","194,63","201,61","204,26","194,03","46,46K","0,24%"
"25.09.2024","194,17","190,08","195,69","189,89","36,32K","1,17%"
"24.09.2024","191,92","192,97","193,77","186,44","20,08K","0,28%"
"23.09.2024","191,38","190,20","192,18","188,18","16,85K","2,90%"
"20.09.2024","185,99","189,22","190,78","185,00","25,96K","-3,04%"
"19.09.2024","191,83","186,47","193,24","185,45","43,92K","7,08%"
"18.09.2024","179,14","181,54","181,54","179,09","14,69K","-1,86%"
"17.09.2024","182,53","180,40","184,55","180,40","19,11K","2,15%"
"16.09.2024","178,69","181,75","182,89","175,94","11,80K","-2,36%"
"13.09.2024","183,01","180,92","183,15","179,80","26,22K","3,20%"
"12.09.2024","177,34","178,25","180,00","175,00","28,24K","9,63%"
"11.09.2024","161,76","164,18","167,60","158,28","26,89K","-1,25%"
"10.09.2024","163,81","159,42","164,50","158,97","21,46K","3,08%"
"09.09.2024","158,92","158,21","162,15","156,60","19,52K","1,63%"
"06.09.2024","156,37","164,35","168,38","155,17","36,10K","-5,72%"
"05.09.2024","165,86","167,14","173,14","164,29","14,38K","-2,28%"
"04.09.2024","169,73","165,68","172,19","165,20","25,58K","-3,49%"
"03.09.2024","175,87","186,98","188,05","174,27","28,22K","-6,45%"
"02.09.2024","188,00","185,34","188,50","184,45","6,08K","3,03%"
"30.08.2024","182,47","183,29","187,27","182,47","16,91K","-2,68%"
"29.08.2024","187,49","179,00","189,04","179,00","34,74K","4,45%"
"28.08.2024","179,50","186,89","188,11","178,40","16,62K","-3,17%"
"27.08.2024","185,37","185,50","187,64","181,10","19,81K","0,02%"
"26.08.2024","185,34","190,33","192,07","182,50","29,55K","-2,30%"
"23.08.2024","189,71","188,30","193,58","185,90","40,49K","-1,14%"
"22.08.2024","191,89","195,00","198,00","191,89","16,46K","-0,66%"
"21.08.2024","193,17","192,09","197,00","191,86","19,02K","0,50%"
"20.08.2024","192,21","195,29","196,50","190,47","43,92K","1,63%"
"19.08.2024","189,12","187,27","189,22","185,50","12,33K","1,35%"
"16.08.2024","186,60","190,61","190,84","184,41","46,68K","6,60%"
"14.08.2024","175,04","174,63","175,90","169,90","31,61K","1,71%"
"13.08.2024","172,10","166,75","172,10","164,00","21,03K","5,41%"
"12.08.2024","163,27","163,33","166,81","161,00","21,00K","1,79%"
"09.08.2024","160,40","159,93","164,17","157,48","40,13K","1,54%"
"08.08.2024","157,96","147,76","158,79","145,00","43,30K","-1,03%"
"07.08.2024","159,60","155,31","161,60","153,50","33,89K","3,66%"
"06.08.2024","153,97","154,66","156,00","147,10","60,90K","2,22%"
"05.08.2024","150,62","138,84","152,10","130,76","86,56K","-6,02%"
"02.08.2024","160,27","168,77","169,99","158,00","62,14K","-12,77%"
"01.08.2024","183,74","193,98","196,02","183,74","45,38K","-3,65%"
"31.07.2024","190,71","182,73","190,71","182,14","20,59K","7,36%"
"30.07.2024","177,63","183,07","185,62","177,00","19,77K","-1,60%"
"29.07.2024","180,51","185,24","187,89","180,51","84,92K","0,51%"
"26.07.2024","179,59","179,91","182,58","177,75","42,10K","-1,39%"
"25.07.2024","182,13","183,69","184,30","173,45","53,48K","-3,22%"
"24.07.2024","188,19","198,21","199,35","187,50","40,85K","-9,81%"
"23.07.2024","208,67","204,15","209,35","202,09","22,67K","3,74%"
"22.07.2024","201,15","199,83","206,73","199,00","37,31K","1,59%"
"19.07.2024","198,00","201,75","205,17","198,00","30,91K","-1,00%"
"18.07.2024","200,00","209,49","210,47","200,00","51,14K","-4,48%"
"17.07.2024","209,37","220,39","220,39","208,21","45,40K","-6,32%"
"16.07.2024","223,49","225,55","227,70","222,30","23,35K","-2,24%"
"15.07.2024","228,62","226,80","231,95","224,48","44,19K","0,70%"
"12.07.2024","227,02","221,11","227,51","217,58","34,70K","1,31%"
"11.07.2024","224,09","236,71","239,10","224,00","60,35K","-3,63%"
"10.07.2024","232,54","231,18","234,00","231,00","26,19K","0,77%"
"09.07.2024","230,76","231,10","233,00","230,48","36,90K","0,58%"
"08.07.2024","229,42","228,04","229,42","226,81","19,21K","1,46%"
"05.07.2024","226,11","221,95","226,34","221,00","35,79K","2,26%"
"04.07.2024","221,12","221,89","222,00","220,23","19,55K","0,63%"
"03.07.2024","219,74","217,22","219,90","215,50","23,73K","2,80%"
"02.07.2024","213,76","209,25","213,93","207,89","36,26K","2,40%"
"01.07.2024","208,76","209,40","209,88","204,42","39,21K","-2,35%"
"28.06.2024","213,79","214,36","219,00","212,10","51,88K","1,65%"
"27.06.2024","210,32","209,74","213,80","209,10","45,76K","0,54%"
"26.06.2024","209,18","210,82","212,82","208,33","40,30K","0,38%"
"25.06.2024","208,39","202,88","208,56","201,50","36,20K","0,56%"
"24.06.2024","207,22","210,51","211,13","204,19","14,76K","-1,64%"
"21.06.2024","210,67","212,43","212,43","208,00","24,24K","-2,67%"
"20.06.2024","216,45","219,53","221,63","214,00","42,26K","-0,36%"
"19.06.2024","217,24","216,88","217,41","216,80","14,72K","1,06%"
"18.06.2024","214,96","215,93","218,00","213,90","64,39K","1,98%"
"17.06.2024","210,78","209,82","211,02","207,85","45,16K","1,98%"
"14.06.2024","206,68","206,81","208,29","203,49","59,97K","1,14%"
"13.06.2024","204,36","205,78","206,70","202,21","69,65K","1,71%"
"12.06.2024","200,93","194,78","201,70","193,76","58,24K","5,16%"
"11.06.2024","191,07","189,48","191,78","187,60","28,95K","0,62%"
"10.06.2024","189,89","187,57","189,99","186,43","22,12K","0,85%"
"07.06.2024","188,29","187,54","189,40","184,16","49,08K","0,86%"
"06.06.2024","186,68","187,24","188,65","185,70","39,60K","1,29%"
"05.06.2024","184,30","177,03","184,50","176,87","77,44K","6,12%"
"04.06.2024","173,67","173,31","175,55","171,70","43,11K","-0,32%"
"03.06.2024","174,23","175,92","178,50","173,00","52,75K","4,55%"
"31.05.2024","166,64","173,39","175,67","166,64","39,87K","-5,74%"
"30.05.2024","176,78","177,29","179,99","175,17","38,98K","-2,88%"
"29.05.2024","182,03","181,78","182,80","179,00","14,90K","-0,60%"
"28.05.2024","183,12","183,54","184,84","180,69","42,19K","-0,29%"
"27.05.2024","183,65","182,19","183,65","181,72","13,22K","0,40%"
"24.05.2024","182,91","178,07","183,22","177,34","51,10K","-0,25%"
"23.05.2024","183,36","184,39","186,52","180,72","34,95K","1,31%"
"22.05.2024","180,99","179,62","181,30","178,80","31,53K","1,45%"
"21.05.2024","178,41","178,18","178,60","176,38","45,37K","0,05%"
"20.05.2024","178,32","175,80","178,62","175,26","41,84K","1,63%"
"17.05.2024","175,46","175,93","176,80","174,77","33,60K","-1,54%"
"16.05.2024","178,20","177,21","178,62","176,20","64,68K","2,41%"
"15.05.2024","174,00","169,65","174,20","168,81","67,35K","3,78%"
"14.05.2024","167,67","166,80","168,83","164,00","18,27K","0,52%"
"13.05.2024","166,80","167,26","167,79","165,90","31,31K","0,64%"
"10.05.2024","165,74","166,42","168,15","164,92","28,60K","0,12%"
"09.05.2024","165,54","163,73","165,54","162,50","9,63K","0,64%"
"08.05.2024","164,49","165,32","166,01","161,70","24,77K","-0,71%"
"07.05.2024","165,66","164,27","166,00","163,43","25,79K","2,36%"
"06.05.2024","161,84","159,74","162,00","159,51","46,30K","2,10%"
"03.05.2024","158,51","152,99","160,50","152,99","63,79K","6,87%"
"02.05.2024","148,32","148,51","150,46","145,50","55,06K","-4,22%"
"30.04.2024","154,86","158,01","158,07","154,14","25,10K","-1,20%"
"29.04.2024","156,74","157,86","159,30","156,53","40,01K","0,09%"
"26.04.2024","156,60","153,86","157,89","152,65","28,08K","8,37%"
"25.04.2024","144,51","146,42","147,96","143,30","30,77K","-5,03%"
"24.04.2024","152,16","153,98","155,50","151,50","68,27K","1,28%"
"23.04.2024","150,23","144,99","150,65","144,38","72,44K","6,00%"
"22.04.2024","141,73","143,41","144,68","140,19","47,74K","-1,61%"
"19.04.2024","144,05","147,04","149,90","144,00","54,34K","-6,49%"
"18.04.2024","154,05","154,90","155,17","150,50","39,83K","-0,57%"
"17.04.2024","154,93","157,89","161,24","154,93","28,46K","-3,13%"
"16.04.2024","159,93","158,63","160,58","157,00","39,56K","-4,59%"
"15.04.2024","167,62","169,54","171,80","166,85","35,92K","-1,12%"
"12.04.2024","169,52","175,40","175,50","167,53","31,73K","0,73%"
"11.04.2024","168,29","166,39","168,75","164,00","11,83K","1,50%"
"10.04.2024","165,80","169,30","171,00","161,36","29,92K","0,43%"
"09.04.2024","165,09","167,60","169,60","163,34","5,30K","-1,88%"
"08.04.2024","168,25","167,09","169,40","166,00","10,30K","0,59%"
"05.04.2024","167,27","162,90","168,33","161,16","54,64K","-3,32%"
"04.04.2024","173,01","171,40","174,66","171,00","16,92K","0,73%"
"03.04.2024","171,76","168,41","172,12","166,82","12,22K","2,13%"
"02.04.2024","168,18","170,32","175,49","166,10","32,06K","-2,79%"
"28.03.2024","173,01","173,97","174,80","172,80","12,15K","0,45%"
"27.03.2024","172,23","173,66","175,60","170,60","10,98K","-1,67%"
"26.03.2024","175,16","175,45","176,25","174,26","11,20K","0,73%"
"25.03.2024","173,89","174,81","175,22","170,86","10,42K","-0,70%"
"22.03.2024","175,12","175,39","176,48","173,40","28,07K","-1,83%"
"21.03.2024","178,39","175,66","178,50","174,57","70,88K","6,99%"
"20.03.2024","166,73","165,99","168,30","165,67","11,69K","1,11%"
"19.03.2024","164,90","164,54","166,71","160,53","16,75K","-1,06%"
"18.03.2024","166,66","162,90","168,55","162,82","25,63K","4,33%"
"15.03.2024","159,75","165,10","167,45","159,02","27,91K","-4,00%"
"14.03.2024","166,40","169,00","169,61","164,40","44,98K","-0,34%"
"13.03.2024","166,97","171,28","171,50","165,90","28,02K","-1,05%"
"12.03.2024","168,74","167,12","170,97","162,00","38,33K","2,44%"
"11.03.2024","164,72","165,23","165,98","162,18","33,82K","-3,32%"
"08.03.2024","170,37","173,18","176,80","170,00","55,15K","-1,28%"
"07.03.2024","172,58","164,75","173,10","163,70","35,10K","2,92%"
"06.03.2024","167,68","166,50","169,00","164,90","35,16K","2,08%"
"05.03.2024","164,27","171,68","171,68","163,50","35,71K","-5,87%"
"04.03.2024","174,52","176,25","177,00","174,17","37,31K","0,97%"
"01.03.2024","172,84","171,01","173,41","168,10","95,14K","3,98%"
"29.02.2024","166,22","163,53","168,58","162,11","28,58K","0,33%"
"28.02.2024","165,67","166,10","166,58","163,44","20,81K","-0,17%"
"27.02.2024","165,96","166,12","167,40","165,00","16,96K","-0,58%"
"26.02.2024","166,92","165,54","167,91","165,16","13,38K","-0,04%"
"23.02.2024","166,99","167,97","170,60","165,37","46,74K","0,48%"
"22.02.2024","166,20","162,50","166,41","162,50","37,35K","8,36%"
"21.02.2024","153,38","155,57","155,83","152,50","13,77K","-0,93%"
"20.02.2024","154,82","160,17","160,17","153,20","38,98K","-4,54%"
"19.02.2024","162,18","161,30","162,62","160,60","8,51K","-1,30%"
"16.02.2024","164,32","167,34","168,84","160,60","51,31K","0,42%"
"15.02.2024","163,64","166,31","166,66","162,41","26,96K","1,01%"
"14.02.2024","162,01","162,02","164,55","160,90","68,33K","0,08%"
"13.02.2024","161,88","166,92","167,05","157,51","58,23K","-5,45%"
"12.02.2024","171,22","168,67","171,22","168,42","45,72K","2,26%"
"09.02.2024","167,44","165,60","168,00","164,50","46,11K","1,58%"
"08.02.2024","164,84","163,78","165,25","162,68","37,27K","1,17%"
"07.02.2024","162,94","158,48","164,60","158,26","54,90K","2,62%"
"06.02.2024","158,78","161,70","162,22","157,90","41,73K","0,38%"
"05.02.2024","158,18","159,79","161,28","156,75","39,38K","-0,52%"
"02.02.2024","159,00","155,40","159,00","153,42","80,60K","7,01%"
"01.02.2024","148,58","150,07","150,69","147,83","53,86K","-0,44%"
"31.01.2024","149,23","153,18","153,27","147,57","59,79K","-5,44%"
"30.01.2024","157,82","158,69","159,89","157,00","41,14K","1,19%"
"29.01.2024","155,96","155,27","156,34","155,00","15,64K","-0,41%"
"26.01.2024","156,60","153,38","156,78","152,89","46,90K","-1,88%"
"25.01.2024","159,60","156,36","160,00","156,02","71,00K","0,71%"
"24.01.2024","158,48","156,69","159,80","156,40","56,43K","4,11%"
"23.01.2024","152,23","152,25","153,93","151,20","36,34K","-0,37%"
"22.01.2024","152,79","153,54","155,19","151,65","75,27K","4,31%"
"19.01.2024","146,48","145,13","147,20","144,90","42,28K","2,47%"
"18.01.2024","142,95","137,92","142,97","137,92","66,43K","4,66%"
"17.01.2024","136,59","136,81","138,29","133,40","31,37K","-2,86%"
"16.01.2024","140,61","135,59","141,30","135,51","41,80K","1,20%"
"15.01.2024","138,94","139,40","139,90","138,22","17,38K","0,12%"
"12.01.2024","138,77","137,59","140,33","136,63","45,57K","2,88%"
"11.01.2024","134,89","139,69","140,70","134,42","59,70K","-1,03%"
"10.01.2024","136,30","136,18","137,29","134,96","30,35K","1,15%"
"09.01.2024","134,75","133,64","134,75","131,40","28,02K","2,86%"
"08.01.2024","131,00","126,79","131,40","125,38","34,55K","2,28%"
"05.01.2024","128,08","125,95","129,04","124,71","42,21K","-0,89%"
"04.01.2024","129,23","129,74","129,79","126,50","58,11K","-0,82%"
"03.01.2024","130,30","132,34","132,86","129,11","44,41K","-2,51%"
"02.01.2024","133,66","139,31","140,12","131,89","47,53K","-2,27%"
"29.12.2023","136,77","140,96","141,47","136,54","42,91K","-2,91%"
"28.12.2023","140,87","141,00","141,73","140,04","26,69K","1,16%"
"27.12.2023","139,25","140,00","141,27","138,97","22,52K","0,37%"
"22.12.2023","138,74","136,67","139,59","136,35","69,99K","1,32%"
"21.12.2023","136,93","136,96","138,32","135,80","43,58K","-2,37%"
"20.12.2023","140,26","139,97","141,35","138,66","41,19K","0,69%"
"19.12.2023","139,30","138,23","139,68","138,20","43,74K","1,26%"
"18.12.2023","137,57","136,04","137,65","135,54","31,50K","0,36%"
"15.12.2023","137,08","134,36","137,10","134,14","81,94K","2,65%"
"14.12.2023","133,54","137,23","137,96","133,16","63,21K","1,03%"
"13.12.2023","132,18","132,23","133,35","131,90","47,47K","2,02%"
"12.12.2023","129,56","128,98","130,20","127,50","64,09K","2,46%"
"11.12.2023","126,45","124,56","127,99","124,17","45,29K","1,61%"
"08.12.2023","124,45","122,97","125,63","121,00","42,13K","1,20%"
"07.12.2023","122,98","119,23","123,01","118,74","64,14K","2,28%"
"06.12.2023","120,24","122,25","123,66","120,24","63,30K","-0,08%"
"05.12.2023","120,34","117,76","121,96","117,17","36,34K","2,59%"
"04.12.2023","117,30","120,97","121,95","116,31","30,04K","-3,19%"
"01.12.2023","121,16","120,68","121,65","119,25","33,54K","1,82%"
"30.11.2023","119,00","122,68","123,24","118,90","47,70K","-2,36%"
"29.11.2023","121,88","122,00","125,42","121,79","53,91K","-0,05%"
"28.11.2023","121,94","120,54","121,94","119,73","19,21K","0,10%"
"27.11.2023","121,82","120,84","122,42","120,40","22,85K","0,35%"
"24.11.2023","121,40","122,19","123,15","120,83","21,98K","-1,42%"
"23.11.2023","123,15","123,23","123,70","122,76","33,20K","-0,17%"
"22.11.2023","123,36","120,55","125,50","120,24","88,96K","2,87%"
"21.11.2023","119,92","122,88","123,15","119,14","36,27K","-1,14%"
"20.11.2023","121,30","118,51","121,41","118,22","29,17K","2,32%"
"17.11.2023","118,55","119,75","120,25","117,80","25,71K","0,67%"
"16.11.2023","117,76","118,99","119,51","117,61","35,23K","-2,39%"
"15.11.2023","120,64","120,00","122,50","119,91","73,87K","1,58%"
"14.11.2023","118,76","114,32","119,92","113,90","96,05K","3,94%"
"13.11.2023","114,26","113,56","114,63","112,01","59,48K","2,36%"
"10.11.2023","111,63","108,17","111,90","106,75","67,63K","0,85%"
"09.11.2023","110,69","110,15","111,21","109,44","20,11K","1,18%"
"08.11.2023","109,40","109,56","111,05","109,10","41,48K","-0,91%"
"07.11.2023","110,40","106,23","110,50","106,05","68,43K","3,88%"
"06.11.2023","106,28","105,85","107,00","105,45","48,20K","0,48%"
"03.11.2023","105,77","101,81","105,77","101,48","85,56K","3,78%"
"02.11.2023","101,92","99,45","102,20","99,44","71,77K","6,39%"
"01.11.2023","95,80","92,82","96,50","92,29","38,30K","4,22%"
"31.10.2023","91,92","90,40","92,10","89,88","69,30K","1,63%"
"30.10.2023","90,45","91,47","92,80","89,88","35,32K","-0,42%"
"27.10.2023","90,83","89,93","91,72","89,42","84,54K","1,20%"
"26.10.2023","89,75","90,00","93,22","89,45","116,78K","-6,78%"
"25.10.2023","96,28","98,75","99,52","95,71","29,27K","-3,47%"
"24.10.2023","99,74","98,93","101,05","98,00","73,89K","1,57%"
"23.10.2023","98,20","97,55","98,29","94,00","54,98K","1,00%"
"20.10.2023","97,23","100,25","101,50","97,10","56,56K","-6,74%"
"19.10.2023","104,26","104,59","106,08","103,16","43,58K","-2,67%"
"18.10.2023","107,12","107,82","108,68","106,30","27,60K","-2,11%"
"17.10.2023","109,43","110,25","110,55","105,20","46,66K","-1,05%"
"16.10.2023","110,59","107,91","111,03","106,25","43,67K","2,25%"
"13.10.2023","108,16","111,39","112,12","107,83","37,92K","-4,45%"
"12.10.2023","113,20","112,46","114,20","111,73","56,78K","2,73%"
"11.10.2023","110,19","109,96","111,65","109,60","30,72K","-1,00%"
"10.10.2023","111,30","108,35","111,30","107,69","48,04K","6,16%"
"09.10.2023","104,84","104,34","105,40","103,35","54,30K","1,50%"
"06.10.2023","103,29","101,59","103,29","98,05","62,18K","3,79%"
"05.10.2023","99,52","102,47","103,54","98,82","51,73K","-1,92%"
"04.10.2023","101,47","97,03","101,60","96,95","35,14K","1,95%"
"03.10.2023","99,53","104,75","105,51","99,53","33,15K","-5,67%"
"02.10.2023","105,51","103,34","105,60","101,05","41,58K","2,41%"
"29.09.2023","103,03","102,20","105,30","102,00","65,54K","1,88%"
"28.09.2023","101,13","99,56","101,13","97,70","55,92K","1,87%"
"27.09.2023","99,27","99,06","100,48","98,40","40,14K","0,27%"
"26.09.2023","99,00","100,85","101,60","98,37","37,52K","-2,80%"
"25.09.2023","101,85","101,67","102,26","99,40","40,82K","-1,63%"
"22.09.2023","103,54","101,42","103,74","101,40","73,46K","0,65%"
"21.09.2023","102,87","105,75","105,86","101,99","36,80K","-6,60%"
"20.09.2023","110,14","111,12","112,23","109,86","15,30K","0,62%"
"19.09.2023","109,46","111,57","112,38","108,31","19,85K","-2,36%"
"18.09.2023","112,11","112,22","112,44","110,43","24,28K","-0,22%"
"15.09.2023","112,36","118,53","118,64","112,12","38,96K","-4,46%"
"14.09.2023","117,60","115,75","118,22","114,90","84,98K","2,08%"
"13.09.2023","115,20","113,18","115,21","111,39","34,95K","0,83%"
"12.09.2023","114,25","117,08","117,08","113,90","12,66K","-0,82%"
"11.09.2023","115,19","114,95","116,40","113,90","35,24K","0,36%"
"08.09.2023","114,78","113,92","115,10","111,58","47,34K","1,91%"
"07.09.2023","112,63","114,03","114,40","110,22","45,73K","-2,35%"
"06.09.2023","115,34","117,32","117,92","114,43","33,25K","-2,63%"
"05.09.2023","118,46","117,01","119,45","115,61","92,77K","0,85%"
"04.09.2023","117,46","117,90","118,60","117,41","10,66K","0,26%"
"01.09.2023","117,16","116,70","119,80","116,48","71,28K","-0,24%"
"31.08.2023","117,44","115,49","118,87","114,81","37,49K","2,53%"
"30.08.2023","114,54","114,39","115,59","112,64","67,61K","1,30%"
"29.08.2023","113,07","108,50","113,09","107,15","60,39K","5,97%"
"28.08.2023","106,70","105,69","108,50","105,53","51,61K","3,55%"
"25.08.2023","103,04","102,60","106,51","101,17","57,84K","-2,58%"
"24.08.2023","105,77","114,35","114,66","105,74","100,09K","-3,55%"
"23.08.2023","109,66","106,48","109,91","105,29","46,22K","3,30%"
"22.08.2023","106,16","104,95","107,78","104,93","82,76K","4,61%"
"21.08.2023","101,48","100,31","103,81","100,31","43,72K","2,73%"
"18.08.2023","98,78","100,56","100,92","97,50","57,22K","-3,93%"
"17.08.2023","102,82","104,99","105,47","102,50","27,87K","-4,16%"
"16.08.2023","107,28","107,65","108,43","106,33","35,62K","-2,06%"
"14.08.2023","109,54","106,78","110,50","106,40","25,50K","3,53%"
"11.08.2023","105,81","109,36","109,59","105,81","37,69K","-4,65%"
"10.08.2023","110,97","109,78","113,29","109,50","50,39K","2,14%"
"09.08.2023","108,64","113,66","113,81","107,80","27,60K","-1,30%"
"08.08.2023","110,07","113,30","114,06","109,50","28,40K","-1,72%"
"07.08.2023","112,00","113,62","114,50","111,65","24,13K","-3,24%"
"04.08.2023","115,75","116,00","116,98","112,90","23,92K","1,01%"
"03.08.2023","114,59","113,58","115,17","112,45","39,05K","-1,22%"
"02.08.2023","116,01","119,08","120,39","115,55","53,19K","-5,69%"
"01.08.2023","123,01","123,37","123,37","121,00","17,49K","0,01%"
"31.07.2023","123,00","122,55","124,00","121,69","43,96K","-0,08%"
"28.07.2023","123,10","118,70","123,24","118,70","46,82K","0,30%"
"27.07.2023","122,73","119,38","124,49","119,20","68,36K","6,09%"
"26.07.2023","115,69","118,38","118,58","115,00","27,74K","-2,29%"
"25.07.2023","118,40","116,72","118,70","116,38","32,07K","2,18%"
"24.07.2023","115,87","115,17","117,05","114,11","63,11K","-0,91%"
"21.07.2023","116,94","116,55","118,66","115,20","62,61K","-2,57%"
"20.07.2023","120,03","121,17","122,30","118,30","69,96K","-4,43%"
"19.07.2023","125,60","123,79","125,90","123,50","66,05K","5,27%"
"18.07.2023","119,31","119,85","120,53","118,50","32,29K","-0,01%"
"17.07.2023","119,32","117,20","119,33","116,92","40,04K","-0,44%"
"14.07.2023","119,85","117,70","120,89","117,29","52,37K","3,78%"
"13.07.2023","115,49","114,09","116,04","114,04","59,81K","2,19%"
"12.07.2023","113,01","110,24","114,30","109,80","76,87K","3,98%"
"11.07.2023","108,68","109,28","109,81","107,45","24,85K","0,55%"
"10.07.2023","108,09","107,26","109,51","106,90","27,66K","-2,15%"
"07.07.2023","110,46","109,97","112,10","109,28","64,09K","1,21%"
"06.07.2023","109,14","112,12","112,54","108,28","65,57K","-4,20%"
"05.07.2023","113,92","112,03","115,20","111,15","39,22K","0,55%"
"04.07.2023","113,30","113,20","113,57","112,90","15,79K","0,83%"
"03.07.2023","112,37","113,29","114,20","112,20","47,45K","0,12%"
"30.06.2023","112,24","108,89","113,20","108,85","60,25K","3,56%"
"29.06.2023","108,38","108,47","109,78","106,63","36,77K","-0,77%"
"28.06.2023","109,22","106,16","109,88","105,60","44,32K","4,28%"
"27.06.2023","104,74","103,60","104,60","102,95","31,63K","-0,81%"
"26.06.2023","105,60","106,90","108,88","105,36","87,36K","-0,71%"
"23.06.2023","106,36","108,82","109,74","105,60","49,95K","-1,24%"
"22.06.2023","107,70","104,91","108,30","104,21","64,81K","1,08%"
"21.06.2023","106,55","110,50","111,22","105,40","48,80K","-2,71%"
"20.06.2023","109,52","110,13","112,43","108,56","57,47K","-0,89%"
"19.06.2023","110,50","111,40","112,23","110,50","13,61K","-2,39%"
"16.06.2023","113,21","112,98","115,79","112,65","48,10K","1,16%"
"15.06.2023","111,91","110,23","111,91","107,53","76,52K","1,46%"
"14.06.2023","110,30","108,85","110,82","107,50","82,78K","1,63%"
"13.06.2023","108,53","107,95","109,94","106,19","84,06K","4,64%"
"12.06.2023","103,72","102,98","103,72","102,23","49,17K","2,03%"
"09.06.2023","101,66","100,20","104,22","99,78","63,29K","1,61%"
"08.06.2023","100,05","96,48","100,24","96,20","67,50K","-0,94%"
"07.06.2023","101,00","102,54","104,50","99,90","43,17K","-1,59%"
"06.06.2023","102,63","102,73","103,47","101,42","35,80K","-2,04%"
"05.06.2023","104,77","101,80","104,77","101,80","41,95K","2,16%"
"02.06.2023","102,55","100,66","103,16","99,98","157,05K","4,25%"
"01.06.2023","98,37","96,85","98,76","95,93","82,10K","1,78%"
"31.05.2023","96,65","97,85","99,14","96,64","58,04K","-3,04%"
"30.05.2023","99,68","99,30","102,00","98,77","122,55K","1,21%"
"29.05.2023","98,49","99,02","99,18","98,26","34,45K","2,48%"
"26.05.2023","96,11","90,49","96,40","89,93","107,56K","6,66%"
"25.05.2023","90,11","88,34","90,65","87,82","74,33K","7,97%"
"24.05.2023","83,46","85,18","85,44","82,65","65,56K","-5,21%"
"23.05.2023","88,05","88,69","88,91","87,40","42,88K","-0,78%"
"22.05.2023","88,74","87,74","89,27","87,02","64,34K","1,30%"
"19.05.2023","87,60","88,53","89,22","87,70","78,85K","0,36%"
"18.05.2023","87,29","83,53","87,47","83,52","85,77K","7,01%"
"17.05.2023","81,57","80,74","82,00","80,50","78,09K","0,21%"
"16.05.2023","81,40","79,65","81,27","79,40","120,47K","2,48%"
"15.05.2023","79,43","79,40","79,80","78,19","69,08K","0,97%"
"12.05.2023","78,67","79,80","80,30","78,60","34,75K","-0,92%"
"11.05.2023","79,40","79,22","79,65","77,95","86,22K","2,08%"
"10.05.2023","77,78","76,06","78,53","75,00","68,69K","2,11%"
"09.05.2023","76,17","76,70","77,00","75,94","28,59K","0,17%"
"08.05.2023","76,04","76,13","76,51","75,46","26,31K","0,44%"
"05.05.2023","75,71","72,92","75,97","72,42","113,02K","4,34%"
"04.05.2023","72,56","73,25","73,60","71,30","65,95K","-2,04%"
"03.05.2023","74,07","74,50","75,11","74,00","99,01K","0,47%"
"02.05.2023","73,72","76,72","77,06","73,34","37,79K","-1,58%"
"28.04.2023","74,90","74,63","76,09","74,06","64,43K","1,86%"
"27.04.2023","73,53","71,11","73,60","70,90","30,48K","3,84%"
"26.04.2023","70,81","70,75","71,07","69,35","78,14K","-0,07%"
"25.04.2023","70,86","71,40","71,63","70,49","47,61K","-0,70%"
"24.04.2023","71,36","72,23","73,50","71,30","17,15K","-2,13%"
"21.04.2023","72,91","73,05","73,22","71,70","38,30K","-0,94%"
"20.04.2023","73,60","73,87","74,20","72,18","48,81K","-0,92%"
"19.04.2023","74,28","73,98","74,50","73,08","24,15K","-0,79%"
"18.04.2023","74,87","75,00","76,80","74,42","109,83K","1,37%"
"17.04.2023","73,86","74,90","75,30","73,86","29,02K","-0,01%"
"14.04.2023","73,87","74,25","75,69","73,20","48,68K","0,65%"
"13.04.2023","73,39","71,80","73,56","70,97","97,24K","1,56%"
"12.04.2023","72,26","73,00","75,72","71,45","82,87K","-1,79%"
"11.04.2023","73,58","75,12","75,69","73,13","49,86K","0,18%"
"06.04.2023","73,45","73,02","73,62","71,65","67,95K","0,25%"
"05.04.2023","73,27","75,89","75,93","72,60","52,17K","-3,50%"
"04.04.2023","75,93","76,50","78,00","75,40","117,72K","0,44%"
"03.04.2023","75,60","76,76","76,87","74,95","105,17K","-0,20%"
"31.03.2023","75,75","73,91","75,90","73,54","83,46K","3,06%"
"30.03.2023","73,50","72,58","74,10","72,41","173,68K","3,20%"
"29.03.2023","71,22","70,07","71,60","69,97","38,12K","4,55%"
"28.03.2023","68,12","70,24","70,24","67,19","52,22K","-3,85%"
"27.03.2023","70,85","72,30","72,60","70,40","88,38K","1,65%"
"24.03.2023","69,70","71,23","71,29","69,04","104,34K","-3,60%"
"23.03.2023","72,30","69,51","72,69","69,33","134,77K","1,50%"
"22.03.2023","71,23","70,46","72,25","70,14","98,05K","2,22%"
"21.03.2023","69,68","68,90","70,56","68,63","144,68K","3,69%"
"20.03.2023","67,20","67,50","68,70","66,10","166,06K","-2,14%"
"17.03.2023","68,67","69,70","71,00","67,21","218,06K","0,59%"
"16.03.2023","68,27","65,47","68,70","63,64","278,79K","9,28%"
"15.03.2023","62,47","63,00","63,90","60,02","138,84K","-0,67%"
"14.03.2023","62,89","59,63","63,30","58,50","246,69K","4,87%"
"13.03.2023","59,97","60,46","61,00","55,84","139,02K","-2,63%"
"10.03.2023","61,59","60,34","62,62","58,50","115,93K","-5,91%"
"09.03.2023","65,46","64,10","66,55","63,30","151,87K","2,57%"
"08.03.2023","63,82","63,78","64,75","62,92","77,25K","-0,89%"
"07.03.2023","64,39","65,74","66,40","63,64","122,57K","-4,59%"
"06.03.2023","67,49","65,83","67,98","65,30","128,12K","5,52%"
"03.03.2023","63,96","61,69","64,40","61,49","168,98K","7,82%"
"02.03.2023","59,32","58,48","60,00","58,32","99,94K","-0,92%"
"01.03.2023","59,87","62,28","62,75","59,48","113,07K","-4,01%"
"28.02.2023","62,37","61,63","63,10","61,45","69,05K","0,31%"
"27.02.2023","62,18","62,20","63,80","61,99","135,12K","2,35%"
"24.02.2023","60,75","63,51","63,60","60,15","51,78K","-2,72%"
"23.02.2023","62,45","63,85","64,95","62,30","67,03K","0,02%"
"22.02.2023","62,44","62,68","63,33","61,31","138,72K","-1,22%"
"21.02.2023","63,21","65,70","66,82","63,10","77,30K","-5,12%"
"20.02.2023","66,62","66,60","67,22","66,25","16,08K","1,96%"
"17.02.2023","65,34","66,99","67,55","65,30","81,11K","-8,06%"
"16.02.2023","71,07","72,75","72,86","68,80","62,53K","1,11%"
"15.02.2023","70,29","69,00","70,90","69,00","59,04K","4,16%"
"14.02.2023","67,48","68,96","70,80","66,00","102,95K","-1,96%"
"13.02.2023","68,83","65,77","68,93","65,75","143,05K","4,72%"
"10.02.2023","65,73","66,87","67,51","64,90","162,79K","-5,59%"
"09.02.2023","69,62","70,58","71,82","69,50","78,52K","0,97%"
"08.02.2023","68,95","72,81","73,08","68,80","86,97K","-1,63%"
"07.02.2023","70,09","69,06","70,09","68,29","129,84K","0,17%"
"06.02.2023","69,97","69,24","70,15","67,70","81,58K","-5,54%"
"03.02.2023","74,07","68,95","74,07","68,70","203,14K","1,69%"
"02.02.2023","72,84","67,65","72,84","67,51","187,53K","17,58%"
"01.02.2023","61,95","61,98","62,55","61,28","60,08K","0,98%"
"31.01.2023","61,35","60,08","61,65","58,63","46,45K","0,25%"
"30.01.2023","61,20","62,22","62,30","59,95","52,63K","-2,90%"
"27.01.2023","63,03","60,79","63,20","60,57","89,46K","5,54%"
"26.01.2023","59,72","59,12","61,08","59,06","174,76K","6,38%"
"25.01.2023","56,14","58,12","58,12","54,40","57,23K","-4,88%"
"24.01.2023","59,02","59,20","59,69","57,99","31,54K","-0,20%"
"23.01.2023","59,14","55,54","59,70","55,21","81,31K","9,62%"
"20.01.2023","53,95","52,43","53,80","51,75","119,92K","5,25%"
"19.01.2023","51,26","53,08","53,38","51,26","57,58K","-5,46%"
"18.01.2023","54,22","55,60","57,03","54,22","143,41K","-1,56%"
"17.01.2023","55,08","54,34","56,20","54,10","86,35K","0,60%"
"16.01.2023","54,75","54,67","55,25","53,87","41,91K","2,80%"
"13.01.2023","53,26","53,59","54,00","52,18","48,13K","0,59%"
"12.01.2023","52,95","53,39","54,56","50,32","108,13K","1,51%"
"11.01.2023","52,16","50,75","52,30","50,57","119,10K","5,04%"
"10.01.2023","49,65","49,48","51,00","48,69","65,57K","-4,56%"
"09.01.2023","52,03","49,14","52,30","49,14","156,34K","8,61%"
"06.01.2023","47,90","46,17","48,25","45,38","87,37K","3,22%"
"05.01.2023","46,41","47,46","48,60","45,91","66,82K","-4,30%"
"04.01.2023","48,49","48,21","48,65","46,40","150,83K","3,29%"
"03.01.2023","46,95","49,24","50,50","46,94","73,50K","-7,34%"
"02.01.2023","50,67","48,67","50,94","48,67","36,15K","8,87%"
"30.12.2022","46,54","47,53","47,92","45,96","25,77K","-3,64%"
"29.12.2022","48,30","45,69","48,30","45,60","48,34K","5,70%"
"28.12.2022","45,69","47,35","47,78","45,50","85,15K","-4,19%"
"27.12.2022","47,69","50,02","50,45","46,75","129,38K","-1,49%"
"23.12.2022","48,42","48,85","49,95","47,20","55,40K","0,45%"
"22.12.2022","48,20","52,93","53,26","48,10","109,87K","-9,06%"
"21.12.2022","53,00","51,20","53,18","50,70","121,24K","6,19%"
"20.12.2022","49,91","49,54","51,41","49,07","95,33K","-2,31%"
"19.12.2022","51,09","53,21","53,87","51,09","113,29K","-3,44%"
"16.12.2022","52,91","54,12","54,77","52,45","123,33K","-3,96%"
"15.12.2022","55,09","59,08","59,21","54,45","138,73K","-12,83%"
"14.12.2022","63,20","62,02","63,20","61,26","46,19K","-1,71%"
"13.12.2022","64,30","60,87","68,00","60,50","148,38K","9,99%"
"12.12.2022","58,46","58,41","59,00","57,93","94,99K","-2,91%"
"09.12.2022","60,21","60,16","60,86","58,00","108,98K","1,64%"
"08.12.2022","59,24","57,89","59,85","57,30","32,93K","3,73%"
"07.12.2022","57,11","58,93","58,93","56,46","70,79K","-4,19%"
"06.12.2022","59,61","62,57","63,00","58,90","66,31K","-5,75%"
"05.12.2022","63,25","64,58","65,14","63,25","39,30K","-1,92%"
"02.12.2022","64,49","65,87","66,41","61,80","117,38K","-2,30%"
"01.12.2022","66,01","66,91","67,80","64,95","82,19K","10,04%"
"30.11.2022","59,99","59,52","60,05","59,07","105,29K","2,18%"
"29.11.2022","58,71","61,49","61,80","58,43","106,78K","-4,83%"
"28.11.2022","61,69","61,77","62,80","60,60","37,61K","-2,27%"
"25.11.2022","63,12","64,87","64,93","63,07","60,53K","-3,19%"
"24.11.2022","65,20","64,72","65,42","64,46","63,25K","1,02%"
"23.11.2022","64,54","63,01","64,96","62,86","114,20K","4,76%"
"22.11.2022","61,61","60,52","61,74","59,90","43,74K","0,62%"
"21.11.2022","61,23","61,92","62,52","60,75","42,73K","-1,26%"
"18.11.2022","62,01","61,88","64,25","61,20","126,16K","1,09%"
"17.11.2022","61,34","63,69","63,71","59,54","65,13K","-2,48%"
"16.11.2022","62,90","65,85","65,85","61,88","45,45K","-6,48%"
"15.11.2022","67,26","64,05","68,30","63,84","87,11K","5,59%"
"14.11.2022","63,70","63,76","64,14","62,50","85,41K","2,97%"
"11.11.2022","61,86","63,24","63,90","60,10","161,68K","3,13%"
"10.11.2022","59,98","52,40","60,00","52,18","166,77K","11,49%"
"09.11.2022","53,80","56,01","56,25","53,30","45,64K","-5,75%"
"08.11.2022","57,08","53,90","57,08","53,80","91,41K","6,65%"
"07.11.2022","53,52","52,31","54,04","52,20","121,60K","3,30%"
"04.11.2022","51,81","52,31","54,40","50,44","110,66K","-2,48%"
"03.11.2022","53,13","54,91","55,26","51,70","122,89K","-9,37%"
"02.11.2022","58,62","61,14","61,38","58,63","99,15K","-3,70%"
"01.11.2022","60,87","63,70","64,75","60,67","73,68K","-3,27%"
"31.10.2022","62,93","63,50","63,66","61,15","81,48K","1,11%"
"28.10.2022","62,24","56,74","62,79","56,20","86,70K","3,51%"
"27.10.2022","60,13","61,72","62,42","59,05","83,93K","-8,24%"
"26.10.2022","65,53","63,11","65,62","61,73","52,29K","-0,80%"
"25.10.2022","66,06","63,71","66,08","62,90","48,83K","7,07%"
"24.10.2022","61,70","62,31","63,16","59,19","82,98K","5,13%"
"21.10.2022","58,69","57,27","59,89","55,93","63,86K","-3,28%"
"20.10.2022","60,68","57,75","61,31","56,95","45,45K","2,15%"
"19.10.2022","59,40","59,98","60,72","58,14","44,89K","1,80%"
"18.10.2022","58,35","60,58","62,50","57,94","81,56K","1,07%"
"17.10.2022","57,73","55,06","58,32","54,19","75,84K","4,22%"
"14.10.2022","55,39","59,08","60,81","54,97","117,98K","-0,97%"
"13.10.2022","55,93","54,70","57,00","49,90","121,73K","0,43%"
"12.10.2022","55,69","55,98","56,83","54,50","33,61K","-0,91%"
"11.10.2022","56,20","55,62","57,13","54,30","61,87K","-1,68%"
"10.10.2022","57,16","58,13","59,44","56,40","56,19K","-5,32%"
"07.10.2022","60,37","65,42","65,89","60,23","56,47K","-10,84%"
"06.10.2022","67,71","66,97","68,75","65,40","38,84K","6,20%"
"05.10.2022","63,76","65,50","65,89","62,71","39,67K","-4,62%"
"04.10.2022","66,85","63,99","67,30","63,80","52,05K","9,97%"
"03.10.2022","60,79","57,67","61,07","56,66","77,64K","-3,35%"
"30.09.2022","62,90","62,26","63,20","60,05","51,01K","2,54%"
"29.09.2022","61,34","65,52","65,97","60,55","51,82K","-6,76%"
"28.09.2022","65,79","63,29","66,40","61,65","54,54K","0,50%"
"27.09.2022","65,46","66,32","68,18","65,25","49,63K","0,68%"
"26.09.2022","65,02","63,70","67,49","63,28","45,98K","0,76%"
"23.09.2022","64,53","66,29","66,80","63,80","43,40K","-3,40%"
"22.09.2022","66,80","67,80","70,72","66,14","84,22K","-9,55%"
"21.09.2022","73,85","72,37","74,24","71,96","24,99K","0,81%"
"20.09.2022","73,26","74,16","75,00","71,81","22,01K","2,32%"
"19.09.2022","71,60","70,97","73,10","70,16","23,01K","1,85%"
"16.09.2022","70,30","71,79","72,17","69,90","35,75K","-5,89%"
"15.09.2022","74,70","78,17","78,50","73,43","26,64K","-3,44%"
"14.09.2022","77,36","77,04","78,28","75,30","42,46K","-2,31%"
"13.09.2022","79,19","90,57","92,52","78,94","47,83K","-11,43%"
"12.09.2022","89,41","87,18","89,93","86,80","33,49K","3,05%"
"09.09.2022","86,76","83,28","86,88","83,26","29,62K","3,93%"
"08.09.2022","83,48","81,93","83,72","78,67","26,10K","5,72%"
"07.09.2022","78,96","77,23","79,47","76,50","33,40K","0,14%"
"06.09.2022","78,85","80,31","81,10","75,77","30,01K","-0,71%"
"05.09.2022","79,41","79,43","79,80","77,89","20,03K","-5,63%"
"02.09.2022","84,15","81,94","85,00","77,00","50,72K","7,84%"
"01.09.2022","78,03","79,34","80,56","77,11","54,13K","-5,04%"
"31.08.2022","82,17","84,70","86,25","81,70","32,47K","-1,36%"
"30.08.2022","83,30","87,23","89,15","81,50","36,26K","-3,16%"
"29.08.2022","86,02","87,38","88,20","85,35","35,10K","-8,01%"
"26.08.2022","93,51","100,57","102,00","92,50","19,02K","-4,98%"
"25.08.2022","98,41","99,01","100,20","97,15","18,14K","1,14%"
"24.08.2022","97,30","95,63","97,60","94,17","15,90K","1,73%"
"23.08.2022","95,65","95,35","97,84","94,90","18,58K","-1,97%"
"22.08.2022","97,57","101,44","101,90","96,89","43,03K","-5,65%"
"19.08.2022","103,41","107,16","107,50","103,08","17,82K","-5,56%"
"18.08.2022","109,50","106,24","109,55","105,92","14,78K","2,73%"
"17.08.2022","106,59","111,20","111,28","106,12","18,08K","-4,13%"
"16.08.2022","111,18","111,49","112,74","108,19","41,06K","4,45%"
"12.08.2022","106,44","102,93","106,69","102,70","49,22K","1,89%"
"11.08.2022","104,47","105,44","107,70","103,50","64,64K","1,50%"
"10.08.2022","102,93","96,16","105,00","96,16","31,50K","5,86%"
"09.08.2022","97,23","101,13","101,33","95,71","22,69K","-5,27%"
"08.08.2022","102,64","103,20","105,72","102,00","76,97K","3,10%"
"05.08.2022","99,55","103,98","104,49","99,00","24,59K","-1,71%"
"04.08.2022","101,28","102,19","104,53","100,92","27,40K","-0,22%"
"03.08.2022","101,50","94,92","101,50","94,74","34,28K","5,72%"
"02.08.2022","96,01","94,20","96,62","92,42","39,15K","-0,94%"
"01.08.2022","96,92","94,94","98,20","93,18","45,30K","4,82%"
"29.07.2022","92,46","94,39","95,61","90,10","32,07K","3,15%"
"28.07.2022","89,64","87,15","89,85","85,50","28,67K","5,12%"
"27.07.2022","85,27","82,30","85,77","81,97","24,01K","6,57%"
"26.07.2022","80,01","82,58","83,21","80,00","15,34K","-4,50%"
"25.07.2022","83,78","85,20","86,14","81,80","37,07K","-2,22%"
"22.07.2022","85,68","87,60","90,20","85,68","19,97K","-1,91%"
"21.07.2022","87,35","85,65","87,50","84,53","27,64K","1,28%"
"20.07.2022","86,25","82,50","86,25","81,61","41,70K","7,45%"
"19.07.2022","80,27","76,31","80,27","74,82","23,06K","0,32%"
"18.07.2022","80,01","79,97","81,07","79,00","27,90K","3,47%"
"15.07.2022","77,33","74,35","78,00","73,48","40,25K","7,97%"
"14.07.2022","71,62","72,97","73,15","69,70","38,08K","-1,77%"
"13.07.2022","72,91","75,06","76,10","68,65","39,41K","-4,82%"
"12.07.2022","76,60","75,00","78,55","74,00","34,31K","0,13%"
"11.07.2022","76,50","78,10","79,55","75,50","25,25K","-6,05%"
"08.07.2022","81,43","79,36","81,51","77,00","26,77K","3,83%"
"07.07.2022","78,43","75,82","78,80","75,26","19,53K","6,49%"
"06.07.2022","73,65","73,73","75,20","72,49","33,15K","8,29%"
"05.07.2022","68,01","69,56","70,00","65,84","24,71K","0,43%"
"04.07.2022","67,72","67,62","68,00","66,96","5,49K","1,67%"
"01.07.2022","66,61","64,90","68,70","64,78","30,78K","-1,52%"
"30.06.2022","67,64","66,97","68,38","64,09","49,14K","-2,86%"
"29.06.2022","69,63","68,61","70,79","67,42","62,06K","-4,38%"
"28.06.2022","72,82","77,10","78,59","72,76","41,95K","-5,43%"
"27.06.2022","77,00","78,01","79,97","75,32","72,97K","2,48%"
"24.06.2022","75,14","72,04","76,69","72,04","88,22K","7,91%"
"23.06.2022","69,63","67,15","70,65","66,52","68,61K","0,23%"
"22.06.2022","69,47","64,98","70,50","63,59","78,68K","0,90%"
"21.06.2022","68,85","65,90","69,38","65,76","39,38K","6,18%"
"20.06.2022","64,84","64,51","65,04","64,00","22,83K","2,74%"
"17.06.2022","63,11","62,20","64,10","60,80","132,17K","2,20%"
"16.06.2022","61,75","67,67","67,67","60,77","108,68K","-9,43%"
"15.06.2022","68,18","66,05","69,10","65,60","74,68K","4,04%"
"14.06.2022","65,53","67,99","68,26","64,01","38,79K","-2,44%"
"13.06.2022","67,17","70,07","70,63","65,50","52,95K","-10,09%"
"10.06.2022","74,71","83,45","84,11","74,50","48,63K","-15,56%"
"09.06.2022","88,48","88,95","91,28","87,03","26,37K","-3,93%"
"08.06.2022","92,10","90,29","92,50","89,39","17,14K","3,60%"
"07.06.2022","88,90","87,05","91,00","85,28","43,51K","-1,19%"
"06.06.2022","89,97","89,95","93,20","89,70","27,89K","2,87%"
"03.06.2022","87,46","94,42","94,61","86,83","33,92K","-3,39%"
"02.06.2022","90,53","89,42","91,06","86,15","22,46K","2,21%"
"01.06.2022","88,57","90,69","94,03","88,22","21,80K","-0,66%"
"31.05.2022","89,16","91,04","92,20","86,95","46,99K","-4,60%"
"30.05.2022","93,46","94,60","94,99","91,87","60,11K","5,00%"
"27.05.2022","89,01","82,61","89,06","81,95","53,57K","9,83%"
"26.05.2022","81,04","75,74","82,13","75,50","28,00K","8,33%"
"25.05.2022","74,81","75,09","76,58","72,00","101,78K","5,72%"
"24.05.2022","70,76","73,93","75,26","69,53","42,41K","-9,34%"
"23.05.2022","78,05","78,69","78,70","74,33","39,58K","4,44%"
"20.05.2022","74,73","78,61","80,60","73,60","39,30K","-4,68%"
"19.05.2022","78,40","77,26","79,00","73,85","50,17K","-5,47%"
"18.05.2022","82,94","90,44","90,71","82,71","30,56K","-7,66%"
"17.05.2022","89,82","87,95","91,66","87,00","24,95K","4,56%"
"16.05.2022","85,90","87,08","89,50","85,30","18,69K","-2,65%"
"13.05.2022","88,24","83,52","88,50","83,00","44,29K","9,14%"
"12.05.2022","80,85","78,76","84,00","75,50","91,38K","-7,50%"
"11.05.2022","87,41","89,36","92,00","82,50","102,85K","2,82%"
"10.05.2022","85,01","88,58","91,80","84,25","71,31K","-2,25%"
"09.05.2022","86,97","94,41","94,75","86,44","79,36K","-11,25%"
"06.05.2022","97,99","99,42","100,86","91,80","76,48K","-4,27%"
"05.05.2022","102,36","114,90","115,43","100,75","38,70K","0,35%"
"04.05.2022","102,00","107,66","108,16","101,60","17,08K","-4,77%"
"03.05.2022","107,11","106,30","107,79","103,89","45,04K","5,40%"
"02.05.2022","101,62","103,62","105,50","99,00","59,37K","-7,90%"
"29.04.2022","110,34","113,70","116,10","109,00","20,41K","0,32%"
"28.04.2022","109,99","111,24","114,20","107,00","29,22K","0,71%"
"27.04.2022","109,21","106,67","111,61","104,00","94,74K","0,91%"
"26.04.2022","108,23","116,96","117,82","107,26","31,12K","-3,50%"
"25.04.2022","112,16","109,64","115,80","108,75","37,56K","-5,72%"
"22.04.2022","118,96","122,82","123,35","118,50","40,10K","-9,07%"
"21.04.2022","130,82","131,25","136,21","130,82","15,23K","0,12%"
"20.04.2022","130,66","132,03","137,72","130,00","13,75K","-2,78%"
"19.04.2022","134,39","129,78","134,80","125,50","18,49K","1,51%"
"14.04.2022","132,39","136,18","136,75","130,94","26,75K","-1,35%"
"13.04.2022","134,20","132,00","134,30","128,00","26,54K","-0,26%"
"12.04.2022","134,55","129,00","137,10","127,47","31,08K","2,62%"
"11.04.2022","131,11","136,85","137,80","130,44","30,37K","-7,78%"
"08.04.2022","142,17","147,32","148,50","139,20","30,12K","0,52%"
"07.04.2022","141,44","144,66","147,09","141,26","35,35K","-1,02%"
"06.04.2022","142,90","154,42","154,43","142,24","26,45K","-9,24%"
"05.04.2022","157,45","163,93","164,80","156,42","13,36K","-2,56%"
"04.04.2022","161,58","154,52","161,60","152,90","15,31K","6,35%"
"01.04.2022","151,93","155,80","156,61","151,93","10,70K","-4,01%"
"31.03.2022","158,28","160,86","162,02","156,65","10,52K","-1,75%"
"30.03.2022","161,10","163,29","163,99","160,00","25,38K","-0,27%"
"29.03.2022","161,54","159,27","164,00","158,57","58,71K","5,96%"
"28.03.2022","152,45","150,75","156,83","149,96","19,28K","2,85%"
"25.03.2022","148,22","151,68","153,80","145,82","23,86K","0,86%"
"24.03.2022","146,96","145,19","148,70","142,76","23,36K","-0,61%"
"23.03.2022","147,86","148,08","149,44","143,78","26,58K","0,83%"
"22.03.2022","146,65","141,24","149,23","140,08","32,47K","5,75%"
"21.03.2022","138,67","139,37","142,26","136,01","41,78K","0,85%"
"18.03.2022","137,50","129,96","137,50","128,85","43,27K","7,50%"
"17.03.2022","127,91","128,56","129,67","124,50","36,78K","2,88%"
"16.03.2022","124,33","120,85","126,17","120,31","34,08K","8,91%"
"15.03.2022","114,16","104,98","115,00","103,60","42,03K","4,96%"
"14.03.2022","108,77","114,21","115,73","108,28","28,23K","-6,75%"
"11.03.2022","116,64","120,35","126,48","116,64","20,67K","1,02%"
"10.03.2022","115,46","122,00","122,57","114,78","42,09K","-4,48%"
"09.03.2022","120,87","115,92","122,21","115,40","35,75K","9,15%"
"08.03.2022","110,74","112,28","116,80","109,88","50,11K","-9,39%"
"07.03.2022","122,21","122,48","129,99","121,10","31,07K","-3,77%"
"04.03.2022","127,00","131,99","133,40","126,00","38,88K","-5,83%"
"03.03.2022","134,86","137,66","142,89","133,00","59,69K","-1,35%"
"02.03.2022","136,70","131,33","137,00","130,27","62,12K","2,18%"
"01.03.2022","133,79","138,36","139,00","133,00","35,84K","-3,11%"
"28.02.2022","138,09","130,88","138,09","128,50","37,05K","3,19%"
"25.02.2022","133,82","126,05","133,97","124,30","67,95K","13,43%"
"24.02.2022","117,98","107,86","119,37","105,06","78,06K","-3,85%"
"23.02.2022","122,70","128,76","131,46","122,24","29,68K","-3,29%"
"22.02.2022","126,87","120,32","132,80","120,01","31,45K","2,37%"
"21.02.2022","123,93","132,00","132,60","123,65","56,25K","-5,24%"
"18.02.2022","130,78","136,67","137,63","129,40","37,71K","-7,29%"
"17.02.2022","141,07","145,85","146,35","138,77","21,64K","-1,21%"
"16.02.2022","142,80","145,99","148,90","141,00","20,05K","-1,80%"
"15.02.2022","145,42","139,15","146,76","138,95","27,13K","3,06%"
"14.02.2022","141,10","137,11","141,53","131,91","33,12K","-3,49%"
"11.02.2022","146,20","148,46","152,69","146,03","47,98K","-5,68%"
"10.02.2022","155,00","160,80","161,30","151,38","27,31K","-2,08%"
"09.02.2022","158,29","153,46","158,88","153,22","31,45K","5,60%"
"08.02.2022","149,89","147,16","150,10","144,50","15,98K","0,58%"
"07.02.2022","149,02","151,06","154,03","148,50","52,90K","1,26%"
"04.02.2022","147,17","152,38","152,75","140,00","45,28K","-3,08%"
"03.02.2022","151,84","158,28","158,50","150,20","38,05K","-6,78%"
"02.02.2022","162,89","168,84","171,60","161,97","60,21K","1,55%"
"01.02.2022","160,40","160,78","162,76","155,69","76,93K","2,99%"
"31.01.2022","155,74","147,80","156,50","146,96","42,96K","10,34%"
"28.01.2022","141,15","139,64","142,28","130,80","48,96K","-2,29%"
"27.01.2022","144,46","134,72","147,38","133,70","59,14K","-1,39%"
"26.01.2022","146,49","140,90","148,89","140,90","40,81K","7,71%"
"25.01.2022","136,00","140,89","145,00","135,00","52,95K","2,23%"
"24.01.2022","133,03","149,30","150,81","132,62","70,68K","-15,90%"
"21.01.2022","158,19","157,12","159,84","149,50","70,46K","-9,36%"
"20.01.2022","174,52","168,65","175,43","166,00","48,78K","3,30%"
"19.01.2022","168,94","166,84","176,95","166,62","48,55K","-2,94%"
"18.01.2022","174,06","178,68","179,29","173,00","25,20K","-5,37%"
"17.01.2022","183,94","182,53","185,35","182,28","6,96K","1,33%"
"14.01.2022","181,52","179,73","183,63","174,00","31,71K","-5,12%"
"13.01.2022","191,32","193,27","197,00","188,63","13,28K","-1,80%"
"12.01.2022","194,82","194,96","199,53","191,25","50,38K","1,95%"
"11.01.2022","191,09","187,23","191,13","182,00","65,82K","8,71%"
"10.01.2022","175,78","187,70","187,70","170,47","45,38K","-5,70%"
"07.01.2022","186,40","191,24","194,80","182,70","32,27K","-3,77%"
"06.01.2022","193,70","192,97","197,53","186,00","44,27K","-6,52%"
"05.01.2022","207,20","210,44","211,39","205,56","9,29K","-1,00%"
"04.01.2022","209,29","222,70","224,10","207,60","48,18K","-4,11%"
"03.01.2022","218,25","216,86","220,25","213,20","41,92K","-2,06%"
"30.12.2021","222,83","221,17","223,50","219,19","8,68K","2,02%"
"29.12.2021","218,41","223,38","224,18","215,77","47,15K","-1,25%"
"28.12.2021","221,18","223,10","227,33","221,18","71,30K","-0,32%"
"27.12.2021","221,89","214,00","222,40","213,90","72,54K","3,62%"
"23.12.2021","214,13","208,60","214,13","207,61","7,27K","3,64%"
"22.12.2021","206,61","200,88","206,61","199,00","32,22K","6,89%"
"21.12.2021","193,30","194,12","196,22","188,73","31,62K","4,47%"
"20.12.2021","185,03","188,10","189,92","184,81","21,40K","-6,55%"
"17.12.2021","198,00","197,02","201,75","189,74","44,38K","-2,85%"
"16.12.2021","203,80","218,05","221,24","203,40","59,28K","3,78%"
"15.12.2021","196,38","202,16","202,83","196,38","11,48K","-0,10%"
"14.12.2021","196,58","209,06","209,10","195,28","36,03K","-6,59%"
"13.12.2021","210,44","217,40","220,00","209,50","40,22K","-0,15%"
"10.12.2021","210,75","210,62","216,49","209,00","35,87K","-3,02%"
"09.12.2021","217,32","218,85","219,76","214,00","8,34K","0,76%"
"08.12.2021","215,69","218,55","220,64","213,47","13,06K","-0,06%"
"07.12.2021","215,83","204,36","216,36","204,36","21,81K","10,66%"
"06.12.2021","195,04","195,79","197,29","188,80","35,72K","0,76%"
"03.12.2021","193,57","203,94","208,47","190,60","48,09K","-3,49%"
"02.12.2021","200,57","202,69","204,93","196,00","74,52K","-8,83%"
"01.12.2021","220,00","218,17","220,70","215,00","48,91K","4,27%"
"30.11.2021","211,00","217,00","221,48","211,00","16,76K","-3,21%"
"29.11.2021","218,00","213,57","218,00","212,48","67,98K","4,74%"
"26.11.2021","208,13","214,25","218,15","206,22","54,47K","-6,76%"
"25.11.2021","223,23","223,70","224,44","222,00","4,94K","1,62%"
"24.11.2021","219,68","219,49","220,23","212,00","10,24K","2,03%"
"23.11.2021","215,30","219,81","223,19","211,92","45,78K","-7,16%"
"22.11.2021","231,90","231,28","237,50","230,72","65,59K","1,06%"
"19.11.2021","229,47","226,85","230,00","226,12","44,70K","3,47%"
"18.11.2021","221,78","219,99","221,78","216,89","33,47K","0,94%"
"17.11.2021","219,71","217,52","219,89","216,06","49,44K","1,37%"
"16.11.2021","216,75","212,23","217,00","211,05","24,49K","3,14%"
"15.11.2021","210,15","211,58","214,07","210,00","32,42K","-0,11%"
"12.11.2021","210,38","206,16","210,45","203,62","28,00K","2,15%"
"11.11.2021","205,95","203,60","207,39","203,00","33,60K","-0,87%"
"10.11.2021","207,75","210,42","210,57","203,20","42,85K","-1,38%"
"09.11.2021","210,65","212,78","216,19","208,25","16,65K","-2,04%"
"08.11.2021","215,03","213,47","216,28","213,00","31,24K","-1,27%"
"05.11.2021","217,79","214,45","219,30","214,17","91,51K","1,99%"
"04.11.2021","213,54","208,52","214,60","206,10","86,87K","6,50%"
"03.11.2021","200,50","200,02","201,00","199,30","39,25K","0,75%"
"02.11.2021","199,00","195,92","200,20","195,80","59,63K","1,66%"
"01.11.2021","195,76","197,06","198,26","193,61","16,22K","1,93%"
"29.10.2021","192,06","186,33","192,06","185,30","33,92K","1,06%"
"28.10.2021","190,05","186,84","190,68","186,20","37,95K","1,05%"
"27.10.2021","188,07","185,80","188,88","183,46","47,14K","0,70%"
"26.10.2021","186,77","185,87","189,80","185,43","29,01K","3,63%"
"25.10.2021","180,22","178,12","180,44","177,30","7,70K","2,11%"
"22.10.2021","176,50","179,64","181,00","176,19","16,79K","-1,51%"
"21.10.2021","179,21","176,08","180,50","176,05","11,73K","0,12%"
"20.10.2021","178,99","178,31","180,20","178,31","19,64K","0,45%"
"19.10.2021","178,19","175,81","178,30","175,62","33,82K","3,27%"
"18.10.2021","172,55","168,56","172,93","167,67","8,98K","1,68%"
"15.10.2021","169,70","168,19","170,00","167,30","12,49K","2,15%"
"14.10.2021","166,13","161,69","166,05","161,20","10,19K","6,45%"
"13.10.2021","156,07","154,72","159,00","154,00","24,94K","-0,24%"
"12.10.2021","156,45","153,62","159,98","153,52","12,98K","-3,50%"
"11.10.2021","162,13","158,28","163,16","156,69","6,31K","0,20%"
"08.10.2021","161,80","163,62","166,40","161,00","11,58K","-2,61%"
"07.10.2021","166,14","163,04","166,60","162,84","30,48K","7,60%"
"06.10.2021","154,40","152,56","156,38","148,66","18,41K","-1,17%"
"05.10.2021","156,23","150,72","156,94","149,86","16,90K","5,62%"
"04.10.2021","147,92","155,90","157,48","147,45","18,45K","-5,24%"
"01.10.2021","156,10","153,06","158,30","151,48","16,90K","-3,36%"
"30.09.2021","161,52","161,30","162,71","159,66","9,04K","1,16%"
"29.09.2021","159,66","161,08","163,31","159,45","10,93K","0,52%"
"28.09.2021","158,83","168,20","168,75","158,58","21,86K","-7,43%"
"27.09.2021","171,57","178,18","178,36","169,33","25,70K","-0,75%"
"24.09.2021","172,86","173,44","174,30","171,91","12,32K","-1,44%"
"23.09.2021","175,39","172,96","176,50","171,80","31,92K","3,10%"
"22.09.2021","170,11","168,36","170,20","166,30","18,85K","0,66%"
"21.09.2021","169,00","168,45","170,96","165,00","24,57K","1,94%"
"20.09.2021","165,78","172,97","173,60","164,82","27,60K","-6,07%"
"17.09.2021","176,50","182,99","182,99","176,50","11,03K","-0,95%"
"16.09.2021","178,19","181,58","181,80","177,77","5,31K","1,07%"
"15.09.2021","176,31","178,57","179,00","174,80","12,37K","-1,71%"
"14.09.2021","179,37","178,80","181,60","177,40","8,28K","1,14%"
"13.09.2021","177,35","181,26","183,04","176,32","27,14K","-2,89%"
"10.09.2021","182,62","184,47","186,50","182,75","8,84K","-1,37%"
"09.09.2021","185,16","183,34","187,22","183,00","11,67K","0,54%"
"08.09.2021","184,16","186,10","187,22","182,76","18,96K","-0,96%"
"07.09.2021","185,95","187,16","187,16","184,78","12,55K","-0,91%"
"06.09.2021","187,66","187,20","187,83","187,05","4,45K","1,27%"
"03.09.2021","185,31","184,38","186,13","181,84","10,50K","-0,33%"
"02.09.2021","185,92","185,14","187,00","185,00","21,88K","-0,59%"
"01.09.2021","187,03","186,25","187,75","184,45","23,75K","1,77%"
"31.08.2021","183,78","186,95","187,10","182,00","39,73K","-0,28%"
"30.08.2021","184,29","179,42","184,81","179,23","48,72K","3,59%"
"27.08.2021","177,90","175,96","179,00","175,00","16,73K","1,11%"
"26.08.2021","175,95","175,88","177,50","174,00","14,30K","-0,98%"
"25.08.2021","177,69","178,16","178,80","177,00","11,93K","0,41%"
"24.08.2021","176,97","178,16","178,46","175,96","45,37K","1,02%"
"23.08.2021","175,18","170,66","175,18","169,86","63,37K","3,83%"
"20.08.2021","168,72","163,70","169,77","161,83","13,90K","3,11%"
"19.08.2021","163,63","158,30","164,30","157,06","34,23K","-1,32%"
"18.08.2021","165,82","166,56","167,30","165,20","7,98K","0,07%"
"17.08.2021","165,71","168,58","168,58","164,80","61,56K","0,72%"
"16.08.2021","164,52","168,40","169,09","162,70","30,45K","-2,52%"
"13.08.2021","168,77","168,84","169,90","167,67","26,96K","0,51%"
"12.08.2021","167,91","165,70","167,91","164,44","16,44K","1,24%"
"11.08.2021","165,86","167,67","169,38","164,78","21,63K","-0,85%"
"10.08.2021","167,29","170,27","171,23","166,32","27,55K","-1,34%"
"09.08.2021","169,57","167,71","170,42","167,71","21,50K","0,56%"
"06.08.2021","168,62","169,72","170,29","167,50","22,67K","-0,65%"
"05.08.2021","169,72","167,35","170,30","167,35","56,14K","2,28%"
"04.08.2021","165,94","166,20","166,42","164,64","49,22K","2,56%"
"03.08.2021","161,80","163,80","164,50","159,87","12,94K","-2,23%"
"02.08.2021","165,49","165,65","165,77","162,30","8,62K","2,15%"
"30.07.2021","162,00","158,73","163,75","158,35","27,75K","-2,42%"
"29.07.2021","166,01","164,68","166,73","163,00","22,31K","0,24%"
"28.07.2021","165,61","162,70","167,30","162,24","24,77K","4,01%"
"27.07.2021","159,22","168,51","169,48","159,22","31,69K","-5,56%"
"26.07.2021","168,59","168,97","169,00","166,87","44,53K","0,57%"
"23.07.2021","167,64","165,00","167,60","163,77","57,81K","3,33%"
"22.07.2021","162,23","161,36","163,00","159,90","28,53K","2,64%"
"21.07.2021","158,06","156,85","158,52","155,55","44,10K","1,98%"
"20.07.2021","154,99","153,80","155,20","150,88","21,72K","3,02%"
"19.07.2021","150,45","154,37","154,78","147,91","37,75K","-3,66%"
"16.07.2021","156,17","158,30","160,90","156,23","12,64K","-2,09%"
"15.07.2021","159,51","162,47","163,56","157,48","34,25K","-1,88%"
"14.07.2021","162,56","161,68","165,10","161,23","47,61K","-1,51%"
"13.07.2021","165,06","160,19","165,06","158,93","32,10K","3,75%"
"12.07.2021","159,10","158,92","160,70","157,60","15,34K","0,51%"
"09.07.2021","158,30","155,80","158,30","154,30","28,02K","3,33%"
"08.07.2021","153,20","157,87","157,87","150,08","45,79K","-3,09%"
"07.07.2021","158,09","158,44","161,50","156,76","31,24K","0,69%"
"06.07.2021","157,00","154,29","158,24","153,88","32,80K","1,37%"
"05.07.2021","154,88","154,75","155,37","154,38","32,44K","1,06%"
"02.07.2021","153,26","150,17","154,36","150,17","54,48K","2,99%"
"01.07.2021","148,81","150,52","152,00","148,40","12,76K","-1,08%"
"30.06.2021","150,43","150,82","151,23","149,31","16,87K","1,18%"
"29.06.2021","148,68","147,67","149,35","147,43","9,65K","1,02%"
"28.06.2021","147,18","143,86","147,50","143,80","59,29K","2,56%"
"25.06.2021","143,51","143,69","144,53","142,21","19,95K","-0,87%"
"24.06.2021","144,77","142,35","145,11","142,18","61,85K","2,61%"
"23.06.2021","141,09","141,98","142,10","140,55","48,99K","1,00%"
"22.06.2021","139,69","137,12","139,90","135,65","47,02K","2,26%"
"21.06.2021","136,60","135,77","137,40","132,79","73,46K","1,07%"
"18.06.2021","135,15","139,20","139,46","134,60","40,31K","-2,60%"
"17.06.2021","138,76","130,18","138,76","129,55","73,72K","4,49%"
"16.06.2021","132,80","132,50","133,81","132,06","5,91K","0,09%"
"15.06.2021","132,68","135,10","135,62","132,55","79,78K","0,47%"
"14.06.2021","132,06","132,16","132,60","130,38","66,19K","1,20%"
"11.06.2021","130,49","129,42","130,81","129,13","105,35K","1,89%"
"10.06.2021","128,07","125,32","129,40","117,00","58,97K","1,33%"
"09.06.2021","126,39","125,54","127,71","125,51","16,77K","1,63%"
"08.06.2021","124,36","125,53","128,32","123,54","57,27K","1,17%"
"07.06.2021","122,92","124,02","124,37","122,54","4,09K","-1,11%"
"04.06.2021","124,30","118,40","124,32","118,40","78,97K","3,86%"
"03.06.2021","119,68","121,32","121,66","116,72","37,22K","-2,09%"
"02.06.2021","122,24","120,93","122,67","120,28","10,51K","1,31%"
"01.06.2021","120,66","122,19","124,13","119,24","41,95K","-0,49%"
"31.05.2021","121,25","122,55","122,70","121,17","11,62K","-1,65%"
"28.05.2021","123,29","121,99","123,74","121,99","46,72K","0,78%"
"27.05.2021","122,34","121,46","123,00","120,50","17,64K","0,26%"
"26.05.2021","122,02","122,11","122,94","121,10","33,30K","1,63%"
"25.05.2021","120,06","122,54","122,80","120,06","66,24K","-0,80%"
"24.05.2021","121,03","115,88","121,03","115,80","57,64K","3,99%"
"21.05.2021","116,39","117,48","119,07","115,84","33,48K","-0,09%"
"20.05.2021","116,50","110,19","116,50","108,86","48,40K","8,26%"
"19.05.2021","107,61","107,73","109,49","103,71","84,05K","-5,24%"
"18.05.2021","113,56","115,48","115,78","112,18","58,43K","1,47%"
"17.05.2021","111,91","114,65","115,16","111,36","37,70K","-1,80%"
"14.05.2021","113,96","111,02","114,18","110,18","36,01K","4,95%"
"13.05.2021","108,58","106,54","111,50","104,42","48,72K","1,00%"
"12.05.2021","107,50","113,68","114,26","107,40","25,05K","-5,44%"
"11.05.2021","113,68","112,32","113,68","107,10","61,53K","-3,79%"
"10.05.2021","118,16","123,32","123,64","117,40","63,53K","-6,64%"
"07.05.2021","126,56","122,68","127,27","121,84","46,30K","5,15%"
"06.05.2021","120,36","121,10","121,96","116,86","15,92K","-2,43%"
"05.05.2021","123,36","121,40","124,20","121,34","50,29K","4,37%"
"04.05.2021","118,20","127,44","127,86","117,78","46,75K","-7,20%"
"03.05.2021","127,37","130,56","131,58","127,30","6,79K","-2,47%"
"30.04.2021","130,60","130,54","132,00","128,54","12,50K","0,23%"
"29.04.2021","130,30","133,20","134,54","129,88","77,50K","-0,43%"
"28.04.2021","130,86","132,26","132,74","130,66","8,73K","-0,97%"
"27.04.2021","132,14","134,42","134,66","131,12","28,70K","-0,53%"
"26.04.2021","132,84","131,02","133,18","129,70","18,80K","1,33%"
"23.04.2021","131,10","126,98","131,28","126,98","38,82K","-0,37%"
"22.04.2021","131,59","131,60","132,60","130,04","35,16K","1,21%"
"21.04.2021","130,02","127,66","130,02","126,00","22,15K","2,56%"
"20.04.2021","126,78","130,90","131,70","126,68","50,64K","-3,94%"
"19.04.2021","131,98","135,72","136,00","130,56","33,67K","-1,85%"
"16.04.2021","134,47","134,38","136,30","133,50","65,02K","0,35%"
"15.04.2021","134,00","130,72","135,10","130,62","77,74K","1,91%"
"14.04.2021","131,49","134,25","135,90","130,82","71,68K","-1,10%"
"13.04.2021","132,95","130,00","133,90","129,79","76,80K","2,58%"
"12.04.2021","129,60","130,24","131,06","128,00","30,39K","1,12%"
"09.04.2021","128,16","128,00","128,90","126,32","34,06K","0,02%"
"08.04.2021","128,13","127,88","128,78","127,20","64,38K","2,87%"
"07.04.2021","124,55","124,88","125,30","122,70","55,92K","-1,22%"
"06.04.2021","126,09","124,32","126,48","123,40","44,82K","7,11%"
"01.04.2021","117,72","115,00","118,80","115,00","68,43K","3,97%"
"31.03.2021","113,23","107,66","113,72","107,66","52,65K","4,55%"
"30.03.2021","108,30","108,36","108,50","105,13","10,73K","0,82%"
"29.03.2021","107,42","107,62","109,65","106,00","20,98K","1,28%"
"26.03.2021","106,06","106,02","106,77","102,78","16,10K","1,63%"
"25.03.2021","104,36","105,24","106,64","100,86","71,30K","-4,75%"
"24.03.2021","109,57","111,58","113,63","107,92","11,30K","-2,41%"
"23.03.2021","112,28","110,82","114,00","109,92","68,60K","-0,16%"
"22.03.2021","112,46","107,00","112,56","107,00","36,82K","6,27%"
"19.03.2021","105,82","105,84","106,80","102,00","39,48K","-2,90%"
"18.03.2021","108,98","111,22","111,65","107,80","36,60K","-0,84%"
"17.03.2021","109,90","113,26","113,48","108,10","23,98K","-4,13%"
"16.03.2021","114,63","112,64","117,22","112,08","94,21K","6,09%"
"15.03.2021","108,05","106,62","109,45","106,62","30,49K","2,71%"
"12.03.2021","105,20","105,94","107,00","103,86","47,73K","-4,97%"
"11.03.2021","110,70","107,72","110,86","107,16","46,34K","4,93%"
"10.03.2021","105,50","104,40","109,36","102,82","61,15K","1,59%"
"09.03.2021","103,85","97,97","104,24","97,74","37,09K","1,92%"
"08.03.2021","101,89","97,46","103,80","95,61","52,50K","9,56%"
"05.03.2021","93,00","96,09","101,00","91,66","57,09K","-9,18%"
"04.03.2021","102,40","101,84","103,76","98,00","66,45K","-5,48%"
"03.03.2021","108,34","114,06","114,36","105,40","32,87K","-4,66%"
"02.03.2021","113,63","115,36","117,44","112,74","37,76K","-0,99%"
"01.03.2021","114,77","112,66","115,24","111,20","22,59K","4,58%"
"26.02.2021","109,74","103,60","110,00","102,84","53,42K","-1,63%"
"25.02.2021","111,56","117,04","117,24","110,70","48,76K","-2,43%"
"24.02.2021","114,34","113,48","117,38","109,02","36,15K","3,59%"
"23.02.2021","110,38","117,58","117,68","103,36","50,29K","-6,87%"
"22.02.2021","118,52","121,52","121,81","117,30","82,13K","-7,95%"
"19.02.2021","128,75","127,32","129,74","126,86","36,12K","2,79%"
"18.02.2021","125,25","128,02","128,44","123,22","55,81K","-0,77%"
"17.02.2021","126,22","130,98","132,02","125,82","21,84K","-4,31%"
"16.02.2021","131,90","133,76","134,16","131,50","30,51K","-1,14%"
"15.02.2021","133,42","132,90","133,74","132,60","29,24K","2,39%"
"12.02.2021","130,30","129,26","130,38","128,25","6,29K","0,47%"
"11.02.2021","129,69","128,18","130,00","128,02","13,65K","2,20%"
"10.02.2021","126,90","130,62","130,62","124,00","31,46K","-1,63%"
"09.02.2021","129,00","128,70","130,30","127,65","30,20K","1,08%"
"08.02.2021","127,62","128,84","129,50","127,62","82,69K","1,34%"
"05.02.2021","125,93","127,70","128,00","125,38","22,50K","1,80%"
"04.02.2021","123,70","122,72","124,50","122,50","20,84K","0,49%"
"03.02.2021","123,10","126,46","126,60","121,92","47,73K","0,67%"
"02.02.2021","122,28","119,30","122,74","119,16","44,49K","5,93%"
"01.02.2021","115,44","110,84","115,44","110,41","40,48K","4,49%"
"29.01.2021","110,48","110,74","114,60","109,30","37,40K","-6,36%"
"28.01.2021","117,99","111,32","119,00","108,82","57,55K","0,21%"
"27.01.2021","117,74","125,18","125,94","115,78","76,05K","-4,65%"
"26.01.2021","123,48","121,82","124,50","121,70","69,33K","2,54%"
"25.01.2021","120,42","122,94","125,66","116,34","76,05K","0,58%"
"22.01.2021","119,73","119,88","120,98","118,74","15,27K","-0,90%"
"21.01.2021","120,82","120,84","121,15","118,50","47,80K","2,65%"
"20.01.2021","117,70","112,24","117,94","112,24","88,74K","8,88%"
"19.01.2021","108,10","109,62","109,69","107,77","15,62K","1,13%"
"18.01.2021","106,89","106,36","107,12","106,23","9,70K","-0,98%"
"15.01.2021","107,95","108,36","109,64","105,40","45,18K","-2,90%"
"14.01.2021","111,17","110,10","112,16","109,26","11,82K","0,59%"
"13.01.2021","110,52","108,88","110,66","106,70","8,18K","1,65%"
"12.01.2021","108,73","109,44","110,00","107,46","22,30K","-1,75%"
"11.01.2021","110,67","112,56","112,76","109,00","58,85K","-0,52%"
"08.01.2021","111,25","110,24","111,88","109,46","37,56K","3,20%"
"07.01.2021","107,80","103,12","108,10","101,92","23,27K","2,82%"
"06.01.2021","104,84","99,97","105,91","97,73","21,57K","0,98%"
"05.01.2021","103,82","102,64","104,90","101,40","13,57K","0,41%"
"04.01.2021","103,40","108,96","109,30","102,72","47,20K","-3,42%"
"30.12.2020","107,06","107,98","108,22","106,00","17,40K","-0,43%"
"29.12.2020","107,52","108,12","108,52","106,00","61,97K","0,93%"
"28.12.2020","106,53","105,56","106,78","104,90","41,90K","3,21%"
"23.12.2020","103,22","104,80","104,80","102,50","34,82K","0,70%"
"22.12.2020","102,50","103,14","104,94","102,50","62,47K","2,40%"
"21.12.2020","100,10","104,16","104,64","98,00","104,67K","-2,95%"
"18.12.2020","103,14","104,02","105,33","102,36","69,88K","-0,44%"
"17.12.2020","103,60","104,16","104,60","103,18","51,22K","1,13%"
"16.12.2020","102,44","101,78","102,44","100,51","39,02K","3,52%"
"15.12.2020","98,96","99,09","101,00","98,71","34,45K","-1,05%"
"14.12.2020","100,01","97,34","100,42","97,00","40,25K","5,77%"
"11.12.2020","94,55","96,44","96,55","94,05","13,00K","-3,50%"
"10.12.2020","97,98","95,68","98,25","93,68","36,92K","-4,33%"
"09.12.2020","102,41","103,10","103,20","102,00","44,94K","1,09%"
"08.12.2020","101,31","101,70","102,02","100,00","13,04K","-0,40%"
"07.12.2020","101,72","100,24","102,26","99,34","25,80K","1,89%"
"04.12.2020","99,83","100,00","100,16","98,20","9,24K","0,60%"
"03.12.2020","99,23","98,97","100,15","98,50","39,08K","0,80%"
"02.12.2020","98,44","98,16","99,12","95,74","21,98K","-0,47%"
"01.12.2020","98,90","98,04","99,00","97,16","71,81K","6,70%"
"30.11.2020","92,69","94,53","96,17","91,15","21,49K","-3,58%"
"27.11.2020","96,13","94,01","96,49","94,00","9,50K","1,78%"
"26.11.2020","94,45","94,16","94,80","93,86","43,29K","2,08%"
"25.11.2020","92,53","92,60","93,20","91,90","40,24K","2,16%"
"24.11.2020","90,57","89,72","90,80","88,00","36,73K","4,40%"
"23.11.2020","86,75","88,97","89,90","86,50","59,73K","-4,07%"
"20.11.2020","90,43","89,82","90,75","89,26","11,32K","1,17%"
"19.11.2020","89,38","87,81","89,50","86,43","35,49K","-0,40%"
"18.11.2020","89,74","89,39","90,63","88,66","29,06K","-0,22%"
"17.11.2020","89,94","91,20","91,55","89,75","14,04K","-0,70%"
"16.11.2020","90,57","90,49","91,30","87,90","35,10K","3,66%"
"13.11.2020","87,37","89,00","89,35","86,35","7,35K","-1,80%"
"12.11.2020","88,97","87,69","90,25","87,35","51,70K","1,87%"
"11.11.2020","87,34","82,80","87,65","82,35","35,20K","4,98%"
"10.11.2020","83,20","86,95","90,20","80,41","12,35K","-12,65%"
"09.11.2020","95,25","84,50","99,59","84,50","18,32K","4,38%"
"06.11.2020","91,25","90,83","91,97","88,23","89,55K","-1,31%"
"05.11.2020","92,46","91,67","94,00","90,59","79,74K","6,69%"
"04.11.2020","86,67","79,81","87,50","79,61","82,92K","11,87%"
"03.11.2020","77,47","73,70","78,17","73,67","52,65K","5,37%"
"02.11.2020","73,52","73,59","76,00","73,33","21,18K","-0,33%"
"30.10.2020","73,77","74,24","77,20","71,50","35,37K","-5,71%"
"29.10.2020","78,24","76,76","78,67","75,00","22,89K","2,67%"
"28.10.2020","76,20","82,45","82,50","75,74","46,92K","-7,93%"
"27.10.2020","82,77","82,27","83,78","81,63","15,51K","2,67%"
"26.10.2020","80,62","82,83","85,99","80,62","20,70K","-3,62%"
"23.10.2020","83,65","84,65","85,60","83,17","18,57K","-0,37%"
"22.10.2020","83,96","84,37","86,17","82,46","9,18K","-1,33%"
"21.10.2020","85,09","85,98","87,39","83,49","17,91K","0,61%"
"20.10.2020","84,57","86,80","87,27","83,90","19,89K","-4,94%"
"19.10.2020","88,97","91,98","92,67","87,81","35,49K","-3,13%"
"16.10.2020","91,85","91,28","94,26","90,82","27,06K","2,36%"
"15.10.2020","89,73","90,17","90,93","87,71","41,34K","-5,35%"
"14.10.2020","94,80","97,31","97,52","94,05","52,98K","-3,02%"
"13.10.2020","97,75","94,72","99,00","94,24","112,71K","4,32%"
"12.10.2020","93,70","88,15","93,70","88,15","79,23K","9,13%"
"09.10.2020","85,85","83,99","85,85","83,67","32,28K","3,67%"
"08.10.2020","82,82","83,95","84,42","82,76","44,16K","2,05%"
"07.10.2020","81,15","79,10","81,27","78,81","36,72K","0,80%"
"06.10.2020","80,51","81,80","82,47","80,06","45,90K","-0,92%"
"05.10.2020","81,26","79,61","81,33","78,50","42,66K","1,58%"
"02.10.2020","80,00","81,02","82,64","78,71","76,41K","-5,16%"
"01.10.2020","84,35","82,97","85,00","82,67","59,52K","2,12%"
"30.09.2020","82,59","78,00","82,73","77,07","51,09K","3,23%"
"29.09.2020","80,01","80,96","81,30","79,22","34,53K","0,82%"
"28.09.2020","79,36","78,16","81,00","78,08","69,24K","6,85%"
"25.09.2020","74,27","71,69","74,50","70,10","41,94K","2,51%"
"24.09.2020","72,45","69,16","72,45","67,55","76,47K","-3,18%"
"23.09.2020","74,83","76,33","78,23","74,73","70,26K","2,13%"
"22.09.2020","73,27","72,34","75,00","71,80","56,55K","7,21%"
"21.09.2020","68,34","71,10","71,10","66,67","52,23K","-3,80%"
"18.09.2020","71,05","75,07","75,93","71,05","61,68K","-4,91%"
"17.09.2020","74,72","74,16","76,60","71,33","68,52K","-8,74%"
"16.09.2020","81,87","82,98","84,08","80,37","64,50K","-0,17%"
"15.09.2020","82,01","79,18","82,83","78,81","52,68K","3,00%"
"14.09.2020","79,62","78,17","79,91","76,60","27,63K","4,89%"
"11.09.2020","75,91","79,01","80,00","75,00","43,89K","-7,61%"
"10.09.2020","82,17","81,70","84,46","78,35","87,00K","1,99%"
"09.09.2020","80,57","76,29","81,70","76,16","67,53K","2,57%"
"08.09.2020","78,55","85,59","85,72","76,05","66,09K","-6,91%"
"07.09.2020","84,38","81,87","84,79","81,87","31,62K","4,13%"
"04.09.2020","81,04","87,35","92,41","76,33","118,26K","-12,05%"
"03.09.2020","92,14","106,48","107,18","90,70","108,54K","-10,90%"
"02.09.2020","103,41","106,01","108,02","102,73","108,72K","1,86%"
"01.09.2020","101,52","100,37","102,52","98,69","94,53K","4,45%"
"31.08.2020","97,20","97,92","98,39","95,85","44,46K","0,83%"
"28.08.2020","96,39","96,07","97,00","94,52","76,65K","-1,03%"
"27.08.2020","97,39","96,23","98,00","95,00","56,61K","3,56%"
"26.08.2020","94,04","90,88","94,04","90,87","80,04K","5,31%"
"25.08.2020","89,30","89,82","90,10","87,33","49,23K","2,50%"
"24.08.2020","87,12","88,50","90,46","86,50","83,52K","0,48%"
"21.08.2020","86,71","85,17","87,03","83,97","95,04K","4,30%"
"20.08.2020","83,14","80,32","83,23","80,32","40,17K","-0,16%"
"19.08.2020","83,27","82,65","83,27","81,19","118,62K","2,10%"
"18.08.2020","81,55","80,33","82,00","79,83","70,44K","2,01%"
"17.08.2020","79,95","78,95","80,43","78,54","32,37K","2,05%"
"14.08.2020","78,34","79,43","79,49","77,17","20,16K","-1,90%"
"13.08.2020","79,86","77,86","80,38","77,17","53,22K","2,78%"
"12.08.2020","77,70","74,82","77,83","74,27","21,93K","1,35%"
"11.08.2020","76,67","78,16","78,77","74,63","45,93K","0,94%"
"10.08.2020","75,95","77,86","78,77","74,82","46,77K","-4,81%"
"07.08.2020","79,79","79,61","81,15","79,30","51,39K","2,71%"
"06.08.2020","77,69","76,87","78,33","76,40","19,98K","0,82%"
"05.08.2020","77,05","78,00","78,28","76,40","59,28K","0,81%"
"04.08.2020","76,44","77,43","77,62","75,51","18,75K","-0,36%"
"03.08.2020","76,71","74,41","77,17","73,77","79,35K","7,31%"
"31.07.2020","71,49","72,95","73,89","69,67","25,47K","4,37%"
"30.07.2020","68,50","68,53","68,53","66,17","351,03K","0,03%"
"29.07.2020","68,48","67,83","68,80","67,50","317,55K","-0,61%"
"28.07.2020","68,90","70,00","70,46","67,34","29,43K","2,88%"
"27.07.2020","66,97","66,91","68,50","66,61","27,48K","-0,15%"
"24.07.2020","67,07","65,81","67,54","63,30","79,26K","-8,81%"
"23.07.2020","73,55","75,49","75,77","72,86","16,80K","-0,46%"
"22.07.2020","73,89","74,91","75,27","72,78","90,12K","-2,31%"
"21.07.2020","75,63","79,06","79,67","75,33","57,30K","2,02%"
"20.07.2020","74,14","69,43","74,23","69,43","75,06K","4,86%"
"17.07.2020","70,70","70,43","71,67","69,23","18,33K","2,89%"
"16.07.2020","68,72","70,42","70,61","68,17","38,40K","-4,53%"
"15.07.2020","71,98","72,48","73,67","70,97","94,44K","2,61%"
"14.07.2020","70,15","72,55","72,65","66,22","99,81K","-12,66%"
"13.07.2020","80,32","77,40","80,43","77,04","141,30K","8,69%"
"10.07.2020","73,90","72,87","74,57","71,72","42,09K","3,12%"
"09.07.2020","71,66","72,48","74,27","70,74","242,70K","1,82%"
"08.07.2020","70,38","70,56","71,97","69,82","54,12K","-3,91%"
"07.07.2020","73,24","71,00","73,37","70,33","96,72K","2,65%"
"06.07.2020","71,35","69,23","71,53","69,00","73,26K","6,87%"
"03.07.2020","66,76","67,54","67,70","66,28","18,81K","-0,47%"
"02.07.2020","67,08","65,87","68,17","65,69","162,93K","4,62%"
"01.07.2020","64,12","63,05","64,67","62,26","41,43K","3,64%"
"30.06.2020","61,87","60,60","62,11","59,64","23,46K","5,67%"
"29.06.2020","58,55","57,90","58,63","56,00","33,24K","-1,74%"
"26.06.2020","59,58","62,37","63,03","58,21","33,54K","-1,36%"
"25.06.2020","60,40","60,16","61,63","58,88","42,33K","-0,32%"
"24.06.2020","60,59","64,42","64,68","60,36","63,87K","-6,92%"
"23.06.2020","65,10","63,09","65,02","63,09","42,21K","5,50%"
"22.06.2020","61,71","60,73","61,83","60,41","51,84K","-1,12%"
"19.06.2020","62,41","61,90","62,85","61,88","33,36K","2,63%"
"18.06.2020","60,81","60,45","61,32","59,67","37,17K","-0,13%"
"17.06.2020","60,89","60,40","61,37","59,92","55,68K","2,48%"
"16.06.2020","59,42","57,97","60,77","57,12","105,42K","10,19%"
"15.06.2020","53,92","50,79","54,23","50,40","58,11K","-0,69%"
"12.06.2020","54,30","54,74","57,33","53,33","131,58K","-6,92%"
"11.06.2020","58,34","60,41","60,41","58,05","86,34K","-5,62%"
"10.06.2020","61,81","60,74","62,00","60,04","66,18K","2,92%"
"09.06.2020","60,06","59,17","60,14","57,80","41,34K","3,83%"
"08.06.2020","57,85","57,63","58,06","56,60","50,73K","0,41%"
"05.06.2020","57,61","54,98","57,61","54,14","60,42K","5,05%"
"04.06.2020","54,84","55,73","56,66","54,69","45,84K","-1,67%"
"03.06.2020","55,77","55,74","56,14","55,55","53,52K","3,78%"
"02.06.2020","53,74","55,00","55,83","53,11","37,56K","-0,69%"
"01.06.2020","54,12","54,00","55,00","53,07","35,88K","4,21%"
"29.05.2020","51,94","52,14","53,08","51,33","33,78K","-2,78%"
"28.05.2020","53,42","52,07","53,67","51,00","53,94K","7,12%"
"27.05.2020","49,87","53,67","53,99","48,56","82,95K","-6,64%"
"26.05.2020","53,41","55,77","55,88","53,23","53,19K","-2,74%"
"25.05.2020","54,92","53,82","55,00","53,66","40,05K","5,54%"
"22.05.2020","52,03","50,57","52,39","50,07","55,11K","-0,34%"
"21.05.2020","52,21","52,74","54,19","51,79","53,52K","-2,94%"
"20.05.2020","53,79","51,81","53,80","51,55","54,96K","2,07%"
"19.05.2020","52,70","52,56","52,67","50,72","98,28K","1,84%"
"18.05.2020","51,75","50,11","51,97","50,06","94,59K","10,75%"
"15.05.2020","46,73","48,92","49,08","45,83","36,81K","1,19%"
"14.05.2020","46,18","46,73","47,41","44,67","53,82K","-3,96%"
"13.05.2020","48,08","48,54","49,94","47,50","85,53K","-6,95%"
"12.05.2020","51,67","51,04","52,17","50,50","41,34K","1,03%"
"11.05.2020","51,14","50,80","51,20","48,82","64,20K","2,87%"
"08.05.2020","49,72","49,98","50,18","48,90","66,87K","3,02%"
"07.05.2020","48,26","47,57","48,67","47,57","60,42K","1,91%"
"06.05.2020","47,35","46,79","47,71","46,10","31,17K","1,89%"
"05.05.2020","46,48","44,65","46,55","44,30","54,24K","8,44%"
"04.05.2020","42,86","41,72","43,09","40,93","79,41K","-7,35%"
"30.04.2020","46,26","48,25","48,61","46,12","175,20K","0,49%"
"29.04.2020","46,03","44,49","46,23","44,01","41,37K","5,91%"
"28.04.2020","43,46","45,09","46,38","42,67","62,85K","-3,79%"
"27.04.2020","45,17","44,92","45,66","44,43","51,75K","7,49%"
"24.04.2020","42,02","41,19","42,53","41,00","14,31K","-3,53%"
"23.04.2020","43,56","42,25","44,07","41,47","69,39K","5,38%"
"22.04.2020","41,34","40,15","41,58","39,93","52,68K","8,60%"
"21.04.2020","38,06","43,29","43,29","37,76","45,78K","-15,17%"
"20.04.2020","44,87","44,32","45,13","43,07","68,70K","2,84%"
"17.04.2020","43,63","46,14","46,88","43,37","92,91K","-1,05%"
"16.04.2020","44,09","42,60","44,17","41,67","42,78K","8,18%"
"15.04.2020","40,76","42,31","42,35","40,00","53,46K","-0,90%"
"14.04.2020","41,13","39,13","41,53","37,53","56,67K","13,51%"
"09.04.2020","36,23","36,92","37,69","35,20","60,36K","0,88%"
"08.04.2020","35,92","34,43","35,95","33,82","16,71K","0,44%"
"07.04.2020","35,76","35,93","37,50","34,76","86,67K","9,70%"
"06.04.2020","32,60","32,20","32,63","31,58","64,89K","12,88%"
"03.04.2020","28,88","29,13","30,22","28,58","17,28K","-0,50%"
"02.04.2020","29,02","28,89","29,60","27,03","58,65K","-2,43%"
"01.04.2020","29,74","29,23","30,88","28,57","89,64K","-11,46%"
"31.03.2020","33,59","32,67","34,00","31,43","56,31K","5,49%"
"30.03.2020","31,84","28,93","31,77","28,20","44,76K","7,17%"
"27.03.2020","29,71","30,83","31,27","29,23","35,07K","-5,17%"
"26.03.2020","31,33","27,86","31,55","26,71","51,60K","3,32%"
"25.03.2020","30,33","30,39","32,13","27,72","108,36K","4,34%"
"24.03.2020","29,07","25,88","29,07","25,88","63,78K","23,36%"
"23.03.2020","23,56","21,72","27,50","21,57","114,30K","-12,39%"
"20.03.2020","26,90","31,09","31,64","25,82","71,43K","-0,86%"
"19.03.2020","27,13","26,13","30,00","24,38","95,67K","6,73%"
"18.03.2020","25,42","25,80","27,33","23,17","37,29K","-10,54%"
"17.03.2020","28,41","29,34","30,01","23,67","55,77K","-5,49%"
"16.03.2020","30,06","30,17","31,50","24,67","108,27K","-4,57%"
"13.03.2020","31,50","33,00","35,00","29,53","255,45K","1,68%"
"12.03.2020","30,98","34,78","35,53","30,70","77,55K","-25,83%"
"11.03.2020","41,77","42,27","43,48","40,69","36,03K","2,82%"
"10.03.2020","40,62","42,50","45,61","39,17","44,28K","-3,41%"
"09.03.2020","42,06","41,00","43,76","33,33","101,94K","-12,63%"
"06.03.2020","48,13","50,49","50,96","45,58","56,04K","-14,19%"
"05.03.2020","56,09","55,80","56,61","52,82","56,94K","2,18%"
"04.03.2020","54,89","53,61","55,80","53,03","47,64K","-0,43%"
"03.03.2020","55,13","56,67","60,00","54,13","104,10K","3,43%"
"02.03.2020","53,30","52,62","53,97","48,47","101,34K","9,52%"
"28.02.2020","48,67","48,66","48,88","44,33","142,02K","-10,56%"
"27.02.2020","54,41","57,71","58,29","50,85","110,37K","-12,15%"
"26.02.2020","61,94","60,05","62,56","56,07","98,10K","0,30%"
"25.02.2020","61,75","66,55","66,77","61,00","106,05K","-5,00%"
"24.02.2020","65,01","68,28","68,28","62,30","133,14K","-12,20%"
"21.02.2020","74,04","74,81","76,40","71,45","48,15K","-1,71%"
"20.02.2020","75,33","79,58","79,58","75,33","31,83K","-5,34%"
"19.02.2020","79,57","77,97","79,67","77,60","36,87K","4,66%"
"18.02.2020","76,03","74,81","76,84","74,67","23,61K","-2,19%"
"17.02.2020","77,73","77,80","77,98","77,45","27,90K","1,16%"
"14.02.2020","76,84","76,98","77,22","76,27","22,53K","0,55%"
"13.02.2020","76,42","74,99","76,46","72,07","41,37K","0,75%"
"12.02.2020","75,85","74,73","75,85","74,57","16,41K","1,01%"
"11.02.2020","75,09","74,64","75,73","74,32","25,95K","3,37%"
"10.02.2020","72,64","71,40","72,67","70,56","29,07K","0,83%"
"07.02.2020","72,04","71,48","72,04","70,44","12,12K","0,75%"
"06.02.2020","71,51","71,46","71,67","69,93","36,03K","2,84%"
"05.02.2020","69,53","68,83","71,67","68,83","115,95K","1,75%"
"04.02.2020","68,34","65,45","68,34","65,45","40,50K","6,23%"
"03.02.2020","64,33","63,06","64,80","62,23","30,45K","3,56%"
"31.01.2020","62,11","65,82","65,91","62,00","37,71K","-1,73%"
"30.01.2020","63,21","62,27","64,20","62,18","74,04K","-2,01%"
"29.01.2020","64,50","64,40","65,40","63,59","25,50K","1,17%"
"28.01.2020","63,75","62,52","63,77","61,57","36,27K","4,22%"
"27.01.2020","61,17","62,65","63,08","60,50","60,30K","-8,48%"
"24.01.2020","66,83","67,70","68,02","66,67","22,53K","1,73%"
"23.01.2020","65,70","65,86","66,15","65,00","16,08K","-1,56%"
"22.01.2020","66,74","66,52","67,00","66,23","19,29K","1,59%"
"21.01.2020","65,70","64,44","65,71","64,20","16,56K","0,60%"
"20.01.2020","65,31","65,05","65,37","65,05","11,94K","1,14%"
"17.01.2020","64,58","64,51","65,44","64,44","24,51K","2,04%"
"16.01.2020","63,29","63,13","63,86","63,13","21,54K","0,70%"
"15.01.2020","62,85","62,64","63,27","62,37","7,17K","0,02%"
"14.01.2020","62,84","62,57","63,40","62,28","21,15K","0,93%"
"13.01.2020","62,26","61,76","62,25","61,71","30,33K","0,36%"
"10.01.2020","62,03","62,67","62,97","61,84","11,64K","0,71%"
"09.01.2020","61,60","61,14","62,05","61,10","24,63K","3,70%"
"08.01.2020","59,40","57,80","59,58","57,80","21,12K","0,55%"
"07.01.2020","59,08","58,41","59,07","58,17","37,35K","2,30%"
"06.01.2020","57,75","56,77","57,83","55,76","22,05K","0,13%"
"03.01.2020","57,67","57,23","58,09","56,24","40,11K","-0,19%"
"02.01.2020","57,78","57,05","58,19","56,95","13,44K","3,65%"
"30.12.2019","55,75","57,16","57,25","55,17","16,56K","-3,13%"
"27.12.2019","57,55","56,95","58,22","56,95","28,29K","2,11%"
"23.12.2019","56,36","56,00","56,52","56,00","6,90K","0,98%"
"20.12.2019","55,82","54,96","55,93","54,88","15,54K","2,29%"
"19.12.2019","54,57","54,12","54,57","53,90","16,92K","0,51%"
"18.12.2019","54,29","53,73","54,33","53,67","20,34K","1,43%"
"17.12.2019","53,52","53,77","53,90","53,38","54,87K","-0,41%"
"16.12.2019","53,74","52,66","53,75","52,65","18,72K","3,87%"
"13.12.2019","51,74","52,22","52,61","51,01","72,93K","1,09%"
"12.12.2019","51,19","50,73","52,17","50,23","38,43K","1,72%"
"11.12.2019","50,32","50,28","50,37","49,93","3,78K","0,02%"
"10.12.2019","50,31","50,03","50,43","49,17","26,97K","-0,80%"
"09.12.2019","50,72","50,67","51,13","50,44","17,22K","0,00%"
"06.12.2019","50,72","49,46","50,70","49,38","14,61K","4,13%"
"05.12.2019","48,71","49,21","49,56","48,55","25,98K","-0,66%"
"04.12.2019","49,03","47,70","49,17","47,67","49,56K","4,33%"
"03.12.2019","47,00","49,35","49,53","46,18","68,52K","-3,77%"
"02.12.2019","48,84","51,84","51,98","48,11","35,19K","-5,08%"
"29.11.2019","51,46","51,45","51,80","51,41","26,97K","-0,73%"
"28.11.2019","51,84","51,70","51,85","51,54","11,34K","0,21%"
"27.11.2019","51,73","51,45","51,70","51,30","24,33K","1,60%"
"26.11.2019","50,91","50,67","50,98","50,49","6,72K","0,90%"
"25.11.2019","50,46","49,33","50,47","49,33","11,01K","4,15%"
"22.11.2019","48,45","48,91","49,21","48,07","8,40K","0,01%"
"21.11.2019","48,44","48,48","48,87","48,23","21,33K","-2,43%"
"20.11.2019","49,65","49,13","49,81","48,93","9,87K","-0,03%"
"19.11.2019","49,67","49,93","50,37","49,44","7,17K","0,74%"
"18.11.2019","49,30","49,84","49,92","48,76","14,85K","-0,18%"
"15.11.2019","49,39","49,19","49,55","49,04","10,83K","2,00%"
"14.11.2019","48,42","48,71","48,71","48,30","10,02K","-0,51%"
"13.11.2019","48,67","48,64","48,83","47,90","10,14K","-1,13%"
"12.11.2019","49,23","48,52","49,25","48,47","10,17K","2,50%"
"11.11.2019","48,03","47,93","48,18","47,63","7,53K","-0,17%"
"08.11.2019","48,11","47,70","48,24","47,62","20,67K","-0,96%"
"07.11.2019","48,57","48,15","48,55","48,05","34,53K","3,09%"
"06.11.2019","47,12","47,58","47,64","46,97","18,84K","-1,29%"
"05.11.2019","47,73","47,72","47,94","47,30","15,09K","1,22%"
"04.11.2019","47,16","46,71","47,50","46,71","22,56K","3,11%"
"01.11.2019","45,73","45,47","46,27","45,33","20,13K","1,97%"
"31.10.2019","44,85","45,73","45,76","44,71","10,11K","0,42%"
"30.10.2019","44,66","44,67","45,05","44,26","16,65K","-1,14%"
"29.10.2019","45,18","45,72","45,72","44,95","41,40K","-1,42%"
"28.10.2019","45,83","44,83","45,83","44,83","32,22K","3,13%"
"25.10.2019","44,44","42,93","44,44","42,66","7,77K","2,25%"
"24.10.2019","43,46","42,49","43,46","42,43","7,98K","3,23%"
"23.10.2019","42,10","41,32","42,12","41,17","7,02K","-1,39%"
"22.10.2019","42,69","42,95","43,48","42,69","16,05K","-0,09%"
"21.10.2019","42,73","41,97","42,73","41,85","15,18K","0,95%"
"18.10.2019","42,33","42,67","43,00","42,35","8,43K","-1,57%"
"17.10.2019","43,00","43,16","43,66","42,83","15,99K","0,10%"
"16.10.2019","42,96","43,41","43,41","42,67","14,79K","-0,77%"
"15.10.2019","43,29","42,61","43,35","42,20","13,05K","3,06%"
"14.10.2019","42,01","42,02","42,19","41,17","18,00K","-1,33%"
"11.10.2019","42,57","41,03","42,57","41,03","19,65K","4,47%"
"10.10.2019","40,75","39,40","40,86","39,13","31,14K","3,58%"
"09.10.2019","39,34","38,46","39,83","38,46","22,95K","0,85%"
"08.10.2019","39,01","40,72","40,82","38,73","18,60K","-4,36%"
"07.10.2019","40,79","40,23","40,83","40,07","14,55K","1,37%"
"04.10.2019","40,24","38,88","40,24","38,67","28,11K","5,88%"
"03.10.2019","38,00","37,95","38,40","36,59","36,99K","1,07%"
"02.10.2019","37,60","40,00","40,01","37,60","24,09K","-7,88%"
"01.10.2019","40,81","41,33","42,27","40,46","24,72K","-0,13%"
"30.09.2019","40,87","40,44","40,84","40,26","11,52K","-1,01%"
"27.09.2019","41,28","41,39","41,83","40,77","5,55K","1,44%"
"26.09.2019","40,70","41,60","42,04","40,50","10,20K","0,01%"
"25.09.2019","40,69","40,31","40,86","39,23","14,25K","-2,09%"
"24.09.2019","41,56","42,42","42,70","41,56","12,84K","-0,95%"
"23.09.2019","41,96","42,45","42,60","41,50","20,07K","-2,36%"
"20.09.2019","42,97","43,33","43,50","42,91","13,56K","-1,62%"
"19.09.2019","43,68","42,20","43,83","42,20","20,88K","2,76%"
"18.09.2019","42,51","42,67","42,87","42,49","14,40K","0,27%"
"17.09.2019","42,40","42,25","42,40","42,13","2,40K","-0,59%"
"16.09.2019","42,65","42,27","42,77","41,76","12,03K","-0,95%"
"13.09.2019","43,06","43,43","43,80","42,83","4,62K","-1,58%"
"12.09.2019","43,75","43,59","44,35","43,34","10,83K","2,10%"
"11.09.2019","42,85","41,82","42,85","41,51","30,33K","4,98%"
"10.09.2019","40,82","41,61","41,93","40,67","27,57K","-4,20%"
"09.09.2019","42,61","42,77","42,85","42,30","19,74K","0,07%"
"06.09.2019","42,58","42,57","43,20","42,11","20,16K","0,21%"
"05.09.2019","42,49","41,50","42,79","41,08","41,01K","6,24%"
"04.09.2019","39,99","40,14","40,62","39,53","19,80K","2,20%"
"03.09.2019","39,13","39,13","39,93","38,70","37,50K","-1,32%"
"02.09.2019","39,65","39,63","39,97","39,48","9,78K","0,25%"
"30.08.2019","39,55","40,03","41,01","39,37","80,31K","-1,35%"
"29.08.2019","40,09","38,14","40,32","38,14","22,53K","5,01%"
"28.08.2019","38,18","38,03","38,30","37,04","32,70K","0,79%"
"27.08.2019","37,88","37,67","39,00","37,57","26,04K","0,56%"
"26.08.2019","37,67","37,56","38,50","36,97","21,57K","-0,09%"
"23.08.2019","37,71","40,67","40,97","37,71","79,41K","-5,20%"
"22.08.2019","39,77","40,80","41,17","39,40","9,99K","-2,52%"
"21.08.2019","40,80","40,21","40,93","40,15","5,31K","0,91%"
"20.08.2019","40,44","40,50","40,80","39,73","17,94K","-0,20%"
"19.08.2019","40,52","39,90","40,70","39,50","74,19K","4,95%"
"16.08.2019","38,61","37,77","38,95","37,77","7,92K","2,54%"
"14.08.2019","37,65","40,30","40,34","37,57","14,01K","-5,84%"
"13.08.2019","39,99","37,73","41,17","37,22","48,75K","4,36%"
"12.08.2019","38,32","39,96","40,10","37,99","28,74K","-0,20%"
"09.08.2019","38,39","39,84","40,22","38,60","18,81K","-2,76%"
"08.08.2019","39,48","38,37","39,55","37,83","44,55K","7,35%"
"07.08.2019","36,78","36,97","38,00","35,21","110,01K","0,70%"
"06.08.2019","36,53","35,87","37,46","35,60","50,70K","-0,72%"
"05.08.2019","36,79","39,00","39,07","36,57","118,14K","-8,49%"
"02.08.2019","40,20","42,01","42,17","39,83","68,46K","-12,19%"
"01.08.2019","45,78","43,17","45,70","42,89","53,22K","1,53%"
"31.07.2019","45,09","44,73","45,21","44,73","6,24K","0,80%"
"30.07.2019","44,74","45,33","45,33","44,10","9,81K","-0,67%"
"29.07.2019","45,04","45,57","45,83","44,67","35,01K","-1,53%"
"26.07.2019","45,74","45,44","45,75","45,39","23,70K","2,48%"
"25.07.2019","44,63","45,66","46,00","44,33","56,34K","-0,70%"
"24.07.2019","44,94","44,33","45,17","44,09","22,26K","1,70%"
"23.07.2019","44,19","44,01","44,61","43,86","40,86K","2,03%"
"22.07.2019","43,31","42,63","43,63","42,58","13,62K","-1,29%"
"19.07.2019","43,88","44,11","44,53","43,66","35,40K","2,97%"
"18.07.2019","42,61","42,34","43,35","42,34","47,04K","-2,92%"
"17.07.2019","43,89","44,33","44,45","43,76","22,11K","-1,29%"
"16.07.2019","44,47","44,73","44,93","44,37","17,55K","0,04%"
"15.07.2019","44,45","44,32","44,59","44,15","10,62K","1,03%"
"12.07.2019","43,99","43,70","44,01","43,62","9,36K","-0,25%"
"11.07.2019","44,10","43,87","44,10","43,83","10,53K","2,25%"
"10.07.2019","43,13","42,21","44,07","42,05","44,19K","2,18%"
"09.07.2019","42,21","41,08","42,33","40,88","10,08K","1,12%"
"08.07.2019","41,75","42,12","42,30","41,37","18,66K","-1,09%"
"05.07.2019","42,21","43,17","43,17","41,73","39,06K","-2,45%"
"04.07.2019","43,27","42,94","43,27","42,90","10,62K","1,77%"
"03.07.2019","42,52","41,88","42,67","41,88","22,68K","2,59%"
"02.07.2019","41,44","41,30","41,60","40,95","20,97K","0,18%"
"01.07.2019","41,37","41,60","42,08","41,27","82,50K","4,99%"
"28.06.2019","39,40","39,52","39,67","39,07","8,82K","0,72%"
"27.06.2019","39,12","39,75","39,75","39,07","22,32K","-0,51%"
"26.06.2019","39,32","38,67","39,87","38,53","17,64K","-0,37%"
"25.06.2019","39,47","40,33","40,34","39,34","51,15K","-2,97%"
"24.06.2019","40,67","41,06","41,10","40,55","10,20K","-1,12%"
"21.06.2019","41,13","40,85","41,30","40,51","23,04K","0,99%"
"20.06.2019","40,73","41,23","41,83","40,68","56,76K","2,70%"
"19.06.2019","39,66","39,98","40,12","39,47","16,29K","-1,56%"
"18.06.2019","40,29","38,13","40,56","37,78","29,88K","5,74%"
"17.06.2019","38,10","37,54","38,37","37,43","15,36K","2,08%"
"14.06.2019","37,32","37,30","37,36","36,88","12,63K","-0,69%"
"13.06.2019","37,58","36,82","37,95","36,72","17,76K","1,49%"
"12.06.2019","37,03","37,16","37,51","36,85","42,12K","-2,07%"
"11.06.2019","37,81","38,33","38,67","37,76","15,63K","-0,98%"
"10.06.2019","38,19","36,67","38,20","36,50","47,13K","5,72%"
"07.06.2019","36,12","34,46","36,44","34,33","41,88K","6,84%"
"06.06.2019","33,81","33,76","34,17","33,43","32,94K","1,63%"
"05.06.2019","33,27","33,00","33,73","32,68","62,01K","2,83%"
"04.06.2019","32,35","30,50","32,37","30,44","28,50K","1,18%"
"03.06.2019","31,97","32,16","32,35","31,17","11,67K","-4,69%"
"31.05.2019","33,54","33,52","33,52","32,80","35,76K","-2,48%"
"30.05.2019","34,40","34,40","34,73","34,30","12,81K","1,49%"
"29.05.2019","33,89","34,21","34,53","33,90","33,90K","-4,46%"
"28.05.2019","35,48","35,31","36,01","35,00","8,76K","0,66%"
"27.05.2019","35,24","35,51","35,52","35,17","1,50K","-0,12%"
"24.05.2019","35,29","35,73","36,10","35,21","37,80K","-0,50%"
"23.05.2019","35,46","36,00","36,05","35,23","15,78K","-5,18%"
"22.05.2019","37,40","37,15","37,56","36,66","15,66K","-0,61%"
"21.05.2019","37,63","37,02","37,69","36,90","30,87K","2,51%"
"20.05.2019","36,71","38,64","38,64","36,11","20,28K","-7,52%"
"17.05.2019","39,69","39,20","39,97","38,33","30,18K","-0,60%"
"16.05.2019","39,93","38,05","40,01","37,72","38,67K","4,69%"
"15.05.2019","38,14","37,28","38,13","35,98","40,44K","3,27%"
"14.05.2019","36,94","35,81","36,98","35,81","49,44K","3,20%"
"13.05.2019","35,79","38,07","38,07","35,65","181,20K","-4,08%"
"10.05.2019","37,32","39,48","39,73","37,15","47,07K","-1,77%"
"09.05.2019","37,99","39,37","39,60","37,83","48,06K","-6,71%"
"08.05.2019","40,72","40,97","41,20","39,79","66,03K","-0,70%"
"07.05.2019","41,01","42,79","42,80","40,53","63,84K","-3,97%"
"06.05.2019","42,70","41,37","42,67","40,88","63,00K","-1,99%"
"03.05.2019","43,57","42,51","43,71","42,51","37,47K","3,71%"
"02.05.2019","42,01","42,50","43,00","42,03","27,57K","-0,42%"
"30.04.2019","42,19","43,17","43,19","42,15","26,43K","-4,11%"
"29.04.2019","44,00","43,92","44,13","43,72","17,19K","1,36%"
"26.04.2019","43,41","43,20","43,90","42,52","36,24K","-1,46%"
"25.04.2019","44,05","44,00","44,61","43,30","4,59K","0,82%"
"24.04.2019","43,70","43,34","43,77","43,31","73,53K","1,23%"
"23.04.2019","43,17","41,77","43,17","41,77","19,29K","5,10%"
"18.04.2019","41,07","40,67","41,97","40,67","16,92K","0,61%"
"17.04.2019","40,82","40,99","41,40","40,82","40,17K","0,13%"
"16.04.2019","40,77","40,47","40,85","40,47","32,70K","2,12%"
"15.04.2019","39,92","39,80","40,33","39,44","18,78K","0,00%"
"12.04.2019","39,92","39,84","40,37","39,80","19,41K","-0,50%"
"11.04.2019","40,12","40,00","40,37","39,87","11,58K","0,31%"
"10.04.2019","40,00","39,67","40,03","39,67","3,54K","0,72%"
"09.04.2019","39,71","39,85","39,89","39,57","12,18K","0,11%"
"08.04.2019","39,67","39,71","39,71","39,23","13,05K","-0,39%"
"05.04.2019","39,82","39,45","39,87","39,33","10,17K","1,96%"
"04.04.2019","39,06","39,28","39,72","38,93","27,39K","-1,91%"
"03.04.2019","39,81","39,24","39,81","39,04","24,78K","3,41%"
"02.04.2019","38,50","38,19","38,53","38,17","17,88K","1,43%"
"01.04.2019","37,96","37,77","38,04","37,58","16,59K","3,77%"
"29.03.2019","36,58","36,42","36,75","36,27","44,85K","2,66%"
"28.03.2019","35,63","35,53","36,23","35,46","33,39K","0,95%"
"27.03.2019","35,30","36,55","36,67","34,82","107,61K","-3,06%"
"26.03.2019","36,41","35,97","37,07","35,83","49,41K","2,00%"
"25.03.2019","35,70","35,32","35,92","34,97","53,04K","-2,19%"
"22.03.2019","36,50","37,98","39,20","36,42","94,23K","-2,75%"
"21.03.2019","37,53","36,36","37,67","35,87","45,75K","4,19%"
"20.03.2019","36,02","36,20","36,38","35,83","29,34K","-1,55%"
"19.03.2019","36,59","35,95","36,74","35,95","53,46K","3,27%"
"18.03.2019","35,43","36,05","36,10","35,41","40,89K","-1,20%"
"15.03.2019","35,86","35,18","35,93","34,97","34,89K","2,51%"
"14.03.2019","34,98","35,00","35,34","34,78","34,47K","-0,53%"
"13.03.2019","35,16","34,30","35,33","34,27","32,13K","2,10%"
"12.03.2019","34,44","34,12","34,44","33,69","57,09K","2,62%"
"11.03.2019","33,56","32,23","33,67","32,00","66,21K","6,61%"
"08.03.2019","31,48","31,54","31,62","30,83","35,04K","-2,81%"
"07.03.2019","32,39","32,65","33,23","32,00","34,98K","-2,32%"
"06.03.2019","33,16","33,68","33,70","33,12","31,20K","-1,60%"
"05.03.2019","33,70","33,57","33,76","33,17","57,84K","1,16%"
"04.03.2019","33,31","33,97","34,22","33,31","43,98K","1,29%"
"01.03.2019","32,89","33,17","33,43","32,91","32,04K","0,30%"
"28.02.2019","32,79","32,33","32,85","32,33","13,32K","1,02%"
"27.02.2019","32,46","32,70","32,79","32,00","31,29K","-1,92%"
"26.02.2019","33,09","32,96","33,17","32,47","48,36K","-1,19%"
"25.02.2019","33,49","33,00","33,61","32,91","51,63K","2,50%"
"22.02.2019","32,67","31,94","32,70","31,93","27,24K","2,39%"
"21.02.2019","31,91","32,65","32,65","31,50","29,49K","-2,08%"
"20.02.2019","32,58","32,28","32,72","32,17","14,31K","0,88%"
"19.02.2019","32,30","32,38","32,49","32,01","3,18K","-0,55%"
"18.02.2019","32,48","32,43","32,48","32,27","9,06K","1,16%"
"15.02.2019","32,10","31,24","32,73","31,24","73,80K","1,55%"
"14.02.2019","31,61","32,31","32,33","31,16","65,10K","-0,68%"
"13.02.2019","31,83","31,90","32,37","31,83","62,91K","0,80%"
"12.02.2019","31,58","30,83","31,67","30,83","76,11K","3,34%"
"11.02.2019","30,56","30,36","31,00","30,29","50,01K","3,12%"
"08.02.2019","29,63","29,64","29,89","29,38","30,93K","-0,11%"
"07.02.2019","29,67","31,01","31,17","29,67","30,69K","-5,58%"
"06.02.2019","31,42","31,38","31,81","30,97","81,63K","0,15%"
"05.02.2019","31,37","30,35","31,57","30,32","73,44K","3,02%"
"04.02.2019","30,45","29,50","30,49","29,47","55,08K","2,18%"
"01.02.2019","29,80","29,87","30,13","29,35","168,12K","-0,34%"
"31.01.2019","29,91","29,00","29,97","29,00","112,14K","8,12%"
"30.01.2019","27,66","27,20","27,83","27,10","174,66K","3,81%"
"29.01.2019","26,64","27,15","27,69","26,50","145,44K","-2,05%"
"28.01.2019","27,20","28,32","28,32","26,90","29,01K","-4,60%"
"25.01.2019","28,51","28,10","28,67","27,97","74,85K","3,97%"
"24.01.2019","27,43","27,29","27,80","27,27","74,82K","2,05%"
"23.01.2019","26,88","27,77","27,80","26,87","61,23K","-3,46%"
"22.01.2019","27,84","28,05","28,27","27,81","49,41K","-1,81%"
"21.01.2019","28,35","28,52","28,57","28,16","32,52K","-2,46%"
"18.01.2019","29,07","27,98","29,15","27,62","153,48K","5,58%"
"17.01.2019","27,53","26,70","27,58","26,64","62,31K","-0,72%"
"16.01.2019","27,73","27,10","28,00","27,10","130,50K","2,91%"
"15.01.2019","26,95","26,15","27,04","25,93","113,88K","4,47%"
"14.01.2019","25,79","25,63","25,87","25,40","58,65K","-1,30%"
"11.01.2019","26,13","26,33","26,47","25,98","70,59K","-0,03%"
"10.01.2019","26,14","25,59","26,17","25,30","69,99K","-0,35%"
"09.01.2019","26,23","25,89","26,27","25,73","146,91K","4,55%"
"08.01.2019","25,09","25,24","26,12","24,90","173,85K","0,43%"
"07.01.2019","24,98","24,67","24,98","24,04","88,26K","3,72%"
"04.01.2019","24,09","22,53","24,10","22,37","166,95K","7,70%"
"03.01.2019","22,37","22,17","23,30","21,80","75,69K","-6,01%"
"02.01.2019","23,80","22,72","23,97","21,61","59,70K","2,94%"
"28.12.2018","23,12","23,27","23,73","22,60","37,47K","6,46%"
"27.12.2018","21,71","23,45","23,45","21,02","34,38K","-4,87%"
"21.12.2018","22,83","23,38","23,84","22,44","86,82K","-2,12%"
"20.12.2018","23,32","25,17","25,17","23,28","67,08K","-12,02%"
"19.12.2018","26,51","26,12","26,92","25,83","26,37K","1,66%"
"18.12.2018","26,08","26,02","26,50","25,87","90,93K","-5,31%"
"17.12.2018","27,54","28,13","28,13","26,33","89,91K","-4,25%"
"14.12.2018","28,76","28,67","29,07","28,39","36,54K","-3,52%"
"13.12.2018","29,81","30,57","30,64","29,69","29,46K","-3,31%"
"12.12.2018","30,83","29,64","30,95","29,63","16,59K","4,37%"
"11.12.2018","29,54","28,62","30,15","28,43","65,37K","8,46%"
"10.12.2018","27,23","28,02","28,23","26,90","56,46K","-5,78%"
"07.12.2018","28,91","30,23","30,75","28,77","45,36K","2,55%"
"06.12.2018","28,19","30,22","30,22","28,18","101,37K","-7,65%"
"05.12.2018","30,52","33,05","33,05","30,52","65,58K","-8,25%"
"04.12.2018","33,27","33,80","33,80","33,03","68,55K","-2,44%"
"03.12.2018","34,10","32,50","35,20","32,50","65,70K","6,70%"
"30.11.2018","31,95","31,85","32,18","31,47","30,63K","1,53%"
"29.11.2018","31,47","30,67","31,83","30,67","69,84K","5,29%"
"28.11.2018","29,89","29,85","30,26","29,67","32,37K","1,31%"
"27.11.2018","29,51","28,82","29,68","28,34","49,26K","3,11%"
"26.11.2018","28,62","27,98","28,75","27,98","31,14K","3,67%"
"23.11.2018","27,60","27,21","28,01","26,86","57,36K","2,56%"
"22.11.2018","26,91","27,53","27,53","26,79","27,18K","-4,99%"
"21.11.2018","28,33","27,71","28,49","27,48","120,57K","2,93%"
"20.11.2018","27,52","29,31","29,31","26,00","69,42K","-6,28%"
"19.11.2018","29,36","31,99","32,33","29,33","41,85K","-6,55%"
"16.11.2018","31,42","31,63","31,88","31,00","18,78K","1,08%"
"15.11.2018","31,09","31,29","31,29","29,83","13,83K","0,24%"
"14.11.2018","31,01","31,41","32,35","30,74","48,36K","-5,42%"
"13.11.2018","32,79","32,27","33,17","31,67","39,33K","3,88%"
"12.11.2018","31,56","35,13","35,13","31,60","27,39K","-8,51%"
"09.11.2018","34,50","35,72","35,72","34,28","33,54K","-4,69%"
"08.11.2018","36,19","35,87","36,67","35,87","25,14K","1,80%"
"07.11.2018","35,55","34,07","35,77","34,07","32,13K","6,86%"
"06.11.2018","33,27","32,90","34,10","32,45","27,87K","3,49%"
"05.11.2018","32,15","33,42","33,71","31,78","24,60K","-3,84%"
"02.11.2018","33,43","34,87","35,41","33,00","123,96K","-2,15%"
"01.11.2018","34,17","33,60","34,39","33,00","100,38K","1,76%"
"31.10.2018","33,58","31,33","34,34","31,33","74,34K","10,05%"
"30.10.2018","30,51","30,83","31,21","29,26","117,90K","-1,89%"
"29.10.2018","31,10","32,41","33,60","31,03","53,25K","-2,96%"
"26.10.2018","32,05","32,33","32,33","30,14","88,77K","-5,73%"
"25.10.2018","34,00","32,40","34,12","31,92","43,68K","-0,51%"
"24.10.2018","34,17","35,00","36,49","34,30","27,21K","-0,44%"
"23.10.2018","34,32","34,85","35,07","33,22","57,45K","-6,81%"
"22.10.2018","36,83","35,97","37,14","35,63","17,58K","0,19%"
"19.10.2018","36,76","36,84","37,62","36,27","19,41K","-0,04%"
"18.10.2018","36,77","38,37","38,38","36,68","3,15K","-3,14%"
"17.10.2018","37,96","39,38","39,38","37,33","28,44K","2,25%"
"16.10.2018","37,13","35,45","37,15","35,45","36,24K","2,85%"
"15.10.2018","36,10","35,75","36,27","34,96","66,36K","0,28%"
"12.10.2018","36,00","36,17","36,50","35,63","108,42K","4,40%"
"11.10.2018","34,48","35,00","35,97","33,22","91,53K","-8,35%"
"10.10.2018","37,62","40,77","40,77","37,33","25,77K","-8,73%"
"09.10.2018","41,22","40,44","41,52","39,83","34,77K","3,39%"
"08.10.2018","39,87","40,91","41,25","39,87","21,45K","-2,50%"
"05.10.2018","40,89","42,59","42,59","40,83","29,10K","-4,50%"
"04.10.2018","42,82","44,57","44,57","42,82","35,94K","-5,79%"
"03.10.2018","45,45","44,97","45,63","44,94","17,76K","-0,06%"
"02.10.2018","45,48","44,74","45,47","44,55","17,67K","-0,66%"
"01.10.2018","45,78","45,00","45,84","45,00","6,60K","2,34%"
"28.09.2018","44,73","44,37","44,68","44,03","19,74K","0,35%"
"27.09.2018","44,58","43,31","44,68","43,07","16,35K","1,90%"
"26.09.2018","43,74","43,33","43,74","43,14","18,24K","2,31%"
"25.09.2018","42,76","42,79","43,03","42,33","19,77K","1,00%"
"24.09.2018","42,34","41,80","42,34","40,87","19,20K","-1,87%"
"21.09.2018","43,14","43,49","43,64","42,85","29,61K","0,26%"
"20.09.2018","43,03","41,99","43,17","41,99","9,03K","3,04%"
"19.09.2018","41,76","42,20","42,50","41,40","15,42K","-1,87%"
"18.09.2018","42,56","41,26","42,57","41,13","10,98K","2,00%"
"17.09.2018","41,72","42,84","43,03","41,44","6,36K","-3,88%"
"14.09.2018","43,41","43,70","43,83","43,30","17,94K","0,31%"
"13.09.2018","43,28","42,67","43,47","42,67","5,25K","2,66%"
"12.09.2018","42,16","42,96","43,24","41,33","9,93K","-0,06%"
"11.09.2018","42,18","41,93","42,15","41,33","4,08K","0,96%"
"10.09.2018","41,78","42,11","42,37","41,30","13,23K","-1,35%"
"07.09.2018","42,35","41,72","42,42","40,84","17,79K","2,03%"
"06.09.2018","41,51","43,07","43,17","41,17","17,55K","-2,63%"
"05.09.2018","42,63","44,55","44,69","42,60","20,34K","-5,48%"
"04.09.2018","45,11","45,91","45,99","44,29","19,89K","-1,03%"
"03.09.2018","45,57","45,35","45,61","45,33","5,01K","0,61%"
"31.08.2018","45,30","45,03","45,54","44,63","22,89K","0,24%"
"30.08.2018","45,19","45,00","45,40","44,77","14,37K","0,75%"
"29.08.2018","44,85","43,89","44,83","43,76","21,96K","3,00%"
"28.08.2018","43,54","43,63","43,72","43,42","14,55K","0,55%"
"27.08.2018","43,31","43,02","43,45","42,79","19,14K","2,05%"
"24.08.2018","42,44","41,82","42,44","41,66","8,61K","2,33%"
"23.08.2018","41,47","41,65","42,27","41,41","6,21K","-0,21%"
"22.08.2018","41,56","41,00","41,39","40,64","11,88K","0,20%"
"21.08.2018","41,47","41,10","41,57","41,10","3,15K","1,27%"
"20.08.2018","40,95","41,74","42,00","40,77","42,69K","0,35%"
"17.08.2018","40,81","41,52","41,52","40,53","5,49K","-3,12%"
"16.08.2018","42,12","42,16","42,17","41,62","10,83K","-1,19%"
"14.08.2018","42,63","42,61","42,62","42,16","12,09K","1,07%"
"13.08.2018","42,18","41,53","42,82","41,51","11,16K","-0,05%"
"10.08.2018","42,20","42,00","42,33","41,88","5,76K","-1,03%"
"09.08.2018","42,64","42,14","42,67","42,14","8,01K","0,57%"
"08.08.2018","42,40","42,10","42,44","41,90","6,90K","1,13%"
"07.08.2018","41,93","42,27","42,33","41,90","11,04K","1,65%"
"06.08.2018","41,25","41,19","41,50","41,16","4,23K","1,43%"
"03.08.2018","40,66","40,00","41,06","40,00","34,35K","2,26%"
"02.08.2018","39,76","38,33","39,76","37,98","56,67K","2,99%"
"01.08.2018","38,61","38,57","39,07","38,34","61,56K","1,39%"
"31.07.2018","38,08","37,64","38,39","37,41","31,74K","1,18%"
"30.07.2018","37,64","38,88","39,22","37,50","53,88K","-6,94%"
"27.07.2018","40,44","41,67","42,00","40,36","38,82K","-2,42%"
"26.07.2018","41,45","40,86","41,43","40,60","37,05K","-0,31%"
"25.07.2018","41,57","41,11","41,39","40,87","9,06K","0,02%"
"24.07.2018","41,57","41,30","42,07","41,19","19,92K","3,83%"
"23.07.2018","40,03","39,66","39,93","39,33","31,50K","-2,07%"
"20.07.2018","40,88","40,76","40,91","40,19","19,47K","-0,06%"
"19.07.2018","40,90","40,95","40,95","40,50","5,79K","-0,35%"
"18.07.2018","41,04","41,33","41,41","40,84","16,17K","1,64%"
"17.07.2018","40,38","39,67","40,44","38,95","37,35K","-0,09%"
"16.07.2018","40,42","40,75","40,89","40,33","49,80K","-1,10%"
"13.07.2018","40,87","40,00","41,14","39,97","9,69K","2,34%"
"12.07.2018","39,93","38,82","39,99","38,82","15,03K","4,04%"
"11.07.2018","38,38","38,33","38,83","37,67","14,28K","-1,68%"
"10.07.2018","39,04","39,19","39,44","39,07","6,03K","1,63%"
"09.07.2018","38,41","38,28","38,58","38,02","27,81K","2,82%"
"06.07.2018","37,36","36,00","37,33","36,00","9,69K","4,52%"
"05.07.2018","35,74","35,07","35,93","35,07","5,34K","1,57%"
"04.07.2018","35,19","35,40","35,50","35,09","13,20K","-2,86%"
"03.07.2018","36,23","36,73","37,17","36,21","6,03K","1,51%"
"02.07.2018","35,69","35,20","35,72","33,92","26,64K","-1,59%"
"29.06.2018","36,26","36,18","36,40","36,04","18,18K","2,56%"
"28.06.2018","35,36","35,55","35,55","34,41","13,56K","-2,97%"
"27.06.2018","36,44","35,68","36,93","35,11","18,69K","1,67%"
"26.06.2018","35,84","35,82","36,37","35,67","5,88K","1,15%"
"25.06.2018","35,43","36,66","37,63","35,68","14,28K","-7,65%"
"22.06.2018","38,37","38,75","39,06","38,00","9,78K","-2,36%"
"21.06.2018","39,29","40,40","40,40","38,83","12,51K","-1,06%"
"20.06.2018","39,71","39,22","39,83","39,16","24,15K","3,63%"
"19.06.2018","38,32","37,69","38,58","37,67","7,74K","-2,09%"
"18.06.2018","39,14","38,66","39,32","38,30","20,13K","0,26%"
"15.06.2018","39,04","40,03","40,03","38,85","18,12K","-0,91%"
"14.06.2018","39,39","37,60","39,67","37,50","15,03K","1,53%"
"13.06.2018","38,80","38,18","38,82","38,10","33,33K","2,84%"
"12.06.2018","37,73","37,52","37,81","37,23","14,67K","1,19%"
"11.06.2018","37,28","37,10","37,33","36,88","19,68K","0,93%"
"08.06.2018","36,94","36,81","37,07","36,13","6,81K","-0,74%"
"07.06.2018","37,21","38,20","38,25","36,86","17,94K","-1,22%"
"06.06.2018","37,67","37,86","37,86","37,09","15,78K","0,33%"
"05.06.2018","37,55","37,17","37,93","37,13","13,62K","1,43%"
"04.06.2018","37,02","36,30","36,98","36,30","12,48K","2,29%"
"01.06.2018","36,19","35,21","36,24","35,08","17,76K","3,15%"
"31.05.2018","35,08","35,04","35,22","34,63","6,06K","0,41%"
"30.05.2018","34,94","34,80","35,02","34,62","2,64K","0,52%"
"29.05.2018","34,76","34,64","34,85","34,12","32,88K","-1,24%"
"28.05.2018","35,20","35,08","35,20","34,92","6,06K","0,62%"
"25.05.2018","34,98","34,00","35,02","34,00","20,94K","3,35%"
"24.05.2018","33,85","34,00","34,66","33,66","38,97K","1,44%"
"23.05.2018","33,36","33,08","33,45","32,59","21,99K","-0,95%"
"22.05.2018","33,69","33,71","34,01","33,50","11,22K","0,82%"
"21.05.2018","33,41","33,60","34,24","33,40","14,52K","0,19%"
"18.05.2018","33,35","33,67","33,77","32,93","6,39K","-2,16%"
"17.05.2018","34,08","33,52","33,87","33,35","50,73K","1,56%"
"16.05.2018","33,56","33,15","33,78","33,09","17,07K","2,31%"
"15.05.2018","32,80","34,00","34,00","32,83","10,74K","-4,36%"
"14.05.2018","34,30","34,09","34,50","33,86","11,52K","1,32%"
"11.05.2018","33,85","33,95","34,14","33,54","30,33K","0,12%"
"10.05.2018","33,81","32,80","33,83","32,80","22,71K","4,97%"
"09.05.2018","32,21","32,32","32,53","32,03","3,96K","0,56%"
"08.05.2018","32,03","32,08","32,10","31,71","6,15K","-0,85%"
"07.05.2018","32,31","31,00","32,28","31,00","13,65K","4,49%"
"04.05.2018","30,92","29,55","30,87","29,26","27,72K","9,22%"
"03.05.2018","28,31","29,32","29,49","28,27","15,33K","-5,73%"
"02.05.2018","30,03","30,80","30,80","30,00","2,58K","1,26%"
"30.04.2018","29,66","29,85","30,00","29,63","8,88K","0,46%"
"27.04.2018","29,52","29,50","30,88","29,13","34,83K","1,60%"
"26.04.2018","29,06","27,99","29,15","27,94","19,32K","5,11%"
"25.04.2018","27,64","27,33","27,70","26,32","79,83K","-2,35%"
"24.04.2018","28,31","29,49","29,90","27,98","25,74K","-5,36%"
"23.04.2018","29,91","29,33","30,07","29,13","34,47K","2,32%"
"20.04.2018","29,24","30,21","30,62","29,31","28,56K","-4,45%"
"19.04.2018","30,60","31,27","31,27","30,33","20,01K","-2,30%"
"18.04.2018","31,32","31,00","31,41","30,58","42,87K","1,36%"
"17.04.2018","30,90","29,33","30,91","29,33","40,05K","6,91%"
"16.04.2018","28,90","28,93","29,26","28,63","42,78K","-0,08%"
"13.04.2018","28,93","29,00","29,63","28,53","33,57K","-1,00%"
"12.04.2018","29,22","28,15","29,34","28,15","38,37K","3,06%"
"11.04.2018","28,35","28,10","28,70","27,50","74,31K","0,69%"
"10.04.2018","28,15","28,33","28,44","27,50","56,55K","0,55%"
"09.04.2018","28,00","27,26","28,00","26,93","20,19K","1,43%"
"06.04.2018","27,60","27,87","28,38","27,36","27,57K","-4,72%"
"05.04.2018","28,97","28,67","29,17","28,42","47,88K","9,29%"
"04.04.2018","26,51","26,27","26,59","24,89","82,17K","-0,31%"
"03.04.2018","26,59","26,28","27,41","25,41","78,39K","-4,68%"
"29.03.2018","27,90","27,41","28,20","26,66","21,57K","5,49%"
"28.03.2018","26,45","27,59","28,85","26,17","45,27K","-13,50%"
"27.03.2018","30,57","31,33","31,64","30,24","15,42K","8,45%"
"26.03.2018","28,19","29,33","29,39","27,83","13,23K","-3,88%"
"23.03.2018","29,33","30,14","30,24","28,93","18,45K","-5,74%"
"22.03.2018","31,11","32,17","32,60","30,48","20,31K","-6,61%"
"21.03.2018","33,32","33,23","33,34","32,67","10,95K","0,68%"
"20.03.2018","33,09","32,72","33,27","32,54","17,70K","2,11%"
"19.03.2018","32,41","34,87","34,89","31,96","44,55K","-7,71%"
"16.03.2018","35,11","35,10","35,64","35,10","7,17K","-0,80%"
"15.03.2018","35,40","35,27","35,76","35,00","9,03K","0,97%"
"14.03.2018","35,06","35,54","35,87","34,72","47,04K","-2,09%"
"13.03.2018","35,81","36,76","37,36","35,33","69,48K","-2,94%"
"12.03.2018","36,89","35,67","37,59","35,67","31,11K","3,67%"
"09.03.2018","35,58","34,33","35,58","34,25","14,70K","4,15%"
"08.03.2018","34,17","33,67","34,18","33,56","13,56K","3,71%"
"07.03.2018","32,95","32,35","33,16","32,04","10,80K","0,68%"
"06.03.2018","32,72","33,23","33,51","32,67","25,38K","1,08%"
"05.03.2018","32,37","31,19","32,38","31,19","27,45K","4,68%"
"02.03.2018","30,92","31,31","31,61","30,01","27,93K","-5,62%"
"01.03.2018","32,77","33,38","33,65","32,33","25,17K","-3,18%"
"28.02.2018","33,84","33,90","34,60","33,78","9,12K","-1,15%"
"27.02.2018","34,23","34,54","34,89","34,20","10,89K","-0,11%"
"26.02.2018","34,27","32,83","34,33","32,83","13,59K","5,74%"
"23.02.2018","32,41","32,17","32,42","31,89","6,03K","0,94%"
"22.02.2018","32,11","31,04","32,26","30,85","6,42K","-1,93%"
"21.02.2018","32,74","31,81","32,67","31,79","7,44K","1,26%"
"20.02.2018","32,33","31,40","32,23","30,92","8,91K","2,88%"
"19.02.2018","31,43","31,94","31,96","31,49","5,76K","-1,53%"
"16.02.2018","31,92","31,88","32,23","31,49","22,11K","4,09%"
"15.02.2018","30,66","30,01","30,83","29,99","17,73K","4,48%"
"14.02.2018","29,35","29,07","29,52","27,87","31,41K","4,44%"
"13.02.2018","28,10","28,06","28,33","27,67","23,22K","0,52%"
"12.02.2018","27,96","27,46","28,33","27,38","41,25K","7,17%"
"09.02.2018","26,09","26,45","27,07","25,27","37,80K","-6,02%"
"08.02.2018","27,76","29,55","29,74","27,78","15,60K","-10,27%"
"07.02.2018","30,93","29,19","31,02","29,16","28,26K","10,81%"
"06.02.2018","27,92","28,04","29,43","26,36","134,94K","-11,88%"
"05.02.2018","31,68","31,33","32,23","30,55","20,88K","-3,34%"
"02.02.2018","32,77","33,88","33,88","32,47","14,13K","-4,38%"
"01.02.2018","34,27","34,89","34,89","33,67","9,18K","-0,41%"
"31.01.2018","34,41","34,59","34,91","34,40","15,69K","-0,31%"
"30.01.2018","34,52","34,93","34,93","33,83","31,41K","-2,59%"
"29.01.2018","35,44","35,00","35,59","35,00","57,75K","1,44%"
"26.01.2018","34,94","34,44","34,93","34,41","2,55K","1,93%"
"25.01.2018","34,28","34,27","34,73","33,83","6,93K","-0,66%"
"24.01.2018","34,51","35,19","35,27","34,47","14,25K","-1,95%"
"23.01.2018","35,19","34,92","35,32","34,54","13,77K","3,88%"
"22.01.2018","33,88","33,33","34,00","33,33","4,26K","1,88%"
"19.01.2018","33,25","32,91","33,80","32,91","7,80K","0,82%"
"18.01.2018","32,98","33,17","33,17","32,73","3,21K","1,36%"
"17.01.2018","32,54","32,42","32,77","32,23","20,28K","-1,47%"
"16.01.2018","33,03","32,84","33,48","32,81","13,86K","1,65%"
"15.01.2018","32,49","32,72","32,72","32,39","19,20K","0,31%"
"12.01.2018","32,39","32,49","32,49","31,94","5,73K","2,14%"
"11.01.2018","31,71","31,98","32,01","31,74","2,94K","0,86%"
"10.01.2018","31,44","31,80","31,83","31,15","19,59K","-2,44%"
"09.01.2018","32,22","32,01","32,34","31,84","2,70K","1,00%"
"08.01.2018","31,90","31,33","31,89","31,33","7,17K","2,17%"
"05.01.2018","31,23","30,69","31,50","30,69","35,10K","2,81%"
"04.01.2018","30,37","30,33","30,60","30,33","6,54K","0,42%"
"03.01.2018","30,25","29,50","30,17","29,50","1,02K","3,60%"
"02.01.2018","29,20","28,16","29,18","28,00","2,94K","3,32%"
"29.12.2017","28,26","28,80","28,90","28,26","5,37K","-1,85%"
"28.12.2017","28,79","28,85","29,04","28,72","19,05K","-0,58%"
"27.12.2017","28,96","28,95","29,05","28,70","15,06K","-1,35%"
"22.12.2017","29,36","29,65","29,65","29,59","0,93K","-0,97%"
"21.12.2017","29,65","29,47","29,62","29,47","0,93K","1,57%"
"20.12.2017","29,19","29,83","29,85","29,13","6,87K","-1,95%"
"19.12.2017","29,77","30,33","30,41","29,73","4,68K","-1,05%"
"18.12.2017","30,08","30,30","30,30","29,96","12,36K","3,05%"
"15.12.2017","29,19","28,73","29,20","28,73","2,34K","1,08%"
"14.12.2017","28,88","28,75","28,92","28,53","3,96K","0,20%"
"13.12.2017","28,82","28,61","28,94","28,20","2,85K","0,02%"
"12.12.2017","28,82","28,74","28,77","28,66","4,62K","2,07%"
"11.12.2017","28,23","27,48","28,23","27,48","1,41K","0,37%"
"08.12.2017","28,13","27,74","28,33","27,74","5,82K","1,73%"
"07.12.2017","27,65","27,50","27,71","27,28","4,92K","1,97%"
"06.12.2017","27,12","26,47","27,18","26,42","6,75K","-2,02%"
"05.12.2017","27,68","26,83","27,50","25,80","12,21K","1,59%"
"04.12.2017","27,24","28,00","28,30","27,01","9,15K","1,90%"
"01.12.2017","26,74","27,91","28,12","27,33","6,63K","-3,45%"
"30.11.2017","27,69","27,28","27,97","27,28","19,83K","1,00%"
"29.11.2017","27,42","28,83","28,89","27,34","13,08K","-4,61%"
"28.11.2017","28,74","28,74","28,74","28,74","","1,37%"
"27.11.2017","28,35","28,53","28,53","28,43","1,41K","-0,60%"
"24.11.2017","28,53","28,47","28,54","28,47","6,81K","0,56%"
"23.11.2017","28,37","28,42","28,53","28,40","4,50K","-0,36%"
"22.11.2017","28,47","28,61","28,71","28,46","12,24K","-0,41%"
"21.11.2017","28,59","27,82","28,62","27,82","11,34K","3,25%"
"20.11.2017","27,69","27,41","27,73","27,41","3,78K","-0,71%"
"17.11.2017","27,89","28,00","28,07","27,83","11,40K","-0,07%"
"16.11.2017","27,91","27,31","27,90","27,31","4,02K","3,13%"
"15.11.2017","27,06","26,81","27,16","26,67","5,67K","-1,24%"
"14.11.2017","27,40","27,85","28,34","27,07","23,79K","-1,98%"
"13.11.2017","27,95","28,00","28,00","27,53","3,99K","1,09%"
"10.11.2017","27,65","27,83","27,83","27,51","0,78K","-0,27%"
"09.11.2017","27,73","28,29","28,29","27,70","3,27K","-1,99%"
"08.11.2017","28,29","28,02","28,33","28,00","2,79K","0,70%"
"07.11.2017","28,09","28,20","28,25","27,96","7,02K","0,32%"
"06.11.2017","28,00","27,82","28,05","27,80","0,42K","1,91%"
"03.11.2017","27,48","27,17","27,53","27,08","7,89K","2,50%"
"02.11.2017","26,81","26,97","27,07","26,49","5,13K","-1,66%"
"01.11.2017","27,26","27,60","27,60","27,14","3,15K","0,69%"
"31.10.2017","27,07","27,05","27,11","26,98","2,31K","1,48%"
"30.10.2017","26,68","26,36","27,09","26,36","6,69K","0,83%"
"27.10.2017","26,46","24,93","26,27","24,93","36,39K","7,39%"
"26.10.2017","24,64","24,40","24,72","24,40","33,60K","2,41%"
"25.10.2017","24,06","24,63","24,66","23,99","6,45K","-3,22%"
"24.10.2017","24,86","24,84","25,11","24,55","5,25K","-0,63%"
"23.10.2017","25,01","25,33","25,33","25,04","2,25K","-0,38%"
"20.10.2017","25,11","25,04","25,28","25,04","1,41K","1,94%"
"19.10.2017","24,63","25,18","25,18","24,31","3,42K","-2,46%"
"18.10.2017","25,25","25,33","25,47","25,33","1,86K","-0,17%"
"17.10.2017","25,30","25,23","25,30","25,19","2,10K","0,94%"
"16.10.2017","25,06","24,98","25,18","24,98","1,05K","0,89%"
"13.10.2017","24,84","24,67","24,84","24,49","1,50K","0,56%"
"12.10.2017","24,70","24,70","24,70","24,70","0,60K","1,01%"
"11.10.2017","24,45","24,41","24,45","24,39","0,96K","0,26%"
"10.10.2017","24,39","24,77","24,77","24,50","5,70K","-1,55%"
"09.10.2017","24,77","24,80","24,83","24,76","3,12K","0,61%"
"06.10.2017","24,62","24,79","24,82","24,44","5,76K","1,18%"
"05.10.2017","24,33","23,85","24,23","23,56","1,38K","1,88%"
"04.10.2017","23,89","23,77","23,82","23,71","0,30K","0,49%"
"03.10.2017","23,77","23,84","23,85","23,67","3,57K","-0,34%"
"02.10.2017","23,85","23,74","23,97","23,70","15,15K","1,96%"
"29.09.2017","23,39","23,21","23,50","22,99","3,09K","1,87%"
"28.09.2017","22,96","23,17","23,17","22,82","6,12K","0,10%"
"27.09.2017","22,94","22,73","23,17","22,73","6,72K","2,71%"
"26.09.2017","22,34","22,20","22,63","22,20","5,04K","0,51%"
"25.09.2017","22,22","22,74","22,86","22,00","1,26K","-1,64%"
"22.09.2017","22,59","22,57","22,70","22,57","2,07K","-1,55%"
"21.09.2017","22,95","22,67","22,87","22,67","1,05K","-0,30%"
"20.09.2017","23,02","23,33","23,43","22,98","5,58K","-1,42%"
"19.09.2017","23,35","23,48","23,48","23,32","0,72K","-1,39%"
"18.09.2017","23,68","23,61","23,61","23,53","3,24K","0,64%"
"15.09.2017","23,53","23,19","23,64","23,06","7,68K","-0,53%"
"14.09.2017","23,66","23,61","23,67","23,40","4,38K","0,35%"
"13.09.2017","23,57","23,57","23,57","23,57","","0,83%"
"12.09.2017","23,38","23,42","23,63","23,42","2,70K","0,82%"
"11.09.2017","23,19","23,17","23,38","23,17","1,47K","1,85%"
"08.09.2017","22,77","22,76","22,94","22,76","2,88K","-1,36%"
"07.09.2017","23,08","23,01","23,07","23,01","0,18K","1,78%"
"06.09.2017","22,68","23,01","23,09","22,97","3,51K","-1,62%"
"05.09.2017","23,05","23,47","23,50","23,05","6,99K","-1,28%"
"04.09.2017","23,35","23,17","23,25","23,17","2,94K","-1,15%"
"01.09.2017","23,62","23,68","23,68","23,58","7,53K","0,80%"
"31.08.2017","23,43","22,83","23,50","22,83","2,58K","3,78%"
"30.08.2017","22,58","22,23","22,57","22,23","0,27K","3,96%"
"29.08.2017","21,72","21,03","22,01","20,66","0,78K","-0,66%"
"28.08.2017","21,86","21,96","21,96","21,96","0,21K","0,40%"
"25.08.2017","21,78","21,70","21,70","21,70","0,24K","-0,11%"
"24.08.2017","21,80","21,87","22,45","21,87","1,74K","-2,13%"
"23.08.2017","22,27","22,50","22,62","22,17","2,34K","-0,47%"
"22.08.2017","22,38","22,23","22,23","22,23","3,93K","5,06%"
"21.08.2017","21,30","21,68","21,73","21,08","1,23K","-2,91%"
"18.08.2017","21,94","21,83","22,03","21,63","1,23K","-2,21%"
"17.08.2017","22,44","22,77","22,83","22,50","0,87K","-3,80%"
"16.08.2017","23,32","23,07","23,53","23,05","7,83K","2,02%"
"14.08.2017","22,86","22,70","22,96","22,70","6,21K","4,89%"
"11.08.2017","21,79","21,80","21,81","21,37","2,70K","-2,29%"
"10.08.2017","22,31","22,94","22,94","22,37","0,39K","-2,54%"
"09.08.2017","22,89","22,94","22,94","22,70","3,90K","-2,81%"
"08.08.2017","23,55","23,01","23,55","23,01","0,48K","1,58%"
"07.08.2017","23,18","23,20","23,20","23,20","0,06K","0,85%"
"04.08.2017","22,99","22,80","23,00","22,80","0,90K","1,41%"
"03.08.2017","22,67","22,55","22,96","22,46","3,42K","0,94%"
"02.08.2017","22,46","23,17","23,27","22,26","0,42K","-1,01%"
"01.08.2017","22,69","23,02","23,02","22,70","7,05K","0,03%"
"31.07.2017","22,68","23,24","23,32","22,79","3,66K","-0,95%"
"28.07.2017","22,90","22,83","22,94","22,40","8,25K","-5,26%"
"27.07.2017","24,17","24,00","24,20","23,98","2,31K","2,13%"
"26.07.2017","23,67","23,54","23,72","23,54","2,88K","0,72%"
"25.07.2017","23,50","23,35","23,48","23,35","3,60K","0,65%"
"24.07.2017","23,35","23,33","23,40","23,33","1,44K","0,49%"
"21.07.2017","23,23","23,39","23,45","23,13","1,65K","-0,66%"
"20.07.2017","23,39","23,61","23,81","23,20","8,13K","-0,49%"
"19.07.2017","23,50","23,33","23,58","23,28","5,82K","2,99%"
"18.07.2017","22,82","22,56","22,99","22,56","2,88K","-0,26%"
"17.07.2017","22,88","22,96","23,04","22,92","3,45K","1,21%"
"14.07.2017","22,61","22,40","22,66","22,35","0,30K","0,89%"
"13.07.2017","22,41","22,33","22,68","22,26","2,64K","1,29%"
"12.07.2017","22,12","21,50","22,17","21,50","2,31K","4,41%"
"11.07.2017","21,19","21,33","21,53","21,19","1,26K","-0,04%"
"10.07.2017","21,19","21,20","21,22","21,20","0,57K","1,53%"
"07.07.2017","20,87","20,32","20,87","20,32","4,50K","2,51%"
"06.07.2017","20,36","20,84","20,84","20,17","0,66K","-2,44%"
"05.07.2017","20,87","20,00","20,83","20,00","0,54K","3,38%"
"04.07.2017","20,19","20,17","20,48","20,10","0,69K","-2,31%"
"03.07.2017","20,67","21,20","21,21","20,60","7,05K","-1,16%"
"30.06.2017","20,91","20,67","21,08","20,63","17,34K","0,36%"
"29.06.2017","20,83","22,00","22,00","20,85","1,29K","-3,95%"
"28.06.2017","21,69","21,17","21,74","20,71","15,06K","-2,40%"
"27.06.2017","22,22","22,68","22,68","22,39","1,68K","-2,57%"
"26.06.2017","22,81","23,33","23,47","23,33","0,57K","-0,52%"
"23.06.2017","22,93","23,10","23,10","22,92","6,60K","-0,37%"
"22.06.2017","23,01","22,83","23,07","22,83","6,60K","1,49%"
"21.06.2017","22,68","22,17","22,59","22,17","3,27K","0,31%"
"20.06.2017","22,61","22,73","23,00","22,72","3,69K","-0,30%"
"19.06.2017","22,67","22,12","22,59","22,09","3,15K","4,98%"
"16.06.2017","21,60","22,19","22,19","21,48","2,73K","-0,69%"
"15.06.2017","21,75","22,53","22,53","21,41","5,52K","-3,38%"
"14.06.2017","22,51","22,66","22,71","22,36","5,46K","1,11%"
"13.06.2017","22,26","21,87","22,54","21,87","3,51K","1,06%"
"12.06.2017","22,03","22,10","22,10","21,23","18,51K","-8,42%"
"09.06.2017","24,05","24,58","24,74","23,97","2,10K","0,08%"
"08.06.2017","24,03","24,18","24,31","23,82","1,56K","0,60%"
"07.06.2017","23,89","23,86","24,05","23,80","2,52K","-0,40%"
"06.06.2017","23,98","24,58","24,58","23,90","0,99K","0,00%"
"05.06.2017","23,99","23,94","24,22","23,94","5,22K","1,39%"
"02.06.2017","23,66","23,59","23,67","23,55","3,24K","2,40%"
"01.06.2017","23,10","23,25","23,28","23,00","1,95K","0,84%"
"31.05.2017","22,91","23,15","23,41","22,61","6,84K","-1,13%"
"30.05.2017","23,17","23,33","23,33","23,00","4,41K","-0,04%"
"29.05.2017","23,18","23,15","23,30","23,15","4,74K","0,52%"
"26.05.2017","23,06","23,01","23,11","22,80","8,55K","0,78%"
"25.05.2017","22,88","22,52","22,81","22,52","2,73K","3,00%"
"24.05.2017","22,22","22,29","22,29","22,20","16,26K","0,81%"
"23.05.2017","22,04","22,03","22,20","22,00","1,53K","1,17%"
"22.05.2017","21,78","21,58","21,66","21,39","5,10K","0,72%"
"19.05.2017","21,62","21,33","21,69","21,33","1,38K","1,35%"
"18.05.2017","21,34","21,17","21,40","20,50","6,18K","-0,33%"
"17.05.2017","21,41","22,25","22,36","21,36","5,16K","-4,85%"
"16.05.2017","22,50","22,65","22,65","22,33","11,22K","-0,06%"
"15.05.2017","22,51","22,58","22,58","22,30","0,87K","0,47%"
"12.05.2017","22,41","22,18","22,46","22,18","13,92K","1,13%"
"11.05.2017","22,16","22,50","22,50","22,02","2,04K","-1,28%"
"10.05.2017","22,44","22,35","22,42","22,35","1,47K","-0,18%"
"09.05.2017","22,48","22,19","22,45","22,19","3,84K","2,64%"
"08.05.2017","21,91","21,84","22,04","21,84","1,77K","1,55%"
"05.05.2017","21,57","21,66","21,87","21,61","2,31K","-0,67%"
"04.05.2017","21,72","21,87","21,87","21,51","1,47K","0,00%"
"03.05.2017","21,71","21,82","21,82","21,67","1,11K","-0,98%"
"02.05.2017","21,93","22,24","22,24","21,55","1,53K","2,89%"
"28.04.2017","21,31","21,47","21,47","21,26","7,35K","0,82%"
"27.04.2017","21,14","20,80","21,20","20,80","0,72K","0,33%"
"26.04.2017","21,07","20,93","21,08","20,90","30,66K","1,37%"
"25.04.2017","20,79","20,55","20,80","20,55","4,53K","1,51%"
"24.04.2017","20,48","20,44","20,65","20,43","5,07K","1,46%"
"21.04.2017","20,18","20,24","20,29","20,11","2,25K","1,68%"
"20.04.2017","19,85","19,67","19,86","19,67","4,17K","-0,75%"
"19.04.2017","20,00","19,67","19,67","19,67","0,75K","1,93%"
"18.04.2017","19,62","19,50","19,58","19,50","0,42K","-0,80%"
"13.04.2017","19,78","19,50","19,77","19,37","0,33K","0,35%"
"12.04.2017","19,71","19,71","19,71","19,71","","1,17%"
"11.04.2017","19,48","19,53","19,53","19,47","1,08K","-3,77%"
"10.04.2017","20,25","20,17","20,32","20,17","2,70K","0,89%"
"07.04.2017","20,07","19,92","20,21","19,92","1,23K","-0,55%"
"06.04.2017","20,18","20,00","20,06","19,70","4,11K","-1,58%"
"05.04.2017","20,50","20,13","20,45","20,13","0,63K","1,90%"
"04.04.2017","20,12","20,05","20,05","20,00","2,16K","0,25%"
"03.04.2017","20,07","20,20","20,32","19,92","2,79K","-0,78%"
"31.03.2017","20,23","20,01","20,24","20,01","1,86K","0,49%"
"30.03.2017","20,13","20,00","20,13","20,00","2,64K","1,57%"
"29.03.2017","19,82","19,76","19,93","19,58","4,59K","2,79%"
"28.03.2017","19,28","19,28","19,28","19,27","0,30K","1,57%"
"27.03.2017","18,98","18,56","18,74","18,53","2,73K","-2,07%"
"24.03.2017","19,39","19,35","19,35","19,35","0,15K","0,45%"
"23.03.2017","19,30","19,29","19,34","19,17","2,04K","1,13%"
"22.03.2017","19,08","19,00","19,24","18,64","3,60K","-0,76%"
"21.03.2017","19,23","19,98","19,99","19,05","36,42K","-3,19%"
"20.03.2017","19,86","19,74","20,00","19,68","14,55K","0,10%"
"17.03.2017","19,84","19,70","19,85","19,70","3,30K","0,03%"
"16.03.2017","19,84","20,03","20,14","19,83","9,42K","0,34%"
"15.03.2017","19,77","19,93","19,93","19,93","0,12K","1,04%"
"14.03.2017","19,57","19,73","19,73","19,47","0,60K","-0,54%"
"13.03.2017","19,67","19,65","19,70","19,54","4,53K","-0,06%"
"10.03.2017","19,69","19,69","19,82","19,55","14,79K","0,32%"
"09.03.2017","19,62","19,66","19,67","19,52","25,17K","-0,72%"
"08.03.2017","19,77","19,48","19,69","19,48","1,44K","1,24%"
"07.03.2017","19,53","19,46","19,74","19,46","1,80K","0,63%"
"06.03.2017","19,40","19,33","19,66","19,33","10,80K","-0,73%"
"03.03.2017","19,55","19,61","19,70","19,44","22,68K","-1,25%"
"02.03.2017","19,79","19,96","20,10","19,87","26,28K","-0,14%"
"01.03.2017","19,82","19,62","19,84","19,53","35,67K","2,49%"
"28.02.2017","19,34","19,45","19,46","19,45","0,72K","0,39%"
"27.02.2017","19,27","19,50","19,50","19,26","10,98K","0,44%"
"24.02.2017","19,18","19,00","19,26","18,83","19,20K","0,28%"
"23.02.2017","19,13","19,61","19,61","19,04","8,10K","-2,06%"
"22.02.2017","19,53","19,70","19,70","19,43","25,47K","0,46%"
"21.02.2017","19,44","19,38","19,56","19,38","3,63K","0,86%"
"20.02.2017","19,28","19,20","19,26","19,20","4,11K","2,13%"
"17.02.2017","18,87","18,69","18,96","18,69","2,31K","0,57%"
"16.02.2017","18,77","19,00","19,00","18,73","3,06K","-0,25%"
"15.02.2017","18,81","18,68","18,82","18,68","34,41K","2,07%"
"14.02.2017","18,43","18,47","18,50","18,39","10,26K","0,19%"
"13.02.2017","18,40","18,41","18,41","18,12","4,05K","2,04%"
"10.02.2017","18,03","18,00","18,11","17,98","11,49K","0,66%"
"09.02.2017","17,91","17,79","17,81","17,72","12,45K","1,90%"
"08.02.2017","17,57","17,70","17,70","17,53","1,44K","0,20%"
"07.02.2017","17,54","17,38","17,60","17,38","27,45K","1,58%"
"06.02.2017","17,27","17,13","17,26","17,03","1,47K","1,16%"
"03.02.2017","17,07","16,89","17,09","16,89","1,92K","0,00%"
"02.02.2017","17,07","16,88","17,10","16,85","18,75K","1,07%"
"01.02.2017","16,89","16,95","17,19","16,95","10,95K","2,59%"
"31.01.2017","16,46","16,43","16,84","16,43","1,29K","-2,04%"
"30.01.2017","16,80","17,16","17,29","16,68","12,69K","-3,00%"
"27.01.2017","17,32","17,30","17,33","17,18","5,67K","0,25%"
"26.01.2017","17,28","17,27","17,36","17,21","5,13K","1,47%"
"25.01.2017","17,03","16,83","16,97","16,83","2,58K","4,15%"
"24.01.2017","16,35","16,29","16,36","16,29","3,96K","1,39%"
"23.01.2017","16,13","16,20","16,40","16,03","0,87K","-1,53%"
"20.01.2017","16,38","16,57","16,57","16,41","5,40K","-0,30%"
"19.01.2017","16,42","16,23","16,50","16,23","1,83K","1,31%"
"18.01.2017","16,21","16,25","16,25","16,25","0,09K","0,22%"
"17.01.2017","16,18","16,10","16,10","16,10","1,05K","-1,57%"
"16.01.2017","16,43","16,44","16,51","16,44","2,67K","-0,25%"
"13.01.2017","16,48","16,21","16,48","16,21","1,71K","3,71%"
"12.01.2017","15,89","16,15","16,23","16,15","0,66K","-2,43%"
"11.01.2017","16,28","16,21","16,43","16,21","1,80K","-0,35%"
"10.01.2017","16,34","16,22","16,22","16,06","0,87K","1,06%"
"09.01.2017","16,17","16,17","16,20","16,06","2,49K","1,65%"
"06.01.2017","15,90","15,67","15,69","15,67","0,66K","3,00%"
"05.01.2017","15,44","15,33","15,53","15,33","0,75K","0,20%"
"04.01.2017","15,41","15,33","15,40","15,33","0,39K","1,46%"
"03.01.2017","15,19","15,31","15,54","15,31","3,36K","0,00%"
"02.01.2017","15,19","14,83","15,29","14,83","5,52K","2,13%"
"30.12.2016","14,87","15,30","15,35","14,78","6,00K","-2,56%"
"29.12.2016","15,26","15,40","15,47","15,25","2,76K","-3,27%"
"28.12.2016","15,78","16,02","16,02","15,78","1,41K","-1,08%"
"27.12.2016","15,95","15,71","16,07","15,71","7,38K","3,24%"
"23.12.2016","15,45","15,58","15,58","15,50","0,96K","-0,12%"
"22.12.2016","15,47","15,59","15,67","15,50","3,24K","-1,12%"
"21.12.2016","15,65","15,79","15,79","15,79","0,60K","-1,29%"
"20.12.2016","15,85","15,74","15,83","15,73","14,13K","1,14%"
"19.12.2016","15,67","15,55","15,77","15,55","1,65K","2,24%"
"16.12.2016","15,33","15,53","15,72","15,35","11,37K","-3,18%"
"15.12.2016","15,83","15,49","15,89","15,40","14,64K","3,46%"
"14.12.2016","15,30","15,32","15,34","15,27","8,94K","-0,82%"
"13.12.2016","15,43","14,76","15,38","14,76","6,33K","4,77%"
"12.12.2016","14,73","14,78","14,84","14,70","6,96K","-1,98%"
"09.12.2016","15,03","14,61","15,08","14,61","2,73K","2,54%"
"08.12.2016","14,65","14,28","14,68","14,28","4,32K","6,43%"
"07.12.2016","13,77","13,90","13,90","13,72","5,10K","0,00%"
"06.12.2016","13,77","13,79","13,89","13,70","1,14K","-0,41%"
"05.12.2016","13,83","13,80","13,83","13,67","0,84K","1,29%"
"02.12.2016","13,65","13,33","13,67","13,28","4,59K","-0,58%"
"01.12.2016","13,73","14,03","14,03","13,89","0,54K","-5,85%"
"30.11.2016","14,58","14,83","14,83","14,78","0,36K","-1,88%"
"29.11.2016","14,86","14,75","14,81","14,73","6,27K","0,75%"
"28.11.2016","14,75","14,50","14,80","14,50","2,88K","-0,06%"
"25.11.2016","14,76","14,69","14,72","14,68","1,38K","0,20%"
"24.11.2016","14,73","14,67","14,67","14,67","4,89K","1,22%"
"23.11.2016","14,55","14,89","14,89","14,59","1,50K","-1,40%"
"22.11.2016","14,76","14,88","14,89","14,80","6,69K","1,29%"
"21.11.2016","14,57","14,33","14,51","14,19","5,94K","1,91%"
"18.11.2016","14,30","14,23","14,51","14,23","2,04K","0,83%"
"17.11.2016","14,18","14,00","14,07","13,96","46,44K","1,38%"
"16.11.2016","13,98","13,69","13,96","13,52","21,18K","2,53%"
"15.11.2016","13,64","13,12","13,70","13,12","61,50K","4,06%"
"14.11.2016","13,11","13,73","13,73","13,13","33,09K","-0,61%"
"11.11.2016","13,19","13,17","13,40","12,92","19,53K","-0,87%"
"10.11.2016","13,30","14,25","14,42","12,85","11,97K","-3,22%"
"09.11.2016","13,75","12,65","13,64","12,33","277,62K","1,21%"
"08.11.2016","13,58","13,47","13,61","13,33","13,71K","1,67%"
"07.11.2016","13,36","13,04","13,36","13,03","12,39K","5,58%"
"04.11.2016","12,65","12,54","12,54","12,46","45,99K","-0,81%"
"03.11.2016","12,76","12,79","13,03","12,76","6,33K","-2,81%"
"02.11.2016","13,13","13,20","13,20","13,20","0,39K","-1,83%"
"01.11.2016","13,37","13,77","13,77","13,43","1,56K","-3,84%"
"31.10.2016","13,90","14,02","14,02","13,88","3,78K","-1,47%"
"28.10.2016","14,11","13,82","14,18","13,77","9,87K","-1,30%"
"27.10.2016","14,30","14,25","14,25","14,25","0,12K","-1,48%"
"26.10.2016","14,51","14,46","14,46","14,33","1,77K","-1,51%"
"25.10.2016","14,73","14,88","14,92","14,75","2,10K","-0,09%"
"24.10.2016","14,75","14,52","14,53","14,52","0,42K","3,29%"
"21.10.2016","14,28","14,28","14,28","14,28","","2,28%"
"20.10.2016","13,96","14,11","14,11","14,04","0,96K","-0,77%"
"19.10.2016","14,07","13,98","13,98","13,94","5,04K","-0,68%"
"18.10.2016","14,16","14,16","14,16","14,16","","3,04%"
"17.10.2016","13,74","13,66","13,66","13,66","0,03K","-1,43%"
"14.10.2016","13,94","13,76","14,07","13,72","75,45K","2,95%"
"13.10.2016","13,54","13,60","13,60","13,57","1,08K","-2,46%"
"12.10.2016","13,89","13,89","13,89","13,89","","-0,40%"
"11.10.2016","13,94","14,32","14,42","14,32","46,83K","-3,36%"
"10.10.2016","14,43","14,43","14,43","14,43","","2,40%"
"07.10.2016","14,09","14,12","14,12","14,07","0,66K","0,11%"
"06.10.2016","14,07","14,13","14,13","14,13","0,09K","-1,07%"
"05.10.2016","14,23","14,06","14,06","14,01","0,06K","0,20%"
"04.10.2016","14,20","14,30","14,30","14,27","1,11K","1,26%"
"03.10.2016","14,02","14,02","14,02","14,02","","-0,66%"
"30.09.2016","14,11","13,83","13,87","13,83","45,09K","1,60%"
"29.09.2016","13,89","14,16","14,16","14,00","1,59K","-0,63%"
"28.09.2016","13,98","14,05","14,05","14,05","0,06K","0,21%"
"27.09.2016","13,95","13,95","13,95","13,95","","2,56%"
"26.09.2016","13,60","13,69","13,73","13,66","0,93K","-3,97%"
"23.09.2016","14,16","14,28","14,30","14,17","10,50K","-0,14%"
"22.09.2016","14,18","13,92","14,22","13,92","18,45K","3,35%"
"21.09.2016","13,72","13,83","13,83","13,72","0,09K","0,63%"
"20.09.2016","13,64","13,57","13,65","13,57","0,57K","-0,86%"
"19.09.2016","13,76","13,92","13,92","13,75","5,61K","1,08%"
"16.09.2016","13,61","13,58","13,67","13,53","0,93K","0,75%"
"15.09.2016","13,51","13,51","13,51","13,51","","2,47%"
"14.09.2016","13,18","12,90","12,90","12,90","0,78K","3,44%"
"13.09.2016","12,75","12,78","12,78","12,78","0,09K","-1,16%"
"12.09.2016","12,89","12,57","12,79","12,13","30,66K","-1,82%"
"09.09.2016","13,13","13,47","13,47","13,47","0,69K","-3,32%"
"08.09.2016","13,58","13,75","13,75","13,75","0,15K","-1,21%"
"07.09.2016","13,75","13,88","13,88","13,74","21,09K","0,65%"
"06.09.2016","13,66","13,63","13,73","13,61","7,32K","0,79%"
"05.09.2016","13,56","13,56","13,56","13,56","","-0,72%"
"02.09.2016","13,65","13,60","13,60","13,60","0,30K","2,75%"
"01.09.2016","13,29","13,60","13,60","13,22","13,92K","-0,93%"
"31.08.2016","13,41","13,39","13,39","13,39","0,18K","-0,18%"
"30.08.2016","13,44","13,59","13,59","13,47","30,00K","-1,13%"
"29.08.2016","13,59","13,50","13,50","13,50","0,60K","-0,31%"
"26.08.2016","13,63","13,39","13,39","13,38","30,00K","1,56%"
"25.08.2016","13,42","13,42","13,42","13,42","","-1,64%"
"24.08.2016","13,65","13,72","13,72","13,64","0,39K","-0,30%"
"23.08.2016","13,69","13,65","13,65","13,63","0,18K","2,03%"
"22.08.2016","13,42","13,45","13,45","13,45","0,06K","-1,31%"
"19.08.2016","13,59","13,40","13,40","13,40","15,00K","0,38%"
"18.08.2016","13,54","13,51","13,51","13,51","0,12K","1,50%"
"17.08.2016","13,34","13,38","13,38","13,38","0,15K","-1,85%"
"16.08.2016","13,59","13,70","13,70","13,70","2,67K","-0,51%"
"12.08.2016","13,66","13,66","13,66","13,66","","0,20%"
"11.08.2016","13,64","13,66","13,66","13,64","1,14K","1,41%"
"10.08.2016","13,45","13,61","13,61","13,61","0,36K","-2,49%"
"09.08.2016","13,79","13,79","13,79","13,79","","1,66%"
"08.08.2016","13,57","13,72","13,72","13,49","1,47K","-1,22%"
"05.08.2016","13,73","13,31","13,73","13,31","1,50K","4,04%"
"04.08.2016","13,20","13,20","13,20","13,20","","1,86%"
"03.08.2016","12,96","13,00","13,00","13,00","1,35K","1,29%"
"02.08.2016","12,79","13,29","13,29","13,17","0,87K","-4,00%"
"01.08.2016","13,33","13,16","13,33","13,16","4,92K","1,71%"
"29.07.2016","13,10","13,10","13,10","13,10","","1,22%"
"28.07.2016","12,94","13,03","13,03","12,94","2,10K","-0,66%"
"27.07.2016","13,03","13,15","13,15","12,98","8,82K","2,70%"
"26.07.2016","12,69","12,70","12,84","12,70","6,06K","-0,14%"
"25.07.2016","12,71","12,70","12,70","12,68","0,78K","0,11%"
"22.07.2016","12,69","12,55","12,62","12,55","1,59K","0,00%"
"21.07.2016","12,69","12,69","12,70","12,67","3,00K","0,25%"
"20.07.2016","12,66","12,48","12,63","12,48","0,45K","3,19%"
"19.07.2016","12,27","12,15","12,26","12,15","5,61K","-0,40%"
"18.07.2016","12,32","12,10","12,33","12,09","20,28K","2,10%"
"15.07.2016","12,06","12,08","12,13","12,08","4,41K","-0,05%"
"14.07.2016","12,07","12,12","12,16","11,97","2,52K","1,23%"
"13.07.2016","11,92","12,07","12,07","11,92","4,05K","-0,72%"
"12.07.2016","12,01","11,86","11,97","11,86","4,44K","1,06%"
"11.07.2016","11,88","11,75","11,75","11,75","0,57K","2,82%"
"08.07.2016","11,56","11,08","11,53","11,08","3,30K","4,72%"
"07.07.2016","11,03","11,11","11,11","11,11","0,18K","2,04%"
"06.07.2016","10,81","10,65","10,65","10,63","0,84K","1,58%"
"05.07.2016","10,65","10,61","10,61","10,61","0,06K","-2,16%"
"04.07.2016","10,88","10,93","10,93","10,89","0,60K","-0,30%"
"01.07.2016","10,91","10,57","10,98","10,56","2,91K","3,38%"
"30.06.2016","10,56","10,48","10,50","10,43","19,50K","2,69%"
"29.06.2016","10,28","10,00","10,24","10,00","3,99K","6,86%"
"28.06.2016","9,62","9,50","9,83","9,48","48,09K","3,17%"
"27.06.2016","9,32","9,67","9,67","9,26","4,41K","-8,29%"
"24.06.2016","10,17","10,06","10,37","9,73","10,29K","-6,13%"
"23.06.2016","10,83","10,73","10,73","10,73","0,30K","-0,17%"
"22.06.2016","10,85","10,60","10,60","10,60","3,99K","2,22%"
"21.06.2016","10,61","10,61","10,61","10,61","","-1,99%"
"20.06.2016","10,83","10,67","10,81","10,67","3,69K","4,87%"
"17.06.2016","10,33","10,81","10,81","10,39","3,51K","-2,09%"
"16.06.2016","10,55","10,19","10,55","10,19","6,30K","-1,90%"
"15.06.2016","10,75","10,70","10,70","10,70","0,36K","1,54%"
"14.06.2016","10,59","10,77","10,77","10,62","2,85K","-3,21%"
"13.06.2016","10,94","10,94","10,96","10,89","6,39K","-1,44%"
"10.06.2016","11,10","11,12","11,12","11,12","1,50K","-2,04%"
"09.06.2016","11,33","11,40","11,40","11,35","4,50K","0,21%"
"08.06.2016","11,31","11,31","11,31","11,31","","-1,17%"
"07.06.2016","11,44","11,39","11,39","11,39","0,30K","0,17%"
"06.06.2016","11,42","11,41","11,41","11,41","0,72K","1,65%"
"03.06.2016","11,23","11,67","11,67","11,21","3,42K","-2,50%"
"02.06.2016","11,52","11,53","11,53","11,53","0,18K","-0,56%"
"01.06.2016","11,59","11,62","11,66","11,48","1,65K","-0,07%"
"31.05.2016","11,60","11,63","11,63","11,57","1,32K","-0,36%"
"30.05.2016","11,64","11,59","11,60","11,59","7,83K","0,88%"
"27.05.2016","11,54","11,39","11,54","11,37","11,07K","2,11%"
"26.05.2016","11,30","11,29","11,31","11,24","1,89K","0,81%"
"25.05.2016","11,21","11,27","11,28","11,19","4,98K","2,48%"
"24.05.2016","10,93","10,41","10,93","10,41","42,60K","4,30%"
"23.05.2016","10,48","10,33","10,46","10,33","19,92K","0,20%"
"20.05.2016","10,46","10,40","10,42","10,40","1,05K","5,55%"
"19.05.2016","9,91","10,63","10,63","9,88","2,79K","-3,10%"
"18.05.2016","10,23","10,23","10,23","10,23","","-0,08%"
"17.05.2016","10,24","10,50","10,50","10,25","1,14K","-0,46%"
"16.05.2016","10,29","10,05","10,18","10,05","7,86K","-0,39%"
"13.05.2016","10,33","9,96","10,29","9,96","1,47K","3,86%"
"12.05.2016","9,94","10,31","10,37","9,92","17,43K","-4,08%"
"11.05.2016","10,37","10,61","10,61","10,34","37,92K","0,22%"
"10.05.2016","10,34","10,21","10,33","10,16","35,31K","2,60%"
"09.05.2016","10,08","9,78","10,19","9,78","19,59K","3,21%"
"06.05.2016","9,77","9,77","9,78","9,77","4,65K","-1,25%"
"05.05.2016","9,89","9,95","10,01","9,95","2,58K","1,39%"
"04.05.2016","9,76","9,98","9,98","9,77","3,00K","-1,76%"
"03.05.2016","9,93","10,10","10,10","9,94","9,81K","-0,87%"
"02.05.2016","10,02","10,04","10,09","9,96","13,11K","1,74%"
"29.04.2016","9,85","10,33","10,81","9,90","38,31K","-9,59%"
"28.04.2016","10,89","10,56","10,92","10,56","5,76K","3,13%"
"27.04.2016","10,56","10,73","10,73","10,47","4,68K","-3,97%"
"26.04.2016","11,00","11,21","11,21","11,19","0,42K","-0,70%"
"25.04.2016","11,07","11,08","11,12","10,95","6,12K","0,98%"
"22.04.2016","10,97","11,36","11,36","10,95","2,67K","-6,70%"
"21.04.2016","11,75","11,67","11,69","11,52","16,41K","-0,07%"
"20.04.2016","11,76","11,46","11,77","11,46","11,43K","1,29%"
"19.04.2016","11,61","11,92","12,02","11,87","9,78K","-0,99%"
"18.04.2016","11,73","11,47","11,65","11,47","6,96K","-0,48%"
"15.04.2016","11,78","11,85","11,85","11,73","4,41K","0,06%"
"14.04.2016","11,78","11,73","11,80","11,67","11,34K","0,42%"
"13.04.2016","11,73","11,45","11,75","11,45","4,11K","5,45%"
"12.04.2016","11,12","11,00","11,00","11,00","0,30K","-0,76%"
"11.04.2016","11,21","11,21","11,21","11,21","","0,55%"
"08.04.2016","11,15","11,28","11,33","11,15","5,49K","-0,18%"
"07.04.2016","11,17","11,72","11,72","11,45","1,02K","-1,83%"
"06.04.2016","11,38","11,20","11,20","11,20","0,12K","1,50%"
"05.04.2016","11,21","11,10","11,10","11,05","0,42K","-1,25%"
"04.04.2016","11,35","11,57","11,68","11,33","2,49K","-0,30%"
"01.04.2016","11,38","11,01","11,03","11,01","6,60K","1,18%"
"31.03.2016","11,25","11,38","11,38","11,38","0,18K","-0,28%"
"30.03.2016","11,28","11,20","11,40","11,20","23,79K","3,73%"
"29.03.2016","10,88","10,64","10,67","10,64","1,20K","1,78%"
"24.03.2016","10,69","10,67","10,74","10,62","8,88K","-1,81%"
"23.03.2016","10,88","11,08","11,11","10,87","2,64K","-1,08%"
"22.03.2016","11,00","10,73","11,00","10,71","1,05K","1,90%"
"21.03.2016","10,80","10,76","10,76","10,72","6,90K","0,10%"
"18.03.2016","10,79","10,75","10,78","10,66","7,86K","1,09%"
"17.03.2016","10,67","10,52","10,69","10,52","11,40K","-0,40%"
"16.03.2016","10,71","10,65","10,74","10,65","5,91K","1,66%"
"15.03.2016","10,54","10,38","10,52","10,38","0,69K","-0,74%"
"14.03.2016","10,62","10,49","10,61","10,49","18,45K","2,44%"
"11.03.2016","10,37","10,39","10,40","10,30","0,72K","5,37%"
"10.03.2016","9,84","10,21","10,65","9,78","15,45K","-2,44%"
"09.03.2016","10,08","10,18","10,21","10,01","19,92K","-0,26%"
"08.03.2016","10,11","9,87","10,06","9,87","7,50K","-2,03%"
"07.03.2016","10,32","10,29","10,29","10,29","0,15K","-1,56%"
"04.03.2016","10,48","10,52","10,57","10,46","1,38K","2,01%"
"03.03.2016","10,28","10,56","10,56","10,32","8,64K","-2,11%"
"02.03.2016","10,50","10,67","10,67","10,52","35,73K","1,85%"
"01.03.2016","10,31","9,95","10,28","9,90","30,36K","2,62%"
"29.02.2016","10,04","9,58","10,03","9,52","3,24K","1,13%"
"26.02.2016","9,93","10,17","10,22","9,99","14,79K","4,23%"
"25.02.2016","9,53","9,48","9,69","9,34","15,27K","6,97%"
"24.02.2016","8,91","9,11","9,14","8,83","14,04K","-5,17%"
"23.02.2016","9,39","9,63","9,63","9,36","9,63K","-3,62%"
"22.02.2016","9,75","9,58","9,72","9,57","19,89K","5,10%"
"19.02.2016","9,27","9,27","9,27","9,04","5,10K","-0,78%"
"18.02.2016","9,35","9,47","9,70","9,28","7,95K","0,53%"
"17.02.2016","9,30","8,87","9,36","8,87","4,26K","8,01%"
"16.02.2016","8,61","8,99","8,99","8,60","5,31K","-1,15%"
"15.02.2016","8,71","8,57","8,73","8,57","2,94K","5,68%"
"12.02.2016","8,24","8,10","8,13","8,10","1,56K","9,39%"
"11.02.2016","7,53","7,37","7,54","7,35","11,67K","-7,79%"
"10.02.2016","8,17","8,02","8,40","8,02","13,89K","2,99%"
"09.02.2016","7,93","7,94","8,10","7,83","2,46K","2,76%"
"08.02.2016","7,72","8,37","8,42","7,59","7,05K","-9,43%"
"05.02.2016","8,52","9,22","9,22","8,27","9,75K","-7,53%"
"04.02.2016","9,22","9,56","9,56","9,16","7,86K","-0,26%"
"03.02.2016","9,24","9,77","9,83","9,15","3,57K","-8,54%"
"02.02.2016","10,10","10,29","10,29","10,05","19,83K","-1,72%"
"01.02.2016","10,28","10,23","10,27","10,11","12,06K","2,83%"
"29.01.2016","10,00","10,02","10,02","9,99","1,11K","5,35%"
"28.01.2016","9,49","9,78","9,79","9,20","8,49K","-2,50%"
"27.01.2016","9,73","9,77","9,92","9,62","0,93K","-3,02%"
"26.01.2016","10,04","9,59","10,07","9,58","12,57K","-1,63%"
"25.01.2016","10,20","10,17","10,18","10,08","12,42K","0,44%"
"22.01.2016","10,16","9,84","10,22","9,80","19,56K","5,77%"
"21.01.2016","9,60","9,24","10,00","9,24","5,22K","10,47%"
"20.01.2016","8,69","8,96","9,07","8,37","13,92K","-9,18%"
"19.01.2016","9,57","9,86","10,03","9,62","17,61K","1,33%"
"18.01.2016","9,45","9,63","9,70","9,42","1,77K","0,25%"
"15.01.2016","9,42","9,85","9,85","8,96","17,85K","-6,28%"
"14.01.2016","10,05","10,18","10,18","9,50","8,88K","-7,19%"
"13.01.2016","10,83","11,29","11,29","10,79","20,19K","0,37%"
"12.01.2016","10,79","10,24","11,10","10,24","4,68K","4,31%"
"11.01.2016","10,35","10,54","10,64","10,29","2,58K","-3,00%"
"08.01.2016","10,67","11,13","11,22","10,44","9,69K","-6,27%"
"07.01.2016","11,38","11,07","11,50","10,93","4,95K","-6,23%"
"06.01.2016","12,14","12,00","12,11","11,67","1,38K","-1,98%"
"05.01.2016","12,38","12,35","12,53","12,33","1,53K","3,09%"
"04.01.2016","12,01","12,23","12,29","11,86","7,80K","-12,65%"
"30.12.2015","13,75","13,89","13,89","13,68","9,63K","-0,53%"
"29.12.2015","13,82","13,35","13,85","13,35","0,33K","6,87%"
"28.12.2015","12,93","13,12","13,12","13,12","0,90K","-2,31%"
"23.12.2015","13,24","13,23","13,32","13,18","2,64K","3,84%"
"22.12.2015","12,75","12,93","12,93","12,80","0,66K","1,08%"
"21.12.2015","12,61","12,81","12,81","12,77","1,77K","-2,37%"
"18.12.2015","12,92","12,90","13,11","12,90","6,69K","-4,06%"
"17.12.2015","13,47","13,75","14,34","13,42","12,63K","2,68%"
"16.12.2015","13,12","13,12","13,17","13,12","0,63K","-1,48%"
"15.12.2015","13,31","12,98","13,42","12,98","2,04K","9,23%"
"14.12.2015","12,19","12,47","12,47","12,30","0,57K","-4,97%"
"11.12.2015","12,83","13,03","13,03","12,70","1,32K","-5,40%"
"10.12.2015","13,56","13,33","13,70","13,33","1,23K","-1,03%"
"09.12.2015","13,70","13,88","13,88","13,72","0,36K","-1,51%"
"08.12.2015","13,91","13,91","14,12","13,63","5,19K","-0,14%"
"07.12.2015","13,93","14,36","14,49","13,97","4,65K","0,00%"
"04.12.2015","13,93","13,43","13,97","13,43","1,41K","-0,60%"
"03.12.2015","14,01","14,75","14,75","13,89","4,59K","-5,32%"
"02.12.2015","14,80","14,70","14,95","14,67","1,26K","2,02%"
"01.12.2015","14,50","14,52","14,52","14,52","0,78K","1,45%"
"30.11.2015","14,30","14,59","14,59","14,59","0,06K","-0,98%"
"27.11.2015","14,44","14,45","14,45","14,30","1,32K","-0,48%"
"26.11.2015","14,51","14,46","14,46","14,45","1,68K","1,88%"
"25.11.2015","14,24","14,30","14,30","14,30","0,75K","1,70%"
"24.11.2015","14,00","13,89","13,89","13,89","0,15K","-3,22%"
"23.11.2015","14,47","14,50","14,50","14,16","5,31K","0,67%"
"20.11.2015","14,37","14,16","14,37","14,16","5,58K","2,54%"
"19.11.2015","14,01","14,12","14,18","13,95","1,02K","2,73%"
"18.11.2015","13,64","13,54","13,61","13,54","0,30K","1,13%"
"17.11.2015","13,49","13,25","13,48","13,25","2,31K","6,86%"
"16.11.2015","12,62","12,82","12,82","12,57","3,57K","-2,50%"
"13.11.2015","12,95","13,33","13,33","12,89","3,48K","-5,52%"
"12.11.2015","13,71","14,00","14,00","13,60","2,01K","-1,30%"
"11.11.2015","13,89","13,97","13,97","13,92","0,36K","0,23%"
"10.11.2015","13,85","13,98","13,98","13,63","3,78K","0,32%"
"09.11.2015","13,81","14,65","14,65","14,22","0,84K","-3,49%"
"06.11.2015","14,31","14,35","14,35","14,35","0,09K","1,00%"
"05.11.2015","14,17","14,24","14,52","14,23","3,39K","-0,85%"
"04.11.2015","14,29","14,33","14,43","14,28","3,90K","1,06%"
"03.11.2015","14,14","13,93","14,17","13,93","1,71K","2,13%"
"02.11.2015","13,84","13,53","13,71","13,53","1,47K","0,76%"
"30.10.2015","13,74","13,83","13,83","13,76","1,71K","-0,23%"
"29.10.2015","13,77","13,73","13,77","13,36","10,47K","1,56%"
"28.10.2015","13,56","13,61","13,62","13,33","7,50K","1,37%"
"27.10.2015","13,38","13,24","13,47","13,24","2,46K","0,16%"
"26.10.2015","13,35","13,73","13,73","13,10","11,64K","0,81%"
"23.10.2015","13,25","12,77","13,35","12,77","10,80K","9,58%"
"22.10.2015","12,09","11,95","12,09","11,95","0,45K","4,28%"
"21.10.2015","11,59","11,63","11,63","11,63","0,30K","-0,05%"
"20.10.2015","11,60","11,67","11,67","11,54","0,75K","-0,46%"
"19.10.2015","11,65","11,60","11,60","11,45","1,86K","1,96%"
"16.10.2015","11,43","11,37","11,46","11,32","4,23K","4,09%"
"15.10.2015","10,98","11,04","11,04","11,04","1,05K","3,12%"
"14.10.2015","10,64","10,79","10,79","10,74","3,36K","-4,27%"
"13.10.2015","11,12","10,89","11,10","10,82","5,64K","0,68%"
"12.10.2015","11,04","10,99","10,99","10,97","3,03K","0,63%"
"09.10.2015","10,98","10,97","11,00","10,81","5,22K","5,01%"
"08.10.2015","10,45","10,70","10,70","10,41","1,74K","0,00%"
"07.10.2015","10,45","10,77","10,89","10,77","4,68K","-1,24%"
"06.10.2015","10,59","10,73","10,83","10,73","5,37K","-0,96%"
"05.10.2015","10,69","10,25","10,68","10,25","9,54K","11,41%"
"02.10.2015","9,59","10,05","10,11","9,30","23,49K","0,22%"
"01.10.2015","9,57","9,95","10,20","9,33","18,90K","-0,81%"
"30.09.2015","9,65","9,41","9,77","9,39","27,84K","3,24%"
"29.09.2015","9,35","9,23","9,60","9,12","10,83K","-2,34%"
"28.09.2015","9,57","10,07","10,07","9,57","8,91K","-10,06%"
"25.09.2015","10,64","10,57","10,80","10,55","2,85K","6,84%"
"24.09.2015","9,96","10,40","10,40","9,88","7,05K","-5,52%"
"23.09.2015","10,54","10,64","10,67","10,42","1,14K","2,00%"
"22.09.2015","10,34","10,63","10,63","10,37","4,05K","-7,80%"
"21.09.2015","11,21","10,78","11,53","10,51","42,00K","2,11%"
"18.09.2015","10,98","10,89","10,91","10,66","7,08K","-2,66%"
"17.09.2015","11,28","11,44","11,44","11,23","11,55K","1,27%"
"16.09.2015","11,14","11,17","11,20","10,99","4,50K","1,60%"
"15.09.2015","10,96","10,73","11,00","10,60","3,06K","2,91%"
"14.09.2015","10,65","10,73","10,85","10,73","1,53K","2,38%"
"11.09.2015","10,41","10,48","10,48","10,39","1,71K","-0,53%"
"10.09.2015","10,46","10,41","10,73","10,33","28,11K","-3,59%"
"09.09.2015","10,85","11,20","11,23","10,95","7,23K","3,24%"
"08.09.2015","10,51","10,43","10,63","10,43","34,44K","3,38%"
"07.09.2015","10,17","10,17","10,33","10,17","5,16K","1,43%"
"04.09.2015","10,02","10,05","10,05","9,84","2,55K","-6,56%"
"03.09.2015","10,73","10,40","10,78","10,40","12,15K","7,33%"
"02.09.2015","9,99","10,00","10,07","9,81","6,00K","-1,77%"
"01.09.2015","10,17","9,84","10,13","9,70","6,90K","-6,04%"
"31.08.2015","10,83","10,50","11,04","10,50","2,40K","-1,61%"
"28.08.2015","11,01","11,08","11,10","10,63","13,92K","1,56%"
"27.08.2015","10,84","10,05","10,88","10,05","33,48K","17,23%"
"26.08.2015","9,24","8,95","9,57","8,93","7,17K","-6,36%"
"25.08.2015","9,87","8,95","9,91","8,95","29,40K","10,34%"
"24.08.2015","8,95","10,67","10,67","8,33","28,41K","-16,52%"
"21.08.2015","10,72","11,31","11,47","10,70","3,78K","-11,02%"
"20.08.2015","12,05","12,48","12,48","12,48","0,12K","-5,87%"
"19.08.2015","12,80","12,80","12,80","12,80","","-4,23%"
"18.08.2015","13,36","13,36","13,36","13,36","","1,11%"
"17.08.2015","13,22","13,18","13,18","13,18","0,12K","2,99%"
"14.08.2015","12,83","12,95","12,95","12,85","1,95K","-1,25%"
"13.08.2015","12,99","13,25","13,25","13,23","2,10K","5,64%"
"12.08.2015","12,30","12,77","12,77","12,47","1,38K","-5,78%"
"11.08.2015","13,06","13,50","13,50","13,50","0,12K","-3,28%"
"10.08.2015","13,50","13,45","13,56","13,45","0,60K","4,70%"
"07.08.2015","12,89","13,01","13,28","13,01","6,39K","-3,25%"
"06.08.2015","13,33","13,93","13,93","13,28","1,68K","-6,44%"
"05.08.2015","14,24","13,78","14,23","13,78","3,33K","5,54%"
"04.08.2015","13,50","13,50","13,50","13,50","0,09K","-2,13%"
"03.08.2015","13,79","13,37","13,74","13,37","1,74K","0,53%"
"31.07.2015","13,72","13,93","13,93","13,71","1,62K","0,86%"
"30.07.2015","13,60","13,58","13,60","13,43","1,68K","0,90%"
"29.07.2015","13,48","13,44","13,54","13,34","5,73K","3,14%"
"28.07.2015","13,07","13,29","13,33","13,02","2,67K","-0,13%"
"27.07.2015","13,09","13,21","13,28","13,03","2,67K","-5,42%"
"24.07.2015","13,84","13,88","14,29","13,87","3,57K","-2,04%"
"23.07.2015","14,13","14,15","14,16","14,08","1,77K","-0,20%"
"22.07.2015","14,15","13,94","14,05","13,84","2,19K","-2,25%"
"21.07.2015","14,48","14,95","14,95","14,61","2,88K","-1,44%"
"20.07.2015","14,69","14,93","14,93","14,58","8,58K","2,37%"
"17.07.2015","14,35","14,03","14,34","14,03","5,61K","4,76%"
"16.07.2015","13,70","13,40","13,67","13,40","13,35K","2,60%"
"15.07.2015","13,35","13,35","13,35","13,35","","1,84%"
"14.07.2015","13,11","12,87","13,00","12,87","0,75K","3,01%"
"13.07.2015","12,73","12,03","12,73","12,03","10,05K","5,52%"
"10.07.2015","12,06","11,87","12,03","11,87","2,46K","0,00%"
"09.07.2015","12,06","12,12","12,12","12,03","2,16K","2,39%"
"08.07.2015","11,78","12,15","12,15","12,03","1,62K","-0,36%"
"07.07.2015","11,82","12,42","12,60","11,87","0,69K","-3,48%"
"06.07.2015","12,25","12,14","12,14","12,14","0,75K","0,00%"
"03.07.2015","12,25","12,25","12,25","12,25","","0,43%"
"02.07.2015","12,20","12,37","12,37","12,37","0,06K","-0,67%"
"01.07.2015","12,28","12,31","12,31","12,27","0,39K","2,33%"
"30.06.2015","12,00","12,14","12,14","11,85","0,84K","-1,73%"
"29.06.2015","12,21","12,00","12,36","12,00","4,59K","-4,80%"
"26.06.2015","12,83","12,81","12,81","12,79","0,54K","-2,27%"
"25.06.2015","13,13","13,13","13,13","13,13","","-0,49%"
"24.06.2015","13,19","13,19","13,19","13,19","","0,54%"
"23.06.2015","13,12","13,01","13,19","13,01","7,95K","0,79%"
"22.06.2015","13,02","12,99","13,00","12,90","3,99K","1,24%"
"19.06.2015","12,86","12,86","12,86","12,86","","0,62%"
"18.06.2015","12,78","12,33","12,83","12,33","0,75K","2,81%"
"17.06.2015","12,43","12,42","12,42","12,42","0,90K","1,40%"
"16.06.2015","12,26","11,92","11,92","11,91","0,51K","1,62%"
"15.06.2015","12,06","12,21","12,21","11,96","0,48K","-2,31%"
"12.06.2015","12,35","12,35","12,35","12,35","","-2,52%"
"11.06.2015","12,67","12,65","12,69","12,65","0,24K","1,07%"
"10.06.2015","12,53","12,27","12,46","12,22","1,23K","4,28%"
"09.06.2015","12,02","12,13","12,13","11,85","15,42K","-3,46%"
"08.06.2015","12,45","12,70","12,70","12,62","0,36K","-2,41%"
"05.06.2015","12,76","12,78","12,78","12,78","0,30K","-0,09%"
"04.06.2015","12,77","12,91","12,91","12,91","0,60K","-1,80%"
"03.06.2015","13,00","12,96","13,47","12,96","1,35K","0,35%"
"02.06.2015","12,96","12,96","12,96","12,96","","-2,53%"
"01.06.2015","13,29","13,20","13,20","13,20","1,29K","1,01%"
"29.05.2015","13,16","13,16","13,16","13,16","","-2,32%"
"28.05.2015","13,47","13,37","13,48","13,37","1,23K","0,91%"
"27.05.2015","13,35","12,97","13,06","12,97","0,90K","3,52%"
"26.05.2015","12,90","13,24","13,24","13,03","1,11K","-3,54%"
"25.05.2015","13,37","12,93","13,35","12,93","1,71K","0,61%"
"22.05.2015","13,29","13,17","13,17","13,05","3,99K","0,83%"
"21.05.2015","13,18","13,24","13,24","12,75","2,49K","1,59%"
"20.05.2015","12,97","12,97","12,97","12,88","1,32K","0,10%"
"19.05.2015","12,96","13,01","13,05","12,93","4,05K","2,60%"
"18.05.2015","12,63","12,63","12,63","12,63","","1,28%"
"15.05.2015","12,47","12,47","12,47","12,47","","0,67%"
"14.05.2015","12,39","12,35","12,45","12,35","0,87K","2,47%"
"13.05.2015","12,09","12,20","12,37","12,20","4,11K","-0,31%"
"12.05.2015","12,13","11,83","11,93","11,83","1,17K","-2,77%"
"11.05.2015","12,47","12,78","12,78","12,47","2,58K","0,14%"
"08.05.2015","12,46","12,12","12,44","12,12","3,36K","4,74%"
"07.05.2015","11,89","11,54","11,87","11,54","2,58K","1,49%"
"06.05.2015","11,72","12,05","12,06","11,97","11,73K","-3,71%"
"05.05.2015","12,17","12,17","12,17","12,17","","-5,05%"
"04.05.2015","12,82","12,83","12,83","12,77","0,21K","2,55%"
"30.04.2015","12,50","12,51","12,58","12,38","17,34K","-2,99%"
"29.04.2015","12,88","13,42","13,42","12,84","1,98K","-2,89%"
"28.04.2015","13,27","13,80","13,80","12,94","8,37K","-2,83%"
"27.04.2015","13,65","13,57","13,79","13,57","19,98K","1,18%"
"24.04.2015","13,49","13,34","13,55","13,34","14,13K","4,41%"
"23.04.2015","12,92","13,00","13,08","12,91","1,14K","0,37%"
"22.04.2015","12,88","12,60","12,85","12,60","0,75K","0,22%"
"21.04.2015","12,85","12,83","12,91","12,83","0,33K","2,04%"
"20.04.2015","12,59","12,24","12,24","12,24","1,20K","3,97%"
"17.04.2015","12,11","12,67","12,67","12,15","1,23K","-4,81%"
"16.04.2015","12,72","12,85","12,85","12,67","2,58K","-0,65%"
"15.04.2015","12,80","12,83","12,83","12,83","1,05K","2,21%"
"14.04.2015","12,53","12,96","12,96","12,50","1,35K","-4,29%"
"13.04.2015","13,09","12,88","13,00","12,84","1,86K","2,37%"
"10.04.2015","12,79","12,50","12,81","12,50","0,57K","3,79%"
"09.04.2015","12,32","12,30","12,40","12,17","0,36K","0,99%"
"08.04.2015","12,20","11,93","12,16","11,93","4,86K","0,43%"
"07.04.2015","12,15","11,83","12,04","11,83","4,23K","3,43%"
"02.04.2015","11,74","11,68","11,82","11,65","6,06K","0,16%"
"01.04.2015","11,73","11,85","12,05","11,62","5,79K","-5,01%"
"31.03.2015","12,34","12,25","12,38","12,25","4,77K","1,60%"
"30.03.2015","12,15","12,15","12,15","12,15","","3,89%"
"27.03.2015","11,70","11,71","12,13","11,71","3,36K","0,39%"
"26.03.2015","11,65","11,26","11,76","11,26","9,93K","-2,67%"
"25.03.2015","11,97","12,67","12,67","12,17","1,02K","-7,24%"
"24.03.2015","12,90","12,77","12,77","12,77","0,90K","0,71%"
"23.03.2015","12,81","13,06","13,06","12,93","0,33K","-2,35%"
"20.03.2015","13,12","13,00","13,11","13,00","2,10K","1,32%"
"19.03.2015","12,95","12,87","12,97","12,87","10,56K","4,85%"
"18.03.2015","12,35","12,53","12,59","12,43","18,27K","-0,68%"
"17.03.2015","12,44","12,64","12,64","12,28","9,21K","0,56%"
"16.03.2015","12,37","12,06","12,22","12,06","5,04K","3,35%"
"13.03.2015","11,97","12,26","12,33","12,11","3,54K","-1,34%"
"12.03.2015","12,13","12,07","12,18","12,05","2,13K","-0,20%"
"11.03.2015","12,15","12,25","12,31","12,17","0,81K","0,16%"
"10.03.2015","12,13","12,40","12,40","12,14","11,70K","-2,85%"
"09.03.2015","12,49","12,57","12,57","12,41","3,30K","-1,29%"
"06.03.2015","12,65","12,78","12,90","12,65","0,66K","-0,52%"
"05.03.2015","12,72","12,69","12,86","12,63","11,67K","0,69%"
"04.03.2015","12,63","12,47","12,50","12,46","6,48K","0,86%"
"03.03.2015","12,52","12,76","12,77","12,48","7,65K","-1,85%"
"02.03.2015","12,76","12,57","12,67","12,46","7,56K","1,48%"
"27.02.2015","12,57","12,50","12,62","12,50","1,47K","0,21%"
"26.02.2015","12,55","12,30","12,43","12,27","2,85K","1,57%"
"25.02.2015","12,35","12,34","12,37","12,31","1,14K","-0,43%"
"24.02.2015","12,41","12,59","12,59","12,29","1,14K","0,91%"
"23.02.2015","12,29","12,17","12,34","12,17","12,60K","1,84%"
"20.02.2015","12,07","12,10","12,18","12,06","0,96K","0,60%"
"19.02.2015","12,00","11,81","12,01","11,69","3,09K","1,70%"
"18.02.2015","11,80","11,81","11,81","11,81","3,00K","0,24%"
"17.02.2015","11,77","11,69","11,69","11,69","0,39K","-0,10%"
"16.02.2015","11,78","12,01","12,01","11,66","3,45K","1,79%"
"13.02.2015","11,58","11,49","11,61","11,49","0,33K","2,35%"
"12.02.2015","11,31","11,39","11,39","11,35","1,17K","1,21%"
"11.02.2015","11,18","11,00","11,20","10,99","1,26K","3,46%"
"10.02.2015","10,80","10,65","10,84","10,65","1,47K","1,95%"
"09.02.2015","10,60","10,75","10,75","10,57","3,12K","-3,01%"
"06.02.2015","10,93","10,68","10,75","10,68","0,93K","2,85%"
"05.02.2015","10,62","10,59","10,67","10,47","4,74K","0,47%"
"04.02.2015","10,57","10,40","10,47","10,40","1,29K","3,49%"
"03.02.2015","10,22","10,31","10,43","10,22","1,32K","1,97%"
"02.02.2015","10,02","10,21","10,21","9,67","2,67K","-2,05%"
"30.01.2015","10,23","10,00","10,33","10,00","0,60K","3,50%"
"29.01.2015","9,88","10,06","10,06","9,77","5,70K","-3,94%"
"28.01.2015","10,29","10,66","10,66","10,26","1,53K","1,51%"
"27.01.2015","10,14","11,03","11,03","10,00","12,54K","-7,89%"
"26.01.2015","11,00","11,05","11,15","10,94","3,84K","-0,79%"
"23.01.2015","11,09","10,97","11,12","10,97","11,76K","3,84%"
"22.01.2015","10,68","10,21","10,59","10,21","4,86K","4,68%"
"21.01.2015","10,20","10,03","10,27","9,93","4,65K","4,22%"
"20.01.2015","9,79","9,93","10,00","9,83","10,20K","0,42%"
"19.01.2015","9,75","9,69","9,71","9,69","1,20K","1,16%"
"16.01.2015","9,64","9,33","9,60","9,17","5,73K","0,14%"
"15.01.2015","9,62","9,61","9,69","9,61","1,53K","0,15%"
"14.01.2015","9,61","9,81","9,81","9,47","1,41K","-7,20%"
"13.01.2015","10,35","9,87","10,42","9,87","1,71K","4,27%"
"12.01.2015","9,93","10,11","10,11","10,11","0,72K","-0,63%"
"09.01.2015","9,99","10,44","10,44","10,12","0,78K","-3,26%"
"08.01.2015","10,33","10,12","10,17","9,99","8,37K","7,53%"
"07.01.2015","9,61","9,50","9,74","9,50","12,45K","1,19%"
"06.01.2015","9,49","9,76","9,83","9,50","2,70K","-3,01%"
"05.01.2015","9,79","9,93","10,11","9,83","4,83K","-1,93%"
"02.01.2015","9,98","10,26","10,42","10,00","2,01K","-4,47%"
"30.12.2014","10,45","10,28","10,50","10,28","0,36K","-1,90%"
"29.12.2014","10,65","10,63","10,66","10,53","12,57K","2,41%"
"23.12.2014","10,40","10,50","10,52","10,25","4,80K","0,37%"
"22.12.2014","10,36","10,50","10,50","10,36","2,64K","0,22%"
"19.12.2014","10,34","10,50","10,50","10,32","4,53K","4,14%"
"18.12.2014","9,93","9,67","9,98","9,67","3,03K","9,69%"
"17.12.2014","9,05","8,97","9,01","8,93","0,87K","-2,88%"
"16.12.2014","9,32","9,34","9,34","9,09","0,90K","-3,60%"
"15.12.2014","9,67","9,67","9,67","9,67","","-1,30%"
"12.12.2014","9,79","9,66","9,99","9,66","1,59K","-4,92%"
"11.12.2014","10,30","10,00","10,31","9,57","2,43K","1,25%"
"10.12.2014","10,17","10,17","10,17","10,17","","1,81%"
"09.12.2014","9,99","10,14","10,14","9,90","3,21K","-5,22%"
"08.12.2014","10,54","10,50","10,50","10,50","0,60K","-0,34%"
"05.12.2014","10,58","10,53","10,60","10,53","1,05K","2,18%"
"04.12.2014","10,35","10,35","10,35","10,35","","-1,11%"
"03.12.2014","10,47","10,44","10,46","10,44","0,66K","1,09%"
"02.12.2014","10,36","10,36","10,36","10,36","","1,17%"
"01.12.2014","10,24","11,00","11,00","10,23","5,79K","-3,93%"
"28.11.2014","10,66","10,50","10,66","10,50","2,76K","1,55%"
"27.11.2014","10,49","10,41","10,47","10,41","2,04K","1,82%"
"26.11.2014","10,31","10,29","10,29","10,29","0,51K","0,75%"
"25.11.2014","10,23","10,28","10,28","10,28","1,95K","0,69%"
"24.11.2014","10,16","10,17","10,19","10,14","1,68K","0,52%"
"21.11.2014","10,11","10,14","10,14","10,08","5,19K","2,45%"
"20.11.2014","9,86","9,71","9,71","9,67","1,38K","2,34%"
"19.11.2014","9,64","9,86","9,90","9,86","1,26K","-1,46%"
"18.11.2014","9,78","9,69","9,88","9,69","0,75K","1,60%"
"17.11.2014","9,63","9,71","9,71","9,71","0,03K","-1,47%"
"14.11.2014","9,77","9,62","9,62","9,62","0,09K","0,62%"
"13.11.2014","9,71","9,64","9,67","9,63","1,29K","2,51%"
"12.11.2014","9,47","9,49","9,49","9,49","0,09K","-0,42%"
"11.11.2014","9,51","9,51","9,51","9,51","","0,29%"
"10.11.2014","9,49","9,38","9,45","9,38","0,42K","1,30%"
"07.11.2014","9,36","9,47","9,47","9,47","0,36K","0,29%"
"06.11.2014","9,34","9,36","9,36","9,26","1,56K","0,34%"
"05.11.2014","9,31","9,46","9,46","9,36","2,01K","2,42%"
"04.11.2014","9,09","9,33","9,33","9,33","0,54K","-3,34%"
"03.11.2014","9,40","9,26","9,38","9,26","2,73K","2,06%"
"31.10.2014","9,21","9,15","9,23","9,15","0,69K","5,45%"
"30.10.2014","8,73","8,73","8,73","8,73","0,33K","1,10%"
"29.10.2014","8,64","8,68","8,68","8,68","0,06K","0,16%"
"28.10.2014","8,62","8,67","8,67","8,67","0,03K","3,24%"
"27.10.2014","8,35","8,42","8,49","8,30","9,00K","0,27%"
"24.10.2014","8,33","8,17","8,33","8,17","2,61K","0,70%"
"23.10.2014","8,27","7,96","8,27","7,96","3,33K","2,12%"
"22.10.2014","8,10","8,00","8,06","7,98","2,94K","4,30%"
"21.10.2014","7,77","7,38","7,54","7,38","1,20K","7,82%"
"20.10.2014","7,20","7,20","7,20","7,20","","0,17%"
"17.10.2014","7,19","6,88","7,13","6,88","8,37K","6,12%"
"16.10.2014","6,78","6,50","6,69","6,47","0,63K","0,00%"
"15.10.2014","6,78","6,98","6,98","6,98","0,06K","-7,33%"
"14.10.2014","7,32","7,09","7,30","7,09","3,33K","0,25%"
"13.10.2014","7,30","7,33","7,42","7,16","6,72K","-5,84%"
"10.10.2014","7,75","8,07","8,07","7,76","2,43K","-8,26%"
"09.10.2014","8,45","8,45","8,45","8,45","","5,83%"
"08.10.2014","7,98","8,01","8,01","7,90","2,07K","-2,49%"
"07.10.2014","8,19","8,37","8,37","8,31","2,70K","-3,21%"
"06.10.2014","8,46","8,58","8,58","8,52","3,33K","-0,63%"
"03.10.2014","8,51","8,25","8,44","8,25","4,20K","6,02%"
"02.10.2014","8,03","8,22","8,27","8,17","4,83K","-4,72%"
"01.10.2014","8,43","8,57","8,59","8,55","1,29K","-3,33%"
"30.09.2014","8,72","8,61","8,61","8,57","2,85K","1,72%"
"29.09.2014","8,57","8,50","8,61","8,34","2,55K","2,21%"
"26.09.2014","8,38","8,37","8,42","8,30","6,96K","0,12%"
"25.09.2014","8,37","8,81","8,81","8,37","3,30K","-3,55%"
"24.09.2014","8,68","8,49","8,49","8,49","0,33K","1,49%"
"23.09.2014","8,55","8,52","8,52","8,41","0,93K","0,09%"
"22.09.2014","8,55","8,63","8,66","8,53","1,08K","-3,75%"
"19.09.2014","8,88","8,90","8,93","8,85","1,53K","1,86%"
"18.09.2014","8,72","8,70","8,71","8,70","3,45K","2,36%"
"17.09.2014","8,52","8,52","8,52","8,52","","2,41%"
"16.09.2014","8,32","8,27","8,29","8,23","2,04K","0,54%"
"15.09.2014","8,27","8,53","8,53","8,34","9,90K","-3,86%"
"12.09.2014","8,60","8,72","8,72","8,71","0,96K","-0,26%"
"11.09.2014","8,62","8,62","8,62","8,62","","0,38%"
"10.09.2014","8,59","8,48","8,55","8,48","2,10K","-1,07%"
"09.09.2014","8,68","8,77","8,77","8,63","1,44K","-0,85%"
"08.09.2014","8,76","8,73","8,73","8,73","1,20K","3,04%"
"05.09.2014","8,50","8,57","8,57","8,50","1,35K","-2,25%"
"04.09.2014","8,70","8,70","8,70","8,70","0,60K","2,39%"
"03.09.2014","8,49","8,64","8,64","8,52","0,24K","-1,14%"
"02.09.2014","8,59","8,57","8,59","8,37","1,02K","0,81%"
"01.09.2014","8,52","8,65","8,65","8,53","0,66K","0,46%"
"29.08.2014","8,48","8,50","8,50","8,50","0,03K","0,99%"
"28.08.2014","8,40","8,40","8,40","8,40","","-0,32%"
"27.08.2014","8,43","8,43","8,43","8,40","1,35K","0,06%"
"26.08.2014","8,42","8,50","8,50","8,37","0,51K","-0,11%"
"25.08.2014","8,43","8,43","8,43","8,43","","2,07%"
"22.08.2014","8,26","8,26","8,26","8,26","","0,73%"
"21.08.2014","8,20","8,12","8,12","8,12","0,15K","0,53%"
"20.08.2014","8,16","8,14","8,14","8,14","1,35K","0,89%"
"19.08.2014","8,08","8,01","8,09","8,01","9,33K","1,33%"
"18.08.2014","7,98","7,87","7,95","7,87","8,31K","4,48%"
"14.08.2014","7,64","7,58","7,63","7,58","1,50K","1,43%"
"13.08.2014","7,53","7,41","7,41","7,41","3,60K","3,58%"
"12.08.2014","7,27","7,38","7,38","7,34","1,11K","-1,69%"
"11.08.2014","7,39","7,27","7,40","7,27","2,67K","4,36%"
"08.08.2014","7,08","6,97","6,97","6,90","0,93K","-1,48%"
"07.08.2014","7,19","7,19","7,19","7,19","","-0,35%"
"06.08.2014","7,22","7,11","7,11","7,11","0,99K","-0,94%"
"05.08.2014","7,28","7,24","7,26","7,17","0,84K","1,19%"
"04.08.2014","7,20","7,23","7,23","7,23","4,44K","0,59%"
"01.08.2014","7,16","7,08","7,32","6,90","3,30K","-2,90%"
"31.07.2014","7,37","7,82","7,82","7,52","1,35K","-4,56%"
"30.07.2014","7,72","7,89","7,89","7,80","6,21K","0,81%"
"29.07.2014","7,66","7,60","7,76","7,60","2,55K","1,19%"
"28.07.2014","7,57","7,57","7,57","7,57","","0,79%"
"25.07.2014","7,51","7,66","7,66","7,63","0,54K","-2,96%"
"24.07.2014","7,74","7,73","7,73","7,73","0,12K","0,33%"
"23.07.2014","7,71","7,57","7,59","7,57","2,40K","1,79%"
"22.07.2014","7,58","7,51","7,51","7,51","2,25K","3,16%"
"21.07.2014","7,35","7,31","7,31","7,31","2,25K","0,46%"
"18.07.2014","7,31","7,31","7,31","7,31","","0,94%"
"17.07.2014","7,24","7,24","7,24","7,24","","-2,12%"
"16.07.2014","7,40","7,39","7,39","7,39","1,50K","1,68%"
"15.07.2014","7,28","7,32","7,36","7,31","0,09K","-1,24%"
"14.07.2014","7,37","7,37","7,37","7,37","","3,41%"
"11.07.2014","7,13","7,15","7,15","7,07","0,90K","0,96%"
"10.07.2014","7,06","6,94","7,01","6,94","0,63K","-0,35%"
"09.07.2014","7,08","7,03","7,03","7,03","0,90K","1,63%"
"08.07.2014","6,97","7,24","7,24","7,24","1,50K","-3,74%"
"07.07.2014","7,24","7,27","7,30","7,27","4,26K","-0,79%"
"04.07.2014","7,30","7,29","7,32","7,27","3,54K","0,61%"
"03.07.2014","7,25","7,16","7,23","7,16","2,55K","1,58%"
"02.07.2014","7,14","7,11","7,18","7,11","5,37K","0,72%"
"01.07.2014","7,09","7,06","7,06","7,06","1,20K","3,00%"
"30.06.2014","6,88","6,88","6,88","6,88","","1,22%"
"27.06.2014","6,80","6,77","6,77","6,77","2,40K","1,07%"
"26.06.2014","6,73","6,78","6,78","6,78","4,50K","0,33%"
"25.06.2014","6,71","6,65","6,65","6,65","0,90K","-1,95%"
"24.06.2014","6,84","6,60","6,82","6,60","1,83K","2,78%"
"23.06.2014","6,65","6,69","6,69","6,69","0,30K","-0,19%"
"20.06.2014","6,67","6,67","6,67","6,67","0,75K","0,71%"
"19.06.2014","6,62","6,70","6,70","6,70","3,75K","1,18%"
"18.06.2014","6,54","6,58","6,58","6,55","1,20K","0,00%"
"17.06.2014","6,54","6,63","6,63","6,63","0,15K","0,58%"
"16.06.2014","6,51","6,51","6,51","6,51","","-1,10%"
"13.06.2014","6,58","6,59","6,59","6,59","0,15K","-0,29%"
"12.06.2014","6,60","6,60","6,60","6,60","","-1,09%"
"11.06.2014","6,67","6,61","6,70","6,44","32,55K","0,00%"
"10.06.2014","6,67","6,63","6,69","6,60","9,63K","0,22%"
"09.06.2014","6,66","6,59","6,64","6,59","0,42K","0,85%"
"06.06.2014","6,60","6,52","6,57","6,52","1,83K","2,67%"
"05.06.2014","6,43","6,34","6,42","6,34","3,81K","1,25%"
"04.06.2014","6,35","6,27","6,27","6,25","2,85K","1,32%"
"03.06.2014","6,26","6,22","6,23","6,22","0,75K","-0,14%"
"02.06.2014","6,27","6,23","6,36","6,23","2,64K","-0,75%"
"30.05.2014","6,32","6,33","6,34","6,30","2,28K","0,78%"
"29.05.2014","6,27","6,27","6,27","6,27","0,30K","0,53%"
"28.05.2014","6,24","6,20","6,29","6,20","1,32K","1,09%"
"27.05.2014","6,17","6,09","6,16","6,09","0,87K","1,46%"
"26.05.2014","6,08","6,07","6,07","6,06","2,52K","2,20%"
"23.05.2014","5,95","5,93","5,93","5,93","0,12K","0,73%"
"22.05.2014","5,91","5,80","5,84","5,80","3,00K","3,06%"
"21.05.2014","5,73","5,73","5,73","5,73","","0,41%"
"20.05.2014","5,71","5,67","5,70","5,67","0,60K","0,42%"
"19.05.2014","5,69","5,54","5,67","5,54","3,30K","4,52%"
"16.05.2014","5,44","5,43","5,49","5,42","1,98K","0,36%"
"15.05.2014","5,42","5,62","5,62","5,41","13,80K","-3,97%"
"14.05.2014","5,65","5,65","5,65","5,65","","-0,84%"
"13.05.2014","5,69","5,63","5,73","5,63","12,78K","1,66%"
"12.05.2014","5,60","5,57","5,60","5,57","12,15K","6,19%"
"09.05.2014","5,27","5,27","5,27","5,27","","-3,37%"
"08.05.2014","5,46","5,28","5,46","5,28","6,12K","5,97%"
"07.05.2014","5,15","5,32","5,38","5,15","11,01K","-5,82%"
"06.05.2014","5,47","5,52","5,52","5,52","0,18K","-0,92%"
"05.05.2014","5,52","5,50","5,52","5,50","4,53K","0,36%"
"02.05.2014","5,50","5,50","5,50","5,50","","1,68%"
"30.04.2014","5,41","5,41","5,43","5,41","5,10K","0,29%"
"29.04.2014","5,39","5,39","5,39","5,39","","2,07%"
"28.04.2014","5,28","5,32","5,38","5,30","7,68K","-0,24%"
"25.04.2014","5,30","5,37","5,37","5,25","7,89K","-4,63%"
"24.04.2014","5,55","5,63","5,67","5,38","2,88K","2,57%"
"23.04.2014","5,41","5,54","5,54","5,43","4,29K","-2,28%"
"22.04.2014","5,54","5,43","5,52","5,43","1,23K","4,77%"
"17.04.2014","5,29","5,13","5,31","5,13","3,21K","2,50%"
"16.04.2014","5,16","5,21","5,21","5,21","3,48K","4,55%"
"15.04.2014","4,93","5,13","5,13","5,04","6,30K","-2,77%"
"14.04.2014","5,08","5,01","5,08","4,99","9,30K","-0,23%"
"11.04.2014","5,09","5,17","5,17","4,91","13,98K","-4,27%"
"10.04.2014","5,31","5,61","5,63","5,38","5,55K","-2,07%"
"09.04.2014","5,43","5,40","5,43","5,40","0,51K","1,27%"
"08.04.2014","5,36","5,27","5,37","5,20","3,09K","0,86%"
"07.04.2014","5,31","5,33","5,41","5,27","6,36K","-4,77%"
"04.04.2014","5,58","5,73","5,73","5,73","0,90K","-6,23%"
"03.04.2014","5,95","6,16","6,16","5,85","2,40K","-0,29%"
"02.04.2014","5,97","5,96","5,96","5,93","1,23K","2,14%"
"01.04.2014","5,84","5,67","5,85","5,67","6,18K","3,45%"
"31.03.2014","5,65","5,60","5,69","5,60","1,20K","0,00%"
"28.03.2014","5,65","5,57","5,70","5,55","9,12K","2,49%"
"27.03.2014","5,51","5,60","5,60","5,44","1,11K","-4,34%"
"26.03.2014","5,76","5,88","5,88","5,88","1,80K","1,44%"
"25.03.2014","5,68","5,88","5,90","5,70","1,95K","0,56%"
"24.03.2014","5,64","5,92","5,92","5,64","0,51K","-6,80%"
"21.03.2014","6,06","6,06","6,06","6,06","","-1,20%"
"20.03.2014","6,13","5,97","6,11","5,97","1,20K","0,43%"
"19.03.2014","6,10","6,14","6,14","6,06","0,96K","0,53%"
"18.03.2014","6,07","5,96","6,07","5,96","0,75K","2,23%"
"17.03.2014","5,94","5,87","5,96","5,87","0,48K","1,34%"
"14.03.2014","5,86","5,83","5,83","5,83","0,03K","-1,98%"
"13.03.2014","5,98","6,16","6,16","6,16","0,30K","-2,16%"
"12.03.2014","6,11","6,07","6,07","6,03","4,68K","-0,73%"
"11.03.2014","6,16","6,25","6,25","6,16","0,78K","0,45%"
"10.03.2014","6,13","6,13","6,13","6,13","0,06K","0,65%"
"07.03.2014","6,09","6,16","6,16","6,16","1,08K","-3,35%"
"06.03.2014","6,30","6,33","6,33","6,31","2,55K","-0,28%"
"05.03.2014","6,32","6,32","6,32","6,32","","0,69%"
"04.03.2014","6,27","6,23","6,23","6,21","2,61K","4,97%"
"03.03.2014","5,98","5,98","5,98","5,98","","-3,76%"
"28.02.2014","6,21","6,17","6,17","6,17","0,03K","1,08%"
"27.02.2014","6,14","6,14","6,14","6,14","","-1,27%"
"26.02.2014","6,22","6,22","6,22","6,22","","0,95%"
"25.02.2014","6,17","6,17","6,17","6,17","","-93,56%"