"Fecha","Último","Apertura","Máximo","Mínimo","Vol.","% var."
2026","611,64","612,54","614,52","609,80","0,97K","0,45%"
"24.08.2026","608,91","608,92","611,80","605,48","4,03K","-0,84%"
"21.08.2026","614,06","612,83","616,04","610,65","2,62K","0,39%"
"20.08.2026","611,66","618,66","619,00","610,32","2,52K","-1,08%"
"19.08.2026","618,34","621,04","622,76","614,38","3,17K","-0,71%"
"18.08.2026","622,75","629,20","629,47","621,76","3,95K","-2,12%"
"17.08.2026","636,22","637,05","637,61","634,42","3,45K","0,63%"
"14.08.2026","632,23","637,06","638,09","632,23","2,50K","-0,76%"
"13.08.2026","637,06","631,80","638,52","630,43","4,85K","1,13%"
"12.08.2026","629,97","628,00","631,47","627,70","3,51K","0,54%"
"11.08.2026","626,57","628,08","630,26","626,08","3,79K","-0,17%"
"10.08.2026","627,61","630,61","631,39","626,92","1,37K","-0,19%"
"07.08.2026","628,81","624,57","628,81","623,25","6,34K","0,65%"
"06.08.2026","624,75","622,66","626,50","617,76","2,51K","-0,65%"
"05.08.2026","628,85","631,95","634,11","628,18","5,31K","0,36%"
"04.08.2026","626,59","615,39","626,88","613,94","11,48K","2,98%"
"03.08.2026","608,43","603,62","608,82","597,70","3,67K","2,03%"
"31.07.2026","596,35","601,72","608,46","594,98","8,97K","0,54%"
"30.07.2026","593,13","584,69","596,53","582,00","16,09K","0,78%"
"29.07.2026","588,54","595,62","598,28","587,44","4,43K","-1,43%"
"28.07.2026","597,10","597,82","601,82","590,66","10,89K","-0,29%"
"27.07.2026","598,85","612,16","613,28","597,29","6,36K","-1,61%"
"24.07.2026","608,68","610,10","613,15","604,00","5,78K","-0,14%"
"23.07.2026","609,55","618,59","620,43","608,25","5,65K","-2,36%"
"22.07.2026","624,27","619,52","624,27","617,84","8,09K","0,04%"
"21.07.2026","624,01","620,04","624,51","618,72","2,36K","1,00%"
"20.07.2026","617,84","612,14","621,10","611,99","5,23K","1,19%"
"17.07.2026","610,55","610,21","613,36","603,89","12,42K","-2,24%"
"16.07.2026","624,52","627,94","628,05","620,68","4,21K","-0,71%"
"15.07.2026","628,99","638,13","638,65","627,82","4,38K","-0,65%"
"14.07.2026","633,08","630,22","633,75","628,46","4,07K","0,08%"
"13.07.2026","632,55","631,28","633,01","626,17","4,84K","-0,61%"
"10.07.2026","636,46","632,65","636,74","631,28","6,73K","0,38%"
"09.07.2026","634,07","628,70","635,00","628,31","2,69K","2,41%"
"08.07.2026","619,16","622,38","624,73","614,96","6,05K","-0,38%"
"07.07.2026","621,54","630,44","630,93","620,00","5,86K","-2,55%"
"06.07.2026","637,81","633,76","638,49","632,97","9,62K","0,67%"
"03.07.2026","633,59","631,79","634,60","631,50","0,76K","0,57%"
"02.07.2026","630,00","636,39","641,35","628,22","7,99K","-2,37%"
"01.07.2026","645,29","645,34","647,31","639,35","4,16K","0,01%"
"30.06.2026","645,23","640,06","645,74","637,66","4,68K","2,35%"
"29.06.2026","630,41","627,86","632,59","621,61","5,07K","0,38%"
"26.06.2026","628,04","627,07","628,26","619,03","6,19K","-0,32%"
"25.06.2026","630,08","641,81","644,13","624,94","12,83K","-0,70%"
"24.06.2026","634,49","634,68","637,06","631,22","4,77K","0,31%"
"23.06.2026","632,52","634,40","637,83","629,63","12,26K","-2,25%"
"22.06.2026","647,05","649,44","655,00","645,49","13,06K","-0,01%"
"19.06.2026","647,10","645,81","647,72","644,37","2,52K","0,36%"
"18.06.2026","644,76","638,83","645,85","638,50","2,34K","1,60%"
"17.06.2026","634,60","636,81","637,11","632,89","3,83K","-0,36%"
"16.06.2026","636,92","643,56","645,82","636,72","2,41K","-0,86%"
"15.06.2026","642,43","636,27","642,43","636,01","7,14K","2,59%"
"12.06.2026","626,24","619,04","627,50","618,24","8,41K","2,47%"
"11.06.2026","611,17","609,15","615,07","606,55","8,02K","0,44%"
"10.06.2026","608,50","612,64","616,98","606,00","9,11K","-0,23%"
"09.06.2026","609,91","627,86","629,76","609,91","6,62K","-2,58%"
"08.06.2026","626,05","617,26","628,79","617,00","9,93K","-0,32%"
"05.06.2026","628,07","632,52","634,40","628,00","4,99K","-1,74%"
"04.06.2026","639,16","642,10","642,23","633,00","5,77K","-0,80%"
"03.06.2026","644,30","645,16","647,50","642,00","2,97K","0,15%"
"02.06.2026","643,34","639,73","643,34","638,06","11,56K","0,33%"
"01.06.2026","641,23","640,24","641,23","636,00","5,73K","0,93%"
"29.05.2026","635,34","635,06","639,67","634,50","4,09K","0,25%"
"28.05.2026","633,77","628,74","633,83","627,80","5,64K","0,87%"
"27.05.2026","628,30","630,34","635,20","626,11","5,51K","-0,21%"
"26.05.2026","629,64","625,17","631,80","623,66","7,85K","0,43%"
"25.05.2026","626,96","627,92","628,49","626,62","2,88K","0,43%"
"22.05.2026","624,26","620,87","624,26","619,00","3,05K","1,59%"
"21.05.2026","614,46","614,53","617,47","609,64","4,65K","-0,07%"
"20.05.2026","614,91","610,27","615,42","610,07","3,11K","1,65%"
"19.05.2026","604,92","607,71","609,68","602,30","5,45K","-0,39%"
"18.05.2026","607,26","610,14","615,15","607,25","6,40K","-1,28%"
"15.05.2026","615,15","615,81","616,63","610,74","12,79K","-0,88%"
"14.05.2026","620,59","615,69","621,41","613,01","5,05K","1,78%"
"13.05.2026","609,71","609,29","612,41","606,60","13,00K","1,55%"
"12.05.2026","600,41","605,60","607,57","599,55","2,87K","-1,26%"
"11.05.2026","608,09","606,95","608,37","604,71","2,95K","0,73%"
"08.05.2026","603,66","597,49","603,66","596,78","3,14K","1,03%"
"07.05.2026","597,52","595,24","598,44","593,65","1,96K","0,97%"
"06.05.2026","591,80","587,98","591,95","587,44","10,63K","1,20%"
"05.05.2026","584,77","580,85","585,13","580,46","3,63K","1,35%"
"04.05.2026","576,98","579,05","580,70","575,94","5,86K","1,48%"
"30.04.2026","568,57","568,85","572,91","565,00","2,55K","0,16%"
"29.04.2026","567,65","567,17","568,27","564,95","1,79K","1,14%"
"28.04.2026","561,25","568,68","568,89","561,25","13,12K","-1,03%"
"27.04.2026","567,07","568,86","569,47","566,10","2,62K","-0,13%"
"24.04.2026","567,78","564,23","567,78","563,48","11,46K","0,72%"
"23.04.2026","563,70","560,84","563,70","559,63","5,60K","0,70%"
"22.04.2026","559,76","554,99","560,00","554,33","2,40K","1,25%"
"21.04.2026","552,85","553,62","555,63","552,34","4,00K","0,56%"
"20.04.2026","549,77","551,53","553,16","548,82","7,77K","-0,56%"
"17.04.2026","552,86","546,34","552,86","545,96","5,34K","1,13%"
"16.04.2026","546,67","545,05","546,67","543,00","6,11K","1,44%"
"15.04.2026","538,91","535,63","539,00","535,20","6,28K","1,27%"
"14.04.2026","532,14","527,63","532,14","527,54","8,04K","1,32%"
"13.04.2026","525,22","521,95","525,89","521,25","3,61K","0,13%"
"10.04.2026","524,55","524,29","525,15","523,59","3,13K","0,61%"
"09.04.2026","521,38","520,87","521,38","519,36","7,99K","0,32%"
"08.04.2026","519,72","522,31","524,29","517,87","10,23K","2,91%"
"07.04.2026","505,02","510,02","512,27","503,34","2,54K","-0,55%"
"02.04.2026","507,81","501,70","508,35","498,90","1,58K","0,08%"
"01.04.2026","507,38","506,02","507,38","502,43","6,69K","2,54%"
"31.03.2026","494,79","492,84","496,06","491,94","3,76K","-0,13%"
"30.03.2026","495,42","492,65","497,21","492,46","5,08K","0,23%"
"27.03.2026","494,28","502,62","502,78","493,27","7,00K","-2,07%"
"26.03.2026","504,71","509,40","509,71","504,70","4,17K","-1,39%"
"25.03.2026","511,84","511,09","512,90","509,16","4,34K","0,70%"
"24.03.2026","508,29","510,95","511,35","505,62","3,14K","-0,29%"
"23.03.2026","509,77","501,88","517,43","501,54","11,35K","0,12%"
"20.03.2026","509,16","514,86","515,28","509,16","4,91K","-0,89%"
"19.03.2026","513,74","519,90","520,60","513,74","3,39K","-1,74%"
"18.03.2026","522,82","528,83","529,24","522,48","6,26K","-0,51%"
"17.03.2026","525,52","522,35","527,30","521,30","4,40K","0,21%"
"16.03.2026","524,42","524,21","525,90","522,74","6,50K","0,39%"
"13.03.2026","522,36","521,11","527,00","520,88","3,57K","-0,16%"
"12.03.2026","523,18","526,33","527,00","521,66","3,83K","-0,85%"
"11.03.2026","527,69","526,06","530,00","524,97","2,41K","0,07%"
"10.03.2026","527,34","525,61","528,15","523,22","4,59K","1,34%"
"09.03.2026","520,39","512,86","521,08","512,79","7,61K","-0,45%"
"06.03.2026","522,72","528,18","528,41","520,55","3,46K","-1,01%"
"05.03.2026","528,06","527,37","530,20","525,76","8,58K","0,13%"
"04.03.2026","527,37","518,43","527,37","518,23","4,57K","1,59%"
"03.03.2026","519,13","517,58","520,00","513,89","4,28K","-0,21%"
"02.03.2026","520,24","511,04","522,07","510,50","7,35K","0,73%"
"27.02.2026","516,46","518,12","518,60","512,44","6,88K","-0,47%"
"26.02.2026","518,89","524,09","525,40","515,22","1,94K","-0,80%"
"25.02.2026","523,08","518,31","524,81","518,22","2,20K","1,16%"
"24.02.2026","517,08","513,74","518,36","512,17","3,85K","1,00%"
"23.02.2026","511,98","513,79","520,43","510,41","3,63K","-1,26%"
"20.02.2026","518,49","517,39","520,04","512,32","14,71K","0,42%"
"19.02.2026","516,34","517,08","517,65","513,48","6,11K","-0,32%"
"18.02.2026","518,02","512,27","518,02","511,06","4,92K","1,62%"
"17.02.2026","509,74","509,15","511,38","504,82","2,35K","0,32%"
"16.02.2026","508,12","510,65","511,93","507,94","3,68K","-0,43%"
"13.02.2026","510,32","508,84","511,91","505,83","7,57K","0,04%"
"12.02.2026","510,14","520,52","521,09","510,00","2,06K","-1,37%"
"11.02.2026","517,23","516,66","522,50","514,62","2,84K","-0,28%"
"10.02.2026","518,69","518,19","520,12","516,94","1,94K","-0,09%"
"09.02.2026","519,16","517,40","519,18","511,52","1,40K","0,60%"
"06.02.2026","516,07","506,53","516,07","506,53","4,26K","0,77%"
"05.02.2026","512,15","517,43","518,38","506,81","4,99K","-1,01%"
"04.02.2026","517,38","524,21","525,34","517,23","2,69K","-1,64%"
"03.02.2026","526,02","535,88","536,39","525,70","3,57K","-1,46%"
"02.02.2026","533,83","520,84","534,00","520,59","3,52K","0,98%"
"30.01.2026","528,66","524,29","530,00","523,62","1,53K","1,01%"
"29.01.2026","523,35","533,18","534,22","520,88","2,33K","-1,87%"
"28.01.2026","533,33","534,10","535,02","532,99","3,19K","0,68%"
"27.01.2026","529,75","533,25","533,35","528,03","2,64K","-0,08%"
"26.01.2026","530,19","527,82","530,19","525,00","6,10K","-0,57%"
"23.01.2026","533,22","532,09","534,38","529,33","1,16K","0,35%"
"22.01.2026","531,35","532,57","534,78","530,00","3,20K","0,73%"
"21.01.2026","527,51","523,21","529,14","519,00","5,01K","0,20%"
"20.01.2026","526,45","524,95","526,58","520,13","13,35K","-0,45%"
"19.01.2026","528,82","530,19","531,35","527,27","4,11K","-1,84%"
"16.01.2026","538,75","540,85","541,47","537,11","5,62K","-0,64%"
"15.01.2026","542,23","536,55","543,67","536,55","5,38K","1,84%"
"14.01.2026","532,45","539,55","539,70","531,09","1,76K","-1,65%"
"13.01.2026","541,39","539,69","542,00","538,42","2,05K","0,32%"
"12.01.2026","539,66","535,07","540,06","532,94","2,54K","-0,03%"
"09.01.2026","539,82","535,44","540,15","535,10","5,77K","1,11%"
"08.01.2026","533,89","535,73","537,42","532,99","3,75K","-0,77%"
"07.01.2026","538,04","535,55","538,50","534,31","2,88K","0,79%"
"06.01.2026","533,84","530,28","535,11","528,83","1,50K","0,35%"
"05.01.2026","531,97","529,31","533,02","529,09","1,99K","1,31%"
"02.01.2026","525,11","530,53","533,56","523,00","2,68K","-1,19%"
"30.12.2025","531,41","529,82","531,50","529,62","4,41K","0,31%"
"29.12.2025","529,79","530,79","531,38","528,40","3,00K","0,02%"
"23.12.2025","529,67","528,49","530,03","527,00","0,85K","0,05%"
"22.12.2025","529,43","530,74","531,27","528,80","2,24K","0,24%"
"19.12.2025","528,17","524,79","528,64","523,04","3,54K","0,81%"
"18.12.2025","523,94","516,64","524,03","516,26","3,21K","1,65%"
"17.12.2025","515,42","524,97","527,04","515,42","6,67K","-0,63%"
"16.12.2025","518,69","517,56","520,77","517,05","5,40K","-0,95%"
"15.12.2025","523,64","526,24","528,30","520,99","3,18K","-0,28%"
"12.12.2025","525,10","534,18","534,42","523,27","2,48K","-0,95%"
"11.12.2025","530,13","532,92","535,17","528,65","4,49K","-1,49%"
"10.12.2025","538,15","539,83","540,12","536,23","2,20K","-0,29%"
"09.12.2025","539,71","539,49","539,81","536,93","1,90K","0,17%"
"08.12.2025","538,80","540,44","542,00","538,75","0,70K","-0,07%"
"05.12.2025","539,18","539,18","541,88","536,43","1,65K","0,60%"
"04.12.2025","535,98","537,22","538,31","535,50","2,06K","0,14%"
"03.12.2025","535,24","538,12","538,30","532,42","3,20K","0,02%"
"02.12.2025","535,11","532,77","539,73","532,74","2,50K","0,41%"
"01.12.2025","532,94","531,63","533,43","528,45","5,34K","-0,32%"
"28.11.2025","534,66","533,70","536,61","533,68","2,31K","0,43%"
"27.11.2025","532,38","532,95","533,65","532,38","0,93K","-0,10%"
"26.11.2025","532,92","531,30","532,92","529,50","5,35K","1,58%"
"25.11.2025","524,61","527,57","527,65","520,13","3,19K","-0,25%"
"24.11.2025","525,92","518,01","526,46","515,22","3,40K","2,60%"
"21.11.2025","512,57","509,48","514,00","506,27","11,49K","-2,49%"
"20.11.2025","525,66","532,06","535,00","525,66","8,47K","0,76%"
"19.11.2025","521,68","517,65","526,82","517,23","2,43K","0,51%"
"18.11.2025","519,05","519,96","522,47","513,25","3,68K","-1,55%"
"17.11.2025","527,23","531,41","532,45","524,17","4,72K","-0,27%"
"14.11.2025","528,67","523,65","529,35","516,00","4,77K","0,10%"
"13.11.2025","528,12","538,33","538,71","527,63","3,48K","-1,74%"
"12.11.2025","537,46","541,83","543,46","535,62","6,28K","0,29%"
"11.11.2025","535,90","540,76","541,00","535,77","2,60K","-0,25%"
"10.11.2025","537,27","536,48","540,61","535,50","12,81K","2,99%"
"07.11.2025","521,69","534,97","535,18","521,01","7,36K","-2,22%"
"06.11.2025","533,56","541,98","544,78","533,45","6,55K","-2,21%"
"05.11.2025","545,62","539,57","545,62","538,68","5,18K","0,05%"
"04.11.2025","545,34","543,76","548,50","542,71","3,93K","-0,80%"
"03.11.2025","549,75","549,15","555,00","548,90","7,93K","0,20%"
"31.10.2025","548,68","551,30","552,85","547,95","4,64K","0,13%"
"30.10.2025","547,95","549,99","551,00","545,70","7,55K","0,13%"
"29.10.2025","547,26","549,81","550,04","546,77","4,63K","0,55%"
"28.10.2025","544,28","541,28","545,11","541,00","7,65K","0,61%"
"27.10.2025","540,96","539,59","541,25","538,86","11,27K","1,41%"
"24.10.2025","533,46","530,59","533,96","530,02","5,50K","1,15%"
"23.10.2025","527,41","526,19","527,41","523,01","3,89K","0,72%"
"22.10.2025","523,62","529,54","530,58","523,44","2,81K","-0,94%"
"21.10.2025","528,60","527,53","529,90","527,30","1,95K","0,25%"
"20.10.2025","527,29","523,32","527,34","522,03","1,74K","2,44%"
"17.10.2025","514,74","509,46","519,39","507,00","5,53K","-1,29%"
"16.10.2025","521,49","521,62","523,11","521,08","1,63K","-0,05%"
"15.10.2025","521,74","519,52","524,42","519,27","2,84K","0,83%"
"14.10.2025","517,44","517,63","518,90","512,76","3,00K","-0,87%"
"13.10.2025","522,00","519,25","522,29","518,00","9,28K","1,02%"
"10.10.2025","516,74","530,86","532,52","516,74","6,84K","-2,36%"
"09.10.2025","529,22","529,43","530,04","528,01","7,92K","0,40%"
"08.10.2025","527,09","523,09","527,09","522,20","4,47K","1,20%"
"07.10.2025","520,82","522,11","525,39","520,82","2,99K","-0,10%"
"06.10.2025","521,32","520,51","523,70","519,20","4,23K","0,45%"
"03.10.2025","518,97","521,21","521,21","517,39","5,94K","-0,03%"
"02.10.2025","519,15","517,55","520,00","517,26","7,32K","0,86%"
"01.10.2025","514,72","507,94","514,72","507,33","3,66K","0,47%"
"30.09.2025","512,33","511,97","513,09","510,50","2,47K","-0,26%"
"29.09.2025","513,67","512,99","515,40","512,76","3,45K","0,68%"
"26.09.2025","510,19","511,09","513,05","508,27","3,21K","-0,28%"
"25.09.2025","511,62","509,81","511,62","506,00","4,08K","0,04%"
"24.09.2025","511,42","510,82","513,51","510,44","2,83K","-0,23%"
"23.09.2025","512,61","513,33","513,85","511,66","2,61K","0,09%"
"22.09.2025","512,13","511,77","512,58","508,86","5,27K","0,47%"
"19.09.2025","509,74","507,88","510,81","507,39","1,62K","0,07%"
"18.09.2025","509,39","505,02","509,50","504,15","3,90K","2,19%"
"17.09.2025","498,48","501,12","501,74","498,43","3,92K","-0,52%"
"16.09.2025","501,08","504,56","505,55","500,98","2,70K","-0,51%"
"15.09.2025","503,63","503,21","504,18","500,92","3,12K","0,26%"
"12.09.2025","502,31","499,76","502,43","499,51","2,50K","0,42%"
"11.09.2025","500,23","499,66","501,50","498,17","2,11K","0,23%"
"10.09.2025","499,10","500,12","501,37","498,50","4,02K","0,71%"
"09.09.2025","495,59","495,32","496,65","494,80","1,91K","-0,17%"
"08.09.2025","496,41","494,94","496,73","494,45","2,35K","1,00%"
"05.09.2025","491,48","497,17","498,00","489,01","3,03K","-0,44%"
"04.09.2025","493,65","492,14","494,00","491,90","4,25K","0,81%"
"03.09.2025","489,69","490,25","492,42","489,69","2,08K","1,21%"
"02.09.2025","483,84","488,94","489,45","483,85","2,37K","-1,28%"
"01.09.2025","490,10","488,56","490,19","488,34","0,69K","0,11%"
"29.08.2025","489,58","496,25","496,40","489,00","6,45K","-1,14%"
"28.08.2025","495,23","495,15","496,39","493,06","2,15K","-0,13%"
"27.08.2025","495,86","495,59","497,30","494,76","1,92K","0,79%"
"26.08.2025","491,97","492,12","492,73","490,74","1,22K","-0,09%"
"25.08.2025","492,43","489,86","492,43","489,00","2,27K","0,13%"
"22.08.2025","491,81","487,06","495,00","487,06","2,06K","0,77%"
"21.08.2025","488,06","489,94","489,94","486,20","2,75K","0,53%"
"20.08.2025","485,47","489,87","490,54","481,37","4,45K","-1,45%"
"19.08.2025","492,60","496,17","496,80","491,64","0,59K","-0,59%"
"18.08.2025","495,53","496,24","496,78","495,25","1,75K","-0,79%"
"14.08.2025","499,50","498,65","501,10","497,01","1,21K","0,44%"
"13.08.2025","497,33","499,10","500,46","497,20","1,98K","0,05%"
"12.08.2025","497,08","496,04","498,52","493,96","8,18K","-0,19%"
"11.08.2025","498,01","496,03","498,72","494,77","2,73K","0,89%"
"08.08.2025","493,60","491,52","494,83","491,50","1,78K","0,33%"
"07.08.2025","491,97","489,37","494,31","489,37","3,13K","0,81%"
"06.08.2025","488,00","487,82","488,00","484,84","1,88K","0,24%"
"05.08.2025","486,83","492,39","493,48","486,82","2,25K","-0,30%"
"04.08.2025","488,29","483,20","488,64","483,11","5,14K","1,12%"
"01.08.2025","482,87","494,95","495,09","479,26","13,49K","-3,52%"
"31.07.2025","500,47","505,09","507,11","499,25","6,63K","0,62%"
"30.07.2025","497,39","494,25","498,64","493,61","1,94K","0,62%"
"29.07.2025","494,31","495,76","497,67","494,55","2,53K","0,66%"
"28.07.2025","491,05","488,50","491,50","488,11","3,25K","1,24%"
"25.07.2025","485,03","483,78","485,03","483,00","1,91K","0,56%"
"24.07.2025","482,31","482,81","483,85","480,89","2,87K","0,31%"
"23.07.2025","480,83","481,32","482,06","480,05","2,31K","-0,01%"
"22.07.2025","480,88","484,54","485,17","480,18","0,99K","-0,89%"
"21.07.2025","485,20","485,48","487,00","484,00","11,90K","0,24%"
"18.07.2025","484,02","486,34","486,39","483,42","18,93K","-0,46%"
"17.07.2025","486,24","484,82","486,35","483,28","4,98K","2,38%"
"16.07.2025","474,93","479,57","483,05","474,93","2,19K","-1,90%"
"15.07.2025","484,12","480,88","484,12","480,39","3,17K","1,52%"
"14.07.2025","476,87","475,18","477,94","473,93","5,20K","0,18%"
"11.07.2025","476,01","476,81","477,52","474,00","2,46K","-0,35%"
"10.07.2025","477,70","475,02","478,17","475,02","5,16K","0,37%"
"09.07.2025","475,92","473,41","478,59","473,12","2,77K","0,43%"
"08.07.2025","473,89","473,23","475,27","472,95","2,15K","0,14%"
"07.07.2025","473,22","473,12","475,39","472,91","3,12K","0,34%"
"04.07.2025","471,62","473,34","473,34","471,24","2,93K","-0,74%"
"03.07.2025","475,13","469,87","475,70","469,47","15,23K","1,21%"
"02.07.2025","469,47","468,39","470,13","465,43","4,91K","0,59%"
"01.07.2025","466,73","470,29","470,53","465,00","7,40K","-0,85%"
"30.06.2025","470,71","471,95","473,37","470,00","2,36K","-0,17%"
"27.06.2025","471,49","469,86","471,54","468,56","3,06K","0,93%"
"26.06.2025","467,16","466,76","467,20","464,76","2,22K","-0,05%"
"25.06.2025","467,39","467,70","470,34","467,39","5,39K","0,31%"
"24.06.2025","465,96","466,27","466,50","464,15","4,01K","1,26%"
"23.06.2025","460,18","459,09","462,76","459,03","0,91K","0,07%"
"20.06.2025","459,87","460,34","463,33","458,15","2,47K","0,40%"
"19.06.2025","458,05","461,86","461,86","457,25","1,00K","-1,03%"
"18.06.2025","462,80","462,36","464,70","461,55","2,89K","-0,22%"
"17.06.2025","463,80","461,69","464,00","460,52","2,42K","0,11%"
"16.06.2025","463,30","459,41","463,75","458,55","3,93K","0,61%"
"13.06.2025","460,51","457,04","462,03","456,78","3,12K","-0,45%"
"12.06.2025","462,60","463,42","463,84","458,20","3,17K","-1,21%"
"11.06.2025","468,27","469,13","470,61","467,72","3,58K","0,46%"
"10.06.2025","466,12","467,74","468,60","466,12","4,06K","-0,23%"
"09.06.2025","467,18","465,44","469,14","465,07","3,47K","0,01%"
"06.06.2025","467,14","463,44","468,71","462,78","4,05K","-0,12%"
"05.06.2025","467,68","465,37","467,68","461,61","3,48K","0,57%"
"04.06.2025","465,02","465,68","466,80","462,67","4,72K","0,09%"
"03.06.2025","464,61","458,83","465,15","458,48","1,27K","1,81%"
"02.06.2025","456,35","455,33","458,58","453,27","2,03K","-0,48%"
"30.05.2025","458,53","459,64","461,16","458,53","1,66K","-0,74%"
"29.05.2025","461,96","470,50","473,00","460,00","5,39K","-0,38%"
"28.05.2025","463,72","462,41","465,32","460,79","5,01K","0,72%"
"27.05.2025","460,39","456,23","460,39","455,35","1,23K","1,00%"
"26.05.2025","455,84","454,52","456,30","454,52","3,60K","1,06%"
"23.05.2025","451,05","455,92","456,79","446,86","2,94K","-1,72%"
"22.05.2025","458,96","456,92","460,35","453,97","2,10K","-0,73%"
"21.05.2025","462,32","458,94","463,00","455,96","3,61K","-0,35%"
"20.05.2025","463,94","463,61","465,83","462,60","2,98K","0,02%"
"19.05.2025","463,86","461,23","465,00","456,80","7,05K","-0,97%"
"16.05.2025","468,38","464,80","468,38","464,80","2,75K","0,41%"
"15.05.2025","466,46","463,70","466,54","461,10","4,36K","0,36%"
"14.05.2025","464,77","464,68","465,10","460,00","3,20K","0,17%"
"13.05.2025","463,96","456,92","464,49","456,30","4,85K","1,79%"
"12.05.2025","455,80","451,89","460,64","451,67","4,93K","4,63%"
"09.05.2025","435,65","437,40","439,00","433,37","4,36K","-0,01%"
"08.05.2025","435,70","435,21","437,13","431,59","6,94K","2,45%"
"07.05.2025","425,26","428,38","429,18","424,44","13,03K","-0,73%"
"06.05.2025","428,38","429,06","429,19","423,41","11,98K","-0,76%"
"05.05.2025","431,68","431,24","432,19","428,39","3,03K","-0,16%"
"02.05.2025","432,38","428,36","432,50","426,82","6,22K","3,69%"
"30.04.2025","416,99","418,20","419,75","409,40","4,26K","0,18%"
"29.04.2025","416,22","417,03","418,50","412,90","4,01K","0,73%"
"28.04.2025","413,20","418,19","419,61","413,20","5,04K","-0,16%"
"25.04.2025","413,86","416,73","416,74","411,50","8,47K","0,99%"
"24.04.2025","409,81","400,69","411,08","397,71","4,31K","1,11%"
"23.04.2025","405,32","399,59","410,02","399,17","6,27K","4,43%"
"22.04.2025","388,12","383,16","389,18","381,59","5,11K","-0,91%"
"17.04.2025","391,70","396,31","398,06","390,00","3,14K","-1,91%"
"16.04.2025","399,33","397,62","402,83","395,32","8,65K","-2,15%"
"15.04.2025","408,12","406,44","410,17","404,44","4,65K","0,76%"
"14.04.2025","405,05","406,57","413,26","405,00","7,14K","2,67%"
"11.04.2025","394,50","400,86","400,86","388,50","6,77K","-1,55%"
"10.04.2025","400,73","423,58","424,19","400,73","22,58K","5,36%"
"09.04.2025","380,34","379,15","386,47","370,00","8,71K","-5,04%"
"08.04.2025","400,51","393,60","408,40","392,80","15,62K","3,70%"
"07.04.2025","386,21","364,61","399,72","363,80","20,19K","-2,24%"
"04.04.2025","395,04","408,59","411,17","391,10","16,97K","-4,39%"
"03.04.2025","413,19","420,81","423,20","408,68","5,75K","-6,02%"
"02.04.2025","439,64","439,08","439,72","432,81","2,28K","0,21%"
"01.04.2025","438,71","436,10","439,28","432,00","4,20K","1,94%"
"31.03.2025","430,35","429,87","431,40","425,83","4,45K","-1,44%"
"28.03.2025","436,64","446,27","448,61","435,80","6,24K","-3,11%"
"27.03.2025","450,65","451,55","453,21","447,93","3,73K","-0,62%"
"26.03.2025","453,48","459,58","459,78","453,00","3,22K","-0,89%"
"25.03.2025","457,54","456,69","458,59","455,19","6,43K","0,32%"
"24.03.2025","456,09","450,64","456,54","450,50","8,63K","2,74%"
"21.03.2025","443,93","443,50","443,93","438,72","3,61K","-0,04%"
"20.03.2025","444,10","445,97","448,93","440,81","5,88K","0,42%"
"19.03.2025","442,24","436,83","442,80","436,77","4,41K","1,27%"
"18.03.2025","436,68","441,61","442,71","434,70","5,95K","-0,85%"
"17.03.2025","440,43","440,35","444,84","439,50","5,88K","-0,11%"
"14.03.2025","440,93","436,88","442,43","435,72","3,09K","1,50%"
"13.03.2025","434,41","437,54","441,02","433,87","5,74K","-1,56%"
"12.03.2025","441,31","436,59","443,86","435,00","4,92K","1,67%"
"11.03.2025","434,08","437,33","438,79","431,87","7,55K","-1,67%"
"10.03.2025","441,46","453,06","453,20","440,00","9,26K","-1,24%"
"07.03.2025","447,00","455,10","456,49","447,00","5,02K","-2,89%"
"06.03.2025","460,29","464,33","464,76","456,62","5,56K","0,35%"
"05.03.2025","458,70","469,93","470,72","458,70","13,48K","-1,92%"
"04.03.2025","467,66","476,70","477,29","466,50","10,67K","-3,59%"
"03.03.2025","485,05","492,02","492,41","484,25","5,84K","-0,01%"
"28.02.2025","485,09","484,24","486,83","480,00","5,26K","-1,86%"
"27.02.2025","494,30","495,61","499,82","489,63","4,23K","-0,43%"
"26.02.2025","496,45","494,51","496,86","493,00","6,14K","1,68%"
"25.02.2025","488,23","497,68","498,45","488,00","6,53K","-2,88%"
"24.02.2025","502,72","505,83","508,15","499,90","15,05K","-2,12%"
"21.02.2025","513,62","514,36","517,95","512,00","6,06K","-0,04%"
"20.02.2025","513,82","517,93","518,87","512,18","5,38K","-1,26%"
"19.02.2025","520,37","519,18","520,40","516,85","7,76K","0,61%"
"18.02.2025","517,20","519,33","520,62","515,80","4,32K","0,06%"
"17.02.2025","516,90","517,29","517,91","516,25","3,70K","0,67%"
"14.02.2025","513,44","515,46","515,59","512,30","4,47K","-0,02%"
"13.02.2025","513,55","511,03","515,01","509,41","7,39K","0,84%"
"12.02.2025","509,28","511,71","512,70","507,17","5,36K","-0,81%"
"11.02.2025","513,44","513,82","514,84","511,20","8,37K","-0,46%"
"10.02.2025","515,80","512,24","516,50","511,45","5,87K","1,12%"
"07.02.2025","510,09","512,26","515,00","509,00","6,64K","-0,28%"
"06.02.2025","511,50","510,53","512,73","510,00","5,59K","1,34%"
"05.02.2025","504,72","503,39","505,05","500,96","8,17K","-0,61%"
"04.02.2025","507,84","504,66","508,19","502,19","13,46K","0,43%"
"03.02.2025","505,69","503,41","506,01","500,72","17,10K","-1,38%"
"31.01.2025","512,75","509,16","514,12","508,90","13,31K","2,01%"
"30.01.2025","502,65","505,58","506,86","499,50","12,49K","0,24%"
"29.01.2025","501,44","505,86","506,76","500,04","11,71K","0,50%"
"28.01.2025","498,96","497,19","500,69","494,10","7,90K","1,67%"
"27.01.2025","490,77","494,91","495,20","480,24","11,07K","-3,52%"
"24.01.2025","508,68","510,61","511,47","508,00","2,79K","-0,68%"
"23.01.2025","512,17","511,99","512,88","510,38","4,80K","-0,42%"
"22.01.2025","514,32","510,05","514,32","508,33","7,04K","1,94%"
"21.01.2025","504,55","506,43","509,42","504,38","6,88K","-0,43%"
"20.01.2025","506,74","508,86","509,34","505,33","8,23K","-0,49%"
"17.01.2025","509,22","502,03","512,02","501,78","5,81K","1,09%"
"16.01.2025","503,72","507,64","508,08","503,40","11,15K","0,19%"
"15.01.2025","502,77","492,56","504,24","492,48","15,51K","1,91%"
"14.01.2025","493,34","498,41","499,87","492,51","6,77K","-0,03%"
"13.01.2025","493,51","495,83","496,29","491,59","5,03K","-0,57%"
"10.01.2025","496,32","500,99","503,11","494,50","6,76K","-1,13%"
"09.01.2025","502,00","500,42","502,11","500,42","1,98K","-0,12%"
"08.01.2025","502,58","502,05","504,12","499,18","5,32K","-0,06%"
"07.01.2025","502,88","505,61","508,30","501,00","4,44K","-1,32%"
"06.01.2025","509,62","505,93","510,97","504,85","12,34K","1,01%"
"03.01.2025","504,53","500,88","504,53","499,36","1,91K","0,26%"
"02.01.2025","503,22","499,73","503,90","497,49","6,14K","0,74%"
"30.12.2024","499,52","502,67","503,38","494,90","2,64K","-0,58%"
"27.12.2024","502,41","508,75","509,60","500,00","4,45K","-0,05%"
"23.12.2024","502,64","503,52","503,76","500,00","9,68K","-0,08%"
"20.12.2024","503,03","495,08","503,03","487,84","8,03K","0,21%"
"19.12.2024","501,99","500,51","503,41","499,00","19,66K","-2,16%"
"18.12.2024","513,07","513,10","514,50","511,11","7,43K","0,04%"
"17.12.2024","512,86","512,77","515,35","510,45","16,25K","0,13%"
"16.12.2024","512,20","507,12","512,89","506,28","9,42K","1,21%"
"13.12.2024","506,09","507,54","509,78","504,85","7,65K","0,24%"
"12.12.2024","504,90","505,59","506,77","502,96","27,34K","-0,36%"
"11.12.2024","506,73","498,78","506,59","498,22","9,47K","1,56%"
"10.12.2024","498,94","497,03","502,00","496,90","3,55K","0,49%"
"09.12.2024","496,50","501,66","501,80","494,59","12,29K","-0,62%"
"06.12.2024","499,60","495,60","500,87","494,46","12,32K","0,48%"
"05.12.2024","497,21","497,93","499,23","496,14","33,79K","0,01%"
"04.12.2024","497,18","495,83","499,80","495,50","28,43K","0,84%"
"03.12.2024","493,03","493,19","493,31","490,00","20,64K","0,01%"
"02.12.2024","492,97","487,19","494,07","485,51","9,00K","1,65%"
"29.11.2024","484,95","482,25","485,18","481,00","8,28K","0,37%"
"28.11.2024","483,14","483,36","483,64","481,90","1,99K","0,89%"
"27.11.2024","478,86","486,73","486,73","478,00","5,51K","-1,81%"
"26.11.2024","487,69","485,84","487,60","483,67","2,54K","0,23%"
"25.11.2024","486,55","488,72","488,90","483,96","17,38K","-0,13%"
"22.11.2024","487,19","483,60","488,89","483,60","17,84K","0,92%"
"21.11.2024","482,74","478,39","483,50","475,00","39,15K","1,30%"
"20.11.2024","476,53","479,38","480,50","474,48","21,08K","0,14%"
"19.11.2024","475,87","475,94","476,03","469,91","9,26K","-0,25%"
"18.11.2024","477,05","475,36","477,09","472,28","31,45K","0,43%"
"15.11.2024","475,03","480,84","480,84","474,46","10,20K","-2,24%"
"14.11.2024","485,93","487,37","490,72","484,79","15,66K","-0,19%"
"13.11.2024","486,87","484,83","486,87","483,25","8,65K","0,25%"
"12.11.2024","485,65","485,42","486,98","484,65","5,97K","0,24%"
"11.11.2024","484,48","484,65","487,24","483,50","7,33K","0,72%"
"08.11.2024","481,00","479,79","481,07","476,48","7,41K","0,84%"
"07.11.2024","477,01","473,26","477,02","472,78","2,72K","1,32%"
"06.11.2024","470,81","468,17","472,30","466,80","10,21K","4,11%"
"05.11.2024","452,24","449,25","453,00","448,80","7,67K","0,54%"
"04.11.2024","449,79","450,41","451,29","446,60","1,86K","-0,85%"
"01.11.2024","453,65","449,54","454,01","448,01","3,28K","0,92%"
"31.10.2024","449,53","454,81","455,79","448,63","6,67K","-2,71%"
"30.10.2024","462,06","465,44","465,63","460,78","5,96K","-0,25%"
"29.10.2024","463,23","460,89","463,60","459,79","2,87K","0,52%"
"28.10.2024","460,83","463,39","464,08","460,80","2,33K","-0,45%"
"25.10.2024","462,89","457,63","463,75","457,39","13,73K","1,18%"
"24.10.2024","457,50","457,73","459,12","456,36","6,10K","0,09%"
"23.10.2024","457,11","461,26","462,09","457,11","3,13K","-0,57%"
"22.10.2024","459,74","458,54","460,46","456,94","2,90K","0,76%"
"21.10.2024","456,28","457,13","459,27","455,00","2,81K","-0,41%"
"18.10.2024","458,17","457,34","458,20","456,35","2,49K","0,10%"
"17.10.2024","457,71","456,43","461,65","456,43","5,64K","1,07%"
"16.10.2024","452,88","453,78","454,38","450,00","2,84K","-0,30%"
"15.10.2024","454,22","458,58","458,94","452,24","4,15K","-0,52%"
"14.10.2024","456,58","453,40","458,77","453,19","2,97K","0,94%"
"11.10.2024","452,34","452,06","453,23","450,47","1,47K","-0,24%"
"10.10.2024","453,42","452,98","453,42","449,56","1,90K","0,44%"
"09.10.2024","451,44","447,10","451,44","446,46","4,66K","1,02%"
"08.10.2024","446,86","440,39","447,15","440,29","9,61K","0,42%"
"07.10.2024","445,00","445,90","445,90","443,44","7,95K","0,37%"
"04.10.2024","443,34","439,15","447,23","438,98","6,97K","0,79%"
"03.10.2024","439,87","437,94","441,21","435,72","6,41K","0,06%"
"02.10.2024","439,59","436,24","440,00","434,55","3,38K","0,92%"
"01.10.2024","435,59","440,79","443,50","433,57","6,39K","-0,63%"
"30.09.2024","438,35","437,46","438,47","435,04","2,65K","-0,01%"
"27.09.2024","438,38","440,70","441,41","438,38","7,76K","0,12%"
"26.09.2024","437,87","443,58","446,39","437,87","19,03K","-0,03%"
"25.09.2024","438,01","433,65","438,22","433,50","4,39K","0,34%"
"24.09.2024","436,51","437,89","438,16","433,00","2,40K","0,10%"
"23.09.2024","436,06","434,54","437,25","434,54","1,70K","0,95%"
"20.09.2024","431,96","433,15","434,83","431,28","2,48K","-1,05%"
"19.09.2024","436,53","431,94","437,67","431,00","7,80K","2,35%"
"18.09.2024","426,52","428,13","428,38","426,52","2,21K","-0,59%"
"17.09.2024","429,07","427,44","430,51","427,44","5,54K","0,80%"
"16.09.2024","425,67","428,56","429,17","423,87","4,32K","-1,06%"
"13.09.2024","430,21","428,85","430,50","427,67","1,18K","0,78%"
"12.09.2024","426,90","428,31","428,75","424,50","4,22K","2,95%"
"11.09.2024","414,67","415,87","419,39","411,84","6,03K","-0,26%"
"10.09.2024","415,77","412,01","417,00","411,69","5,42K","1,05%"
"09.09.2024","411,46","410,57","413,27","408,74","4,05K","0,94%"
"06.09.2024","407,63","413,00","416,77","407,00","1,99K","-1,92%"
"05.09.2024","415,59","416,78","421,50","414,20","5,60K","-0,75%"
"04.09.2024","418,72","416,41","420,00","415,36","5,54K","-1,40%"
"03.09.2024","424,65","432,65","433,18","423,60","4,01K","-1,97%"
"02.09.2024","433,17","431,13","433,46","430,60","1,25K","0,91%"
"30.08.2024","429,27","428,89","431,67","428,57","0,82K","-0,66%"
"29.08.2024","432,13","424,60","433,71","424,57","1,77K","1,67%"
"28.08.2024","425,02","429,71","430,94","423,88","3,16K","-0,74%"
"27.08.2024","428,19","428,02","429,09","425,67","2,15K","0,10%"
"26.08.2024","427,75","431,21","432,84","425,60","1,66K","-0,65%"
"23.08.2024","430,55","431,21","434,68","428,39","2,45K","-0,79%"
"22.08.2024","433,97","435,18","437,87","433,97","3,74K","-0,09%"
"21.08.2024","434,38","433,84","437,34","433,38","1,26K","-0,01%"
"20.08.2024","434,41","437,05","438,12","433,59","2,30K","0,42%"
"19.08.2024","432,61","431,73","433,28","430,54","6,43K","0,05%"
"16.08.2024","432,40","436,02","436,15","431,20","8,86K","2,37%"
"14.08.2024","422,39","422,81","423,23","417,11","10,90K","0,23%"
"13.08.2024","421,40","417,33","421,50","415,53","6,44K","1,68%"
"12.08.2024","414,43","415,17","417,20","412,65","9,63K","0,43%"
"09.08.2024","412,65","411,83","415,24","410,13","8,85K","0,68%"
"08.08.2024","409,85","399,48","410,53","397,88","8,44K","-0,16%"
"07.08.2024","410,52","407,24","413,01","405,96","11,41K","1,12%"
"06.08.2024","405,97","405,96","407,82","400,00","14,95K","1,31%"
"05.08.2024","400,72","392,95","402,68","384,22","20,05K","-2,56%"
"02.08.2024","411,26","421,23","421,58","409,44","16,99K","-4,90%"
"01.08.2024","432,44","440,01","442,02","432,44","7,90K","-1,09%"
"31.07.2024","437,20","430,71","437,20","430,40","4,62K","2,32%"
"30.07.2024","427,28","430,68","433,50","426,55","1,64K","-0,40%"
"29.07.2024","428,99","431,64","434,31","428,99","4,72K","0,48%"
"26.07.2024","426,92","426,93","429,24","425,77","9,33K","-0,48%"
"25.07.2024","428,97","430,75","430,83","422,52","10,08K","-0,98%"
"24.07.2024","433,23","440,65","441,84","432,75","6,99K","-3,34%"
"23.07.2024","448,20","443,70","448,39","442,88","3,34K","1,47%"
"22.07.2024","441,72","440,55","445,36","440,00","3,59K","0,52%"
"19.07.2024","439,44","442,16","443,81","439,40","4,51K","-0,13%"
"18.07.2024","440,00","445,96","447,29","440,00","6,44K","-1,31%"
"17.07.2024","445,83","453,88","454,14","445,24","6,22K","-2,43%"
"16.07.2024","456,95","457,97","460,07","456,21","2,61K","-0,50%"
"15.07.2024","459,25","458,47","461,23","457,00","4,76K","0,23%"
"12.07.2024","458,21","455,13","458,62","453,81","4,41K","0,26%"
"11.07.2024","457,00","466,18","466,45","457,00","5,22K","-1,47%"
"10.07.2024","463,81","462,87","464,69","462,74","2,90K","0,18%"
"09.07.2024","462,98","462,88","464,41","462,60","1,58K","0,41%"
"08.07.2024","461,10","460,20","461,32","459,50","2,67K","0,40%"
"05.07.2024","459,26","457,12","459,40","450,18","3,17K","0,75%"
"04.07.2024","455,82","456,95","457,33","455,78","5,03K","0,20%"
"03.07.2024","454,89","454,81","455,44","452,53","3,70K","0,46%"
"02.07.2024","452,80","449,81","452,80","448,81","10,41K","0,79%"
"01.07.2024","449,23","448,77","449,47","445,12","3,34K","-0,87%"
"28.06.2024","453,16","453,93","457,07","452,73","9,50K","0,55%"
"27.06.2024","450,69","450,80","452,89","450,20","7,49K","0,04%"
"26.06.2024","450,53","451,13","452,81","449,80","7,43K","0,27%"
"25.06.2024","449,33","444,51","449,78","443,78","1,67K","0,42%"
"24.06.2024","447,44","450,60","450,92","445,61","16,55K","-0,84%"
"21.06.2024","451,22","451,68","452,65","449,99","2,20K","-0,68%"
"20.06.2024","454,29","456,31","457,51","452,65","7,64K","0,04%"
"19.06.2024","454,09","454,38","454,47","453,54","2,62K","0,40%"
"18.06.2024","452,28","453,47","455,13","451,69","6,94K","0,52%"
"17.06.2024","449,92","450,04","450,44","447,84","5,91K","0,49%"
"14.06.2024","447,74","447,13","449,49","445,59","5,53K","0,77%"
"13.06.2024","444,30","443,99","444,51","442,49","6,41K","1,04%"
"12.06.2024","439,73","437,79","440,26","437,00","4,71K","1,03%"
"11.06.2024","435,25","433,28","435,46","433,04","1,63K","0,29%"
"10.06.2024","433,99","431,71","433,99","430,88","3,14K","0,69%"
"07.06.2024","431,00","427,94","431,28","427,07","10,08K","0,76%"
"06.06.2024","427,77","428,01","429,51","427,15","3,34K","0,40%"
"05.06.2024","426,05","420,19","426,18","419,88","2,80K","2,13%"
"04.06.2024","417,17","416,32","418,55","415,54","2,07K","0,07%"
"03.06.2024","416,87","419,22","421,77","416,86","4,69K","1,18%"
"31.05.2024","412,00","418,25","418,57","412,00","11,02K","-1,97%"
"30.05.2024","420,26","421,91","423,14","419,09","2,66K","-1,07%"
"29.05.2024","424,79","423,88","425,29","421,85","1,50K","0,15%"
"28.05.2024","424,14","424,22","425,43","422,73","4,46K","-0,15%"
"27.05.2024","424,78","424,04","424,78","423,20","4,06K","0,03%"
"24.05.2024","424,67","421,50","424,67","420,92","2,14K","-0,18%"
"23.05.2024","425,42","426,12","426,92","423,33","5,05K","0,52%"
"22.05.2024","423,23","421,67","423,45","421,55","3,15K","0,67%"
"21.05.2024","420,42","420,25","420,60","418,98","2,99K","0,04%"
"20.05.2024","420,24","417,55","420,35","417,55","3,40K","0,62%"
"17.05.2024","417,67","418,18","419,46","416,99","1,39K","-0,51%"
"16.05.2024","419,80","418,75","420,00","418,41","1,84K","0,88%"
"15.05.2024","416,15","413,65","416,47","413,32","4,21K","0,94%"
"14.05.2024","412,28","412,42","413,22","410,96","1,99K","0,06%"
"13.05.2024","412,05","412,93","413,27","411,50","3,14K","0,07%"
"10.05.2024","411,76","412,26","413,50","411,20","4,52K","0,09%"
"09.05.2024","411,38","411,04","411,57","409,78","1,74K","0,01%"
"08.05.2024","411,35","411,76","412,26","409,02","5,46K","-0,03%"
"07.05.2024","411,46","410,53","411,62","409,78","2,97K","0,82%"
"06.05.2024","408,13","406,90","408,17","406,45","1,65K","0,69%"
"03.05.2024","405,35","401,56","406,54","401,37","6,07K","1,92%"
"02.05.2024","397,72","397,60","399,80","396,30","9,27K","-1,41%"
"30.04.2024","403,42","406,07","406,17","403,42","1,51K","-0,22%"
"29.04.2024","404,29","405,58","406,60","404,29","2,30K","-0,13%"
"26.04.2024","404,82","401,45","406,11","400,55","3,74K","2,88%"
"25.04.2024","393,47","395,26","396,00","393,02","2,52K","-1,86%"
"24.04.2024","400,91","402,05","403,18","400,46","5,92K","0,61%"
"23.04.2024","398,49","395,28","398,92","394,04","6,06K","1,62%"
"22.04.2024","392,15","393,22","395,00","390,96","6,19K","-0,41%"
"19.04.2024","393,78","396,78","398,45","393,78","8,53K","-2,16%"
"18.04.2024","402,46","402,92","403,34","399,78","3,32K","-0,28%"
"17.04.2024","403,59","406,51","408,55","403,59","2,77K","-1,11%"
"16.04.2024","408,12","407,53","408,12","405,66","7,45K","-1,51%"
"15.04.2024","414,38","415,47","417,66","413,84","6,06K","-0,33%"
"12.04.2024","415,74","419,15","419,28","414,84","4,37K","0,74%"
"11.04.2024","412,70","410,42","413,13","409,09","6,29K","0,91%"
"10.04.2024","408,97","409,69","411,00","405,34","8,88K","0,74%"
"09.04.2024","405,96","408,32","408,92","404,82","3,42K","-0,60%"
"08.04.2024","408,40","408,21","410,00","407,87","0,67K","0,05%"
"05.04.2024","408,21","404,42","409,22","404,32","4,65K","-0,88%"
"04.04.2024","411,85","410,83","413,00","410,65","2,74K","0,03%"
"03.04.2024","411,72","410,54","411,86","409,21","1,06K","0,34%"
"02.04.2024","410,32","416,42","417,01","406,67","11,38K","-0,75%"
"28.03.2024","413,41","413,96","414,44","413,00","1,87K","0,45%"
"27.03.2024","411,56","412,81","414,81","410,67","1,73K","-0,54%"
"26.03.2024","413,81","413,57","414,05","412,70","3,30K","0,27%"
"25.03.2024","412,70","414,17","414,53","410,44","1,08K","-0,37%"
"22.03.2024","414,23","413,95","415,09","412,24","1,55K","-0,29%"
"21.03.2024","415,44","411,73","415,49","411,09","3,38K","2,30%"
"20.03.2024","406,08","405,58","407,63","405,54","1,43K","0,43%"
"19.03.2024","404,34","404,30","405,29","401,26","2,22K","-0,26%"
"18.03.2024","405,40","402,02","406,86","401,66","18,89K","1,47%"
"15.03.2024","399,51","404,15","405,52","399,83","1,92K","-1,27%"
"14.03.2024","404,65","405,64","406,09","402,53","1,48K","0,17%"
"13.03.2024","403,97","408,47","408,47","403,50","2,16K","-0,58%"
"12.03.2024","406,33","404,67","408,27","402,32","1,78K","0,99%"
"11.03.2024","402,34","402,91","403,58","400,89","3,54K","-1,12%"
"08.03.2024","406,88","409,21","411,38","406,70","3,98K","-0,49%"
"07.03.2024","408,88","403,24","409,01","402,50","1,94K","0,92%"
"06.03.2024","405,16","405,37","407,48","403,79","2,61K","0,33%"
"05.03.2024","403,82","409,67","409,69","403,08","4,21K","-1,87%"
"04.03.2024","411,53","413,34","413,97","411,45","4,46K","0,12%"
"01.03.2024","411,04","410,08","411,20","407,87","1,89K","1,16%"
"29.02.2024","406,31","403,15","407,14","402,16","1,48K","0,38%"
"28.02.2024","404,76","405,71","405,87","403,51","1,67K","0,04%"
"27.02.2024","404,58","404,68","405,78","403,69","2,17K","-0,16%"
"26.02.2024","405,22","404,77","406,00","404,27","2,17K","-0,16%"
"23.02.2024","405,88","406,43","408,77","405,00","4,74K","0,08%"
"22.02.2024","405,54","401,46","405,54","400,92","4,96K","2,89%"
"21.02.2024","394,16","396,40","396,48","393,65","2,24K","-0,32%"
"20.02.2024","395,44","401,10","401,10","393,59","4,08K","-1,77%"
"19.02.2024","402,56","401,69","403,17","401,35","1,11K","-0,42%"
"16.02.2024","404,26","407,19","408,20","401,79","1,34K","0,02%"
"15.02.2024","404,18","407,16","407,16","402,88","3,20K","0,21%"
"14.02.2024","403,33","403,67","405,35","402,44","2,39K","0,01%"
"13.02.2024","403,30","406,11","406,12","400,00","2,93K","-1,50%"
"12.02.2024","409,44","406,98","409,44","406,85","2,58K","0,85%"
"09.02.2024","405,98","404,62","406,64","404,35","6,07K","0,38%"
"08.02.2024","404,44","402,95","404,81","402,86","3,99K","0,44%"
"07.02.2024","402,67","398,73","404,00","398,72","8,46K","0,79%"
"06.02.2024","399,51","402,07","402,48","398,86","4,00K","-0,13%"
"05.02.2024","400,03","399,42","401,88","399,00","6,21K","0,42%"
"02.02.2024","398,35","393,43","398,36","392,94","3,88K","2,64%"
"01.02.2024","388,09","390,59","391,44","387,50","4,00K","0,00%"
"31.01.2024","388,10","392,49","392,69","385,68","7,53K","-1,92%"
"30.01.2024","395,69","396,96","398,11","395,30","3,62K","0,26%"
"29.01.2024","394,67","393,66","395,27","393,66","3,71K","0,25%"
"26.01.2024","393,67","392,59","394,14","391,57","2,28K","-0,87%"
"25.01.2024","397,11","393,26","397,34","392,78","5,70K","0,74%"
"24.01.2024","394,19","393,66","395,58","392,34","10,53K","0,86%"
"23.01.2024","390,84","389,21","392,02","388,27","2,75K","0,19%"
"22.01.2024","390,09","390,71","391,79","389,06","8,88K","1,39%"
"19.01.2024","384,74","383,54","385,09","383,13","3,69K","0,83%"
"18.01.2024","381,56","376,82","382,00","376,71","4,99K","1,41%"
"17.01.2024","376,25","375,83","377,13","373,39","4,50K","-0,79%"
"16.01.2024","379,23","374,23","379,85","373,87","5,58K","0,90%"
"15.01.2024","375,84","376,38","376,56","375,73","1,37K","0,18%"
"12.01.2024","375,17","374,36","376,26","373,77","2,81K","0,93%"
"11.01.2024","371,70","375,96","376,80","371,70","3,24K","-0,35%"
"10.01.2024","373,00","373,69","374,25","372,48","7,10K","0,21%"
"09.01.2024","372,22","370,70","372,14","368,96","4,70K","1,26%"
"08.01.2024","367,58","364,37","367,88","363,33","5,18K","0,69%"
"05.01.2024","365,05","363,93","365,36","363,50","4,56K","-0,31%"
"04.01.2024","366,18","367,05","367,17","364,19","1,99K","-0,44%"
"03.01.2024","367,79","369,09","369,51","367,50","3,21K","-0,66%"
"02.01.2024","370,24","373,51","373,82","368,96","4,79K","-0,11%"
"29.12.2023","370,65","373,88","375,05","370,65","2,31K","-0,72%"
"28.12.2023","373,35","373,58","373,93","372,52","6,98K","0,53%"
"27.12.2023","371,40","374,08","374,93","371,18","1,34K","-0,50%"
"22.12.2023","373,28","371,72","373,83","371,11","3,93K","0,46%"
"21.12.2023","371,57","372,66","373,09","370,91","4,54K","-0,99%"
"20.12.2023","375,27","374,93","375,95","374,01","5,31K","0,40%"
"19.12.2023","373,78","374,17","374,64","372,99","5,63K","-0,07%"
"18.12.2023","374,03","372,34","374,52","372,20","1,74K","0,12%"
"15.12.2023","373,57","368,87","373,57","368,80","5,07K","1,49%"
"14.12.2023","368,10","374,07","374,25","368,02","2,92K","-1,07%"
"13.12.2023","372,07","372,02","373,00","371,10","2,31K","0,74%"
"12.12.2023","369,33","369,14","369,61","367,85","4,67K","0,62%"
"11.12.2023","367,04","365,50","368,39","364,51","4,05K","0,49%"
"08.12.2023","365,26","362,88","365,26","361,50","1,32K","0,93%"
"07.12.2023","361,90","358,98","362,88","358,98","1,82K","0,58%"
"06.12.2023","359,83","361,93","363,06","359,83","2,34K","-0,02%"
"05.12.2023","359,90","356,89","360,72","355,69","5,30K","1,06%"
"04.12.2023","356,14","358,86","359,93","355,44","4,48K","-0,74%"
"01.12.2023","358,79","357,82","359,33","357,42","6,78K","0,81%"
"30.11.2023","355,92","358,34","359,67","355,88","5,21K","-0,41%"
"29.11.2023","357,37","356,92","360,17","356,92","4,39K","0,15%"
"28.11.2023","356,83","356,43","356,94","354,85","5,15K","-0,28%"
"27.11.2023","357,83","356,69","358,31","356,34","3,92K","0,13%"
"24.11.2023","357,37","358,58","359,70","357,05","3,64K","-0,62%"
"23.11.2023","359,59","359,51","359,90","359,01","1,37K","-0,22%"
"22.11.2023","360,39","356,62","362,05","356,62","3,16K","1,26%"
"21.11.2023","355,91","358,10","358,57","354,91","3,55K","-0,34%"
"20.11.2023","357,13","354,58","357,13","354,04","1,93K","0,47%"
"17.11.2023","355,45","357,79","357,79","354,62","0,94K","0,10%"
"16.11.2023","355,11","356,58","356,73","354,65","2,83K","-0,80%"
"15.11.2023","357,99","356,93","359,01","356,83","3,04K","0,63%"
"14.11.2023","355,75","354,71","357,68","353,90","3,89K","0,41%"
"13.11.2023","354,31","353,82","356,47","352,33","2,99K","0,59%"
"10.11.2023","352,22","348,66","352,77","347,33","2,89K","0,54%"
"09.11.2023","350,33","349,95","350,98","349,10","2,94K","0,36%"
"08.11.2023","349,06","349,85","351,40","349,06","0,97K","-0,52%"
"07.11.2023","350,87","345,56","350,87","345,56","3,01K","1,74%"
"06.11.2023","344,86","344,30","345,39","343,90","1,54K","0,19%"
"03.11.2023","344,22","342,44","343,97","341,62","6,24K","0,48%"
"02.11.2023","342,59","340,11","342,67","340,00","4,59K","1,69%"
"01.11.2023","336,91","333,00","337,31","332,34","1,84K","1,62%"
"31.10.2023","331,54","328,71","331,30","328,38","2,95K","0,78%"
"30.10.2023","328,96","331,40","332,00","327,90","3,76K","-0,19%"
"27.10.2023","329,60","329,19","330,54","328,50","6,06K","0,07%"
"26.10.2023","329,37","329,52","332,20","328,90","4,88K","-1,81%"
"25.10.2023","335,45","338,04","339,74","335,41","2,21K","-1,26%"
"24.10.2023","339,74","336,62","341,14","336,52","7,64K","0,91%"
"23.10.2023","336,67","337,34","337,67","333,03","3,60K","-0,05%"
"20.10.2023","336,84","340,37","341,28","336,62","1,99K","-2,38%"
"19.10.2023","345,05","345,79","346,68","344,31","3,95K","-1,06%"
"18.10.2023","348,76","348,36","350,00","347,80","4,38K","-0,17%"
"17.10.2023","349,36","351,99","352,02","346,39","2,98K","-0,84%"
"16.10.2023","352,33","349,42","352,53","347,81","1,98K","0,63%"
"13.10.2023","350,12","352,90","353,76","350,12","5,88K","-1,18%"
"12.10.2023","354,31","351,90","355,15","351,90","4,93K","1,28%"
"11.10.2023","349,84","349,66","351,02","349,31","3,86K","-0,34%"
"10.10.2023","351,03","348,94","351,12","347,58","3,14K","1,56%"
"09.10.2023","345,65","345,09","345,94","343,80","3,36K","1,17%"
"06.10.2023","341,65","341,93","342,76","338,55","2,88K","0,58%"
"05.10.2023","339,69","343,29","343,95","339,00","2,97K","-0,65%"
"04.10.2023","341,90","338,51","342,09","338,16","3,33K","0,24%"
"03.10.2023","341,08","346,33","346,81","341,05","4,19K","-1,54%"
"02.10.2023","346,43","342,60","346,55","341,29","4,74K","1,20%"
"29.09.2023","342,32","340,80","344,46","340,63","3,32K","0,81%"
"28.09.2023","339,56","340,00","340,00","336,61","3,16K","0,18%"
"27.09.2023","338,94","337,77","339,94","337,77","3,88K","0,60%"
"26.09.2023","336,93","339,26","339,42","336,41","6,65K","-1,03%"
"25.09.2023","340,42","338,93","340,53","336,96","2,62K","-0,05%"
"22.09.2023","340,60","338,23","340,40","337,93","1,78K","0,49%"
"21.09.2023","338,93","343,23","343,23","338,41","4,36K","-1,96%"
"20.09.2023","345,69","347,96","348,43","345,73","1,26K","0,03%"
"19.09.2023","345,59","348,15","349,00","344,69","3,69K","-0,90%"
"18.09.2023","348,74","349,21","349,50","347,37","3,44K","-0,12%"
"15.09.2023","349,16","355,79","356,00","349,00","3,28K","-1,50%"
"14.09.2023","354,47","350,83","354,69","350,27","2,89K","1,01%"
"13.09.2023","350,93","348,69","350,93","347,75","3,84K","0,13%"
"12.09.2023","350,47","352,53","352,92","349,48","5,05K","-0,06%"
"11.09.2023","350,67","350,17","351,81","349,20","1,74K","0,04%"
"08.09.2023","350,52","349,66","350,38","348,04","5,43K","0,64%"
"07.09.2023","348,30","349,87","350,02","346,26","1,71K","-0,83%"
"06.09.2023","351,20","352,77","352,78","350,44","2,71K","-0,79%"
"05.09.2023","354,00","351,30","355,16","350,75","5,61K","0,77%"
"04.09.2023","351,30","351,88","352,43","351,30","1,42K","0,06%"
"01.09.2023","351,08","349,45","352,00","349,06","6,61K","0,36%"
"31.08.2023","349,83","346,96","351,31","346,96","3,15K","1,30%"
"30.08.2023","345,34","346,18","346,34","343,16","3,37K","-0,02%"
"29.08.2023","345,42","341,37","346,84","340,34","1,98K","1,74%"
"28.08.2023","339,50","338,38","341,47","338,38","0,69K","0,95%"
"25.08.2023","336,32","335,54","338,83","334,35","3,87K","-0,61%"
"24.08.2023","338,39","346,14","346,38","337,81","6,24K","-0,82%"
"23.08.2023","341,20","337,81","341,56","337,81","5,46K","1,04%"
"22.08.2023","337,69","334,97","338,73","334,97","1,19K","1,63%"
"21.08.2023","332,29","330,70","334,30","330,70","5,70K","0,99%"
"18.08.2023","329,02","331,00","331,14","327,77","4,00K","-1,24%"
"17.08.2023","333,15","335,19","335,83","333,15","1,68K","-1,25%"
"16.08.2023","337,35","337,48","338,00","336,60","1,33K","-0,45%"
"14.08.2023","338,87","336,00","339,67","335,77","3,25K","1,36%"
"11.08.2023","334,33","337,17","337,55","334,33","2,59K","-1,11%"
"10.08.2023","338,09","337,69","340,47","337,00","1,90K","0,54%"
"09.08.2023","336,29","342,12","342,12","336,00","1,62K","-0,86%"
"08.08.2023","339,20","341,14","342,31","338,50","5,73K","-0,05%"
"07.08.2023","339,37","341,89","342,53","339,37","4,34K","-0,93%"
"04.08.2023","342,57","344,64","345,56","340,38","11,86K","-0,14%"
"03.08.2023","343,04","342,78","343,89","341,68","5,77K","-0,47%"
"02.08.2023","344,67","346,83","347,96","344,63","3,05K","-1,64%"
"01.08.2023","350,43","350,60","350,76","348,91","3,83K","0,23%"
"31.07.2023","349,62","348,99","350,04","347,78","8,00K","0,06%"
"28.07.2023","349,41","346,44","349,06","346,44","6,41K","0,01%"
"27.07.2023","349,39","344,08","351,25","343,91","17,79K","2,43%"
"26.07.2023","341,10","344,05","344,05","340,80","4,27K","-0,83%"
"25.07.2023","343,95","341,99","344,93","341,72","1,02K","0,82%"
"24.07.2023","341,14","339,08","342,01","338,94","3,61K","-0,03%"
"21.07.2023","341,24","340,41","342,59","339,76","13,30K","-0,50%"
"20.07.2023","342,95","343,08","344,93","342,50","2,78K","-1,43%"
"19.07.2023","347,93","345,41","348,00","344,90","3,87K","1,98%"
"18.07.2023","341,18","340,85","341,70","340,02","4,20K","0,23%"
"17.07.2023","340,40","338,99","341,30","338,40","3,37K","-0,21%"
"14.07.2023","341,11","339,69","342,16","338,85","3,96K","0,94%"
"13.07.2023","337,93","337,31","338,45","337,16","8,02K","0,41%"
"12.07.2023","336,54","335,96","338,35","335,63","4,79K","0,65%"
"11.07.2023","334,38","334,71","336,02","333,50","1,67K","0,01%"
"10.07.2023","334,33","334,06","336,32","333,78","4,52K","-0,92%"
"07.07.2023","337,45","338,14","339,45","337,00","3,48K","0,12%"
"06.07.2023","337,03","340,66","341,50","336,51","5,30K","-1,48%"
"05.07.2023","342,10","340,04","343,32","339,47","1,00K","0,30%"
"04.07.2023","341,06","340,77","341,40","340,48","1,93K","0,38%"
"03.07.2023","339,77","341,42","342,28","339,77","4,56K","0,07%"
"30.06.2023","339,53","337,08","340,54","336,96","3,33K","1,01%"
"29.06.2023","336,12","335,76","337,00","334,54","3,57K","0,16%"
"28.06.2023","335,59","332,83","337,06","331,73","16,34K","1,46%"
"27.06.2023","330,77","329,87","329,94","328,91","1,49K","-0,62%"
"26.06.2023","332,82","333,55","335,61","332,63","1,58K","-0,26%"
"23.06.2023","333,69","335,38","337,00","333,00","13,10K","-0,04%"
"22.06.2023","333,84","330,01","334,02","329,01","3,67K","0,55%"
"21.06.2023","332,02","336,97","337,61","331,44","7,14K","-1,25%"
"20.06.2023","336,23","336,59","338,77","335,20","5,95K","-0,18%"
"19.06.2023","336,85","337,67","338,20","336,84","2,21K","-0,68%"
"16.06.2023","339,17","338,75","340,91","338,50","17,30K","0,33%"
"15.06.2023","338,05","338,86","339,01","334,92","22,41K","-0,14%"
"14.06.2023","338,54","337,93","339,05","335,65","7,52K","0,23%"
"13.06.2023","337,77","337,01","338,50","335,44","4,98K","1,33%"
"12.06.2023","333,34","332,60","333,34","331,47","2,08K","0,75%"
"09.06.2023","330,86","329,02","333,29","328,39","3,36K","0,69%"
"08.06.2023","328,59","325,82","328,80","325,76","5,14K","-0,64%"
"07.06.2023","330,72","333,12","334,33","329,87","6,69K","-0,65%"
"06.06.2023","332,88","332,35","334,00","331,80","4,61K","-0,59%"
"05.06.2023","334,84","332,15","334,84","332,00","3,78K","0,67%"
"02.06.2023","332,61","329,13","332,61","328,75","3,38K","1,64%"
"01.06.2023","327,25","326,60","327,64","324,95","6,51K","0,34%"
"31.05.2023","326,15","327,75","329,14","326,15","5,55K","-0,76%"
"30.05.2023","328,64","328,85","331,16","327,85","6,60K","0,29%"
"29.05.2023","327,70","327,85","328,22","327,34","3,36K","0,88%"
"26.05.2023","324,85","318,05","325,36","317,25","9,61K","2,31%"
"25.05.2023","317,51","315,23","318,07","314,78","15,41K","2,89%"
"24.05.2023","308,58","310,35","310,73","307,71","5,60K","-1,64%"
"23.05.2023","313,74","313,88","314,70","312,88","5,19K","-0,02%"
"22.05.2023","313,80","312,78","314,39","311,65","5,05K","0,60%"
"19.05.2023","311,93","314,05","314,75","311,93","5,10K","-0,27%"
"18.05.2023","312,77","307,11","312,75","307,11","6,22K","2,58%"
"17.05.2023","304,89","302,98","305,09","302,87","6,65K","0,41%"
"16.05.2023","303,66","301,40","303,33","300,70","2,09K","0,88%"
"15.05.2023","301,01","301,07","301,48","299,56","2,34K","0,35%"
"12.05.2023","299,97","300,36","301,37","299,89","1,92K","-0,01%"
"11.05.2023","300,00","299,64","300,00","298,10","2,95K","1,10%"
"10.05.2023","296,74","294,76","297,60","293,70","4,46K","0,59%"
"09.05.2023","295,00","295,19","295,69","294,67","1,20K","0,46%"
"08.05.2023","293,66","293,47","294,13","292,68","0,92K","0,23%"
"05.05.2023","293,00","289,00","293,14","288,70","1,34K","1,21%"
"04.05.2023","289,50","288,70","289,78","287,26","5,16K","-0,14%"
"03.05.2023","289,90","291,33","291,80","289,90","0,62K","-0,25%"
"02.05.2023","290,62","294,67","295,69","290,62","8,33K","-0,20%"
"28.04.2023","291,21","291,40","293,64","290,74","2,91K","0,51%"
"27.04.2023","289,72","285,83","289,84","285,52","24,54K","1,48%"
"26.04.2023","285,49","286,33","286,33","283,25","3,60K","-0,27%"
"25.04.2023","286,26","286,32","286,89","285,83","2,32K","-0,11%"
"24.04.2023","286,57","288,66","289,50","286,60","4,49K","-0,91%"
"21.04.2023","289,20","290,06","290,19","288,25","7,84K","-0,48%"
"20.04.2023","290,60","290,66","290,94","288,60","9,91K","-0,24%"
"19.04.2023","291,31","290,89","291,46","289,93","6,85K","-0,23%"
"18.04.2023","291,99","292,35","294,45","291,36","3,54K","0,20%"
"17.04.2023","291,42","291,67","293,00","291,07","12,13K","0,56%"
"14.04.2023","289,80","289,29","291,80","288,35","7,05K","0,58%"
"13.04.2023","288,14","287,25","288,35","285,70","4,23K","0,17%"
"12.04.2023","287,64","289,80","292,48","287,46","2,46K","-1,05%"
"11.04.2023","290,70","293,48","293,63","290,31","1,45K","0,13%"
"06.04.2023","290,31","290,32","290,60","288,66","4,16K","-0,10%"
"05.04.2023","290,59","292,88","292,96","289,51","2,74K","-0,79%"
"04.04.2023","292,91","294,63","296,45","292,81","2,82K","-0,22%"
"03.04.2023","293,55","296,30","296,50","293,52","5,48K","-0,27%"
"31.03.2023","294,35","291,09","294,50","291,04","6,44K","1,27%"
"30.03.2023","290,65","290,32","290,81","289,49","8,65K","0,72%"
"29.03.2023","288,57","287,25","288,97","286,44","5,98K","1,62%"
"28.03.2023","283,97","287,55","287,55","283,19","4,65K","-1,44%"
"27.03.2023","288,13","291,11","291,34","288,13","19,84K","0,05%"
"24.02.2023","277,16","280,33","280,33","276,30","2,64K","-0,51%"
"23.02.2023","278,59","281,16","282,14","278,42","4,40K","0,31%"
"22.02.2023","277,74","277,90","278,70","276,24","10,25K","-0,14%"
"21.02.2023","278,12","281,54","281,57","278,30","3,81K","-1,66%"
"20.02.2023","282,82","282,57","283,75","282,22","2,21K","0,54%"
"17.02.2023","281,30","284,20","284,45","281,30","2,03K","-2,64%"
"16.02.2023","288,94","290,70","290,90","286,00","3,28K","0,07%"
"15.02.2023","288,75","285,40","288,81","285,40","3,61K","1,80%"
"14.02.2023","283,64","285,00","286,78","282,20","5,31K","-0,41%"
"13.02.2023","284,82","281,40","285,04","281,27","4,60K","1,14%"
"10.02.2023","281,62","281,55","282,28","275,00","9,79K","-1,30%"
"09.02.2023","285,33","286,93","288,03","285,28","3,76K","0,12%"
"08.02.2023","284,99","289,55","290,00","285,00","1,57K","-0,55%"
"07.02.2023","286,56","284,79","286,56","284,21","5,42K","0,30%"
"06.02.2023","285,71","283,93","285,71","282,27","3,62K","-1,24%"
"03.02.2023","289,30","281,52","289,30","281,51","18,62K","1,08%"
"02.02.2023","286,20","277,45","286,20","277,44","17,37K","5,78%"
"01.02.2023","270,55","271,36","271,82","269,54","6,24K","-0,11%"
"31.01.2023","270,85","269,10","271,00","267,25","4,53K","0,26%"
"30.01.2023","270,16","271,59","271,59","268,47","9,07K","-1,05%"
"27.01.2023","273,03","269,46","273,03","268,73","7,14K","1,99%"
"26.01.2023","267,70","266,23","269,20","266,20","1,86K","2,39%"
"25.01.2023","261,46","264,93","265,01","259,10","20,17K","-2,05%"
"24.01.2023","266,93","266,57","267,22","265,26","5,49K","0,09%"
"23.01.2023","266,69","260,55","267,53","260,01","12,18K","3,04%"
"20.01.2023","258,82","255,77","258,82","255,36","9,25K","1,34%"
"19.01.2023","255,41","257,87","258,19","255,60","2,03K","-1,69%"
"18.01.2023","259,81","261,48","263,45","260,00","3,09K","-0,53%"
"17.01.2023","261,20","259,35","262,72","258,90","5,23K","0,43%"
"16.01.2023","260,08","260,18","261,04","258,63","1,15K","0,76%"
"13.01.2023","258,12","258,12","258,50","256,20","5,76K","0,83%"
"12.01.2023","256,00","259,10","260,00","255,52","17,04K","-0,37%"
"11.01.2023","256,96","254,76","256,86","254,60","3,66K","1,41%"
"10.01.2023","253,38","252,68","255,00","251,50","7,29K","-1,29%"
"09.01.2023","256,70","252,85","257,26","252,70","14,13K","2,49%"
"06.01.2023","250,47","249,89","252,24","248,98","7,43K","0,09%"
"05.01.2023","250,24","250,65","252,64","249,38","3,58K","-0,54%"
"04.01.2023","251,60","251,81","252,55","249,38","10,33K","0,42%"
"03.01.2023","250,56","253,55","257,15","250,56","14,45K","-2,16%"
"02.01.2023","256,08","252,94","255,64","252,76","10,77K","3,13%"
"30.12.2022","248,30","249,90","250,20","247,33","2,53K","-1,11%"
"29.12.2022","251,09","246,86","251,09","246,49","4,21K","1,54%"
"28.12.2022","247,27","249,69","250,03","246,81","2,86K","-1,03%"
"27.12.2022","249,84","254,31","254,55","248,62","2,64K","-0,70%"
"23.12.2022","251,60","252,45","254,18","249,89","2,70K","-0,08%"
"22.12.2022","251,80","258,80","259,30","251,72","1,68K","-2,83%"
"21.12.2022","259,13","255,87","259,60","255,60","2,41K","2,08%"
"20.12.2022","253,85","253,33","256,00","252,00","7,48K","-0,77%"
"19.12.2022","255,81","259,05","260,35","255,81","3,35K","-1,06%"
"16.12.2022","258,55","260,35","261,20","257,85","8,41K","-1,15%"
"15.12.2022","261,56","267,65","267,95","260,99","12,45K","-4,51%"
"14.12.2022","273,90","272,85","274,24","271,24","9,74K","-0,54%"
"13.12.2022","275,38","272,10","281,89","271,91","29,33K","2,30%"
"12.12.2022","269,19","268,89","269,64","267,75","1,10K","-0,70%"
"09.12.2022","271,08","270,75","271,80","268,30","1,18K","0,53%"
"08.12.2022","269,65","267,96","270,44","266,92","1,50K","0,83%"
"07.12.2022","267,42","270,65","270,69","265,74","4,61K","-1,14%"
"06.12.2022","270,50","275,09","275,92","269,72","11,35K","-1,97%"
"05.12.2022","275,93","277,33","278,20","275,51","6,42K","-0,96%"
"02.12.2022","278,60","279,48","280,39","275,50","4,39K","-0,51%"
"01.12.2022","280,02","282,95","283,10","278,86","13,00K","2,30%"
"30.11.2022","273,72","272,41","273,59","271,50","2,47K","0,80%"
"29.11.2022","271,55","275,05","275,75","271,30","9,91K","-1,22%"
"28.11.2022","274,90","275,31","275,71","271,90","2,34K","-0,75%"
"25.11.2022","276,97","279,26","279,26","276,97","1,69K","-1,02%"
"24.11.2022","279,83","278,95","280,30","278,70","11,24K","0,04%"
"23.11.2022","279,71","277,81","280,05","277,76","15,95K","1,08%"
"22.11.2022","276,73","275,29","276,95","274,30","6,58K","0,18%"
"21.11.2022","276,24","277,35","278,35","276,10","3,04K","0,17%"
"18.11.2022","275,76","275,40","278,79","274,93","3,71K","0,20%"
"17.11.2022","275,20","277,40","277,54","272,80","3,57K","-0,32%"
"16.11.2022","276,08","280,56","280,56","275,10","3,11K","-2,00%"
"15.11.2022","281,70","277,84","282,65","277,46","7,83K","1,31%"
"14.11.2022","278,07","278,55","279,95","277,15","2,12K","0,91%"
"11.11.2022","275,55","279,50","279,80","275,00","7,33K","0,19%"
"10.11.2022","275,04","265,00","274,99","265,00","8,67K","3,12%"
"09.11.2022","266,72","269,65","269,90","266,00","16,18K","-1,71%"
"08.11.2022","271,35","267,55","271,35","267,48","3,65K","1,71%"
"07.11.2022","266,80","266,00","268,10","265,13","9,15K","0,55%"
"04.11.2022","265,34","268,55","270,70","263,64","14,98K","-1,81%"
"03.11.2022","270,22","272,80","273,32","268,00","13,23K","-2,40%"
"02.11.2022","276,87","280,05","280,38","276,89","3,36K","-1,21%"
"01.11.2022","280,26","283,44","284,70","279,85","3,79K","-0,78%"
"31.10.2022","282,47","283,09","283,78","280,50","8,61K","0,62%"
"28.10.2022","280,74","271,50","281,66","271,10","6,66K","1,45%"
"27.10.2022","276,72","277,61","279,16","274,50","9,66K","-2,12%"
"26.10.2022","282,70","280,82","282,84","278,60","5,29K","-0,91%"
"25.10.2022","285,30","283,92","285,30","282,70","2,64K","1,89%"
"24.10.2022","280,00","280,80","283,45","277,30","4,22K","1,28%"
"21.10.2022","276,45","275,32","278,20","273,70","5,66K","-1,03%"
"20.10.2022","279,34","275,85","280,65","274,78","11,15K","0,37%"
"19.10.2022","278,30","278,50","280,15","277,00","10,37K","0,89%"
"18.10.2022","275,84","278,90","281,85","275,45","29,78K","0,29%"
"17.10.2022","275,05","271,85","276,59","270,80","24,87K","0,81%"
"14.10.2022","272,83","277,20","280,10","271,41","10,88K","0,27%"
"13.10.2022","272,10","271,70","273,65","264,62","7,67K","-0,09%"
"12.10.2022","272,35","273,40","274,60","271,46","4,52K","-0,48%"
"11.10.2022","273,65","273,00","274,75","270,81","1,45K","-0,71%"
"10.10.2022","275,62","276,70","279,00","274,35","10,20K","-1,15%"
"07.10.2022","278,83","285,95","286,45","278,88","6,05K","-2,93%"
"06.10.2022","287,25","285,90","289,65","283,85","11,64K","1,77%"
"05.10.2022","282,26","282,20","283,70","280,92","11,47K","-0,70%"
"04.10.2022","284,26","281,85","285,40","281,66","8,04K","2,53%"
"03.10.2022","277,25","273,34","278,54","271,65","9,83K","-1,44%"
"30.09.2022","281,31","280,35","281,91","278,10","11,88K","0,70%"
"29.09.2022","279,35","287,01","287,94","278,85","10,53K","-3,15%"
"28.09.2022","288,45","286,25","289,25","283,95","6,69K","0,04%"
"27.09.2022","288,34","288,77","291,85","288,49","3,70K","0,12%"
"26.09.2022","288,00","285,05","290,30","284,11","10,54K","1,18%"
"23.09.2022","284,64","286,14","286,28","283,60","3,82K","-0,43%"
"22.09.2022","285,86","287,35","289,85","285,65","12,97K","-2,94%"
"21.09.2022","294,53","292,10","294,67","292,05","2,49K","1,04%"
"20.09.2022","291,50","292,45","292,88","289,80","5,76K","0,87%"
"19.09.2022","289,00","288,75","290,63","287,45","9,46K","0,80%"
"16.09.2022","286,71","289,35","290,04","286,31","13,63K","-2,09%"
"15.09.2022","292,84","298,34","298,39","291,63","4,97K","-1,39%"
"14.09.2022","296,96","296,95","297,90","294,50","6,01K","-0,52%"
"13.09.2022","298,52","308,55","309,49","298,21","13,80K","-2,92%"
"12.09.2022","307,51","304,60","308,27","303,99","1,89K","0,38%"
"09.09.2022","306,36","301,40","306,50","300,85","2,87K","0,85%"
"08.09.2022","303,78","301,35","303,93","298,04","2,57K","1,78%"
"07.09.2022","298,46","296,64","299,18","296,36","3,19K","-0,23%"
"06.09.2022","299,16","299,75","301,25","296,00","3,34K","-0,06%"
"05.09.2022","299,35","299,95","299,95","297,65","4,94K","-1,20%"
"02.09.2022","302,99","301,37","304,55","299,90","11,29K","1,92%"
"01.09.2022","297,29","297,34","299,44","295,61","9,38K","-0,94%"
"31.08.2022","300,10","303,80","305,74","299,41","7,42K","-0,38%"
"30.08.2022","301,23","307,15","308,85","300,70","8,88K","-1,32%"
"29.08.2022","305,27","308,00","308,34","305,00","11,40K","-2,64%"
"26.08.2022","313,55","322,35","322,54","313,00","2,97K","-1,87%"
"25.08.2022","319,53","319,30","321,00","318,30","22,56K","0,32%"
"24.08.2022","318,52","316,25","318,90","315,45","1,51K","0,78%"
"23.08.2022","316,07","317,51","319,10","315,45","7,04K","-0,87%"
"22.08.2022","318,83","321,65","321,80","317,85","1,31K","-1,14%"
"19.08.2022","322,50","326,04","326,04","322,50","2,25K","-1,31%"
"18.08.2022","326,77","323,06","326,83","322,63","12,33K","0,97%"
"17.08.2022","323,64","327,80","327,89","322,90","3,03K","-1,13%"
"16.08.2022","327,33","328,57","330,00","325,10","6,25K","1,98%"
"12.08.2022","320,96","316,38","321,26","316,07","7,16K","1,09%"
"11.08.2022","317,50","318,90","320,25","316,80","2,07K","0,71%"
"10.08.2022","315,25","310,99","316,85","310,95","3,71K","1,22%"
"09.08.2022","311,45","316,44","316,49","309,62","6,33K","-1,89%"
"08.08.2022","317,45","319,01","321,21","317,45","1,81K","0,76%"
"05.08.2022","315,04","318,50","319,20","315,35","11,33K","-0,37%"
"04.08.2022","316,20","318,05","320,00","315,75","4,01K","-0,33%"
"03.08.2022","317,25","310,00","317,85","309,56","5,21K","2,16%"
"02.08.2022","310,55","307,75","310,90","306,06","4,72K","0,15%"
"01.08.2022","310,10","308,55","311,54","306,86","5,41K","1,24%"
"29.07.2022","306,30","307,95","310,50","306,30","2,68K","0,63%"
"28.07.2022","304,38","300,33","304,25","298,90","11,03K","1,67%"
"27.07.2022","299,37","295,55","300,00","293,67","1,74K","2,18%"
"26.07.2022","292,99","294,26","296,50","292,95","1,38K","-1,01%"
"25.07.2022","295,99","297,65","298,25","293,49","1,39K","-0,78%"
"22.07.2022","298,31","300,25","302,69","298,62","10,68K","-0,58%"
"21.07.2022","300,05","297,85","300,05","295,42","6,27K","0,53%"
"20.07.2022","298,48","293,00","298,50","292,65","2,38K","2,87%"
"19.07.2022","290,15","287,05","290,25","284,00","12,68K","-0,55%"
"18.07.2022","291,75","292,32","293,70","290,38","2,43K","0,81%"
"15.07.2022","289,42","286,86","290,50","286,00","8,46K","1,84%"
"14.07.2022","284,19","285,50","285,70","282,00","6,21K","0,00%"
"13.07.2022","284,20","287,55","287,75","280,39","6,47K","-1,63%"
"12.07.2022","288,90","287,50","291,79","286,70","10,10K","0,07%"
"11.07.2022","288,70","289,84","292,67","287,59","7,48K","-1,29%"
"08.07.2022","292,47","290,30","293,00","288,46","3,96K","1,14%"
"07.07.2022","289,18","285,20","289,50","284,40","1,55K","2,21%"
"06.07.2022","282,92","281,35","284,75","280,00","1,57K","3,33%"
"05.07.2022","273,79","273,01","275,45","270,85","2,59K","1,29%"
"04.07.2022","270,31","270,20","270,50","269,25","1,82K","0,37%"
"01.07.2022","269,31","266,20","271,60","266,20","4,95K","-0,05%"
"30.06.2022","269,45","269,20","271,39","265,85","5,20K","-0,92%"
"29.06.2022","271,95","270,25","273,24","269,40","2,92K","-1,09%"
"28.06.2022","274,95","279,05","281,71","275,00","2,45K","-1,20%"
"27.06.2022","278,30","280,45","282,46","277,15","2,29K","0,13%"
"24.06.2022","277,95","273,40","279,02","273,40","7,78K","2,56%"
"23.06.2022","271,00","266,21","271,80","265,75","7,36K","0,86%"
"22.06.2022","268,70","264,76","270,39","263,13","10,83K","-0,15%"
"21.06.2022","269,10","265,20","269,55","264,85","3,80K","2,00%"
"20.06.2022","263,83","263,35","264,00","262,60","7,02K","0,43%"
"17.06.2022","262,70","260,45","263,75","259,95","10,16K","1,06%"
"16.06.2022","259,95","268,91","269,13","258,64","29,07K","-3,73%"
"15.06.2022","270,01","265,65","270,85","265,41","3,23K","1,45%"
"14.06.2022","266,16","269,10","269,44","264,55","14,02K","-0,61%"
"13.06.2022","267,80","270,70","270,99","265,96","9,78K","-2,83%"
"10.06.2022","275,59","283,85","285,24","275,65","3,62K","-4,57%"
"09.06.2022","288,80","288,04","290,69","285,79","3,30K","-0,74%"
"08.06.2022","290,96","289,85","291,20","288,64","1,21K","0,89%"
"07.06.2022","288,40","286,55","289,86","285,55","1,90K","-0,32%"
"06.06.2022","289,34","288,99","292,98","288,70","1,01K","1,05%"
"03.06.2022","286,34","292,85","293,10","285,90","2,40K","-1,02%"
"02.06.2022","289,29","288,60","289,55","285,60","2,72K","0,24%"
"01.06.2022","288,60","289,10","292,80","287,54","3,23K","0,65%"
"31.05.2022","286,75","289,20","290,50","285,90","2,59K","-1,38%"
"30.05.2022","290,75","292,61","293,00","289,86","3,60K","1,10%"
"27.05.2022","287,58","279,63","287,58","279,06","4,57K","3,35%"
"26.05.2022","278,26","272,65","279,25","272,35","4,63K","2,40%"
"25.05.2022","271,75","271,60","273,00","268,50","3,72K","2,18%"
"24.05.2022","265,94","269,60","271,21","264,59","3,13K","-3,25%"
"23.05.2022","274,87","276,91","277,08","271,19","8,33K","0,53%"
"20.05.2022","273,43","277,34","279,85","272,00","26,79K","-0,96%"
"19.05.2022","276,09","277,76","277,95","273,27","8,10K","-2,49%"
"18.05.2022","283,14","291,05","291,10","283,45","3,10K","-2,03%"
"17.05.2022","289,00","289,14","292,90","286,88","2,08K","0,42%"
"16.05.2022","287,78","289,15","291,04","287,14","9,71K","-0,78%"
"13.05.2022","290,05","284,55","290,50","284,51","3,75K","3,02%"
"12.05.2022","281,56","277,50","284,04","275,10","5,65K","-1,48%"
"11.05.2022","285,78","288,04","291,14","281,81","10,40K","0,91%"
"10.05.2022","283,20","287,05","290,74","283,10","5,04K","-0,72%"
"09.05.2022","285,24","293,80","293,80","284,89","11,59K","-3,64%"
"06.05.2022","296,02","299,10","299,15","289,80","10,55K","-1,49%"
"05.05.2022","300,49","310,90","311,45","300,00","16,45K","0,44%"
"04.05.2022","299,17","305,30","305,55","299,00","3,55K","-1,77%"
"03.05.2022","304,57","304,35","304,90","301,21","2,31K","1,85%"
"02.05.2022","299,05","300,65","302,09","297,00","2,87K","-2,48%"
"29.04.2022","306,64","309,75","311,55","306,21","1,56K","0,08%"
"28.04.2022","306,41","307,60","310,05","304,05","1,96K","0,73%"
"27.04.2022","304,20","301,55","305,59","299,80","2,13K","0,91%"
"26.04.2022","301,45","308,45","309,79","301,00","13,06K","-0,86%"
"25.04.2022","304,05","301,51","306,15","300,96","1,74K","-1,55%"
"22.04.2022","308,85","311,02","311,31","307,99","3,40K","-2,57%"
"21.04.2022","317,00","316,30","320,65","316,00","2,03K","0,19%"
"20.04.2022","316,40","318,75","323,00","316,21","2,01K","-1,39%"
"19.04.2022","320,87","317,15","320,89","313,46","2,84K","0,68%"
"14.04.2022","318,70","319,55","321,00","317,62","1,93K","0,03%"
"13.04.2022","318,60","317,10","319,25","314,50","3,13K","-0,38%"
"12.04.2022","319,80","314,85","320,70","313,65","13,76K","1,10%"
"11.04.2022","316,31","320,35","320,70","315,20","6,22K","-2,31%"
"08.04.2022","323,80","328,55","329,26","323,11","4,15K","0,11%"
"07.04.2022","323,43","325,58","327,84","323,21","3,23K","-0,41%"
"06.04.2022","324,75","333,00","333,23","324,00","6,33K","-2,87%"
"05.04.2022","334,36","337,70","338,67","333,66","4,15K","-0,31%"
"04.04.2022","335,39","329,86","335,86","328,66","3,03K","2,06%"
"01.04.2022","328,61","330,20","331,17","327,67","4,44K","-0,87%"
"31.03.2022","331,50","331,69","333,64","330,89","4,23K","-0,10%"
"30.03.2022","331,84","334,10","334,34","331,15","5,89K","-0,38%"
"29.03.2022","333,10","333,70","334,75","331,69","6,67K","0,85%"
"28.03.2022","330,29","328,67","332,47","327,40","6,58K","1,27%"
"25.03.2022","326,16","327,85","329,61","324,06","7,27K","0,51%"
"24.03.2022","324,50","323,79","325,97","322,06","3,25K","-0,02%"
"23.03.2022","324,55","325,25","326,00","322,93","6,29K","0,03%"
"22.03.2022","324,45","320,63","325,69","318,80","4,47K","2,22%"
"21.03.2022","317,40","317,70","320,71","315,75","1,94K","0,49%"
"18.03.2022","315,85","310,00","316,31","309,74","5,49K","2,66%"
"17.03.2022","307,66","309,40","309,45","305,75","4,90K","0,38%"
"16.03.2022","306,50","304,55","307,81","303,60","4,04K","2,59%"
"15.03.2022","298,75","289,38","299,19","288,55","3,43K","1,98%"
"14.03.2022","292,95","298,95","299,26","292,95","6,10K","-2,68%"
"11.03.2022","301,01","302,99","307,36","301,01","1,90K","0,84%"
"10.03.2022","298,49","303,35","303,35","298,42","4,89K","-0,97%"
"09.03.2022","301,40","299,86","302,94","299,25","5,95K","1,87%"
"08.03.2022","295,87","297,90","301,05","295,65","8,78K","-3,57%"
"07.03.2022","306,82","305,95","311,00","304,84","4,28K","-0,63%"
"04.03.2022","308,76","310,90","313,60","308,11","11,09K","-1,22%"
"03.03.2022","312,57","314,00","317,75","311,21","2,88K","0,04%"
"02.03.2022","312,44","308,80","313,33","308,16","6,50K","0,75%"
"01.03.2022","310,11","311,50","313,20","308,56","3,45K","-0,18%"
"28.02.2022","310,68","306,80","311,00","305,45","5,98K","0,90%"
"25.02.2022","307,90","301,80","308,25","301,55","7,50K","3,80%"
"24.02.2022","296,64","286,17","297,49","285,16","10,88K","-0,17%"
"23.02.2022","297,16","301,41","303,74","297,10","1,94K","-0,97%"
"22.02.2022","300,06","295,75","304,57","295,51","4,03K","0,70%"
"21.02.2022","297,96","303,30","303,54","297,75","2,45K","-1,72%"
"18.02.2022","303,18","306,90","307,90","301,90","1,82K","-2,17%"
"17.02.2022","309,89","313,26","313,26","309,50","4,61K","-0,42%"
"16.02.2022","311,20","313,48","315,19","310,60","11,88K","-0,59%"
"15.02.2022","313,04","309,45","314,70","309,30","4,49K","0,91%"
"14.02.2022","310,21","307,40","310,70","304,00","6,66K","-0,90%"
"11.02.2022","313,04","314,50","317,30","313,26","2,08K","-1,27%"
"10.02.2022","317,08","322,04","322,04","316,75","5,68K","-0,97%"
"09.02.2022","320,20","317,00","320,36","317,00","3,16K","1,77%"
"08.02.2022","314,64","312,86","314,89","310,65","1,90K","0,44%"
"07.02.2022","313,25","315,05","316,86","313,25","3,32K","0,76%"
"04.02.2022","310,90","315,61","315,90","308,56","6,12K","-1,34%"
"03.02.2022","315,13","321,77","322,20","314,86","7,41K","-2,92%"
"02.02.2022","324,61","329,30","330,85","324,27","5,43K","-0,06%"
"01.02.2022","324,79","324,01","325,45","320,55","9,34K","0,99%"
"31.01.2022","321,61","316,75","322,15","315,99","10,06K","3,24%"
"28.01.2022","311,53","311,00","312,60","304,40","8,88K","-0,44%"
"27.01.2022","312,91","306,15","316,24","305,70","6,79K","-0,11%"
"26.01.2022","313,27","309,18","314,71","309,12","8,74K","2,48%"
"25.01.2022","305,69","308,60","311,86","305,00","13,10K","0,90%"
"24.01.2022","302,96","314,35","315,04","302,51","15,63K","-5,33%"
"21.01.2022","320,00","319,20","321,30","314,15","14,07K","-3,14%"
"20.01.2022","330,36","326,00","330,77","324,35","6,58K","1,14%"
"19.01.2022","326,64","325,64","331,45","325,60","3,99K","-1,06%"
"18.01.2022","330,15","331,50","332,50","327,97","4,35K","-1,28%"
"17.01.2022","334,43","333,22","335,62","333,10","1,82K","0,66%"
"14.01.2022","332,23","330,59","333,74","327,55","12,19K","-1,57%"
"13.01.2022","337,52","338,55","340,42","336,07","1,47K","-0,73%"
"12.01.2022","340,01","341,92","343,05","338,85","6,51K","0,18%"
"11.01.2022","339,41","337,45","339,87","334,85","11,63K","2,68%"
"10.01.2022","330,56","338,05","338,15","327,80","7,24K","-1,89%"
"07.01.2022","336,93","340,54","342,59","334,85","5,88K","-1,61%"
"06.01.2022","342,44","341,78","343,50","338,00","4,31K","-1,84%"
"05.01.2022","348,85","351,36","351,64","348,00","3,51K","-0,60%"
"04.01.2022","350,94","358,14","359,00","350,00","6,99K","-1,34%"
"03.01.2022","355,70","353,85","356,00","352,85","5,06K","-0,51%"
"30.12.2021","357,51","357,75","358,00","355,68","1,83K","0,88%"
"29.12.2021","354,40","358,89","359,19","353,50","4,07K","-0,78%"
"28.12.2021","357,20","357,93","359,64","357,33","2,36K","0,15%"
"27.12.2021","356,67","352,45","357,24","352,45","2,49K","1,09%"
"23.12.2021","352,83","349,50","352,83","349,15","2,80K","1,28%"
"22.12.2021","348,37","346,40","348,37","344,65","5,53K","1,95%"
"21.12.2021","341,70","341,67","342,95","339,03","2,50K","1,69%"
"20.12.2021","336,01","339,05","339,05","335,99","5,09K","-2,21%"
"17.12.2021","343,62","342,64","345,45","338,09","4,15K","-0,83%"
"16.12.2021","346,50","354,60","356,35","346,50","4,56K","0,98%"
"15.12.2021","343,15","346,69","346,69","343,15","2,05K","-0,03%"
"14.12.2021","343,25","350,35","350,35","342,67","3,45K","-2,29%"
"13.12.2021","351,29","354,65","356,35","350,03","3,02K","0,17%"
"10.12.2021","350,71","350,65","354,05","349,50","2,80K","-0,95%"
"09.12.2021","354,06","354,27","355,00","352,70","2,84K","0,44%"
"08.12.2021","352,52","355,08","355,87","351,25","3,91K","-0,54%"
"07.12.2021","354,44","346,95","354,76","346,84","2,48K","3,80%"
"06.12.2021","341,46","342,35","342,91","337,61","6,44K","0,31%"
"03.12.2021","340,40","346,30","348,35","338,92","15,43K","-1,44%"
"02.12.2021","345,36","345,16","345,89","340,75","15,05K","-2,58%"
"01.12.2021","354,51","352,80","354,82","351,20","4,78K","1,22%"
"30.11.2021","350,25","352,55","354,15","350,25","4,70K","-1,17%"
"29.11.2021","354,40","352,15","354,53","350,63","3,18K","1,91%"
"26.11.2021","347,77","352,84","353,20","346,86","7,54K","-2,83%"
"25.11.2021","357,89","358,29","358,42","357,27","0,93K","0,36%"
"24.11.2021","356,62","355,23","356,30","352,00","3,67K","1,18%"
"23.11.2021","352,46","355,55","357,28","351,05","5,21K","-2,35%"
"22.11.2021","360,96","360,95","364,74","360,67","5,59K","0,51%"
"19.11.2021","359,14","357,14","360,00","357,14","5,21K","1,52%"
"18.11.2021","353,76","353,76","354,54","351,90","2,71K","-0,12%"
"17.11.2021","354,17","353,05","354,26","352,00","2,41K","0,70%"
"16.11.2021","351,71","348,50","351,83","348,02","2,24K","1,47%"
"15.11.2021","346,60","346,84","348,10","346,25","3,80K","-0,12%"
"12.11.2021","347,00","343,45","347,00","342,55","3,73K","1,09%"
"11.11.2021","343,26","342,05","344,00","341,57","1,48K","0,07%"
"10.11.2021","343,01","343,34","345,31","339,55","1,84K","-0,09%"
"09.11.2021","343,31","344,30","346,30","342,00","4,08K","-0,62%"
"08.11.2021","345,45","345,35","346,27","344,61","3,61K","-0,68%"
"05.11.2021","347,83","345,78","349,15","345,78","4,36K","0,59%"
"04.11.2021","345,78","342,58","346,13","342,41","3,97K","2,35%"
"03.11.2021","337,84","337,60","338,10","337,16","1,56K","0,31%"
"02.11.2021","336,81","334,81","337,55","334,73","3,09K","0,53%"
"01.11.2021","335,05","336,15","336,78","334,10","2,15K","0,50%"
"29.10.2021","333,37","328,04","333,50","327,28","3,11K","1,05%"
"28.10.2021","329,90","329,47","331,41","328,50","1,25K","-0,09%"
"27.10.2021","330,21","328,65","330,60","327,39","1,97K","0,14%"
"26.10.2021","329,74","328,90","331,40","328,23","3,98K","1,47%"
"25.10.2021","324,97","323,30","325,23","322,82","2,05K","0,77%"
"22.10.2021","322,48","324,20","325,67","322,48","1,07K","-0,48%"
"21.10.2021","324,02","322,02","324,71","322,02","3,08K","0,06%"
"20.10.2021","323,81","323,50","324,69","323,40","2,49K","0,14%"
"19.10.2021","323,37","321,81","323,96","321,60","3,04K","0,79%"
"18.10.2021","320,84","318,70","320,90","317,90","4,43K","0,63%"
"15.10.2021","318,82","317,70","319,01","317,15","2,70K","0,62%"
"14.10.2021","316,84","313,63","317,66","313,59","2,14K","2,01%"
"13.10.2021","310,60","309,97","312,47","309,53","1,52K","-0,16%"
"12.10.2021","311,10","308,97","313,25","308,85","3,67K","-1,05%"
"11.10.2021","314,39","311,80","314,90","310,86","2,61K","0,06%"
"08.10.2021","314,20","315,80","316,66","313,70","1,31K","-0,88%"
"07.10.2021","316,99","314,95","317,86","314,90","2,13K","2,24%"
"06.10.2021","310,05","307,76","311,00","305,92","1,92K","0,10%"
"05.10.2021","309,75","306,45","310,44","305,80","6,98K","1,89%"
"04.10.2021","304,00","309,60","310,26","303,55","5,61K","-2,00%"
"01.10.2021","310,20","307,85","311,00","307,13","5,42K","-1,00%"
"30.09.2021","313,33","313,21","314,20","312,39","3,24K","0,50%"
"29.09.2021","311,76","311,55","313,49","311,25","3,78K","0,57%"
"28.09.2021","309,99","315,75","316,00","309,90","4,21K","-2,38%"
"27.09.2021","317,55","321,35","321,43","315,91","6,01K","-0,22%"
"24.09.2021","318,25","317,96","318,91","317,40","2,29K","-0,25%"
"23.09.2021","319,05","317,85","319,70","317,01","4,29K","1,05%"
"22.09.2021","315,75","314,95","315,85","313,79","5,04K","0,11%"
"21.09.2021","315,40","314,95","316,31","312,83","7,96K","0,55%"
"20.09.2021","313,69","317,87","318,01","312,82","6,04K","-1,83%"
"17.09.2021","319,55","322,68","322,85","319,55","12,86K","-0,17%"
"16.09.2021","320,10","321,05","321,90","319,96","11,67K","0,60%"
"15.09.2021","318,19","319,71","319,77","317,13","2,52K","-0,53%"
"14.09.2021","319,88","319,60","321,14","318,81","3,04K","0,29%"
"13.09.2021","318,96","321,83","323,00","318,49","8,39K","-0,88%"
"10.09.2021","321,80","322,75","324,20","321,80","3,00K","-0,48%"
"09.09.2021","323,36","322,31","324,73","322,03","1,59K","0,15%"
"08.09.2021","322,86","324,14","324,69","322,10","2,94K","-0,19%"
"07.09.2021","323,49","323,65","324,02","322,00","2,94K","-0,14%"
"06.09.2021","323,94","323,59","324,09","323,55","2,39K","0,43%"
"03.09.2021","322,55","321,84","325,23","320,21","2,59K","-0,13%"
"02.09.2021","322,98","323,00","323,89","322,30","6,53K","-0,28%"
"01.09.2021","323,89","324,20","324,39","323,06","5,73K","0,31%"
"31.08.2021","322,90","324,26","324,34","321,66","2,33K","-0,05%"
"30.08.2021","323,06","320,35","323,78","320,16","3,44K","1,07%"
"27.08.2021","319,65","318,65","320,10","318,16","1,05K","0,24%"
"26.08.2021","318,87","318,74","319,89","318,00","0,75K","-0,38%"
"25.08.2021","320,08","320,73","321,01","319,71","0,46K","0,11%"
"24.08.2021","319,74","320,42","320,95","319,35","1,66K","0,27%"
"23.08.2021","318,87","316,55","318,87","315,42","1,29K","1,09%"
"20.08.2021","315,42","312,65","316,29","311,51","2,98K","0,90%"
"19.08.2021","312,60","309,21","312,75","308,44","2,38K","-0,28%"
"18.08.2021","313,49","313,75","314,19","312,95","0,19K","0,04%"
"17.08.2021","313,36","313,65","314,50","312,46","1,22K","0,69%"
"16.08.2021","311,20","313,55","314,04","309,95","1,29K","-0,78%"
"13.08.2021","313,66","314,89","314,89","313,50","0,94K","-0,17%"
"12.08.2021","314,18","312,80","314,18","311,95","1,73K","0,43%"
"11.08.2021","312,83","314,50","315,20","312,17","1,16K","-0,39%"
"10.08.2021","314,04","315,46","316,72","313,40","2,78K","-0,27%"
"09.08.2021","314,90","313,64","315,15","313,60","1,82K","0,27%"
"06.08.2021","314,05","313,70","314,80","312,75","5,34K","0,26%"
"05.08.2021","313,23","311,96","313,40","311,76","2,79K","0,68%"
"04.08.2021","311,11","310,54","311,24","309,41","1,74K","1,18%"
"03.08.2021","307,47","308,88","309,40","306,85","2,78K","-0,79%"
"02.08.2021","309,91","310,00","310,00","307,95","1,56K","0,55%"
"30.07.2021","308,20","305,67","308,69","305,31","3,27K","-0,70%"
"29.07.2021","310,37","310,00","310,84","308,59","4,73K","-0,43%"
"28.07.2021","311,70","309,65","312,74","309,41","5,04K","1,51%"
"27.07.2021","307,05","313,50","314,05","307,05","4,05K","-2,01%"
"26.07.2021","313,35","313,95","314,05","312,45","2,97K","-0,07%"
"23.07.2021","313,58","311,59","313,58","311,00","6,94K","1,30%"
"22.07.2021","309,57","308,60","310,05","307,15","3,44K","1,01%"
"21.07.2021","306,48","306,51","307,15","305,10","1,95K","0,45%"
"20.07.2021","305,11","304,24","305,30","302,55","5,03K","0,93%"
"19.07.2021","302,29","304,10","304,48","298,71","7,34K","-1,00%"
"16.07.2021","305,35","306,40","307,96","305,35","5,20K","-0,55%"
"15.07.2021","307,03","308,62","309,24","305,91","5,76K","-0,61%"
"14.07.2021","308,90","308,90","310,50","308,66","3,25K","-0,54%"
"13.07.2021","310,59","306,80","310,59","306,77","2,29K","1,68%"
"12.07.2021","305,45","305,94","307,20","304,85","2,05K","0,01%"
"09.07.2021","305,41","304,45","305,41","302,87","2,16K","0,96%"
"08.07.2021","302,50","306,25","306,25","300,44","12,44K","-1,29%"
"07.07.2021","306,45","306,33","308,29","306,10","8,14K","0,48%"
"06.07.2021","305,00","302,45","305,85","302,35","2,67K","0,60%"
"05.07.2021","303,18","303,25","303,59","302,81","1,26K","0,19%"
"02.07.2021","302,60","300,75","303,19","300,00","3,50K","1,05%"
"01.07.2021","299,45","300,55","301,88","299,29","5,77K","-0,31%"
"30.06.2021","300,38","299,95","300,80","299,08","2,52K","0,68%"
"29.06.2021","298,34","297,45","299,10","297,45","3,69K","0,47%"
"28.06.2021","296,95","294,48","297,10","294,17","3,53K","0,83%"
"25.06.2021","294,52","294,25","294,94","293,19","3,11K","-0,30%"
"24.06.2021","295,40","293,39","295,65","293,35","3,13K","1,07%"
"23.06.2021","292,26","293,39","293,55","291,95","1,12K","0,02%"
"22.06.2021","292,21","290,31","292,44","289,45","2,91K","0,79%"
"21.06.2021","289,93","289,84","290,66","287,50","4,88K","0,18%"
"18.06.2021","289,42","291,90","292,15","289,55","7,11K","-0,64%"
"17.06.2021","291,28","284,84","291,28","284,21","3,45K","2,54%"
"16.06.2021","284,07","283,79","284,70","283,35","3,91K","0,14%"
"15.06.2021","283,68","285,31","286,00","283,68","4,58K","0,11%"
"14.06.2021","283,36","283,93","283,94","282,06","1,70K","0,27%"
"11.06.2021","282,61","280,57","282,71","280,40","5,75K","0,96%"
"10.06.2021","279,91","277,85","280,60","276,74","3,50K","0,66%"
"09.06.2021","278,08","277,73","278,79","277,46","7,19K","0,47%"
"08.06.2021","276,79","277,73","279,66","276,40","3,01K","0,44%"
"07.06.2021","275,59","277,00","277,04","275,57","3,32K","-0,51%"
"04.06.2021","276,99","273,48","277,00","272,91","4,40K","1,25%"
"03.06.2021","273,56","274,50","274,58","271,60","1,66K","-0,38%"
"02.06.2021","274,59","273,65","275,00","273,35","0,44K","0,59%"
"01.06.2021","272,99","274,27","275,55","272,00","2,76K","-0,26%"
"31.05.2021","273,69","275,15","275,24","273,69","3,90K","-0,72%"
"28.05.2021","275,68","274,86","276,45","274,86","1,02K","0,28%"
"27.05.2021","274,90","274,12","275,29","273,49","1,96K","0,11%"
"26.05.2021","274,61","274,05","274,84","273,46","0,84K","1,02%"
"25.05.2021","271,85","274,34","274,39","271,85","3,07K","-0,69%"
"24.05.2021","273,75","269,90","273,75","269,90","1,48K","1,37%"
"21.05.2021","270,06","270,65","272,11","270,10","2,44K","-0,06%"
"20.05.2021","270,23","265,50","270,23","264,45","5,87K","2,81%"
"19.05.2021","262,85","262,63","263,50","259,86","4,55K","-2,02%"
"18.05.2021","268,27","269,45","269,53","266,90","4,42K","0,35%"
"17.05.2021","267,34","269,61","270,05","267,34","2,18K","-0,64%"
"14.05.2021","269,05","266,96","269,18","266,40","5,21K","1,28%"
"13.05.2021","265,64","263,62","267,74","262,20","3,90K","0,37%"
"12.05.2021","264,67","268,70","269,00","264,56","6,00K","-1,25%"
"11.05.2021","268,03","267,57","268,03","262,91","24,69K","-1,35%"
"10.05.2021","271,69","275,51","275,85","271,10","4,63K","-2,21%"
"07.05.2021","277,84","276,41","278,79","275,71","15,24K","1,35%"
"06.05.2021","274,15","275,77","276,10","272,30","5,84K","-1,17%"
"05.05.2021","277,39","276,47","278,74","276,30","6,77K","1,22%"
"04.05.2021","274,04","280,36","280,60","273,61","5,38K","-2,26%"
"03.05.2021","280,37","282,51","283,04","279,84","3,83K","-0,77%"
"30.04.2021","282,55","281,39","282,65","280,39","5,60K","0,56%"
"29.04.2021","280,99","283,11","283,90","280,99","5,15K","-0,26%"
"28.04.2021","281,72","283,60","283,60","281,50","4,08K","-0,40%"
"27.04.2021","282,84","284,66","285,03","282,21","5,85K","-0,19%"
"26.04.2021","283,38","281,70","283,50","280,83","4,86K","0,30%"
"23.04.2021","282,52","279,85","282,64","279,19","4,26K","-0,36%"
"22.04.2021","283,55","282,89","283,99","282,00","2,12K","0,63%"
"21.04.2021","281,77","280,41","281,68","279,61","5,13K","0,90%"
"20.04.2021","279,27","281,98","282,71","279,27","8,42K","-1,09%"
"19.04.2021","282,35","286,81","286,94","282,20","3,38K","-1,28%"
"16.04.2021","286,01","286,10","287,15","285,25","4,37K","0,02%"
"15.04.2021","285,96","283,31","286,39","283,31","3,06K","0,76%"
"14.04.2021","283,80","286,00","287,12","283,56","2,46K","-0,78%"
"13.04.2021","286,04","284,00","286,09","283,75","3,55K","1,03%"
"12.04.2021","283,11","284,37","285,00","282,63","9,27K","0,13%"
"09.04.2021","282,75","282,59","283,20","281,69","6,19K","0,27%"
"08.04.2021","282,00","282,75","283,49","281,61","4,48K","0,75%"
"07.04.2021","279,91","280,47","280,65","278,51","4,18K","-0,62%"
"06.04.2021","281,67","281,15","282,04","280,46","16,51K","1,81%"
"01.04.2021","276,67","274,93","277,70","274,93","6,01K","1,19%"
"31.03.2021","273,42","269,09","273,69","268,93","4,76K","1,67%"
"30.03.2021","268,94","269,12","269,49","267,18","3,57K","0,38%"
"29.03.2021","267,91","268,03","269,72","266,73","6,62K","0,47%"
"26.03.2021","266,65","266,75","267,10","263,71","4,62K","0,55%"
"25.03.2021","265,19","265,55","266,58","262,14","7,54K","-1,23%"
"24.03.2021","268,48","270,51","272,16","267,80","5,76K","-0,59%"
"23.03.2021","270,07","268,60","271,33","267,90","4,92K","0,20%"
"22.03.2021","269,54","265,81","269,54","265,50","5,99K","1,81%"
"19.03.2021","264,76","264,00","264,94","261,81","10,82K","-0,60%"
"18.03.2021","266,37","267,79","268,24","265,61","5,20K","-0,47%"
"17.03.2021","267,64","270,55","270,61","266,65","4,41K","-1,45%"
"16.03.2021","271,58","269,62","273,55","269,10","8,10K","2,10%"
"15.03.2021","266,00","264,80","266,89","264,80","3,02K","1,13%"
"12.03.2021","263,02","263,85","264,45","262,00","27,81K","-1,55%"
"11.03.2021","267,15","265,09","267,26","264,75","18,30K","1,29%"
"10.03.2021","263,74","263,07","266,70","261,71","6,62K","0,49%"
"09.03.2021","262,45","257,34","262,60","257,23","27,62K","1,16%"
"08.03.2021","259,45","256,45","262,10","254,83","19,64K","3,14%"
"05.03.2021","251,56","254,45","258,90","251,49","17,75K","-2,57%"
"04.03.2021","258,19","257,80","259,40","254,85","13,23K","-1,77%"
"03.03.2021","262,85","267,04","267,29","260,50","4,52K","-1,44%"
"02.03.2021","266,70","269,20","270,30","266,20","7,09K","-0,48%"
"01.03.2021","267,98","265,85","268,14","265,17","8,11K","1,81%"
"26.02.2021","263,21","257,52","263,21","257,40","24,24K","0,33%"
"25.02.2021","262,34","267,09","267,10","262,00","4,44K","-1,35%"
"24.02.2021","265,92","264,68","267,74","261,99","10,24K","1,35%"
"23.02.2021","262,38","267,70","267,75","257,36","23,08K","-2,29%"
"22.02.2021","268,54","271,28","271,53","267,90","5,74K","-2,79%"
"19.02.2021","276,24","275,62","277,09","275,23","9,98K","0,57%"
"18.02.2021","274,67","276,98","277,20","273,61","3,36K","-0,54%"
"17.02.2021","276,16","278,87","279,20","275,80","31,81K","-0,90%"
"16.02.2021","278,66","279,87","280,64","278,80","2,92K","-0,37%"
"15.02.2021","279,70","279,27","279,99","278,91","2,91K","0,71%"
"12.02.2021","277,74","276,96","277,74","276,70","5,16K","0,26%"
"11.02.2021","277,03","275,95","277,15","275,95","7,54K","0,80%"
"10.02.2021","274,83","277,60","277,65","273,41","8,30K","-0,80%"
"09.02.2021","277,06","277,03","277,89","276,00","4,16K","0,07%"
"08.02.2021","276,87","277,77","278,15","276,87","12,06K","0,31%"
"05.02.2021","276,02","277,96","278,29","275,45","7,73K","0,41%"
"04.02.2021","274,88","273,71","275,24","273,67","5,78K","0,43%"
"03.02.2021","273,71","276,03","276,15","273,00","10,59K","0,23%"
"02.02.2021","273,07","270,45","273,38","270,18","7,79K","2,42%"
"01.02.2021","266,62","262,75","266,51","262,60","14,55K","1,81%"
"29.01.2021","261,88","262,95","265,24","261,79","10,14K","-2,32%"
"28.01.2021","268,09","263,25","268,85","261,21","12,43K","-0,06%"
"27.01.2021","268,24","272,79","273,70","267,16","7,65K","-1,19%"
"26.01.2021","271,46","270,85","271,97","270,72","5,12K","0,69%"
"25.01.2021","269,61","270,75","273,60","266,81","5,91K","0,52%"
"22.01.2021","268,22","268,78","269,54","267,10","8,25K","-0,52%"
"21.01.2021","269,61","269,94","270,09","267,89","8,35K","0,68%"
"20.01.2021","267,80","262,82","267,99","262,75","26,73K","3,03%"
"19.01.2021","259,92","261,40","261,40","259,51","5,95K","0,12%"
"18.01.2021","259,62","259,15","259,90","259,15","4,47K","-0,25%"
"15.01.2021","260,28","260,05","261,76","258,50","9,24K","-0,65%"
"14.01.2021","261,98","261,15","262,84","260,34","4,81K","0,25%"
"13.01.2021","261,33","259,41","261,33","258,21","4,95K","0,54%"
"12.01.2021","259,92","260,49","261,00","259,51","1,82K","-0,52%"
"11.01.2021","261,27","262,46","262,75","260,01","8,48K","0,41%"
"08.01.2021","260,20","260,02","261,00","259,05","5,19K","1,09%"
"07.01.2021","257,39","252,84","257,59","252,01","8,86K","1,05%"
"06.01.2021","254,71","250,14","254,82","248,36","7,86K","0,35%"
"05.01.2021","253,82","253,18","255,00","252,00","8,61K","0,10%"
"04.01.2021","253,56","258,10","258,44","253,22","12,40K","-1,05%"
"30.12.2020","256,24","257,26","257,63","255,69","3,84K","-0,38%"
"29.12.2020","257,21","257,80","257,89","256,39","3,23K","0,14%"
"28.12.2020","256,86","256,00","257,00","255,25","3,26K","0,93%"
"23.12.2020","254,49","255,76","255,99","253,69","2,48K","0,19%"
"22.12.2020","254,01","254,13","255,66","254,01","3,62K","1,08%"
"21.12.2020","251,30","255,45","255,64","249,90","7,58K","-1,08%"
"18.12.2020","254,04","254,44","255,39","253,51","5,72K","-0,06%"
"17.12.2020","254,18","254,64","254,86","253,72","5,19K","0,02%"
"16.12.2020","254,13","253,69","254,13","252,00","3,82K","1,00%"
"15.12.2020","251,61","251,69","253,02","251,00","10,41K","-0,19%"
"14.12.2020","252,09","250,00","252,81","249,75","4,81K","1,59%"
"11.12.2020","248,14","249,53","249,64","247,90","25,10K","-1,16%"
"10.12.2020","251,05","249,47","251,05","247,00","28,24K","-1,59%"
"09.12.2020","255,11","255,31","255,72","254,67","4,57K","0,44%"
"08.12.2020","254,00","254,40","254,60","253,23","5,86K","-0,11%"
"07.12.2020","254,28","253,20","254,39","252,70","9,99K","0,72%"
"04.12.2020","252,45","252,24","252,33","251,00","4,38K","0,27%"
"03.12.2020","251,78","251,75","252,39","251,00","13,82K","-0,03%"
"02.12.2020","251,85","251,90","253,09","249,86","12,69K","-0,41%"
"01.12.2020","252,89","253,23","253,66","251,91","20,46K","1,66%"
"30.11.2020","248,75","250,15","251,30","247,68","10,63K","-1,21%"
"27.11.2020","251,80","250,23","252,30","250,23","14,34K","0,36%"
"26.11.2020","250,90","250,32","251,31","250,26","9,30K","0,72%"
"25.11.2020","249,11","249,25","249,78","248,75","8,40K","0,62%"
"24.11.2020","247,57","247,23","247,85","245,81","27,66K","1,00%"
"23.11.2020","245,12","246,41","247,46","245,00","7,24K","-1,07%"
"20.11.2020","247,78","247,15","248,10","246,68","2,18K","0,30%"
"19.11.2020","247,03","245,57","248,15","244,46","10,53K","-0,02%"
"18.11.2020","247,09","246,64","247,79","245,86","5,00K","-0,11%"
"17.11.2020","247,36","248,77","248,84","247,01","2,03K","-0,29%"
"16.11.2020","248,07","247,98","248,72","245,56","11,56K","1,06%"
"13.11.2020","245,46","247,13","247,31","244,71","2,29K","-0,46%"
"12.11.2020","246,60","246,25","248,39","245,87","13,55K","0,22%"
"11.11.2020","246,05","240,98","246,63","240,90","12,31K","1,84%"
"10.11.2020","241,60","245,80","245,80","238,65","31,34K","-4,37%"
"09.11.2020","252,63","253,42","255,00","246,04","21,37K","1,83%"
"06.11.2020","248,09","248,15","248,82","245,45","34,67K","-0,74%"
"05.11.2020","249,95","250,26","251,33","248,43","14,45K","1,65%"
"04.11.2020","245,89","239,50","246,72","239,23","16,09K","3,93%"
"03.11.2020","236,59","233,00","236,82","232,23","7,06K","1,41%"
"02.11.2020","233,29","233,40","235,88","233,00","13,72K","0,21%"
"30.10.2020","232,79","233,18","236,46","230,71","17,04K","-2,06%"
"29.10.2020","237,68","235,37","238,05","233,46","9,74K","1,57%"
"28.10.2020","234,01","239,98","240,03","233,93","18,42K","-2,17%"
"27.10.2020","239,19","238,85","240,19","238,00","9,00K","0,78%"
"26.10.2020","237,35","239,31","241,90","237,35","9,47K","-0,96%"
"23.10.2020","239,65","241,40","241,80","239,65","3,18K","-0,10%"
"22.10.2020","239,89","240,50","242,31","238,69","3,43K","-0,43%"
"21.10.2020","240,93","241,97","243,15","239,71","2,29K","0,01%"
"20.10.2020","240,90","243,90","244,29","240,60","8,37K","-1,84%"
"19.10.2020","245,42","249,30","249,69","244,16","7,77K","-1,41%"
"16.10.2020","248,93","248,75","251,14","248,45","6,55K","0,52%"
"15.10.2020","247,64","247,31","248,65","245,59","10,67K","-1,33%"
"14.10.2020","250,99","253,64","253,72","250,67","4,48K","-1,15%"
"13.10.2020","253,90","250,63","254,00","250,36","13,99K","1,80%"
"12.10.2020","249,40","244,24","249,40","244,10","5,09K","3,16%"
"09.10.2020","241,77","240,65","241,85","239,85","5,62K","0,59%"
"08.10.2020","240,36","240,67","241,59","239,99","13,15K","0,94%"
"07.10.2020","238,12","236,12","238,12","235,85","12,52K","0,46%"
"06.10.2020","237,03","238,40","238,95","236,76","5,98K","-0,22%"
"05.10.2020","237,55","236,89","237,71","235,53","41,87K","0,11%"
"02.10.2020","237,29","237,84","239,64","235,81","9,63K","-1,51%"
"01.10.2020","240,93","239,46","242,00","239,46","20,67K","0,65%"
"30.09.2020","239,37","234,51","239,50","234,31","5,86K","1,09%"
"29.09.2020","236,78","238,54","238,68","235,94","5,75K","-0,18%"
"28.09.2020","237,20","236,30","238,51","236,26","14,59K","2,13%"
"25.09.2020","232,25","228,51","232,25","227,80","9,97K","1,20%"
"24.09.2020","229,49","226,33","229,91","224,57","9,85K","-1,01%"
"23.09.2020","231,84","233,25","234,67","231,70","9,61K","1,01%"
"22.09.2020","229,52","228,40","231,02","228,14","101,34K","2,58%"
"21.09.2020","223,75","225,33","225,88","222,80","11,86K","-0,78%"
"18.09.2020","225,51","229,55","230,86","225,51","8,04K","-1,78%"
"17.09.2020","229,60","229,85","231,74","226,60","11,54K","-2,88%"
"16.09.2020","236,41","237,55","238,30","235,45","4,99K","-0,26%"
"15.09.2020","237,03","233,31","237,23","233,19","5,43K","1,35%"
"14.09.2020","233,88","232,86","234,17","231,00","7,83K","1,33%"
"11.09.2020","230,80","233,88","234,55","229,84","6,08K","-2,24%"
"10.09.2020","236,09","236,51","237,84","233,57","8,43K","0,31%"
"09.09.2020","235,37","231,58","235,89","231,41","16,44K","0,91%"
"08.09.2020","233,25","239,40","239,59","231,15","23,44K","-2,13%"
"07.09.2020","238,32","236,03","238,65","235,83","3,63K","1,70%"
"04.09.2020","234,34","240,79","245,53","231,50","31,17K","-4,41%"
"03.09.2020","245,16","256,98","257,38","244,20","24,14K","-3,42%"
"02.09.2020","253,83","255,11","257,34","253,79","9,65K","1,27%"
"01.09.2020","250,65","249,27","251,49","248,31","11,47K","1,50%"
"31.08.2020","246,95","248,34","248,34","246,17","13,10K","0,08%"
"28.08.2020","246,75","246,95","247,60","245,46","13,86K","-0,99%"
"27.08.2020","249,22","247,86","249,73","246,84","7,67K","1,30%"
"26.08.2020","246,02","243,35","246,02","243,20","5,26K","1,75%"
"25.08.2020","241,80","242,37","242,38","239,71","12,88K","0,63%"
"24.08.2020","240,29","241,10","242,78","239,00","4,03K","0,17%"
"21.08.2020","239,88","237,20","240,16","237,10","8,04K","1,84%"
"20.08.2020","235,55","233,13","235,63","233,00","8,65K","0,23%"
"19.08.2020","235,00","234,24","235,00","232,75","0,92K","0,82%"
"18.08.2020","233,09","232,35","233,15","231,78","3,61K","0,38%"
"17.08.2020","232,21","231,21","232,50","231,00","4,36K","0,58%"
"14.08.2020","230,87","232,48","232,48","229,90","3,96K","-0,81%"
"13.08.2020","232,76","230,82","233,00","229,76","4,19K","0,84%"
"12.08.2020","230,82","228,69","231,60","227,13","3,29K","0,36%"
"11.08.2020","230,00","231,71","232,20","228,11","15,22K","0,29%"
"10.08.2020","229,34","231,12","232,03","228,23","7,97K","-1,65%"
"07.08.2020","233,19","232,00","234,19","231,25","6,61K","1,43%"
"06.08.2020","229,91","228,84","230,73","228,84","2,73K","0,55%"
"05.08.2020","228,65","230,71","230,94","227,86","42,08K","-0,41%"
"04.08.2020","229,60","230,60","231,18","228,56","7,08K","-0,29%"
"03.08.2020","230,27","227,76","231,10","227,37","11,95K","2,80%"
"31.07.2020","224,00","224,42","226,06","221,69","10,00K","1,47%"
"30.07.2020","220,76","221,05","221,05","218,56","4,92K","-0,17%"
"29.07.2020","221,14","220,65","221,69","220,45","3,06K","-0,41%"
"28.07.2020","222,05","223,21","223,90","220,72","2,43K","1,15%"
"27.07.2020","219,53","220,30","221,50","219,70","8,44K","-0,83%"
"24.07.2020","221,36","220,23","221,90","217,71","18,89K","-3,19%"
"23.07.2020","228,65","230,56","230,80","228,01","6,66K","0,01%"
"22.07.2020","228,62","230,72","231,01","227,66","8,63K","-1,49%"
"21.07.2020","232,08","236,00","236,85","231,83","20,42K","0,45%"
"20.07.2020","231,05","226,01","231,05","225,76","10,24K","1,56%"
"17.07.2020","227,49","227,79","228,33","226,05","2,09K","0,94%"
"16.07.2020","225,38","227,45","227,72","224,81","18,27K","-1,43%"
"15.07.2020","228,65","229,75","230,65","227,90","11,69K","0,62%"
"14.07.2020","227,24","230,63","230,79","222,85","16,31K","-4,66%"
"13.07.2020","238,34","235,66","238,34","235,46","8,33K","2,57%"
"10.07.2020","232,36","231,90","233,10","230,84","4,17K","0,87%"
"09.07.2020","230,35","230,02","232,25","229,50","9,55K","0,92%"
"08.07.2020","228,24","229,17","229,77","227,93","10,15K","-1,37%"
"07.07.2020","231,40","229,43","231,94","228,81","35,69K","0,76%"
"06.07.2020","229,65","227,46","229,66","226,36","16,93K","1,94%"
"03.07.2020","225,29","226,35","226,55","225,25","5,27K","-0,05%"
"02.07.2020","225,40","224,08","226,75","223,74","14,27K","1,53%"
"01.07.2020","222,00","221,18","222,62","220,64","9,12K","1,20%"
"30.06.2020","219,36","218,60","219,56","217,19","8,15K","1,76%"
"29.06.2020","215,57","214,53","215,57","211,85","16,98K","-0,68%"
"26.06.2020","217,05","220,31","220,80","215,95","17,34K","-0,55%"
"25.06.2020","218,24","217,27","219,13","216,15","20,74K","0,36%"
"24.06.2020","217,45","221,49","221,99","217,41","11,33K","-1,97%"
"23.06.2020","221,81","220,22","221,81","220,00","9,04K","1,35%"
"22.06.2020","218,85","218,49","219,14","217,88","8,99K","-0,77%"
"19.06.2020","220,54","219,52","221,09","219,46","15,10K","1,14%"
"18.06.2020","218,06","217,40","218,15","216,84","23,08K","-0,28%"
"17.06.2020","218,68","217,04","218,95","217,04","16,57K","1,15%"
"16.06.2020","216,20","213,31","217,86","213,31","21,37K","3,27%"
"15.06.2020","209,35","205,71","209,60","205,09","8,96K","-0,59%"
"12.06.2020","210,59","209,77","213,10","208,91","21,44K","-1,03%"
"11.06.2020","212,79","215,49","215,49","212,52","15,74K","-1,96%"
"10.06.2020","217,05","215,98","217,42","215,04","7,58K","0,96%"
"09.06.2020","214,98","214,96","215,16","213,50","20,14K","0,92%"
"08.06.2020","213,03","212,83","213,44","211,36","17,61K","0,26%"
"05.06.2020","212,48","208,53","212,24","208,30","8,90K","1,58%"
"04.06.2020","209,17","211,40","212,00","208,76","3,15K","-0,96%"
"03.06.2020","211,19","211,37","212,08","211,11","7,60K","1,06%"
"02.06.2020","208,98","212,00","212,00","208,53","4,71K","-0,84%"
"01.06.2020","210,74","210,83","211,49","209,05","9,54K","1,69%"
"29.05.2020","207,23","207,96","209,00","206,80","5,89K","-1,36%"
"28.05.2020","210,09","209,00","210,60","207,54","19,78K","1,77%"
"27.05.2020","206,43","211,81","212,58","204,90","35,41K","-2,21%"
"26.05.2020","211,09","215,30","215,30","211,01","5,77K","-1,50%"
"25.05.2020","214,30","213,07","214,49","212,80","49,63K","1,89%"
"22.05.2020","210,32","208,27","210,96","207,68","7,49K","0,16%"
"21.05.2020","209,98","210,65","212,14","209,51","5,66K","-0,74%"
"20.05.2020","211,54","209,33","211,40","209,14","15,16K","0,38%"
"19.05.2020","210,74","210,40","210,74","208,00","7,30K","0,23%"
"18.05.2020","210,26","208,54","210,71","208,54","17,63K","3,22%"
"15.05.2020","203,71","207,19","207,36","202,02","8,10K","0,23%"
"14.05.2020","203,24","203,90","204,97","200,81","14,23K","-0,94%"
"13.05.2020","205,16","205,95","207,56","204,17","9,40K","-2,22%"
"12.05.2020","209,81","209,48","211,14","208,34","20,87K","-0,05%"
"11.05.2020","209,91","209,10","209,91","206,90","15,47K","1,20%"
"08.05.2020","207,42","208,11","208,23","206,27","6,89K","0,52%"
"07.05.2020","206,34","205,44","206,94","205,44","17,15K","0,85%"
"06.05.2020","204,60","203,69","205,43","202,96","7,96K","0,90%"
"05.05.2020","202,77","199,42","203,04","199,42","20,51K","3,21%"
"04.05.2020","196,46","194,40","197,00","193,31","11,47K","-2,19%"
"30.04.2020","200,86","204,54","205,42","200,83","20,00K","-0,38%"
"29.04.2020","201,63","199,28","201,84","198,50","5,14K","1,94%"
"28.04.2020","197,79","200,09","201,35","196,81","10,92K","-1,29%"
"27.04.2020","200,37","199,99","201,05","199,27","15,63K","2,24%"
"24.04.2020","195,98","195,25","196,86","194,90","5,90K","-1,05%"
"23.04.2020","198,06","196,12","198,75","195,42","11,49K","1,85%"
"22.04.2020","194,47","192,16","194,73","191,74","14,59K","3,00%"
"21.04.2020","188,80","196,99","196,99","188,43","28,73K","-5,06%"
"20.04.2020","198,87","198,17","199,13","196,54","20,64K","1,15%"
"17.04.2020","196,60","201,16","202,55","196,50","30,05K","-0,47%"
"16.04.2020","197,52","195,31","198,38","193,62","22,41K","2,86%"
"15.04.2020","192,02","193,89","193,92","191,51","43,51K","0,04%"
"14.04.2020","191,95","189,83","192,37","188,83","17,59K","4,34%"
"09.04.2020","183,97","186,09","186,66","183,29","23,45K","-0,20%"
"08.04.2020","184,33","181,68","184,33","180,50","20,40K","0,33%"
"07.04.2020","183,72","184,45","186,90","181,73","48,46K","2,86%"
"06.04.2020","178,61","177,74","178,66","176,96","25,20K","4,40%"
"03.04.2020","171,09","171,24","174,03","170,78","38,98K","0,45%"
"02.04.2020","170,32","169,58","171,70","166,91","11,33K","-0,47%"
"01.04.2020","171,13","169,57","172,48","166,06","14,94K","-3,63%"
"31.03.2020","177,58","175,79","178,68","174,02","5,82K","2,18%"
"30.03.2020","173,79","168,80","173,79","166,52","12,78K","2,73%"
"27.03.2020","169,17","171,49","172,34","168,14","39,22K","-1,69%"
"26.03.2020","172,08","165,64","172,74","163,70","21,92K","0,08%"
"25.03.2020","171,94","172,52","175,20","167,48","28,89K","1,06%"
"24.03.2020","170,14","164,96","170,35","164,11","47,46K","7,90%"
"23.03.2020","157,69","154,98","165,69","154,19","10,64K","-4,92%"
"20.03.2020","165,85","172,74","175,61","164,52","24,35K","-0,33%"
"19.03.2020","166,40","162,00","169,42","159,53","10,63K","3,42%"
"18.03.2020","160,90","160,00","164,00","154,85","21,49K","-2,46%"
"17.03.2020","164,96","166,80","170,19","154,54","8,04K","0,28%"
"16.03.2020","164,50","161,86","166,82","155,00","7,81K","-0,21%"
"13.03.2020","164,85","165,70","171,93","158,80","25,85K","0,73%"
"12.03.2020","163,66","166,58","167,43","157,44","14,55K","-7,18%"
"11.03.2020","176,32","176,51","178,62","174,90","12,92K","1,53%"
"10.03.2020","173,66","176,06","180,17","171,00","14,05K","-0,61%"
"09.03.2020","174,72","178,46","178,46","160,82","20,16K","-4,76%"
"06.03.2020","183,45","186,88","187,19","179,51","20,29K","-5,08%"
"05.03.2020","193,27","194,36","194,42","190,00","15,65K","0,21%"
"04.03.2020","192,87","191,10","193,98","190,47","15,11K","0,20%"
"03.03.2020","192,48","194,41","196,75","192,48","38,25K","1,48%"
"02.03.2020","189,68","190,25","191,30","183,59","17,34K","1,95%"
"28.02.2020","186,05","185,37","186,25","180,00","15,82K","-3,48%"
"27.02.2020","192,76","197,34","198,04","189,79","14,91K","-4,74%"
"26.02.2020","202,35","200,62","203,66","196,16","23,43K","0,03%"
"25.02.2020","202,28","207,60","207,94","201,76","17,15K","-1,62%"
"24.02.2020","205,62","209,24","209,24","201,00","33,39K","-4,21%"
"21.02.2020","214,65","216,59","217,52","213,50","5,66K","-0,91%"
"20.02.2020","216,62","220,70","220,74","216,62","3,76K","-1,83%"
"19.02.2020","220,66","219,01","220,70","218,72","2,35K","1,60%"
"18.02.2020","217,19","215,66","217,87","215,25","4,37K","-0,51%"
"17.02.2020","218,31","218,36","218,53","218,01","12,14K","0,44%"
"14.02.2020","217,36","217,59","218,30","216,42","5,83K","0,21%"
"13.02.2020","216,90","215,12","216,80","214,33","3,70K","0,55%"
"12.02.2020","215,72","214,42","215,74","214,25","11,12K","0,52%"
"11.02.2020","214,60","214,36","215,29","213,90","11,62K","1,06%"
"10.02.2020","212,34","210,49","212,30","209,82","4,97K","0,49%"
"07.02.2020","211,30","210,49","211,30","209,60","5,05K","0,48%"
"06.02.2020","210,30","209,88","210,47","208,40","4,66K","1,09%"
"05.02.2020","208,03","206,87","210,24","206,81","9,33K","0,71%"
"04.02.2020","206,56","203,29","206,56","203,29","5,83K","2,38%"
"03.02.2020","201,75","200,35","202,54","199,38","7,13K","1,30%"
"31.01.2020","199,17","203,81","204,00","199,30","11,64K","-0,92%"
"30.01.2020","201,02","200,44","201,77","200,08","32,65K","-0,79%"
"29.01.2020","202,62","203,01","203,66","201,78","2,74K","0,34%"
"28.01.2020","201,93","200,36","201,93","199,16","3,54K","1,55%"
"27.01.2020","198,85","200,18","200,60","198,20","25,21K","-2,82%"
"24.01.2020","204,63","205,02","205,74","204,56","5,70K","0,66%"
"23.01.2020","203,28","202,82","204,10","202,46","5,94K","-0,20%"
"22.01.2020","203,68","203,52","204,25","203,16","5,72K","0,58%"
"21.01.2020","202,50","201,26","202,52","200,84","10,89K","0,09%"
"20.01.2020","202,31","201,95","202,35","201,91","2,33K","0,43%"
"17.01.2020","201,45","200,76","202,15","200,76","3,63K","0,94%"
"16.01.2020","199,58","199,22","200,18","199,00","117,78K","0,35%"
"15.01.2020","198,89","199,02","199,37","198,31","2,96K","-0,09%"
"14.01.2020","199,06","198,93","199,98","198,47","3,94K","0,40%"
"13.01.2020","198,27","197,98","198,50","197,89","6,13K","0,02%"
"10.01.2020","198,24","198,15","199,53","198,15","3,97K","0,05%"
"09.01.2020","198,15","197,55","198,59","196,72","2,80K","1,39%"
"08.01.2020","195,44","193,73","195,44","193,38","3,57K","0,30%"
"07.01.2020","194,86","193,76","194,91","192,97","2,63K","1,07%"
"06.01.2020","192,80","191,82","192,88","190,74","7,89K","-0,01%"
"03.01.2020","192,82","192,72","193,61","192,00","6,80K","0,24%"
"02.01.2020","192,36","191,61","193,41","191,61","3,89K","1,22%"
"30.12.2019","190,04","191,96","192,66","189,73","2,53K","-1,35%"
"27.12.2019","192,64","193,30","193,61","192,08","2,00K","0,26%"
"23.12.2019","192,14","191,90","192,49","191,73","7,41K","0,23%"
"20.12.2019","191,69","190,12","191,71","190,12","2,95K","0,97%"
"19.12.2019","189,84","189,00","189,84","188,59","2,35K","0,25%"
"18.12.2019","189,37","188,52","189,39","188,45","1,76K","0,66%"
"17.12.2019","188,12","188,52","188,60","187,80","2,49K","-0,18%"
"16.12.2019","188,46","187,18","188,53","187,15","5,31K","1,30%"
"13.12.2019","186,04","186,13","187,00","185,12","3,25K","0,25%"
"12.12.2019","185,58","184,88","186,48","184,23","5,46K","0,26%"
"11.12.2019","185,09","185,13","185,33","184,70","3,59K","0,00%"
"10.12.2019","185,09","185,04","185,29","183,36","0,69K","-0,38%"
"09.12.2019","185,79","185,71","186,27","185,45","3,46K","-0,16%"
"06.12.2019","186,09","183,76","186,14","183,76","2,01K","1,78%"
"05.12.2019","182,84","183,89","184,09","182,84","1,37K","-0,37%"
"04.12.2019","183,52","182,03","183,83","181,93","3,93K","1,49%"
"03.12.2019","180,82","184,20","184,20","180,25","5,93K","-1,27%"
"02.12.2019","183,14","188,00","188,01","182,89","2,74K","-2,17%"
"29.11.2019","187,20","187,27","187,95","187,18","2,54K","-0,32%"
"28.11.2019","187,80","187,50","187,92","187,36","1,96K","0,09%"
"27.11.2019","187,64","187,27","187,76","187,10","11,07K","0,60%"
"26.11.2019","186,52","186,29","186,57","185,95","3,20K","0,31%"
"25.11.2019","185,95","184,33","186,10","184,33","13,07K","1,51%"
"22.11.2019","183,18","183,55","183,82","182,85","8,28K","0,19%"
"21.11.2019","182,84","182,79","183,30","182,24","5,81K","-0,80%"
"20.11.2019","184,32","183,69","184,11","183,56","0,59K","0,04%"
"19.11.2019","184,24","184,51","185,12","183,70","23,28K","0,30%"
"18.11.2019","183,69","184,60","184,63","183,27","2,30K","-0,27%"
"15.11.2019","184,18","184,21","184,42","183,60","10,95K","0,57%"
"14.11.2019","183,14","183,40","183,90","183,14","1,73K","-0,35%"
"13.11.2019","183,79","183,59","183,93","182,80","2,02K","-0,24%"
"12.11.2019","184,24","183,26","184,41","182,97","1,58K","0,96%"
"11.11.2019","182,49","182,43","182,73","182,11","3,04K","-0,14%"
"08.11.2019","182,74","181,89","182,83","181,52","4,52K","-0,25%"
"07.11.2019","183,19","182,28","183,19","181,42","9,59K","1,25%"
"06.11.2019","180,92","181,36","181,56","180,70","2,11K","-0,43%"
"05.11.2019","181,71","180,93","181,77","180,21","3,91K","0,84%"
"04.11.2019","180,20","179,41","180,50","179,41","6,11K","1,19%"
"01.11.2019","178,08","177,90","178,67","177,90","4,02K","0,53%"
"31.10.2019","177,14","178,04","178,33","176,91","2,13K","0,03%"
"30.10.2019","177,08","177,23","177,77","176,86","5,86K","-0,48%"
"29.10.2019","177,93","178,89","178,89","177,36","6,54K","-0,53%"
"28.10.2019","178,87","177,62","178,87","177,56","3,29K","0,98%"
"25.10.2019","177,14","174,85","177,27","174,52","2,80K","0,80%"
"24.10.2019","175,73","173,82","175,73","173,82","6,35K","1,26%"
"23.10.2019","173,55","172,50","173,50","172,29","3,67K","-0,34%"
"22.10.2019","174,14","174,53","175,33","174,24","0,86K","0,04%"
"21.10.2019","174,07","173,00","174,07","172,93","0,65K","0,29%"
"18.10.2019","173,57","174,40","174,55","173,54","1,63K","-0,65%"
"17.10.2019","174,70","175,36","175,76","174,68","1,81K","-0,33%"
"16.10.2019","175,27","175,85","175,93","174,91","2,75K","-0,27%"
"15.10.2019","175,74","175,04","176,14","174,90","6,11K","0,77%"
"14.10.2019","174,39","173,95","174,50","172,87","1,77K","-0,16%"
"11.10.2019","174,67","173,00","174,83","173,00","1,28K","1,15%"
"10.10.2019","172,68","171,08","172,87","170,21","9,11K","0,95%"
"09.10.2019","171,06","170,05","171,66","170,05","2,99K","0,21%"
"08.10.2019","170,71","172,82","172,84","170,23","6,01K","-1,29%"
"07.10.2019","172,94","172,04","172,96","171,84","4,78K","0,42%"
"04.10.2019","172,22","170,45","172,22","169,60","6,88K","2,09%"
"03.10.2019","168,70","169,16","169,58","166,20","28,86K","0,21%"
"02.10.2019","168,35","172,12","172,12","168,35","11,47K","-2,76%"
"01.10.2019","173,12","175,17","175,29","173,00","8,47K","-0,32%"
"30.09.2019","173,68","172,59","173,68","172,55","10,15K","0,02%"
"27.09.2019","173,65","174,39","174,66","172,93","2,07K","0,37%"
"26.09.2019","173,01","174,24","175,07","172,74","3,93K","0,13%"
"25.09.2019","172,79","171,76","172,92","170,70","3,35K","-0,51%"
"24.09.2019","173,68","174,79","175,11","173,72","1,62K","-0,23%"
"23.09.2019","174,08","174,52","174,52","173,52","4,99K","-0,72%"
"20.09.2019","175,35","175,09","176,16","175,02","2,59K","-0,23%"
"19.09.2019","175,76","173,92","176,01","173,84","2,93K","0,88%"
"18.09.2019","174,22","174,83","174,83","174,22","0,77K","0,01%"
"17.09.2019","174,20","174,45","174,73","174,23","2,95K","-0,39%"
"16.09.2019","174,89","173,47","175,12","172,72","5,57K","0,00%"
"13.09.2019","174,89","175,28","175,68","174,31","5,59K","-0,75%"
"12.09.2019","176,21","176,17","178,16","175,10","8,34K","0,47%"
"11.09.2019","175,38","173,78","175,38","173,33","4,57K","1,97%"
"10.09.2019","171,99","173,50","173,58","171,92","18,23K","-1,35%"
"09.09.2019","174,34","174,88","174,97","173,88","0,70K","-0,02%"
"06.09.2019","174,37","174,50","175,11","173,74","0,90K","-0,03%"
"05.09.2019","174,42","172,92","174,47","172,47","2,92K","2,09%"
"04.09.2019","170,85","172,00","172,21","170,40","3,12K","0,28%"
"03.09.2019","170,38","170,57","171,44","169,59","13,95K","-0,37%"
"02.09.2019","171,01","170,52","171,63","170,52","0,34K","0,27%"
"30.08.2019","170,55","170,82","172,21","170,50","1,58K","-0,11%"
"29.08.2019","170,73","168,23","170,79","168,23","1,26K","1,87%"
"28.08.2019","167,59","167,50","167,77","165,90","4,56K","0,31%"
"27.08.2019","167,07","166,70","168,48","166,47","4,54K","0,42%"
"26.08.2019","166,37","165,90","167,89","165,31","19,26K","-0,04%"
"23.08.2019","166,43","171,34","171,52","166,38","10,98K","-1,88%"
"22.08.2019","169,62","170,84","171,66","169,20","9,50K","-0,84%"
"21.08.2019","171,06","170,19","171,06","170,18","8,47K","0,37%"
"20.08.2019","170,43","170,76","171,05","169,90","1,38K","-0,07%"
"19.08.2019","170,55","169,72","170,64","169,04","0,81K","1,68%"
"16.08.2019","167,74","166,23","168,00","166,23","0,79K","1,21%"
"14.08.2019","165,73","168,97","168,97","165,85","1,21K","-1,52%"
"13.08.2019","168,28","165,23","170,33","164,35","23,50K","1,69%"
"12.08.2019","165,48","168,76","168,78","165,48","2,74K","-0,32%"
"09.08.2019","166,01","168,00","168,55","166,01","2,04K","-0,87%"
"08.08.2019","167,46","165,14","167,46","165,00","7,63K","2,54%"
"07.08.2019","163,31","164,00","165,52","160,90","22,31K","0,46%"
"06.08.2019","162,56","162,09","164,85","161,64","7,26K","-0,43%"
"05.08.2019","163,26","167,36","167,36","162,99","12,97K","-3,32%"
"02.08.2019","168,87","171,77","171,96","168,54","18,52K","-4,59%"
"01.08.2019","176,99","173,83","176,99","173,83","2,39K","0,98%"
"31.07.2019","175,27","175,13","175,35","174,76","2,62K","0,31%"
"30.07.2019","174,72","175,58","175,59","173,90","1,30K","-0,17%"
"29.07.2019","175,01","175,84","176,36","174,75","5,59K","-0,71%"
"26.07.2019","176,26","175,77","176,26","175,49","5,64K","1,18%"
"25.07.2019","174,21","175,92","176,66","173,63","3,95K","-0,41%"
"24.07.2019","174,92","174,20","175,12","173,97","3,34K","0,76%"
"23.07.2019","173,60","173,32","174,10","173,29","1,97K","0,99%"
"22.07.2019","171,90","170,99","172,10","170,91","1,71K","-0,39%"
"19.07.2019","172,57","172,77","173,58","172,54","1,81K","1,01%"
"18.07.2019","170,85","170,48","171,80","170,48","5,72K","-0,99%"
"17.07.2019","172,55","173,24","173,39","172,37","2,66K","-0,48%"
"16.07.2019","173,38","173,54","174,00","173,38","4,25K","0,38%"
"15.07.2019","172,73","172,65","172,93","172,42","2,11K","0,26%"
"12.07.2019","172,29","171,66","172,35","171,65","2,12K","-0,03%"
"11.07.2019","172,35","171,94","172,41","171,80","5,01K","0,62%"
"10.07.2019","171,29","170,22","172,48","169,83","18,71K","0,62%"
"09.07.2019","170,24","168,83","170,46","168,60","5,28K","0,42%"
"08.07.2019","169,52","170,00","170,32","169,14","3,00K","-0,45%"
"05.07.2019","170,29","170,81","170,93","169,56","10,26K","-0,36%"
"04.07.2019","170,91","170,64","170,99","170,51","7,01K","0,56%"
"03.07.2019","169,95","169,90","170,21","169,61","3,44K","1,14%"
"02.07.2019","168,04","168,28","168,59","167,56","9,70K","-0,14%"
"01.07.2019","168,27","168,30","168,87","167,79","11,52K","2,19%"
"28.06.2019","164,67","164,83","164,98","164,35","0,60K","0,07%"
"27.06.2019","164,55","165,14","165,32","164,20","0,95K","0,11%"
"26.06.2019","164,37","163,55","165,76","163,54","2,03K","-0,14%"
"25.06.2019","164,60","165,51","165,91","164,51","10,21K","-0,96%"
"24.06.2019","166,19","166,80","166,88","166,00","2,45K","-0,78%"
"21.06.2019","167,50","167,35","168,00","166,58","12,69K","0,07%"
"20.06.2019","167,39","167,43","168,68","167,34","2,83K","0,44%"
"19.06.2019","166,65","167,47","167,47","166,38","2,95K","-0,73%"
"18.06.2019","167,88","164,30","168,38","164,00","3,99K","2,20%"
"17.06.2019","164,26","163,84","164,61","163,42","2,63K","0,58%"
"14.06.2019","163,31","162,53","163,55","162,07","7,78K","0,15%"
"13.06.2019","163,07","162,58","163,55","162,58","1,49K","0,81%"
"12.06.2019","161,76","161,75","162,34","161,54","5,56K","-0,65%"
"11.06.2019","162,82","163,11","164,24","162,82","8,75K","-0,53%"
"10.06.2019","163,68","161,15","163,68","161,15","5,45K","2,13%"
"07.06.2019","160,27","158,60","160,77","157,96","9,06K","1,93%"
"06.06.2019","157,24","157,73","158,28","156,70","3,97K","0,27%"
"05.06.2019","156,81","156,18","157,49","155,57","45,21K","0,96%"
"04.06.2019","155,32","151,89","155,32","151,82","2,58K","0,39%"
"03.06.2019","154,71","155,46","155,55","153,60","15,55K","-1,88%"
"31.05.2019","157,67","157,88","157,88","156,55","16,13K","-0,93%"
"30.05.2019","159,15","159,29","160,04","158,98","45,29K","0,37%"
"29.05.2019","158,57","158,71","159,13","158,38","1,60K","-1,15%"
"28.05.2019","160,42","160,02","161,00","159,60","2,30K","0,36%"
"27.05.2019","159,85","160,00","160,20","159,84","0,70K","-0,01%"
"24.05.2019","159,86","160,65","161,36","159,72","4,87K","-0,37%"
"23.05.2019","160,46","161,76","161,76","160,28","5,65K","-1,70%"
"22.05.2019","163,23","163,30","163,45","161,87","9,32K","-0,12%"
"21.05.2019","163,42","162,85","163,84","162,42","7,73K","0,72%"
"20.05.2019","162,25","164,98","164,98","161,35","7,39K","-2,38%"
"17.05.2019","166,20","165,63","166,77","164,50","3,52K","-0,29%"
"16.05.2019","166,68","163,58","166,79","163,37","4,26K","1,76%"
"15.05.2019","163,79","162,45","163,87","160,93","16,75K","0,99%"
"14.05.2019","162,19","159,98","162,19","159,94","23,39K","1,38%"
"13.05.2019","159,98","163,39","163,39","159,80","26,56K","-1,18%"
"10.05.2019","161,89","165,31","165,53","161,74","4,03K","-0,92%"
"09.05.2019","163,40","165,40","165,69","162,66","9,50K","-2,04%"
"08.05.2019","166,81","167,48","167,65","165,90","22,50K","-0,52%"
"07.05.2019","167,69","169,78","169,80","166,82","7,11K","-1,07%"
"06.05.2019","169,50","168,02","169,80","167,28","18,96K","-0,79%"
"03.05.2019","170,85","169,82","171,16","169,82","11,17K","1,06%"
"02.05.2019","169,05","169,52","170,28","169,05","2,90K","0,01%"
"30.04.2019","169,04","170,35","170,35","168,75","3,81K","-1,53%"
"29.04.2019","171,66","171,65","171,98","171,44","2,62K","0,44%"
"26.04.2019","170,91","170,99","171,75","170,10","2,84K","-0,60%"
"25.04.2019","171,95","171,24","173,00","171,03","5,67K","0,54%"
"24.04.2019","171,02","170,46","171,02","170,26","10,41K","0,56%"
"23.04.2019","170,07","168,00","170,14","167,41","3,24K","1,83%"
"18.04.2019","167,02","165,85","167,55","165,85","7,50K","0,69%"
"17.04.2019","165,87","165,96","167,00","165,79","3,93K","-0,05%"
"16.04.2019","165,95","165,45","166,10","165,45","6,59K","0,76%"
"15.04.2019","164,70","164,82","165,20","164,20","2,90K","0,04%"
"12.04.2019","164,63","164,87","165,20","164,63","48,22K","-0,37%"
"11.04.2019","165,24","165,21","165,72","165,00","7,23K","0,05%"
"10.04.2019","165,15","164,56","165,37","164,43","4,73K","0,36%"
"09.04.2019","164,56","164,86","164,90","164,11","16,52K","-0,12%"
"08.04.2019","164,76","164,90","165,05","164,16","6,64K","-0,31%"
"05.04.2019","165,27","164,70","165,27","164,47","7,39K","0,69%"
"04.04.2019","164,13","164,34","165,17","164,16","5,33K","-0,63%"
"03.04.2019","165,17","164,36","165,21","163,93","4,17K","0,90%"
"02.04.2019","163,69","163,09","163,80","163,00","47,80K","0,70%"
"01.04.2019","162,56","162,18","162,68","162,00","15,75K","1,28%"
"29.03.2019","160,50","160,19","160,57","159,96","5,31K","0,87%"
"28.03.2019","159,12","158,74","160,15","158,70","9,80K","0,43%"
"27.03.2019","158,44","160,00","160,09","157,88","17,12K","-0,70%"
"26.03.2019","159,56","158,65","160,25","158,58","3,18K","1,04%"
"25.03.2019","157,92","157,77","158,64","157,60","16,66K","-1,14%"
"22.03.2019","159,74","161,25","162,00","159,52","19,77K","-0,50%"
"21.03.2019","160,54","158,17","160,65","157,74","7,40K","1,70%"
"20.03.2019","157,85","158,55","158,84","157,85","19,39K","-0,75%"
"19.03.2019","159,04","158,18","159,30","158,18","6,46K","0,98%"
"18.03.2019","157,49","157,96","158,36","157,49","8,35K","-0,48%"
"15.03.2019","158,25","156,98","158,25","156,98","10,36K","0,71%"
"14.03.2019","157,14","157,08","157,52","156,73","22,20K","-0,28%"
"13.03.2019","157,58","156,52","157,82","156,41","12,17K","0,66%"
"12.03.2019","156,55","156,37","156,72","155,70","17,00K","0,49%"
"11.03.2019","155,79","153,43","155,90","153,22","7,81K","2,29%"
"08.03.2019","152,30","152,82","152,87","151,50","11,13K","-1,04%"
"07.03.2019","153,90","153,50","154,86","153,18","12,48K","-0,19%"
"06.03.2019","154,20","155,20","155,27","154,17","33,70K","-0,71%"
"05.03.2019","155,31","154,62","155,31","154,14","16,36K","0,60%"
"04.03.2019","154,38","155,13","155,85","154,38","4,71K","0,83%"
"01.03.2019","153,11","154,03","154,30","153,11","15,66K","0,07%"
"28.02.2019","153,01","152,22","153,09","152,09","19,13K","0,28%"
"27.02.2019","152,59","152,79","152,97","151,58","12,17K","-0,60%"
"26.02.2019","153,51","153,38","153,80","152,75","14,02K","-0,54%"
"25.02.2019","154,34","153,72","154,62","153,44","14,64K","0,74%"
"22.02.2019","153,20","151,96","152,85","151,96","14,62K","0,76%"
"21.02.2019","152,04","153,07","153,09","151,23","28,41K","-0,47%"
"20.02.2019","152,76","152,52","153,20","152,19","4,50K","0,01%"
"19.02.2019","152,74","153,19","153,19","152,36","2,88K","-0,25%"
"18.02.2019","153,13","152,97","153,24","152,59","1,83K","0,18%"
"15.02.2019","152,86","151,56","153,84","151,47","8,77K","0,62%"
"14.02.2019","151,92","152,92","153,24","151,08","15,09K","-0,25%"
"13.02.2019","152,30","152,20","153,17","152,10","11,06K","0,47%"
"12.02.2019","151,58","151,02","151,86","150,65","15,08K","0,94%"
"11.02.2019","150,17","149,00","150,81","149,00","15,10K","1,38%"
"08.02.2019","148,13","148,15","148,56","147,64","15,92K","0,03%"
"07.02.2019","148,08","150,45","150,52","148,08","16,28K","-1,76%"
"06.02.2019","150,73","150,39","151,12","149,98","7,24K","0,31%"
"05.02.2019","150,26","148,50","150,55","148,50","6,02K","1,12%"
"04.02.2019","148,59","147,35","148,62","146,71","8,99K","1,05%"
"01.02.2019","147,05","147,41","147,84","146,35","22,81K","-0,25%"
"31.01.2019","147,42","146,17","147,42","145,87","2,92K","2,53%"
"30.01.2019","143,78","142,90","144,26","142,71","11,02K","1,24%"
"29.01.2019","142,02","142,80","143,86","141,82","12,90K","-0,46%"
"28.01.2019","142,68","144,98","145,02","142,49","2,87K","-1,81%"
"25.01.2019","145,31","145,25","145,68","144,87","5,14K","0,90%"
"24.01.2019","144,02","143,44","144,47","143,40","5,89K","0,94%"
"23.01.2019","142,68","144,10","144,45","142,50","3,03K","-1,23%"
"22.01.2019","144,45","144,92","145,30","144,36","6,49K","-0,61%"
"21.01.2019","145,34","145,33","145,65","145,01","1,78K","-0,82%"
"18.01.2019","146,54","144,34","146,56","144,31","9,50K","2,04%"
"17.01.2019","143,61","142,46","143,57","141,87","5,60K","-0,15%"
"16.01.2019","143,82","143,30","144,43","142,82","5,74K","0,91%"
"15.01.2019","142,53","140,44","142,53","140,19","8,34K","2,03%"
"14.01.2019","139,69","139,22","139,90","139,00","22,43K","-0,39%"
"11.01.2019","140,23","140,29","140,63","139,68","16,18K","0,04%"
"10.01.2019","140,17","138,77","140,17","138,72","8,16K","0,09%"
"09.01.2019","140,05","139,84","140,65","139,44","7,37K","0,88%"
"08.01.2019","138,83","138,24","140,59","138,08","9,99K","0,54%"
"07.01.2019","138,08","137,69","138,14","136,81","11,79K","0,81%"
"04.01.2019","136,97","133,67","137,01","133,48","22,05K","2,76%"
"03.01.2019","133,29","133,54","135,12","132,60","18,11K","-2,31%"
"02.01.2019","136,44","133,50","136,88","131,50","39,56K","1,44%"
"28.12.2018","134,50","134,52","135,41","133,95","14,94K","2,08%"
"27.12.2018","131,76","133,70","134,97","130,58","3,24K","-1,15%"
"21.12.2018","133,29","134,56","135,45","132,85","40,64K","-0,77%"
"20.12.2018","134,33","138,30","138,30","134,31","38,15K","-4,09%"
"19.12.2018","140,06","139,70","140,71","139,00","19,33K","-0,01%"
"18.12.2018","140,07","140,00","140,61","139,52","24,59K","-1,75%"
"17.12.2018","142,56","143,09","143,26","141,13","17,26K","-1,82%"
"14.12.2018","145,21","144,38","145,60","144,29","18,21K","-0,69%"
"13.12.2018","146,22","147,01","147,51","145,82","15,88K","-1,06%"
"12.12.2018","147,79","145,59","147,99","145,59","17,67K","1,42%"
"11.12.2018","145,72","144,78","146,84","144,78","11,53K","2,94%"
"10.12.2018","141,56","141,58","142,81","141,00","7,53K","-1,75%"
"07.12.2018","144,08","145,82","147,08","144,13","6,17K","0,22%"
"06.12.2018","143,76","145,59","145,59","142,90","18,96K","-2,61%"
"05.12.2018","147,62","150,00","150,00","147,03","8,71K","-2,24%"
"04.12.2018","151,00","150,77","151,74","150,17","7,03K","-0,89%"
"03.12.2018","152,35","150,00","153,89","150,00","17,83K","2,12%"
"30.11.2018","149,19","148,55","149,45","147,98","6,21K","0,72%"
"29.11.2018","148,13","148,37","148,57","147,36","12,64K","1,40%"
"28.11.2018","146,09","145,83","146,60","145,71","10,61K","0,59%"
"27.11.2018","145,24","144,05","145,69","143,13","8,19K","1,55%"
"26.11.2018","143,03","142,21","143,66","142,21","5,54K","0,88%"
"23.11.2018","141,78","140,71","141,80","140,71","4,72K","1,26%"
"22.11.2018","140,01","141,22","141,32","139,27","6,56K","-1,64%"
"21.11.2018","142,34","141,64","142,44","140,95","20,52K","0,99%"
"20.11.2018","140,95","141,54","141,74","138,85","11,24K","-1,89%"
"19.11.2018","143,66","147,80","148,50","143,91","12,69K","-2,25%"
"16.11.2018","146,97","148,05","148,07","146,11","33,80K","-0,31%"
"15.11.2018","147,42","147,40","147,52","145,50","22,70K","0,13%"
"14.11.2018","147,23","148,00","149,57","146,91","34,57K","-2,01%"
"13.11.2018","150,25","149,72","150,64","148,48","24,86K","1,11%"
"12.11.2018","148,60","153,70","153,83","149,27","7,58K","-2,31%"
"09.11.2018","152,11","153,80","153,80","152,06","24,92K","-1,10%"
"08.11.2018","153,80","154,15","154,45","153,22","41,97K","0,80%"
"07.11.2018","152,58","150,25","152,62","150,25","18,07K","2,27%"
"06.11.2018","149,20","148,86","150,48","148,27","13,04K","0,95%"
"05.11.2018","147,80","149,81","150,50","147,31","15,81K","-1,37%"
"02.11.2018","149,86","152,06","152,30","149,06","76,72K","-0,64%"
"01.11.2018","150,82","149,97","151,02","149,08","21,10K","0,07%"
"31.10.2018","150,71","148,04","151,62","148,00","11,72K","3,69%"
"30.10.2018","145,34","145,76","146,30","143,30","22,50K","-0,66%"
"29.10.2018","146,30","147,94","150,06","145,95","19,52K","-0,48%"
"26.10.2018","147,00","147,85","148,23","144,95","18,56K","-2,19%"
"25.10.2018","150,29","147,90","150,52","146,88","11,22K","0,21%"
"24.10.2018","149,97","151,19","153,32","149,97","31,89K","0,34%"
"23.10.2018","149,46","150,31","150,50","148,28","29,50K","-2,21%"
"22.10.2018","152,84","151,16","153,31","151,08","4,04K","0,21%"
"19.10.2018","152,52","153,17","153,98","152,40","11,70K","0,34%"
"18.10.2018","152,00","154,69","154,89","152,00","14,04K","-1,22%"
"17.10.2018","153,87","155,41","155,51","153,00","20,23K","1,04%"
"16.10.2018","152,28","150,11","152,28","149,88","37,75K","1,19%"
"15.10.2018","150,49","150,39","150,92","148,92","41,11K","-0,19%"
"12.10.2018","150,78","150,86","151,52","149,90","145,47K","1,71%"
"11.10.2018","148,25","148,06","150,53","146,74","147,19K","-3,07%"
"10.10.2018","152,94","157,13","157,19","152,70","21,86K","-3,16%"
"09.10.2018","157,93","156,99","158,16","156,61","20,70K","1,04%"
"08.10.2018","156,30","157,46","157,98","156,30","49,41K","-0,59%"
"05.10.2018","157,22","159,38","159,45","157,22","22,95K","-1,49%"
"04.10.2018","159,59","162,12","162,13","159,44","15,39K","-1,78%"
"03.10.2018","162,48","161,61","162,78","161,55","7,22K","0,08%"
"02.10.2018","162,35","161,70","162,38","161,40","21,77K","-0,16%"
"01.10.2018","162,61","162,33","162,61","161,75","7,62K","1,14%"
"28.09.2018","160,78","160,50","161,02","160,44","10,26K","0,34%"
"27.09.2018","160,24","158,32","160,46","158,13","1,37K","0,94%"
"26.09.2018","158,75","158,37","158,54","158,00","3,74K","0,90%"
"25.09.2018","157,34","157,39","157,79","156,64","9,46K","0,41%"
"24.09.2018","156,70","156,30","156,70","155,00","5,01K","-0,78%"
"21.09.2018","157,93","158,10","158,47","157,63","16,37K","0,05%"
"20.09.2018","157,85","157,02","157,92","156,80","9,81K","0,63%"
"19.09.2018","156,86","157,40","157,40","156,41","13,99K","-0,59%"
"18.09.2018","157,79","156,00","157,79","155,73","9,06K","0,72%"
"17.09.2018","156,66","158,60","158,66","156,37","3,37K","-1,46%"
"14.09.2018","158,98","158,96","159,24","158,62","4,39K","0,23%"
"13.09.2018","158,61","157,65","158,64","157,62","19,08K","0,67%"
"12.09.2018","157,55","159,10","159,49","156,70","21,38K","-0,37%"
"11.09.2018","158,14","157,55","158,53","156,80","10,71K","0,64%"
"10.09.2018","157,14","158,38","158,39","156,60","5,48K","-0,70%"
"07.09.2018","158,24","156,90","158,37","156,49","21,21K","0,78%"
"06.09.2018","157,02","158,36","159,01","156,19","14,62K","-0,82%"
"05.09.2018","158,32","161,03","161,18","158,10","10,31K","-2,16%"
"04.09.2018","161,81","162,49","162,70","160,90","15,48K","-0,04%"
"03.09.2018","161,87","162,02","162,02","161,41","18,00K","0,20%"
"31.08.2018","161,54","160,55","161,66","160,08","5,88K","0,31%"
"30.08.2018","161,04","160,29","161,32","160,00","8,22K","0,54%"
"29.08.2018","160,17","159,31","160,00","159,14","1,94K","1,22%"
"28.08.2018","158,24","158,69","158,76","158,24","1,86K","-0,18%"
"27.08.2018","158,53","158,70","158,78","158,22","8,76K","0,44%"
"24.08.2018","157,84","157,29","157,88","157,00","6,30K","0,52%"
"23.08.2018","157,03","157,27","158,16","156,84","4,24K","0,05%"
"22.08.2018","156,95","156,17","156,61","155,45","1,85K","-0,44%"
"21.08.2018","157,65","157,20","157,73","156,93","2,12K","0,03%"
"20.08.2018","157,60","158,88","159,03","157,32","6,94K","0,00%"
"17.08.2018","157,60","158,70","158,74","156,94","5,83K","-1,17%"
"16.08.2018","159,46","159,39","159,79","158,94","9,62K","-0,57%"
"14.08.2018","160,38","159,77","160,36","159,05","2,41K","0,67%"
"13.08.2018","159,31","158,84","160,09","158,46","7,89K","-0,06%"
"10.08.2018","159,41","158,74","159,41","158,39","8,45K","0,66%"
"09.08.2018","158,36","157,49","158,36","157,46","3,28K","0,35%"
"08.08.2018","157,81","157,22","157,91","157,09","10,60K","0,36%"
"07.08.2018","157,25","157,71","157,85","157,12","16,09K","0,27%"
"06.08.2018","156,82","156,70","156,90","156,45","7,81K","0,83%"
"03.08.2018","155,53","155,92","156,25","155,53","9,57K","0,80%"
"02.08.2018","154,29","152,52","154,29","151,88","43,59K","1,33%"
"01.08.2018","152,27","152,21","152,82","151,79","38,17K","0,67%"
"31.07.2018","151,25","150,44","151,48","150,09","15,00K","0,38%"
"30.07.2018","150,68","154,00","154,00","150,44","51,73K","-2,67%"
"27.07.2018","154,82","156,23","156,79","154,56","25,35K","-0,55%"
"26.07.2018","155,67","154,57","155,78","154,22","33,31K","-0,15%"
"25.07.2018","155,90","156,19","156,19","154,82","22,43K","0,37%"
"24.07.2018","155,32","155,73","156,23","155,20","18,84K","1,05%"
"23.07.2018","153,70","153,00","153,70","152,72","6,28K","-0,54%"
"20.07.2018","154,54","155,01","155,14","153,88","15,89K","-0,66%"
"19.07.2018","155,56","155,56","155,70","154,89","8,09K","0,06%"
"18.07.2018","155,47","155,91","156,03","154,85","9,20K","0,88%"
"17.07.2018","154,11","152,02","153,78","151,99","14,25K","0,10%"
"16.07.2018","153,96","154,37","154,73","153,85","26,68K","-0,65%"
"13.07.2018","154,97","153,92","155,59","153,92","9,19K","1,01%"
"12.07.2018","153,42","152,30","153,47","152,01","8,30K","1,46%"
"11.07.2018","151,21","150,29","151,51","150,19","27,66K","-0,43%"
"10.07.2018","151,86","152,00","152,66","151,83","28,14K","0,65%"
"09.07.2018","150,88","150,50","151,00","150,39","7,36K","0,89%"
"06.07.2018","149,55","148,75","149,55","147,98","6,05K","1,18%"
"05.07.2018","147,81","146,76","148,11","146,76","9,10K","0,24%"
"04.07.2018","147,45","147,10","147,86","147,10","4,24K","-0,85%"
"03.07.2018","148,72","149,48","149,94","148,59","4,14K","0,43%"
"02.07.2018","148,08","146,79","148,52","146,72","11,36K","-0,29%"
"29.06.2018","148,51","148,75","149,20","148,16","5,25K","0,30%"
"28.06.2018","148,07","149,38","149,38","146,60","6,61K","-1,13%"
"27.06.2018","149,76","148,14","150,53","147,56","21,30K","1,05%"
"26.06.2018","148,21","147,98","148,90","147,55","7,41K","0,63%"
"25.06.2018","147,28","150,88","150,88","147,28","11,55K","-2,98%"
"22.06.2018","151,80","151,98","152,58","151,26","25,54K","-0,94%"
"21.06.2018","153,24","155,24","155,24","152,74","21,17K","-0,47%"
"20.06.2018","153,96","153,38","154,20","153,38","12,38K","1,28%"
"19.06.2018","152,02","151,64","152,44","151,30","13,63K","-0,60%"
"18.06.2018","152,94","152,78","152,98","151,92","5,07K","0,16%"
"15.06.2018","152,70","154,34","154,56","152,50","50,41K","-0,34%"
"14.06.2018","153,22","149,00","153,22","149,00","10,26K","1,43%"
"13.06.2018","151,06","150,62","151,10","150,16","9,69K","1,03%"
"12.06.2018","149,52","149,66","149,66","148,80","10,42K","0,51%"
"11.06.2018","148,76","148,36","148,76","148,34","3,04K","0,05%"
"08.06.2018","148,68","148,40","148,70","147,48","5,90K","0,12%"
"07.06.2018","148,50","149,96","150,04","148,00","10,87K","-0,78%"
"06.06.2018","149,66","150,34","150,34","148,68","21,52K","-0,27%"
"05.06.2018","150,06","149,40","150,92","149,40","30,49K","0,47%"
"04.06.2018","149,36","149,00","149,36","148,36","13,89K","0,59%"
"01.06.2018","148,48","146,86","148,48","146,40","19,32K","1,09%"
"31.05.2018","146,88","146,74","146,80","146,20","15,66K","0,00%"
"30.05.2018","146,88","147,02","147,32","146,54","30,97K","-0,26%"
"29.05.2018","147,26","146,80","147,32","146,40","39,71K","0,04%"
"28.05.2018","147,20","146,42","147,36","146,32","10,15K","0,40%"
"25.05.2018","146,62","146,00","146,74","145,76","7,30K","1,50%"
"24.05.2018","144,46","145,00","145,64","144,00","31,37K","0,32%"
"23.05.2018","144,00","143,40","143,82","142,68","10,51K","0,17%"
"22.05.2018","143,76","143,54","144,24","143,34","20,97K","0,29%"
"21.05.2018","143,34","144,22","144,64","143,34","17,77K","-0,06%"
"18.05.2018","143,42","143,62","143,94","142,90","18,18K","-0,49%"
"17.05.2018","144,12","143,26","144,24","143,10","7,94K","0,39%"
"16.05.2018","143,56","142,50","143,90","142,46","15,06K","1,21%"
"15.05.2018","141,84","142,70","143,14","141,84","8,45K","-0,80%"
"14.05.2018","142,98","142,80","142,98","142,30","6,62K","0,27%"
"11.05.2018","142,60","142,96","143,14","142,00","10,77K","-0,15%"
"10.05.2018","142,82","142,00","143,06","141,52","5,71K","1,41%"
"09.05.2018","140,84","141,08","141,48","140,54","20,90K","0,23%"
"08.05.2018","140,52","140,20","140,84","140,06","10,60K","0,11%"
"07.05.2018","140,36","138,90","140,46","138,90","5,79K","1,40%"
"04.05.2018","138,42","136,00","138,42","135,52","8,73K","3,11%"
"03.05.2018","134,24","135,52","135,74","134,08","3,59K","-1,74%"
"02.05.2018","136,62","136,84","137,08","136,40","1,89K","0,99%"
"30.04.2018","135,28","135,06","136,04","135,06","2,16K","0,22%"
"27.04.2018","134,98","135,00","137,18","134,04","11,51K","0,76%"
"26.04.2018","133,96","132,30","134,12","132,00","14,78K","2,04%"
"25.04.2018","131,28","130,46","131,22","129,10","0,54K","-0,59%"
"24.04.2018","132,06","133,78","134,50","131,50","10,12K","-1,80%"
"23.04.2018","134,48","133,24","134,60","133,02","4,19K","1,11%"
"20.04.2018","133,00","134,06","134,82","133,20","13,79K","-1,03%"
"19.04.2018","134,38","135,18","135,34","133,96","1,58K","-0,59%"
"18.04.2018","135,18","135,00","135,60","134,38","8,80K","0,21%"
"17.04.2018","134,90","132,68","134,82","132,60","21,25K","2,49%"
"16.04.2018","131,62","132,02","132,24","131,38","23,13K","-0,24%"
"13.04.2018","131,94","132,22","133,04","131,64","57,84K","-0,39%"
"12.04.2018","132,46","130,68","132,80","130,52","8,73K","1,42%"
"11.04.2018","130,60","130,32","130,82","129,50","30,41K","-0,20%"
"10.04.2018","130,86","131,36","131,36","129,72","43,98K","0,21%"
"09.04.2018","130,58","129,72","130,58","128,84","15,20K","0,38%"
"06.04.2018","130,08","130,72","131,26","130,16","16,43K","-2,06%"
"05.04.2018","132,82","132,34","132,82","131,48","9,55K","3,46%"
"04.04.2018","128,38","128,02","128,38","125,68","146,59K","0,09%"
"03.04.2018","128,26","127,64","128,96","126,80","77,78K","-1,31%"
"29.03.2018","129,96","129,10","130,60","127,90","56,61K","1,80%"
"28.03.2018","127,66","129,42","129,90","127,64","62,29K","-4,37%"
"27.03.2018","133,50","133,88","134,98","133,10","45,27K","2,85%"
"26.03.2018","129,80","131,24","131,50","129,00","46,11K","-1,41%"
"23.03.2018","131,66","132,36","133,20","131,22","64,26K","-2,08%"
"22.03.2018","134,46","136,10","136,10","133,50","66,75K","-2,52%"
"21.03.2018","137,94","137,12","137,94","136,82","25,60K","0,20%"
"20.03.2018","137,66","136,44","137,72","136,28","27,97K","1,30%"
"19.03.2018","135,90","139,18","139,26","135,70","83,85K","-2,98%"
"16.03.2018","140,08","139,88","140,86","139,82","8,69K","-0,07%"
"15.03.2018","140,18","139,64","140,40","139,22","11,38K","0,53%"
"14.03.2018","139,44","139,84","140,50","138,98","37,51K","-0,49%"
"13.03.2018","140,12","141,96","142,38","139,60","74,55K","-1,44%"
"12.03.2018","142,16","141,98","142,22","141,50","18,02K","1,28%"
"09.03.2018","140,36","138,54","140,36","138,54","13,80K","1,47%"
"08.03.2018","138,32","137,10","138,46","137,00","11,65K","1,47%"
"07.03.2018","136,32","135,38","136,32","134,90","6,16K","0,31%"
"06.03.2018","135,90","137,04","137,30","135,90","14,21K","0,03%"
"05.03.2018","135,86","134,64","135,86","134,52","22,83K","1,66%"
"02.03.2018","133,64","134,96","135,26","132,50","27,86K","-2,78%"
"01.03.2018","137,46","138,28","138,42","137,30","9,44K","-0,81%"
"28.02.2018","138,58","138,54","139,80","138,54","35,78K","-0,35%"
"27.02.2018","139,06","138,76","139,78","138,64","9,28K","0,52%"
"26.02.2018","138,34","137,36","138,50","137,14","14,28K","1,75%"
"23.02.2018","135,96","135,70","135,96","135,16","5,57K","0,43%"
"22.02.2018","135,38","134,32","135,64","134,00","3,34K","-0,78%"
"21.02.2018","136,44","135,00","136,44","134,76","10,59K","0,80%"
"20.02.2018","135,36","134,12","135,38","133,50","20,95K","1,20%"
"19.02.2018","133,76","134,24","134,54","133,76","1,99K","-0,28%"
"16.02.2018","134,14","133,60","134,26","133,42","17,97K","1,64%"
"15.02.2018","131,98","131,92","132,22","131,06","7,74K","1,20%"
"14.02.2018","130,42","130,40","130,82","129,10","11,51K","1,12%"
"13.02.2018","128,98","129,30","129,60","128,50","3,82K","-0,42%"
"12.02.2018","129,52","128,56","130,14","128,54","9,11K","2,27%"
"09.02.2018","126,64","128,00","128,22","125,64","30,18K","-2,25%"
"08.02.2018","129,56","131,12","131,92","129,44","24,70K","-2,81%"
"07.02.2018","133,30","130,34","133,58","130,22","27,88K","4,34%"
"06.02.2018","127,76","130,72","130,72","125,88","100,96K","-4,11%"
"05.02.2018","133,24","132,82","134,04","131,56","22,26K","-0,85%"
"02.02.2018","134,38","135,50","135,50","133,94","79,72K","-1,45%"
"01.02.2018","136,36","137,46","137,46","135,56","9,77K","-0,19%"
"31.01.2018","136,62","136,86","137,18","136,60","27,87K","-0,31%"
"30.01.2018","137,04","137,60","137,84","135,84","18,73K","-1,14%"
"29.01.2018","138,62","138,54","138,90","137,92","70,01K","0,90%"
"26.01.2018","137,38","136,16","137,38","136,14","13,35K","1,07%"
"25.01.2018","135,92","136,34","137,40","135,22","47,25K","-0,51%"
"24.01.2018","136,62","138,40","138,48","136,62","33,14K","-1,44%"
"23.01.2018","138,62","137,90","138,86","137,90","2,92K","0,99%"
"22.01.2018","137,26","136,78","137,34","136,20","3,03K","0,59%"
"19.01.2018","136,46","135,94","136,74","135,60","4,80K","0,25%"
"18.01.2018","136,12","136,00","136,54","135,54","3,13K","0,44%"
"17.01.2018","135,52","135,32","135,92","134,96","9,01K","-0,46%"
"16.01.2018","136,14","135,58","137,00","135,58","2,60K","0,74%"
"15.01.2018","135,14","135,86","135,88","134,84","4,02K","-0,65%"
"12.01.2018","136,02","136,54","136,56","135,28","1,92K","0,24%"
"11.01.2018","135,70","136,92","136,92","135,54","1,62K","-0,12%"
"10.01.2018","135,86","136,70","136,70","135,22","4,34K","-0,99%"
"09.01.2018","137,22","136,88","137,54","136,66","2,48K","0,56%"
"08.01.2018","136,46","136,08","136,46","135,72","4,16K","1,04%"
"05.01.2018","135,06","134,06","135,06","134,06","10,52K","1,02%"
"04.01.2018","133,70","134,16","134,16","133,30","6,20K","0,06%"
"03.01.2018","133,62","132,54","133,62","132,50","0,62K","1,30%"
"02.01.2018","131,90","130,38","131,94","129,62","2,56K","0,93%"
"29.12.2017","130,68","132,00","132,00","130,68","0,79K","-0,89%"
"28.12.2017","131,86","132,40","132,46","131,80","0,15K","-0,54%"
"27.12.2017","132,58","132,98","133,18","132,40","15,52K","-0,96%"
"22.12.2017","133,86","134,20","134,20","133,54","1,18K","-0,15%"
"21.12.2017","134,06","133,24","134,06","133,24","8,26K","0,62%"
"20.12.2017","133,24","134,56","135,64","133,18","4,56K","-0,97%"
"19.12.2017","134,54","133,24","136,18","133,24","4,35K","-0,41%"
"18.12.2017","135,10","134,82","135,52","133,08","1,74K","0,69%"
"15.12.2017","134,18","134,10","134,22","132,96","1,46K","0,46%"
"14.12.2017","133,56","134,20","134,20","132,78","0,88K","0,04%"
"13.12.2017","133,50","133,36","133,70","133,16","2,50K","-0,21%"
"12.12.2017","133,78","132,96","133,78","132,96","1,67K","1,16%"
"11.12.2017","132,24","132,00","132,72","131,54","3,63K","-0,11%"
"08.12.2017","132,38","132,50","132,70","132,50","0,56K","0,79%"
"07.12.2017","131,34","131,18","131,52","130,64","1,05K","0,58%"
"06.12.2017","130,58","129,42","130,76","129,20","1,84K","-0,49%"
"05.12.2017","131,22","129,46","131,24","128,68","13,19K","0,88%"
"04.12.2017","130,08","131,80","131,94","129,72","12,76K","0,79%"
"01.12.2017","129,06","130,26","132,12","129,00","5,45K","-1,24%"
"30.11.2017","130,68","130,24","130,94","130,16","1,91K","0,11%"
"29.11.2017","130,54","132,66","132,96","130,48","6,77K","-1,27%"
"28.11.2017","132,22","131,98","132,40","131,72","47,21K","0,62%"
"27.11.2017","131,40","130,10","133,24","130,10","1,51K","-0,04%"
"24.11.2017","131,45","132,05","132,24","131,38","0,71K","-0,36%"
"23.11.2017","131,92","132,21","132,21","131,92","0,61K","-0,44%"
"22.11.2017","132,50","133,00","133,24","132,50","1,63K","-0,44%"
"21.11.2017","133,08","131,83","133,33","131,70","9,75K","1,10%"
"20.11.2017","131,63","131,42","131,70","130,98","0,87K","0,10%"
"17.11.2017","131,50","131,76","131,82","131,50","0,42K","-0,20%"
"16.11.2017","131,76","131,07","131,80","130,77","2,26K","1,13%"
"15.11.2017","130,29","130,00","130,29","129,29","7,91K","-0,47%"
"14.11.2017","130,90","132,29","132,29","130,90","2,93K","-1,29%"
"13.11.2017","132,61","132,86","132,86","131,73","6,57K","0,29%"
"10.11.2017","132,23","132,87","132,87","131,90","13,81K","-0,02%"
"09.11.2017","132,25","133,78","133,78","132,25","8,15K","-0,97%"
"08.11.2017","133,54","133,47","133,54","133,18","23,40K","0,02%"
"07.11.2017","133,51","133,58","133,77","133,31","3,26K","0,32%"
"06.11.2017","133,09","132,49","133,41","132,49","3,40K","0,64%"
"03.11.2017","132,24","131,33","132,24","131,29","0,96K","1,19%"
"02.11.2017","130,69","131,11","131,19","129,88","8,12K","-0,81%"
"01.11.2017","131,76","131,96","132,17","131,55","0,56K","0,37%"
"31.10.2017","131,27","130,09","131,99","130,09","1,89K","0,41%"
"30.10.2017","130,73","131,50","131,79","130,56","31,20K","-0,10%"
"27.10.2017","130,86","128,41","130,86","128,25","1,41K","3,39%"
"26.10.2017","126,57","125,40","126,58","125,40","1,71K","1,32%"
"25.10.2017","124,92","126,31","126,31","124,73","26,82K","-1,26%"
"24.10.2017","126,52","126,60","126,60","126,13","9,47K","-0,41%"
"23.10.2017","127,04","127,29","127,65","126,87","1,61K","0,16%"
"20.10.2017","126,84","126,80","127,07","126,50","1,25K","0,97%"
"19.10.2017","125,62","126,15","126,15","125,00","15,05K","-1,22%"
"18.10.2017","127,17","127,49","127,65","127,07","0,82K","-0,09%"
"17.10.2017","127,29","127,31","127,46","127,17","0,95K","0,58%"
"16.10.2017","126,56","126,83","126,87","126,56","2,35K","0,48%"
"13.10.2017","125,95","125,66","126,15","125,53","3,21K","0,11%"
"12.10.2017","125,81","125,45","125,81","125,25","0,75K","0,39%"
"11.10.2017","125,32","125,48","125,57","125,00","6,36K","-0,19%"
"10.10.2017","125,56","126,19","126,27","125,52","2,65K","-0,77%"
"09.10.2017","126,53","126,73","126,79","126,48","0,90K","0,17%"
"06.10.2017","126,31","126,94","126,94","126,25","2,76K","0,26%"
"05.10.2017","125,98","124,76","126,00","124,74","8,32K","0,91%"
"04.10.2017","124,84","124,73","124,84","124,36","2,94K","0,10%"
"03.10.2017","124,72","124,99","125,00","124,52","1,72K","-0,03%"
"02.10.2017","124,76","124,57","125,09","124,25","3,61K","0,91%"
"29.09.2017","123,64","123,22","123,64","123,13","8,72K","0,52%"
"28.09.2017","123,00","123,64","123,64","123,00","4,90K","-0,19%"
"27.09.2017","123,23","123,07","123,88","123,00","3,30K","0,79%"
"26.09.2017","122,26","121,65","122,81","121,65","4,23K","0,85%"
"25.09.2017","121,23","121,92","122,35","120,90","2,85K","-0,03%"
"22.09.2017","121,27","121,34","121,45","121,00","14,26K","-0,67%"
"21.09.2017","122,09","122,80","122,98","122,00","7,78K","0,19%"
"20.09.2017","121,86","122,23","122,38","121,70","1,52K","-0,64%"
"19.09.2017","122,65","122,16","122,71","122,08","1,54K","-0,44%"
"18.09.2017","123,19","123,32","123,32","122,87","16,09K","0,25%"
"15.09.2017","122,88","122,60","122,88","121,92","4,12K","-0,60%"
"14.09.2017","123,62","123,45","123,76","123,09","12,02K","0,19%"
"13.09.2017","123,39","122,58","123,42","122,39","2,72K","0,66%"
"12.09.2017","122,58","122,58","123,17","122,53","3,84K","0,39%"
"11.09.2017","122,10","121,69","123,28","121,46","2,38K","0,98%"
"08.09.2017","120,92","121,13","121,27","120,91","3,74K","-0,61%"
"07.09.2017","121,66","122,11","122,11","121,22","3,47K","0,13%"
"06.09.2017","121,50","122,14","122,24","121,34","2,00K","-0,62%"
"05.09.2017","122,26","123,25","123,38","122,26","2,79K","-0,42%"
"04.09.2017","122,78","122,70","122,93","122,56","8,00K","-0,66%"
"01.09.2017","123,59","123,52","123,81","123,16","2,23K","0,38%"
"31.08.2017","123,12","122,41","123,33","122,41","1,34K","1,49%"
"30.08.2017","121,31","120,72","121,50","120,47","32,04K","1,86%"
"29.08.2017","119,09","118,33","119,19","117,39","22,97K","-0,46%"
"28.08.2017","119,64","119,26","119,95","119,20","1,87K","-0,44%"
"25.08.2017","120,17","121,32","121,70","120,55","0,71K","-0,46%"
"24.08.2017","120,72","121,60","121,83","120,70","2,29K","-0,67%"
"23.08.2017","121,53","122,00","122,00","121,53","0,30K","-0,39%"
"22.08.2017","122,01","120,92","121,97","120,80","1,63K","1,92%"
"21.08.2017","119,71","120,74","120,89","119,25","1,77K","-1,42%"
"18.08.2017","121,43","120,85","121,45","120,51","30,79K","-0,74%"
"17.08.2017","122,34","123,74","124,00","122,34","0,46K","-1,39%"
"16.08.2017","124,06","123,52","124,12","123,50","0,94K","1,14%"
"14.08.2017","122,66","121,40","122,87","121,40","0,27K","1,69%"
"11.08.2017","120,62","120,75","120,91","120,00","1,87K","-1,03%"
"10.08.2017","121,88","122,48","123,24","121,74","3,17K","-0,82%"
"09.08.2017","122,89","122,97","123,13","122,45","2,55K","-0,95%"
"08.08.2017","124,07","122,99","124,07","122,69","0,43K","0,81%"
"07.08.2017","123,07","122,90","123,07","122,44","1,92K","0,02%"
"04.08.2017","123,05","121,33","123,05","121,33","0,65K","1,33%"
"03.08.2017","121,43","122,12","122,30","121,43","3,97K","0,16%"
"02.08.2017","121,24","122,90","122,90","120,98","1,54K","-0,74%"
"01.08.2017","122,15","122,34","122,50","121,75","3,39K","-0,07%"
"31.07.2017","122,23","123,57","123,66","122,13","0,91K","-0,48%"
"28.07.2017","122,82","122,85","123,12","122,32","2,99K","-2,38%"
"27.07.2017","125,81","124,74","125,81","124,74","3,18K","0,68%"
"26.07.2017","124,96","124,85","125,29","124,85","3,31K","0,32%"
"25.07.2017","124,56","124,38","124,70","123,86","0,94K","0,14%"
"24.07.2017","124,39","124,02","124,59","124,02","1,18K","0,23%"
"21.07.2017","124,10","124,20","124,58","123,81","2,37K","-0,14%"
"20.07.2017","124,27","125,58","126,00","124,20","1,32K","-1,04%"
"19.07.2017","125,58","125,26","125,58","125,13","1,43K","1,35%"
"18.07.2017","123,91","124,21","124,42","123,37","12,31K","-0,63%"
"17.07.2017","124,69","124,93","125,12","124,47","1,65K","0,37%"
"14.07.2017","124,23","124,23","124,34","124,10","2,02K","-0,22%"
"13.07.2017","124,50","123,96","124,76","123,96","34,37K","0,67%"
"12.07.2017","123,67","122,04","123,82","122,04","13,44K","1,54%"
"11.07.2017","121,79","122,33","122,60","121,79","1,56K","-0,25%"
"10.07.2017","122,10","121,75","122,18","121,50","10,68K","0,49%"
"07.07.2017","121,51","119,90","121,51","119,87","6,30K","0,80%"
"06.07.2017","120,55","121,47","121,47","120,03","3,54K","-0,81%"
"05.07.2017","121,53","120,12","121,80","120,02","3,05K","1,17%"
"04.07.2017","120,13","119,81","121,07","119,80","7,33K","-0,76%"
"03.07.2017","121,05","121,54","122,41","120,66","2,52K","-0,26%"
"30.06.2017","121,37","120,93","121,77","120,91","10,53K","0,30%"
"29.06.2017","121,01","123,55","123,55","121,01","2,25K","-1,88%"
"28.06.2017","123,33","124,00","124,00","121,30","9,46K","-1,23%"
"27.06.2017","124,86","126,28","126,28","124,74","1,62K","-1,07%"
"26.06.2017","126,21","127,46","128,00","126,21","3,89K","-0,43%"
"23.06.2017","126,76","127,09","127,22","126,40","1,63K","-0,32%"
"22.06.2017","127,17","127,48","127,48","126,89","3,50K","0,36%"
"21.06.2017","126,71","125,64","127,02","125,39","0,82K","-0,03%"
"20.06.2017","126,75","126,92","127,12","126,60","3,02K","0,23%"
"19.06.2017","126,46","124,97","126,50","124,97","2,44K","1,76%"
"16.06.2017","124,27","125,00","125,59","123,95","15,31K","-0,42%"
"15.06.2017","124,80","124,68","124,82","123,97","3,50K","-0,37%"
"14.06.2017","125,26","125,52","126,24","124,95","10,14K","-0,03%"
"13.06.2017","125,30","125,35","125,80","125,00","14,60K","0,27%"
"12.06.2017","124,96","127,75","127,75","123,34","49,26K","-2,86%"
"09.06.2017","128,64","129,05","129,27","128,64","4,15K","0,20%"
"08.06.2017","128,38","128,01","128,93","128,01","7,33K","0,30%"
"07.06.2017","127,99","127,59","128,35","127,59","1,20K","0,01%"
"06.06.2017","127,98","128,06","128,13","127,70","1,18K","-0,06%"
"05.06.2017","128,06","127,97","128,31","127,92","3,87K","0,63%"
"02.06.2017","127,26","127,68","127,77","126,80","0,35K","0,43%"
"01.06.2017","126,71","126,69","126,94","126,34","2,89K","0,52%"
"31.05.2017","126,05","127,15","127,15","125,91","2,47K","-0,83%"
"30.05.2017","127,10","128,01","128,01","126,77","17,91K","0,02%"
"29.05.2017","127,08","127,27","127,27","127,02","1,66K","0,07%"
"26.05.2017","126,99","128,13","128,13","126,25","3,07K","0,67%"
"25.05.2017","126,15","125,58","126,15","125,20","2,03K","0,67%"
"24.05.2017","125,31","125,29","125,40","125,15","0,98K","0,65%"
"23.05.2017","124,50","124,21","124,87","124,21","4,32K","0,31%"
"22.05.2017","124,12","124,10","124,17","123,30","3,26K","0,12%"
"19.05.2017","123,97","123,94","124,10","123,78","2,56K","0,05%"
"18.05.2017","123,91","123,35","124,20","122,25","8,14K","0,01%"
"17.05.2017","123,90","126,06","126,12","123,69","2,34K","-2,00%"
"16.05.2017","126,43","126,78","126,78","126,07","0,70K","-0,59%"
"15.05.2017","127,18","127,61","127,76","126,89","2,00K","-0,24%"
"12.05.2017","127,48","127,71","127,74","127,21","1,00K","0,04%"
"11.05.2017","127,43","127,79","127,86","127,11","2,03K","-0,36%"
"10.05.2017","127,89","127,67","128,02","127,48","69,87K","0,08%"
"09.05.2017","127,79","127,04","127,86","126,86","7,78K","1,09%"
"08.05.2017","126,41","125,83","126,50","125,83","1,57K","0,89%"
"05.05.2017","125,29","125,50","125,84","125,22","1,53K","-0,60%"
"04.05.2017","126,04","126,59","126,59","125,59","1,93K","-0,03%"
"03.05.2017","126,08","126,20","126,43","125,95","7,40K","-0,40%"
"02.05.2017","126,59","126,19","128,57","126,19","14,12K","0,98%"
"28.04.2017","125,36","125,74","125,76","125,13","4,38K","0,06%"
"27.04.2017","125,29","124,49","125,42","124,34","2,92K","0,17%"
"26.04.2017","125,08","124,42","125,02","124,42","0,68K","0,78%"
"25.04.2017","124,11","124,16","124,28","123,97","0,29K","0,12%"
"24.04.2017","123,96","124,09","124,22","123,82","2,01K","-0,59%"
"21.04.2017","124,70","124,27","124,93","124,27","1,77K","1,03%"
"20.04.2017","123,43","123,80","123,81","123,10","10,65K","-0,61%"
"19.04.2017","124,19","123,40","124,19","123,14","3,79K","0,28%"
"18.04.2017","123,84","126,27","126,28","123,16","2,24K","-0,35%"
"13.04.2017","124,27","123,76","124,43","123,34","2,27K","0,02%"
"12.04.2017","124,24","124,78","124,86","124,23","2,68K","0,20%"
"11.04.2017","123,99","125,25","125,35","123,63","21,25K","-0,97%"
"10.04.2017","125,20","125,47","125,84","125,20","2,85K","0,18%"
"07.04.2017","124,98","124,84","125,08","124,29","10,55K","0,02%"
"06.04.2017","124,96","124,06","124,96","124,02","2,04K","-0,53%"
"05.04.2017","125,62","124,68","125,71","124,68","0,90K","0,72%"
"04.04.2017","124,72","124,75","124,78","124,27","5,82K","-0,07%"
"03.04.2017","124,81","125,11","125,13","124,50","14,25K","0,07%"
"31.03.2017","124,72","124,37","124,79","124,16","2,72K","0,39%"
"30.03.2017","124,23","123,79","124,23","123,70","0,74K","0,64%"
"29.03.2017","123,44","123,09","123,63","122,78","3,73K","1,52%"
"28.03.2017","121,59","121,55","121,68","121,26","1,29K","0,57%"
"27.03.2017","120,90","121,00","121,01","119,68","2,85K","-0,97%"
"24.03.2017","122,08","122,10","122,42","121,54","3,10K","-0,08%"
"23.03.2017","122,18","121,88","122,28","121,81","1,20K","0,47%"
"22.03.2017","121,61","121,26","121,76","120,22","12,44K","-0,07%"
"21.03.2017","121,70","123,75","123,75","121,70","4,97K","-1,51%"
"20.03.2017","123,57","122,95","123,70","122,95","2,41K","-0,09%"
"17.03.2017","123,68","123,22","123,82","123,22","2,20K","0,14%"
"16.03.2017","123,51","124,23","124,40","123,43","8,05K","-0,67%"
"15.03.2017","124,34","123,80","124,91","123,80","1,75K","0,42%"
"14.03.2017","123,82","124,25","124,27","123,57","3,94K","0,02%"
"13.03.2017","123,79","123,27","123,87","123,27","0,30K","0,02%"
"10.03.2017","123,77","124,34","124,42","123,77","3,25K","-0,46%"
"09.03.2017","124,34","124,63","124,75","123,99","0,45K","-0,33%"
"08.03.2017","124,75","123,99","124,86","123,99","4,05K","0,39%"
"07.03.2017","124,26","124,11","124,54","123,92","4,36K","0,36%"
"06.03.2017","123,82","123,90","124,23","123,35","2,56K","-0,46%"
"03.03.2017","124,39","124,88","124,88","124,15","1,35K","-0,50%"
"02.03.2017","125,01","125,13","125,90","124,98","5,39K","0,06%"
"01.03.2017","124,93","124,00","125,04","124,00","3,63K","1,25%"
"28.02.2017","123,39","123,61","123,84","123,21","0,90K","0,19%"
"27.02.2017","123,16","123,83","124,00","123,13","2,84K","-0,02%"
"24.02.2017","123,19","123,13","123,40","122,44","10,08K","-0,29%"
"23.02.2017","123,55","124,33","124,47","123,35","4,38K","-0,52%"
"22.02.2017","124,20","124,82","124,96","124,20","3,00K","0,07%"
"21.02.2017","124,11","123,34","124,47","123,34","4,48K","0,75%"
"20.02.2017","123,18","123,34","123,34","122,91","2,70K","0,66%"
"17.02.2017","122,37","121,90","122,37","121,72","2,68K","0,02%"
"16.02.2017","122,34","122,67","122,67","121,36","5,17K","-0,01%"
"15.02.2017","122,35","121,99","122,65","121,99","4,31K","0,59%"
"14.02.2017","121,63","121,54","121,73","121,15","13,22K","0,25%"
"13.02.2017","121,33","120,37","121,37","120,37","2,81K","1,01%"
"10.02.2017","120,12","120,36","120,61","120,12","2,27K","0,12%"
"09.02.2017","119,98","119,16","119,98","118,88","1,71K","0,98%"
"08.02.2017","118,82","119,34","119,44","118,50","3,49K","0,08%"
"07.02.2017","118,72","118,48","119,04","118,48","3,76K","0,19%"
"06.02.2017","118,49","117,48","118,49","117,36","5,73K","1,06%"
"03.02.2017","117,25","117,22","117,43","117,05","2,27K","-0,19%"
"02.02.2017","117,47","116,54","117,47","116,10","1,43K","0,53%"
"01.02.2017","116,85","116,61","117,85","116,52","1,73K","1,28%"
"31.01.2017","115,37","117,19","117,19","115,37","2,33K","-1,41%"
"30.01.2017","117,02","118,09","118,73","116,91","16,39K","-1,07%"
"27.01.2017","118,28","119,59","119,59","117,88","4,34K","-0,24%"
"26.01.2017","118,57","117,90","118,57","117,78","4,39K","1,27%"
"25.01.2017","117,08","116,99","117,26","116,57","3,83K","1,33%"
"24.01.2017","115,54","115,75","115,75","115,21","5,02K","0,47%"
"23.01.2017","115,00","115,10","115,55","114,91","7,05K","-0,95%"
"20.01.2017","116,10","116,08","116,81","116,08","11,40K","-0,38%"
"19.01.2017","116,54","116,16","117,20","115,87","5,53K","0,79%"
"18.01.2017","115,63","115,93","116,13","115,56","0,60K","0,14%"
"17.01.2017","115,47","116,13","116,13","115,00","4,58K","-1,12%"
"16.01.2017","116,78","116,71","116,98","116,55","1,72K","-0,19%"
"13.01.2017","117,00","116,17","117,00","115,99","1,36K","1,73%"
"12.01.2017","115,01","116,04","116,04","114,75","8,49K","-1,67%"
"11.01.2017","116,96","116,75","118,09","116,75","1,68K","0,22%"
"10.01.2017","116,70","116,10","116,70","115,91","2,54K","0,26%"
"09.01.2017","116,40","116,94","116,94","116,26","2,53K","0,54%"
"06.01.2017","115,78","114,66","115,82","114,64","2,81K","1,17%"
"05.01.2017","114,44","114,80","115,17","114,09","1,58K","-0,67%"
"04.01.2017","115,21","115,49","115,49","115,11","1,04K","0,16%"
"03.01.2017","115,03","114,71","116,33","114,64","21,02K","0,38%"
"02.01.2017","114,60","113,31","115,17","112,91","1,21K","1,14%"
"30.12.2016","113,31","114,78","114,80","112,99","3,22K","-1,17%"
"29.12.2016","114,65","115,21","115,44","114,64","5,80K","-1,87%"
"28.12.2016","116,83","116,56","117,50","116,47","1,28K","0,09%"
"27.12.2016","116,73","115,10","117,40","114,88","2,25K","0,98%"
"23.12.2016","115,60","115,87","115,91","115,54","1,88K","-0,03%"
"22.12.2016","115,63","115,99","116,12","115,51","1,10K","-0,64%"
"21.12.2016","116,37","116,79","116,96","116,17","2,32K","-0,02%"
"20.12.2016","116,39","116,50","117,20","115,37","2,06K","0,22%"
"19.12.2016","116,14","115,34","116,62","115,20","9,98K","0,43%"
"16.12.2016","115,64","115,78","116,41","115,54","16,10K","-1,03%"
"15.12.2016","116,84","114,50","117,02","114,50","16,46K","2,77%"
"14.12.2016","113,69","113,77","114,12","113,71","3,22K","-0,28%"
"13.12.2016","114,01","112,32","114,12","110,25","15,87K","1,20%"
"12.12.2016","112,66","113,13","113,21","112,42","5,05K","-0,91%"
"09.12.2016","113,70","112,16","113,88","112,11","6,04K","1,32%"
"08.12.2016","112,22","110,38","112,48","109,98","16,52K","2,92%"
"07.12.2016","109,04","109,53","109,57","108,91","1,07K","-0,02%"
"06.12.2016","109,06","108,95","109,50","108,90","2,97K","-0,25%"
"05.12.2016","109,33","109,89","109,97","109,03","1,44K","0,10%"
"02.12.2016","109,22","108,51","109,28","108,45","3,13K","-0,45%"
"01.12.2016","109,71","111,73","111,73","109,65","8,28K","-2,32%"
"30.11.2016","112,31","112,51","112,82","112,16","3,35K","-0,58%"
"29.11.2016","112,97","112,51","112,97","112,25","9,55K","0,20%"
"28.11.2016","112,75","111,88","112,99","111,57","13,25K","0,18%"
"25.11.2016","112,55","112,64","112,64","112,17","11,85K","-0,10%"
"24.11.2016","112,66","112,70","112,70","112,37","2,07K","0,45%"
"23.11.2016","112,15","112,73","112,98","112,15","27,57K","-0,11%"
"22.11.2016","112,27","112,00","112,96","112,00","14,10K","0,27%"
"21.11.2016","111,97","111,16","111,97","110,77","1,96K","0,63%"
"18.11.2016","111,27","111,70","111,90","111,27","9,44K","0,56%"
"17.11.2016","110,65","109,62","110,65","109,47","5,72K","0,59%"
"16.11.2016","110,00","109,02","110,00","108,46","11,73K","1,23%"
"15.11.2016","108,66","107,19","108,86","106,76","9,83K","1,32%"
"14.11.2016","107,24","108,53","108,73","106,92","10,56K","0,30%"
"11.11.2016","106,92","106,15","107,00","105,74","5,50K","0,33%"
"10.11.2016","106,57","107,99","109,65","106,15","22,97K","-1,27%"
"09.11.2016","107,94","103,50","107,94","102,75","47,05K","1,50%"
"08.11.2016","106,35","105,89","106,35","105,58","30,49K","0,50%"
"07.11.2016","105,82","104,99","105,75","104,79","17,07K","2,45%"
"04.11.2016","103,29","103,35","103,46","102,83","17,31K","-0,36%"
"03.11.2016","103,66","103,57","104,63","103,57","4,82K","-0,91%"
"02.11.2016","104,61","105,00","105,31","104,55","5,11K","-1,02%"
"01.11.2016","105,69","107,34","107,38","105,73","2,19K","-1,78%"
"31.10.2016","107,60","107,99","108,06","107,59","3,42K","-0,68%"
"28.10.2016","108,34","107,98","108,45","107,61","2,37K","-0,44%"
"27.10.2016","108,82","109,13","109,55","108,51","41,85K","-0,58%"
"26.10.2016","109,46","109,65","109,65","108,64","8,00K","-0,64%"
"25.10.2016","110,16","110,58","110,77","110,12","6,32K","-0,04%"
"24.10.2016","110,20","109,53","110,26","109,53","24,28K","1,01%"
"21.10.2016","109,10","108,50","109,10","108,50","10,27K","1,08%"
"20.10.2016","107,93","108,10","108,35","107,15","8,01K","-0,06%"
"19.10.2016","107,99","107,71","108,00","107,36","2,49K","-0,09%"
"18.10.2016","108,09","107,43","108,16","107,41","4,33K","1,07%"
"17.10.2016","106,95","106,79","107,12","106,53","4,61K","-0,44%"
"14.10.2016","107,42","106,71","107,67","106,71","3,84K","1,15%"
"13.10.2016","106,20","106,43","106,58","105,67","7,87K","-1,03%"
"12.10.2016","107,30","106,91","107,30","106,88","8,69K","0,36%"
"11.10.2016","106,92","107,65","108,15","106,98","9,55K","-0,60%"
"10.10.2016","107,56","106,84","107,66","106,71","1,71K","0,88%"
"07.10.2016","106,62","107,15","107,21","106,58","1,67K","0,08%"
"06.10.2016","106,54","106,79","106,79","106,45","4,52K","-0,16%"
"05.10.2016","106,71","106,07","106,90","105,93","2,64K","-0,29%"
"04.10.2016","107,02","106,75","107,28","106,72","3,39K","0,80%"
"03.10.2016","106,17","104,95","106,31","104,95","20,32K","-0,11%"
"30.09.2016","106,29","105,25","106,39","105,25","33,64K","0,63%"
"29.09.2016","105,62","106,42","106,46","105,62","7,99K","-0,62%"
"28.09.2016","106,28","106,59","106,83","106,28","4,83K","-0,02%"
"27.09.2016","106,30","105,80","106,30","105,23","1,47K","1,36%"
"26.09.2016","104,87","106,00","106,01","105,01","10,92K","-1,62%"
"23.09.2016","106,60","106,88","107,00","106,60","5,10K","-0,03%"
"22.09.2016","106,63","105,98","106,63","105,90","22,03K","0,81%"
"21.09.2016","105,77","106,30","106,30","105,77","1,22K","0,17%"
"20.09.2016","105,59","105,26","105,83","105,26","3,52K","-0,21%"
"19.09.2016","105,81","106,33","106,45","105,64","2,57K","0,26%"
"16.09.2016","105,54","103,71","105,70","103,71","2,57K","0,67%"
"15.09.2016","104,84","103,63","104,84","103,45","3,13K","1,24%"
"14.09.2016","103,56","103,49","103,88","103,26","3,94K","0,72%"
"13.09.2016","102,82","103,53","103,71","102,82","8,97K","-0,34%"
"12.09.2016","103,17","103,59","103,59","100,91","9,81K","-0,59%"
"09.09.2016","103,78","104,21","104,21","103,85","1,26K","-0,87%"
"08.09.2016","104,69","105,29","105,29","104,37","4,93K","-0,54%"
"07.09.2016","105,26","105,14","105,51","105,14","0,91K","0,20%"
"06.09.2016","105,05","105,47","105,50","104,84","4,06K","-0,25%"
"05.09.2016","105,31","105,41","105,44","105,28","0,58K","-0,16%"
"02.09.2016","105,48","104,76","105,78","104,39","9,08K","1,03%"
"01.09.2016","104,40","105,43","105,52","104,19","3,01K","-0,42%"
"31.08.2016","104,84","104,99","105,15","104,84","11,48K","-0,14%"
"30.08.2016","104,99","105,13","105,55","104,98","11,22K","-0,22%"
"29.08.2016","105,22","104,71","105,35","104,71","1,24K","0,51%"
"26.08.2016","104,69","103,83","104,83","103,73","6,71K","0,59%"
"25.08.2016","104,08","103,88","104,12","103,61","1,61K","-0,75%"
"24.08.2016","104,87","104,61","105,00","104,48","0,41K","0,36%"
"23.08.2016","104,49","104,08","104,58","104,08","5,49K","0,64%"
"22.08.2016","103,83","104,46","104,46","103,79","0,19K","-0,40%"
"19.08.2016","104,25","103,81","104,30","103,72","0,51K","0,21%"
"18.08.2016","104,03","103,91","104,03","103,76","1,78K","0,13%"
"17.08.2016","103,90","104,33","104,48","103,90","3,74K","-0,61%"
"16.08.2016","104,54","105,11","105,11","104,45","6,90K","-0,68%"
"12.08.2016","105,26","105,65","105,66","104,93","1,81K","-0,21%"
"11.08.2016","105,48","105,15","105,56","105,15","1,07K","0,75%"
"10.08.2016","104,69","105,35","105,50","104,69","7,76K","-1,25%"
"09.08.2016","106,01","105,90","106,06","105,71","8,89K","0,26%"
"08.08.2016","105,73","106,03","106,13","105,50","5,30K","-0,42%"
"05.08.2016","106,18","104,74","106,24","104,41","33,16K","1,76%"
"04.08.2016","104,34","103,54","104,40","103,54","2,02K","0,95%"
"03.08.2016","103,36","103,10","103,56","102,84","2,26K","0,68%"
"02.08.2016","102,66","104,19","104,33","102,56","4,27K","-1,65%"
"01.08.2016","104,38","104,16","104,38","103,80","1,86K","0,53%"
"29.07.2016","103,83","104,20","104,29","103,45","3,87K","-0,06%"
"28.07.2016","103,89","104,20","104,20","103,70","3,97K","-0,81%"
"27.07.2016","104,74","104,64","104,93","104,55","5,88K","0,85%"
"26.07.2016","103,86","103,80","104,44","103,58","6,51K","-0,08%"
"25.07.2016","103,94","103,68","104,02","103,68","1,03K","0,03%"
"22.07.2016","103,91","103,22","103,82","103,09","4,16K","0,27%"
"21.07.2016","103,63","103,51","103,83","103,40","2,03K","-0,02%"
"20.07.2016","103,65","102,86","103,65","102,86","6,80K","1,16%"
"19.07.2016","102,46","101,96","102,58","101,79","2,70K","0,28%"
"18.07.2016","102,17","101,83","102,19","101,23","0,97K","0,60%"
"15.07.2016","101,56","100,97","101,81","100,94","2,21K","0,27%"
"14.07.2016","101,29","101,36","101,57","100,90","2,52K","0,54%"
"13.07.2016","100,75","101,20","101,45","100,75","1,18K","-0,60%"
"12.07.2016","101,36","100,89","101,34","100,74","2,85K","0,16%"
"11.07.2016","101,20","100,96","101,20","100,60","2,70K","1,14%"
"08.07.2016","100,06","98,75","100,16","98,46","6,44K","1,61%"
"07.07.2016","98,47","98,19","98,59","98,08","1,74K","0,76%"
"06.07.2016","97,73","97,09","98,01","96,84","11,11K","0,51%"
"05.07.2016","97,23","97,40","97,40","96,85","3,11K","-0,27%"
"04.07.2016","97,49","98,20","98,20","97,49","1,12K","-0,13%"
"01.07.2016","97,62","97,16","97,95","96,90","13,40K","0,77%"
"30.06.2016","96,87","96,16","96,87","96,02","28,52K","0,67%"
"29.06.2016","96,23","95,74","96,23","95,57","0,18K","1,81%"
"28.06.2016","94,52","93,75","94,81","93,64","12,27K","0,88%"
"27.06.2016","93,70","94,88","94,88","93,41","10,42K","-2,03%"
"24.06.2016","95,64","95,67","96,95","94,73","5,29K","-0,48%"
"23.06.2016","96,10","95,87","96,28","95,40","2,58K","-0,31%"
"22.06.2016","96,40","95,90","96,62","95,90","3,73K","0,40%"
"21.06.2016","96,02","95,63","96,42","95,53","3,29K","-0,33%"
"20.06.2016","96,34","95,74","96,41","95,65","4,68K","1,12%"
"17.06.2016","95,27","96,49","96,57","95,20","16,81K","-1,23%"
"16.06.2016","96,46","96,00","96,60","95,72","30,27K","-0,02%"
"15.06.2016","96,48","96,84","97,08","96,48","3,57K","0,12%"
"14.06.2016","96,36","96,22","96,59","96,12","4,47K","-0,22%"
"13.06.2016","96,57","95,82","96,91","95,65","7,95K","-0,88%"
"10.06.2016","97,43","97,74","97,74","97,19","11,30K","-0,25%"
"09.06.2016","97,67","97,06","97,94","97,06","1,98K","0,46%"
"08.06.2016","97,22","97,34","97,53","97,08","2,65K","-0,70%"
"07.06.2016","97,91","97,99","98,16","97,85","4,09K","0,20%"
"06.06.2016","97,71","97,74","97,75","97,43","1,40K","0,25%"
"03.06.2016","97,47","99,50","99,82","97,27","1,40K","-1,77%"
"02.06.2016","99,23","99,07","99,15","98,00","0,17K","0,06%"
"01.06.2016","99,17","99,68","99,68","99,00","4,76K","-0,39%"
"31.05.2016","99,56","99,70","99,75","99,24","2,60K","-0,12%"
"30.05.2016","99,68","99,50","99,78","99,45","2,50K","0,25%"
"27.05.2016","99,43","98,41","99,43","98,41","4,13K","1,03%"
"26.05.2016","98,42","98,17","98,47","97,97","6,36K","0,07%"
"25.05.2016","98,35","98,33","98,52","98,04","4,60K","0,83%"
"24.05.2016","97,54","95,25","97,54","95,25","0,66K","1,92%"
"23.05.2016","95,70","95,37","95,93","95,20","16,09K","-0,21%"
"20.05.2016","95,90","94,93","96,03","94,76","2,24K","2,13%"
"19.05.2016","93,90","94,65","94,88","93,90","2,79K","-0,70%"
"18.05.2016","94,56","94,08","94,71","93,80","6,17K","0,17%"
"17.05.2016","94,40","94,86","95,17","94,34","3,04K","-0,08%"
"16.05.2016","94,48","94,03","94,51","93,67","5,92K","-0,28%"
"13.05.2016","94,75","93,39","94,75","93,34","1,36K","1,73%"
"12.05.2016","93,14","93,88","94,31","93,04","2,01K","-1,01%"
"11.05.2016","94,09","94,59","94,59","94,00","12,41K","-0,30%"
"10.05.2016","94,37","94,00","94,37","93,82","3,10K","1,13%"
"09.05.2016","93,32","93,02","93,71","93,02","3,77K","1,26%"
"06.05.2016","92,16","92,17","92,30","91,91","4,44K","-0,83%"
"05.05.2016","92,93","92,67","93,09","92,58","4,07K","1,09%"
"04.05.2016","91,93","92,51","92,51","91,60","10,02K","-0,28%"
"03.05.2016","92,19","92,57","92,70","91,81","6,95K","-0,41%"
"02.05.2016","92,57","92,98","92,98","92,25","16,30K","0,27%"
"29.04.2016","92,32","94,25","94,45","92,32","6,68K","-4,09%"
"28.04.2016","96,26","95,35","96,28","95,00","3,92K","1,03%"
"27.04.2016","95,28","96,00","96,00","94,84","19,35K","-1,21%"
"26.04.2016","96,45","97,67","97,67","96,45","3,97K","-0,53%"
"25.04.2016","96,96","97,15","97,21","96,87","0,32K","-0,12%"
"22.04.2016","97,08","97,69","97,86","96,71","4,61K","-1,58%"
"21.04.2016","98,64","98,60","98,87","97,84","8,49K","0,03%"
"20.04.2016","98,61","97,68","98,61","97,53","15,99K","0,73%"
"19.04.2016","97,90","99,11","99,31","97,84","5,38K","-0,61%"
"18.04.2016","98,50","98,00","98,80","97,74","4,33K","-0,39%"
"15.04.2016","98,89","99,20","99,20","98,60","4,75K","-0,31%"
"14.04.2016","99,20","98,88","99,20","98,81","2,63K","0,32%"
"13.04.2016","98,88","97,89","98,88","97,40","15,21K","2,59%"
"12.04.2016","96,38","96,00","96,49","95,12","6,25K","0,26%"
"11.04.2016","96,13","96,24","96,91","95,71","12,10K","-0,19%"
"08.04.2016","96,31","97,15","97,20","96,31","3,85K","-0,16%"
"07.04.2016","96,46","97,37","98,50","96,35","3,98K","-0,58%"
"06.04.2016","97,02","96,99","97,03","96,45","3,24K","0,64%"
"05.04.2016","96,40","96,80","96,91","96,35","3,14K","-0,79%"
"04.04.2016","97,17","99,40","99,40","97,00","12,33K","-0,02%"
"01.04.2016","97,19","96,07","97,19","95,64","76,16K","0,53%"
"31.03.2016","96,68","97,37","97,37","96,30","6,83K","-0,57%"
"30.03.2016","97,23","96,98","97,88","96,98","37,18K","0,39%"
"29.03.2016","96,85","96,20","96,90","94,00","6,77K","0,51%"
"24.03.2016","96,36","96,60","96,75","96,25","8,81K","-0,73%"
"23.03.2016","97,07","97,26","97,59","96,72","19,40K","-0,08%"
"22.03.2016","97,15","96,68","97,15","96,31","20,77K","0,80%"
"21.03.2016","96,38","95,55","96,38","95,55","17,17K","0,42%"
"18.03.2016","95,98","96,13","96,13","95,39","14,48K","0,49%"
"17.03.2016","95,51","96,14","96,14","94,82","4,45K","-1,62%"
"16.03.2016","97,08","96,94","97,15","96,34","4,33K","0,73%"
"15.03.2016","96,38","95,78","96,51","95,78","17,67K","-0,24%"
"14.03.2016","96,61","96,00","96,61","95,70","1,89K","1,27%"
"11.03.2016","95,40","94,90","96,03","94,90","56,34K","1,93%"
"10.03.2016","93,59","96,31","98,35","93,59","17,17K","-1,91%"
"09.03.2016","95,41","95,72","96,10","95,06","23,19K","0,18%"
"08.03.2016","95,24","94,82","95,46","94,68","17,76K","-1,10%"
"07.03.2016","96,30","96,41","96,66","96,22","13,91K","-0,40%"
"04.03.2016","96,69","96,67","97,98","95,74","20,86K","0,30%"
"03.03.2016","96,40","98,05","98,05","96,40","9,23K","-1,35%"
"02.03.2016","97,72","97,96","98,24","97,68","8,53K","0,71%"
"01.03.2016","97,03","95,37","97,03","95,29","13,38K","0,92%"
"29.02.2016","96,15","94,09","96,15","93,91","6,12K","1,02%"
"26.02.2016","95,18","95,23","95,73","95,07","8,61K","1,89%"
"25.02.2016","93,41","92,99","94,01","92,99","6,43K","2,33%"
"24.02.2016","91,28","93,28","93,28","91,08","1,77K","-1,82%"
"23.02.2016","92,97","93,50","93,98","92,94","3,07K","-1,10%"
"22.02.2016","94,00","92,90","94,00","92,90","2,50K","2,15%"
"19.02.2016","92,02","91,89","92,05","91,14","8,84K","-0,32%"
"18.02.2016","92,32","92,60","93,40","92,15","11,72K","0,36%"
"17.02.2016","91,99","89,77","92,06","89,70","6,24K","2,67%"
"16.02.2016","89,60","90,12","90,12","89,12","15,38K","-0,09%"
"15.02.2016","89,68","88,76","89,91","88,76","17,90K","2,11%"
"12.02.2016","87,83","87,05","87,83","86,70","9,20K","4,19%"
"11.02.2016","84,30","87,40","87,40","83,83","16,38K","-3,52%"
"10.02.2016","87,38","86,00","88,47","85,88","37,79K","1,69%"
"09.02.2016","85,93","87,09","87,25","84,94","63,65K","-0,01%"
"08.02.2016","85,94","88,80","88,80","85,49","44,17K","-3,47%"
"05.02.2016","89,03","90,84","91,57","89,17","3,65K","-2,11%"
"04.02.2016","90,95","92,33","92,66","90,08","8,94K","-0,72%"
"03.02.2016","91,61","94,40","94,61","90,83","13,22K","-4,18%"
"02.02.2016","95,61","96,01","96,22","94,87","25,86K","-0,64%"
"01.02.2016","96,23","96,15","96,29","95,34","26,31K","0,46%"
"29.01.2016","95,79","94,13","95,79","93,88","3,47K","3,07%"
"28.01.2016","92,94","94,11","94,49","92,22","10,08K","-1,69%"
"27.01.2016","94,54","94,50","94,82","94,00","2,84K","-0,73%"
"26.01.2016","95,24","94,00","95,24","93,47","3,01K","-0,77%"
"25.01.2016","95,98","95,84","96,22","95,65","2,89K","0,15%"
"22.01.2016","95,84","94,83","96,11","94,75","6,59K","1,92%"
"21.01.2016","94,03","92,20","95,51","92,07","25,96K","3,35%"
"20.01.2016","90,98","90,57","91,85","90,16","16,04K","-2,78%"
"19.01.2016","93,58","93,22","95,06","93,22","25,69K","0,39%"
"18.01.2016","93,22","93,47","94,18","93,00","4,35K","0,55%"
"15.01.2016","92,71","95,40","95,40","92,48","62,53K","-2,39%"
"14.01.2016","94,98","95,10","95,63","92,80","37,85K","-2,51%"
"13.01.2016","97,43","98,62","98,99","97,28","13,87K","-0,05%"
"12.01.2016","97,48","95,83","97,94","95,83","15,95K","1,87%"
"11.01.2016","95,69","96,00","96,83","95,52","2,68K","-0,98%"
"08.01.2016","96,64","98,10","98,40","96,89","6,22K","-2,31%"
"07.01.2016","98,93","100,00","100,00","97,29","7,17K","-2,69%"
"06.01.2016","101,66","102,00","102,00","100,33","2,53K","-0,82%"
"05.01.2016","102,50","102,58","102,90","101,84","2,05K","1,30%"
"04.01.2016","101,18","101,18","101,74","100,59","6,27K","-3,54%"
"30.12.2015","104,89","105,15","105,25","104,68","23,48K","-0,46%"
"29.12.2015","105,38","103,31","105,38","103,31","2,45K","2,80%"
"28.12.2015","102,51","103,58","103,58","102,37","9,00K","-1,44%"
"23.12.2015","104,01","103,27","104,01","103,16","11,02K","1,90%"
"22.12.2015","102,07","103,19","103,19","102,07","1,66K","0,47%"
"21.12.2015","101,59","102,36","102,93","101,59","17,61K","-1,65%"
"18.12.2015","103,29","103,75","103,75","102,81","4,79K","-1,56%"
"17.12.2015","104,93","105,39","106,13","104,60","12,11K","1,58%"
"16.12.2015","103,30","103,72","104,27","103,23","3,08K","-0,40%"
"15.12.2015","103,72","101,56","103,83","101,56","7,73K","3,74%"
"14.12.2015","99,98","100,00","102,40","99,41","1,54K","-1,91%"
"11.12.2015","101,93","103,86","104,20","101,83","3,83K","-2,16%"
"10.12.2015","104,18","104,28","104,49","103,42","20,25K","-0,10%"
"09.12.2015","104,28","106,00","106,00","104,28","3,30K","-1,42%"
"08.12.2015","105,78","105,74","106,27","104,53","8,26K","0,04%"
"07.12.2015","105,74","106,62","107,38","106,06","2,37K","0,28%"
"04.12.2015","105,44","105,00","105,45","103,04","8,42K","0,29%"
"03.12.2015","105,14","108,53","110,80","105,14","6,25K","-4,11%"
"02.12.2015","109,65","108,76","110,00","108,76","3,21K","1,03%"
"01.12.2015","108,53","108,81","108,95","108,00","7,68K","0,09%"
"30.11.2015","108,43","108,50","109,02","108,15","1,64K","-0,15%"
"27.11.2015","108,59","107,79","108,71","107,79","3,48K","-0,10%"
"26.11.2015","108,70","108,20","108,70","108,20","5,13K","0,56%"
"25.11.2015","108,10","107,56","108,50","107,56","1,89K","0,72%"
"24.11.2015","107,33","107,89","107,89","106,36","5,17K","-1,13%"
"23.11.2015","108,56","108,40","108,56","107,93","6,57K","0,47%"
"20.11.2015","108,05","107,24","108,07","106,91","2,81K","1,35%"
"19.11.2015","106,61","106,86","107,39","106,40","16,03K","0,14%"
"18.11.2015","106,46","103,53","106,46","103,53","3,39K","0,51%"
"17.11.2015","105,92","104,80","105,92","104,80","5,93K","2,88%"
"16.11.2015","102,95","102,17","103,32","100,95","6,98K","-0,81%"
"13.11.2015","103,79","105,50","105,50","103,45","17,84K","-1,62%"
"12.11.2015","105,50","106,37","106,68","104,84","7,74K","-0,61%"
"11.11.2015","106,15","106,28","106,72","105,76","7,77K","-0,14%"
"10.11.2015","106,30","105,91","106,57","105,78","15,20K","0,72%"
"09.11.2015","105,54","107,09","107,19","105,54","13,68K","-1,46%"
"06.11.2015","107,10","106,46","107,70","105,82","7,12K","1,11%"
"05.11.2015","105,92","106,50","107,16","105,05","5,52K","-0,24%"
"04.11.2015","106,17","105,50","106,70","105,50","9,85K","0,89%"
"03.11.2015","105,23","103,89","105,33","103,87","36,37K","1,12%"
"02.11.2015","104,06","103,43","104,02","102,78","7,21K","0,29%"
"30.10.2015","103,76","104,50","104,98","103,18","2,90K","-0,47%"
"29.10.2015","104,25","104,00","104,54","103,86","9,13K","1,21%"
"28.10.2015","103,00","102,80","103,38","102,59","2,61K","0,25%"
"27.10.2015","102,74","102,20","102,83","101,88","28,32K","0,16%"
"26.10.2015","102,58","102,79","104,00","101,85","9,22K","0,04%"
"23.10.2015","102,54","100,00","102,78","98,05","17,17K","4,04%"
"22.10.2015","98,56","95,79","98,58","95,66","1,34K","2,67%"
"21.10.2015","96,00","95,69","96,40","95,62","7,25K","-0,11%"
"20.10.2015","96,11","96,39","96,39","95,72","9,19K","-0,32%"
"19.10.2015","96,42","95,81","96,23","95,56","7,15K","0,96%"
"16.10.2015","95,50","95,00","95,65","94,92","4,15K","1,66%"
"15.10.2015","93,94","95,00","95,00","93,05","3,28K","1,21%"
"14.10.2015","92,82","93,37","93,51","92,65","4,13K","-1,78%"
"13.10.2015","94,50","94,80","94,80","93,52","6,08K","0,10%"
"12.10.2015","94,41","93,89","94,43","93,86","5,57K","0,27%"
"09.10.2015","94,16","94,16","94,30","93,75","3,12K","1,18%"
"08.10.2015","93,06","93,03","94,13","92,91","3,67K","-0,05%"
"07.10.2015","93,11","94,36","94,63","93,48","5,96K","-0,53%"
"06.10.2015","93,61","93,74","94,35","93,70","18,44K","-0,56%"
"05.10.2015","94,14","90,59","94,16","90,59","12,85K","4,02%"
"02.10.2015","90,50","92,72","92,72","89,43","1,77K","-0,32%"
"01.10.2015","90,79","92,07","93,05","90,94","4,98K","-0,44%"
"30.09.2015","91,19","88,78","91,11","88,78","27,26K","1,40%"
"29.09.2015","89,93","88,92","90,80","88,92","90,00K","-1,15%"
"28.09.2015","90,98","92,85","93,32","90,74","24,57K","-3,35%"
"25.09.2015","94,13","93,89","95,31","93,74","10,60K","2,72%"
"24.09.2015","91,64","93,00","94,04","91,30","159,27K","-2,44%"
"23.09.2015","93,93","93,86","94,78","93,75","21,91K","0,47%"
"22.09.2015","93,49","95,64","95,64","93,50","7,49K","-2,37%"
"21.09.2015","95,76","94,09","95,76","93,78","2,58K","1,76%"
"18.09.2015","94,10","94,43","94,43","92,96","41,61K","-1,17%"
"17.09.2015","95,21","92,75","95,35","92,75","3,14K","0,33%"
"16.09.2015","94,90","95,24","95,50","94,49","2,41K","0,36%"
"15.09.2015","94,56","92,00","94,70","92,00","3,08K","1,21%"
"14.09.2015","93,43","94,88","94,88","93,42","4,55K","0,84%"
"11.09.2015","92,65","93,28","93,29","92,71","2,55K","-0,45%"
"10.09.2015","93,07","94,04","94,19","92,67","26,29K","-1,89%"
"09.09.2015","94,86","95,00","96,03","94,68","127,54K","1,31%"
"08.09.2015","93,63","92,65","94,22","92,65","2,08K","0,99%"
"07.09.2015","92,71","93,16","93,16","92,37","2,85K","0,19%"
"04.09.2015","92,53","92,70","92,96","91,33","5,41K","-2,22%"
"03.09.2015","94,63","93,21","95,11","93,21","1,62K","3,07%"
"02.09.2015","91,81","91,50","91,93","90,85","5,91K","-0,02%"
"01.09.2015","91,83","92,00","92,50","90,15","29,93K","-2,62%"
"31.08.2015","94,30","94,72","94,72","93,83","2,47K","-0,43%"
"28.08.2015","94,71","94,50","94,71","93,36","10,52K","0,65%"
"27.08.2015","94,10","91,41","94,21","91,41","156,03K","6,58%"
"26.08.2015","88,29","89,16","89,45","86,40","10,56K","-2,04%"
"25.08.2015","90,13","85,72","90,44","85,72","36,56K","4,90%"
"24.08.2015","85,92","86,58","87,40","83,00","82,61K","-7,23%"
"21.08.2015","92,62","94,67","95,23","92,34","10,75K","-4,51%"
"20.08.2015","96,99","99,32","99,32","96,75","2,76K","-2,70%"
"19.08.2015","99,68","100,63","100,79","99,68","5,05K","-1,70%"
"18.08.2015","101,40","100,95","101,48","100,89","4,30K","0,65%"
"17.08.2015","100,75","100,48","100,68","99,28","6,94K","1,23%"
"14.08.2015","99,53","99,65","99,73","99,00","1,10K","-0,22%"
"13.08.2015","99,75","100,27","100,45","99,76","2,06K","2,27%"
"12.08.2015","97,54","100,10","100,10","97,24","4,31K","-2,82%"
"11.08.2015","100,37","101,60","101,69","100,51","6,62K","-1,56%"
"10.08.2015","101,96","101,42","102,39","101,21","3,01K","1,32%"
"07.08.2015","100,63","101,55","102,07","100,99","5,66K","-1,21%"
"06.08.2015","101,86","102,88","103,86","101,91","5,09K","-2,49%"
"05.08.2015","104,46","102,76","104,44","102,76","27,36K","2,38%"
"04.08.2015","102,03","102,65","102,65","101,79","8,13K","-0,71%"
"03.08.2015","102,76","101,80","102,83","101,80","2,22K","0,65%"
"31.07.2015","102,10","102,99","103,29","101,47","5,46K","-0,44%"
"30.07.2015","102,55","100,31","102,54","99,99","2,79K","0,92%"
"29.07.2015","101,62","101,85","101,85","101,09","4,99K","1,18%"
"28.07.2015","100,43","100,36","101,11","100,05","8,02K","0,33%"
"27.07.2015","100,10","100,84","100,94","99,81","4,39K","-2,53%"
"24.07.2015","102,70","103,76","104,08","102,63","16,45K","-0,76%"
"23.07.2015","103,49","104,19","104,19","103,08","4,09K","-0,49%"
"22.07.2015","104,00","103,60","104,54","103,15","30,18K","-0,72%"
"21.07.2015","104,75","106,00","106,23","104,46","20,85K","-0,83%"
"20.07.2015","105,63","105,70","105,81","104,90","8,56K","0,83%"
"17.07.2015","104,76","104,00","104,85","103,81","8,45K","1,82%"
"16.07.2015","102,89","102,30","103,03","102,02","7,79K","1,28%"
"15.07.2015","101,59","101,00","101,70","100,81","4,04K","0,97%"
"14.07.2015","100,61","100,21","100,74","99,50","5,07K","1,06%"
"13.07.2015","99,55","97,44","99,79","97,40","12,33K","2,67%"
"10.07.2015","96,96","96,82","97,16","96,22","5,81K","-0,74%"
"09.07.2015","97,68","96,94","97,91","96,94","1,66K","1,09%"
"08.07.2015","96,63","97,25","97,78","96,96","3,87K","-0,94%"
"07.07.2015","97,55","98,96","99,45","97,49","10,48K","-0,39%"
"06.07.2015","97,93","97,31","98,32","97,27","12,73K","0,19%"
"03.07.2015","97,74","97,90","98,04","97,72","12,49K","0,12%"
"02.07.2015","97,62","98,27","98,44","97,73","6,63K","-0,26%"
"01.07.2015","97,87","97,44","98,14","97,10","3,04K","1,04%"
"30.06.2015","96,86","96,91","96,95","95,97","9,19K","-0,50%"
"29.06.2015","97,35","97,81","98,41","97,25","3,62K","-1,78%"
"26.06.2015","99,11","98,88","99,11","98,69","7,41K","-0,45%"
"25.06.2015","99,56","99,47","99,80","99,31","2,43K","-0,21%"
"24.06.2015","99,77","98,00","100,13","98,00","4,04K","0,24%"
"23.06.2015","99,53","98,79","100,00","98,79","2,47K","1,47%"
"22.06.2015","98,09","97,82","98,71","97,58","5,07K","0,01%"
"19.06.2015","98,08","97,71","98,75","97,40","3,80K","0,73%"
"18.06.2015","97,37","96,39","97,41","95,88","15,55K","-0,09%"
"17.06.2015","97,46","97,00","97,53","97,00","3,58K","0,43%"
"16.06.2015","97,04","95,73","97,00","95,60","3,54K","0,58%"
"15.06.2015","96,48","97,00","97,09","95,93","3,55K","-0,60%"
"12.06.2015","97,06","97,98","98,27","96,89","8,94K","-0,96%"
"11.06.2015","98,00","97,57","98,59","97,55","1,97K","0,74%"
"10.06.2015","97,28","96,32","97,26","95,70","3,15K","1,12%"
"09.06.2015","96,20","97,43","97,43","95,85","6,19K","-1,55%"
"08.06.2015","97,71","98,46","98,76","97,50","5,85K","-1,30%"
"05.06.2015","99,00","97,88","99,50","97,87","4,68K","0,93%"
"04.06.2015","98,09","98,80","98,80","96,83","15,35K","-0,66%"
"03.06.2015","98,74","99,25","100,00","98,84","3,32K","-0,77%"
"02.06.2015","99,51","101,44","101,44","99,00","4,42K","-2,13%"
"01.06.2015","101,68","101,20","101,82","100,71","5,68K","0,74%"
"29.05.2015","100,93","101,55","101,55","100,80","14,04K","-1,10%"
"28.05.2015","102,05","101,45","102,26","101,45","4,07K","0,12%"
"27.05.2015","101,93","100,45","102,10","100,45","10,71K","1,17%"
"26.05.2015","100,75","101,99","101,99","100,46","8,77K","-0,55%"
"25.05.2015","101,31","100,67","101,42","100,67","1,37K","0,48%"
"22.05.2015","100,83","100,05","101,00","99,29","9,26K","0,80%"
"21.05.2015","100,03","99,44","100,00","98,65","3,46K","0,42%"
"20.05.2015","99,61","99,63","99,90","99,19","3,42K","0,31%"
"19.05.2015","99,30","97,70","99,75","97,70","21,40K","2,12%"
"18.05.2015","97,24","96,17","97,22","96,17","3,62K","0,87%"
"15.05.2015","96,40","96,51","97,59","96,34","4,99K","-0,16%"
"14.05.2015","96,55","95,35","96,55","94,91","7,87K","0,78%"
"13.05.2015","95,80","96,95","97,22","96,02","6,17K","-0,76%"
"12.05.2015","96,53","97,49","97,49","95,50","8,08K","-1,45%"
"11.05.2015","97,95","97,88","98,27","97,49","9,87K","0,61%"
"08.05.2015","97,36","96,60","97,55","96,23","6,68K","1,82%"
"07.05.2015","95,62","94,48","95,75","93,43","11,76K","0,83%"
"06.05.2015","94,83","95,73","96,71","94,28","25,57K","-2,09%"
"05.05.2015","96,85","99,11","99,22","96,76","10,71K","-1,89%"
"04.05.2015","98,72","97,33","99,00","97,33","8,22K","1,16%"
"30.04.2015","97,59","99,12","99,12","97,16","13,59K","-1,26%"
"29.04.2015","98,84","100,79","100,79","98,54","12,48K","-2,19%"
"28.04.2015","101,05","102,20","102,40","100,30","14,30K","-1,30%"
"27.04.2015","102,38","102,35","103,00","102,22","9,39K","0,28%"
"24.04.2015","102,09","101,25","102,64","101,25","9,79K","1,03%"
"23.04.2015","101,05","102,30","102,30","100,90","5,94K","-0,35%"
"22.04.2015","101,40","101,20","101,70","100,17","7,59K","0,35%"
"21.04.2015","101,05","101,45","102,17","101,10","9,70K","0,62%"
"20.04.2015","100,43","99,00","100,45","98,80","19,72K","1,44%"
"17.04.2015","99,00","100,64","100,64","98,78","5,61K","-1,90%"
"16.04.2015","100,92","101,85","102,06","100,56","7,69K","-1,01%"
"15.04.2015","101,95","102,72","102,72","101,47","25,80K","1,17%"
"14.04.2015","100,77","101,10","102,71","100,13","18,82K","-2,03%"
"13.04.2015","102,86","101,75","103,09","101,75","19,68K","0,98%"
"10.04.2015","101,86","101,11","102,07","101,11","6,40K","1,66%"
"09.04.2015","100,20","99,00","100,35","98,53","5,96K","1,15%"
"08.04.2015","99,06","98,03","99,07","97,82","9,90K","0,50%"
"07.04.2015","98,57","97,25","98,77","97,25","10,19K","1,34%"
"02.04.2015","97,27","97,73","97,78","96,90","19,43K","-0,64%"
"01.04.2015","97,90","99,20","99,99","97,36","8,48K","-1,94%"
"31.03.2015","99,84","99,49","99,96","99,07","106,89K","0,73%"
"30.03.2015","99,12","97,84","99,31","97,84","18,67K","2,05%"
"27.03.2015","97,13","97,90","98,35","97,12","6,80K","0,11%"
"26.03.2015","97,02","96,17","98,61","93,26","61,18K","-0,48%"
"25.03.2015","97,49","100,00","100,00","97,35","42,28K","-2,84%"
"24.03.2015","100,34","99,80","100,63","99,29","12,36K","0,45%"
"23.03.2015","99,89","102,10","102,10","99,93","14,56K","-1,65%"
"20.03.2015","101,57","102,33","102,33","101,37","26,93K","-0,68%"
"19.03.2015","102,27","101,25","102,43","101,22","12,93K","1,68%"
"18.03.2015","100,58","101,57","102,00","100,50","27,55K","-0,55%"
"17.03.2015","101,14","101,14","101,20","100,39","15,46K","0,19%"
"16.03.2015","100,95","100,36","101,38","100,36","8,89K","0,78%"
"13.03.2015","100,17","99,99","101,11","99,99","24,75K","0,22%"
"12.03.2015","99,95","99,64","100,23","99,53","10,07K","-0,33%"
"11.03.2015","100,28","99,44","100,96","99,44","12,78K","0,77%"
"10.03.2015","99,51","100,30","100,58","99,08","18,74K","-0,05%"
"09.03.2015","99,56","99,23","99,68","98,97","27,36K","-0,41%"
"06.03.2015","99,97","99,33","100,74","99,20","11,86K","0,89%"
"05.03.2015","99,09","98,85","99,35","98,32","54,23K","0,56%"
"04.03.2015","98,54","97,82","98,58","97,72","22,09K","1,00%"
"03.03.2015","97,56","97,88","98,46","97,56","7,80K","-0,67%"
"02.03.2015","98,22","97,49","98,07","97,18","11,52K","0,70%"
"27.02.2015","97,54","97,43","97,95","97,25","12,48K","0,12%"
"26.02.2015","97,42","96,09","97,50","95,83","8,59K","1,30%"
"25.02.2015","96,17","96,06","96,24","95,83","10,25K","-0,23%"
"24.02.2015","96,39","96,44","96,58","96,12","9,48K","0,40%"
"23.02.2015","96,01","94,05","96,40","94,05","6,29K","0,65%"
"20.02.2015","95,39","95,44","95,87","95,37","9,07K","0,38%"
"19.02.2015","95,03","94,35","95,07","93,86","7,43K","0,40%"
"18.02.2015","94,65","94,62","94,74","94,39","33,28K","0,37%"
"17.02.2015","94,30","94,61","94,61","94,00","19,16K","-0,16%"
"16.02.2015","94,45","94,05","94,45","93,85","48,76K","0,79%"
"13.02.2015","93,71","93,42","93,92","93,39","13,81K","0,67%"
"12.02.2015","93,09","93,38","93,65","93,05","4,57K","-0,13%"
"11.02.2015","93,21","92,67","93,27","92,64","13,11K","1,18%"
"10.02.2015","92,12","91,54","92,12","91,38","8,66K","0,81%"
"09.02.2015","91,38","91,35","91,66","90,90","7,49K","-1,00%"
"06.02.2015","92,30","91,25","92,33","90,99","8,05K","1,28%"
"05.02.2015","91,13","90,76","91,13","90,42","7,69K","0,28%"
"04.02.2015","90,88","90,24","90,88","90,02","6,73K","1,58%"
"03.02.2015","89,47","90,40","91,00","89,54","10,24K","-0,42%"
"02.02.2015","89,85","90,21","90,21","88,40","25,56K","-0,70%"
"30.01.2015","90,48","90,85","91,00","90,13","6,98K","1,31%"
"29.01.2015","89,31","90,25","90,25","88,72","15,54K","-1,23%"
"28.01.2015","90,42","91,35","91,63","90,65","19,52K","0,77%"
"27.01.2015","89,73","93,00","93,05","89,33","10,36K","-3,19%"
"26.01.2015","92,69","92,94","93,21","92,48","6,61K","-0,31%"
"23.01.2015","92,98","92,24","94,00","92,20","9,19K","2,10%"
"22.01.2015","91,07","89,10","90,98","88,23","5,78K","2,54%"
"21.01.2015","88,81","88,34","88,81","87,53","43,23K","1,28%"
"20.01.2015","87,69","87,99","88,30","87,32","11,81K","0,54%"
"19.01.2015","87,22","87,51","87,70","87,11","36,90K","-0,32%"
"16.01.2015","87,50","85,87","87,60","85,28","4,88K","0,49%"
"15.01.2015","87,07","87,04","87,66","85,75","12,59K","1,31%"
"14.01.2015","85,94","87,58","87,58","85,51","7,31K","-2,54%"
"13.01.2015","88,18","86,35","88,48","86,31","9,91K","1,62%"
"12.01.2015","86,77","85,57","87,96","85,57","4,43K","-0,13%"
"09.01.2015","86,88","87,90","88,48","86,83","11,80K","-1,18%"
"08.01.2015","87,92","86,78","88,09","86,78","6,47K","2,52%"
"07.01.2015","85,76","85,15","86,04","85,09","16,15K","0,99%"
"06.01.2015","84,92","85,72","86,00","84,96","13,20K","-0,94%"
"05.01.2015","85,73","86,42","86,71","85,74","2,74K","-0,10%"
"02.01.2015","85,82","86,56","87,00","85,77","12,12K","-0,79%"
"30.12.2014","86,50","86,20","87,00","85,21","1,23K","-0,41%"
"29.12.2014","86,86","86,69","87,00","86,33","3,46K","0,47%"
"23.12.2014","86,45","85,99","86,87","85,99","5,96K","0,75%"
"22.12.2014","85,81","86,00","86,13","85,66","7,26K","-0,14%"
"19.12.2014","85,93","85,00","86,00","85,00","3,90K","1,57%"
"18.12.2014","84,60","81,85","84,86","81,85","42,07K","3,93%"
"17.12.2014","81,40","81,00","81,45","80,65","39,28K","-0,94%"
"16.12.2014","82,17","82,41","82,41","80,57","58,97K","0,09%"
"15.12.2014","82,10","83,07","83,71","82,10","33,76K","-1,43%"
"12.12.2014","83,29","83,86","83,87","82,84","5,58K","-2,09%"
"11.12.2014","85,07","83,39","85,07","83,23","24,37K","0,58%"
"10.12.2014","84,58","85,00","85,20","84,50","5,81K","0,61%"
"09.12.2014","84,07","84,75","84,91","83,40","9,10K","-2,39%"
"08.12.2014","86,13","86,21","86,33","86,00","3,05K","-0,12%"
"05.12.2014","86,23","85,64","86,40","85,46","15,16K","1,67%"
"04.12.2014","84,81","86,01","86,19","84,81","3,48K","-1,22%"
"03.12.2014","85,86","85,64","86,11","85,58","6,30K","0,85%"
"02.12.2014","85,14","84,50","85,20","84,50","8,54K","0,82%"
"01.12.2014","84,45","85,44","85,47","84,25","7,36K","-1,50%"
"28.11.2014","85,74","85,53","85,69","85,06","13,30K","0,72%"
"27.11.2014","85,13","84,00","85,03","84,00","4,54K","0,75%"
"26.11.2014","84,50","84,60","84,84","84,30","2,31K","0,12%"
"25.11.2014","84,40","84,50","85,01","84,36","34,19K","0,06%"
"24.11.2014","84,35","84,32","84,49","84,26","2,40K","-0,01%"
"21.11.2014","84,36","83,17","84,73","83,17","3,27K","1,53%"
"20.11.2014","83,09","82,70","82,80","82,19","11,11K","0,70%"
"19.11.2014","82,51","82,95","83,10","82,40","13,86K","-0,42%"
"18.11.2014","82,86","82,94","83,11","82,33","7,78K","0,12%"
"17.11.2014","82,76","82,49","83,25","82,41","4,31K","-0,45%"
"14.11.2014","83,13","83,06","83,30","82,80","2,64K","0,22%"
"13.11.2014","82,95","82,86","83,11","82,75","4,92K","0,78%"
"12.11.2014","82,31","82,19","82,49","81,99","47,11K","-0,17%"
"11.11.2014","82,45","82,71","82,71","82,29","25,16K","0,06%"
"10.11.2014","82,40","81,72","82,33","81,57","10,10K","0,32%"
"07.11.2014","82,14","82,67","82,88","81,70","14,54K","0,02%"
"06.11.2014","82,12","81,27","82,37","81,13","41,85K","0,50%"
"05.11.2014","81,71","81,58","82,13","81,48","6,29K","1,19%"
"04.11.2014","80,75","81,63","81,78","80,54","16,43K","-1,40%"
"03.11.2014","81,90","81,38","82,00","81,38","4,57K","0,92%"
"31.10.2014","81,15","80,85","81,55","80,83","14,99K","2,28%"
"30.10.2014","79,34","79,11","79,81","78,96","9,41K","1,04%"
"29.10.2014","78,52","78,81","78,95","78,50","9,20K","0,03%"
"28.10.2014","78,50","78,55","78,66","78,04","11,88K","0,90%"
"27.10.2014","77,80","78,03","78,20","77,62","6,60K","-0,14%"
"24.10.2014","77,91","78,00","78,60","77,37","30,47K","0,06%"
"23.10.2014","77,86","76,99","77,94","76,70","16,04K","0,80%"
"22.10.2014","77,24","76,67","77,12","76,63","16,13K","1,81%"
"21.10.2014","75,87","73,76","75,92","73,76","15,27K","2,89%"
"20.10.2014","73,74","73,76","73,76","73,00","2,85K","-0,05%"
"17.10.2014","73,78","71,94","73,80","71,94","8,98K","2,23%"
"16.10.2014","72,17","72,13","72,28","71,12","24,66K","-0,19%"
"15.10.2014","72,31","74,11","74,16","71,78","55,31K","-2,95%"
"14.10.2014","74,51","73,70","74,65","73,70","27,41K","0,16%"
"13.10.2014","74,39","75,17","76,49","73,94","14,07K","-2,18%"
"10.10.2014","76,05","76,48","76,89","75,76","12,98K","-2,44%"
"09.10.2014","77,95","78,00","78,00","77,53","3,97K","1,84%"
"08.10.2014","76,54","76,98","77,01","76,21","2,90K","-1,05%"
"07.10.2014","77,35","77,86","78,01","77,23","8,64K","-1,35%"
"06.10.2014","78,41","79,29","79,29","78,34","3,24K","-0,48%"
"03.10.2014","78,79","76,03","79,01","76,03","3,98K","2,67%"
"02.10.2014","76,74","79,60","79,60","76,67","6,04K","-2,08%"
"01.10.2014","78,37","78,79","78,99","77,95","5,67K","-0,91%"
"30.09.2014","79,09","78,51","79,37","78,41","6,47K","0,87%"
"29.09.2014","78,41","78,19","78,53","77,45","5,04K","0,80%"
"26.09.2014","77,79","77,30","77,94","77,24","2,98K","0,22%"
"25.09.2014","77,62","79,05","79,14","77,54","6,41K","-0,88%"
"24.09.2014","78,31","77,45","78,31","77,37","4,65K","0,85%"
"23.09.2014","77,65","77,51","77,60","77,05","17,36K","-0,04%"
"22.09.2014","77,68","78,00","79,14","77,62","7,65K","-1,22%"
"19.09.2014","78,64","78,50","79,78","78,36","9,37K","0,99%"
"18.09.2014","77,87","77,57","78,02","77,57","6,11K","0,96%"
"17.09.2014","77,13","77,09","77,15","76,95","3,44K","0,74%"
"16.09.2014","76,56","75,86","76,70","75,59","16,08K","0,17%"
"15.09.2014","76,43","77,00","77,32","76,48","11,35K","-1,19%"
"12.09.2014","77,35","77,72","77,81","77,37","4,18K","-0,15%"
"11.09.2014","77,47","77,92","77,93","77,22","11,29K","-0,01%"
"10.09.2014","77,48","77,16","77,35","77,00","9,49K","-0,31%"
"09.09.2014","77,72","77,97","78,15","77,70","1,66K","-0,12%"
"08.09.2014","77,81","76,90","77,88","76,90","2,58K","1,05%"
"05.09.2014","77,00","79,00","79,00","76,87","7,75K","-0,70%"
"04.09.2014","77,54","76,65","77,68","75,88","13,95K","1,72%"
"03.09.2014","76,23","76,60","76,88","76,23","31,77K","-0,41%"
"02.09.2014","76,54","76,61","76,70","76,46","8,50K","0,21%"
"01.09.2014","76,38","76,42","76,42","76,27","2,90K","0,30%"
"29.08.2014","76,15","76,00","76,19","75,74","1,11K","0,42%"
"28.08.2014","75,83","75,80","75,80","75,59","10,48K","-0,04%"
"27.08.2014","75,86","75,93","76,01","75,70","17,00K","0,05%"
"26.08.2014","75,82","75,68","75,86","75,60","9,42K","-0,04%"
"25.08.2014","75,85","75,76","75,92","75,70","3,94K","0,89%"
"22.08.2014","75,18","74,95","75,27","74,81","2,42K","0,52%"
"21.08.2014","74,79","74,91","74,99","74,70","2,62K","0,21%"
"20.08.2014","74,63","74,36","74,69","74,36","21,70K","0,46%"
"19.08.2014","74,29","74,11","74,36","73,92","25,37K","0,62%"
"18.08.2014","73,83","73,00","73,84","73,00","4,90K","1,58%"
"14.08.2014","72,68","72,41","72,70","72,28","4,03K","0,48%"
"13.08.2014","72,33","71,98","72,36","71,82","4,39K","1,02%"
"12.08.2014","71,60","72,00","72,03","71,50","3,67K","-0,35%"
"11.08.2014","71,85","70,63","71,90","70,63","14,98K","1,60%"
"08.08.2014","70,72","70,50","71,01","70,12","8,76K","-0,79%"
"07.08.2014","71,28","71,15","71,57","71,01","1,51K","-0,15%"
"06.08.2014","71,39","71,25","71,42","70,70","3,32K","-0,17%"
"05.08.2014","71,51","71,35","71,60","71,13","2,69K","0,63%"
"04.08.2014","71,06","70,98","71,24","70,95","10,09K","0,21%"
"01.08.2014","70,91","71,40","71,40","70,73","10,92K","-1,09%"
"31.07.2014","71,69","72,82","72,82","71,61","8,10K","-1,59%"
"30.07.2014","72,85","72,70","73,12","72,58","3,66K","0,37%"
"29.07.2014","72,58","72,00","72,85","72,00","10,93K","0,61%"
"28.07.2014","72,14","72,48","72,48","72,00","1,17K","0,10%"
"25.07.2014","72,07","72,37","72,48","72,22","6,15K","-0,78%"
"24.07.2014","72,64","72,65","72,82","72,42","2,80K","0,15%"
"23.07.2014","72,53","72,00","72,40","72,00","10,49K","0,60%"
"22.07.2014","72,10","71,55","72,27","71,54","6,84K","1,26%"
"21.07.2014","71,20","71,36","71,41","70,98","3,80K","0,14%"
"18.07.2014","71,10","70,54","70,92","70,35","4,75K","0,41%"
"17.07.2014","70,81","71,02","71,24","70,82","6,88K","-0,66%"
"16.07.2014","71,28","71,00","71,58","71,00","13,34K","0,76%"
"15.07.2014","70,74","70,87","71,00","70,54","25,10K","-0,14%"
"14.07.2014","70,84","70,58","70,85","70,54","10,95K","0,97%"
"11.07.2014","70,16","70,00","70,31","69,97","3,89K","0,37%"
"10.07.2014","69,90","70,04","70,04","69,21","33,96K","0,01%"
"09.07.2014","69,89","71,00","71,00","69,70","23,73K","0,43%"
"08.07.2014","69,59","70,52","70,65","69,59","14,72K","-1,32%"
"07.07.2014","70,52","70,79","70,79","70,56","2,54K","-0,30%"
"04.07.2014","70,73","70,81","70,85","70,72","1,01K","0,26%"
"03.07.2014","70,55","69,98","70,58","69,98","10,91K","0,81%"
"02.07.2014","69,98","69,92","70,11","69,81","18,57K","0,17%"
"01.07.2014","69,86","69,17","69,91","69,17","39,90K","1,06%"
"30.06.2014","69,13","68,90","70,55","68,71","10,76K","0,10%"
"27.06.2014","69,06","68,81","69,08","68,78","3,78K","0,22%"
"26.06.2014","68,91","68,85","69,16","68,76","11,48K","0,28%"
"25.06.2014","68,72","68,47","68,76","68,27","13,88K","-0,87%"
"24.06.2014","69,32","68,72","69,34","68,38","14,79K","0,95%"
"23.06.2014","68,67","69,33","69,33","68,56","27,57K","-0,15%"
"20.06.2014","68,77","68,48","68,84","68,44","6,40K","0,45%"
"19.06.2014","68,46","68,62","68,71","68,37","22,22K","0,16%"
"18.06.2014","68,35","68,60","68,63","68,27","4,12K","-0,16%"
"17.06.2014","68,46","68,50","68,78","68,45","28,27K","0,37%"
"16.06.2014","68,21","68,50","68,51","68,21","4,78K","-0,55%"
"13.06.2014","68,59","68,21","68,64","68,18","10,21K","-0,01%"
"12.06.2014","68,60","68,92","69,11","68,50","11,40K","-0,51%"
"11.06.2014","68,95","68,90","69,00","68,53","10,22K","0,19%"
"10.06.2014","68,82","68,70","68,95","67,83","7,83K","0,25%"
"09.06.2014","68,65","68,20","68,67","68,20","19,12K","0,51%"
"06.06.2014","68,30","68,10","68,34","67,96","21,23K","0,75%"
"05.06.2014","67,79","67,46","68,21","67,13","8,55K","0,46%"
"04.06.2014","67,48","67,64","67,64","67,05","10,02K","0,51%"
"03.06.2014","67,14","67,32","67,32","66,99","3,62K","-0,18%"
"02.06.2014","67,26","67,50","67,61","66,91","1,08K","-0,09%"
"30.05.2014","67,32","67,40","67,47","67,26","9,54K","0,12%"
"29.05.2014","67,24","67,03","67,36","67,03","15,01K","0,16%"
"28.05.2014","67,13","67,25","67,27","67,03","11,59K","0,52%"
"27.05.2014","66,78","66,31","66,90","66,31","20,27K","0,75%"
"26.05.2014","66,28","66,15","67,20","65,62","3,62K","0,53%"
"23.05.2014","65,93","65,69","65,95","65,69","30,33K","0,33%"
"22.05.2014","65,71","65,41","65,70","65,24","20,90K","1,05%"
"21.05.2014","65,03","64,63","65,13","64,58","8,42K","0,32%"
"20.05.2014","64,82","64,80","64,91","64,63","69,02K","0,26%"
"19.05.2014","64,65","64,06","64,64","63,85","55,14K","1,38%"
"16.05.2014","63,77","63,53","63,98","62,90","9,96K","0,35%"
"15.05.2014","63,55","64,57","64,74","63,55","6,74K","-1,52%"
"14.05.2014","64,53","64,62","64,62","64,43","7,82K","-0,31%"
"13.05.2014","64,73","64,50","64,90","64,43","42,55K","0,79%"
"12.05.2014","64,22","63,70","64,25","63,19","4,89K","2,13%"
"09.05.2014","62,88","62,82","63,06","62,72","14,51K","-0,69%"
"08.05.2014","63,32","62,46","63,42","62,00","21,58K","2,28%"
"07.05.2014","61,91","62,84","62,84","61,86","18,92K","-1,96%"
"06.05.2014","63,15","63,52","64,04","63,08","19,80K","-0,54%"
"05.05.2014","63,49","63,42","63,50","62,90","22,32K","0,06%"
"02.05.2014","63,45","63,57","64,90","63,51","14,39K","0,59%"
"30.04.2014","63,08","63,12","63,24","62,90","3,73K","-0,14%"
"29.04.2014","63,17","62,88","63,24","62,87","4,50K","0,85%"
"28.04.2014","62,64","62,79","63,19","62,65","7,08K","-0,11%"
"25.04.2014","62,71","63,92","63,92","62,50","7,20K","-1,63%"
"24.04.2014","63,75","63,87","64,44","63,15","53,48K","0,84%"
"23.04.2014","63,22","63,79","63,79","63,20","6,47K","-0,89%"
"22.04.2014","63,79","63,09","63,81","63,09","24,31K","1,77%"
"17.04.2014","62,68","62,17","62,76","61,97","15,13K","0,74%"
"16.04.2014","62,22","62,32","62,40","62,02","2,81K","1,68%"
"15.04.2014","61,19","61,81","62,22","61,10","10,94K","-1,07%"
"14.04.2014","61,85","60,76","61,89","59,39","21,45K","0,32%"
"11.04.2014","61,65","62,10","62,10","61,00","57,84K","-1,22%"
"10.04.2014","62,41","63,77","63,88","62,41","8,52K","-1,14%"
"09.04.2014","63,13","63,20","63,30","62,82","10,99K","0,29%"
"08.04.2014","62,95","62,70","62,96","62,22","32,76K","0,05%"
"07.04.2014","62,92","64,00","64,00","62,62","59,21K","-1,83%"
"04.04.2014","64,09","65,19","65,55","64,09","33,40K","-1,99%"
"03.04.2014","65,39","65,36","65,73","64,92","20,17K","0,17%"
"02.04.2014","65,28","65,01","65,35","65,00","27,01K","0,66%"
"01.04.2014","64,85","64,12","65,00","64,06","7,16K","1,04%"
"31.03.2014","64,18","64,15","64,40","63,86","16,51K","-0,22%"
"28.03.2014","64,32","63,97","64,44","63,88","23,05K","0,78%"
"27.03.2014","63,82","64,07","64,25","63,40","5,84K","-1,13%"
"26.03.2014","64,55","64,67","65,10","64,56","7,46K","0,31%"
"25.03.2014","64,35","64,42","64,83","64,31","10,80K","0,20%"
"24.03.2014","64,22","65,36","65,39","64,08","8,92K","-2,27%"
"21.03.2014","65,71","66,22","66,24","65,33","33,23K","-0,44%"
"20.03.2014","66,00","65,51","66,04","65,40","5,81K","0,81%"
"19.03.2014","65,47","65,44","65,58","65,38","4,32K","0,24%"
"18.03.2014","65,31","64,55","65,40","64,48","23,65K","0,76%"
"17.03.2014","64,82","64,38","64,89","64,30","5,47K","0,46%"
"14.03.2014","64,52","64,70","64,83","64,35","76,34K","-0,66%"
"13.03.2014","64,95","65,46","65,60","64,97","24,17K","-0,78%"
"12.03.2014","65,46","65,48","65,56","64,91","9,40K","-0,43%"
"11.03.2014","65,74","65,78","66,08","65,70","12,85K","0,23%"
"10.03.2014","65,59","65,40","65,70","65,34","11,70K","0,12%"
"07.03.2014","65,51","66,02","66,31","65,66","3,72K","-1,22%"
"06.03.2014","66,32","66,90","66,93","66,32","114,85K","-0,60%"
"05.03.2014","66,72","66,52","66,69","66,52","24,76K","0,23%"
"04.03.2014","66,57","66,14","66,55","65,98","10,96K","1,88%"
"03.03.2014","65,34","65,43","65,66","65,21","8,23K","-1,15%"
"28.02.2014","66,10","66,27","66,33","65,80","14,85K","-0,08%"
"27.02.2014","66,15","66,27","66,32","65,98","18,36K","-0,63%"
"26.02.2014","66,57","66,10","66,53","66,03","25,12K","0,80%"
"25.02.2014","66,04","65,82","66,07","65,60","20,98K","-0,12%"
"24.02.2014","66,12","65,99","66,16","64,36","32,27K","0,27%"
"21.02.2014","65,94","65,98","66,00","65,83","22,93K","0,55%"
"20.02.2014","65,58","65,72","65,72","65,28","6,80K","-0,11%"
"19.02.2014","65,65","65,60","65,77","65,52","7,83K","-0,21%"
"18.02.2014","65,79","66,56","66,56","65,46","30,57K","-0,05%"
"17.02.2014","65,82","65,80","65,88","65,74","53,88K","0,37%"
"14.02.2014","65,58","65,49","65,69","65,41","10,76K","0,09%"
"13.02.2014","65,52","65,20","65,48","64,65","30,52K","0,05%"
"12.02.2014","65,49","65,10","65,81","65,09","30,15K","1,10%"
"11.02.2014","64,78","64,58","64,78","64,55","19,28K","0,67%"
"10.02.2014","64,35","64,08","64,40","64,04","7,33K","1,12%"
"07.02.2014","63,64","63,44","63,69","63,11","5,99K","0,79%"
"06.02.2014","63,14","62,80","63,21","62,57","23,58K","1,38%"
"05.02.2014","62,28","62,84","62,89","62,01","5,98K","-1,21%"
"04.02.2014","63,04","62,63","63,03","62,50","27,91K","-0,08%"
"03.02.2014","63,09","64,14","64,24","63,07","3,77K","-1,33%"
"31.01.2014","63,94","63,65","63,94","63,26","12,25K","0,03%"
"30.01.2014","63,92","62,90","63,90","62,79","6,30K","1,88%"
"29.01.2014","62,74","63,30","63,34","62,35","17,66K","0,05%"
"28.01.2014","62,71","62,83","63,03","62,61","28,49K","-0,76%"
"27.01.2014","63,19","63,63","63,78","62,94","10,56K","-0,97%"
"24.01.2014","63,81","64,92","64,92","63,81","43,66K","-1,19%"
"23.01.2014","64,58","65,49","65,49","64,39","24,00K","-1,54%"
"22.01.2014","65,59","65,61","65,64","65,38","54,49K","0,80%"
"21.01.2014","65,07","65,32","65,49","64,97","16,60K","0,08%"
"20.01.2014","65,02","65,00","65,06","64,91","10,23K","-0,26%"
"17.01.2014","65,19","65,04","65,22","64,98","6,17K","0,22%"
"16.01.2014","65,05","65,37","65,37","64,80","9,81K","-0,03%"
"15.01.2014","65,07","64,50","65,23","64,50","60,98K","1,78%"
"14.01.2014","63,93","63,55","63,97","63,02","18,50K","-0,42%"
"13.01.2014","64,20","63,91","64,24","63,90","13,27K","0,88%"
"10.01.2014","63,64","64,26","64,59","63,60","5,67K","-0,70%"
"09.01.2014","64,09","64,45","64,78","64,06","17,71K","-0,57%"
"08.01.2014","64,46","64,15","64,51","64,10","18,77K","0,59%"
"07.01.2014","64,08","63,72","63,84","63,56","3,66K","1,38%"
"06.01.2014","63,21","64,04","64,04","63,20","0,99K","-1,27%"
"03.01.2014","64,02","64,14","64,32","63,96","15,39K","-0,45%"
"02.01.2014","64,31","63,60","64,78","63,60","47,90K","1,13%"
"30.12.2013","63,59","63,91","64,00","63,52","2,50K","-0,49%"
"27.12.2013","63,90","64,10","64,88","63,54","31,22K","-0,08%"
"23.12.2013","63,95","63,72","64,07","63,72","23,85K","0,69%"
"20.12.2013","63,51","63,20","63,51","63,08","39,03K","0,92%"
"19.12.2013","62,93","61,22","63,14","61,22","23,36K","1,70%"
"18.12.2013","61,88","62,06","62,19","61,85","6,34K","-0,23%"
"17.12.2013","62,02","62,01","62,20","61,96","11,94K","-0,35%"
"16.12.2013","62,24","61,68","62,42","61,68","35,27K","0,35%"
"13.12.2013","62,02","62,02","62,30","62,02","3,13K","-0,18%"
"12.12.2013","62,13","61,97","62,15","61,82","2,70K","-0,42%"
"11.12.2013","62,39","62,77","62,85","62,35","8,17K","-0,73%"
"10.12.2013","62,85","62,93","63,08","62,60","10,66K","-0,48%"
"09.12.2013","63,15","63,03","63,14","62,87","27,49K","0,45%"
"06.12.2013","62,87","62,74","63,06","62,57","29,01K","0,46%"
"05.12.2013","62,58","62,84","63,20","62,60","9,21K","-0,95%"
"04.12.2013","63,18","63,03","63,42","62,76","22,40K","0,41%"
"03.12.2013","62,92","63,15","63,17","62,92","4,48K","-0,52%"
"02.12.2013","63,25","63,75","64,94","63,18","2,52K","0,16%"
"29.11.2013","63,15","62,95","63,09","62,91","5,78K","0,25%"
"28.11.2013","62,99","62,89","63,02","62,84","3,70K","0,33%"
"27.11.2013","62,78","62,44","62,80","62,40","13,41K","0,63%"
"26.11.2013","62,39","62,38","62,41","62,20","3,16K","-0,14%"
"25.11.2013","62,48","62,10","62,58","62,10","15,27K","0,63%"
"22.11.2013","62,09","62,09","62,13","61,83","32,46K","0,34%"
"21.11.2013","61,88","61,67","62,06","61,58","68,55K","-0,13%"
"20.11.2013","61,96","61,35","61,89","61,29","32,05K","0,58%"
"19.11.2013","61,60","61,63","61,89","61,49","51,58K","-0,95%"
"18.11.2013","62,19","62,16","62,30","61,91","2,59K","-0,22%"
"15.11.2013","62,33","62,54","62,59","62,18","10,45K","0,16%"
"14.11.2013","62,23","62,05","62,25","62,00","12,11K","0,99%"
"13.11.2013","61,62","61,51","61,77","61,11","8,55K","0,20%"
"12.11.2013","61,50","61,54","61,61","61,24","8,03K","0,02%"
"11.11.2013","61,49","61,85","61,85","61,52","5,47K","-0,29%"
"08.11.2013","61,67","61,05","61,74","61,00","29,05K","0,62%"
"07.11.2013","61,29","61,37","62,62","61,20","35,64K","-0,26%"
"06.11.2013","61,45","61,84","61,85","61,39","21,05K","-0,28%"
"05.11.2013","61,62","61,57","61,65","61,30","29,91K","0,44%"
"04.11.2013","61,35","61,46","61,70","61,32","8,65K","-0,20%"
"01.11.2013","61,47","61,33","61,72","61,30","8,49K","0,26%"
"31.10.2013","61,31","60,67","61,29","60,67","14,05K","1,44%"
"30.10.2013","60,44","60,76","60,81","60,46","11,23K","-0,13%"
"29.10.2013","60,52","60,25","60,59","60,11","23,58K","0,43%"
"28.10.2013","60,26","60,32","60,34","60,14","4,22K","0,10%"
"25.10.2013","60,20","60,08","60,45","59,99","39,17K","0,58%"
"24.10.2013","59,85","59,80","59,89","59,45","51,89K","0,55%"
"23.10.2013","59,52","59,68","59,80","59,38","9,47K","-0,40%"
"22.10.2013","59,76","60,36","60,49","59,76","16,67K","-0,94%"
"21.10.2013","60,33","60,00","60,50","60,00","10,29K","0,87%"
"18.10.2013","59,81","59,54","59,91","59,54","10,12K","1,39%"
"17.10.2013","58,99","59,23","59,23","58,70","8,30K","-1,17%"
"16.10.2013","59,69","59,18","59,76","58,90","26,61K","0,35%"
"15.10.2013","59,48","59,10","59,40","59,10","6,15K","2,04%"
"14.10.2013","58,29","58,20","58,31","58,07","7,28K","0,05%"
"11.10.2013","58,26","58,10","58,34","57,82","88,99K","0,76%"
"10.10.2013","57,82","57,30","58,03","57,27","29,48K","2,07%"
"09.10.2013","56,65","57,48","57,60","56,75","12,00K","-1,41%"
"08.10.2013","57,46","58,30","58,30","57,44","13,44K","-1,49%"
"07.10.2013","58,33","58,29","58,67","57,97","3,49K","0,12%"
"04.10.2013","58,26","57,94","58,40","57,91","6,78K","0,22%"
"03.10.2013","58,13","58,56","58,60","57,98","2,12K","-0,70%"
"02.10.2013","58,54","60,25","60,25","58,38","17,44K","-0,81%"
"01.10.2013","59,02","58,52","59,02","58,46","17,27K","0,94%"
"30.09.2013","58,47","58,57","58,57","57,95","23,40K","-0,32%"
"27.09.2013","58,66","58,90","58,90","58,36","7,47K","-0,29%"
"26.09.2013","58,83","58,65","59,10","58,59","3,31K","0,32%"
"25.09.2013","58,64","58,81","58,87","58,37","19,38K","-0,54%"
"24.09.2013","58,96","58,63","58,98","58,63","14,52K","0,68%"
"23.09.2013","58,56","58,78","59,08","58,46","7,92K","-0,63%"
"20.09.2013","58,93","58,85","59,11","58,84","4,20K","0,14%"
"19.09.2013","58,85","58,85","58,94","58,66","69,13K","-0,07%"
"18.09.2013","58,89","58,91","58,96","58,84","4,57K","0,15%"
"17.09.2013","58,80","58,50","58,82","58,26","7,18K","0,24%"
"16.09.2013","58,66","59,31","59,31","58,59","4,93K","-0,19%"
"13.09.2013","58,77","58,87","58,89","58,70","58,58K","-0,05%"
"12.09.2013","58,80","59,03","59,03","58,75","12,44K","0,27%"
"11.09.2013","58,64","58,99","58,99","58,53","3,85K","-0,83%"
"10.09.2013","59,13","59,12","59,18","59,04","21,72K","1,04%"
"09.09.2013","58,52","58,73","58,73","58,45","5,41K","-0,19%"
"06.09.2013","58,63","58,75","58,90","57,96","22,51K","-0,02%"
"05.09.2013","58,64","58,29","58,75","58,27","3,30K","0,89%"
"04.09.2013","58,12","57,84","58,21","57,60","15,51K","0,26%"
"03.09.2013","57,97","58,15","58,16","57,75","10,97K","-0,03%"
"02.09.2013","57,99","57,64","57,97","57,64","6,78K","1,19%"
"30.08.2013","57,31","57,66","57,66","57,40","1,61K","-0,85%"
"29.08.2013","57,80","56,96","57,76","56,95","1,51K","1,85%"
"28.08.2013","56,75","56,37","56,79","56,33","3,87K","-0,14%"
"27.08.2013","56,83","57,40","57,40","56,75","23,74K","-1,70%"
"26.08.2013","57,81","57,48","57,74","57,37","1,65K","0,98%"
"23.08.2013","57,25","57,21","57,27","57,05","1,16K","0,44%"
"22.08.2013","57,00","56,59","57,25","56,59","0,65K","0,37%"
"21.08.2013","56,79","56,41","56,78","56,35","0,39K","0,41%"
"20.08.2013","56,56","56,73","56,74","56,33","9,69K","-0,84%"
"19.08.2013","57,04","56,76","57,09","56,59","1,15K","0,16%"
"16.08.2013","56,95","56,95","56,95","56,54","7,22K","-2,01%"
"14.08.2013","58,12","58,15","58,29","58,08","12,02K","0,26%"
"13.08.2013","57,97","57,97","58,10","57,83","32,60K","0,26%"
"12.08.2013","57,82","57,52","57,52","57,26","1,09K","0,78%"
"09.08.2013","57,37","57,56","57,67","57,36","1,57K","-0,03%"
"08.08.2013","57,39","57,48","57,69","57,22","2,54K","0,33%"
"07.08.2013","57,20","57,40","57,59","57,16","3,96K","-0,56%"
"06.08.2013","57,52","58,20","58,20","57,49","2,26K","-1,27%"
"05.08.2013","58,26","58,12","58,28","58,08","3,39K","0,80%"
"02.08.2013","57,80","58,00","58,22","57,72","7,74K","0,02%"
"01.08.2013","57,79","57,51","57,91","57,51","16,32K","0,84%"
"31.07.2013","57,31","57,16","57,61","57,13","2,73K","0,03%"
"30.07.2013","57,29","56,91","57,29","56,91","1,16K","0,83%"
"29.07.2013","56,82","56,88","57,06","56,68","14,48K","0,50%"
"26.07.2013","56,54","56,65","56,65","56,37","2,17K","0,23%"
"25.07.2013","56,41","56,76","56,84","56,49","7,80K","-0,39%"
"24.07.2013","56,63","56,63","56,88","56,49","15,97K","0,19%"
"23.07.2013","56,52","57,01","57,09","56,42","4,30K","-0,51%"
"22.07.2013","56,81","56,96","56,99","56,68","57,00K","-0,18%"
"19.07.2013","56,91","57,04","57,10","56,86","5,64K","-1,88%"
"18.07.2013","58,00","57,76","58,01","57,72","1,18K","0,24%"
"17.07.2013","57,86","57,57","57,89","57,39","11,51K","0,59%"
"16.07.2013","57,52","57,89","57,91","57,52","0,99K","-0,83%"
"15.07.2013","58,00","57,88","58,00","57,80","5,17K","0,68%"
"12.07.2013","57,61","57,54","57,81","57,49","3,69K","0,47%"
"11.07.2013","57,34","57,09","57,40","56,94","130,65K","0,35%"
"10.07.2013","57,14","57,28","57,28","56,99","5,03K","-0,28%"
"09.07.2013","57,30","56,75","57,30","56,74","7,97K","1,42%"
"08.07.2013","56,50","56,38","56,99","56,38","7,83K","0,25%"
"05.07.2013","56,36","56,60","56,89","56,14","42,75K","-0,09%"
"04.07.2013","56,41","55,29","56,56","55,29","22,37K","1,80%"
"03.07.2013","55,41","55,24","55,68","55,11","24,73K","-0,25%"
"02.07.2013","55,55","55,33","55,67","55,30","14,83K","-0,04%"
"01.07.2013","55,57","55,32","55,67","55,08","8,93K","0,73%"
"28.06.2013","55,17","54,98","55,18","54,56","26,04K","0,13%"
"27.06.2013","55,10","54,59","55,26","54,57","0,78K","0,75%"
"26.06.2013","54,69","53,88","54,72","53,88","3,84K","1,69%"
"25.06.2013","53,78","53,70","53,99","53,68","7,09K","1,11%"
"24.06.2013","53,19","53,46","53,84","53,15","6,18K","-1,06%"
"21.06.2013","53,76","53,84","54,13","53,79","3,44K","-1,03%"
"20.06.2013","54,32","54,77","54,80","54,36","14,51K","-1,22%"
"19.06.2013","54,99","54,95","55,19","54,95","4,12K","0,13%"
"18.06.2013","54,92","54,97","55,04","54,70","3,52K","-0,31%"
"17.06.2013","55,09","54,74","55,12","54,73","2,66K","1,29%"
"14.06.2013","54,39","54,57","54,77","54,39","1,00K","0,46%"
"13.06.2013","54,14","54,25","54,25","53,42","2,41K","-0,75%"
"12.06.2013","54,55","54,99","55,18","54,49","28,05K","-1,23%"
"11.06.2013","55,23","55,19","55,23","54,75","5,42K","-1,16%"
"10.06.2013","55,88","55,80","55,99","55,55","15,55K","0,61%"
"07.06.2013","55,54","54,67","55,54","54,67","12,04K","1,48%"
"06.06.2013","54,73","55,17","55,36","54,75","12,95K","-1,30%"
"05.06.2013","55,45","55,90","55,98","54,50","27,66K","-1,70%"
"04.06.2013","56,41","56,22","56,68","56,16","6,53K","1,44%"
"03.06.2013","55,61","56,37","56,66","55,66","5,14K","-3,00%"
"31.05.2013","57,33","56,82","57,36","56,49","36,41K","0,79%"
"30.05.2013","56,88","56,73","57,03","56,57","6,70K","0,21%"
"29.05.2013","56,76","57,34","57,34","56,62","20,39K","-2,02%"
"28.05.2013","57,93","57,42","58,06","57,42","7,16K","1,47%"
"27.05.2013","57,09","56,94","57,09","56,75","8,77K","0,79%"
"24.05.2013","56,64","56,92","57,00","56,35","19,34K","-0,70%"
"23.05.2013","57,04","57,20","57,20","56,50","20,78K","-1,69%"
"22.05.2013","58,02","57,58","58,00","57,52","3,64K","0,78%"
"21.05.2013","57,57","57,64","57,84","57,60","6,02K","-0,57%"
"20.05.2013","57,90","57,79","57,98","57,68","3,81K","0,26%"
"17.05.2013","57,75","57,44","57,89","57,27","13,12K","0,70%"
"16.05.2013","57,35","57,41","57,46","57,20","3,39K","-0,16%"
"15.05.2013","57,44","57,10","57,45","57,02","61,49K","1,00%"
"14.05.2013","56,87","56,42","56,87","56,30","1,72K","0,89%"
"13.05.2013","56,37","56,23","56,44","56,12","8,18K","-0,07%"
"10.05.2013","56,41","56,00","56,41","55,98","13,53K","1,49%"
"09.05.2013","55,58","55,37","55,59","55,25","12,20K","0,58%"
"08.05.2013","55,26","55,24","55,37","54,95","16,12K","-0,31%"
"07.05.2013","55,43","55,28","55,56","55,28","12,69K","-0,05%"
"06.05.2013","55,46","55,03","55,45","55,03","5,07K","0,54%"
"03.05.2013","55,16","54,50","55,20","54,37","15,82K","0,84%"
"02.05.2013","54,70","53,84","54,72","53,59","4,24K","2,09%"
"30.04.2013","53,58","53,94","53,94","53,45","13,81K","-0,32%"
"29.04.2013","53,75","53,44","53,78","53,33","21,71K","0,49%"
"26.04.2013","53,49","53,70","53,70","53,48","3,77K","-0,82%"
"25.04.2013","53,93","53,31","53,93","53,31","18,89K","0,86%"
"24.04.2013","53,47","53,53","53,72","53,41","27,89K","-0,24%"
"23.04.2013","53,60","52,65","53,62","52,65","40,03K","1,96%"
"22.04.2013","52,57","52,45","52,63","52,44","1,43K","0,71%"
"19.04.2013","52,20","51,90","52,05","51,59","61,53K","0,64%"
"18.04.2013","51,87","52,37","52,53","51,84","37,42K","-1,01%"
"17.04.2013","52,40","52,85","52,85","52,18","97,72K","-0,76%"
"16.04.2013","52,80","52,90","52,90","52,54","31,45K","-0,92%"
"15.04.2013","53,29","53,37","53,46","53,24","29,44K","0,09%"
"12.04.2013","53,24","53,58","53,64","53,20","35,53K","-0,54%"
"11.04.2013","53,53","53,65","53,65","53,32","5,47K","0,07%"
"10.04.2013","53,49","52,68","53,57","52,64","54,93K","2,41%"
"09.04.2013","52,23","52,58","52,71","52,23","29,66K","-0,11%"
"08.04.2013","52,29","52,31","52,42","52,14","1,38K","0,50%"
"05.04.2013","52,03","53,04","53,04","51,85","29,14K","-2,35%"
"04.04.2013","53,28","53,80","53,84","53,23","34,20K","-0,91%"
"03.04.2013","53,77","54,15","54,15","53,77","14,48K","-0,61%"
"02.04.2013","54,10","53,41","54,09","53,27","25,83K","0,60%"
"28.03.2013","53,78","53,90","53,98","53,79","2,38K","-0,13%"
"27.03.2013","53,85","53,86","54,03","53,63","13,29K","0,37%"
"26.03.2013","53,65","53,52","53,76","53,52","26,88K","0,64%"
"25.03.2013","53,31","52,84","53,64","52,84","4,31K","0,74%"
"22.03.2013","52,92","52,86","52,97","52,84","20,66K","-0,30%"
"21.03.2013","53,08","53,27","53,28","53,04","25,90K","-0,17%"
"20.03.2013","53,17","53,49","53,50","53,21","4,00K","0,13%"
"19.03.2013","53,10","53,17","53,34","53,03","38,42K","-0,02%"
"18.03.2013","53,11","52,00","53,00","52,00","24,87K","0,53%"
"15.03.2013","52,83","53,05","53,07","52,44","12,56K","-0,73%"
"14.03.2013","53,22","53,24","53,50","53,19","186,60K","0,04%"
"13.03.2013","53,20","52,83","53,29","52,83","11,86K","0,81%"
"12.03.2013","52,77","53,11","53,11","52,77","1,64K","-0,43%"
"11.03.2013","53,00","52,94","53,00","52,88","3,25K","-0,19%"
"08.03.2013","53,10","52,70","53,28","52,60","53,85K","1,01%"
"07.03.2013","52,57","52,81","52,90","52,45","2,34K","-0,59%"
"06.03.2013","52,88","52,81","53,04","52,80","24,50K","0,09%"
"05.03.2013","52,83","52,15","52,89","52,10","8,33K","1,73%"
"04.03.2013","51,93","51,82","51,94","51,80","4,19K","-0,08%"
"01.03.2013","51,97","51,55","52,00","51,46","17,15K","0,41%"
"28.02.2013","51,76","51,40","51,72","51,40","31,26K","0,54%"
"27.02.2013","51,48","50,88","51,50","50,87","1,67K","1,32%"
"26.02.2013","50,81","51,00","51,05","50,76","2,58K","-0,84%"
"25.02.2013","51,24","50,92","51,24","50,92","6,83K","0,83%"
"22.02.2013","50,82","50,69","50,95","50,63","1,77K","0,45%"
"21.02.2013","50,59","50,83","50,90","50,60","37,46K","-1,00%"
"20.02.2013","51,10","51,16","51,19","51,05","14,19K","0,14%"
"19.02.2013","51,03","50,96","51,10","50,94","7,61K","0,14%"
"18.02.2013","50,96","50,98","50,98","50,82","4,58K","-0,20%"
"15.02.2013","51,06","51,00","51,13","50,85","15,26K","-0,10%"
"14.02.2013","51,11","49,50","51,06","49,50","2,68K","0,83%"
"13.02.2013","50,69","50,59","50,86","50,48","10,57K","0,32%"
"12.02.2013","50,53","50,89","50,89","50,60","3,04K","-0,65%"
"11.02.2013","50,86","51,14","51,15","50,89","3,51K","-0,43%"
"08.02.2013","51,08","50,44","51,10","50,33","34,30K","2,06%"
"07.02.2013","50,05","49,81","50,34","49,72","3,15K","0,02%"
"06.02.2013","50,04","50,12","50,14","49,80","1,65K","0,83%"
"05.02.2013","49,63","49,50","49,75","49,44","3,60K","-0,21%"
"04.02.2013","49,74","49,85","50,01","49,72","24,03K","0,76%"
"01.02.2013","49,36","49,40","49,65","49,29","5,97K","-0,27%"
"31.01.2013","49,49","49,71","49,78","49,49","9,50K","-0,51%"
"30.01.2013","49,75","50,03","50,04","49,76","6,03K","-0,66%"
"29.01.2013","50,08","50,12","50,12","49,80","8,86K","-0,16%"
"28.01.2013","50,16","50,00","50,18","49,94","11,55K","0,55%"
"25.01.2013","49,88","49,98","50,07","49,81","33,50K","-1,06%"
"24.01.2013","50,42","50,98","50,98","50,07","44,09K","-1,10%"
"23.01.2013","50,98","50,92","51,04","50,75","49,44K","1,03%"
"22.01.2013","50,46","50,49","50,63","50,46","5,57K","-0,47%"
"21.01.2013","50,70","50,55","50,63","50,49","5,00K","0,36%"
"18.01.2013","50,52","50,40","50,49","50,32","2,21K","0,00%"
"17.01.2013","50,52","50,45","50,55","50,25","0,99K","0,08%"
"16.01.2013","50,48","50,24","50,48","50,16","14,95K","0,86%"
"15.01.2013","50,05","50,20","50,31","49,94","4,35K","-0,28%"
"14.01.2013","50,19","50,54","50,54","50,14","1,86K","-0,54%"
"11.01.2013","50,46","50,78","50,84","50,41","5,73K","-0,34%"
"10.01.2013","50,63","51,42","51,42","50,68","2,11K","-1,56%"
"09.01.2013","51,43","51,16","51,47","51,06","9,97K","1,08%"
"08.01.2013","50,88","50,79","51,16","50,79","11,16K","-0,29%"
"07.01.2013","51,03","51,24","51,29","50,91","13,63K","-0,55%"
"04.01.2013","51,31","51,52","51,65","51,21","4,60K","-0,27%"
"03.01.2013","51,45","51,21","51,49","51,18","22,93K","1,64%"
"02.01.2013","50,62","49,51","50,80","49,51","28,17K","3,54%"
"28.12.2012","48,89","48,76","49,03","48,70","2,20K","0,19%"
"27.12.2012","48,79","49,23","49,23","48,76","23,13K","-1,69%"
"21.12.2012","49,63","49,83","49,83","49,30","73,74K","-0,87%"
"20.12.2012","50,07","50,20","50,20","49,83","5,76K","-0,50%"
"19.12.2012","50,32","50,25","50,47","50,09","16,38K","0,28%"
"18.12.2012","50,18","50,00","50,17","49,95","11,98K","1,46%"
"17.12.2012","49,46","49,28","49,48","49,00","12,09K","0,21%"
"14.12.2012","49,35","49,96","50,06","49,36","4,30K","-1,72%"
"13.12.2012","50,22","50,43","50,58","50,28","20,93K","-0,87%"
"12.12.2012","50,66","50,88","50,97","50,60","12,47K","-0,82%"
"11.12.2012","51,08","50,36","51,08","50,35","8,86K","0,89%"
"10.12.2012","50,63","50,18","50,50","50,09","12,97K","0,86%"
"07.12.2012","50,20","50,44","51,01","50,20","67,63K","-0,50%"
"06.12.2012","50,45","49,67","50,45","49,62","16,81K","1,50%"
"05.12.2012","49,71","50,24","50,30","49,49","37,83K","-0,67%"
"04.12.2012","50,04","50,39","50,43","49,97","17,64K","-1,03%"
"03.12.2012","50,56","50,76","50,97","50,54","15,65K","0,02%"
"30.11.2012","50,55","50,77","50,95","50,61","8,33K","-0,63%"
"29.11.2012","50,87","50,81","50,95","50,73","18,26K","1,03%"
"28.11.2012","50,35","50,31","50,39","49,97","46,33K","-0,10%"
"27.11.2012","50,40","50,32","50,45","50,29","13,36K","0,97%"
"26.11.2012","49,92","49,90","50,12","49,89","5,10K","-0,19%"
"23.11.2012","50,01","49,64","49,96","49,64","2,44K","0,51%"
"22.11.2012","49,76","49,98","49,98","49,72","8,52K","-0,23%"
"21.11.2012","49,87","49,92","49,96","49,73","5,14K","0,06%"
"20.11.2012","49,84","49,76","49,90","49,76","3,62K","0,63%"
"19.11.2012","49,53","49,06","49,55","49,03","23,97K","2,09%"
"16.11.2012","48,51","48,69","48,94","48,53","22,14K","-0,13%"
"15.11.2012","48,58","49,01","49,01","48,53","3,90K","-1,68%"
"14.11.2012","49,41","49,92","49,97","49,39","53,51K","-1,24%"
"13.11.2012","50,03","49,82","50,06","49,60","10,12K","0,29%"
"12.11.2012","49,88","50,13","50,22","49,88","3,72K","-0,61%"
"09.11.2012","50,19","50,01","50,21","49,64","7,62K","-0,06%"
"08.11.2012","50,22","50,50","50,66","50,21","24,64K","-0,20%"
"07.11.2012","50,32","51,39","51,46","50,32","9,00K","-1,97%"
"06.11.2012","51,33","51,33","51,53","51,30","1,31K","0,16%"
"05.11.2012","51,25","50,94","51,38","50,86","5,74K","-0,25%"
"02.11.2012","51,38","51,30","51,58","50,10","9,23K","0,69%"
"01.11.2012","51,03","50,21","51,05","50,21","2,39K","1,75%"
"31.10.2012","50,15","50,64","50,65","50,10","5,12K","-0,63%"
"30.10.2012","50,47","50,42","50,55","50,33","6,54K","0,02%"
"29.10.2012","50,46","50,55","50,59","50,32","2,24K","0,19%"
"26.10.2012","50,36","50,13","50,59","50,06","5,26K","-0,22%"
"25.10.2012","50,48","50,47","50,68","50,47","5,41K","0,00%"
"24.10.2012","50,48","50,59","50,87","50,56","7,72K","-0,21%"
"23.10.2012","50,58","50,48","50,59","50,38","6,30K","0,36%"
"22.10.2012","50,40","50,47","50,59","50,36","3,62K","-1,14%"
"19.10.2012","50,98","51,50","51,60","50,90","4,65K","-1,74%"
"18.10.2012","51,88","52,04","52,07","51,82","72,04K","-0,21%"
"17.10.2012","51,99","51,89","52,06","51,77","3,46K","-0,27%"
"16.10.2012","52,13","51,85","52,10","51,76","4,85K","0,81%"
"15.10.2012","51,71","51,80","51,87","51,57","22,00K","0,16%"
"12.10.2012","51,63","51,65","51,76","51,48","19,79K","-0,75%"
"11.10.2012","52,01","52,25","52,29","51,97","3,68K","-0,37%"
"10.10.2012","52,21","52,31","52,40","52,21","4,51K","-0,27%"
"09.10.2012","52,35","52,75","52,89","52,24","27,24K","-0,75%"
"08.10.2012","52,74","53,12","53,12","52,76","5,85K","-1,11%"
"05.10.2012","53,34","53,52","53,64","53,34","1,79K","0,07%"
"04.10.2012","53,30","53,76","53,76","53,30","8,47K","-0,59%"
"03.10.2012","53,62","53,33","53,63","53,28","5,38K","0,76%"
"02.10.2012","53,21","53,44","53,58","53,29","4,16K","-0,97%"
"01.10.2012","53,74","53,58","53,80","53,58","2,50K","0,13%"
"28.09.2012","53,67","53,50","54,00","53,50","1,87K","0,25%"
"27.09.2012","53,53","53,30","53,59","53,28","22,67K","0,52%"
"26.09.2012","53,26","53,73","53,74","53,17","9,09K","-1,97%"
"25.09.2012","54,33","54,37","54,38","54,20","1,46K","0,16%"
"24.09.2012","54,24","54,36","54,40","54,09","16,89K","-0,31%"
"21.09.2012","54,41","54,35","54,51","54,15","7,94K","0,11%"
"20.09.2012","54,35","54,01","54,39","54,01","35,04K","0,75%"
"19.09.2012","53,94","54,00","54,21","53,87","7,58K","0,17%"
"18.09.2012","53,85","53,65","53,91","53,60","10,35K","0,76%"
"17.09.2012","53,45","53,38","53,69","53,36","35,35K","-0,22%"
"14.09.2012","53,57","53,46","53,68","53,29","40,95K","0,26%"
"13.09.2012","53,43","53,17","53,49","53,08","5,21K","0,51%"
"12.09.2012","53,16","53,32","53,45","53,14","5,19K","-0,77%"
"11.09.2012","53,57","53,63","53,83","53,50","17,45K","-0,95%"
"10.09.2012","54,09","54,27","54,33","54,07","11,17K","-0,56%"
"07.09.2012","54,39","55,08","55,12","54,41","21,13K","-0,94%"
"06.09.2012","54,90","54,11","54,95","54,11","6,29K","1,49%"
"05.09.2012","54,10","54,27","54,36","54,05","1,31K","0,48%"
"04.09.2012","53,84","54,22","54,27","53,81","19,98K","-0,86%"
"03.09.2012","54,30","54,24","54,42","54,24","6,21K","-0,04%"
"31.08.2012","54,33","54,29","54,35","53,80","12,69K","0,02%"
"30.08.2012","54,31","54,42","54,42","53,90","1,66K","-0,39%"
"29.08.2012","54,52","54,61","54,71","54,43","5,37K","0,18%"
"28.08.2012","54,43","54,81","54,82","54,39","3,10K","-0,80%"
"27.08.2012","54,86","54,86","54,86","54,65","3,09K","0,72%"
"24.08.2012","54,47","54,29","54,48","54,18","8,95K","0,31%"
"23.08.2012","54,30","54,68","54,69","54,10","10,03K","-0,70%"
"22.08.2012","54,69","54,68","54,77","54,60","49,02K","-0,49%"
"21.08.2012","54,95","55,31","55,33","54,95","5,16K","-0,63%"
"20.08.2012","55,30","55,34","55,60","55,26","2,44K","-0,22%"
"17.08.2012","55,42","55,08","55,44","55,05","2,20K","0,98%"
"16.08.2012","54,89","55,00","55,08","54,73","2,72K","0,25%"
"14.08.2012","54,75","54,40","54,75","54,40","2,19K","1,30%"
"13.08.2012","54,05","54,44","54,44","53,92","2,16K","-0,41%"
"10.08.2012","54,27","54,32","54,48","54,20","5,29K","-0,19%"
"09.08.2012","54,38","54,14","54,42","54,04","4,77K","0,68%"
"08.08.2012","54,01","53,98","54,02","53,87","3,63K","0,59%"
"07.08.2012","53,69","53,51","53,71","53,47","5,42K","0,66%"
"06.08.2012","53,34","53,19","53,48","53,19","5,09K","0,08%"
"03.08.2012","53,29","53,03","53,40","52,94","11,79K","0,32%"
"02.08.2012","53,13","52,85","53,34","52,51","12,97K","0,67%"
"01.08.2012","52,77","52,85","53,09","52,77","3,08K","-0,32%"
"31.07.2012","52,94","52,95","53,10","52,80","18,76K","-0,02%"
"30.07.2012","52,95","52,84","53,40","52,84","67,80K","1,76%"
"27.07.2012","52,03","51,79","52,00","51,68","13,34K","1,03%"
"26.07.2012","51,50","51,53","51,88","51,40","18,07K","-0,17%"
"25.07.2012","51,59","51,54","51,63","51,38","8,09K","-1,84%"
"24.07.2012","52,55","52,51","52,60","52,25","5,54K","0,95%"
"23.07.2012","52,06","52,79","52,79","51,83","24,24K","-2,22%"
"20.07.2012","53,24","53,29","53,53","53,21","10,84K","0,16%"
"19.07.2012","53,16","52,62","53,23","52,62","23,98K","1,25%"
"18.07.2012","52,50","51,68","52,52","51,68","393,53K","1,74%"
"17.07.2012","51,60","51,75","51,95","51,46","66,64K","-0,47%"
"16.07.2012","51,85","51,84","51,95","51,59","6,46K","0,48%"
"13.07.2012","51,60","51,37","51,61","51,36","53,75K","1,13%"
"12.07.2012","51,02","51,43","51,49","50,91","203,31K","-1,10%"
"11.07.2012","51,59","51,80","51,83","51,54","21,90K","-1,04%"
"10.07.2012","52,13","52,13","52,61","51,99","15,30K","0,12%"
"09.07.2012","52,07","52,08","52,24","52,02","3,34K","0,04%"
"06.07.2012","52,05","52,49","52,61","52,05","9,81K","-1,13%"
"05.07.2012","52,64","51,84","52,66","51,84","37,10K","1,36%"
"04.07.2012","51,93","51,57","51,87","51,57","3,97K","0,89%"
"03.07.2012","51,48","51,10","51,48","51,10","13,18K","0,92%"
"02.07.2012","51,01","50,71","51,19","50,71","8,49K","1,25%"
"29.06.2012","50,38","50,20","50,31","50,03","9,46K","0,91%"
"28.06.2012","49,92","50,47","50,52","49,91","23,52K","-1,54%"
"27.06.2012","50,70","50,30","50,76","50,18","5,21K","1,20%"
"26.06.2012","50,10","49,94","50,21","49,94","5,26K","0,18%"
"25.06.2012","50,01","50,49","50,57","50,17","4,69K","-0,87%"
"22.06.2012","50,45","50,28","50,46","50,24","3,87K","-0,65%"
"21.06.2012","50,78","50,75","51,00","50,75","33,60K","-0,08%"
"20.06.2012","50,82","50,83","50,88","50,72","78,02K","0,06%"
"19.06.2012","50,79","50,67","50,96","50,67","18,44K","0,65%"
"18.06.2012","50,46","50,90","50,90","49,97","5,83K","1,20%"
"15.06.2012","49,86","49,53","49,91","49,53","11,65K","0,30%"
"14.06.2012","49,71","49,67","49,69","49,28","24,75K","-0,41%"
"13.06.2012","49,92","50,10","50,12","49,81","5,61K","-0,33%"
"12.06.2012","50,08","49,81","50,06","49,68","5,06K","-0,34%"
"11.06.2012","50,25","49,12","50,53","49,12","23,59K","0,16%"
"08.06.2012","50,17","49,83","50,22","49,69","11,64K","0,44%"
"07.06.2012","49,95","49,96","50,20","49,89","28,10K","0,21%"
"06.06.2012","49,85","49,22","49,91","49,22","5,49K","1,76%"
"05.06.2012","48,99","47,72","49,10","47,72","17,84K","1,28%"
"04.06.2012","48,37","49,00","49,01","48,33","38,51K","-1,76%"
"01.06.2012","49,23","50,12","50,13","49,20","13,57K","-1,56%"
"31.05.2012","50,01","50,26","50,39","49,93","12,55K","-0,44%"
"30.05.2012","50,23","50,20","50,30","50,10","5,85K","-0,06%"
"29.05.2012","50,26","50,00","50,33","49,84","17,00K","0,79%"
"28.05.2012","49,87","49,74","49,90","49,69","2,80K","0,44%"
"25.05.2012","49,65","49,72","49,92","49,60","51,80K","-0,05%"
"24.05.2012","49,67","49,63","49,92","49,56","13,30K","1,19%"
"23.05.2012","49,08","49,10","49,15","48,85","78,53K","-0,62%"
"22.05.2012","49,39","48,97","49,24","48,94","23,25K","2,02%"
"21.05.2012","48,41","47,82","48,46","47,78","8,82K","-0,09%"
"18.05.2012","48,46","48,62","48,78","48,42","12,38K","-1,55%"
"17.05.2012","49,22","49,63","49,63","48,51","6,54K","-1,29%"
"16.05.2012","49,87","49,73","49,99","49,72","20,37K","-0,35%"
"15.05.2012","50,04","49,76","50,10","49,76","15,87K","0,61%"
"14.05.2012","49,74","49,61","49,78","49,40","21,22K","-0,75%"
"11.05.2012","50,11","49,73","50,13","49,58","7,56K","1,01%"
"10.05.2012","49,61","49,85","50,01","49,44","30,00K","-0,35%"
"09.05.2012","49,78","49,64","49,67","49,29","9,40K","1,50%"
"08.05.2012","49,05","49,69","49,76","49,00","7,90K","-1,23%"
"07.05.2012","49,66","49,27","49,63","49,15","5,80K","-0,16%"
"04.05.2012","49,74","50,54","51,00","49,68","7,26K","-2,51%"
"03.05.2012","51,02","51,00","51,26","50,96","10,93K","0,41%"
"02.05.2012","50,81","50,75","50,95","50,64","25,99K","0,34%"
"30.04.2012","50,64","50,94","50,94","50,54","6,15K","-0,24%"
"27.04.2012","50,76","50,67","50,82","50,53","13,11K","0,89%"
"26.04.2012","50,31","50,35","50,44","50,21","42,60K","0,10%"
"25.04.2012","50,26","49,70","50,31","49,70","17,16K","1,94%"
"24.04.2012","49,31","49,65","49,77","49,26","27,27K","-0,17%"
"23.04.2012","49,39","49,69","49,74","49,25","11,40K","-1,73%"
"20.04.2012","50,26","50,25","50,50","50,15","6,15K","-1,33%"
"19.04.2012","50,94","50,76","51,02","50,70","15,52K","0,22%"
"18.04.2012","50,83","50,96","51,14","50,85","32,38K","0,36%"
"17.04.2012","50,65","49,96","50,67","49,85","51,17K","0,70%"
"16.04.2012","50,30","50,77","51,11","50,28","33,73K","-1,08%"
"13.04.2012","50,85","50,99","51,12","50,74","22,95K","-0,55%"
"12.04.2012","51,13","50,90","51,12","50,69","5,26K","0,25%"
"11.04.2012","51,00","50,62","51,01","50,62","37,81K","-0,58%"
"10.04.2012","51,30","51,49","51,79","51,29","73,29K","-1,02%"
"05.04.2012","51,83","51,25","51,87","51,25","14,03K","1,15%"
"04.04.2012","51,24","51,50","52,00","51,20","75,74K","-0,27%"
"03.04.2012","51,38","51,15","51,49","51,08","12,80K","0,47%"
"02.04.2012","51,14","50,90","51,12","49,88","26,67K","0,47%"
"30.03.2012","50,90","50,88","51,10","50,65","15,36K","-0,14%"
"29.03.2012","50,97","51,36","51,36","50,98","42,90K","-0,68%"
"28.03.2012","51,32","51,27","51,51","51,20","109,77K","0,00%"
"27.03.2012","51,32","51,30","51,43","51,19","9,77K","0,83%"
"26.03.2012","50,90","50,84","51,01","50,73","18,64K","0,75%"
"23.03.2012","50,52","50,93","51,03","50,38","5,61K","-0,86%"
"22.03.2012","50,96","50,98","51,04","50,85","32,95K","-0,31%"
"21.03.2012","51,12","50,96","51,11","50,83","25,68K","1,13%"
"20.03.2012","50,55","50,76","50,76","50,45","12,65K","-0,34%"
"19.03.2012","50,72","50,77","50,88","50,50","7,59K","0,00%"
"16.03.2012","50,72","51,10","51,50","50,54","14,87K","-0,80%"
"15.03.2012","51,13","51,06","51,19","50,98","9,07K","0,16%"
"14.03.2012","51,05","50,90","51,10","50,73","19,36K","1,69%"
"13.03.2012","50,20","49,70","50,17","49,70","13,56K","1,49%"
"12.03.2012","49,47","49,40","49,68","49,40","9,23K","-0,49%"
"09.03.2012","49,71","49,00","49,73","49,00","11,89K","1,88%"
"08.03.2012","48,79","48,78","48,95","48,69","15,40K","-0,01%"
"07.03.2012","48,80","48,67","48,83","48,58","42,96K","0,58%"
"06.03.2012","48,52","48,55","48,63","48,33","24,37K","-0,12%"
"05.03.2012","48,58","49,22","49,22","48,10","10,13K","-1,52%"
"02.03.2012","49,33","48,80","49,35","48,80","9,59K","1,61%"
"01.03.2012","48,55","48,44","48,73","48,41","10,93K","0,28%"
"29.02.2012","48,42","48,18","48,50","48,14","8,44K","0,74%"
"28.02.2012","48,06","47,88","48,17","47,75","16,19K","0,28%"
"27.02.2012","47,92","47,51","47,90","47,44","34,79K","0,70%"
"24.02.2012","47,59","47,99","47,99","47,48","6,27K","-0,75%"
"23.02.2012","47,95","47,81","48,01","47,69","26,15K","0,01%"
"22.02.2012","47,94","48,17","48,25","47,98","20,87K","-0,50%"
"21.02.2012","48,19","48,08","48,17","47,98","15,25K","0,25%"
"20.02.2012","48,06","48,88","48,88","47,95","20,96K","-0,30%"
"17.02.2012","48,21","48,54","48,57","48,13","31,74K","-0,13%"
"16.02.2012","48,28","48,22","48,47","48,21","35,04K","-1,15%"
"15.02.2012","48,83","48,20","48,88","48,20","22,35K","1,81%"
"14.02.2012","47,97","47,75","48,00","47,75","23,35K","0,74%"
"13.02.2012","47,62","47,56","47,73","47,54","6,47K","0,12%"
"10.02.2012","47,56","47,29","47,49","47,28","34,56K","0,68%"
"09.02.2012","47,24","47,04","47,28","47,04","60,45K","0,71%"
"08.02.2012","46,90","46,90","47,04","46,88","20,17K","-0,14%"
"07.02.2012","46,97","47,39","47,40","46,90","19,70K","-0,59%"
"06.02.2012","47,25","47,30","47,43","47,26","19,33K","-0,16%"
"03.02.2012","47,33","46,63","47,37","46,00","6,78K","1,56%"
"02.02.2012","46,60","46,50","46,71","46,49","25,46K","0,77%"
"01.02.2012","46,24","46,31","46,48","46,16","23,03K","0,19%"
"31.01.2012","46,15","46,10","46,31","46,04","16,28K","0,14%"
"30.01.2012","46,09","45,71","45,93","45,62","100,85K","0,34%"
"27.01.2012","45,94","46,10","46,12","45,90","180,05K","-0,05%"
"26.01.2012","45,96","46,19","46,24","45,96","16,22K","-1,05%"
"25.01.2012","46,45","46,29","47,29","46,29","10,62K","0,69%"
"24.01.2012","46,13","45,83","46,18","45,81","9,66K","0,38%"
"23.01.2012","45,96","46,40","46,40","46,00","5,49K","-0,65%"
"20.01.2012","46,26","46,10","46,35","46,08","8,16K","-0,68%"
"19.01.2012","46,57","46,24","46,56","46,20","40,96K","0,74%"
"18.01.2012","46,23","46,15","46,15","45,97","6,33K","-0,15%"
"17.01.2012","46,30","46,24","46,33","46,05","20,59K","0,12%"
"16.01.2012","46,24","45,88","46,21","45,88","19,32K","0,87%"
"13.01.2012","45,85","45,58","45,90","45,58","22,70K","0,82%"
"12.01.2012","45,47","45,88","45,97","45,28","35,27K","-0,95%"
"11.01.2012","45,90","45,58","45,95","45,46","15,36K","0,65%"
"10.01.2012","45,61","45,50","45,78","45,44","24,84K","0,80%"
"09.01.2012","45,25","45,56","45,63","45,20","26,77K","-0,40%"
"06.01.2012","45,43","45,00","45,39","45,00","2,40K","1,50%"
"05.01.2012","44,76","44,24","44,81","44,24","22,13K","1,51%"
"04.01.2012","44,10","43,78","44,10","43,63","26,40K","0,63%"
"03.01.2012","43,82","44,62","44,62","43,61","7,06K","-0,78%"
"02.01.2012","44,17","43,50","44,54","43,20","103,64K","2,08%"
"30.12.2011","43,26","43,30","43,42","43,20","7,70K","0,14%"
"29.12.2011","43,21","43,14","43,23","43,01","51,45K","0,23%"
"28.12.2011","43,10","43,02","43,20","42,90","58,16K","0,14%"
"27.12.2011","43,04","43,05","43,28","42,88","7,77K","0,29%"
"23.12.2011","42,92","42,88","42,89","42,69","14,72K","0,72%"
"22.12.2011","42,62","42,26","42,65","42,26","14,99K","1,04%"
"21.12.2011","42,17","42,91","42,92","42,19","27,57K","-1,14%"
"20.12.2011","42,66","42,08","42,60","41,99","14,13K","1,23%"
"19.12.2011","42,14","42,17","42,60","42,13","11,48K","-0,94%"
"16.12.2011","42,54","42,31","42,70","42,15","22,93K","0,89%"
"15.12.2011","42,17","42,14","42,58","42,14","14,59K","-0,32%"
"14.12.2011","42,30","43,03","43,03","42,31","10,90K","-1,55%"
"13.12.2011","42,97","42,82","43,21","42,79","39,15K","1,00%"
"12.12.2011","42,54","42,71","42,85","42,38","33,11K","0,25%"
"09.12.2011","42,44","42,33","42,45","42,14","42,61K","-0,34%"
"08.12.2011","42,58","42,60","42,82","42,52","8,45K","0,60%"
"07.12.2011","42,33","42,79","42,92","42,19","24,87K","-0,69%"
"06.12.2011","42,62","42,82","42,95","42,65","10,08K","-0,21%"
"05.12.2011","42,71","42,45","42,74","42,44","12,23K","0,15%"
"02.12.2011","42,65","42,53","42,66","42,36","18,58K","1,60%"
"01.12.2011","41,97","41,90","42,10","41,78","29,89K","0,42%"
"30.11.2011","41,80","40,81","41,88","40,81","18,25K","1,91%"
"29.11.2011","41,01","40,99","41,17","40,89","73,31K","0,09%"
"28.11.2011","40,98","40,37","41,03","40,37","12,22K","1,67%"
"25.11.2011","40,31","39,86","40,44","39,76","22,24K","0,90%"
"24.11.2011","39,94","39,88","40,15","39,79","6,44K","-0,62%"
"23.11.2011","40,19","40,10","40,47","40,00","17,81K","0,24%"
"22.11.2011","40,10","40,29","40,40","40,12","9,98K","0,15%"
"21.11.2011","40,04","40,92","40,92","40,02","5,35K","-3,20%"
"18.11.2011","41,37","41,37","41,40","41,16","16,34K","-0,86%"
"17.11.2011","41,72","42,58","42,58","41,97","14,33K","-2,28%"
"16.11.2011","42,70","42,71","43,07","42,71","14,86K","0,61%"
"15.11.2011","42,44","42,33","42,63","42,12","16,91K","0,39%"
"14.11.2011","42,28","42,19","42,53","42,11","25,98K","0,91%"
"11.11.2011","41,90","41,79","42,15","41,77","8,53K","0,22%"
"10.11.2011","41,81","41,99","42,31","41,77","12,08K","-1,48%"
"09.11.2011","42,44","42,58","42,60","42,22","54,48K","0,75%"
"08.11.2011","42,12","41,91","42,67","41,91","15,00K","0,98%"
"07.11.2011","41,71","41,85","42,06","41,71","36,97K","-0,48%"
"04.11.2011","41,91","42,00","42,19","41,75","130,41K","0,18%"
"03.11.2011","41,83","41,20","41,88","41,03","17,16K","1,31%"
"02.11.2011","41,29","41,51","41,67","41,10","6,90K","0,06%"
"01.11.2011","41,27","41,71","41,71","41,26","34,92K","-1,50%"
"31.10.2011","41,90","41,74","42,01","41,63","7,13K","1,05%"
"28.10.2011","41,47","41,40","41,60","41,40","8,26K","0,78%"
"27.10.2011","41,15","41,51","41,81","41,19","12,37K","0,64%"
"26.10.2011","40,88","41,25","41,44","40,82","17,50K","-1,86%"
"25.10.2011","41,66","42,06","42,10","41,70","7,46K","-0,73%"
"24.10.2011","41,97","41,54","42,10","41,50","6,91K","1,56%"
"21.10.2011","41,32","41,28","41,61","41,24","14,77K","0,51%"
"20.10.2011","41,11","41,60","41,61","41,06","18,65K","-1,96%"
"19.10.2011","41,93","41,76","41,95","41,71","15,86K","0,31%"
"18.10.2011","41,80","41,64","41,90","41,59","3,00K","-0,23%"
"17.10.2011","41,90","42,00","42,39","41,95","13,01K","0,66%"
"14.10.2011","41,62","41,60","42,00","41,60","11,55K","0,82%"
"13.10.2011","41,28","40,99","41,49","40,99","15,58K","-0,04%"
"12.10.2011","41,29","41,29","41,49","41,20","9,05K","0,19%"
"11.10.2011","41,22","41,04","41,52","40,97","9,66K","1,08%"
"10.10.2011","40,78","40,67","40,90","40,33","8,58K","1,85%"
"07.10.2011","40,03","40,38","40,60","39,98","15,72K","-0,51%"
"06.10.2011","40,24","40,08","40,55","40,06","14,62K","1,22%"
"05.10.2011","39,76","39,10","39,24","38,98","7,47K","2,55%"
"04.10.2011","38,76","38,60","38,60","38,19","11,19K","-1,90%"
"03.10.2011","39,51","38,94","39,62","38,94","18,67K","-0,63%"
"30.09.2011","39,76","39,77","39,83","39,49","11,14K","-0,01%"
"29.09.2011","39,77","40,42","40,80","39,78","17,13K","-2,25%"
"28.09.2011","40,69","40,83","41,01","40,69","13,35K","-0,71%"
"27.09.2011","40,97","40,77","41,15","40,72","27,60K","2,25%"
"26.09.2011","40,08","40,20","40,69","39,83","28,62K","-0,11%"
"23.09.2011","40,12","40,01","40,09","39,29","33,14K","-0,24%"
"22.09.2011","40,22","40,56","40,67","39,98","21,21K","-2,60%"
"21.09.2011","41,29","41,44","41,59","41,28","55,09K","-1,15%"
"20.09.2011","41,77","41,46","41,88","41,46","17,87K","1,32%"
"19.09.2011","41,22","40,86","41,10","40,79","7,68K","0,91%"
"16.09.2011","40,85","40,79","41,00","40,00","35,54K","1,71%"
"15.09.2011","40,17","40,29","40,51","40,10","40,00K","0,46%"
"14.09.2011","39,99","39,65","40,13","39,65","36,25K","1,39%"
"13.09.2011","39,44","39,59","39,59","39,17","8,26K","0,87%"
"12.09.2011","39,10","38,94","39,23","38,35","21,57K","-0,36%"
"09.09.2011","39,24","39,28","39,44","39,15","38,10K","0,03%"
"08.09.2011","39,22","38,75","39,39","38,69","109,13K","1,96%"
"07.09.2011","38,47","38,18","38,53","38,13","100,45K","2,75%"
"06.09.2011","37,44","37,19","37,42","36,94","27,78K","0,81%"
"05.09.2011","37,14","37,31","37,39","36,85","51,04K","-1,55%"
"02.09.2011","37,72","38,26","38,26","37,56","38,95K","-2,44%"
"01.09.2011","38,67","38,63","39,26","38,43","19,81K","0,79%"
"31.08.2011","38,37","37,90","38,66","37,90","95,87K","1,70%"
"30.08.2011","37,72","37,63","37,85","37,56","13,79K","1,58%"
"29.08.2011","37,14","36,92","37,34","36,92","7,78K","1,82%"
"26.08.2011","36,47","36,08","36,63","35,60","20,12K","0,40%"
"25.08.2011","36,33","36,23","36,67","36,21","16,65K","0,43%"
"24.08.2011","36,17","35,87","36,44","35,83","44,16K","2,29%"
"23.08.2011","35,37","35,34","35,51","34,97","34,33K","0,96%"
"22.08.2011","35,03","34,86","35,51","34,79","41,46K","-1,66%"
"19.08.2011","35,62","35,50","35,71","35,05","96,16K","-0,46%"
"18.08.2011","35,78","36,78","36,78","35,70","157,93K","-3,89%"
"17.08.2011","37,24","37,45","37,51","37,24","19,21K","-0,49%"
"16.08.2011","37,42","37,30","37,62","37,25","74,14K","-0,16%"
"12.08.2011","37,48","36,79","37,65","36,75","59,04K","2,07%"
"11.08.2011","36,72","36,63","37,00","35,85","35,01K","1,23%"
"10.08.2011","36,28","36,71","36,85","35,99","22,97K","-0,70%"
"09.08.2011","36,53","36,13","36,95","34,92","158,17K","-0,81%"
"08.08.2011","36,83","36,77","37,27","36,55","41,32K","-2,26%"
"05.08.2011","37,68","38,24","38,68","37,45","169,31K","-3,61%"
"04.08.2011","39,09","39,71","39,74","39,08","52,48K","-0,62%"
"03.08.2011","39,33","40,00","40,00","38,83","166,89K","-2,49%"
"02.08.2011","40,34","40,45","40,51","40,35","15,40K","-0,27%"
"01.08.2011","40,45","40,83","40,92","40,45","82,34K","-0,59%"
"29.07.2011","40,69","40,72","40,76","40,09","64,65K","-0,80%"
"28.07.2011","41,02","40,47","41,09","40,47","17,15K","0,69%"
"27.07.2011","40,74","41,10","41,18","40,56","26,79K","-1,07%"
"26.07.2011","41,18","41,23","41,27","41,13","14,59K","-0,65%"
"25.07.2011","41,45","41,17","41,56","41,17","17,64K","0,48%"
"22.07.2011","41,25","41,19","41,35","41,06","21,81K","0,41%"
"21.07.2011","41,08","41,07","41,29","40,90","31,72K","-0,66%"
"20.07.2011","41,35","41,69","41,80","41,47","26,27K","0,05%"
"19.07.2011","41,33","40,86","41,35","40,85","46,44K","0,78%"
"18.07.2011","41,01","41,01","41,01","41,01","","0,75%"
"15.07.2011","40,71","40,71","40,90","40,62","18,68K","-0,10%"
"14.07.2011","40,75","40,67","40,88","40,67","227,93K","-0,89%"
"13.07.2011","41,12","41,28","41,32","41,22","10,40K","-0,56%"
"12.07.2011","41,35","41,54","41,58","41,25","119,74K","-0,02%"
"11.07.2011","41,35","41,44","41,76","41,40","46,36K","0,56%"
"08.07.2011","41,13","41,45","41,80","40,95","11,91K","0,00%"
"07.07.2011","41,13","40,82","41,33","40,82","17,15K","1,56%"
"06.07.2011","40,49","40,53","40,71","40,47","56,93K","0,91%"
"05.07.2011","40,13","40,14","40,22","40,04","47,01K","0,12%"
"04.07.2011","40,08","39,79","40,14","39,79","30,36K","1,20%"
"01.07.2011","39,60","39,27","39,72","39,27","28,13K","0,89%"
"30.06.2011","39,26","38,96","39,34","38,96","7,59K","0,63%"
"29.06.2011","39,01","39,11","39,26","39,01","53,69K","0,17%"
"28.06.2011","38,94","38,85","38,94","38,74","4,96K","0,72%"
"27.06.2011","38,67","38,47","38,66","38,38","24,49K","-0,21%"
"24.06.2011","38,74","38,94","39,00","38,69","23,77K","0,65%"
"23.06.2011","38,49","38,36","38,51","38,33","33,29K","0,25%"
"22.06.2011","38,40","38,35","38,40","38,31","15,46K","0,10%"
"21.06.2011","38,36","37,90","38,37","37,78","30,23K","1,29%"
"20.06.2011","37,87","37,72","37,84","37,72","40,27K","-0,09%"
"17.06.2011","37,90","38,13","38,28","37,83","17,47K","-1,52%"
"16.06.2011","38,49","38,46","38,54","38,37","46,43K","0,18%"
"15.06.2011","38,42","38,41","38,58","38,37","8,95K","0,26%"
"14.06.2011","38,32","38,16","38,33","38,08","82,48K","0,87%"
"13.06.2011","37,99","38,09","38,16","38,06","57,86K","-0,78%"
"10.06.2011","38,29","38,16","38,35","38,12","5,62K","0,20%"
"09.06.2011","38,22","37,89","38,30","37,87","98,42K","0,31%"
"08.06.2011","38,10","38,01","38,14","37,90","52,09K","-0,43%"
"07.06.2011","38,26","38,33","38,42","38,15","6,79K","-0,96%"
"06.06.2011","38,63","38,44","38,66","38,38","42,53K","-0,80%"
"03.06.2011","38,94","39,40","39,45","38,51","64,74K","-1,55%"
"02.06.2011","39,56","39,85","39,85","39,55","186,34K","-0,93%"
"01.06.2011","39,92","40,50","40,50","40,18","20,82K","-0,54%"
"31.05.2011","40,14","40,26","40,30","40,15","17,27K","-0,20%"
"30.05.2011","40,22","40,19","40,26","40,16","4,78K","-0,22%"
"27.05.2011","40,31","40,22","40,35","40,17","14,51K","-0,15%"
"26.05.2011","40,37","40,29","40,35","39,97","13,82K","0,20%"
"25.05.2011","40,29","40,19","40,41","40,15","30,06K","-0,09%"
"24.05.2011","40,33","40,64","40,64","40,28","15,19K","-0,51%"
"23.05.2011","40,53","40,88","40,88","40,44","16,44K","-0,69%"
"20.05.2011","40,81","40,62","40,88","40,62","8,32K","0,27%"
"19.05.2011","40,70","40,77","40,96","40,64","54,43K","0,32%"
"18.05.2011","40,57","40,50","40,58","40,36","41,44K","0,32%"
"17.05.2011","40,44","40,60","40,71","40,35","220,48K","-1,09%"
"16.05.2011","40,88","41,22","41,31","40,92","74,56K","-1,10%"
"13.05.2011","41,34","41,50","41,54","41,35","13,64K","0,32%"
"12.05.2011","41,21","41,20","41,37","41,13","36,05K","-0,31%"
"11.05.2011","41,34","41,28","41,50","41,15","53,80K","0,65%"
"10.05.2011","41,08","40,98","41,21","40,96","10,93K","0,44%"
"09.05.2011","40,90","40,81","41,07","40,78","19,85K","0,45%"
"06.05.2011","40,71","40,25","40,81","40,15","24,10K","1,58%"
"05.05.2011","40,08","39,57","40,15","39,40","17,58K","1,93%"
"04.05.2011","39,31","39,64","39,64","39,28","18,01K","-0,97%"
"03.05.2011","39,70","39,85","39,96","39,61","39,60K","-0,29%"
"02.05.2011","39,81","40,21","40,28","39,82","16,38K","-0,50%"
"29.04.2011","40,01","39,78","39,94","39,75","45,12K","0,06%"
"28.04.2011","39,99","40,05","40,05","39,89","53,48K","-0,53%"
"27.04.2011","40,21","40,19","40,29","40,06","122,05K","-0,29%"
"26.04.2011","40,32","41,06","41,06","39,99","13,47K","0,62%"
"21.04.2011","40,07","39,96","40,15","39,92","87,62K","0,51%"
"20.04.2011","39,87","39,70","39,93","39,62","39,94K","1,58%"
"19.04.2011","39,24","39,46","39,57","39,31","32,58K","0,18%"
"18.04.2011","39,17","38,61","39,63","38,61","67,71K","-0,23%"
"15.04.2011","39,26","39,13","39,29","39,03","8,21K","0,37%"
"14.04.2011","39,12","39,27","39,27","39,08","10,48K","-1,02%"
"13.04.2011","39,53","39,05","39,36","39,01","28,73K","1,24%"
"12.04.2011","39,04","39,30","39,33","38,85","13,20K","-1,30%"
"11.04.2011","39,56","39,65","39,72","39,40","8,98K","-0,52%"
"08.04.2011","39,76","39,87","39,93","39,63","18,53K","-0,85%"
"07.04.2011","40,10","39,96","40,35","39,80","14,95K","0,35%"
"06.04.2011","39,96","40,18","40,39","39,90","39,62K","-1,10%"
"05.04.2011","40,40","40,39","40,48","40,19","77,51K","0,04%"
"04.04.2011","40,39","40,52","40,67","40,28","22,63K","-1,05%"
"01.04.2011","40,82","40,68","41,01","40,67","20,70K","1,00%"
"31.03.2011","40,42","40,60","40,60","40,35","25,51K","-0,70%"
"30.03.2011","40,70","40,83","40,92","40,65","22,96K","0,89%"
"29.03.2011","40,34","40,21","40,59","40,09","12,17K","-0,10%"
"28.03.2011","40,38","40,61","40,74","40,42","22,04K","-0,37%"
"25.03.2011","40,53","40,18","40,55","40,18","25,77K","1,54%"
"24.03.2011","39,92","39,64","40,00","39,64","59,67K","1,54%"
"23.03.2011","39,31","39,01","39,30","38,94","14,88K","0,42%"
"22.03.2011","39,15","39,00","39,24","38,93","33,52K","-0,15%"
"21.03.2011","39,21","38,96","39,39","38,96","66,06K","1,17%"
"18.03.2011","38,75","39,31","39,31","38,61","91,12K","-1,35%"
"17.03.2011","39,28","39,17","39,33","38,89","40,54K","0,15%"
"16.03.2011","39,22","39,76","39,80","39,03","54,37K","-1,06%"
"15.03.2011","39,64","39,96","39,96","39,18","115,48K","-1,11%"
"14.03.2011","40,08","40,33","40,54","40,00","45,21K","-1,58%"
"11.03.2011","40,73","40,44","40,74","40,39","31,93K","-0,17%"
"10.03.2011","40,80","40,81","41,04","40,57","54,43K","-0,38%"
"09.03.2011","40,96","41,26","41,37","40,90","48,44K","-1,03%"
"08.03.2011","41,38","41,15","41,38","41,00","71,02K","0,96%"
"07.03.2011","40,99","41,42","41,64","40,90","44,04K","-1,45%"
"04.03.2011","41,59","41,80","41,85","41,46","27,55K","-0,65%"
"03.03.2011","41,86","41,37","41,84","41,25","20,74K","1,11%"
"02.03.2011","41,40","41,31","41,45","41,02","72,79K","-0,59%"
"01.03.2011","41,65","42,08","42,12","41,50","64,19K","-0,64%"
"28.02.2011","41,92","41,82","42,00","41,63","95,14K","0,30%"
"25.02.2011","41,79","41,23","42,03","41,23","27,69K","1,75%"
"24.02.2011","41,07","41,00","41,26","39,96","93,01K","-0,56%"
"23.02.2011","41,30","41,90","41,90","41,21","59,73K","-2,27%"
"22.02.2011","42,26","42,28","42,52","42,16","113,36K","-0,76%"
"21.02.2011","42,58","42,98","43,01","42,55","81,38K","-1,31%"
"18.02.2011","43,15","43,35","43,45","43,12","59,95K","-0,43%"
"17.02.2011","43,33","43,40","43,47","43,20","33,49K","-0,65%"
"16.02.2011","43,62","43,36","43,74","43,29","21,80K","0,67%"
"15.02.2011","43,33","43,43","43,45","43,20","69,97K","-0,49%"
"14.02.2011","43,54","43,22","43,55","43,22","68,49K","1,20%"
"11.02.2011","43,03","42,72","43,03","42,67","55,81K","0,99%"
"10.02.2011","42,61","42,30","42,70","42,17","26,72K","0,61%"
"09.02.2011","42,35","42,58","42,58","42,34","77,05K","0,06%"
"08.02.2011","42,33","42,38","42,49","42,22","66,93K","-0,94%"
"07.02.2011","42,72","42,34","42,83","42,27","62,91K","1,56%"
"04.02.2011","42,07","41,91","42,26","41,80","46,52K","1,13%"
"03.02.2011","41,60","41,33","41,81","41,26","20,99K","0,58%"
"02.02.2011","41,36","41,26","41,46","41,25","82,18K","0,29%"
"01.02.2011","41,24","41,06","41,38","40,97","52,79K","0,99%"
"31.01.2011","40,83","41,20","41,20","40,52","28,77K","-1,44%"
"28.01.2011","41,43","41,68","41,85","41,44","37,52K","-0,36%"
"27.01.2011","41,58","41,71","41,72","41,44","48,54K","-0,08%"
"26.01.2011","41,62","41,44","41,64","41,40","54,12K","0,76%"
"25.01.2011","41,30","41,38","41,49","41,25","37,10K","0,32%"
"24.01.2011","41,17","41,22","41,22","40,88","36,70K","-0,64%"
"21.01.2011","41,44","41,51","41,75","41,32","28,50K","-0,74%"
"20.01.2011","41,74","41,94","42,03","41,62","51,14K","-1,22%"
"19.01.2011","42,26","42,60","42,65","42,18","62,04K","-0,88%"
"18.01.2011","42,63","42,34","42,62","42,22","83,71K","0,52%"
"17.01.2011","42,42","42,88","42,99","42,33","214,14K","-0,27%"
"14.01.2011","42,53","42,39","42,59","42,21","23,05K","0,00%"
"13.01.2011","42,53","43,20","43,20","42,44","74,15K","-1,89%"
"12.01.2011","43,35","43,40","43,61","43,22","51,96K","-0,08%"
"11.01.2011","43,38","43,49","43,60","43,41","64,92K","0,45%"
"10.01.2011","43,19","43,28","43,35","43,06","20,54K","0,13%"
"07.01.2011","43,13","43,10","43,26","43,00","23,02K","0,31%"
"06.01.2011","42,99","42,49","42,97","42,49","29,26K","1,63%"
"05.01.2011","42,31","41,51","42,34","41,44","13,21K","1,98%"
"04.01.2011","41,49","41,48","41,57","41,31","90,35K","-0,16%"
"03.01.2011","41,55","41,18","41,79","41,18","41,48K","0,80%"
"30.12.2010","41,22","41,66","41,66","41,16","304,83K","-1,26%"
"29.12.2010","41,74","41,78","41,87","41,67","187,30K","0,05%"
"28.12.2010","41,72","41,66","41,87","41,15","14,66K","0,25%"
"27.12.2010","41,62","42,39","42,39","41,38","12,40K","-0,64%"
"23.12.2010","41,89","41,97","42,12","41,85","21,57K","-0,49%"
"22.12.2010","42,10","41,90","42,09","41,75","37,79K","0,60%"
"21.12.2010","41,85","41,67","41,90","41,65","40,11K","0,76%"
"20.12.2010","41,53","41,36","41,68","41,36","83,74K","-0,20%"
"17.12.2010","41,62","41,11","41,58","40,93","326,37K","0,53%"
"16.12.2010","41,40","41,01","41,38","40,98","66,91K","0,98%"
"15.12.2010","40,99","40,74","41,08","40,74","74,52K","0,35%"
"14.12.2010","40,85","40,45","40,87","40,45","86,47K","-0,12%"
"13.12.2010","40,90","41,30","41,48","40,90","41,61K","-0,38%"
"10.12.2010","41,06","40,96","41,18","40,94","20,04K","-0,19%"
"09.12.2010","41,13","41,00","41,20","40,96","45,62K","0,80%"
"08.12.2010","40,81","40,74","40,94","40,72","43,29K","0,12%"
"07.12.2010","40,76","40,51","40,80","40,46","28,37K","0,48%"
"06.12.2010","40,56","40,33","40,68","40,33","59,78K","1,10%"
"03.12.2010","40,13","40,74","40,80","40,05","83,60K","-1,04%"
"02.12.2010","40,54","40,79","40,79","40,41","44,50K","-0,77%"
"01.12.2010","40,86","40,08","40,83","40,08","49,45K","2,05%"
"30.11.2010","40,04","40,26","40,58","40,04","123,81K","0,23%"
"29.11.2010","39,95","39,96","40,31","39,95","82,92K","-0,47%"
"26.11.2010","40,14","39,95","40,20","39,72","72,15K","0,79%"
"25.11.2010","39,83","39,83","39,95","39,73","10,15K","0,14%"
"24.11.2010","39,77","39,03","39,80","39,01","60,37K","2,37%"
"23.11.2010","38,85","38,81","39,06","38,53","94,89K","0,50%"
"22.11.2010","38,65","38,55","38,77","38,39","31,31K","0,69%"
"19.11.2010","38,39","38,43","38,44","38,18","26,42K","-0,85%"
"18.11.2010","38,72","38,31","38,81","38,30","117,14K","0,93%"
"17.11.2010","38,37","38,18","38,34","38,15","43,29K","0,63%"
"16.11.2010","38,13","38,38","38,44","38,11","50,82K","-1,36%"
"15.11.2010","38,65","38,50","38,84","38,50","16,48K","0,14%"
"12.11.2010","38,60","38,76","38,86","38,51","40,40K","-0,95%"
"11.11.2010","38,97","38,65","38,95","38,62","124,87K","-0,23%"
"10.11.2010","39,06","38,90","39,02","38,85","53,52K","0,67%"
"09.11.2010","38,79","38,73","38,86","38,66","20,61K","0,41%"
"08.11.2010","38,63","38,48","38,70","38,43","110,58K","1,06%"
"05.11.2010","38,23","37,91","38,35","37,79","43,29K","1,00%"
"04.11.2010","37,85","37,73","37,85","37,59","30,28K","0,73%"
"03.11.2010","37,58","37,68","37,81","37,58","28,48K","-0,16%"
"02.11.2010","37,63","37,69","37,74","37,57","12,71K","-0,30%"
"01.11.2010","37,75","37,65","37,94","37,60","33,63K","0,27%"
"29.10.2010","37,65","37,63","37,82","37,62","39,45K","0,39%"
"28.10.2010","37,51","37,84","37,93","37,48","19,81K","-0,21%"
"27.10.2010","37,58","37,70","37,81","37,52","871,49K","-0,09%"
"26.10.2010","37,62","37,20","37,60","37,12","47,11K","0,98%"
"25.10.2010","37,26","37,06","37,30","37,05","20,22K","0,43%"
"22.10.2010","37,10","36,87","36,99","36,79","38,63K","0,62%"
"21.10.2010","36,87","36,78","37,01","36,73","28,94K","0,16%"
"20.10.2010","36,81","37,04","37,07","36,69","112,73K","-0,49%"
"19.10.2010","36,99","36,68","37,07","36,63","55,54K","0,18%"
"18.10.2010","36,92","36,98","37,19","36,93","30,52K","1,28%"
"15.10.2010","36,46","36,15","36,47","36,07","96,50K","1,28%"
"14.10.2010","35,99","36,09","36,11","35,90","44,30K","-0,95%"
"13.10.2010","36,34","36,04","36,29","36,04","25,60K","0,50%"
"12.10.2010","36,16","35,91","36,14","35,80","26,03K","0,57%"
"11.10.2010","35,96","35,72","35,99","35,72","63,28K","0,81%"
"08.10.2010","35,67","35,51","35,69","35,41","59,64K","0,49%"
"07.10.2010","35,49","35,33","35,59","35,19","16,19K","0,04%"
"06.10.2010","35,47","35,93","36,03","35,51","13,67K","-0,96%"
"05.10.2010","35,82","35,57","35,90","35,42","33,25K","1,19%"
"04.10.2010","35,40","35,65","35,76","35,60","9,28K","-0,66%"
"01.10.2010","35,63","36,13","36,13","35,60","19,04K","-0,93%"
"30.09.2010","35,97","36,33","36,41","36,13","37,97K","-0,80%"
"29.09.2010","36,26","36,47","36,47","36,28","8,77K","-0,43%"
"28.09.2010","36,42","36,87","36,92","36,30","47,74K","-0,93%"
"27.09.2010","36,76","37,26","37,26","36,75","23,71K","-0,07%"
"24.09.2010","36,78","36,72","36,89","36,49","27,59K","-0,16%"
"23.09.2010","36,84","36,53","36,89","36,25","150,90K","1,46%"
"22.09.2010","36,31","36,81","36,85","36,31","22,09K","-2,29%"
"21.09.2010","37,16","37,22","37,37","37,18","24,74K","0,30%"
"20.09.2010","37,05","36,81","37,25","36,79","31,25K","1,16%"
"17.09.2010","36,63","36,60","36,95","36,60","24,98K","0,66%"
"16.09.2010","36,38","36,67","36,67","36,38","28,99K","0,11%"
"15.09.2010","36,35","36,58","36,61","36,40","20,11K","-0,38%"
"14.09.2010","36,49","36,69","36,78","36,03","176,30K","-0,63%"
"13.09.2010","36,72","36,62","36,79","36,51","198,47K","0,67%"
"10.09.2010","36,47","36,56","36,72","36,50","64,14K","-0,30%"
"09.09.2010","36,58","36,31","36,63","36,31","43,98K","0,91%"
"08.09.2010","36,25","35,94","36,31","35,94","27,75K","0,68%"
"07.09.2010","36,01","35,85","36,05","35,78","7,87K","0,64%"
"06.09.2010","35,78","35,75","35,85","35,60","31,99K","1,12%"
"03.09.2010","35,38","35,24","35,74","35,24","65,70K","0,94%"
"02.09.2010","35,05","34,94","35,15","34,87","16,75K","0,20%"
"01.09.2010","34,98","34,32","35,06","34,31","17,17K","1,85%"
"31.08.2010","34,35","34,22","34,27","33,97","51,21K","-0,94%"
"30.08.2010","34,67","35,25","35,25","34,60","4,94K","0,67%"
"27.08.2010","34,44","34,33","34,50","33,93","106,16K","-0,39%"
"26.08.2010","34,58","34,71","34,95","34,47","23,93K","-0,12%"
"25.08.2010","34,62","35,12","35,12","34,20","42,74K","0,09%"
"24.08.2010","34,58","35,05","35,10","34,40","32,99K","-1,79%"
"23.08.2010","35,22","35,39","35,63","35,22","49,69K","-0,11%"
"20.08.2010","35,26","35,03","35,34","34,97","51,36K","1,13%"
"19.08.2010","34,86","35,33","35,50","34,93","76,09K","-1,32%"
"18.08.2010","35,33","35,32","35,33","35,07","174,79K","-0,14%"
"17.08.2010","35,38","35,02","35,34","34,92","24,73K","1,01%"
"16.08.2010","35,02","35,04","35,05","34,60","8,14K","-0,40%"
"13.08.2010","35,16","35,17","35,23","34,98","27,06K","0,13%"
"12.08.2010","35,12","35,01","35,24","34,72","71,87K","-0,17%"
"11.08.2010","35,17","35,51","35,51","35,15","68,42K","-0,87%"
"10.08.2010","35,49","35,63","35,68","35,40","7,48K","0,01%"
"09.08.2010","35,48","35,35","35,56","35,35","11,73K","1,76%"
"06.08.2010","34,87","35,60","35,78","35,00","28,88K","-2,02%"
"05.08.2010","35,58","35,64","35,73","35,48","69,34K","-0,03%"
"04.08.2010","35,60","35,17","35,60","35,12","16,72K","0,98%"
"03.08.2010","35,25","35,30","35,35","35,15","28,10K","-0,38%"
"02.08.2010","35,38","35,32","35,52","35,25","22,53K","0,86%"
"30.07.2010","35,08","34,96","35,23","34,69","26,91K","0,21%"
"29.07.2010","35,01","35,50","35,50","34,93","11,75K","-1,68%"
"28.07.2010","35,61","35,75","35,87","35,53","28,17K","-0,36%"
"27.07.2010","35,74","35,89","36,01","35,68","102,41K","0,07%"
"26.07.2010","35,72","35,71","35,79","35,51","11,88K","0,59%"
"23.07.2010","35,51","35,44","35,70","35,35","7,32K","-0,07%"
"22.07.2010","35,53","35,15","35,55","35,06","12,35K","0,97%"
"21.07.2010","35,19","35,00","35,72","35,00","40,19K","2,21%"
"20.07.2010","34,43","34,22","34,44","34,08","80,29K","0,25%"
"19.07.2010","34,35","34,88","34,88","34,13","27,57K","-0,95%"
"16.07.2010","34,67","35,62","35,62","34,66","112,63K","-1,25%"
"15.07.2010","35,12","35,82","35,82","35,01","32,70K","-1,91%"
"14.07.2010","35,80","36,00","36,10","35,72","79,64K","0,73%"
"13.07.2010","35,54","35,55","35,95","35,47","145,20K","0,30%"
"12.07.2010","35,44","35,54","35,63","35,18","15,34K","0,90%"
"09.07.2010","35,12","34,75","35,19","34,75","78,15K","0,67%"
"08.07.2010","34,88","34,80","34,96","34,67","78,38K","1,54%"
"07.07.2010","34,35","33,99","34,34","33,79","50,81K","0,26%"
"06.07.2010","34,26","33,86","34,35","33,86","134,76K","1,44%"
"05.07.2010","33,78","33,87","33,96","33,75","22,19K","-0,38%"
"02.07.2010","33,91","34,15","34,19","33,71","43,45K","-0,01%"
"01.07.2010","33,92","35,00","35,00","33,70","105,43K","-4,46%"
"30.06.2010","35,50","35,75","35,75","35,38","163,85K","-1,54%"
"29.06.2010","36,06","36,68","36,68","35,89","107,79K","-2,24%"
"28.06.2010","36,88","36,74","36,87","36,44","41,90K","0,46%"
"25.06.2010","36,71","37,00","37,11","36,64","40,66K","-0,65%"
"24.06.2010","36,95","37,50","37,50","36,93","31,67K","-1,96%"
"23.06.2010","37,69","37,80","37,89","37,42","15,15K","-1,39%"
"22.06.2010","38,22","38,45","38,45","37,91","65,55K","0,24%"
"21.06.2010","38,13","38,40","38,58","38,29","56,83K","-0,18%"
"18.06.2010","38,20","38,00","38,32","37,85","57,35K","0,82%"
"17.06.2010","37,89","38,15","38,19","37,70","18,39K","-0,16%"
"16.06.2010","37,95","37,56","38,00","37,56","38,93K","1,31%"
"15.06.2010","37,46","37,41","37,56","37,18","19,09K","-0,29%"
"14.06.2010","37,57","37,49","37,64","37,32","24,87K","0,80%"
"11.06.2010","37,27","36,71","37,45","36,71","26,68K","0,87%"
"10.06.2010","36,95","36,71","36,92","36,56","18,40K","-0,38%"
"09.06.2010","37,09","37,35","37,35","36,55","31,85K","0,65%"
"08.06.2010","36,85","37,74","37,74","36,55","28,16K","-1,55%"
"07.06.2010","37,43","37,69","37,98","37,50","11,50K","-2,02%"
"04.06.2010","38,20","38,15","38,50","37,88","32,63K","0,18%"
"03.06.2010","38,13","38,13","38,20","37,34","84,40K","2,03%"
"02.06.2010","37,37","37,07","37,38","37,02","10,11K","0,11%"
"01.06.2010","37,33","37,20","37,57","37,03","25,04K","0,05%"
"31.05.2010","37,31","37,35","37,41","37,20","70,83K","1,08%"
"28.05.2010","36,91","37,07","37,29","36,95","35,23K","-0,14%"
"27.05.2010","36,96","36,42","37,12","36,42","60,99K","-0,14%"
"26.05.2010","37,01","36,36","37,12","36,35","36,38K","3,12%"
"25.05.2010","35,89","35,67","35,89","35,42","130,28K","-1,56%"
"24.05.2010","36,46","35,76","36,60","35,75","51,07K","1,76%"
"21.05.2010","35,83","35,91","35,91","34,83","134,75K","-1,57%"
"20.05.2010","36,40","36,66","37,36","36,18","184,65K","-2,23%"
"19.05.2010","37,23","38,06","38,10","37,19","35,44K","-2,10%"
"18.05.2010","38,03","38,20","38,37","37,83","16,40K","0,32%"
"17.05.2010","37,91","38,03","38,32","37,94","35,86K","0,48%"
"14.05.2010","37,73","38,30","38,33","37,55","37,47K","-2,46%"
"13.05.2010","38,68","38,50","38,88","38,46","95,28K","1,15%"
"12.05.2010","38,24","37,71","38,24","37,43","71,47K","1,30%"
"11.05.2010","37,75","37,24","37,71","37,16","47,79K","1,94%"
"10.05.2010","37,03","36,39","37,16","36,19","91,26K","2,38%"
"07.05.2010","36,17","37,03","37,03","36,21","268,52K","-3,93%"
"06.05.2010","37,65","37,66","37,95","37,53","44,64K","0,21%"
"05.05.2010","37,57","37,00","37,56","37,00","72,45K","1,21%"
"04.05.2010","37,12","37,94","37,95","37,00","101,42K","-1,69%"
"03.05.2010","37,76","37,33","37,77","37,30","27,80K","0,35%"
"30.04.2010","37,63","37,88","37,94","37,50","33,95K","-0,58%"
"29.04.2010","37,85","37,53","37,87","37,39","37,02K","1,23%"
"28.04.2010","37,39","37,56","37,67","37,29","201,37K","-0,74%"
"27.04.2010","37,67","38,00","38,17","37,48","122,58K","-0,50%"
"26.04.2010","37,86","37,85","38,17","37,84","54,94K","0,66%"
"23.04.2010","37,61","37,48","37,99","37,48","45,87K","0,75%"
"22.04.2010","37,33","37,20","37,48","37,15","79,53K","0,05%"
"21.04.2010","37,31","37,00","37,48","37,00","55,14K","1,03%"
"20.04.2010","36,93","36,77","36,96","36,71","23,55K","0,79%"
"19.04.2010","36,64","36,66","37,30","36,50","24,43K","-0,54%"
"16.04.2010","36,84","36,95","37,07","36,78","74,39K","-0,30%"
"15.04.2010","36,95","36,50","36,99","36,50","25,75K","1,62%"
"14.04.2010","36,36","36,38","36,50","36,28","19,56K","0,44%"
"13.04.2010","36,20","36,06","36,23","36,00","46,50K","0,17%"
"12.04.2010","36,14","36,48","36,48","36,08","67,91K","-0,39%"
"09.04.2010","36,28","36,40","36,56","36,26","75,29K","-0,14%"
"08.04.2010","36,33","36,51","36,54","36,27","23,92K","-0,49%"
"07.04.2010","36,51","36,38","36,57","36,33","42,24K","0,41%"
"06.04.2010","36,36","35,50","36,34","35,50","49,23K","1,88%"
"01.04.2010","35,69","35,81","36,06","35,72","150,52K","-0,31%"
"31.03.2010","35,80","35,88","36,04","35,66","27,58K","-0,42%"
"30.03.2010","35,95","35,87","36,13","35,83","43,10K","0,00%"
"29.03.2010","35,95","35,94","35,98","35,78","32,98K","0,17%"
"26.03.2010","35,89","36,49","36,49","35,91","33,69K","-1,35%"
"25.03.2010","36,38","36,13","36,43","36,11","34,95K","1,08%"
"24.03.2010","35,99","35,80","36,17","35,80","101,81K","1,41%"
"23.03.2010","35,49","35,56","35,64","35,37","38,00K","0,31%"
"22.03.2010","35,38","35,09","35,44","34,99","115,57K","0,57%"
"19.03.2010","35,18","35,15","35,41","35,12","36,94K","0,34%"
"18.03.2010","35,06","34,80","35,16","34,78","67,77K","1,04%"
"17.03.2010","34,70","34,57","34,80","34,54","251,88K","0,43%"
"16.03.2010","34,55","34,62","34,63","34,44","54,01K","0,32%"
"15.03.2010","34,44","34,40","34,58","34,33","36,03K","-0,12%"
"12.03.2010","34,48","34,54","34,62","34,38","113,94K","-0,14%"
"11.03.2010","34,53","34,53","34,63","34,42","141,26K","-0,14%"
"10.03.2010","34,58","34,58","34,64","34,38","51,61K","-0,03%"
"09.03.2010","34,59","34,50","35,20","34,10","123,13K","1,38%"
"08.03.2010","34,12","34,35","34,35","33,55","88,20K","0,18%"
"05.03.2010","34,06","33,70","34,14","33,69","123,37K","1,61%"
"04.03.2010","33,52","33,35","33,59","33,28","30,64K","0,27%"
"03.03.2010","33,43","33,42","33,55","33,36","132,40K","-0,83%"
"02.03.2010","33,71","33,56","33,80","33,55","42,92K","0,24%"
"01.03.2010","33,63","32,68","33,69","32,68","43,25K","2,72%"
"26.02.2010","32,74","32,97","32,98","32,72","26,64K","0,58%"
"25.02.2010","32,55","33,00","33,02","32,50","31,04K","-0,88%"
"24.02.2010","32,84","32,86","32,90","32,70","37,67K","0,58%"
"23.02.2010","32,65","32,88","32,97","32,62","39,90K","-0,67%"
"22.02.2010","32,87","33,10","33,14","32,85","149,82K","-0,93%"
"19.02.2010","33,18","33,00","33,17","32,98","29,65K","0,91%"
"18.02.2010","32,88","32,62","32,94","32,61","72,89K","1,01%"
"17.02.2010","32,55","32,36","32,62","32,23","127,26K","1,02%"
"16.02.2010","32,22","32,38","32,39","32,21","84,55K","0,03%"
"15.02.2010","32,21","32,28","32,31","32,19","129,35K","0,91%"
"12.02.2010","31,92","31,97","32,09","31,81","132,60K","0,35%"
"11.02.2010","31,81","31,20","31,81","31,20","15,10K","1,47%"
"10.02.2010","31,35","31,35","31,52","31,30","47,60K","0,16%"
"09.02.2010","31,30","31,32","31,46","31,27","32,21K","-0,48%"
"08.02.2010","31,45","31,55","31,55","31,33","72,74K","0,45%"
"05.02.2010","31,31","31,21","31,37","31,05","31,02K","0,13%"
"04.02.2010","31,27","31,63","31,66","31,18","143,37K","-0,64%"
"03.02.2010","31,47","31,16","31,49","31,08","35,88K","0,96%"
"02.02.2010","31,17","31,05","31,23","30,92","104,17K","0,35%"
"01.02.2010","31,06","30,93","31,06","30,88","24,23K","-0,61%"
"29.01.2010","31,25","31,36","31,72","31,16","49,58K","-0,03%"
"28.01.2010","31,26","31,81","31,95","31,23","59,34K","-1,14%"
"27.01.2010","31,62","31,48","31,67","31,37","58,54K","0,00%"
"26.01.2010","31,62","31,33","31,73","31,24","116,05K","0,89%"
"25.01.2010","31,34","31,75","31,75","31,31","72,78K","-1,85%"
"22.01.2010","31,93","32,20","32,23","31,84","65,72K","-1,63%"
"21.01.2010","32,46","32,63","32,86","32,37","60,54K","0,50%"
"20.01.2010","32,30","32,75","32,83","32,30","19,77K","-0,83%"
"19.01.2010","32,57","31,97","32,63","31,91","23,19K","1,43%"
"18.01.2010","32,11","31,98","32,11","31,93","23,70K","0,25%"
"15.01.2010","32,03","32,17","32,33","32,03","100,25K","0,00%"
"14.01.2010","32,03","31,93","32,12","31,85","20,97K","1,10%"
"13.01.2010","31,68","31,70","31,76","31,47","28,70K","-0,06%"
"12.01.2010","31,70","31,99","31,99","31,65","25,27K","-0,35%"
"11.01.2010","31,81","32,28","32,28","31,78","42,72K","-1,67%"
"08.01.2010","32,35","32,50","32,50","32,00","29,27K","0,31%"
"07.01.2010","32,25","31,72","32,31","31,72","39,66K","-0,03%"
"06.01.2010","32,26","32,33","32,44","32,27","49,51K","0,16%"
"05.01.2010","32,21","32,21","32,26","32,12","16,21K","-0,03%"
"04.01.2010","32,22","32,50","32,50","32,08","135,80K","0,09%"
"30.12.2009","32,19","32,39","32,39","31,97","43,82K","0,22%"
"29.12.2009","32,12","31,84","32,17","31,84","128,43K","-0,09%"
"28.12.2009","32,15","32,20","32,22","32,04","15,24K","1,13%"
"23.12.2009","31,79","31,83","32,02","31,65","61,48K","0,06%"
"22.12.2009","31,77","31,69","31,80","31,53","40,77K","0,73%"
"21.12.2009","31,54","31,00","31,58","31,00","194,54K","2,01%"
"18.12.2009","30,92","30,55","30,99","30,55","69,36K","0,62%"
"17.12.2009","30,73","30,40","30,81","30,40","89,85K","0,29%"
"16.12.2009","30,64","30,95","30,95","30,54","28,28K","-0,10%"
"15.12.2009","30,67","30,55","30,74","30,44","12,94K","0,89%"
"14.12.2009","30,40","30,50","30,65","30,25","147,72K","0,46%"
"11.12.2009","30,26","30,35","30,42","30,16","19,43K","0,20%"
"10.12.2009","30,20","30,00","30,25","29,99","52,80K","1,55%"
"09.12.2009","29,74","29,66","29,78","29,51","100,02K","0,07%"
"08.12.2009","29,72","29,54","29,70","29,43","157,96K","-0,07%"
"07.12.2009","29,74","29,63","29,88","29,54","74,05K","-0,44%"
"04.12.2009","29,87","29,15","30,01","29,12","146,74K","1,70%"
"03.12.2009","29,37","29,04","29,50","29,04","25,92K","-0,14%"
"02.12.2009","29,41","29,27","29,51","29,17","48,06K","0,72%"
"01.12.2009","29,20","29,00","29,22","29,00","28,72K","1,11%"
"30.11.2009","28,88","29,04","29,04","28,74","17,85K","-1,13%"
"27.11.2009","29,21","28,60","29,27","28,60","26,44K","1,35%"
"26.11.2009","28,82","29,17","29,17","28,74","60,11K","-1,77%"
"25.11.2009","29,34","29,44","29,48","29,27","35,55K","-0,27%"
"24.11.2009","29,42","29,48","29,57","29,31","11,45K","-0,30%"
"23.11.2009","29,51","29,20","29,62","29,20","57,28K","1,03%"
"20.11.2009","29,21","29,03","29,35","29,03","28,25K","-0,14%"
"19.11.2009","29,25","29,83","29,83","29,21","38,92K","-1,05%"
"18.11.2009","29,56","29,89","29,89","29,57","12,74K","-0,97%"
"17.11.2009","29,85","29,60","29,95","29,60","13,31K","0,37%"
"16.11.2009","29,74","29,81","29,81","29,40","59,77K","0,71%"
"13.11.2009","29,53","29,26","29,59","29,26","80,30K","0,00%"
"12.11.2009","29,53","29,28","29,62","29,25","73,23K","0,99%"
"11.11.2009","29,24","29,24","29,40","29,16","56,98K","0,58%"
"10.11.2009","29,07","29,81","29,81","29,40","59,77K","0,80%"
"09.11.2009","28,84","28,58","28,90","28,58","24,66K","0,98%"
"06.11.2009","28,56","28,70","28,70","28,38","27,74K","0,32%"
"05.11.2009","28,47","28,00","28,51","27,85","29,40K","0,92%"
"04.11.2009","28,21","28,02","28,23","28,00","28,08K","0,61%"
"03.11.2009","28,04","27,90","28,05","27,74","72,26K","0,14%"
"02.11.2009","28,00","28,10","28,10","27,70","34,43K","-0,67%"
"30.10.2009","28,19","28,56","28,56","28,13","27,62K","-0,56%"
"29.10.2009","28,35","28,16","28,43","28,12","26,36K","0,00%"
"28.10.2009","28,35","28,66","28,66","28,34","92,10K","-1,77%"
"27.10.2009","28,86","28,97","29,07","28,61","202,32K","-0,24%"
"26.10.2009","28,93","28,81","29,16","28,76","168,52K","0,31%"
"23.10.2009","28,84","29,06","29,17","28,90","75,69K","0,28%"
"22.10.2009","28,76","28,79","28,83","28,66","145,13K","-1,13%"
"21.10.2009","29,09","28,86","29,20","28,84","65,70K","0,14%"
"20.10.2009","29,05","29,13","29,15","28,73","104,61K","0,83%"
"19.10.2009","28,81","28,70","28,85","28,67","57,49K","0,45%"
"16.10.2009","28,68","28,88","29,04","28,64","23,71K","-0,35%"
"15.10.2009","28,78","28,88","28,98","28,74","25,89K","-0,55%"
"14.10.2009","28,94","28,84","29,01","28,84","31,39K","0,77%"
"13.10.2009","28,72","28,80","28,84","28,64","29,88K","-0,86%"
"12.10.2009","28,97","28,97","29,07","28,89","22,58K","0,66%"
"09.10.2009","28,78","28,68","28,85","28,55","121,78K","0,03%"
"08.10.2009","28,77","28,69","28,79","28,69","27,10K","0,59%"
"07.10.2009","28,60","28,63","28,67","28,53","28,84K","0,32%"
"06.10.2009","28,51","28,10","28,54","28,10","205,39K","0,96%"
"05.10.2009","28,24","28,05","28,28","28,02","63,79K","0,46%"
"02.10.2009","28,11","28,39","28,39","28,00","41,45K","-1,26%"
"01.10.2009","28,47","28,95","29,02","28,44","102,44K","-0,70%"
"30.09.2009","28,67","28,97","29,11","28,54","61,73K","-0,86%"
"29.09.2009","28,92","29,04","29,20","29,02","42,25K","-0,55%"
"28.09.2009","29,08","28,75","29,09","28,54","57,51K","1,64%"
"25.09.2009","28,61","28,61","28,74","28,52","112,10K","-0,07%"
"24.09.2009","28,63","28,85","28,90","28,53","83,65K","-1,21%"
"23.09.2009","28,98","29,00","29,06","28,89","243,46K","0,24%"
"22.09.2009","28,91","29,04","29,06","28,84","23,09K","-0,55%"
"21.09.2009","29,07","28,80","29,04","28,73","116,84K","0,76%"
"18.09.2009","28,85","28,77","28,95","28,77","115,95K","-0,10%"
"17.09.2009","28,88","28,96","28,96","28,75","22,85K","0,84%"
"16.09.2009","28,64","28,45","28,72","28,45","67,27K","0,07%"
"15.09.2009","28,62","28,47","28,67","28,42","16,09K","0,77%"
"14.09.2009","28,40","28,46","28,46","28,25","12,66K","-0,28%"
"11.09.2009","28,48","28,44","28,58","28,39","33,97K","0,64%"
"10.09.2009","28,30","28,37","28,41","28,15","30,82K","0,25%"
"09.09.2009","28,23","28,03","28,15","27,95","12,58K","0,68%"
"08.09.2009","28,04","28,14","28,30","28,03","17,98K","-0,78%"
"07.09.2009","28,26","28,17","28,32","28,17","17,03K","0,93%"
"04.09.2009","28,00","27,97","28,09","27,66","21,86K","1,56%"
"03.09.2009","27,57","27,61","27,67","27,51","62,51K","-0,43%"
"02.09.2009","27,69","27,75","27,76","27,47","46,16K","-0,79%"
"01.09.2009","27,91","28,04","28,30","27,75","48,35K","0,22%"
"31.08.2009","27,85","28,19","28,21","27,86","13,74K","-1,56%"
"28.08.2009","28,29","28,24","28,55","28,20","50,57K","1,00%"
"27.08.2009","28,01","28,29","28,40","27,95","23,81K","-1,23%"
"26.08.2009","28,36","28,33","28,46","28,19","11,22K","0,28%"
"25.08.2009","28,28","28,47","28,47","28,18","61,80K","-0,07%"
"24.08.2009","28,30","28,20","28,36","28,12","5,78K","0,46%"
"21.08.2009","28,17","27,79","28,19","27,76","17,17K","1,19%"
"20.08.2009","27,84","27,83","27,92","27,60","20,77K","1,72%"
"19.08.2009","27,37","27,39","27,55","27,36","8,02K","-0,62%"
"18.08.2009","27,54","27,24","27,58","27,24","38,25K","0,22%"
"17.08.2009","27,48","27,84","27,85","27,44","23,81K","-1,79%"
"14.08.2009","27,98","28,28","28,37","27,66","32,43K","0,00%"
"13.08.2009","27,98","28,15","28,29","27,83","97,50K","-0,46%"
"12.08.2009","28,11","27,30","28,17","27,24","8,53K","1,48%"
"11.08.2009","27,70","28,03","28,15","27,64","19,38K","-1,35%"
"10.08.2009","28,08","28,00","28,14","27,95","46,24K","-0,07%"
"07.08.2009","28,10","27,40","28,16","27,38","36,53K","1,77%"
"06.08.2009","27,61","27,60","27,80","27,47","43,41K","-0,25%"
"05.08.2009","27,68","28,32","28,32","27,59","37,76K","-0,40%"
"04.08.2009","27,79","28,34","28,34","27,63","27,78K","0,51%"
"03.08.2009","27,65","28,45","28,45","27,58","39,04K","-1,32%"
"31.07.2009","28,02","28,20","28,21","27,95","47,88K","-1,37%"
"30.07.2009","28,41","28,15","28,63","28,15","31,79K","1,43%"
"29.07.2009","28,01","27,62","28,07","27,62","22,94K","1,27%"
"28.07.2009","27,66","27,62","27,80","27,52","46,39K","0,51%"
"27.07.2009","27,52","27,75","27,87","27,38","22,23K","-0,11%"
"24.07.2009","27,55","27,70","27,70","27,29","76,03K","0,18%"
"23.07.2009","27,50","27,16","27,57","27,01","54,05K","1,63%"
"22.07.2009","27,06","26,88","27,18","26,85","23,00K","1,42%"
"21.07.2009","26,68","26,69","26,79","26,57","51,75K","0,45%"
"20.07.2009","26,56","26,60","26,73","26,49","9,76K","0,38%"
"17.07.2009","26,46","26,47","26,54","26,35","47,88K","0,92%"
"16.07.2009","26,22","26,16","26,31","26,06","114,98K","0,65%"
"15.07.2009","26,05","25,82","26,04","25,75","115,19K","2,12%"
"14.07.2009","25,51","25,46","25,56","25,35","7,43K","1,15%"
"13.07.2009","25,22","24,83","25,25","24,83","14,15K","0,92%"
"10.07.2009","24,99","24,88","25,16","24,88","35,61K","0,40%"
"09.07.2009","24,89","24,94","25,03","24,86","2,20K","0,28%"
"08.07.2009","24,82","24,77","25,05","24,55","25,84K","-1,12%"
"07.07.2009","25,10","25,63","25,63","25,02","8,87K","-0,71%"
"06.07.2009","25,28","25,50","25,54","25,21","65,29K","-0,63%"
"03.07.2009","25,44","25,40","25,49","25,37","6,16K","0,00%"
"02.07.2009","25,44","25,86","25,86","25,40","30,25K","-2,19%"
"01.07.2009","26,01","26,09","26,11","25,86","43,13K","0,35%"
"30.06.2009","25,92","25,53","26,13","25,53","24,13K","-0,38%"
"29.06.2009","26,02","25,97","26,04","25,73","85,66K","1,05%"
"26.06.2009","25,75","25,89","25,91","25,62","98,77K","-0,46%"
"25.06.2009","25,87","25,69","25,93","25,40","11,49K","1,37%"
"24.06.2009","25,52","24,82","25,50","24,82","21,18K","2,33%"
"23.06.2009","24,94","25,97","25,97","24,84","42,13K","-2,20%"
"22.06.2009","25,50","26,05","26,05","25,38","57,16K","-2,11%"
"19.06.2009","26,05","25,85","26,11","25,80","34,53K","1,64%"
"18.06.2009","25,63","25,54","25,72","25,54","12,40K","-0,81%"
"17.06.2009","25,84","25,85","25,85","25,65","29,95K","-0,58%"
"16.06.2009","25,99","26,47","26,47","25,81","77,27K","0,50%"
"15.06.2009","25,86","26,13","26,21","25,80","16,46K","-0,31%"
"12.06.2009","25,94","26,50","26,58","26,00","13,16K","-1,52%"
"11.06.2009","26,34","26,58","26,58","26,10","36,27K","0,77%"
"10.06.2009","26,14","26,50","26,55","26,12","48,97K","-0,27%"
"09.06.2009","26,21","26,40","26,48","26,27","7,92K","0,27%"
"08.06.2009","26,14","26,47","26,47","26,10","54,04K","-0,53%"
"05.06.2009","26,28","25,95","26,35","25,93","35,94K","2,10%"
"04.06.2009","25,74","25,64","25,84","25,64","35,00K","0,55%"
"03.06.2009","25,60","25,40","25,60","25,40","34,16K","0,04%"
"02.06.2009","25,59","25,63","25,78","25,35","17,15K","-0,04%"
"01.06.2009","25,60","25,13","25,63","25,06","66,90K","3,02%"
"29.05.2009","24,85","25,08","25,10","24,76","51,89K","-0,36%"
"28.05.2009","24,94","25,19","25,19","24,65","55,75K","-1,34%"
"27.05.2009","25,28","24,96","25,30","24,83","45,44K","2,18%"
"26.05.2009","24,74","23,89","24,76","23,86","26,23K","3,51%"
"25.05.2009","23,90","24,06","24,06","23,84","46,76K","-0,83%"
"22.05.2009","24,10","24,35","24,41","23,90","59,24K","-2,59%"
"21.05.2009","24,74","25,00","25,00","24,40","310,97K","-2,48%"
"20.05.2009","25,37","25,27","25,40","25,15","26,16K","0,59%"
"19.05.2009","25,22","25,34","25,36","25,05","14,88K","0,88%"
"18.05.2009","25,00","24,77","25,01","24,62","26,75K","1,01%"
"15.05.2009","24,75","24,64","24,87","24,37","74,11K","0,86%"
"14.05.2009","24,54","24,41","24,54","24,27","48,78K","0,25%"
"13.05.2009","24,48","24,86","24,98","24,37","56,96K","-1,53%"
"12.05.2009","24,86","25,24","25,38","24,82","64,72K","-0,60%"
"11.05.2009","25,01","25,15","25,43","24,73","80,92K","-1,15%"
"08.05.2009","25,30","25,79","25,87","25,25","41,64K","-1,44%"
"07.05.2009","25,67","26,58","26,58","25,56","132,92K","-1,61%"
"06.05.2009","26,09","26,24","26,53","26,08","46,50K","0,35%"
"05.05.2009","26,00","26,15","26,49","26,00","35,20K","-1,03%"
"04.05.2009","26,27","26,16","26,32","25,98","24,72K","-0,38%"
"30.04.2009","26,37","25,71","26,39","25,71","60,41K","2,49%"
"29.04.2009","25,73","25,55","25,78","25,52","71,38K","-0,77%"
"28.04.2009","25,93","25,86","26,00","25,63","26,73K","0,00%"
"27.04.2009","25,93","25,32","26,04","25,32","65,67K","2,09%"
"24.04.2009","25,40","25,31","25,45","25,00","113,52K","0,75%"
"23.04.2009","25,21","25,47","25,60","25,15","64,81K","-1,56%"
"22.04.2009","25,61","25,20","25,65","25,08","11,31K","1,99%"
"21.04.2009","25,11","25,03","25,27","24,85","106,42K","0,12%"
"20.04.2009","25,08","25,48","25,64","25,00","22,79K","-1,07%"
"17.04.2009","25,35","25,34","25,60","25,20","12,97K","2,14%"
"16.04.2009","24,82","24,57","25,00","24,51","43,19K","1,60%"
"15.04.2009","24,43","24,59","24,69","24,42","27,42K","-1,33%"
"14.04.2009","24,76","24,70","24,94","24,47","45,92K","0,57%"
"09.04.2009","24,62","24,21","25,00","24,15","274,67K","2,63%"
"08.04.2009","23,99","23,79","24,13","23,68","30,02K","0,42%"
"07.04.2009","23,89","24,12","24,23","23,79","150,98K","0,42%"
"06.04.2009","23,79","23,97","24,16","23,66","69,32K","-0,29%"
"03.04.2009","23,86","23,80","24,07","23,74","56,11K","1,71%"
"02.04.2009","23,46","23,34","23,83","23,29","68,32K","2,53%"
"01.04.2009","22,88","23,01","23,06","22,53","13,98K","-0,26%"
"31.03.2009","22,94","22,97","23,05","22,85","8,43K","1,10%"
"30.03.2009","22,69","23,11","23,11","22,64","22,22K","-3,16%"
"27.03.2009","23,43","22,93","23,48","22,93","20,31K","2,27%"
"26.03.2009","22,91","22,65","23,04","22,62","36,59K","0,44%"
"25.03.2009","22,81","22,68","22,94","22,58","50,83K","1,29%"
"24.03.2009","22,52","22,50","22,73","22,46","71,75K","-18,05%"
"23.03.2009","27,48","22,02","22,51","21,97","51,46K","24,91%"
"20.03.2009","22,00","21,62","22,06","21,56","110,09K","1,52%"
"19.03.2009","21,67","22,26","22,26","21,51","7,47K","-2,83%"
"18.03.2009","22,30","22,59","22,61","22,18","107,41K","1,59%"
"17.03.2009","21,95","21,98","22,03","21,83","45,49K","-0,27%"
"16.03.2009","22,01","22,25","22,38","21,85","40,38K","-1,12%"
"13.03.2009","22,26","22,25","22,45","22,00","274,71K","1,78%"
"12.03.2009","21,87","21,65","22,07","21,48","115,15K","0,64%"
"11.03.2009","21,73","21,59","21,84","21,48","136,45K","3,08%"
"10.03.2009","21,08","20,69","21,24","20,46","336,54K","1,35%"
"09.03.2009","20,80","20,99","21,20","20,59","48,20K","0,73%"
"06.03.2009","20,65","21,12","21,14","20,41","216,81K","-4,44%"
"05.03.2009","21,61","21,63","21,70","21,28","52,00K","-0,69%"
"04.03.2009","21,76","21,54","21,88","21,24","14,31K","2,64%"
"03.03.2009","21,20","21,23","21,46","21,09","129,07K","-0,98%"
"02.03.2009","21,41","21,54","21,70","21,22","13,24K","-2,59%"
"27.02.2009","21,98","22,30","22,30","21,68","14,61K","-2,61%"
"26.02.2009","22,57","22,43","22,68","22,41","23,12K","1,39%"
"25.02.2009","22,26","22,02","22,48","22,02","23,65K","0,18%"
"24.02.2009","22,22","21,97","22,34","21,83","254,54K","-0,45%"
"23.02.2009","22,32","22,86","22,87","22,24","14,94K","-1,89%"
"20.02.2009","22,75","22,75","22,86","22,37","15,38K","-1,69%"
"19.02.2009","23,14","23,18","23,23","22,84","44,38K","-1,45%"
"18.02.2009","23,48","23,10","23,48","23,00","58,78K","0,77%"
"17.02.2009","23,30","23,49","23,55","23,20","62,68K","-0,55%"
"16.02.2009","23,43","23,91","23,91","23,40","34,94K","-1,88%"
"13.02.2009","23,88","23,93","24,01","23,66","28,11K","1,75%"
"12.02.2009","23,47","23,29","23,69","23,24","57,86K","0,43%"
"11.02.2009","23,37","23,77","23,77","23,32","51,87K","-2,18%"
"10.02.2009","23,89","24,15","24,35","23,89","31,56K","-0,58%"
"09.02.2009","24,03","24,09","24,20","24,00","83,03K","-0,17%"
"06.02.2009","24,07","23,60","24,32","23,56","143,67K","4,79%"
"05.02.2009","22,97","23,01","23,61","22,79","86,72K","-2,75%"
"04.02.2009","23,62","22,63","23,76","22,63","45,87K","3,73%"
"03.02.2009","22,77","22,92","22,92","22,42","18,60K","0,93%"
"02.02.2009","22,56","22,73","22,86","22,29","29,54K","-1,27%"
"30.01.2009","22,85","23,00","23,23","22,73","5,19K","-0,52%"
"29.01.2009","22,97","22,92","23,06","22,65","65,61K","0,66%"
"28.01.2009","22,82","22,17","22,82","22,17","53,66K","3,45%"
"27.01.2009","22,06","22,00","22,21","21,87","7,86K","-0,94%"
"26.01.2009","22,27","22,92","22,92","22,00","57,15K","-0,49%"
"23.01.2009","22,38","22,05","22,47","21,90","65,73K","1,40%"
"22.01.2009","22,07","22,42","22,52","21,95","179,43K","1,01%"
"21.01.2009","21,85","22,00","22,10","21,67","4,87K","-1,31%"
"20.01.2009","22,14","22,47","22,68","22,04","2,62K","0,14%"
"19.01.2009","22,11","22,38","22,47","22,01","4,46K","0,14%"
"16.01.2009","22,08","22,06","22,23","21,81","30,71K","2,79%"
"15.01.2009","21,48","21,30","21,65","21,21","102,24K","-1,60%"
"14.01.2009","21,83","22,32","22,35","21,73","10,38K","-2,98%"
"13.01.2009","22,50","22,31","22,63","22,04","75,41K","0,94%"
"12.01.2009","22,29","22,41","22,48","22,23","6,05K","-0,22%"
"09.01.2009","22,34","22,17","22,63","22,17","22,45K","1,09%"
"08.01.2009","22,10","22,39","22,58","21,85","75,37K","-1,30%"
"07.01.2009","22,39","22,76","22,93","22,27","22,84K","-4,03%"
"06.01.2009","23,33","22,87","23,54","22,87","117,65K","2,37%"
"05.01.2009","22,79","22,56","22,86","22,33","21,98K","5,07%"
"02.01.2009","21,69","20,62","21,74","20,62","13,48K","5,65%"
"30.12.2008","20,53","20,52","20,60","20,34","8,55K","1,99%"
"29.12.2008","20,13","20,57","20,69","20,10","5,86K","-4,78%"
"23.12.2008","21,14","20,94","21,25","20,90","66,57K","0,05%"
"22.12.2008","21,13","21,74","21,74","21,00","16,44K","-2,72%"
"19.12.2008","21,72","21,20","21,84","20,85","67,39K","3,87%"
"18.12.2008","20,91","20,99","21,03","20,60","42,56K","-0,10%"
"17.12.2008","20,93","21,53","21,53","20,83","55,47K","-2,61%"
"16.12.2008","21,49","21,57","21,79","21,40","36,74K","-0,56%"
"15.12.2008","21,61","21,41","22,20","21,13","69,66K","-1,14%"
"12.12.2008","21,86","22,00","22,02","21,05","26,37K","-3,91%"
"11.12.2008","22,75","22,73","22,80","22,38","12,61K","-1,73%"
"10.12.2008","23,15","23,46","23,50","23,04","91,60K","-2,81%"
"09.12.2008","23,82","23,02","23,88","22,99","77,67K","2,81%"
"08.12.2008","23,17","21,60","23,18","21,60","23,52K","7,52%"
"05.12.2008","21,55","22,04","22,04","21,25","38,83K","-3,58%"
"04.12.2008","22,35","22,56","22,70","22,07","24,56K","1,04%"
"03.12.2008","22,12","21,75","22,15","21,32","76,47K","3,41%"
"02.12.2008","21,39","21,50","21,82","21,12","42,22K","-5,23%"
"01.12.2008","22,57","22,86","22,86","21,93","32,63K","-1,23%"
"28.11.2008","22,85","22,75","22,85","22,54","11,28K","1,15%"
"27.11.2008","22,59","22,50","22,72","22,45","8,30K","3,39%"
"26.11.2008","21,85","21,00","22,22","20,98","38,62K","2,58%"
"25.11.2008","21,30","21,79","22,15","21,28","37,76K","-0,51%"
"24.11.2008","21,41","20,30","21,59","20,30","32,57K","5,42%"
"21.11.2008","20,31","21,20","21,43","20,30","31,92K","-6,10%"
"20.11.2008","21,63","21,75","21,78","20,86","48,21K","-3,35%"
"19.11.2008","22,38","22,56","22,59","22,09","84,80K","-0,84%"
"18.11.2008","22,57","23,00","23,00","22,01","6,12K","0,58%"
"17.11.2008","22,44","22,73","22,79","22,23","5,06K","-4,59%"
"14.11.2008","23,52","23,52","23,87","23,10","27,32K","2,89%"
"13.11.2008","22,86","23,00","23,09","22,50","35,84K","-3,14%"
"12.11.2008","23,60","24,05","24,15","23,54","23,24K","-0,84%"
"11.11.2008","23,80","24,23","24,23","23,70","40,51K","-3,80%"
"10.11.2008","24,74","24,77","25,22","24,51","34,54K","1,06%"
"07.11.2008","24,48","24,09","24,50","24,00","116,54K","0,95%"
"06.11.2008","24,25","24,54","24,70","24,09","102,67K","-5,31%"
"05.11.2008","25,61","26,20","26,20","25,59","71,69K","-1,42%"
"04.11.2008","25,98","26,13","26,93","25,00","242,68K","-0,04%"
"03.11.2008","25,99","25,90","26,00","25,44","40,18K","0,35%"
"31.10.2008","25,90","25,56","25,90","25,26","135,66K","3,15%"
"30.10.2008","25,11","24,13","25,40","24,13","113,41K","1,99%"
"29.10.2008","24,62","24,73","25,35","24,47","31,35K","4,01%"
"28.10.2008","23,67","23,84","23,90","23,22","72,97K","0,42%"
"27.10.2008","23,57","22,75","23,68","22,60","86,33K","2,03%"
"24.10.2008","23,10","23,23","23,40","22,60","168,44K","-3,55%"
"23.10.2008","23,95","24,27","24,34","23,59","22,51K","-1,72%"
"22.10.2008","24,37","24,91","24,96","24,24","145,03K","-1,69%"
"21.10.2008","24,79","24,50","25,00","24,50","131,32K","2,99%"
"20.10.2008","24,07","24,21","24,57","23,80","32,08K","1,22%"
"17.10.2008","23,78","23,34","24,27","22,52","81,32K","7,65%"
"16.10.2008","22,09","23,87","23,87","22,00","178,34K","-9,09%"
"15.10.2008","24,30","24,57","24,68","23,80","105,37K","-5,00%"
"14.10.2008","25,58","24,30","26,65","24,30","98,81K","6,90%"
"13.10.2008","23,93","23,79","24,33","23,79","27,94K","6,74%"
"10.10.2008","22,42","24,20","24,20","21,88","82,50K","-6,89%"
"09.10.2008","24,08","23,91","24,47","23,85","81,02K","-0,04%"
"08.10.2008","24,09","24,02","24,49","23,04","158,97K","-4,90%"
"07.10.2008","25,33","25,51","26,14","24,90","30,56K","0,36%"
"06.10.2008","25,24","27,00","27,00","25,03","386,99K","-7,51%"
"03.10.2008","27,29","27,03","27,40","26,69","70,17K","1,00%"
"02.10.2008","27,02","27,70","28,42","26,95","208,59K","-2,38%"
"01.10.2008","27,68","27,45","28,14","27,19","54,92K","2,90%"
"30.09.2008","26,90","26,33","27,18","25,97","136,32K","-0,15%"
"29.09.2008","26,94","28,25","28,31","26,60","105,71K","-2,60%"
"26.09.2008","27,66","27,96","28,00","27,21","121,30K","-1,67%"
"25.09.2008","28,13","27,53","28,45","27,52","57,45K","1,41%"
"24.09.2008","27,74","27,99","28,02","27,63","13,65K","-0,86%"
"23.09.2008","27,98","28,30","28,30","27,57","96,30K","-2,81%"
"22.09.2008","28,79","29,64","29,64","28,74","98,02K","-2,41%"
"19.09.2008","29,50","29,13","30,75","28,60","289,69K","6,12%"
"18.09.2008","27,80","28,50","28,53","27,76","175,42K","-3,97%"
"17.09.2008","28,95","29,60","29,80","28,95","134,20K","-2,39%"
"16.09.2008","29,66","29,59","29,82","29,00","354,40K","-1,82%"
"15.09.2008","30,21","30,03","30,43","29,53","57,80K","-0,98%"
"12.09.2008","30,51","30,93","31,00","30,41","77,81K","-1,04%"
"11.09.2008","30,83","30,37","30,84","30,18","55,86K","1,78%"
"10.09.2008","30,29","30,39","30,51","30,23","55,61K","-1,97%"
"09.09.2008","30,90","30,60","31,02","30,48","482,04K","0,75%"
"08.09.2008","30,67","31,05","31,35","30,53","167,72K","1,62%"
"05.09.2008","30,18","30,80","30,80","30,02","281,24K","-2,55%"
"04.09.2008","30,97","31,60","31,60","30,81","210,57K","-1,53%"
"03.09.2008","31,45","31,81","31,81","31,28","70,35K","-2,12%"
"02.09.2008","32,13","31,60","32,47","31,60","47,22K","1,68%"
"01.09.2008","31,60","32,24","32,24","31,34","13,12K","0,45%"
"29.08.2008","31,46","31,78","31,89","31,35","68,83K","-1,35%"
"28.08.2008","31,89","31,65","32,07","31,46","45,24K","1,24%"
"27.08.2008","31,50","31,82","31,82","31,42","80,91K","-0,82%"
"26.08.2008","31,76","31,81","32,07","31,69","127,44K","0,06%"
"25.08.2008","31,74","32,08","32,14","31,69","13,21K","-0,60%"
"22.08.2008","31,93","31,41","32,50","31,40","128,34K","2,14%"
"21.08.2008","31,26","32,26","32,26","31,20","99,89K","-2,62%"
"20.08.2008","32,10","32,26","32,37","31,88","66,84K","-0,19%"
"19.08.2008","32,16","32,70","32,70","32,10","63,63K","-2,16%"
"18.08.2008","32,87","32,50","33,08","32,50","18,17K","2,14%"
"14.08.2008","32,18","32,09","32,48","31,91","50,20K","0,37%"
"13.08.2008","32,06","31,99","32,24","31,98","27,92K","-0,59%"
"12.08.2008","32,25","31,97","32,29","31,41","83,32K","1,70%"
"11.08.2008","31,71","31,63","31,99","31,44","85,07K","2,19%"
"08.08.2008","31,03","30,47","31,28","30,47","62,55K","2,17%"
"07.08.2008","30,37","29,94","30,38","29,94","65,28K","2,53%"
"06.08.2008","29,62","29,74","29,89","29,61","16,59K","1,47%"
"05.08.2008","29,19","28,74","29,39","28,67","32,95K","1,67%"
"04.08.2008","28,71","28,89","29,00","28,60","20,73K","0,21%"
"01.08.2008","28,65","29,74","29,74","28,59","126,95K","-2,58%"
"31.07.2008","29,41","29,23","29,58","28,58","41,34K","0,17%"
"30.07.2008","29,36","29,23","29,46","29,04","41,60K","0,69%"
"29.07.2008","29,16","28,18","29,22","28,18","43,85K","1,07%"
"28.07.2008","28,85","28,87","28,87","28,66","117,48K","-0,24%"
"25.07.2008","28,92","28,38","28,93","28,35","17,51K","0,35%"
"24.07.2008","28,82","29,19","29,19","28,73","24,96K","-0,62%"
"23.07.2008","29,00","28,49","29,16","28,39","42,25K","3,94%"
"22.07.2008","27,90","27,77","28,00","27,57","21,06K","-1,62%"
"21.07.2008","28,36","28,32","28,52","28,15","150,80K","-0,49%"
"18.07.2008","28,50","28,32","28,58","28,22","170,28K","0,42%"
"17.07.2008","28,38","28,66","28,95","28,37","98,76K","0,18%"
"16.07.2008","28,33","27,87","28,33","27,53","64,93K","2,05%"
"15.07.2008","27,76","27,57","27,76","27,05","140,43K","-1,03%"
"14.07.2008","28,05","27,51","28,57","27,51","217,44K","-0,21%"
"11.07.2008","28,11","28,69","28,69","27,87","16,22K","-1,64%"
"10.07.2008","28,58","28,58","28,81","28,40","73,25K","-1,89%"
"09.07.2008","29,13","29,06","29,28","29,00","117,72K","0,90%"
"08.07.2008","28,87","28,76","28,93","28,28","103,02K","-0,45%"
"07.07.2008","29,00","28,00","29,09","28,00","64,65K","1,97%"
"04.07.2008","28,44","28,20","28,56","28,20","28,78K","0,99%"
"03.07.2008","28,16","28,44","28,66","28,04","91,65K","-2,12%"
"02.07.2008","28,77","29,00","29,29","28,68","107,09K","0,03%"
"01.07.2008","28,76","28,79","28,88","28,15","77,89K","-0,79%"
"30.06.2008","28,99","29,34","29,34","28,74","97,53K","0,17%"
"27.06.2008","28,94","29,25","29,25","28,82","77,82K","-1,46%"
"26.06.2008","29,37","30,98","30,98","29,30","79,37K","-3,93%"
"25.06.2008","30,57","30,27","30,64","30,10","35,45K","1,29%"
"24.06.2008","30,18","30,30","30,32","29,73","181,40K","-1,15%"
"23.06.2008","30,53","30,30","30,87","30,30","37,75K","-0,42%"
"20.06.2008","30,66","31,02","31,35","30,48","76,63K","-0,68%"
"19.06.2008","30,87","30,70","31,20","30,70","68,90K","-1,09%"
"18.06.2008","31,21","31,38","31,53","30,82","81,19K","-1,11%"
"17.06.2008","31,56","31,65","31,81","31,46","34,34K","1,48%"
"16.06.2008","31,10","30,84","31,53","30,84","21,78K","-1,05%"
"13.06.2008","31,43","31,47","31,57","30,75","37,39K","0,87%"
"12.06.2008","31,16","30,83","31,16","30,75","65,35K","1,66%"
"11.06.2008","30,65","31,37","31,46","30,42","99,14K","-1,57%"
"10.06.2008","31,14","31,18","31,33","31,00","56,32K","0,03%"
"09.06.2008","31,13","31,11","31,27","30,85","72,71K","-2,38%"
"06.06.2008","31,89","32,66","32,66","31,53","149,99K","-1,33%"
"05.06.2008","32,32","32,15","32,55","32,02","15,92K","0,72%"
"04.06.2008","32,09","32,48","32,48","31,57","43,60K","-0,43%"
"03.06.2008","32,23","31,76","32,27","31,63","15,74K","1,35%"
"02.06.2008","31,80","32,48","32,48","31,79","33,24K","-1,12%"
"30.05.2008","32,16","31,98","32,24","31,98","210,12K","1,32%"
"29.05.2008","31,74","31,53","31,95","31,53","71,38K","1,18%"
"28.05.2008","31,37","31,09","31,56","31,00","50,02K","1,46%"
"27.05.2008","30,92","30,97","31,05","30,49","6,80K","0,88%"
"26.05.2008","30,65","30,97","30,97","30,57","44,82K","0,43%"
"23.05.2008","30,52","30,80","30,80","30,41","43,82K","-0,91%"
"22.05.2008","30,80","31,20","31,20","30,50","451,46K","-1,09%"
"21.05.2008","31,14","31,58","31,68","31,10","300,59K","-1,11%"
"20.05.2008","31,49","32,60","32,60","31,40","19,48K","-3,02%"
"19.05.2008","32,47","32,50","32,50","32,00","28,65K","1,25%"
"16.05.2008","32,07","32,31","32,49","31,90","52,54K","1,01%"
"15.05.2008","31,75","31,61","31,94","31,61","66,39K","-1,52%"
"14.05.2008","32,24","31,95","32,30","31,90","22,92K","1,54%"
"13.05.2008","31,75","31,93","31,93","31,61","32,19K","1,24%"
"12.05.2008","31,36","31,23","31,66","31,23","31,08K","0,03%"
"09.05.2008","31,35","31,12","31,45","31,04","44,28K","-0,54%"
"08.05.2008","31,52","31,58","31,58","31,33","94,61K","-0,88%"
"07.05.2008","31,80","31,74","32,00","31,56","220,80K","1,99%"
"06.05.2008","31,18","31,61","31,63","31,05","12,66K","-1,14%"
"05.05.2008","31,54","32,47","32,47","31,30","157,21K","-0,72%"
"02.05.2008","31,77","30,87","32,10","30,87","603,22K","3,55%"
"30.04.2008","30,68","30,50","30,82","30,50","130,41K","1,25%"
"29.04.2008","30,30","30,38","30,44","30,21","58,81K","-0,10%"
"28.04.2008","30,33","30,21","30,38","30,12","100,55K","0,90%"
"25.04.2008","30,06","29,97","30,36","29,78","9,21K","1,59%"
"24.04.2008","29,59","29,42","29,91","29,40","36,24K","0,20%"
"23.04.2008","29,53","29,18","29,62","29,00","38,40K","0,68%"
"22.04.2008","29,33","29,80","29,80","29,06","50,53K","0,48%"
"21.04.2008","29,19","29,61","29,61","29,18","105,47K","-0,92%"
"18.04.2008","29,46","28,74","29,62","28,74","64,86K","3,66%"
"17.04.2008","28,42","28,50","28,67","28,32","37,44K","0,53%"
"16.04.2008","28,27","27,40","28,30","27,40","7,28K","1,14%"
"15.04.2008","27,95","27,81","28,06","27,71","19,69K","0,40%"
"14.04.2008","27,84","28,15","28,15","27,70","59,21K","-2,25%"
"11.04.2008","28,48","29,00","29,00","28,25","108,75K","-1,59%"
"10.04.2008","28,94","28,63","28,99","28,16","55,47K","1,30%"
"09.04.2008","28,57","28,77","29,00","28,40","75,57K","-1,31%"
"08.04.2008","28,95","29,00","29,14","28,84","16,64K","-1,60%"
"07.04.2008","29,42","29,44","29,52","29,25","52,17K","1,59%"
"04.04.2008","28,96","29,26","29,29","28,95","19,91K","-0,24%"
"03.04.2008","29,03","29,20","29,35","28,96","71,77K","-1,12%"
"02.04.2008","29,36","29,12","29,45","28,70","15,74K","3,09%"
"01.04.2008","28,48","27,90","28,78","27,87","65,52K","3,98%"
"31.03.2008","27,39","27,71","27,71","27,39","75,25K","-1,93%"
"28.03.2008","27,93","27,95","28,08","27,81","37,10K","0,04%"
"27.03.2008","27,92","28,25","28,32","27,82","95,61K","-1,17%"
"26.03.2008","28,25","28,52","28,55","28,09","171,70K","-0,88%"
"25.03.2008","28,50","28,00","28,65","28,00","118,08K","3,83%"
"20.03.2008","27,45","27,01","27,55","27,01","33,57K","-0,51%"
"19.03.2008","27,59","27,45","27,73","27,22","117,61K","2,76%"
"18.03.2008","26,85","26,55","26,95","26,48","171,29K","1,94%"
"17.03.2008","26,34","27,73","27,73","26,01","197,33K","-2,80%"
"14.03.2008","27,10","27,51","27,94","26,82","246,39K","-0,51%"
"13.03.2008","27,24","27,40","27,40","26,76","122,74K","-1,98%"
"12.03.2008","27,79","27,73","28,00","27,68","33,02K","1,87%"
"11.03.2008","27,28","26,83","27,44","26,57","102,25K","0,33%"
"10.03.2008","27,19","27,55","27,55","27,00","136,97K","-0,26%"
"07.03.2008","27,26","27,35","27,92","27,11","35,64K","-2,61%"
"06.03.2008","27,99","28,36","28,36","27,96","31,03K","-1,20%"
"05.03.2008","28,33","28,22","28,47","28,19","30,21K","2,53%"
"04.03.2008","27,63","27,99","28,12","27,63","55,08K","-1,53%"
"03.03.2008","28,06","28,37","28,37","28,00","35,67K","-1,54%"
"29.02.2008","28,50","28,90","28,90","28,39","87,05K","-1,99%"
"28.02.2008","29,08","29,15","29,31","29,01","75,66K","-0,24%"
"27.02.2008","29,15","29,30","29,32","28,90","11,12K","-0,03%"
"26.02.2008","29,16","29,59","29,67","29,15","48,51K","-0,92%"
"25.02.2008","29,43","29,57","29,60","29,23","44,18K","1,03%"
"22.02.2008","29,13","29,40","29,47","29,07","20,86K","-2,80%"
"21.02.2008","29,97","29,76","30,10","29,65","50,71K","1,42%"
"20.02.2008","29,55","29,66","29,66","29,36","16,81K","-1,63%"
"19.02.2008","30,04","30,10","30,16","29,80","23,39K","-0,50%"
"18.02.2008","30,19","30,00","30,40","29,79","30,24K","1,58%"
"15.02.2008","29,72","29,99","30,08","29,60","36,16K","-2,24%"
"14.02.2008","30,40","30,67","30,77","30,30","73,47K","0,03%"
"13.02.2008","30,39","30,08","30,54","30,05","89,33K","-0,10%"
"12.02.2008","30,42","30,33","30,54","30,22","15,99K","1,10%"
"11.02.2008","30,09","29,82","30,22","29,74","52,14K","0,30%"
"08.02.2008","30,00","29,25","30,09","29,25","81,43K","2,32%"
"07.02.2008","29,32","31,00","31,00","28,81","41,78K","-2,30%"
"06.02.2008","30,01","29,83","30,08","29,79","44,29K","-0,66%"
"05.02.2008","30,21","30,55","30,55","29,98","20,73K","-1,47%"
"04.02.2008","30,66","30,91","30,91","30,51","62,12K","0,99%"
"01.02.2008","30,36","30,44","30,99","30,14","85,60K","2,26%"
"31.01.2008","29,69","29,93","29,93","29,35","289,10K","-0,77%"
"30.01.2008","29,92","29,79","30,13","29,62","21,27K","-0,47%"
"29.01.2008","30,06","29,92","30,27","29,90","102,25K","1,18%"
"28.01.2008","29,71","31,08","31,08","29,45","17,51K","-2,33%"
"25.01.2008","30,42","30,91","31,08","30,32","345,43K","0,83%"
"24.01.2008","30,17","30,03","30,50","29,44","85,80K","2,51%"
"23.01.2008","29,43","30,72","30,72","28,37","129,37K","-2,49%"
"22.01.2008","30,18","29,00","30,93","28,50","45,06K","1,34%"
"21.01.2008","29,78","31,17","31,17","29,48","503,59K","-4,00%"
"18.01.2008","31,02","31,00","31,44","30,99","148,58K","-0,42%"
"17.01.2008","31,15","31,50","31,74","31,10","67,27K","-0,42%"
"16.01.2008","31,28","30,99","31,43","30,93","216,23K","-1,11%"
"15.01.2008","31,63","32,79","32,79","31,51","207,21K","-1,37%"
"14.01.2008","32,07","32,25","32,25","31,55","205,06K","-0,34%"
"11.01.2008","32,18","32,25","32,41","31,98","92,50K","0,03%"
"10.01.2008","32,17","32,20","32,61","32,10","125,95K","-0,37%"
"09.01.2008","32,29","32,73","32,73","31,94","60,14K","-1,34%"
"08.01.2008","32,73","32,78","33,10","32,73","29,43K","1,21%"
"07.01.2008","32,34","32,90","33,19","32,23","24,99K","-3,00%"
"04.01.2008","33,34","34,38","34,53","33,12","43,62K","-2,66%"
"03.01.2008","34,25","34,45","34,50","34,03","10,22K","-0,44%"
"02.01.2008","34,40","34,40","34,40","34,40","","-2,88%"
"28.12.2007","35,42","35,54","35,58","35,31","8,23K","-1,34%"
"27.12.2007","35,90","36,07","36,40","35,69","20,24K","0,11%"
"21.12.2007","35,86","35,67","35,97","35,67","25,50K","2,02%"
"20.12.2007","35,15","34,87","35,36","34,87","97,55K","1,06%"
"19.12.2007","34,78","34,73","34,86","34,53","10,47K","0,46%"
"18.12.2007","34,62","34,86","34,98","34,56","78,57K","-1,51%"
"17.12.2007","35,15","35,39","35,47","35,15","27,92K","-1,71%"
"14.12.2007","35,76","35,18","35,78","35,18","85,16K","1,88%"
"13.12.2007","35,10","35,35","35,35","34,94","45,62K","-1,49%"
"12.12.2007","35,63","35,45","36,00","35,14","70,21K","-0,53%"
"11.12.2007","35,82","35,90","36,00","35,80","37,40K","0,34%"
"10.12.2007","35,70","35,77","35,89","35,58","65,94K","0,20%"
"07.12.2007","35,63","35,66","35,87","35,59","51,02K","0,59%"
"06.12.2007","35,42","35,47","35,79","35,25","652,42K","1,17%"
"05.12.2007","35,01","34,56","35,30","34,56","228,48K","1,42%"
"04.12.2007","34,52","34,86","34,86","34,24","57,40K","-1,62%"
"03.12.2007","35,09","34,60","35,29","34,60","167,52K","-0,79%"
"30.11.2007","35,37","35,47","36,54","35,03","57,27K","1,49%"
"29.11.2007","34,85","34,85","35,05","34,71","95,00K","-0,06%"
"28.11.2007","34,87","33,74","35,08","33,71","215,45K","4,40%"
"27.11.2007","33,40","33,31","33,64","33,11","66,17K","-1,47%"
"26.11.2007","33,90","33,98","33,98","33,54","113,62K","1,41%"
"23.11.2007","33,43","32,54","33,64","32,53","62,92K","0,21%"
"22.11.2007","33,36","33,35","33,45","33,22","60,69K","0,03%"
"21.11.2007","33,35","33,54","33,65","33,02","171,35K","-2,60%"
"20.11.2007","34,24","33,61","34,40","33,61","293,55K","0,74%"
"19.11.2007","33,99","34,60","34,60","33,90","45,29K","0,06%"
"16.11.2007","33,97","34,58","34,58","33,76","72,84K","-1,31%"
"15.11.2007","34,42","34,68","34,68","34,06","46,54K","-0,52%"
"14.11.2007","34,60","34,50","34,97","34,32","124,53K","1,97%"
"13.11.2007","33,93","33,61","34,17","33,37","255,54K","-0,99%"
"12.11.2007","34,27","33,50","34,55","33,50","103,88K","-0,32%"
"09.11.2007","34,38","35,70","35,70","34,08","181,54K","-4,15%"
"08.11.2007","35,87","36,54","36,54","35,70","75,20K","-2,50%"
"07.11.2007","36,79","37,24","37,32","36,74","19,07K","-0,78%"
"06.11.2007","37,08","37,03","37,96","36,98","22,92K","-1,07%"
"05.11.2007","37,48","37,80","37,80","37,04","43,89K","0,27%"
"02.11.2007","37,38","38,29","38,29","37,16","71,21K","-1,40%"
"01.11.2007","37,91","37,97","38,21","37,75","58,91K","0,26%"
"31.10.2007","37,81","37,46","37,86","37,46","17,49K","0,48%"
"30.10.2007","37,63","37,55","37,65","37,47","31,70K","0,00%"
"29.10.2007","37,63","37,26","37,76","37,26","100,46K","0,61%"
"26.10.2007","37,40","37,52","37,70","37,36","73,68K","-0,37%"
"25.10.2007","37,54","37,78","37,95","37,41","178,11K","0,29%"
"24.10.2007","37,43","37,74","37,90","37,15","50,78K","-0,11%"
"23.10.2007","37,47","37,46","37,75","37,45","158,93K","0,54%"
"22.10.2007","37,27","35,50","37,37","35,17","12,20K","0,68%"
"19.10.2007","37,02","37,75","37,87","35,63","124,70K","-0,99%"
"18.10.2007","37,39","37,60","37,79","37,25","16,31K","-0,90%"
"17.10.2007","37,73","37,09","37,88","37,09","26,14K","1,02%"
"16.10.2007","37,35","37,33","37,53","37,28","167,07K","-0,74%"
"15.10.2007","37,63","37,09","37,97","37,09","55,25K","0,29%"
"12.10.2007","37,52","37,53","37,69","37,12","37,38K","-1,03%"
"11.10.2007","37,91","37,90","38,08","37,53","17,56K","0,50%"
"10.10.2007","37,72","37,90","37,99","37,65","28,79K","-0,55%"
"09.10.2007","37,93","37,98","38,05","37,74","72,59K","0,88%"
"08.10.2007","37,60","37,33","37,98","37,33","12,06K","1,43%"
"05.10.2007","37,07","36,36","37,11","36,36","72,16K","1,01%"
"04.10.2007","36,70","36,68","36,86","36,51","55,14K","0,19%"
"03.10.2007","36,63","36,70","36,80","36,48","31,02K","-0,14%"
"02.10.2007","36,68","36,48","36,85","36,48","27,50K","1,05%"
"01.10.2007","36,30","36,03","36,39","36,03","21,26K","-0,14%"
"28.09.2007","36,35","36,31","36,41","36,10","127,80K","-0,22%"
"27.09.2007","36,43","36,50","36,51","36,19","74,16K","0,11%"
"26.09.2007","36,39","35,63","36,48","35,63","14,12K","1,28%"
"25.09.2007","35,93","35,95","35,96","35,71","24,60K","-0,44%"
"24.09.2007","36,09","35,74","36,20","35,69","47,41K","0,78%"
"21.09.2007","35,81","36,30","36,30","35,68","49,65K","0,36%"
"20.09.2007","35,68","35,72","35,79","35,60","48,69K","-1,08%"
"19.09.2007","36,07","35,59","36,26","35,59","43,31K","1,72%"
"18.09.2007","35,46","35,25","35,54","35,19","58,28K","0,71%"
"17.09.2007","35,21","35,04","35,43","35,03","49,18K","-0,84%"
"14.09.2007","35,51","35,48","35,51","35,14","62,20K","0,17%"
"13.09.2007","35,45","35,15","35,59","35,15","24,01K","0,11%"
"12.09.2007","35,41","35,34","35,54","35,13","160,09K","0,43%"
"11.09.2007","35,26","35,19","35,65","35,09","77,61K","0,43%"
"10.09.2007","35,11","34,54","35,37","34,54","59,49K","0,37%"
"07.09.2007","34,98","35,98","35,98","34,91","108,80K","-2,73%"
"06.09.2007","35,96","36,03","36,18","35,80","98,01K","-0,77%"
"05.09.2007","36,24","36,53","36,62","36,13","102,92K","-0,60%"
"04.09.2007","36,46","35,94","36,51","35,86","38,01K","1,36%"
"03.09.2007","35,97","35,97","36,02","35,68","68,73K","0,62%"
"31.08.2007","35,75","35,75","35,90","35,65","102,39K","0,20%"
"30.08.2007","35,68","34,99","35,72","34,99","182,65K","2,88%"
"29.08.2007","34,68","34,75","34,78","34,53","44,68K","-0,20%"
"28.08.2007","34,75","35,54","35,54","34,74","7,65K","-1,36%"
"27.08.2007","35,23","35,30","35,36","35,17","17,60K","0,80%"
"24.08.2007","34,95","34,94","35,35","34,75","119,34K","-0,20%"
"23.08.2007","35,02","35,46","35,54","35,01","73,43K","-0,62%"
"22.08.2007","35,24","35,00","35,37","35,00","32,65K","1,61%"
"21.08.2007","34,68","34,69","34,73","34,38","8,81K","0,29%"
"20.08.2007","34,58","33,53","34,63","33,53","136,25K","1,65%"
"17.08.2007","34,02","33,61","34,48","33,30","85,19K","0,12%"
"16.08.2007","33,98","35,00","35,00","33,82","221,34K","-2,58%"
"14.08.2007","34,88","34,90","35,16","34,51","26,14K","-0,46%"
"13.08.2007","35,04","34,77","35,11","34,77","13,45K","1,45%"
"10.08.2007","34,54","35,20","35,20","34,03","54,81K","-3,25%"
"09.08.2007","35,70","35,46","35,78","35,20","190,25K","1,39%"
"08.08.2007","35,21","34,46","35,44","34,46","47,33K","0,95%"
"07.08.2007","34,88","35,00","35,00","34,39","46,49K","1,54%"
"06.08.2007","34,35","34,90","34,90","33,99","39,49K","-1,86%"
"03.08.2007","35,00","35,39","35,50","34,87","58,18K","-0,46%"
"02.08.2007","35,16","34,40","35,33","34,40","230,12K","1,50%"
"01.08.2007","34,64","35,87","35,87","34,43","237,81K","-2,48%"
"31.07.2007","35,52","35,46","35,79","35,31","167,12K","0,54%"
"30.07.2007","35,33","36,40","36,40","35,00","228,59K","-1,06%"
"27.07.2007","35,71","35,50","35,95","35,50","21,41K","-0,67%"
"26.07.2007","35,95","36,30","36,30","35,67","142,38K","-0,11%"
"25.07.2007","35,99","35,97","36,15","35,81","76,13K","0,03%"
"24.07.2007","35,98","36,30","36,30","35,89","26,16K","-0,55%"
"23.07.2007","36,18","36,00","36,40","36,00","57,86K","-0,22%"
"20.07.2007","36,26","36,04","36,55","36,04","75,70K","-0,71%"
"19.07.2007","36,52","36,15","36,59","36,15","8,29K","0,86%"
"18.07.2007","36,21","36,07","36,45","36,05","348,84K","-0,49%"
"17.07.2007","36,39","36,40","36,42","36,11","46,51K","-0,03%"
"16.07.2007","36,40","36,20","36,40","36,16","68,05K","0,86%"
"13.07.2007","36,09","35,89","36,16","35,45","211,62K","1,09%"
"12.07.2007","35,70","35,54","35,72","35,49","36,72K","0,93%"
"11.07.2007","35,37","35,51","35,51","35,15","131,34K","-0,65%"
"10.07.2007","35,60","35,91","35,98","35,54","27,00K","-0,78%"
"09.07.2007","35,88","35,97","36,05","35,43","19,06K","0,14%"
"06.07.2007","35,83","35,86","35,95","35,71","150,43K","0,50%"
"05.07.2007","35,65","35,54","35,77","35,49","41,41K","0,08%"
"04.07.2007","35,62","35,59","35,63","35,48","35,05K","0,34%"
"03.07.2007","35,50","35,51","35,59","35,00","467,01K","0,42%"
"02.07.2007","35,35","35,69","35,69","35,04","119,76K","-0,34%"
"29.06.2007","35,47","35,69","35,69","35,24","6,31K","0,11%"
"28.06.2007","35,43","35,47","35,64","35,35","214,81K","1,06%"
"27.06.2007","35,06","34,98","35,12","34,68","143,64K","0,23%"
"26.06.2007","34,98","35,23","35,26","34,90","32,51K","-1,05%"
"25.06.2007","35,35","35,36","35,39","34,99","5,98K","-0,20%"
"22.06.2007","35,42","35,60","35,60","35,39","7,82K","-0,17%"
"21.06.2007","35,48","35,55","35,55","35,25","6,47K","-0,56%"
"20.06.2007","35,68","35,26","35,93","35,26","48,16K","0,25%"
"19.06.2007","35,59","35,58","35,65","35,45","52,16K","-0,06%"
"18.06.2007","35,61","35,45","35,74","35,35","120,46K","-0,36%"
"15.06.2007","35,74","35,51","35,82","35,51","20,28K","0,62%"
"14.06.2007","35,52","35,30","35,59","35,10","42,55K","0,97%"
"13.06.2007","35,18","35,10","35,20","34,97","66,38K","0,63%"
"12.06.2007","34,96","35,11","35,16","34,85","19,71K","-0,43%"
"11.06.2007","35,11","34,97","35,20","34,97","10,19K","1,24%"
"08.06.2007","34,68","34,60","34,84","34,49","60,04K","-0,32%"
"07.06.2007","34,79","35,02","35,03","34,74","32,92K","-0,34%"
"06.06.2007","34,91","35,03","35,20","34,81","18,71K","-0,40%"
"05.06.2007","35,05","35,40","35,40","34,97","15,35K","-0,37%"
"04.06.2007","35,18","35,15","35,34","34,95","19,36K","-0,82%"
"01.06.2007","35,47","35,20","35,51","35,20","49,79K","0,65%"
"31.05.2007","35,24","34,80","35,28","34,80","17,38K","1,53%"
"30.05.2007","34,71","34,71","34,75","34,49","62,93K","0,14%"
"29.05.2007","34,66","34,52","34,67","34,38","35,75K","0,46%"
"28.05.2007","34,50","34,75","34,75","34,45","4,15K","0,20%"
"25.05.2007","34,43","34,60","34,60","34,30","56,16K","-1,03%"
"24.05.2007","34,79","35,00","35,00","34,52","31,92K","-0,71%"
"23.05.2007","35,04","34,56","35,11","34,56","40,21K","0,63%"
"22.05.2007","34,82","34,70","34,96","34,70","84,04K","-0,09%"
"21.05.2007","34,85","34,40","34,95","34,40","59,19K","1,19%"
"18.05.2007","34,44","34,29","34,50","34,29","4,60K","0,23%"
"17.05.2007","34,36","34,28","34,47","34,22","16,19K","1,42%"
"16.05.2007","33,88","34,08","34,08","33,74","41,87K","-0,88%"
"15.05.2007","34,18","34,09","34,31","34,09","14,98K","-0,49%"
"14.05.2007","34,35","33,91","34,60","33,91","12,28K","-0,17%"
"11.05.2007","34,41","34,25","34,43","34,03","45,68K","-0,29%"
"10.05.2007","34,51","34,25","34,59","34,25","60,54K","0,64%"
"09.05.2007","34,29","34,40","34,50","34,19","8,22K","0,15%"
"08.05.2007","34,24","34,23","34,34","34,16","189,43K","0,15%"
"07.05.2007","34,19","34,55","34,55","34,13","53,67K","-0,52%"
"04.05.2007","34,37","34,30","34,52","34,18","17,85K","0,56%"
"03.05.2007","34,18","33,69","34,30","33,69","18,05K","0,47%"
"02.05.2007","34,02","34,28","34,28","33,69","26,19K","0,06%"
"30.04.2007","34,00","34,11","34,18","33,86","48,31K","0,27%"
"27.04.2007","33,91","33,69","34,18","33,69","14,31K","-0,44%"
"26.04.2007","34,06","33,59","34,15","33,59","35,89K","1,67%"
"25.04.2007","33,50","33,55","33,64","33,45","15,59K","0,03%"
"24.04.2007","33,49","33,50","33,62","33,38","11,75K","0,21%"
"23.04.2007","33,42","33,46","33,50","33,29","267,97K","0,27%"
"20.04.2007","33,33","33,20","33,59","33,14","88,82K","0,88%"
"19.04.2007","33,04","32,70","33,12","32,70","15,27K","-0,09%"
"18.04.2007","33,07","33,07","33,15","32,91","24,39K","-0,33%"
"17.04.2007","33,18","33,35","33,35","33,05","111,54K","-0,12%"
"16.04.2007","33,22","33,35","33,35","32,00","18,78K","1,34%"
"13.04.2007","32,78","32,62","33,03","32,62","264,02K","-0,36%"
"12.04.2007","32,90","32,90","32,90","32,65","51,65K","0,03%"
"11.04.2007","32,89","33,27","33,30","32,88","13,89K","-0,93%"
"10.04.2007","33,20","32,95","33,26","32,56","19,48K","0,85%"
"05.04.2007","32,92","33,15","33,17","32,91","4,24K","-0,21%"
"04.04.2007","32,99","33,26","33,26","32,96","17,97K","-0,45%"
"03.04.2007","33,14","32,66","33,14","32,62","13,22K","2,22%"
"02.04.2007","32,42","33,00","33,00","32,30","37,09K","-1,28%"
"30.03.2007","32,84","32,70","32,93","32,54","11,87K","0,37%"
"29.03.2007","32,72","33,26","33,26","32,59","17,92K","-0,06%"
"28.03.2007","32,74","33,00","33,04","32,60","52,22K","-0,61%"
"27.03.2007","32,94","33,11","33,15","32,89","8,15K","0,30%"
"26.03.2007","32,84","33,00","33,68","32,74","14,31K","-1,23%"
"23.03.2007","33,25","33,65","33,65","33,01","10,81K","0,70%"
"22.03.2007","33,02","32,81","33,33","32,81","88,81K","1,01%"
"21.03.2007","32,69","32,74","32,92","32,56","22,85K","0,09%"
"20.03.2007","32,66","32,59","32,71","32,48","19,60K","0,40%"
"19.03.2007","32,53","32,42","32,54","32,24","17,42K","1,18%"
"16.03.2007","32,15","32,26","32,40","31,98","24,04K","-0,77%"
"15.03.2007","32,40","32,29","32,75","32,29","80,40K","1,06%"
"14.03.2007","32,06","33,29","33,29","31,52","18,13K","-1,69%"
"13.03.2007","32,61","32,72","32,77","32,40","20,38K","-0,03%"
"12.03.2007","32,62","33,01","33,02","32,49","14,23K","-0,43%"
"09.03.2007","32,76","33,00","33,17","32,65","18,87K","-0,55%"
"08.03.2007","32,94","32,69","32,98","32,58","60,89K","1,01%"
"07.03.2007","32,61","32,40","32,71","32,26","10,39K","0,37%"
"06.03.2007","32,49","31,78","32,63","31,78","73,87K","0,59%"
"05.03.2007","32,30","31,96","32,50","31,64","92,86K","-0,77%"
"02.03.2007","32,55","32,79","32,85","32,27","76,53K","-0,15%"
"01.03.2007","32,60","33,20","33,34","31,26","67,66K","-0,55%"
"28.02.2007","32,78","33,20","33,20","32,00","176,27K","-1,77%"
"27.02.2007","33,37","34,71","34,71","33,34","30,34K","-2,68%"
"26.02.2007","34,29","34,50","34,67","34,17","26,44K","-0,55%"
"23.02.2007","34,48","34,05","34,69","34,05","39,06K","-0,55%"
"22.02.2007","34,67","34,37","34,75","34,37","19,40K","1,11%"
"21.02.2007","34,29","33,69","34,32","33,69","17,61K","1,12%"
"20.02.2007","33,91","34,25","34,25","33,74","13,15K","-0,70%"
"19.02.2007","34,15","34,21","34,25","34,00","16,10K","-0,03%"
"16.02.2007","34,16","34,18","34,18","33,94","32,09K","0,21%"
"15.02.2007","34,09","33,98","34,14","33,81","364,13K","0,83%"
"14.02.2007","33,81","33,50","33,90","33,50","40,32K","0,60%"
"13.02.2007","33,61","33,69","33,84","33,55","16,82K","-0,33%"
"12.02.2007","33,72","34,34","34,71","33,69","74,28K","-1,63%"
"09.02.2007","34,28","34,23","34,38","34,22","30,06K","0,44%"
"08.02.2007","34,13","34,45","34,45","33,94","129,72K","-0,47%"
"07.02.2007","34,29","33,94","34,36","33,93","45,32K","1,75%"
"06.02.2007","33,70","34,39","34,39","33,70","29,74K","-1,09%"
"05.02.2007","34,07","34,00","34,25","33,93","29,67K","0,18%"
"02.02.2007","34,01","33,79","34,05","33,79","24,29K","0,27%"
"01.02.2007","33,92","33,69","34,00","33,69","38,51K","1,25%"
"31.01.2007","33,50","33,51","33,77","33,30","163,84K","-0,53%"
"30.01.2007","33,68","33,50","33,93","33,50","58,33K","-0,06%"
"29.01.2007","33,70","33,50","34,00","33,50","39,02K","-0,30%"
"26.01.2007","33,80","33,72","34,04","33,50","108,73K","-0,79%"
"25.01.2007","34,07","33,32","34,29","33,32","43,48K","0,06%"
"24.01.2007","34,05","33,63","34,10","33,61","23,32K","1,31%"
"23.01.2007","33,61","33,62","34,50","33,36","129,50K","-0,50%"
"22.01.2007","33,78","34,20","34,26","33,66","45,81K","-1,37%"
"19.01.2007","34,25","34,20","34,28","33,90","22,72K","-0,03%"
"18.01.2007","34,26","34,75","34,87","34,22","117,72K","-2,09%"
"17.01.2007","34,99","35,00","35,09","34,88","53,36K","-0,14%"
"16.01.2007","35,04","35,01","35,20","34,97","546,88K","-0,28%"
"15.01.2007","35,14","35,06","35,25","35,01","23,09K","0,57%"
"12.01.2007","34,94","35,01","35,10","34,19","104,38K","-0,14%"
"11.01.2007","34,99","34,23","35,10","34,23","59,91K","2,52%"
"10.01.2007","34,13","34,00","34,20","33,63","42,64K","0,59%"
"09.01.2007","33,93","33,77","34,09","33,72","58,45K","0,56%"
"08.01.2007","33,74","33,79","33,85","33,53","12,10K","0,18%"
"05.01.2007","33,68","33,55","33,80","33,45","16,59K","0,63%"
"04.01.2007","33,47","33,08","33,49","32,85","87,99K","0,63%"
"03.01.2007","33,26","32,97","33,38","32,75","296,16K","1,50%"
"02.01.2007","32,77","33,15","33,15","32,46","8,08K","-0,76%"
"29.12.2006","33,02","32,90","33,09","32,76","18,67K","0,55%"
"28.12.2006","32,84","32,99","32,99","32,72","5,32K","-0,15%"
"27.12.2006","32,89","32,82","33,07","32,82","14,58K","0,27%"
"22.12.2006","32,80","33,02","33,02","32,72","7,31K","-1,20%"
"21.12.2006","33,20","33,20","33,36","33,08","10,71K","-0,33%"
"20.12.2006","33,31","33,20","33,45","33,20","36,31K","0,36%"
"19.12.2006","33,19","33,62","33,62","33,02","24,76K","-2,55%"
"18.12.2006","34,06","33,42","34,18","33,42","53,93K","0,09%"
"15.12.2006","34,03","33,66","34,17","33,66","58,32K","0,56%"
"14.12.2006","33,84","33,27","33,90","33,13","99,82K","1,90%"
"13.12.2006","33,21","33,12","33,39","33,03","14,16K","0,00%"
"12.12.2006","33,21","33,66","33,66","33,07","16,93K","-1,04%"
"11.12.2006","33,56","33,10","33,59","32,92","11,92K","2,19%"
"08.12.2006","32,84","33,03","33,03","32,62","12,43K","-1,20%"
"07.12.2006","33,24","33,03","33,47","33,03","13,78K","-0,09%"
"06.12.2006","33,27","33,49","33,54","33,20","42,96K","-0,63%"
"05.12.2006","33,48","33,37","33,50","33,19","59,35K","0,81%"
"04.12.2006","33,21","32,40","33,34","32,30","22,86K","1,44%"
"01.12.2006","32,74","33,13","33,46","32,49","29,44K","-1,44%"
"30.11.2006","33,22","33,60","33,60","33,15","71,66K","-0,89%"
"29.11.2006","33,52","33,15","33,66","33,15","34,08K","1,06%"
"28.11.2006","33,17","33,40","33,40","32,93","78,54K","-1,83%"
"27.11.2006","33,79","34,21","34,21","33,57","60,87K","-1,17%"
"24.11.2006","34,19","34,55","34,56","33,86","120,32K","-0,93%"
"23.11.2006","34,51","34,32","34,61","34,32","17,25K","0,35%"
"22.11.2006","34,39","34,58","34,80","34,39","53,83K","-0,78%"
"21.11.2006","34,66","34,55","34,79","34,55","130,20K","0,23%"
"20.11.2006","34,58","34,45","34,66","34,26","19,14K","0,82%"
"17.11.2006","34,30","34,31","34,80","34,02","297,48K","-1,01%"
"16.11.2006","34,65","34,69","34,70","34,20","137,91K","-0,03%"
"15.11.2006","34,66","34,15","34,73","34,15","279,23K","1,85%"
"14.11.2006","34,03","34,00","34,11","33,81","63,46K","0,24%"
"13.11.2006","33,95","33,47","34,00","33,47","11,78K","1,34%"
"10.11.2006","33,50","33,62","33,62","33,30","408,74K","-1,38%"
"09.11.2006","33,97","33,50","34,00","33,50","170,51K","1,37%"
"08.11.2006","33,51","33,02","33,64","32,80","84,11K","-0,59%"
"07.11.2006","33,71","33,73","33,75","33,32","84,58K","0,18%"
"06.11.2006","33,65","32,70","33,68","32,70","88,93K","2,00%"
"03.11.2006","32,99","32,76","33,33","32,76","75,76K","-0,03%"
"02.11.2006","33,00","33,54","33,54","32,80","234,57K","-1,61%"
"01.11.2006","33,54","33,51","33,68","33,25","18,70K","0,27%"
"31.10.2006","33,45","33,51","33,71","33,16","254,95K","0,18%"
"30.10.2006","33,39","33,33","33,70","33,11","201,45K","-0,42%"
"27.10.2006","33,53","33,50","33,90","33,40","47,24K","0,12%"
"26.10.2006","33,49","33,90","33,90","33,31","67,50K","-0,51%"
"25.10.2006","33,66","33,97","33,97","33,47","141,26K","0,00%"
"24.10.2006","33,66","33,83","33,87","33,60","17,50K","-0,56%"
"23.10.2006","33,85","32,70","33,96","32,70","96,52K","2,02%"
"20.10.2006","33,18","33,28","33,43","32,71","56,41K","-0,21%"
"19.10.2006","33,25","33,89","33,89","33,10","95,59K","-0,72%"
"18.10.2006","33,49","33,23","33,80","33,03","31,83K","0,45%"
"17.10.2006","33,34","33,62","33,85","33,21","218,35K","-1,77%"
"16.10.2006","33,94","33,99","33,99","33,73","19,54K","0,00%"
"13.10.2006","33,94","33,50","33,97","33,45","329,44K","2,01%"
"12.10.2006","33,27","33,07","33,34","32,98","79,05K","0,67%"
"11.10.2006","33,05","33,30","33,30","32,89","141,73K","-0,15%"
"10.10.2006","33,10","32,95","33,27","32,87","311,61K","0,98%"
"09.10.2006","32,78","32,28","32,86","32,15","48,05K","-0,06%"
"06.10.2006","32,80","32,68","32,96","32,40","320,32K","0,83%"
"05.10.2006","32,53","32,00","32,65","32,00","75,02K","1,62%"
"04.10.2006","32,01","31,40","32,11","31,40","33,37K","1,94%"
"03.10.2006","31,40","31,62","31,62","31,30","61,36K","-0,95%"
"02.10.2006","31,70","32,21","32,21","31,69","31,15K","-1,52%"
"29.09.2006","32,19","31,62","32,32","31,62","30,96K","0,53%"
"28.09.2006","32,02","32,16","32,16","31,97","150,17K","-0,44%"
"27.09.2006","32,16","31,51","32,25","31,37","72,74K","0,28%"
"26.09.2006","32,07","31,50","32,15","31,50","64,19K","2,59%"
"25.09.2006","31,26","31,22","31,47","31,15","24,13K","0,29%"
"22.09.2006","31,17","31,70","32,10","31,10","96,38K","-2,53%"
"21.09.2006","31,98","32,10","32,10","31,76","307,50K","0,00%"
"20.09.2006","31,98","31,61","32,00","31,53","146,05K","1,27%"
"19.09.2006","31,58","31,62","31,90","31,50","15,68K","-0,60%"
"18.09.2006","31,77","32,00","32,00","31,68","79,66K","-0,66%"
"15.09.2006","31,98","31,60","32,07","31,40","270,59K","1,81%"
"14.09.2006","31,41","31,68","31,68","31,20","56,44K","-0,35%"
"13.09.2006","31,52","31,00","31,54","31,00","354,56K","2,04%"
"12.09.2006","30,89","30,38","30,96","30,38","39,58K","2,05%"
"11.09.2006","30,27","30,00","30,37","29,25","34,44K","-0,16%"
"08.09.2006","30,32","30,25","30,49","30,25","41,30K","0,26%"
"07.09.2006","30,24","30,41","30,41","30,03","124,62K","-1,18%"
"06.09.2006","30,60","30,70","30,76","30,49","33,17K","0,59%"
"05.09.2006","30,42","30,89","30,89","30,35","12,53K","-0,10%"
"04.09.2006","30,45","30,90","30,90","30,41","7,67K","-0,23%"
"01.09.2006","30,52","30,40","30,70","30,34","23,88K","0,59%"
"31.08.2006","30,34","30,39","30,40","30,19","136,61K","0,07%"
"30.08.2006","30,32","30,18","30,34","30,09","29,45K","0,97%"
"29.08.2006","30,03","30,20","30,25","29,96","10,05K","-0,50%"
"28.08.2006","30,18","30,06","30,21","29,73","5,48K","-0,13%"
"25.08.2006","30,22","29,90","30,30","29,81","11,64K","1,44%"
"24.08.2006","29,79","29,81","29,92","29,68","21,51K","-0,57%"
"23.08.2006","29,96","30,10","30,10","29,82","50,26K","-0,47%"
"22.08.2006","30,10","29,99","30,20","29,80","61,84K","1,18%"
"21.08.2006","29,75","30,02","30,34","29,69","38,59K","-0,90%"
"18.08.2006","30,02","30,33","30,34","29,94","347,23K","-0,76%"
"17.08.2006","30,25","29,70","30,28","29,70","128,01K","2,40%"
"16.08.2006","29,54","29,18","29,60","29,18","220,83K","1,93%"
"14.08.2006","28,98","28,52","29,15","28,52","32,79K","1,01%"
"11.08.2006","28,69","28,80","28,80","28,62","24,63K","-0,38%"
"10.08.2006","28,80","28,93","28,93","28,25","12,23K","0,24%"
"09.08.2006","28,73","28,75","28,87","28,41","10,83K","0,17%"
"08.08.2006","28,68","28,71","28,74","28,60","65,37K","0,21%"
"07.08.2006","28,62","28,82","28,82","28,57","34,33K","-1,48%"
"04.08.2006","29,05","28,90","29,21","28,90","92,00K","1,22%"
"03.08.2006","28,70","28,80","29,00","28,48","30,63K","-0,03%"
"02.08.2006","28,71","28,97","28,97","28,53","241,15K","0,35%"
"01.08.2006","28,61","29,30","29,30","28,56","14,77K","-1,75%"
"31.07.2006","29,12","29,34","29,36","28,99","40,88K","1,01%"
"28.07.2006","28,83","28,80","28,93","28,65","82,89K","-0,48%"
"27.07.2006","28,97","28,60","29,33","28,60","31,50K","0,49%"
"26.07.2006","28,83","28,95","29,00","28,71","80,04K","-0,07%"
"25.07.2006","28,85","28,78","29,00","28,64","159,02K","0,52%"
"24.07.2006","28,70","28,42","28,75","28,30","14,71K","1,85%"
"21.07.2006","28,18","29,20","29,20","28,12","27,73K","-2,19%"
"20.07.2006","28,81","29,14","29,20","28,81","55,78K","-1,03%"
"19.07.2006","29,11","28,89","29,12","28,82","456,99K","1,50%"
"18.07.2006","28,68","28,93","28,93","28,68","10,18K","-0,38%"
"17.07.2006","28,79","28,20","28,90","28,20","19,38K","1,16%"
"14.07.2006","28,46","28,50","28,75","28,33","73,25K","-0,70%"
"13.07.2006","28,66","29,29","29,29","28,53","145,95K","-2,38%"
"12.07.2006","29,36","29,50","29,55","29,27","55,77K","1,24%"
"11.07.2006","29,00","29,50","29,50","28,99","103,70K","-2,19%"
"10.07.2006","29,65","29,62","29,77","29,50","54,67K","0,54%"
"07.07.2006","29,49","30,38","30,38","29,39","28,18K","-1,57%"
"06.07.2006","29,96","29,95","30,38","29,93","61,01K","-0,27%"
"05.07.2006","30,04","30,61","30,61","29,95","30,52K","-1,09%"
"04.07.2006","30,37","30,42","30,42","30,29","24,35K","0,36%"
"03.07.2006","30,26","30,06","30,45","30,06","16,59K","-0,33%"
"30.06.2006","30,36","30,41","30,73","30,32","58,15K","-0,26%"
"29.06.2006","30,44","30,00","30,45","30,00","10,45K","1,70%"
"28.06.2006","29,93","29,50","30,00","29,46","40,43K","-0,20%"
"27.06.2006","29,99","30,36","30,43","29,55","27,15K","-1,61%"
"26.06.2006","30,48","30,45","30,55","30,29","4,90K","0,56%"
"23.06.2006","30,31","30,26","30,60","30,26","35,68K","-0,95%"
"22.06.2006","30,60","30,80","30,81","30,40","11,50K","0,92%"
"21.06.2006","30,32","30,44","30,70","30,08","49,13K","0,43%"
"20.06.2006","30,19","30,95","30,95","30,14","21,56K","-1,44%"
"19.06.2006","30,63","30,22","30,68","30,22","196,66K","0,79%"
"16.06.2006","30,39","30,30","30,65","30,30","35,97K","0,80%"
"15.06.2006","30,15","29,82","30,30","29,82","19,71K","1,69%"
"14.06.2006","29,65","29,50","29,83","29,41","43,51K","-0,30%"
"13.06.2006","29,74","29,65","29,91","29,51","118,65K","-1,65%"
"12.06.2006","30,24","30,61","30,61","29,99","38,33K","-0,82%"
"09.06.2006","30,49","29,65","30,57","29,65","13,26K","1,36%"
"08.06.2006","30,08","30,45","30,45","29,76","26,85K","-1,22%"
"07.06.2006","30,45","30,00","30,53","30,00","35,25K","1,13%"
"06.06.2006","30,11","30,32","30,33","30,01","41,72K","-1,18%"
"05.06.2006","30,47","30,63","30,63","30,39","6,47K","-0,88%"
"02.06.2006","30,74","30,81","31,17","30,69","5,65K","0,62%"
"01.06.2006","30,55","30,15","30,72","30,15","11,40K","0,93%"
"31.05.2006","30,27","30,02","30,36","29,80","19,05K","0,00%"
"30.05.2006","30,27","30,75","30,75","30,10","18,16K","-1,91%"
"29.05.2006","30,86","31,00","31,00","30,84","6,90K","-0,32%"
"26.05.2006","30,96","30,95","31,00","30,62","57,13K","1,21%"
"25.05.2006","30,59","30,57","30,75","30,28","56,49K","0,36%"
"24.05.2006","30,48","30,31","30,59","29,63","65,65K","-0,39%"
"23.05.2006","30,60","30,23","30,75","30,22","48,47K","1,29%"
"22.05.2006","30,21","31,00","31,00","30,14","61,70K","-1,37%"
"19.05.2006","30,63","30,69","30,94","30,46","18,95K","-0,68%"
"18.05.2006","30,84","30,91","31,00","30,62","92,56K","0,39%"
"17.05.2006","30,72","31,10","31,10","30,60","44,75K","-1,57%"
"16.05.2006","31,21","31,25","31,31","31,00","21,83K","-0,32%"
"15.05.2006","31,31","31,20","31,35","30,88","80,99K","0,03%"
"12.05.2006","31,30","31,70","31,70","31,13","134,36K","-1,63%"
"11.05.2006","31,82","32,67","32,83","31,81","59,64K","-2,48%"
"10.05.2006","32,63","32,87","32,92","32,63","37,77K","-1,21%"
"09.05.2006","33,03","32,90","33,21","32,81","64,38K","-0,18%"
"08.05.2006","33,09","32,86","33,19","32,85","36,74K","0,52%"
"05.05.2006","32,92","33,04","33,06","32,82","40,14K","-0,15%"
"04.05.2006","32,97","32,79","33,08","32,79","197,08K","0,24%"
"03.05.2006","32,89","32,80","33,00","32,74","37,98K","-0,12%"
"02.05.2006","32,93","33,50","33,50","32,80","89,01K","-1,44%"
"28.04.2006","33,41","33,50","33,62","33,25","36,20K","0,03%"
"27.04.2006","33,40","33,95","33,95","33,23","91,49K","-1,10%"
"26.04.2006","33,77","33,74","33,87","33,63","24,99K","0,09%"
"25.04.2006","33,74","33,72","33,98","33,70","9,90K","-0,21%"
"24.04.2006","33,81","34,68","34,80","33,72","42,38K","-1,77%"
"21.04.2006","34,42","34,69","34,73","34,25","30,67K","-0,43%"
"20.04.2006","34,57","34,49","34,71","34,44","25,70K","0,44%"
"19.04.2006","34,42","34,10","34,67","34,10","103,11K","1,12%"
"18.04.2006","34,04","35,12","35,12","33,88","44,14K","-1,99%"
"13.04.2006","34,73","34,88","34,94","34,58","31,21K","0,17%"
"12.04.2006","34,67","34,51","34,79","34,45","27,68K","0,41%"
"11.04.2006","34,53","34,88","35,10","34,49","87,99K","-1,37%"
"10.04.2006","35,01","35,07","35,08","34,93","15,34K","-0,37%"
"07.04.2006","35,14","35,00","35,40","35,00","76,90K","0,72%"
"06.04.2006","34,89","34,68","34,98","34,52","50,64K","1,13%"
"05.04.2006","34,50","34,36","34,55","34,34","35,35K","0,44%"
"04.04.2006","34,35","34,77","34,77","34,16","85,56K","-1,55%"
"03.04.2006","34,89","34,92","35,03","34,83","67,23K","0,29%"
"31.03.2006","34,79","34,90","34,92","34,62","134,44K","0,00%"
"30.03.2006","34,79","34,65","34,82","34,60","172,44K","1,28%"
"29.03.2006","34,35","34,62","34,62","34,27","93,05K","0,12%"
"28.03.2006","34,31","34,37","34,37","34,13","12,79K","-0,41%"
"27.03.2006","34,45","34,01","34,50","34,01","29,47K","-0,20%"
"24.03.2006","34,52","34,30","34,56","34,30","60,45K","1,14%"
"23.03.2006","34,13","34,03","34,22","33,96","13,28K","0,59%"
"22.03.2006","33,93","33,95","34,05","33,75","60,82K","-0,91%"
"21.03.2006","34,24","33,95","34,35","33,95","38,96K","0,44%"
"20.03.2006","34,09","34,00","34,25","33,97","22,58K","0,32%"
"17.03.2006","33,98","34,12","34,13","33,91","86,50K","-1,13%"
"16.03.2006","34,37","34,51","34,59","34,23","31,22K","-0,23%"
"15.03.2006","34,45","34,30","34,64","34,30","45,75K","1,23%"
"14.03.2006","34,03","34,00","34,28","33,89","66,49K","-0,56%"
"13.03.2006","34,22","33,95","34,33","33,95","33,14K","0,15%"
"10.03.2006","34,17","34,58","34,58","33,88","65,73K","-0,73%"
"09.03.2006","34,42","34,33","34,54","34,27","12,92K","0,70%"
"08.03.2006","34,18","34,46","34,47","34,10","18,33K","-1,07%"
"07.03.2006","34,55","34,45","34,56","34,32","87,06K","-0,14%"
"06.03.2006","34,60","34,53","34,70","34,41","79,03K","-0,09%"
"03.03.2006","34,63","34,99","34,99","34,38","196,78K","-0,63%"
"02.03.2006","34,85","34,94","35,00","34,64","36,46K","0,35%"
"01.03.2006","34,73","34,55","34,77","34,43","27,52K","0,67%"
"28.02.2006","34,50","35,29","35,30","34,45","81,81K","-2,02%"
"27.02.2006","35,21","34,76","35,28","34,76","94,08K","1,76%"
"24.02.2006","34,60","34,74","34,74","34,53","16,56K","-0,20%"
"23.02.2006","34,67","34,60","34,74","34,40","59,14K","0,58%"
"22.02.2006","34,47","35,00","35,00","34,21","24,01K","0,20%"
"21.02.2006","34,40","34,55","34,76","34,29","70,26K","-0,15%"
"20.02.2006","34,45","34,77","34,77","34,40","42,44K","-0,58%"
"17.02.2006","34,65","34,90","35,07","34,61","73,39K","-0,43%"
"16.02.2006","34,80","34,67","34,89","34,67","41,08K","0,87%"
"15.02.2006","34,50","34,27","34,65","34,22","56,99K","0,70%"
"14.02.2006","34,26","34,12","34,35","34,12","33,55K","0,38%"
"13.02.2006","34,13","33,67","34,35","33,67","31,22K","0,38%"
"10.02.2006","34,00","34,39","34,39","33,70","69,65K","-1,51%"
"09.02.2006","34,52","33,80","34,64","33,80","95,77K","1,05%"
"08.02.2006","34,16","34,34","34,35","33,87","31,39K","0,32%"
"07.02.2006","34,05","34,40","34,40","33,89","120,77K","0,03%"
"06.02.2006","34,04","34,57","34,70","33,94","61,64K","0,00%"
"03.02.2006","34,04","34,20","34,37","33,97","67,26K","-0,99%"
"02.02.2006","34,38","34,65","34,90","34,27","58,52K","-0,58%"
"01.02.2006","34,58","34,40","34,69","34,02","78,43K","0,14%"
"31.01.2006","34,53","34,82","34,89","34,40","104,43K","-0,83%"
"30.01.2006","34,82","34,76","34,90","34,66","139,40K","0,46%"
"27.01.2006","34,66","34,15","34,71","34,00","141,73K","2,51%"
"26.01.2006","33,81","33,64","34,03","33,64","70,08K","0,30%"
"25.01.2006","33,71","33,84","34,00","33,56","122,80K","-0,03%"
"24.01.2006","33,72","33,70","33,95","33,54","110,92K","0,45%"
"23.01.2006","33,57","34,61","34,61","33,46","462,94K","-3,42%"
"20.01.2006","34,76","35,00","35,29","34,66","56,21K","-0,94%"
"19.01.2006","35,09","35,14","35,26","34,90","88,55K","0,66%"
"18.01.2006","34,86","35,40","35,46","34,52","395,37K","-1,69%"
"17.01.2006","35,46","35,69","35,69","35,23","93,88K","-0,25%"
"16.01.2006","35,55","35,54","35,62","35,37","88,51K","-0,28%"
"13.01.2006","35,65","35,40","36,10","35,40","164,68K","-0,72%"
"12.01.2006","35,91","36,25","36,36","35,61","178,34K","0,64%"
"11.01.2006","35,68","35,60","36,25","35,45","424,90K","0,62%"
"10.01.2006","35,46","35,48","35,50","35,22","87,46K","0,08%"
"09.01.2006","35,43","35,00","35,48","35,00","73,37K","1,84%"
"06.01.2006","34,79","34,76","34,96","34,72","61,34K","0,23%"
"05.01.2006","34,71","34,56","34,76","34,48","44,64K","0,64%"
"04.01.2006","34,49","34,37","34,55","34,12","164,35K","2,22%"
"03.01.2006","33,74","34,18","34,39","33,66","419,07K","-1,63%"
"02.01.2006","34,30","34,15","34,35","34,10","42,38K","-0,06%"
"30.12.2005","34,32","34,50","34,53","34,26","20,47K","-1,21%"
"29.12.2005","34,74","34,75","34,80","34,58","46,91K","0,96%"
"28.12.2005","34,41","34,85","35,25","34,34","144,29K","-1,97%"
"27.12.2005","35,10","35,13","35,22","35,00","37,37K","0,14%"
"23.12.2005","35,05","35,04","35,18","34,85","73,11K","0,98%"
"22.12.2005","34,71","34,84","34,85","34,58","78,12K","-0,72%"
"21.12.2005","34,96","34,44","35,15","34,44","164,84K","1,54%"
"20.12.2005","34,43","34,50","34,55","34,15","126,78K","-0,78%"
"19.12.2005","34,70","34,70","35,00","34,55","53,08K","-0,46%"
"16.12.2005","34,86","34,86","35,14","34,83","54,11K","-0,54%"
"15.12.2005","35,05","35,05","35,28","34,85","59,42K","0,72%"
"14.12.2005","34,80","34,80","35,37","34,80","133,01K","-0,97%"
"13.12.2005","35,14","35,14","35,45","35,13","283,06K","-0,03%"
"12.12.2005","35,15","35,15","36,00","35,12","253,42K","-0,59%"
"09.12.2005","35,36","35,36","35,63","35,30","32,62K","-0,98%"
"08.12.2005","35,71","35,71","35,90","35,60","31,78K","-0,81%"
"07.12.2005","36,00","36,00","36,19","35,90","44,96K","-0,14%"
"06.12.2005","36,05","36,05","36,20","35,70","204,54K","1,18%"
"05.12.2005","35,63","35,63","36,33","35,61","97,68K","-1,60%"
"02.12.2005","36,21","36,21","36,29","35,92","145,41K","1,06%"
"01.12.2005","35,83","35,83","35,98","35,24","110,49K","1,53%"
"30.11.2005","35,29","35,29","35,98","35,10","87,88K","-0,62%"
"29.11.2005","35,51","35,51","36,20","35,30","41,95K","-0,25%"
"28.11.2005","35,60","35,60","36,18","35,45","208,22K","-0,31%"
"25.11.2005","35,71","35,71","35,87","35,60","129,73K","0,11%"
"24.11.2005","35,67","35,67","35,87","35,45","203,84K","-0,06%"
"23.11.2005","35,69","35,69","35,75","35,31","163,27K","0,54%"
"22.11.2005","35,50","35,50","35,68","35,40","119,07K","0,11%"
"21.11.2005","35,46","35,46","35,60","35,10","88,11K","0,11%"
"18.11.2005","35,42","35,42","35,79","35,28","103,53K","1,03%"
"17.11.2005","35,06","35,06","35,27","35,01","70,72K","0,34%"
"16.11.2005","34,94","34,94","35,11","34,73","101,05K","-0,40%"
"15.11.2005","35,08","35,08","35,20","34,95","26,47K","0,03%"
"14.11.2005","35,07","35,07","35,18","34,80","46,47K","-0,09%"
"11.11.2005","35,10","35,10","35,17","34,43","60,54K","2,36%"
"10.11.2005","34,29","34,29","34,53","34,16","63,84K","-0,17%"
"09.11.2005","34,35","34,35","34,51","34,25","31,67K","0,29%"
"08.11.2005","34,25","34,25","35,00","34,18","174,92K","0,44%"
"07.11.2005","34,10","34,10","34,60","33,92","262,35K","0,83%"
"04.11.2005","33,82","33,82","33,87","33,01","157,04K","1,56%"
"03.11.2005","33,30","33,30","33,34","32,67","95,97K","2,02%"
"02.11.2005","32,64","32,64","32,67","32,31","92,99K","0,52%"
"01.11.2005","32,47","32,47","32,64","32,40","30,53K","-0,18%"
"31.10.2005","32,53","32,53","32,60","31,87","28,86K","3,40%"
"28.10.2005","31,46","31,46","31,70","31,34","20,78K","-1,19%"
"27.10.2005","31,84","31,84","32,17","31,73","41,78K","-2,15%"
"26.10.2005","32,54","32,54","32,60","32,34","143,38K","0,43%"
"25.10.2005","32,40","32,40","32,80","32,33","25,13K","0,47%"
"24.10.2005","32,25","32,25","32,52","32,23","18,19K","-0,03%"
"21.10.2005","32,26","32,26","32,30","31,98","104,93K","-0,12%"
"20.10.2005","32,30","32,30","32,50","31,99","62,30K","1,92%"
"19.10.2005","31,69","31,69","31,90","31,50","54,03K","-0,94%"
"18.10.2005","31,99","31,99","32,10","31,92","28,39K","1,01%"
"17.10.2005","31,67","31,67","31,80","31,51","57,85K","0,92%"
"14.10.2005","31,38","31,38","31,72","31,20","25,76K","-0,32%"
"13.10.2005","31,48","31,48","31,64","31,28","29,81K","0,16%"
"12.10.2005","31,43","31,43","31,67","31,33","65,13K","-1,16%"
"11.10.2005","31,80","31,80","31,89","31,67","24,23K","-0,06%"
"10.10.2005","31,82","31,82","31,92","31,60","19,71K","0,25%"
"07.10.2005","31,74","31,74","31,88","31,56","46,31K","-0,72%"
"06.10.2005","31,97","31,97","33,34","31,85","81,35K","-2,56%"
"05.10.2005","32,81","32,81","33,56","32,67","130,40K","-1,68%"
"04.10.2005","33,37","33,37","33,50","33,20","60,34K","0,15%"
"03.10.2005","33,32","33,32","33,41","32,80","82,83K","1,80%"
"30.09.2005","32,73","32,73","32,79","32,40","49,09K","1,58%"
"29.09.2005","32,22","32,22","32,48","32,03","20,97K","-0,46%"
"28.09.2005","32,37","32,37","32,50","32,29","63,29K","0,28%"
"27.09.2005","32,28","32,28","32,45","32,25","216,21K","-0,62%"
"26.09.2005","32,48","32,48","32,53","32,20","53,86K","1,53%"
"23.09.2005","31,99","31,99","32,08","31,79","29,60K","0,72%"
"22.09.2005","31,76","31,76","31,90","31,49","58,26K","-0,03%"
"21.09.2005","31,77","31,77","32,35","31,66","65,22K","-2,43%"
"20.09.2005","32,56","32,56","32,59","32,33","65,54K","0,62%"
"19.09.2005","32,36","32,36","32,58","30,66","58,89K","0,59%"
"16.09.2005","32,17","32,17","32,26","31,98","32,89K","0,06%"
"15.09.2005","32,15","32,15","32,31","32,01","37,59K","-0,22%"
"14.09.2005","32,22","32,22","32,50","32,17","10,32K","-0,49%"
"13.09.2005","32,38","32,38","32,46","32,29","129,46K","-0,22%"
"12.09.2005","32,45","32,45","32,49","32,00","70,15K","1,76%"
"09.09.2005","31,89","31,89","32,00","31,76","20,42K","-0,22%"
"08.09.2005","31,96","31,96","32,02","31,66","27,08K","0,72%"
"07.09.2005","31,73","31,73","31,77","31,53","14,24K","0,57%"
"06.09.2005","31,55","31,55","31,65","31,25","29,47K","1,15%"
"05.09.2005","31,19","31,19","31,33","31,06","7,19K","-0,16%"
"02.09.2005","31,24","31,24","31,33","31,05","48,11K","-0,22%"
"01.09.2005","31,31","31,31","32,10","31,30","70,44K","-0,60%"
"31.08.2005","31,50","31,50","31,85","31,38","37,90K","0,16%"
"30.08.2005","31,45","31,45","31,85","31,45","17,25K","0,13%"
"29.08.2005","31,41","31,41","31,50","31,01","13,75K","0,67%"
"26.08.2005","31,20","31,20","31,51","31,18","13,02K","-1,05%"
"25.08.2005","31,53","31,53","31,60","31,35","22,83K","-1,35%"
"24.08.2005","31,96","31,96","32,00","31,58","11,87K","0,25%"
"23.08.2005","31,88","31,88","31,96","31,74","35,75K","-0,47%"
"22.08.2005","32,03","32,03","32,10","31,87","12,26K","-0,19%"
"19.08.2005","32,09","32,09","32,15","32,00","21,72K","0,28%"
"18.08.2005","32,00","32,00","32,05","31,65","125,26K","0,85%"
"17.08.2005","31,73","31,73","31,79","31,60","47,62K","-0,53%"
"16.08.2005","31,90","31,90","32,06","31,72","28,75K","1,43%"
"12.08.2005","31,45","31,45","31,68","31,41","12,81K","-0,85%"
"11.08.2005","31,72","31,72","31,81","31,46","71,58K","-1,00%"
"10.08.2005","32,04","32,04","32,11","31,93","93,57K","0,06%"
"09.08.2005","32,02","32,02","32,06","31,74","50,50K","0,16%"
"08.08.2005","31,97","31,97","32,14","31,87","14,97K","-0,25%"
"05.08.2005","32,05","32,05","32,31","32,00","65,78K","-0,77%"
"04.08.2005","32,30","32,30","32,56","32,20","39,25K","-0,62%"
"03.08.2005","32,50","32,50","32,86","32,36","24,02K","-0,94%"
"02.08.2005","32,81","32,81","32,86","32,45","74,63K","0,98%"
"01.08.2005","32,49","32,49","33,15","32,40","26,22K","-0,98%"
"29.07.2005","32,81","32,81","33,13","32,67","43,08K","-0,39%"
"28.07.2005","32,94","32,94","33,00","32,73","19,91K","0,64%"
"27.07.2005","32,73","32,73","32,99","32,65","43,19K","0,03%"
"26.07.2005","32,72","32,72","32,96","32,65","20,75K","-0,03%"
"25.07.2005","32,73","32,73","32,87","32,63","80,68K","0,71%"
"22.07.2005","32,50","32,50","32,63","32,26","26,77K","0,28%"
"21.07.2005","32,41","32,41","32,70","32,31","35,22K","-0,40%"
"20.07.2005","32,54","32,54","32,56","32,23","125,58K","-0,18%"
"19.07.2005","32,60","32,60","32,66","31,81","22,62K","1,24%"
"18.07.2005","32,20","32,20","32,26","32,06","61,05K","0,28%"
"15.07.2005","32,11","32,11","32,30","31,88","14,13K","0,38%"
"14.07.2005","31,99","31,99","32,13","31,78","75,50K","0,95%"
"13.07.2005","31,69","31,69","31,77","31,36","191,50K","1,28%"
"12.07.2005","31,29","31,29","31,65","31,25","65,65K","-0,76%"
"11.07.2005","31,53","31,53","31,64","31,30","100,42K","1,12%"
"08.07.2005","31,18","31,18","31,30","30,90","36,65K","1,63%"
"07.07.2005","30,68","30,68","30,96","29,89","122,36K","-1,45%"
"06.07.2005","31,13","31,13","31,17","31,00","31,82K","0,06%"
"05.07.2005","31,11","31,11","31,12","30,67","39,13K","0,91%"
"04.07.2005","30,83","30,83","30,98","30,71","10,49K","0,62%"
"01.07.2005","30,64","30,64","30,86","30,52","27,11K","-0,20%"
"30.06.2005","30,70","30,70","30,83","30,63","6,40K","-0,52%"
"29.06.2005","30,86","30,86","30,99","30,70","20,42K","0,69%"
"28.06.2005","30,65","30,65","30,72","30,50","105,46K","0,79%"
"27.06.2005","30,41","30,41","30,70","30,32","85,92K","-1,30%"
"24.06.2005","30,81","30,81","31,93","30,77","38,66K","-2,44%"
"23.06.2005","31,58","31,58","31,90","31,33","53,30K","0,67%"
"22.06.2005","31,37","31,37","31,50","31,10","155,47K","0,00%"
"21.06.2005","31,37","31,37","31,45","31,18","64,61K","0,67%"
"20.06.2005","31,16","31,16","31,24","30,78","72,07K","0,78%"
"17.06.2005","30,92","30,92","31,36","30,81","37,56K","-1,34%"
"16.06.2005","31,34","31,34","31,44","31,00","36,77K","1,49%"
"15.06.2005","30,88","30,88","31,45","30,80","104,95K","-1,31%"
"14.06.2005","31,29","31,29","31,40","31,04","20,92K","-0,64%"
"13.06.2005","31,49","31,49","31,50","31,01","20,61K","1,78%"
"10.06.2005","30,94","30,94","31,12","30,92","113,40K","0,45%"
"09.06.2005","30,80","30,80","30,87","30,69","51,16K","0,49%"
"08.06.2005","30,65","30,65","30,80","30,53","160,50K","-1,32%"
"07.06.2005","31,06","31,06","31,19","30,90","122,74K","0,49%"
"06.06.2005","30,91","30,91","31,13","30,85","49,42K","-0,87%"
"03.06.2005","31,18","31,18","31,53","31,12","50,89K","-0,16%"
"02.06.2005","31,23","31,23","31,58","31,16","13,93K","-0,67%"
"01.06.2005","31,44","31,44","31,50","30,80","65,88K","2,08%"
"31.05.2005","30,80","30,80","30,93","30,63","64,91K","0,52%"
"30.05.2005","30,64","30,64","30,67","30,35","60,47K","1,16%"
"27.05.2005","30,29","30,29","30,51","30,10","92,35K","-0,30%"
"26.05.2005","30,38","30,38","30,51","29,90","106,17K","1,37%"
"25.05.2005","29,97","29,97","30,11","29,65","141,24K","-0,37%"
"24.05.2005","30,08","30,08","30,11","29,88","51,44K","0,33%"
"23.05.2005","29,98","29,98","30,06","29,25","72,13K","0,44%"
"20.05.2005","29,85","29,85","29,93","29,21","89,85K","0,78%"
"19.05.2005","29,62","29,62","29,64","29,29","166,25K","1,37%"
"18.05.2005","29,22","29,22","29,25","28,89","187,51K","1,74%"
"17.05.2005","28,72","28,72","28,86","28,68","183,09K","-0,42%"
"16.05.2005","28,84","28,84","28,85","28,55","162,71K","0,56%"
"13.05.2005","28,68","28,68","28,75","28,30","39,45K","1,24%"
"12.05.2005","28,33","28,33","28,49","28,06","149,58K","2,35%"
"11.05.2005","27,68","27,68","28,06","27,62","54,80K","-0,61%"
"10.05.2005","27,85","27,85","28,07","27,80","117,91K","0,04%"
"09.05.2005","27,84","27,84","28,05","27,75","20,00K","-0,32%"
"06.05.2005","27,93","27,93","28,02","27,60","122,53K","1,05%"
"05.05.2005","27,64","27,64","27,73","27,50","589,32K","1,06%"
"04.05.2005","27,35","27,35","27,45","27,22","11,83K","0,00%"
"03.05.2005","27,35","27,35","27,37","27,21","3,65K","-0,04%"
"02.05.2005","27,36","27,36","27,46","27,21","40,64K","2,32%"
"29.04.2005","26,74","26,74","27,29","26,63","29,61K","-1,44%"
"28.04.2005","27,13","27,13","27,18","27,00","11,99K","0,97%"
"27.04.2005","26,87","26,87","27,20","26,80","11,54K","-2,26%"
"26.04.2005","27,49","27,49","27,52","27,10","11,70K","0,88%"
"25.04.2005","27,25","27,25","27,30","27,00","3,98K","0,93%"
"22.04.2005","27,00","27,00","27,25","26,96","18,94K","0,75%"
"21.04.2005","26,80","26,80","26,95","26,64","45,75K","-0,59%"
"20.04.2005","26,96","26,96","27,16","26,80","56,52K","0,86%"
"19.04.2005","26,73","26,73","26,98","26,67","52,19K","-0,19%"
"18.04.2005","26,78","26,78","27,39","26,55","69,12K","-1,80%"
"15.04.2005","27,27","27,27","27,85","27,16","73,48K","-2,61%"
"14.04.2005","28,00","28,00","28,21","27,85","24,91K","-0,71%"
"13.04.2005","28,20","28,20","28,42","28,17","34,15K","0,32%"
"12.04.2005","28,11","28,11","28,23","28,04","36,76K","-0,21%"
"11.04.2005","28,17","28,17","28,51","28,12","44,67K","-2,26%"
"08.04.2005","28,82","28,82","28,90","28,64","40,65K","1,26%"
"07.04.2005","28,46","28,46","28,47","28,21","8,42K","-0,66%"
"06.04.2005","28,65","28,65","28,66","28,35","11,74K","0,67%"
"05.04.2005","28,46","28,46","28,53","28,36","41,26K","0,96%"
"04.04.2005","28,19","28,19","28,20","28,06","16,96K","-0,81%"
"01.04.2005","28,42","28,42","28,45","28,20","37,89K","0,85%"
"31.03.2005","28,18","28,18","28,40","28,12","19,30K","0,36%"
"30.03.2005","28,08","28,08","28,13","27,92","31,85K","-0,21%"
"29.03.2005","28,14","28,14","28,23","27,78","21,14K","0,04%"
"24.03.2005","28,13","28,13","28,20","27,91","33,53K","0,90%"
"23.03.2005","27,88","27,88","27,93","27,60","28,94K","0,36%"
"22.03.2005","27,78","27,78","27,91","27,64","5,41K","0,76%"
"21.03.2005","27,57","27,57","27,75","27,51","11,13K","-0,11%"
"18.03.2005","27,60","27,60","27,70","27,50","32,23K","0,58%"
"17.03.2005","27,44","27,44","27,57","27,26","19,71K","0,40%"
"16.03.2005","27,33","27,33","27,86","27,30","256,83K","-2,32%"
"15.03.2005","27,98","27,98","28,08","27,81","41,37K","0,58%"
"14.03.2005","27,82","27,82","27,90","27,68","9,16K","0,11%"
"11.03.2005","27,79","27,79","28,14","27,65","42,70K","0,25%"
"10.03.2005","27,72","27,72","28,04","27,64","25,58K","-1,95%"
"09.03.2005","28,27","28,27","28,63","28,10","46,35K","-0,21%"
"08.03.2005","28,33","28,33","28,72","28,33","23,77K","-2,04%"
"07.03.2005","28,92","28,92","28,95","28,40","40,64K","1,94%"
"04.03.2005","28,37","28,37","28,65","28,30","117,13K","-0,70%"
"03.03.2005","28,57","28,57","28,71","28,45","28,96K","-0,66%"
"02.03.2005","28,76","28,76","28,92","28,22","24,42K","1,20%"
"01.03.2005","28,42","28,42","28,50","28,00","53,69K","0,74%"
"28.02.2005","28,21","28,21","28,66","28,00","22,09K","-0,32%"
"25.02.2005","28,30","28,30","28,50","27,90","136,94K","1,32%"
"24.02.2005","27,93","27,93","28,10","27,74","65,47K","0,04%"
"23.02.2005","27,92","27,92","28,12","27,80","66,66K","-1,31%"
"22.02.2005","28,29","28,29","28,45","27,97","81,54K","-0,88%"
"21.02.2005","28,54","28,54","28,75","28,46","41,64K","-0,49%"
"18.02.2005","28,68","28,68","28,88","28,63","16,42K","-0,55%"
"17.02.2005","28,84","28,84","29,52","28,78","77,59K","-1,64%"
"16.02.2005","29,32","29,32","29,38","29,01","89,86K","-0,91%"
"15.02.2005","29,59","29,59","29,63","29,09","80,26K","1,44%"
"14.02.2005","29,17","29,17","29,24","29,01","27,07K","0,10%"
"11.02.2005","29,14","29,14","29,15","28,69","36,62K","1,78%"
"10.02.2005","28,63","28,63","29,18","28,56","53,62K","-1,85%"
"09.02.2005","29,17","29,17","29,65","29,10","24,22K","-1,78%"
"08.02.2005","29,70","29,70","29,75","29,38","74,32K","1,02%"
"07.02.2005","29,40","29,40","29,50","29,10","60,01K","1,34%"
"04.02.2005","29,01","29,01","29,05","28,48","58,54K","1,12%"
"03.02.2005","28,69","28,69","28,95","28,59","32,37K","-0,42%"
"02.02.2005","28,81","28,81","28,96","28,69","46,74K","-0,17%"
"01.02.2005","28,86","28,86","28,90","28,70","10,01K","0,45%"
"31.01.2005","28,73","28,73","28,77","28,30","72,74K","1,63%"
"28.01.2005","28,27","28,27","28,60","28,20","13,70K","-0,70%"
"27.01.2005","28,47","28,47","28,59","28,26","16,09K","0,78%"
"26.01.2005","28,25","28,25","28,73","28,24","19,99K","-1,19%"
"25.01.2005","28,59","28,59","28,64","28,14","68,01K","0,85%"
"24.01.2005","28,35","28,35","28,60","28,23","88,95K","-1,25%"
"21.01.2005","28,71","28,71","28,95","28,68","26,02K","-0,97%"
"20.01.2005","28,99","28,99","29,31","28,93","57,11K","-1,73%"
"19.01.2005","29,50","29,50","29,61","29,40","75,82K","-0,24%"
"18.01.2005","29,57","29,57","29,65","29,26","23,15K","0,51%"
"17.01.2005","29,42","29,42","29,50","29,27","59,40K","0,38%"
"14.01.2005","29,31","29,31","29,35","28,97","35,64K","0,65%"
"13.01.2005","29,12","29,12","29,26","29,05","82,94K","1,64%"
"12.01.2005","28,65","28,65","29,41","28,60","97,30K","-1,68%"
"11.01.2005","29,14","29,14","29,60","29,09","97,21K","-1,09%"
"10.01.2005","29,46","29,46","29,60","29,28","32,13K","0,27%"
"07.01.2005","29,38","29,38","29,44","29,00","19,02K","0,55%"
"06.01.2005","29,22","29,22","29,30","29,13","9,19K","0,31%"
"05.01.2005","29,13","29,13","29,50","29,01","61,52K","-1,45%"
"04.01.2005","29,56","29,56","29,73","29,47","79,86K","0,48%"
"03.01.2005","29,42","29,42","29,90","29,35","162,05K","0,07%"
"30.12.2004","29,40","29,40","29,60","29,40","7,74K","-0,37%"
"29.12.2004","29,51","29,51","29,59","29,30","7,30K","0,48%"
"28.12.2004","29,37","29,37","29,47","29,00","12,12K","0,34%"
"27.12.2004","29,27","29,27","29,88","29,00","25,31K","-0,78%"
"23.12.2004","29,50","29,50","29,62","29,38","46,78K","-1,07%"
"22.12.2004","29,82","29,82","29,86","29,56","19,36K","1,12%"
"21.12.2004","29,49","29,49","29,84","29,38","82,86K","0,07%"
"20.12.2004","29,47","29,47","30,10","29,46","23,35K","-1,41%"
"17.12.2004","29,89","29,89","30,30","29,70","146,15K","-1,39%"
"16.12.2004","30,31","30,31","30,33","29,94","20,23K","0,93%"
"15.12.2004","30,03","30,03","30,36","29,95","60,60K","-0,89%"
"14.12.2004","30,30","30,30","30,32","30,12","36,69K","0,30%"
"13.12.2004","30,21","30,21","30,29","30,01","33,84K","0,20%"
"10.12.2004","30,15","30,15","30,26","29,90","130,61K","1,96%"
"09.12.2004","29,57","29,57","29,98","29,51","32,05K","-1,10%"
"08.12.2004","29,90","29,90","29,90","29,69","5,49K","-0,60%"
"07.12.2004","30,08","30,08","30,14","29,80","71,85K","1,01%"
"06.12.2004","29,78","29,78","30,00","29,69","24,73K","-1,19%"
"03.12.2004","30,14","30,14","30,50","29,99","66,05K","-0,76%"
"02.12.2004","30,37","30,37","30,40","29,76","62,47K","1,91%"
"01.12.2004","29,80","29,80","29,86","29,35","269,29K","1,02%"
"30.11.2004","29,50","29,50","29,59","29,36","112,83K","-0,61%"
"29.11.2004","29,68","29,68","29,92","29,50","58,56K","-0,07%"
"26.11.2004","29,70","29,70","29,91","29,62","17,66K","-0,64%"
"25.11.2004","29,89","29,89","29,90","29,50","14,12K","0,54%"
"24.11.2004","29,73","29,73","29,81","29,61","47,56K","0,44%"
"23.11.2004","29,60","29,60","29,99","29,44","54,49K","0,27%"
"22.11.2004","29,52","29,52","29,60","29,41","50,04K","-1,17%"
"19.11.2004","29,87","29,87","30,22","29,70","67,42K","-0,83%"
"18.11.2004","30,12","30,12","30,15","29,78","30,91K","0,23%"
"17.11.2004","30,05","30,05","30,08","29,41","107,04K","1,38%"
"16.11.2004","29,64","29,64","29,88","29,50","411,30K","-0,77%"
"15.11.2004","29,87","29,87","29,92","29,71","22,39K","0,54%"
"12.11.2004","29,71","29,71","29,78","29,52","211,00K","1,02%"
"11.11.2004","29,41","29,41","29,54","29,12","29,32K","0,55%"
"10.11.2004","29,25","29,25","29,47","29,22","64,10K","-0,31%"
"09.11.2004","29,34","29,34","29,47","29,24","33,71K","0,07%"
"08.11.2004","29,32","29,32","29,43","29,12","18,83K","-0,37%"
"05.11.2004","29,43","29,43","29,77","29,18","105,61K","1,94%"
"04.11.2004","28,87","28,87","29,44","28,81","37,66K","-1,94%"
"03.11.2004","29,44","29,44","29,90","29,31","119,42K","-0,17%"
"02.11.2004","29,49","29,49","29,54","29,01","59,10K","0,99%"
"01.11.2004","29,20","29,20","29,20","28,85","5,19K","1,11%"
"29.10.2004","28,88","28,88","29,20","28,80","24,34K","0,03%"
"28.10.2004","28,87","28,87","28,99","28,34","52,16K","0,49%"
"27.10.2004","28,73","28,73","28,75","27,95","22,98K","2,94%"
"26.10.2004","27,91","27,91","28,49","27,64","21,26K","0,11%"
"25.10.2004","27,88","27,88","28,70","27,51","48,65K","-3,16%"
"22.10.2004","28,79","28,79","29,19","28,75","30,56K","-0,28%"
"21.10.2004","28,87","28,87","28,90","28,42","11,47K","1,26%"
"20.10.2004","28,51","28,51","28,63","28,31","21,67K","-1,99%"
"19.10.2004","29,09","29,09","29,25","28,89","74,56K","2,47%"
"18.10.2004","28,39","28,39","28,80","28,32","24,08K","-0,32%"
"15.10.2004","28,48","28,48","28,73","28,38","22,95K","-0,90%"
"14.10.2004","28,74","28,74","29,12","28,65","31,41K","-1,74%"
"13.10.2004","29,25","29,25","29,50","29,08","38,95K","1,39%"
"12.10.2004","28,85","28,85","29,00","28,63","19,28K","0,14%"
"11.10.2004","28,81","28,81","29,05","28,70","27,21K","-0,55%"
"08.10.2004","28,97","28,97","29,60","28,91","18,87K","-2,69%"
"07.10.2004","29,77","29,77","29,83","29,60","45,68K","1,02%"
"06.10.2004","29,47","29,47","29,69","29,30","22,32K","-0,07%"
"05.10.2004","29,49","29,49","29,75","29,22","54,67K","-0,97%"
"04.10.2004","29,78","29,78","29,82","29,09","48,12K","2,76%"
"01.10.2004","28,98","28,98","29,05","28,30","72,29K","2,40%"
"30.09.2004","28,30","28,30","28,60","28,20","18,41K","-0,35%"
"29.09.2004","28,40","28,40","28,42","28,00","13,50K","1,54%"
"28.09.2004","27,97","27,97","28,20","27,80","65,41K","-0,82%"
"27.09.2004","28,20","28,20","28,44","28,06","10,06K","-1,02%"
"24.09.2004","28,49","28,49","28,66","28,27","11,48K","0,14%"
"23.09.2004","28,45","28,45","28,75","28,31","106,09K","-0,80%"
"22.09.2004","28,68","28,68","29,05","28,58","26,28K","-1,04%"
"21.09.2004","28,98","28,98","29,40","28,93","12,31K","-0,96%"
"20.09.2004","29,26","29,26","29,38","28,94","68,06K","0,55%"
"17.09.2004","29,10","29,10","29,22","28,85","116,53K","-0,21%"
"16.09.2004","29,16","29,16","29,27","28,80","190,62K","0,59%"
"15.09.2004","28,99","28,99","29,12","28,94","67,74K","0,31%"
"14.09.2004","28,90","28,90","29,25","28,87","167,17K","-0,45%"
"13.09.2004","29,03","29,03","29,15","28,50","26,30K","2,54%"
"10.09.2004","28,31","28,31","28,44","28,03","10,25K","0,21%"
"09.09.2004","28,25","28,25","28,37","28,04","30,67K","-0,56%"
"08.09.2004","28,41","28,41","28,71","28,35","20,31K","-0,35%"
"07.09.2004","28,51","28,51","28,64","28,26","57,49K","0,28%"
"06.09.2004","28,43","28,43","28,58","28,00","7,64K","-0,32%"
"03.09.2004","28,52","28,52","28,61","28,23","70,06K","0,81%"
"02.09.2004","28,29","28,29","28,35","28,04","4,28K","0,25%"
"01.09.2004","28,22","28,22","28,29","27,90","18,34K","1,69%"
"31.08.2004","27,75","27,75","28,18","27,69","44,40K","-2,19%"
"30.08.2004","28,37","28,37","28,80","28,25","7,11K","-0,70%"
"27.08.2004","28,57","28,57","28,79","27,90","41,51K","0,35%"
"26.08.2004","28,47","28,47","28,62","28,23","32,83K","0,99%"
"25.08.2004","28,19","28,19","28,28","28,12","7,33K","-0,18%"
"24.08.2004","28,24","28,24","28,35","27,92","62,03K","1,55%"
"23.08.2004","27,81","27,81","28,00","27,64","86,58K","1,35%"
"20.08.2004","27,44","27,44","27,50","27,15","18,69K","0,37%"
"19.08.2004","27,34","27,34","27,67","27,22","1,06M","0,51%"
"18.08.2004","27,20","27,20","27,37","26,85","39,35K","0,82%"
"17.08.2004","26,98","26,98","27,14","26,57","27,11K","1,35%"
"16.08.2004","26,62","26,62","27,00","26,19","101,20K","0,80%"
"13.08.2004","26,41","26,41","26,90","26,30","45,96K","-1,01%"
"12.08.2004","26,68","26,68","26,99","26,60","40,28K","-0,93%"
"11.08.2004","26,93","26,93","27,05","26,67","100,45K","0,37%"
"10.08.2004","26,83","26,83","27,19","26,73","108,61K","-0,11%"
"09.08.2004","26,86","26,86","27,23","26,70","70,30K","-1,10%"
"06.08.2004","27,16","27,16","28,30","27,10","88,83K","-5,03%"
"05.08.2004","28,60","28,60","28,68","28,44","67,63K","0,21%"
"04.08.2004","28,54","28,54","28,61","28,30","112,91K","-0,90%"
"03.08.2004","28,80","28,80","29,04","28,74","75,50K","0,14%"
"02.08.2004","28,76","28,76","29,00","28,65","18,97K","-0,48%"
"30.07.2004","28,90","28,90","29,10","28,60","58,82K","0,45%"
"29.07.2004","28,77","28,77","28,96","28,53","18,96K","1,52%"
"28.07.2004","28,34","28,34","28,77","28,20","43,77K","-0,11%"
"27.07.2004","28,37","28,37","28,40","27,80","15,49K","1,47%"
"26.07.2004","27,96","27,96","28,33","27,83","41,14K","-1,45%"
"23.07.2004","28,37","28,37","28,53","28,28","9,35K","1,29%"
"22.07.2004","28,01","28,01","28,52","27,91","93,04K","-3,18%"
"21.07.2004","28,93","28,93","29,03","28,50","70,61K","2,77%"
"20.07.2004","28,15","28,15","28,23","27,72","29,12K","0,64%"
"19.07.2004","27,97","27,97","28,69","27,93","91,11K","-0,71%"
"16.07.2004","28,17","28,17","28,84","28,10","43,41K","-1,05%"
"15.07.2004","28,47","28,47","28,97","28,40","3,73K","0,35%"
"14.07.2004","28,37","28,37","28,80","28,28","67,67K","-1,90%"
"13.07.2004","28,92","28,92","29,04","28,63","9,05K","1,40%"
"12.07.2004","28,52","28,52","29,00","28,41","15,56K","-1,11%"
"09.07.2004","28,84","28,84","29,05","28,81","22,25K","-0,31%"
"08.07.2004","28,93","28,93","29,01","28,80","24,73K","-0,99%"
"07.07.2004","29,22","29,22","29,62","29,10","34,24K","-0,65%"
"06.07.2004","29,41","29,41","30,00","29,40","25,43K","-2,03%"
"05.07.2004","30,02","30,02","30,08","29,91","15,54K","0,33%"
"02.07.2004","29,92","29,92","30,55","29,80","77,50K","-2,09%"
"01.07.2004","30,56","30,56","31,11","30,50","48,01K","-0,55%"
"30.06.2004","30,73","30,73","30,94","30,66","7,57K","0,39%"
"29.06.2004","30,61","30,61","30,80","30,45","19,57K","-0,23%"
"28.06.2004","30,68","30,68","30,95","30,63","29,10K","-0,20%"
"25.06.2004","30,74","30,74","30,77","30,43","9,25K","0,65%"
"24.06.2004","30,54","30,54","30,68","30,35","27,06K","0,96%"
"23.06.2004","30,25","30,25","30,32","29,98","19,80K","1,48%"
"22.06.2004","29,81","29,81","30,12","29,80","16,16K","-1,26%"
"21.06.2004","30,19","30,19","30,55","30,12","7,56K","-0,03%"
"18.06.2004","30,20","30,20","30,28","30,05","4,85K","-0,46%"
"17.06.2004","30,34","30,34","30,49","30,17","49,34K","-0,69%"
"16.06.2004","30,55","30,55","30,67","30,25","58,45K","0,43%"
"15.06.2004","30,42","30,42","30,61","30,16","72,80K","0,30%"
"14.06.2004","30,33","30,33","30,55","30,07","98,79K","-0,69%"
"11.06.2004","30,54","30,54","30,64","30,30","16,00K","0,36%"
"10.06.2004","30,43","30,43","30,50","30,22","50,18K","-0,10%"
"09.06.2004","30,46","30,46","30,50","30,10","22,13K","1,10%"
"08.06.2004","30,13","30,13","30,15","29,90","36,62K","1,93%"
"07.06.2004","29,56","29,56","29,90","29,55","41,09K","-0,40%"
"04.06.2004","29,68","29,68","29,75","29,50","16,34K","0,61%"
"03.06.2004","29,50","29,50","29,67","29,50","8,03K","0,07%"
"02.06.2004","29,48","29,48","29,85","29,48","29,48K","-0,87%"
"01.06.2004","29,74","29,74","29,92","29,50","10,41K","-0,50%"
"31.05.2004","29,89","29,89","29,90","29,40","14,11K","0,64%"
"28.05.2004","29,70","29,70","29,85","29,58","35,38K","0,68%"
"27.05.2004","29,50","29,50","29,81","29,46","26,28K","-0,84%"
"26.05.2004","29,75","29,75","29,75","28,70","26,59K","2,80%"
"25.05.2004","28,94","28,94","29,19","28,85","66,89K","-1,96%"
"24.05.2004","29,52","29,52","29,60","29,01","68,45K","1,62%"
"21.05.2004","29,05","29,05","29,25","28,91","106,38K","-0,38%"
"20.05.2004","29,16","29,16","29,40","29,00","17,74K","-0,85%"
"19.05.2004","29,41","29,41","29,53","29,15","17,62K","1,48%"
"18.05.2004","28,98","28,98","29,05","28,45","143,57K","1,61%"
"17.05.2004","28,52","28,52","29,15","28,30","65,85K","-3,32%"
"14.05.2004","29,50","29,50","29,90","29,17","83,66K","-0,87%"
"13.05.2004","29,76","29,76","29,77","29,13","25,13K","2,41%"
"12.05.2004","29,06","29,06","29,74","29,00","21,22K","-2,65%"
"11.05.2004","29,85","29,85","29,89","29,00","47,02K","2,75%"
"10.05.2004","29,05","29,05","29,40","29,01","91,81K","-2,02%"
"07.05.2004","29,65","29,65","29,81","29,06","27,88K","2,52%"
"06.05.2004","28,92","28,92","29,55","28,91","28,73K","-0,79%"
"05.05.2004","29,15","29,15","29,41","28,96","155,40K","-0,10%"
"04.05.2004","29,18","29,18","29,95","29,10","20,99K","-1,08%"
"03.05.2004","29,50","29,50","29,89","29,16","42,50K","-0,30%"
"30.04.2004","29,59","29,59","30,50","29,44","89,69K","-2,02%"
"29.04.2004","30,20","30,20","30,80","29,99","51,43K","-1,66%"
"28.04.2004","30,71","30,71","31,35","30,61","9,64K","-1,16%"
"27.04.2004","31,07","31,07","31,33","30,99","48,78K","-0,35%"
"26.04.2004","31,18","31,18","31,50","31,09","20,47K","-0,67%"
"23.04.2004","31,39","31,39","31,46","30,90","70,68K","2,08%"
"22.04.2004","30,75","30,75","30,91","30,00","18,40K","1,75%"
"21.04.2004","30,22","30,22","30,43","30,09","91,75K","-1,85%"
"20.04.2004","30,79","30,79","30,91","30,29","14,65K","2,56%"
"19.04.2004","30,02","30,02","30,08","29,79","18,12K","-0,17%"
"16.04.2004","30,07","30,07","30,44","29,89","65,17K","-1,80%"
"15.04.2004","30,62","30,62","31,00","30,47","44,93K","-0,71%"
"14.04.2004","30,84","30,84","31,20","30,50","42,00K","-0,61%"
"13.04.2004","31,03","31,03","31,30","30,65","44,38K","1,24%"
"08.04.2004","30,65","30,65","30,95","30,20","14,39K","1,59%"
"07.04.2004","30,17","30,17","30,70","30,17","11,93K","-1,82%"
"06.04.2004","30,73","30,73","31,03","30,48","42,31K","-0,42%"
"05.04.2004","30,86","30,86","30,92","30,20","58,29K","2,15%"
"02.04.2004","30,21","30,21","30,38","29,00","72,71K","4,17%"
"01.04.2004","29,00","29,00","29,23","28,90","28,72K","0,00%"
"31.03.2004","29,00","29,00","29,51","28,90","37,30K","-1,16%"
"30.03.2004","29,34","29,34","29,40","28,80","8,56K","-0,10%"
"29.03.2004","29,37","29,37","29,49","28,90","18,02K","0,65%"
"26.03.2004","29,18","29,18","29,20","28,80","13,19K","1,89%"
"25.03.2004","28,64","28,64","28,70","28,20","86,37K","2,58%"
"24.03.2004","27,92","27,92","28,20","27,76","9,29K","-0,64%"
"23.03.2004","28,10","28,10","28,18","27,80","13,25K","1,15%"
"22.03.2004","27,78","27,78","28,35","27,60","23,40K","-3,21%"
"19.03.2004","28,70","28,70","28,70","28,40","5,93K","0,84%"
"18.03.2004","28,46","28,46","29,30","28,35","29,61K","-1,86%"
"17.03.2004","29,00","29,00","29,10","28,30","51,66K","1,58%"
"16.03.2004","28,55","28,55","28,57","28,35","63,14K","-0,31%"
"15.03.2004","28,64","28,64","29,00","28,59","137,58K","-0,73%"
"12.03.2004","28,85","28,85","29,00","28,28","18,06K","0,17%"
"11.03.2004","28,80","28,80","28,93","28,23","41,15K","-1,67%"
"10.03.2004","29,29","29,29","29,45","28,94","38,40K","1,42%"
"09.03.2004","28,88","28,88","29,94","28,70","61,76K","-2,53%"
"08.03.2004","29,63","29,63","29,91","29,52","45,48K","-0,84%"
"05.03.2004","29,88","29,88","30,28","29,32","166,33K","-0,20%"
"04.03.2004","29,94","29,94","30,06","29,75","99,29K","0,44%"
"03.03.2004","29,81","29,81","30,17","29,17","82,35K","-1,19%"
"02.03.2004","30,17","30,17","30,25","29,60","75,85K","2,55%"
"01.03.2004","29,42","29,42","29,70","29,29","9,77K","-0,81%"
"27.02.2004","29,66","29,66","29,80","29,38","63,31K","0,85%"
"26.02.2004","29,41","29,41","29,52","29,19","13,91K","0,75%"
"25.02.2004","29,19","29,19","29,26","28,65","78,32K","1,53%"
"24.02.2004","28,75","28,75","29,08","28,60","63,18K","-1,47%"
"23.02.2004","29,18","29,18","29,52","29,09","9,35K","-0,27%"
"20.02.2004","29,26","29,26","29,70","29,10","67,30K","-1,18%"
"19.02.2004","29,61","29,61","29,92","29,50","155,98K","1,54%"
"18.02.2004","29,16","29,16","29,50","28,91","8,37K","0,28%"
"17.02.2004","29,08","29,08","29,59","28,91","13,43K","0,28%"
"16.02.2004","29,00","29,00","29,59","28,95","10,62K","0,24%"
"13.02.2004","28,93","28,93","29,59","28,90","190,31K","-1,60%"
"12.02.2004","29,40","29,40","29,55","29,28","19,60K","0,72%"
"11.02.2004","29,19","29,19","29,60","29,19","177,65K","-0,10%"
"10.02.2004","29,22","29,22","29,40","29,02","12,19K","-0,51%"
"09.02.2004","29,37","29,37","29,45","29,25","115,47K","1,00%"
"06.02.2004","29,08","29,08","29,26","28,79","77,29K","0,62%"
"05.02.2004","28,90","28,90","29,60","28,84","25,02K","-1,40%"
"04.02.2004","29,31","29,31","29,90","29,18","31,67K","-0,71%"
"03.02.2004","29,52","29,52","29,61","29,35","30,83K","-0,51%"
"02.02.2004","29,67","29,67","30,50","29,63","115,65K","-0,57%"
"30.01.2004","29,84","29,84","30,30","29,75","290,60K","0,07%"
"29.01.2004","29,82","29,82","30,16","29,61","136,97K","-1,36%"
"28.01.2004","30,23","30,23","30,50","29,80","23,92K","0,00%"
"27.01.2004","30,23","30,23","30,92","30,23","61,56K","0,30%"
"26.01.2004","30,14","30,14","31,00","30,09","12,54K","-0,13%"
"23.01.2004","30,18","30,18","30,23","29,67","17,11K","0,77%"
"22.01.2004","29,95","29,95","30,50","29,95","141,43K","-1,06%"
"21.01.2004","30,27","30,27","30,55","30,11","51,39K","-1,11%"
"20.01.2004","30,61","30,61","31,30","30,50","106,34K","-1,70%"
"19.01.2004","31,14","31,14","31,30","30,91","34,57K","0,74%"
"16.01.2004","30,91","30,91","30,99","30,00","87,11K","3,17%"
"15.01.2004","29,96","29,96","30,30","29,82","16,21K","0,17%"
"14.01.2004","29,91","29,91","30,30","29,88","231,01K","0,71%"
"13.01.2004","29,70","29,70","30,20","29,70","133,98K","0,64%"
"12.01.2004","29,51","29,51","30,00","29,32","118,17K","-0,47%"
"09.01.2004","29,65","29,65","30,00","29,31","251,66K","0,20%"
"08.01.2004","29,59","29,59","29,98","29,40","73,14K","0,99%"
"07.01.2004","29,30","29,30","29,50","29,25","11,85K","1,10%"
"06.01.2004","28,98","28,98","29,40","28,95","22,89K","-0,34%"
"05.01.2004","29,08","29,08","29,45","28,00","83,31K","-0,34%"
"02.01.2004","29,18","29,18","29,40","29,00","4,01K","0,31%"
"30.12.2003","29,09","29,09","29,34","29,01","6,18K","0,48%"
"29.12.2003","28,95","28,95","29,00","28,77","8,31K","0,24%"
"23.12.2003","28,88","28,88","29,00","28,58","3,05K","1,05%"
"22.12.2003","28,58","28,58","28,80","28,35","109,68K","-0,49%"
"19.12.2003","28,72","28,72","28,76","28,50","11,20K","0,77%"
"18.12.2003","28,50","28,50","28,70","28,07","33,47K","1,57%"
"17.12.2003","28,06","28,06","28,80","27,99","10,89K","-0,11%"
"16.12.2003","28,09","28,09","29,50","27,89","58,70K","-3,80%"
"15.12.2003","29,20","29,20","29,50","28,86","95,29K","2,53%"
"12.12.2003","28,48","28,48","29,00","28,48","67,87K","-0,63%"
"11.12.2003","28,66","28,66","28,89","28,37","91,51K","2,32%"
"10.12.2003","28,01","28,01","29,00","28,00","23,15K","-2,78%"
"09.12.2003","28,81","28,81","29,10","28,56","108,05K","0,84%"
"08.12.2003","28,57","28,57","29,00","28,55","4,93K","-1,96%"
"05.12.2003","29,14","29,14","29,45","29,01","15,17K","-0,92%"
"04.12.2003","29,41","29,41","29,70","29,16","15,14K","-0,71%"
"03.12.2003","29,62","29,62","29,75","29,50","13,81K","-0,10%"
"02.12.2003","29,65","29,65","30,09","29,60","12,58K","-1,07%"
"01.12.2003","29,97","29,97","30,50","29,70","20,08K","1,42%"
"28.11.2003","29,55","29,55","29,89","29,27","8,52K","-0,91%"
"27.11.2003","29,82","29,82","29,90","29,60","8,89K","1,60%"
"26.11.2003","29,35","29,35","30,09","29,25","69,97K","-2,04%"
"25.11.2003","29,96","29,96","30,50","29,77","144,98K","1,63%"
"24.11.2003","29,48","29,48","29,70","28,84","151,93K","3,55%"
"21.11.2003","28,47","28,47","28,92","28,36","89,63K","-1,79%"
"20.11.2003","28,99","28,99","29,17","28,38","230,00K","1,33%"
"19.11.2003","28,61","28,61","29,01","28,23","112,99K","-2,22%"
"18.11.2003","29,26","29,26","29,70","29,08","47,68K","-0,31%"
"17.11.2003","29,35","29,35","30,00","29,27","32,34K","-2,46%"
"14.11.2003","30,09","30,09","30,62","30,04","15,24K","-1,02%"
"13.11.2003","30,40","30,40","30,99","30,30","308,62K","-0,20%"
"12.11.2003","30,46","30,46","30,54","30,35","18,99K","-0,13%"
"11.11.2003","30,50","30,50","30,84","30,37","39,66K","-1,33%"
"10.11.2003","30,91","30,91","31,80","30,84","12,71K","-1,56%"
"07.11.2003","31,40","31,40","31,78","31,30","86,22K","1,00%"
"06.11.2003","31,09","31,09","31,46","30,95","99,68K","0,97%"
"05.11.2003","30,79","30,79","31,26","30,64","85,04K","-1,12%"
"04.11.2003","31,14","31,14","31,22","30,97","99,34K","-0,10%"
"03.11.2003","31,17","31,17","31,23","30,25","202,93K","2,97%"
"31.10.2003","30,27","30,27","30,50","30,15","109,97K","0,13%"
"30.10.2003","30,23","30,23","30,75","30,05","91,00K","0,13%"
"29.10.2003","30,19","30,19","30,50","29,70","92,14K","2,10%"
"28.10.2003","29,57","29,57","29,65","29,33","137,57K","0,85%"
"27.10.2003","29,32","29,32","29,50","28,99","37,10K","2,16%"
"24.10.2003","28,70","28,70","29,50","28,55","35,02K","-1,41%"
"23.10.2003","29,11","29,11","29,49","28,72","124,04K","-0,78%"
"22.10.2003","29,34","29,34","30,15","29,30","33,95K","-2,46%"
"21.10.2003","30,08","30,08","30,34","29,93","75,44K","1,04%"
"20.10.2003","29,77","29,77","29,90","29,30","28,95K","-0,47%"
"17.10.2003","29,91","29,91","30,68","29,88","185,24K","-0,57%"
"16.10.2003","30,08","30,08","30,80","30,02","74,11K","-0,82%"
"15.10.2003","30,33","30,33","30,80","30,20","149,84K","1,13%"
"14.10.2003","29,99","29,99","30,50","29,99","46,93K","-0,53%"
"13.10.2003","30,15","30,15","30,25","29,81","13,64K","2,34%"
"10.10.2003","29,46","29,46","30,05","29,36","21,05K","-1,83%"
"09.10.2003","30,01","30,01","30,04","29,08","174,15K","2,77%"
"08.10.2003","29,20","29,20","29,70","29,04","47,60K","-0,31%"
"07.10.2003","29,29","29,29","29,35","28,86","49,43K","-0,03%"
"06.10.2003","29,30","29,30","29,82","29,20","104,96K","-0,27%"
"03.10.2003","29,38","29,38","29,40","28,38","206,60K","3,12%"
"02.10.2003","28,49","28,49","28,60","28,21","29,54K","2,22%"
"01.10.2003","27,87","27,87","28,19","27,60","59,05K","0,07%"
"30.09.2003","27,85","27,85","28,70","27,60","47,94K","-0,82%"
"29.09.2003","28,08","28,08","29,09","28,05","115,71K","-2,43%"
"26.09.2003","28,78","28,78","28,85","28,40","67,32K","-0,45%"
"25.09.2003","28,91","28,91","29,70","28,75","21,46K","-3,44%"
"24.09.2003","29,94","29,94","30,65","29,68","30,71K","0,77%"
"23.09.2003","29,71","29,71","30,25","29,46","11,88K","0,00%"
"22.09.2003","29,71","29,71","30,65","29,51","84,65K","-2,11%"
"19.09.2003","30,35","30,35","30,88","30,32","106,17K","-0,49%"
"18.09.2003","30,50","30,50","30,88","30,02","72,33K","-0,29%"
"17.09.2003","30,59","30,59","30,86","30,40","155,34K","1,22%"
"16.09.2003","30,22","30,22","30,30","29,66","11,09K","1,04%"
"15.09.2003","29,91","29,91","30,13","29,66","58,86K","1,42%"
"12.09.2003","29,49","29,49","30,22","29,24","296,42K","-0,14%"
"11.09.2003","29,53","29,53","29,93","29,30","440,76K","-1,80%"
"10.09.2003","30,07","30,07","31,24","30,01","163,42K","-1,57%"
"09.09.2003","30,55","30,55","31,49","30,32","52,06K","-1,77%"
"08.09.2003","31,10","31,10","31,69","30,59","111,39K","0,55%"
"05.09.2003","30,93","30,93","31,65","30,65","75,78K","-0,45%"
"04.09.2003","31,07","31,07","31,47","30,92","27,65K","-1,33%"
"03.09.2003","31,49","31,49","31,70","31,34","138,28K","2,84%"
"02.09.2003","30,62","30,62","31,00","30,45","199,38K","0,23%"
"01.09.2003","30,55","30,55","30,55","30,30","46,88K","0,83%"
"29.08.2003","30,30","30,30","30,55","30,10","5,37K","1,20%"
"28.08.2003","29,94","29,94","30,45","29,85","136,57K","0,17%"
"27.08.2003","29,89","29,89","30,00","29,60","48,02K","1,91%"
"26.08.2003","29,33","29,33","30,42","29,31","104,24K","-0,88%"
"25.08.2003","29,59","29,59","31,00","29,56","124,90K","-2,66%"
"22.08.2003","30,40","30,40","30,80","29,80","169,96K","2,22%"
"21.08.2003","29,74","29,74","29,97","29,10","74,44K","2,27%"
"20.08.2003","29,08","29,08","29,10","28,79","55,38K","0,21%"
"19.08.2003","29,02","29,02","29,10","28,40","21,79K","2,69%"
"18.08.2003","28,26","28,26","28,30","27,70","72,63K","2,47%"
"14.08.2003","27,58","27,58","27,70","27,22","24,98K","0,91%"
"13.08.2003","27,33","27,33","27,61","27,10","21,82K","1,26%"
"12.08.2003","26,99","26,99","27,10","26,84","18,44K","0,00%"
"11.08.2003","26,99","26,99","27,06","26,58","3,42K","1,73%"
"08.08.2003","26,53","26,53","27,49","26,48","5,61K","-0,04%"
"07.08.2003","26,54","26,54","27,09","26,45","2,68K","-0,52%"
"06.08.2003","26,68","26,68","27,30","26,55","32,87K","-2,77%"
"05.08.2003","27,44","27,44","27,85","27,00","101,34K","0,29%"
"04.08.2003","27,36","27,36","28,03","27,21","30,36K","-2,53%"
"01.08.2003","28,07","28,07","28,70","27,85","125,40K","-2,06%"
"31.07.2003","28,66","28,66","29,10","27,78","8,08K","3,17%"
"30.07.2003","27,78","27,78","28,00","27,59","56,82K","1,65%"
"29.07.2003","27,33","27,33","27,90","27,16","180,23K","-1,41%"
"28.07.2003","27,72","27,72","28,02","27,52","31,20K","2,86%"
"25.07.2003","26,95","26,95","27,33","26,67","39,27K","-3,34%"
"24.07.2003","27,88","27,88","28,00","27,35","57,06K","2,39%"
"23.07.2003","27,23","27,23","27,71","27,13","4,06K","-0,33%"
"22.07.2003","27,32","27,32","27,51","27,14","171,14K","0,04%"
"21.07.2003","27,31","27,31","27,88","27,07","138,36K","-1,48%"
"18.07.2003","27,72","27,72","28,11","27,62","97,73K","-1,39%"
"17.07.2003","28,11","28,11","28,91","28,07","87,51K","-1,30%"
"16.07.2003","28,48","28,48","29,30","28,40","298,79K","-1,04%"
"15.07.2003","28,78","28,78","30,30","28,55","348,02K","-0,48%"
"14.07.2003","28,92","28,92","29,25","28,43","16,13K","2,34%"
"11.07.2003","28,26","28,26","28,42","27,87","18,97K","1,11%"
"10.07.2003","27,95","27,95","28,35","27,93","7,63K","-2,20%"
"09.07.2003","28,58","28,58","28,74","28,32","17,09K","1,06%"
"08.07.2003","28,28","28,28","28,50","27,97","98,75K","0,68%"
"07.07.2003","28,09","28,09","28,20","27,10","6,14K","1,78%"
"04.07.2003","27,60","27,60","27,60","27,44","0,07K","2,37%"
"03.07.2003","26,96","26,96","27,15","26,50","62,58K","1,66%"
"02.07.2003","26,52","26,52","26,71","26,40","26,06K","4,08%"
"01.07.2003","25,48","25,48","25,97","25,40","71,17K","-3,81%"
"30.06.2003","26,49","26,49","26,55","26,35","0,92K","0,00%"
"27.06.2003","26,49","26,49","26,69","26,48","2,50K","2,40%"
"26.06.2003","25,87","25,87","25,90","25,83","1,78K","-92,33%"