"Fecha","Último","Apertura","Máximo","Mínimo","Vol.","% var."
"27.08.2026","1.458,80","1.452,80","1.458,80","1.452,60","0,01K","1,28%"
"26.08.2026","1.440,40","1.434,80","1.440,40","1.433,20","0,08K","0,42%"
"25.08.2026","1.434,40","1.437,40","1.443,80","1.434,40","0,06K","0,20%"
"24.08.2026","1.431,60","1.433,20","1.436,40","1.425,20","0,01K","-0,68%"
"21.08.2026","1.441,40","1.438,60","1.447,00","1.437,00","0,00K","0,28%"
"20.08.2026","1.437,40","1.451,80","1.452,20","1.435,40","0,00K","-0,84%"
"19.08.2026","1.449,60","1.460,20","1.462,60","1.443,00","0,01K","-0,98%"
"18.08.2026","1.464,00","1.476,80","1.477,80","1.461,60","0,00K","-1,61%"
"17.08.2026","1.488,00","1.496,60","1.497,20","1.488,00","0,03K","0,01%"
"14.08.2026","1.487,80","1.495,80","1.498,80","1.484,80","0,08K","-0,85%"
"13.08.2026","1.500,60","1.484,20","1.501,40","1.481,40","0,01K","1,09%"
"12.08.2026","1.484,40","1.475,20","1.484,40","1.475,20","0,00K","1,06%"
"11.08.2026","1.468,80","1.475,60","1.479,40","1.466,80","","-0,50%"
"10.08.2026","1.476,20","1.482,80","1.483,80","1.473,00","0,02K","0,31%"
"07.08.2026","1.471,60","1.467,60","1.474,60","1.467,60","0,01K","0,42%"
"06.08.2026","1.465,40","1.464,80","1.470,80","1.456,00","0,01K","-0,53%"
"05.08.2026","1.473,20","1.485,60","1.485,60","1.473,20","0,01K","-0,75%"
"04.08.2026","1.484,40","1.445,20","1.484,40","1.441,80","0,05K","3,41%"
"03.08.2026","1.435,40","1.420,00","1.435,40","1.409,00","0,02K","1,89%"
"31.07.2026","1.408,80","1.413,80","1.424,20","1.404,40","0,01K","0,84%"
"30.07.2026","1.397,00","1.369,60","1.401,20","1.368,80","0,02K","1,97%"
"29.07.2026","1.370,00","1.392,40","1.405,20","1.370,00","0,03K","-2,35%"
"28.07.2026","1.403,00","1.404,00","1.407,40","1.391,40","0,01K","-1,00%"
"27.07.2026","1.417,20","1.438,20","1.440,20","1.405,40","0,01K","-1,02%"
"24.07.2026","1.431,80","1.436,40","1.439,40","1.419,80","0,01K","-0,33%"
"23.07.2026","1.436,60","1.451,00","1.456,80","1.432,00","0,01K","-2,02%"
"22.07.2026","1.466,20","1.454,60","1.467,80","1.452,40","0,01K","-0,12%"
"21.07.2026","1.468,00","1.456,00","1.468,00","1.454,40","0,06K","1,63%"
"20.07.2026","1.444,40","1.437,60","1.455,00","1.436,00","0,01K","-0,11%"
"17.07.2026","1.446,00","1.433,60","1.447,40","1.423,20","0,02K","-0,90%"
"16.07.2026","1.459,20","1.476,80","1.476,80","1.459,20","0,00K","-0,96%"
"15.07.2026","1.473,40","1.496,80","1.498,40","1.469,40","","-1,14%"
"14.07.2026","1.490,40","1.481,20","1.490,40","1.480,40","0,01K","0,80%"
"13.07.2026","1.478,60","1.483,40","1.485,40","1.477,80","0,08K","-1,39%"
"10.07.2026","1.499,40","1.485,40","1.499,40","1.485,40","","0,37%"
"09.07.2026","1.493,80","1.475,20","1.493,80","1.475,20","0,05K","1,85%"
"08.07.2026","1.466,60","1.462,40","1.466,60","1.446,20","0,03K","0,07%"
"07.07.2026","1.465,60","1.478,80","1.481,80","1.460,80","0,01K","-1,66%"
"06.07.2026","1.490,40","1.487,20","1.498,40","1.483,80","0,01K","0,11%"
"03.07.2026","1.488,80","1.485,40","1.490,20","1.484,40","0,02K","1,54%"
"02.07.2026","1.466,20","1.492,80","1.504,20","1.464,40","0,04K","-2,90%"
"01.07.2026","1.510,00","1.516,80","1.520,40","1.510,00","0,00K","-0,91%"
"30.06.2026","1.523,80","1.506,60","1.523,80","1.498,80","0,06K","1,98%"
"29.06.2026","1.494,20","1.479,40","1.494,20","1.464,80","0,03K","1,15%"
"26.06.2026","1.477,20","1.465,40","1.478,60","1.457,80","0,01K","-0,35%"
"25.06.2026","1.482,40","1.510,80","1.513,40","1.470,00","0,02K","0,79%"
"24.06.2026","1.470,80","1.490,80","1.497,20","1.470,80","0,03K","-1,45%"
"23.06.2026","1.492,40","1.491,20","1.495,40","1.483,60","0,02K","-2,01%"
"22.06.2026","1.523,00","1.521,20","1.534,60","1.517,60","0,01K","0,36%"
"19.06.2026","1.517,60","1.520,20","1.521,20","1.514,20","0,01K","-0,29%"
"18.06.2026","1.522,00","1.497,20","1.522,00","1.497,20","0,00K","2,78%"
"17.06.2026","1.480,80","1.493,20","1.496,20","1.480,80","0,01K","-0,47%"
"16.06.2026","1.487,80","1.513,00","1.516,40","1.487,80","0,02K","-1,60%"
"15.06.2026","1.512,00","1.495,60","1.513,20","1.494,80","0,05K","2,68%"
"12.06.2026","1.472,60","1.454,00","1.473,20","1.453,80","0,01K","1,74%"
"11.06.2026","1.447,40","1.429,20","1.447,40","1.429,20","0,11K","1,86%"
"10.06.2026","1.421,00","1.436,80","1.448,00","1.421,00","0,01K","-0,25%"
"09.06.2026","1.424,60","1.472,00","1.475,80","1.416,00","0,15K","-3,06%"
"08.06.2026","1.469,60","1.446,00","1.472,40","1.446,00","0,24K","1,35%"
"05.06.2026","1.450,00","1.488,40","1.488,60","1.450,00","0,09K","-3,63%"
"04.06.2026","1.504,60","1.504,80","1.508,00","1.487,20","0,03K","-0,37%"
"03.06.2026","1.510,20","1.516,40","1.519,60","1.509,20","0,02K","-0,11%"
"02.06.2026","1.511,80","1.503,20","1.512,80","1.499,60","0,05K","0,25%"
"01.06.2026","1.508,00","1.503,20","1.508,00","1.498,20","0,02K","1,14%"
"29.05.2026","1.491,00","1.490,60","1.496,00","1.490,60","0,03K","0,09%"
"28.05.2026","1.489,60","1.477,60","1.489,60","1.475,40","0,02K","0,91%"
"27.05.2026","1.476,20","1.481,80","1.490,20","1.470,20","0,05K","-0,12%"
"26.05.2026","1.478,00","1.464,40","1.481,60","1.464,40","0,00K","0,30%"
"25.05.2026","1.473,60","1.473,40","1.474,40","1.471,80","0,01K","0,61%"
"22.05.2026","1.464,60","1.457,60","1.464,60","1.455,40","0,04K","0,99%"
"21.05.2026","1.450,20","1.444,40","1.450,20","1.442,60","0,00K","0,30%"
"20.05.2026","1.445,80","1.434,00","1.445,80","1.434,00","0,02K","0,92%"
"19.05.2026","1.432,60","1.430,00","1.434,40","1.416,60","0,02K","0,63%"
"18.05.2026","1.423,60","1.428,80","1.438,80","1.423,60","0,02K","-1,69%"
"15.05.2026","1.448,00","1.440,80","1.448,00","1.435,40","0,01K","-0,45%"
"14.05.2026","1.454,60","1.445,00","1.457,80","1.441,60","0,06K","0,83%"
"13.05.2026","1.442,60","1.431,00","1.442,60","1.422,80","0,01K","2,40%"
"12.05.2026","1.408,80","1.423,40","1.424,00","1.405,00","0,02K","-1,45%"
"11.05.2026","1.429,60","1.427,80","1.429,80","1.421,40","0,03K","0,46%"
"08.05.2026","1.423,00","1.403,40","1.423,00","1.401,00","0,06K","2,01%"
"07.05.2026","1.395,00","1.397,80","1.404,00","1.393,40","0,01K","0,36%"
"06.05.2026","1.390,00","1.380,20","1.390,00","1.380,20","0,01K","1,14%"
"05.05.2026","1.374,40","1.363,60","1.374,40","1.363,40","0,04K","1,34%"
"04.05.2026","1.356,20","1.362,60","1.362,60","1.354,20","0,02K","1,19%"
"30.04.2026","1.340,20","1.338,00","1.344,00","1.327,40","0,01K","0,69%"
"29.04.2026","1.331,00","1.330,80","1.332,20","1.329,40","0,00K","0,76%"
"28.04.2026","1.321,00","1.334,80","1.335,20","1.318,40","0,00K","-1,15%"
"27.04.2026","1.336,40","1.337,00","1.337,00","1.331,00","0,14K","0,04%"
"24.04.2026","1.335,80","1.325,40","1.335,80","1.323,60","0,01K","1,80%"
"23.04.2026","1.312,20","1.316,80","1.323,20","1.312,20","0,02K","-0,27%"
"22.04.2026","1.315,80","1.303,60","1.315,80","1.302,20","0,01K","1,29%"
"21.04.2026","1.299,00","1.300,40","1.304,40","1.294,60","0,03K","0,51%"
"20.04.2026","1.292,40","1.292,80","1.298,00","1.290,40","0,02K","-0,29%"
"17.04.2026","1.296,20","1.282,60","1.299,60","1.282,60","0,00K","0,98%"
"16.04.2026","1.283,60","1.279,00","1.284,40","1.278,00","0,02K","0,85%"
"15.04.2026","1.272,80","1.257,40","1.272,80","1.257,40","0,12K","1,63%"
"14.04.2026","1.252,40","1.239,00","1.252,40","1.239,00","0,00K","1,36%"
"13.04.2026","1.235,60","1.223,60","1.235,60","1.223,60","0,00K","0,65%"
"10.04.2026","1.227,60","1.232,20","1.233,00","1.227,60","","0,05%"
"09.04.2026","1.227,00","1.223,00","1.227,60","1.220,00","0,01K","0,15%"
"08.04.2026","1.225,20","1.229,20","1.231,00","1.221,40","0,01K","2,82%"
"07.04.2026","1.191,60","1.195,80","1.201,80","1.184,00","0,03K","-0,05%"
"02.04.2026","1.192,20","1.176,00","1.193,20","1.172,80","0,00K","-0,17%"
"01.04.2026","1.194,20","1.187,40","1.194,20","1.181,60","0,03K","1,62%"
"31.03.2026","1.175,20","1.155,40","1.175,20","1.155,40","0,02K","2,60%"
"30.03.2026","1.145,40","1.155,80","1.165,20","1.145,40","0,02K","-0,43%"
"27.03.2026","1.150,40","1.179,20","1.179,20","1.150,40","0,04K","-2,38%"
"26.03.2026","1.178,40","1.193,00","1.193,40","1.178,40","0,03K","-1,73%"
"25.03.2026","1.199,20","1.201,20","1.204,20","1.195,80","0,01K","0,57%"
"24.03.2026","1.192,40","1.198,20","1.198,20","1.188,40","0,04K","-0,28%"
"23.03.2026","1.195,80","1.174,60","1.205,80","1.174,60","0,03K","0,83%"
"20.03.2026","1.186,00","1.209,00","1.209,00","1.186,00","0,01K","-1,74%"
"19.03.2026","1.207,00","1.220,80","1.220,80","1.202,00","0,07K","-1,63%"
"18.03.2026","1.227,00","1.240,40","1.242,40","1.226,60","0,04K","-0,32%"
"17.03.2026","1.231,00","1.226,20","1.236,00","1.224,80","","0,03%"
"16.03.2026","1.230,60","1.231,00","1.234,00","1.227,20","0,00K","0,44%"
"13.03.2026","1.225,20","1.225,20","1.238,20","1.223,40","0,01K","-0,11%"
"12.03.2026","1.226,60","1.235,00","1.236,20","1.226,00","0,04K","-0,76%"
"11.03.2026","1.236,00","1.235,20","1.240,60","1.232,40","0,01K","0,08%"
"10.03.2026","1.235,00","1.230,00","1.238,00","1.229,40","0,01K","0,18%"
"09.03.2026","1.232,80","1.203,40","1.232,80","1.203,40","0,01K","0,52%"
"06.03.2026","1.226,40","1.239,20","1.239,20","1.222,80","0,01K","-0,16%"
"05.03.2026","1.228,40","1.237,80","1.240,40","1.227,60","0,01K","-1,00%"
"04.03.2026","1.240,80","1.217,60","1.240,80","1.217,20","0,05K","1,56%"
"03.03.2026","1.221,80","1.214,80","1.221,80","1.207,40","0,02K","-0,29%"
"02.03.2026","1.225,40","1.197,20","1.226,60","1.197,20","0,09K","1,66%"
"27.02.2026","1.205,40","1.215,20","1.217,40","1.205,00","0,00K","-0,76%"
"26.02.2026","1.214,60","1.228,60","1.232,40","1.209,20","0,01K","-1,12%"
"25.02.2026","1.228,40","1.217,20","1.228,40","1.217,20","0,01K","0,95%"
"24.02.2026","1.216,80","1.204,80","1.217,20","1.203,60","0,01K","1,47%"
"23.02.2026","1.199,20","1.205,40","1.212,40","1.198,20","0,05K","-1,33%"
"20.02.2026","1.215,40","1.214,00","1.219,40","1.205,40","0,08K","0,83%"
"19.02.2026","1.205,40","1.214,60","1.214,60","1.205,40","","-0,79%"
"18.02.2026","1.215,00","1.204,60","1.217,40","1.201,00","0,00K","1,33%"
"17.02.2026","1.199,00","1.193,20","1.199,00","1.186,20","0,00K","0,40%"
"16.02.2026","1.194,20","1.199,80","1.200,20","1.192,40","0,01K","-0,55%"
"13.02.2026","1.200,80","1.194,80","1.202,20","1.191,00","1,87K","0,27%"
"12.02.2026","1.197,60","1.220,80","1.223,20","1.197,60","0,07K","-1,50%"
"11.02.2026","1.215,80","1.212,60","1.224,80","1.210,00","0,01K","-0,03%"
"10.02.2026","1.216,20","1.217,60","1.220,00","1.216,20","","-0,03%"
"09.02.2026","1.216,60","1.211,80","1.219,80","1.197,60","0,02K","0,30%"
"06.02.2026","1.213,00","1.188,40","1.213,20","1.188,40","0,02K","1,30%"
"05.02.2026","1.197,40","1.215,20","1.215,20","1.190,20","0,02K","-0,75%"
"04.02.2026","1.206,40","1.228,40","1.231,40","1.200,00","0,04K","-1,60%"
"03.02.2026","1.226,00","1.258,20","1.258,40","1.223,40","0,01K","-2,36%"
"02.02.2026","1.255,60","1.217,80","1.256,00","1.217,80","0,00K","1,78%"
"30.01.2026","1.233,60","1.233,60","1.243,00","1.230,60","0,00K","-0,08%"
"29.01.2026","1.234,60","1.252,40","1.253,00","1.222,80","0,01K","-1,33%"
"28.01.2026","1.251,20","1.250,40","1.254,80","1.249,40","","0,71%"
"27.01.2026","1.242,40","1.250,40","1.250,40","1.240,80","0,01K","-0,10%"
"26.01.2026","1.243,60","1.235,60","1.243,80","1.232,60","0,04K","-0,21%"
"23.01.2026","1.246,20","1.248,80","1.251,80","1.243,00","0,04K","-0,16%"
"22.01.2026","1.248,20","1.251,00","1.254,80","1.245,80","0,02K","1,51%"
"21.01.2026","1.229,60","1.228,00","1.241,40","1.218,20","0,02K","0,21%"
"20.01.2026","1.227,00","1.236,60","1.236,60","1.223,80","0,01K","-1,29%"
"19.01.2026","1.243,00","1.244,60","1.246,00","1.238,00","0,03K","-1,71%"
"16.01.2026","1.264,60","1.268,20","1.269,00","1.261,60","0,01K","-0,49%"
"15.01.2026","1.270,80","1.260,40","1.273,20","1.260,40","","1,50%"
"14.01.2026","1.252,00","1.266,40","1.266,40","1.246,00","0,02K","-1,17%"
"13.01.2026","1.266,80","1.266,60","1.272,40","1.264,00","0,01K","-0,16%"
"12.01.2026","1.268,80","1.253,40","1.268,80","1.251,00","0,02K","-0,02%"
"09.01.2026","1.269,00","1.256,20","1.269,60","1.255,60","0,44K","1,18%"
"08.01.2026","1.254,20","1.256,80","1.260,00","1.252,00","0,04K","-0,79%"
"07.01.2026","1.264,20","1.257,40","1.265,60","1.253,60","0,08K","0,77%"
"06.01.2026","1.254,60","1.243,80","1.255,20","1.241,40","0,01K","1,05%"
"05.01.2026","1.241,60","1.241,80","1.250,20","1.241,60","0,01K","-0,67%"
"02.01.2026","1.250,00","1.250,00","1.250,00","1.250,00","0,00K","0,47%"
"30.12.2025","1.244,20","1.242,20","1.244,40","1.242,20","0,00K","-0,03%"
"29.12.2025","1.244,60","1.247,40","1.247,40","1.241,20","0,04K","0,06%"
"23.12.2025","1.243,80","1.239,40","1.244,00","1.237,40","0,01K","0,11%"
"22.12.2025","1.242,40","1.244,40","1.246,20","1.241,60","0,00K","0,44%"
"19.12.2025","1.237,00","1.229,20","1.238,40","1.227,80","0,02K","1,03%"
"18.12.2025","1.224,40","1.211,60","1.230,60","1.211,60","0,01K","1,24%"
"17.12.2025","1.209,40","1.231,20","1.235,60","1.209,40","","-1,16%"
"16.12.2025","1.223,60","1.213,20","1.223,60","1.213,20","0,03K","-0,15%"
"15.12.2025","1.225,40","1.233,80","1.238,80","1.222,00","0,01K","-0,83%"
"12.12.2025","1.235,60","1.253,00","1.253,60","1.227,20","0,00K","-1,09%"
"11.12.2025","1.249,20","1.248,40","1.256,40","1.247,00","","-1,33%"
"10.12.2025","1.266,00","1.265,80","1.266,00","1.258,20","0,01K","-0,11%"
"09.12.2025","1.267,40","1.263,40","1.267,80","1.261,20","","0,54%"
"08.12.2025","1.260,60","1.267,60","1.268,60","1.260,60","0,01K","-0,25%"
"05.12.2025","1.263,80","1.264,20","1.269,40","1.259,60","0,01K","0,48%"
"04.12.2025","1.257,80","1.258,00","1.260,00","1.255,80","","0,14%"
"03.12.2025","1.256,00","1.259,60","1.260,00","1.255,80","","-0,27%"
"02.12.2025","1.259,40","1.249,80","1.263,20","1.249,80","0,01K","0,38%"
"01.12.2025","1.254,60","1.247,80","1.254,60","1.239,80","0,02K","-0,19%"
"28.11.2025","1.257,00","1.252,80","1.257,00","1.252,80","0,00K","0,69%"
"27.11.2025","1.248,40","1.249,40","1.251,00","1.247,80","0,01K","-0,14%"
"26.11.2025","1.250,20","1.245,00","1.251,60","1.241,80","0,00K","0,76%"
"25.11.2025","1.240,80","1.236,00","1.240,80","1.220,60","0,02K","0,34%"
"24.11.2025","1.236,60","1.216,00","1.237,00","1.209,60","0,06K","1,79%"
"21.11.2025","1.214,80","1.196,00","1.214,80","1.189,00","0,03K","1,32%"
"20.11.2025","1.199,00","1.246,20","1.253,00","1.199,00","0,11K","-1,87%"
"19.11.2025","1.221,80","1.213,40","1.235,20","1.212,60","0,06K","0,07%"
"18.11.2025","1.221,00","1.213,80","1.224,80","1.204,60","0,02K","-0,10%"
"17.11.2025","1.222,20","1.242,40","1.248,20","1.222,20","0,06K","-1,13%"
"14.11.2025","1.236,20","1.223,20","1.243,20","1.211,80","0,04K","0,63%"
"13.11.2025","1.228,40","1.261,80","1.262,00","1.228,40","0,02K","-2,59%"
"12.11.2025","1.261,00","1.270,60","1.273,40","1.257,00","0,01K","0,00%"
"11.11.2025","1.261,00","1.267,80","1.267,80","1.257,60","0,04K","-0,49%"
"10.11.2025","1.267,20","1.257,80","1.267,40","1.256,60","0,03K","2,14%"
"07.11.2025","1.240,60","1.254,20","1.254,20","1.221,80","0,09K","-0,83%"
"06.11.2025","1.251,00","1.270,60","1.277,00","1.249,20","0,02K","-2,43%"
"05.11.2025","1.282,20","1.265,00","1.282,60","1.264,40","0,01K","0,90%"
"04.11.2025","1.270,80","1.273,00","1.285,00","1.270,80","","-1,82%"
"03.11.2025","1.294,40","1.290,20","1.301,60","1.289,00","0,02K","0,57%"
"31.10.2025","1.287,00","1.291,80","1.294,40","1.281,80","0,04K","0,48%"
"30.10.2025","1.280,80","1.287,20","1.291,60","1.280,80","","-0,34%"
"29.10.2025","1.285,20","1.287,40","1.289,40","1.282,20","0,03K","0,36%"
"28.10.2025","1.280,60","1.269,00","1.280,60","1.268,60","0,12K","0,69%"
"27.10.2025","1.271,80","1.264,60","1.271,80","1.263,60","0,02K","1,58%"
"24.10.2025","1.252,00","1.243,60","1.252,00","1.242,80","0,01K","0,94%"
"23.10.2025","1.240,40","1.233,00","1.240,40","1.227,40","","1,61%"
"22.10.2025","1.220,80","1.241,00","1.243,60","1.218,00","0,04K","-1,60%"
"21.10.2025","1.240,60","1.238,40","1.241,60","1.237,60","0,00K","0,23%"
"20.10.2025","1.237,80","1.226,80","1.239,20","1.223,60","0,04K","1,99%"
"17.10.2025","1.213,60","1.194,20","1.214,20","1.188,60","0,01K","0,02%"
"16.10.2025","1.213,40","1.222,60","1.226,20","1.208,00","0,00K","0,17%"
"15.10.2025","1.211,40","1.218,00","1.229,20","1.211,40","0,02K","-0,88%"
"14.10.2025","1.222,20","1.215,80","1.222,40","1.204,00","0,03K","-0,15%"
"13.10.2025","1.224,00","1.213,00","1.225,80","1.213,00","0,01K","1,51%"
"10.10.2025","1.205,80","1.245,40","1.245,60","1.205,80","0,06K","-2,76%"
"09.10.2025","1.240,00","1.241,00","1.242,60","1.239,20","0,00K","0,19%"
"08.10.2025","1.237,60","1.226,20","1.238,20","1.224,60","0,00K","1,49%"
"07.10.2025","1.219,40","1.224,00","1.231,40","1.219,20","0,03K","-0,38%"
"06.10.2025","1.224,00","1.217,80","1.227,60","1.217,80","0,04K","0,97%"
"03.10.2025","1.212,20","1.221,80","1.221,80","1.212,20","0,01K","-0,36%"
"02.10.2025","1.216,60","1.214,40","1.218,00","1.213,20","0,00K","0,48%"
"01.10.2025","1.210,80","1.190,60","1.210,80","1.190,60","0,01K","1,25%"
"30.09.2025","1.195,80","1.199,60","1.202,00","1.195,80","0,00K","-0,42%"
"29.09.2025","1.200,80","1.203,60","1.207,40","1.200,80","0,01K","0,13%"
"26.09.2025","1.199,20","1.198,60","1.200,40","1.193,40","0,04K","0,10%"
"25.09.2025","1.198,00","1.195,40","1.199,20","1.188,00","0,01K","0,15%"
"24.09.2025","1.196,20","1.196,40","1.203,20","1.193,00","0,07K","0,27%"
"23.09.2025","1.193,00","1.203,20","1.204,80","1.193,00","0,03K","-0,83%"
"22.09.2025","1.203,00","1.201,80","1.203,00","1.193,80","0,01K","0,40%"
"19.09.2025","1.198,20","1.189,60","1.199,20","1.189,60","0,00K","0,67%"
"18.09.2025","1.190,20","1.183,60","1.194,60","1.182,00","0,02K","2,29%"
"17.09.2025","1.163,60","1.176,00","1.176,20","1.163,60","0,04K","-0,89%"
"16.09.2025","1.174,00","1.183,20","1.184,00","1.171,60","0,03K","-0,59%"
"15.09.2025","1.181,00","1.178,20","1.181,80","1.175,00","0,03K","0,41%"
"12.09.2025","1.176,20","1.171,40","1.178,00","1.171,20","","0,32%"
"11.09.2025","1.172,40","1.171,80","1.174,00","1.168,60","0,07K","0,36%"
"10.09.2025","1.168,20","1.168,40","1.173,00","1.168,20","0,03K","0,31%"
"09.09.2025","1.164,60","1.161,60","1.164,60","1.159,00","","0,40%"
"08.09.2025","1.160,00","1.160,00","1.162,80","1.158,00","0,04K","0,66%"
"05.09.2025","1.152,40","1.165,60","1.165,60","1.148,80","0,02K","-0,59%"
"04.09.2025","1.159,20","1.153,80","1.159,20","1.152,80","0,01K","0,99%"
"03.09.2025","1.147,80","1.148,80","1.151,80","1.146,80","0,00K","0,65%"
"02.09.2025","1.140,40","1.146,60","1.147,20","1.132,20","0,03K","-0,70%"
"01.09.2025","1.148,40","1.144,00","1.148,40","1.144,00","0,01K","0,28%"
"29.08.2025","1.145,20","1.162,60","1.162,60","1.145,20","0,01K","-1,41%"
"28.08.2025","1.161,60","1.160,00","1.162,20","1.156,40","0,02K","-0,03%"
"27.08.2025","1.162,00","1.161,60","1.164,60","1.158,00","0,03K","0,75%"
"26.08.2025","1.153,40","1.152,20","1.154,40","1.149,20","0,02K","-0,24%"
"25.08.2025","1.156,20","1.147,40","1.156,20","1.146,60","","0,54%"
"22.08.2025","1.150,00","1.140,00","1.152,40","1.140,00","0,02K","0,91%"
"21.08.2025","1.139,60","1.144,80","1.146,80","1.139,00","0,02K","-0,02%"
"20.08.2025","1.139,80","1.147,60","1.149,40","1.129,20","0,01K","-0,94%"
"19.08.2025","1.150,60","1.162,00","1.163,00","1.150,60","0,00K","-1,08%"
"18.08.2025","1.163,20","1.163,20","1.164,60","1.161,20","0,01K","0,17%"
"15.08.2025","1.161,20","1.170,60","1.170,80","1.160,20","0,01K","-1,21%"
"14.08.2025","1.175,40","1.165,80","1.175,40","1.164,60","0,10K","0,91%"
"13.08.2025","1.164,80","1.168,60","1.172,40","1.164,80","0,01K","-0,38%"
"12.08.2025","1.169,20","1.161,80","1.169,20","1.158,20","0,03K","0,27%"
"11.08.2025","1.166,00","1.160,60","1.168,60","1.159,20","0,07K","0,67%"
"08.08.2025","1.158,20","1.152,20","1.159,40","1.152,00","0,00K","0,98%"
"07.08.2025","1.147,00","1.147,40","1.158,20","1.147,00","0,01K","0,28%"
"06.08.2025","1.143,80","1.143,20","1.144,60","1.136,00","","0,16%"
"05.08.2025","1.142,00","1.153,20","1.155,60","1.140,80","0,03K","-0,38%"
"04.08.2025","1.146,40","1.131,20","1.146,40","1.130,60","0,01K","1,56%"
"01.08.2025","1.128,80","1.160,80","1.160,80","1.128,80","0,02K","-3,54%"
"31.07.2025","1.170,20","1.183,60","1.186,60","1.169,40","0,01K","0,15%"
"30.07.2025","1.168,40","1.158,40","1.168,60","1.156,80","0,00K","0,88%"
"29.07.2025","1.158,20","1.158,40","1.165,00","1.158,00","0,18K","0,45%"
"28.07.2025","1.153,00","1.142,60","1.153,00","1.142,60","0,03K","1,34%"
"25.07.2025","1.137,80","1.134,60","1.138,40","1.132,00","0,00K","0,42%"
"24.07.2025","1.133,00","1.131,00","1.133,40","1.128,40","0,01K","0,75%"
"23.07.2025","1.124,60","1.127,60","1.129,20","1.124,20","0,01K","-0,04%"
"22.07.2025","1.125,00","1.134,80","1.136,40","1.123,20","0,20K","-1,26%"
"21.07.2025","1.139,40","1.138,20","1.139,80","1.134,80","0,01K","0,28%"
"18.07.2025","1.136,20","1.139,00","1.139,20","1.133,00","0,00K","-0,42%"
"17.07.2025","1.141,00","1.131,60","1.141,60","1.131,60","","1,49%"
"16.07.2025","1.124,20","1.124,80","1.131,20","1.110,60","0,06K","-0,65%"
"15.07.2025","1.131,60","1.126,20","1.134,00","1.125,60","0,08K","0,71%"
"14.07.2025","1.123,60","1.112,20","1.123,60","1.110,60","0,02K","0,63%"
"11.07.2025","1.116,60","1.116,40","1.119,40","1.111,80","0,00K","-0,23%"
"10.07.2025","1.119,20","1.112,80","1.120,80","1.112,80","0,01K","0,39%"
"09.07.2025","1.114,80","1.107,40","1.120,40","1.107,40","0,00K","0,38%"
"08.07.2025","1.110,60","1.109,20","1.114,60","1.108,20","0,08K","0,16%"
"07.07.2025","1.108,80","1.107,40","1.112,60","1.107,40","0,00K","0,40%"
"04.07.2025","1.104,40","1.107,80","1.107,80","1.104,40","","-0,84%"
"03.07.2025","1.113,80","1.101,00","1.115,20","1.099,80","0,12K","1,42%"
"02.07.2025","1.098,20","1.095,80","1.101,20","1.091,00","0,00K","0,37%"
"01.07.2025","1.094,20","1.100,40","1.100,40","1.091,20","0,15K","-0,58%"
"30.06.2025","1.100,60","1.107,80","1.109,20","1.100,60","0,01K","0,05%"
"27.06.2025","1.100,00","1.103,40","1.104,00","1.099,40","0,02K","0,29%"
"26.06.2025","1.096,80","1.092,80","1.096,80","1.089,60","0,01K","0,22%"
"25.06.2025","1.094,40","1.096,00","1.100,80","1.093,40","0,00K","0,20%"
"24.06.2025","1.092,20","1.088,00","1.093,20","1.088,00","0,07K","1,02%"
"23.06.2025","1.081,20","1.077,40","1.082,40","1.076,40","0,00K","0,90%"
"20.06.2025","1.071,60","1.079,00","1.086,00","1.069,40","0,02K","-0,19%"
"19.06.2025","1.073,60","1.078,60","1.079,40","1.072,20","","-0,92%"
"18.06.2025","1.083,60","1.083,40","1.088,20","1.082,60","","-0,06%"
"17.06.2025","1.084,20","1.080,60","1.087,00","1.079,80","0,01K","-0,06%"
"16.06.2025","1.084,80","1.074,60","1.086,60","1.074,60","0,05K","0,50%"
"13.06.2025","1.079,40","1.069,60","1.082,00","1.069,60","0,05K","-0,50%"
"12.06.2025","1.084,80","1.084,80","1.085,40","1.073,40","0,01K","-0,91%"
"11.06.2025","1.094,80","1.098,00","1.099,60","1.092,00","0,03K","-0,11%"
"10.06.2025","1.096,00","1.096,40","1.098,20","1.092,00","0,02K","0,16%"
"09.06.2025","1.094,20","1.089,40","1.098,20","1.089,40","","0,09%"
"06.06.2025","1.093,20","1.083,20","1.095,40","1.083,20","0,03K","0,48%"
"05.06.2025","1.088,00","1.092,00","1.094,60","1.083,20","0,02K","0,00%"
"04.06.2025","1.088,00","1.088,80","1.092,80","1.085,80","0,99K","-0,27%"
"03.06.2025","1.091,00","1.072,00","1.091,80","1.071,00","0,05K","1,64%"
"02.06.2025","1.073,40","1.059,80","1.073,60","1.059,80","0,02K","0,69%"
"30.05.2025","1.066,00","1.076,20","1.078,80","1.063,40","0,01K","-1,00%"
"29.05.2025","1.076,80","1.103,40","1.107,00","1.075,60","0,01K","-0,79%"
"28.05.2025","1.085,40","1.082,20","1.087,60","1.079,20","","0,30%"
"27.05.2025","1.082,20","1.072,40","1.082,20","1.069,00","0,01K","1,39%"
"26.05.2025","1.067,40","1.065,20","1.068,40","1.065,20","","0,93%"
"23.05.2025","1.057,60","1.068,40","1.068,40","1.048,20","0,01K","-1,64%"
"22.05.2025","1.075,20","1.070,00","1.075,80","1.062,80","0,02K","0,47%"
"21.05.2025","1.070,20","1.074,80","1.083,40","1.067,80","0,39K","-1,33%"
"20.05.2025","1.084,60","1.086,60","1.089,20","1.083,60","0,01K","-0,77%"
"19.05.2025","1.093,00","1.083,00","1.093,80","1.069,20","0,03K","-0,47%"
"16.05.2025","1.098,20","1.087,20","1.098,20","1.087,20","0,00K","0,18%"
"15.05.2025","1.096,20","1.084,80","1.096,20","1.078,80","0,00K","0,92%"
"14.05.2025","1.086,20","1.087,20","1.089,60","1.077,00","0,00K","-0,09%"
"13.05.2025","1.087,20","1.071,00","1.087,20","1.069,20","0,02K","0,82%"
"12.05.2025","1.078,40","1.066,80","1.078,60","1.064,00","0,04K","5,91%"
"09.05.2025","1.018,20","1.022,60","1.025,20","1.014,40","0,01K","-1,22%"
"08.05.2025","1.030,80","1.018,20","1.031,80","1.014,00","0,02K","3,76%"
"07.05.2025","993,40","1.003,00","1.004,20","993,40","0,04K","-0,26%"
"06.05.2025","996,00","1.002,40","1.003,40","995,50","0,03K","-1,68%"
"05.05.2025","1.013,00","1.009,40","1.014,60","1.002,80","0,08K","-0,41%"
"02.05.2025","1.017,20","1.002,80","1.017,20","998,60","0,11K","4,29%"
"30.04.2025","975,40","977,90","982,20","961,80","0,04K","-0,13%"
"29.04.2025","976,70","978,90","979,10","973,30","","1,49%"
"28.04.2025","962,40","976,00","980,70","961,70","0,04K","-1,73%"
"25.04.2025","979,30","973,30","979,30","963,50","0,13K","1,71%"
"24.04.2025","962,80","935,70","962,80","932,10","","1,48%"
"23.04.2025","948,80","935,70","956,70","935,50","0,02K","4,28%"
"22.04.2025","909,90","895,10","918,30","893,00","0,03K","-1,66%"
"17.04.2025","925,30","928,20","932,00","915,70","0,01K","0,16%"
"16.04.2025","923,80","927,60","936,90","923,80","0,01K","-3,07%"
"15.04.2025","953,10","942,90","959,00","942,90","0,00K","-0,25%"
"14.04.2025","955,50","954,20","964,50","939,90","0,11K","1,85%"
"11.04.2025","938,10","941,40","944,30","915,90","0,04K","1,02%"
"10.04.2025","928,60","987,80","987,80","921,80","0,79K","-7,97%"
"09.04.2025","1.009,00","871,40","1.009,00","870,00","0,86K","13,27%"
"08.04.2025","890,80","922,10","954,40","890,80","0,29K","-1,95%"
"07.04.2025","908,50","864,80","925,00","848,90","1,29K","-2,21%"
"04.04.2025","929,00","955,20","959,60","917,20","0,22K","-3,63%"
"03.04.2025","964,00","985,70","989,40","958,40","0,40K","-7,02%"
"02.04.2025","1.036,80","1.028,40","1.037,00","1.015,40","0,00K","1,07%"
"01.04.2025","1.025,80","1.017,00","1.027,80","1.012,80","0,00K","1,75%"
"31.03.2025","1.008,20","1.006,20","1.009,60","1.001,00","0,03K","-1,16%"
"28.03.2025","1.020,00","1.046,20","1.049,20","1.020,00","0,14K","-3,12%"
"27.03.2025","1.052,80","1.057,00","1.059,60","1.048,60","","-0,49%"
"26.03.2025","1.058,00","1.074,60","1.076,00","1.058,00","0,09K","-1,25%"
"25.03.2025","1.071,40","1.067,40","1.073,00","1.065,80","0,01K","0,51%"
"24.03.2025","1.066,00","1.053,60","1.068,40","1.053,60","0,08K","2,64%"
"21.03.2025","1.038,60","1.037,40","1.040,00","1.030,40","","0,12%"
"20.03.2025","1.037,40","1.045,60","1.049,60","1.033,80","0,05K","0,29%"
"19.03.2025","1.034,40","1.021,80","1.035,00","1.021,80","0,03K","1,49%"
"18.03.2025","1.019,20","1.035,80","1.035,80","1.017,40","0,01K","-2,38%"
"17.03.2025","1.044,00","1.028,80","1.044,00","1.027,40","0,07K","0,66%"
"14.03.2025","1.037,20","1.023,40","1.037,20","1.020,40","0,11K","1,95%"
"13.03.2025","1.017,40","1.025,00","1.030,60","1.011,20","0,02K","-0,99%"
"12.03.2025","1.027,60","1.017,60","1.037,00","1.017,60","0,08K","1,02%"
"11.03.2025","1.017,20","1.024,60","1.026,40","1.005,20","0,14K","-1,13%"
"10.03.2025","1.028,80","1.059,40","1.060,20","1.023,00","0,33K","-3,56%"
"07.03.2025","1.066,80","1.063,40","1.066,80","1.044,00","0,07K","0,06%"
"06.03.2025","1.066,20","1.089,80","1.090,60","1.065,00","0,04K","-2,70%"
"05.03.2025","1.095,80","1.099,80","1.099,80","1.074,20","0,26K","-1,26%"
"04.03.2025","1.109,80","1.118,60","1.118,60","1.093,00","0,21K","-1,12%"
"03.03.2025","1.122,40","1.151,40","1.151,40","1.122,40","0,03K","-0,97%"
"28.02.2025","1.133,40","1.130,00","1.137,40","1.127,00","0,11K","-0,18%"
"27.02.2025","1.135,40","1.160,40","1.165,60","1.135,40","0,04K","-1,37%"
"26.02.2025","1.151,20","1.155,00","1.161,20","1.151,20","0,00K","0,14%"
"25.02.2025","1.149,60","1.167,20","1.167,20","1.143,80","0,02K","-2,31%"
"24.02.2025","1.176,80","1.180,80","1.187,00","1.172,00","0,04K","-0,54%"
"21.02.2025","1.183,20","1.204,80","1.211,00","1.183,20","0,09K","-1,35%"
"20.02.2025","1.199,40","1.209,80","1.213,00","1.197,20","0,01K","-1,46%"
"19.02.2025","1.217,20","1.212,60","1.217,20","1.209,40","0,11K","0,63%"
"18.02.2025","1.209,60","1.214,40","1.216,40","1.207,80","0,05K","0,07%"
"17.02.2025","1.208,80","1.210,60","1.211,20","1.207,80","0,04K","0,58%"
"14.02.2025","1.201,80","1.206,00","1.206,00","1.198,20","0,01K","0,23%"
"13.02.2025","1.199,00","1.191,20","1.201,80","1.191,20","0,00K","0,55%"
"12.02.2025","1.192,40","1.196,20","1.198,00","1.186,60","0,03K","-0,70%"
"11.02.2025","1.200,80","1.202,20","1.203,00","1.196,20","0,01K","-0,61%"
"10.02.2025","1.208,20","1.198,00","1.208,20","1.196,00","0,02K","0,99%"
"07.02.2025","1.196,40","1.198,40","1.204,00","1.192,60","0,06K","-0,25%"
"06.02.2025","1.199,40","1.194,80","1.199,40","1.193,40","0,07K","1,08%"
"05.02.2025","1.186,60","1.178,00","1.186,60","1.173,00","0,04K","0,12%"
"04.02.2025","1.185,20","1.182,00","1.187,20","1.175,00","0,01K","0,05%"
"03.02.2025","1.184,60","1.178,20","1.184,60","1.173,40","0,07K","-0,84%"
"31.01.2025","1.194,60","1.190,00","1.201,60","1.190,00","0,05K","1,53%"
"30.01.2025","1.176,60","1.184,00","1.184,40","1.169,60","0,01K","0,39%"
"29.01.2025","1.172,00","1.181,60","1.184,20","1.167,20","0,08K","-0,54%"
"28.01.2025","1.178,40","1.158,00","1.178,40","1.158,00","0,12K","2,63%"
"27.01.2025","1.148,20","1.160,00","1.160,00","1.131,80","0,22K","-3,17%"
"24.01.2025","1.185,80","1.193,40","1.195,20","1.185,20","0,06K","-0,85%"
"23.01.2025","1.196,00","1.197,00","1.198,60","1.193,60","0,01K","-0,30%"
"22.01.2025","1.199,60","1.192,60","1.204,40","1.189,00","0,14K","1,35%"
"21.01.2025","1.183,60","1.185,60","1.191,20","1.178,80","0,00K","-0,12%"
"20.01.2025","1.185,00","1.188,40","1.190,80","1.183,20","0,09K","-0,80%"
"17.01.2025","1.194,60","1.174,40","1.194,60","1.174,20","0,00K","1,56%"
"16.01.2025","1.176,20","1.181,80","1.187,40","1.176,20","0,02K","-0,08%"
"15.01.2025","1.177,20","1.155,00","1.177,20","1.153,40","0,01K","2,01%"
"14.01.2025","1.154,00","1.165,40","1.167,40","1.148,80","0,00K","-0,45%"
"13.01.2025","1.159,20","1.162,20","1.162,20","1.149,40","0,15K","-0,79%"
"10.01.2025","1.168,40","1.171,60","1.175,00","1.158,80","0,03K","-0,66%"
"09.01.2025","1.176,20","1.171,80","1.176,20","1.170,80","0,10K","0,38%"
"08.01.2025","1.171,80","1.171,20","1.178,80","1.169,80","0,04K","-0,29%"
"07.01.2025","1.175,20","1.183,00","1.187,00","1.173,00","0,12K","-0,79%"
"06.01.2025","1.184,60","1.185,20","1.194,20","1.181,20","0,31K","0,15%"
"03.01.2025","1.182,80","1.171,00","1.183,20","1.168,80","0,31K","1,91%"
"02.01.2025","1.160,60","1.166,80","1.177,20","1.160,60","0,08K","-0,36%"
"30.12.2024","1.164,80","1.175,80","1.177,00","1.164,80","0,09K","-0,60%"
"27.12.2024","1.171,80","1.192,00","1.192,00","1.169,00","0,09K","-0,58%"
"23.12.2024","1.178,60","1.176,40","1.179,80","1.171,00","0,03K","0,37%"
"20.12.2024","1.174,20","1.157,00","1.177,20","1.143,40","0,04K","0,27%"
"19.12.2024","1.171,00","1.165,20","1.176,20","1.164,20","0,10K","0,22%"
"18.12.2024","1.168,40","1.200,60","1.202,00","1.168,40","0,06K","-2,49%"
"17.12.2024","1.198,20","1.202,20","1.204,20","1.194,00","0,10K","-0,33%"
"16.12.2024","1.202,20","1.183,60","1.202,20","1.183,60","0,01K","1,64%"
"13.12.2024","1.182,80","1.186,80","1.187,80","1.178,60","0,10K","0,02%"
"12.12.2024","1.182,60","1.179,60","1.184,20","1.179,40","0,00K","-0,32%"
"11.12.2024","1.186,40","1.162,20","1.186,80","1.162,20","0,02K","2,28%"
"10.12.2024","1.160,00","1.159,40","1.171,20","1.159,40","0,05K","-0,14%"
"09.12.2024","1.161,60","1.172,20","1.172,20","1.159,80","0,02K","-0,77%"
"06.12.2024","1.170,60","1.157,40","1.170,60","1.154,80","0,03K","0,88%"
"05.12.2024","1.160,40","1.163,60","1.166,20","1.160,40","0,01K","-0,33%"
"04.12.2024","1.164,20","1.157,60","1.167,20","1.157,20","0,05K","0,94%"
"03.12.2024","1.153,40","1.154,20","1.154,20","1.145,80","0,02K","0,07%"
"02.12.2024","1.152,60","1.135,00","1.154,00","1.134,80","0,02K","1,95%"
"29.11.2024","1.130,60","1.124,00","1.134,00","1.124,00","0,15K","0,25%"
"28.11.2024","1.127,80","1.127,40","1.129,40","1.126,40","0,14K","0,66%"
"27.11.2024","1.120,40","1.135,20","1.135,20","1.115,40","0,02K","-1,89%"
"26.11.2024","1.142,00","1.135,00","1.142,00","1.132,00","0,11K","0,87%"
"25.11.2024","1.132,20","1.140,00","1.141,60","1.132,20","0,09K","-0,60%"
"22.11.2024","1.139,00","1.130,40","1.140,00","1.129,40","0,05K","0,57%"
"21.11.2024","1.132,60","1.118,00","1.132,60","1.111,00","0,01K","1,16%"
"20.11.2024","1.119,60","1.117,80","1.121,80","1.109,80","0,01K","0,47%"
"19.11.2024","1.114,40","1.111,20","1.114,40","1.099,40","0,01K","0,51%"
"18.11.2024","1.108,80","1.115,00","1.115,00","1.105,80","0,05K","0,31%"
"15.11.2024","1.105,40","1.125,60","1.125,60","1.103,20","0,26K","-2,76%"
"14.11.2024","1.136,80","1.137,80","1.144,80","1.134,20","0,02K","-0,53%"
"13.11.2024","1.142,80","1.131,00","1.142,80","1.130,20","0,15K","0,85%"
"12.11.2024","1.133,20","1.134,60","1.137,40","1.129,20","0,06K","0,48%"
"11.11.2024","1.127,80","1.129,20","1.138,60","1.127,40","0,18K","-0,07%"
"08.11.2024","1.128,60","1.119,80","1.128,60","1.113,60","0,15K","1,31%"
"07.11.2024","1.114,00","1.107,80","1.115,20","1.104,80","0,21K","1,00%"
"06.11.2024","1.103,00","1.096,80","1.103,00","1.090,20","0,09K","4,55%"
"05.11.2024","1.055,00","1.049,60","1.058,80","1.049,60","0,02K","0,36%"
"04.11.2024","1.051,20","1.054,80","1.054,80","1.045,60","0,07K","-0,47%"
"01.11.2024","1.056,20","1.048,00","1.060,40","1.047,60","0,11K","1,03%"
"31.10.2024","1.045,40","1.064,00","1.065,20","1.045,40","0,14K","-2,86%"
"30.10.2024","1.076,20","1.086,00","1.087,00","1.075,00","0,23K","-1,12%"
"29.10.2024","1.088,40","1.076,40","1.088,40","1.075,00","0,02K","1,04%"
"28.10.2024","1.077,20","1.084,60","1.085,60","1.077,00","0,11K","-0,11%"
"25.10.2024","1.078,40","1.069,40","1.083,40","1.068,80","0,06K","1,07%"
"24.10.2024","1.067,00","1.073,00","1.073,00","1.065,20","0,03K","0,55%"
"23.10.2024","1.061,20","1.079,20","1.079,20","1.061,20","0,04K","-1,32%"
"22.10.2024","1.075,40","1.072,00","1.075,40","1.068,00","0,04K","0,26%"
"21.10.2024","1.072,60","1.068,80","1.072,80","1.063,40","0,06K","0,26%"
"18.10.2024","1.069,80","1.066,60","1.070,40","1.066,60","0,03K","-0,22%"
"17.10.2024","1.072,20","1.064,40","1.077,80","1.064,40","0,06K","1,21%"
"16.10.2024","1.059,40","1.059,80","1.060,20","1.056,60","0,04K","0,09%"
"15.10.2024","1.058,40","1.071,00","1.071,40","1.058,40","0,08K","-1,29%"
"14.10.2024","1.072,20","1.058,20","1.072,20","1.058,20","0,16K","1,40%"
"11.10.2024","1.057,40","1.057,40","1.059,40","1.053,80","0,09K","-0,38%"
"10.10.2024","1.061,40","1.057,80","1.061,80","1.053,20","0,11K","0,25%"
"09.10.2024","1.058,80","1.044,80","1.058,80","1.043,60","0,06K","1,65%"
"08.10.2024","1.041,60","1.028,40","1.043,00","1.028,40","0,03K","0,46%"
"07.10.2024","1.036,80","1.042,00","1.042,00","1.036,00","0,01K","-0,06%"
"04.10.2024","1.037,40","1.026,80","1.042,80","1.026,80","0,02K","1,43%"
"03.10.2024","1.022,80","1.018,20","1.029,20","1.018,20","0,01K","0,00%"
"02.10.2024","1.022,80","1.019,20","1.027,20","1.016,40","0,01K","0,61%"
"01.10.2024","1.016,60","1.029,40","1.036,20","1.014,00","0,19K","-0,72%"
"30.09.2024","1.024,00","1.021,40","1.027,60","1.015,60","0,01K","-0,04%"
"27.09.2024","1.024,40","1.028,60","1.030,40","1.024,40","0,00K","0,00%"
"26.09.2024","1.024,40","1.037,00","1.041,80","1.024,00","0,01K","-0,04%"
"25.09.2024","1.024,80","1.014,40","1.024,80","1.014,40","0,02K","0,45%"
"24.09.2024","1.020,20","1.021,00","1.023,20","1.011,80","0,02K","0,24%"
"23.09.2024","1.017,80","1.017,20","1.021,00","1.017,20","","0,61%"
"20.09.2024","1.011,60","1.013,00","1.014,60","1.009,60","0,01K","-0,84%"
"19.09.2024","1.020,20","1.008,00","1.020,80","1.007,40","0,17K","2,00%"
"18.09.2024","1.000,20","999,40","1.000,40","996,50","0,00K","0,10%"
"17.09.2024","999,20","999,80","1.003,40","996,10","","0,44%"
"16.09.2024","994,80","1.001,60","1.003,00","993,50","0,00K","-1,13%"
"13.09.2024","1.006,20","1.002,80","1.006,40","999,40","0,01K","0,36%"
"12.09.2024","1.002,60","1.000,40","1.002,60","995,20","0,01K","2,11%"
"11.09.2024","981,90","970,80","981,90","964,70","0,00K","1,13%"
"10.09.2024","970,90","962,40","971,60","962,40","0,00K","0,74%"
"09.09.2024","963,80","956,20","966,50","956,20","0,06K","1,31%"
"06.09.2024","951,30","967,70","974,20","950,20","0,20K","-2,15%"
"05.09.2024","972,20","974,50","983,20","968,50","0,00K","-0,10%"
"04.09.2024","973,20","973,50","980,70","971,80","0,10K","-1,53%"
"03.09.2024","988,30","1.010,60","1.011,20","988,00","0,04K","-2,26%"
"02.09.2024","1.011,20","1.009,60","1.012,40","1.005,40","0,03K","0,80%"
"30.08.2024","1.003,20","1.001,60","1.007,60","1.001,40","0,01K","0,22%"
"29.08.2024","1.001,00","988,20","1.011,40","988,00","0,07K","1,16%"
"28.08.2024","989,50","1.002,00","1.006,60","989,50","0,01K","-1,09%"
"27.08.2024","1.000,40","998,70","1.002,20","994,30","0,02K","0,28%"
"26.08.2024","997,60","1.008,00","1.010,20","995,90","0,01K","-0,50%"
"23.08.2024","1.002,60","1.006,00","1.011,00","1.000,80","0,03K","-0,40%"
"22.08.2024","1.006,60","1.015,80","1.020,20","1.006,60","0,01K","-0,61%"
"21.08.2024","1.012,80","1.013,00","1.017,40","1.009,60","0,00K","-0,02%"
"20.08.2024","1.013,00","1.022,00","1.023,00","1.011,40","0,05K","-0,08%"
"19.08.2024","1.013,80","1.008,00","1.013,80","1.005,40","0,01K","0,00%"
"16.08.2024","1.013,80","1.018,40","1.018,40","1.006,40","0,01K","0,22%"
"15.08.2024","1.011,60","990,30","1.011,60","987,60","0,02K","2,85%"
"14.08.2024","983,60","988,30","988,30","977,80","0,07K","-0,29%"
"13.08.2024","986,50","977,20","986,50","970,60","0,03K","1,91%"
"12.08.2024","968,00","968,80","973,60","968,00","0,00K","-0,01%"
"09.08.2024","968,10","962,80","968,90","959,50","0,02K","0,63%"
"08.08.2024","962,00","930,40","962,00","930,40","0,10K","2,29%"
"07.08.2024","940,50","952,50","959,00","938,00","0,18K","-1,15%"
"06.08.2024","951,40","951,00","956,50","939,60","0,13K","2,29%"
"05.08.2024","930,10","916,40","941,90","900,00","0,37K","-3,17%"
"02.08.2024","960,50","985,00","985,00","957,10","0,16K","-3,56%"
"01.08.2024","996,00","1.030,80","1.031,00","996,00","0,04K","-1,95%"
"31.07.2024","1.015,80","1.005,40","1.020,40","1.005,20","0,04K","2,53%"
"30.07.2024","990,70","1.005,00","1.010,40","985,40","0,01K","-1,76%"
"29.07.2024","1.008,40","1.006,40","1.013,20","1.002,60","0,03K","0,89%"
"26.07.2024","999,50","997,60","1.004,20","996,50","0,02K","-0,47%"
"25.07.2024","1.004,20","1.003,60","1.007,20","995,60","0,04K","-0,53%"
"24.07.2024","1.009,60","1.029,00","1.031,20","1.009,20","0,12K","-2,92%"
"23.07.2024","1.040,00","1.034,40","1.046,00","1.034,40","0,01K","0,00%"
"22.07.2024","1.040,00","1.029,40","1.040,00","1.028,40","0,06K","1,42%"
"19.07.2024","1.025,40","1.031,60","1.035,20","1.022,40","0,06K","-0,54%"
"18.07.2024","1.031,00","1.038,20","1.042,80","1.026,00","0,01K","-0,48%"
"17.07.2024","1.036,00","1.057,40","1.057,40","1.036,00","0,03K","-3,00%"
"16.07.2024","1.068,00","1.071,00","1.073,20","1.063,20","0,01K","0,00%"
"15.07.2024","1.068,00","1.064,40","1.074,00","1.064,40","0,15K","-0,32%"
"12.07.2024","1.071,40","1.061,80","1.071,40","1.059,20","0,07K","0,79%"
"11.07.2024","1.063,00","1.088,40","1.089,00","1.063,00","0,05K","-2,30%"
"10.07.2024","1.088,00","1.080,80","1.088,00","1.080,60","0,02K","0,76%"
"09.07.2024","1.079,80","1.080,20","1.082,60","1.078,60","0,05K","0,39%"
"08.07.2024","1.075,60","1.074,40","1.077,00","1.073,20","0,02K","0,22%"
"05.07.2024","1.073,20","1.066,20","1.074,40","1.064,20","0,01K","0,77%"
"04.07.2024","1.065,00","1.067,40","1.067,40","1.063,60","0,00K","-0,22%"
"03.07.2024","1.067,40","1.062,20","1.067,40","1.058,00","0,26K","0,68%"
"02.07.2024","1.060,20","1.050,80","1.060,20","1.048,60","0,30K","0,88%"
"01.07.2024","1.051,00","1.047,60","1.051,60","1.043,20","0,16K","0,17%"
"28.06.2024","1.049,20","1.060,40","1.067,00","1.049,20","0,03K","-0,63%"
"27.06.2024","1.055,80","1.051,80","1.057,20","1.051,00","0,01K","0,38%"
"26.06.2024","1.051,80","1.054,20","1.057,40","1.051,20","0,02K","0,59%"
"25.06.2024","1.045,60","1.038,20","1.048,80","1.037,20","0,07K","0,56%"
"24.06.2024","1.039,80","1.053,20","1.053,20","1.039,80","0,04K","-1,25%"
"21.06.2024","1.053,00","1.055,00","1.057,40","1.050,80","0,03K","0,38%"
"20.06.2024","1.049,00","1.064,40","1.068,20","1.049,00","0,09K","-0,98%"
"19.06.2024","1.059,40","1.059,20","1.061,00","1.059,00","0,01K","0,17%"
"18.06.2024","1.057,60","1.059,20","1.062,60","1.054,60","0,01K","-0,38%"
"17.06.2024","1.061,60","1.050,40","1.061,60","1.047,20","0,04K","1,38%"
"14.06.2024","1.047,20","1.044,20","1.049,20","1.041,80","0,37K","0,89%"
"13.06.2024","1.038,00","1.037,40","1.038,00","1.034,20","0,05K","1,23%"
"12.06.2024","1.025,40","1.022,00","1.026,60","1.020,20","0,13K","1,04%"
"11.06.2024","1.014,80","1.010,80","1.016,60","1.010,20","0,12K","0,53%"
"10.06.2024","1.009,40","1.009,60","1.012,20","1.006,00","0,08K","0,06%"
"07.06.2024","1.008,80","998,30","1.010,00","996,70","0,00K","1,29%"
"06.06.2024","996,00","998,00","1.001,00","996,00","0,03K","-0,08%"
"05.06.2024","996,80","980,70","996,80","979,90","0,05K","2,14%"
"04.06.2024","975,90","971,20","975,90","969,50","0,00K","0,60%"
"03.06.2024","970,10","978,10","982,50","967,40","0,02K","0,78%"
"31.05.2024","962,60","974,50","976,20","959,10","0,03K","-2,00%"
"30.05.2024","982,20","984,20","986,90","978,70","0,04K","-0,85%"
"29.05.2024","990,60","988,50","991,80","984,10","0,03K","0,36%"
"28.05.2024","987,00","989,60","992,60","987,00","0,01K","-0,48%"
"27.05.2024","991,80","989,00","992,00","988,00","0,00K","0,18%"
"24.05.2024","990,00","984,00","990,70","982,30","0,09K","0,17%"
"23.05.2024","988,30","994,40","996,10","988,30","0,05K","0,26%"
"22.05.2024","985,70","983,40","987,70","983,40","0,04K","0,43%"
"21.05.2024","981,50","980,80","982,20","977,60","0,01K","0,19%"
"20.05.2024","979,60","974,90","981,60","974,40","0,03K","0,75%"
"17.05.2024","972,30","975,50","978,40","972,30","0,06K","-0,39%"
"16.05.2024","976,10","977,20","978,90","976,10","0,01K","0,16%"
"15.05.2024","974,50","965,00","974,50","964,20","0,05K","1,47%"
"14.05.2024","960,40","961,40","963,70","958,90","0,00K","-0,16%"
"13.05.2024","961,90","964,00","964,00","961,10","0,04K","0,25%"
"10.05.2024","959,50","960,70","963,30","959,30","0,00K","0,15%"
"09.05.2024","958,10","957,50","960,10","957,00","0,00K","-0,09%"
"08.05.2024","959,00","954,50","960,00","954,50","0,02K","-0,06%"
"07.05.2024","959,60","958,10","961,00","956,30","0,05K","0,71%"
"06.05.2024","952,80","947,90","952,80","947,90","0,03K","0,55%"
"03.05.2024","947,60","936,40","947,60","936,20","0,10K","1,91%"
"02.05.2024","929,80","927,40","931,80","927,40","0,05K","-0,97%"
"30.04.2024","938,90","946,90","947,20","938,00","0,02K","-0,72%"
"29.04.2024","945,70","946,50","947,90","944,90","0,02K","-0,02%"
"26.04.2024","945,90","938,20","946,60","938,20","0,02K","1,85%"
"25.04.2024","928,70","920,00","928,70","918,00","0,02K","-0,80%"
"24.04.2024","936,20","938,20","938,70","931,80","0,02K","0,56%"
"23.04.2024","931,00","921,60","931,00","918,90","0,01K","1,21%"
"22.04.2024","919,90","916,20","920,30","912,30","0,01K","0,31%"
"19.04.2024","917,10","924,50","927,80","915,10","0,04K","-1,68%"
"18.04.2024","932,80","939,20","939,20","932,80","0,00K","-0,82%"
"17.04.2024","940,50","947,20","952,50","937,20","0,03K","-1,12%"
"16.04.2024","951,20","950,80","953,30","947,00","0,04K","-0,07%"
"15.04.2024","951,90","967,50","972,90","951,70","0,05K","-1,10%"
"12.04.2024","962,50","974,90","977,80","962,50","0,06K","-0,77%"
"11.04.2024","970,00","956,30","970,00","954,20","0,00K","1,44%"
"10.04.2024","956,20","955,60","956,30","946,50","0,02K","0,49%"
"09.04.2024","951,50","951,60","953,60","946,70","0,02K","0,03%"
"08.04.2024","951,20","952,80","953,90","950,80","0,03K","-0,50%"
"05.04.2024","956,00","943,50","957,40","943,50","0,00K","1,15%"
"04.04.2024","945,10","957,90","963,30","945,10","0,04K","-1,45%"
"03.04.2024","959,00","957,30","960,80","954,10","0,01K","0,21%"
"02.04.2024","957,00","970,60","970,60","955,30","0,05K","-0,76%"
"28.03.2024","964,30","963,30","966,60","962,80","0,06K","0,37%"
"27.03.2024","960,70","963,20","966,00","958,90","0,00K","-0,39%"
"26.03.2024","964,50","964,40","966,00","963,10","0,00K","0,05%"
"25.03.2024","964,00","965,30","965,70","960,30","0,05K","-0,54%"
"22.03.2024","969,20","967,80","970,00","962,10","0,00K","0,48%"
"21.03.2024","964,60","959,10","968,80","959,00","0,01K","1,85%"
"20.03.2024","947,10","946,40","950,50","945,70","0,02K","0,74%"
"19.03.2024","940,10","941,20","945,00","939,10","0,00K","-0,73%"
"18.03.2024","947,00","938,00","947,00","937,30","0,01K","1,06%"
"15.03.2024","937,10","941,50","945,40","933,50","0,02K","-0,96%"
"14.03.2024","946,20","946,90","946,90","940,00","0,04K","0,24%"
"13.03.2024","943,90","950,70","950,70","940,00","0,07K","-0,65%"
"12.03.2024","950,10","941,50","950,40","940,70","0,02K","1,40%"
"11.03.2024","937,00","939,60","939,60","936,10","0,04K","-0,94%"
"08.03.2024","945,90","950,50","957,70","945,90","0,04K","-0,88%"
"07.03.2024","954,30","938,20","954,30","937,50","0,10K","0,91%"
"06.03.2024","945,70","943,10","946,80","943,10","0,08K","0,70%"
"05.03.2024","939,10","954,30","954,30","939,10","0,14K","-2,23%"
"04.03.2024","960,50","963,00","964,30","960,50","0,08K","0,34%"
"01.03.2024","957,20","954,10","957,20","950,40","0,04K","1,95%"
"29.02.2024","938,90","939,20","939,20","937,10","","-0,20%"
"28.02.2024","940,80","945,50","945,50","940,00","0,07K","-0,32%"
"27.02.2024","943,80","940,80","944,60","940,80","0,06K","-0,01%"
"26.02.2024","943,90","942,10","944,20","942,10","0,02K","-0,22%"
"23.02.2024","946,00","946,60","948,90","944,40","0,10K","0,29%"
"22.02.2024","943,30","933,50","943,30","933,50","0,02K","2,87%"
"21.02.2024","917,00","922,50","922,60","917,00","0,04K","-0,48%"
"20.02.2024","921,40","934,30","934,30","921,40","0,08K","-1,82%"
"19.02.2024","938,50","936,30","938,50","936,30","0,16K","-1,14%"
"16.02.2024","949,30","947,00","950,40","947,00","0,02K","0,87%"
"15.02.2024","941,10","946,80","946,80","941,10","","-0,11%"
"14.02.2024","942,10","937,60","944,00","937,60","0,06K","0,11%"
"13.02.2024","941,10","945,30","945,30","941,10","","-0,60%"
"12.02.2024","946,80","947,70","953,20","946,80","2,77K","-0,17%"
"09.02.2024","948,40","940,20","948,90","940,20","0,17K","0,96%"
"08.02.2024","939,40","938,40","939,40","938,40","0,02K","0,00%"
"07.02.2024","939,40","930,00","939,40","929,00","0,04K","1,24%"
"06.02.2024","927,90","934,80","937,10","927,90","0,04K","-0,58%"
"05.02.2024","933,30","930,80","934,30","930,60","0,21K","0,33%"
"02.02.2024","930,20","916,20","930,20","915,90","0,04K","2,91%"
"01.02.2024","903,90","906,00","909,90","903,90","0,15K","-0,43%"
"31.01.2024","907,80","912,70","912,70","903,80","0,00K","-1,21%"
"30.01.2024","918,90","925,30","927,30","918,90","0,02K","-0,35%"
"29.01.2024","922,10","915,40","922,10","915,40","0,02K","0,92%"
"26.01.2024","913,70","915,20","918,10","913,00","0,07K","-0,64%"
"25.01.2024","919,60","915,80","925,30","915,60","0,02K","0,22%"
"24.01.2024","917,60","916,90","917,60","916,30","0,02K","0,79%"
"23.01.2024","910,40","905,80","910,60","904,80","0,36K","0,00%"
"22.01.2024","910,40","910,00","911,30","909,90","0,13K","0,76%"
"19.01.2024","903,50","892,60","903,50","892,60","0,06K","1,53%"
"18.01.2024","889,90","875,50","889,90","875,50","0,03K","1,44%"
"17.01.2024","877,30","876,00","878,30","875,80","0,02K","-0,27%"
"16.01.2024","879,70","873,50","879,70","873,50","0,04K","0,50%"
"15.01.2024","875,30","876,50","877,00","875,30","0,01K","-0,03%"
"12.01.2024","875,60","872,80","875,60","871,10","0,01K","1,02%"
"11.01.2024","866,80","874,20","877,30","866,80","0,09K","-0,24%"
"10.01.2024","868,90","868,80","870,00","868,80","0,00K","-0,02%"
"09.01.2024","869,10","864,60","870,60","863,10","0,00K","0,75%"
"08.01.2024","862,60","848,30","862,60","848,30","0,01K","1,29%"
"05.01.2024","851,60","847,90","851,60","846,90","0,05K","0,55%"
"04.01.2024","846,90","855,00","855,00","846,90","0,03K","-1,25%"
"03.01.2024","857,60","859,30","860,30","857,60","0,02K","-0,50%"
"02.01.2024","861,90","870,00","870,00","861,40","0,11K","-0,86%"
"29.12.2023","869,40","870,30","872,20","869,40","0,10K","-0,31%"
"28.12.2023","872,10","868,20","872,10","868,10","0,03K","0,50%"
"27.12.2023","867,80","871,20","871,20","867,80","0,11K","-0,23%"
"22.12.2023","869,80","865,10","869,80","864,90","0,00K","0,69%"
"21.12.2023","863,80","866,10","869,00","862,40","0,00K","-0,12%"
"20.12.2023","864,80","874,40","875,90","864,80","0,42K","-0,62%"
"19.12.2023","870,20","870,70","872,10","869,80","0,02K","0,31%"
"18.12.2023","867,50","867,00","867,50","867,00","0,01K","-0,18%"
"15.12.2023","869,10","858,50","869,10","858,50","0,03K","0,96%"
"14.12.2023","860,80","870,00","871,60","860,80","0,02K","-0,43%"
"13.12.2023","864,50","864,80","865,80","864,50","0,12K","0,52%"
"12.12.2023","860,00","858,60","860,00","856,70","0,04K","1,02%"
"11.12.2023","851,30","849,40","851,30","848,50","0,01K","0,50%"
"08.12.2023","847,10","845,20","850,00","844,70","0,04K","0,61%"
"07.12.2023","842,00","834,70","842,00","834,70","0,05K","0,10%"
"06.12.2023","841,20","841,30","841,30","841,20","0,00K","0,54%"
"05.12.2023","836,70","828,60","838,10","828,50","0,03K","0,54%"
"04.12.2023","832,20","835,20","835,60","827,40","0,17K","-0,20%"
"01.12.2023","833,90","832,50","833,90","832,50","0,01K","0,34%"
"30.11.2023","831,10","831,30","836,50","830,00","0,03K","-0,47%"
"29.11.2023","835,00","830,70","835,80","830,70","0,03K","0,77%"
"28.11.2023","828,60","829,10","829,80","827,70","0,02K","-0,34%"
"27.11.2023","831,40","827,40","833,40","827,40","0,15K","-0,41%"
"24.11.2023","834,80","835,50","836,00","834,80","0,01K","-0,16%"
"23.11.2023","836,10","836,20","837,00","836,10","0,07K","-0,14%"
"22.11.2023","837,30","830,60","840,90","830,60","0,01K","1,33%"
"21.11.2023","826,30","833,20","833,20","826,30","0,01K","-0,89%"
"20.11.2023","833,70","823,40","833,70","823,40","0,02K","0,83%"
"17.11.2023","826,80","830,50","832,00","826,80","0,02K","0,02%"
"16.11.2023","826,60","829,70","829,70","826,50","0,02K","-0,76%"
"15.11.2023","832,90","830,20","833,20","830,20","0,01K","0,65%"
"14.11.2023","827,50","825,70","830,70","823,70","0,02K","0,39%"
"13.11.2023","824,30","823,10","826,80","823,10","0,07K","-0,08%"
"10.11.2023","825,00","810,50","825,00","807,80","0,02K","1,12%"
"09.11.2023","815,90","813,70","816,60","813,70","0,03K","0,49%"
"08.11.2023","811,90","813,40","815,90","811,90","0,08K","-0,16%"
"07.11.2023","813,20","804,40","813,20","804,40","0,04K","1,46%"
"06.11.2023","801,50","800,70","801,50","800,70","","0,16%"
"03.11.2023","800,20","796,20","800,20","795,30","0,10K","0,08%"
"02.11.2023","799,60","790,50","799,60","790,50","0,04K","1,83%"
"01.11.2023","785,20","775,60","785,20","774,30","0,07K","1,60%"
"31.10.2023","772,80","765,10","773,20","765,10","0,05K","0,51%"
"30.10.2023","768,90","769,40","771,40","765,70","0,11K","0,99%"
"27.10.2023","761,40","766,70","767,70","761,40","0,34K","-0,86%"
"26.10.2023","768,00","767,20","773,30","765,40","0,05K","-1,39%"
"25.10.2023","778,80","787,60","789,40","778,80","0,00K","-1,39%"
"24.10.2023","789,80","783,90","793,10","783,90","0,09K","1,67%"
"23.10.2023","776,80","785,00","785,00","776,80","0,01K","-0,84%"
"20.10.2023","783,40","792,50","792,50","783,40","0,08K","-2,22%"
"19.10.2023","801,20","803,70","806,90","801,20","0,00K","-1,17%"
"18.10.2023","810,70","811,70","811,70","809,50","0,01K","-0,30%"
"17.10.2023","813,10","817,50","817,50","811,70","0,00K","0,41%"
"16.10.2023","809,80","812,90","812,90","809,20","0,00K","-1,33%"
"13.10.2023","820,70","819,20","821,70","818,20","0,06K","-0,44%"
"12.10.2023","824,30","818,90","824,70","818,90","0,06K","1,07%"
"11.10.2023","815,60","814,00","815,70","813,80","0,03K","0,33%"
"10.10.2023","812,90","811,40","816,40","809,50","0,07K","0,31%"
"09.10.2023","810,40","802,70","810,40","802,70","0,18K","0,57%"
"06.10.2023","805,80","794,10","805,80","792,00","0,01K","0,83%"
"05.10.2023","799,20","798,90","799,20","797,70","","0,47%"
"04.10.2023","795,50","788,00","795,50","787,70","0,01K","0,57%"
"03.10.2023","791,00","805,30","806,50","791,00","0,00K","-1,40%"
"02.10.2023","802,20","797,40","802,20","797,40","0,02K","1,16%"
"29.09.2023","793,00","792,90","795,40","792,90","0,89K","0,15%"
"28.09.2023","791,80","790,70","795,80","787,20","0,11K","0,14%"
"27.09.2023","790,70","786,50","790,70","786,50","0,00K","1,02%"
"26.09.2023","782,70","789,80","789,80","782,70","0,00K","-1,02%"
"25.09.2023","790,80","788,10","790,90","784,80","0,01K","0,67%"
"22.09.2023","785,50","787,20","791,30","785,50","0,07K","-1,17%"
"21.09.2023","794,80","797,50","797,50","794,80","0,33K","-0,51%"
"20.09.2023","798,90","808,50","810,30","798,90","0,06K","-1,35%"
"19.09.2023","809,80","809,80","810,70","809,80","0,01K","-0,22%"
"18.09.2023","811,60","811,30","812,30","809,20","0,01K","-0,66%"
"15.09.2023","817,00","827,40","827,40","817,00","0,07K","-1,34%"
"14.09.2023","828,10","815,60","828,10","815,60","0,28K","1,87%"
"13.09.2023","812,90","810,20","813,40","808,90","0,05K","-0,77%"
"12.09.2023","819,20","818,80","819,20","818,80","","0,68%"
"11.09.2023","813,70","813,70","817,50","813,50","0,06K","0,36%"
"08.09.2023","810,80","812,50","812,50","810,80","","0,23%"
"07.09.2023","808,90","813,70","813,70","808,40","0,01K","-0,77%"
"06.09.2023","815,20","820,70","820,70","813,90","0,01K","-0,33%"
"05.09.2023","817,90","816,10","818,00","816,10","0,00K","-0,17%"
"04.09.2023","819,30","818,60","819,30","818,60","0,07K","0,40%"
"01.09.2023","816,00","813,60","816,00","812,90","0,04K","-0,11%"
"31.08.2023","816,90","805,20","816,90","805,20","0,12K","1,81%"
"30.08.2023","802,40","804,70","804,70","802,40","","0,00%"
"29.08.2023","802,40","793,40","802,40","792,60","0,00K","1,96%"
"28.08.2023","787,00","787,00","787,00","787,00","","-0,04%"
"25.08.2023","787,30","780,80","787,30","779,40","0,02K","0,70%"
"24.08.2023","781,80","804,70","804,70","781,80","0,02K","-0,98%"
"23.08.2023","789,50","784,00","789,50","784,00","0,02K","0,98%"
"22.08.2023","781,80","778,60","781,80","778,60","","1,32%"
"21.08.2023","771,60","767,50","771,60","767,50","0,31K","0,40%"
"18.08.2023","768,50","768,30","768,50","767,20","","-0,77%"
"17.08.2023","774,50","777,50","779,20","774,50","0,09K","-1,01%"
"16.08.2023","782,40","784,10","784,10","782,40","","-0,47%"
"15.08.2023","786,10","793,90","793,90","786,10","","-0,34%"
"14.08.2023","788,80","781,40","789,90","781,40","0,01K","0,90%"
"11.08.2023","781,80","784,20","784,20","780,60","0,02K","-0,43%"
"10.08.2023","785,20","785,10","786,30","785,10","0,02K","-1,10%"
"09.08.2023","793,90","792,70","793,90","792,70","0,00K","0,84%"
"08.08.2023","787,30","792,20","795,30","787,30","0,02K","-0,83%"
"07.08.2023","793,90","795,40","796,10","793,40","0,01K","-0,59%"
"04.08.2023","798,60","802,10","802,10","795,70","0,01K","-0,01%"
"03.08.2023","798,70","798,20","798,70","794,50","0,02K","-0,25%"
"02.08.2023","800,70","807,30","809,20","799,80","0,05K","-1,43%"
"01.08.2023","812,30","814,40","814,40","812,30","0,01K","0,02%"
"31.07.2023","812,10","811,50","812,20","809,70","0,02K","0,16%"
"28.07.2023","810,80","804,80","813,30","804,20","0,04K","-0,36%"
"27.07.2023","813,70","800,00","815,50","799,50","0,04K","2,25%"
"26.07.2023","795,80","798,20","798,80","795,80","0,08K","-0,55%"
"25.07.2023","800,20","793,00","800,20","793,00","0,02K","0,84%"
"24.07.2023","793,50","788,20","793,70","788,20","0,02K","0,28%"
"21.07.2023","791,30","791,20","794,80","791,20","0,04K","-1,03%"
"20.07.2023","799,50","798,30","799,50","797,10","0,06K","-0,98%"
"19.07.2023","807,40","802,10","807,40","802,10","0,03K","0,46%"
"18.07.2023","803,70","793,20","803,70","792,20","0,09K","2,06%"
"17.07.2023","787,50","787,00","788,20","787,00","0,02K","-0,44%"
"14.07.2023","791,00","789,90","791,00","788,20","0,07K","0,75%"
"13.07.2023","785,10","783,70","785,70","783,70","0,07K","-0,05%"
"12.07.2023","785,50","780,10","785,50","780,10","0,02K","0,86%"
"11.07.2023","778,80","778,00","779,80","778,00","0,02K","-0,24%"
"10.07.2023","780,70","775,60","780,70","775,60","0,01K","-0,42%"
"07.07.2023","784,00","786,80","787,70","784,00","0,02K","-0,46%"
"06.07.2023","787,60","793,00","793,20","784,70","0,03K","-1,24%"
"05.07.2023","797,50","793,20","797,50","790,20","0,66K","0,54%"
"04.07.2023","793,20","792,20","793,30","791,70","0,02K","0,11%"
"03.07.2023","792,30","792,10","792,70","790,00","0,02K","0,65%"
"30.06.2023","787,20","783,70","787,20","783,70","","0,66%"
"29.06.2023","782,00","782,10","782,10","780,30","0,04K","-0,10%"
"28.06.2023","782,80","773,80","783,70","771,90","0,07K","1,07%"
"27.06.2023","774,50","766,60","774,50","765,80","0,01K","0,74%"
"26.06.2023","768,80","777,10","777,10","768,80","0,04K","-1,68%"
"23.06.2023","781,90","779,00","782,80","776,10","0,09K","1,18%"
"22.06.2023","772,80","765,90","772,80","765,90","0,03K","0,05%"
"21.06.2023","772,40","784,30","784,70","772,30","0,13K","-1,63%"
"20.06.2023","785,20","782,60","785,20","779,80","1,03K","0,13%"
"19.06.2023","784,20","785,00","785,00","783,90","0,02K","-0,67%"
"16.06.2023","789,50","788,20","789,50","787,40","0,02K","0,14%"
"15.06.2023","788,40","787,40","788,40","780,80","0,03K","0,92%"
"14.06.2023","781,20","785,70","786,20","781,20","0,03K","-0,05%"
"13.06.2023","781,60","782,40","782,40","781,60","0,01K","1,09%"
"12.06.2023","773,20","771,30","773,20","771,30","0,07K","0,69%"
"09.06.2023","767,90","763,70","767,90","763,70","0,04K","0,92%"
"08.06.2023","760,90","756,10","760,90","756,10","0,02K","-0,29%"
"07.06.2023","763,10","773,80","775,30","761,80","0,06K","-1,41%"
"06.06.2023","774,00","771,20","774,30","771,20","0,02K","-0,01%"
"05.06.2023","774,10","770,40","774,10","770,40","0,05K","0,06%"
"02.06.2023","773,60","763,10","773,60","763,10","0,06K","1,15%"
"01.06.2023","764,80","759,00","764,80","757,60","0,14K","0,33%"
"31.05.2023","762,30","760,60","763,00","760,60","0,06K","0,01%"
"30.05.2023","762,20","763,90","768,60","762,20","0,05K","0,08%"
"29.05.2023","761,60","760,40","761,80","760,40","0,04K","2,77%"
"26.05.2023","741,10","737,00","741,10","737,00","0,03K","0,61%"
"25.05.2023","736,60","730,50","737,60","730,50","0,08K","2,88%"
"24.05.2023","716,00","720,80","720,80","716,00","0,01K","-1,12%"
"23.05.2023","724,10","729,70","730,10","724,10","0,09K","-0,47%"
"22.05.2023","727,50","726,20","727,90","725,10","0,12K","0,36%"
"19.05.2023","724,90","731,60","731,60","724,90","0,28K","-0,26%"
"18.05.2023","726,80","712,30","726,80","712,30","0,03K","2,96%"
"17.05.2023","705,90","704,30","705,90","704,30","0,01K","0,33%"
"16.05.2023","703,60","699,70","703,60","699,50","0,01K","0,41%"
"15.05.2023","700,70","698,90","700,70","698,30","0,04K","0,55%"
"12.05.2023","696,90","696,80","700,00","696,80","0,04K","-0,14%"
"11.05.2023","697,90","692,10","697,90","692,10","0,02K","1,04%"
"10.05.2023","690,70","684,00","690,70","681,60","0,03K","0,71%"
"09.05.2023","685,80","685,80","685,90","684,80","0,04K","0,37%"
"08.05.2023","683,30","682,40","683,30","680,00","0,02K","0,59%"
"05.05.2023","679,30","670,60","680,40","670,60","0,02K","1,46%"
"04.05.2023","669,50","670,80","672,50","669,50","0,01K","-0,04%"
"03.05.2023","669,80","676,20","676,60","669,80","0,03K","-1,15%"
"02.05.2023","677,60","683,30","685,00","677,60","0,02K","-0,48%"
"28.04.2023","680,90","677,70","680,90","677,20","0,06K","1,17%"
"27.04.2023","673,00","662,50","673,00","662,50","0,00K","1,97%"
"26.04.2023","660,00","666,90","666,90","658,80","0,00K","-0,06%"
"25.04.2023","660,40","664,40","666,90","660,40","0,01K","-1,77%"
"24.04.2023","672,30","669,20","672,30","669,20","0,00K","0,21%"
"21.04.2023","670,90","673,10","673,10","670,00","0,18K","-0,46%"
"20.04.2023","674,00","674,50","675,00","671,60","0,01K","-0,63%"
"19.04.2023","678,30","675,90","678,30","673,70","0,04K","-0,04%"
"18.04.2023","678,60","678,90","681,30","678,50","0,01K","-0,22%"
"17.04.2023","680,10","676,40","680,10","676,00","0,10K","1,28%"
"14.04.2023","671,50","671,90","672,90","670,40","0,08K","0,19%"
"13.04.2023","670,20","665,40","670,20","665,40","0,01K","0,03%"
"12.04.2023","670,00","673,30","677,50","670,00","0,02K","-0,65%"
"11.04.2023","674,40","680,80","681,50","674,40","0,05K","-0,55%"
"06.04.2023","678,10","673,50","678,10","673,50","0,01K","0,31%"
"05.04.2023","676,00","679,30","680,40","676,00","0,02K","-0,43%"
"04.04.2023","678,90","684,80","685,40","678,90","0,11K","-0,43%"
"03.04.2023","681,80","689,20","689,20","681,80","2,98K","0,00%"
"31.03.2023","681,80","677,40","681,80","675,50","0,30K","1,14%"
"30.03.2023","674,10","673,30","675,90","673,10","0,07K","0,24%"
"29.03.2023","672,50","665,00","672,50","665,00","0,00K","1,82%"
"28.03.2023","660,50","666,40","666,40","660,50","","-1,48%"
"27.03.2023","670,40","676,80","676,80","670,40","0,02K","0,28%"
"24.03.2023","668,50","667,90","670,40","667,90","0,02K","0,07%"
"23.03.2023","668,00","659,00","668,00","659,00","0,02K","1,60%"
"22.03.2023","657,50","672,00","672,00","657,50","0,03K","-2,01%"
"21.03.2023","671,00","667,50","671,00","665,20","0,07K","0,78%"
"20.03.2023","665,80","664,50","665,80","663,20","0,01K","-0,11%"
"17.03.2023","666,50","672,20","672,20","665,40","0,02K","-0,54%"
"16.03.2023","670,10","657,50","670,10","656,50","0,12K","1,76%"
"15.03.2023","658,50","646,50","658,50","641,50","0,11K","1,93%"
"14.03.2023","646,00","635,70","646,00","635,60","0,01K","2,25%"
"13.03.2023","631,80","637,50","637,50","624,00","0,08K","0,24%"
"10.03.2023","630,30","640,00","645,60","630,30","0,07K","-2,67%"
"09.03.2023","647,60","655,30","660,90","647,60","0,01K","-1,13%"
"08.03.2023","655,00","654,70","655,80","654,70","0,03K","0,12%"
"07.03.2023","654,20","654,90","657,60","652,80","0,08K","-0,30%"
"06.03.2023","656,20","657,00","659,30","655,70","0,02K","0,47%"
"03.03.2023","653,10","641,90","653,40","641,90","0,02K","2,32%"
"02.03.2023","638,30","631,90","638,30","631,90","0,00K","-1,13%"
"01.03.2023","645,60","645,60","645,60","645,60","","0,12%"
"28.02.2023","644,80","646,90","646,90","643,30","","-0,60%"
"27.02.2023","648,70","646,40","648,70","646,40","0,02K","0,95%"
"24.02.2023","642,60","650,60","650,60","641,60","0,01K","-1,31%"
"23.02.2023","651,10","649,80","651,10","649,80","","0,90%"
"22.02.2023","645,30","643,70","647,00","642,00","0,01K","-0,25%"
"21.02.2023","646,90","654,70","654,70","646,90","0,01K","-1,22%"
"20.02.2023","654,90","656,40","657,90","654,90","2,42K","0,17%"
"17.02.2023","653,80","659,70","659,80","653,80","0,09K","-2,39%"
"16.02.2023","669,80","674,10","674,90","664,90","0,03K","-0,07%"
"15.02.2023","670,30","662,80","670,30","662,40","0,21K","1,56%"
"14.02.2023","660,00","659,90","665,20","657,40","0,03K","-0,48%"
"13.02.2023","663,20","652,00","663,20","652,00","1,66K","1,34%"
"10.02.2023","654,40","653,40","654,40","652,00","","-0,59%"
"09.02.2023","658,30","664,00","666,70","658,30","0,04K","-0,35%"
"08.02.2023","660,60","670,80","670,80","660,60","0,85K","-1,84%"
"07.02.2023","673,00","659,40","674,70","659,40","1,58K","1,65%"
"06.02.2023","662,10","657,70","662,10","656,80","0,02K","-1,18%"
"03.02.2023","670,00","655,60","670,00","653,50","0,06K","0,68%"
"02.02.2023","665,50","643,00","665,50","643,00","0,20K","5,42%"
"01.02.2023","631,30","629,60","631,30","628,70","0,01K","0,08%"
"31.01.2023","630,80","623,00","630,80","620,30","0,89K","1,25%"
"30.01.2023","623,00","631,40","631,40","623,00","0,04K","-1,91%"
"27.01.2023","635,10","624,00","635,10","624,00","0,01K","2,62%"
"26.01.2023","618,90","617,10","618,90","617,10","0,47K","1,71%"
"25.01.2023","608,50","612,10","614,50","602,10","0,10K","-1,44%"
"24.01.2023","617,40","618,20","621,00","615,30","0,24K","-0,37%"
"23.01.2023","619,70","604,50","621,40","603,20","0,09K","3,87%"
"20.01.2023","596,60","593,80","596,60","593,40","0,00K","0,64%"
"19.01.2023","592,80","598,20","598,20","592,80","0,07K","-1,61%"
"18.01.2023","602,50","608,70","608,70","602,50","0,08K","-0,76%"
"17.01.2023","607,10","601,20","607,80","601,00","0,13K","0,66%"
"16.01.2023","603,10","602,60","604,70","601,10","0,04K","-0,07%"
"13.01.2023","603,50","598,80","603,50","595,00","0,03K","0,92%"
"12.01.2023","598,00","600,30","602,70","598,00","0,05K","-0,13%"
"11.01.2023","598,80","589,40","598,80","589,40","0,49K","1,49%"
"10.01.2023","590,00","586,20","590,00","586,20","0,00K","0,56%"
"09.01.2023","586,70","588,20","592,10","586,70","0,07K","0,57%"
"06.01.2023","583,40","581,80","583,40","580,40","0,01K","0,76%"
"05.01.2023","579,00","582,50","585,50","579,00","0,04K","-0,96%"
"04.01.2023","584,60","584,80","585,60","583,10","0,08K","0,12%"
"03.01.2023","583,90","592,00","596,10","582,80","0,22K","-1,62%"
"02.01.2023","593,50","582,00","593,50","582,00","0,02K","2,91%"
"30.12.2022","576,70","580,50","580,50","576,70","0,02K","-0,88%"
"29.12.2022","581,80","573,60","583,70","572,90","0,01K","1,93%"
"28.12.2022","570,80","578,00","578,60","570,80","0,07K","-1,59%"
"27.12.2022","580,00","587,70","590,70","577,50","0,13K","-0,77%"
"23.12.2022","584,50","586,80","587,20","584,50","0,02K","0,22%"
"22.12.2022","583,20","600,00","601,00","583,20","0,02K","-2,67%"
"21.12.2022","599,20","594,60","599,20","593,30","","1,32%"
"20.12.2022","591,40","589,20","591,40","588,10","0,03K","-0,49%"
"19.12.2022","594,30","601,40","603,70","594,30","0,06K","-0,59%"
"16.12.2022","597,80","604,60","604,60","597,80","0,37K","-1,12%"
"15.12.2022","604,60","623,40","623,40","604,60","0,04K","-3,88%"
"14.12.2022","629,00","632,30","632,30","629,00","0,00K","-0,10%"
"13.12.2022","629,60","629,50","648,50","629,50","0,23K","0,27%"
"12.12.2022","627,90","622,90","627,90","622,40","0,02K","-0,11%"
"09.12.2022","628,60","626,20","630,10","623,30","0,01K","0,96%"
"08.12.2022","622,60","620,40","622,60","620,40","","0,73%"
"07.12.2022","618,10","627,60","627,60","618,10","","-1,12%"
"06.12.2022","625,10","637,00","639,40","625,10","0,04K","-2,13%"
"05.12.2022","638,70","642,90","642,90","637,80","0,09K","-1,53%"
"02.12.2022","648,60","647,00","648,60","647,00","0,01K","-0,69%"
"01.12.2022","653,10","653,10","653,10","653,10","","3,19%"
"30.11.2022","632,90","630,90","632,90","630,90","0,03K","0,33%"
"29.11.2022","630,80","638,10","638,10","630,80","0,00K","-0,68%"
"28.11.2022","635,10","637,40","637,90","635,10","0,00K","-1,15%"
"25.11.2022","642,50","646,50","646,50","642,50","0,01K","-0,82%"
"24.11.2022","647,80","644,50","648,50","644,50","0,04K","0,31%"
"23.11.2022","645,80","641,80","646,00","641,80","","0,50%"
"22.11.2022","642,60","638,90","642,60","637,70","0,03K","0,42%"
"21.11.2022","639,90","642,70","643,90","639,90","0,02K","-0,70%"
"18.11.2022","644,40","638,00","644,40","638,00","0,04K","1,64%"
"17.11.2022","634,00","642,70","642,70","634,00","0,05K","-0,89%"
"16.11.2022","639,70","648,30","649,10","639,70","0,04K","-1,48%"
"15.11.2022","649,30","647,30","653,30","643,20","0,01K","0,08%"
"14.11.2022","648,80","646,00","648,80","645,50","0,07K","0,40%"
"11.11.2022","646,20","647,80","648,00","637,40","0,17K","0,31%"
"10.11.2022","644,20","613,50","644,20","613,50","0,09K","4,48%"
"09.11.2022","616,60","622,80","623,30","616,60","0,02K","-0,55%"
"08.11.2022","620,00","621,00","627,50","615,10","0,06K","0,32%"
"07.11.2022","618,00","617,70","620,00","616,40","0,04K","0,10%"
"04.11.2022","617,40","624,30","625,80","610,30","0,04K","-1,22%"
"03.11.2022","625,00","631,00","631,70","623,50","0,02K","-3,39%"
"02.11.2022","646,90","648,90","648,90","646,90","","-0,17%"
"01.11.2022","648,00","655,80","658,70","648,00","0,03K","-1,29%"
"31.10.2022","656,50","655,10","656,50","653,90","0,03K","1,64%"
"28.10.2022","645,90","628,70","645,90","628,70","0,00K","1,24%"
"27.10.2022","638,00","644,20","644,20","638,00","0,02K","-1,15%"
"26.10.2022","645,40","650,10","650,10","645,40","0,02K","-2,76%"
"25.10.2022","663,70","657,00","663,70","656,50","0,08K","1,64%"
"24.10.2022","653,00","651,10","653,00","651,10","0,01K","0,83%"
"21.10.2022","647,60","637,20","647,60","637,20","0,03K","1,28%"
"20.10.2022","639,40","639,50","639,50","639,40","0,02K","-0,53%"
"19.10.2022","642,80","646,50","646,50","642,10","0,03K","0,45%"
"18.10.2022","639,90","647,70","652,20","636,70","0,04K","0,53%"
"17.10.2022","636,50","627,60","639,60","627,60","0,03K","-0,03%"
"14.10.2022","636,70","642,30","642,90","636,70","0,01K","1,40%"
"13.10.2022","627,90","629,70","631,60","613,00","0,03K","-1,10%"
"12.10.2022","634,90","633,60","634,90","631,50","0,02K","1,02%"
"11.10.2022","628,50","636,70","636,70","628,50","","-1,02%"
"10.10.2022","635,00","640,40","645,50","635,00","","-4,06%"
"07.10.2022","661,90","662,90","662,90","661,90","0,02K","-0,35%"
"06.10.2022","664,20","664,20","664,20","664,20","","1,67%"
"05.10.2022","653,30","655,80","655,90","651,70","0,06K","-0,52%"
"04.10.2022","656,70","652,20","656,70","652,20","0,00K","3,73%"
"03.10.2022","633,10","633,10","633,10","633,10","0,02K","-2,60%"
"30.09.2022","650,00","649,50","650,00","649,50","0,00K","0,28%"
"29.09.2022","648,20","665,50","665,80","648,20","0,02K","-3,05%"
"28.09.2022","668,60","663,20","668,60","658,30","0,00K","0,35%"
"27.09.2022","666,30","668,00","671,90","662,80","0,04K","-0,52%"
"26.09.2022","669,80","659,20","669,80","659,20","0,01K","1,81%"
"23.09.2022","657,90","661,70","663,20","657,80","0,01K","-0,39%"
"22.09.2022","660,50","667,10","667,90","660,50","0,03K","-2,67%"
"21.09.2022","678,60","674,30","678,60","674,30","","1,21%"
"20.09.2022","670,50","677,30","678,00","670,50","0,02K","0,22%"
"19.09.2022","669,00","668,70","672,80","666,10","0,08K","0,53%"
"16.09.2022","665,50","670,40","670,70","665,50","0,13K","-1,41%"
"15.09.2022","675,00","690,30","690,30","675,00","0,02K","-1,59%"
"14.09.2022","685,90","682,40","688,70","682,40","0,05K","-1,80%"
"13.09.2022","698,50","713,40","715,20","698,50","0,03K","-2,01%"
"12.09.2022","712,80","707,90","712,80","702,90","0,06K","0,44%"
"09.09.2022","709,70","695,90","709,70","695,90","0,02K","2,51%"
"08.09.2022","692,30","695,50","695,50","692,30","","0,49%"
"07.09.2022","688,90","686,00","688,90","686,00","0,04K","-0,95%"
"06.09.2022","695,50","691,80","695,50","691,80","0,01K","0,46%"
"05.09.2022","692,30","691,30","692,80","689,70","0,11K","0,33%"
"02.09.2022","690,00","695,20","700,30","690,00","0,05K","0,45%"
"01.09.2022","686,90","687,30","690,60","685,80","0,17K","-1,22%"
"31.08.2022","695,40","702,50","702,50","695,40","0,01K","-0,26%"
"30.08.2022","697,20","709,30","709,60","697,20","0,00K","-1,32%"
"29.08.2022","706,50","710,30","710,30","706,50","0,05K","-1,82%"
"26.08.2022","719,60","744,60","744,60","719,60","0,02K","-2,51%"
"25.08.2022","738,10","737,90","738,10","735,50","0,04K","0,65%"
"24.08.2022","733,30","732,20","733,30","730,00","0,06K","-0,03%"
"23.08.2022","733,50","732,60","733,50","732,60","0,01K","-0,62%"
"22.08.2022","738,10","742,60","743,40","738,00","0,08K","-1,23%"
"19.08.2022","747,30","754,00","754,00","747,30","","-1,50%"
"18.08.2022","758,70","748,50","759,40","748,50","0,05K","0,80%"
"17.08.2022","752,70","759,50","759,50","752,70","0,02K","-0,32%"
"16.08.2022","755,10","760,20","761,90","755,10","0,09K","-0,92%"
"15.08.2022","762,10","747,50","762,10","747,50","0,13K","2,50%"
"12.08.2022","743,50","731,90","743,50","731,90","0,02K","2,02%"
"11.08.2022","728,80","738,70","739,50","728,80","0,09K","-0,84%"
"10.08.2022","735,00","718,80","735,00","718,80","0,03K","2,10%"
"09.08.2022","719,90","730,90","731,20","719,90","0,03K","-2,09%"
"08.08.2022","735,30","736,20","738,60","735,30","0,09K","0,22%"
"05.08.2022","733,70","738,30","738,30","733,70","0,01K","-0,66%"
"04.08.2022","738,60","736,40","740,40","735,60","0,11K","0,09%"
"03.08.2022","737,90","719,00","737,90","719,00","0,23K","3,77%"
"02.08.2022","711,10","710,90","711,10","710,70","","-0,49%"
"01.08.2022","714,60","714,30","720,50","711,30","0,11K","-0,24%"
"29.07.2022","716,30","714,40","716,30","710,30","0,05K","2,81%"
"28.07.2022","696,70","694,70","699,90","691,60","0,03K","0,78%"
"27.07.2022","691,30","684,00","691,30","682,20","0,01K","2,05%"
"26.07.2022","677,40","680,00","686,00","677,40","0,01K","-1,12%"
"25.07.2022","685,10","687,70","688,90","685,10","0,00K","-1,37%"
"22.07.2022","694,60","694,70","698,80","693,00","0,01K","-0,63%"
"21.07.2022","699,00","689,50","699,00","689,10","0,01K","1,01%"
"20.07.2022","692,00","680,10","692,00","678,50","0,06K","3,19%"
"19.07.2022","670,60","663,80","670,60","657,10","0,09K","-0,31%"
"18.07.2022","672,70","678,50","679,20","672,70","0,03K","1,43%"
"15.07.2022","663,20","666,90","666,90","660,80","0,00K","-0,27%"
"14.07.2022","665,00","659,40","665,20","654,40","0,07K","0,93%"
"13.07.2022","658,90","663,60","664,60","648,70","0,02K","-1,33%"
"12.07.2022","667,80","665,00","670,90","665,00","0,03K","-0,15%"
"11.07.2022","668,80","670,40","676,70","666,00","0,02K","-0,21%"
"08.07.2022","670,20","671,00","676,80","667,00","0,08K","-0,74%"
"07.07.2022","675,20","659,70","675,20","659,40","0,07K","2,04%"
"06.07.2022","661,70","647,50","661,70","647,50","0,01K","2,11%"
"05.07.2022","648,00","632,00","648,00","629,40","0,12K","3,55%"
"04.07.2022","625,80","624,70","625,80","624,70","0,01K","1,11%"
"01.07.2022","618,90","615,80","618,90","615,80","0,33K","0,18%"
"30.06.2022","617,80","626,30","626,30","617,80","0,03K","-1,59%"
"29.06.2022","627,80","629,20","629,40","627,80","0,00K","-1,18%"
"28.06.2022","635,30","645,80","645,80","635,30","0,06K","-1,20%"
"27.06.2022","643,00","649,50","652,20","643,00","0,02K","0,03%"
"24.06.2022","642,80","633,30","643,20","633,10","0,04K","3,08%"
"23.06.2022","623,60","617,10","627,90","617,10","0,06K","0,63%"
"22.06.2022","619,70","614,70","619,70","609,20","0,04K","0,91%"
"21.06.2022","614,10","615,10","615,60","614,10","0,04K","0,20%"
"20.06.2022","612,90","609,00","613,00","608,90","0,04K","1,19%"
"17.06.2022","605,70","601,70","606,40","601,70","0,00K","1,10%"
"16.06.2022","599,10","626,00","626,00","599,00","0,02K","-3,85%"
"15.06.2022","623,10","614,50","623,10","613,60","0,05K","1,73%"
"14.06.2022","612,50","623,50","623,50","611,80","0,05K","-1,07%"
"13.06.2022","619,10","625,90","625,90","618,80","0,23K","-2,90%"
"10.06.2022","637,60","655,70","657,20","636,90","0,07K","-3,39%"
"09.06.2022","660,00","664,20","668,00","660,00","0,01K","-1,39%"
"08.06.2022","669,30","669,80","672,00","669,30","0,00K","-0,48%"
"07.06.2022","672,50","662,10","672,50","662,10","0,04K","0,42%"
"06.06.2022","669,70","666,10","669,70","666,10","","0,62%"
"03.06.2022","665,60","678,20","678,20","665,60","0,00K","-1,61%"
"02.06.2022","676,50","666,20","676,50","665,90","0,01K","0,96%"
"01.06.2022","670,10","667,80","671,80","666,60","0,03K","0,53%"
"31.05.2022","666,60","669,90","671,30","666,60","","-0,97%"
"30.05.2022","673,10","676,30","677,20","670,00","0,07K","1,28%"
"27.05.2022","664,60","645,20","664,80","645,20","0,15K","2,15%"
"26.05.2022","650,60","629,10","650,60","628,70","0,04K","2,80%"
"25.05.2022","632,90","625,90","632,90","621,90","0,09K","2,33%"
"24.05.2022","618,50","626,20","626,20","613,80","0,01K","-2,74%"
"23.05.2022","635,90","640,90","640,90","632,70","0,02K","1,83%"
"20.05.2022","624,50","641,90","645,70","624,50","0,02K","-1,67%"
"19.05.2022","635,10","641,90","644,00","635,10","0,63K","-1,44%"
"18.05.2022","644,40","672,90","672,90","644,40","0,03K","-3,76%"
"17.05.2022","669,60","667,30","670,80","663,50","0,04K","0,66%"
"16.05.2022","665,20","669,70","669,70","665,20","0,05K","-0,79%"
"13.05.2022","670,50","658,20","670,50","658,20","0,02K","4,75%"
"12.05.2022","640,10","642,00","654,60","639,80","0,13K","-1,04%"
"11.05.2022","646,80","666,20","671,40","646,80","0,09K","-3,35%"
"10.05.2022","669,20","660,70","669,50","656,60","0,07K","0,89%"
"09.05.2022","663,30","677,50","677,50","659,30","0,11K","-2,57%"
"06.05.2022","680,80","692,00","692,00","680,80","0,00K","-1,97%"
"05.05.2022","694,50","721,40","721,40","689,90","0,03K","-1,04%"
"04.05.2022","701,80","705,00","705,00","701,80","0,10K","-0,75%"
"03.05.2022","707,10","704,90","707,10","698,10","0,40K","1,83%"
"02.05.2022","694,40","695,90","696,10","691,80","0,04K","-1,43%"
"29.04.2022","704,50","718,80","718,80","704,50","0,04K","-1,74%"
"28.04.2022","717,00","708,70","717,00","707,50","0,01K","2,55%"
"27.04.2022","699,20","694,40","699,20","694,40","0,01K","0,39%"
"26.04.2022","696,50","714,20","714,20","695,90","0,06K","-2,07%"
"25.04.2022","711,20","695,50","711,20","695,50","0,07K","1,69%"
"22.04.2022","699,40","713,60","718,10","699,40","0,22K","-4,84%"
"21.04.2022","735,00","732,70","735,00","731,00","0,14K","0,26%"
"20.04.2022","733,10","737,00","737,70","733,10","0,02K","-0,56%"
"19.04.2022","737,20","734,00","737,20","725,00","0,03K","0,14%"
"14.04.2022","736,20","738,60","741,30","736,20","0,01K","-0,08%"
"13.04.2022","736,80","734,10","736,80","728,80","0,00K","0,26%"
"12.04.2022","734,90","725,50","734,90","725,50","0,01K","0,63%"
"11.04.2022","730,30","739,50","740,00","729,90","0,02K","-2,69%"
"08.04.2022","750,50","757,30","760,80","748,00","0,05K","-0,90%"
"07.04.2022","757,30","749,40","757,30","749,40","0,17K","1,30%"
"06.04.2022","747,60","769,70","769,70","747,60","0,10K","-3,19%"
"05.04.2022","772,20","781,20","781,20","769,50","0,05K","-0,90%"
"04.04.2022","779,20","761,80","779,20","761,80","","2,92%"
"01.04.2022","757,10","761,80","764,50","757,10","0,01K","-0,92%"
"31.03.2022","764,10","765,50","769,00","764,10","0,04K","0,29%"
"30.03.2022","761,90","775,00","775,00","761,90","0,16K","-1,63%"
"29.03.2022","774,50","772,30","774,50","769,20","0,18K","0,53%"
"28.03.2022","770,40","756,90","770,40","756,90","0,00K","1,70%"
"25.03.2022","757,50","757,50","757,50","757,50","","-0,22%"
"24.03.2022","759,20","747,30","759,20","747,30","0,01K","1,39%"
"23.03.2022","748,80","751,30","751,30","748,80","0,08K","-0,21%"
"22.03.2022","750,40","739,10","751,40","739,10","0,07K","2,25%"
"21.03.2022","733,90","735,00","735,70","730,50","0,11K","0,25%"
"18.03.2022","732,10","714,60","732,10","714,60","0,11K","2,02%"
"17.03.2022","717,60","718,30","718,80","708,20","0,20K","1,04%"
"16.03.2022","710,20","701,20","710,20","701,20","","2,28%"
"15.03.2022","694,40","672,20","694,40","666,90","0,04K","2,84%"
"14.03.2022","675,20","692,30","692,30","672,20","0,21K","-2,57%"
"11.03.2022","693,00","701,30","707,10","693,00","0,08K","0,17%"
"10.03.2022","691,80","700,80","700,80","689,00","0,01K","-1,23%"
"09.03.2022","700,40","687,30","700,40","687,30","0,06K","1,13%"
"08.03.2022","692,60","680,90","692,60","680,90","0,16K","-0,53%"
"07.03.2022","696,30","711,10","712,40","694,80","0,11K","-2,36%"
"04.03.2022","713,10","715,70","716,80","713,10","0,15K","-0,25%"
"03.03.2022","714,90","724,80","725,50","714,90","0,04K","-1,50%"
"02.03.2022","725,80","710,80","725,80","710,80","0,05K","1,61%"
"01.03.2022","714,30","720,70","723,10","714,30","0,01K","0,83%"
"28.02.2022","708,40","705,40","717,20","705,40","0,06K","-0,14%"
"25.02.2022","709,40","698,40","709,40","697,10","0,18K","3,62%"
"24.02.2022","684,60","656,50","684,70","656,00","0,21K","1,03%"
"23.02.2022","677,60","696,00","700,80","677,60","0,05K","-2,78%"
"22.02.2022","697,00","684,20","697,00","683,00","0,31K","3,60%"
"21.02.2022","672,80","702,20","702,20","672,80","0,03K","-3,61%"
"18.02.2022","698,00","708,60","710,00","695,90","0,25K","-1,33%"
"17.02.2022","707,40","722,90","722,90","707,40","0,14K","-2,09%"
"16.02.2022","722,50","725,10","728,00","718,80","0,01K","-0,06%"
"15.02.2022","722,90","713,30","726,20","713,30","0,00K","0,67%"
"14.02.2022","718,10","709,60","718,10","703,00","0,14K","-0,40%"
"11.02.2022","721,00","725,20","731,20","721,00","0,03K","-1,78%"
"10.02.2022","734,10","743,10","743,10","734,10","0,03K","-1,12%"
"09.02.2022","742,40","732,50","742,40","732,30","0,02K","2,13%"
"08.02.2022","726,90","720,90","726,90","718,90","0,06K","0,94%"
"07.02.2022","720,10","729,40","730,30","720,10","0,04K","-0,01%"
"04.02.2022","720,20","728,90","728,90","714,70","0,05K","0,03%"
"03.02.2022","720,00","740,60","740,60","720,00","0,01K","-4,67%"
"02.02.2022","755,30","761,30","762,80","753,10","0,11K","1,03%"
"01.02.2022","747,60","749,60","752,30","744,70","0,10K","0,03%"
"31.01.2022","747,40","733,20","747,40","731,20","0,18K","5,24%"
"28.01.2022","710,20","717,40","717,40","710,20","0,00K","-1,17%"
"27.01.2022","718,60","703,40","730,00","703,40","0,07K","-1,06%"
"26.01.2022","726,30","709,70","726,70","709,70","0,62K","1,88%"
"25.01.2022","712,90","713,80","719,00","704,10","0,24K","0,48%"
"24.01.2022","709,50","726,90","727,30","685,20","1,35K","-1,47%"
"21.01.2022","720,10","735,30","740,10","720,10","0,20K","-5,50%"
"20.01.2022","762,00","754,80","762,00","754,80","0,01K","1,63%"
"19.01.2022","749,80","751,90","763,10","749,80","0,02K","-1,78%"
"18.01.2022","763,40","765,30","765,30","758,40","0,03K","-1,00%"
"17.01.2022","771,10","770,10","773,80","769,00","0,04K","0,27%"
"14.01.2022","769,00","766,30","770,00","758,10","0,05K","0,39%"
"13.01.2022","766,00","783,50","785,70","766,00","0,21K","-2,31%"
"12.01.2022","784,10","788,40","791,80","784,10","0,02K","-0,15%"
"11.01.2022","785,30","777,90","788,10","777,70","0,05K","2,13%"
"10.01.2022","768,90","781,40","781,40","760,50","0,24K","-1,42%"
"07.01.2022","780,00","787,80","790,80","780,00","0,03K","-1,44%"
"06.01.2022","791,40","785,80","791,40","785,50","0,04K","0,08%"
"05.01.2022","790,80","811,60","811,60","790,80","0,16K","-2,47%"
"04.01.2022","810,80","826,60","827,90","810,80","0,03K","-1,31%"
"03.01.2022","821,60","817,10","821,60","816,50","0,07K","-0,50%"
"30.12.2021","825,70","821,80","826,20","821,80","0,06K","0,67%"
"29.12.2021","820,20","826,80","826,80","820,20","0,04K","-0,61%"
"28.12.2021","825,20","825,30","830,00","822,40","0,03K","0,01%"
"27.12.2021","825,10","815,80","825,10","815,50","0,01K","1,28%"
"23.12.2021","814,70","806,00","814,70","806,00","0,00K","1,37%"
"22.12.2021","803,70","799,50","803,70","796,50","0,01K","1,23%"
"21.12.2021","793,90","792,70","793,90","787,10","0,23K","1,99%"
"20.12.2021","778,40","782,00","782,00","777,80","0,03K","-1,82%"
"17.12.2021","792,80","788,70","792,80","782,20","0,03K","-0,45%"
"16.12.2021","796,40","818,90","818,90","796,40","0,55K","0,38%"
"15.12.2021","793,40","797,10","797,10","790,50","0,01K","-0,59%"
"14.12.2021","798,10","806,00","807,90","794,10","0,02K","-1,37%"
"13.12.2021","809,20","820,30","820,30","809,20","0,02K","-0,23%"
"10.12.2021","811,10","809,30","813,00","809,30","0,03K","-0,88%"
"09.12.2021","818,30","816,10","819,20","815,30","0,07K","0,50%"
"08.12.2021","814,20","820,60","820,60","814,20","0,13K","-0,29%"
"07.12.2021","816,60","798,00","820,80","798,00","0,13K","3,24%"
"06.12.2021","791,00","789,30","791,00","780,70","0,45K","1,38%"
"03.12.2021","780,20","799,20","799,20","778,20","0,31K","-2,37%"
"02.12.2021","799,10","796,50","799,10","787,30","0,05K","0,77%"
"01.12.2021","793,00","816,30","817,80","793,00","0,04K","-1,70%"
"30.11.2021","806,70","813,60","817,10","806,10","0,06K","-1,74%"
"29.11.2021","821,00","813,50","822,60","810,10","0,05K","2,63%"
"26.11.2021","800,00","816,00","816,00","800,00","0,01K","-3,19%"
"25.11.2021","826,40","826,20","826,90","825,50","0,00K","0,54%"
"24.11.2021","822,00","820,80","822,00","819,10","0,25K","0,12%"
"23.11.2021","821,00","820,50","821,00","817,20","0,07K","-1,11%"
"22.11.2021","830,20","832,20","835,60","828,70","0,30K","0,35%"
"19.11.2021","827,30","823,80","827,30","823,80","0,03K","1,31%"
"18.11.2021","816,60","815,80","816,60","815,80","0,00K","0,33%"
"17.11.2021","813,90","814,20","815,00","813,90","0,11K","0,22%"
"16.11.2021","812,10","803,10","813,40","803,10","0,11K","1,46%"
"15.11.2021","800,40","799,10","802,80","797,00","0,22K","0,43%"
"12.11.2021","797,00","791,80","798,60","791,80","0,64K","0,84%"
"11.11.2021","790,40","788,30","792,80","788,30","0,14K","-0,06%"
"10.11.2021","790,90","791,00","792,90","789,30","0,04K","0,14%"
"09.11.2021","789,80","795,00","796,90","789,80","0,07K","-0,83%"
"08.11.2021","796,40","795,90","798,30","795,90","0,06K","-0,57%"
"05.11.2021","801,00","797,10","804,00","797,10","0,08K","0,40%"
"04.11.2021","797,80","789,20","798,30","789,20","0,02K","2,51%"
"03.11.2021","778,30","778,10","779,30","778,10","0,03K","0,27%"
"02.11.2021","776,20","773,10","778,10","773,00","0,03K","0,82%"
"01.11.2021","769,90","776,20","776,60","769,90","0,11K","1,33%"
"29.10.2021","759,80","757,40","759,80","757,40","0,01K","-0,09%"
"28.10.2021","760,50","759,90","763,80","758,80","0,11K","-0,48%"
"27.10.2021","764,20","758,50","764,20","755,70","0,05K","0,79%"
"26.10.2021","758,20","758,00","759,90","757,40","0,02K","0,73%"
"25.10.2021","752,70","744,70","752,70","744,70","0,11K","0,88%"
"22.10.2021","746,10","748,30","748,90","746,10","1,03K","-0,36%"
"21.10.2021","748,80","743,20","749,30","743,20","","0,15%"
"20.10.2021","747,70","745,90","748,70","745,90","0,01K","0,13%"
"19.10.2021","746,70","742,10","746,90","742,10","0,08K","0,70%"
"18.10.2021","741,50","736,30","741,50","734,30","0,18K","0,80%"
"15.10.2021","735,60","735,40","735,60","733,20","0,02K","0,68%"
"14.10.2021","730,60","723,80","730,60","723,80","0,04K","1,81%"
"13.10.2021","717,60","715,20","719,50","714,50","0,03K","-0,71%"
"12.10.2021","722,70","714,60","722,70","713,10","0,11K","0,47%"
"11.10.2021","719,30","722,10","722,10","719,30","0,01K","-0,84%"
"08.10.2021","725,40","727,10","728,00","725,40","0,00K","-0,94%"
"07.10.2021","732,30","727,40","732,30","727,40","0,00K","1,89%"
"06.10.2021","718,70","710,20","718,70","707,20","0,00K","0,22%"
"05.10.2021","717,10","705,80","717,10","705,80","0,03K","2,25%"
"04.10.2021","701,30","713,90","714,40","701,30","0,04K","-2,34%"
"01.10.2021","718,10","712,00","718,10","710,30","0,03K","-0,22%"
"30.09.2021","719,70","723,50","723,50","719,70","0,01K","0,19%"
"29.09.2021","718,30","717,70","722,40","717,70","0,01K","0,48%"
"28.09.2021","714,90","723,70","723,70","714,90","","-2,38%"
"27.09.2021","732,30","741,80","741,80","730,00","0,06K","-0,31%"
"24.09.2021","734,60","735,40","735,40","732,50","0,01K","-0,24%"
"23.09.2021","736,40","732,80","737,00","732,80","0,03K","1,02%"
"22.09.2021","729,00","725,80","729,00","725,40","0,01K","0,11%"
"21.09.2021","728,20","725,60","729,70","725,60","0,05K","1,49%"
"20.09.2021","717,50","735,00","735,00","717,50","0,09K","-2,75%"
"17.09.2021","737,80","744,60","744,60","737,80","0,01K","-0,20%"
"16.09.2021","739,30","740,30","742,50","739,30","0,00K","0,19%"
"15.09.2021","737,90","736,90","737,90","735,80","0,03K","-0,16%"
"14.09.2021","739,10","737,50","739,10","736,20","","0,46%"
"13.09.2021","735,70","740,10","742,50","734,80","0,54K","-1,26%"
"10.09.2021","745,10","743,50","745,30","742,00","0,30K","0,16%"
"09.09.2021","743,90","743,50","743,90","743,20","0,00K","-0,57%"
"08.09.2021","748,20","747,80","748,20","744,50","0,01K","0,08%"
"07.09.2021","747,60","745,60","747,60","745,10","0,22K","0,05%"
"06.09.2021","747,20","746,00","747,20","746,00","0,06K","0,69%"
"03.09.2021","742,10","742,10","743,00","742,10","0,03K","-0,07%"
"02.09.2021","742,60","744,10","745,60","742,60","0,01K","-0,64%"
"01.09.2021","747,40","748,00","748,40","745,40","0,29K","0,28%"
"31.08.2021","745,30","748,30","748,30","743,00","0,11K","-0,13%"
"30.08.2021","746,30","738,70","746,30","738,60","0,06K","1,06%"
"27.08.2021","738,50","734,70","738,50","734,70","0,03K","0,31%"
"26.08.2021","736,20","735,70","736,20","735,70","0,01K","-0,38%"
"25.08.2021","739,00","738,40","739,10","738,40","","0,24%"
"24.08.2021","737,20","737,30","740,00","736,40","0,00K","0,81%"
"23.08.2021","731,30","729,20","731,30","728,30","0,09K","0,62%"
"20.08.2021","726,80","719,80","729,00","718,30","0,03K","0,50%"
"19.08.2021","723,20","713,70","723,20","711,90","0,02K","0,11%"
"18.08.2021","722,40","723,80","724,20","721,70","0,05K","-0,33%"
"17.08.2021","724,80","723,90","724,80","720,40","0,28K","0,58%"
"16.08.2021","720,60","723,40","723,90","719,90","0,04K","-0,32%"
"13.08.2021","722,90","725,00","725,80","722,80","0,05K","-0,14%"
"12.08.2021","723,90","721,20","723,90","721,20","0,03K","0,40%"
"11.08.2021","721,00","724,50","726,00","721,00","0,05K","-0,62%"
"10.08.2021","725,50","726,50","729,40","723,70","0,08K","-0,15%"
"09.08.2021","726,60","722,20","727,20","722,20","0,02K","0,22%"
"06.08.2021","725,00","723,60","725,00","723,50","0,01K","0,39%"
"05.08.2021","722,20","719,40","722,20","719,40","","0,71%"
"04.08.2021","717,10","716,50","717,10","716,50","","0,36%"
"03.08.2021","714,50","712,20","715,00","711,40","0,00K","-0,01%"
"02.08.2021","714,60","715,20","715,20","714,30","0,01K","0,29%"
"30.07.2021","712,50","705,50","712,50","704,40","0,14K","-0,49%"
"29.07.2021","716,00","714,30","716,00","713,90","0,28K","0,03%"
"28.07.2021","715,80","713,00","721,00","713,00","","-1,13%"
"27.07.2021","724,00","722,10","724,00","722,10","0,02K","0,17%"
"26.07.2021","722,80","723,40","723,40","720,20","0,03K","-0,15%"
"23.07.2021","723,90","718,60","723,90","717,80","0,02K","1,36%"
"22.07.2021","714,20","710,10","714,20","710,10","0,02K","0,99%"
"21.07.2021","707,20","706,60","707,50","705,00","0,01K","1,12%"
"20.07.2021","699,40","700,30","701,20","698,10","0,02K","1,01%"
"19.07.2021","692,40","700,80","702,50","691,30","0,02K","-1,65%"
"16.07.2021","704,00","705,80","708,30","704,00","0,01K","-0,94%"
"15.07.2021","710,70","710,80","712,60","710,70","0,07K","-0,13%"
"14.07.2021","711,60","711,20","714,20","711,20","0,03K","-0,06%"
"13.07.2021","712,00","707,70","715,70","707,50","","0,86%"
"12.07.2021","705,90","705,30","707,30","704,60","0,01K","0,23%"
"09.07.2021","704,30","700,90","704,90","699,60","0,03K","0,26%"
"08.07.2021","702,50","707,50","707,50","696,60","0,02K","-0,94%"
"07.07.2021","709,20","706,10","709,30","706,10","0,03K","1,11%"
"06.07.2021","701,40","698,30","704,80","697,50","0,74K","0,37%"
"05.07.2021","698,80","700,20","700,20","698,50","0,00K","-0,16%"
"02.07.2021","699,90","691,60","699,90","691,60","0,04K","1,10%"
"01.07.2021","692,30","693,80","694,50","690,00","0,02K","0,00%"
"30.06.2021","692,30","691,10","692,90","689,80","0,29K","0,32%"
"29.06.2021","690,10","685,40","690,10","685,40","0,24K","0,80%"
"28.06.2021","684,60","680,40","684,90","679,10","0,05K","1,05%"
"25.06.2021","677,50","679,50","679,70","677,50","0,08K","-0,32%"
"24.06.2021","679,70","676,60","680,10","676,60","0,57K","0,70%"
"23.06.2021","675,00","676,80","676,80","674,00","0,03K","0,55%"
"22.06.2021","671,30","670,50","672,20","668,30","0,09K","0,55%"
"21.06.2021","667,60","667,40","670,20","667,40","0,01K","-0,27%"
"18.06.2021","669,40","673,20","673,90","668,50","0,17K","0,31%"
"17.06.2021","667,30","654,60","669,10","654,60","0,34K","2,21%"
"16.06.2021","652,90","653,10","654,70","652,90","0,07K","-0,09%"
"15.06.2021","653,50","658,10","658,10","653,20","0,03K","0,20%"
"14.06.2021","652,20","653,50","654,10","652,00","0,03K","0,17%"
"11.06.2021","651,10","646,60","651,10","646,40","0,02K","1,85%"
"10.06.2021","639,30","640,80","640,80","639,30","","-0,19%"
"09.06.2021","640,50","639,80","641,30","639,80","","0,34%"
"08.06.2021","638,30","641,00","641,50","638,30","0,01K","0,46%"
"07.06.2021","635,40","637,30","638,00","635,20","0,03K","-0,31%"
"04.06.2021","637,40","629,40","637,40","629,40","","0,82%"
"03.06.2021","632,20","633,40","633,40","632,20","","0,32%"
"02.06.2021","630,20","630,50","633,80","630,20","0,01K","0,08%"
"01.06.2021","629,70","632,00","634,40","629,20","0,02K","-0,02%"
"31.05.2021","629,80","633,80","633,90","629,80","0,05K","-0,99%"
"28.05.2021","636,10","633,40","636,60","633,40","0,03K","0,49%"
"27.05.2021","633,00","632,60","634,00","630,60","0,02K","-0,03%"
"26.05.2021","633,20","631,20","633,20","630,70","0,00K","0,72%"
"25.05.2021","628,70","632,40","632,40","628,30","0,04K","0,80%"
"21.05.2021","623,70","623,20","623,70","623,20","0,01K","0,24%"
"20.05.2021","622,20","611,90","622,20","611,40","0,08K","2,17%"
"19.05.2021","609,00","605,50","609,00","599,70","0,11K","-1,42%"
"18.05.2021","617,80","620,60","621,20","617,80","0,08K","0,82%"
"17.05.2021","612,80","622,10","622,10","612,80","2,84K","-1,38%"
"14.05.2021","621,40","614,40","621,40","614,40","0,05K","1,52%"
"13.05.2021","612,10","609,40","616,00","604,70","0,03K","0,54%"
"12.05.2021","608,80","617,90","619,60","608,80","0,04K","-1,58%"
"11.05.2021","618,60","616,50","618,60","607,20","0,02K","-1,28%"
"10.05.2021","626,60","636,70","636,70","626,40","0,01K","-1,94%"
"07.05.2021","639,00","636,90","640,20","635,70","0,02K","0,85%"
"06.05.2021","633,60","634,70","636,40","627,70","0,06K","-0,97%"
"05.05.2021","639,80","636,40","639,80","636,40","","1,48%"
"04.05.2021","630,50","645,20","646,60","629,50","0,02K","-2,88%"
"03.05.2021","649,20","650,80","651,80","648,60","0,02K","0,02%"
"30.04.2021","649,10","646,90","651,90","646,70","0,08K","0,29%"
"29.04.2021","647,20","651,30","653,30","647,20","0,01K","-0,34%"
"28.04.2021","649,40","652,30","652,30","649,40","","-0,37%"
"27.04.2021","651,80","655,70","656,30","651,80","0,01K","-0,21%"
"26.04.2021","653,20","648,50","653,20","648,50","0,73K","0,80%"
"23.04.2021","648,00","645,90","648,00","644,30","0,03K","-0,92%"
"22.04.2021","654,00","653,50","654,00","651,40","0,06K","0,68%"
"21.04.2021","649,60","644,70","649,80","644,70","0,04K","0,64%"
"20.04.2021","645,50","651,40","651,40","645,50","0,12K","-0,72%"
"19.04.2021","650,20","661,90","661,90","649,80","0,01K","-1,38%"
"16.04.2021","659,30","659,10","660,50","658,10","0,04K","0,08%"
"15.04.2021","658,80","651,40","658,80","651,40","0,05K","0,27%"
"14.04.2021","657,00","659,30","660,70","657,00","0,00K","-0,20%"
"13.04.2021","658,30","654,40","658,30","654,00","0,01K","1,01%"
"12.04.2021","651,70","655,20","656,70","651,70","0,03K","-0,02%"
"09.04.2021","651,80","651,50","652,10","651,40","0,00K","0,31%"
"08.04.2021","649,80","652,30","652,30","649,70","0,46K","0,67%"
"07.04.2021","645,50","645,10","646,50","643,00","0,04K","-0,51%"
"06.04.2021","648,80","649,30","649,30","646,60","0,01K","1,90%"
"01.04.2021","636,70","632,80","636,70","632,80","0,05K","1,08%"
"31.03.2021","629,90","620,10","629,90","620,10","0,01K","1,60%"
"30.03.2021","620,00","619,50","620,00","618,50","0,01K","-0,31%"
"29.03.2021","621,90","615,80","621,90","615,60","0,04K","1,17%"
"26.03.2021","614,70","615,60","615,60","612,50","0,01K","0,85%"
"25.03.2021","609,50","612,20","613,90","608,40","0,13K","-1,07%"
"24.03.2021","616,10","621,00","624,20","616,10","","-1,03%"
"23.03.2021","622,50","616,70","622,50","616,70","","0,44%"
"22.03.2021","619,80","612,40","619,80","612,00","0,11K","1,67%"
"19.03.2021","609,60","606,40","609,90","606,40","0,03K","-0,73%"
"18.03.2021","614,10","621,30","621,30","613,10","0,30K","-1,30%"
"17.03.2021","622,20","622,20","623,10","614,90","0,07K","0,19%"
"16.03.2021","621,00","621,70","629,40","619,80","0,02K","1,39%"
"15.03.2021","612,50","609,20","613,90","609,20","0,04K","0,61%"
"12.03.2021","608,80","611,60","611,60","604,70","0,01K","-1,09%"
"11.03.2021","615,50","609,30","615,50","609,30","0,05K","1,62%"
"10.03.2021","605,70","605,30","608,60","605,00","0,05K","-0,59%"
"09.03.2021","609,30","588,60","609,30","588,60","0,08K","1,99%"
"08.03.2021","597,40","594,20","601,80","588,60","0,04K","0,23%"
"05.03.2021","596,00","586,80","596,00","580,00","0,11K","2,90%"
"04.03.2021","579,20","591,60","594,30","575,50","1,90K","-2,77%"
"03.03.2021","595,70","613,60","615,30","595,70","0,00K","-3,92%"
"02.03.2021","620,00","620,10","620,70","619,60","0,01K","0,23%"
"01.03.2021","618,60","611,20","618,60","611,20","0,03K","2,83%"
"26.02.2021","601,60","589,60","601,60","589,60","0,11K","-0,28%"
"25.02.2021","603,30","618,20","618,20","603,30","0,01K","-0,97%"
"24.02.2021","609,20","606,40","610,80","606,40","0,07K","0,51%"
"23.02.2021","606,10","615,70","615,70","596,50","0,06K","-2,19%"
"22.02.2021","619,70","628,50","628,50","616,40","0,42K","-1,98%"
"19.02.2021","632,20","634,80","637,10","631,20","0,08K","0,32%"
"18.02.2021","630,20","638,50","638,50","630,20","0,03K","-1,49%"
"17.02.2021","639,70","642,80","642,80","635,90","0,08K","-0,79%"
"16.02.2021","644,80","644,10","645,60","642,90","0,02K","0,00%"
"15.02.2021","644,80","642,30","644,90","642,30","0,12K","0,91%"
"12.02.2021","639,00","637,30","639,20","637,30","0,06K","0,55%"
"11.02.2021","635,50","635,00","638,20","635,00","0,03K","0,33%"
"10.02.2021","633,40","639,30","639,30","632,10","0,10K","-0,55%"
"09.02.2021","636,90","638,60","640,20","636,40","0,07K","-0,27%"
"08.02.2021","638,60","640,90","640,90","637,90","0,09K","0,24%"
"05.02.2021","637,10","640,90","640,90","634,40","0,21K","0,38%"
"04.02.2021","634,70","630,30","634,70","630,00","0,14K","0,70%"
"03.02.2021","630,30","634,40","634,80","630,30","0,00K","-0,25%"
"02.02.2021","631,90","621,60","631,90","621,60","0,02K","2,17%"
"01.02.2021","618,50","603,20","619,10","602,50","0,03K","2,89%"
"29.01.2021","601,10","608,20","608,60","601,10","0,02K","-3,30%"
"28.01.2021","621,60","606,80","621,60","602,90","0,17K","0,45%"
"27.01.2021","618,80","628,40","629,80","616,00","0,11K","-1,02%"
"26.01.2021","625,20","623,00","626,40","623,00","0,04K","0,29%"
"25.01.2021","623,40","623,60","629,60","616,30","0,16K","0,73%"
"22.01.2021","618,90","618,70","620,00","616,20","0,11K","-0,27%"
"21.01.2021","620,60","621,10","621,10","618,20","0,12K","0,52%"
"20.01.2021","617,40","605,80","617,80","605,80","0,02K","2,24%"
"19.01.2021","603,90","601,90","603,90","598,80","0,01K","0,95%"
"18.01.2021","598,20","596,50","598,20","596,50","0,02K","-0,05%"
"15.01.2021","598,50","597,20","600,10","597,20","0,21K","-0,32%"
"14.01.2021","600,40","601,30","604,70","600,40","0,03K","-0,20%"
"13.01.2021","601,60","595,90","601,60","595,90","0,04K","0,96%"
"12.01.2021","595,90","598,90","600,70","594,50","0,03K","-0,75%"
"11.01.2021","600,40","604,10","605,00","599,40","0,19K","0,28%"
"08.01.2021","598,70","596,60","601,10","596,60","0,03K","0,98%"
"07.01.2021","592,90","583,10","593,20","580,80","0,04K","1,28%"
"06.01.2021","585,40","579,10","586,50","575,10","0,03K","0,22%"
"05.01.2021","584,10","582,50","587,50","580,70","0,02K","0,17%"
"04.01.2021","583,10","593,40","594,80","577,30","0,28K","-1,44%"
"30.12.2020","591,60","591,30","593,00","591,30","0,01K","0,10%"
"29.12.2020","591,00","593,20","593,90","591,00","0,00K","-0,24%"
"28.12.2020","592,40","589,90","592,40","589,00","0,06K","1,14%"
"23.12.2020","585,70","588,20","589,30","584,90","0,26K","-0,51%"
"22.12.2020","588,70","583,90","588,70","583,90","0,01K","0,80%"
"21.12.2020","584,00","588,90","589,40","576,80","0,32K","-0,12%"
"18.12.2020","584,70","585,20","586,70","584,70","0,02K","0,09%"
"17.12.2020","584,20","585,40","586,90","584,20","0,04K","0,17%"
"16.12.2020","583,20","584,60","585,00","582,30","0,01K","0,38%"
"15.12.2020","581,00","577,90","582,60","577,90","0,02K","0,14%"
"14.12.2020","580,20","575,80","581,90","575,30","0,00K","1,17%"
"11.12.2020","573,50","573,80","573,80","571,20","0,04K","-0,45%"
"10.12.2020","576,10","574,20","576,10","570,30","0,04K","-1,89%"
"09.12.2020","587,20","587,10","587,70","586,80","0,02K","0,02%"
"08.12.2020","587,10","584,40","587,20","582,50","0,00K","0,46%"
"07.12.2020","584,40","582,20","584,40","581,90","0,10K","0,71%"
"04.12.2020","580,30","579,60","580,70","579,10","0,02K","0,29%"
"03.12.2020","578,60","580,40","580,50","578,60","0,11K","-0,17%"
"02.12.2020","579,60","580,80","582,10","579,60","0,12K","-0,80%"
"01.12.2020","584,30","584,00","584,30","580,90","0,03K","1,55%"
"30.11.2020","575,40","575,50","577,00","570,60","0,05K","-0,76%"
"27.11.2020","579,80","575,50","579,80","575,40","0,03K","0,47%"
"26.11.2020","577,10","575,90","577,80","575,90","0,06K","0,56%"
"25.11.2020","573,90","573,60","574,60","571,90","0,08K","0,74%"
"24.11.2020","569,70","569,20","569,70","565,90","0,30K","0,69%"
"23.11.2020","565,80","567,10","567,80","564,00","0,01K","-0,65%"
"20.11.2020","569,50","568,40","570,10","568,20","","0,16%"
"19.11.2020","568,60","565,20","568,60","563,20","0,01K","-0,09%"
"18.11.2020","569,10","566,20","570,00","566,20","0,11K","-0,19%"
"17.11.2020","570,20","571,20","571,50","568,70","0,03K","-0,04%"
"16.11.2020","570,40","571,70","571,70","567,20","0,12K","0,69%"
"13.11.2020","566,50","566,90","568,10","565,30","0,05K","-0,51%"
"12.11.2020","569,40","567,90","570,50","566,80","0,01K","0,14%"
"11.11.2020","568,60","556,10","568,60","554,80","0,07K","1,90%"
"10.11.2020","558,00","562,20","562,20","549,50","0,36K","-3,79%"
"09.11.2020","580,00","584,80","584,80","568,00","0,83K","1,84%"
"06.11.2020","569,50","569,60","571,40","567,20","0,01K","-0,94%"
"05.11.2020","574,90","573,30","577,70","570,80","0,23K","1,39%"
"04.11.2020","567,00","555,80","569,70","555,30","0,05K","4,54%"
"03.11.2020","542,40","535,90","544,20","535,90","0,01K","2,13%"
"02.11.2020","531,10","534,90","541,40","531,10","0,41K","-0,30%"
"30.10.2020","532,70","535,40","540,80","532,10","0,05K","-3,51%"
"29.10.2020","552,10","539,10","552,70","538,10","0,02K","2,54%"
"28.10.2020","538,40","551,50","551,50","537,10","0,08K","-2,18%"
"27.10.2020","550,40","549,10","551,10","549,10","0,02K","0,82%"
"26.10.2020","545,90","552,00","554,70","542,10","0,11K","-1,16%"
"23.10.2020","552,30","555,80","555,90","550,80","0,05K","0,13%"
"22.10.2020","551,60","553,40","556,80","551,60","0,03K","-0,42%"
"21.10.2020","553,90","555,60","557,30","553,70","0,05K","-0,77%"
"20.10.2020","558,20","560,00","562,10","554,60","0,41K","-1,19%"
"19.10.2020","564,90","572,10","573,20","563,50","0,14K","-1,62%"
"16.10.2020","574,20","570,70","577,20","570,70","0,13K","0,91%"
"15.10.2020","569,00","569,50","569,70","565,80","0,01K","-0,65%"
"14.10.2020","572,70","581,70","583,50","571,50","0,02K","-0,92%"
"13.10.2020","578,00","579,10","582,90","578,00","0,02K","-0,10%"
"12.10.2020","578,60","561,80","578,60","561,80","0,02K","3,97%"
"09.10.2020","556,50","555,00","556,50","552,80","0,16K","0,36%"
"08.10.2020","554,50","551,10","555,70","551,10","0,27K","0,78%"
"07.10.2020","550,20","543,40","550,20","542,70","0,02K","0,51%"
"06.10.2020","547,40","547,20","549,70","546,80","0,05K","0,31%"
"05.10.2020","545,70","543,70","547,50","542,20","0,01K","0,04%"
"02.10.2020","545,50","546,50","546,50","545,50","0,00K","-1,50%"
"01.10.2020","553,80","551,70","554,50","551,60","0,05K","0,42%"
"30.09.2020","551,50","537,40","551,90","537,40","0,04K","1,32%"
"29.09.2020","544,30","551,60","551,60","543,20","0,04K","-0,46%"
"28.09.2020","546,80","543,00","548,40","543,00","0,03K","1,98%"
"25.09.2020","536,20","527,30","536,20","524,60","0,11K","1,36%"
"24.09.2020","529,00","522,30","530,40","519,70","0,02K","-0,23%"
"23.09.2020","530,20","538,50","539,60","530,20","0,10K","-0,71%"
"22.09.2020","534,00","524,90","534,00","524,90","0,07K","2,91%"
"21.09.2020","518,90","516,90","519,40","512,80","0,69K","-0,10%"
"18.09.2020","519,40","529,30","530,10","519,40","0,15K","-0,50%"
"17.09.2020","522,00","529,00","532,20","522,00","0,03K","-3,37%"
"16.09.2020","540,20","546,50","547,50","540,20","0,03K","-0,74%"
"15.09.2020","544,20","537,40","545,00","535,90","0,06K","1,97%"
"14.09.2020","533,70","534,30","537,50","531,60","0,01K","1,41%"
"11.09.2020","526,30","536,10","537,90","526,30","0,08K","-2,14%"
"10.09.2020","537,80","543,80","546,40","537,80","0,28K","-1,14%"
"09.09.2020","544,00","534,20","544,00","530,60","0,62K","1,08%"
"08.09.2020","538,20","550,80","550,80","532,70","0,45K","-1,66%"
"07.09.2020","547,30","548,20","548,20","543,70","0,09K","-0,42%"
"04.09.2020","549,60","554,60","560,60","534,80","0,41K","-1,87%"
"03.09.2020","560,10","590,60","590,80","559,70","0,50K","-4,84%"
"02.09.2020","588,60","586,10","590,80","583,50","0,03K","1,68%"
"01.09.2020","578,90","571,90","578,90","571,90","0,11K","1,63%"
"31.08.2020","569,60","571,10","572,00","566,80","0,02K","0,49%"
"28.08.2020","566,80","568,30","569,20","565,00","0,11K","-1,15%"
"27.08.2020","573,40","569,50","573,40","568,40","0,11K","0,93%"
"26.08.2020","568,10","558,90","568,10","558,90","0,04K","2,56%"
"25.08.2020","553,90","556,90","557,20","552,00","0,03K","0,05%"
"24.08.2020","553,60","554,50","555,70","551,70","0,07K","0,54%"
"21.08.2020","550,60","544,70","551,70","544,70","0,03K","1,66%"
"20.08.2020","541,60","535,10","541,90","535,10","0,07K","1,01%"
"19.08.2020","536,20","538,60","539,00","536,20","0,01K","-0,04%"
"18.08.2020","536,40","534,10","537,50","533,90","0,03K","0,32%"
"17.08.2020","534,70","531,00","534,70","530,20","0,01K","0,81%"
"14.08.2020","530,40","533,70","534,00","529,70","0,01K","-0,54%"
"13.08.2020","533,30","528,30","533,30","528,30","0,01K","0,26%"
"12.08.2020","531,90","525,10","531,90","523,10","0,13K","0,66%"
"11.08.2020","528,40","533,00","533,70","527,70","0,01K","-0,47%"
"10.08.2020","530,90","531,90","533,30","526,70","0,03K","0,34%"
"07.08.2020","529,10","532,70","537,80","529,10","0,07K","0,11%"
"06.08.2020","528,50","524,70","529,20","524,70","0,02K","0,42%"
"05.08.2020","526,30","529,30","530,40","525,40","0,01K","-0,45%"
"04.08.2020","528,70","529,30","531,00","525,60","0,04K","-0,19%"
"03.08.2020","529,70","522,70","530,30","522,70","0,12K","2,81%"
"31.07.2020","515,20","515,60","519,00","515,20","0,04K","1,26%"
"30.07.2020","508,80","511,10","511,10","504,00","0,11K","0,16%"
"29.07.2020","508,00","507,10","508,00","506,80","0,00K","-0,39%"
"28.07.2020","510,00","512,40","512,40","508,80","0,01K","1,01%"
"27.07.2020","504,90","506,40","506,60","504,90","0,02K","-0,22%"
"24.07.2020","506,00","508,20","509,40","504,80","0,17K","-2,24%"
"23.07.2020","517,60","528,30","530,80","517,60","0,54K","-1,48%"
"22.07.2020","525,40","530,20","530,40","525,40","0,04K","-1,13%"
"21.07.2020","531,40","543,20","544,00","531,40","0,17K","-0,49%"
"20.07.2020","534,00","520,30","534,80","519,50","0,13K","2,08%"
"17.07.2020","523,10","523,90","524,10","521,80","0,07K","-0,29%"
"16.07.2020","524,60","524,00","524,60","517,50","0,09K","-0,29%"
"15.07.2020","526,10","528,90","529,90","522,20","0,06K","1,15%"
"14.07.2020","520,10","527,70","530,10","519,30","0,20K","-4,74%"
"13.07.2020","546,00","542,50","547,90","541,60","0,13K","1,79%"
"10.07.2020","536,40","533,10","536,40","532,10","0,16K","1,40%"
"09.07.2020","529,00","528,70","533,50","528,70","0,43K","0,69%"
"08.07.2020","525,40","525,20","527,30","524,70","0,15K","-0,79%"
"07.07.2020","529,60","527,20","532,10","526,50","0,09K","0,34%"
"06.07.2020","527,80","523,60","528,60","520,70","0,12K","1,99%"
"03.07.2020","517,50","519,90","520,40","517,50","0,14K","-0,29%"
"02.07.2020","519,00","515,40","520,40","514,70","0,06K","1,63%"
"01.07.2020","510,70","507,80","510,70","506,60","0,10K","1,43%"
"30.06.2020","503,50","500,80","504,80","500,70","0,22K","1,37%"
"29.06.2020","496,70","491,20","496,70","487,75","0,37K","-0,59%"
"26.06.2020","499,65","507,00","507,60","499,65","0,19K","-0,76%"
"25.06.2020","503,50","500,60","503,60","497,05","0,09K","0,46%"
"24.06.2020","501,20","507,70","509,30","501,20","0,01K","-1,96%"
"23.06.2020","511,20","504,90","512,30","504,90","0,09K","1,19%"
"22.06.2020","505,20","501,10","505,20","501,10","0,03K","0,74%"
"19.06.2020","501,50","504,20","507,10","501,50","0,12K","-0,04%"
"18.06.2020","501,70","498,10","501,70","498,10","0,22K","-0,24%"
"17.06.2020","502,90","497,75","503,80","497,75","0,15K","1,04%"
"16.06.2020","497,70","491,75","498,60","490,85","0,06K","4,66%"
"15.06.2020","475,55","472,50","476,20","471,45","0,24K","-0,45%"
"12.06.2020","477,70","483,60","488,40","477,70","0,05K","-1,20%"
"11.06.2020","483,50","495,60","495,75","483,50","0,05K","-2,98%"
"10.06.2020","498,35","496,05","499,40","494,60","0,15K","0,63%"
"09.06.2020","495,25","493,25","495,25","490,20","0,09K","1,24%"
"08.06.2020","489,20","489,90","489,90","486,25","0,46K","0,64%"
"05.06.2020","486,10","479,70","486,10","478,90","0,02K","1,68%"
"04.06.2020","478,05","484,80","486,50","478,05","0,16K","-1,29%"
"03.06.2020","484,30","486,45","486,60","483,75","0,12K","0,73%"
"02.06.2020","480,80","485,45","486,30","480,80","0,05K","0,52%"
"29.05.2020","478,30","477,30","478,40","475,95","0,02K","-1,23%"
"28.05.2020","484,25","482,00","484,25","477,20","0,13K","1,29%"
"27.05.2020","478,10","486,10","487,05","473,90","0,09K","-1,42%"
"26.05.2020","485,00","493,60","494,10","484,65","0,08K","-1,45%"
"25.05.2020","492,15","489,50","492,15","488,95","0,03K","1,45%"
"22.05.2020","485,10","478,60","485,10","477,45","0,34K","0,34%"
"21.05.2020","483,45","484,45","484,55","483,10","0,04K","-0,24%"
"20.05.2020","484,60","479,80","485,75","479,80","0,06K","0,22%"
"19.05.2020","483,55","481,50","484,00","478,05","0,11K","0,39%"
"18.05.2020","481,65","477,85","482,00","477,85","0,15K","2,92%"
"15.05.2020","468,00","473,80","475,85","466,05","0,03K","-0,02%"
"14.05.2020","468,10","466,25","469,70","464,45","0,11K","0,88%"
"13.05.2020","464,00","472,25","476,30","464,00","0,24K","-3,77%"
"12.05.2020","482,20","482,50","483,60","478,95","0,79K","-0,23%"
"11.05.2020","483,30","479,80","483,30","475,70","0,08K","1,62%"
"08.05.2020","475,60","478,45","478,45","475,60","0,13K","0,37%"
"07.05.2020","473,85","470,40","474,60","470,40","0,44K","0,82%"
"06.05.2020","470,00","465,70","470,30","465,70","0,09K","0,70%"
"05.05.2020","466,75","457,15","466,75","457,15","0,02K","3,43%"
"04.05.2020","451,25","445,95","451,25","444,70","0,07K","-1,98%"
"30.04.2020","460,35","472,50","472,50","460,35","0,31K","-0,65%"
"29.04.2020","463,35","457,55","464,30","455,95","0,03K","2,03%"
"28.04.2020","454,15","458,60","461,60","454,15","0,13K","-0,96%"
"27.04.2020","458,55","460,65","460,65","458,45","0,71K","1,70%"
"24.04.2020","450,90","446,30","450,90","446,30","0,01K","-0,92%"
"23.04.2020","455,10","450,00","455,10","449,10","0,08K","1,32%"
"22.04.2020","449,15","439,65","449,15","439,65","0,15K","2,52%"
"21.04.2020","438,10","451,10","451,55","432,85","0,08K","-4,10%"
"20.04.2020","456,85","455,45","457,25","451,65","0,49K","1,05%"
"17.04.2020","452,10","463,70","464,80","452,10","0,14K","0,43%"
"16.04.2020","450,15","444,70","450,15","444,70","0,12K","1,99%"
"15.04.2020","441,35","444,75","445,00","439,85","0,07K","-0,51%"
"14.04.2020","443,60","438,45","445,35","434,60","1,06K","4,75%"
"09.04.2020","423,50","427,25","427,90","422,80","0,19K","0,37%"
"08.04.2020","421,95","416,50","425,10","416,45","0,06K","-0,01%"
"07.04.2020","422,00","420,20","429,05","420,20","0,35K","2,23%"
"06.04.2020","412,80","409,65","416,45","406,25","0,12K","4,81%"
"03.04.2020","393,85","391,90","397,15","391,90","0,49K","-0,39%"
"02.04.2020","395,40","384,30","395,40","384,30","0,21K","2,16%"
"01.04.2020","387,05","390,55","394,60","384,30","0,15K","-3,43%"
"31.03.2020","400,80","404,00","410,05","400,45","0,04K","-0,29%"
"30.03.2020","401,95","390,20","401,95","384,20","0,01K","3,22%"
"27.03.2020","389,40","397,85","397,85","389,40","0,24K","-1,58%"
"26.03.2020","395,65","382,10","396,20","378,25","0,53K","0,32%"
"25.03.2020","394,40","396,95","401,45","385,55","0,28K","1,28%"
"24.03.2020","389,40","380,45","389,40","377,45","0,52K","6,22%"
"23.03.2020","366,60","358,35","373,30","357,10","0,18K","-2,42%"
"20.03.2020","375,70","395,05","401,15","375,70","1,12K","-2,07%"
"19.03.2020","383,65","370,10","387,00","370,10","0,12K","7,50%"
"18.03.2020","356,90","355,60","373,90","355,60","0,09K","-7,15%"
"17.03.2020","384,40","367,20","384,40","362,50","0,10K","1,65%"
"16.03.2020","378,15","375,80","378,15","357,05","0,15K","0,08%"
"13.03.2020","377,85","368,05","388,85","368,05","0,13K","-1,14%"
"12.03.2020","382,20","384,35","384,35","373,75","0,14K","-4,34%"
"11.03.2020","399,55","404,95","408,20","399,55","0,01K","-0,57%"
"10.03.2020","401,85","405,60","412,50","394,55","0,21K","0,65%"
"09.03.2020","399,25","400,25","401,10","392,95","0,14K","-4,50%"
"06.03.2020","418,05","431,40","431,40","412,20","0,14K","-4,53%"
"05.03.2020","437,90","446,45","446,45","435,05","0,05K","-0,73%"
"04.03.2020","441,10","437,20","442,00","437,15","0,27K","1,00%"
"03.03.2020","436,75","445,60","452,95","436,75","0,18K","0,01%"
"02.03.2020","436,70","432,00","439,05","427,25","0,38K","1,91%"
"28.02.2020","428,50","418,90","429,00","414,75","0,24K","-3,48%"
"27.02.2020","443,95","451,80","454,05","438,15","0,47K","-3,51%"
"26.02.2020","460,10","457,80","466,45","452,40","0,23K","-1,11%"
"25.02.2020","465,25","476,35","476,75","465,25","0,17K","-1,04%"
"24.02.2020","470,15","480,55","481,00","467,85","0,10K","-4,37%"
"21.02.2020","491,65","496,60","498,45","491,65","0,01K","-1,28%"
"20.02.2020","498,00","506,10","506,80","497,30","0,08K","-1,56%"
"19.02.2020","505,90","502,20","505,90","501,70","0,13K","1,26%"
"18.02.2020","499,60","495,35","499,60","493,80","0,18K","-0,18%"
"17.02.2020","500,50","500,90","500,90","499,90","0,10K","0,51%"
"14.02.2020","497,95","499,00","499,05","497,95","0,20K","0,11%"
"13.02.2020","497,40","493,80","498,30","491,50","0,04K","0,40%"
"12.02.2020","495,40","492,00","495,40","491,30","0,02K","0,46%"
"11.02.2020","493,15","491,80","493,45","491,20","0,03K","1,25%"
"10.02.2020","487,05","482,90","487,05","481,65","0,02K","0,57%"
"07.02.2020","484,30","483,40","484,30","481,90","0,02K","0,54%"
"06.02.2020","481,70","481,00","481,70","480,05","","1,01%"
"05.02.2020","476,90","474,60","481,50","474,05","0,14K","0,62%"
"04.02.2020","473,95","465,95","473,95","465,75","0,17K","2,53%"
"03.02.2020","462,25","458,95","463,10","457,35","0,00K","1,47%"
"31.01.2020","455,55","468,45","468,45","455,55","0,01K","-0,91%"
"30.01.2020","459,75","458,75","462,50","458,75","0,17K","-1,28%"
"29.01.2020","465,70","464,55","466,45","462,55","0,01K","0,62%"
"28.01.2020","462,85","458,00","463,00","457,50","0,05K","1,14%"
"27.01.2020","457,65","459,70","459,90","455,30","0,06K","-1,50%"
"24.01.2020","464,60","469,85","471,65","464,60","0,04K","-0,47%"
"23.01.2020","466,80","464,15","467,10","464,15","0,03K","-0,02%"
"22.01.2020","466,90","467,40","467,90","466,05","0,06K","0,91%"
"21.01.2020","462,70","460,75","464,30","460,55","0,14K","-0,14%"
"20.01.2020","463,35","462,65","464,45","462,65","0,06K","0,24%"
"17.01.2020","462,25","459,55","463,50","459,55","0,00K","0,99%"
"16.01.2020","457,70","455,95","458,55","455,95","0,00K","0,66%"
"15.01.2020","454,70","455,70","456,80","454,55","0,01K","-0,29%"
"14.01.2020","456,00","457,70","458,30","455,20","0,11K","0,16%"
"13.01.2020","455,25","455,20","455,25","453,25","0,56K","0,39%"
"10.01.2020","453,50","455,15","457,15","452,50","0,16K","0,13%"
"09.01.2020","452,90","451,75","455,15","451,40","0,06K","0,66%"
"08.01.2020","449,95","442,60","449,95","442,60","0,01K","0,96%"
"07.01.2020","445,65","443,75","446,50","443,65","0,09K","0,94%"
"06.01.2020","441,50","440,50","442,00","437,10","0,10K","-0,34%"
"03.01.2020","443,00","441,95","443,55","440,25","0,02K","-0,05%"
"02.01.2020","443,20","439,45","443,20","439,05","0,01K","0,75%"
"30.12.2019","439,90","439,65","440,20","439,15","","-0,08%"
"27.12.2019","440,25","443,55","443,85","440,25","0,05K","0,05%"
"23.12.2019","440,05","439,50","441,35","439,50","0,15K","-0,03%"
"20.12.2019","440,20","435,85","440,20","435,85","0,05K","1,24%"
"19.12.2019","434,80","433,00","434,80","432,90","0,03K","0,28%"
"18.12.2019","433,60","432,05","434,65","431,50","0,05K","0,53%"
"17.12.2019","431,30","432,25","432,70","430,75","0,12K","-0,14%"
"16.12.2019","431,90","429,10","432,20","428,65","0,11K","0,83%"
"13.12.2019","428,35","427,55","428,60","425,30","0,01K","0,63%"
"12.12.2019","425,65","424,15","427,70","422,55","0,03K","0,52%"
"11.12.2019","423,45","423,10","424,50","422,95","0,04K","0,02%"
"10.12.2019","423,35","423,85","424,60","420,90","0,06K","-0,48%"
"09.12.2019","425,40","425,25","426,65","424,85","","-0,20%"
"06.12.2019","426,25","420,85","426,25","420,75","0,01K","1,68%"
"05.12.2019","419,20","420,30","421,60","418,40","0,02K","-0,21%"
"04.12.2019","420,10","417,55","420,50","416,95","0,02K","0,94%"
"03.12.2019","416,20","421,85","421,85","414,65","0,01K","-1,14%"
"02.12.2019","421,00","429,35","430,40","419,05","0,13K","-1,74%"
"29.11.2019","428,45","428,65","430,55","427,75","0,00K","-0,31%"
"28.11.2019","429,80","429,10","430,65","429,00","0,05K","0,01%"
"27.11.2019","429,75","428,10","429,85","428,10","0,08K","0,77%"
"26.11.2019","426,45","426,95","427,15","426,20","0,04K","0,18%"
"25.11.2019","425,70","422,00","425,85","421,95","0,02K","1,41%"
"22.11.2019","419,80","419,55","420,95","419,30","0,01K","0,20%"
"21.11.2019","418,95","418,40","419,65","417,75","0,00K","0,40%"
"20.11.2019","417,30","421,10","422,40","417,00","0,01K","-1,13%"
"19.11.2019","422,05","422,00","423,95","421,10","0,02K","0,27%"
"18.11.2019","420,90","421,05","422,85","419,80","0,03K","0,05%"
"15.11.2019","420,70","421,25","422,05","420,45","0,02K","0,33%"
"14.11.2019","419,30","420,00","421,10","418,15","0,02K","-0,43%"
"13.11.2019","421,10","419,50","421,30","418,40","0,03K","-0,14%"
"12.11.2019","421,70","419,30","421,95","419,30","","0,80%"
"11.11.2019","418,35","417,45","418,35","417,35","0,01K","0,07%"
"08.11.2019","418,05","415,90","418,90","415,90","0,02K","-0,08%"
"07.11.2019","418,40","416,40","419,40","416,35","","1,03%"
"06.11.2019","414,15","415,05","415,85","413,00","0,02K","-0,42%"
"05.11.2019","415,90","414,35","416,20","414,35","0,01K","0,62%"
"04.11.2019","413,35","411,00","413,35","410,00","0,11K","1,27%"
"01.11.2019","408,15","406,55","409,75","406,50","","0,84%"
"31.10.2019","404,75","407,05","407,85","404,60","","-0,02%"
"30.10.2019","404,85","406,05","407,00","404,85","0,19K","-0,39%"
"29.10.2019","406,45","409,00","409,95","406,45","0,05K","-0,61%"
"28.10.2019","408,95","407,20","409,90","406,15","0,12K","0,93%"
"25.10.2019","405,20","399,80","405,35","399,55","0,00K","1,20%"
"24.10.2019","400,40","397,90","402,10","397,90","0,02K","1,00%"
"23.10.2019","396,45","394,30","397,25","394,30","0,00K","-0,33%"
"22.10.2019","397,75","399,00","401,25","397,75","0,13K","-0,03%"
"21.10.2019","397,85","396,70","399,05","395,80","0,04K","0,59%"
"18.10.2019","395,50","399,05","399,75","393,55","0,01K","-1,10%"
"17.10.2019","399,90","400,70","402,25","398,85","","-0,06%"
"16.10.2019","400,15","402,30","403,05","399,35","","-0,87%"
"15.10.2019","403,65","399,75","403,65","399,75","0,10K","1,34%"
"14.10.2019","398,30","398,60","399,50","396,15","","-0,40%"
"11.10.2019","399,90","395,35","400,75","395,35","0,02K","1,77%"
"10.10.2019","392,95","391,75","395,50","389,65","0,01K","0,11%"
"09.10.2019","392,50","389,55","392,55","389,35","","0,01%"
"08.10.2019","392,45","395,75","395,75","389,10","0,00K","-1,03%"
"07.10.2019","396,55","393,90","396,95","393,50","0,00K","0,74%"
"04.10.2019","393,65","391,45","394,10","388,75","0,10K","2,50%"
"02.10.2019","384,05","393,75","393,75","384,05","","-2,36%"
"01.10.2019","393,35","401,15","402,05","393,15","0,06K","-1,26%"
"30.09.2019","398,35","395,30","398,35","394,75","0,00K","1,59%"
"27.09.2019","392,10","398,35","399,85","392,10","0,00K","-1,17%"
"26.09.2019","396,75","397,20","400,50","395,95","0,03K","0,10%"
"25.09.2019","396,35","392,65","396,35","390,80","","1,46%"
"24.09.2019","390,65","399,70","400,80","390,50","0,01K","-2,09%"
"23.09.2019","399,00","398,35","399,50","397,80","0,03K","0,74%"
"20.09.2019","396,05","401,20","402,65","396,05","0,00K","-0,88%"
"19.09.2019","399,55","398,10","402,70","398,00","0,02K","0,71%"
"18.09.2019","396,75","398,05","399,85","396,75","","-0,11%"
"17.09.2019","397,20","398,20","399,60","396,90","0,02K","-0,41%"
"16.09.2019","398,85","395,50","400,55","395,25","0,00K","0,03%"
"13.09.2019","398,75","400,50","401,65","398,65","0,00K","-0,75%"
"12.09.2019","401,75","402,30","405,95","401,10","0,03K","0,42%"
"11.09.2019","400,05","396,25","400,95","396,15","0,01K","1,33%"
"10.09.2019","394,80","395,45","396,65","392,60","0,03K","-0,14%"
"09.09.2019","395,35","399,15","399,90","394,80","0,01K","-0,85%"
"06.09.2019","398,75","397,80","400,40","397,70","0,03K","0,31%"
"05.09.2019","397,50","397,50","399,00","394,80","0,05K","1,71%"
"04.09.2019","390,80","392,35","393,40","390,05","","1,02%"
"03.09.2019","386,85","391,00","392,00","386,85","0,05K","-0,30%"
"02.09.2019","388,00","390,15","392,40","387,85","0,07K","-0,77%"
"30.08.2019","391,00","389,80","393,80","389,75","0,02K","0,14%"
"29.08.2019","390,45","382,00","390,55","381,70","","2,08%"
"28.08.2019","382,50","382,70","383,25","379,80","0,15K","0,12%"
"27.08.2019","382,05","381,15","385,45","380,40","","0,39%"
"26.08.2019","380,55","374,55","383,55","373,55","0,03K","0,94%"
"23.08.2019","377,00","391,95","392,30","376,75","0,21K","-3,17%"
"22.08.2019","389,35","391,20","392,15","387,90","0,00K","-0,12%"
"21.08.2019","389,80","388,60","391,05","387,60","0,10K","0,61%"
"20.08.2019","387,45","390,15","391,10","387,45","","-0,65%"
"19.08.2019","390,00","386,65","390,20","386,50","0,05K","1,71%"
"16.08.2019","383,45","380,50","384,35","380,10","","2,23%"
"15.08.2019","375,10","372,10","378,65","372,10","0,02K","-0,78%"
"14.08.2019","378,05","387,35","387,35","376,20","0,01K","-2,20%"
"13.08.2019","386,55","376,90","387,95","375,50","0,10K","2,14%"
"12.08.2019","378,45","383,60","385,60","378,35","","-1,23%"
"09.08.2019","383,15","384,35","385,35","378,95","","-0,22%"
"08.08.2019","384,00","379,10","384,00","377,75","0,03K","2,09%"
"07.08.2019","376,15","373,90","378,25","370,45","0,07K","0,39%"
"06.08.2019","374,70","370,30","376,10","369,85","0,07K","1,15%"
"05.08.2019","370,45","381,40","381,80","370,45","0,09K","-3,78%"
"02.08.2019","385,00","392,55","392,55","384,95","","-2,91%"
"01.08.2019","396,55","397,30","404,20","396,55","0,06K","-0,85%"
"31.07.2019","399,95","399,45","401,10","399,45","","0,19%"
"30.07.2019","399,20","401,20","401,20","397,75","0,00K","-0,34%"
"29.07.2019","400,55","402,35","403,50","399,85","0,73K","-0,55%"
"26.07.2019","402,75","401,50","403,30","401,35","0,04K","1,08%"
"25.07.2019","398,45","402,10","403,75","398,00","0,11K","-0,41%"
"24.07.2019","400,10","398,20","400,35","397,70","0,06K","0,60%"
"23.07.2019","397,70","395,60","397,90","395,60","0,02K","1,03%"
"22.07.2019","393,65","391,40","393,95","390,70","0,05K","0,01%"
"19.07.2019","393,60","394,30","396,25","393,20","0,03K","0,68%"
"18.07.2019","390,95","389,75","393,25","389,75","","-0,99%"
"17.07.2019","394,85","396,15","396,40","394,25","0,05K","-0,16%"
"16.07.2019","395,50","396,05","397,75","395,05","0,01K","0,08%"
"15.07.2019","395,20","393,95","395,45","393,80","0,06K","0,50%"
"12.07.2019","393,25","392,60","394,20","392,40","","0,24%"
"11.07.2019","392,30","393,40","394,15","392,05","0,01K","-0,15%"
"10.07.2019","392,90","390,65","394,00","388,65","0,06K","0,76%"
"09.07.2019","389,95","386,20","389,95","385,50","0,36K","0,72%"
"08.07.2019","387,15","388,45","389,50","387,00","0,01K","-0,88%"
"05.07.2019","390,60","390,55","390,85","388,40","0,01K","0,10%"
"04.07.2019","390,20","389,35","390,90","389,25","0,00K","0,12%"
"03.07.2019","389,75","388,80","389,75","387,40","0,08K","1,44%"
"02.07.2019","384,20","385,45","385,45","383,10","0,00K","0,08%"
"01.07.2019","383,90","384,35","385,75","383,60","0,03K","2,02%"
"28.06.2019","376,30","376,15","377,20","375,85","","-0,13%"
"27.06.2019","376,80","376,80","377,70","375,35","0,22K","0,60%"
"26.06.2019","374,55","374,30","378,25","374,30","","-0,19%"
"25.06.2019","375,25","377,15","379,35","375,15","","-1,04%"
"24.06.2019","379,20","380,60","381,35","379,20","0,02K","-0,65%"
"21.06.2019","381,70","382,00","384,25","380,45","0,00K","0,00%"
"20.06.2019","381,70","383,05","385,65","381,05","","0,57%"
"19.06.2019","379,55","381,80","382,60","379,55","0,05K","-0,49%"
"18.06.2019","381,40","374,80","384,30","374,25","0,02K","1,61%"
"17.06.2019","375,35","373,95","375,70","373,00","0,15K","0,75%"
"14.06.2019","372,55","371,55","372,75","370,10","","0,17%"
"13.06.2019","371,90","368,20","373,30","368,20","0,07K","0,64%"
"12.06.2019","369,55","368,45","370,45","368,40","0,58K","-0,14%"
"11.06.2019","370,05","373,25","374,95","369,50","0,07K","1,15%"
"07.06.2019","365,85","361,10","366,20","360,05","0,11K","2,21%"
"06.06.2019","357,95","360,50","361,30","357,45","0,01K","-0,06%"
"05.06.2019","358,15","356,00","359,30","355,70","0,02K","1,06%"
"04.06.2019","354,40","346,55","354,60","346,55","","2,27%"
"03.06.2019","346,55","355,10","355,70","346,35","0,00K","-3,29%"
"31.05.2019","358,35","360,25","360,25","357,55","","-1,09%"
"30.05.2019","362,30","362,30","364,70","362,20","0,00K","-0,10%"
"29.05.2019","362,65","361,40","363,20","360,85","0,01K","-1,05%"
"28.05.2019","366,50","366,50","367,50","364,60","0,04K","0,49%"
"27.05.2019","364,70","363,50","365,75","363,50","0,02K","-0,14%"
"24.05.2019","365,20","365,35","367,90","364,95","","0,52%"
"23.05.2019","363,30","368,55","369,40","363,25","0,07K","-2,27%"
"22.05.2019","371,75","372,05","373,20","370,00","0,14K","-0,39%"
"21.05.2019","373,20","371,70","373,65","370,60","0,08K","0,92%"
"20.05.2019","369,80","377,90","377,90","368,95","0,00K","-2,16%"
"17.05.2019","377,95","377,30","381,00","375,65","","-0,13%"
"16.05.2019","378,45","372,80","382,00","372,65","0,04K","0,73%"
"15.05.2019","375,70","370,60","375,70","368,15","0,01K","1,40%"
"14.05.2019","370,50","364,55","370,50","364,55","0,00K","1,65%"
"13.05.2019","364,50","374,30","374,30","363,50","0,02K","-2,94%"
"10.05.2019","375,55","376,15","377,60","370,10","0,00K","-0,62%"
"09.05.2019","377,90","377,95","378,55","371,90","0,02K","-0,94%"
"08.05.2019","381,50","381,15","382,90","379,20","0,05K","0,36%"
"07.05.2019","380,15","387,40","387,70","379,75","0,06K","-1,50%"
"06.05.2019","385,95","383,95","387,40","382,85","0,00K","-1,15%"
"03.05.2019","390,45","388,65","390,70","388,65","0,01K","1,46%"
"02.05.2019","384,85","385,95","388,90","383,75","0,21K","-0,56%"
"30.04.2019","387,00","388,20","388,95","385,40","0,13K","-1,05%"
"29.04.2019","391,10","392,75","392,80","391,10","0,16K","0,37%"
"26.04.2019","389,65","389,90","392,00","388,95","0,06K","-0,57%"
"25.04.2019","391,90","394,10","394,85","391,05","0,46K","0,51%"
"24.04.2019","389,90","388,30","390,60","388,30","0,09K","0,40%"
"23.04.2019","388,35","384,55","388,50","382,70","0,55K","1,72%"
"18.04.2019","381,80","377,85","381,95","377,85","0,01K","0,66%"
"17.04.2019","379,30","378,30","381,15","378,30","","0,17%"
"16.04.2019","378,65","377,35","379,15","377,05","0,03K","0,77%"
"15.04.2019","375,75","376,10","377,15","374,80","0,11K","-0,07%"
"12.04.2019","376,00","377,00","377,10","375,25","0,06K","-0,09%"
"11.04.2019","376,35","376,80","378,35","376,35","0,05K","0,11%"
"10.04.2019","375,95","376,55","377,50","375,05","0,01K","0,28%"
"09.04.2019","374,90","377,55","377,55","374,90","0,02K","-0,21%"
"08.04.2019","375,70","377,35","377,35","374,20","0,12K","-0,32%"
"05.04.2019","376,90","374,90","377,35","374,90","","0,80%"
"04.04.2019","373,90","374,35","376,95","373,50","0,02K","-0,27%"
"03.04.2019","374,90","375,95","377,05","374,45","0,07K","0,42%"
"02.04.2019","373,35","371,70","373,90","371,70","0,03K","0,43%"
"01.04.2019","371,75","370,85","371,75","369,70","0,23K","1,47%"
"29.03.2019","366,35","365,05","367,20","365,05","0,05K","0,95%"
"28.03.2019","362,90","362,95","365,45","362,55","0,06K","0,40%"
"27.03.2019","361,45","365,30","365,90","360,40","0,02K","-0,39%"
"26.03.2019","362,85","361,55","366,20","361,55","0,01K","0,89%"
"25.03.2019","359,65","359,35","362,15","358,60","","-1,40%"
"22.03.2019","364,75","367,70","369,85","363,65","0,01K","-0,95%"
"21.03.2019","368,25","360,15","368,25","360,15","0,02K","1,85%"
"20.03.2019","361,55","361,20","362,45","359,95","0,00K","-0,19%"
"19.03.2019","362,25","360,65","363,60","360,40","0,02K","0,40%"
"18.03.2019","360,80","361,35","361,45","359,55","0,07K","-0,08%"
"15.03.2019","361,10","358,10","361,15","358,10","","0,92%"
"14.03.2019","357,80","358,05","359,60","357,80","0,03K","-0,15%"
"13.03.2019","358,35","355,80","359,85","355,80","0,03K","0,60%"
"12.03.2019","356,20","356,20","356,95","355,30","0,03K","0,35%"
"11.03.2019","354,95","349,30","355,50","349,30","0,07K","2,47%"
"08.03.2019","346,40","347,75","347,75","345,45","0,03K","-1,27%"
"07.03.2019","350,85","349,65","353,15","349,60","0,01K","-0,06%"
"06.03.2019","351,05","353,10","353,80","350,80","0,01K","-0,61%"
"05.03.2019","353,20","352,25","353,95","352,05","0,04K","0,81%"
"04.03.2019","350,35","353,75","354,90","348,80","0,04K","-0,01%"
"01.03.2019","350,40","350,30","351,60","349,10","0,08K","0,43%"
"28.02.2019","348,90","346,90","349,25","346,70","0,00K","0,07%"
"27.02.2019","348,65","347,70","348,65","346,15","0,00K","-0,07%"
"26.02.2019","348,90","349,00","350,45","348,30","0,07K","-0,39%"
"25.02.2019","350,25","350,45","352,60","349,40","0,03K","0,57%"
"22.02.2019","348,25","345,60","349,05","345,60","","0,23%"
"21.02.2019","347,45","348,70","349,30","345,05","0,02K","0,22%"
"20.02.2019","346,70","347,75","348,95","346,30","","-0,32%"
"19.02.2019","347,80","349,65","349,65","347,55","0,00K","-0,37%"
"18.02.2019","349,10","349,45","349,45","347,70","0,02K","0,55%"
"15.02.2019","347,20","346,00","349,65","346,00","0,02K","-0,10%"
"14.02.2019","347,55","347,70","349,30","345,35","0,07K","-0,19%"
"13.02.2019","348,20","346,90","348,65","346,70","0,06K","0,90%"
"12.02.2019","345,10","343,60","345,70","343,60","","0,97%"
"11.02.2019","341,80","339,75","343,80","339,75","0,09K","0,92%"
"08.02.2019","338,70","337,85","338,70","336,80","","0,09%"
"07.02.2019","338,40","341,80","343,25","337,45","0,03K","-1,56%"
"06.02.2019","343,75","342,85","344,15","342,40","0,10K","0,51%"
"05.02.2019","342,00","338,60","343,30","338,10","0,11K","0,88%"
"04.02.2019","339,00","334,75","339,00","334,60","0,02K","1,32%"
"01.02.2019","334,60","336,45","336,65","333,90","0,07K","-0,58%"
"31.01.2019","336,55","333,10","337,45","332,15","0,04K","2,25%"
"30.01.2019","329,15","324,75","329,70","324,75","","1,39%"
"29.01.2019","324,65","324,90","327,75","323,80","","-0,32%"
"28.01.2019","325,70","329,85","330,10","324,70","0,03K","-2,00%"
"25.01.2019","332,35","331,00","332,50","330,60","","0,96%"
"24.01.2019","329,20","326,25","329,90","326,25","0,05K","1,32%"
"23.01.2019","324,90","325,70","328,85","323,15","0,03K","-0,55%"
"22.01.2019","326,70","330,15","331,25","326,35","0,05K","-1,43%"
"21.01.2019","331,45","331,95","331,95","330,75","0,00K","-0,60%"
"18.01.2019","333,45","328,85","334,45","328,85","0,00K","1,89%"
"17.01.2019","327,25","324,10","327,55","323,55","0,05K","0,14%"
"16.01.2019","326,80","326,95","328,85","325,55","0,07K","0,14%"
"15.01.2019","326,35","319,60","326,50","319,55","0,02K","2,26%"
"14.01.2019","319,15","317,70","319,20","317,70","0,03K","-0,19%"
"11.01.2019","319,75","319,45","320,80","318,50","","0,35%"
"10.01.2019","318,65","316,70","319,65","315,80","0,01K","-0,33%"
"09.01.2019","319,70","319,50","320,35","318,30","0,02K","0,49%"
"08.01.2019","318,15","316,60","320,25","316,50","0,09K","0,79%"
"07.01.2019","315,65","315,25","316,70","311,90","0,07K","0,32%"
"04.01.2019","314,65","304,20","315,05","304,20","","3,86%"
"03.01.2019","302,95","304,15","307,15","302,25","0,15K","-3,75%"
"02.01.2019","314,75","302,60","314,75","300,50","0,01K","2,27%"
"28.12.2018","307,75","305,20","309,25","305,20","0,14K","4,11%"
"27.12.2018","295,60","304,85","304,85","295,60","0,03K","-1,68%"
"21.12.2018","300,65","306,10","308,00","300,65","0,25K","-0,86%"
"20.12.2018","303,25","307,50","311,10","303,25","0,02K","-4,97%"
"19.12.2018","319,10","317,65","320,70","317,00","0,01K","-0,39%"
"18.12.2018","320,35","317,65","321,70","317,65","","0,44%"
"17.12.2018","318,95","327,15","327,15","318,95","0,03K","-2,63%"
"14.12.2018","327,55","327,95","330,95","327,40","0,03K","-1,28%"
"13.12.2018","331,80","333,65","335,10","330,90","0,00K","-1,35%"
"12.12.2018","336,35","331,55","336,45","331,55","0,00K","2,41%"
"11.12.2018","328,45","327,25","333,70","327,15","0,10K","0,64%"
"10.12.2018","326,35","321,05","326,70","321,05","","0,21%"
"07.12.2018","325,65","333,20","334,60","325,65","","-1,74%"
"06.12.2018","331,40","330,30","331,40","326,40","","-1,12%"
"05.12.2018","335,15","336,40","337,45","335,00","0,01K","-0,37%"
"04.12.2018","336,40","343,20","345,15","335,10","0,26K","-2,49%"
"03.12.2018","345,00","347,30","350,20","345,00","0,24K","1,46%"
"30.11.2018","340,05","337,15","340,35","336,95","0,30K","0,46%"
"29.11.2018","338,50","336,75","338,50","335,45","0,03K","0,73%"
"28.11.2018","336,05","331,90","336,95","331,70","0,23K","2,07%"
"27.11.2018","329,25","326,50","331,45","326,10","0,02K","0,97%"
"26.11.2018","326,10","322,70","326,30","322,70","","1,75%"
"23.11.2018","320,50","318,20","323,15","318,20","0,02K","0,85%"
"22.11.2018","317,80","320,80","320,80","317,80","0,00K","-1,76%"
"21.11.2018","323,50","320,70","323,80","320,70","0,06K","0,97%"
"20.11.2018","320,40","321,40","322,35","316,90","0,12K","-1,25%"
"19.11.2018","324,45","336,15","337,40","323,65","0,10K","-2,73%"
"16.11.2018","333,55","336,15","336,95","332,30","0,40K","-0,86%"
"15.11.2018","336,45","334,05","336,90","331,10","","1,08%"
"14.11.2018","332,85","336,00","340,15","332,85","","-2,07%"
"13.11.2018","339,90","338,95","342,55","338,95","0,04K","0,24%"
"12.11.2018","339,10","349,05","349,55","338,80","0,02K","-1,34%"
"09.11.2018","343,70","349,70","349,90","343,70","","-1,55%"
"08.11.2018","349,10","350,15","351,15","348,45","0,18K","0,45%"
"07.11.2018","347,55","340,90","348,40","340,90","0,00K","2,15%"
"06.11.2018","340,25","339,45","341,50","337,35","0,00K","1,16%"
"05.11.2018","336,35","340,45","342,50","335,70","","-1,10%"
"02.11.2018","340,10","346,00","346,30","338,55","0,03K","-1,22%"
"01.11.2018","344,30","341,05","344,30","339,45","","0,00%"
"31.10.2018","344,30","336,40","345,00","336,40","0,04K","4,29%"
"30.10.2018","330,15","331,90","332,20","327,65","0,20K","0,29%"
"29.10.2018","329,20","333,70","334,05","329,20","","-2,20%"
"26.10.2018","336,60","334,35","340,00","330,15","0,05K","-1,71%"
"25.10.2018","342,45","335,10","342,45","334,95","0,05K","0,40%"
"24.10.2018","341,10","345,05","348,85","341,10","0,05K","-0,16%"
"23.10.2018","341,65","342,60","342,70","337,75","0,08K","-1,44%"
"22.10.2018","346,65","344,85","348,15","344,00","0,00K","0,48%"
"19.10.2018","345,00","348,90","350,15","343,75","","-0,12%"
"18.10.2018","345,40","351,60","352,35","345,40","0,12K","-1,89%"
"17.10.2018","352,05","353,80","353,80","348,50","0,17K","0,96%"
"16.10.2018","348,70","341,65","348,70","341,15","0,00K","1,48%"
"15.10.2018","343,60","342,95","343,60","339,85","0,59K","0,70%"
"12.10.2018","341,20","341,15","344,75","339,70","0,21K","0,16%"
"11.10.2018","340,65","335,55","341,30","334,10","0,17K","-2,28%"
"10.10.2018","348,60","357,70","357,70","346,85","","-2,76%"
"09.10.2018","358,50","357,15","359,95","356,60","","1,04%"
"08.10.2018","354,80","357,95","359,35","353,05","0,01K","-0,32%"
"05.10.2018","355,95","362,80","362,80","354,85","0,09K","-1,30%"
"04.10.2018","360,65","368,10","368,30","360,65","0,17K","-2,45%"
"02.10.2018","369,70","368,30","369,90","367,75","0,09K","0,22%"
"01.10.2018","368,90","368,90","370,05","368,20","0,04K","0,86%"
"28.09.2018","365,75","365,20","366,50","365,20","0,10K","0,12%"
"27.09.2018","365,30","360,20","365,30","359,70","0,03K","1,59%"
"26.09.2018","359,60","359,80","360,45","359,15","0,02K","0,55%"
"25.09.2018","357,65","357,85","358,45","356,15","0,02K","0,13%"
"24.09.2018","357,20","355,45","357,20","352,15","","-0,28%"
"21.09.2018","358,20","359,05","360,25","358,20","","-0,06%"
"20.09.2018","358,40","356,80","359,15","356,60","0,16K","0,62%"
"19.09.2018","356,20","357,65","357,65","355,30","0,10K","-0,61%"
"18.09.2018","358,40","354,00","358,90","353,70","0,05K","0,69%"
"17.09.2018","355,95","360,25","360,50","355,50","0,03K","-1,40%"
"14.09.2018","361,00","361,15","362,05","359,85","0,00K","0,24%"
"13.09.2018","360,15","358,15","361,15","358,00","0,01K","0,77%"
"12.09.2018","357,40","361,40","362,35","355,95","2,09K","-0,68%"
"11.09.2018","359,85","358,10","361,10","356,45","","0,70%"
"10.09.2018","357,35","359,55","359,90","355,85","0,05K","0,28%"
"07.09.2018","356,35","356,65","357,00","355,90","0,01K","0,00%"
"06.09.2018","356,35","359,65","361,00","355,35","0,10K","-1,36%"
"05.09.2018","361,25","365,80","366,35","359,65","0,02K","-1,35%"
"04.09.2018","366,20","368,75","369,70","365,65","0,02K","-0,41%"
"03.09.2018","367,70","367,35","367,90","367,00","0,12K","0,25%"
"31.08.2018","366,80","364,75","367,35","363,75","","-0,01%"
"30.08.2018","366,85","364,05","367,15","363,75","0,01K","0,85%"
"29.08.2018","363,75","361,95","363,85","361,70","0,59K","1,07%"
"28.08.2018","359,90","360,75","360,80","359,35","0,03K","-0,08%"
"27.08.2018","360,20","360,45","360,65","359,30","0,22K","0,61%"
"24.08.2018","358,00","357,50","358,55","356,95","0,27K","-0,13%"
"23.08.2018","358,45","356,95","359,35","356,50","0,07K","0,56%"
"22.08.2018","356,45","354,45","356,80","353,40","0,02K","-0,06%"
"21.08.2018","356,65","356,35","358,70","356,35","0,03K","-0,47%"
"20.08.2018","358,35","360,40","361,45","357,85","0,01K","-0,04%"
"17.08.2018","358,50","360,70","360,75","357,45","0,03K","-1,23%"
"16.08.2018","362,95","361,75","363,10","361,20","0,14K","0,81%"
"15.08.2018","360,05","365,25","365,75","359,90","","-1,40%"
"14.08.2018","365,15","362,55","365,65","361,85","0,00K","0,84%"
"13.08.2018","362,10","360,85","363,45","360,85","0,01K","0,17%"
"10.08.2018","361,50","361,00","362,55","360,00","0,00K","0,19%"
"09.08.2018","360,80","357,85","360,85","357,85","","0,75%"
"08.08.2018","358,10","357,55","358,70","357,15","0,01K","-0,07%"
"07.08.2018","358,35","358,35","358,55","357,35","0,02K","0,21%"
"06.08.2018","357,60","356,25","357,80","355,70","0,01K","0,87%"
"03.08.2018","354,50","354,45","354,90","353,35","0,01K","0,30%"
"02.08.2018","353,45","346,15","353,45","345,30","","2,20%"
"01.08.2018","345,85","345,70","347,00","344,85","0,07K","0,28%"
"31.07.2018","344,90","342,30","345,00","341,40","0,04K","0,95%"
"30.07.2018","341,65","346,25","347,35","341,20","0,03K","-1,88%"
"27.07.2018","348,20","355,35","356,20","347,35","0,01K","-1,40%"
"26.07.2018","353,15","350,95","354,05","350,40","0,19K","-0,48%"
"25.07.2018","354,85","351,90","355,10","351,75","0,12K","0,78%"
"24.07.2018","352,10","353,75","355,15","351,25","0,08K","0,56%"
"23.07.2018","350,15","347,95","350,15","346,85","0,02K","0,10%"
"20.07.2018","349,80","351,60","352,65","349,40","0,02K","-0,54%"
"19.07.2018","351,70","353,15","354,05","351,55","0,19K","-0,33%"
"18.07.2018","352,85","354,10","354,60","352,20","0,01K","-0,11%"
"17.07.2018","353,25","345,35","353,40","345,35","0,17K","0,91%"
"16.07.2018","350,05","351,30","351,30","349,70","0,04K","-0,27%"
"13.07.2018","351,00","352,70","353,55","351,00","0,20K","0,23%"
"12.07.2018","350,20","346,05","350,30","345,80","0,13K","1,38%"
"11.07.2018","345,45","341,75","345,60","341,45","0,03K","0,47%"
"10.07.2018","343,85","345,75","347,10","343,85","0,01K","0,15%"
"09.07.2018","343,35","341,80","343,45","341,70","0,02K","0,70%"
"06.07.2018","340,95","338,35","341,10","336,55","0,01K","1,13%"
"05.07.2018","337,15","333,55","337,35","333,05","","0,72%"
"04.07.2018","334,75","334,30","336,00","334,30","","0,15%"
"03.07.2018","334,25","339,20","340,80","334,25","0,08K","-1,09%"
"02.07.2018","337,95","335,35","337,95","333,55","0,03K","0,24%"
"29.06.2018","337,15","337,75","338,90","336,75","0,00K","0,31%"
"28.06.2018","336,10","336,55","337,55","333,55","","-0,27%"
"27.06.2018","337,00","336,55","341,50","334,25","0,01K","-0,62%"
"26.06.2018","339,10","335,60","339,40","335,25","0,05K","1,59%"
"25.06.2018","333,80","342,40","342,40","332,70","2,49K","-3,09%"
"22.06.2018","344,45","345,15","346,10","343,40","0,04K","-0,55%"
"21.06.2018","346,35","352,00","352,00","345,45","0,94K","-1,14%"
"20.06.2018","350,35","348,00","350,50","347,85","0,12K","1,23%"
"19.06.2018","346,10","343,45","346,10","343,45","0,01K","-0,36%"
"18.06.2018","347,35","346,30","347,35","344,75","","0,00%"
"15.06.2018","347,35","350,80","350,80","346,00","0,02K","-0,53%"
"14.06.2018","349,20","338,55","349,20","338,15","0,02K","2,12%"
"13.06.2018","341,95","341,95","342,75","340,85","0,30K","0,25%"
"12.06.2018","341,10","339,55","341,15","337,60","0,06K","0,68%"
"11.06.2018","338,80","336,50","339,00","336,50","0,02K","0,28%"
"08.06.2018","337,85","336,65","337,85","335,00","0,01K","0,63%"
"07.06.2018","335,75","340,40","340,40","335,15","0,03K","-0,97%"
"06.06.2018","339,05","340,90","340,90","337,65","0,07K","-0,13%"
"05.06.2018","339,50","339,80","342,20","339,30","0,07K","0,10%"
"04.06.2018","339,15","337,80","340,00","336,15","0,00K","0,41%"
"01.06.2018","337,75","332,70","337,75","332,15","0,02K","1,52%"
"31.05.2018","332,70","332,50","333,75","332,05","0,05K","-0,11%"
"30.05.2018","333,05","334,00","334,20","332,65","","-0,13%"
"29.05.2018","333,50","333,15","334,70","332,30","0,00K","-0,27%"
"28.05.2018","334,40","331,90","334,50","331,90","0,02K","0,75%"
"25.05.2018","331,90","331,55","333,00","330,80","0,02K","0,85%"
"24.05.2018","329,10","329,55","330,20","327,20","","0,34%"
"23.05.2018","328,00","325,05","328,05","323,80","","0,47%"
"22.05.2018","326,45","326,35","327,70","325,30","","0,57%"
"18.05.2018","324,60","326,05","326,50","324,20","0,16K","-0,20%"
"17.05.2018","325,25","325,60","327,55","324,60","0,07K","-0,31%"
"16.05.2018","326,25","323,30","327,00","323,30","","1,23%"
"15.05.2018","322,30","324,25","324,80","321,80","0,03K","-0,57%"
"14.05.2018","324,15","324,05","325,25","322,95","1,36K","0,46%"
"11.05.2018","322,65","324,35","324,75","322,50","","-0,31%"
"10.05.2018","323,65","323,30","324,75","321,80","","0,36%"
"09.05.2018","322,50","319,95","322,50","319,30","0,05K","1,34%"
"08.05.2018","318,25","318,05","319,35","317,65","0,26K","0,05%"
"07.05.2018","318,10","317,10","318,70","316,85","0,10K","1,37%"
"04.05.2018","313,80","308,50","314,00","307,55","","1,97%"
"03.05.2018","307,75","307,20","308,40","304,35","","-0,71%"
"02.05.2018","309,95","310,75","311,15","308,55","0,10K","1,74%"
"30.04.2018","304,65","306,80","308,50","303,60","0,01K","-0,15%"
"27.04.2018","305,10","309,70","311,20","304,30","0,00K","0,02%"
"26.04.2018","305,05","299,75","305,05","299,75","","2,57%"
"25.04.2018","297,40","296,10","297,85","293,75","0,02K","0,68%"
"24.04.2018","295,40","303,25","305,15","295,40","","-2,57%"
"23.04.2018","303,20","302,70","305,10","301,60","0,01K","0,38%"
"20.04.2018","302,05","304,30","306,15","301,30","","-0,72%"
"19.04.2018","304,25","307,35","307,35","303,70","","-0,77%"
"18.04.2018","306,60","306,60","307,65","305,20","0,02K","0,16%"
"17.04.2018","306,10","301,80","306,20","301,00","","1,95%"
"16.04.2018","300,25","299,50","300,45","298,40","","0,15%"
"13.04.2018","299,80","299,65","301,90","298,85","","0,22%"
"12.04.2018","299,15","296,05","300,85","295,85","","0,74%"
"11.04.2018","296,95","295,50","297,75","293,80","","0,34%"
"10.04.2018","295,95","297,75","297,75","294,50","0,10K","-0,32%"
"09.04.2018","296,90","294,20","297,50","292,50","","1,30%"
"06.04.2018","293,10","296,25","297,40","293,10","","-1,69%"
"05.04.2018","298,15","299,50","301,15","298,05","0,00K","2,33%"
"04.04.2018","291,35","290,55","292,80","285,50","0,08K","0,57%"
"03.04.2018","289,70","289,60","292,55","288,40","0,06K","-2,56%"
"29.03.2018","297,30","292,40","297,30","291,30","","1,14%"
"28.03.2018","293,95","292,15","293,95","289,85","0,00K","-1,75%"
"27.03.2018","299,20","303,10","305,50","299,20","","0,96%"
"26.03.2018","296,35","296,65","297,75","293,65","0,03K","0,49%"
"23.03.2018","294,90","298,75","301,10","294,90","0,03K","-3,30%"
"22.03.2018","304,95","306,95","306,95","303,15","0,07K","-1,20%"
"21.03.2018","308,65","311,80","312,55","308,65","","-1,09%"
"20.03.2018","312,05","309,70","312,05","309,15","","1,83%"
"19.03.2018","306,45","315,35","315,35","306,05","0,01K","-3,42%"
"16.03.2018","317,30","317,45","319,30","317,00","0,05K","0,25%"
"15.03.2018","316,50","316,40","318,40","315,75","","0,17%"
"14.03.2018","315,95","315,45","318,50","315,00","0,04K","0,00%"
"13.03.2018","315,95","321,35","322,25","315,95","0,10K","-1,45%"
"12.03.2018","320,60","321,80","322,20","320,60","0,03K","0,47%"
"09.03.2018","319,10","314,10","319,10","314,10","0,09K","2,14%"
"08.03.2018","312,40","310,30","313,90","310,30","0,16K","1,31%"
"07.03.2018","308,35","305,45","309,05","305,45","","-0,11%"
"06.03.2018","308,70","310,30","310,75","307,65","0,14K","-0,11%"
"05.03.2018","309,05","305,25","310,05","304,75","","1,66%"
"02.03.2018","304,00","306,35","306,35","300,80","0,03K","-0,80%"
"01.03.2018","306,45","312,90","313,50","306,45","0,00K","-2,88%"
"28.02.2018","315,55","313,40","316,60","313,40","0,03K","0,25%"
"27.02.2018","314,75","314,45","316,55","314,15","","0,16%"
"26.02.2018","314,25","310,80","314,25","310,70","0,01K","1,70%"
"23.02.2018","309,00","307,80","309,00","306,25","","1,54%"
"22.02.2018","304,30","304,20","307,10","303,55","","-1,23%"
"21.02.2018","308,10","306,35","308,90","305,30","","0,16%"
"20.02.2018","307,60","304,20","307,60","302,70","0,10K","1,59%"
"19.02.2018","302,80","304,90","304,90","302,80","1,78K","-0,16%"
"16.02.2018","303,30","302,05","305,05","302,05","0,01K","0,85%"
"15.02.2018","300,75","299,05","301,10","297,90","","1,26%"
"14.02.2018","297,00","294,70","297,00","291,40","0,03K","1,02%"
"13.02.2018","294,00","293,65","294,10","291,15","0,05K","-0,17%"
"12.02.2018","294,50","291,05","294,80","291,05","0,07K","4,28%"
"09.02.2018","282,40","287,30","288,90","280,30","","-3,55%"
"08.02.2018","292,80","296,65","298,60","291,15","","-2,22%"
"07.02.2018","299,45","295,50","302,45","295,40","0,01K","2,62%"
"06.02.2018","291,80","286,45","294,35","285,10","0,11K","-2,46%"
"05.02.2018","299,15","300,65","302,80","298,55","0,03K","-1,17%"
"02.02.2018","302,70","306,85","306,90","302,70","0,03K","-1,85%"
"01.02.2018","308,40","312,15","312,15","307,60","","-0,76%"
"31.01.2018","310,75","309,95","310,85","309,10","0,00K","0,13%"
"30.01.2018","310,35","311,45","312,35","307,70","","-0,97%"
"29.01.2018","313,40","313,55","314,40","312,30","0,02K","0,71%"
"26.01.2018","311,20","309,00","311,40","308,40","0,06K","0,89%"
"25.01.2018","308,45","309,25","311,35","306,95","","-0,37%"
"24.01.2018","309,60","313,45","313,65","307,95","0,00K","-1,50%"
"23.01.2018","314,30","314,20","314,75","313,15","","0,92%"
"22.01.2018","311,45","310,00","312,30","308,80","0,01K","0,65%"
"19.01.2018","309,45","307,55","309,80","307,35","","0,15%"
"18.01.2018","309,00","309,25","309,35","307,40","0,01K","0,75%"
"17.01.2018","306,70","306,60","308,00","306,20","0,10K","0,25%"
"16.01.2018","305,95","307,40","309,80","305,95","0,15K","0,00%"
"15.01.2018","305,95","307,90","307,90","305,65","0,04K","-0,52%"
"12.01.2018","307,55","309,25","309,25","306,50","","-0,37%"
"11.01.2018","308,70","309,60","310,20","307,05","","0,00%"
"10.01.2018","308,70","309,70","309,70","306,45","","-0,77%"
"09.01.2018","311,10","309,60","311,35","309,60","0,03K","0,50%"
"08.01.2018","309,55","307,65","309,55","307,65","0,01K","1,16%"
"05.01.2018","306,00","303,95","306,00","303,95","0,04K","1,06%"
"04.01.2018","302,80","303,70","303,80","302,45","0,08K","0,00%"
"03.01.2018","302,80","299,55","303,25","299,55","0,12K","1,22%"
"02.01.2018","299,15","295,30","299,15","293,90","0,00K","0,17%"
"29.12.2017","298,63","298,84","298,84","298,15","","0,05%"
"28.12.2017","298,48","299,01","300,10","298,48","","-0,31%"
"27.12.2017","299,41","301,09","301,09","299,41","0,10K","-1,00%"
"22.12.2017","302,42","302,94","303,21","302,15","","-0,40%"
"21.12.2017","303,62","302,20","303,72","301,79","0,08K","0,43%"
"20.12.2017","302,33","304,29","304,83","300,87","0,01K","-0,36%"
"19.12.2017","303,42","306,45","306,57","303,14","0,01K","-0,97%"
"18.12.2017","306,40","306,55","306,59","305,10","","0,56%"
"15.12.2017","304,69","301,20","304,69","300,70","","1,21%"
"14.12.2017","301,04","300,52","302,11","299,55","0,13K","0,17%"
"13.12.2017","300,54","301,13","302,31","300,54","","-0,25%"
"12.12.2017","301,29","301,31","302,39","300,87","","0,35%"
"11.12.2017","300,25","298,98","300,74","298,24","0,01K","0,26%"
"08.12.2017","299,46","299,71","300,45","299,16","","0,92%"
"07.12.2017","296,73","296,85","297,62","295,72","0,21K","0,39%"
"06.12.2017","295,58","292,78","295,58","292,34","0,00K","-0,11%"
"05.12.2017","295,91","292,83","296,62","291,23","","0,16%"
"04.12.2017","295,45","298,17","298,46","293,83","0,01K","0,21%"
"01.12.2017","294,83","295,72","296,78","292,63","0,04K","-0,41%"
"30.11.2017","296,04","294,18","296,96","294,18","0,02K","0,30%"
"29.11.2017","295,14","300,21","300,87","294,22","0,01K","-1,46%"
"28.11.2017","299,50","298,65","300,08","298,27","","0,35%"
"27.11.2017","298,45","297,95","298,53","296,86","0,03K","0,17%"
"24.11.2017","297,94","299,07","299,07","296,99","","-0,16%"
"23.11.2017","298,43","298,88","299,13","298,20","0,02K","-0,53%"
"22.11.2017","300,03","300,71","301,33","299,55","0,00K","-0,24%"
"21.11.2017","300,76","297,70","301,45","297,70","0,10K","0,91%"
"20.11.2017","298,04","297,13","298,14","296,00","0,02K","0,28%"
"17.11.2017","297,22","297,66","298,20","296,97","0,01K","-0,50%"
"16.11.2017","298,72","295,67","298,90","295,31","","1,61%"
"15.11.2017","293,98","293,88","294,39","292,51","","-0,35%"
"14.11.2017","295,01","299,01","299,01","294,23","0,04K","-1,60%"
"13.11.2017","299,81","300,23","300,36","298,30","","0,23%"
"10.11.2017","299,13","300,11","300,21","298,43","","0,21%"
"09.11.2017","298,49","302,32","302,61","297,57","","-1,40%"
"08.11.2017","302,72","301,49","302,72","301,43","","0,26%"
"07.11.2017","301,94","301,97","302,36","301,19","","0,31%"
"06.11.2017","301,00","300,25","301,49","299,60","0,00K","0,31%"
"03.11.2017","300,06","297,27","300,21","297,07","","1,38%"
"02.11.2017","295,99","295,94","296,70","294,08","","-0,47%"
"01.11.2017","297,39","298,42","299,13","296,79","","0,42%"
"30.10.2017","296,16","296,57","297,73","295,49","0,00K","-0,18%"
"27.10.2017","296,68","290,37","296,74","290,37","0,03K","3,51%"
"26.10.2017","286,63","283,81","286,96","283,77","","1,09%"
"25.10.2017","283,53","285,75","285,75","282,22","","-1,07%"
"24.10.2017","286,60","285,68","286,60","285,52","","-0,23%"
"23.10.2017","287,25","287,46","288,75","286,79","","-0,05%"
"20.10.2017","287,39","286,54","287,52","286,08","","1,04%"
"19.10.2017","284,43","286,80","286,80","282,86","","-1,15%"
"18.10.2017","287,74","288,03","288,93","287,51","","0,03%"
"17.10.2017","287,64","287,97","288,26","287,64","","0,45%"
"16.10.2017","286,36","286,57","286,87","286,00","","0,28%"
"13.10.2017","285,55","283,88","285,55","283,88","0,02K","0,41%"
"12.10.2017","284,37","283,45","284,91","283,45","","0,24%"
"11.10.2017","283,68","283,72","284,02","282,99","","-0,02%"
"10.10.2017","283,74","285,04","285,56","283,38","","-0,73%"
"09.10.2017","285,83","286,49","286,66","285,81","0,03K","0,02%"
"06.10.2017","285,77","287,01","287,15","285,28","","-0,09%"
"05.10.2017","286,04","282,71","286,04","282,25","0,02K","1,53%"
"04.10.2017","281,74","281,80","282,63","281,39","0,17K","0,00%"
"02.10.2017","281,75","281,69","282,94","280,93","0,01K","0,70%"
"29.09.2017","279,80","279,04","280,22","278,16","","0,52%"
"28.09.2017","278,34","280,07","280,07","277,67","","-0,06%"
"27.09.2017","278,50","277,25","279,73","277,25","","0,68%"
"26.09.2017","276,62","274,20","277,18","274,20","","1,05%"
"25.09.2017","273,75","275,32","276,23","273,25","0,00K","-0,19%"
"22.09.2017","274,27","274,08","274,54","273,43","0,01K","-0,66%"
"21.09.2017","276,10","277,64","277,86","275,22","","0,37%"
"20.09.2017","275,08","276,00","276,44","274,94","","-0,53%"
"19.09.2017","276,54","275,90","277,08","275,88","","-0,66%"
"18.09.2017","278,39","278,62","278,78","277,48","0,06K","0,39%"
"15.09.2017","277,31","276,71","277,76","275,58","","-0,07%"
"14.09.2017","277,50","279,21","279,33","277,50","","-0,49%"
"13.09.2017","278,87","276,42","278,87","276,21","0,00K","0,58%"
"12.09.2017","277,25","276,78","278,27","276,36","0,00K","0,27%"
"11.09.2017","276,51","274,12","276,64","274,12","","1,45%"
"08.09.2017","272,56","273,37","273,76","272,47","","-0,96%"
"07.09.2017","275,19","276,04","276,04","274,25","","-0,29%"
"06.09.2017","275,98","276,16","276,35","274,15","","0,45%"
"05.09.2017","274,74","277,59","278,65","273,62","0,00K","-1,11%"
"04.09.2017","277,83","277,05","277,84","276,71","","-0,40%"
"01.09.2017","278,94","279,01","279,59","278,19","","0,33%"
"31.08.2017","278,02","277,17","278,72","276,53","","0,77%"
"30.08.2017","275,89","272,92","275,89","272,11","","2,27%"
"29.08.2017","269,76","268,49","269,84","265,16","","0,01%"
"28.08.2017","269,74","269,52","270,88","269,26","","-0,61%"
"25.08.2017","271,39","274,00","274,72","271,29","0,05K","-0,73%"
"24.08.2017","273,39","274,21","275,17","272,37","0,09K","-0,16%"
"23.08.2017","273,82","276,31","276,45","273,82","0,10K","-0,80%"
"22.08.2017","276,02","272,90","276,23","272,90","","1,99%"
"21.08.2017","270,63","272,64","273,12","269,65","","-1,05%"
"18.08.2017","273,49","274,29","274,40","272,45","","-0,46%"
"17.08.2017","274,75","277,95","279,67","274,60","0,16K","-1,43%"
"16.08.2017","278,74","279,03","281,09","278,74","0,03K","0,18%"
"15.08.2017","278,23","278,70","280,22","278,09","0,06K","0,54%"
"14.08.2017","276,74","274,65","277,11","273,97","0,04K","1,46%"
"11.08.2017","272,75","271,57","273,12","271,01","0,10K","-0,34%"
"10.08.2017","273,69","278,20","278,36","273,36","","-1,58%"
"09.08.2017","278,07","277,53","278,54","276,96","","-0,60%"
"08.08.2017","279,74","277,68","279,74","277,24","0,07K","0,74%"
"07.08.2017","277,69","277,51","277,69","276,72","","0,09%"
"04.08.2017","277,43","274,16","277,43","274,16","","0,99%"
"03.08.2017","274,71","275,62","276,36","274,05","0,01K","0,19%"
"02.08.2017","274,18","277,29","277,45","273,79","0,00K","-0,59%"
"01.08.2017","275,82","276,13","276,61","275,52","","-0,06%"
"31.07.2017","275,99","279,33","279,33","275,99","","-0,51%"
"28.07.2017","277,40","277,21","277,80","276,34","","-2,17%"
"27.07.2017","283,54","282,16","283,54","281,84","0,00K","0,38%"
"26.07.2017","282,47","281,67","282,47","281,67","0,02K","0,57%"
"25.07.2017","280,86","281,32","281,54","280,24","","0,02%"
"24.07.2017","280,80","280,45","281,24","280,23","","0,33%"
"21.07.2017","279,88","280,89","280,96","279,88","","-0,51%"
"20.07.2017","281,32","284,23","284,46","281,32","","-0,70%"
"19.07.2017","283,29","282,74","283,29","282,53","","1,36%"
"18.07.2017","279,48","280,55","280,55","278,96","","-0,63%"
"17.07.2017","281,24","282,72","282,72","281,24","","0,21%"
"14.07.2017","280,66","280,42","280,66","280,29","0,02K","-0,16%"
"13.07.2017","281,10","280,16","281,51","280,16","0,01K","0,83%"
"12.07.2017","278,78","275,93","278,83","275,93","","1,07%"
"11.07.2017","275,83","276,51","276,64","275,41","0,07K","0,03%"
"10.07.2017","275,74","275,21","275,82","274,54","","0,77%"
"07.07.2017","273,63","270,57","273,63","270,57","","0,89%"
"06.07.2017","271,21","275,26","275,26","271,09","0,01K","-1,44%"
"05.07.2017","275,18","271,56","275,18","271,56","0,00K","1,20%"
"04.07.2017","271,93","271,94","273,11","271,93","","-0,56%"
"03.07.2017","273,47","274,75","275,46","273,47","","-0,24%"
"30.06.2017","274,13","273,04","274,98","273,03","0,03K","0,20%"
"29.06.2017","273,58","278,19","278,46","273,58","","-1,65%"
"28.06.2017","278,16","274,41","278,16","273,99","0,10K","-1,18%"
"27.06.2017","281,48","284,61","284,61","281,48","","-1,90%"
"26.06.2017","286,92","287,92","288,07","286,92","","0,48%"
"23.06.2017","285,56","286,47","286,52","285,14","","-0,28%"
"22.06.2017","286,35","287,28","287,28","285,91","0,01K","0,43%"
"21.06.2017","285,11","283,30","285,12","282,72","","-0,34%"
"20.06.2017","286,09","286,27","286,27","285,33","","0,31%"
"19.06.2017","285,21","282,23","285,21","281,95","0,04K","2,03%"
"16.06.2017","279,53","282,90","282,90","279,53","","-0,55%"
"15.06.2017","281,07","280,98","281,15","280,22","0,01K","-0,33%"
"14.06.2017","282,01","283,47","284,27","281,61","","-0,16%"
"13.06.2017","282,45","282,97","283,24","282,02","0,01K","0,73%"
"12.06.2017","280,40","281,10","281,50","279,00","0,75K","-3,58%"
"09.06.2017","290,82","290,95","291,36","290,81","","0,52%"
"08.06.2017","289,31","288,78","290,02","288,78","","0,29%"
"07.06.2017","288,48","287,96","289,38","287,74","0,02K","-0,01%"
"06.06.2017","288,50","288,14","288,83","288,14","","0,62%"
"02.06.2017","286,71","287,86","287,87","286,18","0,01K","0,21%"
"01.06.2017","286,10","285,76","286,10","285,15","0,04K","0,66%"
"31.05.2017","284,22","286,41","286,50","284,13","0,09K","-0,64%"
"30.05.2017","286,04","287,40","287,40","286,04","0,02K","-0,09%"
"29.05.2017","286,29","286,61","286,61","286,29","","0,15%"
"26.05.2017","285,86","285,10","285,96","284,39","0,01K","0,46%"
"25.05.2017","284,55","282,96","284,55","282,96","","0,85%"
"24.05.2017","282,16","282,37","282,41","281,81","","0,51%"
"23.05.2017","280,74","280,21","280,91","280,21","","0,39%"
"22.05.2017","279,64","279,54","280,01","278,06","0,02K","-0,03%"
"19.05.2017","279,73","279,28","279,73","279,12","","0,23%"
"18.05.2017","279,08","277,75","279,36","275,77","0,01K","-0,15%"
"17.05.2017","279,51","284,00","284,00","279,51","0,10K","-1,94%"
"16.05.2017","285,03","285,67","285,67","284,76","","-0,63%"
"15.05.2017","286,85","287,66","287,66","286,14","","-0,14%"
"12.05.2017","287,26","287,86","287,86","287,22","","0,16%"
"11.05.2017","286,80","287,63","288,21","286,80","","-0,39%"
"10.05.2017","287,93","287,68","288,59","287,68","0,10K","-0,02%"
"09.05.2017","287,98","286,54","288,12","286,14","0,01K","1,00%"
"08.05.2017","285,14","284,01","285,14","284,01","","0,93%"
"05.05.2017","282,51","283,17","283,64","282,51","","-0,43%"
"04.05.2017","283,73","284,76","284,76","283,52","","-0,03%"
"03.05.2017","283,82","284,39","284,83","283,82","0,06K","-0,52%"
"02.05.2017","285,29","284,98","285,43","284,92","0,02K","0,91%"
"28.04.2017","282,72","283,30","283,30","282,11","","0,07%"
"27.04.2017","282,51","280,49","283,03","280,49","","0,39%"
"26.04.2017","281,42","280,74","281,45","280,74","","0,50%"
"25.04.2017","280,01","279,77","280,02","279,26","0,00K","0,29%"
"24.04.2017","279,19","279,29","279,67","279,19","","-0,47%"
"21.04.2017","280,52","280,67","281,25","280,52","","0,86%"
"20.04.2017","278,14","277,94","278,26","277,54","","-0,47%"
"19.04.2017","279,46","277,60","279,51","277,60","","0,40%"
"18.04.2017","278,36","279,48","279,48","277,90","0,06K","-0,57%"
"13.04.2017","279,96","278,25","280,30","278,07","","0,00%"
"12.04.2017","279,97","281,15","281,15","279,97","0,03K","0,45%"
"11.04.2017","278,71","282,90","282,90","278,71","0,04K","-1,50%"
"10.04.2017","282,94","282,82","283,05","282,67","0,30K","0,54%"
"07.04.2017","281,43","281,19","281,82","280,89","0,11K","0,08%"
"06.04.2017","281,20","279,45","281,20","279,45","0,04K","-0,68%"
"05.04.2017","283,12","280,96","283,12","280,96","0,04K","0,73%"
"04.04.2017","281,08","280,91","281,15","280,31","0,02K","0,10%"
"03.04.2017","280,79","281,75","281,87","280,79","0,07K","-0,07%"
"31.03.2017","280,99","280,29","281,01","280,26","","0,42%"
"30.03.2017","279,82","279,53","279,82","279,06","","0,64%"
"29.03.2017","278,03","277,19","278,30","276,46","","1,54%"
"28.03.2017","273,82","273,93","273,93","272,85","","0,95%"
"27.03.2017","271,24","270,35","271,24","270,35","","-1,26%"
"24.03.2017","274,71","273,97","275,50","273,75","","-0,08%"
"23.03.2017","274,93","274,43","274,93","273,97","","0,49%"
"22.03.2017","273,60","272,09","273,60","272,09","","-0,19%"
"21.03.2017","274,12","277,40","277,53","274,12","0,03K","-1,45%"
"20.03.2017","278,14","277,21","278,14","277,21","","-0,01%"
"17.03.2017","278,16","277,25","278,33","277,25","0,06K","0,08%"
"16.03.2017","277,94","279,71","279,71","277,85","","-0,59%"
"15.03.2017","279,58","279,89","279,99","279,45","0,02K","0,46%"
"14.03.2017","278,29","279,23","279,70","278,29","0,03K","-0,08%"
"13.03.2017","278,51","278,08","278,73","278,00","0,10K","0,01%"
"10.03.2017","278,47","279,93","280,13","278,47","","-0,55%"
"09.03.2017","280,00","280,29","280,46","279,34","","-0,27%"
"08.03.2017","280,75","279,36","280,75","279,34","","0,32%"
"07.03.2017","279,85","280,20","280,20","279,02","0,01K","0,53%"
"06.03.2017","278,37","279,39","279,60","277,81","0,07K","-0,56%"
"03.03.2017","279,94","280,85","280,85","279,59","0,41K","-0,53%"
"02.03.2017","281,42","281,79","282,88","281,42","0,01K","0,19%"
"01.03.2017","280,88","280,13","281,12","280,01","0,03K","1,23%"
"28.02.2017","277,46","278,08","278,69","277,46","","0,14%"
"27.02.2017","277,07","278,90","278,90","277,07","0,47K","-0,19%"
"24.02.2017","277,61","277,17","277,61","275,62","0,01K","0,22%"
"23.02.2017","276,99","279,61","280,01","276,99","","-0,99%"
"22.02.2017","279,75","280,75","280,75","279,75","0,04K","0,11%"
"21.02.2017","279,44","278,22","279,99","278,22","0,04K","0,89%"
"20.02.2017","276,97","277,04","277,04","276,72","","0,55%"
"17.02.2017","275,45","274,40","275,45","274,06","0,30K","0,47%"
"16.02.2017","274,17","275,47","275,47","273,44","0,01K","-0,28%"
"15.02.2017","274,93","275,78","275,98","274,93","0,04K","0,36%"
"14.02.2017","273,95","272,72","273,95","272,72","0,02K","0,40%"
"13.02.2017","272,86","271,50","273,04","270,90","0,04K","0,65%"
"10.02.2017","271,09","270,78","271,09","270,28","0,03K","0,63%"
"09.02.2017","269,40","267,77","269,40","267,77","","0,80%"
"08.02.2017","267,25","268,23","268,54","267,25","0,01K","-0,25%"
"07.02.2017","267,93","266,84","268,04","266,84","","1,12%"
"06.02.2017","264,97","264,44","265,22","264,13","0,10K","0,50%"
"03.02.2017","263,65","263,36","264,05","263,36","0,01K","0,19%"
"02.02.2017","263,16","261,83","263,16","261,28","","0,06%"
"01.02.2017","263,01","262,40","263,53","262,23","","0,99%"
"31.01.2017","260,44","263,33","263,38","260,22","0,02K","-1,23%"
"30.01.2017","263,68","265,23","266,63","263,68","","-0,87%"
"27.01.2017","266,00","266,08","266,08","265,01","","-0,16%"
"26.01.2017","266,42","264,87","266,42","264,87","","0,95%"
"25.01.2017","263,92","262,84","263,92","262,42","","1,46%"
"24.01.2017","260,11","259,72","260,22","259,72","","0,43%"
"23.01.2017","258,99","258,92","259,66","258,92","","-1,05%"
"20.01.2017","261,74","261,81","262,50","261,74","","-0,13%"
"19.01.2017","262,07","261,51","263,44","260,91","","0,79%"
"18.01.2017","260,01","260,23","261,04","260,01","","0,09%"
"17.01.2017","259,78","260,78","260,78","259,00","0,05K","-1,22%"
"16.01.2017","262,98","262,58","263,08","262,58","","0,22%"
"13.01.2017","262,40","261,33","262,48","260,89","0,05K","1,56%"
"12.01.2017","258,37","261,25","261,25","258,37","0,14K","-2,69%"
"11.01.2017","265,50","262,62","265,50","262,62","","1,33%"
"10.01.2017","262,01","261,14","262,21","261,10","0,10K","0,06%"
"09.01.2017","261,86","262,13","262,60","261,86","","0,56%"
"06.01.2017","260,40","258,36","260,40","258,27","","0,78%"
"05.01.2017","258,38","258,57","258,90","256,93","0,06K","-0,30%"
"04.01.2017","259,15","259,84","259,96","259,15","0,29K","-0,11%"
"03.01.2017","259,44","258,87","262,00","258,87","","0,97%"
"02.01.2017","256,95","253,51","258,35","253,51","0,04K","-0,02%"
"30.12.2016","256,99","258,03","258,03","256,99","","-0,49%"
"29.12.2016","258,26","259,24","259,50","258,26","","-1,49%"
"28.12.2016","262,16","262,18","263,49","261,69","","0,00%"
"27.12.2016","262,15","260,45","262,72","260,45","","0,66%"
"23.12.2016","260,43","260,15","260,43","259,44","0,00K","0,27%"
"22.12.2016","259,73","260,40","261,06","259,53","","-0,43%"
"21.12.2016","260,84","262,39","262,52","260,79","","-0,79%"
"20.12.2016","262,93","262,05","262,93","262,00","","0,54%"
"19.12.2016","261,51","258,85","261,51","258,85","","0,67%"
"16.12.2016","259,78","260,31","260,72","259,60","","-0,93%"
"15.12.2016","262,21","258,74","262,33","258,64","0,06K","2,83%"
"14.12.2016","254,99","256,23","256,23","254,99","","-0,07%"
"13.12.2016","255,18","252,65","255,26","252,65","0,02K","0,80%"
"12.12.2016","253,15","254,51","254,51","252,81","0,15K","-0,95%"
"09.12.2016","255,58","251,99","255,58","251,99","","1,24%"
"08.12.2016","252,45","247,79","252,45","247,35","","3,16%"
"07.12.2016","244,72","245,97","246,00","244,72","0,01K","-0,20%"
"06.12.2016","245,20","244,33","245,66","244,33","0,05K","-0,23%"
"05.12.2016","245,77","246,63","246,82","245,11","","0,36%"
"02.12.2016","244,90","243,67","244,90","243,62","","-0,56%"
"01.12.2016","246,29","249,95","249,95","246,29","","-2,47%"
"30.11.2016","252,54","252,31","252,76","252,15","","-0,39%"
"29.11.2016","253,54","252,70","253,54","252,30","0,20K","0,37%"
"28.11.2016","252,61","250,32","253,29","250,32","","0,02%"
"25.11.2016","252,56","252,43","252,68","252,17","","-0,17%"
"24.11.2016","252,99","253,73","253,73","252,81","1,75K","0,11%"
"23.11.2016","252,71","253,26","253,65","252,44","","-0,06%"
"22.11.2016","252,87","252,82","253,21","252,50","0,02K","0,78%"
"21.11.2016","250,92","250,73","250,92","249,32","0,02K","0,19%"
"18.11.2016","250,44","250,54","250,69","250,05","0,02K","1,01%"
"17.11.2016","247,94","246,26","247,94","246,07","0,13K","0,63%"
"16.11.2016","246,38","244,66","246,38","243,86","","1,01%"
"15.11.2016","243,92","240,00","244,45","240,00","","1,07%"
"14.11.2016","241,33","243,96","243,96","241,33","","0,81%"
"11.11.2016","239,40","238,87","240,40","237,93","","0,06%"
"10.11.2016","239,26","245,22","246,48","239,26","","-0,94%"
"09.11.2016","241,54","230,77","241,54","230,77","0,05K","1,32%"
"08.11.2016","238,40","238,24","238,40","237,17","0,03K","0,28%"
"07.11.2016","237,74","235,65","237,74","235,45","","2,31%"
"04.11.2016","232,37","231,98","232,37","231,27","","-0,37%"
"03.11.2016","233,24","233,26","234,58","233,24","","-0,78%"
"02.11.2016","235,08","235,40","236,20","235,08","","-0,92%"
"01.11.2016","237,26","240,75","240,83","237,26","","-1,59%"
"31.10.2016","241,09","242,51","242,51","241,09","0,09K","-1,04%"
"28.10.2016","243,62","241,97","243,62","241,97","","-0,36%"
"27.10.2016","244,49","244,93","246,04","244,49","","-0,67%"
"26.10.2016","246,13","245,79","246,13","244,65","","-0,71%"
"25.10.2016","247,88","248,78","249,10","247,88","0,01K","0,08%"
"24.10.2016","247,69","246,15","247,69","245,17","0,04K","1,06%"
"21.10.2016","245,09","244,91","245,09","244,38","","1,09%"
"20.10.2016","242,45","242,65","242,93","242,06","","0,00%"
"19.10.2016","242,44","241,36","242,49","241,36","","-0,11%"
"18.10.2016","242,70","241,48","242,78","241,41","","1,02%"
"17.10.2016","240,25","240,22","240,25","239,55","0,01K","-0,49%"
"14.10.2016","241,44","239,89","241,67","239,89","","1,48%"
"13.10.2016","237,93","239,06","239,53","237,71","","-1,03%"
"12.10.2016","240,41","240,08","240,92","240,08","","-0,11%"
"11.10.2016","240,67","241,90","242,74","240,67","","-0,47%"
"10.10.2016","241,80","239,61","241,80","239,61","","0,96%"
"07.10.2016","239,49","240,66","240,79","239,49","","0,18%"
"06.10.2016","239,05","240,01","240,01","239,05","","-0,25%"
"05.10.2016","239,65","238,50","240,01","238,16","","0,01%"
"04.10.2016","239,63","240,31","240,59","239,63","","0,53%"
"30.09.2016","238,36","237,53","238,75","237,45","0,08K","0,37%"
"29.09.2016","237,47","238,93","238,93","237,47","","-0,42%"
"28.09.2016","238,48","239,58","239,58","238,16","","0,33%"
"27.09.2016","237,69","236,56","237,85","235,94","","1,08%"
"26.09.2016","235,16","236,55","236,55","235,16","","-1,60%"
"23.09.2016","238,99","239,70","239,72","238,69","","0,08%"
"22.09.2016","238,80","237,87","238,80","237,87","","0,49%"
"21.09.2016","237,63","237,98","238,34","237,45","0,42K","0,27%"
"20.09.2016","237,00","236,12","237,00","236,12","0,02K","0,01%"
"19.09.2016","236,98","238,47","238,47","236,98","","0,13%"
"16.09.2016","236,67","235,48","236,67","235,20","0,29K","0,86%"
"15.09.2016","234,66","232,05","234,66","231,88","","0,87%"
"14.09.2016","232,64","231,60","232,67","231,60","","0,93%"
"13.09.2016","230,49","232,00","232,09","230,49","","-0,32%"
"12.09.2016","231,22","226,86","231,22","226,86","","-0,64%"
"09.09.2016","232,70","233,65","233,68","232,70","","-0,81%"
"08.09.2016","234,59","235,80","236,08","234,13","0,46K","-0,59%"
"07.09.2016","235,99","236,11","236,54","235,99","","0,42%"
"06.09.2016","235,01","236,39","236,59","235,01","","-0,44%"
"05.09.2016","236,05","236,43","236,43","235,97","0,01K","-0,20%"
"02.09.2016","236,52","235,03","236,78","235,03","","1,26%"
"01.09.2016","233,58","236,50","236,50","233,58","","-0,67%"
"31.08.2016","235,15","235,86","235,86","235,15","0,06K","-0,15%"
"30.08.2016","235,50","236,00","236,00","235,50","","-0,15%"
"29.08.2016","235,86","234,90","236,01","234,79","","0,60%"
"26.08.2016","234,46","232,33","234,46","232,33","0,07K","0,42%"
"25.08.2016","233,49","233,17","233,49","232,47","","-0,65%"
"24.08.2016","235,02","234,33","235,27","234,33","","0,35%"
"23.08.2016","234,20","233,36","234,49","233,36","0,04K","0,31%"
"22.08.2016","233,47","234,11","234,11","233,33","","-0,16%"
"19.08.2016","233,85","232,95","233,85","232,59","","0,29%"
"18.08.2016","233,17","233,24","233,51","233,07","0,05K","-0,01%"
"17.08.2016","233,20","234,20","234,25","233,20","","-0,54%"
"16.08.2016","234,46","235,07","235,37","234,46","","-1,19%"
"15.08.2016","237,28","236,98","237,28","236,71","0,04K","0,56%"
"12.08.2016","235,95","236,84","236,84","235,31","0,04K","0,01%"
"11.08.2016","235,92","235,94","236,57","235,75","","0,33%"
"10.08.2016","235,14","236,44","236,60","235,14","0,02K","-1,14%"
"09.08.2016","237,86","237,31","237,86","236,99","0,02K","0,43%"
"08.08.2016","236,83","237,61","237,84","236,83","","-0,41%"
"05.08.2016","237,80","234,82","238,16","234,47","","1,79%"
"04.08.2016","233,61","232,95","233,61","232,68","","0,68%"
"03.08.2016","232,04","230,33","232,45","230,33","0,00K","0,79%"
"02.08.2016","230,21","232,82","232,82","230,21","0,08K","-1,65%"
"01.08.2016","234,07","233,33","234,07","232,74","","0,62%"
"29.07.2016","232,63","233,78","233,78","232,20","","-0,17%"
"28.07.2016","233,02","233,59","233,59","232,71","","-0,67%"
"27.07.2016","234,59","234,64","235,00","234,59","0,02K","0,86%"
"26.07.2016","232,60","232,46","233,77","232,24","0,10K","-0,15%"
"25.07.2016","232,95","233,08","233,22","232,87","","0,07%"
"22.07.2016","232,79","231,57","232,79","231,57","","0,14%"
"21.07.2016","232,47","232,05","232,70","231,59","","0,15%"
"20.07.2016","232,12","230,46","232,12","230,46","","0,95%"
"19.07.2016","229,93","228,49","229,93","228,31","","0,29%"
"18.07.2016","229,26","228,56","229,26","228,17","0,00K","0,64%"
"15.07.2016","227,80","226,66","227,80","226,34","","0,19%"
"14.07.2016","227,36","227,32","227,36","227,18","","0,49%"
"13.07.2016","226,25","227,34","227,47","226,25","","-0,39%"
"12.07.2016","227,14","226,03","227,14","226,03","","0,22%"
"11.07.2016","226,64","226,26","226,64","225,90","","1,00%"
"08.07.2016","224,39","221,48","224,39","220,82","","1,51%"
"07.07.2016","221,05","220,79","221,24","220,14","","0,74%"
"06.07.2016","219,43","218,34","219,43","217,12","","0,83%"
"05.07.2016","217,62","217,18","217,73","216,94","0,03K","-0,63%"
"04.07.2016","219,01","219,53","219,60","219,01","0,05K","0,00%"
"01.07.2016","219,01","217,15","219,03","217,15","","0,35%"
"30.06.2016","218,25","215,65","218,25","215,59","0,03K","1,66%"
"29.06.2016","214,68","212,94","214,68","212,94","","1,53%"
"28.06.2016","211,44","209,84","211,80","209,43","","1,17%"
"27.06.2016","208,99","212,04","212,04","208,99","","-2,32%"
"24.06.2016","213,95","215,36","215,36","213,14","0,06K","-0,52%"
"23.06.2016","215,06","214,25","215,10","213,78","","-0,22%"
"22.06.2016","215,54","214,54","215,54","214,03","","0,32%"
"21.06.2016","214,85","213,73","215,26","213,61","","-0,24%"
"20.06.2016","215,37","213,76","215,37","213,76","","1,20%"
"17.06.2016","212,81","215,62","215,97","212,81","","-1,15%"
"16.06.2016","215,29","213,82","215,82","213,82","","-0,49%"
"15.06.2016","216,36","216,79","217,03","216,36","","0,48%"
"14.06.2016","215,33","215,62","216,72","215,33","0,02K","-0,42%"
"13.06.2016","216,23","217,03","217,03","216,23","","-0,57%"
"10.06.2016","217,46","218,59","218,59","216,83","0,05K","-0,48%"
"09.06.2016","218,51","217,94","218,99","217,94","","0,52%"
"08.06.2016","217,39","217,91","218,13","216,93","0,22K","-0,48%"
"07.06.2016","218,44","219,16","219,29","218,44","","-0,04%"
"06.06.2016","218,53","218,51","218,57","218,12","","0,44%"
"03.06.2016","217,57","223,03","223,09","217,19","","-1,99%"
"02.06.2016","221,98","220,85","221,98","220,85","","-0,16%"
"01.06.2016","222,33","222,76","222,76","221,41","0,02K","-0,03%"
"31.05.2016","222,40","222,79","222,79","222,16","","-0,14%"
"30.05.2016","222,72","222,83","222,99","222,57","","0,34%"
"27.05.2016","221,96","220,77","222,03","220,77","","0,96%"
"26.05.2016","219,86","219,91","220,01","219,47","","0,00%"
"25.05.2016","219,86","219,29","220,28","219,29","0,16K","0,94%"
"24.05.2016","217,82","212,73","217,82","212,73","","1,68%"
"23.05.2016","214,22","212,65","214,45","212,65","","0,15%"
"20.05.2016","213,90","211,89","213,90","211,71","","1,75%"
"19.05.2016","210,22","211,47","211,94","210,14","","-0,55%"
"18.05.2016","211,38","210,40","211,38","209,91","","0,18%"
"17.05.2016","211,01","212,24","212,59","210,68","0,14K","-0,18%"
"13.05.2016","211,39","208,77","211,39","208,45","","1,74%"
"12.05.2016","207,77","209,63","210,84","207,77","","-1,22%"
"11.05.2016","210,33","211,23","211,26","210,33","","-0,18%"
"10.05.2016","210,71","209,35","210,71","209,35","","1,11%"
"09.05.2016","208,40","208,12","209,32","208,12","","1,15%"
"06.05.2016","206,04","206,49","206,49","205,40","","-0,83%"
"05.05.2016","207,77","207,03","208,14","207,03","","1,06%"
"04.05.2016","205,60","206,86","206,86","205,48","","-0,46%"
"03.05.2016","206,55","205,94","206,55","205,29","0,04K","-0,03%"
"02.05.2016","206,61","207,24","207,39","206,61","0,00K","-0,55%"
"29.04.2016","207,76","210,74","210,99","207,16","0,20K","-3,36%"
"28.04.2016","214,99","212,57","214,99","212,57","","1,14%"
"27.04.2016","212,56","213,77","213,77","212,56","","-1,53%"
"26.04.2016","215,87","217,58","218,10","215,87","","-0,36%"
"25.04.2016","216,66","217,28","217,28","216,66","","-0,03%"
"22.04.2016","216,73","218,57","218,99","216,73","","-1,82%"
"21.04.2016","220,74","220,16","220,74","218,61","0,00K","0,35%"
"20.04.2016","219,98","217,96","219,98","217,96","","0,58%"
"19.04.2016","218,71","221,60","221,60","218,71","","-0,92%"
"18.04.2016","220,75","219,14","220,90","219,14","","-0,12%"
"15.04.2016","221,01","221,20","221,22","219,99","","-0,19%"
"14.04.2016","221,43","221,21","221,43","220,96","0,02K","0,50%"
"13.04.2016","220,32","218,09","221,00","218,09","","2,32%"
"12.04.2016","215,33","213,89","215,33","213,89","","0,05%"
"11.04.2016","215,22","214,73","216,28","214,73","","-0,27%"
"08.04.2016","215,80","216,97","217,68","215,80","","0,07%"
"07.04.2016","215,65","217,40","217,95","215,65","","-0,63%"
"06.04.2016","217,01","216,65","217,01","215,58","","0,53%"
"05.04.2016","215,87","215,94","216,60","215,54","","-0,37%"
"04.04.2016","216,68","217,83","219,18","216,68","0,05K","-0,06%"
"01.04.2016","216,80","214,89","217,17","214,13","0,10K","0,15%"
"31.03.2016","216,47","216,16","216,47","215,82","","-0,29%"
"30.03.2016","217,09","217,32","217,88","217,09","","0,30%"
"29.03.2016","216,45","215,90","216,45","214,37","0,01K","0,36%"
"24.03.2016","215,68","215,02","215,94","214,87","0,05K","-0,30%"
"23.03.2016","216,32","217,58","217,71","216,31","","0,01%"
"22.03.2016","216,29","215,25","216,29","215,10","0,16K","0,60%"
"21.03.2016","215,01","213,73","215,01","213,62","0,40K","0,41%"
"18.03.2016","214,14","214,12","214,24","213,05","","0,78%"
"17.03.2016","212,48","214,38","214,38","211,47","","-1,94%"
"16.03.2016","216,68","215,99","216,97","215,53","0,19K","0,92%"
"15.03.2016","214,71","214,05","215,01","214,05","","-0,21%"
"14.03.2016","215,16","214,44","215,34","214,16","0,11K","1,04%"
"11.03.2016","212,94","212,00","214,21","212,00","","1,24%"
"10.03.2016","210,33","215,06","219,14","210,33","0,02K","-0,97%"
"09.03.2016","212,40","213,82","214,39","212,40","0,20K","0,08%"
"08.03.2016","212,23","211,72","212,64","211,24","","-1,13%"
"07.03.2016","214,65","215,29","215,32","214,40","","-0,42%"
"04.03.2016","215,56","216,42","216,42","214,38","","-0,16%"
"03.03.2016","215,91","217,98","218,40","215,86","","-1,20%"
"02.03.2016","218,53","218,52","219,13","218,48","0,91K","1,06%"
"01.03.2016","216,23","213,39","216,23","212,90","","0,94%"
"29.02.2016","214,22","210,39","214,22","210,39","0,02K","0,39%"
"26.02.2016","213,38","211,04","213,38","211,04","0,05K","2,66%"
"25.02.2016","207,86","208,68","209,60","207,86","","2,29%"
"24.02.2016","203,20","206,61","206,61","203,20","","-1,96%"
"23.02.2016","207,26","208,17","209,53","207,12","0,00K","-1,37%"
"22.02.2016","210,13","206,87","210,17","206,87","0,11K","2,75%"
"19.02.2016","204,51","205,10","205,39","204,04","0,01K","-0,67%"
"18.02.2016","205,88","206,97","208,31","205,88","0,03K","0,42%"
"17.02.2016","205,01","200,49","205,01","200,49","0,35K","3,05%"
"16.02.2016","198,95","200,82","200,82","198,95","0,02K","-0,59%"
"15.02.2016","200,13","199,27","200,45","198,91","0,10K","2,61%"
"12.02.2016","195,04","191,97","195,04","191,97","0,14K","3,41%"
"11.02.2016","188,60","188,52","190,77","187,28","0,19K","-3,34%"
"10.02.2016","195,12","192,64","196,13","192,64","","1,64%"
"09.02.2016","191,98","193,61","194,41","189,64","0,18K","0,47%"
"08.02.2016","191,08","197,94","197,94","191,08","0,03K","-4,04%"
"05.02.2016","199,12","203,08","204,25","199,12","","-2,23%"
"04.02.2016","203,66","206,52","206,52","202,34","","-0,16%"
"03.02.2016","203,98","210,70","210,70","203,98","","-4,37%"
"02.02.2016","213,30","213,61","213,65","212,31","","-0,51%"
"01.02.2016","214,39","215,49","215,49","213,40","0,05K","0,38%"
"29.01.2016","213,58","209,64","213,58","209,56","","2,64%"
"28.01.2016","208,08","210,24","210,24","207,59","","-1,81%"
"27.01.2016","211,91","211,82","211,91","209,43","0,24K","-0,50%"
"26.01.2016","212,97","208,86","212,97","208,86","0,02K","-0,42%"
"25.01.2016","213,86","213,79","214,74","213,53","0,10K","0,17%"
"22.01.2016","213,50","210,91","214,52","210,91","0,06K","1,44%"
"21.01.2016","210,47","206,58","211,02","206,58","","4,12%"
"20.01.2016","202,14","202,49","204,73","202,14","0,07K","-3,21%"
"19.01.2016","208,84","212,09","212,49","208,84","","0,38%"
"18.01.2016","208,05","209,69","209,69","207,85","","1,24%"
"15.01.2016","205,50","211,81","211,94","205,50","0,20K","-3,56%"
"14.01.2016","213,09","211,21","213,09","208,43","0,02K","-2,15%"
"13.01.2016","217,78","220,62","220,62","217,78","0,00K","0,15%"
"12.01.2016","217,46","214,11","218,22","213,88","0,03K","1,67%"
"11.01.2016","213,88","214,96","215,84","213,88","","-1,27%"
"08.01.2016","216,63","217,93","219,32","216,63","0,02K","-2,04%"
"07.01.2016","221,13","219,83","221,13","217,52","","-2,24%"
"06.01.2016","226,20","226,08","226,20","224,36","","-1,20%"
"05.01.2016","228,95","228,05","229,41","227,28","0,11K","1,60%"
"04.01.2016","225,35","227,60","227,60","225,35","0,11K","-4,01%"
"30.12.2015","234,76","235,07","235,07","234,17","0,06K","-0,04%"
"29.12.2015","234,85","231,07","234,85","231,07","0,08K","2,90%"
"28.12.2015","228,24","229,83","229,83","228,24","","-1,37%"
"23.12.2015","231,40","230,34","231,40","230,34","","1,61%"
"22.12.2015","227,73","229,18","229,18","227,27","","0,32%"
"21.12.2015","227,01","227,85","229,45","227,01","","-1,53%"
"18.12.2015","230,53","230,77","231,41","229,56","","-1,49%"
"17.12.2015","234,02","234,31","236,21","234,02","0,10K","1,60%"
"16.12.2015","230,33","230,95","231,71","230,33","","-0,34%"
"15.12.2015","231,12","227,47","231,22","227,47","","3,53%"
"14.12.2015","223,24","228,21","228,21","223,24","","-1,93%"
"11.12.2015","227,64","231,95","231,95","227,64","","-2,00%"
"10.12.2015","232,29","230,62","232,29","230,62","","-0,30%"
"09.12.2015","233,00","234,98","234,98","232,88","","-1,38%"
"08.12.2015","236,25","235,85","236,25","233,32","","0,16%"
"07.12.2015","235,88","237,04","239,10","235,88","0,21K","0,31%"
"04.12.2015","235,15","232,34","235,15","231,69","0,00K","-0,46%"
"03.12.2015","236,23","243,63","244,82","235,37","0,04K","-3,35%"
"02.12.2015","244,41","243,15","244,66","243,15","0,42K","1,04%"
"01.12.2015","241,90","242,16","242,16","241,47","0,11K","0,30%"
"30.11.2015","241,18","241,76","242,87","241,18","0,04K","-0,17%"
"27.11.2015","241,60","240,72","242,30","240,72","0,02K","-0,14%"
"26.11.2015","241,94","241,69","242,08","241,69","0,10K","0,35%"
"25.11.2015","241,09","239,43","241,53","239,43","0,20K","1,21%"
"24.11.2015","238,21","238,47","239,06","238,02","0,09K","-1,48%"
"23.11.2015","241,80","240,75","241,80","240,72","","0,65%"
"20.11.2015","240,24","238,02","240,24","238,02","0,01K","1,30%"
"19.11.2015","237,16","238,68","239,02","237,16","0,12K","0,22%"
"18.11.2015","236,63","233,82","236,63","233,64","0,65K","0,57%"
"17.11.2015","235,30","234,46","235,30","234,46","0,09K","2,69%"
"16.11.2015","229,14","229,42","229,46","228,73","0,01K","-0,62%"
"13.11.2015","230,58","232,28","233,04","230,58","0,02K","-1,97%"
"12.11.2015","235,21","237,77","237,77","235,21","0,06K","-0,46%"
"11.11.2015","236,29","236,82","237,46","236,29","","-0,03%"
"10.11.2015","236,37","236,57","236,82","236,37","","0,31%"
"09.11.2015","235,64","238,15","238,48","235,64","0,05K","-1,33%"
"06.11.2015","238,81","236,12","238,81","235,87","","1,32%"
"05.11.2015","235,70","236,31","237,48","235,70","","-0,32%"
"04.11.2015","236,46","236,31","237,12","236,18","0,02K","0,47%"
"03.11.2015","235,36","232,80","235,36","232,50","0,02K","1,48%"
"02.11.2015","231,93","230,07","231,93","230,07","0,02K","0,48%"
"30.10.2015","230,82","232,43","232,43","230,17","","-0,55%"
"29.10.2015","232,10","233,06","233,06","231,69","0,14K","1,13%"
"28.10.2015","229,50","229,86","230,03","228,77","0,08K","0,42%"
"27.10.2015","228,55","228,23","229,17","228,23","0,02K","0,06%"
"26.10.2015","228,41","227,92","228,57","227,92","","0,09%"
"23.10.2015","228,20","225,22","228,56","225,22","0,02K","3,80%"
"22.10.2015","219,84","213,43","219,84","213,43","","3,10%"
"21.10.2015","213,23","213,01","214,36","213,01","","-0,36%"
"20.10.2015","214,01","214,75","214,75","213,53","0,05K","-0,38%"
"19.10.2015","214,82","213,84","214,82","213,11","0,30K","0,94%"
"16.10.2015","212,83","212,54","212,83","212,43","","1,56%"
"15.10.2015","209,57","208,37","209,57","208,37","","1,23%"
"14.10.2015","207,03","207,54","207,93","207,03","","-1,86%"
"13.10.2015","210,95","210,18","210,95","208,64","0,02K","0,22%"
"12.10.2015","210,49","209,88","210,49","209,88","","0,21%"
"09.10.2015","210,04","209,02","210,04","209,02","","1,21%"
"08.10.2015","207,53","208,69","209,26","207,53","","-0,24%"
"07.10.2015","208,02","210,12","210,68","208,02","","0,06%"
"06.10.2015","207,90","209,05","210,11","207,87","0,40K","-0,92%"
"05.10.2015","209,83","207,71","209,83","206,89","","3,70%"
"02.10.2015","202,34","205,82","206,30","200,61","","-0,08%"
"01.10.2015","202,50","207,11","207,11","202,50","","-0,55%"
"30.09.2015","203,61","199,97","203,61","199,97","","1,57%"
"29.09.2015","200,47","199,22","200,94","199,22","","-1,08%"
"28.09.2015","202,65","205,80","205,80","202,65","","-3,44%"
"25.09.2015","209,88","209,14","210,60","209,14","0,18K","3,09%"
"24.09.2015","203,59","207,71","207,71","203,44","0,00K","-2,40%"
"23.09.2015","208,60","208,21","210,10","208,21","","0,50%"
"22.09.2015","207,57","210,40","210,40","207,57","","-2,48%"
"21.09.2015","212,85","208,38","212,85","208,38","","1,86%"
"18.09.2015","208,97","209,39","209,39","207,08","","-1,37%"
"17.09.2015","211,87","211,23","211,87","210,97","","0,48%"
"16.09.2015","210,85","211,66","212,08","210,85","","0,19%"
"15.09.2015","210,45","207,84","210,45","207,84","","1,10%"
"14.09.2015","208,17","208,71","209,31","208,17","","1,03%"
"11.09.2015","206,05","207,38","207,38","206,05","","-0,68%"
"10.09.2015","207,46","208,86","208,86","206,29","","-1,77%"
"09.09.2015","211,20","212,86","213,27","211,20","","1,54%"
"08.09.2015","207,99","206,77","209,18","206,77","","0,89%"
"07.09.2015","206,16","207,42","207,42","206,16","","0,28%"
"04.09.2015","205,59","206,06","206,06","204,27","","-2,57%"
"03.09.2015","211,02","207,33","211,02","207,18","0,02K","3,91%"
"02.09.2015","203,07","203,43","204,14","201,93","0,01K","-0,55%"
"01.09.2015","204,20","202,61","204,20","201,09","0,13K","-2,59%"
"31.08.2015","209,63","209,56","209,75","208,88","0,02K","-0,16%"
"28.08.2015","209,96","208,12","209,96","207,59","","0,34%"
"27.08.2015","209,25","205,52","209,25","205,52","","7,67%"
"26.08.2015","194,35","193,16","198,04","192,21","0,12K","-2,20%"
"25.08.2015","198,72","194,30","198,72","194,30","0,02K","6,42%"
"24.08.2015","186,74","192,54","192,64","186,74","0,09K","-9,29%"
"21.08.2015","205,86","211,44","211,44","205,86","0,02K","-4,51%"
"20.08.2015","215,58","220,27","220,27","215,58","","-2,85%"
"19.08.2015","221,90","223,31","224,11","221,90","0,10K","-1,60%"
"18.08.2015","225,51","223,86","225,51","223,86","","0,70%"
"17.08.2015","223,94","223,02","224,32","221,90","","1,22%"
"14.08.2015","221,23","221,30","221,90","220,02","0,15K","-0,31%"
"13.08.2015","221,91","223,17","223,34","221,91","","2,25%"
"12.08.2015","217,03","219,45","219,45","217,03","","-2,79%"
"11.08.2015","223,27","225,75","225,92","223,27","","-1,56%"
"10.08.2015","226,80","225,22","226,80","225,22","","1,02%"
"07.08.2015","224,52","225,46","225,74","224,52","","-0,84%"
"06.08.2015","226,42","230,21","230,55","226,42","","-2,45%"
"05.08.2015","232,11","229,39","232,11","229,39","0,05K","2,38%"
"04.08.2015","226,72","227,12","227,33","226,72","","-0,65%"
"03.08.2015","228,20","228,19","228,36","228,19","","0,56%"
"31.07.2015","226,94","229,09","229,40","226,94","","-0,36%"
"30.07.2015","227,76","227,63","227,76","226,88","0,27K","0,81%"
"29.07.2015","225,94","225,49","225,94","224,91","0,09K","0,69%"
"28.07.2015","224,40","223,71","224,65","223,39","","0,83%"
"27.07.2015","222,55","223,64","223,84","222,55","0,16K","-2,45%"
"24.07.2015","228,14","230,83","231,05","228,14","","-0,97%"
"23.07.2015","230,38","230,01","230,38","229,85","","-0,51%"
"22.07.2015","231,57","229,83","231,57","229,83","0,02K","-0,36%"
"21.07.2015","232,41","235,65","235,65","232,41","","-1,03%"
"20.07.2015","234,84","233,96","234,84","233,96","","0,80%"
"17.07.2015","232,98","231,11","232,98","231,11","","1,82%"
"16.07.2015","228,81","227,96","229,00","227,96","","1,21%"
"15.07.2015","226,07","224,30","226,07","224,00","","0,90%"
"14.07.2015","224,05","223,31","224,05","221,64","","1,23%"
"13.07.2015","221,32","217,98","221,32","217,98","","2,38%"
"10.07.2015","216,18","215,60","216,18","214,28","","-0,52%"
"09.07.2015","217,30","216,28","217,79","216,28","0,03K","0,95%"
"08.07.2015","215,26","215,32","217,52","215,26","","-0,91%"
"07.07.2015","217,23","220,46","220,94","217,23","","-0,18%"
"06.07.2015","217,62","217,07","217,62","216,41","","0,06%"
"03.07.2015","217,49","217,82","217,96","217,15","","0,20%"
"02.07.2015","217,06","218,66","218,66","217,06","0,02K","-0,27%"
"01.07.2015","217,65","216,42","218,05","216,42","","1,15%"
"30.06.2015","215,18","214,47","215,18","214,33","","-0,48%"
"29.06.2015","216,21","218,31","218,43","216,21","","-1,81%"
"26.06.2015","220,19","219,38","220,19","219,38","","-0,38%"
"25.06.2015","221,03","220,76","221,09","220,71","","-0,14%"
"24.06.2015","221,34","220,79","221,96","220,79","","0,08%"
"23.06.2015","221,17","220,29","221,78","220,16","0,07K","1,61%"
"22.06.2015","217,67","218,36","218,36","217,47","0,09K","-0,02%"
"19.06.2015","217,71","218,35","219,07","217,71","0,10K","0,66%"
"18.06.2015","216,29","214,08","216,36","213,90","0,14K","-0,04%"
"17.06.2015","216,38","215,74","216,38","215,74","","0,35%"
"16.06.2015","215,63","212,67","215,63","212,67","","0,52%"
"15.06.2015","214,52","215,18","215,66","214,52","","-0,34%"
"12.06.2015","215,26","217,62","218,21","215,26","","-1,26%"
"11.06.2015","218,01","217,23","218,01","217,01","0,13K","1,08%"
"10.06.2015","215,69","213,07","215,92","212,65","0,07K","0,86%"
"09.06.2015","213,85","213,96","214,45","213,06","0,35K","-1,39%"
"08.06.2015","216,86","218,54","219,15","216,63","","-1,23%"
"05.06.2015","219,57","217,39","219,80","217,39","","0,81%"
"04.06.2015","217,81","217,58","218,01","215,26","","-0,59%"
"03.06.2015","219,11","220,80","221,99","218,41","0,04K","-0,83%"
"02.06.2015","220,94","224,22","224,80","220,94","0,26K","-2,09%"
"01.06.2015","225,65","225,50","225,65","224,98","0,25K","0,65%"
"29.05.2015","224,19","225,05","225,44","224,19","1,49K","-1,02%"
"28.05.2015","226,49","225,75","226,74","225,43","","-0,08%"
"27.05.2015","226,66","224,90","226,66","224,90","","1,50%"
"26.05.2015","223,30","226,30","226,30","223,30","","-0,22%"
"22.05.2015","223,80","221,34","224,23","220,74","0,02K","0,87%"
"21.05.2015","221,88","219,69","221,88","219,30","","0,38%"
"20.05.2015","221,03","220,59","221,40","220,43","0,01K","0,26%"
"19.05.2015","220,46","220,76","221,23","220,01","0,08K","2,16%"
"18.05.2015","215,79","214,38","215,79","213,85","0,01K","0,73%"
"15.05.2015","214,22","215,33","216,35","214,08","","-0,29%"
"14.05.2015","214,84","212,35","214,84","211,80","0,05K","1,10%"
"13.05.2015","212,51","215,18","215,44","212,50","","-0,72%"
"12.05.2015","214,05","214,20","214,20","212,74","","-1,57%"
"11.05.2015","217,46","216,97","217,72","216,97","","0,55%"
"08.05.2015","216,27","214,51","216,27","214,06","0,03K","1,98%"
"07.05.2015","212,07","209,21","212,07","208,59","","0,85%"
"06.05.2015","210,29","213,48","213,80","210,11","0,05K","-2,26%"
"05.05.2015","215,15","219,46","219,62","215,15","0,16K","-1,88%"
"04.05.2015","219,28","217,70","219,28","217,70","0,00K","1,39%"
"30.04.2015","216,28","216,56","217,72","216,28","","-1,54%"
"29.04.2015","219,67","223,25","223,25","219,67","","-1,94%"
"28.04.2015","224,01","226,19","226,49","224,01","","-1,42%"
"27.04.2015","227,24","227,42","228,61","227,24","0,22K","0,20%"
"24.04.2015","226,78","225,65","227,17","225,65","","1,08%"
"23.04.2015","224,36","225,91","225,91","224,36","0,03K","-0,46%"
"22.04.2015","225,39","224,98","225,39","222,86","","0,39%"
"21.04.2015","224,52","226,77","226,77","224,52","0,06K","0,71%"
"20.04.2015","222,94","220,71","222,94","220,71","","1,56%"
"17.04.2015","219,52","222,30","222,30","219,52","","-2,02%"
"16.04.2015","224,04","226,31","226,62","223,27","","-1,16%"
"15.04.2015","226,67","224,79","226,73","224,79","0,02K","1,17%"
"14.04.2015","224,05","227,95","227,95","223,83","0,23K","-1,87%"
"13.04.2015","228,31","226,80","228,35","226,80","0,36K","0,98%"
"10.04.2015","226,10","225,41","226,29","225,41","0,07K","1,65%"
"09.04.2015","222,42","221,24","222,42","220,94","0,24K","1,17%"
"08.04.2015","219,85","217,65","219,85","217,19","","0,38%"
"07.04.2015","219,02","216,96","219,02","216,87","0,01K","1,47%"
"02.04.2015","215,85","216,13","216,52","215,85","","-0,94%"
"01.04.2015","217,89","218,13","219,14","217,89","0,30K","-1,72%"
"31.03.2015","221,71","221,57","221,79","220,77","","0,72%"
"30.03.2015","220,12","219,59","220,12","218,78","0,01K","2,43%"
"27.03.2015","214,90","216,64","216,79","214,90","","-0,23%"
"26.03.2015","215,39","211,77","215,39","211,08","0,13K","-0,58%"
"25.03.2015","216,64","220,18","220,40","216,55","0,05K","-2,59%"
"24.03.2015","222,40","220,32","222,40","220,32","","0,09%"
"23.03.2015","222,20","224,39","224,39","221,87","","-1,32%"
"20.03.2015","225,18","226,08","226,08","224,64","0,10K","-0,58%"
"19.03.2015","226,50","225,74","226,50","224,77","","1,57%"
"18.03.2015","222,99","224,67","224,67","222,99","0,01K","-0,45%"
"17.03.2015","224,00","224,03","224,03","223,03","","0,01%"
"16.03.2015","223,98","223,23","223,98","222,91","0,24K","1,02%"
"13.03.2015","221,71","222,17","223,83","221,71","","0,08%"
"12.03.2015","221,53","221,57","221,74","220,79","0,02K","-0,35%"
"11.03.2015","222,31","221,74","223,47","221,74","0,02K","0,83%"
"10.03.2015","220,49","222,48","222,48","220,35","","0,03%"
"09.03.2015","220,43","219,82","220,64","219,39","0,03K","-0,14%"
"06.03.2015","220,75","219,73","221,80","219,73","0,20K","0,73%"
"05.03.2015","219,16","218,97","219,44","218,97","0,04K","0,38%"
"04.03.2015","218,33","217,49","218,33","216,69","0,12K","1,00%"
"03.03.2015","216,17","217,47","218,04","215,53","0,16K","-0,53%"
"02.03.2015","217,32","216,59","217,32","215,30","0,14K","0,56%"
"27.02.2015","216,12","216,37","216,37","215,65","","0,08%"
"26.02.2015","215,95","212,73","215,95","212,64","","1,38%"
"25.02.2015","213,01","212,51","213,01","212,51","","-0,14%"
"24.02.2015","213,30","213,51","213,79","213,13","","0,30%"
"23.02.2015","212,67","212,56","213,29","212,56","0,01K","0,63%"
"20.02.2015","211,33","211,55","212,19","211,33","","0,48%"
"19.02.2015","210,32","208,75","210,32","208,34","0,01K","0,32%"
"18.02.2015","209,64","209,18","209,71","209,18","","0,43%"
"17.02.2015","208,74","209,42","209,42","208,18","","-0,14%"
"16.02.2015","209,03","208,24","209,03","208,24","","0,62%"
"13.02.2015","207,75","207,30","207,95","207,12","","0,51%"
"12.02.2015","206,70","206,04","207,11","206,04","","0,12%"
"11.02.2015","206,46","205,37","206,46","205,28","0,21K","1,28%"
"10.02.2015","203,85","202,52","203,89","202,52","","0,92%"
"09.02.2015","202,00","201,61","202,55","201,58","","-1,17%"
"06.02.2015","204,40","202,01","204,40","202,01","","1,29%"
"05.02.2015","201,80","201,32","201,80","200,64","0,02K","0,43%"
"04.02.2015","200,94","199,81","200,94","199,49","0,08K","1,28%"
"03.02.2015","198,41","200,49","201,67","198,41","0,05K","-0,26%"
"02.02.2015","198,92","199,11","199,32","198,92","","-0,68%"
"30.01.2015","200,29","200,21","200,42","199,82","0,04K","1,26%"
"29.01.2015","197,80","198,69","199,00","197,80","0,05K","-1,27%"
"28.01.2015","200,34","202,02","202,31","200,34","0,09K","0,78%"
"27.01.2015","198,78","204,50","204,59","198,78","0,33K","-3,35%"
"26.01.2015","205,67","205,89","206,56","205,67","","-0,15%"
"23.01.2015","205,98","205,64","206,83","205,64","","2,30%"
"22.01.2015","201,34","196,44","201,34","196,30","0,03K","2,44%"
"21.01.2015","196,55","195,94","196,55","194,36","","0,37%"
"20.01.2015","195,83","194,90","195,83","194,38","0,13K","1,41%"
"19.01.2015","193,11","192,87","193,37","192,87","","-0,01%"
"16.01.2015","193,12","189,29","193,52","189,29","","0,02%"
"15.01.2015","193,08","192,87","193,08","192,87","","1,47%"
"14.01.2015","190,29","190,00","192,19","189,31","0,09K","-2,61%"
"13.01.2015","195,39","191,99","195,39","191,99","","1,79%"
"12.01.2015","191,96","192,69","193,79","191,96","","-0,18%"
"09.01.2015","192,31","195,02","195,95","192,31","","-1,29%"
"08.01.2015","194,83","192,42","194,83","192,42","","1,63%"
"07.01.2015","191,71","188,49","191,71","188,38","0,10K","1,83%"
"06.01.2015","188,27","189,07","190,49","188,27","","-0,85%"
"05.01.2015","189,88","191,75","191,75","189,88","0,01K","-0,84%"
"02.01.2015","191,49","192,50","192,50","191,34","0,11K","-0,46%"
"30.12.2014","192,37","191,97","192,54","191,86","","0,52%"
"29.12.2014","191,37","192,32","192,37","191,37","0,01K","0,35%"
"23.12.2014","190,71","190,26","190,71","190,26","","0,34%"
"22.12.2014","190,07","190,05","190,11","190,04","","-0,04%"
"19.12.2014","190,15","189,55","190,15","189,55","","1,60%"
"18.12.2014","187,15","183,77","187,15","183,77","0,02K","4,23%"
"17.12.2014","179,56","178,53","179,56","178,53","","-0,29%"
"16.12.2014","180,08","181,47","181,66","178,89","0,20K","-2,30%"
"15.12.2014","184,31","183,95","184,39","183,95","0,14K","-0,30%"
"12.12.2014","184,87","185,11","185,11","183,26","","-1,57%"
"11.12.2014","187,82","184,48","187,96","184,48","","0,43%"
"10.12.2014","187,02","188,18","188,34","187,02","","-0,46%"
"09.12.2014","187,88","187,25","187,88","185,09","0,10K","-1,36%"
"08.12.2014","190,48","190,48","190,68","190,23","","-0,06%"
"05.12.2014","190,59","189,40","190,59","189,40","","1,58%"
"04.12.2014","187,63","190,07","190,33","187,30","0,01K","-1,22%"
"03.12.2014","189,94","188,91","190,25","188,91","0,05K","0,91%"
"02.12.2014","188,23","187,43","188,23","187,25","0,03K","-0,12%"
"01.12.2014","188,46","188,46","188,46","188,46","0,16K","-0,56%"
"28.11.2014","189,53","188,68","189,53","188,62","","0,74%"
"27.11.2014","188,13","187,53","188,13","187,53","","0,76%"
"26.11.2014","186,71","187,38","187,41","186,71","","0,12%"
"25.11.2014","186,48","187,02","187,61","186,48","0,10K","0,03%"
"24.11.2014","186,43","186,43","186,43","186,36","0,05K","0,03%"
"21.11.2014","186,37","185,33","187,05","185,33","0,10K","1,61%"
"20.11.2014","183,42","182,41","183,42","182,41","","0,66%"
"19.11.2014","182,21","183,64","183,64","182,21","","-0,58%"
"18.11.2014","183,27","182,69","183,27","182,27","","-0,12%"
"17.11.2014","183,49","182,83","183,87","182,83","","-0,13%"
"14.11.2014","183,72","183,40","183,89","183,40","","-0,05%"
"13.11.2014","183,82","183,18","183,82","183,18","0,05K","1,13%"
"12.11.2014","181,77","182,18","182,18","181,46","","-0,30%"
"11.11.2014","182,31","182,76","182,76","182,31","","0,18%"
"10.11.2014","181,99","181,03","181,99","180,55","","0,25%"
"07.11.2014","181,54","182,80","182,90","181,54","","0,18%"
"06.11.2014","181,22","179,79","181,22","179,52","","0,32%"
"05.11.2014","180,65","180,92","181,48","180,65","","1,34%"
"04.11.2014","178,26","180,63","180,63","178,26","","-1,56%"
"03.11.2014","181,09","180,31","181,09","179,84","","0,87%"
"31.10.2014","179,53","179,24","180,14","179,24","0,02K","2,57%"
"30.10.2014","175,04","175,18","175,18","174,85","","0,42%"
"29.10.2014","174,31","174,46","174,46","174,14","","0,41%"
"28.10.2014","173,59","173,30","173,91","173,30","","0,95%"
"27.10.2014","171,95","172,93","172,93","171,95","","-0,09%"
"24.10.2014","172,11","171,57","172,11","171,03","","-0,28%"
"23.10.2014","172,60","169,87","172,60","169,87","0,24K","1,11%"
"22.10.2014","170,71","169,71","170,71","169,71","","1,54%"
"21.10.2014","168,12","163,94","168,12","163,94","0,11K","3,93%"
"20.10.2014","161,77","162,85","162,85","161,43","","-0,31%"
"17.10.2014","162,27","159,36","162,27","159,36","","2,59%"
"16.10.2014","158,18","159,14","159,14","158,18","","-3,14%"
"15.10.2014","163,31","163,11","163,31","163,11","","-0,55%"
"14.10.2014","164,22","163,00","164,22","163,00","","-0,21%"
"13.10.2014","164,57","164,00","165,03","164,00","0,02K","-2,31%"
"10.10.2014","168,47","169,73","169,73","168,47","","-2,30%"
"09.10.2014","172,43","171,76","172,43","171,76","","2,11%"
"08.10.2014","168,87","170,13","170,13","168,87","","-1,23%"
"07.10.2014","170,98","172,09","172,34","170,98","","-1,51%"
"06.10.2014","173,61","174,71","174,71","173,61","0,04K","2,26%"
"02.10.2014","169,77","171,10","171,10","169,46","","-2,48%"
"01.10.2014","174,09","173,79","174,09","173,79","","-0,23%"
"30.09.2014","174,50","173,13","175,06","173,13","","1,69%"
"29.09.2014","171,60","172,58","172,58","171,08","","-0,08%"
"26.09.2014","171,74","170,84","171,76","170,84","","0,44%"
"25.09.2014","170,99","174,10","174,46","170,99","","-0,89%"
"24.09.2014","172,53","170,65","172,53","170,65","","0,92%"
"23.09.2014","170,95","170,75","170,95","170,13","","-0,55%"
"22.09.2014","171,89","171,68","171,89","171,68","","-0,92%"
"19.09.2014","173,48","172,95","173,48","172,95","","0,88%"
"18.09.2014","171,97","171,26","171,97","171,26","","1,13%"
"17.09.2014","170,05","170,03","170,05","169,89","","0,91%"
"16.09.2014","168,52","168,86","168,86","168,46","","-0,21%"
"15.09.2014","168,88","170,43","170,47","168,88","","-1,06%"
"12.09.2014","170,69","171,46","171,53","170,69","","-0,44%"
"11.09.2014","171,44","171,44","171,44","171,44","","0,54%"
"10.09.2014","170,52","170,17","170,84","170,17","0,10K","-0,60%"
"09.09.2014","171,55","172,33","172,42","171,24","0,14K","0,03%"
"08.09.2014","171,50","170,34","171,50","170,34","","0,53%"
"05.09.2014","170,59","170,17","170,59","169,93","0,39K","0,35%"
"04.09.2014","170,00","168,02","170,00","168,02","","0,54%"
"03.09.2014","169,08","169,28","169,28","169,08","","0,20%"
"02.09.2014","168,74","168,74","168,74","168,74","","0,23%"
"01.09.2014","168,36","168,33","168,36","168,33","","0,25%"
"29.08.2014","167,94","167,75","167,94","167,44","","0,57%"
"28.08.2014","166,98","166,94","166,98","166,80","","0,45%"
"26.08.2014","166,23","166,23","166,23","166,23","","-0,61%"
"25.08.2014","167,25","167,25","167,25","167,25","","1,20%"
"22.08.2014","165,27","165,27","165,27","165,27","","0,00%"
"21.08.2014","165,27","164,78","165,27","164,78","","0,33%"
"20.08.2014","164,72","164,61","164,72","164,61","","0,92%"
"19.08.2014","163,22","163,34","163,34","163,22","","0,17%"
"18.08.2014","162,94","162,12","162,94","162,05","0,16K","1,08%"
"15.08.2014","161,20","161,08","161,41","161,08","0,02K","0,58%"
"14.08.2014","160,27","160,21","160,27","159,95","","0,68%"
"13.08.2014","159,18","158,97","159,18","158,80","","0,23%"
"12.08.2014","158,81","158,51","158,84","158,51","","0,29%"
"11.08.2014","158,35","157,43","158,35","157,43","","1,25%"
"06.08.2014","156,40","157,19","157,19","156,40","","-0,78%"
"05.08.2014","157,63","157,63","157,63","157,63","","0,52%"
"04.08.2014","156,81","156,73","156,81","156,73","","0,32%"
"01.08.2014","156,31","157,41","157,47","156,31","0,03K","-0,94%"
"31.07.2014","157,79","160,47","160,47","157,79","","-1,65%"
"30.07.2014","160,43","160,35","160,67","160,35","0,31K","0,12%"
"29.07.2014","160,23","159,29","160,23","159,29","","0,85%"
"28.07.2014","158,88","159,60","159,89","158,72","","-0,33%"
"25.07.2014","159,41","159,54","159,56","159,41","","-0,50%"
"24.07.2014","160,21","160,05","160,47","160,05","0,02K","0,15%"
"23.07.2014","159,97","159,23","159,97","159,23","","0,58%"
"22.07.2014","159,05","158,29","159,09","158,26","","1,23%"
"21.07.2014","157,11","156,76","157,46","156,76","","0,20%"
"18.07.2014","156,80","155,10","156,81","155,05","","-0,20%"
"17.07.2014","157,12","156,75","157,12","156,15","","-0,14%"
"16.07.2014","157,34","156,66","157,40","156,66","","0,77%"
"15.07.2014","156,13","156,29","156,29","156,09","","0,18%"
"14.07.2014","155,85","155,43","155,85","155,37","","0,58%"
"11.07.2014","154,95","154,47","154,95","154,47","","0,55%"
"10.07.2014","154,10","154,03","154,10","153,34","","-0,03%"
"09.07.2014","154,15","153,92","154,15","153,92","","0,41%"
"08.07.2014","153,52","155,65","155,65","153,52","","-1,56%"
"07.07.2014","155,95","155,91","155,95","155,91","","-0,04%"
"04.07.2014","156,02","155,99","156,11","155,96","","0,36%"
"03.07.2014","155,46","154,47","155,46","154,47","","0,76%"
"02.07.2014","154,28","154,12","154,54","154,12","","0,86%"
"01.07.2014","152,96","152,58","152,96","152,58","","0,42%"
"30.06.2014","152,32","152,33","152,33","152,18","","0,25%"
"27.06.2014","151,94","151,73","151,94","151,73","","0,25%"
"26.06.2014","151,56","151,74","151,92","151,49","0,05K","0,24%"
"25.06.2014","151,20","150,87","151,20","150,87","","-0,86%"
"24.06.2014","152,51","150,70","152,51","150,70","0,07K","0,92%"
"23.06.2014","151,12","151,21","151,21","151,12","","0,30%"
"20.06.2014","150,67","150,67","150,67","150,67","","-0,29%"
"19.06.2014","151,11","151,15","151,16","151,11","","0,03%"
"18.06.2014","151,07","150,94","151,07","150,82","0,02K","0,27%"
"17.06.2014","150,66","151,05","151,05","150,66","","0,31%"
"16.06.2014","150,19","150,03","150,56","150,03","","-0,66%"
"13.06.2014","151,19","150,50","151,19","150,48","","0,10%"
"12.06.2014","151,04","152,02","152,23","151,04","","-0,50%"
"11.06.2014","151,80","151,59","151,80","151,33","0,10K","0,13%"
"10.06.2014","151,60","151,07","151,60","151,07","","0,46%"
"09.06.2014","150,90","150,38","150,90","150,38","","0,32%"
"06.06.2014","150,42","149,79","150,42","149,73","","1,14%"
"05.06.2014","148,73","148,82","148,82","148,66","","0,49%"
"04.06.2014","148,01","148,06","148,06","148,01","","-0,11%"
"03.06.2014","148,18","148,18","148,18","148,18","","0,14%"
"02.06.2014","147,97","148,60","148,60","147,97","0,08K","-0,18%"
"30.05.2014","148,24","148,46","148,46","148,24","","0,28%"
"29.05.2014","147,83","148,04","148,04","147,83","","0,11%"
"28.05.2014","147,67","148,13","148,13","147,67","","0,41%"
"27.05.2014","147,06","146,50","147,06","146,45","","0,57%"
"26.05.2014","146,22","146,41","146,41","146,22","","0,67%"
"23.05.2014","145,24","144,73","145,24","144,73","","0,86%"
"22.05.2014","144,00","144,13","144,13","144,00","","1,07%"
"21.05.2014","142,47","142,47","142,47","142,47","","-0,26%"
"20.05.2014","142,84","142,73","142,84","142,73","","0,73%"
"19.05.2014","141,80","141,08","141,80","140,91","","0,98%"
"16.05.2014","140,42","140,37","140,55","140,37","","0,00%"
"15.05.2014","140,42","142,52","142,52","140,42","","-1,31%"
"14.05.2014","142,28","142,28","142,28","142,28","","-0,34%"
"13.05.2014","142,77","142,77","142,77","142,77","","0,92%"
"12.05.2014","141,47","139,82","141,47","139,82","","2,36%"
"09.05.2014","138,21","138,34","138,34","138,16","","-0,80%"
"08.05.2014","139,33","137,75","139,33","137,50","","2,12%"
"07.05.2014","136,44","137,86","137,86","136,44","","-1,88%"
"06.05.2014","139,06","140,19","140,19","139,06","","-0,50%"
"05.05.2014","139,76","139,70","139,81","139,06","","-0,11%"
"02.05.2014","139,92","140,16","140,16","139,92","","0,59%"
"30.04.2014","139,10","139,10","139,10","139,10","","0,07%"
"29.04.2014","139,00","138,66","139,00","138,57","","0,25%"
"28.04.2014","138,66","137,93","138,66","137,52","","0,57%"
"25.04.2014","137,88","139,97","139,97","137,88","0,03K","-1,73%"
"24.04.2014","140,31","140,87","141,10","140,31","0,09K","0,82%"
"23.04.2014","139,17","139,91","139,91","139,17","","-0,89%"
"22.04.2014","140,42","140,16","140,42","140,16","","1,79%"
"17.04.2014","137,95","136,73","137,95","136,58","","0,83%"
"16.04.2014","136,82","137,33","137,33","136,82","","1,66%"
"15.04.2014","134,58","136,31","136,31","134,58","","-1,31%"
"14.04.2014","136,37","134,48","136,37","134,42","","0,52%"
"11.04.2014","135,66","135,36","135,75","135,22","0,12K","-3,07%"
"10.04.2014","139,95","140,48","140,48","139,95","","1,02%"
"09.04.2014","138,54","138,85","138,85","138,54","","-0,05%"
"08.04.2014","138,61","138,06","138,61","137,53","","0,01%"
"07.04.2014","138,59","139,51","139,51","138,38","0,10K","-2,72%"
"04.04.2014","142,47","143,59","144,14","142,47","","-1,34%"
"03.04.2014","144,41","143,79","144,41","142,51","","0,50%"
"02.04.2014","143,69","143,31","143,74","143,31","0,05K","0,96%"
"01.04.2014","142,33","140,94","142,47","140,70","0,02K","0,99%"
"31.03.2014","140,94","140,74","140,94","140,37","0,04K","0,78%"
"28.03.2014","139,85","140,56","141,27","139,85","","0,16%"
"27.03.2014","139,63","140,70","140,89","139,63","","-1,97%"
"26.03.2014","142,43","141,98","142,92","141,98","0,01K","0,86%"
"25.03.2014","141,21","141,31","143,06","141,21","","0,17%"
"24.03.2014","140,97","143,01","143,49","140,79","","-2,29%"
"21.03.2014","144,27","145,25","145,35","143,87","","-0,25%"
"20.03.2014","144,63","143,60","144,92","143,60","","0,61%"
"19.03.2014","143,76","143,71","143,99","143,71","","0,25%"
"18.03.2014","143,40","141,63","143,53","141,61","","0,74%"
"17.03.2014","142,35","141,81","142,35","141,56","","0,96%"
"14.03.2014","141,00","142,29","142,29","141,00","","-0,62%"
"13.03.2014","141,88","143,66","143,92","141,88","","-1,27%"
"12.03.2014","143,70","143,84","143,84","142,66","","-0,35%"
"11.03.2014","144,20","144,08","144,83","144,08","","0,25%"
"10.03.2014","143,84","143,81","144,19","143,57","","-0,05%"
"07.03.2014","143,91","144,97","144,97","143,91","","-1,77%"
"06.03.2014","146,51","146,49","146,85","146,49","","0,11%"
"05.03.2014","146,35","146,31","146,35","146,31","","0,28%"
"04.03.2014","145,94","145,48","145,94","145,48","","1,67%"
"03.03.2014","143,54","143,35","143,60","143,35","","-1,00%"
"28.02.2014","144,99","145,74","145,74","144,99","","-0,34%"
"27.02.2014","145,49","145,21","145,49","144,91","","-0,44%"
"26.02.2014","146,13","145,18","146,13","145,18","","1,44%"
"25.02.2014","144,05","144,59","144,59","144,05","","-0,79%"
"24.02.2014","145,20","143,88","145,20","143,88","","0,29%"
"21.02.2014","144,78","144,89","144,89","144,38","","0,49%"
"20.02.2014","144,08","143,48","144,10","143,48","","-0,08%"
"19.02.2014","144,20","144,21","144,35","144,19","","-0,17%"
"18.02.2014","144,45","144,25","144,45","143,69","","-0,03%"
"17.02.2014","144,49","144,21","144,68","144,21","","0,26%"
"14.02.2014","144,12","144,19","144,19","144,08","","0,17%"
"13.02.2014","143,88","143,22","143,94","142,30","","-0,04%"
"12.02.2014","143,94","143,00","143,94","143,00","","1,25%"
"11.02.2014","142,16","141,58","142,16","141,58","","1,02%"
"10.02.2014","140,73","140,60","140,88","140,60","","0,89%"
"07.02.2014","139,49","138,98","139,57","138,98","","1,63%"
"06.02.2014","137,25","137,66","138,50","137,25","","0,29%"
"05.02.2014","136,85","137,81","138,01","136,85","","-1,05%"
"04.02.2014","138,30","137,70","138,30","137,31","","-0,26%"
"03.02.2014","138,66","140,34","140,98","138,66","","-1,07%"
"31.01.2014","140,16","139,75","140,24","138,88","","0,34%"
"30.01.2014","139,68","138,07","139,68","138,07","","1,81%"
"29.01.2014","137,19","139,19","139,19","136,94","0,14K","-0,36%"
"28.01.2014","137,69","137,57","138,18","137,57","","-0,64%"
"27.01.2014","138,57","139,46","139,98","137,30","","-1,46%"
"24.01.2014","140,63","142,15","142,15","140,63","","-0,69%"
"23.01.2014","141,60","143,89","143,89","141,60","","-1,63%"
"22.01.2014","143,94","143,72","144,05","143,72","","0,77%"
"21.01.2014","142,84","143,58","143,79","142,84","","0,06%"
"20.01.2014","142,75","142,56","142,89","142,56","","-0,12%"
"17.01.2014","142,92","142,77","143,32","142,77","0,02K","0,15%"
"16.01.2014","142,70","142,75","142,91","142,44","","-0,17%"
"15.01.2014","142,95","141,12","142,95","141,12","","1,98%"
"14.01.2014","140,17","138,42","140,17","138,42","","-0,56%"
"13.01.2014","140,96","139,85","140,96","139,85","","1,13%"
"10.01.2014","139,39","141,23","141,66","139,39","","-1,29%"
"09.01.2014","141,21","141,17","142,10","141,17","","-0,16%"
"08.01.2014","141,43","140,79","141,43","140,79","","0,53%"
"07.01.2014","140,69","139,85","140,81","139,72","","1,37%"
"06.01.2014","138,79","140,32","140,32","138,75","","-1,46%"
"03.01.2014","140,85","140,43","141,38","140,31","","0,00%"
"02.01.2014","140,85","140,94","141,31","140,53","","0,69%"
"30.12.2013","139,89","140,39","140,39","139,89","0,14K","0,24%"
"27.12.2013","139,56","140,08","140,08","139,56","","-0,30%"
"23.12.2013","139,98","140,16","140,29","139,98","","0,97%"
"20.12.2013","138,64","138,61","138,64","138,26","","0,46%"
"19.12.2013","138,01","137,97","138,35","137,88","","1,76%"
"18.12.2013","135,62","135,88","136,14","135,48","","-0,27%"
"17.12.2013","135,99","136,20","136,20","135,79","0,26K","-0,24%"
"16.12.2013","136,32","135,32","136,40","135,32","","0,37%"
"13.12.2013","135,82","135,96","136,48","135,82","","-0,14%"
"12.12.2013","136,01","135,63","136,01","135,59","","-0,74%"
"11.12.2013","137,03","137,61","137,61","137,03","","-0,26%"
"10.12.2013","137,39","138,04","138,10","137,39","","-0,47%"
"09.12.2013","138,04","138,00","138,35","137,81","0,02K","0,24%"
"06.12.2013","137,71","137,54","138,17","137,34","","0,37%"
"05.12.2013","137,20","137,65","138,37","137,20","0,11K","-1,22%"
"04.12.2013","138,89","138,17","138,89","137,53","","0,44%"
"03.12.2013","138,28","138,58","138,58","137,95","","-0,37%"
"02.12.2013","138,79","138,41","138,91","138,40","","0,20%"
"29.11.2013","138,51","138,01","138,51","137,98","","0,38%"
"28.11.2013","137,99","137,70","138,03","137,70","","0,40%"
"27.11.2013","137,44","136,94","137,44","136,76","0,35K","0,29%"
"26.11.2013","137,04","136,41","137,04","136,40","","0,23%"
"25.11.2013","136,73","136,64","136,95","136,64","","0,49%"
"22.11.2013","136,07","136,07","136,15","135,59","","0,11%"
"21.11.2013","135,92","135,17","135,92","135,04","","0,04%"
"20.11.2013","135,86","134,47","135,86","134,47","","0,45%"
"19.11.2013","135,25","134,79","135,25","134,79","","-0,69%"
"18.11.2013","136,19","136,36","136,48","136,02","","-0,21%"
"15.11.2013","136,48","136,89","137,10","136,38","","0,04%"
"14.11.2013","136,43","136,18","136,43","135,95","","1,03%"
"13.11.2013","135,04","134,36","135,37","133,98","","0,18%"
"12.11.2013","134,80","135,05","135,05","134,57","","-0,20%"
"11.11.2013","135,07","135,49","135,49","134,84","","-0,02%"
"08.11.2013","135,10","133,58","135,11","133,58","","0,90%"
"07.11.2013","133,89","134,38","136,50","133,89","","-0,41%"
"06.11.2013","134,44","135,45","135,50","134,44","","-0,44%"
"05.11.2013","135,03","134,70","135,03","134,35","","0,32%"
"04.11.2013","134,60","134,63","135,20","134,48","0,03K","-0,04%"
"01.11.2013","134,66","134,37","134,78","134,37","","0,21%"
"31.10.2013","134,38","132,89","134,38","132,78","","1,41%"
"30.10.2013","132,51","133,06","133,14","132,40","","-0,17%"
"29.10.2013","132,74","132,22","132,74","132,22","","0,70%"
"28.10.2013","131,82","132,14","132,17","131,81","","0,10%"
"25.10.2013","131,69","131,53","132,31","131,48","","0,50%"
"24.10.2013","131,04","130,92","131,07","130,35","0,44K","0,44%"
"23.10.2013","130,46","130,88","130,92","130,14","","-0,60%"
"22.10.2013","131,25","132,26","132,32","131,25","","-0,76%"
"21.10.2013","132,26","131,95","132,26","131,91","","0,84%"
"18.10.2013","131,16","130,88","131,22","130,88","","1,67%"
"17.10.2013","129,00","129,75","129,75","129,00","","-1,41%"
"16.10.2013","130,85","129,40","130,85","129,10","","0,83%"
"15.10.2013","129,77","129,34","130,06","129,22","","0,87%"
"14.10.2013","128,65","127,48","128,65","127,33","","0,12%"
"11.10.2013","128,49","127,27","128,59","127,01","","0,92%"
"10.10.2013","127,32","125,44","127,32","125,44","","2,42%"
"09.10.2013","124,31","125,73","126,23","124,31","0,71K","-1,11%"
"08.10.2013","125,71","127,40","127,58","125,71","0,38K","-1,84%"
"07.10.2013","128,07","127,83","128,07","127,10","","-0,20%"
"04.10.2013","128,33","126,82","128,33","126,82","","0,83%"
"03.10.2013","127,27","128,24","128,35","127,27","","-0,81%"
"02.10.2013","128,31","129,03","129,03","128,13","","-0,56%"
"01.10.2013","129,03","127,96","129,03","127,92","","0,80%"
"30.09.2013","128,00","127,97","128,00","126,91","","-0,08%"
"27.09.2013","128,10","128,88","128,88","127,78","","-0,60%"
"26.09.2013","128,87","128,12","129,13","128,06","","0,46%"
"25.09.2013","128,28","128,31","128,38","128,10","","-0,59%"
"24.09.2013","129,04","128,20","129,04","128,20","","0,92%"
"23.09.2013","127,86","128,28","128,84","127,86","","-0,77%"
"20.09.2013","128,85","128,67","128,85","128,67","","0,24%"
"19.09.2013","128,54","128,56","128,67","128,36","","0,12%"
"18.09.2013","128,38","128,61","128,81","128,33","","-0,09%"
"17.09.2013","128,49","127,50","128,49","127,34","0,63K","0,29%"
"16.09.2013","128,12","129,36","129,36","128,05","0,02K","-0,36%"
"13.09.2013","128,58","128,66","128,84","128,46","0,03K","0,09%"
"12.09.2013","128,46","128,39","128,71","128,39","","0,25%"
"11.09.2013","128,14","128,83","128,83","127,88","","-0,71%"
"10.09.2013","129,06","128,53","129,19","128,53","","0,66%"
"09.09.2013","128,22","128,12","128,22","127,84","","-0,04%"
"06.09.2013","128,27","128,23","128,58","127,38","","0,02%"
"05.09.2013","128,25","127,68","128,25","127,28","","0,94%"
"04.09.2013","127,05","126,46","127,20","125,93","","0,93%"
"03.09.2013","125,88","126,15","127,01","125,88","","-0,66%"
"02.09.2013","126,72","126,06","126,78","126,06","0,02K","1,27%"
"30.08.2013","125,13","125,84","126,07","125,08","","-0,32%"
"29.08.2013","125,53","124,36","125,53","124,36","","0,97%"
"28.08.2013","124,33","123,17","124,33","123,09","","0,83%"
"27.08.2013","123,31","125,16","125,16","123,31","","-2,15%"
"26.08.2013","126,02","125,69","126,07","125,42","","0,77%"
"23.08.2013","125,06","125,05","125,87","124,79","","0,64%"
"22.08.2013","124,27","123,92","124,94","123,92","","0,11%"
"21.08.2013","124,13","123,50","124,13","123,15","","0,27%"
"20.08.2013","123,79","123,55","123,79","123,27","","-0,83%"
"19.08.2013","124,83","124,05","124,83","123,69","","0,57%"
"16.08.2013","124,12","124,16","124,16","124,01","","0,04%"
"15.08.2013","124,07","125,95","125,96","124,07","0,53K","-2,21%"
"14.08.2013","126,88","127,34","127,34","126,84","","0,45%"
"13.08.2013","126,31","126,50","127,01","126,31","","0,13%"
"12.08.2013","126,15","125,37","126,15","125,25","","0,53%"
"09.08.2013","125,49","125,43","125,94","125,43","","0,10%"
"08.08.2013","125,36","125,74","125,96","124,88","","0,24%"
"07.08.2013","125,06","125,78","125,78","124,86","","-0,60%"
"06.08.2013","125,82","127,16","127,16","125,82","","-0,86%"
"05.08.2013","126,91","127,06","127,33","126,89","","0,25%"
"02.08.2013","126,59","126,80","127,24","126,22","","0,22%"
"01.08.2013","126,31","125,72","126,51","125,72","","0,76%"
"31.07.2013","125,36","124,86","125,56","124,86","","0,14%"
"30.07.2013","125,19","124,56","125,19","124,45","","0,88%"
"29.07.2013","124,10","124,33","124,68","123,95","","0,62%"
"26.07.2013","123,33","123,63","123,63","123,17","","-0,38%"
"25.07.2013","123,80","124,03","124,03","123,49","","0,19%"
"24.07.2013","123,56","123,84","124,17","123,28","","0,20%"
"23.07.2013","123,31","124,68","124,71","123,31","","-0,70%"
"22.07.2013","124,18","124,34","124,53","123,77","","0,05%"
"19.07.2013","124,12","124,60","124,86","124,12","","-2,01%"
"18.07.2013","126,66","126,16","126,77","126,10","0,02K","0,09%"
"17.07.2013","126,55","125,81","126,55","125,47","","0,65%"
"16.07.2013","125,73","126,27","126,56","125,73","","-0,47%"
"15.07.2013","126,33","126,51","126,80","126,33","","0,45%"
"12.07.2013","125,77","125,71","126,33","125,71","","0,22%"
"11.07.2013","125,49","124,34","125,49","124,34","","0,45%"
"10.07.2013","124,93","125,21","125,21","124,55","","-0,10%"
"09.07.2013","125,05","124,09","125,05","124,09","","1,26%"
"08.07.2013","123,49","124,42","124,64","123,49","","0,13%"
"05.07.2013","123,33","123,78","123,79","123,00","","-0,11%"
"04.07.2013","123,47","121,99","123,55","121,90","","1,69%"
"03.07.2013","121,42","120,88","121,42","120,42","","0,21%"
"02.07.2013","121,16","120,52","121,18","120,52","","0,39%"
"01.07.2013","120,69","120,77","121,39","120,01","","0,25%"
"28.06.2013","120,39","119,77","120,39","119,28","","0,45%"
"27.06.2013","119,85","119,11","120,27","119,07","0,05K","0,53%"
"26.06.2013","119,22","117,59","119,22","117,53","0,08K","1,29%"
"25.06.2013","117,70","116,65","117,70","116,65","","1,18%"
"24.06.2013","116,33","117,11","117,11","116,32","","-0,85%"
"21.06.2013","117,33","117,48","118,13","117,33","","-1,47%"
"20.06.2013","119,08","119,47","119,50","119,08","","-0,43%"
"19.06.2013","119,60","120,09","120,34","119,60","0,06K","-0,42%"
"18.06.2013","120,10","119,60","120,10","119,26","","-0,07%"
"17.06.2013","120,18","119,34","120,18","119,30","","1,28%"
"14.06.2013","118,66","119,31","119,49","118,66","","0,32%"
"13.06.2013","118,28","116,98","118,43","116,84","","-0,65%"
"12.06.2013","119,05","119,82","120,33","119,05","","-0,86%"
"11.06.2013","120,08","120,58","120,61","119,43","","-1,57%"
"10.06.2013","121,99","121,52","122,05","121,33","","1,55%"
"07.06.2013","120,13","119,26","120,21","119,26","","1,40%"
"06.06.2013","118,47","120,38","120,58","117,99","","-1,86%"
"05.06.2013","120,71","122,03","122,03","120,71","0,20K","-1,74%"
"04.06.2013","122,85","122,64","123,10","122,38","","1,30%"
"03.06.2013","121,27","122,91","123,31","121,27","","-1,82%"
"31.05.2013","123,52","123,52","123,52","123,52","","-0,09%"
"30.05.2013","123,63","123,65","123,65","123,63","","0,15%"
"29.05.2013","123,45","125,15","125,15","123,44","","-2,21%"
"28.05.2013","126,24","125,49","126,48","125,19","","1,53%"
"27.05.2013","124,34","124,12","124,34","123,79","","0,65%"
"24.05.2013","123,54","124,01","124,01","123,11","","-0,56%"
"23.05.2013","124,24","123,63","124,24","123,43","","-1,78%"
"22.05.2013","126,49","125,47","126,49","125,41","","0,49%"
"21.05.2013","125,87","125,62","126,08","125,49","","-0,24%"
"20.05.2013","126,17","125,92","126,21","125,80","","0,21%"
"17.05.2013","125,90","125,15","125,90","125,10","","0,54%"
"16.05.2013","125,23","125,15","125,23","124,93","","0,01%"
"15.05.2013","125,22","124,29","125,22","124,29","","0,74%"
"14.05.2013","124,30","123,05","124,30","122,67","","1,18%"
"13.05.2013","122,85","122,71","123,02","122,42","","-0,01%"
"10.05.2013","122,86","122,41","122,89","122,11","","0,80%"
"09.05.2013","121,88","120,81","121,88","120,55","","1,02%"
"08.05.2013","120,65","120,69","120,69","120,04","","-0,19%"
"07.05.2013","120,88","120,97","120,99","120,79","","-0,17%"
"06.05.2013","121,09","120,41","121,09","120,23","","0,56%"
"03.05.2013","120,41","118,97","120,53","118,62","","0,82%"
"02.05.2013","119,43","116,86","119,43","116,86","","2,48%"
"30.04.2013","116,54","117,37","117,39","116,54","","-0,57%"
"29.04.2013","117,21","116,52","117,21","116,44","","0,58%"
"26.04.2013","116,53","116,98","116,98","116,45","","-0,82%"
"25.04.2013","117,49","116,42","117,55","116,19","","0,74%"
"24.04.2013","116,63","116,71","116,99","116,39","","0,26%"
"23.04.2013","116,33","114,84","116,33","114,73","","1,47%"
"22.04.2013","114,64","114,20","114,71","114,20","","0,93%"
"19.04.2013","113,58","113,10","113,85","112,77","","0,79%"
"18.04.2013","112,69","114,39","114,52","112,69","","-1,13%"
"17.04.2013","113,98","114,84","115,03","113,98","","-0,82%"
"16.04.2013","114,92","114,86","115,14","114,60","","-0,33%"
"15.04.2013","115,30","116,31","116,61","115,28","","-0,70%"
"12.04.2013","116,11","116,51","117,03","116,11","","-0,26%"
"11.04.2013","116,41","116,94","116,94","116,34","","-0,04%"
"10.04.2013","116,46","114,70","116,46","114,70","","1,55%"
"09.04.2013","114,68","114,76","114,87","114,34","0,01K","0,62%"
"08.04.2013","113,97","114,14","114,26","113,75","","0,57%"
"05.04.2013","113,32","115,56","115,56","113,20","","-2,36%"
"04.04.2013","116,06","116,75","117,32","116,06","","-0,54%"
"03.04.2013","116,69","117,85","117,85","116,69","","-0,98%"
"02.04.2013","117,85","116,11","117,85","116,11","","0,50%"
"28.03.2013","117,26","117,42","117,59","117,18","","-0,30%"
"27.03.2013","117,61","117,06","117,61","116,93","","0,85%"
"26.03.2013","116,62","116,53","116,62","116,41","","0,44%"
"25.03.2013","116,11","115,89","116,44","115,78","","0,72%"
"22.03.2013","115,28","115,03","115,42","114,96","","-0,06%"
"21.03.2013","115,35","115,72","115,75","115,29","","-0,52%"
"20.03.2013","115,95","116,14","116,35","115,89","","0,57%"
"19.03.2013","115,29","115,51","115,82","115,29","","0,03%"
"18.03.2013","115,26","114,38","115,26","114,34","","0,44%"
"15.03.2013","114,76","115,35","115,35","114,76","0,02K","-0,50%"
"14.03.2013","115,34","115,87","115,95","115,16","","0,17%"
"13.03.2013","115,14","115,06","115,14","115,06","","0,45%"
"12.03.2013","114,62","115,24","115,46","114,62","","-0,36%"
"11.03.2013","115,03","115,00","115,11","115,00","","-0,23%"
"08.03.2013","115,30","114,44","115,64","114,44","","1,16%"
"07.03.2013","113,98","114,81","114,93","113,98","0,27K","-0,73%"
"06.03.2013","114,82","114,93","115,26","114,82","","0,17%"
"05.03.2013","114,62","113,34","115,06","113,34","","1,66%"
"04.03.2013","112,75","112,47","112,82","112,47","","-0,29%"
"01.03.2013","113,08","112,02","113,08","112,02","","0,58%"
"28.02.2013","112,43","111,81","112,59","111,81","","0,39%"
"27.02.2013","111,99","110,82","111,99","110,69","","0,70%"
"26.02.2013","111,21","110,86","111,21","110,46","","-0,25%"
"25.02.2013","111,49","110,79","111,49","110,78","","0,63%"
"22.02.2013","110,79","110,27","110,80","110,27","","0,93%"
"21.02.2013","109,77","110,33","110,66","109,77","","-0,90%"
"20.02.2013","110,77","111,08","111,36","110,77","","-0,15%"
"19.02.2013","110,94","110,83","111,06","110,79","","0,11%"
"18.02.2013","110,82","110,80","110,85","110,65","0,24K","-0,03%"
"15.02.2013","110,85","110,52","111,30","110,52","","-0,23%"
"14.02.2013","111,11","110,43","111,11","110,41","","0,98%"
"13.02.2013","110,03","109,94","110,58","109,73","","-0,30%"
"12.02.2013","110,36","110,51","110,71","110,24","","0,06%"
"11.02.2013","110,29","110,82","111,05","110,29","","-0,76%"
"08.02.2013","111,14","109,66","111,14","109,44","","2,24%"
"07.02.2013","108,70","108,12","109,20","107,97","","0,47%"
"06.02.2013","108,19","108,98","108,99","108,19","","0,09%"
"05.02.2013","108,09","107,80","108,09","107,52","","0,62%"
"04.02.2013","107,42","107,99","108,70","107,42","","0,08%"
"01.02.2013","107,33","107,36","107,36","107,13","","-0,22%"
"31.01.2013","107,57","107,83","107,83","107,57","","-0,46%"
"30.01.2013","108,07","108,58","108,74","107,98","","-0,55%"
"29.01.2013","108,67","108,88","108,88","108,37","","-0,23%"
"28.01.2013","108,92","108,71","108,93","108,57","0,10K","0,69%"
"25.01.2013","108,17","108,63","108,86","108,17","","-1,41%"
"24.01.2013","109,72","109,47","109,72","109,12","0,29K","-0,86%"
"23.01.2013","110,67","110,79","110,79","110,49","","0,89%"
"22.01.2013","109,69","109,77","109,91","109,69","","-0,48%"
"21.01.2013","110,22","110,01","110,22","109,99","","0,31%"
"18.01.2013","109,88","109,60","109,96","109,60","","-0,02%"
"17.01.2013","109,90","109,65","109,90","109,44","","0,17%"
"16.01.2013","109,71","109,33","109,72","109,20","","0,94%"
"15.01.2013","108,69","109,18","109,32","108,69","","-0,43%"
"14.01.2013","109,16","109,96","109,96","109,16","","-0,50%"
"11.01.2013","109,71","110,39","110,47","109,71","","-0,28%"
"10.01.2013","110,02","111,67","111,67","109,95","","-1,44%"
"09.01.2013","111,63","111,08","111,85","111,05","","0,96%"
"08.01.2013","110,57","110,50","111,34","110,50","","-0,83%"
"07.01.2013","111,49","111,51","111,51","111,49","","-0,15%"
"04.01.2013","111,66","111,93","112,28","111,60","","-0,33%"
"03.01.2013","112,03","111,34","112,13","111,34","","4,55%"
"02.01.2013","107,15","107,15","107,15","107,15","","1,02%"
"28.12.2012","106,07","105,73","106,07","105,73","","0,55%"
"27.12.2012","105,49","106,34","106,34","105,49","","-1,78%"
"21.12.2012","107,40","107,28","107,40","107,26","","-1,04%"
"20.12.2012","108,53","108,83","108,83","108,53","","-0,50%"
"19.12.2012","109,07","109,27","109,33","108,99","","0,22%"
"18.12.2012","108,83","108,66","108,83","108,41","","1,45%"
"17.12.2012","107,27","106,95","107,43","106,52","","0,15%"
"14.12.2012","107,11","108,27","108,47","107,11","","-1,99%"
"13.12.2012","109,28","109,37","109,37","109,21","","-0,58%"
"12.12.2012","109,92","110,33","110,46","109,80","","-0,58%"
"11.12.2012","110,56","109,26","110,56","109,26","","1,08%"
"10.12.2012","109,38","109,12","109,95","108,78","","0,36%"
"07.12.2012","108,99","109,41","110,67","108,99","","-0,39%"
"06.12.2012","109,42","107,75","109,62","107,70","","1,04%"
"05.12.2012","108,29","109,09","109,11","107,78","","-0,24%"
"04.12.2012","108,55","109,12","109,31","108,55","","-1,06%"
"03.12.2012","109,71","109,93","110,30","109,71","","-0,28%"
"30.11.2012","110,02","110,13","110,41","109,90","","-0,30%"
"29.11.2012","110,35","110,24","110,36","110,21","","0,49%"
"28.11.2012","109,81","109,20","109,81","108,95","","0,19%"
"27.11.2012","109,60","109,04","109,69","109,04","","0,62%"
"26.11.2012","108,93","108,25","108,93","108,20","0,15K","0,40%"
"23.11.2012","108,50","107,90","108,51","107,90","","0,42%"
"22.11.2012","108,05","108,32","108,42","107,86","","-0,13%"
"21.11.2012","108,19","108,24","108,38","108,19","","0,64%"
"20.11.2012","107,50","107,97","108,37","107,49","","-0,09%"
"19.11.2012","107,60","106,28","107,87","106,28","","1,25%"
"16.11.2012","106,27","105,66","106,30","105,28","","0,42%"
"15.11.2012","105,83","106,24","106,30","105,38","","-1,20%"
"14.11.2012","107,11","108,28","108,35","106,99","","-0,80%"
"13.11.2012","107,97","107,98","107,98","107,86","","-0,27%"
"12.11.2012","108,26","108,64","108,96","108,26","","-0,44%"
"09.11.2012","108,74","108,13","108,98","108,02","","0,17%"
"08.11.2012","108,56","109,47","109,72","108,56","","-1,99%"
"07.11.2012","110,76","111,18","111,49","110,76","","-0,61%"
"06.11.2012","111,44","111,06","111,48","111,06","","0,40%"
"05.11.2012","111,00","110,36","111,36","110,36","","0,16%"
"02.11.2012","110,82","111,17","111,45","110,82","0,08K","0,14%"
"01.11.2012","110,67","108,94","110,67","108,91","","1,83%"
"31.10.2012","108,68","110,04","110,04","108,63","","-0,73%"
"29.10.2012","109,48","109,38","109,48","109,23","","0,43%"
"26.10.2012","109,01","108,85","110,05","108,54","","-0,62%"
"25.10.2012","109,69","109,50","109,69","109,50","","0,15%"
"24.10.2012","109,53","110,12","110,18","109,53","","-0,53%"
"23.10.2012","110,11","109,84","110,17","109,39","","0,86%"
"22.10.2012","109,17","109,56","109,77","109,16","","-1,94%"
"19.10.2012","111,33","111,76","111,81","111,33","0,10K","-1,04%"
"18.10.2012","112,50","112,77","112,88","112,50","","-0,27%"
"17.10.2012","112,81","112,63","112,81","112,63","","-0,52%"
"16.10.2012","113,40","112,55","113,40","112,26","","0,92%"
"15.10.2012","112,37","112,42","112,60","112,31","","0,15%"
"12.10.2012","112,20","111,82","112,20","111,80","","-0,13%"
"11.10.2012","112,35","113,20","113,37","112,34","","-0,38%"
"10.10.2012","112,78","113,55","113,60","112,75","","-1,47%"
"09.10.2012","114,46","114,37","114,57","114,37","","-0,50%"
"08.10.2012","115,03","115,15","115,16","114,95","","-0,42%"
"05.10.2012","115,51","116,00","116,00","115,50","","-0,10%"
"04.10.2012","115,62","116,22","116,38","115,62","","-0,39%"
"03.10.2012","116,07","115,59","116,07","115,59","","1,02%"
"02.10.2012","114,90","115,61","115,62","114,90","","-1,21%"
"01.10.2012","116,31","115,76","116,31","115,76","","0,22%"
"28.09.2012","116,06","116,22","116,22","116,06","","0,12%"
"27.09.2012","115,92","115,26","115,92","115,26","","0,49%"
"26.09.2012","115,35","116,13","116,13","115,02","","-1,49%"
"25.09.2012","117,09","117,50","117,50","117,09","","-0,09%"
"24.09.2012","117,19","117,19","117,19","117,19","","-0,50%"
"21.09.2012","117,78","117,50","117,84","117,13","0,14K","0,75%"
"20.09.2012","116,90","116,90","116,90","116,90","","0,03%"
"19.09.2012","116,86","116,85","117,20","116,85","","0,34%"
"18.09.2012","116,46","116,01","116,48","115,95","","0,66%"
"17.09.2012","115,70","115,54","116,00","115,54","","0,08%"
"14.09.2012","115,61","115,79","115,79","115,61","","-0,56%"
"13.09.2012","116,26","114,84","116,26","114,84","","0,70%"
"12.09.2012","115,45","115,29","115,61","114,98","","-0,20%"
"11.09.2012","115,68","116,14","116,16","115,68","","-1,04%"
"10.09.2012","116,90","117,34","117,34","116,90","","-0,49%"
"07.09.2012","117,48","119,02","119,02","117,48","","-1,16%"
"06.09.2012","118,86","117,45","118,86","117,45","","1,53%"
"05.09.2012","117,07","117,52","117,52","117,07","","0,57%"
"04.09.2012","116,41","117,46","117,46","116,41","","-1,04%"
"03.09.2012","117,63","117,21","117,63","117,21","","0,34%"
"31.08.2012","117,23","117,35","117,38","117,23","","-0,26%"
"30.08.2012","117,53","117,80","117,86","117,53","","-0,30%"
"29.08.2012","117,88","118,12","118,12","117,88","0,09K","-0,12%"
"28.08.2012","118,02","118,60","118,61","117,96","0,10K","-0,51%"
"27.08.2012","118,62","118,44","118,62","118,44","","0,62%"
"24.08.2012","117,89","117,43","117,89","117,25","","-0,25%"
"23.08.2012","118,19","118,19","118,24","118,19","","-0,27%"
"22.08.2012","118,51","118,35","118,51","118,25","","0,28%"
"21.08.2012","118,18","119,82","119,82","118,18","","-1,66%"
"20.08.2012","120,18","119,71","120,19","119,67","","0,21%"
"17.08.2012","119,93","119,09","119,99","119,05","","1,31%"
"16.08.2012","118,38","119,05","119,05","118,38","","0,03%"
"15.08.2012","118,34","117,59","118,62","117,53","","0,15%"
"14.08.2012","118,16","117,82","118,42","117,72","","0,83%"
"13.08.2012","117,19","117,67","117,73","117,19","","-0,20%"
"10.08.2012","117,43","117,53","117,55","117,43","","-0,28%"
"09.08.2012","117,76","116,93","117,80","116,93","","0,87%"
"08.08.2012","116,75","116,63","116,78","116,63","","0,10%"
"07.08.2012","116,63","115,87","116,65","115,80","","0,96%"
"06.08.2012","115,52","115,20","115,53","115,20","","0,26%"
"03.08.2012","115,22","114,77","115,23","114,77","","0,55%"
"02.08.2012","114,59","114,38","114,63","114,20","","0,11%"
"01.08.2012","114,46","114,46","114,46","114,46","","0,16%"
"31.07.2012","114,28","114,74","114,99","114,21","0,56K","-0,12%"
"30.07.2012","114,42","114,42","114,42","114,42","","2,17%"
"27.07.2012","111,99","112,12","112,12","111,99","","0,34%"
"26.07.2012","111,61","111,55","112,07","111,47","","0,21%"
"25.07.2012","111,38","111,59","111,59","111,38","","-1,51%"
"24.07.2012","113,09","113,32","113,89","113,09","","-0,29%"
"23.07.2012","113,42","114,13","114,20","113,37","","-1,69%"
"20.07.2012","115,37","115,37","115,37","115,37","","0,61%"
"19.07.2012","114,67","114,13","114,67","114,09","","0,85%"
"18.07.2012","113,70","111,98","113,70","111,98","","1,12%"
"17.07.2012","112,44","112,21","112,48","111,59","","0,39%"
"16.07.2012","112,00","111,93","112,00","111,73","","-0,16%"
"13.07.2012","112,18","111,20","112,18","111,03","","1,00%"
"12.07.2012","111,07","111,18","111,46","110,57","0,05K","-0,31%"
"11.07.2012","111,41","112,02","112,02","111,23","","-1,60%"
"10.07.2012","113,22","112,51","113,22","112,51","","0,54%"
"09.07.2012","112,61","112,71","112,79","112,61","","-0,02%"
"06.07.2012","112,63","113,46","113,54","112,63","","-1,31%"
"05.07.2012","114,12","112,29","114,12","112,29","","2,09%"
"04.07.2012","111,78","111,78","111,78","111,78","","0,78%"
"03.07.2012","110,91","110,59","110,91","110,58","","0,51%"
"02.07.2012","110,35","109,89","110,35","109,89","","1,81%"
"29.06.2012","108,39","108,45","108,45","108,39","","0,68%"
"28.06.2012","107,66","109,11","109,11","107,66","","-1,36%"
"27.06.2012","109,14","108,71","109,75","108,67","","0,82%"
"26.06.2012","108,25","107,82","108,32","107,77","","0,68%"
"25.06.2012","107,52","109,10","109,13","107,52","","-1,08%"
"22.06.2012","108,69","108,55","108,69","108,55","","-0,94%"
"21.06.2012","109,72","109,43","109,72","109,42","","-0,03%"
"20.06.2012","109,75","109,80","109,93","109,59","","-0,08%"
"19.06.2012","109,84","109,53","109,84","109,53","","0,31%"
"18.06.2012","109,50","107,98","109,50","107,98","","1,65%"
"15.06.2012","107,72","107,11","107,72","107,11","","0,63%"
"14.06.2012","107,05","107,37","107,37","107,05","","-0,55%"
"13.06.2012","107,64","108,28","108,28","107,64","","0,00%"
"12.06.2012","107,64","107,44","107,64","107,19","","-1,18%"
"11.06.2012","108,92","109,07","109,07","108,92","","0,88%"
"08.06.2012","107,97","107,52","107,97","107,52","","-0,04%"
"07.06.2012","108,01","108,08","108,08","108,01","","1,04%"
"06.06.2012","106,90","106,28","106,90","106,28","","0,90%"
"05.06.2012","105,95","105,34","105,95","105,34","","1,54%"
"04.06.2012","104,34","104,51","104,51","104,22","","-1,12%"
"01.06.2012","105,52","108,12","108,12","105,52","","-2,50%"
"31.05.2012","108,23","108,65","108,79","108,19","","-0,18%"
"30.05.2012","108,42","108,41","108,42","108,41","","0,52%"
"29.05.2012","107,86","107,86","107,86","107,86","","0,47%"
"28.05.2012","107,36","107,36","107,41","107,36","","-0,01%"
"25.05.2012","107,37","107,37","107,37","107,37","","-0,32%"
"24.05.2012","107,72","107,36","107,81","107,36","","1,85%"
"23.05.2012","105,76","106,17","106,21","105,66","","-0,56%"
"22.05.2012","106,36","105,75","106,36","105,75","0,14K","1,09%"
"21.05.2012","105,21","103,41","105,26","103,39","","0,64%"
"18.05.2012","104,54","104,98","105,36","104,54","","-2,23%"
"17.05.2012","106,92","107,01","107,12","106,78","","-0,12%"
"16.05.2012","107,05","107,71","107,96","106,93","","-1,23%"
"15.05.2012","108,38","107,61","108,77","107,61","","1,11%"
"14.05.2012","107,19","107,18","107,19","107,18","","-0,81%"
"11.05.2012","108,06","107,35","108,15","107,27","","1,07%"
"10.05.2012","106,92","107,63","108,00","106,92","","0,18%"
"09.05.2012","106,73","106,98","106,98","106,67","","-0,21%"
"08.05.2012","106,95","107,09","107,10","106,95","","-0,57%"
"07.05.2012","107,56","106,47","107,56","106,44","","-1,50%"
"04.05.2012","109,20","108,91","109,20","108,91","","-0,17%"
"03.05.2012","109,39","110,26","110,37","109,39","","-0,57%"
"02.05.2012","110,02","109,61","110,06","109,48","","0,50%"
"30.04.2012","109,47","109,93","109,93","109,33","","0,23%"
"27.04.2012","109,22","109,47","109,47","109,22","","0,60%"
"26.04.2012","108,57","108,90","108,90","108,57","0,05K","-0,13%"
"25.04.2012","108,71","107,41","108,73","107,40","","1,98%"
"24.04.2012","106,60","107,31","107,61","106,44","","-0,42%"
"23.04.2012","107,05","107,48","107,48","106,57","","-1,45%"
"20.04.2012","108,62","108,66","108,68","108,48","0,00K","-1,42%"
"19.04.2012","110,19","109,79","110,43","109,53","","0,48%"
"18.04.2012","109,66","110,10","110,27","109,64","","0,39%"
"17.04.2012","109,23","107,74","109,23","107,73","","1,16%"
"16.04.2012","107,98","109,67","110,31","107,98","","-1,64%"
"13.04.2012","109,78","110,14","110,43","109,78","","0,00%"
"12.04.2012","109,78","109,99","109,99","109,78","","-0,06%"
"11.04.2012","109,85","109,68","109,87","109,63","","-0,93%"
"10.04.2012","110,88","110,91","110,91","110,88","","-0,11%"
"05.04.2012","111,00","110,84","111,00","110,84","","-0,37%"
"04.04.2012","111,41","111,51","111,51","111,41","","0,24%"
"03.04.2012","111,14","110,04","111,14","110,04","","0,32%"
"02.04.2012","110,78","109,79","110,79","109,33","","0,86%"
"30.03.2012","109,83","110,14","110,40","109,83","","-0,26%"
"29.03.2012","110,12","110,42","110,57","110,12","","-0,68%"
"28.03.2012","110,87","110,58","110,87","110,58","0,23K","-0,02%"
"27.03.2012","110,89","109,39","110,89","109,39","","1,17%"
"26.03.2012","109,61","109,78","110,04","109,61","","0,45%"
"23.03.2012","109,12","109,52","110,08","109,12","","-0,64%"
"22.03.2012","109,82","109,84","109,92","109,77","1,15K","-0,33%"
"21.03.2012","110,18","109,73","110,18","109,73","","0,61%"
"20.03.2012","109,51","109,33","109,58","109,08","","0,10%"
"19.03.2012","109,40","109,21","109,40","109,20","","-0,03%"
"16.03.2012","109,43","110,26","110,31","109,20","","-0,74%"
"15.03.2012","110,25","110,29","110,32","110,01","","0,56%"
"14.03.2012","109,64","109,56","109,64","109,56","","1,35%"
"13.03.2012","108,18","107,46","108,18","107,46","","1,33%"
"12.03.2012","106,76","106,90","107,01","106,72","","-0,36%"
"09.03.2012","107,15","105,77","107,15","105,75","","2,03%"
"08.03.2012","105,02","105,30","105,30","105,02","","-0,12%"
"07.03.2012","105,15","104,91","105,20","104,90","","0,69%"
"06.03.2012","104,43","104,62","104,62","104,43","","-1,06%"
"05.03.2012","105,55","105,88","105,92","105,55","","-0,47%"
"02.03.2012","106,05","105,62","106,05","105,62","","1,33%"
"01.03.2012","104,66","104,68","104,68","104,66","","0,02%"
"29.02.2012","104,64","103,86","104,64","103,86","","0,90%"
"28.02.2012","103,71","103,25","103,90","103,25","","0,99%"
"27.02.2012","102,69","102,37","102,69","102,37","","0,06%"
"24.02.2012","102,63","103,31","103,32","102,44","","-0,79%"
"23.02.2012","103,45","103,23","103,45","102,95","","0,64%"
"22.02.2012","102,79","104,10","104,10","102,79","","-0,74%"
"21.02.2012","103,56","103,57","103,57","103,56","","-0,35%"
"20.02.2012","103,92","104,14","104,15","103,92","","-0,38%"
"16.02.2012","104,32","104,00","104,35","103,92","","-0,88%"
"15.02.2012","105,25","104,24","105,25","104,23","","1,57%"
"14.02.2012","103,62","103,23","103,62","103,23","","0,61%"
"13.02.2012","102,99","102,51","102,99","102,51","","0,43%"
"10.02.2012","102,55","102,02","102,55","102,02","","0,35%"
"09.02.2012","102,19","101,55","102,23","101,41","","0,93%"
"08.02.2012","101,25","101,45","101,45","101,25","","-0,69%"
"07.02.2012","101,95","99,52","102,00","99,52","","-0,34%"
"06.02.2012","102,30","102,09","102,30","102,09","","0,29%"
"03.02.2012","102,00","100,65","102,16","100,65","","1,21%"
"02.02.2012","100,78","100,60","100,78","100,50","","0,48%"
"01.02.2012","100,30","99,90","100,35","99,71","","0,59%"
"31.01.2012","99,71","99,61","99,95","99,49","","0,48%"
"30.01.2012","99,23","98,51","99,26","98,51","","0,59%"
"27.01.2012","98,65","99,48","99,48","98,65","","-0,90%"
"26.01.2012","99,55","99,32","99,57","99,32","","-0,43%"
"25.01.2012","99,98","100,10","100,50","99,98","","0,71%"
"24.01.2012","99,28","98,94","99,28","98,94","","0,15%"
"23.01.2012","99,13","99,63","99,66","98,90","","-0,64%"
"20.01.2012","99,77","99,64","99,82","99,64","","-0,22%"
"19.01.2012","99,99","99,69","100,30","99,69","","0,12%"
"18.01.2012","99,87","99,41","99,87","99,22","","-0,07%"
"17.01.2012","99,94","99,78","99,94","99,42","","0,02%"
"16.01.2012","99,92","99,39","99,92","99,32","","0,88%"
"13.01.2012","99,05","98,54","99,05","98,54","","0,95%"
"12.01.2012","98,12","98,86","99,09","97,89","","-0,85%"
"11.01.2012","98,96","98,23","99,10","98,15","","0,85%"
"10.01.2012","98,13","98,35","98,67","98,13","","0,22%"
"09.01.2012","97,91","98,09","98,35","97,64","","-0,11%"
"06.01.2012","98,02","97,19","98,04","97,19","","1,75%"
"05.01.2012","96,33","95,53","96,39","95,47","","1,12%"
"04.01.2012","95,26","92,32","95,26","92,32","","3,18%"
"03.01.2012","92,32","94,64","94,65","92,32","","-2,95%"
"02.01.2012","95,13","94,46","95,36","94,46","","1,60%"
"30.12.2011","93,63","93,50","93,68","93,42","","0,32%"
"29.12.2011","93,33","93,17","93,44","93,04","","0,24%"
"28.12.2011","93,11","92,90","93,11","92,90","","0,33%"
"27.12.2011","92,80","93,00","93,00","92,80","","0,59%"
"23.12.2011","92,26","92,17","92,26","92,11","","0,48%"
"22.12.2011","91,82","91,16","91,94","91,10","","1,53%"
"21.12.2011","90,44","92,27","92,27","90,44","","-1,14%"
"20.12.2011","91,48","90,79","91,48","90,63","","0,64%"
"19.12.2011","90,90","91,32","91,79","90,85","","-0,44%"
"16.12.2011","91,30","91,32","92,22","91,10","","0,20%"
"15.12.2011","91,12","91,06","91,73","90,90","","-0,23%"
"14.12.2011","91,33","92,35","92,52","91,22","","-1,73%"
"13.12.2011","92,94","92,44","93,07","92,38","","1,07%"
"12.12.2011","91,96","92,32","92,32","91,57","","0,55%"
"09.12.2011","91,46","90,81","91,46","90,81","","-0,25%"
"08.12.2011","91,69","91,96","92,30","91,69","","-0,07%"
"07.12.2011","91,75","92,41","92,41","91,17","","0,01%"
"06.12.2011","91,74","92,44","92,50","91,74","","-0,50%"
"05.12.2011","92,20","91,54","92,21","91,54","","0,53%"
"02.12.2011","91,71","91,82","91,85","91,62","","1,58%"
"01.12.2011","90,28","90,16","90,28","90,16","","0,13%"
"30.11.2011","90,16","88,11","90,17","87,99","","4,28%"
"29.11.2011","86,46","88,70","88,70","86,46","","-1,76%"
"28.11.2011","88,01","84,86","88,01","84,86","","1,21%"
"25.11.2011","86,96","85,80","87,05","85,78","","1,40%"
"24.11.2011","85,76","86,46","86,46","85,76","","-0,98%"
"23.11.2011","86,61","86,42","87,27","86,42","","0,27%"
"22.11.2011","86,38","86,64","86,70","86,38","","-0,25%"
"21.11.2011","86,60","87,89","87,89","86,58","","-2,33%"
"18.11.2011","88,67","88,10","89,14","88,10","","-1,53%"
"17.11.2011","90,05","91,46","91,46","90,05","0,05K","-2,70%"
"16.11.2011","92,55","92,53","92,55","92,20","","0,00%"
"15.11.2011","92,55","91,23","92,55","90,77","","1,28%"
"14.11.2011","91,38","90,90","91,38","90,75","","0,69%"
"11.11.2011","90,75","90,08","90,75","90,01","","1,37%"
"10.11.2011","89,52","90,77","90,77","89,52","","-1,60%"
"09.11.2011","90,98","91,18","91,23","90,98","","-0,35%"
"08.11.2011","91,30","91,04","91,73","91,04","","1,65%"
"07.11.2011","89,82","89,93","89,96","89,82","","-0,31%"
"04.11.2011","90,10","90,61","90,61","90,10","","-0,01%"
"03.11.2011","90,11","89,01","90,27","89,01","","1,29%"
"02.11.2011","88,96","89,47","89,49","88,67","","-0,35%"
"01.11.2011","89,27","89,69","89,69","89,27","","-1,07%"
"31.10.2011","90,24","89,91","90,24","89,54","","0,80%"
"28.10.2011","89,52","89,20","89,52","89,19","","1,07%"
"27.10.2011","88,57","89,35","89,68","88,57","","0,27%"
"26.10.2011","88,33","88,87","88,90","88,13","","-1,57%"
"25.10.2011","89,74","90,42","90,68","89,74","","0,12%"
"24.10.2011","89,63","89,36","89,63","89,36","","0,56%"
"21.10.2011","89,13","88,98","89,13","88,90","","0,09%"
"20.10.2011","89,05","89,48","89,60","88,75","","-1,43%"
"19.10.2011","90,34","90,06","90,34","89,91","","0,34%"
"18.10.2011","90,03","89,59","90,29","89,59","","-0,37%"
"17.10.2011","90,36","91,11","91,12","90,36","","0,55%"
"14.10.2011","89,87","89,72","90,10","89,69","","0,55%"
"13.10.2011","89,38","88,35","89,38","88,35","","0,38%"
"12.10.2011","89,04","88,80","89,22","88,80","","0,23%"
"11.10.2011","88,84","88,63","88,84","88,63","","0,87%"
"10.10.2011","88,07","87,14","88,09","87,14","","1,33%"
"07.10.2011","86,91","87,26","87,26","86,82","","-0,34%"
"06.10.2011","87,21","86,63","87,21","86,59","","1,49%"
"05.10.2011","85,93","84,26","85,93","84,24","","3,83%"
"04.10.2011","82,76","83,03","83,04","82,50","","-1,91%"
"03.10.2011","84,37","84,44","84,44","84,37","","-1,07%"
"30.09.2011","85,28","85,90","85,90","85,17","","-0,65%"
"29.09.2011","85,84","87,33","87,84","85,80","","-2,31%"
"28.09.2011","87,87","87,72","87,87","87,72","","-0,48%"
"27.09.2011","88,29","87,71","88,29","87,71","","3,12%"
"26.09.2011","85,62","87,01","87,27","85,62","","-0,70%"
"23.09.2011","86,22","85,59","86,22","84,65","","-0,06%"
"22.09.2011","86,27","87,15","87,15","86,22","","-3,23%"
"21.09.2011","89,15","89,25","89,25","89,15","","-0,45%"
"20.09.2011","89,55","89,55","89,55","89,55","","0,84%"
"19.09.2011","88,80","88,81","88,81","88,80","","1,42%"
"16.09.2011","87,56","87,64","87,64","87,56","","1,00%"
"15.09.2011","86,69","86,94","86,96","86,69","","0,97%"
"14.09.2011","85,86","85,86","85,86","85,86","","0,56%"
"13.09.2011","85,38","84,86","85,38","84,86","","3,29%"
"12.09.2011","82,66","83,18","83,21","82,64","","-2,42%"
"09.09.2011","84,71","84,73","84,73","84,71","","5,90%"
"06.09.2011","79,99","80,08","80,08","79,99","","0,35%"
"05.09.2011","79,71","80,37","80,38","79,71","","-1,98%"
"02.09.2011","81,32","82,02","82,02","81,13","","-1,85%"
"01.09.2011","82,85","83,05","83,06","82,85","","-0,23%"
"31.08.2011","83,04","82,39","83,04","82,39","","2,59%"
"30.08.2011","80,94","80,93","80,94","80,93","","1,53%"
"29.08.2011","79,72","79,74","79,74","79,70","","1,21%"
"26.08.2011","78,77","77,86","78,81","77,14","","0,45%"
"25.08.2011","78,42","77,85","78,83","77,85","","0,63%"
"24.08.2011","77,93","77,41","77,93","77,25","","1,14%"
"23.08.2011","77,05","76,22","77,05","75,80","","1,64%"
"22.08.2011","75,81","75,70","76,35","75,70","","-0,04%"
"19.08.2011","75,84","76,14","76,47","75,84","","-3,23%"
"18.08.2011","78,37","79,24","79,24","78,37","","-2,77%"
"17.08.2011","80,60","80,46","80,69","80,20","","0,27%"
"16.08.2011","80,38","80,50","80,50","80,24","","-0,04%"
"15.08.2011","80,41","80,95","80,98","80,30","","-0,05%"
"12.08.2011","80,45","79,75","80,45","79,75","","0,36%"
"11.08.2011","80,16","78,60","80,16","78,60","","3,29%"
"09.08.2011","77,61","76,28","77,61","76,28","","-2,25%"
"08.08.2011","79,40","78,80","79,40","78,80","","-2,65%"
"05.08.2011","81,56","82,30","83,21","81,56","","-3,04%"
"04.08.2011","84,12","85,53","85,53","84,07","","-0,05%"
"03.08.2011","84,16","84,30","84,30","84,16","0,23K","-3,19%"
"02.08.2011","86,93","87,24","87,24","86,90","","-0,34%"
"01.08.2011","87,23","87,88","87,88","87,23","","-0,51%"
"29.07.2011","87,68","87,55","87,72","86,51","","-0,87%"
"28.07.2011","88,45","87,34","88,45","87,26","","1,32%"
"27.07.2011","87,30","88,52","88,64","87,30","","-1,53%"
"26.07.2011","88,66","88,71","88,72","88,54","","-0,16%"
"25.07.2011","88,80","89,00","89,00","88,80","","0,05%"
"22.07.2011","88,76","88,74","88,76","88,74","","-0,52%"
"20.07.2011","89,22","89,82","89,82","89,22","","1,21%"
"19.07.2011","88,15","88,20","88,20","87,99","","0,52%"
"18.07.2011","87,69","88,16","88,16","87,69","","-0,02%"
"15.07.2011","87,71","87,48","87,98","87,39","","0,80%"
"14.07.2011","87,01","87,74","87,85","86,83","","-1,76%"
"13.07.2011","88,57","88,91","89,00","88,57","","-0,58%"
"12.07.2011","89,09","89,25","89,46","89,09","","0,02%"
"11.07.2011","89,07","89,39","89,88","89,07","","0,55%"
"08.07.2011","88,58","89,17","89,58","88,47","","-0,40%"
"07.07.2011","88,94","88,08","88,94","88,08","","1,32%"
"06.07.2011","87,78","87,15","87,78","87,15","","1,51%"
"05.07.2011","86,47","86,44","86,53","86,31","","0,16%"
"04.07.2011","86,33","85,77","86,33","85,77","","0,91%"
"01.07.2011","85,55","84,67","85,55","84,67","","1,13%"
"30.06.2011","84,59","83,97","84,59","83,97","","0,49%"
"29.06.2011","84,18","84,34","84,34","84,10","","0,23%"
"28.06.2011","83,99","83,54","83,99","83,49","","0,83%"
"27.06.2011","83,30","83,01","83,30","83,01","","0,22%"
"24.06.2011","83,12","83,64","83,64","83,12","","0,64%"
"23.06.2011","82,59","82,45","82,59","82,45","","0,24%"
"22.06.2011","82,39","82,39","82,39","82,39","","0,17%"
"21.06.2011","82,25","81,52","82,25","81,49","","1,54%"
"20.06.2011","81,00","81,20","81,21","80,88","","-1,33%"
"17.06.2011","82,09","82,09","82,11","82,09","","-0,69%"
"16.06.2011","82,66","82,70","82,70","82,66","","0,05%"
"15.06.2011","82,62","82,57","82,70","82,57","","0,41%"
"14.06.2011","82,28","81,89","82,28","81,79","","0,40%"
"13.06.2011","81,95","81,95","81,95","81,95","","-0,15%"
"10.06.2011","82,07","82,25","82,25","82,07","","-0,12%"
"09.06.2011","82,17","81,56","82,17","81,45","","0,29%"
"08.06.2011","81,93","81,64","81,93","81,63","","-0,11%"
"07.06.2011","82,02","82,24","82,24","82,02","","-1,28%"
"06.06.2011","83,08","82,94","83,08","82,92","","-0,86%"
"03.06.2011","83,80","84,50","84,50","83,80","","-1,43%"
"02.06.2011","85,02","85,36","85,40","85,02","","-2,11%"
"01.06.2011","86,85","86,91","86,91","86,85","","0,22%"
"31.05.2011","86,66","86,36","86,66","86,36","","0,16%"
"30.05.2011","86,52","86,48","86,52","86,45","","0,15%"
"27.05.2011","86,39","86,50","86,50","86,21","","-0,44%"
"26.05.2011","86,77","86,49","86,77","86,45","","0,37%"
"25.05.2011","86,45","86,41","86,45","86,41","","0,06%"
"24.05.2011","86,40","87,24","87,24","86,40","","-1,30%"
"23.05.2011","87,54","87,68","87,68","87,54","","0,27%"
"20.05.2011","87,30","87,30","87,30","87,30","","-0,25%"
"19.05.2011","87,52","87,52","87,52","87,52","","0,78%"
"18.05.2011","86,84","86,84","86,84","86,84","","-0,44%"
"17.05.2011","87,22","87,22","87,22","87,22","","-1,56%"
"16.05.2011","88,60","88,60","88,60","88,60","","-0,68%"
"13.05.2011","89,21","89,21","89,21","89,21","","0,84%"
"12.05.2011","88,47","88,47","88,47","88,47","","-0,01%"
"11.05.2011","88,48","88,48","88,48","88,48","","0,49%"
"10.05.2011","88,05","88,05","88,05","88,05","","0,58%"
"09.05.2011","87,54","87,54","87,54","87,54","","1,35%"
"06.05.2011","86,37","86,37","86,37","86,37","","1,71%"
"05.05.2011","84,92","84,92","84,92","84,92","","0,12%"
"04.05.2011","84,82","84,82","84,82","84,82","","-0,97%"
"03.05.2011","85,65","85,65","85,65","85,65","","-0,71%"
"02.05.2011","86,26","86,26","86,26","86,26","","1,00%"
"29.04.2011","85,41","85,41","85,41","85,41","","-0,33%"
"28.04.2011","85,69","85,69","85,69","85,69","","-0,51%"
"27.04.2011","86,13","86,13","86,13","86,13","","-0,03%"
"26.04.2011","86,16","86,16","86,16","86,16","","0,48%"
"21.04.2011","85,75","85,75","85,75","85,75","","0,62%"
"20.04.2011","85,22","85,22","85,22","85,22","","0,57%"
"19.04.2011","84,74","84,74","84,74","84,74","","-0,07%"
"18.04.2011","84,80","84,80","84,80","84,80","","0,95%"
"15.04.2011","84,00","84,00","84,00","84,00","","0,02%"
"14.04.2011","83,98","83,98","83,98","83,98","","0,19%"
"13.04.2011","83,82","83,82","83,82","83,82","","-0,62%"
"12.04.2011","84,34","84,34","84,34","84,34","","-0,90%"
"11.04.2011","85,11","85,11","85,11","85,11","","-0,63%"
"08.04.2011","85,65","85,65","85,65","85,65","","-0,35%"
"07.04.2011","85,95","85,95","85,95","85,95","","-0,24%"
"06.04.2011","86,16","86,16","86,16","86,16","","-0,45%"
"05.04.2011","86,55","86,55","86,55","86,55","","-0,45%"
"04.04.2011","86,94","86,94","86,94","86,94","","-0,65%"
"01.04.2011","87,51","87,51","87,51","87,51","","0,44%"
"31.03.2011","87,13","87,13","87,13","87,13","","-0,50%"
"30.03.2011","87,57","87,57","87,57","87,57","","1,48%"
"29.03.2011","86,29","86,29","86,29","86,29","","-1,07%"
"28.03.2011","87,22","87,22","87,22","87,22","","0,84%"
"25.03.2011","86,49","86,49","86,49","86,49","","1,59%"
"24.03.2011","85,14","85,14","85,14","85,14","","1,59%"
"23.03.2011","83,81","83,81","83,81","83,81","","-0,08%"
"22.03.2011","83,88","83,88","83,88","83,88","","0,36%"
"21.03.2011","83,58","83,58","83,58","83,58","","-0,54%"
"18.03.2011","84,03","84,03","84,03","84,03","","0,13%"
"17.03.2011","83,92","83,92","83,92","83,92","","-1,66%"
"16.03.2011","85,34","85,34","85,34","85,34","","-0,25%"
"15.03.2011","85,55","85,55","85,55","85,55","","-1,16%"
"14.03.2011","86,55","86,55","86,55","86,55","","-0,31%"
"11.03.2011","86,82","86,82","86,82","86,82","","-0,91%"
"10.03.2011","87,62","87,62","87,62","87,62","","-1,02%"
"09.03.2011","88,52","88,52","88,52","88,52","","0,20%"
"08.03.2011","88,34","88,34","88,34","88,34","","-0,64%"
"07.03.2011","88,91","88,91","88,91","88,91","","-0,84%"
"04.03.2011","89,66","89,66","89,66","89,66","","1,00%"
"03.03.2011","88,77","88,77","88,77","88,77","","0,15%"
"02.03.2011","88,64","88,64","88,64","88,64","","-1,82%"
"01.03.2011","90,28","90,28","90,28","90,28","","0,62%"
"28.02.2011","89,72","89,72","89,72","89,72","","1,36%"
"25.02.2011","88,52","88,52","88,52","88,52","","0,61%"
"24.02.2011","87,98","87,98","87,98","87,98","","-1,71%"
"23.02.2011","89,51","89,51","89,51","89,51","","-2,46%"
"22.02.2011","91,77","91,77","91,77","91,77","","-0,40%"
"21.02.2011","92,14","92,14","92,14","92,14","","-1,01%"
"18.02.2011","93,08","93,08","93,08","93,08","","0,19%"
"17.02.2011","92,90","92,90","92,90","92,90","","-0,04%"
"16.02.2011","92,94","92,94","92,94","92,94","","-0,28%"
"15.02.2011","93,20","93,20","93,20","93,20","","0,42%"
"14.02.2011","92,81","92,81","92,81","92,81","","1,34%"
"11.02.2011","91,58","91,58","91,58","91,58","","1,03%"
"10.02.2011","90,65","90,65","90,65","90,65","","-0,72%"
"09.02.2011","91,31","91,31","91,31","91,31","","0,53%"
"08.02.2011","90,83","90,83","90,83","90,83","","0,12%"
"07.02.2011","90,72","90,72","90,72","90,72","","0,84%"
"04.02.2011","89,96","89,96","89,96","89,96","","1,50%"
"03.02.2011","88,63","88,63","88,63","88,63","","0,16%"
"02.02.2011","88,49","88,49","88,49","88,49","","0,47%"
"01.02.2011","88,08","88,08","88,08","88,08","","0,07%"
"31.01.2011","88,02","88,02","88,02","88,02","","-1,57%"
"28.01.2011","89,42","89,42","89,42","89,42","","-0,17%"
"27.01.2011","89,57","89,57","89,57","89,57","","0,64%"
"26.01.2011","89,00","89,00","89,00","89,00","","0,39%"
"25.01.2011","88,65","88,65","88,65","88,65","","0,26%"
"24.01.2011","88,42","88,42","88,42","88,42","","-0,37%"
"21.01.2011","88,75","88,75","88,75","88,75","","-1,19%"
"20.01.2011","89,82","89,82","89,82","89,82","","-1,87%"
"19.01.2011","91,53","91,53","91,53","91,53","","0,83%"
"18.01.2011","90,78","90,78","90,78","90,78","","-1,27%"
"17.01.2011","91,95","91,95","91,95","91,95","","1,40%"
"14.01.2011","90,68","90,68","90,68","90,68","","-2,04%"
"13.01.2011","92,57","92,57","92,57","92,57","","-0,46%"
"12.01.2011","93,00","93,00","93,00","93,00","","-0,25%"
"11.01.2011","93,23","93,23","93,23","93,23","","0,65%"
"10.01.2011","92,63","92,66","92,66","92,63","0,05K","0,23%"
"07.01.2011","92,42","92,42","92,42","92,42","","1,25%"
"06.01.2011","91,28","91,28","91,28","91,28","","2,50%"
"05.01.2011","89,05","89,05","89,05","89,05","","0,06%"
"04.01.2011","89,00","89,00","89,00","89,00","","0,43%"
"03.01.2011","88,62","88,62","88,62","88,62","","-0,33%"
"30.12.2010","88,91","88,91","88,91","88,91","","-0,64%"
"29.12.2010","89,48","89,48","89,48","89,48","","0,43%"
"28.12.2010","89,10","89,10","89,10","89,10","","0,22%"
"27.12.2010","88,90","88,90","88,90","88,90","","-1,30%"
"23.12.2010","90,07","90,07","90,07","90,07","","0,43%"
"22.12.2010","89,68","89,68","89,68","89,68","","0,31%"
"21.12.2010","89,40","89,40","89,40","89,40","","0,96%"
"20.12.2010","88,55","88,55","88,55","88,55","","0,84%"
"17.12.2010","87,81","87,81","87,81","87,81","","-0,37%"
"16.12.2010","88,14","88,14","88,14","88,14","0,02K","0,90%"
"15.12.2010","87,35","87,35","87,35","87,35","","0,68%"
"14.12.2010","86,76","86,76","86,76","86,76","","-2,03%"
"13.12.2010","88,56","88,56","88,56","88,56","","0,93%"
"10.12.2010","87,74","87,74","87,74","87,74","","0,00%"
"09.12.2010","87,74","87,74","87,74","87,74","","0,77%"
"08.12.2010","87,07","87,07","87,07","87,07","","0,55%"
"07.12.2010","86,59","86,59","86,59","86,59","","0,16%"
"06.12.2010","86,45","86,45","86,45","86,45","","-0,69%"
"03.12.2010","87,05","87,05","87,05","87,05","","0,31%"
"02.12.2010","86,78","86,78","86,78","86,78","","1,05%"
"01.12.2010","85,88","85,88","85,88","85,88","","-0,28%"
"30.11.2010","86,12","86,12","86,12","86,12","","0,50%"
"29.11.2010","85,69","85,69","85,69","85,69","","0,18%"
"26.11.2010","85,54","85,54","85,54","85,54","","0,27%"
"25.11.2010","85,31","85,31","85,31","85,31","","2,00%"
"24.11.2010","83,64","83,64","83,64","83,64","","0,50%"
"23.11.2010","83,22","83,22","83,22","83,22","","0,91%"
"22.11.2010","82,47","82,47","82,47","82,47","","0,28%"
"19.11.2010","82,24","82,24","82,24","82,24","","0,26%"
"18.11.2010","82,03","82,03","82,03","82,03","","0,17%"
"17.11.2010","81,89","81,89","81,89","81,89","","-0,02%"
"16.11.2010","81,91","81,91","81,91","81,91","","-0,76%"
"15.11.2010","82,54","82,54","82,54","82,54","","-0,57%"
"12.11.2010","83,01","83,01","83,01","83,01","","0,16%"
"11.11.2010","82,88","82,88","82,88","82,88","","-0,67%"
"10.11.2010","83,44","83,44","83,44","83,44","","0,52%"
"09.11.2010","83,01","83,01","83,01","83,01","","0,69%"
"08.11.2010","82,44","82,44","82,44","82,44","","1,74%"
"05.11.2010","81,03","81,03","81,03","81,03","","0,40%"
"04.11.2010","80,71","80,71","80,71","80,71","","0,05%"
"03.11.2010","80,67","80,67","80,67","80,67","","-0,07%"
"02.11.2010","80,73","80,73","80,73","80,73","","0,42%"