"Fecha","Último","Apertura","Máximo","Mínimo","Vol.","% var."
"07.08.2026","73,96","73,66","74,63","72,54","44,59M","2,68%"
"06.08.2026","72,03","70,85","73,44","70,16","60,89M","-1,11%"
"05.08.2026","72,84","75,61","76,33","72,74","70,89M","-2,65%"
"04.08.2026","74,82","70,31","75,41","70,14","73,73M","10,09%"
"03.08.2026","67,96","64,71","68,41","63,99","62,22M","5,17%"
"31.07.2026","64,62","65,74","66,77","62,39","86,71M","2,09%"
"30.07.2026","63,30","61,13","63,84","60,74","75,88M","9,61%"
"29.07.2026","57,75","61,51","62,74","57,59","103,58M","-6,19%"
"28.07.2026","61,56","61,77","62,61","59,40","73,24M","-2,90%"
"27.07.2026","63,40","66,06","66,23","61,64","70,53M","-0,94%"
"24.07.2026","64,00","65,78","66,40","63,49","69,27M","-3,47%"
"23.07.2026","66,30","67,11","68,27","65,02","80,28M","-5,66%"
"22.07.2026","70,28","69,77","71,59","69,77","36,06M","-1,53%"
"21.07.2026","71,37","70,71","71,72","69,61","37,77M","5,50%"
"20.07.2026","67,65","69,47","70,50","67,50","50,08M","0,18%"
"17.07.2026","67,53","66,38","69,56","64,91","75,47M","-4,54%"
"16.07.2026","70,74","72,61","73,12","69,69","66,95M","-4,97%"
"15.07.2026","74,44","76,29","76,47","72,06","68,55M","-0,77%"
"14.07.2026","75,02","75,20","75,85","73,41","58,10M","3,28%"
"13.07.2026","72,64","74,54","74,85","72,09","63,32M","-5,70%"
"10.07.2026","77,03","75,53","77,32","74,33","46,03M","0,90%"
"09.07.2026","76,34","74,85","76,68","73,89","51,73M","4,98%"
"08.07.2026","72,72","70,79","73,01","69,57","70,75M","0,68%"
"07.07.2026","72,23","73,70","74,39","70,76","70,99M","-5,48%"
"06.07.2026","76,42","75,54","77,45","75,11","54,55M","4,19%"
"02.07.2026","73,35","77,45","79,14","71,72","87,99M","-5,31%"
"01.07.2026","77,46","78,72","79,64","77,23","63,35M","-4,37%"
"30.06.2026","81,00","77,24","81,54","77,15","58,47M","4,94%"
"29.06.2026","77,19","74,12","77,38","71,45","79,13M","7,46%"
"26.06.2026","71,83","72,08","74,69","70,72","70,43M","-4,16%"
"25.06.2026","74,95","77,96","78,24","71,60","106,91M","2,25%"
"24.06.2026","73,30","74,79","76,18","71,35","72,01M","-1,53%"
"23.06.2026","74,44","75,12","77,74","73,91","82,34M","-9,86%"
"22.06.2026","82,58","83,95","85,11","81,39","61,89M","-0,35%"
"18.06.2026","82,87","82,10","83,60","80,63","61,06M","6,87%"
"17.06.2026","77,54","81,67","81,81","76,94","78,09M","-2,99%"
"16.06.2026","79,93","84,19","84,83","79,86","67,09M","-5,51%"
"15.06.2026","84,59","82,88","85,03","82,64","59,76M","9,12%"
"12.06.2026","77,52","76,34","78,36","74,29","94,48M","1,99%"
"11.06.2026","76,01","70,89","76,60","69,59","116,29M","9,73%"
"10.06.2026","69,27","71,68","74,70","69,00","91,47M","-6,04%"
"09.06.2026","73,72","78,48","79,34","66,79","132,49M","-3,34%"
"08.06.2026","76,27","76,86","78,47","75,38","77,32M","4,41%"
"05.06.2026","73,05","81,57","82,08","72,68","118,96M","-14,28%"
"04.06.2026","85,22","83,47","86,25","82,47","59,61M","-1,55%"
"03.06.2026","86,56","87,68","88,09","85,41","62,15M","-0,76%"
"02.06.2026","87,22","85,94","87,32","84,83","48,36M","1,37%"
"01.06.2026","86,04","84,14","87,06","83,75","57,22M","1,75%"
"29.05.2026","84,56","84,41","85,70","83,53","67,64M","1,05%"
"28.05.2026","83,68","81,74","84,05","80,65","55,27M","2,46%"
"27.05.2026","81,67","82,87","82,91","80,33","66,22M","-0,34%"
"26.05.2026","81,95","80,59","82,27","79,98","62,58M","5,28%"
"22.05.2026","77,84","78,04","79,33","77,33","58,33M","1,16%"
"21.05.2026","76,95","75,18","77,79","74,47","74,96M","0,58%"
"20.05.2026","76,51","74,09","76,53","73,61","70,65M","4,91%"
"19.05.2026","72,93","72,41","74,50","70,96","85,97M","-1,87%"
"18.05.2026","74,32","76,13","76,27","72,10","87,71M","-1,35%"
"15.05.2026","75,34","75,73","77,36","74,23","81,26M","-4,57%"
"14.05.2026","78,95","77,29","79,68","77,15","58,47M","2,21%"
"13.05.2026","77,24","75,81","77,94","74,19","64,42M","3,04%"
"12.05.2026","74,96","75,30","75,93","71,55","90,65M","-2,60%"
"11.05.2026","76,96","76,00","77,36","75,55","60,48M","0,89%"
"08.05.2026","76,28","72,82","76,31","72,69","68,71M","6,92%"
"07.05.2026","71,34","71,87","73,29","70,38","93,51M","-0,32%"
"06.05.2026","71,57","69,25","71,66","68,88","70,17M","6,20%"
"05.05.2026","67,39","66,37","67,77","66,25","54,10M","3,82%"
"04.05.2026","64,91","65,44","66,05","63,78","60,81M","-0,60%"
"01.05.2026","65,30","63,89","65,84","63,81","67,76M","2,77%"
"30.04.2026","63,54","62,89","63,80","60,70","81,04M","2,72%"
"29.04.2026","61,86","61,00","61,87","60,45","77,08M","1,84%"
"28.04.2026","60,74","60,72","61,33","59,68","80,63M","-3,03%"
"27.04.2026","62,64","62,41","62,70","61,64","56,61M","0,13%"
"24.04.2026","62,56","61,08","62,74","60,56","80,25M","5,64%"
"23.04.2026","59,22","59,80","60,73","57,59","92,86M","-1,64%"
"22.04.2026","60,21","58,93","60,30","58,49","73,40M","4,90%"
"21.04.2026","57,40","58,48","58,97","56,82","91,78M","-1,17%"
"20.04.2026","58,08","58,40","58,58","56,91","67,65M","-0,87%"
"17.04.2026","58,59","57,78","58,94","57,37","103,60M","3,83%"
"16.04.2026","56,43","56,13","56,92","55,10","86,40M","1,40%"
"15.04.2026","55,65","53,57","55,74","53,33","83,24M","4,19%"
"14.04.2026","53,41","51,39","53,43","51,38","72,36M","5,43%"
"13.04.2026","50,66","48,78","50,74","48,46","67,17M","3,03%"
"10.04.2026","49,17","49,35","49,81","48,82","65,48M","0,43%"
"09.04.2026","48,96","48,01","49,09","47,31","78,95M","2,00%"
"08.04.2026","48,00","48,64","48,92","47,15","102,02M","8,72%"
"07.04.2026","44,15","43,45","44,21","41,84","131,80M","0,11%"
"06.04.2026","44,10","43,60","44,58","43,27","69,25M","1,78%"
"02.04.2026","43,33","40,88","43,55","40,44","111,38M","0,23%"
"01.04.2026","43,23","42,63","43,98","42,41","116,14M","3,72%"
"31.03.2026","41,68","39,09","42,00","39,07","149,52M","10,00%"
"30.03.2026","37,89","39,75","39,91","37,32","111,45M","-2,29%"
"27.03.2026","38,78","40,56","40,59","38,56","124,80M","-5,94%"
"26.03.2026","41,23","43,23","43,68","41,15","117,56M","-7,12%"
"25.03.2026","44,39","44,70","45,22","43,94","79,29M","1,77%"
"24.03.2026","43,62","43,83","44,55","43,19","105,51M","-2,13%"
"23.03.2026","44,57","45,11","46,15","44,13","139,35M","3,46%"
"20.03.2026","43,08","45,18","45,21","42,30","137,95M","-5,71%"
"19.03.2026","45,69","44,87","46,32","44,30","138,38M","-0,89%"
"18.03.2026","46,10","47,72","48,11","46,05","105,06M","-4,28%"
"17.03.2026","48,16","48,12","48,76","47,81","74,57M","1,47%"
"16.03.2026","47,46","47,37","48,27","47,18","81,42M","3,33%"
"13.03.2026","45,93","47,35","48,25","45,67","141,95M","-1,92%"
"12.03.2026","46,83","48,15","48,49","46,75","130,82M","-5,11%"
"11.03.2026","49,35","49,68","50,52","48,73","91,10M","-0,10%"
"10.03.2026","49,40","49,41","50,74","48,83","115,06M","0,02%"
"09.03.2026","49,39","46,19","49,77","45,50","159,01M","3,89%"
"06.03.2026","47,54","47,66","49,05","47,18","141,01M","-4,54%"
"05.03.2026","49,80","49,44","50,76","48,17","129,71M","-0,92%"
"04.03.2026","50,26","48,69","50,79","48,52","99,74M","4,49%"
"03.03.2026","48,10","46,81","48,67","45,72","163,37M","-3,22%"
"02.03.2026","49,70","47,46","50,15","47,23","108,55M","0,36%"
"27.02.2026","49,52","48,45","49,77","48,26","93,80M","-1,06%"
"26.02.2026","50,05","51,63","51,64","48,71","105,58M","-3,51%"
"25.02.2026","51,87","50,55","51,96","50,53","54,22M","4,20%"
"24.02.2026","49,78","48,45","50,04","47,82","71,02M","3,19%"
"23.02.2026","48,24","49,53","49,88","47,66","91,95M","-3,64%"
"20.02.2026","50,06","47,96","50,45","47,76","118,81M","2,52%"
"19.02.2026","48,83","48,67","49,40","48,16","83,45M","-1,13%"
"18.02.2026","49,39","48,53","50,36","48,20","81,37M","2,15%"
"17.02.2026","48,35","47,64","48,98","46,42","117,09M","-0,25%"
"13.02.2026","48,47","48,15","49,59","47,18","123,22M","0,44%"
"12.02.2026","48,26","51,80","52,07","47,99","131,15M","-6,11%"
"11.02.2026","51,40","52,21","52,50","50,04","92,39M","0,74%"
"10.02.2026","51,02","51,97","52,40","50,89","70,66M","-1,39%"
"09.02.2026","51,74","50,06","52,27","49,44","71,27M","2,27%"
"06.02.2026","50,59","48,34","51,01","47,99","117,93M","6,19%"
"05.02.2026","47,64","48,39","49,53","47,06","158,71M","-4,26%"
"04.02.2026","49,76","52,14","52,15","48,43","142,54M","-5,26%"
"03.02.2026","52,52","55,64","55,76","51,08","129,99M","-4,68%"
"02.02.2026","55,10","53,16","55,71","53,15","74,67M","2,04%"
"30.01.2026","54,00","55,01","55,71","53,32","110,17M","-3,64%"
"29.01.2026","56,04","56,95","57,21","53,06","122,64M","-1,79%"
"28.01.2026","57,06","57,70","58,01","56,73","76,17M","0,92%"
"27.01.2026","56,54","55,98","56,80","55,56","51,98M","2,65%"
"26.01.2026","55,08","54,47","55,63","54,21","58,08M","1,29%"
"23.01.2026","54,38","53,59","55,07","53,32","78,07M","0,89%"
"22.01.2026","53,90","54,32","54,33","53,15","90,99M","2,22%"
"21.01.2026","52,73","51,07","53,80","50,67","150,23M","3,94%"
"20.01.2026","50,73","51,39","52,56","50,47","129,21M","-6,30%"
"16.01.2026","54,14","55,32","55,46","53,58","75,86M","-0,44%"
"15.01.2026","54,38","55,65","55,83","54,13","90,48M","1,02%"
"14.01.2026","53,83","54,55","54,88","52,50","117,42M","-3,18%"
"13.01.2026","55,60","55,91","56,50","54,96","88,61M","-0,52%"
"12.01.2026","55,89","54,60","56,34","54,58","59,67M","0,23%"
"09.01.2026","55,76","54,39","56,10","53,79","78,71M","2,90%"
"08.01.2026","54,19","54,87","54,98","53,49","83,76M","-1,78%"
"07.01.2026","55,17","54,89","56,19","54,77","65,59M","0,29%"
"06.01.2026","55,01","53,92","55,17","53,74","68,92M","2,63%"
"05.01.2026","53,60","53,95","54,33","53,29","77,97M","2,39%"
"02.01.2026","52,35","54,17","54,88","51,61","107,23M","-0,70%"
"31.12.2025","52,72","54,13","54,20","52,64","57,20M","-2,55%"
"30.12.2025","54,10","54,20","54,82","54,04","38,98M","-0,72%"
"29.12.2025","54,49","54,29","54,99","53,92","50,64M","-1,48%"
"26.12.2025","55,31","55,52","55,74","55,11","37,24M","-0,09%"
"25.12.2025","55,36","54,87","55,36","55,36","25,86M","0,00%"
"24.12.2025","55,36","54,87","55,45","54,78","25,86M","0,64%"
"23.12.2025","55,01","53,97","55,07","53,86","48,20M","1,40%"
"22.12.2025","54,25","54,81","54,89","53,88","64,78M","1,36%"
"19.12.2025","53,52","52,20","53,64","52,19","72,96M","3,90%"
"18.12.2025","51,51","51,67","52,46","50,98","109,22M","4,27%"
"17.12.2025","49,40","52,65","52,80","49,37","125,61M","-5,60%"
"16.12.2025","52,33","51,43","52,77","51,10","105,95M","0,60%"
"15.12.2025","52,02","54,06","54,06","51,72","98,70M","-1,51%"
"12.12.2025","52,82","55,11","55,52","52,23","138,45M","-5,86%"
"11.12.2025","56,11","55,63","56,16","53,98","99,68M","-0,95%"
"10.12.2025","56,65","55,65","57,09","54,89","100,26M","1,14%"
"09.12.2025","56,01","55,45","56,22","55,09","48,74M","0,38%"
"08.12.2025","55,80","56,57","57,04","55,12","69,70M","-0,62%"
"05.12.2025","56,15","55,86","57,08","55,68","73,21M","1,15%"
"04.12.2025","55,51","56,04","56,05","54,61","63,96M","-0,32%"
"03.12.2025","55,69","54,66","55,88","54,23","69,84M","0,71%"
"02.12.2025","55,30","54,63","55,76","54,14","79,50M","2,31%"
"01.12.2025","54,05","53,11","54,65","52,82","66,36M","-0,90%"
"28.11.2025","54,54","53,82","54,61","53,63","34,38M","2,19%"
"26.11.2025","53,37","52,91","53,85","52,37","75,60M","2,61%"
"25.11.2025","52,01","50,64","52,36","49,08","101,85M","1,82%"
"24.11.2025","51,08","48,70","51,45","48,67","93,89M","7,58%"
"21.11.2025","47,48","46,85","49,10","45,24","179,62M","2,22%"
"20.11.2025","46,45","52,95","53,54","46,23","178,25M","-7,15%"
"19.11.2025","50,03","49,33","51,58","48,72","184,26M","1,72%"
"18.11.2025","49,18","49,99","50,67","47,90","267,35M","-3,62%"
"17.11.2025","51,03","51,71","53,31","50,06","186,33M","-2,57%"
"14.11.2025","52,37","49,99","53,54","49,38","222,40M","0,08%"
"13.11.2025","52,33","54,78","54,94","51,70","201,26M","-6,18%"
"12.11.2025","55,78","56,76","56,77","54,87","125,71M","-0,21%"
"11.11.2025","55,89","55,63","56,21","54,80","102,67M","-0,83%"
"10.11.2025","56,35","55,22","56,63","54,71","119,88M","6,55%"
"07.11.2025","52,89","52,51","52,92","49,98","183,59M","-1,04%"
"06.11.2025","53,44","56,19","56,25","53,06","156,46M","-5,61%"
"05.11.2025","56,62","55,34","57,50","54,97","109,73M","1,94%"
"04.11.2025","55,54","56,68","57,70","55,32","124,76M","-6,12%"
"03.11.2025","59,16","60,00","60,21","58,54","83,60M","1,37%"
"31.10.2025","58,36","59,74","59,74","57,69","122,67M","1,42%"
"30.10.2025","57,54","59,29","59,67","57,51","127,23M","-4,58%"
"29.10.2025","60,31","60,28","60,69","58,77","133,06M","1,28%"
"28.10.2025","59,54","58,83","60,04","58,53","92,24M","2,28%"
"27.10.2025","58,22","57,26","58,35","57,14","77,49M","5,31%"
"24.10.2025","55,28","54,99","55,63","54,76","84,39M","3,12%"
"23.10.2025","53,61","52,13","53,81","52,04","91,24M","2,50%"
"22.10.2025","52,30","53,72","53,87","50,79","134,38M","-2,94%"
"21.10.2025","53,88","53,95","54,24","53,33","79,81M","-0,11%"
"20.10.2025","53,94","52,81","54,26","52,78","79,93M","3,75%"
"17.10.2025","51,99","50,46","52,38","50,06","142,27M","1,90%"
"16.10.2025","51,03","52,34","53,17","49,88","159,34M","-1,11%"
"15.10.2025","51,60","52,07","52,76","50,02","127,07M","2,05%"
"14.10.2025","50,56","49,87","51,76","48,53","147,23M","-2,03%"
"13.10.2025","51,62","51,03","51,84","50,43","114,51M","6,35%"
"10.10.2025","48,53","54,37","54,83","48,42","238,01M","-10,49%"
"09.10.2025","54,22","54,44","54,48","53,38","87,96M","-0,39%"
"08.10.2025","54,44","52,86","54,52","52,83","86,93M","3,39%"
"07.10.2025","52,65","53,85","54,03","52,26","100,19M","-1,62%"
"06.10.2025","53,52","53,70","53,94","53,06","82,48M","2,23%"
"03.10.2025","52,35","53,22","53,44","51,88","103,10M","-1,36%"
"02.10.2025","53,07","53,40","53,42","52,33","89,16M","1,22%"
"01.10.2025","52,43","50,87","52,57","50,65","94,00M","1,41%"
"30.09.2025","51,70","51,21","51,78","50,61","92,32M","0,78%"
"29.09.2025","51,30","51,39","52,14","50,97","92,39M","1,33%"
"26.09.2025","50,63","50,20","50,69","49,37","124,10M","1,20%"
"25.09.2025","50,03","49,70","50,44","48,75","122,82M","-1,34%"
"24.09.2025","50,71","51,60","51,68","49,99","101,06M","-1,17%"
"23.09.2025","51,31","52,40","52,45","50,99","99,93M","-2,01%"
"22.09.2025","52,36","51,21","52,54","51,21","81,05M","1,69%"
"19.09.2025","51,49","50,94","51,65","50,58","84,37M","1,98%"
"18.09.2025","50,49","50,38","51,19","49,90","123,40M","2,70%"
"17.09.2025","49,17","49,44","49,60","47,76","147,70M","-0,64%"
"16.09.2025","49,48","49,83","49,90","49,31","77,14M","-0,27%"
"15.09.2025","49,62","48,82","49,63","48,78","78,11M","2,55%"
"12.09.2025","48,38","47,98","48,68","47,76","92,24M","1,25%"
"11.09.2025","47,78","47,60","47,99","47,21","91,25M","1,68%"
"10.09.2025","46,99","47,72","47,73","46,47","120,82M","0,11%"
"09.09.2025","46,94","46,75","47,06","46,12","94,62M","0,82%"
"08.09.2025","46,56","46,46","47,05","46,32","101,70M","1,43%"
"05.09.2025","45,91","46,97","47,12","44,84","172,63M","0,33%"
"04.09.2025","45,76","44,70","45,83","44,31","101,76M","2,70%"
"03.09.2025","44,56","44,37","44,94","43,79","119,93M","2,33%"
"02.09.2025","43,54","42,56","43,62","42,13","166,67M","-2,55%"
"29.08.2025","44,68","45,71","45,79","44,24","121,89M","-3,60%"
"28.08.2025","46,35","45,64","46,56","45,26","90,66M","1,82%"
"27.08.2025","45,52","45,07","45,72","44,77","90,06M","0,45%"
"26.08.2025","45,31","44,65","45,38","44,42","84,37M","1,16%"
"25.08.2025","44,79","44,81","45,49","44,51","80,45M","-0,87%"
"22.08.2025","45,19","43,51","45,66","43,19","132,73M","4,50%"
"21.08.2025","43,24","43,47","43,97","42,69","119,92M","-1,39%"
"20.08.2025","43,85","44,42","44,44","42,19","164,40M","-1,82%"
"19.08.2025","44,67","46,38","46,43","44,41","111,12M","-4,08%"
"18.08.2025","46,57","46,40","46,73","46,12","73,37M","-0,13%"
"15.08.2025","46,63","47,24","47,26","46,21","96,17M","-1,42%"
"14.08.2025","47,30","46,92","47,79","46,82","106,39M","-0,27%"
"13.08.2025","47,43","48,03","48,16","47,09","96,06M","0,15%"
"12.08.2025","47,36","46,21","47,44","45,56","120,28M","3,69%"
"11.08.2025","45,67","46,12","46,62","45,36","94,62M","-0,88%"
"08.08.2025","46,08","45,12","46,14","45,05","104,52M","2,70%"
"07.08.2025","44,87","45,44","45,83","43,91","169,24M","1,01%"
"06.08.2025","44,42","43,01","44,53","42,90","129,00M","3,74%"
"05.08.2025","42,82","44,03","44,31","42,71","152,09M","-2,08%"
"04.08.2025","43,73","42,61","43,78","42,58","108,59M","5,48%"
"01.08.2025","41,46","42,63","42,66","40,93","219,78M","-6,00%"
"31.07.2025","44,10","46,35","46,38","43,83","178,87M","-1,65%"
"30.07.2025","44,85","44,87","45,44","44,13","145,53M","0,35%"
"29.07.2025","44,69","45,49","45,81","44,49","116,25M","-0,45%"
"28.07.2025","44,89","44,79","45,10","44,59","95,59M","0,97%"
"25.07.2025","44,46","44,15","44,79","43,99","79,00M","0,57%"
"24.07.2025","44,21","44,22","44,48","43,80","90,38M","0,66%"
"23.07.2025","43,92","43,59","43,94","42,95","118,03M","1,31%"
"22.07.2025","43,35","44,06","44,08","42,73","108,35M","-1,56%"
"21.07.2025","44,03","43,58","44,49","43,56","87,72M","1,52%"
"18.07.2025","43,38","43,82","43,87","43,10","98,50M","-0,34%"
"17.07.2025","43,53","42,69","43,66","42,50","97,33M","2,33%"
"16.07.2025","42,53","42,53","42,67","41,22","166,36M","0,28%"
"15.07.2025","42,42","43,22","43,33","42,40","123,26M","0,26%"
"14.07.2025","42,31","41,81","42,47","41,28","97,31M","1,06%"
"11.07.2025","41,86","41,66","42,22","41,38","106,94M","-0,76%"
"10.07.2025","42,18","42,51","42,61","41,57","110,32M","-0,46%"
"09.07.2025","42,38","41,99","42,69","41,67","117,98M","2,07%"
"08.07.2025","41,51","41,74","41,89","41,24","115,52M","0,13%"
"07.07.2025","41,46","41,80","41,99","40,90","139,67M","-2,23%"
"03.07.2025","42,40","41,74","42,65","41,74","83,48M","2,80%"
"02.07.2025","41,25","40,23","41,29","40,22","100,29M","1,99%"
"01.07.2025","40,44","41,06","41,27","39,90","140,39M","-2,54%"
"30.06.2025","41,50","41,40","41,74","40,92","113,72M","1,94%"
"27.06.2025","40,71","40,52","41,13","39,93","146,02M","0,98%"
"26.06.2025","40,31","39,71","40,42","39,31","100,14M","2,74%"
"25.06.2025","39,24","39,44","39,71","38,86","101,44M","0,49%"
"24.06.2025","39,05","38,46","39,26","38,33","113,19M","4,55%"
"23.06.2025","37,35","36,37","37,47","35,71","167,57M","3,11%"
"20.06.2025","36,22","37,38","37,66","35,86","163,35M","-1,37%"
"18.06.2025","36,73","36,96","37,48","36,42","142,66M","-0,14%"
"17.06.2025","36,78","37,34","37,69","36,54","135,42M","-2,96%"
"16.06.2025","37,90","37,11","38,12","37,11","116,67M","4,08%"
"13.06.2025","36,42","36,55","37,44","36,13","210,67M","-3,78%"
"12.06.2025","37,85","37,30","38,06","37,26","126,11M","0,65%"
"11.06.2025","37,60","38,29","38,54","37,11","181,65M","-1,03%"
"10.06.2025","37,99","37,35","38,14","36,88","122,69M","1,93%"
"09.06.2025","37,27","37,15","37,62","36,92","100,36M","0,44%"
"06.06.2025","37,10","37,13","37,51","36,77","131,22M","2,86%"
"05.06.2025","36,08","37,22","37,83","35,65","199,02M","-2,33%"
"04.06.2025","36,94","36,79","37,16","36,35","128,89M","0,81%"
"03.06.2025","36,64","35,88","36,94","35,70","128,73M","2,33%"
"02.06.2025","35,81","34,60","35,86","34,35","137,93M","2,30%"
"30.05.2025","35,00","35,06","35,30","33,52","187,12M","-0,53%"
"29.05.2025","35,19","36,50","36,53","34,67","195,43M","0,49%"
"28.05.2025","35,01","35,67","35,97","34,89","132,54M","-1,28%"
"27.05.2025","35,47","34,49","35,57","34,19","130,54M","6,97%"
"23.05.2025","33,16","32,54","33,67","32,43","214,22M","-2,88%"
"22.05.2025","34,15","34,08","34,88","33,81","173,54M","0,52%"
"21.05.2025","33,97","34,62","35,99","33,59","219,26M","-4,16%"
"20.05.2025","35,44","35,29","35,58","34,70","134,07M","-1,05%"
"19.05.2025","35,82","34,24","35,93","34,22","143,79M","0,27%"
"16.05.2025","35,72","35,56","35,76","34,83","127,63M","1,23%"
"15.05.2025","35,29","34,74","35,84","34,47","161,69M","0,31%"
"14.05.2025","35,18","34,81","35,30","34,60","161,18M","1,76%"
"13.05.2025","34,57","33,33","34,93","33,18","170,60M","4,58%"
"12.05.2025","33,06","32,92","33,08","31,93","202,49M","12,11%"
"09.05.2025","29,49","29,90","30,13","29,16","146,82M","-0,24%"
"08.05.2025","29,56","29,60","30,35","28,83","197,62M","2,98%"
"07.05.2025","28,70","28,48","29,13","27,54","208,74M","1,16%"
"06.05.2025","28,37","28,03","29,02","27,78","165,89M","-2,84%"
"05.05.2025","29,20","28,95","29,75","28,85","138,58M","-1,73%"
"02.05.2025","29,72","29,32","30,09","29,01","195,10M","4,69%"
"01.05.2025","28,39","28,78","29,44","28,32","205,48M","3,44%"
"30.04.2025","27,44","25,98","27,71","25,16","268,45M","0,02%"
"29.04.2025","27,43","26,52","27,58","26,42","169,81M","1,95%"
"28.04.2025","26,91","27,01","27,32","25,82","191,36M","-0,07%"
"25.04.2025","26,93","26,02","27,03","25,74","226,10M","3,30%"
"24.04.2025","26,07","24,37","26,14","24,27","240,62M","8,51%"
"23.04.2025","24,02","24,62","25,41","23,82","304,00M","6,64%"
"22.04.2025","22,53","21,73","22,99","21,55","260,22M","7,64%"
"21.04.2025","20,93","21,68","21,82","20,12","229,54M","-7,31%"
"17.04.2025","22,58","23,05","23,14","22,17","202,19M","-0,29%"
"16.04.2025","22,65","23,42","24,00","21,58","269,15M","-9,04%"
"15.04.2025","24,90","24,98","25,60","24,59","209,34M","0,38%"
"14.04.2025","24,80","25,95","26,03","24,04","294,86M","2,10%"
"11.04.2025","24,29","22,83","24,53","22,31","358,59M","5,29%"
"10.04.2025","23,07","24,34","24,67","20,78","563,39M","-12,30%"
"09.04.2025","26,31","19,38","26,70","19,36","713,86M","35,24%"
"08.04.2025","19,45","22,69","23,41","18,55","502,30M","-5,70%"
"07.04.2025","20,63","18,38","23,42","17,50","791,46M","0,39%"
"04.04.2025","20,55","23,00","23,39","20,51","516,05M","-18,31%"
"03.04.2025","25,15","26,22","26,92","25,06","280,23M","-16,07%"
"02.04.2025","29,97","28,09","30,60","28,05","246,17M","2,23%"
"01.04.2025","29,31","28,34","29,50","27,81","194,20M","2,30%"
"31.03.2025","28,65","27,36","28,81","26,52","213,71M","-0,07%"
"28.03.2025","28,67","30,77","30,91","28,49","207,26M","-7,96%"
"27.03.2025","31,15","31,30","32,12","30,88","144,74M","-1,70%"
"26.03.2025","31,69","33,32","33,49","31,38","159,14M","-5,84%"
"25.03.2025","33,65","33,24","33,69","33,04","111,14M","1,78%"
"24.03.2025","33,06","32,53","33,26","32,41","126,82M","6,35%"
"21.03.2025","31,09","29,76","31,21","29,54","160,98M","0,94%"
"20.03.2025","30,80","30,33","31,82","30,18","176,82M","-1,03%"
"19.03.2025","31,12","30,34","31,95","29,97","185,19M","3,89%"
"18.03.2025","29,95","30,89","30,89","29,50","175,65M","-5,04%"
"17.03.2025","31,55","30,94","32,14","30,58","180,30M","1,94%"
"14.03.2025","30,94","29,85","31,11","29,75","198,22M","7,09%"
"13.03.2025","28,90","30,40","30,42","28,52","242,45M","-5,46%"
"12.03.2025","30,57","30,97","31,33","29,58","283,84M","3,42%"
"11.03.2025","29,56","29,70","30,92","28,69","278,98M","-1,17%"
"10.03.2025","29,91","32,00","32,10","28,94","312,27M","-11,27%"
"07.03.2025","33,71","32,78","34,01","31,44","270,35M","2,07%"
"06.03.2025","33,02","34,19","35,25","32,59","245,65M","-8,29%"
"05.03.2025","36,01","34,78","36,34","33,74","201,27M","3,90%"
"04.03.2025","34,65","34,38","36,38","33,01","261,67M","-1,10%"
"03.03.2025","35,04","38,19","38,53","34,22","183,89M","-6,46%"
"28.02.2025","37,46","35,73","37,58","35,04","186,36M","4,58%"
"27.02.2025","35,82","39,86","40,08","35,74","206,75M","-8,29%"
"26.02.2025","39,06","39,29","40,22","38,35","126,35M","0,64%"
"25.02.2025","38,81","40,17","40,19","37,89","151,19M","-3,82%"
"24.02.2025","40,35","42,25","42,53","40,25","106,47M","-3,60%"
"21.02.2025","41,85","44,88","44,90","41,74","118,63M","-6,26%"
"20.02.2025","44,65","45,03","45,12","43,44","80,27M","-1,22%"
"19.02.2025","45,20","45,00","45,56","44,46","68,52M","0,01%"
"18.02.2025","45,19","45,31","45,38","44,38","68,83M","0,62%"
"14.02.2025","44,92","44,40","45,09","44,30","76,06M","1,17%"
"13.02.2025","44,40","42,99","44,48","42,79","92,92M","4,21%"
"12.02.2025","42,60","41,14","42,80","41,05","96,99M","0,20%"
"11.02.2025","42,51","42,03","42,99","42,01","62,60M","-0,71%"
"10.02.2025","42,82","42,37","43,10","42,25","65,59M","3,52%"
"07.02.2025","41,37","43,13","43,60","41,18","110,87M","-3,81%"
"06.02.2025","43,01","42,48","43,06","42,10","76,43M","1,50%"
"05.02.2025","42,37","41,17","42,41","40,88","79,69M","1,30%"
"04.02.2025","41,83","40,46","41,97","40,37","84,63M","3,63%"
"03.02.2025","40,36","39,26","40,99","38,67","153,26M","-2,42%"
"31.01.2025","41,36","42,46","43,54","41,09","118,67M","-0,54%"
"30.01.2025","41,58","41,74","42,29","40,43","115,17M","1,25%"
"29.01.2025","41,07","41,46","41,49","40,13","118,48M","-0,62%"
"28.01.2025","41,33","39,79","41,58","39,00","101,03M","4,44%"
"27.01.2025","39,57","38,79","40,51","38,59","161,82M","-8,77%"
"24.01.2025","43,38","44,22","44,42","43,01","72,48M","-1,80%"
"23.01.2025","44,17","43,27","44,19","43,13","60,48M","0,62%"
"22.01.2025","43,90","43,42","44,46","43,35","86,27M","3,88%"
"21.01.2025","42,26","42,22","42,58","41,17","83,45M","1,66%"
"17.01.2025","41,57","41,85","41,97","40,92","87,35M","4,93%"
"16.01.2025","39,62","41,01","41,03","39,60","93,06M","-2,04%"
"15.01.2025","40,44","39,65","40,74","39,30","106,92M","6,76%"
"14.01.2025","37,88","38,74","39,03","37,10","125,27M","-0,36%"
"13.01.2025","38,01","37,03","38,10","36,67","113,38M","-1,04%"
"10.01.2025","38,42","39,40","39,41","37,62","145,65M","-4,77%"
"08.01.2025","40,34","40,28","40,71","39,22","96,02M","0,07%"
"07.01.2025","40,31","42,86","42,94","39,85","111,02M","-5,39%"
"06.01.2025","42,60","42,49","43,42","42,01","92,05M","3,41%"
"03.01.2025","41,20","39,99","41,46","39,81","92,43M","4,79%"
"02.01.2025","39,31","40,27","40,80","38,27","141,37M","-0,63%"
"31.12.2024","39,56","40,90","41,08","39,34","105,18M","-2,62%"
"30.12.2024","40,63","40,60","41,53","39,71","102,84M","-4,02%"
"27.12.2024","42,33","43,19","43,29","41,14","102,14M","-4,07%"
"26.12.2024","44,13","43,81","44,54","43,30","59,60M","-0,21%"
"24.12.2024","44,22","42,97","44,24","42,82","48,14M","3,97%"
"23.12.2024","42,53","41,72","42,62","40,92","83,65M","2,44%"
"20.12.2024","41,51","39,53","42,93","39,25","145,24M","2,59%"
"19.12.2024","40,47","42,13","42,27","40,38","113,32M","-1,41%"
"18.12.2024","41,04","45,83","46,28","40,65","134,85M","-10,81%"
"17.12.2024","46,02","46,17","46,45","45,58","69,17M","-1,34%"
"16.12.2024","46,65","45,36","46,89","45,33","69,97M","4,35%"
"13.12.2024","44,70","44,71","45,38","43,92","79,66M","2,15%"
"12.12.2024","43,76","44,06","44,38","43,64","66,35M","-1,98%"
"11.12.2024","44,65","43,44","44,81","43,34","74,90M","5,34%"
"10.12.2024","42,38","43,13","43,56","42,03","71,54M","-1,09%"
"09.12.2024","42,85","43,63","43,83","42,54","69,58M","-2,34%"
"06.12.2024","43,87","42,89","43,93","42,86","62,74M","2,57%"
"05.12.2024","42,77","43,13","43,32","42,67","54,02M","-0,82%"
"04.12.2024","43,13","42,44","43,19","42,26","69,99M","3,65%"
"03.12.2024","41,60","40,90","41,67","40,76","84,81M","0,89%"
"02.12.2024","41,24","40,24","41,47","40,15","73,64M","3,24%"
"29.11.2024","39,94","39,06","40,08","38,93","40,87M","2,55%"
"27.11.2024","38,95","39,65","39,65","38,17","78,46M","-2,42%"
"26.11.2024","39,92","39,65","40,13","39,44","69,75M","1,55%"
"25.11.2024","39,31","40,08","40,44","38,77","91,52M","0,46%"
"22.11.2024","39,13","38,82","39,31","38,44","79,93M","0,37%"
"21.11.2024","38,98","39,28","39,44","37,28","109,87M","0,98%"
"20.11.2024","38,60","38,58","38,65","37,06","101,26M","-0,12%"
"19.11.2024","38,65","37,28","38,78","37,21","80,09M","2,01%"
"18.11.2024","37,88","37,47","38,37","37,15","77,97M","2,02%"
"15.11.2024","37,13","38,63","38,72","36,65","120,60M","-7,23%"
"14.11.2024","40,03","40,79","41,01","39,81","77,65M","-2,12%"
"13.11.2024","40,90","40,93","41,55","40,34","74,99M","-0,44%"
"12.11.2024","41,08","41,27","41,49","40,33","68,29M","-0,54%"
"11.11.2024","41,30","41,67","41,72","40,59","70,81M","-0,18%"
"08.11.2024","41,38","41,11","41,56","40,96","70,06M","0,24%"
"07.11.2024","41,28","40,08","41,47","40,05","99,55M","4,68%"
"06.11.2024","39,43","38,33","39,61","38,10","118,79M","8,12%"
"05.11.2024","36,47","35,47","36,62","35,46","79,35M","3,80%"
"04.11.2024","35,13","35,32","35,88","34,76","82,21M","-0,93%"
"01.11.2024","35,47","35,04","36,18","34,99","96,68M","2,13%"
"31.10.2024","34,72","36,65","36,67","34,71","138,91M","-7,61%"
"30.10.2024","37,58","38,28","38,49","37,47","80,47M","-2,22%"
"29.10.2024","38,44","37,47","38,73","37,03","78,55M","2,77%"
"28.10.2024","37,40","38,10","38,10","37,33","69,16M","0,09%"
"25.10.2024","37,37","37,35","38,50","37,19","114,83M","1,69%"
"24.10.2024","36,75","36,71","36,90","36,12","78,61M","2,38%"
"23.10.2024","35,90","37,08","37,24","35,14","118,17M","-4,62%"
"22.10.2024","37,63","36,90","37,97","36,73","76,31M","0,29%"
"21.10.2024","37,53","37,03","37,71","36,59","75,00M","0,55%"
"18.10.2024","37,32","37,23","37,58","37,06","64,15M","1,77%"
"17.10.2024","36,67","37,79","37,80","36,63","97,70M","0,30%"
"16.10.2024","36,56","36,62","36,74","35,83","70,78M","-0,05%"
"15.10.2024","36,58","38,17","38,33","36,07","106,31M","-3,99%"
"14.10.2024","38,10","37,72","38,41","37,60","67,69M","2,56%"
"11.10.2024","37,15","36,58","37,40","36,45","70,74M","0,26%"
"10.10.2024","37,06","36,66","37,47","36,36","86,06M","-0,35%"
"09.10.2024","37,19","36,26","37,31","36,03","78,70M","2,41%"
"08.10.2024","36,31","35,33","36,49","35,15","77,91M","4,34%"
"07.10.2024","34,80","35,53","35,79","34,53","82,40M","-3,29%"
"04.10.2024","35,99","36,00","36,08","34,89","110,93M","3,52%"
"03.10.2024","34,76","34,37","35,40","34,19","97,75M","-0,23%"
"02.10.2024","34,84","34,51","35,27","33,94","79,12M","0,37%"
"01.10.2024","34,71","36,14","36,22","33,85","134,76M","-4,24%"
"30.09.2024","36,24","35,73","36,31","35,09","86,33M","0,78%"
"27.09.2024","35,97","36,81","36,83","35,69","82,93M","-1,72%"
"26.09.2024","36,60","37,46","37,53","35,79","107,00M","2,12%"
"25.09.2024","35,83","35,57","36,24","35,53","64,72M","0,03%"
"24.09.2024","35,83","35,64","36,04","34,69","81,26M","1,42%"
"23.09.2024","35,33","35,31","35,58","35,02","69,84M","0,74%"
"20.09.2024","35,06","35,08","35,34","34,15","96,76M","-0,64%"
"19.09.2024","35,29","35,15","35,90","34,71","114,80M","7,56%"
"18.09.2024","32,81","33,51","34,38","32,69","166,40M","-1,31%"
"17.09.2024","33,24","33,85","34,13","32,74","103,11M","0,06%"
"16.09.2024","33,22","33,21","33,35","32,51","82,33M","-1,34%"
"13.09.2024","33,67","33,08","33,94","33,03","87,97M","1,31%"
"12.09.2024","33,24","32,31","33,44","31,94","110,35M","2,96%"
"11.09.2024","32,28","30,59","32,47","28,89","163,48M","6,38%"
"10.09.2024","30,35","29,89","30,46","29,10","91,58M","2,69%"
"09.09.2024","29,56","29,28","29,74","28,67","110,83M","3,72%"
"06.09.2024","28,50","30,81","30,99","28,36","169,90M","-8,11%"
"05.09.2024","31,01","30,57","31,86","30,36","110,17M","0,32%"
"04.09.2024","30,91","30,52","31,68","30,33","96,80M","-0,85%"
"03.09.2024","31,17","33,63","33,66","30,65","147,57M","-9,12%"
"30.08.2024","34,31","34,06","34,44","33,09","92,95M","3,41%"
"29.08.2024","33,17","33,72","34,72","32,90","120,03M","-0,52%"
"28.08.2024","33,35","34,40","34,56","32,58","118,63M","-3,39%"
"27.08.2024","34,52","33,87","34,75","33,42","71,53M","0,85%"
"26.08.2024","34,23","35,13","35,33","33,76","84,98M","-2,93%"
"23.08.2024","35,26","35,10","35,86","34,25","128,75M","3,14%"
"22.08.2024","34,19","36,43","36,58","33,96","127,50M","-4,80%"
"21.08.2024","35,92","35,59","36,33","35,21","103,00M","1,37%"
"20.08.2024","35,43","35,45","36,03","35,04","97,86M","-0,62%"
"19.08.2024","35,65","34,34","35,67","33,94","91,60M","3,88%"
"16.08.2024","34,32","33,81","34,63","33,60","89,68M","0,26%"
"15.08.2024","34,23","33,06","34,31","32,99","106,42M","7,52%"
"14.08.2024","31,83","32,00","32,32","30,93","124,71M","0,17%"
"13.08.2024","31,78","30,48","31,85","30,45","108,96M","7,27%"
"12.08.2024","29,63","29,61","30,20","29,06","108,97M","0,68%"
"09.08.2024","29,42","28,72","29,76","28,50","125,59M","1,36%"
"08.08.2024","29,03","27,73","29,17","27,00","152,88M","9,16%"
"07.08.2024","26,59","28,78","29,25","26,50","182,75M","-3,22%"
"06.08.2024","27,48","27,07","28,88","26,57","192,91M","2,50%"
"05.08.2024","26,81","24,67","28,09","24,40","287,92M","-8,72%"
"02.08.2024","29,37","29,83","30,36","28,50","209,84M","-7,29%"
"01.08.2024","31,68","34,29","35,11","30,85","210,69M","-7,21%"
"31.07.2024","34,14","33,49","34,50","33,19","173,41M","8,74%"
"30.07.2024","31,40","33,14","33,30","30,67","143,06M","-4,08%"
"29.07.2024","32,73","33,13","33,59","32,26","115,64M","0,58%"
"26.07.2024","32,54","32,50","33,17","31,89","137,41M","2,86%"
"25.07.2024","31,64","32,78","33,67","31,07","188,13M","-3,33%"
"24.07.2024","32,72","35,12","35,19","32,52","159,58M","-10,78%"
"23.07.2024","36,68","36,87","37,56","36,57","87,13M","-1,08%"
"22.07.2024","37,08","36,83","37,31","36,06","112,81M","4,36%"
"19.07.2024","35,53","36,40","36,99","35,22","118,25M","-2,71%"
"18.07.2024","36,52","37,90","37,96","35,78","131,68M","-1,50%"
"17.07.2024","37,08","38,67","38,78","37,04","142,84M","-8,79%"
"16.07.2024","40,65","40,97","41,17","39,87","83,64M","0,07%"
"15.07.2024","40,62","40,74","41,81","40,12","109,90M","0,74%"
"12.07.2024","40,32","39,76","41,47","39,65","101,02M","1,63%"
"11.07.2024","39,67","42,49","42,53","39,35","149,33M","-6,57%"
"10.07.2024","42,47","41,66","42,60","41,34","77,55M","3,13%"
"09.07.2024","41,17","41,46","41,74","40,81","72,37M","0,22%"
"08.07.2024","41,08","40,90","41,23","40,64","73,37M","0,66%"
"05.07.2024","40,81","39,78","40,92","39,72","79,62M","3,03%"
"03.07.2024","39,62","38,47","39,65","38,47","56,15M","2,46%"
"02.07.2024","38,67","37,15","38,69","37,12","74,95M","3,07%"
"01.07.2024","37,51","37,08","37,64","36,21","86,56M","1,64%"
"28.06.2024","36,91","37,65","38,76","36,73","107,80M","-1,57%"
"27.06.2024","37,50","37,16","37,85","36,96","74,12M","0,73%"
"26.06.2024","37,23","36,80","37,35","36,71","72,55M","0,24%"
"25.06.2024","37,14","36,40","37,22","36,19","78,61M","3,34%"
"24.06.2024","35,94","36,91","37,31","35,90","93,75M","-3,39%"
"21.06.2024","37,20","37,45","37,76","36,86","77,71M","-0,92%"
"20.06.2024","37,54","38,73","38,83","37,11","105,46M","-2,35%"
"18.06.2024","38,45","38,42","38,62","38,03","66,43M","0,05%"
"17.06.2024","38,43","37,14","38,86","36,83","93,35M","3,63%"
"14.06.2024","37,08","36,47","37,10","36,37","71,55M","1,45%"
"13.06.2024","36,56","36,78","36,94","36,03","87,29M","1,60%"
"12.06.2024","35,98","35,51","36,51","35,36","124,40M","3,94%"
"11.06.2024","34,62","33,66","34,66","33,33","71,39M","2,06%"
"10.06.2024","33,92","33,29","34,03","33,24","72,45M","1,06%"
"07.06.2024","33,56","33,56","34,16","33,31","89,94M","-0,37%"
"06.06.2024","33,69","33,87","33,94","33,42","73,03M","-0,12%"
"05.06.2024","33,72","32,56","33,74","32,33","104,87M","6,04%"
"04.06.2024","31,81","31,50","32,06","31,14","88,49M","0,74%"
"03.06.2024","31,57","31,86","32,07","30,48","111,43M","0,98%"
"31.05.2024","31,26","31,30","31,44","29,48","143,75M","-0,11%"
"30.05.2024","31,30","32,13","32,15","31,00","85,56M","-3,22%"
"29.05.2024","32,34","32,12","32,72","32,10","79,28M","-2,09%"
"28.05.2024","33,03","32,93","33,05","32,40","83,19M","1,09%"
"24.05.2024","32,67","32,13","32,94","31,97","82,56M","2,80%"
"23.05.2024","31,78","33,25","33,26","31,40","130,88M","-1,49%"
"22.05.2024","32,26","32,35","32,50","31,71","80,04M","-0,06%"
"21.05.2024","32,28","31,72","32,33","31,67","62,31M","0,51%"
"20.05.2024","32,12","31,51","32,26","31,47","74,54M","2,07%"
"17.05.2024","31,47","31,55","31,68","31,01","70,10M","-0,22%"
"16.05.2024","31,54","31,68","32,10","31,50","87,72M","-0,61%"
"15.05.2024","31,74","30,84","31,81","30,53","130,48M","4,62%"
"14.05.2024","30,33","29,68","30,45","29,64","92,95M","1,86%"
"13.05.2024","29,78","29,96","29,99","29,49","67,72M","0,66%"
"10.05.2024","29,58","29,68","30,03","29,27","92,67M","0,68%"
"09.05.2024","29,39","29,25","29,50","28,88","81,44M","0,55%"
"08.05.2024","29,23","28,75","29,51","28,73","78,03M","-0,19%"
"07.05.2024","29,28","29,36","29,61","29,14","93,32M","0,00%"
"06.05.2024","29,28","28,71","29,30","28,56","82,53M","3,28%"
"03.05.2024","28,35","28,17","28,56","27,86","150,88M","5,96%"
"02.05.2024","26,75","26,46","26,92","25,60","124,83M","3,70%"
"01.05.2024","25,80","26,08","27,40","25,64","208,08M","-2,15%"
"30.04.2024","26,37","27,65","27,92","26,37","125,25M","-5,73%"
"29.04.2024","27,97","28,04","28,17","27,44","102,35M","1,19%"
"26.04.2024","27,64","27,01","27,93","26,89","135,99M","4,60%"
"25.04.2024","26,42","25,45","26,59","25,24","172,83M","-1,60%"
"24.04.2024","26,85","27,16","27,45","26,42","144,32M","0,98%"
"23.04.2024","26,59","25,81","26,81","25,75","151,84M","4,46%"
"22.04.2024","25,46","25,19","25,88","24,58","142,60M","2,91%"
"19.04.2024","24,74","26,14","26,24","24,42","250,81M","-6,20%"
"18.04.2024","26,38","26,94","27,28","26,25","172,78M","-1,79%"
"17.04.2024","26,85","28,27","28,27","26,67","171,03M","-3,71%"
"16.04.2024","27,89","27,84","28,41","27,62","163,77M","0,00%"
"15.04.2024","27,89","30,10","30,11","27,72","203,66M","-5,02%"
"12.04.2024","29,36","29,94","30,17","29,06","172,59M","-4,83%"
"11.04.2024","30,85","29,81","31,03","29,34","146,93M","4,70%"
"10.04.2024","29,47","29,18","29,64","29,03","202,08M","-2,63%"
"09.04.2024","30,26","30,41","30,47","29,29","120,31M","1,04%"
"08.04.2024","29,95","30,10","30,33","29,66","89,73M","0,07%"
"05.04.2024","29,93","29,20","30,46","29,03","154,90M","3,53%"
"04.04.2024","28,91","31,17","31,30","28,87","167,52M","-4,71%"
"03.04.2024","30,34","29,70","30,73","29,69","111,68M","0,66%"
"02.04.2024","30,14","29,93","30,21","29,50","109,67M","-2,68%"
"01.04.2024","30,97","30,96","31,50","30,56","112,29M","0,62%"
"28.03.2024","30,78","30,94","31,11","30,70","87,02M","-0,63%"
"27.03.2024","30,98","31,28","31,32","30,35","111,39M","0,88%"
"26.03.2024","30,70","31,31","31,50","30,64","93,99M","-0,94%"
"25.03.2024","31,00","30,74","31,32","30,53","86,67M","-1,02%"
"22.03.2024","31,32","31,14","31,58","30,95","91,57M","0,21%"
"21.03.2024","31,25","31,88","31,98","31,21","126,54M","1,30%"
"20.03.2024","30,85","30,03","30,92","29,68","156,56M","3,18%"
"19.03.2024","29,90","29,27","29,99","28,84","118,81M","0,69%"
"18.03.2024","29,69","29,94","30,40","29,65","129,19M","2,82%"
"15.03.2024","28,88","29,34","29,46","28,64","140,88M","-3,65%"
"14.03.2024","29,98","30,43","30,55","29,40","162,48M","-0,81%"
"13.03.2024","30,22","30,72","30,73","29,98","143,78M","-2,33%"
"12.03.2024","30,94","30,15","31,02","29,48","170,56M","4,25%"
"11.03.2024","29,68","29,70","29,94","29,28","146,77M","-1,17%"
"08.03.2024","30,03","31,46","32,06","29,89","296,45M","-4,38%"
"07.03.2024","31,41","30,77","31,66","30,46","142,37M","4,46%"
"06.03.2024","30,07","30,37","30,71","29,67","181,68M","1,85%"
"05.03.2024","29,52","30,55","30,55","29,01","193,21M","-5,35%"
"04.03.2024","31,19","31,55","31,64","31,15","120,42M","-1,19%"
"01.03.2024","31,57","30,38","31,75","30,36","140,96M","4,59%"
"29.02.2024","30,18","30,04","30,42","29,39","136,96M","2,41%"
"28.02.2024","29,47","29,51","29,76","29,28","123,50M","-1,62%"
"27.02.2024","29,95","29,98","30,05","29,43","109,40M","0,62%"
"26.02.2024","29,77","29,97","30,18","29,72","109,88M","-0,13%"
"23.02.2024","29,81","30,42","30,61","29,61","140,39M","-0,91%"
"22.02.2024","30,08","29,39","30,30","29,25","179,28M","8,65%"
"21.02.2024","27,69","27,49","27,71","26,91","154,59M","-1,25%"
"20.02.2024","28,04","28,29","28,59","27,27","163,32M","-2,32%"
"16.02.2024","28,70","29,58","29,60","28,56","151,93M","-2,74%"
"15.02.2024","29,51","29,41","29,61","28,86","130,06M","0,84%"
"14.02.2024","29,27","28,90","29,38","28,43","156,15M","3,17%"
"13.02.2024","28,37","28,12","28,93","27,72","188,93M","-4,73%"
"12.02.2024","29,78","30,10","30,57","29,64","116,25M","-1,18%"
"09.02.2024","30,14","29,51","30,31","29,36","110,22M","2,94%"
"08.02.2024","29,27","29,16","29,44","29,01","98,92M","0,41%"
"07.02.2024","29,16","28,84","29,33","28,58","131,82M","2,98%"
"06.02.2024","28,31","28,69","28,82","27,82","140,12M","-0,58%"
"05.02.2024","28,48","28,59","28,71","27,78","139,95M","-0,51%"
"02.02.2024","28,62","27,59","28,84","27,40","198,50M","5,03%"
"01.02.2024","27,25","26,65","27,32","26,45","162,26M","3,53%"
"31.01.2024","26,32","27,09","27,49","26,29","203,45M","-5,88%"
"30.01.2024","27,97","28,34","28,46","27,80","119,55M","-2,00%"
"29.01.2024","28,53","27,81","28,60","27,67","115,98M","2,94%"
"26.01.2024","27,72","27,84","28,19","27,59","128,38M","-1,84%"
"25.01.2024","28,24","28,63","28,76","27,76","151,40M","0,28%"
"24.01.2024","28,16","28,48","28,95","28,06","179,72M","1,64%"
"23.01.2024","27,70","27,50","27,74","27,14","112,17M","1,19%"
"22.01.2024","27,38","27,70","27,96","27,26","149,66M","0,40%"
"19.01.2024","27,27","26,16","27,31","26,05","186,36M","5,78%"
"18.01.2024","25,78","25,30","25,86","25,06","182,14M","4,29%"
"17.01.2024","24,72","24,53","24,80","23,93","166,55M","-1,73%"
"16.01.2024","25,16","24,94","25,45","24,67","145,87M","-0,06%"
"12.01.2024","25,17","25,33","25,49","24,92","128,21M","0,12%"
"11.01.2024","25,14","25,23","25,49","24,20","190,23M","0,48%"
"10.01.2024","25,02","24,58","25,20","24,42","147,62M","1,98%"
"09.01.2024","24,53","23,83","24,70","23,81","148,43M","0,66%"
"08.01.2024","24,38","23,19","24,45","23,17","135,37M","6,02%"
"05.01.2024","22,99","22,93","23,46","22,74","170,48M","0,37%"
"04.01.2024","22,91","22,93","23,49","22,86","143,74M","-1,67%"
"03.01.2024","23,30","23,58","23,77","23,22","167,81M","-3,20%"
"02.01.2024","24,07","24,67","24,72","23,63","176,27M","-5,07%"
"29.12.2023","25,35","25,69","25,76","25,00","134,25M","-1,38%"
"28.12.2023","25,70","25,96","26,00","25,64","85,77M","-0,25%"
"27.12.2023","25,77","25,67","25,83","25,51","111,50M","0,53%"
"26.12.2023","25,64","25,32","25,75","25,31","87,37M","1,83%"
"22.12.2023","25,17","25,30","25,47","24,82","132,42M","0,41%"
"21.12.2023","25,07","24,94","25,14","24,47","149,09M","3,31%"
"20.12.2023","24,27","25,24","25,64","24,23","176,17M","-4,86%"
"19.12.2023","25,51","25,21","25,53","25,18","120,35M","1,49%"
"18.12.2023","25,14","24,75","25,30","24,68","116,44M","2,09%"
"15.12.2023","24,62","24,47","24,90","24,35","156,73M","1,19%"
"14.12.2023","24,33","24,63","24,86","23,78","202,70M","-0,16%"
"13.12.2023","24,37","23,69","24,53","23,55","230,08M","3,53%"
"12.12.2023","23,54","22,99","23,55","22,78","142,90M","2,41%"
"11.12.2023","22,99","22,33","23,04","22,30","151,54M","2,54%"
"08.12.2023","22,42","21,83","22,50","21,79","181,79M","1,20%"
"07.12.2023","22,15","21,74","22,27","21,56","162,76M","4,19%"
"06.12.2023","21,26","22,14","22,16","21,20","163,00M","-1,78%"
"05.12.2023","21,65","21,16","21,85","21,13","167,54M","0,72%"
"04.12.2023","21,49","21,45","21,54","20,86","181,14M","-2,85%"
"01.12.2023","22,12","21,75","22,22","21,46","172,94M","0,84%"
"30.11.2023","21,93","22,15","22,23","21,42","186,39M","-0,84%"
"29.11.2023","22,12","22,62","22,86","22,07","177,52M","-0,36%"
"28.11.2023","22,20","21,90","22,30","21,83","158,35M","0,79%"
"27.11.2023","22,02","22,00","22,37","21,88","121,86M","-0,29%"
"24.11.2023","22,09","22,13","22,23","21,92","63,98M","-0,50%"
"22.11.2023","22,20","22,28","22,71","22,03","171,86M","1,16%"
"21.11.2023","21,94","22,05","22,08","21,65","148,28M","-1,81%"
"20.11.2023","22,35","21,58","22,48","21,57","166,58M","3,57%"
"17.11.2023","21,58","21,44","21,75","21,28","157,87M","0,07%"
"16.11.2023","21,57","21,38","21,60","21,17","178,04M","0,16%"
"15.11.2023","21,53","21,81","21,89","21,30","218,43M","0,28%"
"14.11.2023","21,47","21,24","21,64","21,15","233,55M","6,29%"
"13.11.2023","20,20","20,13","20,36","19,88","180,43M","-0,91%"
"10.11.2023","20,39","19,38","20,42","19,29","249,58M","6,67%"
"09.11.2023","19,11","19,67","19,85","19,03","258,37M","-2,38%"
"08.11.2023","19,58","19,60","19,72","19,22","187,96M","0,18%"
"07.11.2023","19,54","19,17","19,68","18,99","204,50M","2,82%"
"06.11.2023","19,00","18,91","19,10","18,66","183,60M","1,14%"
"03.11.2023","18,79","18,35","18,99","18,32","228,66M","3,53%"
"02.11.2023","18,15","17,88","18,19","17,70","234,13M","5,31%"
"01.11.2023","17,24","16,50","17,32","16,49","332,64M","5,16%"
"31.10.2023","16,39","16,16","16,44","15,80","222,92M","1,45%"
"30.10.2023","16,16","15,98","16,34","15,79","264,31M","3,23%"
"27.10.2023","15,65","15,79","16,11","15,48","294,70M","1,43%"
"26.10.2023","15,43","16,19","16,32","15,23","374,05M","-5,83%"
"25.10.2023","16,39","17,32","17,34","16,29","328,36M","-7,32%"
"24.10.2023","17,68","17,45","17,80","17,20","245,07M","2,82%"
"23.10.2023","17,19","16,84","17,70","16,53","263,60M","0,88%"
"20.10.2023","17,05","17,76","17,85","17,01","277,72M","-4,51%"
"19.10.2023","17,85","18,58","18,75","17,72","370,05M","-2,67%"
"18.10.2023","18,34","18,74","19,09","18,17","263,17M","-4,23%"
"17.10.2023","19,15","18,76","19,41","18,42","210,39M","-0,96%"
"16.10.2023","19,33","18,91","19,50","18,89","173,15M","3,37%"
"13.10.2023","18,70","19,55","19,64","18,49","260,19M","-3,78%"
"12.10.2023","19,44","19,74","20,02","19,06","236,51M","-1,17%"
"11.10.2023","19,67","19,47","19,71","19,20","191,71M","2,13%"
"10.10.2023","19,26","19,00","19,68","18,92","216,11M","1,64%"
"09.10.2023","18,95","18,31","19,05","18,07","210,97M","1,47%"
"06.10.2023","18,67","17,33","18,84","17,20","294,90M","5,03%"
"05.10.2023","17,78","17,94","18,00","17,25","218,01M","-1,06%"
"04.10.2023","17,97","17,39","18,09","17,32","252,76M","4,05%"
"03.10.2023","17,27","17,85","18,19","17,02","266,54M","-5,29%"
"02.10.2023","18,24","17,83","18,45","17,74","236,46M","2,39%"
"29.09.2023","17,81","18,29","18,50","17,61","286,86M","0,23%"
"28.09.2023","17,77","17,19","18,08","17,07","268,15M","2,42%"
"27.09.2023","17,35","17,40","17,63","16,82","256,87M","0,61%"
"26.09.2023","17,25","17,66","17,74","17,08","210,68M","-4,46%"
"25.09.2023","18,05","17,66","18,07","17,50","162,54M","1,33%"
"22.09.2023","17,81","18,07","18,39","17,76","188,18M","0,07%"
"21.09.2023","17,80","18,27","18,39","17,78","216,82M","-5,70%"
"20.09.2023","18,88","19,89","19,95","18,85","196,04M","-4,67%"
"19.09.2023","19,80","19,70","19,91","19,30","148,74M","-0,60%"
"18.09.2023","19,92","19,72","20,11","19,67","124,80M","0,23%"
"15.09.2023","19,88","20,73","20,79","19,72","179,84M","-5,13%"
"14.09.2023","20,95","20,75","21,12","20,40","152,38M","2,34%"
"13.09.2023","20,47","20,29","20,74","20,09","170,85M","0,99%"
"12.09.2023","20,27","20,67","20,90","20,20","155,52M","-3,20%"
"11.09.2023","20,94","20,75","21,05","20,42","141,71M","3,41%"
"08.09.2023","20,25","20,16","20,62","20,08","149,77M","0,30%"
"07.09.2023","20,19","19,87","20,30","19,69","168,62M","-2,18%"
"06.09.2023","20,64","21,07","21,12","20,29","148,06M","-2,64%"
"05.09.2023","21,20","20,99","21,41","20,83","123,78M","0,26%"
"01.09.2023","21,15","21,60","21,68","20,88","165,06M","-0,35%"
"31.08.2023","21,22","21,02","21,49","21,01","162,24M","0,90%"
"30.08.2023","21,03","20,72","21,14","20,54","185,96M","1,67%"
"29.08.2023","20,68","19,40","20,76","19,35","187,50M","6,38%"
"28.08.2023","19,44","19,48","19,58","19,04","182,64M","2,23%"
"25.08.2023","19,02","18,72","19,28","18,17","278,29M","2,37%"
"24.08.2023","18,58","20,44","20,45","18,55","232,40M","-6,59%"
"23.08.2023","19,89","19,17","20,06","19,14","175,45M","4,71%"
"22.08.2023","19,00","19,49","19,49","18,89","180,79M","-0,45%"
"21.08.2023","19,08","18,43","19,19","18,35","191,49M","4,84%"
"18.08.2023","18,20","17,76","18,40","17,68","247,00M","-0,46%"
"17.08.2023","18,28","19,13","19,18","18,22","210,23M","-3,38%"
"16.08.2023","18,92","19,46","19,71","18,91","190,22M","-3,32%"
"15.08.2023","19,58","20,03","20,17","19,44","162,55M","-3,07%"
"14.08.2023","20,19","19,42","20,22","19,30","142,55M","3,33%"
"11.08.2023","19,55","19,51","19,84","19,30","201,57M","-2,01%"
"10.08.2023","19,94","20,33","20,88","19,69","260,55M","0,45%"
"09.08.2023","19,85","20,58","20,60","19,73","199,43M","-3,33%"
"08.08.2023","20,54","20,65","20,65","20,00","188,78M","-2,56%"
"07.08.2023","21,08","20,86","21,10","20,47","149,79M","2,48%"
"04.08.2023","20,57","21,19","21,58","20,49","247,45M","-1,39%"
"03.08.2023","20,86","20,56","21,23","20,52","202,70M","-0,71%"
"02.08.2023","21,01","21,84","21,85","20,76","258,04M","-6,54%"
"01.08.2023","22,48","22,40","22,61","22,11","154,49M","-0,77%"
"31.07.2023","22,66","22,67","22,85","22,41","159,01M","0,20%"
"28.07.2023","22,61","22,15","22,80","22,07","204,49M","5,41%"
"27.07.2023","21,45","22,56","22,84","21,23","261,10M","-0,86%"
"26.07.2023","21,64","21,66","21,92","21,22","205,76M","-1,03%"
"25.07.2023","21,86","21,54","22,14","21,54","138,20M","2,01%"
"24.07.2023","21,43","21,49","21,66","21,10","126,43M","0,40%"
"21.07.2023","21,34","21,94","22,09","21,25","205,11M","-0,88%"
"20.07.2023","21,53","22,58","22,85","21,34","233,86M","-7,02%"
"19.07.2023","23,16","23,36","23,57","22,91","200,57M","0,00%"
"18.07.2023","23,16","22,51","23,42","22,16","196,63M","2,39%"
"17.07.2023","22,62","22,14","22,78","22,06","145,53M","2,77%"
"14.07.2023","22,01","22,11","22,68","21,86","186,06M","-0,09%"
"13.07.2023","22,03","21,51","22,18","21,42","164,77M","4,98%"
"12.07.2023","20,99","20,92","21,22","20,58","230,34M","3,71%"
"11.07.2023","20,24","20,01","20,31","19,65","162,48M","1,43%"
"10.07.2023","19,95","19,88","20,05","19,47","172,01M","0,08%"
"07.07.2023","19,93","20,09","20,63","19,89","168,62M","-1,02%"
"06.07.2023","20,14","19,99","20,21","19,65","170,47M","-2,35%"
"05.07.2023","20,63","20,36","20,92","20,35","139,01M","-0,07%"
"03.07.2023","20,64","20,60","20,75","20,42","79,87M","0,68%"
"30.06.2023","20,50","20,20","20,67","20,15","184,31M","4,51%"
"29.06.2023","19,61","19,68","19,78","19,33","198,27M","-0,68%"
"28.06.2023","19,75","19,33","20,07","19,32","217,35M","0,61%"
"27.06.2023","19,63","18,92","19,75","18,80","195,35M","4,95%"
"26.06.2023","18,70","19,38","19,83","18,67","216,90M","-3,95%"
"23.06.2023","19,48","19,42","19,85","19,19","225,15M","-2,96%"
"22.06.2023","20,07","19,18","20,09","19,12","210,20M","3,32%"
"21.06.2023","19,42","20,04","20,11","19,25","199,27M","-4,31%"
"20.06.2023","20,30","20,15","20,54","19,80","168,25M","-0,49%"
"16.06.2023","20,40","21,20","21,22","20,33","224,81M","-1,92%"
"15.06.2023","20,80","19,87","21,05","19,75","255,87M","3,51%"
"14.06.2023","20,09","19,67","20,15","19,21","305,31M","2,13%"
"13.06.2023","19,67","19,68","19,82","19,16","266,53M","2,23%"
"12.06.2023","19,25","18,58","19,25","18,42","155,96M","5,11%"
"09.06.2023","18,31","18,34","18,81","18,10","207,94M","1,22%"
"08.06.2023","18,09","17,51","18,19","17,48","188,15M","3,43%"
"07.06.2023","17,49","18,47","18,78","17,39","228,49M","-5,10%"
"06.06.2023","18,43","18,34","18,58","18,13","159,51M","-0,11%"
"05.06.2023","18,45","18,38","18,85","18,28","206,26M","0,22%"
"02.06.2023","18,41","18,28","18,59","18,00","216,51M","2,25%"
"01.06.2023","18,00","17,37","18,22","17,20","216,76M","3,63%"
"31.05.2023","17,38","17,49","17,79","17,20","210,29M","-2,03%"
"30.05.2023","17,74","18,16","18,33","17,52","270,61M","1,40%"
"26.05.2023","17,49","16,41","17,63","16,40","252,78M","7,56%"
"25.05.2023","16,26","16,18","16,43","15,84","261,75M","7,22%"
"24.05.2023","15,16","15,14","15,35","14,89","235,95M","-1,62%"
"23.05.2023","15,41","15,78","15,95","15,36","212,63M","-3,87%"
"22.05.2023","16,03","15,84","16,18","15,84","166,62M","1,04%"
"19.05.2023","15,87","16,01","16,12","15,73","198,06M","-0,69%"
"18.05.2023","15,98","15,20","16,02","15,20","271,87M","5,37%"
"17.05.2023","15,16","14,77","15,24","14,61","202,21M","3,59%"
"16.05.2023","14,64","14,49","14,87","14,48","159,33M","0,38%"
"15.05.2023","14,59","14,43","14,63","14,22","172,94M","1,53%"
"12.05.2023","14,36","14,59","14,65","14,09","210,76M","-1,03%"
"11.05.2023","14,52","14,45","14,59","14,24","194,68M","0,83%"
"10.05.2023","14,40","14,26","14,51","13,94","303,10M","3,23%"
"09.05.2023","13,94","13,99","14,11","13,90","129,68M","-1,93%"
"08.05.2023","14,22","14,05","14,27","13,91","151,48M","0,82%"
"05.05.2023","14,10","13,56","14,23","13,52","195,60M","6,13%"
"04.05.2023","13,29","13,39","13,54","13,14","242,62M","-1,12%"
"03.05.2023","13,44","13,75","14,10","13,41","340,27M","-1,97%"
"02.05.2023","13,71","14,07","14,11","13,48","249,31M","-2,66%"
"01.05.2023","14,09","14,07","14,27","13,94","178,00M","-0,28%"
"28.04.2023","14,13","13,82","14,14","13,66","261,07M","2,02%"
"27.04.2023","13,85","13,28","13,91","13,19","255,63M","8,08%"
"26.04.2023","12,81","13,01","13,19","12,76","249,72M","1,67%"
"25.04.2023","12,60","13,14","13,23","12,59","276,58M","-5,65%"
"24.04.2023","13,35","13,40","13,59","13,07","215,29M","-0,60%"
"21.04.2023","13,44","13,35","13,55","13,13","228,89M","0,19%"
"20.04.2023","13,41","13,34","13,79","13,23","273,70M","-2,33%"
"19.04.2023","13,73","13,44","13,87","13,42","191,85M","-0,22%"
"18.04.2023","13,76","14,03","14,09","13,60","212,83M","0,07%"
"17.04.2023","13,75","13,68","13,81","13,40","228,62M","0,11%"
"14.04.2023","13,73","13,60","13,97","13,35","285,33M","-0,58%"
"13.04.2023","13,81","13,27","13,87","13,24","247,52M","5,74%"
"12.04.2023","13,06","13,67","13,74","13,00","348,04M","-2,65%"
"11.04.2023","13,42","13,68","13,69","13,35","208,52M","-1,94%"
"10.04.2023","13,69","13,32","13,69","13,09","237,06M","-0,22%"
"06.04.2023","13,72","13,23","13,78","13,06","241,92M","2,01%"
"05.04.2023","13,44","13,73","13,76","13,20","258,27M","-3,20%"
"04.04.2023","13,89","14,08","14,22","13,71","232,18M","-1,00%"
"03.04.2023","14,03","13,84","14,06","13,66","250,23M","-0,71%"
"31.03.2023","14,13","13,50","14,16","13,45","254,04M","4,90%"
"30.03.2023","13,47","13,41","13,55","13,24","260,30M","2,71%"
"29.03.2023","13,11","12,88","13,19","12,78","238,73M","5,47%"
"28.03.2023","12,44","12,57","12,57","12,15","236,04M","-1,66%"
"27.03.2023","12,65","12,99","13,13","12,53","273,59M","-2,05%"
"24.03.2023","12,91","12,72","12,92","12,42","339,59M","1,02%"
"23.03.2023","12,78","12,80","13,30","12,44","392,99M","3,57%"
"22.03.2023","12,34","12,85","13,48","12,32","475,84M","-4,64%"
"21.03.2023","12,94","12,65","13,00","12,47","270,29M","4,23%"
"20.03.2023","12,41","12,22","12,46","11,94","328,36M","1,06%"
"17.03.2023","12,28","12,47","12,76","12,05","403,54M","-1,48%"
"16.03.2023","12,47","11,44","12,52","11,36","458,03M","7,92%"
"15.03.2023","11,56","11,09","11,61","10,91","549,12M","1,45%"
"14.03.2023","11,39","11,06","11,45","10,96","434,33M","6,80%"
"13.03.2023","10,66","10,23","11,07","10,06","659,08M","2,16%"
"10.03.2023","10,44","10,91","11,08","10,31","629,72M","-4,13%"
"09.03.2023","10,89","11,56","11,85","10,80","393,67M","-5,26%"
"08.03.2023","11,49","11,38","11,57","11,16","290,99M","1,37%"
"07.03.2023","11,34","11,78","11,89","11,26","352,66M","-3,74%"
"06.03.2023","11,78","11,88","12,24","11,75","303,70M","0,43%"
"03.03.2023","11,73","11,25","11,77","11,19","303,35M","6,11%"
"02.03.2023","11,06","10,51","11,15","10,48","318,98M","2,41%"
"01.03.2023","10,80","11,03","11,10","10,69","308,77M","-2,44%"
"28.02.2023","11,06","11,04","11,36","11,00","254,63M","-0,49%"
"27.02.2023","11,12","11,24","11,40","11,05","277,51M","2,16%"
"24.02.2023","10,89","10,88","11,02","10,68","345,56M","-5,06%"
"23.02.2023","11,47","11,59","11,61","10,98","359,54M","2,50%"
"22.02.2023","11,19","11,23","11,43","10,99","334,68M","0,09%"
"21.02.2023","11,18","11,55","11,73","11,15","300,94M","-7,03%"
"17.02.2023","12,02","12,02","12,11","11,65","389,80M","-2,16%"
"16.02.2023","12,28","12,41","12,94","12,27","388,99M","-5,72%"
"15.02.2023","13,03","12,51","13,05","12,43","277,31M","2,24%"
"14.02.2023","12,74","12,27","12,87","12,02","511,47M","2,16%"
"13.02.2023","12,48","12,07","12,55","11,93","279,74M","4,74%"
"10.02.2023","11,91","11,88","12,13","11,61","367,86M","-2,06%"
"09.02.2023","12,16","13,02","13,05","11,97","395,20M","-2,68%"
"08.02.2023","12,49","13,02","13,15","12,40","362,51M","-5,38%"
"07.02.2023","13,20","12,41","13,35","12,27","519,79M","6,19%"
"06.02.2023","12,44","12,42","12,73","12,26","323,63M","-2,55%"
"03.02.2023","12,76","12,60","13,57","12,56","534,81M","-5,17%"
"02.02.2023","13,45","12,98","13,73","12,88","535,77M","10,33%"
"01.02.2023","12,19","11,43","12,48","11,18","543,28M","6,46%"
"31.01.2023","11,45","10,97","11,46","10,95","316,51M","4,47%"
"30.01.2023","10,97","11,27","11,45","10,93","347,82M","-6,00%"
"27.01.2023","11,66","11,18","11,91","11,16","376,82M","2,87%"
"26.01.2023","11,34","11,11","11,36","10,80","406,84M","5,78%"
"25.01.2023","10,72","10,28","10,80","9,99","436,17M","-0,74%"
"24.01.2023","10,80","10,68","10,93","10,62","290,01M","-0,60%"
"23.01.2023","10,86","10,27","11,00","10,19","388,08M","6,57%"
"20.01.2023","10,19","9,59","10,23","9,48","322,65M","8,17%"
"19.01.2023","9,43","9,53","9,65","9,29","332,74M","-3,13%"
"18.01.2023","9,73","10,29","10,45","9,69","373,30M","-3,71%"
"17.01.2023","10,10","10,03","10,26","9,90","279,52M","0,55%"
"13.01.2023","10,05","9,59","10,09","9,55","319,57M","1,98%"
"12.01.2023","9,85","9,76","9,96","9,30","561,85M","1,55%"
"11.01.2023","9,70","9,34","9,72","9,26","302,55M","4,98%"
"10.01.2023","9,24","8,91","9,24","8,85","328,72M","2,67%"
"09.01.2023","9,01","9,04","9,48","8,95","372,04M","2,10%"
"06.01.2023","8,82","8,32","8,95","8,05","466,90M","7,82%"
"05.01.2023","8,18","8,40","8,43","8,14","362,50M","-4,72%"
"04.01.2023","8,59","8,66","8,74","8,27","435,27M","1,54%"
"03.01.2023","8,45","8,87","9,02","8,23","359,85M","-2,25%"
"30.12.2022","8,65","8,38","8,65","8,25","301,94M","0,00%"
"29.12.2022","8,65","8,34","8,75","8,27","306,11M","7,05%"
"28.12.2022","8,08","8,38","8,60","8,05","364,87M","-4,04%"
"27.12.2022","8,42","8,73","8,74","8,36","263,20M","-4,26%"
"23.12.2022","8,80","8,60","8,86","8,41","330,13M","0,29%"
"22.12.2022","8,77","9,11","9,12","8,29","460,90M","-7,59%"
"21.12.2022","9,49","9,20","9,63","9,12","326,37M","4,34%"
"20.12.2022","9,10","9,00","9,28","8,84","345,76M","-0,44%"
"19.12.2022","9,14","9,55","9,56","8,99","310,53M","-4,14%"
"16.12.2022","9,53","9,74","9,90","9,35","351,28M","-2,95%"
"15.12.2022","9,82","10,43","10,51","9,68","428,05M","-9,91%"
"14.12.2022","10,90","11,10","11,49","10,54","578,91M","-2,37%"
"13.12.2022","11,16","12,09","12,11","10,86","695,39M","3,14%"
"12.12.2022","10,82","10,45","10,83","10,34","225,65M","3,64%"
"09.12.2022","10,44","10,52","10,85","10,39","354,01M","-1,92%"
"08.12.2022","10,65","10,44","10,75","10,19","377,84M","3,55%"
"07.12.2022","10,28","10,28","10,52","10,09","347,34M","-1,20%"
"06.12.2022","10,41","11,09","11,10","10,25","339,80M","-6,34%"
"05.12.2022","11,11","11,44","11,60","10,93","301,98M","-5,04%"
"02.12.2022","11,70","11,22","11,81","11,19","363,31M","-1,18%"
"01.12.2022","11,85","11,85","12,09","11,51","411,01M","0,55%"
"30.11.2022","11,78","10,43","11,82","10,32","545,47M","13,43%"
"29.11.2022","10,39","10,66","10,71","10,23","275,81M","-2,40%"
"28.11.2022","10,64","10,90","11,14","10,53","264,29M","-4,40%"
"25.11.2022","11,13","11,17","11,25","11,07","134,75M","-2,07%"
"23.11.2022","11,36","11,02","11,44","11,01","357,57M","2,99%"
"22.11.2022","11,03","10,66","11,05","10,41","292,48M","4,20%"
"21.11.2022","10,59","10,76","10,90","10,48","288,22M","-3,02%"
"18.11.2022","10,92","11,28","11,29","10,64","389,58M","-0,09%"
"17.11.2022","10,93","10,48","11,10","10,45","426,92M","-0,77%"
"16.11.2022","11,02","11,25","11,29","10,91","383,36M","-4,05%"
"15.11.2022","11,48","11,82","11,98","11,09","636,53M","4,03%"
"14.11.2022","11,03","11,09","11,48","10,91","428,45M","-2,65%"
"11.11.2022","11,34","10,72","11,41","10,56","614,27M","5,69%"
"10.11.2022","10,73","10,07","10,77","9,85","656,88M","21,88%"
"09.11.2022","8,80","9,27","9,35","8,77","431,14M","-6,98%"
"08.11.2022","9,46","9,43","9,81","9,05","592,11M","2,16%"
"07.11.2022","9,26","9,08","9,32","8,85","401,89M","3,18%"
"04.11.2022","8,98","9,06","9,18","8,43","764,74M","4,66%"
"03.11.2022","8,57","8,82","8,98","8,52","424,46M","-5,77%"
"02.11.2022","9,10","10,14","10,49","9,09","662,95M","-10,34%"
"01.11.2022","10,15","10,87","10,93","10,10","430,46M","-3,10%"
"31.10.2022","10,48","10,59","10,68","10,24","419,12M","-3,46%"
"28.10.2022","10,85","9,88","10,90","9,85","510,78M","9,05%"
"27.10.2022","9,95","10,40","10,56","9,89","513,26M","-5,51%"
"26.10.2022","10,53","10,59","11,25","10,47","565,04M","-6,61%"
"25.10.2022","11,27","10,74","11,32","10,73","476,80M","6,02%"
"24.10.2022","10,64","10,31","10,73","9,90","549,24M","3,40%"
"21.10.2022","10,28","9,49","10,35","9,36","627,46M","7,08%"
"20.10.2022","9,60","9,66","10,23","9,48","529,70M","-1,69%"
"19.10.2022","9,77","9,70","10,12","9,51","519,70M","-1,21%"
"18.10.2022","9,89","10,43","10,50","9,59","692,55M","2,49%"
"17.10.2022","9,65","9,40","9,75","9,40","460,05M","9,85%"
"14.10.2022","8,78","9,93","9,99","8,73","670,13M","-9,01%"
"13.10.2022","9,65","8,26","9,81","8,16","829,51M","6,69%"
"12.10.2022","9,05","9,11","9,32","8,97","401,48M","-0,22%"
"11.10.2022","9,07","9,26","9,57","8,87","529,75M","-3,97%"
"10.10.2022","9,44","9,76","9,81","9,15","413,00M","-3,13%"
"07.10.2022","9,75","10,44","10,45","9,58","501,95M","-11,40%"
"06.10.2022","11,01","11,15","11,53","10,96","475,09M","-2,52%"
"05.10.2022","11,29","10,83","11,50","10,51","458,40M","0,00%"
"04.10.2022","11,29","10,95","11,38","10,94","463,32M","9,29%"
"03.10.2022","10,33","9,85","10,51","9,68","447,22M","6,94%"
"30.09.2022","9,66","10,08","10,55","9,64","513,20M","-5,25%"
"29.09.2022","10,19","10,65","10,69","9,81","540,20M","-8,44%"
"28.09.2022","11,14","10,52","11,30","10,34","512,04M","5,85%"
"27.09.2022","10,52","10,91","11,18","10,25","543,92M","0,10%"
"26.09.2022","10,51","10,58","11,10","10,41","490,61M","-1,36%"
"23.09.2022","10,65","10,90","10,93","10,23","561,30M","-4,78%"
"22.09.2022","11,19","11,43","11,56","11,03","431,08M","-3,70%"
"21.09.2022","11,62","12,40","12,96","11,61","591,12M","-5,49%"
"20.09.2022","12,30","12,27","12,60","11,99","322,12M","-2,38%"
"19.09.2022","12,60","11,97","12,61","11,96","302,69M","2,40%"
"16.09.2022","12,30","12,10","12,36","11,84","392,14M","-1,95%"
"15.09.2022","12,55","12,94","13,27","12,32","393,73M","-5,03%"
"14.09.2022","13,21","13,06","13,34","12,82","309,29M","2,24%"
"13.09.2022","12,92","14,12","14,31","12,78","391,30M","-16,46%"
"12.09.2022","15,47","15,15","15,52","15,10","273,14M","3,65%"
"09.09.2022","14,92","14,34","15,01","14,33","298,74M","6,34%"
"08.09.2022","14,03","13,52","14,21","13,32","410,80M","1,63%"
"07.09.2022","13,81","13,09","13,95","13,06","331,57M","5,91%"
"06.09.2022","13,03","13,38","13,51","12,73","361,08M","-2,29%"
"02.09.2022","13,34","14,32","14,52","13,09","454,46M","-4,17%"
"01.09.2022","13,92","13,54","13,97","13,01","397,32M","0,11%"
"31.08.2022","13,90","14,58","14,70","13,89","341,03M","-1,84%"
"30.08.2022","14,16","14,90","14,98","13,78","327,01M","-3,34%"
"29.08.2022","14,65","14,68","15,06","14,48","248,44M","-3,08%"
"26.08.2022","15,12","17,17","17,37","15,10","366,28M","-12,17%"
"25.08.2022","17,22","16,64","17,22","16,47","222,05M","5,26%"
"24.08.2022","16,35","16,15","16,65","16,05","187,01M","0,77%"
"23.08.2022","16,23","16,22","16,67","16,10","219,51M","-0,34%"
"22.08.2022","16,28","16,94","16,99","16,13","224,98M","-7,86%"
"19.08.2022","17,67","18,24","18,35","17,53","224,26M","-5,86%"
"18.08.2022","18,77","18,63","18,98","18,34","192,14M","0,67%"
"17.08.2022","18,65","18,75","19,16","18,27","262,84M","-3,47%"
"16.08.2022","19,32","19,28","19,69","18,76","220,76M","-0,64%"
"15.08.2022","19,44","18,83","19,54","18,82","196,31M","2,40%"
"12.08.2022","18,99","18,30","19,02","18,12","211,19M","5,65%"
"11.08.2022","17,98","18,67","19,01","17,83","273,36M","-1,51%"
"10.08.2022","18,25","18,07","18,32","17,66","271,55M","8,21%"
"09.08.2022","16,86","17,14","17,18","16,59","218,41M","-3,44%"
"08.08.2022","17,47","17,80","18,42","17,22","268,76M","-1,02%"
"05.08.2022","17,65","17,22","17,99","17,08","283,90M","-2,38%"
"04.08.2022","18,08","17,84","18,13","17,48","253,57M","1,43%"
"03.08.2022","17,82","16,77","17,98","16,66","294,21M","8,00%"
"02.08.2022","16,50","16,27","17,17","16,10","325,38M","-0,93%"
"01.08.2022","16,66","16,39","17,21","16,22","285,28M","-0,15%"
"29.07.2022","16,68","16,07","16,83","15,84","292,15M","5,50%"
"28.07.2022","15,81","15,34","15,91","14,76","324,07M","2,86%"
"27.07.2022","15,37","14,30","15,63","14,22","341,92M","12,48%"
"26.07.2022","13,66","14,24","14,28","13,52","231,76M","-6,05%"
"25.07.2022","14,55","14,77","14,84","14,20","220,90M","-1,49%"
"22.07.2022","14,77","15,44","15,77","14,48","298,80M","-5,23%"
"21.07.2022","15,58","15,01","15,59","14,61","319,38M","4,25%"
"20.07.2022","14,94","14,33","15,13","14,22","377,13M","5,02%"
"19.07.2022","14,23","13,57","14,31","13,35","298,64M","8,75%"
"18.07.2022","13,09","13,81","14,00","12,91","319,90M","-2,31%"
"15.07.2022","13,40","13,14","13,43","12,90","308,76M","5,27%"
"14.07.2022","12,73","12,23","12,84","11,81","351,65M","1,03%"
"13.07.2022","12,60","11,92","12,91","11,85","361,15M","-0,63%"
"12.07.2022","12,68","13,22","13,49","12,45","319,23M","-2,91%"
"11.07.2022","13,06","13,60","13,64","12,93","258,45M","-6,38%"
"08.07.2022","13,94","13,49","14,15","13,35","319,46M","0,47%"
"07.07.2022","13,88","13,19","14,00","13,19","275,73M","6,20%"
"06.07.2022","13,07","12,89","13,36","12,64","412,25M","1,91%"
"05.07.2022","12,82","11,70","12,84","11,50","441,11M","5,17%"
"01.07.2022","12,19","11,80","12,25","11,55","417,20M","1,62%"
"30.06.2022","12,00","12,03","12,44","11,38","512,41M","-3,54%"
"29.06.2022","12,44","12,39","12,64","12,05","380,18M","0,20%"
"28.06.2022","12,41","13,73","14,10","12,38","376,24M","-9,11%"
"27.06.2022","13,66","14,18","14,25","13,50","338,26M","-2,36%"
"24.06.2022","13,99","13,06","14,02","13,03","303,63M","10,46%"
"23.06.2022","12,66","12,47","12,78","12,09","365,37M","4,28%"
"22.06.2022","12,15","11,85","12,73","11,77","388,97M","-0,37%"
"21.06.2022","12,19","11,91","12,49","11,89","318,41M","7,54%"
"17.06.2022","11,34","11,03","11,64","10,82","441,18M","3,71%"
"16.06.2022","10,93","11,49","11,56","10,66","424,28M","-12,21%"
"15.06.2022","12,45","12,03","12,96","11,67","549,82M","7,19%"
"14.06.2022","11,61","11,82","11,94","11,26","393,20M","0,65%"
"13.06.2022","11,54","12,14","12,49","11,41","426,73M","-13,85%"
"10.06.2022","13,40","14,13","14,31","13,34","343,35M","-10,67%"
"09.06.2022","14,99","16,03","16,53","14,97","275,96M","-8,15%"
"08.06.2022","16,33","16,54","16,97","16,17","225,71M","-2,04%"
"07.06.2022","16,67","15,71","16,80","15,52","274,89M","2,43%"
"06.06.2022","16,27","16,81","17,07","16,00","300,96M","1,24%"
"03.06.2022","16,07","16,57","16,82","15,88","324,72M","-7,91%"
"02.06.2022","17,45","15,96","17,49","15,73","336,86M","8,12%"
"01.06.2022","16,14","16,85","17,22","15,77","398,89M","-2,33%"
"31.05.2022","16,52","16,65","17,00","15,87","369,16M","-0,72%"
"27.05.2022","16,65","15,65","16,67","15,64","315,04M","9,80%"
"26.05.2022","15,16","13,88","15,39","13,84","337,13M","8,36%"
"25.05.2022","13,99","13,22","14,30","13,19","361,28M","4,01%"
"24.05.2022","13,45","13,57","13,68","12,71","366,49M","-6,24%"
"23.05.2022","14,35","13,82","14,41","13,48","341,04M","4,94%"
"20.05.2022","13,67","14,32","14,42","12,47","458,11M","-0,87%"
"19.05.2022","13,79","13,77","14,51","13,52","392,02M","-2,02%"
"18.05.2022","14,07","15,73","15,85","13,85","328,11M","-14,59%"
"17.05.2022","16,48","16,22","16,54","15,62","307,98M","7,54%"
"16.05.2022","15,32","15,56","15,89","15,09","318,39M","-3,10%"
"13.05.2022","15,81","14,93","16,00","14,69","395,95M","10,87%"
"12.05.2022","14,27","13,72","14,94","13,35","590,99M","-0,80%"
"11.05.2022","14,38","15,43","16,30","14,23","529,53M","-8,90%"
"10.05.2022","15,78","16,36","16,54","15,14","463,58M","3,44%"
"09.05.2022","15,26","16,28","16,71","15,01","420,42M","-11,82%"
"06.05.2022","17,31","17,55","18,26","16,55","466,79M","-3,49%"
"05.05.2022","17,93","20,25","20,25","17,26","455,55M","-14,90%"
"04.05.2022","21,07","19,25","21,23","18,26","438,81M","9,91%"
"03.05.2022","19,17","19,09","19,58","18,65","285,57M","0,24%"
"02.05.2022","19,13","18,13","19,14","17,57","311,91M","4,71%"
"29.04.2022","18,26","20,19","20,88","18,10","320,12M","-13,15%"
"28.04.2022","21,03","19,91","21,36","19,14","344,70M","10,57%"
"27.04.2022","19,02","19,08","20,11","18,68","316,70M","-0,44%"
"26.04.2022","19,10","21,11","21,15","19,05","332,26M","-11,24%"
"25.04.2022","21,52","20,41","21,58","20,16","332,88M","3,71%"
"22.04.2022","20,75","22,52","22,78","20,64","248,82M","-7,94%"
"21.04.2022","22,55","24,82","25,39","22,30","268,63M","-5,87%"
"20.04.2022","23,95","25,28","25,37","23,72","215,63M","-4,51%"
"19.04.2022","25,08","23,36","25,21","23,16","172,37M","6,43%"
"18.04.2022","23,57","23,24","24,00","22,91","175,53M","0,28%"
"14.04.2022","23,50","25,21","25,33","23,42","167,84M","-6,73%"
"13.04.2022","25,19","23,83","25,42","23,67","190,08M","5,99%"
"12.04.2022","23,77","25,08","25,49","23,44","247,93M","-1,29%"
"11.04.2022","24,08","24,92","25,14","23,98","185,91M","-7,10%"
"08.04.2022","25,92","26,61","26,80","25,75","204,18M","-4,09%"
"07.04.2022","27,02","26,61","27,54","25,79","229,65M","0,65%"
"06.04.2022","26,85","27,41","27,68","26,20","296,86M","-6,58%"
"05.04.2022","28,74","30,41","30,58","28,43","172,10M","-6,61%"
"04.04.2022","30,77","29,19","30,77","29,11","137,52M","6,25%"
"01.04.2022","28,97","29,22","29,41","28,20","176,16M","-0,43%"
"31.03.2022","29,09","30,32","30,42","28,95","168,10M","-4,14%"
"30.03.2022","30,34","30,84","31,27","29,90","167,82M","-3,00%"
"29.03.2022","31,28","30,76","31,48","30,07","204,01M","5,12%"
"28.03.2022","29,76","28,46","29,81","28,17","183,41M","4,55%"
"25.03.2022","28,47","28,52","28,78","27,42","198,79M","-0,16%"
"24.03.2022","28,51","27,22","28,55","26,70","171,15M","6,48%"
"23.03.2022","26,77","27,28","28,13","26,75","205,50M","-4,22%"
"22.03.2022","27,95","26,53","28,17","26,43","186,69M","5,91%"
"21.03.2022","26,40","26,43","26,96","25,39","221,09M","-0,71%"
"18.03.2022","26,58","24,73","26,70","24,47","201,57M","6,21%"
"17.03.2022","25,03","23,80","25,09","23,52","192,06M","3,34%"
"16.03.2022","24,22","22,58","24,24","21,84","326,17M","11,23%"
"15.03.2022","21,77","20,43","21,94","20,12","211,41M","9,26%"
"14.03.2022","19,93","20,91","21,57","19,78","246,27M","-5,86%"
"11.03.2022","21,17","23,17","23,24","21,05","197,81M","-6,20%"
"10.03.2022","22,57","22,45","22,81","21,60","225,57M","-3,22%"
"09.03.2022","23,32","22,70","23,60","22,17","219,07M","10,70%"
"08.03.2022","21,07","21,19","23,00","20,39","355,94M","-1,38%"
"07.03.2022","21,36","24,02","24,27","21,32","249,75M","-11,17%"
"04.03.2022","24,05","24,58","24,90","23,50","231,82M","-4,28%"
"03.03.2022","25,12","26,88","26,89","24,68","223,89M","-4,18%"
"02.03.2022","26,22","25,33","26,52","24,71","219,50M","4,78%"
"01.03.2022","25,02","25,96","26,49","24,42","248,15M","-4,61%"
"28.02.2022","26,23","25,23","26,59","24,96","243,40M","1,06%"
"25.02.2022","25,95","25,00","26,00","24,13","238,37M","4,74%"
"24.02.2022","24,78","20,38","24,92","20,31","389,73M","9,79%"
"23.02.2022","22,57","25,12","25,32","22,49","260,92M","-7,65%"
"22.02.2022","24,44","24,52","25,75","23,60","262,88M","-3,09%"
"18.02.2022","25,22","26,30","26,39","24,66","226,17M","-3,39%"
"17.02.2022","26,10","27,82","28,02","25,99","157,67M","-8,87%"
"16.02.2022","28,65","28,14","28,90","27,35","186,18M","0,00%"
"15.02.2022","28,65","27,92","28,72","27,67","164,17M","7,24%"
"14.02.2022","26,72","26,45","27,49","25,85","190,13M","0,28%"
"11.02.2022","26,64","29,39","29,77","26,28","268,51M","-9,42%"
"10.02.2022","29,41","29,66","31,45","28,90","254,29M","-6,63%"
"09.02.2022","31,50","30,78","31,54","30,38","151,08M","6,20%"
"08.02.2022","29,66","28,40","29,91","28,11","158,59M","3,40%"
"07.02.2022","28,68","29,53","30,14","28,36","153,91M","-2,27%"
"04.02.2022","29,35","28,43","30,20","27,94","193,07M","3,45%"
"03.02.2022","28,37","29,66","30,53","28,06","211,15M","-12,03%"
"02.02.2022","32,25","32,61","32,68","31,17","201,63M","2,36%"
"01.02.2022","31,50","31,21","31,67","29,86","203,69M","1,91%"
"31.01.2022","30,92","28,52","31,03","28,11","227,50M","9,69%"
"28.01.2022","28,18","26,20","28,23","25,05","334,03M","9,33%"
"27.01.2022","25,78","27,70","28,12","25,52","323,53M","-2,99%"
"26.01.2022","26,58","28,50","29,42","25,68","415,68M","-0,19%"
"25.01.2022","26,63","27,08","28,16","25,88","347,50M","-7,38%"
"24.01.2022","28,75","26,92","28,88","24,08","511,81M","1,45%"
"21.01.2022","28,33","30,31","31,01","28,25","342,05M","-8,42%"
"20.01.2022","30,94","33,01","34,09","30,75","172,20M","-3,87%"
"19.01.2022","32,19","33,68","34,35","32,08","183,28M","-3,48%"
"18.01.2022","33,35","34,24","34,86","33,03","156,34M","-7,21%"
"14.01.2022","35,94","34,54","36,03","34,50","178,45M","1,51%"
"13.01.2022","35,40","38,56","38,78","35,01","173,53M","-7,26%"
"12.01.2022","38,17","38,49","38,98","37,47","276,74M","1,14%"
"11.01.2022","37,74","35,86","37,76","35,26","308,65M","4,40%"
"10.01.2022","36,15","34,59","36,24","33,03","358,43M","0,37%"
"07.01.2022","36,02","37,22","37,74","35,50","285,43M","-3,27%"
"06.01.2022","37,24","36,76","38,20","36,10","308,45M","-0,27%"
"05.01.2022","37,34","40,60","40,93","37,25","266,49M","-9,20%"
"04.01.2022","41,12","42,96","42,97","40,10","213,30M","-3,89%"
"03.01.2022","42,78","41,96","42,86","41,28","153,01M","2,89%"
"31.12.2021","41,58","42,16","42,60","41,43","120,50M","-1,86%"
"30.12.2021","42,37","42,69","43,41","42,19","113,27M","-0,94%"
"29.12.2021","42,77","42,83","43,25","41,99","115,49M","-0,16%"
"28.12.2021","42,84","43,69","43,74","42,51","144,83M","-1,18%"
"27.12.2021","43,35","41,77","43,38","41,75","125,96M","4,78%"
"23.12.2021","41,37","40,54","41,82","40,49","131,31M","2,38%"
"22.12.2021","40,41","38,90","40,50","38,71","177,22M","3,57%"
"21.12.2021","39,02","37,54","39,11","36,43","219,12M","6,69%"
"20.12.2021","36,57","36,26","36,81","35,63","241,87M","-2,99%"
"17.12.2021","37,70","37,21","38,95","36,75","300,27M","-1,53%"
"16.12.2021","38,28","41,75","41,90","37,74","296,22M","-7,63%"
"15.12.2021","41,45","38,74","41,57","37,51","269,06M","6,62%"
"14.12.2021","38,88","38,53","39,39","37,46","230,93M","-2,98%"
"13.12.2021","40,07","41,87","41,97","39,94","179,15M","-4,30%"
"10.12.2021","41,87","41,44","41,96","40,44","203,08M","3,10%"
"09.12.2021","40,61","42,04","42,63","40,50","212,80M","-4,32%"
"08.12.2021","42,44","41,97","42,50","41,37","205,24M","1,39%"
"07.12.2021","41,86","40,44","42,07","40,44","270,58M","9,02%"
"06.12.2021","38,40","37,65","38,82","36,38","304,83M","2,34%"
"03.12.2021","37,52","40,00","40,32","36,23","480,57M","-5,02%"
"02.12.2021","39,51","38,35","40,13","37,91","396,43M","1,88%"
"01.12.2021","38,78","42,22","42,90","38,62","304,12M","-5,13%"
"30.11.2021","40,87","42,42","43,20","40,18","302,59M","-4,30%"
"29.11.2021","42,71","41,55","43,04","41,33","158,93M","6,21%"
"26.11.2021","40,21","41,69","42,16","39,68","177,68M","-5,52%"
"24.11.2021","42,56","41,33","42,64","40,58","198,24M","0,92%"
"23.11.2021","42,17","42,36","43,04","40,70","226,03M","-1,36%"
"22.11.2021","42,75","44,82","45,84","42,72","179,04M","-3,47%"
"19.11.2021","44,28","44,11","44,72","43,83","129,21M","1,69%"
"18.11.2021","43,55","42,92","43,72","42,19","173,68M","3,06%"
"17.11.2021","42,26","42,30","42,92","41,95","115,94M","0,12%"
"16.11.2021","42,21","41,07","42,35","41,01","103,18M","2,07%"
"15.11.2021","41,35","41,73","41,83","40,52","139,46M","-0,03%"
"12.11.2021","41,36","40,45","41,52","39,94","127,64M","3,17%"
"11.11.2021","40,09","40,69","40,75","39,97","115,44M","0,81%"
"10.11.2021","39,77","40,68","41,60","39,13","193,95M","-4,38%"
"09.11.2021","41,59","42,81","42,95","41,14","176,24M","-2,06%"
"08.11.2021","42,47","42,63","42,97","42,26","112,92M","-0,41%"
"05.11.2021","42,64","43,12","43,42","42,18","170,51M","0,37%"
"04.11.2021","42,48","41,36","42,84","41,18","160,88M","3,73%"
"03.11.2021","40,96","39,83","41,08","39,52","145,21M","3,17%"
"02.11.2021","39,69","39,01","39,84","38,99","120,17M","1,33%"
"01.11.2021","39,17","38,95","39,23","38,29","130,05M","0,99%"
"29.10.2021","38,79","37,30","38,85","37,19","134,51M","1,48%"
"28.10.2021","38,22","37,58","38,31","37,35","130,74M","3,28%"
"27.10.2021","37,01","36,89","37,93","36,81","145,07M","0,79%"
"26.10.2021","36,72","37,08","37,80","36,41","167,98M","0,93%"
"25.10.2021","36,38","35,75","36,68","35,18","118,95M","3,00%"
"22.10.2021","35,32","35,87","36,17","34,84","140,25M","-2,53%"
"21.10.2021","36,24","35,36","36,30","35,28","92,10M","1,79%"
"20.10.2021","35,60","35,87","36,06","35,17","118,71M","-0,32%"
"19.10.2021","35,71","35,26","35,76","35,07","106,45M","2,20%"
"18.10.2021","34,94","33,56","35,01","33,40","100,88M","3,00%"
"15.10.2021","33,93","33,65","33,96","33,35","102,86M","1,85%"
"14.10.2021","33,31","32,53","33,36","32,35","121,75M","5,52%"
"13.10.2021","31,57","31,44","31,74","30,90","140,92M","2,34%"
"12.10.2021","30,84","31,54","31,66","30,65","174,40M","-1,02%"
"11.10.2021","31,16","31,47","32,42","31,13","136,22M","-2,22%"
"08.10.2021","31,87","32,67","32,73","31,74","157,13M","-1,54%"
"07.10.2021","32,37","32,33","33,08","32,18","150,82M","2,71%"
"06.10.2021","31,51","30,07","31,58","29,82","234,99M","1,97%"
"05.10.2021","30,91","29,99","31,50","29,93","162,61M","3,85%"
"04.10.2021","29,76","31,27","31,37","29,12","257,24M","-6,15%"
"01.10.2021","31,71","31,31","32,00","30,21","208,71M","1,82%"
"30.09.2021","31,14","31,94","32,38","31,02","234,62M","-1,13%"
"29.09.2021","31,50","31,99","32,57","31,33","195,06M","-0,66%"
"28.09.2021","31,71","33,28","33,47","31,52","297,65M","-8,34%"
"27.09.2021","34,59","34,55","34,85","33,85","156,71M","-2,41%"
"24.09.2021","35,45","34,68","35,56","34,58","109,55M","0,28%"
"23.09.2021","35,35","34,73","35,64","34,54","138,74M","2,78%"
"22.09.2021","34,39","33,72","34,81","33,40","175,34M","2,93%"
"21.09.2021","33,42","33,85","34,19","33,15","143,40M","0,13%"
"20.09.2021","33,37","33,85","34,37","32,00","243,83M","-6,15%"
"17.09.2021","35,56","36,72","36,73","35,24","154,65M","-3,53%"
"16.09.2021","36,86","36,39","37,03","35,81","105,23M","0,20%"
"15.09.2021","36,79","36,12","36,89","35,44","111,79M","2,22%"
"14.09.2021","35,99","36,74","36,97","35,71","119,26M","-0,86%"
"13.09.2021","36,31","37,07","37,19","35,69","155,55M","-0,23%"
"10.09.2021","36,39","37,75","37,96","36,28","138,44M","-2,25%"
"09.09.2021","37,22","37,68","38,03","37,15","110,57M","-1,07%"
"08.09.2021","37,63","37,95","37,96","36,93","126,85M","-1,03%"
"07.09.2021","38,02","37,89","38,22","37,54","90,37M","0,41%"
"03.09.2021","37,86","37,17","37,99","37,17","93,29M","0,90%"
"02.09.2021","37,53","37,99","38,08","37,15","95,30M","-0,14%"
"01.09.2021","37,58","37,71","38,21","37,52","95,57M","0,55%"
"31.08.2021","37,37","37,56","37,58","36,92","91,80M","-0,28%"
"30.08.2021","37,48","36,50","37,63","36,49","91,27M","3,31%"
"27.08.2021","36,28","35,42","36,40","35,28","92,32M","2,92%"
"26.08.2021","35,24","35,67","35,88","35,11","107,00M","-1,69%"
"25.08.2021","35,85","35,87","36,10","35,66","76,13M","0,11%"
"24.08.2021","35,81","35,65","35,99","35,52","72,69M","0,99%"
"23.08.2021","35,46","34,26","35,67","34,25","96,53M","4,46%"
"20.08.2021","33,95","33,24","34,07","33,15","125,08M","3,09%"
"19.08.2021","32,93","31,93","33,40","31,86","163,25M","1,42%"
"18.08.2021","32,47","33,28","33,68","32,38","130,08M","-2,91%"
"17.08.2021","33,44","33,55","33,84","32,74","166,40M","-2,63%"
"16.08.2021","34,35","33,99","34,36","32,87","122,64M","0,18%"
"13.08.2021","34,28","34,04","34,40","33,91","73,29M","1,00%"
"12.08.2021","33,94","33,45","34,05","33,06","79,62M","1,04%"
"11.08.2021","33,60","34,13","34,26","33,21","93,19M","-0,54%"
"10.08.2021","33,78","34,44","34,53","33,43","106,16M","-1,49%"
"09.08.2021","34,29","34,23","34,44","33,92","68,42M","0,54%"
"06.08.2021","34,11","34,20","34,48","33,79","86,31M","-1,30%"
"05.08.2021","34,56","34,14","34,62","33,95","77,34M","1,88%"
"04.08.2021","33,92","33,77","34,19","33,45","96,86M","0,50%"
"03.08.2021","33,75","33,36","33,80","32,46","126,84M","1,74%"
"02.08.2021","33,17","33,63","33,80","33,01","109,12M","-0,03%"
"30.07.2021","33,19","32,59","33,34","32,57","113,12M","-1,50%"
"29.07.2021","33,69","33,37","34,03","33,37","88,64M","0,49%"
"28.07.2021","33,53","33,47","33,97","32,82","143,94M","1,09%"
"27.07.2021","33,16","34,21","34,21","31,96","178,78M","-3,27%"
"26.07.2021","34,28","34,01","34,39","33,76","85,98M","0,42%"
"23.07.2021","34,14","33,42","34,28","33,07","103,90M","3,32%"
"22.07.2021","33,04","32,46","33,05","32,46","94,96M","2,10%"
"21.07.2021","32,36","31,58","32,40","31,50","81,76M","2,28%"
"20.07.2021","31,64","30,86","32,08","30,39","121,54M","3,30%"
"19.07.2021","30,63","30,45","30,75","29,92","202,29M","-2,40%"
"16.07.2021","31,38","32,41","32,68","31,29","127,40M","-2,46%"
"15.07.2021","32,17","32,85","32,90","31,61","137,19M","-2,07%"
"14.07.2021","32,85","33,34","33,52","32,64","136,04M","0,54%"
"13.07.2021","32,67","32,60","33,52","32,45","119,45M","-0,05%"
"12.07.2021","32,69","32,70","32,82","32,26","87,13M","1,25%"
"09.07.2021","32,29","31,57","32,45","31,41","92,88M","1,69%"
"08.07.2021","31,75","30,92","31,97","30,56","152,52M","-1,73%"
"07.07.2021","32,31","32,72","32,81","31,77","115,28M","0,64%"
"06.07.2021","32,10","31,86","32,19","31,13","109,60M","1,34%"
"02.07.2021","31,68","31,16","31,79","31,09","93,50M","3,39%"
"01.07.2021","30,64","30,52","30,78","30,16","83,83M","0,05%"
"30.06.2021","30,63","30,72","30,83","30,46","80,55M","-0,44%"
"29.06.2021","30,76","30,39","30,77","30,17","74,56M","1,13%"
"28.06.2021","30,42","29,69","30,47","29,68","88,79M","3,54%"
"25.06.2021","29,38","29,62","29,69","29,21","86,99M","-0,31%"
"24.06.2021","29,47","29,43","29,87","29,30","93,67M","1,84%"
"23.06.2021","28,94","28,89","29,24","28,73","94,00M","0,17%"
"22.06.2021","28,89","28,08","29,01","27,99","103,58M","2,79%"
"21.06.2021","28,10","27,66","28,20","27,10","107,71M","1,83%"
"18.06.2021","27,60","27,85","28,14","27,42","142,89M","-2,39%"
"17.06.2021","28,27","26,99","28,52","26,98","144,32M","3,73%"
"16.06.2021","27,25","27,66","27,92","26,38","157,78M","-1,07%"
"15.06.2021","27,55","28,00","28,08","27,36","90,11M","-1,85%"
"14.06.2021","28,07","27,41","28,09","27,13","90,82M","2,80%"
"11.06.2021","27,31","27,10","27,31","26,94","68,34M","0,79%"
"10.06.2021","27,09","26,36","27,13","26,25","117,21M","3,06%"
"09.06.2021","26,28","26,59","26,78","26,23","77,80M","0,11%"
"08.06.2021","26,25","26,65","26,85","25,86","92,94M","0,11%"
"07.06.2021","26,23","25,86","26,24","25,70","62,19M","0,88%"
"04.06.2021","26,00","25,16","26,10","25,13","91,18M","5,13%"
"03.06.2021","24,73","24,87","25,17","24,34","121,03M","-3,14%"
"02.06.2021","25,53","25,49","25,74","25,13","83,18M","0,52%"
"01.06.2021","25,40","25,96","26,08","25,07","103,86M","-0,97%"
"28.05.2021","25,65","25,69","26,02","25,58","81,86M","0,97%"
"27.05.2021","25,40","25,59","25,79","25,36","83,22M","-1,17%"
"26.05.2021","25,70","25,59","25,81","25,43","78,03M","1,01%"
"25.05.2021","25,44","25,69","25,86","25,16","106,73M","0,48%"
"24.05.2021","25,32","24,64","25,58","24,56","92,18M","5,01%"
"21.05.2021","24,11","24,89","24,98","24,03","128,13M","-1,65%"
"20.05.2021","24,52","23,52","24,72","23,46","139,23M","5,78%"
"19.05.2021","23,18","21,91","23,25","21,83","191,89M","0,37%"
"18.05.2021","23,09","23,80","24,07","23,05","131,68M","-2,10%"
"17.05.2021","23,59","23,63","23,79","22,93","138,54M","-1,69%"
"14.05.2021","23,99","23,22","24,22","23,10","144,26M","6,50%"
"13.05.2021","22,53","22,65","23,17","22,02","208,60M","2,11%"
"12.05.2021","22,06","22,75","23,29","21,83","236,16M","-7,61%"
"11.05.2021","23,88","22,65","24,06","22,50","228,81M","-0,50%"
"10.05.2021","24,00","25,62","25,67","23,94","184,21M","-7,51%"
"07.05.2021","25,95","25,99","26,52","25,69","158,71M","2,45%"
"06.05.2021","25,33","24,72","25,37","24,20","169,66M","2,19%"
"05.05.2021","24,79","25,51","25,71","24,60","136,43M","-1,17%"
"04.05.2021","25,08","25,86","25,92","24,11","211,23M","-5,27%"
"03.05.2021","26,48","27,19","27,37","26,36","134,22M","-1,63%"
"30.04.2021","26,92","26,82","27,45","26,67","118,44M","-1,88%"
"29.04.2021","27,43","27,97","28,06","26,65","148,12M","1,00%"
"28.04.2021","27,16","27,35","27,60","26,99","118,95M","-1,03%"
"27.04.2021","27,44","27,87","27,92","27,19","119,31M","-1,31%"
"26.04.2021","27,81","27,33","27,87","27,14","99,98M","1,98%"
"23.04.2021","27,26","26,43","27,58","26,43","107,88M","3,77%"
"22.04.2021","26,27","27,17","27,41","25,99","174,85M","-3,64%"
"21.04.2021","27,27","26,25","27,31","26,00","111,06M","2,53%"
"20.04.2021","26,59","27,01","27,33","26,10","158,28M","-2,19%"
"19.04.2021","27,19","27,54","27,84","26,69","159,17M","-2,73%"
"16.04.2021","27,95","27,98","28,00","27,48","117,49M","0,42%"
"15.04.2021","27,83","27,34","27,94","27,31","120,80M","4,42%"
"14.04.2021","26,66","27,70","27,73","26,44","161,23M","-3,51%"
"13.04.2021","27,63","27,09","27,75","27,03","115,02M","3,43%"
"12.04.2021","26,71","26,58","26,81","26,25","109,63M","-0,39%"
"09.04.2021","26,82","26,00","26,86","25,83","129,44M","1,81%"
"08.04.2021","26,34","26,23","26,39","26,02","113,62M","3,12%"
"07.04.2021","25,54","25,26","25,75","25,02","98,99M","0,74%"
"06.04.2021","25,35","25,34","25,82","25,18","120,61M","-0,24%"
"05.04.2021","25,42","24,55","25,59","24,49","130,54M","6,01%"
"01.04.2021","23,98","23,66","24,01","23,60","145,09M","5,08%"
"31.03.2021","22,82","22,20","23,15","22,13","161,97M","4,49%"
"30.03.2021","21,83","21,74","21,95","21,24","148,35M","-1,42%"
"29.03.2021","22,15","22,06","22,39","21,43","190,59M","-0,06%"
"26.03.2021","22,16","21,18","22,24","20,88","215,06M","4,42%"
"25.03.2021","21,23","20,95","21,55","20,41","239,87M","-0,54%"
"24.03.2021","21,34","22,77","22,78","21,31","190,48M","-5,05%"
"23.03.2021","22,48","23,01","23,31","22,29","187,78M","-1,31%"
"22.03.2021","22,77","22,07","23,22","22,07","141,10M","5,33%"
"19.03.2021","21,62","21,31","21,89","20,85","193,29M","1,28%"
"18.03.2021","21,35","22,40","22,63","21,24","229,51M","-9,18%"
"17.03.2021","23,50","22,53","23,93","22,15","196,37M","1,26%"
"16.03.2021","23,21","23,33","24,00","22,90","168,77M","1,64%"
"15.03.2021","22,84","22,20","22,88","21,84","127,34M","3,20%"
"12.03.2021","22,13","21,79","22,17","21,27","166,59M","-2,49%"
"11.03.2021","22,69","22,25","23,07","22,03","158,94M","6,94%"
"10.03.2021","21,22","22,32","22,38","21,08","203,37M","-0,85%"
"09.03.2021","21,41","20,62","21,79","20,48","173,43M","11,78%"
"08.03.2021","19,15","20,82","21,21","19,07","235,73M","-8,55%"
"05.03.2021","20,94","20,57","21,12","18,76","336,66M","4,48%"
"04.03.2021","20,04","20,99","21,66","19,22","432,04M","-4,94%"
"03.03.2021","21,08","22,84","23,05","21,06","231,54M","-8,67%"
"02.03.2021","23,09","24,39","24,42","23,02","151,69M","-4,79%"
"01.03.2021","24,25","23,34","24,33","23,05","133,71M","8,72%"
"26.02.2021","22,31","22,60","23,29","21,56","209,32M","1,50%"
"25.02.2021","21,98","23,91","24,52","21,61","237,79M","-10,44%"
"24.02.2021","24,54","23,31","24,62","22,73","123,04M","2,41%"
"23.02.2021","23,96","22,94","24,34","21,60","199,27M","-0,89%"
"22.02.2021","24,17","25,14","25,45","24,13","132,73M","-7,75%"
"19.02.2021","26,20","26,91","26,92","25,97","93,38M","-1,32%"
"18.02.2021","26,56","26,01","26,74","25,57","110,20M","-1,35%"
"17.02.2021","26,92","26,56","26,99","26,00","106,64M","-1,39%"
"16.02.2021","27,30","27,74","27,96","27,02","88,66M","-0,84%"
"12.02.2021","27,53","26,90","27,58","26,61","77,47M","1,70%"
"11.02.2021","27,07","27,04","27,18","26,49","98,86M","1,61%"
"10.02.2021","26,64","27,19","27,30","25,86","123,55M","-0,71%"
"09.02.2021","26,83","26,62","27,14","26,62","65,77M","-0,05%"
"08.02.2021","26,84","26,74","26,89","26,34","76,99M","1,96%"
"05.02.2021","26,33","26,30","26,57","25,89","86,62M","1,05%"
"04.02.2021","26,05","25,51","26,08","25,19","72,81M","3,54%"
"03.02.2021","25,16","25,98","26,06","25,16","95,17M","-1,15%"
"02.02.2021","25,45","24,97","25,74","24,94","92,75M","4,84%"
"01.02.2021","24,28","23,39","24,51","22,93","105,66M","7,35%"
"29.01.2021","22,62","23,73","23,98","22,19","184,28M","-6,23%"
"28.01.2021","24,12","23,97","25,25","23,84","90,02M","1,47%"
"27.01.2021","23,77","25,32","25,33","23,25","188,90M","-8,06%"
"26.01.2021","25,85","25,93","26,15","25,54","90,97M","0,11%"
"25.01.2021","25,83","25,94","26,27","24,20","153,17M","2,78%"
"22.01.2021","25,13","25,10","25,38","24,97","81,88M","-0,91%"
"21.01.2021","25,36","25,06","25,53","24,75","92,68M","2,49%"
"20.01.2021","24,75","23,96","24,97","23,88","121,74M","6,97%"
"19.01.2021","23,13","22,68","23,26","22,45","120,97M","4,34%"
"15.01.2021","22,17","22,68","22,89","21,89","141,69M","-2,43%"
"14.01.2021","22,72","23,19","23,42","22,62","118,24M","-1,52%"
"13.01.2021","23,08","22,70","23,27","22,56","108,75M","1,94%"
"12.01.2021","22,64","22,76","23,00","22,05","146,03M","-0,43%"
"11.01.2021","22,73","23,10","23,37","22,60","141,30M","-4,42%"
"08.01.2021","23,78","23,41","23,86","22,92","152,82M","3,88%"
"07.01.2021","22,90","21,92","23,08","21,92","123,70M","7,22%"
"06.01.2021","21,35","21,24","22,29","21,03","210,73M","-4,14%"
"05.01.2021","22,28","21,53","22,32","21,53","118,71M","2,51%"
"04.01.2021","21,73","23,01","23,05","20,85","197,47M","-4,37%"
"31.12.2020","22,73","22,53","22,81","22,29","106,71M","0,78%"
"30.12.2020","22,55","22,81","22,88","22,41","104,81M","0,00%"
"29.12.2020","22,55","22,79","22,92","22,35","121,14M","0,29%"
"28.12.2020","22,49","22,40","22,59","22,00","117,05M","3,00%"
"24.12.2020","21,83","21,61","21,93","21,59","77,07M","1,30%"
"23.12.2020","21,55","21,88","21,97","21,52","119,43M","-1,51%"
"22.12.2020","21,88","21,91","22,09","21,27","162,01M","0,79%"
"21.12.2020","21,71","21,20","21,83","20,58","203,60M","-0,37%"
"18.12.2020","21,79","22,19","22,24","21,32","168,76M","-1,09%"
"17.12.2020","22,03","21,96","22,08","21,70","139,28M","2,05%"
"16.12.2020","21,59","21,35","21,78","21,12","137,59M","1,68%"
"15.12.2020","21,23","21,07","21,25","20,61","157,98M","3,11%"
"14.12.2020","20,59","20,40","21,01","20,40","146,68M","2,13%"
"11.12.2020","20,16","19,96","20,19","19,49","169,82M","-0,70%"
"10.12.2020","20,31","19,63","20,53","19,41","173,35M","1,23%"
"09.12.2020","20,06","21,48","21,53","19,83","244,88M","-6,70%"
"08.12.2020","21,50","21,21","21,58","20,83","133,93M","0,92%"
"07.12.2020","21,30","20,99","21,38","20,95","124,03M","1,69%"
"04.12.2020","20,95","20,70","20,98","20,56","127,09M","1,23%"
"03.12.2020","20,69","20,66","21,02","20,54","157,46M","0,41%"
"02.12.2020","20,61","20,28","20,68","19,90","146,13M","0,40%"
"01.12.2020","20,53","20,22","20,87","20,01","170,80M","3,93%"
"30.11.2020","19,75","19,72","19,85","18,82","184,62M","0,52%"
"27.11.2020","19,65","19,50","19,88","19,44","92,93M","2,73%"
"25.11.2020","19,13","18,97","19,25","18,81","128,68M","1,88%"
"24.11.2020","18,77","18,23","18,88","17,88","156,02M","4,09%"
"23.11.2020","18,04","18,23","18,47","17,59","179,06M","0,00%"
"20.11.2020","18,03","18,38","18,53","18,01","129,99M","-2,03%"
"19.11.2020","18,41","17,86","18,46","17,75","159,34M","2,48%"
"18.11.2020","17,96","18,28","18,59","17,96","154,34M","-2,32%"
"17.11.2020","18,39","18,60","18,67","18,27","182,70M","-0,92%"
"16.11.2020","18,56","18,09","18,63","17,97","213,75M","2,30%"
"13.11.2020","18,14","17,97","18,26","17,58","209,79M","2,62%"
"12.11.2020","17,68","18,11","18,36","17,47","287,71M","-1,46%"
"11.11.2020","17,94","17,26","18,02","17,18","253,66M","6,72%"
"10.11.2020","16,81","17,14","17,41","16,29","337,33M","-5,40%"
"09.11.2020","17,77","19,46","19,80","17,68","331,73M","-6,10%"
"06.11.2020","18,92","18,73","19,07","18,01","270,30M","0,34%"
"05.11.2020","18,86","18,71","19,07","18,45","300,27M","7,72%"
"04.11.2020","17,51","16,95","17,83","16,67","338,38M","13,52%"
"03.11.2020","15,43","15,00","15,80","14,82","269,94M","5,03%"
"02.11.2020","14,69","14,97","15,26","14,20","302,27M","0,03%"
"30.10.2020","14,68","15,44","15,59","14,19","462,33M","-6,96%"
"29.10.2020","15,78","15,24","16,31","15,15","276,37M","5,09%"
"28.10.2020","15,02","16,18","16,28","14,98","369,44M","-11,73%"
"27.10.2020","17,01","16,78","17,15","16,57","223,86M","2,36%"
"26.10.2020","16,62","16,97","17,50","15,94","317,11M","-4,56%"
"23.10.2020","17,41","17,43","17,43","16,86","191,09M","0,58%"
"22.10.2020","17,31","17,46","17,63","16,68","239,16M","0,05%"
"21.10.2020","17,30","17,39","17,88","17,22","242,57M","-0,26%"
"20.10.2020","17,35","17,37","17,92","17,07","274,71M","0,65%"
"19.10.2020","17,24","18,50","18,69","17,05","277,55M","-4,97%"
"16.10.2020","18,14","18,76","19,03","18,06","228,10M","-1,53%"
"15.10.2020","18,42","17,88","18,55","17,74","249,08M","-2,07%"
"14.10.2020","18,81","19,46","19,65","18,46","297,97M","-2,47%"
"13.10.2020","19,28","19,65","19,79","19,02","283,86M","0,00%"
"12.10.2020","19,28","18,55","19,84","18,36","294,12M","9,33%"
"09.10.2020","17,64","17,19","17,67","17,12","195,27M","4,45%"
"08.10.2020","16,89","17,06","17,08","16,69","197,89M","1,47%"
"07.10.2020","16,64","16,27","16,76","16,17","225,09M","5,26%"
"06.10.2020","15,81","16,55","16,89","15,64","345,65M","-5,37%"
"05.10.2020","16,71","16,06","16,76","16,03","210,79M","6,31%"
"02.10.2020","15,72","16,01","16,70","15,54","399,55M","-8,25%"
"01.10.2020","17,13","17,07","17,26","16,72","278,68M","4,68%"
"30.09.2020","16,36","16,07","16,94","16,03","338,77M","1,98%"
"29.09.2020","16,05","16,18","16,35","15,94","222,78M","-1,05%"
"28.09.2020","16,22","16,16","16,25","15,70","273,33M","5,93%"
"25.09.2020","15,31","14,38","15,44","14,13","324,48M","7,01%"
"24.09.2020","14,31","13,71","14,84","13,65","375,04M","1,46%"
"23.09.2020","14,10","15,48","15,52","13,96","405,51M","-9,26%"
"22.09.2020","15,54","15,15","15,64","14,56","315,07M","5,46%"
"21.09.2020","14,73","13,90","14,74","13,51","375,31M","1,18%"
"18.09.2020","14,56","15,36","15,43","13,85","463,04M","-3,86%"
"17.09.2020","15,15","14,65","15,49","14,51","446,85M","-4,61%"
"16.09.2020","15,88","16,82","16,92","15,82","307,17M","-4,80%"
"15.09.2020","16,68","16,67","16,93","16,37","300,89M","4,25%"
"14.09.2020","16,00","15,88","16,35","15,64","269,03M","5,15%"
"11.09.2020","15,21","15,88","16,02","14,60","385,80M","-2,19%"
"10.09.2020","15,55","17,06","17,30","15,22","465,94M","-5,78%"
"09.09.2020","16,51","16,13","16,90","15,71","290,35M","8,59%"
"08.09.2020","15,20","15,62","16,75","15,13","426,82M","-14,13%"
"04.09.2020","17,70","18,17","18,79","15,48","561,48M","-4,12%"
"03.09.2020","18,47","20,84","20,92","17,85","443,02M","-15,36%"
"02.09.2020","21,82","21,93","21,96","20,58","289,37M","2,82%"
"01.09.2020","21,22","20,74","21,25","20,37","193,84M","5,19%"
"31.08.2020","20,17","19,82","20,57","19,73","180,40M","2,31%"
"28.08.2020","19,71","19,66","19,84","19,39","198,15M","1,55%"
"27.08.2020","19,41","19,82","19,98","18,95","302,60M","-0,91%"
"26.08.2020","19,59","18,66","19,63","18,64","219,66M","6,40%"
"25.08.2020","18,41","17,85","18,43","17,76","172,56M","2,33%"
"24.08.2020","17,99","18,28","18,44","17,56","251,38M","1,85%"
"21.08.2020","17,67","17,33","17,75","17,22","164,28M","2,09%"
"20.08.2020","17,30","16,47","17,40","16,40","152,77M","4,11%"
"19.08.2020","16,62","16,95","17,15","16,54","205,85M","-1,95%"
"18.08.2020","16,95","16,68","17,05","16,41","149,31M","2,94%"
"17.08.2020","16,47","16,23","16,55","16,21","126,66M","3,30%"
"14.08.2020","15,94","16,08","16,15","15,68","199,74M","-0,29%"
"13.08.2020","15,99","16,01","16,40","15,82","234,28M","0,70%"
"12.08.2020","15,88","15,14","16,05","15,14","221,84M","7,48%"
"11.08.2020","14,77","15,44","15,68","14,67","310,27M","-5,68%"
"10.08.2020","15,66","15,91","15,95","15,02","254,31M","-1,35%"
"07.08.2020","15,87","16,33","16,48","15,46","296,71M","-3,27%"
"06.08.2020","16,41","15,76","16,49","15,65","192,06M","3,83%"
"05.08.2020","15,81","15,77","15,88","15,61","162,96M","0,80%"
"04.08.2020","15,68","15,41","15,70","15,29","211,01M","1,30%"
"03.08.2020","15,48","15,28","15,64","15,26","217,87M","3,73%"
"31.07.2020","14,92","14,91","14,94","14,11","360,00M","5,39%"
"30.07.2020","14,16","13,61","14,25","13,42","302,20M","1,62%"
"29.07.2020","13,93","13,71","14,08","13,64","194,28M","3,40%"
"28.07.2020","13,47","13,89","13,96","13,42","238,70M","-3,76%"
"27.07.2020","14,00","13,57","14,07","13,44","267,62M","5,37%"
"24.07.2020","13,29","13,06","13,52","12,63","357,22M","-2,96%"
"23.07.2020","13,69","14,79","14,90","13,45","336,65M","-7,83%"
"22.07.2020","14,85","14,77","15,02","14,46","227,79M","1,16%"
"21.07.2020","14,69","15,45","15,46","14,55","295,68M","-3,20%"
"20.07.2020","15,17","14,10","15,28","13,89","251,62M","8,51%"
"17.07.2020","13,98","14,02","14,13","13,63","231,00M","0,47%"
"16.07.2020","13,91","13,76","14,05","13,37","299,97M","-2,14%"
"15.07.2020","14,22","14,36","14,53","13,67","367,54M","0,49%"
"14.07.2020","14,15","13,45","14,22","12,92","459,75M","2,12%"
"13.07.2020","13,86","15,26","15,74","13,71","374,58M","-6,18%"
"10.07.2020","14,77","14,43","14,81","13,99","242,79M","2,12%"
"09.07.2020","14,46","14,43","14,58","13,73","317,60M","2,50%"
"08.07.2020","14,11","13,80","14,12","13,56","239,93M","3,85%"
"07.07.2020","13,59","13,82","14,27","13,53","246,10M","-1,97%"
"06.07.2020","13,86","13,41","13,95","13,41","211,98M","7,35%"
"02.07.2020","12,91","13,04","13,23","12,84","228,15M","2,13%"
"01.07.2020","12,64","12,23","12,81","12,15","252,14M","3,57%"
"30.06.2020","12,21","11,54","12,31","11,52","251,39M","5,75%"
"29.06.2020","11,54","11,15","11,55","10,78","259,61M","3,20%"
"26.06.2020","11,19","12,00","12,04","11,11","375,94M","-7,19%"
"25.06.2020","12,05","11,74","12,09","11,34","301,70M","2,65%"
"24.06.2020","11,74","12,36","12,56","11,48","392,82M","-5,89%"
"23.06.2020","12,48","12,42","12,83","12,33","234,90M","2,61%"
"22.06.2020","12,16","11,74","12,19","11,69","220,13M","3,56%"
"19.06.2020","11,74","12,12","12,15","11,49","289,95M","-0,14%"
"18.06.2020","11,76","11,62","11,80","11,51","212,79M","0,77%"
"17.06.2020","11,67","11,77","11,93","11,55","258,86M","0,97%"
"16.06.2020","11,55","11,67","11,77","11,04","383,22M","5,29%"
"15.06.2020","10,97","10,14","11,09","10,01","398,18M","3,53%"
"12.06.2020","10,60","11,04","11,21","10,05","411,88M","2,17%"
"11.06.2020","10,38","11,57","11,78","10,35","383,33M","-14,72%"
"10.06.2020","12,17","11,99","12,40","11,92","302,91M","3,61%"
"09.06.2020","11,74","11,36","11,87","11,34","213,18M","2,23%"
"08.06.2020","11,49","11,20","11,51","10,99","218,54M","2,22%"
"05.06.2020","11,24","10,74","11,32","10,69","281,39M","5,93%"
"04.06.2020","10,61","10,78","10,98","10,42","266,41M","-2,03%"
"03.06.2020","10,83","10,77","10,94","10,65","215,03M","1,36%"
"02.06.2020","10,68","10,53","10,69","10,20","250,71M","1,99%"
"01.06.2020","10,47","10,26","10,53","10,20","211,16M","1,23%"
"29.05.2020","10,35","10,01","10,41","9,79","358,95M","4,13%"
"28.05.2020","9,94","9,82","10,40","9,82","305,23M","-0,64%"
"27.05.2020","10,00","9,76","10,01","9,17","347,29M","1,41%"
"26.05.2020","9,86","10,38","10,41","9,80","245,20M","-0,42%"
"22.05.2020","9,90","9,76","9,94","9,63","209,66M","0,90%"
"21.05.2020","9,81","10,15","10,24","9,74","322,69M","-3,07%"
"20.05.2020","10,13","9,90","10,19","9,90","285,42M","5,85%"
"19.05.2020","9,56","9,67","9,95","9,55","261,43M","-0,77%"
"18.05.2020","9,64","9,50","9,77","9,40","297,63M","5,79%"
"15.05.2020","9,11","8,59","9,14","8,54","357,81M","1,72%"
"14.05.2020","8,96","8,51","8,96","8,26","403,00M","3,32%"
"13.05.2020","8,67","9,07","9,31","8,35","491,12M","-3,79%"
"12.05.2020","9,01","9,68","9,77","9,00","339,36M","-5,95%"
"11.05.2020","9,58","9,18","9,74","9,16","269,38M","2,49%"
"08.05.2020","9,35","9,19","9,37","9,06","262,84M","4,03%"
"07.05.2020","8,99","8,98","9,09","8,82","289,49M","3,90%"
"06.05.2020","8,65","8,69","8,89","8,55","311,88M","1,97%"
"05.05.2020","8,48","8,47","8,78","8,40","288,71M","3,19%"
"04.05.2020","8,22","7,82","8,24","7,76","200,76M","3,53%"
"01.05.2020","7,94","8,16","8,41","7,81","346,25M","-8,97%"
"30.04.2020","8,72","8,80","8,81","8,49","380,55M","0,66%"
"29.04.2020","8,66","8,38","8,80","8,26","346,10M","10,40%"
"28.04.2020","7,85","8,53","8,53","7,83","386,25M","-5,41%"
"27.04.2020","8,30","8,40","8,45","8,20","304,74M","1,95%"
"24.04.2020","8,14","7,82","8,18","7,65","318,37M","4,83%"
"23.04.2020","7,76","7,90","8,20","7,72","424,87M","-0,66%"
"22.04.2020","7,81","7,63","7,96","7,54","275,89M","8,85%"
"21.04.2020","7,18","7,83","7,89","7,04","519,49M","-11,06%"
"20.04.2020","8,07","8,15","8,44","8,06","387,00M","-3,24%"
"17.04.2020","8,34","8,46","8,51","8,00","463,56M","2,50%"
"16.04.2020","8,14","7,98","8,26","7,74","562,92M","5,36%"
"15.04.2020","7,72","7,61","7,92","7,46","431,69M","-3,32%"
"14.04.2020","7,99","7,51","8,05","7,42","490,05M","12,98%"
"13.04.2020","7,07","6,75","7,11","6,63","426,96M","3,48%"
"09.04.2020","6,83","6,99","7,09","6,66","553,30M","0,37%"
"08.04.2020","6,81","6,59","6,88","6,41","518,18M","6,39%"
"07.04.2020","6,40","6,99","7,04","6,38","658,01M","-0,19%"
"06.04.2020","6,41","5,89","6,52","5,80","518,62M","20,93%"
"03.04.2020","5,30","5,48","5,62","5,11","554,48M","-4,03%"
"02.04.2020","5,53","5,15","5,54","5,10","467,53M","5,92%"
"01.04.2020","5,22","5,45","5,72","5,08","535,59M","-12,41%"
"31.03.2020","5,95","6,08","6,44","5,86","731,90M","-2,78%"
"30.03.2020","6,13","5,70","6,17","5,63","416,62M","10,51%"
"27.03.2020","5,54","5,70","6,04","5,47","557,14M","-10,39%"
"26.03.2020","6,18","5,48","6,25","5,46","649,24M","16,29%"
"25.03.2020","5,32","5,53","5,98","5,14","834,87M","-2,32%"
"24.03.2020","5,45","5,15","5,47","5,02","829,82M","22,29%"
"23.03.2020","4,45","4,49","4,75","4,03","820,07M","0,31%"
"20.03.2020","4,44","5,37","5,47","4,39","782,26M","-11,71%"
"19.03.2020","5,03","4,86","5,51","4,50","804,81M","2,31%"
"18.03.2020","4,91","4,54","5,19","4,09","849,00M","-9,26%"
"17.03.2020","5,41","4,92","5,64","4,47","762,02M","16,30%"
"16.03.2020","4,66","5,06","6,07","4,62","658,29M","-34,47%"
"13.03.2020","7,11","6,53","7,16","5,63","556,29M","26,99%"
"12.03.2020","5,59","6,19","7,19","5,55","618,23M","-27,41%"
"11.03.2020","7,71","8,22","8,40","7,38","434,84M","-12,86%"
"10.03.2020","8,85","8,50","8,87","7,63","456,25M","15,56%"
"09.03.2020","7,65","7,69","8,64","7,63","406,96M","-20,31%"
"06.03.2020","9,60","9,09","9,76","8,88","393,52M","-5,24%"
"05.03.2020","10,14","10,28","10,85","9,89","386,97M","-8,77%"
"04.03.2020","11,11","10,44","11,14","10,16","315,83M","12,14%"
"03.03.2020","9,91","11,05","11,44","9,61","548,13M","-9,42%"
"02.03.2020","10,94","9,91","10,97","9,50","363,52M","13,65%"
"28.02.2020","9,63","8,55","9,68","8,44","495,35M","1,56%"
"27.02.2020","9,48","10,29","10,80","9,45","425,12M","-14,95%"
"26.02.2020","11,14","11,16","11,72","10,89","340,54M","1,38%"
"25.02.2020","10,99","12,24","12,36","10,87","300,79M","-8,09%"
"24.02.2020","11,96","12,03","12,45","11,70","269,67M","-11,52%"
"21.02.2020","13,52","14,13","14,20","13,34","207,41M","-5,72%"
"20.02.2020","14,34","14,66","14,75","13,80","227,66M","-2,85%"
"19.02.2020","14,76","14,60","14,85","14,55","105,63M","2,89%"
"18.02.2020","14,34","14,11","14,43","14,07","131,14M","0,17%"
"14.02.2020","14,32","14,28","14,37","14,14","113,97M","0,68%"
"13.02.2020","14,22","13,97","14,39","13,92","155,28M","-0,39%"
"12.02.2020","14,28","14,11","14,29","14,01","121,61M","2,93%"
"11.02.2020","13,87","14,09","14,23","13,76","193,77M","0,07%"
"10.02.2020","13,86","13,25","13,86","13,24","123,25M","3,61%"
"07.02.2020","13,38","13,37","13,60","13,27","154,05M","-1,29%"
"06.02.2020","13,55","13,31","13,57","13,18","113,13M","2,44%"
"05.02.2020","13,23","13,57","13,57","12,99","174,61M","1,16%"
"04.02.2020","13,08","12,75","13,16","12,63","140,25M","6,83%"
"03.02.2020","12,24","11,89","12,33","11,87","174,19M","4,59%"
"31.01.2020","11,70","12,46","12,47","11,59","220,38M","-4,91%"
"30.01.2020","12,31","11,95","12,32","11,83","200,25M","1,13%"
"29.01.2020","12,17","12,33","12,37","12,02","138,57M","0,36%"
"28.01.2020","12,13","11,83","12,21","11,75","171,86M","4,65%"
"27.01.2020","11,59","11,53","11,79","11,27","198,63M","-6,18%"
"24.01.2020","12,35","12,86","12,90","12,19","239,37M","-2,59%"
"23.01.2020","12,68","12,54","12,70","12,37","143,59M","0,93%"
"22.01.2020","12,57","12,65","12,79","12,52","136,15M","0,68%"
"21.01.2020","12,48","12,38","12,56","12,37","138,88M","-0,05%"
"17.01.2020","12,49","12,46","12,52","12,28","144,40M","1,49%"
"16.01.2020","12,30","12,14","12,31","12,07","121,10M","2,79%"
"15.01.2020","11,97","11,97","12,14","11,85","133,00M","0,06%"
"14.01.2020","11,96","12,07","12,14","11,90","146,72M","-1,17%"
"13.01.2020","12,10","11,84","12,11","11,79","117,29M","3,50%"
"10.01.2020","11,69","11,92","11,93","11,64","137,76M","-0,82%"
"09.01.2020","11,79","11,78","11,86","11,59","146,38M","2,52%"
"08.01.2020","11,50","11,24","11,66","11,19","160,25M","2,30%"
"07.01.2020","11,24","11,27","11,35","11,15","115,06M","-0,12%"
"06.01.2020","11,26","10,78","11,26","10,74","128,77M","1,90%"
"03.01.2020","11,05","10,91","11,25","10,90","145,32M","-2,72%"
"02.01.2020","11,35","11,09","11,35","11,03","131,43M","4,96%"
"31.12.2019","10,82","10,66","10,85","10,61","84,43M","0,57%"
"30.12.2019","10,76","10,97","10,98","10,60","113,14M","-1,99%"
"27.12.2019","10,98","11,13","11,13","10,89","99,87M","-0,30%"
"26.12.2019","11,01","10,78","11,01","10,78","64,78M","2,60%"
"24.12.2019","10,73","10,74","10,76","10,66","39,90M","0,09%"
"23.12.2019","10,72","10,75","10,77","10,70","72,56M","0,74%"
"20.12.2019","10,64","10,65","10,69","10,57","99,68M","1,19%"
"19.12.2019","10,52","10,33","10,52","10,33","83,55M","2,04%"
"18.12.2019","10,31","10,33","10,41","10,29","71,71M","0,23%"
"17.12.2019","10,28","10,32","10,35","10,25","84,68M","0,13%"
"16.12.2019","10,27","10,18","10,32","10,17","99,91M","2,87%"
"13.12.2019","9,98","9,87","10,09","9,81","161,07M","0,90%"
"12.12.2019","9,89","9,64","10,00","9,60","184,04M","2,29%"
"11.12.2019","9,67","9,59","9,70","9,55","91,37M","1,51%"
"10.12.2019","9,53","9,56","9,66","9,46","112,39M","-0,22%"
"09.12.2019","9,55","9,64","9,77","9,54","78,24M","-1,23%"
"06.12.2019","9,67","9,59","9,70","9,57","93,03M","3,09%"
"05.12.2019","9,38","9,43","9,43","9,25","89,71M","0,52%"
"04.12.2019","9,33","9,34","9,40","9,29","88,22M","1,48%"
"03.12.2019","9,19","9,04","9,20","8,89","157,14M","-2,25%"
"02.12.2019","9,40","9,72","9,72","9,25","152,69M","-3,22%"
"29.11.2019","9,72","9,78","9,82","9,70","53,80M","-1,33%"
"27.11.2019","9,85","9,72","9,85","9,69","82,56M","2,02%"
"26.11.2019","9,65","9,61","9,69","9,57","84,06M","0,60%"
"25.11.2019","9,60","9,39","9,60","9,39","80,84M","3,46%"
"22.11.2019","9,27","9,32","9,34","9,12","83,67M","0,27%"
"21.11.2019","9,25","9,29","9,31","9,17","90,66M","-0,78%"
"20.11.2019","9,32","9,42","9,50","9,10","151,23M","-1,75%"
"19.11.2019","9,49","9,56","9,56","9,39","112,42M","0,41%"
"18.11.2019","9,45","9,39","9,50","9,27","96,99M","0,52%"
"15.11.2019","9,40","9,39","9,42","9,31","90,65M","1,88%"
"14.11.2019","9,23","9,15","9,25","9,06","108,00M","0,00%"
"13.11.2019","9,23","9,15","9,28","9,13","112,74M","-0,15%"
"12.11.2019","9,24","9,19","9,34","9,15","128,69M","0,82%"
"11.11.2019","9,17","9,07","9,18","9,03","76,27M","-0,42%"
"08.11.2019","9,21","9,05","9,21","8,98","81,64M","1,18%"
"07.11.2019","9,10","9,15","9,27","9,02","125,72M","1,01%"
"06.11.2019","9,01","9,04","9,05","8,88","115,33M","-0,63%"
"05.11.2019","9,07","9,10","9,12","8,99","103,23M","0,12%"
"04.11.2019","9,06","9,08","9,12","9,02","99,93M","1,78%"
"01.11.2019","8,90","8,78","8,90","8,74","115,05M","2,71%"
"31.10.2019","8,66","8,72","8,74","8,51","123,30M","0,07%"
"30.10.2019","8,65","8,58","8,70","8,43","118,98M","1,41%"
"29.10.2019","8,53","8,69","8,73","8,53","107,03M","-2,30%"
"28.10.2019","8,74","8,61","8,77","8,61","111,60M","3,05%"
"25.10.2019","8,48","8,16","8,50","8,16","129,18M","2,28%"
"24.10.2019","8,29","8,23","8,30","8,12","124,62M","2,87%"
"23.10.2019","8,06","7,96","8,06","7,93","98,70M","0,47%"
"22.10.2019","8,02","8,30","8,34","8,01","126,64M","-2,31%"
"21.10.2019","8,21","8,13","8,23","8,05","94,68M","2,64%"
"18.10.2019","8,00","8,20","8,25","7,87","154,57M","-2,87%"
"17.10.2019","8,23","8,32","8,36","8,14","122,22M","0,69%"
"16.10.2019","8,18","8,15","8,24","8,10","118,64M","-0,74%"
"15.10.2019","8,24","8,01","8,29","8,00","141,79M","3,79%"
"14.10.2019","7,94","7,91","8,01","7,88","92,83M","0,11%"
"11.10.2019","7,93","7,90","8,13","7,89","223,43M","3,74%"
"10.10.2019","7,64","7,48","7,73","7,46","180,16M","2,19%"
"09.10.2019","7,48","7,45","7,58","7,38","156,94M","3,03%"
"08.10.2019","7,26","7,45","7,56","7,25","236,78M","-4,55%"
"07.10.2019","7,61","7,61","7,79","7,57","163,19M","-0,93%"
"04.10.2019","7,68","7,46","7,71","7,45","170,85M","4,21%"
"03.10.2019","7,37","7,13","7,37","6,86","241,43M","3,29%"
"02.10.2019","7,13","7,37","7,37","7,00","272,05M","-5,12%"
"01.10.2019","7,52","7,79","7,92","7,48","159,72M","-2,42%"
"30.09.2019","7,70","7,57","7,74","7,53","118,85M","2,67%"
"27.09.2019","7,50","7,82","7,83","7,33","188,66M","-3,63%"
"26.09.2019","7,79","7,84","7,86","7,61","137,23M","-1,00%"
"25.09.2019","7,86","7,59","7,93","7,40","153,71M","3,20%"
"24.09.2019","7,62","8,04","8,09","7,52","205,77M","-3,95%"
"23.09.2019","7,93","7,91","8,01","7,84","91,80M","0,09%"
"20.09.2019","7,93","8,22","8,24","7,84","124,39M","-3,15%"
"19.09.2019","8,19","8,19","8,34","8,14","133,30M","0,44%"
"18.09.2019","8,15","8,11","8,16","7,84","142,74M","-0,06%"
"17.09.2019","8,15","8,05","8,16","8,00","91,34M","1,32%"
"16.09.2019","8,05","8,00","8,10","7,97","97,12M","-1,38%"
"13.09.2019","8,16","8,21","8,27","8,13","107,61M","-1,06%"
"12.09.2019","8,25","8,30","8,44","8,21","139,93M","1,24%"
"11.09.2019","8,15","7,97","8,16","7,92","111,40M","2,69%"
"10.09.2019","7,93","7,87","7,93","7,71","136,77M","-0,83%"
"09.09.2019","8,00","8,12","8,13","7,87","112,31M","-0,64%"
"06.09.2019","8,05","8,11","8,12","7,99","115,04M","-0,28%"
"05.09.2019","8,07","7,90","8,14","7,89","127,10M","5,52%"
"04.09.2019","7,65","7,55","7,67","7,49","100,86M","4,21%"
"03.09.2019","7,34","7,41","7,52","7,26","129,22M","-2,91%"
"30.08.2019","7,56","7,74","7,74","7,43","136,25M","-0,71%"
"29.08.2019","7,61","7,55","7,68","7,47","142,08M","4,55%"
"28.08.2019","7,28","7,14","7,32","7,03","128,06M","1,01%"
"27.08.2019","7,21","7,41","7,45","7,13","155,13M","-0,60%"
"26.08.2019","7,26","7,19","7,26","7,06","146,89M","4,05%"
"23.08.2019","6,97","7,52","7,72","6,89","302,81M","-9,15%"
"22.08.2019","7,68","7,80","7,85","7,49","153,23M","-0,97%"
"21.08.2019","7,75","7,75","7,82","7,67","101,96M","2,55%"
"20.08.2019","7,56","7,68","7,76","7,55","125,67M","-2,06%"
"19.08.2019","7,72","7,68","7,78","7,62","120,36M","4,68%"
"16.08.2019","7,37","7,22","7,44","7,22","164,90M","4,61%"
"15.08.2019","7,05","7,11","7,16","6,88","210,85M","-0,42%"
"14.08.2019","7,08","7,39","7,47","7,03","304,93M","-8,96%"
"13.08.2019","7,77","7,28","7,92","7,25","240,46M","6,56%"
"12.08.2019","7,29","7,41","7,48","7,19","213,31M","-3,35%"
"09.08.2019","7,55","7,66","7,74","7,37","221,37M","-2,96%"
"08.08.2019","7,78","7,41","7,78","7,34","219,06M","6,62%"
"07.08.2019","7,29","6,95","7,33","6,79","307,91M","1,46%"
"06.08.2019","7,19","7,09","7,25","6,94","213,54M","4,11%"
"05.08.2019","6,91","7,24","7,24","6,71","302,49M","-10,50%"
"02.08.2019","7,72","7,90","7,93","7,58","246,92M","-4,58%"
"01.08.2019","8,09","8,24","8,70","7,95","298,38M","-1,40%"
"31.07.2019","8,20","8,63","8,64","7,96","196,34M","-4,22%"
"30.07.2019","8,56","8,48","8,66","8,46","111,50M","-1,34%"
"29.07.2019","8,68","8,74","8,74","8,51","113,28M","-0,93%"
"26.07.2019","8,76","8,66","8,80","8,65","111,48M","2,97%"
"25.07.2019","8,51","8,67","8,67","8,45","150,07M","-2,86%"
"24.07.2019","8,76","8,48","8,76","8,48","109,24M","2,13%"
"23.07.2019","8,57","8,55","8,58","8,38","116,05M","1,93%"
"22.07.2019","8,41","8,28","8,47","8,28","95,50M","2,36%"
"19.07.2019","8,22","8,59","8,59","8,20","140,78M","-2,42%"
"18.07.2019","8,42","8,26","8,46","8,18","136,27M","0,43%"
"17.07.2019","8,39","8,52","8,55","8,38","92,51M","-1,48%"
"16.07.2019","8,51","8,61","8,64","8,43","111,99M","-1,42%"
"15.07.2019","8,63","8,62","8,65","8,55","73,39M","0,85%"
"12.07.2019","8,56","8,44","8,56","8,42","89,19M","1,68%"
"11.07.2019","8,42","8,48","8,54","8,34","127,85M","-0,27%"
"10.07.2019","8,44","8,35","8,51","8,30","154,11M","2,96%"
"09.07.2019","8,20","7,96","8,23","7,94","88,60M","1,50%"
"08.07.2019","8,08","8,10","8,10","7,98","105,79M","-2,11%"
"05.07.2019","8,25","8,14","8,30","8,04","116,84M","-0,65%"
"03.07.2019","8,31","8,18","8,31","8,16","67,13M","2,22%"
"02.07.2019","8,13","8,02","8,13","7,95","81,25M","1,21%"
"01.07.2019","8,03","8,16","8,19","7,92","145,19M","3,98%"
"28.06.2019","7,72","7,75","7,77","7,64","98,93M","0,42%"
"27.06.2019","7,69","7,69","7,75","7,63","75,27M","1,08%"
"26.06.2019","7,61","7,65","7,80","7,58","94,12M","1,26%"
"25.06.2019","7,51","7,90","7,91","7,47","139,62M","-5,12%"
"24.06.2019","7,92","7,96","7,99","7,90","68,94M","0,00%"
"21.06.2019","7,92","7,91","8,07","7,87","104,65M","-0,46%"
"20.06.2019","7,95","8,06","8,07","7,78","119,36M","2,74%"
"19.06.2019","7,74","7,69","7,80","7,55","136,98M","1,18%"
"18.06.2019","7,65","7,59","7,81","7,54","141,83M","4,33%"
"17.06.2019","7,34","7,25","7,40","7,23","75,05M","1,82%"
"14.06.2019","7,20","7,18","7,26","7,12","77,14M","-1,30%"
"13.06.2019","7,30","7,27","7,35","7,22","98,56M","1,64%"
"12.06.2019","7,18","7,24","7,29","7,14","110,18M","-1,69%"
"11.06.2019","7,30","7,51","7,55","7,23","137,45M","0,38%"
"10.06.2019","7,28","7,17","7,48","7,17","183,27M","3,65%"
"07.06.2019","7,02","6,75","7,11","6,73","151,55M","5,70%"
"06.06.2019","6,64","6,53","6,69","6,44","100,30M","2,31%"
"05.06.2019","6,49","6,54","6,54","6,30","152,32M","2,20%"
"04.06.2019","6,35","6,05","6,36","5,99","163,87M","8,10%"
"03.06.2019","5,88","6,23","6,28","5,77","241,81M","-6,39%"
"31.05.2019","6,28","6,36","6,43","6,27","140,60M","-4,81%"
"30.05.2019","6,59","6,57","6,65","6,48","136,43M","1,19%"
"29.05.2019","6,52","6,56","6,63","6,41","177,92M","-2,51%"
"28.05.2019","6,68","6,82","6,93","6,68","116,90M","-1,07%"
"24.05.2019","6,76","6,88","6,95","6,74","137,23M","-0,15%"
"23.05.2019","6,77","6,86","6,86","6,64","207,68M","-4,72%"
"22.05.2019","7,10","7,07","7,22","7,07","128,91M","-1,30%"
"21.05.2019","7,20","7,16","7,25","7,09","114,49M","3,01%"
"20.05.2019","6,99","7,05","7,13","6,91","184,37M","-5,01%"
"17.05.2019","7,36","7,36","7,67","7,33","182,51M","-3,11%"
"16.05.2019","7,59","7,38","7,73","7,35","174,03M","3,12%"
"15.05.2019","7,36","6,93","7,42","6,92","176,16M","4,16%"
"14.05.2019","7,07","6,95","7,20","6,88","140,19M","3,14%"
"13.05.2019","6,85","7,06","7,18","6,78","234,92M","-10,34%"
"10.05.2019","7,64","7,53","7,75","7,16","227,86M","0,28%"
"09.05.2019","7,62","7,49","7,70","7,28","220,42M","-1,58%"
"08.05.2019","7,74","7,73","7,92","7,65","161,24M","-0,88%"
"07.05.2019","7,81","8,03","8,13","7,58","237,53M","-5,82%"
"06.05.2019","8,30","7,91","8,33","7,87","161,72M","-1,79%"
"03.05.2019","8,45","8,27","8,47","8,22","108,89M","4,71%"
"02.05.2019","8,07","8,17","8,29","7,91","141,29M","-1,22%"
"01.05.2019","8,17","8,41","8,49","8,16","125,92M","-1,15%"
"30.04.2019","8,26","8,25","8,30","8,08","127,59M","-2,29%"
"29.04.2019","8,45","8,41","8,50","8,37","83,80M","0,54%"
"26.04.2019","8,41","8,35","8,41","8,14","110,52M","0,36%"
"25.04.2019","8,38","8,47","8,48","8,25","119,69M","1,12%"
"24.04.2019","8,29","8,39","8,42","8,28","95,08M","-0,97%"
"23.04.2019","8,37","8,13","8,40","8,09","104,95M","3,80%"
"22.04.2019","8,06","7,89","8,07","7,88","75,76M","0,84%"
"18.04.2019","7,99","8,01","8,01","7,86","91,90M","0,31%"
"17.04.2019","7,97","8,05","8,07","7,90","114,42M","1,00%"
"16.04.2019","7,89","7,89","7,94","7,82","94,29M","0,98%"
"15.04.2019","7,82","7,81","7,84","7,66","83,37M","0,08%"
"12.04.2019","7,81","7,81","7,82","7,72","95,23M","1,23%"
"11.04.2019","7,71","7,80","7,80","7,67","111,77M","-0,76%"
"10.04.2019","7,77","7,68","7,78","7,65","99,24M","1,62%"
"09.04.2019","7,65","7,66","7,73","7,60","104,12M","-1,10%"
"08.04.2019","7,73","7,64","7,75","7,55","103,46M","0,78%"
"05.04.2019","7,67","7,63","7,69","7,60","104,65M","1,50%"
"04.04.2019","7,56","7,57","7,66","7,43","143,62M","-0,15%"
"03.04.2019","7,57","7,57","7,71","7,50","151,62M","1,73%"
"02.04.2019","7,44","7,39","7,46","7,33","106,73M","1,10%"
"01.04.2019","7,36","7,29","7,39","7,21","122,36M","3,94%"
"29.03.2019","7,08","7,08","7,10","6,96","126,98M","2,26%"
"28.03.2019","6,93","6,93","7,00","6,80","128,44M","0,64%"
"27.03.2019","6,88","7,05","7,10","6,73","176,81M","-1,96%"
"26.03.2019","7,02","7,09","7,21","6,91","175,87M","1,37%"
"25.03.2019","6,93","6,88","7,00","6,77","210,37M","-0,63%"
"22.03.2019","6,97","7,36","7,42","6,94","267,60M","-6,54%"
"21.03.2019","7,46","7,06","7,49","7,06","151,96M","4,63%"
"20.03.2019","7,13","7,04","7,26","6,95","183,52M","1,12%"
"19.03.2019","7,05","7,07","7,16","6,96","164,38M","1,00%"
"18.03.2019","6,98","6,92","7,04","6,88","148,99M","0,90%"
"15.03.2019","6,91","6,83","6,99","6,81","138,85M","2,48%"
"14.03.2019","6,75","6,79","6,82","6,74","95,44M","-0,44%"
"13.03.2019","6,78","6,73","6,89","6,71","145,13M","2,17%"
"12.03.2019","6,63","6,58","6,68","6,53","151,61M","1,63%"
"11.03.2019","6,53","6,22","6,54","6,22","128,47M","6,25%"
"08.03.2019","6,14","5,97","6,15","5,95","174,94M","-0,57%"
"07.03.2019","6,18","6,36","6,37","6,10","169,31M","-3,65%"
"06.03.2019","6,41","6,54","6,55","6,38","123,47M","-1,72%"
"05.03.2019","6,53","6,52","6,59","6,43","100,35M","0,25%"
"04.03.2019","6,51","6,62","6,67","6,29","213,09M","0,00%"
"01.03.2019","6,51","6,51","6,54","6,38","140,16M","2,00%"
"28.02.2019","6,38","6,36","6,45","6,33","92,06M","-0,62%"
"27.02.2019","6,42","6,35","6,45","6,22","115,84M","-0,31%"
"26.02.2019","6,44","6,37","6,50","6,34","105,36M","0,31%"
"25.02.2019","6,42","6,50","6,55","6,41","124,10M","1,10%"
"22.02.2019","6,35","6,26","6,36","6,25","119,64M","2,17%"
"21.02.2019","6,22","6,23","6,29","6,12","128,49M","-1,13%"
"20.02.2019","6,29","6,31","6,38","6,19","171,07M","-0,08%"
"19.02.2019","6,29","6,20","6,35","6,20","103,57M","0,60%"
"15.02.2019","6,25","6,31","6,32","6,17","142,50M","1,19%"
"14.02.2019","6,18","6,09","6,24","6,03","153,37M","0,37%"
"13.02.2019","6,16","6,23","6,29","6,14","127,61M","0,20%"
"12.02.2019","6,14","6,02","6,17","5,99","128,23M","4,33%"
"11.02.2019","5,89","5,97","6,01","5,84","121,20M","-0,23%"
"08.02.2019","5,90","5,71","5,91","5,70","144,72M","0,51%"
"07.02.2019","5,87","5,96","6,00","5,74","209,79M","-4,08%"
"06.02.2019","6,12","6,18","6,22","6,04","145,42M","-0,79%"
"05.02.2019","6,17","6,05","6,20","6,04","128,92M","2,64%"
"04.02.2019","6,01","5,81","6,02","5,79","110,98M","3,66%"
"01.02.2019","5,80","5,79","5,93","5,76","141,56M","-1,28%"
"31.01.2019","5,88","5,73","5,97","5,71","160,58M","4,40%"
"30.01.2019","5,63","5,41","5,69","5,36","175,82M","7,50%"
"29.01.2019","5,24","5,40","5,40","5,18","122,53M","-2,83%"
"28.01.2019","5,39","5,38","5,39","5,25","140,36M","-3,69%"
"25.01.2019","5,59","5,53","5,65","5,48","139,51M","3,56%"
"24.01.2019","5,40","5,35","5,43","5,29","128,10M","1,77%"
"23.01.2019","5,31","5,37","5,44","5,13","166,09M","0,09%"
"22.01.2019","5,30","5,50","5,51","5,16","181,73M","-5,52%"
"18.01.2019","5,61","5,59","5,70","5,48","166,91M","2,75%"
"17.01.2019","5,46","5,29","5,53","5,26","142,04M","2,34%"
"16.01.2019","5,34","5,37","5,48","5,34","135,89M","0,14%"
"15.01.2019","5,33","5,12","5,36","5,11","145,11M","5,54%"
"14.01.2019","5,05","5,05","5,12","4,98","111,38M","-2,60%"
"11.01.2019","5,19","5,16","5,20","5,10","120,80M","-1,19%"
"10.01.2019","5,25","5,08","5,25","4,99","175,13M","0,96%"
"09.01.2019","5,20","5,14","5,27","5,07","178,10M","2,36%"
"08.01.2019","5,08","5,09","5,14","4,86","211,62M","2,89%"
"07.01.2019","4,94","4,81","5,02","4,77","213,11M","3,19%"
"04.01.2019","4,78","4,44","4,84","4,40","272,96M","12,79%"
"03.01.2019","4,24","4,50","4,55","4,20","330,51M","-9,69%"
"02.01.2019","4,70","4,35","4,78","4,34","271,67M","1,43%"
"31.12.2018","4,63","4,67","4,71","4,51","216,97M","2,26%"
"28.12.2018","4,53","4,63","4,76","4,42","304,84M","-0,41%"
"27.12.2018","4,55","4,32","4,55","4,01","341,83M","1,42%"
"26.12.2018","4,48","3,91","4,49","3,83","378,24M","18,00%"
"24.12.2018","3,80","4,00","4,16","3,79","175,60M","-7,40%"
"21.12.2018","4,10","4,58","4,68","4,03","369,03M","-9,66%"
"20.12.2018","4,54","4,68","4,85","4,34","320,82M","-4,02%"
"19.12.2018","4,73","5,09","5,32","4,61","307,86M","-7,23%"
"18.12.2018","5,10","5,14","5,25","4,97","157,89M","1,67%"
"17.12.2018","5,02","5,31","5,44","4,89","200,59M","-6,46%"
"14.12.2018","5,36","5,61","5,67","5,34","156,18M","-7,54%"
"13.12.2018","5,80","5,91","5,99","5,69","164,73M","0,00%"
"12.12.2018","5,80","5,90","6,07","5,80","169,45M","2,52%"
"11.12.2018","5,66","5,87","5,88","5,51","172,16M","1,07%"
"10.12.2018","5,60","5,39","5,67","5,23","176,47M","3,13%"
"07.12.2018","5,43","5,95","6,05","5,38","222,99M","-9,79%"
"06.12.2018","6,01","5,55","6,03","5,48","196,16M","1,45%"
"04.12.2018","5,93","6,57","6,62","5,88","210,10M","-11,00%"
"03.12.2018","6,66","6,76","6,79","6,53","149,34M","5,13%"
"30.11.2018","6,34","6,23","6,36","6,14","116,56M","2,09%"
"29.11.2018","6,21","6,19","6,33","6,06","129,04M","-0,92%"
"28.11.2018","6,26","5,85","6,27","5,75","195,06M","9,48%"
"27.11.2018","5,72","5,58","5,76","5,49","120,16M","1,04%"
"26.11.2018","5,66","5,52","5,67","5,45","119,97M","6,86%"
"23.11.2018","5,30","5,28","5,47","5,28","56,88M","-2,21%"
"21.11.2018","5,42","5,50","5,58","5,39","115,12M","2,24%"
"20.11.2018","5,30","5,22","5,53","5,09","202,99M","-5,55%"
"19.11.2018","5,61","6,11","6,14","5,55","186,49M","-9,59%"
"16.11.2018","6,21","6,09","6,30","6,01","134,32M","-1,10%"
"15.11.2018","6,28","5,92","6,33","5,78","169,82M","5,35%"
"14.11.2018","5,96","6,28","6,35","5,86","156,12M","-2,54%"
"13.11.2018","6,11","6,18","6,44","6,06","154,45M","0,00%"
"12.11.2018","6,11","6,56","6,60","6,07","154,37M","-8,78%"
"09.11.2018","6,70","6,86","6,91","6,54","136,74M","-5,08%"
"08.11.2018","7,06","7,10","7,16","6,96","117,52M","-1,71%"
"07.11.2018","7,18","6,81","7,20","6,77","138,55M","9,20%"
"06.11.2018","6,58","6,43","6,69","6,41","111,46M","2,11%"
"05.11.2018","6,44","6,51","6,52","6,22","102,60M","-0,98%"
"02.11.2018","6,51","6,74","6,87","6,35","174,36M","-4,48%"
"01.11.2018","6,81","6,58","6,83","6,43","126,07M","4,37%"
"31.10.2018","6,53","6,41","6,71","6,41","180,16M","6,75%"
"30.10.2018","6,11","5,78","6,13","5,70","184,87M","3,86%"
"29.10.2018","5,89","6,50","6,57","5,48","217,96M","-5,35%"
"26.10.2018","6,22","6,05","6,60","5,93","244,76M","-7,77%"
"25.10.2018","6,74","6,39","6,85","6,30","152,07M","10,26%"
"24.10.2018","6,11","7,05","7,09","6,09","204,84M","-13,60%"
"23.10.2018","7,08","6,77","7,18","6,53","176,78M","-1,10%"
"22.10.2018","7,16","7,18","7,32","7,00","114,93M","1,51%"
"19.10.2018","7,05","7,22","7,42","6,97","134,84M","-0,41%"
"18.10.2018","7,08","7,51","7,52","6,98","156,35M","-6,94%"
"17.10.2018","7,61","7,71","7,72","7,37","130,12M","0,33%"
"16.10.2018","7,58","7,20","7,65","7,17","124,47M","8,61%"
"15.10.2018","6,98","7,18","7,21","6,91","159,74M","-3,77%"
"12.10.2018","7,25","7,22","7,32","6,85","168,49M","8,45%"
"11.10.2018","6,69","6,88","7,16","6,48","222,43M","-4,05%"
"10.10.2018","6,97","7,87","7,88","6,93","242,86M","-12,97%"
"09.10.2018","8,01","7,96","8,20","7,90","104,29M","0,77%"
"08.10.2018","7,95","7,98","8,16","7,66","119,35M","-1,79%"
"05.10.2018","8,09","8,40","8,48","7,85","132,92M","-3,76%"
"04.10.2018","8,41","8,81","8,82","8,21","150,89M","-5,70%"
"03.10.2018","8,92","9,00","9,06","8,88","66,57M","0,30%"
"02.10.2018","8,89","8,92","9,10","8,83","64,79M","-0,57%"
"01.10.2018","8,94","9,06","9,15","8,89","68,23M","0,58%"
"28.09.2018","8,89","8,83","8,97","8,78","61,86M","-0,15%"
"27.09.2018","8,91","8,80","9,00","8,78","58,53M","2,77%"
"26.09.2018","8,67","8,68","8,93","8,64","70,92M","-0,10%"
"25.09.2018","8,68","8,62","8,69","8,54","43,26M","0,41%"
"24.09.2018","8,64","8,39","8,65","8,28","52,87M","0,86%"
"21.09.2018","8,57","8,78","8,82","8,54","60,28M","-1,59%"
"20.09.2018","8,70","8,60","8,75","8,55","62,68M","3,14%"
"19.09.2018","8,44","8,46","8,52","8,27","58,96M","-0,22%"
"18.09.2018","8,46","8,28","8,58","8,27","72,76M","2,38%"
"17.09.2018","8,26","8,58","8,60","8,23","72,82M","-4,22%"
"14.09.2018","8,63","8,72","8,77","8,53","76,69M","-0,76%"
"13.09.2018","8,69","8,59","8,75","8,58","74,68M","2,96%"
"12.09.2018","8,44","8,48","8,50","8,22","88,26M","-0,87%"
"11.09.2018","8,52","8,22","8,56","8,16","70,52M","2,22%"
"10.09.2018","8,33","8,39","8,40","8,19","55,45M","0,88%"
"07.09.2018","8,26","8,17","8,46","8,15","77,01M","-0,99%"
"06.09.2018","8,34","8,59","8,62","8,17","115,51M","-2,73%"
"05.09.2018","8,57","8,88","8,88","8,49","107,73M","-3,98%"
"04.09.2018","8,93","8,96","9,00","8,78","80,21M","-1,19%"
"31.08.2018","9,04","8,98","9,12","8,95","63,18M","0,29%"
"30.08.2018","9,01","9,01","9,17","8,92","87,86M","-0,57%"
"29.08.2018","9,06","8,80","9,07","8,79","65,74M","3,50%"
"28.08.2018","8,76","8,79","8,82","8,70","65,23M","0,44%"
"27.08.2018","8,72","8,60","8,72","8,55","72,85M","3,01%"
"24.08.2018","8,46","8,32","8,48","8,31","63,96M","2,78%"
"23.08.2018","8,23","8,23","8,41","8,20","71,13M","-0,50%"
"22.08.2018","8,27","8,13","8,30","8,10","63,31M","1,16%"
"21.08.2018","8,18","8,17","8,33","8,15","67,07M","1,03%"
"20.08.2018","8,10","8,17","8,18","8,00","67,46M","-0,20%"
"17.08.2018","8,11","8,05","8,18","7,90","70,26M","0,00%"
"16.08.2018","8,11","8,22","8,27","8,07","65,14M","0,92%"
"15.08.2018","8,04","8,15","8,23","7,89","115,86M","-3,64%"
"14.08.2018","8,34","8,28","8,37","8,15","60,73M","1,85%"
"13.08.2018","8,19","8,26","8,42","8,18","92,67M","-0,29%"
"10.08.2018","8,22","8,24","8,32","8,13","85,63M","-2,33%"
"09.08.2018","8,41","8,41","8,51","8,38","54,53M","-0,09%"
"08.08.2018","8,42","8,37","8,48","8,30","63,48M","0,27%"
"07.08.2018","8,40","8,38","8,45","8,33","71,97M","0,98%"
"06.08.2018","8,32","8,16","8,32","8,12","68,07M","1,84%"
"03.08.2018","8,17","8,14","8,17","8,04","72,13M","0,90%"
"02.08.2018","8,09","7,61","8,13","7,61","92,24M","3,98%"
"01.08.2018","7,78","7,75","7,85","7,66","69,30M","1,37%"
"31.07.2018","7,68","7,61","7,79","7,49","95,71M","1,99%"
"30.07.2018","7,53","7,87","7,88","7,41","100,81M","-4,31%"
"27.07.2018","7,87","8,35","8,36","7,72","118,10M","-4,17%"
"26.07.2018","8,21","8,24","8,32","8,16","111,89M","-4,37%"
"25.07.2018","8,59","8,25","8,60","8,25","78,60M","4,17%"
"24.07.2018","8,24","8,39","8,48","8,14","95,07M","1,27%"
"23.07.2018","8,14","8,00","8,15","7,90","63,03M","0,87%"
"20.07.2018","8,07","8,15","8,23","8,04","57,61M","-0,14%"
"19.07.2018","8,08","8,12","8,19","8,05","76,87M","-1,48%"
"18.07.2018","8,20","8,25","8,27","8,13","46,54M","-0,64%"
"17.07.2018","8,25","7,85","8,30","7,85","75,59M","1,85%"
"16.07.2018","8,10","8,16","8,21","8,06","55,56M","-0,67%"
"13.07.2018","8,16","8,14","8,20","8,07","67,91M","0,29%"
"12.07.2018","8,13","7,85","8,14","7,83","81,35M","4,93%"
"11.07.2018","7,75","7,69","7,83","7,66","79,83M","-1,46%"
"10.07.2018","7,87","7,88","7,92","7,78","66,78M","0,24%"
"09.07.2018","7,85","7,76","7,86","7,67","72,38M","2,78%"
"06.07.2018","7,64","7,35","7,66","7,32","75,01M","4,50%"
"05.07.2018","7,31","7,19","7,32","7,07","65,62M","3,67%"
"03.07.2018","7,05","7,38","7,39","7,03","56,43M","-3,44%"
"02.07.2018","7,30","6,96","7,31","6,91","83,30M","2,24%"
"29.06.2018","7,14","7,21","7,32","7,13","78,54M","0,46%"
"28.06.2018","7,11","6,90","7,18","6,86","111,30M","2,45%"
"27.06.2018","6,94","7,32","7,41","6,91","131,84M","-4,01%"
"26.06.2018","7,23","7,22","7,35","7,14","94,17M","1,10%"
"25.06.2018","7,15","7,45","7,48","6,94","171,31M","-6,39%"
"22.06.2018","7,64","7,79","7,80","7,58","62,23M","-1,00%"
"21.06.2018","7,71","7,97","8,00","7,67","102,28M","-2,59%"
"20.06.2018","7,92","7,86","8,02","7,84","79,65M","2,10%"
"19.06.2018","7,76","7,52","7,76","7,45","107,63M","-0,89%"
"18.06.2018","7,82","7,69","7,84","7,61","68,73M","-0,22%"
"15.06.2018","7,84","7,83","7,89","7,72","77,69M","-0,99%"
"14.06.2018","7,92","7,80","7,96","7,78","90,45M","3,04%"
"13.06.2018","7,69","7,72","7,87","7,64","72,25M","-0,11%"
"12.06.2018","7,70","7,61","7,72","7,58","47,85M","1,58%"
"11.06.2018","7,58","7,50","7,63","7,49","40,84M","0,78%"
"08.06.2018","7,52","7,40","7,55","7,35","49,32M","-0,07%"
"07.06.2018","7,52","7,71","7,72","7,40","78,45M","-2,32%"
"06.06.2018","7,70","7,60","7,71","7,49","57,63M","1,65%"
"05.06.2018","7,58","7,56","7,61","7,48","55,90M","1,03%"
"04.06.2018","7,50","7,36","7,51","7,35","64,05M","2,56%"
"01.06.2018","7,31","7,08","7,32","7,08","77,17M","4,65%"
"31.05.2018","6,99","6,99","7,12","6,93","81,06M","-0,21%"
"30.05.2018","7,00","6,93","7,03","6,88","70,81M","2,13%"
"29.05.2018","6,86","6,85","6,97","6,73","94,45M","-1,28%"
"25.05.2018","6,94","6,93","7,02","6,88","63,08M","0,25%"
"24.05.2018","6,93","6,93","6,96","6,72","71,11M","-0,08%"
"23.05.2018","6,93","6,61","6,94","6,61","123,05M","2,51%"
"22.05.2018","6,76","6,88","6,92","6,73","96,94M","-0,52%"
"21.05.2018","6,80","6,83","6,93","6,71","116,89M","1,75%"
"18.05.2018","6,68","6,71","6,78","6,65","85,47M","-1,60%"
"17.05.2018","6,79","6,80","6,95","6,69","103,22M","-1,13%"
"16.05.2018","6,87","6,76","6,92","6,76","89,71M","1,84%"
"15.05.2018","6,74","6,80","6,81","6,63","174,52M","-3,23%"
"14.05.2018","6,97","6,98","7,10","6,94","109,18M","0,44%"
"11.05.2018","6,94","6,92","6,98","6,85","119,70M","-0,30%"
"10.05.2018","6,96","6,81","6,97","6,80","119,01M","3,11%"
"09.05.2018","6,75","6,57","6,76","6,50","115,00M","3,35%"
"08.05.2018","6,53","6,52","6,58","6,40","126,71M","-0,33%"
"07.05.2018","6,55","6,49","6,62","6,47","139,06M","2,38%"
"04.05.2018","6,40","5,98","6,44","5,97","185,93M","5,63%"
"03.05.2018","6,06","5,98","6,12","5,77","196,07M","0,00%"
"02.05.2018","6,06","6,21","6,26","6,04","143,65M","-1,74%"
"01.05.2018","6,17","5,92","6,17","5,88","116,98M","3,25%"
"30.04.2018","5,97","6,14","6,25","5,92","161,12M","-2,13%"
"27.04.2018","6,10","6,35","6,36","6,00","164,86M","0,23%"
"26.04.2018","6,09","5,95","6,15","5,89","141,99M","6,20%"
"25.04.2018","5,73","5,74","5,80","5,49","210,82M","0,39%"
"24.04.2018","5,71","6,18","6,21","5,59","213,02M","-6,38%"
"23.04.2018","6,10","6,23","6,30","6,00","123,33M","-0,79%"
"20.04.2018","6,15","6,41","6,42","6,08","140,81M","-4,80%"
"19.04.2018","6,46","6,54","6,58","6,39","129,02M","-2,72%"
"18.04.2018","6,64","6,60","6,71","6,50","118,09M","0,70%"
"17.04.2018","6,59","6,38","6,64","6,35","124,15M","6,40%"
"16.04.2018","6,19","6,18","6,27","6,07","118,30M","2,21%"
"13.04.2018","6,06","6,25","6,28","5,99","142,48M","-1,48%"
"12.04.2018","6,15","6,06","6,22","6,04","142,77M","3,51%"
"11.04.2018","5,94","5,94","6,14","5,93","143,44M","-1,68%"
"10.04.2018","6,04","5,94","6,11","5,82","195,60M","6,61%"
"09.04.2018","5,67","5,71","6,01","5,65","175,89M","2,00%"
"06.04.2018","5,56","5,82","5,99","5,48","232,29M","-7,46%"
"05.04.2018","6,01","6,09","6,11","5,88","183,36M","1,57%"
"04.04.2018","5,91","5,32","5,97","5,30","216,73M","4,73%"
"03.04.2018","5,65","5,61","5,72","5,35","221,80M","3,36%"
"02.04.2018","5,46","5,85","5,94","5,28","244,95M","-8,88%"
"29.03.2018","6,00","5,77","6,15","5,61","197,07M","5,54%"
"28.03.2018","5,68","5,78","5,95","5,54","242,29M","-3,45%"
"27.03.2018","5,88","6,66","6,66","5,72","273,62M","-9,59%"
"26.03.2018","6,51","6,21","6,53","5,93","183,50M","11,25%"
"23.03.2018","5,85","6,34","6,42","5,85","217,60M","-8,08%"
"22.03.2018","6,36","6,60","6,73","6,34","205,88M","-7,31%"
"21.03.2018","6,87","6,92","7,11","6,78","132,50M","-1,45%"
"20.03.2018","6,97","6,92","7,02","6,84","92,19M","0,73%"
"19.03.2018","6,92","7,19","7,19","6,71","194,23M","-6,28%"
"16.03.2018","7,38","7,47","7,53","7,37","78,27M","-0,66%"
"15.03.2018","7,43","7,48","7,58","7,36","110,90M","-0,45%"
"14.03.2018","7,46","7,58","7,61","7,37","133,62M","-0,34%"
"13.03.2018","7,49","7,89","7,94","7,41","182,29M","-3,63%"
"12.03.2018","7,77","7,73","7,84","7,68","132,68M","1,50%"
"09.03.2018","7,66","7,40","7,66","7,37","147,35M","5,82%"
"08.03.2018","7,23","7,21","7,26","7,13","115,17M","1,49%"
"07.03.2018","7,13","6,92","7,15","6,88","133,76M","0,75%"
"06.03.2018","7,07","7,09","7,15","6,95","142,06M","1,26%"
"05.03.2018","6,99","6,68","7,05","6,60","148,88M","3,14%"
"02.03.2018","6,77","6,36","6,81","6,28","193,40M","2,75%"
"01.03.2018","6,59","6,94","7,03","6,40","251,92M","-4,81%"
"28.02.2018","6,93","7,19","7,26","6,92","153,02M","-2,01%"
"27.02.2018","7,07","7,34","7,38","7,06","173,31M","-3,58%"
"26.02.2018","7,33","7,16","7,33","7,14","133,95M","4,01%"
"23.02.2018","7,05","6,80","7,05","6,73","142,77M","5,96%"
"22.02.2018","6,65","6,75","6,85","6,60","166,60M","0,00%"
"21.02.2018","6,65","6,81","7,01","6,65","177,48M","-0,90%"
"20.02.2018","6,71","6,60","6,88","6,59","145,87M","0,50%"
"16.02.2018","6,68","6,70","6,89","6,64","170,55M","-1,12%"
"15.02.2018","6,75","6,58","6,76","6,38","190,38M","5,23%"
"14.02.2018","6,42","5,97","6,44","5,97","168,11M","5,86%"
"13.02.2018","6,06","5,88","6,11","5,85","108,06M","1,22%"
"12.02.2018","5,99","5,87","6,10","5,72","175,06M","5,60%"
"09.02.2018","5,67","5,63","5,80","5,05","320,35M","4,71%"
"08.02.2018","5,42","6,25","6,26","5,42","216,41M","-12,39%"
"07.02.2018","6,18","6,38","6,58","6,18","176,11M","-3,95%"
"06.02.2018","6,44","5,70","6,46","5,63","239,38M","7,71%"
"05.02.2018","5,98","6,57","6,90","5,94","230,63M","-11,54%"
"02.02.2018","6,76","7,12","7,16","6,75","190,19M","-6,11%"
"01.02.2018","7,20","7,22","7,42","7,12","127,97M","-2,50%"
"31.01.2018","7,38","7,42","7,46","7,25","111,00M","1,23%"
"30.01.2018","7,29","7,27","7,39","7,18","132,51M","-2,56%"
"29.01.2018","7,48","7,54","7,59","7,43","132,35M","-1,32%"
"26.01.2018","7,58","7,37","7,58","7,34","106,44M","4,47%"
"25.01.2018","7,26","7,42","7,42","7,19","133,30M","-0,13%"
"24.01.2018","7,27","7,46","7,51","7,14","209,07M","-2,03%"
"23.01.2018","7,42","7,30","7,44","7,29","129,34M","2,53%"
"22.01.2018","7,23","7,00","7,23","6,98","103,86M","3,12%"
"19.01.2018","7,02","7,01","7,05","6,91","84,95M","0,96%"
"18.01.2018","6,95","6,91","7,00","6,86","94,39M","0,10%"
"17.01.2018","6,94","6,82","6,98","6,73","82,62M","3,15%"
"16.01.2018","6,73","6,92","7,03","6,67","165,02M","-0,77%"
"12.01.2018","6,78","6,62","6,81","6,60","89,56M","2,12%"
"11.01.2018","6,64","6,54","6,64","6,51","74,84M","2,00%"
"10.01.2018","6,51","6,47","6,51","6,38","95,85M","-0,71%"
"09.01.2018","6,56","6,59","6,62","6,50","104,17M","0,08%"
"08.01.2018","6,55","6,48","6,57","6,47","72,25M","1,11%"
"05.01.2018","6,48","6,38","6,49","6,35","82,38M","3,02%"
"04.01.2018","6,29","6,33","6,35","6,27","70,03M","0,59%"
"03.01.2018","6,25","6,10","6,28","6,10","85,22M","2,93%"
"02.01.2018","6,08","5,87","6,09","5,83","91,74M","5,13%"
"29.12.2017","5,78","5,91","5,91","5,78","68,56M","-1,89%"
"28.12.2017","5,89","5,93","5,93","5,87","46,73M","0,27%"
"27.12.2017","5,88","5,88","5,92","5,86","45,20M","0,00%"
"26.12.2017","5,88","5,88","5,90","5,81","48,87M","-1,62%"
"22.12.2017","5,97","5,97","5,98","5,92","42,49M","-0,33%"
"21.12.2017","5,99","6,02","6,07","5,97","66,52M","0,00%"
"20.12.2017","5,99","6,08","6,08","5,92","71,15M","-0,42%"
"19.12.2017","6,02","6,09","6,11","5,96","98,87M","-1,63%"
"18.12.2017","6,12","6,08","6,14","6,06","81,08M","2,57%"
"15.12.2017","5,97","5,85","5,99","5,81","111,67M","3,25%"
"14.12.2017","5,78","5,82","5,86","5,76","71,25M","-0,14%"
"13.12.2017","5,79","5,82","5,84","5,77","83,34M","0,50%"
"12.12.2017","5,76","5,77","5,81","5,72","73,38M","-0,37%"
"11.12.2017","5,78","5,66","5,79","5,66","71,57M","2,29%"
"08.12.2017","5,65","5,70","5,74","5,62","88,40M","1,32%"
"07.12.2017","5,58","5,52","5,62","5,50","76,16M","0,99%"
"06.12.2017","5,52","5,39","5,55","5,37","94,76M","1,32%"
"05.12.2017","5,45","5,43","5,64","5,37","115,48M","0,15%"
"04.12.2017","5,44","5,75","5,76","5,42","165,44M","-3,45%"
"01.12.2017","5,64","5,60","5,72","5,39","170,30M","-1,33%"
"30.11.2017","5,71","5,64","5,74","5,60","118,78M","2,48%"
"29.11.2017","5,57","5,86","5,86","5,49","208,29M","-5,14%"
"28.11.2017","5,88","5,87","5,89","5,78","70,31M","0,74%"
"27.11.2017","5,83","5,84","5,88","5,79","66,84M","-0,16%"
"24.11.2017","5,84","5,80","5,85","5,79","39,95M","1,12%"
"22.11.2017","5,78","5,78","5,80","5,74","60,12M","0,40%"
"21.11.2017","5,75","5,66","5,77","5,65","70,74M","3,15%"
"20.11.2017","5,58","5,60","5,62","5,56","50,06M","-0,25%"
"17.11.2017","5,59","5,66","5,67","5,58","69,35M","-1,12%"
"16.11.2017","5,66","5,54","5,70","5,54","80,85M","3,74%"
"15.11.2017","5,45","5,46","5,50","5,36","80,67M","-1,47%"
"14.11.2017","5,53","5,53","5,55","5,45","91,00M","-1,01%"
"13.11.2017","5,59","5,51","5,61","5,51","75,14M","0,30%"
"10.11.2017","5,57","5,54","5,59","5,51","66,44M","0,00%"
"09.11.2017","5,57","5,53","5,58","5,40","163,19M","-1,60%"
"08.11.2017","5,67","5,59","5,67","5,57","68,86M","1,25%"
"07.11.2017","5,60","5,57","5,62","5,54","93,32M","0,16%"
"06.11.2017","5,59","5,52","5,59","5,51","76,10M","1,02%"
"03.11.2017","5,53","5,44","5,54","5,38","86,70M","2,79%"
"02.11.2017","5,38","5,39","5,40","5,27","91,78M","-0,51%"
"01.11.2017","5,41","5,48","5,49","5,35","83,06M","-0,13%"
"31.10.2017","5,41","5,41","5,44","5,36","60,20M","1,06%"
"30.10.2017","5,36","5,31","5,42","5,29","96,56M","0,71%"
"27.10.2017","5,32","5,13","5,35","5,12","147,82M","8,62%"
"26.10.2017","4,90","4,94","4,97","4,89","72,77M","-0,93%"
"25.10.2017","4,94","4,97","5,02","4,83","89,19M","-1,22%"
"24.10.2017","5,00","5,00","5,03","4,95","58,87M","0,51%"
"23.10.2017","4,98","5,11","5,11","4,96","61,46M","-1,86%"
"20.10.2017","5,07","5,10","5,11","5,06","66,55M","0,73%"
"19.10.2017","5,04","5,01","5,04","4,93","80,68M","-1,10%"
"18.10.2017","5,09","5,13","5,13","5,07","57,90M","-0,38%"
"17.10.2017","5,11","5,09","5,11","5,06","60,19M","0,35%"
"16.10.2017","5,09","5,08","5,10","5,05","57,08M","1,03%"
"13.10.2017","5,04","5,04","5,06","5,03","48,87M","1,12%"
"12.10.2017","4,99","4,99","5,04","4,97","66,18M","-0,54%"
"11.10.2017","5,01","4,96","5,02","4,94","59,79M","0,87%"
"10.10.2017","4,97","5,01","5,02","4,90","71,76M","0,21%"
"09.10.2017","4,96","5,00","5,01","4,94","68,85M","-0,25%"
"06.10.2017","4,97","4,91","4,97","4,91","85,96M","0,36%"
"05.10.2017","4,95","4,87","4,96","4,85","94,29M","2,88%"
"04.10.2017","4,82","4,78","4,85","4,76","90,15M","0,26%"
"03.10.2017","4,80","4,79","4,82","4,76","62,74M","0,63%"
"02.10.2017","4,77","4,78","4,83","4,71","92,21M","0,28%"
"29.09.2017","4,76","4,69","4,77","4,65","88,25M","2,12%"
"28.09.2017","4,66","4,64","4,67","4,60","64,54M","-0,17%"
"27.09.2017","4,67","4,62","4,72","4,58","111,35M","2,71%"
"26.09.2017","4,55","4,58","4,61","4,50","95,09M","0,68%"
"25.09.2017","4,52","4,60","4,61","4,44","135,52M","-3,14%"
"22.09.2017","4,66","4,63","4,68","4,61","62,17M","-0,25%"
"21.09.2017","4,67","4,75","4,75","4,62","84,89M","-1,92%"
"20.09.2017","4,76","4,80","4,82","4,65","107,31M","-0,83%"
"19.09.2017","4,80","4,81","4,83","4,76","56,94M","0,43%"
"18.09.2017","4,78","4,82","4,86","4,74","91,51M","-0,24%"
"15.09.2017","4,80","4,75","4,85","4,73","79,26M","0,81%"
"14.09.2017","4,76","4,79","4,83","4,75","73,58M","-1,69%"
"13.09.2017","4,84","4,79","4,84","4,77","51,60M","0,41%"
"12.09.2017","4,82","4,82","4,84","4,75","73,42M","0,85%"
"11.09.2017","4,78","4,74","4,81","4,73","85,28M","3,18%"
"08.09.2017","4,63","4,73","4,74","4,61","82,65M","-2,47%"
"07.09.2017","4,75","4,75","4,79","4,70","73,97M","0,62%"
"06.09.2017","4,72","4,72","4,75","4,62","85,56M","0,86%"
"05.09.2017","4,68","4,76","4,79","4,57","130,18M","-2,68%"
"01.09.2017","4,81","4,85","4,87","4,77","71,00M","0,00%"
"31.08.2017","4,81","4,72","4,83","4,71","106,18M","2,84%"
"30.08.2017","4,68","4,53","4,70","4,52","106,25M","3,46%"
"29.08.2017","4,52","4,35","4,54","4,34","85,12M","1,23%"
"28.08.2017","4,47","4,47","4,50","4,43","66,24M","0,88%"
"25.08.2017","4,43","4,50","4,54","4,41","92,62M","-0,67%"
"24.08.2017","4,46","4,53","4,55","4,38","97,18M","-0,83%"
"23.08.2017","4,50","4,47","4,53","4,47","84,08M","-1,12%"
"22.08.2017","4,55","4,42","4,56","4,41","94,26M","4,45%"
"21.08.2017","4,35","4,37","4,39","4,27","86,48M","-0,18%"
"18.08.2017","4,36","4,38","4,45","4,31","129,85M","-0,35%"
"17.08.2017","4,38","4,61","4,63","4,37","158,58M","-6,15%"
"16.08.2017","4,66","4,67","4,73","4,62","99,05M","0,52%"
"15.08.2017","4,64","4,66","4,67","4,60","72,30M","0,18%"
"14.08.2017","4,63","4,56","4,65","4,56","95,49M","3,89%"
"11.08.2017","4,46","4,38","4,49","4,35","105,27M","2,29%"
"10.08.2017","4,36","4,58","4,59","4,35","163,38M","-6,49%"
"09.08.2017","4,66","4,56","4,67","4,53","99,08M","-0,39%"
"08.08.2017","4,68","4,67","4,79","4,64","103,89M","-0,37%"
"07.08.2017","4,70","4,64","4,70","4,62","54,84M","1,77%"
"04.08.2017","4,61","4,62","4,65","4,56","71,49M","0,39%"
"03.08.2017","4,60","4,66","4,66","4,57","72,64M","-1,04%"
"02.08.2017","4,64","4,70","4,70","4,52","110,37M","0,73%"
"01.08.2017","4,61","4,63","4,63","4,57","61,16M","0,65%"
"31.07.2017","4,58","4,68","4,70","4,55","88,72M","-1,30%"
"28.07.2017","4,64","4,57","4,66","4,54","70,02M","-0,32%"
"27.07.2017","4,66","4,84","4,85","4,49","188,96M","-1,78%"
"26.07.2017","4,74","4,73","4,75","4,71","60,61M","0,90%"
"25.07.2017","4,70","4,69","4,73","4,66","94,18M","-0,67%"
"24.07.2017","4,73","4,67","4,74","4,65","88,73M","1,30%"
"21.07.2017","4,67","4,62","4,67","4,60","86,92M","-0,15%"
"20.07.2017","4,68","4,69","4,70","4,61","108,46M","0,38%"
"19.07.2017","4,66","4,61","4,68","4,61","104,23M","1,83%"
"18.07.2017","4,57","4,48","4,58","4,44","84,18M","1,99%"
"17.07.2017","4,49","4,50","4,54","4,46","100,66M","0,00%"
"14.07.2017","4,48","4,43","4,50","4,40","84,64M","2,35%"
"13.07.2017","4,38","4,37","4,41","4,34","91,48M","0,66%"
"12.07.2017","4,35","4,31","4,36","4,28","105,31M","3,56%"
"11.07.2017","4,20","4,15","4,22","4,10","108,57M","0,82%"
"10.07.2017","4,17","4,10","4,20","4,07","92,11M","2,09%"
"07.07.2017","4,08","4,00","4,12","4,00","89,62M","3,00%"
"06.07.2017","3,96","3,98","4,03","3,92","106,33M","-2,64%"
"05.07.2017","4,07","3,99","4,10","3,95","114,03M","2,85%"
"03.07.2017","3,96","4,14","4,15","3,95","81,68M","-2,72%"
"30.06.2017","4,07","4,12","4,15","4,05","98,62M","-0,35%"
"29.06.2017","4,08","4,25","4,25","3,96","231,56M","-5,09%"
"28.06.2017","4,30","4,17","4,32","4,10","120,86M","4,20%"
"27.06.2017","4,13","4,32","4,33","4,13","144,09M","-5,50%"
"26.06.2017","4,37","4,50","4,53","4,34","105,68M","-1,33%"
"23.06.2017","4,43","4,36","4,45","4,33","68,79M","1,12%"
"22.06.2017","4,38","4,40","4,43","4,35","68,45M","-0,11%"
"21.06.2017","4,38","4,29","4,39","4,28","83,59M","2,90%"
"20.06.2017","4,26","4,35","4,36","4,25","85,94M","-2,27%"
"19.06.2017","4,36","4,27","4,37","4,25","110,95M","4,84%"
"16.06.2017","4,16","4,20","4,20","4,11","93,86M","-1,20%"
"15.06.2017","4,21","4,14","4,22","4,06","141,16M","-1,35%"
"14.06.2017","4,27","4,37","4,37","4,16","139,01M","-1,34%"
"13.06.2017","4,32","4,29","4,34","4,23","126,49M","2,34%"
"12.06.2017","4,22","4,18","4,24","4,06","166,45M","-1,81%"
"09.06.2017","4,30","4,65","4,67","4,11","233,14M","-7,23%"
"08.06.2017","4,64","4,65","4,66","4,57","92,56M","0,27%"
"07.06.2017","4,63","4,61","4,64","4,55","81,41M","1,09%"
"06.06.2017","4,58","4,61","4,66","4,55","77,73M","-1,13%"
"05.06.2017","4,63","4,63","4,65","4,61","51,48M","0,00%"
"02.06.2017","4,63","4,52","4,64","4,50","83,24M","3,41%"
"01.06.2017","4,48","4,45","4,48","4,40","74,09M","1,20%"
"31.05.2017","4,43","4,47","4,48","4,36","96,90M","-0,12%"
"30.05.2017","4,43","4,41","4,45","4,41","55,19M","0,21%"
"26.05.2017","4,42","4,40","4,43","4,38","54,86M","0,43%"
"25.05.2017","4,40","4,34","4,43","4,31","87,50M","2,63%"
"24.05.2017","4,29","4,27","4,30","4,23","65,51M","1,38%"
"23.05.2017","4,23","4,26","4,26","4,20","68,86M","0,25%"
"22.05.2017","4,22","4,14","4,23","4,14","65,36M","2,59%"
"19.05.2017","4,12","4,11","4,17","4,10","72,85M","1,21%"
"18.05.2017","4,07","3,96","4,11","3,94","120,38M","2,53%"
"17.05.2017","3,97","4,19","4,21","3,96","140,24M","-7,57%"
"16.05.2017","4,29","4,27","4,29","4,23","77,07M","1,26%"
"15.05.2017","4,24","4,20","4,24","4,19","69,34M","0,93%"
"12.05.2017","4,20","4,18","4,20","4,17","58,54M","0,65%"
"11.05.2017","4,17","4,15","4,17","4,09","62,43M","-0,24%"
"10.05.2017","4,18","4,18","4,18","4,14","56,19M","0,16%"
"09.05.2017","4,17","4,15","4,20","4,14","75,72M","1,10%"
"08.05.2017","4,13","4,11","4,13","4,09","61,27M","0,60%"
"05.05.2017","4,10","4,09","4,10","4,05","54,51M","1,09%"
"04.05.2017","4,06","4,06","4,08","4,02","72,61M","0,00%"
"03.05.2017","4,06","4,07","4,07","4,02","73,59M","-0,99%"
"02.05.2017","4,10","4,09","4,10","4,06","60,41M","0,59%"
"01.05.2017","4,07","4,01","4,09","4,00","64,63M","2,52%"
"28.04.2017","3,97","4,00","4,00","3,95","68,50M","0,57%"
"27.04.2017","3,95","3,91","3,95","3,90","57,68M","1,75%"
"26.04.2017","3,88","3,90","3,93","3,87","87,66M","-0,44%"
"25.04.2017","3,90","3,85","3,92","3,84","64,11M","2,22%"
"24.04.2017","3,81","3,80","3,82","3,79","60,07M","3,63%"
"21.04.2017","3,68","3,69","3,70","3,66","54,03M","0,00%"
"20.04.2017","3,68","3,64","3,71","3,62","82,49M","2,42%"
"19.04.2017","3,59","3,62","3,66","3,58","57,57M","0,35%"
"18.04.2017","3,58","3,56","3,61","3,55","50,75M","-0,29%"
"17.04.2017","3,59","3,54","3,60","3,54","36,33M","2,37%"
"13.04.2017","3,51","3,54","3,60","3,51","61,37M","-1,18%"
"12.04.2017","3,55","3,59","3,60","3,54","68,09M","-1,32%"
"11.04.2017","3,60","3,63","3,65","3,52","85,35M","-1,26%"
"10.04.2017","3,64","3,65","3,69","3,61","48,38M","0,00%"
"07.04.2017","3,64","3,64","3,67","3,60","41,58M","0,00%"
"06.04.2017","3,64","3,65","3,68","3,62","61,65M","0,00%"
"05.04.2017","3,64","3,70","3,77","3,62","73,36M","-1,14%"
"04.04.2017","3,68","3,64","3,69","3,63","32,42M","0,45%"
"03.04.2017","3,67","3,69","3,71","3,61","64,52M","-0,22%"
"31.03.2017","3,68","3,67","3,70","3,66","54,15M","-0,24%"
"30.03.2017","3,68","3,66","3,70","3,65","52,93M","0,50%"
"29.03.2017","3,67","3,62","3,67","3,61","48,17M","1,32%"
"28.03.2017","3,62","3,55","3,65","3,53","84,00M","1,88%"
"27.03.2017","3,55","3,46","3,57","3,43","75,26M","0,53%"
"24.03.2017","3,53","3,55","3,59","3,49","51,69M","0,55%"
"23.03.2017","3,51","3,53","3,56","3,50","59,06M","-0,80%"
"22.03.2017","3,54","3,48","3,55","3,46","71,37M","1,97%"
"21.03.2017","3,47","3,68","3,69","3,46","93,57M","-4,46%"
"20.03.2017","3,64","3,62","3,66","3,61","36,71M","0,30%"
"17.03.2017","3,62","3,64","3,66","3,62","35,32M","-0,24%"
"16.03.2017","3,63","3,66","3,66","3,61","38,88M","0,00%"
"15.03.2017","3,64","3,60","3,66","3,56","63,81M","1,75%"
"14.03.2017","3,57","3,57","3,58","3,53","53,02M","-0,74%"
"13.03.2017","3,60","3,58","3,60","3,57","33,88M","0,58%"
"10.03.2017","3,58","3,59","3,60","3,54","51,46M","1,09%"
"09.03.2017","3,54","3,53","3,55","3,48","44,17M","0,31%"
"08.03.2017","3,53","3,52","3,56","3,51","38,65M","0,51%"
"07.03.2017","3,51","3,51","3,56","3,49","35,43M","-0,50%"
"06.03.2017","3,53","3,51","3,55","3,49","38,78M","-0,69%"
"03.03.2017","3,55","3,53","3,56","3,50","34,65M","0,52%"
"02.03.2017","3,53","3,59","3,59","3,52","42,92M","-1,58%"
"01.03.2017","3,59","3,54","3,61","3,52","63,26M","3,23%"
"28.02.2017","3,48","3,51","3,51","3,45","41,90M","-0,78%"
"27.02.2017","3,51","3,48","3,51","3,46","52,44M","0,30%"
"24.02.2017","3,50","3,43","3,50","3,42","50,73M","0,54%"
"23.02.2017","3,48","3,53","3,53","3,43","62,68M","-1,08%"
"22.02.2017","3,52","3,50","3,52","3,49","43,06M","0,00%"
"21.02.2017","3,51","3,48","3,52","3,48","66,73M","1,59%"
"17.02.2017","3,46","3,40","3,46","3,40","51,61M","1,26%"
"16.02.2017","3,42","3,43","3,45","3,39","63,95M","0,00%"
"15.02.2017","3,42","3,36","3,43","3,35","73,56M","1,72%"
"14.02.2017","3,36","3,33","3,36","3,30","62,66M","0,94%"
"13.02.2017","3,33","3,30","3,34","3,30","42,99M","1,76%"
"10.02.2017","3,27","3,26","3,29","3,25","47,87M","0,99%"
"09.02.2017","3,24","3,22","3,26","3,21","51,52M","1,04%"
"08.02.2017","3,21","3,18","3,22","3,16","36,97M","0,56%"
"07.02.2017","3,19","3,17","3,21","3,17","46,63M","1,03%"
"06.02.2017","3,16","3,13","3,16","3,12","41,71M","0,37%"
"03.02.2017","3,15","3,13","3,16","3,12","48,19M","0,87%"
"02.02.2017","3,12","3,11","3,15","3,08","57,89M","-0,25%"
"01.02.2017","3,13","3,13","3,15","3,09","72,51M","1,90%"
"31.01.2017","3,07","3,05","3,07","3,01","59,62M","-0,55%"
"30.01.2017","3,09","3,12","3,13","3,03","75,04M","-2,27%"
"27.01.2017","3,16","3,16","3,17","3,13","33,25M","0,48%"
"26.01.2017","3,14","3,14","3,16","3,13","50,85M","0,41%"
"25.01.2017","3,13","3,10","3,13","3,09","56,15M","2,92%"
"24.01.2017","3,04","2,99","3,05","2,98","51,69M","2,08%"
"23.01.2017","2,98","2,96","2,99","2,92","55,25M","0,22%"
"20.01.2017","2,97","2,99","3,01","2,95","56,85M","0,65%"
"19.01.2017","2,95","2,97","3,00","2,94","59,73M","-0,27%"
"18.01.2017","2,96","2,95","2,97","2,93","49,33M","0,68%"
"17.01.2017","2,94","2,94","2,96","2,91","55,53M","-0,94%"
"13.01.2017","2,97","2,94","2,98","2,94","58,61M","1,15%"
"12.01.2017","2,93","2,92","2,94","2,86","80,52M","-0,51%"
"11.01.2017","2,95","2,93","2,95","2,89","94,10M","0,77%"
"10.01.2017","2,93","2,91","2,95","2,89","66,33M","0,57%"
"09.01.2017","2,91","2,89","2,92","2,88","66,17M","1,01%"
"06.01.2017","2,88","2,82","2,90","2,79","95,80M","2,54%"
"05.01.2017","2,81","2,76","2,81","2,76","61,37M","1,77%"
"04.01.2017","2,76","2,73","2,78","2,72","66,52M","1,70%"
"03.01.2017","2,71","2,70","2,75","2,67","97,65M","2,42%"
"30.12.2016","2,65","2,75","2,75","2,62","105,39M","-2,92%"
"29.12.2016","2,73","2,74","2,76","2,71","85,73M","-0,49%"
"28.12.2016","2,74","2,83","2,83","2,74","91,34M","-2,31%"
"27.12.2016","2,81","2,78","2,86","2,78","75,65M","1,46%"
"23.12.2016","2,77","2,75","2,77","2,74","32,25M","0,31%"
"22.12.2016","2,76","2,79","2,79","2,73","65,52M","-0,87%"
"21.12.2016","2,78","2,79","2,80","2,77","48,29M","-0,35%"
"20.12.2016","2,79","2,78","2,81","2,78","62,79M","1,21%"
"19.12.2016","2,76","2,74","2,81","2,73","83,57M","1,22%"
"16.12.2016","2,73","2,77","2,79","2,71","114,75M","-1,22%"
"15.12.2016","2,76","2,75","2,81","2,74","106,43M","0,61%"
"14.12.2016","2,74","2,77","2,80","2,72","142,38M","-0,73%"
"13.12.2016","2,76","2,69","2,81","2,69","169,20M","3,91%"
"12.12.2016","2,66","2,66","2,68","2,63","95,15M","-1,39%"
"09.12.2016","2,70","2,67","2,70","2,67","102,67M","2,34%"
"08.12.2016","2,64","2,63","2,66","2,61","113,01M","0,61%"
"07.12.2016","2,62","2,51","2,63","2,49","148,87M","3,71%"
"06.12.2016","2,53","2,53","2,54","2,50","69,25M","0,72%"
"05.12.2016","2,51","2,49","2,54","2,46","89,94M","2,31%"
"02.12.2016","2,45","2,44","2,48","2,42","102,99M","0,40%"
"01.12.2016","2,44","2,57","2,57","2,43","186,38M","-5,49%"
"30.11.2016","2,58","2,68","2,68","2,57","151,30M","-3,24%"
"29.11.2016","2,67","2,65","2,71","2,63","74,58M","0,96%"
"28.11.2016","2,64","2,65","2,68","2,63","71,47M","-0,56%"
"25.11.2016","2,66","2,65","2,66","2,64","38,28M","0,96%"
"23.11.2016","2,63","2,64","2,65","2,60","73,83M","-1,20%"
"22.11.2016","2,67","2,67","2,69","2,65","76,68M","0,90%"
"21.11.2016","2,64","2,58","2,65","2,58","83,63M","3,00%"
"18.11.2016","2,57","2,60","2,62","2,56","63,06M","-1,12%"
"17.11.2016","2,59","2,53","2,59","2,52","75,54M","2,32%"
"16.11.2016","2,54","2,46","2,54","2,46","86,34M","1,63%"
"15.11.2016","2,49","2,44","2,52","2,44","105,57M","4,63%"
"14.11.2016","2,38","2,47","2,48","2,36","177,55M","-3,38%"
"11.11.2016","2,47","2,43","2,49","2,41","113,56M","0,00%"
"10.11.2016","2,47","2,62","2,64","2,36","247,97M","-4,76%"
"09.11.2016","2,59","2,47","2,60","2,46","183,29M","1,40%"
"08.11.2016","2,56","2,50","2,59","2,48","110,59M","1,96%"
"07.11.2016","2,51","2,45","2,52","2,44","100,96M","7,17%"
"04.11.2016","2,34","2,35","2,40","2,33","84,92M","-1,14%"
"03.11.2016","2,37","2,43","2,45","2,36","87,01M","-2,88%"
"02.11.2016","2,44","2,49","2,51","2,42","81,76M","-2,61%"
"01.11.2016","2,50","2,57","2,57","2,43","101,92M","-2,05%"
"31.10.2016","2,56","2,59","2,59","2,55","56,90M","-0,57%"
"28.10.2016","2,57","2,59","2,63","2,54","142,96M","-1,73%"
"27.10.2016","2,62","2,68","2,69","2,60","103,04M","-1,40%"
"26.10.2016","2,65","2,65","2,70","2,63","95,31M","-1,92%"
"25.10.2016","2,70","2,73","2,74","2,69","59,71M","-1,00%"
"24.10.2016","2,73","2,69","2,74","2,69","68,65M","3,64%"
"21.10.2016","2,64","2,61","2,64","2,59","58,63M","1,09%"
"20.10.2016","2,61","2,61","2,63","2,56","69,95M","-0,42%"
"19.10.2016","2,62","2,61","2,63","2,60","47,05M","0,00%"
"18.10.2016","2,62","2,64","2,65","2,61","76,97M","2,56%"
"17.10.2016","2,55","2,57","2,58","2,54","55,86M","-0,69%"
"14.10.2016","2,57","2,60","2,63","2,57","81,81M","0,23%"
"13.10.2016","2,56","2,54","2,58","2,49","104,43M","-1,17%"
"12.10.2016","2,59","2,60","2,62","2,57","82,06M","-0,21%"
"11.10.2016","2,60","2,71","2,71","2,56","129,65M","-4,13%"
"10.10.2016","2,71","2,70","2,73","2,70","59,89M","1,79%"
"07.10.2016","2,66","2,69","2,70","2,63","90,56M","-0,65%"
"06.10.2016","2,68","2,68","2,70","2,64","74,53M","0,00%"
"05.10.2016","2,69","2,68","2,71","2,68","68,86M","1,04%"
"04.10.2016","2,66","2,69","2,71","2,63","112,21M","-0,57%"
"03.10.2016","2,67","2,67","2,68","2,64","81,76M","-0,23%"
"30.09.2016","2,68","2,65","2,71","2,64","79,99M","2,06%"
"29.09.2016","2,62","2,67","2,68","2,59","114,83M","-2,12%"
"28.09.2016","2,68","2,68","2,69","2,64","75,70M","0,55%"
"27.09.2016","2,67","2,59","2,67","2,58","82,90M","2,84%"
"26.09.2016","2,59","2,61","2,62","2,58","81,88M","-2,48%"
"23.09.2016","2,66","2,70","2,70","2,65","73,06M","-1,80%"
"22.09.2016","2,71","2,70","2,72","2,69","78,10M","2,34%"
"21.09.2016","2,65","2,60","2,66","2,56","138,60M","2,91%"
"20.09.2016","2,57","2,58","2,60","2,56","75,78M","0,55%"
"19.09.2016","2,56","2,61","2,64","2,54","91,67M","-1,31%"
"16.09.2016","2,59","2,59","2,60","2,55","81,53M","0,00%"
"15.09.2016","2,59","2,48","2,61","2,48","132,40M","4,64%"
"14.09.2016","2,48","2,45","2,52","2,45","111,53M","1,29%"
"13.09.2016","2,45","2,47","2,50","2,41","125,31M","-2,36%"
"12.09.2016","2,51","2,35","2,52","2,34","130,65M","5,13%"
"09.09.2016","2,38","2,52","2,53","2,38","160,92M","-7,58%"
"08.09.2016","2,58","2,60","2,61","2,56","70,06M","-1,71%"
"07.09.2016","2,63","2,63","2,64","2,60","58,07M","0,00%"
"06.09.2016","2,62","2,59","2,62","2,57","65,99M","1,85%"
"02.09.2016","2,57","2,59","2,60","2,55","90,74M","1,17%"
"01.09.2016","2,54","2,53","2,56","2,50","85,95M","0,44%"
"31.08.2016","2,53","2,53","2,54","2,50","71,62M","-0,26%"
"30.08.2016","2,54","2,55","2,57","2,51","65,75M","-0,90%"
"29.08.2016","2,56","2,56","2,58","2,55","49,83M","0,28%"
"26.08.2016","2,55","2,55","2,60","2,51","107,31M","0,48%"
"25.08.2016","2,54","2,53","2,57","2,53","58,45M","-0,47%"
"24.08.2016","2,55","2,60","2,61","2,53","71,20M","-1,93%"
"23.08.2016","2,60","2,62","2,64","2,60","62,65M","0,60%"
"22.08.2016","2,59","2,57","2,61","2,56","73,24M","0,00%"
"19.08.2016","2,59","2,58","2,60","2,55","73,62M","0,00%"
"18.08.2016","2,59","2,58","2,60","2,57","56,75M","0,00%"
"17.08.2016","2,59","2,58","2,59","2,53","89,84M","0,47%"
"16.08.2016","2,58","2,60","2,60","2,57","62,60M","-1,58%"
"15.08.2016","2,62","2,59","2,63","2,59","57,25M","1,26%"
"12.08.2016","2,58","2,56","2,58","2,56","68,28M","0,00%"
"11.08.2016","2,58","2,57","2,60","2,56","68,65M","1,29%"
"10.08.2016","2,55","2,57","2,57","2,53","87,72M","-0,77%"
"09.08.2016","2,57","2,55","2,59","2,55","79,82M","0,66%"
"08.08.2016","2,55","2,56","2,56","2,52","75,90M","-0,32%"
"05.08.2016","2,56","2,53","2,57","2,52","123,48M","2,89%"
"04.08.2016","2,49","2,46","2,49","2,45","84,03M","0,90%"
"03.08.2016","2,46","2,44","2,47","2,43","85,33M","0,95%"
"02.08.2016","2,44","2,49","2,49","2,39","161,11M","-2,25%"
"01.08.2016","2,50","2,46","2,52","2,46","105,31M","1,57%"
"29.07.2016","2,46","2,46","2,48","2,44","102,63M","0,66%"
"28.07.2016","2,44","2,43","2,45","2,41","87,12M","1,09%"
"27.07.2016","2,42","2,43","2,44","2,39","130,57M","1,95%"
"26.07.2016","2,37","2,36","2,39","2,33","136,35M","0,34%"
"25.07.2016","2,36","2,35","2,36","2,34","76,24M","0,00%"
"22.07.2016","2,36","2,34","2,37","2,32","86,80M","1,16%"
"21.07.2016","2,33","2,35","2,37","2,31","112,81M","-0,59%"
"20.07.2016","2,35","2,30","2,36","2,30","90,73M","3,42%"
"19.07.2016","2,27","2,27","2,29","2,26","78,67M","-1,04%"
"18.07.2016","2,29","2,25","2,31","2,25","83,86M","1,99%"
"15.07.2016","2,25","2,28","2,28","2,23","85,42M","-0,56%"
"14.07.2016","2,26","2,26","2,27","2,24","109,90M","2,03%"
"13.07.2016","2,22","2,25","2,25","2,21","126,41M","-0,70%"
"12.07.2016","2,23","2,24","2,25","2,22","115,79M","1,57%"
"11.07.2016","2,20","2,18","2,22","2,18","142,65M","1,71%"
"08.07.2016","2,16","2,10","2,16","2,09","150,04M","4,62%"
"07.07.2016","2,06","2,05","2,08","2,04","126,23M","0,95%"
"06.07.2016","2,05","1,97","2,05","1,95","173,48M","2,36%"
"05.07.2016","2,00","2,01","2,01","1,97","130,94M","-1,77%"
"01.07.2016","2,03","2,00","2,06","2,00","131,43M","1,37%"
"30.06.2016","2,01","1,95","2,01","1,93","165,81M","3,64%"
"29.06.2016","1,94","1,89","1,95","1,88","208,46M","5,20%"
"28.06.2016","1,84","1,78","1,84","1,78","199,47M","6,27%"
"27.06.2016","1,73","1,80","1,80","1,70","237,51M","-5,82%"
"24.06.2016","1,84","1,87","1,97","1,82","325,50M","-12,25%"
"23.06.2016","2,10","2,06","2,10","2,03","128,56M","4,22%"
"22.06.2016","2,01","2,03","2,06","2,01","103,30M","-0,65%"
"21.06.2016","2,02","2,02","2,04","2,00","86,41M","1,00%"
"20.06.2016","2,00","2,04","2,07","2,00","139,24M","1,80%"
"17.06.2016","1,97","2,03","2,03","1,96","167,02M","-3,42%"
"16.06.2016","2,04","1,99","2,05","1,95","164,36M","0,72%"
"15.06.2016","2,02","2,06","2,06","2,01","106,38M","-0,90%"
"14.06.2016","2,04","2,02","2,06","2,00","141,73M","0,00%"
"13.06.2016","2,04","2,06","2,09","2,03","119,05M","-2,57%"
"10.06.2016","2,09","2,11","2,12","2,07","161,76M","-3,36%"
"09.06.2016","2,17","2,15","2,17","2,14","99,73M","-0,44%"
"08.06.2016","2,18","2,18","2,19","2,15","82,26M","0,44%"
"07.06.2016","2,17","2,19","2,19","2,16","77,11M","-0,71%"
"06.06.2016","2,18","2,17","2,20","2,16","86,00M","1,07%"
"03.06.2016","2,16","2,18","2,18","2,12","155,53M","-1,37%"
"02.06.2016","2,19","2,16","2,19","2,13","104,66M","0,56%"
"01.06.2016","2,18","2,16","2,19","2,15","100,54M","0,00%"
"31.05.2016","2,18","2,18","2,19","2,14","112,95M","0,60%"
"27.05.2016","2,16","2,14","2,17","2,14","107,14M","1,50%"
"26.05.2016","2,13","2,12","2,14","2,10","95,27M","0,84%"
"25.05.2016","2,11","2,09","2,13","2,08","141,77M","2,15%"
"24.05.2016","2,07","1,98","2,08","1,98","150,00M","6,12%"
"23.05.2016","1,95","1,96","1,99","1,95","86,93M","-0,49%"
"20.05.2016","1,96","1,92","1,98","1,92","125,35M","3,34%"
"19.05.2016","1,90","1,90","1,92","1,86","254,10M","-1,58%"
"18.05.2016","1,93","1,89","1,96","1,88","237,97M","1,14%"
"17.05.2016","1,91","1,98","1,99","1,89","187,23M","-3,84%"
"16.05.2016","1,98","1,92","2,00","1,91","117,29M","3,85%"
"13.05.2016","1,91","1,93","1,96","1,90","155,96M","-1,21%"
"12.05.2016","1,93","1,97","1,98","1,89","184,74M","-1,40%"
"11.05.2016","1,96","2,00","2,02","1,96","127,06M","-2,73%"
"10.05.2016","2,01","1,95","2,01","1,94","116,48M","4,19%"
"09.05.2016","1,93","1,92","1,96","1,91","118,54M","0,88%"
"06.05.2016","1,92","1,86","1,92","1,85","156,85M","1,45%"
"05.05.2016","1,89","1,91","1,92","1,88","143,98M","0,00%"
"04.05.2016","1,89","1,89","1,91","1,87","155,14M","-1,98%"
"03.05.2016","1,93","1,94","1,96","1,91","145,96M","-2,66%"
"02.05.2016","1,98","1,94","1,99","1,92","118,02M","2,65%"
"29.04.2016","1,93","1,95","1,97","1,88","191,26M","-1,59%"
"28.04.2016","1,96","2,04","2,07","1,95","160,77M","-3,55%"
"27.04.2016","2,03","2,02","2,05","1,98","183,01M","-2,40%"
"26.04.2016","2,08","2,12","2,14","2,06","109,31M","-1,37%"
"25.04.2016","2,11","2,09","2,11","2,08","96,95M","0,00%"
"22.04.2016","2,11","2,13","2,16","2,06","201,32M","-4,53%"
"21.04.2016","2,21","2,21","2,24","2,18","133,47M","0,00%"
"20.04.2016","2,21","2,20","2,24","2,18","107,77M","0,25%"
"19.04.2016","2,21","2,27","2,27","2,17","158,58M","-1,73%"
"18.04.2016","2,25","2,20","2,25","2,19","101,46M","1,48%"
"15.04.2016","2,21","2,22","2,24","2,20","83,09M","-0,77%"
"14.04.2016","2,23","2,23","2,26","2,21","111,24M","0,00%"
"13.04.2016","2,23","2,20","2,24","2,19","162,18M","3,90%"
"12.04.2016","2,15","2,10","2,16","2,06","182,42M","2,34%"
"11.04.2016","2,10","2,15","2,18","2,09","137,06M","-1,07%"
"08.04.2016","2,12","2,16","2,18","2,10","166,24M","-0,24%"
"07.04.2016","2,12","2,18","2,19","2,10","252,22M","-4,32%"
"06.04.2016","2,22","2,12","2,22","2,12","182,09M","4,79%"
"05.04.2016","2,12","2,13","2,15","2,11","146,84M","-2,69%"
"04.04.2016","2,18","2,20","2,21","2,16","136,63M","-1,24%"
"01.04.2016","2,20","2,10","2,21","2,09","163,02M","3,33%"
"31.03.2016","2,13","2,14","2,16","2,13","118,52M","-0,58%"
"30.03.2016","2,15","2,15","2,19","2,13","209,89M","1,50%"
"29.03.2016","2,11","2,01","2,12","2,00","179,79M","4,78%"
"28.03.2016","2,02","2,05","2,05","2,01","129,39M","-0,36%"
"24.03.2016","2,02","1,99","2,03","1,99","127,02M","0,00%"
"23.03.2016","2,03","2,06","2,07","2,01","154,46M","-2,38%"
"22.03.2016","2,07","2,02","2,09","2,02","127,22M","0,89%"
"21.03.2016","2,06","2,02","2,06","2,02","136,01M","1,19%"
"18.03.2016","2,03","2,04","2,05","2,00","147,54M","0,58%"
"17.03.2016","2,02","2,01","2,04","1,99","127,51M","-0,29%"
"16.03.2016","2,03","1,96","2,04","1,96","176,46M","2,55%"
"15.03.2016","1,98","1,96","1,98","1,94","193,12M","0,00%"
"14.03.2016","1,98","1,95","1,99","1,94","157,17M","0,58%"
"11.03.2016","1,97","1,93","1,97","1,91","169,66M","5,18%"
"10.03.2016","1,87","1,91","1,93","1,80","343,46M","-0,38%"
"09.03.2016","1,88","1,87","1,88","1,83","208,34M","1,91%"
"08.03.2016","1,84","1,85","1,90","1,83","212,57M","-2,64%"
"07.03.2016","1,89","1,90","1,93","1,85","189,12M","-1,86%"
"04.03.2016","1,93","1,93","1,96","1,89","237,85M","0,00%"
"03.03.2016","1,92","1,93","1,93","1,88","206,60M","-0,56%"
"02.03.2016","1,93","1,92","1,94","1,89","193,97M","0,00%"
"01.03.2016","1,93","1,81","1,93","1,80","311,14M","9,57%"
"29.02.2016","1,76","1,81","1,85","1,76","229,97M","-97,97%"
"27.02.2016","1,80","1,80","1,80","1,80","5,07M","4.701,66%"
"26.02.2016","1,81","1,86","1,86","1,80","248,58M","0,00%"
"25.02.2016","1,82","1,78","1,82","1,73","259,60M","2,76%"
"24.02.2016","1,77","1,66","1,77","1,63","350,56M","2,97%"
"23.02.2016","1,72","1,77","1,79","1,71","267,83M","-4,98%"
"22.02.2016","1,81","1,77","1,81","1,77","248,27M","4,72%"
"19.02.2016","1,72","1,69","1,74","1,67","238,94M","1,04%"
"18.02.2016","1,71","1,79","1,79","1,70","257,90M","-3,40%"
"17.02.2016","1,77","1,69","1,78","1,68","365,23M","6,91%"
"16.02.2016","1,65","1,62","1,65","1,59","299,31M","6,66%"
"12.02.2016","1,55","1,53","1,56","1,49","316,43M","4,26%"
"11.02.2016","1,49","1,43","1,52","1,42","477,08M","0,00%"
"10.02.2016","1,49","1,53","1,58","1,49","375,53M","1,19%"
"09.02.2016","1,47","1,43","1,54","1,42","459,49M","-1,16%"
"08.02.2016","1,49","1,47","1,51","1,40","514,97M","-4,57%"
"05.02.2016","1,56","1,72","1,72","1,54","429,78M","-10,29%"
"04.02.2016","1,74","1,73","1,78","1,68","284,04M","0,00%"
"03.02.2016","1,74","1,80","1,80","1,65","471,30M","-1,41%"
"02.02.2016","1,77","1,87","1,87","1,75","256,87M","-6,35%"
"01.02.2016","1,89","1,85","1,91","1,83","228,24M","0,57%"
"29.01.2016","1,88","1,77","1,88","1,76","257,72M","6,51%"
"28.01.2016","1,76","1,77","1,78","1,68","315,57M","3,94%"
"27.01.2016","1,70","1,80","1,82","1,67","358,32M","-7,44%"
"26.01.2016","1,83","1,80","1,85","1,76","243,04M","2,85%"
"25.01.2016","1,78","1,85","1,88","1,78","277,08M","-4,50%"
"22.01.2016","1,86","1,82","1,87","1,80","286,88M","8,62%"
"21.01.2016","1,72","1,73","1,79","1,66","338,11M","0,37%"
"20.01.2016","1,71","1,64","1,77","1,53","554,70M","-0,91%"
"19.01.2016","1,73","1,79","1,79","1,67","259,23M","0,42%"
"15.01.2016","1,72","1,70","1,78","1,64","564,72M","-9,19%"
"14.01.2016","1,89","1,80","1,94","1,71","363,42M","6,47%"
"13.01.2016","1,78","2,01","2,02","1,77","413,40M","-10,46%"
"12.01.2016","1,99","1,97","2,02","1,90","317,52M","3,37%"
"11.01.2016","1,92","1,94","1,96","1,83","336,18M","0,88%"
"08.01.2016","1,90","1,99","2,03","1,90","331,82M","-2,36%"
"07.01.2016","1,95","2,01","2,09","1,95","340,35M","-9,51%"
"06.01.2016","2,15","2,10","2,19","2,10","243,79M","-2,68%"
"05.01.2016","2,21","2,26","2,27","2,18","132,33M","-0,90%"
"04.01.2016","2,23","2,22","2,23","2,14","265,87M","-6,11%"
"31.12.2015","2,38","2,44","2,46","2,38","175,91M","-3,71%"
"30.12.2015","2,47","2,53","2,53","2,47","89,59M","-2,55%"
"29.12.2015","2,54","2,47","2,55","2,46","145,30M","4,56%"
"28.12.2015","2,43","2,41","2,43","2,36","102,67M","0,00%"
"24.12.2015","2,43","2,43","2,45","2,42","48,52M","0,00%"
"23.12.2015","2,43","2,41","2,43","2,40","109,89M","2,29%"
"22.12.2015","2,38","2,37","2,39","2,33","134,05M","1,89%"
"21.12.2015","2,33","2,32","2,33","2,27","128,06M","2,97%"
"18.12.2015","2,27","2,37","2,39","2,26","204,96M","-5,49%"
"17.12.2015","2,40","2,53","2,54","2,39","189,51M","-4,16%"
"16.12.2015","2,50","2,45","2,52","2,37","196,51M","4,42%"
"15.12.2015","2,40","2,42","2,46","2,39","191,56M","1,70%"
"14.12.2015","2,36","2,31","2,36","2,21","232,34M","2,24%"
"11.12.2015","2,30","2,39","2,41","2,30","294,87M","-6,86%"
"10.12.2015","2,47","2,46","2,52","2,43","162,93M","1,42%"
"09.12.2015","2,44","2,52","2,56","2,40","289,73M","-4,66%"
"08.12.2015","2,56","2,48","2,58","2,47","162,60M","0,00%"
"07.12.2015","2,56","2,60","2,60","2,52","138,45M","-1,22%"
"04.12.2015","2,59","2,44","2,60","2,43","173,29M","6,87%"
"03.12.2015","2,42","2,57","2,58","2,38","225,91M","-5,10%"
"02.12.2015","2,55","2,61","2,64","2,54","122,09M","-1,82%"
"01.12.2015","2,60","2,55","2,60","2,55","117,04M","2,97%"
"30.11.2015","2,53","2,57","2,57","2,50","93,27M","-0,63%"
"27.11.2015","2,54","2,55","2,56","2,52","27,24M","0,36%"
"25.11.2015","2,53","2,54","2,55","2,52","55,98M","0,22%"
"24.11.2015","2,53","2,49","2,55","2,45","132,49M","-0,31%"
"23.11.2015","2,53","2,56","2,59","2,50","112,88M","-0,81%"
"20.11.2015","2,56","2,54","2,56","2,53","102,00M","1,99%"
"19.11.2015","2,51","2,51","2,54","2,49","103,96M","0,00%"
"18.11.2015","2,50","2,39","2,51","2,39","196,28M","5,73%"
"17.11.2015","2,37","2,37","2,42","2,35","221,42M","0,34%"
"16.11.2015","2,36","2,26","2,36","2,24","185,55M","4,17%"
"13.11.2015","2,26","2,37","2,38","2,26","197,70M","-5,88%"
"12.11.2015","2,40","2,44","2,48","2,40","137,93M","-2,90%"
"11.11.2015","2,48","2,51","2,54","2,46","100,83M","-0,44%"
"10.11.2015","2,49","2,47","2,49","2,44","98,72M","-0,71%"
"09.11.2015","2,51","2,56","2,57","2,46","151,32M","-3,22%"
"06.11.2015","2,59","2,57","2,60","2,52","136,25M","0,33%"
"05.11.2015","2,58","2,61","2,63","2,54","142,25M","-0,88%"
"04.11.2015","2,60","2,63","2,64","2,57","145,83M","0,00%"
"03.11.2015","2,60","2,56","2,63","2,55","123,62M","0,95%"
"02.11.2015","2,58","2,51","2,59","2,50","110,60M","3,41%"
"30.10.2015","2,49","2,53","2,54","2,49","120,07M","-1,37%"
"29.10.2015","2,53","2,50","2,54","2,50","99,83M","-0,37%"
"28.10.2015","2,54","2,49","2,54","2,43","208,96M","2,32%"
"27.10.2015","2,48","2,44","2,49","2,44","104,46M","0,65%"
"26.10.2015","2,46","2,45","2,48","2,42","119,89M","0,30%"
"23.10.2015","2,46","2,45","2,49","2,41","204,06M","8,32%"
"22.10.2015","2,27","2,19","2,27","2,18","259,75M","5,93%"
"21.10.2015","2,14","2,21","2,22","2,13","176,49M","-1,61%"
"20.10.2015","2,18","2,20","2,21","2,15","145,25M","-1,66%"
"19.10.2015","2,21","2,16","2,22","2,15","163,62M","1,79%"
"16.10.2015","2,17","2,16","2,18","2,13","132,64M","1,24%"
"15.10.2015","2,15","2,07","2,15","2,06","214,57M","4,89%"
"14.10.2015","2,05","2,06","2,09","2,02","183,33M","-0,43%"
"13.10.2015","2,06","2,06","2,12","2,05","212,96M","-1,96%"
"12.10.2015","2,10","2,09","2,11","2,07","152,54M","0,84%"
"09.10.2015","2,08","2,06","2,09","2,04","175,22M","1,22%"
"08.10.2015","2,05","2,01","2,06","1,95","291,87M","1,22%"
"07.10.2015","2,03","2,03","2,04","1,95","253,11M","1,61%"
"06.10.2015","2,00","2,01","2,03","1,95","230,12M","-1,43%"
"05.10.2015","2,03","1,98","2,04","1,97","208,15M","4,56%"
"02.10.2015","1,94","1,77","1,94","1,75","317,41M","5,19%"
"01.10.2015","1,84","1,83","1,84","1,76","219,27M","1,40%"
"30.09.2015","1,82","1,77","1,82","1,75","333,87M","6,62%"
"29.09.2015","1,70","1,74","1,79","1,66","365,75M","-1,48%"
"28.09.2015","1,73","1,87","1,87","1,71","360,06M","-8,62%"
"25.09.2015","1,89","2,01","2,01","1,85","283,82M","-2,43%"
"24.09.2015","1,94","1,90","1,96","1,85","293,84M","-1,16%"
"23.09.2015","1,96","1,97","1,99","1,93","223,76M","0,00%"
"22.09.2015","1,96","1,95","1,98","1,90","283,80M","-4,41%"
"21.09.2015","2,05","2,06","2,10","1,99","200,31M","0,85%"
"18.09.2015","2,03","2,02","2,10","2,02","272,34M","-4,23%"
"17.09.2015","2,12","2,11","2,22","2,09","242,36M","0,28%"
"16.09.2015","2,12","2,09","2,12","2,06","140,41M","1,67%"
"15.09.2015","2,08","2,03","2,10","2,00","152,65M","3,49%"
"14.09.2015","2,01","2,05","2,05","1,99","176,67M","-0,89%"
"11.09.2015","2,03","1,97","2,03","1,95","189,72M","1,62%"
"10.09.2015","2,00","1,93","2,04","1,92","247,16M","3,20%"
"09.09.2015","1,94","2,07","2,07","1,92","281,29M","-3,48%"
"08.09.2015","2,00","1,95","2,01","1,93","225,35M","8,49%"
"04.09.2015","1,85","1,84","1,88","1,81","279,64M","-3,34%"
"03.09.2015","1,91","1,97","2,01","1,90","223,23M","-1,65%"
"02.09.2015","1,94","1,89","1,94","1,83","180,28M","8,13%"
"01.09.2015","1,80","1,83","1,92","1,77","313,86M","-9,07%"
"31.08.2015","1,98","2,02","2,05","1,96","206,87M","-3,71%"
"28.08.2015","2,05","2,02","2,07","2,01","214,10M","0,00%"
"27.08.2015","2,06","2,00","2,06","1,92","485,95M","7,81%"
"26.08.2015","1,91","1,81","1,92","1,70","285,02M","14,43%"
"25.08.2015","1,67","1,86","1,90","1,66","289,67M","-1,32%"
"24.08.2015","1,69","1,56","1,91","1,36","392,72M","-11,85%"
"21.08.2015","1,91","2,09","2,15","1,91","380,29M","-12,44%"
"20.08.2015","2,19","2,32","2,34","2,18","300,02M","-8,23%"
"19.08.2015","2,38","2,41","2,45","2,34","235,52M","-1,88%"
"18.08.2015","2,43","2,45","2,46","2,42","109,00M","-1,60%"
"17.08.2015","2,47","2,39","2,47","2,37","125,36M","2,46%"
"14.08.2015","2,41","2,38","2,42","2,37","145,98M","0,54%"
"13.08.2015","2,40","2,42","2,45","2,38","140,66M","-0,45%"
"12.08.2015","2,41","2,34","2,42","2,26","224,35M","0,88%"
"11.08.2015","2,39","2,44","2,47","2,35","173,29M","-3,81%"
"10.08.2015","2,48","2,44","2,50","2,44","133,80M","3,38%"
"07.08.2015","2,40","2,39","2,42","2,34","160,17M","-0,40%"
"06.08.2015","2,41","2,54","2,55","2,37","175,29M","-4,80%"
"05.08.2015","2,53","2,51","2,58","2,51","127,41M","2,34%"
"04.08.2015","2,47","2,48","2,50","2,44","141,35M","-0,64%"
"03.08.2015","2,49","2,51","2,53","2,44","147,74M","-0,92%"
"31.07.2015","2,51","2,54","2,55","2,49","109,04M","-0,31%"
"30.07.2015","2,52","2,47","2,53","2,42","137,04M","1,39%"
"29.07.2015","2,48","2,47","2,50","2,44","121,74M","1,12%"
"28.07.2015","2,46","2,43","2,47","2,37","155,60M","2,64%"
"27.07.2015","2,39","2,41","2,45","2,38","120,62M","-2,57%"
"24.07.2015","2,46","2,57","2,57","2,45","106,47M","-2,84%"
"23.07.2015","2,53","2,57","2,59","2,51","96,78M","-1,20%"
"22.07.2015","2,56","2,53","2,60","2,53","108,39M","-3,28%"
"21.07.2015","2,65","2,66","2,67","2,63","87,41M","-0,27%"
"20.07.2015","2,65","2,65","2,68","2,62","95,89M","1,12%"
"17.07.2015","2,62","2,58","2,62","2,56","143,33M","4,57%"
"16.07.2015","2,51","2,47","2,52","2,46","139,68M","3,91%"
"15.07.2015","2,42","2,42","2,44","2,39","119,14M","0,48%"
"14.07.2015","2,40","2,37","2,43","2,37","102,20M","2,01%"
"13.07.2015","2,36","2,30","2,37","2,30","104,86M","5,11%"
"10.07.2015","2,24","2,22","2,27","2,21","123,26M","4,65%"
"09.07.2015","2,14","2,24","2,24","2,14","125,26M","-0,29%"
"08.07.2015","2,15","2,22","2,23","2,14","184,88M","-5,01%"
"07.07.2015","2,26","2,26","2,27","2,13","250,33M","0,51%"
"06.07.2015","2,25","2,22","2,29","2,21","131,81M","-0,84%"
"02.07.2015","2,27","2,28","2,29","2,25","105,52M","0,38%"
"01.07.2015","2,26","2,28","2,29","2,23","141,62M","2,05%"
"30.06.2015","2,22","2,24","2,25","2,19","176,79M","1,14%"
"29.06.2015","2,19","2,27","2,32","2,19","273,74M","-7,07%"
"26.06.2015","2,36","2,40","2,42","2,33","131,90M","-1,86%"
"25.06.2015","2,40","2,45","2,45","2,39","85,20M","-0,65%"
"24.06.2015","2,42","2,45","2,48","2,42","84,90M","-1,54%"
"23.06.2015","2,46","2,46","2,46","2,42","114,91M","0,25%"
"22.06.2015","2,45","2,45","2,47","2,43","131,72M","2,41%"
"19.06.2015","2,39","2,44","2,44","2,39","84,63M","-1,53%"
"18.06.2015","2,43","2,35","2,44","2,35","162,63M","4,23%"
"17.06.2015","2,33","2,32","2,35","2,29","168,39M","0,84%"
"16.06.2015","2,31","2,27","2,32","2,26","101,27M","1,53%"
"15.06.2015","2,28","2,26","2,29","2,22","200,88M","-1,38%"
"12.06.2015","2,31","2,33","2,34","2,30","120,90M","-2,54%"
"11.06.2015","2,37","2,38","2,40","2,36","117,08M","0,55%"
"10.06.2015","2,36","2,29","2,38","2,28","154,77M","3,96%"
"09.06.2015","2,27","2,26","2,29","2,21","153,00M","-0,49%"
"08.06.2015","2,28","2,34","2,35","2,26","144,42M","-3,06%"
"05.06.2015","2,35","2,36","2,37","2,31","138,59M","-0,76%"
"04.06.2015","2,37","2,38","2,43","2,34","185,70M","-2,18%"
"03.06.2015","2,42","2,43","2,45","2,40","117,07M","0,88%"
"02.06.2015","2,40","2,40","2,43","2,36","131,46M","-0,91%"
"01.06.2015","2,42","2,44","2,44","2,36","137,16M","0,88%"
"29.05.2015","2,40","2,44","2,45","2,38","106,06M","-1,69%"
"28.05.2015","2,44","2,44","2,46","2,42","90,65M","-0,74%"
"27.05.2015","2,46","2,37","2,47","2,35","134,29M","4,81%"
"26.05.2015","2,35","2,41","2,42","2,32","140,46M","-3,46%"
"22.05.2015","2,43","2,43","2,46","2,42","79,82M","-0,27%"
"21.05.2015","2,44","2,39","2,45","2,38","92,22M","1,57%"
"20.05.2015","2,40","2,40","2,44","2,36","111,26M","0,00%"
"19.05.2015","2,40","2,41","2,42","2,38","98,58M","-0,29%"
"18.05.2015","2,40","2,36","2,42","2,36","110,59M","1,23%"
"15.05.2015","2,37","2,39","2,40","2,35","146,51M","0,00%"
"14.05.2015","2,37","2,33","2,38","2,30","176,83M","4,43%"
"13.05.2015","2,27","2,29","2,32","2,26","132,50M","0,52%"
"12.05.2015","2,26","2,25","2,29","2,20","190,33M","-1,29%"
"11.05.2015","2,29","2,32","2,34","2,29","139,03M","-1,10%"
"08.05.2015","2,32","2,30","2,33","2,29","178,38M","3,67%"
"07.05.2015","2,23","2,19","2,25","2,19","168,62M","1,72%"
"06.05.2015","2,20","2,25","2,27","2,15","213,40M","-2,14%"
"05.05.2015","2,24","2,33","2,34","2,24","280,69M","-4,74%"
"04.05.2015","2,36","2,37","2,40","2,35","131,97M","0,35%"
"01.05.2015","2,35","2,28","2,35","2,28","190,01M","4,04%"
"30.04.2015","2,26","2,33","2,36","2,22","308,17M","-4,70%"
"29.04.2015","2,37","2,37","2,42","2,33","193,95M","-1,91%"
"28.04.2015","2,41","2,43","2,45","2,35","171,75M","-0,65%"
"27.04.2015","2,43","2,47","2,49","2,41","161,16M","-0,64%"
"24.04.2015","2,44","2,43","2,46","2,41","142,42M","3,91%"
"23.04.2015","2,35","2,30","2,38","2,30","131,00M","1,20%"
"22.04.2015","2,32","2,31","2,34","2,26","121,92M","1,62%"
"21.04.2015","2,29","2,30","2,31","2,28","127,39M","1,28%"
"20.04.2015","2,26","2,20","2,27","2,19","142,19M","4,47%"
"17.04.2015","2,16","2,20","2,22","2,13","186,43M","-4,67%"
"16.04.2015","2,27","2,26","2,28","2,25","90,89M","-0,35%"
"15.04.2015","2,28","2,26","2,29","2,25","95,36M","1,77%"
"14.04.2015","2,24","2,25","2,27","2,20","168,97M","-0,86%"
"13.04.2015","2,26","2,28","2,31","2,25","115,20M","-0,74%"
"10.04.2015","2,27","2,25","2,27","2,23","113,38M","1,20%"
"09.04.2015","2,25","2,20","2,25","2,18","110,93M","1,86%"
"08.04.2015","2,20","2,16","2,21","2,15","169,14M","2,38%"
"07.04.2015","2,15","2,16","2,21","2,15","114,69M","-0,46%"
"06.04.2015","2,16","2,07","2,18","2,07","150,95M","2,41%"
"02.04.2015","2,11","2,11","2,13","2,09","110,58M","0,00%"
"01.04.2015","2,11","2,14","2,14","2,07","175,88M","-1,69%"
"31.03.2015","2,15","2,19","2,21","2,14","124,51M","-3,10%"
"30.03.2015","2,21","2,18","2,22","2,18","151,21M","3,60%"
"27.03.2015","2,14","2,11","2,15","2,10","98,54M","0,96%"
"26.03.2015","2,12","2,08","2,15","2,06","196,56M","-0,82%"
"25.03.2015","2,13","2,31","2,31","2,13","175,88M","-6,98%"
"24.03.2015","2,29","2,32","2,35","2,29","92,98M","-1,02%"
"23.03.2015","2,32","2,33","2,35","2,32","99,24M","-0,84%"
"20.03.2015","2,34","2,34","2,37","2,33","104,81M","2,07%"
"19.03.2015","2,29","2,29","2,31","2,28","111,39M","0,48%"
"18.03.2015","2,28","2,20","2,31","2,16","167,82M","2,88%"
"17.03.2015","2,22","2,18","2,22","2,17","97,36M","0,56%"
"16.03.2015","2,20","2,15","2,20","2,14","114,96M","3,83%"
"13.03.2015","2,12","2,14","2,17","2,08","198,12M","-1,29%"
"12.03.2015","2,15","2,10","2,16","2,10","122,39M","1,92%"
"11.03.2015","2,11","2,15","2,16","2,11","223,15M","-1,76%"
"10.03.2015","2,15","2,22","2,22","2,15","191,97M","-5,54%"
"09.03.2015","2,27","2,27","2,29","2,24","113,27M","0,96%"
"06.03.2015","2,25","2,32","2,34","2,24","149,73M","-3,44%"
"05.03.2015","2,33","2,34","2,35","2,30","92,34M","0,44%"
"04.03.2015","2,32","2,32","2,33","2,28","116,64M","-1,11%"
"03.03.2015","2,35","2,36","2,37","2,30","128,39M","-1,43%"
"02.03.2015","2,38","2,33","2,38","2,33","89,05M","2,70%"
"27.02.2015","2,32","2,35","2,35","2,31","88,79M","-1,32%"
"26.02.2015","2,35","2,32","2,35","2,30","116,34M","1,52%"
"25.02.2015","2,31","2,32","2,35","2,30","112,55M","-0,80%"
"24.02.2015","2,33","2,32","2,34","2,30","104,60M","0,00%"
"23.02.2015","2,33","2,32","2,33","2,30","78,97M","0,40%"
"20.02.2015","2,32","2,27","2,32","2,25","90,77M","1,92%"
"19.02.2015","2,28","2,24","2,28","2,24","75,59M","1,51%"
"18.02.2015","2,24","2,22","2,24","2,21","70,48M","0,43%"
"17.02.2015","2,23","2,23","2,24","2,21","82,73M","0,27%"
"13.02.2015","2,23","2,19","2,23","2,18","120,90M","2,52%"
"12.02.2015","2,17","2,14","2,17","2,13","153,10M","3,50%"
"11.02.2015","2,10","2,08","2,11","2,07","121,85M","1,12%"
"10.02.2015","2,07","2,02","2,08","2,01","119,25M","4,79%"
"09.02.2015","1,98","1,98","2,01","1,97","95,79M","-1,10%"
"06.02.2015","2,00","2,05","2,06","1,98","123,53M","-1,82%"
"05.02.2015","2,04","2,00","2,04","1,99","100,33M","2,65%"
"04.02.2015","1,99","1,97","2,03","1,95","124,63M","-0,26%"
"03.02.2015","1,99","1,95","2,00","1,92","182,33M","2,73%"
"02.02.2015","1,94","1,90","1,94","1,81","198,84M","2,62%"
"30.01.2015","1,89","1,93","1,97","1,88","218,22M","-2,30%"
"29.01.2015","1,93","1,87","1,94","1,82","176,56M","2,89%"
"28.01.2015","1,88","2,00","2,01","1,88","188,93M","-1,72%"
"27.01.2015","1,91","1,97","1,98","1,89","223,99M","-7,74%"
"26.01.2015","2,07","2,07","2,08","2,04","100,81M","0,00%"
"23.01.2015","2,08","2,06","2,10","2,04","142,36M","0,67%"
"22.01.2015","2,06","1,98","2,07","1,93","162,66M","5,57%"
"21.01.2015","1,95","1,91","1,98","1,89","133,53M","1,53%"
"20.01.2015","1,92","1,91","1,94","1,85","141,89M","2,21%"
"16.01.2015","1,88","1,81","1,89","1,80","141,80M","3,56%"
"15.01.2015","1,82","1,92","1,93","1,81","196,01M","-3,97%"
"14.01.2015","1,89","1,86","1,92","1,84","216,15M","-1,54%"
"13.01.2015","1,92","1,98","2,04","1,88","199,71M","0,00%"
"12.01.2015","1,92","2,00","2,00","1,91","165,25M","-3,07%"
"09.01.2015","1,99","2,05","2,05","1,95","181,42M","-2,02%"
"08.01.2015","2,03","1,97","2,04","1,96","144,94M","5,70%"
"07.01.2015","1,92","1,88","1,93","1,87","137,47M","3,85%"
"06.01.2015","1,85","1,93","1,94","1,82","168,64M","-3,97%"
"05.01.2015","1,92","1,98","1,99","1,91","127,02M","-4,50%"
"02.01.2015","2,01","2,06","2,09","1,98","122,23M","-0,82%"
"31.12.2014","2,03","2,10","2,13","2,02","117,09M","-3,13%"
"30.12.2014","2,10","2,12","2,13","2,09","123,86M","-2,06%"
"29.12.2014","2,14","2,13","2,15","2,13","62,33M","0,00%"
"26.12.2014","2,14","2,11","2,15","2,11","86,09M","2,03%"
"24.12.2014","2,10","2,10","2,12","2,09","43,98M","0,00%"
"23.12.2014","2,09","2,14","2,14","2,08","115,92M","-0,96%"
"22.12.2014","2,11","2,09","2,11","2,08","110,46M","0,91%"
"19.12.2014","2,09","2,08","2,12","2,06","154,83M","1,12%"
"18.12.2014","2,07","2,01","2,07","2,00","186,75M","7,33%"
"17.12.2014","1,93","1,83","1,95","1,83","182,73M","5,37%"
"16.12.2014","1,83","1,89","1,97","1,83","212,86M","-4,96%"
"15.12.2014","1,93","2,02","2,04","1,91","235,95M","-2,99%"
"12.12.2014","1,99","1,99","2,06","1,99","153,79M","-3,31%"
"11.12.2014","2,05","2,04","2,12","2,04","136,03M","1,57%"
"10.12.2014","2,02","2,11","2,13","2,01","134,53M","-4,84%"
"09.12.2014","2,13","2,03","2,13","2,01","170,69M","0,97%"
"08.12.2014","2,10","2,13","2,16","2,07","169,28M","-2,16%"
"05.12.2014","2,15","2,16","2,17","2,14","113,63M","0,00%"
"04.12.2014","2,15","2,15","2,18","2,12","154,04M","-0,30%"
"03.12.2014","2,16","2,15","2,16","2,11","131,94M","0,91%"
"02.12.2014","2,14","2,12","2,15","2,11","129,89M","1,07%"
"01.12.2014","2,11","2,18","2,19","2,09","156,19M","-3,69%"
"28.11.2014","2,20","2,18","2,21","2,18","72,57M","1,49%"
"26.11.2014","2,16","2,13","2,17","2,12","105,63M","2,04%"
"25.11.2014","2,12","2,12","2,14","2,10","151,54M","0,33%"
"24.11.2014","2,11","2,08","2,11","2,07","126,21M","2,26%"
"21.11.2014","2,07","2,11","2,11","2,04","152,95M","0,72%"
"20.11.2014","2,05","2,00","2,06","1,99","99,55M","1,33%"
"19.11.2014","2,02","2,04","2,04","2,00","148,81M","-1,27%"
"18.11.2014","2,05","2,01","2,06","2,01","111,82M","2,24%"
"17.11.2014","2,01","2,01","2,02","1,98","141,35M","-0,94%"
"14.11.2014","2,02","2,00","2,02","1,98","114,82M","0,92%"
"13.11.2014","2,01","1,99","2,03","1,98","182,17M","1,28%"
"12.11.2014","1,98","1,95","1,99","1,95","96,20M","0,55%"
"11.11.2014","1,97","1,95","1,97","1,94","105,62M","0,95%"
"10.11.2014","1,95","1,93","1,96","1,92","103,37M","1,02%"
"07.11.2014","1,93","1,95","1,95","1,90","110,81M","0,00%"
"06.11.2014","1,94","1,92","1,94","1,89","97,27M","0,86%"
"05.11.2014","1,92","1,96","1,96","1,90","138,75M","0,00%"
"04.11.2014","1,92","1,92","1,93","1,88","138,65M","-1,06%"
"03.11.2014","1,94","1,93","1,95","1,92","141,37M","1,03%"
"31.10.2014","1,92","1,94","1,94","1,90","176,47M","4,12%"
"30.10.2014","1,84","1,81","1,86","1,80","161,99M","0,63%"
"29.10.2014","1,83","1,84","1,85","1,79","179,56M","-1,20%"
"28.10.2014","1,86","1,80","1,86","1,80","159,69M","4,47%"
"27.10.2014","1,78","1,76","1,78","1,74","138,36M","0,38%"
"24.10.2014","1,77","1,74","1,77","1,72","170,73M","2,30%"
"23.10.2014","1,73","1,70","1,76","1,70","170,12M","4,57%"
"22.10.2014","1,65","1,70","1,70","1,65","188,18M","-1,55%"
"21.10.2014","1,68","1,61","1,68","1,60","211,86M","7,82%"
"20.10.2014","1,56","1,49","1,56","1,48","154,93M","4,31%"
"17.10.2014","1,49","1,49","1,53","1,47","264,45M","3,91%"
"16.10.2014","1,44","1,37","1,47","1,37","336,21M","-1,55%"
"15.10.2014","1,46","1,42","1,48","1,36","485,34M","-2,14%"
"14.10.2014","1,49","1,52","1,55","1,48","371,20M","0,00%"
"13.10.2014","1,49","1,56","1,59","1,49","273,73M","-4,68%"
"10.10.2014","1,56","1,66","1,69","1,56","296,57M","-7,49%"
"09.10.2014","1,69","1,77","1,78","1,68","223,02M","-4,98%"
"08.10.2014","1,78","1,68","1,79","1,65","213,22M","5,78%"
"07.10.2014","1,68","1,73","1,74","1,68","163,65M","-4,23%"
"06.10.2014","1,75","1,78","1,79","1,74","147,37M","-0,68%"
"03.10.2014","1,77","1,74","1,79","1,73","153,76M","3,01%"
"02.10.2014","1,72","1,71","1,73","1,65","218,19M","0,00%"
"01.10.2014","1,72","1,79","1,79","1,70","213,57M","-4,79%"
"30.09.2014","1,80","1,81","1,83","1,78","154,23M","0,37%"
"29.09.2014","1,80","1,75","1,81","1,74","114,60M","-0,34%"
"26.09.2014","1,80","1,76","1,81","1,75","148,28M","3,20%"
"25.09.2014","1,75","1,84","1,85","1,74","213,00M","-6,35%"
"24.09.2014","1,86","1,81","1,87","1,79","116,59M","3,24%"
"23.09.2014","1,81","1,80","1,83","1,79","100,80M","-0,87%"
"22.09.2014","1,82","1,86","1,86","1,80","108,28M","-2,72%"
"19.09.2014","1,87","1,90","1,90","1,85","110,22M","0,00%"
"18.09.2014","1,88","1,85","1,88","1,85","79,59M","2,15%"
"17.09.2014","1,84","1,83","1,86","1,80","113,56M","0,49%"
"16.09.2014","1,83","1,76","1,84","1,76","126,94M","2,70%"
"15.09.2014","1,78","1,84","1,84","1,76","128,63M","-3,01%"
"12.09.2014","1,83","1,86","1,86","1,82","113,75M","-1,58%"
"11.09.2014","1,86","1,84","1,87","1,82","119,32M","0,00%"
"10.09.2014","1,87","1,83","1,87","1,81","72,42M","2,32%"
"09.09.2014","1,82","1,87","1,89","1,81","129,41M","-2,43%"
"08.09.2014","1,87","1,86","1,88","1,84","70,91M","0,50%"
"05.09.2014","1,86","1,84","1,86","1,81","83,26M","1,55%"
"04.09.2014","1,83","1,85","1,88","1,82","82,13M","-0,32%"
"03.09.2014","1,84","1,88","1,88","1,83","82,69M","-1,72%"
"02.09.2014","1,87","1,87","1,87","1,85","64,31M","0,83%"
"29.08.2014","1,85","1,85","1,85","1,83","52,28M","1,17%"
"28.08.2014","1,83","1,82","1,84","1,81","64,90M","-0,41%"
"27.08.2014","1,84","1,84","1,85","1,83","36,72M","0,00%"
"26.08.2014","1,84","1,84","1,84","1,83","41,76M","0,34%"
"25.08.2014","1,83","1,84","1,85","1,82","68,03M","1,11%"
"22.08.2014","1,81","1,81","1,83","1,80","76,88M","0,39%"
"21.08.2014","1,81","1,80","1,81","1,79","67,94M","0,57%"
"20.08.2014","1,80","1,79","1,81","1,79","70,76M","0,00%"
"19.08.2014","1,80","1,78","1,80","1,77","78,87M","1,72%"
"18.08.2014","1,77","1,75","1,77","1,74","79,42M","2,42%"
"15.08.2014","1,72","1,73","1,74","1,68","156,13M","1,36%"
"14.08.2014","1,70","1,68","1,70","1,67","103,09M","1,54%"
"13.08.2014","1,67","1,64","1,68","1,64","81,53M","3,25%"
"12.08.2014","1,62","1,62","1,64","1,60","90,95M","0,00%"
"11.08.2014","1,63","1,61","1,64","1,61","74,40M","1,81%"
"08.08.2014","1,60","1,57","1,60","1,55","124,48M","2,13%"
"07.08.2014","1,56","1,60","1,61","1,55","153,85M","-0,96%"
"06.08.2014","1,58","1,55","1,61","1,55","119,45M","0,00%"
"05.08.2014","1,58","1,60","1,61","1,56","167,54M","-2,34%"
"04.08.2014","1,62","1,60","1,64","1,58","144,24M","2,05%"
"01.08.2014","1,59","1,60","1,62","1,56","172,62M","-1,15%"
"31.07.2014","1,61","1,67","1,67","1,60","139,15M","-6,09%"
"30.07.2014","1,71","1,72","1,73","1,69","107,74M","1,20%"
"29.07.2014","1,69","1,71","1,72","1,68","79,26M","-0,50%"
"28.07.2014","1,70","1,70","1,71","1,66","92,00M","0,00%"
"25.07.2014","1,70","1,69","1,70","1,67","92,89M","-1,23%"
"24.07.2014","1,72","1,73","1,74","1,71","87,76M","-0,35%"
"23.07.2014","1,72","1,71","1,73","1,70","102,50M","1,87%"
"22.07.2014","1,69","1,68","1,70","1,68","107,51M","1,98%"
"21.07.2014","1,66","1,65","1,67","1,64","94,93M","-0,36%"
"18.07.2014","1,66","1,62","1,67","1,61","117,00M","4,73%"
"17.07.2014","1,59","1,64","1,66","1,57","161,38M","-3,99%"
"16.07.2014","1,66","1,67","1,68","1,65","106,87M","1,13%"
"15.07.2014","1,64","1,66","1,67","1,60","148,59M","-1,05%"
"14.07.2014","1,65","1,64","1,66","1,64","107,12M","1,91%"
"11.07.2014","1,62","1,60","1,62","1,59","121,74M","1,74%"
"10.07.2014","1,60","1,55","1,61","1,54","123,24M","-0,94%"
"09.07.2014","1,61","1,59","1,61","1,57","137,15M","2,26%"
"08.07.2014","1,57","1,62","1,63","1,55","151,90M","-3,49%"
"07.07.2014","1,63","1,64","1,65","1,62","88,05M","-0,96%"
"03.07.2014","1,65","1,63","1,65","1,62","64,63M","1,92%"
"02.07.2014","1,62","1,61","1,62","1,61","82,02M","0,39%"
"01.07.2014","1,61","1,57","1,62","1,57","66,14M","3,36%"
"30.06.2014","1,56","1,55","1,57","1,55","54,49M","0,74%"
"27.06.2014","1,55","1,53","1,55","1,52","73,86M","0,99%"
"26.06.2014","1,53","1,53","1,53","1,49","87,58M","0,00%"
"25.06.2014","1,53","1,49","1,54","1,49","84,56M","1,82%"
"24.06.2014","1,50","1,50","1,54","1,49","160,27M","0,00%"
"23.06.2014","1,50","1,50","1,51","1,49","69,41M","0,00%"
"20.06.2014","1,50","1,50","1,51","1,49","56,60M","0,36%"
"19.06.2014","1,50","1,51","1,51","1,48","105,96M","-0,39%"
"18.06.2014","1,50","1,48","1,51","1,45","114,81M","1,82%"
"17.06.2014","1,48","1,47","1,49","1,46","95,67M","0,00%"
"16.06.2014","1,47","1,46","1,49","1,45","89,98M","0,37%"
"13.06.2014","1,47","1,48","1,48","1,45","72,02M","0,69%"
"12.06.2014","1,46","1,49","1,49","1,44","121,23M","-2,62%"
"11.06.2014","1,50","1,48","1,50","1,48","97,07M","0,00%"
"10.06.2014","1,50","1,49","1,50","1,48","72,84M","0,57%"
"09.06.2014","1,49","1,50","1,50","1,48","124,17M","0,00%"
"06.06.2014","1,49","1,49","1,50","1,48","79,22M","1,62%"
"05.06.2014","1,47","1,44","1,48","1,42","176,14M","2,60%"
"04.06.2014","1,43","1,41","1,44","1,40","105,46M","1,06%"
"03.06.2014","1,42","1,41","1,42","1,40","95,32M","0,00%"
"02.06.2014","1,42","1,43","1,43","1,39","101,34M","0,00%"
"30.05.2014","1,42","1,42","1,43","1,40","113,39M","0,00%"
"29.05.2014","1,42","1,41","1,42","1,40","87,49M","2,03%"
"28.05.2014","1,40","1,41","1,41","1,39","118,45M","-0,95%"
"27.05.2014","1,41","1,38","1,41","1,37","118,81M","3,76%"
"23.05.2014","1,36","1,33","1,36","1,33","95,17M","2,24%"
"22.05.2014","1,33","1,32","1,34","1,31","126,53M","1,24%"
"21.05.2014","1,31","1,28","1,31","1,28","123,79M","2,82%"
"20.05.2014","1,28","1,29","1,30","1,26","162,34M","-1,10%"
"19.05.2014","1,29","1,25","1,30","1,25","120,60M","2,14%"
"16.05.2014","1,26","1,24","1,27","1,22","142,95M","1,86%"
"15.05.2014","1,24","1,27","1,28","1,22","201,53M","-2,31%"
"14.05.2014","1,27","1,28","1,29","1,26","98,70M","-1,49%"
"13.05.2014","1,29","1,29","1,30","1,28","117,73M","0,00%"
"12.05.2014","1,29","1,25","1,29","1,25","127,74M","4,87%"
"09.05.2014","1,23","1,21","1,23","1,19","156,48M","1,17%"
"08.05.2014","1,21","1,20","1,26","1,20","219,22M","0,00%"
"07.05.2014","1,22","1,24","1,24","1,17","261,92M","-0,90%"
"06.05.2014","1,23","1,27","1,27","1,23","161,65M","-3,87%"
"05.05.2014","1,28","1,24","1,28","1,23","115,88M","1,42%"
"02.05.2014","1,26","1,28","1,28","1,25","151,98M","-0,49%"
"01.05.2014","1,27","1,26","1,29","1,25","143,79M","0,90%"
"30.04.2014","1,25","1,23","1,26","1,22","184,13M","0,89%"
"29.04.2014","1,24","1,23","1,25","1,21","244,00M","2,21%"
"28.04.2014","1,22","1,22","1,24","1,16","482,08M","1,07%"
"25.04.2014","1,20","1,24","1,25","1,19","244,82M","-4,83%"
"24.04.2014","1,26","1,29","1,29","1,22","250,80M","2,95%"
"23.04.2014","1,23","1,26","1,26","1,23","131,37M","-2,72%"
"22.04.2014","1,26","1,24","1,27","1,24","150,39M","2,45%"
"21.04.2014","1,23","1,21","1,23","1,20","144,45M","2,26%"
"17.04.2014","1,20","1,19","1,22","1,18","176,79M","0,00%"
"16.04.2014","1,20","1,19","1,20","1,16","251,58M","3,88%"
"15.04.2014","1,16","1,16","1,18","1,09","562,50M","1,00%"
"14.04.2014","1,15","1,15","1,17","1,12","281,63M","2,25%"
"11.04.2014","1,12","1,13","1,18","1,11","211,90M","-3,49%"
"10.04.2014","1,16","1,28","1,28","1,15","322,67M","-9,23%"
"09.04.2014","1,28","1,23","1,28","1,22","222,17M","5,13%"
"08.04.2014","1,22","1,19","1,22","1,18","243,37M","2,79%"
"07.04.2014","1,19","1,20","1,23","1,16","312,85M","-3,00%"
"04.04.2014","1,22","1,35","1,36","1,21","371,01M","-7,94%"
"03.04.2014","1,33","1,36","1,37","1,30","159,84M","-2,36%"
"02.04.2014","1,36","1,37","1,37","1,34","163,22M","0,79%"
"01.04.2014","1,35","1,30","1,35","1,30","178,28M","5,42%"
"31.03.2014","1,28","1,28","1,31","1,28","162,44M","1,99%"
"28.03.2014","1,26","1,26","1,30","1,24","166,44M","0,65%"
"27.03.2014","1,25","1,26","1,28","1,23","202,09M","-1,77%"
"26.03.2014","1,27","1,34","1,35","1,27","201,49M","-3,80%"
"25.03.2014","1,32","1,33","1,35","1,29","172,67M","0,92%"
"24.03.2014","1,31","1,36","1,36","1,27","266,30M","-2,52%"
"21.03.2014","1,34","1,42","1,42","1,34","198,45M","-3,67%"
"20.03.2014","1,39","1,37","1,41","1,36","87,64M","0,78%"
"19.03.2014","1,38","1,41","1,41","1,35","136,44M","-1,65%"
"18.03.2014","1,40","1,36","1,41","1,36","113,10M","3,60%"
"17.03.2014","1,36","1,35","1,38","1,34","116,96M","2,67%"
"14.03.2014","1,32","1,33","1,35","1,32","107,32M","-2,05%"
"13.03.2014","1,35","1,42","1,43","1,33","188,41M","-4,25%"
"12.03.2014","1,41","1,37","1,41","1,36","109,82M","1,12%"
"11.03.2014","1,39","1,42","1,43","1,38","119,91M","-1,24%"
"10.03.2014","1,41","1,40","1,41","1,38","75,62M","0,00%"
"07.03.2014","1,41","1,44","1,45","1,39","132,58M","-1,43%"
"06.03.2014","1,43","1,44","1,45","1,41","92,82M","-0,38%"
"05.03.2014","1,43","1,43","1,44","1,42","77,09M","0,82%"
"04.03.2014","1,42","1,41","1,43","1,41","109,04M","4,03%"
"03.03.2014","1,37","1,36","1,38","1,33","158,87M","-2,19%"
"28.02.2014","1,40","1,40","1,43","1,36","137,15M","-0,50%"
"27.02.2014","1,40","1,38","1,41","1,37","88,14M","1,97%"
"26.02.2014","1,38","1,39","1,41","1,36","82,94M","0,00%"
"25.02.2014","1,38","1,39","1,40","1,37","93,07M","0,00%"
"24.02.2014","1,39","1,37","1,40","1,37","99,60M","1,76%"
"21.02.2014","1,36","1,38","1,39","1,36","83,99M","-0,52%"
"20.02.2014","1,37","1,35","1,38","1,34","102,78M","1,45%"
"19.02.2014","1,35","1,37","1,38","1,34","136,57M","-2,19%"
"18.02.2014","1,38","1,37","1,39","1,36","69,45M","1,56%"
"14.02.2014","1,36","1,35","1,37","1,34","95,00M","0,00%"
"13.02.2014","1,36","1,29","1,36","1,29","106,74M","2,57%"
"12.02.2014","1,32","1,32","1,33","1,31","108,61M","0,48%"
"11.02.2014","1,31","1,28","1,32","1,28","117,58M","3,42%"
"10.02.2014","1,27","1,25","1,27","1,25","83,37M","1,84%"
"07.02.2014","1,25","1,21","1,25","1,20","112,11M","5,31%"
"06.02.2014","1,19","1,15","1,19","1,15","74,30M","3,83%"
"05.02.2014","1,14","1,14","1,16","1,10","108,59M","-0,92%"
"04.02.2014","1,15","1,14","1,17","1,13","90,77M","1,95%"
"03.02.2014","1,13","1,20","1,22","1,12","184,00M","-6,63%"
"31.01.2014","1,21","1,18","1,23","1,18","84,58M","-0,70%"
"30.01.2014","1,22","1,20","1,23","1,20","116,57M","5,27%"
"29.01.2014","1,16","1,16","1,19","1,15","137,38M","-3,15%"
"28.01.2014","1,20","1,18","1,20","1,17","109,75M","0,00%"
"27.01.2014","1,20","1,23","1,24","1,17","178,17M","-2,91%"
"24.01.2014","1,23","1,29","1,30","1,23","148,99M","-5,93%"
"23.01.2014","1,31","1,31","1,31","1,28","129,32M","-1,20%"
"22.01.2014","1,33","1,32","1,33","1,31","78,89M","0,93%"
"21.01.2014","1,31","1,31","1,32","1,28","88,15M","2,24%"
"17.01.2014","1,28","1,30","1,31","1,28","84,62M","-1,78%"
"16.01.2014","1,31","1,30","1,31","1,30","70,72M","0,00%"
"15.01.2014","1,31","1,29","1,31","1,29","120,65M","2,34%"
"14.01.2014","1,28","1,22","1,28","1,22","138,23M","5,72%"
"13.01.2014","1,21","1,26","1,27","1,19","173,58M","-4,45%"
"10.01.2014","1,26","1,26","1,27","1,23","119,99M","1,00%"
"09.01.2014","1,25","1,28","1,28","1,24","105,63M","-1,03%"
"08.01.2014","1,26","1,26","1,27","1,25","93,40M","0,75%"
"07.01.2014","1,25","1,24","1,26","1,23","92,36M","2,59%"
"06.01.2014","1,22","1,24","1,24","1,21","125,94M","-1,06%"
"03.01.2014","1,24","1,26","1,27","1,23","97,59M","-2,18%"
"02.01.2014","1,26","1,28","1,28","1,25","99,34M","-2,34%"
"31.12.2013","1,29","1,28","1,29","1,27","64,18M","1,96%"
"30.12.2013","1,27","1,27","1,27","1,26","53,08M","-0,52%"
"27.12.2013","1,27","1,29","1,29","1,27","73,98M","-0,73%"
"26.12.2013","1,28","1,28","1,29","1,27","55,88M","0,97%"
"24.12.2013","1,27","1,27","1,27","1,26","38,01M","0,00%"
"23.12.2013","1,27","1,26","1,27","1,25","112,51M","3,24%"
"20.12.2013","1,23","1,20","1,24","1,20","113,79M","3,01%"
"19.12.2013","1,19","1,20","1,20","1,18","117,35M","-0,90%"
"18.12.2013","1,20","1,17","1,21","1,12","161,85M","3,45%"
"17.12.2013","1,16","1,17","1,18","1,16","73,03M","-0,63%"
"16.12.2013","1,17","1,17","1,19","1,17","75,10M","1,72%"
"13.12.2013","1,15","1,17","1,17","1,15","81,22M","-0,48%"
"12.12.2013","1,16","1,17","1,18","1,15","107,35M","-0,81%"
"11.12.2013","1,17","1,21","1,22","1,16","149,01M","-3,74%"
"10.12.2013","1,21","1,21","1,22","1,21","93,60M","0,00%"
"09.12.2013","1,21","1,21","1,22","1,21","113,26M","1,20%"
"06.12.2013","1,20","1,20","1,21","1,18","142,60M","2,06%"
"05.12.2013","1,18","1,18","1,19","1,17","126,88M","0,00%"
"04.12.2013","1,18","1,16","1,19","1,15","134,01M","0,00%"
"03.12.2013","1,18","1,18","1,19","1,16","134,70M","0,00%"
"02.12.2013","1,18","1,19","1,20","1,17","166,08M","-0,62%"
"29.11.2013","1,19","1,18","1,19","1,18","91,62M","1,64%"
"27.11.2013","1,17","1,15","1,17","1,15","137,92M","2,00%"
"26.11.2013","1,15","1,13","1,15","1,12","106,97M","1,65%"
"25.11.2013","1,13","1,13","1,14","1,12","92,73M","0,66%"
"22.11.2013","1,12","1,11","1,12","1,10","87,09M","1,58%"
"21.11.2013","1,10","1,08","1,10","1,08","87,51M","3,06%"
"20.11.2013","1,07","1,09","1,10","1,06","125,90M","-0,70%"
"19.11.2013","1,08","1,08","1,10","1,07","102,19M","-0,99%"
"18.11.2013","1,09","1,12","1,13","1,08","143,98M","-2,77%"
"15.11.2013","1,12","1,11","1,12","1,11","89,22M","0,69%"
"14.11.2013","1,11","1,09","1,12","1,09","118,87M","0,77%"
"13.11.2013","1,10","1,04","1,10","1,04","126,66M","3,58%"
"12.11.2013","1,06","1,05","1,07","1,05","108,88M","0,49%"
"11.11.2013","1,06","1,06","1,07","1,05","63,64M","-0,48%"
"08.11.2013","1,06","1,03","1,07","1,03","118,09M","3,95%"
"07.11.2013","1,02","1,08","1,09","1,02","232,94M","-5,55%"
"06.11.2013","1,08","1,10","1,10","1,07","163,91M","0,00%"
"05.11.2013","1,09","1,07","1,09","1,06","132,42M","0,00%"
"04.11.2013","1,08","1,09","1,09","1,07","91,86M","0,48%"
"01.11.2013","1,08","1,09","1,09","1,06","163,14M","0,00%"
"31.10.2013","1,08","1,08","1,10","1,06","141,91M","-0,64%"
"30.10.2013","1,08","1,10","1,10","1,07","199,20M","0,00%"
"29.10.2013","1,09","1,09","1,10","1,07","84,21M","0,48%"
"28.10.2013","1,08","1,08","1,09","1,07","84,07M","0,00%"
"25.10.2013","1,08","1,09","1,10","1,07","140,49M","2,00%"
"24.10.2013","1,06","1,05","1,06","1,04","108,80M","1,25%"
"23.10.2013","1,05","1,05","1,05","1,03","161,26M","-1,61%"
"22.10.2013","1,06","1,07","1,08","1,04","158,06M","0,00%"
"21.10.2013","1,06","1,06","1,07","1,05","99,51M","0,57%"
"18.10.2013","1,05","1,03","1,05","1,02","135,17M","4,94%"